tradingday,secucode,preclose,open,high,low,close,vol,amount,deals
20230614,000001,11.4900,11.5500,11.7300,11.4600,11.4700,106920004,1237376775.6400,69292
20230614,000002,14.6200,14.6300,14.7500,14.3800,14.4000,71103947,1032947861.8900,49988
20230614,000004,14.4800,14.6800,15.2000,14.1000,14.2000,8996801,132467524.8200,5867
20230614,000005,1.1300,1.1300,1.1900,1.1300,1.1900,19103022,22474615.5800,2074
20230614,000006,4.7700,4.7700,4.8000,4.7300,4.7300,9141360,43440224.8300,8015
20230614,000007,3.7400,3.7400,3.8300,3.6900,3.8000,2588450,9729241.0000,1048
20230614,000008,2.3700,2.3700,2.3700,2.3400,2.3400,17711279,41653291.6500,6157
20230614,000009,12.2100,12.2500,12.2500,11.9500,11.9700,22491828,270470899.2100,24900
20230614,000010,2.3200,2.3400,2.3400,2.2800,2.2900,8566200,19639987.0000,7127
20230614,000011,9.6200,9.5900,9.6800,9.5400,9.5500,2344002,22480433.1100,3235
20230614,000012,6.0500,6.0600,6.0900,6.0300,6.0400,7069149,42823675.6700,7048
20230614,000014,12.2700,12.5000,12.7500,11.9600,12.0800,28511280,349308260.7600,38471
20230614,000016,4.9900,4.9800,4.9900,4.9200,4.9300,12160823,60138470.3100,8958
20230614,000017,4.4300,4.4300,4.4500,4.3900,4.4300,3662400,16199750.0000,5009
20230614,000019,7.5900,7.6100,7.7100,7.5700,7.6800,5197059,39853182.4000,6099
20230614,000020,11.2600,11.2200,11.3300,11.0000,11.1300,1683300,18738181.0000,6020
20230614,000021,21.9700,21.6300,22.8000,21.3400,22.2000,116166654,2563724589.6700,149874
20230614,000023,6.3300,6.3200,6.3700,6.2200,6.3500,826200,5222522.0000,609
20230614,000025,17.8000,17.7000,19.5800,17.4800,18.8700,35156278,665221326.4500,34569
20230614,000026,12.1600,12.2000,12.3500,12.1200,12.2600,3672591,44957659.3600,9139
20230614,000027,6.5500,6.5600,6.5700,6.4300,6.4300,17706451,114675595.5300,18461
20230614,000028,40.5800,40.7500,42.8000,40.2100,42.6200,6530810,273194191.0400,28541
20230614,000029,11.9700,11.9700,12.0300,11.6500,11.7000,4801166,56632390.6600,5711
20230614,000030,5.1000,5.0700,5.1800,5.0600,5.1200,8259767,42207395.8400,15338
20230614,000031,3.8800,3.9100,3.9200,3.8400,3.8600,11753201,45535837.8600,14904
20230614,000032,34.5500,34.8000,35.3900,34.0000,34.5700,28467545,985655020.5200,61203
20230614,000034,29.1900,29.0300,29.1600,28.2000,28.8900,38333001,1100279550.1000,46853
20230614,000035,4.3800,4.3800,4.4200,4.3000,4.3600,17765300,77434067.0000,12978
20230614,000036,3.9000,3.9300,3.9400,3.8600,3.8700,5735594,22326744.5800,9645
20230614,000037,9.2900,9.1800,9.3900,8.8800,8.9200,34405011,310290512.1200,29875
20230614,000038,3.4300,3.4300,3.4300,3.4300,3.4300,0,0.0000,0
20230614,000039,6.8500,6.8400,6.8600,6.7900,6.8200,5207081,35518400.3500,4814
20230614,000040,4.0600,4.0500,4.0600,3.9800,4.0300,28104171,112487489.3400,9575
20230614,000042,7.7500,7.7600,7.8600,7.7000,7.7300,3196744,24848099.7600,6822
20230614,000045,11.2900,11.3000,11.4100,11.1600,11.3200,5238500,59078445.0000,8101
20230614,000046,0.9200,0.9400,0.9700,0.9400,0.9700,88678676,85582895.6900,3967
20230614,000048,19.5500,19.5500,19.8800,19.3800,19.4500,3255962,63759247.4400,9291
20230614,000049,34.5300,34.5200,34.6800,33.9400,33.9400,2600360,88837703.8700,7229
20230614,000050,9.4300,9.4300,9.4800,9.3100,9.3300,5936995,55570913.3700,9403
20230614,000055,4.7400,4.7700,4.7700,4.7200,4.7300,3483700,16513684.0000,7208
20230614,000056,3.7100,3.7500,3.8500,3.6600,3.8100,17309000,64762933.1200,14388
20230614,000058,6.5400,6.5500,6.5600,6.4600,6.5100,5483486,35620585.1400,8793
20230614,000059,5.9800,6.0600,6.1000,5.9800,6.0800,9090449,54977683.1700,10365
20230614,000060,4.8800,4.9000,4.9300,4.8900,4.9100,15774139,77508601.2700,15093
20230614,000061,6.3600,6.3600,6.4400,6.3100,6.4300,6922866,44217579.0800,10828
20230614,000062,11.6500,11.6100,11.7700,11.5800,11.7200,4083070,47712061.8000,8371
20230614,000063,36.7800,36.6000,37.1000,36.0100,36.8300,64753015,2371657402.0400,101689
20230614,000065,14.9200,14.9300,15.3800,14.8600,15.0300,21205378,320068605.7900,30335
20230614,000066,14.6400,14.5000,14.8000,14.2700,14.4800,84834078,1229542225.5100,90239
20230614,000068,3.1500,3.1500,3.1500,3.0500,3.0700,10092300,31049388.0000,6447
20230614,000069,4.7000,4.7100,4.7200,4.6500,4.6600,25556332,119616408.4000,13510
20230614,000070,9.9500,9.8800,10.4300,9.7000,10.1500,94168590,956032666.1200,77836
20230614,000078,3.2400,3.2500,3.2800,3.2400,3.2700,9344383,30523415.4400,6212
20230614,000088,4.9500,4.9600,4.9800,4.9400,4.9500,3713536,18427507.8000,4919
20230614,000089,7.0700,7.0700,7.1200,7.0500,7.0600,4425267,31344723.4900,8382
20230614,000090,5.2200,5.1800,5.2400,5.1700,5.1800,13197738,68572633.0300,6884
20230614,000096,7.9700,8.0000,8.0300,7.9600,8.0000,803900,6432269.0000,2490
20230614,000099,10.0900,9.8400,9.8900,9.4000,9.5200,96706636,930406684.1100,76436
20230614,000100,3.8400,3.8500,3.8800,3.8200,3.8500,133994833,515221441.3000,62243
20230614,000151,11.5200,11.5200,11.6400,11.3600,11.3700,6188099,70706344.5400,10485
20230614,000153,9.5500,9.5300,9.6200,9.4900,9.5900,3309542,31651455.9400,4332
20230614,000155,14.1800,14.2200,14.2600,14.0000,14.0300,10014460,140997418.8600,13864
20230614,000156,9.8100,9.8000,9.9500,9.5600,9.7000,19543615,190685488.0400,18669
20230614,000157,6.4500,6.4700,6.6400,6.4500,6.5900,52025280,342394539.2800,42890
20230614,000158,8.5800,8.4400,8.5600,8.1000,8.3300,205817176,1714399874.8700,149081
20230614,000159,7.3800,7.3800,7.4100,7.2400,7.2600,4159300,30391370.0000,6008
20230614,000166,4.5000,4.5200,4.5700,4.5000,4.5100,35017627,158616472.3800,22019
20230614,000301,11.2600,11.2900,11.5400,11.2600,11.3400,23699850,270344506.8300,27227
20230614,000333,56.6100,57.2300,57.9800,56.6200,57.0800,36000680,2057761143.1300,88942
20230614,000338,12.0400,12.0800,12.1700,12.0000,12.0600,31386009,379614202.4100,35449
20230614,000400,22.5500,22.5000,22.5300,21.8800,21.9200,12022033,265288978.5000,27027
20230614,000401,7.7200,7.7500,7.8400,7.7200,7.7400,7373240,57294792.3300,9519
20230614,000402,4.7700,4.8000,4.8400,4.7400,4.7500,9223286,44023268.6400,7791
20230614,000403,20.0900,20.0800,20.4500,20.0400,20.3400,2661110,54084488.9200,7164
20230614,000404,6.7000,6.6800,6.6800,6.6000,6.6200,13058060,86625221.1200,20871
20230614,000407,3.5900,3.5900,3.6000,3.5700,3.5800,3833856,13737625.9200,4955
20230614,000408,23.4800,23.7000,23.7700,23.1500,23.2300,6049181,141601276.4300,9272
20230614,000409,9.5700,9.5100,10.5000,9.3500,9.7800,53459725,531426153.7300,62458
20230614,000410,7.7000,7.6500,8.4700,7.5500,8.1500,57490238,468877813.0700,35681
20230614,000411,11.8800,11.8500,12.1400,11.8000,12.0000,2725466,32768412.8000,6706
20230614,000413,1.6900,1.6900,1.6900,1.6700,1.6800,18648201,31289884.6700,3643
20230614,000415,2.1800,2.1800,2.1800,2.1500,2.1500,16898468,36562162.2000,8627
20230614,000416,1.8900,1.8900,1.9400,1.8700,1.9200,8152600,15589021.0000,1460
20230614,000417,4.8900,4.9000,4.9700,4.8700,4.9300,7837600,38686200.0000,11026
20230614,000419,5.5200,5.5200,5.8800,5.4700,5.8400,33672602,194130162.3500,25006
20230614,000420,3.3800,3.3900,3.3900,3.3200,3.3400,17530241,58726295.6300,15730
20230614,000421,4.7700,4.7800,4.7900,4.7000,4.7700,4747100,22521164.0000,6951
20230614,000422,11.1900,11.1900,11.2600,11.0700,11.0800,6509675,72496880.7300,7470
20230614,000423,48.5000,48.4000,50.0700,48.0100,49.3900,5995759,295737868.8700,20208
20230614,000425,6.2800,6.3300,6.6900,6.3300,6.6600,122640582,805411818.7400,65250
20230614,000426,9.3200,9.3400,9.7700,9.2800,9.6500,33403104,318840670.6500,31153
20230614,000428,4.3800,4.3900,4.5000,4.3700,4.4800,18236899,81244221.0600,14864
20230614,000429,8.0100,8.0600,8.0800,7.8800,7.9400,5681100,45343852.0000,9155
20230614,000430,7.9700,7.9800,8.0400,7.9300,7.9900,4460902,35627965.9300,8372
20230614,000488,4.8600,4.8700,4.9100,4.8400,4.8700,7281744,35491779.9400,7620
20230614,000498,6.9600,6.9500,6.9800,6.8600,6.8600,14403439,99444444.9300,10143
20230614,000501,10.0700,10.0900,10.2700,10.0800,10.1600,6488121,66061067.4900,8668
20230614,000503,12.9900,13.0000,13.3900,12.8000,12.8500,28287349,367855945.1900,28698
20230614,000504,11.8800,11.8900,11.9700,11.7500,11.9400,2046200,24263423.4200,3431
20230614,000505,7.5300,7.5200,7.6200,7.5000,7.6200,4325384,32807371.0800,4837
20230614,000506,4.0700,4.0700,4.1000,4.0300,4.0400,21038420,85307130.6000,21218
20230614,000507,5.5800,5.5800,5.6100,5.5600,5.5800,5065560,28275197.4000,7479
20230614,000509,3.3400,3.3300,3.3500,3.2800,3.2900,3708700,12220759.0000,4620
20230614,000510,5.9200,5.9700,6.5100,5.9100,6.3400,48244519,305764941.2600,30058
20230614,000513,38.5000,38.4800,39.4400,38.4000,39.2300,6253668,244845413.4800,16361
20230614,000514,3.9800,3.9900,4.0900,3.9500,3.9600,8982700,35950382.0000,10620
20230614,000516,8.4200,8.4100,8.8400,8.3100,8.6800,37253862,323276379.4000,37008
20230614,000517,3.1200,3.1200,3.1800,3.0900,3.1100,17486600,54588596.0000,18583
20230614,000518,2.6100,2.6200,2.6200,2.5900,2.6000,3260312,8482538.2000,3169
20230614,000519,17.6100,17.5700,17.6300,17.4000,17.4700,13850063,242387370.0100,19239
20230614,000520,3.0300,3.0400,3.0400,3.0200,3.0200,3251900,9847220.0000,2714
20230614,000521,7.0900,7.0600,7.2900,6.8800,7.2400,30963534,220712755.1700,44503
20230614,000523,3.3700,3.3700,3.4600,3.3300,3.4400,19430860,66431573.2000,9769
20230614,000524,10.8700,10.8100,11.3400,10.8100,11.1400,8099138,90377317.0700,13901
20230614,000525,9.8700,9.8500,10.0000,9.7900,9.9700,6112500,60591468.9800,3231
20230614,000526,29.2400,29.3300,32.1600,29.2500,32.1600,7471748,236450105.8800,11351
20230614,000528,7.6700,7.7000,7.9400,7.6600,7.8900,28185010,221298155.2000,28415
20230614,000529,6.7400,6.7400,6.8300,6.7200,6.7600,4270560,28876102.6000,5363
20230614,000530,5.4500,5.4600,5.7300,5.3200,5.5300,53453467,296164970.7000,23692
20230614,000531,7.0300,7.0500,7.0800,6.9100,6.9200,5673607,39597699.7800,10938
20230614,000532,11.0300,11.0800,11.0800,10.9600,11.0000,1301201,14301323.0000,2450
20230614,000533,4.1900,4.1900,4.2100,4.1100,4.1200,7519116,31087441.9200,12869
20230614,000534,15.8900,15.8900,16.0900,15.7500,15.8900,3117811,49597032.6400,8707
20230614,000536,1.8200,1.8400,1.8400,1.8100,1.8100,10951740,19919489.0000,3728
20230614,000537,11.6800,11.7100,11.7600,11.6000,11.6100,5512594,64234554.6400,9134
20230614,000538,53.0500,53.0200,53.4400,52.9200,53.2300,5654218,301004432.9500,16961
20230614,000539,6.8500,6.8300,6.8400,6.5600,6.5800,47232377,313869813.5500,38226
20230614,000540,0.4000,0.4000,0.4000,0.4000,0.4000,0,0.0000,0
20230614,000541,5.5000,5.6000,5.6000,5.4600,5.5300,11741907,64831903.7600,16933
20230614,000543,6.2700,6.2700,6.2800,5.9800,6.0400,51708047,312995892.2600,38139
20230614,000544,6.9400,6.9500,7.0100,6.8500,6.9900,5518950,38336643.6200,10383
20230614,000545,2.8700,2.8600,2.8900,2.8400,2.8900,3955560,11361224.0600,3983
20230614,000546,8.1000,8.1100,8.1700,7.9500,7.9600,10023515,80429800.6400,13252
20230614,000547,9.6800,9.6800,9.6900,9.6100,9.6200,8769077,84535402.7400,8307
20230614,000548,4.9200,4.9200,4.9300,4.8700,4.8800,3841377,18806606.2600,8688
20230614,000550,13.6600,13.6400,13.8800,13.5800,13.7200,4722054,64890892.3400,12042
20230614,000551,9.8400,9.8400,9.9200,9.7200,9.8200,2280956,22358168.6000,4912
20230614,000552,3.3100,3.3100,3.3300,3.2900,3.3000,18960069,62706307.0900,14537
20230614,000553,8.6800,8.6900,8.8000,8.6200,8.7500,3009047,26254568.0700,4665
20230614,000554,5.5100,5.5300,5.5300,5.4800,5.5000,3594200,19779596.0000,7314
20230614,000555,12.8400,12.8100,12.9200,12.6100,12.8300,15618598,199764889.2200,22683
20230614,000557,5.4800,5.5100,5.5200,5.4300,5.4400,5339668,29193757.6000,9230
20230614,000558,3.2800,3.3000,3.3800,3.2200,3.2300,29101653,95739397.3400,17888
20230614,000559,5.3000,5.3000,5.3200,5.2500,5.2900,13296428,70283215.2700,14374
20230614,000560,2.8300,2.8400,2.8700,2.8000,2.8100,35952531,101638399.0700,18087
20230614,000561,10.1700,10.1800,10.2400,9.9900,10.1800,13026932,132006276.1500,17250
20230614,000563,3.1200,3.1200,3.1600,3.1100,3.1200,23039938,72077110.2700,18639
20230614,000564,1.1600,1.1600,1.1900,1.1500,1.1700,100252400,117545159.9000,7887
20230614,000565,5.5000,5.5200,5.5300,5.4200,5.4500,1726878,9419227.6000,3114
20230614,000566,4.9900,5.0000,5.1400,4.9500,5.1200,25052890,127525915.9400,22412
20230614,000567,13.0200,13.0900,13.3700,13.0700,13.1900,10240905,135616196.2200,13257
20230614,000568,220.9000,222.0000,231.1900,222.0000,228.2000,10802384,2465965283.6700,49606
20230614,000570,5.0200,5.0400,5.0400,4.9700,5.0300,5156851,25839875.0200,9681
20230614,000571,2.4600,2.4600,2.5500,2.4600,2.5500,22832343,57048281.9200,3611
20230614,000572,4.1500,4.1500,4.2500,4.1300,4.1900,15403901,64696783.1700,12200
20230614,000573,3.5000,3.5100,3.5700,3.5000,3.5200,10047232,35457071.3200,9395
20230614,000576,10.9200,10.9100,10.9700,10.8200,10.9200,2996885,32681604.1200,6051
20230614,000581,15.2600,15.3000,15.6000,15.1900,15.4000,9115049,140708102.1400,15791
20230614,000582,7.8100,7.8400,7.9000,7.8100,7.8400,7907715,62050473.3600,10240
20230614,000584,4.5900,4.6000,4.8200,4.5600,4.7700,40752292,194010853.4800,11395
20230614,000586,15.4800,15.2400,15.8200,14.7100,15.0300,20626101,311537137.0900,31746
20230614,000589,5.4700,5.5000,5.5600,5.4700,5.5100,17173791,94741828.5900,21512
20230614,000590,8.3800,8.3700,8.5200,8.3200,8.4300,2383500,20072235.0000,5561
20230614,000591,6.9500,6.9600,6.9600,6.8500,6.8600,33288614,229211599.6400,21223
20230614,000592,2.2700,2.2700,2.3400,2.2600,2.3100,29593018,68450517.3400,6531
20230614,000593,6.5000,6.4900,6.5500,6.4000,6.4300,3634300,23387066.0000,5718
20230614,000595,5.2300,5.2500,5.2500,5.1300,5.1800,6212200,32167873.0000,8524
20230614,000596,256.6500,256.6500,269.8800,256.6500,267.5700,1989082,529918480.7800,11470
20230614,000597,5.1800,5.1900,5.2300,5.1600,5.2000,4791694,24897622.5400,4870
20230614,000598,5.4800,5.4700,5.4900,5.4400,5.4500,6809361,37162999.3600,8384
20230614,000599,4.2100,4.2300,4.2500,4.1600,4.2300,7840840,33071621.8000,9823
20230614,000600,7.0800,7.0900,7.1400,6.7500,6.8100,59005793,404729436.6900,47975
20230614,000601,4.2600,4.2500,4.2600,4.1800,4.1800,8665887,36416088.5300,8062
20230614,000603,13.6700,13.5000,13.5900,13.2700,13.3800,9686715,129428272.3200,14846
20230614,000605,6.2200,6.2100,6.2500,6.1100,6.1700,3218280,19867986.3600,7724
20230614,000606,0.2000,0.2000,0.2000,0.1900,0.1900,26728959,5210154.2100,1162
20230614,000607,6.1200,6.1200,6.2400,6.0800,6.1100,22665284,139291856.4400,24866
20230614,000608,2.7900,2.7800,2.8100,2.7400,2.7600,5096701,14085872.7700,5929
20230614,000609,4.6600,4.7100,4.7100,4.5600,4.5800,3974411,18300249.4900,6194
20230614,000610,17.0200,17.0000,17.2800,16.8700,17.0800,16370800,279883785.0000,22230
20230614,000612,4.8500,4.8600,4.8800,4.8400,4.8600,3865560,18806900.4000,4410
20230614,000615,2.9600,2.9400,3.1100,2.8300,2.9400,76116198,228850216.9000,19769
20230614,000616,0.8500,0.8500,0.8500,0.8500,0.8500,0,0.0000,0
20230614,000617,7.4000,7.4200,7.5600,7.3900,7.4400,155439397,1160694638.9300,87335
20230614,000619,6.2400,6.2700,6.2700,6.2100,6.2200,1929800,12038223.0000,4506
20230614,000620,1.8000,1.7600,1.7700,1.7100,1.7100,93834166,161129782.8600,17320
20230614,000622,3.9000,3.9100,3.9100,3.8400,3.8700,6525500,25295216.0000,8826
20230614,000623,16.3800,16.3900,16.5300,16.3100,16.3200,5847154,95928956.7800,12044
20230614,000625,12.2100,12.2000,12.3400,12.1500,12.2100,88151478,1079927889.4700,84334
20230614,000626,7.1100,7.1300,7.1500,7.0700,7.1400,2792900,19880744.0000,4899
20230614,000627,3.1600,3.1500,3.2000,3.1400,3.1500,20496236,64850920.0400,14139
20230614,000628,15.2900,15.3100,15.7500,15.3100,15.4800,4488300,69931132.0000,6946
20230614,000629,3.8700,3.8600,3.9900,3.8500,3.9300,79295953,311990398.0500,31978
20230614,000630,2.8900,2.9100,2.9300,2.8900,2.9000,77490541,225740595.2400,22509
20230614,000631,2.8900,2.9100,2.9200,2.8700,2.8700,3877020,11182009.8000,4929
20230614,000632,4.2800,4.2800,4.3700,4.2400,4.3100,9420500,40621909.0000,9455
20230614,000633,7.1700,7.2700,7.3100,7.0000,7.0200,14425220,102766332.6900,16442
20230614,000635,8.4600,8.4600,8.5500,8.3900,8.5300,1648300,13999529.0000,3984
20230614,000636,15.6900,15.6700,15.7500,15.5300,15.6700,5840928,91435185.7600,12904
20230614,000637,3.2900,3.3300,3.4500,3.3000,3.4200,11357719,38728143.8300,2867
20230614,000638,6.0200,6.0300,6.0400,5.9700,6.0000,2922600,17565577.0000,4119
20230614,000639,4.1500,4.1600,4.2300,4.1100,4.2100,5517680,23121441.2800,7221
20230614,000650,6.1500,6.1300,6.1900,6.1200,6.1700,20119184,123954814.1300,14532
20230614,000651,36.0700,36.2100,37.0800,36.1500,36.6200,53870617,1979494645.4100,95001
20230614,000652,4.0800,4.0800,4.1300,4.0800,4.0900,6868031,28155227.7900,9336
20230614,000655,6.4500,6.4500,6.5100,6.4400,6.4700,2150300,13926124.0000,4268
20230614,000656,1.0700,1.0700,1.0700,1.0700,1.0700,0,0.0000,0
20230614,000657,9.2200,9.2200,9.5200,9.1100,9.3500,9652167,90160044.7500,13248
20230614,000659,2.8900,2.8800,2.8900,2.8400,2.8600,8007300,22873247.0000,4833
20230614,000661,134.9900,135.0000,137.8500,134.5000,135.5400,4853282,661533757.9400,22289
20230614,000663,10.9300,10.7900,11.2300,10.6300,10.9700,14862991,162964767.1000,25233
20230614,000665,6.3900,6.3900,6.3900,6.1000,6.1400,102867395,638640977.2400,56565
20230614,000666,9.5600,9.5600,9.6300,9.4800,9.5900,5807200,55586757.0000,6958
20230614,000667,0.5800,0.5800,0.5800,0.5800,0.5800,0,0.0000,0
20230614,000668,11.5100,11.6300,11.7400,11.4800,11.6100,1069100,12431220.0000,2891
20230614,000669,1.7500,1.7500,1.7800,1.7400,1.7600,3582280,6319468.6000,458
20230614,000670,6.3700,6.3700,6.4300,6.3100,6.3800,12460900,79222654.0000,9292
20230614,000671,0.3700,0.3700,0.3700,0.3700,0.3700,0,0.0000,0
20230614,000672,9.6600,9.6800,9.7500,9.6000,9.6000,3505756,33810855.4000,6830
20230614,000676,7.3800,7.3100,7.5200,7.2700,7.3500,65102982,479225391.0500,34106
20230614,000677,2.7400,2.7400,2.7700,2.7200,2.7600,4834075,13302273.5000,4206
20230614,000678,5.7300,5.7000,5.8000,5.6500,5.7600,11495210,65932778.8000,17901
20230614,000679,5.1200,5.1200,5.2500,5.0500,5.2300,6475031,33601243.5100,9848
20230614,000680,5.6500,5.6500,5.9100,5.5500,5.7500,61429385,352516964.0700,59495
20230614,000681,20.4400,21.6000,22.4800,21.2800,22.4800,180005453,3974548097.1700,152385
20230614,000682,9.4400,9.4400,9.5800,9.3300,9.4100,18904301,178125689.4800,29550
20230614,000683,6.8800,6.9100,7.1500,6.8300,7.0200,56181525,394281975.7800,43542
20230614,000685,7.4500,7.4500,7.4900,7.4100,7.4200,6623951,49329971.6200,10918
20230614,000686,7.1600,7.1700,7.3000,7.1600,7.2000,21049789,152019104.4100,14624
20230614,000688,15.8900,15.8900,15.9700,15.7600,15.7700,2480868,39243730.7800,6127
20230614,000690,6.9600,6.9400,6.9700,6.7700,6.7900,30275003,206373568.5700,32737
20230614,000691,4.1600,4.1600,4.1800,4.0900,4.1300,3429001,14179824.1400,5976
20230614,000692,2.4200,2.4000,2.4800,2.3900,2.4700,2469956,6024353.5200,1009
20230614,000695,13.2100,13.2900,13.4600,13.1600,13.2600,1678401,22341865.2500,2200
20230614,000697,6.3100,6.3100,6.5000,6.3100,6.4200,4245058,27209030.6800,2449
20230614,000698,3.9700,3.9700,4.0100,3.9500,3.9900,3397680,13535739.2000,5534
20230614,000700,5.3400,5.4200,5.5800,5.3300,5.3600,26924940,145641589.0800,23265
20230614,000701,6.7000,6.6800,6.7800,6.6100,6.7100,21757251,145808316.6200,19427
20230614,000702,5.3400,5.3100,5.4000,5.2500,5.3600,4809488,25702243.8800,6611
20230614,000703,6.6700,6.6800,6.9300,6.6600,6.8000,19060298,130231284.6400,16301
20230614,000705,7.9100,7.9100,7.9900,7.8500,7.9800,4154400,32981902.0000,7927
20230614,000707,8.1200,8.0900,8.3700,8.0500,8.2600,9483178,78017562.7200,10283
20230614,000708,15.5400,15.5800,15.6100,15.3900,15.4400,3591656,55665693.4000,9053
20230614,000709,2.2600,2.2700,2.2700,2.2500,2.2500,40765633,92115510.0200,21123
20230614,000710,11.3600,11.3400,11.4500,11.2600,11.3500,4273400,48560403.0000,6771
20230614,000711,1.7700,1.7600,1.8600,1.7500,1.8400,46123770,84043347.6500,5911
20230614,000712,12.4400,12.4600,12.5700,12.4300,12.4800,2700696,33735024.6800,4904
20230614,000713,8.8700,8.8900,8.9000,8.8400,8.9000,5315462,47217618.9400,4673
20230614,000715,8.0000,8.0300,8.1300,7.9000,8.0200,11399678,91479266.2000,14950
20230614,000716,7.1000,7.0800,7.5000,7.0100,7.3500,82757942,604123477.2800,63794
20230614,000717,2.8100,2.8200,2.8300,2.7800,2.8000,9434200,26402559.0000,10612
20230614,000718,2.8800,2.8800,2.9400,2.8700,2.8700,7462534,21552259.5800,8342
20230614,000719,15.4400,15.3200,16.0500,14.7000,15.0000,32688723,497713614.1100,55252
20230614,000720,4.9600,4.9800,4.9900,4.9200,4.9500,4236101,20990908.9500,5270
20230614,000721,13.3700,13.4800,13.7700,13.2600,13.5600,71088476,962508899.4800,90793
20230614,000722,11.5100,11.5100,11.5100,11.2600,11.3000,8655080,98031858.9300,9905
20230614,000723,6.7500,6.7300,6.7500,6.5500,6.6500,49599760,330572100.4100,34534
20230614,000725,3.9900,3.9900,4.0600,3.9800,4.0300,338238305,1361011753.5700,85599
20230614,000726,6.6400,6.6500,6.6800,6.6200,6.6700,4444200,29565885.0000,6045
20230614,000727,2.1100,2.1100,2.1200,2.0900,2.1200,18683013,39409097.8700,7072
20230614,000728,6.6400,6.6500,6.7100,6.6400,6.6400,24910701,166125989.5000,14137
20230614,000729,12.9400,12.9800,13.1500,12.8400,13.0100,21578027,281142605.6300,33547
20230614,000731,7.9900,8.0100,8.0400,7.9700,8.0400,4465601,35754532.5900,4294
20230614,000732,0.4300,0.4300,0.4300,0.4300,0.4300,0,0.0000,0
20230614,000733,82.0100,81.9400,82.3300,81.0500,81.7500,2766659,226096298.9900,9351
20230614,000735,6.9000,6.8900,6.9100,6.8100,6.8100,8933776,61159791.3100,10686
20230614,000736,15.1800,15.3500,15.5100,15.0400,15.2100,32329281,492522219.9700,31231
20230614,000737,5.5000,5.5400,5.6100,5.5300,5.5600,7115904,39713263.3600,8197
20230614,000738,22.4500,22.4400,22.5400,22.3000,22.3000,6414998,143773468.7800,13560
20230614,000739,17.7100,17.8000,18.0500,17.5500,17.8800,6580903,117714987.0400,20116
20230614,000750,3.3900,3.3900,3.4200,3.3700,3.3900,23971146,81389309.6000,13289
20230614,000751,3.3300,3.3200,3.3500,3.2900,3.3500,11840110,39452140.0000,11383
20230614,000752,4.0900,4.1400,4.1700,4.0700,4.1400,1894810,7840526.3000,778
20230614,000753,4.6400,4.6600,5.1000,4.6500,5.1000,85083230,427627362.2500,34028
20230614,000755,4.9200,4.9200,5.0300,4.8900,4.9300,8470216,41971696.3400,8623
20230614,000756,22.4900,22.3000,22.9200,22.2100,22.6000,12085202,273454502.5000,21108
20230614,000757,4.1000,4.0600,4.5100,4.0600,4.5100,43866518,194954337.6500,14189
20230614,000758,4.7000,4.7000,4.7700,4.7000,4.7200,13614497,64488325.8100,10697
20230614,000759,4.7000,4.7000,4.8100,4.6700,4.7700,12405801,59109054.7700,13983
20230614,000761,4.1700,4.1600,4.3800,4.1500,4.3000,39819503,169418133.7400,43183
20230614,000762,30.2700,30.3200,30.4800,29.8000,29.8400,9913304,297485746.9500,20537
20230614,000766,4.7900,4.7700,4.8600,4.7200,4.8200,7008208,33679055.6400,6841
20230614,000767,3.0900,3.0900,3.1000,3.0400,3.0500,23002975,70425285.4000,14578
20230614,000768,23.3300,23.3500,23.3500,23.0000,23.0000,15108860,350053459.7700,22461
20230614,000776,14.9000,14.9200,15.1000,14.9100,14.9400,39822252,597367724.4000,27498
20230614,000777,12.6900,12.8900,12.9000,12.6200,12.7400,6859470,87497297.4000,10038
20230614,000778,4.1300,4.1500,4.1600,4.0900,4.1000,22453187,92333333.4000,20504
20230614,000779,11.2600,11.2500,11.3600,11.0600,11.1200,4961464,55471272.4900,9407
20230614,000782,5.0600,5.1400,5.2700,5.0500,5.1600,8509100,43815550.0000,7287
20230614,000783,5.9900,6.0200,6.0700,5.9600,6.0000,20245120,121655597.6000,16471
20230614,000785,4.0800,4.0800,4.1200,4.0500,4.1100,8993661,36867772.6500,10784
20230614,000786,25.1500,25.1700,25.9100,25.0800,25.1600,9578208,243312798.8100,22595
20230614,000788,6.7700,6.7700,6.8400,6.7300,6.8000,3853600,26165528.0000,3383
20230614,000789,8.0200,8.0200,8.0500,7.9500,7.9600,2174024,17395916.9400,4147
20230614,000790,5.1000,5.1000,5.1000,5.1000,5.1000,0,0.0000,0
20230614,000791,5.1500,5.1700,5.1800,5.1200,5.1300,5298144,27203226.4900,8994
20230614,000792,19.3600,19.5000,19.5600,19.2200,19.2300,16122585,312517023.6100,20303
20230614,000793,2.4400,2.4500,2.4800,2.4100,2.4200,35791500,87296010.7600,17725
20230614,000795,6.1400,6.1400,6.1600,6.0900,6.1000,5355581,32704822.1000,4874
20230614,000796,3.3700,3.3700,3.4400,3.3500,3.4100,5866360,19902482.0000,1931
20230614,000797,3.2000,3.2000,3.2300,3.1300,3.1500,26455120,83839383.3200,20815
20230614,000798,10.4000,10.3300,11.3800,10.2700,10.9500,22667868,247159429.9100,19570
20230614,000799,93.9800,93.8600,98.7000,93.6800,96.6800,15275017,1480555757.9400,66181
20230614,000800,8.0900,8.0900,8.2400,8.0900,8.1800,7444867,60808964.3500,13974
20230614,000801,7.0200,7.0900,7.1800,6.9900,7.1600,12487070,88718925.1500,13872
20230614,000802,7.8800,7.8800,8.0000,7.5600,7.6700,74453821,577820459.8100,54637
20230614,000803,10.7600,10.7500,10.7900,10.5400,10.5900,1905600,20196653.6000,3587
20230614,000806,0.5400,0.5100,0.5600,0.4900,0.5000,28875113,14973207.8700,2276
20230614,000807,13.1300,13.2300,13.6400,13.0600,13.4100,52771680,707948927.1700,52863
20230614,000809,4.0000,3.9800,3.9900,3.8500,3.8800,13867350,54100020.0000,7196
20230614,000810,19.0600,19.0400,19.2200,18.5500,18.8000,45991368,865206313.7000,70557
20230614,000811,14.1500,14.1700,14.5300,14.0000,14.2600,5688231,81099799.5600,11149
20230614,000812,5.3500,5.3500,5.3500,5.2800,5.2900,8183994,43456131.0800,5573
20230614,000813,3.0300,3.0300,3.0500,3.0200,3.0300,7003715,21261006.4500,5689
20230614,000815,11.9400,11.8800,11.9800,11.7000,11.7000,27885800,328457332.8300,26101
20230614,000816,3.0200,3.0400,3.0800,3.0000,3.0300,14782587,44878141.5200,9476
20230614,000818,33.0300,33.2500,33.5000,32.6000,33.1500,6931771,229331834.4900,13692
20230614,000819,18.3000,18.2700,18.6700,18.1200,18.2600,2748739,50402537.3500,6149
20230614,000820,3.6900,3.6900,3.7100,3.6200,3.6300,3868301,14111670.6500,5879
20230614,000821,17.8700,17.9200,17.9800,17.3200,17.3900,26699757,468424980.9600,35923
20230614,000822,6.6600,6.6700,6.8100,6.6300,6.7500,8965891,60461813.0100,8411
20230614,000823,9.6800,9.6200,9.6700,9.5100,9.5500,6852010,65618335.5000,10732
20230614,000825,3.9400,3.9400,3.9600,3.9200,3.9400,12301015,48520072.1300,11878
20230614,000826,2.8800,2.8700,3.0900,2.8600,2.9800,30030154,89252872.2500,14496
20230614,000828,9.2400,9.2500,9.3400,9.2200,9.2800,2442896,22663638.6600,5779
20230614,000829,9.8300,9.8000,9.9700,9.7800,9.8300,10998355,108546636.0100,11349
20230614,000830,10.4900,10.5200,10.7200,10.4600,10.5700,13827262,146597030.4900,15663
20230614,000831,29.9200,29.9900,30.1600,29.6800,29.9000,7487945,224122796.8500,15618
20230614,000833,6.6800,6.6800,6.7000,6.6400,6.6700,3978202,26513715.3400,2622
20230614,000836,2.9600,2.9600,3.0500,2.9300,3.0300,28775995,86316931.3000,13621
20230614,000837,12.2500,12.2600,12.5800,11.5000,12.4000,73901941,893953806.7700,74635
20230614,000838,3.8100,3.8000,3.8600,3.7600,3.7800,11070290,42062354.1000,18137
20230614,000839,2.1000,2.1000,2.1400,2.0900,2.1000,14865113,31354199.3000,1999
20230614,000848,9.1300,9.1100,9.2700,9.1000,9.2000,14205622,130592225.1200,16175
20230614,000850,3.8500,3.8600,3.8900,3.8300,3.8700,6760925,26134207.0000,6662
20230614,000851,5.8000,5.8000,5.8500,5.7400,5.8100,24080621,139836726.1000,19123
20230614,000852,6.6400,6.6800,6.8200,6.5900,6.7000,8588069,57463064.3300,13421
20230614,000856,8.4000,8.4000,8.4200,8.3000,8.3700,3220201,26903842.3500,3384
20230614,000858,173.0800,174.8000,179.3500,172.6600,177.6800,24101542,4279986457.1000,105033
20230614,000859,4.7100,4.7100,4.7400,4.6800,4.7300,3869400,18243200.0000,3315
20230614,000860,31.5500,31.3100,33.0900,31.3100,32.8000,13079604,427364482.1000,32721
20230614,000861,1.9600,1.9600,1.9900,1.9400,1.9800,24856892,48903308.3200,6632
20230614,000862,7.5200,7.5600,7.7000,7.4100,7.7000,14480300,109968812.0000,23803
20230614,000863,3.7900,3.7900,3.8500,3.7300,3.7500,13969000,52605159.0000,13460
20230614,000868,5.4200,5.4400,5.6400,5.4100,5.4700,36626200,202048701.3100,26160
20230614,000869,31.6000,31.6900,32.9300,31.5700,32.4600,3106031,100642935.1700,11547
20230614,000875,5.2100,5.2200,5.2300,5.1600,5.1600,22633716,117275015.6200,16752
20230614,000876,11.8200,11.8100,11.8800,11.7400,11.7600,8544025,100870669.4500,10818
20230614,000877,8.4800,8.5100,8.5500,8.4500,8.4700,3940608,33441204.5600,6621
20230614,000878,11.0400,11.1300,11.2100,11.0700,11.1000,17912961,199606128.0700,20340
20230614,000880,10.6300,10.6900,10.8700,10.5000,10.7500,6200486,66506746.7200,9062
20230614,000881,8.0300,8.0300,8.3200,8.0000,8.2000,11644936,95519425.6800,11243
20230614,000882,1.7200,1.7200,1.7300,1.7100,1.7300,12084206,20790030.6600,5907
20230614,000883,4.4500,4.4600,4.4600,4.3500,4.3600,21055846,92361889.6800,20788
20230614,000885,13.6500,13.7300,13.9800,13.2600,13.3700,7601106,102558669.7500,14747
20230614,000886,5.4700,5.4800,5.5100,5.4200,5.4600,5563800,30360852.0000,6729
20230614,000887,12.8500,12.9000,13.0100,12.7700,12.8200,16272941,209249056.8000,24768
20230614,000888,12.4200,12.2300,12.3500,11.8100,12.1500,28630200,348149460.5700,51145
20230614,000889,1.6600,1.6600,1.7400,1.6500,1.7300,24703176,42318089.6200,3304
20230614,000890,4.0800,4.0800,4.1000,4.0400,4.0600,5207200,21126925.0000,7261
20230614,000892,4.7900,4.7900,4.8800,4.7200,4.7600,40094400,192278648.0000,35687
20230614,000893,22.9400,23.1500,23.1500,22.7600,22.8300,3624700,82867057.0000,7458
20230614,000895,24.9000,24.9000,25.0500,24.8400,24.9000,6146152,153387685.3100,12613
20230614,000897,1.9600,1.9600,1.9700,1.9300,1.9400,9185925,17876288.2700,6020
20230614,000898,2.8500,2.8600,2.8800,2.8300,2.8300,16854537,48077925.8500,18581
20230614,000899,8.6200,8.6600,8.6700,8.4200,8.4500,9706504,82361716.1200,7416
20230614,000900,4.2400,4.2500,4.2700,4.1800,4.2000,9786125,41217674.6700,10679
20230614,000901,10.2200,10.2000,10.2800,10.1300,10.1800,13314065,135545168.6700,14688
20230614,000902,9.9900,10.0000,10.0900,9.8800,10.0800,6831444,68287276.3400,6589
20230614,000903,2.4100,2.4200,2.4300,2.4000,2.4100,8260900,19913021.0000,7348
20230614,000905,7.7100,7.6900,7.7500,7.6400,7.6900,7979454,61393728.5300,10428
20230614,000906,8.9200,8.9200,9.0500,8.8500,9.0100,5048500,45302487.0000,9122
20230614,000908,2.6600,2.6600,2.6700,2.5800,2.6400,11063700,29107383.0000,8773
20230614,000909,5.5500,5.5400,5.8300,5.5300,5.8300,16584364,95360814.7000,7100
20230614,000910,7.9200,7.9200,7.9900,7.8600,7.8800,5061261,39978679.3200,7736
20230614,000911,10.3300,10.2600,10.3500,10.1000,10.2800,12057477,123359190.0600,16755
20230614,000912,4.6400,4.6600,4.6700,4.6100,4.6300,5154716,23918535.6100,5509
20230614,000913,18.1600,18.1600,18.5400,17.9500,18.3700,4653771,85321775.5500,13454
20230614,000915,35.8100,35.9000,36.2700,35.4900,35.6500,4763138,170652150.9800,14085
20230614,000917,8.8700,9.0200,9.1800,8.1100,8.3900,226760462,1944758209.9500,198722
20230614,000918,0.4900,0.4900,0.4900,0.4900,0.4900,0,0.0000,0
20230614,000919,7.5900,7.6000,7.7700,7.5500,7.6900,5665400,43462796.0000,11006
20230614,000920,9.0000,9.0200,9.9000,8.9600,9.9000,17477412,169160507.1400,14115
20230614,000921,25.3100,25.3100,25.5500,24.9700,25.1700,4314800,108767288.7400,16184
20230614,000922,12.8000,12.8600,12.8700,12.0000,12.0100,16652056,204205347.3700,25178
20230614,000923,13.7300,14.0000,14.3000,13.8300,13.9600,7438600,104376843.3000,16276
20230614,000925,8.3400,8.2600,8.3400,8.1600,8.1700,17060946,140434196.3200,10767
20230614,000926,4.3300,4.3500,4.4000,4.3100,4.3300,13270444,57640135.5200,13855
20230614,000927,2.8200,2.8200,2.8700,2.8100,2.8500,33681311,95903110.0200,8130
20230614,000928,9.1300,9.1300,9.2500,9.0500,9.1500,28201967,257757341.7700,35288
20230614,000929,10.1300,10.1500,10.4300,10.0400,10.3000,15395283,158454630.0500,14202
20230614,000930,7.9500,7.9300,7.9800,7.9100,7.9200,4649637,36876110.5700,5479
20230614,000931,5.7500,5.7600,5.8900,5.7400,5.8500,4652963,27176836.6100,5900
20230614,000932,5.0600,5.0800,5.2400,5.0600,5.1500,55393377,285909626.5200,35007
20230614,000933,13.9000,13.9000,14.0700,13.5800,13.8400,60116302,833056561.1000,49541
20230614,000935,16.0400,16.1000,16.1300,15.9000,15.9300,2535828,40538052.2900,6548
20230614,000936,8.6000,9.4600,9.4600,9.4600,9.4600,22750019,215215179.7400,9590
20230614,000937,7.3300,7.3400,7.3700,7.3000,7.3100,16633212,121934998.9100,17799
20230614,000938,33.4000,33.7800,34.6800,33.1200,34.4000,84583252,2883602751.2100,110788
20230614,000948,19.4200,19.4000,19.6000,19.1700,19.2900,10110158,195535604.8300,17393
20230614,000949,3.1800,3.1900,3.2300,3.1800,3.2100,5343171,17123522.7600,6392
20230614,000950,6.9200,6.8700,7.1300,6.8500,6.9500,19765518,138317728.4500,27209
20230614,000951,15.9900,16.0400,16.2800,15.9000,16.1500,12037866,194140854.1200,23236
20230614,000952,7.6100,7.6700,8.3700,7.5700,8.3700,31106235,254005166.3400,15384
20230614,000953,5.1700,5.1700,5.2300,5.1300,5.1800,3156400,16343890.0000,6490
20230614,000955,4.2000,4.1900,4.2200,4.1300,4.2000,2066905,8641008.3700,4196
20230614,000957,10.3000,10.2500,10.4700,10.2200,10.2500,31167687,321436227.0000,40721
20230614,000958,4.2600,4.2600,4.2700,4.2100,4.2300,13235160,55956163.2000,13097
20230614,000959,3.5900,3.5700,3.6000,3.5600,3.5800,8574378,30686317.5400,8527
20230614,000960,14.7900,14.8000,15.1900,14.7800,14.9200,16320088,244761928.1300,17531
20230614,000961,1.5000,1.5000,1.5300,1.4700,1.4800,76413164,114329235.5000,19859
20230614,000962,10.7900,10.8000,11.1100,10.6900,10.9700,6437746,70263094.7100,10590
20230614,000963,40.1700,40.2100,42.8600,40.1700,41.6800,17263237,724082311.4500,44138
20230614,000965,4.1700,4.1600,4.2000,4.1000,4.1300,21478400,89035440.0000,15118
20230614,000966,5.3800,5.3900,5.4100,5.3100,5.3300,19067381,101873080.0200,21414
20230614,000967,4.9400,4.9400,4.9600,4.9100,4.9400,5789858,28571302.4900,10400
20230614,000968,7.5500,7.5800,7.6200,7.5500,7.5700,2456386,18619419.8800,3623
20230614,000969,8.9700,8.9900,9.0200,8.9100,9.0100,7238179,64920828.4800,9065
20230614,000970,11.7900,11.8000,11.8000,11.6600,11.6700,7574870,88596833.2500,8878
20230614,000971,1.6400,1.6400,1.6900,1.6300,1.6700,10024152,16747926.8200,1824
20230614,000972,3.4100,3.4300,3.4800,3.3900,3.4500,4739502,16358074.8400,6753
20230614,000973,4.4800,4.4800,4.4900,4.4500,4.4800,3174251,14190560.4600,4743
20230614,000975,12.3200,12.3200,12.6000,12.2800,12.5400,22605734,281839746.2400,21537
20230614,000976,2.1800,2.1800,2.2800,2.1500,2.1900,34771461,76905095.7500,5376
20230614,000977,49.1200,48.9900,53.8800,47.9000,52.5000,191966452,9712151724.2400,305749
20230614,000978,7.8000,7.8000,7.8900,7.7800,7.7900,4388002,34367551.1600,7696
20230614,000980,2.6000,2.6000,2.8500,2.5600,2.6100,190264900,510864074.0000,73526
20230614,000981,1.5600,1.5700,1.5700,1.5300,1.5400,23374227,36009416.3100,4171
20230614,000982,1.5500,1.5500,1.5600,1.5300,1.5300,30894501,47645501.5300,8869
20230614,000983,10.3200,10.3800,10.4200,10.2600,10.3400,25335120,261732632.9100,16249
20230614,000985,15.1500,15.1500,15.2400,15.0700,15.2000,546310,8286066.0000,1635
20230614,000987,6.6400,6.6600,6.7200,6.6000,6.6100,15061154,100206096.6500,14691
20230614,000988,35.9800,35.8900,38.5500,35.8500,37.0900,125199406,4675556420.7800,177206
20230614,000989,13.8400,13.8100,14.1900,13.5500,13.8900,26138049,364046549.1100,50502
20230614,000990,7.6600,7.6600,7.7200,7.6500,7.6800,3980777,30590023.4400,6599
20230614,000993,10.8400,10.8000,10.8400,10.5000,10.5900,18146837,192408923.7100,18805
20230614,000995,17.4200,17.4200,17.7500,17.3300,17.7300,1897901,33502027.4800,1697
20230614,000996,3.3200,3.3200,3.4400,3.2900,3.4100,5006552,16956021.2600,1597
20230614,000997,19.6500,19.6000,20.7600,19.5400,20.1600,30964353,624452823.5600,52193
20230614,000998,15.1600,15.1900,15.4500,15.1000,15.4200,12670519,193950149.6700,18358
20230614,000999,60.3800,60.2000,63.0400,59.9300,62.1300,7521064,467273735.3700,24036
20230614,001201,24.2400,24.2400,24.3900,24.0800,24.1800,598750,14490716.7500,1916
20230614,001202,14.8100,14.9000,14.9000,14.6900,14.7400,617400,9132145.2600,1782
20230614,001203,11.4400,11.4400,11.4800,11.1300,11.1400,6854900,76960243.0000,12101
20230614,001205,20.8000,21.0000,21.0000,20.6100,20.6900,635100,13163664.0000,2497
20230614,001206,15.2000,15.2100,15.2900,15.0700,15.2000,576720,8762821.0400,1976
20230614,001207,15.9100,15.9100,16.5000,15.8700,16.3600,3659074,59487381.9800,5739
20230614,001208,9.5200,9.5200,9.5700,9.4300,9.5000,2512600,23784147.0000,2380
20230614,001209,15.8200,15.7900,16.0400,15.5800,16.0000,1063825,16780867.6000,3806
20230614,001210,26.5400,26.6100,26.9800,26.5100,26.6200,1114283,29779732.5600,4125
20230614,001211,21.6000,21.6800,21.7500,21.4900,21.6200,302900,6553069.0000,1229
20230614,001212,25.9700,25.9600,26.1300,25.4900,25.5300,1003334,25790882.9600,3441
20230614,001213,4.5200,4.5200,4.6000,4.5100,4.5600,19770018,90195496.0800,7785
20230614,001215,70.9900,71.1900,73.5000,70.4300,72.7200,858778,62291660.1300,4173
20230614,001216,13.2600,13.3300,13.3400,13.1300,13.1500,1108300,14630380.0000,3231
20230614,001217,11.8900,11.9500,12.2900,11.8100,11.8200,1933900,23211887.0000,3371
20230614,001218,21.9100,22.2000,22.4200,21.8700,22.2000,899677,19985500.4900,3512
20230614,001219,24.1200,24.2000,24.5600,24.0700,24.2200,1995890,48559199.5000,4902
20230614,001222,21.9000,21.9000,21.9000,21.3000,21.4100,1009234,21736651.7000,2624
20230614,001223,79.2200,78.8500,79.0800,76.2500,78.9000,1265686,98511080.0400,5976
20230614,001225,45.1300,45.0500,45.0500,44.6200,44.8100,169700,7601627.0000,728
20230614,001226,29.3300,29.3300,30.0900,29.0600,29.8900,1967212,58406230.6000,4300
20230614,001227,2.9400,2.9400,2.9500,2.9000,2.9000,18443100,53881957.0000,7435
20230614,001228,37.6600,37.9600,38.9800,37.4600,38.4100,1163689,44679405.9500,3577
20230614,001229,33.6400,33.5100,34.6600,33.5100,34.3800,2169800,74306732.0000,7153
20230614,001230,24.6400,24.6400,24.7000,24.4300,24.6700,179260,4401230.2000,549
20230614,001231,22.2900,22.2800,22.7400,22.0100,22.5000,1311709,29470102.7500,2937
20230614,001234,21.4600,21.3600,21.7500,21.3600,21.5700,482690,10397508.3000,1290
20230614,001236,16.3300,16.5900,16.8800,15.9700,16.5800,25268887,415372462.2300,29940
20230614,001238,23.4900,23.7000,23.7700,23.1900,23.2000,929974,21687905.3600,3705
20230614,001255,37.3500,37.6000,37.7000,36.6100,36.7500,892200,32923901.0000,3492
20230614,001256,18.2800,18.3800,18.3800,18.0300,18.2000,688676,12487311.5000,1889
20230614,001258,9.5100,9.5100,9.5500,9.4300,9.4600,2970100,28079593.0000,3211
20230614,001259,28.8500,28.8700,29.1400,28.4500,28.9600,924200,26588145.0000,2356
20230614,001260,22.2000,22.0100,22.6000,21.7700,21.7800,2484350,54615144.7000,6032
20230614,001266,27.7900,27.9200,28.1000,27.0300,27.3000,1225199,33592710.9900,3724
20230614,001267,5.4800,5.5300,5.5300,5.4100,5.4200,3153700,17206687.0000,4985
20230614,001268,23.5000,23.1500,23.4000,22.9700,23.1700,3255740,75386523.1100,6032
20230614,001269,59.7000,59.5300,59.8700,57.8100,57.9200,2829282,165745665.7800,13751
20230614,001270,74.7000,74.5800,77.6000,74.0900,77.5600,1882380,143295663.7000,9368
20230614,001278,23.0000,22.9000,22.9400,22.3500,22.4000,2843982,64248733.7100,5698
20230614,001282,28.7800,28.6400,28.9900,28.2500,28.4100,3529844,100901678.0500,8628
20230614,001283,48.9200,48.8000,48.8800,47.2000,47.3200,660000,31454334.0000,2452
20230614,001286,10.6700,10.6100,10.6600,10.5200,10.6000,29251559,309959506.6200,18599
20230614,001287,34.2600,34.8800,34.8900,32.5500,33.6800,52624517,1757385392.3500,107260
20230614,001288,18.9300,18.9200,18.9200,18.3800,18.5000,2265300,41992826.0000,4955
20230614,001289,20.6600,20.7600,20.8300,20.2800,20.4500,3896695,79572436.2600,6593
20230614,001296,20.5800,20.4700,20.5400,20.2100,20.3000,1659200,33703465.4000,3026
20230614,001298,26.0300,26.0400,26.1600,25.1200,25.1800,4099698,104308710.5800,7801
20230614,001299,15.4700,15.5900,15.5900,15.2400,15.2700,1867800,28653189.0000,2815
20230614,001300,13.0700,13.0800,13.1000,12.9100,12.9200,1385700,17959878.4800,2018
20230614,001301,63.7600,63.6600,63.9300,62.0000,62.8900,2066139,129280107.5600,7641
20230614,001308,29.1500,29.0000,29.2100,28.6900,28.7700,3210894,92692558.6900,7314
20230614,001309,95.1800,94.7000,97.4400,92.0600,96.3000,2420000,229420070.0000,10913
20230614,001311,62.6000,63.3700,63.9900,62.5300,62.9800,2998928,189407417.5300,10007
20230614,001313,7.9400,7.9700,8.1700,7.9400,8.0800,3306841,26797619.9100,3411
20230614,001314,47.5700,47.6000,48.1900,46.2400,46.9500,6911693,325697851.2900,18813
20230614,001316,36.3600,36.5000,36.5000,35.6900,35.7300,1212800,43526651.5000,3101
20230614,001317,38.6500,38.6500,41.8000,38.1300,38.8300,5362873,212977934.0000,14201
20230614,001318,13.9000,13.8900,14.2300,13.8700,14.1300,3379322,47686514.8600,6047
20230614,001319,20.6300,20.7800,20.7800,20.2300,20.3100,1130000,23028493.0000,3268
20230614,001322,18.5600,18.6900,19.0900,18.5100,18.7300,5094106,95767402.7800,10498
20230614,001323,36.0600,36.0000,36.5200,35.4900,35.7000,1257083,45185112.5000,5055
20230614,001324,22.6000,22.1500,22.4400,21.5800,22.0500,4233505,92868079.5200,8877
20230614,001328,35.3600,35.1100,35.7900,34.2000,35.3600,5993128,209988081.3500,13265
20230614,001330,10.0000,10.0100,10.1900,9.7800,9.8800,18840384,187541869.1200,19028
20230614,001331,18.2900,18.2600,18.2800,17.8500,17.8800,1336555,24012102.6300,2750
20230614,001332,37.2000,37.2400,37.5500,36.7000,36.7100,803950,29698552.2500,2751
20230614,001333,25.2900,25.3200,25.3400,24.9000,24.9200,528617,13274020.2400,1144
20230614,001336,27.1600,27.0900,27.4000,26.7900,27.3400,647474,17509875.2600,2612
20230614,001337,33.6700,33.1000,33.3400,32.7000,32.9900,6495248,214065980.4800,15784
20230614,001338,19.9400,19.9800,21.9300,19.8800,20.7400,44250616,931053135.1500,58479
20230614,001339,32.4000,32.3000,33.4400,31.2700,31.3000,23194141,748011545.2800,50737
20230614,001360,17.5100,17.4200,17.5500,17.1700,17.3700,2543837,44144656.2700,6024
20230614,001366,16.5800,16.5400,16.8500,16.3200,16.6200,4301036,71482297.5500,6714
20230614,001367,46.8800,47.0000,47.1100,46.4400,46.5300,649950,30316582.4400,2303
20230614,001368,25.0800,25.1400,25.1500,24.7500,24.7800,1139209,28415851.4400,3294
20230614,001373,45.9600,45.8900,45.9400,43.7100,44.5600,5472142,244741991.1300,15233
20230614,001380,28.3800,28.4500,28.5000,27.9000,28.0600,2550836,71672642.8400,5099
20230614,001696,6.7600,6.7900,6.7900,6.7000,6.7400,4802773,32388538.2600,8189
20230614,001872,18.0600,18.1700,18.2400,17.3700,17.7500,9135194,162079780.0100,23534
20230614,001896,4.5000,4.5200,4.5900,4.4600,4.5000,11903554,53774958.5400,11797
20230614,001914,15.1200,15.1500,15.2600,14.9000,14.9800,3520500,52859777.0000,7295
20230614,001965,9.4500,9.4000,9.7100,9.4000,9.4700,6426039,61189338.4000,12313
20230614,001979,13.6800,13.6900,13.8500,13.5000,13.5500,31539879,429629430.8900,40920
20230614,002001,15.6000,15.6000,15.7000,15.2100,15.2300,17192500,265548466.2200,20906
20230614,002002,2.1800,2.1900,2.3700,2.1900,2.2800,103367428,234800341.9100,34831
20230614,002003,9.1900,9.1800,9.2800,9.1400,9.2600,2421025,22312068.4900,5000
20230614,002004,5.1200,5.1100,5.1500,5.1000,5.1300,7762052,39791679.6100,8903
20230614,002005,1.3900,1.4000,1.4500,1.4000,1.4500,10392278,14926741.3100,869
20230614,002006,20.1000,20.1500,20.3700,19.7100,20.0200,6890200,137636294.0000,17089
20230614,002007,21.8500,22.0100,22.4500,21.7600,22.3000,11224734,249917233.4000,18073
20230614,002008,25.0600,25.0600,25.2100,24.8100,24.9400,10893797,271912166.4000,18779
20230614,002009,14.0100,13.9300,14.0400,13.7000,13.7500,6988085,96438238.3100,11519
20230614,002010,5.4800,5.4900,5.5200,5.4600,5.4700,9604570,52752576.2300,10073
20230614,002011,13.0500,13.1100,13.3000,13.0000,13.1100,14455106,189986905.2200,19084
20230614,002012,6.2600,6.2400,6.3100,6.1500,6.2900,14815901,92454434.2100,14065
20230614,002014,8.5400,8.5300,8.8900,8.4800,8.7600,4862692,42214856.3200,7960
20230614,002015,13.8500,13.8100,13.9700,13.3600,13.4700,49115362,667040065.1900,60752
20230614,002016,6.8800,6.9600,6.9600,6.8300,6.8600,2303900,15850046.0000,5045
20230614,002017,16.3600,16.5500,16.7300,16.2700,16.4400,8954871,147585556.1200,20442
20230614,002019,13.7600,13.7800,14.1400,13.6800,13.8600,6346315,87949173.6200,9896
20230614,002020,12.8100,12.8100,13.0900,12.7000,12.9500,13119480,169615875.7700,22856
20230614,002021,1.9000,1.9200,2.0000,1.8800,1.9700,20749938,40453141.8200,2655
20230614,002022,10.0700,10.0900,10.0900,9.9400,9.9400,3061349,30568569.0000,4428
20230614,002023,8.7100,8.6800,8.7300,8.6500,8.6700,3147323,27324272.4200,5510
20230614,002024,1.9400,1.9400,1.9900,1.9400,1.9700,19584865,38607550.9200,3185
20230614,002025,56.2100,55.9000,56.9900,55.9000,56.5000,2160505,121693612.9000,8309
20230614,002026,8.9400,8.8000,8.8000,8.5700,8.6300,14549008,125927042.8100,16399
20230614,002027,6.9300,7.0900,7.2700,7.0300,7.2100,233430816,1676646774.4300,122052
20230614,002028,47.3500,47.4800,47.4800,46.1600,46.2000,4241000,197501013.7600,12362
20230614,002029,6.2800,6.2700,6.3000,6.2200,6.2500,4620500,28909534.0000,9858
20230614,002030,10.3200,10.3000,10.3700,10.1000,10.1000,17863229,181803234.4300,19709
20230614,002031,2.9600,2.9500,3.0200,2.9200,3.0000,86483000,257794780.0000,26577
20230614,002032,47.7900,48.0000,49.2000,47.7400,48.8500,1755169,85488429.7400,9053
20230614,002033,11.2000,11.1900,11.2900,11.1100,11.1600,11984105,134124036.7200,21692
20230614,002034,15.7200,15.7200,15.7300,15.5800,15.6000,1121270,17544551.9800,3181
20230614,002035,6.9500,6.9500,7.0300,6.9100,6.9400,6733629,46946619.1300,10578
20230614,002036,9.9700,9.9700,10.0200,9.7600,9.8500,25413617,250476100.2500,24049
20230614,002037,8.3300,8.3000,8.3900,8.2500,8.3600,3302445,27504033.0100,5220
20230614,002038,9.8900,9.8900,9.9200,9.6800,9.6900,20113530,196394994.5700,20525
20230614,002039,14.0000,13.9900,14.0800,13.6700,13.8600,4209598,58338700.1600,5620
20230614,002040,6.8500,6.8400,6.9000,6.8300,6.8700,1751250,12027941.0000,3376
20230614,002041,15.4300,15.4900,15.6400,15.3800,15.6200,3878194,60357558.1100,7993
20230614,002042,3.2000,3.2000,3.2100,3.1700,3.1800,7837701,25034573.1900,7753
20230614,002043,11.1500,11.1500,11.1500,10.7800,10.9000,35770399,389778948.7300,35146
20230614,002044,6.7900,6.7500,6.8800,6.7100,6.7900,17165175,117029952.6300,18672
20230614,002045,17.1200,17.1000,18.0500,17.0000,17.7300,41824139,738176931.8800,51145
20230614,002046,10.8500,10.8500,10.8800,10.7400,10.8000,2877082,31061448.5200,6856
20230614,002047,3.4300,3.4200,3.4300,3.3700,3.3800,20631512,70101821.0100,17821
20230614,002048,12.9100,13.0000,13.1300,12.8800,12.8800,6772788,87633107.9200,15223
20230614,002049,87.8500,87.6000,87.8900,86.3700,86.5000,14841392,1290703895.8300,50855
20230614,002050,27.3600,27.2600,27.7500,27.0400,27.2800,41882879,1143907524.3200,73245
20230614,002051,11.2100,11.1900,11.4400,11.1400,11.2200,15464933,174134257.5500,24134
20230614,002052,1.9100,1.9100,2.0000,1.9100,1.9600,6288384,12291685.9400,1220
20230614,002053,11.1400,11.1900,11.3400,10.9900,11.1600,9789583,109316756.9800,13336
20230614,002054,6.9500,6.9300,6.9700,6.9100,6.9400,535900,3720102.0000,1155
20230614,002055,9.3600,9.3600,9.6000,9.1600,9.1900,21870281,202809871.1600,17577
20230614,002056,17.3100,17.3100,17.3800,17.0900,17.1000,11416816,196083024.7000,22588
20230614,002057,9.7800,9.7800,9.8100,9.7000,9.7200,3739900,36420107.0000,3085
20230614,002058,10.6900,10.8900,10.9800,10.2600,10.3700,2844100,29665553.0000,6565
20230614,002059,6.6000,6.5700,6.6500,6.5700,6.6000,6426446,42489340.9900,6817
20230614,002060,6.3500,6.3700,6.3700,6.3000,6.3000,7299905,46134147.5000,8137
20230614,002061,4.4500,4.4500,4.5000,4.3500,4.3700,34574701,152462518.7400,17721
20230614,002062,5.3600,5.3600,5.4000,5.3200,5.3400,7363920,39432247.6000,11732
20230614,002063,8.9800,8.9500,9.1300,8.9300,9.0300,16862903,152317683.1300,20332
20230614,002064,6.8700,6.8800,6.9600,6.8400,6.9000,6548865,45229205.5000,19686
20230614,002065,8.0600,8.0100,8.2900,7.9500,8.2400,131741803,1075919117.8100,103600
20230614,002066,11.2000,11.2900,11.3300,11.1000,11.2700,2066900,23189772.0000,5252
20230614,002067,3.4300,3.4100,3.5200,3.4000,3.4600,10840714,37578184.3100,8701
20230614,002068,9.7900,9.7700,9.8100,9.3300,9.3600,27270031,257950279.4300,41506
20230614,002069,4.2600,4.3100,4.5600,4.3100,4.4700,39545033,175954308.6200,16594
20230614,002072,6.2000,6.1900,6.2400,6.0800,6.1300,2801850,17199786.0000,4834
20230614,002073,6.1200,6.1000,6.1200,6.0600,6.0800,6391255,38881221.8500,7564
20230614,002074,25.7500,25.7500,25.8900,25.4600,25.4600,9537929,244339784.3600,16709
20230614,002075,4.0200,4.0300,4.0700,4.0200,4.0500,10225705,41377663.4800,6382
20230614,002076,2.3200,2.3300,2.4100,2.3100,2.3700,11254707,26624991.4300,5579
20230614,002077,15.5900,15.5200,15.5200,15.1500,15.3500,20974295,321120706.0900,32678
20230614,002078,10.5100,10.5000,10.5700,10.4600,10.5400,10664016,112141582.2800,16306
20230614,002079,11.9900,11.9500,12.0200,11.8300,11.9700,12338440,147205158.8100,16492
20230614,002080,19.7600,19.8000,20.1000,19.6600,19.9600,7668600,153008494.3300,16869
20230614,002081,4.6400,4.6400,4.6600,4.6000,4.6100,7542510,34897843.2400,8900
20230614,002082,7.1000,7.1100,7.1500,7.0600,7.0700,2269201,16100710.0800,4027
20230614,002083,4.6900,4.6900,4.6900,4.6100,4.6200,9940200,46087463.0000,3256
20230614,002084,3.9500,3.9500,4.0100,3.9300,4.0000,6091279,24235395.3900,8304
20230614,002085,6.7900,6.7800,6.9300,6.7000,6.8500,27129715,185009840.5000,27346
20230614,002086,2.8300,2.8300,2.8400,2.7900,2.8200,2931102,8236581.6200,590
20230614,002087,1.7500,1.7700,1.8200,1.7400,1.7700,34285652,61043524.2600,4257
20230614,002088,17.4500,17.8000,19.1500,17.6000,18.9200,6714138,124379086.1100,17512
20230614,002089,1.0600,1.1100,1.1100,1.1100,1.1100,4615900,5123649.0000,526
20230614,002090,12.3800,12.4400,12.4800,12.1400,12.1600,8521781,104135486.9600,13532
20230614,002091,7.6600,7.6600,7.6900,7.6500,7.6600,3614374,27712901.7800,3512
20230614,002092,6.3700,6.3900,6.5400,6.3700,6.4400,21151963,136619659.0900,18003
20230614,002093,8.3800,8.3900,8.5200,8.3500,8.4000,25230554,212570205.4700,30354
20230614,002094,3.6100,3.6500,3.9500,3.5900,3.8600,43161045,164950225.8900,37208
20230614,002095,20.9400,20.8500,21.9500,20.7600,21.9000,14059863,303856484.4000,22583
20230614,002096,11.1500,11.2400,11.2400,11.0500,11.1700,2727300,30383718.0000,4829
20230614,002097,6.2200,6.2400,6.2500,6.1500,6.1900,4743024,29335933.1600,6944
20230614,002098,5.9100,5.9100,5.9600,5.8300,5.9400,1915600,11335586.0000,3925
20230614,002099,9.0300,8.9900,9.1100,8.9300,8.9800,9959769,89703933.1700,11564
20230614,002100,8.1600,8.1400,8.1700,8.0300,8.0500,16801057,135891494.5300,11922
20230614,002101,19.8500,19.8600,20.3500,19.5500,19.9300,29694517,591224078.6700,47760
20230614,002102,3.3400,3.3400,3.3700,3.3100,3.3400,10184700,33971346.0000,3633
20230614,002103,6.7400,6.6100,6.6900,6.5100,6.6500,44835537,296478788.1300,36198
20230614,002104,9.0400,9.1000,9.1400,8.9900,9.0500,15714894,142346111.6800,19343
20230614,002105,5.9400,5.9600,5.9600,5.8500,5.9000,1559910,9196301.1000,4348
20230614,002106,8.4500,8.4300,8.5000,8.3600,8.4300,5359803,45133237.3500,8838
20230614,002107,6.2900,6.2200,6.2200,5.9600,5.9800,16009720,96511916.6000,22441
20230614,002108,4.5400,4.5300,4.5400,4.4900,4.5400,13804083,62329210.2700,8614
20230614,002109,4.4600,4.4700,4.4900,4.4400,4.4700,1772531,7917921.3800,1583
20230614,002110,4.4400,4.4400,4.4600,4.3700,4.3800,8522021,37471084.5900,10659
20230614,002111,9.0700,9.1200,9.1200,8.9100,8.9300,2629440,23579380.4000,5831
20230614,002112,10.0800,10.0800,10.1300,9.8200,9.8800,11473046,113516598.2400,13938
20230614,002113,0.4100,0.4100,0.4100,0.4100,0.4100,0,0.0000,0
20230614,002114,6.4900,6.4900,6.5200,6.4500,6.5000,3006211,19518700.4000,5799
20230614,002115,6.5200,6.5100,6.6600,6.4700,6.6400,36501692,241348375.8600,38638
20230614,002116,11.3100,11.3200,11.4200,11.2200,11.2400,6207000,70270874.8000,8802
20230614,002117,9.6600,9.6600,9.8900,9.5800,9.8500,15031575,146950063.3500,16340
20230614,002118,0.4100,0.3900,0.3900,0.3900,0.3900,21458200,8368698.0000,3703
20230614,002119,13.2900,13.3000,13.3100,13.0900,13.2400,8392939,110777158.8700,14105
20230614,002120,9.8600,9.8600,10.0500,9.8500,9.9900,17217539,171632716.4600,15219
20230614,002121,7.3500,7.4000,7.4700,7.1500,7.1900,31226012,226922456.7000,24025
20230614,002122,5.1800,5.1000,5.1700,5.0100,5.1300,75261437,381703733.7700,29679
20230614,002123,14.6500,14.5000,14.6100,14.2100,14.3000,19049798,273708168.9000,25753
20230614,002124,4.5300,4.5200,4.5600,4.5000,4.5200,12996098,58900326.8800,9451
20230614,002125,11.9800,12.0000,12.0800,11.8400,11.8400,6039060,72034134.1600,7100
20230614,002126,15.6300,15.7500,16.3800,15.7400,16.0500,38674373,622648783.8000,58755
20230614,002127,4.1200,4.1300,4.1500,4.1000,4.1100,14800472,60991420.7800,12883
20230614,002128,13.3200,13.2900,13.3600,13.1500,13.1900,9474503,125284050.8200,15157
20230614,002129,36.8600,37.1000,37.2100,36.5700,36.5700,20945697,769556988.2900,39075
20230614,002130,8.0500,8.0100,8.2200,7.7800,7.7900,50277725,398730193.5600,68359
20230614,002131,2.4500,2.4600,2.5400,2.4500,2.4700,221714449,552502598.3200,68271
20230614,002132,3.4500,3.4700,3.4700,3.4100,3.4200,9627300,32989476.1900,7958
20230614,002133,3.5600,3.5900,3.6100,3.5300,3.5500,7585700,26984609.0000,12380
20230614,002134,10.0800,10.0800,10.1300,9.8800,9.9200,2702309,26927175.2800,7044
20230614,002135,6.5600,6.5800,6.5800,6.4900,6.5000,6946000,45324881.0000,8832
20230614,002136,11.1400,11.1700,11.1700,10.9300,10.9600,2262000,24833976.0000,5240
20230614,002137,7.3800,7.3400,7.3500,7.2500,7.2600,13555000,98778266.0000,11876
20230614,002138,24.1200,24.1200,24.2700,23.9000,24.1200,6362595,153428909.2300,16410
20230614,002139,11.0200,11.0200,11.0600,10.8600,10.9800,15719595,172256051.1000,22853
20230614,002140,8.9100,8.8800,8.9600,8.8700,8.9100,1803360,16082226.2000,3022
20230614,002141,3.1700,3.1800,3.2100,3.1400,3.2000,7281960,23185080.4000,8774
20230614,002142,26.7500,26.8800,27.1900,26.3000,26.3000,28305963,755071632.7200,41348
20230614,002144,11.1100,11.1600,11.1600,11.0400,11.0600,1228700,13619101.0000,2809
20230614,002145,6.2000,6.2000,6.2200,6.1700,6.1700,9960146,61643936.7000,5996
20230614,002146,1.5600,1.7200,1.7200,1.6000,1.7200,551870686,926835688.9800,80651
20230614,002148,6.2800,6.2500,6.3200,6.2100,6.2600,9005860,56379682.2000,15966
20230614,002149,15.1800,15.1200,15.3100,14.8000,15.2200,6118377,92365866.4500,13225
20230614,002150,16.2200,16.2200,16.5900,16.0100,16.4000,8899357,145347130.0800,11561
20230614,002151,30.2700,30.3400,30.3800,30.1200,30.1800,3526061,106648283.3600,7529
20230614,002152,12.5300,12.5600,12.7000,12.4500,12.5800,23064715,289812508.5200,28257
20230614,002153,20.0000,20.4000,21.6600,20.2000,21.3000,37480461,790223622.2400,76972
20230614,002154,5.6700,5.6700,5.9100,5.6700,5.8900,22310208,130628465.4600,27764
20230614,002155,13.6000,13.5700,13.7800,13.4600,13.7200,13628665,185656400.5300,20335
20230614,002156,27.3500,25.8000,25.9900,24.6300,25.3000,146028825,3688175541.9600,185657
20230614,002157,2.7500,2.7500,2.8900,2.7100,2.8500,97569809,275539220.8500,18960
20230614,002158,22.4800,22.5900,22.7400,22.4000,22.6500,2703934,60967959.8800,7551
20230614,002159,18.8400,18.8800,19.0900,18.4100,18.6500,6526013,122377358.8300,16376
20230614,002160,3.9500,3.9600,3.9600,3.9100,3.9400,6214500,24471187.0000,9886
20230614,002161,5.2900,5.3100,5.3500,5.2600,5.3400,6370602,33827143.6800,9833
20230614,002162,4.0000,4.0200,4.0900,3.9800,4.0400,11048264,44664290.3000,9126
20230614,002163,10.2600,10.2600,10.3300,10.2000,10.2800,2583626,26539523.2400,4981
20230614,002164,5.5100,5.5200,5.5200,5.4300,5.4900,4398899,24061644.5500,3389
20230614,002165,3.9200,3.9300,3.9800,3.9000,3.9600,5894000,23189444.0000,3806
20230614,002166,7.1100,7.1300,7.1500,7.0600,7.0800,5007547,35510607.4500,5829
20230614,002167,7.5300,7.5600,7.7100,7.4600,7.6200,42429891,323109156.8300,29296
20230614,002168,4.6800,4.6900,4.7700,4.6700,4.7000,27545300,129712025.0000,25072
20230614,002169,7.9400,7.9600,7.9600,7.8000,7.8100,10672313,83779838.1500,13468
20230614,002170,6.6100,6.6100,6.7000,6.5600,6.6600,13152300,87425833.0000,13714
20230614,002171,7.0200,7.0200,7.0400,6.9500,6.9800,5985874,41801383.9600,8576
20230614,002172,3.3700,3.3800,3.4300,3.3400,3.4100,6719101,22827530.4000,8489
20230614,002173,10.5700,10.4300,11.1000,10.3200,10.5000,86057625,916873265.4000,80303
20230614,002174,21.5200,21.4200,22.4800,21.0000,21.5900,124483482,2698029143.2900,125699
20230614,002175,3.0700,3.0600,3.0600,3.0100,3.0300,45341810,137353623.9800,21297
20230614,002176,11.8600,11.8900,11.9400,11.5800,11.6200,28276364,331292990.7500,32618
20230614,002177,4.2600,4.5700,4.5700,3.9600,4.0500,187818275,799544989.6400,60417
20230614,002178,3.7300,3.7500,3.7500,3.6900,3.7000,10533018,39194360.6000,12443
20230614,002179,41.2000,41.2400,41.5400,41.1000,41.2000,3459638,142697335.9900,12695
20230614,002180,34.5200,34.4500,35.7500,34.3600,35.1200,15998020,565031023.1800,55975
20230614,002181,5.7400,5.7500,5.8800,5.6700,5.7100,29546453,170199186.1500,18383
20230614,002182,20.6800,20.7500,20.8700,20.2600,20.3500,8082990,165068630.7800,12059
20230614,002183,5.0400,5.0500,5.1400,5.0400,5.0900,26650100,135726764.0800,15147
20230614,002184,14.0700,14.0700,14.0700,13.7400,13.8100,4599480,63576662.3300,8389
20230614,002185,9.7000,9.6700,9.7500,9.5200,9.6900,32291738,311442072.2600,33441
20230614,002186,12.6000,12.6000,13.0900,12.6000,12.8500,14869502,191535022.6400,23633
20230614,002187,6.7900,6.7900,6.9100,6.7400,6.8800,4313400,29551156.0000,7270
20230614,002188,6.4200,6.4000,6.4500,6.2300,6.2600,12656000,79551171.0000,10022
20230614,002189,16.7400,16.7500,16.8500,16.5700,16.7600,3241779,54165311.6000,7251
20230614,002190,21.8200,21.9400,21.9400,21.3500,21.5200,3451722,74562941.4300,5627
20230614,002191,6.0700,6.0700,6.0800,6.0200,6.0200,8243500,49855930.8600,6405
20230614,002192,72.3800,73.4000,74.3000,70.5800,72.4100,12960474,937986617.0700,49237
20230614,002193,6.6500,6.6400,6.7900,6.5800,6.6800,5629100,37724756.0000,5960
20230614,002194,10.0400,10.0100,10.2000,9.9700,10.1800,21199206,214233379.5600,22192
20230614,002195,3.0900,3.0900,3.1000,3.0500,3.0600,68862446,211289316.4300,25753
20230614,002196,6.8500,6.9000,6.9100,6.7300,6.7300,5979477,40545639.0100,10816
20230614,002197,11.7400,11.7100,11.7100,11.5100,11.6300,28782824,334115852.3000,32737
20230614,002198,7.6400,7.5900,8.0600,7.5900,7.9000,22949581,180815024.3800,24131
20230614,002199,7.4300,7.4700,7.4700,7.3000,7.3400,2539000,18656822.0000,5786
20230614,002200,8.3400,8.4000,8.4200,8.2400,8.3500,717974,5986004.5100,485
20230614,002201,9.9400,9.9000,9.9800,9.8400,9.8500,3561174,35184468.2500,6123
20230614,002202,10.6600,10.6900,10.6900,10.5900,10.6100,11662927,123938404.0700,11804
20230614,002203,11.9100,11.9100,11.9500,11.7800,11.8900,2494446,29596902.8900,6570
20230614,002204,4.7600,4.7600,4.8500,4.7500,4.8200,13856557,66660467.3100,8205
20230614,002205,10.5800,10.5600,10.6400,10.4600,10.5000,3889961,40955509.9700,3800
20230614,002206,5.1700,5.1700,5.2200,5.1500,5.1700,5621373,29118469.1900,6829
20230614,002207,6.5600,6.6400,6.6700,6.5600,6.5800,2725300,17976183.0000,3186
20230614,002208,6.5600,6.5800,6.6300,6.4800,6.5000,2708120,17694196.0000,4777
20230614,002209,9.1600,9.2100,9.2100,9.0000,9.0800,2383100,21615197.0000,4538
20230614,002210,1.8500,1.8600,1.8900,1.8300,1.8500,29353157,54624960.4500,6865
20230614,002211,3.3600,3.3600,3.4900,3.3300,3.4700,6831510,23486336.8000,1760
20230614,002212,10.5700,10.5800,10.6400,10.4600,10.5800,15443193,163203040.5300,22668
20230614,002213,16.8300,17.9000,18.5100,16.4000,16.8100,59448495,1049723225.2700,57303
20230614,002214,12.8800,12.8500,13.2000,12.7700,13.0100,3842617,49928917.6400,7598
20230614,002215,7.7600,7.7600,7.8300,7.7000,7.7400,10706916,83077453.7500,13675
20230614,002216,15.9600,15.9700,16.2700,15.9700,16.1000,4133118,66729640.4800,9239
20230614,002217,3.7700,3.7500,3.7800,3.6600,3.6800,124627291,460148749.0500,50158
20230614,002218,4.6200,4.6300,4.6400,4.5600,4.5700,7172200,32861587.0000,5004
20230614,002219,4.7900,4.7700,4.8800,4.7700,4.8000,10316378,49651571.3800,9649
20230614,002221,8.7600,8.7500,8.8400,8.7000,8.8200,10062222,88319505.5800,10384
20230614,002222,26.1900,26.1900,28.0000,26.0000,27.5900,58350225,1575634256.1300,91979
20230614,002223,33.3800,33.3300,33.9900,32.8200,33.6500,8452880,282466029.1300,24677
20230614,002224,4.8100,4.8400,4.8900,4.7900,4.8400,11046844,53460463.5000,13719
20230614,002225,3.7200,3.7200,3.7200,3.6900,3.7000,4286934,15889364.9100,6175
20230614,002226,5.1100,5.1400,5.1600,5.1000,5.1000,5483000,28095029.6000,4703
20230614,002227,14.5200,14.5500,14.6600,14.0900,14.4100,21317622,305111051.1000,26416
20230614,002228,3.2400,3.2400,3.2600,3.2300,3.2400,3297600,10694788.0000,4644
20230614,002229,37.6300,36.8900,37.4500,34.6100,35.0700,103542756,3684277163.4300,208221
20230614,002230,74.8500,74.0000,75.3600,73.8400,75.1300,103276083,7707370278.2200,180209
20230614,002231,6.8800,6.8600,6.9500,6.8400,6.9300,8738201,60415297.9000,9201
20230614,002232,17.1200,16.9000,17.1000,16.5500,16.6800,17438523,291938032.5600,23875
20230614,002233,7.8100,7.8300,7.8500,7.7500,7.7500,4005029,31142181.9500,10214
20230614,002234,18.2200,18.2800,18.3500,18.1500,18.1800,2112785,38530528.3500,4970
20230614,002235,7.1200,7.0900,7.5300,7.0800,7.2500,81546143,597917783.6500,55477
20230614,002236,20.0800,20.1200,20.9900,19.8900,20.4500,125411863,2567668431.9700,155221
20230614,002237,11.0400,10.9600,11.0600,10.9200,11.0400,8235006,90591249.3600,13629
20230614,002238,7.6200,7.5800,7.7300,7.5100,7.5400,6891898,52494774.7000,13589
20230614,002239,2.6400,2.6400,2.6500,2.5900,2.6000,28163200,73525195.5200,18129
20230614,002240,33.7600,34.0200,34.2900,32.8000,32.8700,20071757,667085374.6400,44682
20230614,002241,18.5400,18.4600,18.6000,18.1800,18.2100,53119380,972729717.2700,59109
20230614,002242,14.2100,14.1900,14.4400,14.1000,14.3900,4565114,65349522.4700,11806
20230614,002243,8.8400,8.8400,8.9100,8.7500,8.7800,7579838,66865380.4200,8545
20230614,002244,9.2100,9.3000,9.3800,8.9000,9.0800,30822525,279837895.6400,33225
20230614,002245,10.2300,10.1900,10.2500,10.0300,10.0400,12443959,125772205.1000,16461
20230614,002246,9.0100,9.0000,9.3500,8.8800,9.2600,16112206,148376852.2500,12561
20230614,002247,2.3800,2.3800,2.3800,2.3200,2.3400,27327600,63893761.7000,11529
20230614,002248,9.1000,9.0900,9.2500,8.7000,9.0200,26031565,233940563.5400,31663
20230614,002249,5.4200,5.4500,5.4600,5.3200,5.3400,16952218,90774514.9200,18571
20230614,002250,10.6800,10.7100,10.7100,10.5400,10.5700,4308900,45654117.0000,10677
20230614,002251,4.8100,4.8000,5.0000,4.7700,4.9400,33518906,165368288.8200,26419
20230614,002252,7.0000,7.0300,7.0900,6.9500,6.9800,34715650,243141052.4000,23265
20230614,002253,16.6800,16.5600,16.6500,16.2600,16.3800,11487700,188406818.0000,22168
20230614,002254,21.4000,21.4300,22.3000,21.4300,21.7800,3189317,69642963.0400,8321
20230614,002255,5.8400,5.7900,5.9000,5.7500,5.7500,12144650,70463973.0000,12964
20230614,002256,2.1600,2.1600,2.1700,2.1300,2.1400,13298570,28566931.8100,4140
20230614,002258,13.1000,13.0600,13.1000,12.8000,12.8200,8034675,103808766.5900,10507
20230614,002259,3.5200,3.5300,3.5300,3.4800,3.4800,1391377,4871964.3400,373
20230614,002261,19.0900,18.0000,19.6200,17.2800,18.7400,437916425,7940627383.4600,543670
20230614,002262,29.4900,29.4100,29.6500,28.5100,29.3100,7981901,233265148.4400,22427
20230614,002263,2.5600,2.5500,2.5700,2.5100,2.5300,10787040,27335311.8000,3444
20230614,002264,6.1800,6.1400,6.3300,6.1300,6.2700,16488201,103204356.2600,11555
20230614,002265,13.3400,13.3200,13.4700,13.2200,13.2300,2443000,32506887.0000,6090
20230614,002266,4.0200,4.0200,4.0300,3.9600,3.9700,15908710,63346961.7300,14503
20230614,002267,7.6300,7.6700,7.7000,7.6400,7.6500,3074200,23552343.0000,7293
20230614,002268,29.4100,29.4200,29.8500,29.3300,29.4700,14067791,415356650.6400,28643
20230614,002269,1.6200,1.6200,1.6700,1.6100,1.6400,44823839,73634698.3500,8989
20230614,002270,10.4700,10.4800,10.6500,10.3700,10.5900,15232288,160418490.9200,24120
20230614,002271,29.5900,29.5900,30.0000,29.2900,29.5900,25420547,753583271.5600,47767
20230614,002272,7.0000,6.9900,7.3300,6.9100,7.2400,55610672,394970632.5600,39819
20230614,002273,12.2600,12.2500,12.2600,12.0500,12.0800,14557626,176444575.4800,27561
20230614,002274,7.1100,7.0900,7.1400,7.0400,7.1100,3670500,26077152.0000,4650
20230614,002275,18.0500,18.1100,18.3800,17.9900,18.2900,2369517,43175040.4600,7273
20230614,002276,12.3100,12.3900,12.4500,12.1100,12.3100,31163298,382332745.0600,35880
20230614,002277,3.2300,3.2300,3.3300,3.2200,3.2800,18682524,61404064.1800,10897
20230614,002278,5.2600,5.2800,5.2800,5.2100,5.2400,2346900,12292795.0000,4834
20230614,002279,7.2000,7.1900,7.2700,7.1400,7.1600,28234716,202944252.4400,20957
20230614,002280,3.6200,3.6100,3.6200,3.5600,3.5800,25142433,90223182.4800,13950
20230614,002281,28.9700,29.3000,31.8700,28.9700,31.8700,81034815,2507499107.9300,97788
20230614,002282,7.4400,7.4400,7.4600,7.3900,7.4100,1922500,14260423.0000,3614
20230614,002283,6.0500,6.0600,6.0900,5.9500,6.0100,9557442,57416236.5000,16495
20230614,002284,8.3600,8.4700,8.5400,8.3200,8.3900,18587288,156317489.4400,30181
20230614,002285,2.6600,2.6700,2.7000,2.6400,2.6500,10863278,28883220.3000,9236
20230614,002286,8.4300,8.4200,8.4200,8.3200,8.3900,2411800,20200956.0000,2719
20230614,002287,23.4300,23.5600,23.7900,23.3300,23.6300,1639090,38757508.7000,6893
20230614,002288,4.2400,4.2400,4.3100,4.1700,4.2700,9755998,41357555.1800,9855
20230614,002289,6.3300,6.3000,6.4800,6.1600,6.3300,5226750,32888924.5000,2563
20230614,002290,9.9700,9.9900,10.1000,9.8700,10.0600,1568800,15660334.0000,3334
20230614,002291,15.6800,15.6000,16.1900,15.4500,15.6800,59601832,940376696.6500,57002
20230614,002292,11.1800,11.0000,11.3600,10.4000,10.6200,196930815,2124048184.2600,184769
20230614,002293,11.1400,11.1500,11.2700,11.0900,11.1600,1988555,22213236.8100,5503
20230614,002294,32.9700,33.0400,33.1900,32.2600,32.4300,2650529,86369854.5100,8524
20230614,002295,6.6100,6.6100,6.7000,6.5400,6.6900,2689801,17893046.6700,5111
20230614,002296,8.5600,8.6000,8.6000,8.4700,8.5700,5949000,50870767.9900,11801
20230614,002297,7.6400,7.6400,7.6500,7.5800,7.5900,3379300,25688769.0000,4364
20230614,002298,6.5300,6.5100,6.6100,6.5000,6.6000,13014253,85488425.1300,12681
20230614,002299,19.2100,19.3000,19.5300,19.2200,19.3600,6578096,127556366.4300,13974
20230614,002300,8.4800,8.4800,8.5500,8.4100,8.4500,3184047,26938729.6200,3441
20230614,002301,7.6800,7.6400,7.6500,7.4500,7.5600,12070200,91093270.0000,16520
20230614,002302,7.2000,7.1800,7.2600,7.1600,7.2300,5090400,36702004.0000,5120
20230614,002303,3.3300,3.3200,3.3900,3.3000,3.3200,10146500,33844975.0000,9375
20230614,002304,140.6500,141.2000,144.8700,141.2000,142.4200,6460702,926705391.9800,31949
20230614,002305,2.2600,2.2600,2.2900,2.2300,2.2400,25262400,56847195.0000,10244
20230614,002306,4.3400,4.3300,4.3700,4.3000,4.3400,8386700,36434085.0000,8482
20230614,002307,5.2100,5.1800,5.2400,5.1800,5.1900,9912824,51619467.3600,4793
20230614,002308,5.1400,5.1400,5.2000,5.0900,5.1100,9374203,48084979.3600,10243
20230614,002309,3.8100,3.7900,4.0000,3.7800,3.9700,21135939,83445641.4300,4201
20230614,002310,1.7100,1.7100,1.7200,1.6900,1.7000,15288055,26078871.5000,5142
20230614,002311,48.3300,48.1900,48.6000,47.8800,48.1000,3571066,171829812.3500,12147
20230614,002312,8.3000,8.3400,8.4700,8.2300,8.3800,10438168,87369296.3200,11539
20230614,002313,8.9300,8.8600,9.3800,8.8600,9.2800,6779122,62656033.0100,3113
20230614,002314,3.4400,3.4400,3.4700,3.4000,3.4100,13401300,45979414.0000,14657
20230614,002315,39.3000,39.0000,42.3600,38.3400,41.8800,30831132,1253712618.0600,68292
20230614,002316,4.6300,4.6300,4.8500,4.6300,4.7700,40440594,191428500.8000,23063
20230614,002317,17.0400,17.0400,17.2300,16.9000,17.1200,18274464,312576958.1600,32688
20230614,002318,16.4100,16.4100,16.5900,16.2500,16.5000,2950321,48429220.1700,7027
20230614,002319,15.3800,15.3900,15.3900,14.9700,15.3300,1936800,29279758.0000,3222
20230614,002320,6.1700,6.2000,6.2800,6.1800,6.2300,7413220,46177016.4000,10654
20230614,002321,2.7000,2.7200,2.8400,2.7100,2.7600,29230102,80903466.5200,6396
20230614,002322,10.5400,10.5800,10.6500,10.4200,10.6200,3591100,37937237.0000,7169
20230614,002323,2.8000,2.8100,2.8800,2.7900,2.8000,26268901,74147819.5700,5918
20230614,002324,13.3500,13.4200,13.4600,13.2500,13.2700,6617598,88151919.1800,13503
20230614,002325,1.5700,1.5600,1.5900,1.5600,1.5700,14144373,22254506.6100,6322
20230614,002326,15.3300,15.3000,15.4500,15.0400,15.1300,16483775,250579480.4600,22133
20230614,002327,8.1500,8.1900,8.2200,8.0700,8.1200,3248802,26410859.2000,6466
20230614,002328,5.8900,5.8900,5.9300,5.8400,5.8900,11212913,65862851.8900,8671
20230614,002329,5.9900,6.0000,6.1500,5.9500,6.1100,21749422,132557856.0700,20306
20230614,002330,5.9000,5.9000,6.0400,5.8800,5.9700,13556500,81074037.0000,8778
20230614,002331,7.2900,7.2900,7.2900,7.1900,7.2200,3168340,22914689.4000,8330
20230614,002332,13.9000,13.8500,14.0600,13.6800,13.8000,10210823,141051694.8900,14074
20230614,002333,5.9500,5.9300,6.0300,5.9100,6.0200,4007900,24002825.0000,7257
20230614,002334,11.9000,11.8500,11.8900,11.6100,11.6900,18920398,221105647.6900,28578
20230614,002335,37.2500,37.8000,37.8500,36.6600,36.9100,6436299,238384138.6700,18977
20230614,002336,11.7900,11.6000,12.9700,11.4600,12.9700,16058192,200262745.1400,13241
20230614,002337,5.4400,5.4300,5.4500,5.3500,5.4300,6037600,32582577.0000,9656
20230614,002338,33.6400,33.4600,34.7500,33.2100,34.5100,8799815,300027220.1200,14732
20230614,002339,7.4900,7.4500,7.4800,7.2700,7.3200,12786869,93958334.9700,10706
20230614,002340,6.8800,6.8900,6.9200,6.8100,6.8100,29632030,202754356.4300,18636
20230614,002341,3.5200,3.5200,3.5300,3.4700,3.4800,5437245,18997571.6000,4501
20230614,002342,4.0700,4.0900,4.1200,4.0500,4.1000,6626421,27161604.7400,5109
20230614,002343,9.4200,9.7700,9.8800,9.2000,9.2800,98759140,943046001.4500,90460
20230614,002344,5.2300,5.2500,5.3200,5.1700,5.2700,13004828,68442991.5600,16789
20230614,002345,7.3900,7.4200,7.7300,7.4200,7.6900,13886900,105625539.3800,21028
20230614,002346,12.2700,12.2900,12.3200,12.0400,12.0600,2089784,25275861.3600,3224
20230614,002347,5.3600,5.3500,5.4300,5.3100,5.3900,19136900,102640981.0000,17787
20230614,002348,4.3100,4.3100,4.3100,4.2300,4.2700,7790800,33174073.0000,6827
20230614,002349,9.2400,9.2500,9.3300,9.2100,9.2500,9379078,86949221.2600,9234
20230614,002350,7.1200,7.1300,7.1400,6.9500,6.9600,9470003,66324833.8800,11779
20230614,002351,19.1000,19.1900,19.8600,18.7600,19.5300,47575339,918558471.0700,83036
20230614,002352,48.7600,48.8600,49.8800,48.7800,49.1400,13013755,641694419.6200,28880
20230614,002353,24.3600,24.5000,24.9400,24.4800,24.5300,4913464,121198463.1800,10428
20230614,002354,7.9200,7.9100,8.3300,7.7100,7.7700,446802420,3577358692.7900,284909
20230614,002355,4.9200,5.4100,5.4100,5.4100,5.4100,13338535,72161474.3500,3605
20230614,002356,4.0100,4.0100,4.1200,3.9700,4.0600,9380909,37962809.6000,10349
20230614,002357,6.7500,6.7300,6.8000,6.6700,6.7800,8706100,58774625.0000,12139
20230614,002358,4.5300,4.5200,4.5200,4.4100,4.4100,9787400,43551502.0000,6421
20230614,002360,7.4400,7.4300,7.7400,7.3900,7.6100,4931958,37321082.6600,7510
20230614,002361,3.9300,3.9300,3.9500,3.9100,3.9200,4411620,17327863.4000,7288
20230614,002362,29.3400,29.1100,30.2700,28.8900,29.6800,30849855,913444488.3800,55380
20230614,002363,7.2400,7.2900,7.3100,7.1900,7.2300,7490310,54230599.8000,13045
20230614,002364,8.2400,8.2300,8.3400,8.1200,8.2400,7158500,58686137.0000,12968
20230614,002365,9.8100,9.7800,9.9300,9.6300,9.6300,4120850,39906549.5000,5548
20230614,002366,6.9300,6.9200,7.3400,6.8700,6.9700,53253900,375454817.7200,39451
20230614,002367,8.1700,8.1600,8.2000,8.1200,8.1700,2789516,22797847.4500,8119
20230614,002368,40.4700,40.1800,40.9900,39.9000,40.6700,15887542,643212890.5000,37235
20230614,002369,5.4500,5.4800,5.4900,5.3700,5.3800,7855152,42464236.2400,12822
20230614,002370,4.1200,4.1200,4.1300,4.0800,4.1200,3608100,14849549.0000,4594
20230614,002371,320.5000,318.4900,322.8800,316.3000,316.6000,5649236,1802917030.9800,34029
20230614,002372,21.8100,21.9300,22.2000,21.8600,21.9500,6839365,150628363.1500,19276
20230614,002373,14.2500,14.2100,14.3000,14.0200,14.1700,14967649,212137593.5300,22906
20230614,002374,3.9100,3.9200,4.1700,3.9000,4.0400,31921840,129223283.3600,19356
20230614,002375,4.5700,4.5700,4.5800,4.5100,4.5200,7655800,34787518.0000,6828
20230614,002376,8.0100,8.0300,8.0800,7.9300,7.9800,3625416,28958445.6800,8041
20230614,002377,2.4400,2.4500,2.4800,2.4400,2.4600,7702200,18913364.0000,6927
20230614,002378,5.6300,5.6600,5.6800,5.6000,5.6400,5869362,33137262.6800,5771
20230614,002379,4.1600,4.1600,4.1700,4.1200,4.1500,3521116,14599532.4000,5355
20230614,002380,19.8000,19.7700,20.3200,19.6500,20.1600,8126850,162250608.0000,15314
20230614,002381,7.4100,7.4300,7.4500,7.2800,7.4000,3025150,22287032.5000,7041
20230614,002382,7.1200,7.1400,7.1500,7.1000,7.1200,4758760,33907724.5800,5926
20230614,002383,6.4800,6.4700,6.4900,6.3700,6.4200,4700377,30175961.8800,6656
20230614,002384,25.9000,26.0600,26.1500,25.3200,25.4200,20359748,520535862.3800,53305
20230614,002385,6.6900,6.6900,6.7900,6.6600,6.7400,33933241,229090069.0400,19920
20230614,002386,6.6000,6.6000,6.6300,6.5600,6.5900,3571230,23530385.4000,2548
20230614,002387,7.7700,7.7400,7.8300,7.5400,7.7100,17474918,133824106.7200,23128
20230614,002388,6.9800,7.0000,7.0300,6.8300,6.9600,5724500,39611507.0000,8699
20230614,002389,19.9400,19.9400,20.2300,19.8800,20.0800,7562465,151730363.7900,12949
20230614,002390,4.3500,4.3600,4.3700,4.3100,4.3100,10921665,47370914.1500,6942
20230614,002391,6.9500,6.9500,6.9800,6.8900,6.9400,3914500,27124304.5000,5902
20230614,002392,3.6400,3.6500,3.6600,3.6200,3.6400,2865500,10434605.9800,4619
20230614,002393,24.2400,24.2300,25.1000,24.1600,24.8600,2962200,73314906.0000,7623
20230614,002394,8.2600,8.2700,8.3100,8.2100,8.2900,3423800,28340829.0000,6726
20230614,002395,11.6200,11.6200,11.6800,11.3600,11.4100,15647000,179621322.0000,19751
20230614,002396,22.1800,22.1500,23.0200,22.0500,22.8000,25856763,584964281.7500,40266
20230614,002397,3.3200,3.3200,3.3700,3.2600,3.3300,7161104,23773845.2400,11227
20230614,002398,5.7400,5.7200,5.7600,5.6600,5.6900,3755542,21394534.3700,5154
20230614,002399,11.4300,11.4400,11.5300,11.3900,11.5100,1210312,13882948.2800,3281
20230614,002400,5.3400,5.4300,5.5800,5.3500,5.3800,97951123,532052135.7500,57676
20230614,002401,26.2500,26.0600,26.8900,25.6000,26.5200,32644023,859098987.2800,48810
20230614,002402,16.2200,16.2500,16.2800,15.9300,16.1700,7328709,118173677.1300,14743
20230614,002403,8.5600,8.6600,8.6600,8.4700,8.5000,3046500,25962915.7000,6018
20230614,002404,6.4800,6.4700,6.6100,6.4500,6.5700,6132100,40195652.0000,6791
20230614,002405,12.2800,12.1600,12.1800,11.9000,11.9600,45598600,548125347.4400,36980
20230614,002406,5.7200,5.7000,5.7700,5.6300,5.7000,15678800,89232865.0900,16299
20230614,002407,19.5300,19.5100,19.5900,19.2100,19.2300,9394488,181739283.8200,17186
20230614,002408,6.5200,6.5000,6.5400,6.4100,6.4200,5782720,37340143.2000,6251
20230614,002409,71.6400,72.0000,72.8800,71.0000,71.5100,8705710,626074336.5200,35035
20230614,002410,37.7300,37.8000,38.6500,37.3000,37.9000,17016756,645060579.5600,49433
20230614,002411,3.2300,3.2300,3.2300,3.2300,3.2300,0,0.0000,0
20230614,002412,6.7100,6.7400,6.8400,6.7100,6.7900,5131138,34810486.1600,9355
20230614,002413,5.0100,5.0000,5.0700,4.9500,5.0200,19506379,97598770.7300,16430
20230614,002414,9.9100,9.9400,10.0900,9.8200,10.0000,14531105,144717503.2100,13803
20230614,002415,33.5800,33.5000,34.0300,33.1800,33.3700,46229683,1550844813.8000,133511
20230614,002416,7.6900,7.7000,7.7300,7.6400,7.6400,4699640,36100599.2000,8567
20230614,002417,1.2400,1.2400,1.2400,1.2400,1.2400,0,0.0000,0
20230614,002418,2.8300,2.8300,2.8400,2.7900,2.8000,8832900,24810767.0000,6627
20230614,002419,6.2400,6.2200,6.4000,6.2000,6.3500,18175703,115095059.1700,21186
20230614,002420,6.1800,6.2000,6.2000,6.1100,6.1200,4487928,27516974.0800,7007
20230614,002421,3.8000,3.8000,3.8100,3.7600,3.7800,24521065,92622392.1900,20819
20230614,002422,29.6200,29.3800,29.7900,29.0600,29.2500,15779638,462670594.2900,38783
20230614,002423,8.1200,8.1200,8.2300,8.1000,8.1100,19284800,157233199.0000,23061
20230614,002424,7.8800,7.9000,7.9600,7.8300,7.8500,17479989,137824041.3600,18405
20230614,002425,6.0300,6.0900,6.2500,6.0300,6.0800,54425544,333254792.7200,41202
20230614,002426,2.0700,2.0700,2.0700,2.0400,2.0400,19349100,39717252.0000,7032
20230614,002427,8.3200,8.3300,8.4300,8.1600,8.2100,6111800,50539238.0000,5205
20230614,002428,10.7000,10.8000,11.5500,10.6500,11.3600,33774041,378798156.8500,32150
20230614,002429,5.4400,5.4800,5.5100,5.3800,5.4200,27919233,151835991.4600,36316
20230614,002430,34.1800,34.1800,34.9800,34.0100,34.3900,3928984,135830905.3900,8101
20230614,002431,2.5200,2.5200,2.5300,2.5000,2.5100,7195300,18058233.0000,3222
20230614,002432,37.4500,37.3800,37.6000,36.5700,36.5700,8842153,327130669.4400,19602
20230614,002433,1.8400,1.8700,1.9100,1.8400,1.8900,24655800,46209018.0000,4350
20230614,002434,8.1700,8.1800,8.2500,8.1100,8.1800,11254258,92141877.4000,19011
20230614,002435,4.4300,4.4800,4.6400,4.4400,4.6400,26048884,119356484.6500,24249
20230614,002436,15.2700,15.5000,16.8000,15.5000,16.7900,117457156,1923095858.7100,101343
20230614,002437,1.9700,1.9700,1.9800,1.9500,1.9700,27382414,53862890.5800,10804
20230614,002438,11.1200,11.1400,11.1500,10.8600,10.9800,3880561,42686147.8500,8707
20230614,002439,32.4300,32.3400,32.5100,31.8000,31.9100,9061677,290438329.6000,29320
20230614,002440,7.0300,7.0500,7.0600,6.9800,6.9800,2033337,14258226.1300,2577
20230614,002441,11.2400,11.2400,11.2600,11.0100,11.1000,10561755,117531736.1800,18715
20230614,002442,4.8500,4.8600,4.8800,4.7800,4.8600,2744500,13274744.0000,5230
20230614,002443,6.4700,6.5000,6.5700,6.4600,6.4800,5910700,38454385.0000,8146
20230614,002444,18.7300,18.9800,19.0200,18.5000,18.6900,12680078,238322318.5600,25557
20230614,002445,2.5500,2.5400,2.5600,2.5100,2.5200,29121920,73670985.6000,8180
20230614,002446,9.0000,9.0000,9.0500,8.8900,9.0000,17695463,158904346.0300,22689
20230614,002448,6.7500,6.7400,6.8100,6.6800,6.7700,7068652,47692720.4600,13643
20230614,002449,9.0400,9.0900,9.0900,8.8800,8.9800,8159835,73056982.8100,12296
20230614,002451,6.8400,6.9900,7.0500,6.7800,6.8900,18261130,125691434.2000,21257
20230614,002452,7.0800,7.1400,7.1900,6.8400,6.8700,17980510,124916224.4000,17664
20230614,002453,10.4800,10.4400,10.7400,10.4300,10.6600,11315601,119907502.5500,8459
20230614,002454,8.2100,8.2900,8.3500,8.1200,8.2200,12539939,103101445.5700,21640
20230614,002455,7.3900,7.3600,7.4200,7.2300,7.2500,4718373,34356654.3600,6101
20230614,002456,5.1600,5.1800,5.6800,5.1400,5.6800,135016422,743406772.1000,57871
20230614,002457,8.6300,8.6000,8.7100,8.5700,8.6600,6105720,52729050.5200,5043
20230614,002458,12.1500,12.2000,12.2500,11.9000,11.9300,10144505,122163996.0100,13977
20230614,002459,37.7900,37.7800,38.0400,36.6100,36.9600,25407535,946990627.9600,58271
20230614,002460,63.2100,63.7000,63.9600,62.8600,62.8600,13488089,852920389.7100,34091
20230614,002461,9.1700,9.1700,9.3700,9.1700,9.2900,9563678,88879707.1100,17423
20230614,002462,14.3500,14.3500,14.4800,14.2900,14.3700,2805050,40374638.5000,4819
20230614,002463,22.5600,22.4000,23.8200,22.0700,23.2400,114194596,2613003606.2400,169255
20230614,002465,9.8100,9.8100,9.9300,9.7500,9.8700,19727206,194547348.1000,25075
20230614,002466,73.8700,74.3000,74.5500,73.0000,73.0100,23819095,1750054985.3700,62074
20230614,002467,5.3100,5.3400,5.4200,5.3100,5.4000,44111930,237443437.2000,31878
20230614,002468,11.8400,11.9400,11.9500,11.7100,11.7500,15146503,179027948.4100,24925
20230614,002469,5.9600,6.0000,6.0100,5.9300,5.9700,4999114,29783532.0900,5374
20230614,002470,1.8200,1.8600,1.9100,1.8300,1.9100,63421512,120226743.8800,5996
20230614,002471,2.4600,2.4600,2.5100,2.4400,2.5000,12774950,31659730.0000,8553
20230614,002472,24.7600,24.7400,27.2400,24.6500,27.2400,64677578,1714110707.7300,80607
20230614,002474,8.2200,8.2200,8.2200,8.0300,8.0800,19496718,158133038.7300,12528
20230614,002475,28.7600,28.9200,29.4900,28.4700,28.6400,69816936,2016667835.6000,97756
20230614,002476,4.3200,4.3400,4.3500,4.2700,4.2900,4165736,17911054.4700,4309
20230614,002478,6.8500,6.7900,6.9700,6.7500,6.7900,13148700,89827732.0000,21787
20230614,002479,4.5000,4.4800,4.5200,4.4600,4.4800,7422400,33260668.0000,8416
20230614,002480,4.5200,4.5300,4.5500,4.4800,4.5100,3204940,14457322.0000,6088
20230614,002481,4.4900,4.5100,4.6100,4.4600,4.5500,9320013,42476727.1500,10048
20230614,002482,1.8600,1.8400,1.9100,1.8300,1.8800,7302699,13648754.1400,1017
20230614,002483,5.1900,5.2100,5.2500,5.1500,5.2400,7216657,37534088.5400,10791
20230614,002484,19.5800,19.7600,19.8300,19.2800,19.5600,4516384,88425745.9000,13541
20230614,002485,3.9800,3.9800,4.1400,3.9800,4.0500,2185510,8880028.4000,1031
20230614,002486,2.9300,2.9300,2.9500,2.9100,2.9300,7555000,22172350.0000,7420
20230614,002487,32.3000,32.3000,32.4900,31.8500,32.0200,8296986,265649889.0300,20236
20230614,002488,6.8300,6.8900,6.8900,6.7600,6.8000,7786995,53029452.2100,11979
20230614,002489,4.0300,4.0400,4.0500,3.9700,3.9800,26951671,107933871.5800,17384
20230614,002490,4.0400,4.0300,4.0600,4.0000,4.0200,3001400,12073280.0000,3331
20230614,002491,7.0300,6.9900,7.6500,6.9400,7.4200,126847287,924150571.8800,73570
20230614,002492,5.9300,5.9300,5.9500,5.8800,5.9100,3307850,19572544.5000,5887
20230614,002493,11.6400,11.6400,12.1500,11.6000,12.1200,54879512,656838593.0500,46227
20230614,002494,4.5900,4.6100,4.6100,4.5200,4.5800,2964660,13536909.2000,5845
20230614,002495,2.4700,2.4700,2.5400,2.4600,2.5200,11531838,28980927.1800,9188
20230614,002496,2.3200,2.3000,2.5300,2.2300,2.4900,56498443,135995907.4900,15626
20230614,002497,18.7200,18.8100,18.8600,18.4100,18.4100,14832232,275633239.1300,23466
20230614,002498,3.9900,3.9900,3.9900,3.9500,3.9500,8246480,32656206.9000,7716
20230614,002500,5.7200,5.7100,5.7700,5.6800,5.6900,11710150,67024474.0000,11299
20230614,002501,1.5500,1.5500,1.5500,1.5100,1.5300,13237324,20227561.7200,4026
20230614,002502,2.0000,1.9800,2.0800,1.9600,2.0500,36161204,73292188.9600,5196
20230614,002503,0.4200,0.4200,0.4200,0.4200,0.4200,0,0.0000,0
20230614,002504,0.3800,0.3800,0.3800,0.3800,0.3800,0,0.0000,0
20230614,002505,1.8500,1.8500,1.9900,1.8300,1.9700,156030015,299952782.6900,42873
20230614,002506,2.8800,2.8800,2.8900,2.8700,2.8700,21424400,61668625.0000,9084
20230614,002507,24.3000,24.4500,24.7200,24.2300,24.5000,8115986,199052662.0300,15995
20230614,002508,25.9300,26.4400,26.4900,25.6000,26.0600,11486485,298417818.0000,21904
20230614,002510,3.8300,3.8400,3.8400,3.7800,3.8000,10202000,38829894.0000,8152
20230614,002511,12.2500,12.2500,12.4600,12.2200,12.4000,9755665,120790393.7800,15693
20230614,002512,4.1500,4.1500,4.1600,4.0800,4.1200,18772277,77189077.0300,16090
20230614,002513,4.8600,4.8600,4.8600,4.8600,4.8600,0,0.0000,0
20230614,002514,8.3600,8.3900,8.3900,8.2400,8.2600,8822200,73060562.0000,9338
20230614,002515,4.8700,4.8700,4.8900,4.8200,4.8200,6042572,29339105.3200,7378
20230614,002516,4.5800,4.6100,4.6500,4.5400,4.6100,7520102,34591285.2200,8500
20230614,002517,17.4300,17.2800,18.3400,17.2200,17.8800,81881783,1459637927.3300,66644
20230614,002518,38.7100,38.6500,39.2200,38.1700,38.2100,9231199,355663240.8400,28515
20230614,002519,6.1100,6.1100,6.1600,5.9500,6.0400,41291619,249587240.7400,27625
20230614,002520,5.5200,5.5200,5.5300,5.4300,5.4700,12336800,67565566.0000,11429
20230614,002521,6.1300,6.1300,6.3100,6.1100,6.2600,7898275,49276145.3000,9581
20230614,002522,5.0300,5.0300,5.0400,4.9800,5.0400,3920883,19646260.6600,3585
20230614,002523,2.7300,2.7300,2.7300,2.6900,2.7000,8641815,23381273.5000,6176
20230614,002524,6.3100,6.3000,6.3000,6.2500,6.2600,2273000,14258844.0000,2615
20230614,002526,2.3000,2.3100,2.3100,2.2800,2.3000,12037443,27659279.0600,7399
20230614,002527,8.0800,8.0000,8.3200,7.9700,8.2600,18118461,147733252.8200,31911
20230614,002528,9.9100,9.7600,9.8600,9.5800,9.6100,72017501,697003638.5300,64644
20230614,002529,13.9300,14.0900,14.0900,13.6000,13.7400,3885525,53582902.5000,10095
20230614,002530,8.8300,8.7100,9.0200,8.6500,8.7100,51403000,452820517.6000,54040
20230614,002531,15.3900,15.4400,15.5300,15.0900,15.1100,14275849,217532651.4900,32052
20230614,002532,6.2500,6.2500,6.6200,6.2500,6.4500,71399437,460848019.3100,35004
20230614,002533,7.8100,7.8500,7.8600,7.7600,7.8000,9272200,72377559.0000,15855
20230614,002534,16.5000,16.5000,16.7500,16.3600,16.5800,8927642,147321784.0700,12437
20230614,002535,3.1500,3.1500,3.1500,3.1500,3.1500,0,0.0000,0
20230614,002536,14.0000,14.5800,15.4000,14.1000,14.7600,142382173,2119848964.5400,146426
20230614,002537,6.9600,6.9700,7.0600,6.9300,6.9700,12513900,87457709.0000,8607
20230614,002538,6.6300,6.6100,6.6400,6.5800,6.6200,3205628,21166793.5200,2273
20230614,002539,8.8900,8.9200,8.9700,8.7700,8.8600,5762811,51195653.5700,9227
20230614,002540,5.4400,5.4400,5.4700,5.4200,5.4300,3902100,21227772.7500,7967
20230614,002541,30.5700,30.5700,30.9000,30.2000,30.3700,3378108,102981384.7800,11784
20230614,002542,2.8900,2.8400,2.8600,2.8200,2.8400,30002172,85131548.2600,8705
20230614,002543,7.7900,7.7900,8.1900,7.7300,8.0400,9316709,74207694.3600,8239
20230614,002544,21.9700,21.9700,22.4000,21.8400,22.1000,7186088,159191981.6300,14747
20230614,002545,7.3100,7.3400,7.3400,7.2600,7.2800,3540970,25841362.9000,4898
20230614,002546,6.1500,6.1700,6.1900,5.9200,5.9400,83832816,502079370.2000,48418
20230614,002547,4.6300,4.5500,4.6000,4.4800,4.5000,40602976,183569947.0800,30361
20230614,002548,6.0400,6.1800,6.1900,5.9000,6.0200,35926834,215930326.2800,23145
20230614,002549,11.4700,11.4800,11.5400,11.1400,11.1600,7763590,87163989.3000,12431
20230614,002550,5.1600,5.1500,5.2000,5.1300,5.1700,5995082,31025180.9400,5579
20230614,002551,3.8900,3.9000,3.9300,3.8800,3.9100,4553504,17799043.2600,3838
20230614,002552,19.2300,19.2600,19.4900,18.9000,18.9700,5011900,95841422.0000,10319
20230614,002553,11.5500,11.6300,12.3300,11.3500,12.2500,33740105,401634690.3800,30290
20230614,002554,3.6400,3.6500,3.6700,3.6300,3.6500,7886021,28801802.8400,3669
20230614,002555,34.1500,33.8700,35.8800,33.6600,35.0900,62732784,2188498517.1100,84014
20230614,002556,7.5300,7.5400,7.5400,7.4100,7.4500,6557480,48973546.4200,3411
20230614,002557,43.1200,43.3000,44.0800,43.1500,43.6300,3090246,135271538.0100,11824
20230614,002558,20.1300,19.8600,21.1000,19.5200,20.2400,70595724,1421872833.7000,83812
20230614,002559,7.7600,7.7400,7.9100,7.6200,7.8400,13503000,105014878.0000,23411
20230614,002560,7.8900,7.8200,8.0000,7.8000,7.9400,18651185,147558334.3700,26426
20230614,002561,9.3200,9.3200,10.1400,9.2800,9.8300,34015854,333453081.7200,41142
20230614,002562,4.2000,4.2000,4.2700,4.1800,4.2500,6282355,26627224.0800,4391
20230614,002563,6.2900,6.2900,6.3400,6.2700,6.2900,5081702,32034071.6600,13788
20230614,002564,3.7500,3.7500,3.7500,3.7500,3.7500,0,0.0000,0
20230614,002565,2.9900,3.0000,3.0100,2.9700,2.9900,13237993,39615982.0700,12537
20230614,002566,8.1600,8.1600,8.2600,8.1000,8.1900,2792100,22897081.0000,6685
20230614,002567,6.6600,6.6400,6.6600,6.5500,6.5700,22615107,149118312.4200,17587
20230614,002568,35.7600,35.8500,36.5100,35.5500,35.9300,9440775,340966769.6400,24548
20230614,002569,5.2900,5.2600,5.3000,5.2300,5.2700,796301,4194349.2300,342
20230614,002570,4.3600,4.3600,4.4000,4.3300,4.3500,12060389,52628956.5800,12903
20230614,002571,6.5200,6.5000,6.5400,6.3500,6.4000,9911501,63657291.4400,6480
20230614,002572,17.8300,17.9700,18.2300,17.6400,17.7500,9566792,171193752.2000,19832
20230614,002573,5.4300,5.4700,5.5300,5.4000,5.4600,5928989,32398698.2000,8465
20230614,002574,6.0500,6.0500,6.1500,6.0400,6.1100,4771442,29128931.0400,9347
20230614,002575,5.1800,5.2000,5.4700,5.1600,5.3600,7828669,42040878.9800,9950
20230614,002576,16.7000,16.6500,16.7300,16.4000,16.5900,4796600,79301011.0000,12276
20230614,002577,16.3400,16.3500,16.6000,15.9000,16.1200,9602890,154872928.8300,13762
20230614,002578,3.6200,3.6200,3.6500,3.5800,3.6300,4225600,15292103.0000,6745
20230614,002579,11.5900,11.3200,11.5500,11.0100,11.2300,92251942,1040280534.8500,79156
20230614,002580,8.8900,8.8900,8.9200,8.8000,8.8300,4128780,36533000.8000,4878
20230614,002581,17.9200,17.9500,18.5000,17.6400,18.3600,6104735,110031941.6100,8989
20230614,002582,8.1100,8.1100,8.3700,8.0600,8.2300,17914700,147686510.9800,29032
20230614,002583,5.9600,5.9600,6.0100,5.9100,5.9400,10723174,63814350.5600,14920
20230614,002584,5.2600,5.2800,5.3800,5.1900,5.3200,8801300,46647486.0000,10172
20230614,002585,9.0000,8.9800,9.0400,8.7800,8.8100,16598792,147104327.3200,18023
20230614,002586,2.4300,2.4300,2.5500,2.4100,2.5500,13359409,33796211.8600,1740
20230614,002587,8.1500,8.0000,8.0200,7.6600,7.7100,98597767,767722489.9300,70739
20230614,002588,6.1700,6.2000,6.2000,6.1400,6.1800,3790500,23373112.0000,6009
20230614,002589,3.4300,3.4300,3.4900,3.4200,3.4700,9291674,32203399.7800,6089
20230614,002590,9.1500,9.1700,9.3200,9.0900,9.2200,7881401,72679886.2400,10772
20230614,002591,6.2500,6.2400,6.2600,6.1700,6.1700,4284800,26579588.0000,5200
20230614,002592,4.3900,4.4200,4.4200,4.3600,4.3800,1351722,5920297.3400,513
20230614,002593,3.7400,3.7300,3.8100,3.7000,3.8000,12925425,48783771.7500,13363
20230614,002594,261.2200,262.6800,265.3900,261.5000,263.0000,12577600,3318766725.9300,58377
20230614,002595,34.6500,34.6600,34.6800,34.1900,34.4700,2073116,71190026.4800,8442
20230614,002596,2.9100,2.9100,2.9200,2.8600,2.9000,12894314,37340312.4600,6997
20230614,002597,22.9800,23.0900,23.1100,22.7600,22.7700,3882651,88977634.7500,8659
20230614,002598,10.6400,10.6400,10.6700,10.4300,10.4600,3319725,34811949.8200,7155
20230614,002599,10.8100,10.8800,11.1600,10.1600,10.3900,88527277,940008578.7300,98808
20230614,002600,6.5700,6.6200,6.6700,6.5300,6.6300,73472027,485104761.6900,52476
20230614,002601,16.1800,16.2100,16.4800,16.1100,16.2600,15570702,254184762.1600,25542
20230614,002602,7.5300,7.4800,7.7400,7.3000,7.5300,481387980,3621233503.3700,180584
20230614,002603,26.5400,26.5000,26.6900,26.3200,26.4700,12813285,340252444.8000,24437
20230614,002605,43.8300,43.1300,46.0900,42.2200,44.6300,16350142,730140202.6400,50064
20230614,002606,9.0700,9.0100,9.0700,8.8600,8.8900,8369926,74704655.3600,6954
20230614,002607,5.1000,5.1200,5.2400,5.0400,5.0900,291069337,1491520100.1600,111437
20230614,002608,6.7400,6.7600,6.8300,6.6000,6.6300,11032107,73550451.0800,15048
20230614,002609,11.7400,11.7400,11.9500,11.6800,11.8200,4220704,49826870.2400,9283
20230614,002610,2.4000,2.4100,2.4100,2.3700,2.3700,31356470,74612357.9000,12302
20230614,002611,5.1400,5.1600,5.2500,5.1300,5.2500,20908740,108882648.6600,30015
20230614,002612,23.4200,23.5100,24.1400,23.3700,23.7500,10025099,238960142.5900,23226
20230614,002613,4.5600,4.5700,4.5800,4.5100,4.5500,5413980,24623336.1000,5639
20230614,002614,7.7600,7.7800,7.8000,7.6900,7.7600,3703245,28616198.4000,4049
20230614,002615,6.0100,6.0100,6.0100,5.9200,5.9400,6398174,38124736.7800,6474
20230614,002616,4.9500,4.9300,4.9400,4.9000,4.9200,3584004,17628343.6000,6906
20230614,002617,7.3700,7.3500,7.3600,7.1800,7.2000,32967305,238656353.0700,29101
20230614,002620,5.2500,5.2700,5.2700,5.1900,5.2300,3065525,16021116.0000,6281
20230614,002621,4.3200,4.4400,4.4900,4.2600,4.3200,56488163,247204704.5200,32340
20230614,002622,3.1900,3.1800,3.2000,3.1300,3.1400,9326900,29425831.0000,11486
20230614,002623,25.4000,25.4900,25.5300,24.9000,24.9100,1736567,43579743.5500,3767
20230614,002624,19.0200,18.9000,19.6600,18.8200,19.1100,86739682,1664759933.5600,107468
20230614,002625,14.9000,14.9000,14.9600,14.7300,14.7700,7683643,113843567.3700,10951
20230614,002626,18.7800,18.8600,19.6300,18.6900,19.2400,5785349,111066810.9100,11125
20230614,002627,5.4100,5.4200,5.4300,5.3800,5.4100,2930420,15831012.8700,4419
20230614,002628,3.2900,3.2800,3.2900,3.2600,3.2700,6750500,22104807.0000,6893
20230614,002629,3.6300,3.6100,3.6400,3.5900,3.6100,2851000,10299171.0000,3390
20230614,002630,2.5100,2.5200,2.5200,2.4800,2.4900,13033060,32437212.8000,4612
20230614,002631,5.4200,5.4200,5.4500,5.3800,5.4200,1635000,8859261.0000,4473
20230614,002632,6.9700,6.9000,7.0200,6.8600,6.9300,8133400,56448132.0000,13836
20230614,002633,10.1100,10.1200,10.1200,9.9000,9.9400,1044800,10406582.0000,3246
20230614,002634,7.3200,7.3200,7.3500,7.2100,7.2100,2786800,20213401.0000,5371
20230614,002635,13.7200,13.7400,13.8900,13.5800,13.7800,6026150,82969656.7700,11863
20230614,002636,9.2800,9.2500,9.3800,9.2500,9.3300,4967112,46330323.4800,9949
20230614,002637,9.9400,9.9000,10.1100,9.8800,10.0000,1149514,11474728.7200,3323
20230614,002638,3.9200,3.7600,3.7800,3.5400,3.5500,174664959,634631745.2000,77299
20230614,002639,7.6900,7.7000,7.8000,7.6100,7.7400,11389404,87751152.3900,9326
20230614,002640,3.8500,3.8500,3.8500,3.8000,3.8200,29411248,112270977.3600,14055
20230614,002641,5.6200,5.5900,5.6700,5.5600,5.5800,15328732,85886535.9000,17036
20230614,002642,7.3100,7.3200,7.4200,7.2100,7.2400,33340101,243372899.2300,25663
20230614,002643,16.2600,16.1800,16.6500,16.1200,16.4900,5505000,90196965.1200,12587
20230614,002644,11.6400,11.6600,11.8100,11.5600,11.6700,6242117,72909958.2500,12832
20230614,002645,11.5900,11.6400,11.6400,11.3500,11.5200,3664646,41981279.9200,6763
20230614,002646,14.2300,14.1200,14.7300,14.1200,14.6600,10976097,160005468.8500,20865
20230614,002647,5.3500,5.3800,5.3800,5.2900,5.2900,4852100,25814782.0000,7311
20230614,002648,14.1900,14.2000,14.8000,14.1100,14.5400,16626067,242413237.2000,31576
20230614,002649,15.9800,15.9600,16.5000,15.9400,16.2600,36050827,584893862.6600,61657
20230614,002650,3.8800,3.8900,3.9500,3.8100,3.8600,11132700,42995259.0000,10783
20230614,002651,7.1900,7.1900,7.3500,7.1500,7.3200,7094500,51596558.0000,13536
20230614,002652,2.6600,2.6400,2.6700,2.6100,2.6200,7808800,20619015.0000,7123
20230614,002653,23.0000,23.0000,23.4900,22.7300,22.8000,3389463,78052930.8600,10744
20230614,002654,8.7500,8.6400,8.7900,8.3000,8.5800,116083922,991583456.4200,79930
20230614,002655,12.8500,12.7500,13.0300,12.7500,12.9000,4412600,56938044.0000,8568
20230614,002656,2.0600,2.0600,2.0600,2.0600,2.0600,0,0.0000,0
20230614,002657,16.9400,17.0000,17.0400,16.7000,16.8300,6372100,107289723.0000,11524
20230614,002658,8.3200,8.3200,8.3200,8.1100,8.1500,7859014,64392196.6000,11633
20230614,002659,5.3000,5.2800,5.6900,5.2800,5.4500,54294500,298402055.0000,56165
20230614,002660,9.4700,9.4900,9.4900,9.3200,9.4100,4077200,38267485.0000,8193
20230614,002661,11.1800,11.1800,11.3100,11.1300,11.2700,2825900,31785145.0000,4976
20230614,002662,3.2100,3.2300,3.2400,3.1800,3.2100,13108486,42064746.4200,12872
20230614,002663,1.8200,1.8300,1.8900,1.8100,1.8900,29737213,55419377.9700,9140
20230614,002664,13.2800,13.3700,13.4900,13.1600,13.1800,4907792,65041454.7100,11472
20230614,002665,3.8700,3.8700,3.8900,3.7800,3.8000,55910061,213217999.1000,22897
20230614,002666,4.9300,4.9600,4.9600,4.8600,4.8600,5379100,26319983.0000,9954
20230614,002667,16.6700,17.0100,17.5000,16.5000,16.6900,16221950,274243928.2000,25798
20230614,002668,7.9000,7.9000,8.4900,7.8500,8.3000,40953657,336554714.7200,28049
20230614,002669,11.8900,11.9100,12.0000,11.7700,11.7900,3475987,41163933.0800,7154
20230614,002670,8.0100,8.0100,8.0700,7.9500,7.9700,6739906,54013068.6400,6499
20230614,002671,4.2500,4.2500,4.2800,4.2100,4.2300,2778000,11768190.0000,5492
20230614,002672,5.8700,5.8500,5.9000,5.7900,5.8800,4482325,26120233.2500,3606
20230614,002673,6.4200,6.4300,6.4900,6.4100,6.4100,14852242,95646897.9000,11474
20230614,002674,10.9000,10.9800,10.9900,10.8100,10.9800,1436100,15674446.0000,4528
20230614,002675,14.3100,14.3300,14.6100,14.2600,14.4600,3749059,54308220.5400,9738
20230614,002676,3.8500,3.8800,3.9000,3.8300,3.8900,5161509,20003317.9200,8129
20230614,002677,10.5000,10.5000,10.6000,10.4500,10.5400,2001383,21067737.8200,4400
20230614,002678,6.0300,6.0400,6.0800,6.0100,6.0500,2305530,13939348.0000,4340
20230614,002679,12.2200,12.1900,12.3600,12.0700,12.0900,3953926,48319934.9400,6206
20230614,002681,5.1100,5.0900,5.1500,5.0100,5.1300,69591244,353360176.3400,34157
20230614,002682,4.0900,4.0900,4.1500,4.0700,4.1200,5614496,23123632.1800,6004
20230614,002683,28.2500,28.2800,28.7800,28.2200,28.3000,4250057,120940670.6000,10666
20230614,002685,3.7000,3.7100,3.7100,3.5900,3.6000,20366700,73884950.0000,15065
20230614,002686,6.6800,6.6700,6.7600,6.6000,6.6900,6295900,42000415.0000,7925
20230614,002687,4.6600,4.6800,4.6800,4.6000,4.6400,2896970,13439364.6000,5949
20230614,002688,4.5600,4.5600,4.5600,4.5100,4.5400,3751305,17034345.1500,7546
20230614,002689,4.3200,4.3500,4.3900,4.2400,4.3700,31381940,135892620.5300,19878
20230614,002690,24.8000,24.8200,25.4600,24.6900,24.9300,3429526,86076615.7900,9711
20230614,002691,5.9000,5.9000,5.9800,5.8600,5.9000,2526100,14890533.0000,4764
20230614,002692,3.7900,3.7800,3.8100,3.7700,3.8000,1168200,4433353.6000,189
20230614,002693,5.8900,5.8600,5.9600,5.8600,5.9500,4618000,27329448.0000,8218
20230614,002694,5.1200,5.1300,5.4800,5.0800,5.3300,7079780,37422039.8000,7840
20230614,002695,11.0200,11.0000,11.2600,11.0000,11.1800,3343406,37352953.7800,8645
20230614,002696,6.2900,6.3500,6.6500,6.2900,6.5200,19436604,126222857.1100,14946
20230614,002697,5.9100,5.9400,6.0700,5.8700,6.0000,44003763,264043746.5700,48750
20230614,002698,15.0500,15.1400,15.3600,14.9100,15.1900,4242650,64083740.5000,11352
20230614,002699,1.5700,1.5500,1.6200,1.5500,1.5800,46715383,74131767.7400,6319
20230614,002700,4.5200,4.5200,4.5700,4.4900,4.5500,857400,3878666.0000,265
20230614,002701,4.4600,4.4600,4.5000,4.4300,4.4800,11905763,53211174.2600,14502
20230614,002702,5.4000,5.3800,5.5600,5.3700,5.4900,10838930,59557459.1000,11811
20230614,002703,9.9400,9.9800,10.4800,9.6200,9.8300,132526423,1332916532.1900,121766
20230614,002705,17.5900,17.5200,17.9900,17.5200,17.8300,7527593,134003935.3900,15881
20230614,002706,10.3300,10.3500,10.4900,10.2300,10.3700,8713115,90330518.1100,15029
20230614,002707,7.8700,7.8300,7.9600,7.8000,7.8700,14656443,115870246.7300,15201
20230614,002708,6.5300,6.5400,6.6500,6.4500,6.6000,13145084,86172558.7200,17759
20230614,002709,39.1500,39.1500,39.3800,38.6000,38.7600,16118146,627263992.4500,33091
20230614,002712,8.1500,8.0500,8.3100,7.9000,8.0300,30418630,245565704.2000,45367
20230614,002713,9.0200,8.9800,9.0900,8.9700,9.0300,5603720,50571879.8000,10458
20230614,002714,40.7600,40.7600,41.0500,40.6000,40.6700,11352650,463412411.1900,23513
20230614,002715,13.5600,13.6200,13.9100,13.5100,13.8800,1497500,20629056.0000,5221
20230614,002716,2.9000,2.9000,2.9100,2.8800,2.9000,9157010,26529464.0000,3248
20230614,002717,3.5500,3.6100,3.8400,3.5500,3.6500,292980515,1077566620.9500,102794
20230614,002718,15.0400,15.0100,15.1200,14.6900,15.0300,1053850,15692506.0000,3017
20230614,002719,9.7400,9.7700,10.1900,9.7200,10.0800,11118082,111562104.2000,15612
20230614,002721,3.5800,3.5800,3.6200,3.5400,3.5900,5800000,20735329.0000,1311
20230614,002722,13.6400,13.6400,13.7200,13.5100,13.5600,958000,13019099.0000,2134
20230614,002723,10.3000,10.2900,10.4300,10.2300,10.4200,6038286,62544071.3400,9001
20230614,002724,8.1700,8.1500,8.3000,8.1100,8.2700,3161212,25994398.1700,7222
20230614,002725,10.4100,10.1500,11.4500,10.1500,11.4500,37000733,406762572.5000,25072
20230614,002726,8.4500,8.4500,8.4800,8.3900,8.4400,3532429,29805915.0500,3650
20230614,002727,26.3600,26.3000,28.2800,26.2800,27.7000,11406266,314491084.2800,36246
20230614,002728,15.7400,15.6800,16.1600,15.5600,16.1200,17740361,283641124.0200,26906
20230614,002729,21.2700,20.7400,21.3000,20.6400,20.8800,11040278,230861042.0400,20894
20230614,002730,9.0300,8.9500,9.0700,8.9100,9.0000,3050920,27379815.6000,7125
20230614,002731,12.8400,12.9800,12.9800,12.8300,12.8800,730500,9418705.0000,2468
20230614,002732,22.4100,22.6300,22.6300,22.2200,22.4000,883094,19849226.7600,3621
20230614,002733,16.0900,16.1000,16.1500,15.7400,15.7800,4186175,66586591.7500,7249
20230614,002734,9.2200,9.2100,9.2400,9.1600,9.2200,1632984,15037804.8000,3941
20230614,002735,13.9900,13.9600,13.9600,13.7300,13.8400,2089960,28925877.8000,4856
20230614,002736,9.1200,9.1500,9.2100,9.1200,9.1200,9358270,85803551.9000,12735
20230614,002737,24.0500,24.1900,24.6200,23.9600,24.1000,4802349,116293088.1800,13657
20230614,002738,56.1200,56.5700,56.7700,54.8800,55.3800,10757544,598229238.4000,29909
20230614,002739,12.4400,12.4000,12.7300,12.3500,12.4300,30278194,379407882.4000,37894
20230614,002740,2.5300,2.6600,2.6600,2.5900,2.6200,20091300,53215887.0000,2111
20230614,002741,16.9300,16.9600,17.0300,16.6300,16.6500,3044965,51038875.4300,5848
20230614,002742,3.2200,3.2300,3.3700,3.2200,3.3600,4705050,15600575.5000,1316
20230614,002743,5.5200,5.5400,5.5700,5.4700,5.5400,3499000,19326976.0000,8694
20230614,002745,9.0800,9.0800,9.1600,9.0700,9.0900,7894560,71890164.6000,13037
20230614,002746,8.4100,8.4000,8.4600,8.2600,8.3000,13932681,115958016.2600,19229
20230614,002747,23.5700,23.5000,24.1500,23.1500,23.9300,13720306,325017982.3600,31356
20230614,002748,8.9800,9.0500,9.0500,8.8400,8.9000,1481500,13176807.0000,4464
20230614,002749,11.0600,11.1300,11.1300,10.7300,10.8600,4778526,51839476.8200,11271
20230614,002750,9.1400,9.1400,9.2500,9.0700,9.1800,2276521,20896024.7800,3369
20230614,002751,4.9400,4.9400,4.9400,4.9400,4.9400,0,0.0000,0
20230614,002752,4.6700,4.6900,4.7000,4.5900,4.6200,7310515,33901189.0500,9392
20230614,002753,7.1300,7.1500,7.1600,7.0100,7.1200,2050613,14495389.4300,4175
20230614,002755,9.3700,9.3800,9.5300,9.3300,9.3700,2605310,24546868.6000,5494
20230614,002756,64.6300,64.9900,65.3000,63.6500,64.0200,6175842,396168803.4700,18242
20230614,002757,16.6900,17.0100,17.7800,16.5000,16.6100,55699825,953402557.6100,68677
20230614,002758,12.1100,12.0500,12.4000,11.9900,12.3000,5389475,65846517.1900,6700
20230614,002759,13.7300,13.7000,13.7500,13.4200,13.4300,3318223,44888391.8900,6067
20230614,002760,26.0800,26.0000,27.7200,25.6000,27.3100,5056700,136249376.0000,9352
20230614,002761,15.5000,15.4900,15.6500,15.2600,15.2600,25727893,395818109.5400,33836
20230614,002762,10.3600,10.3000,10.8600,10.1300,10.5400,53608537,563950033.1100,58388
20230614,002763,8.4100,8.4100,8.4900,8.2700,8.4000,2769300,23253525.4000,7575
20230614,002765,7.0400,7.1000,7.1100,6.9600,7.0000,10456700,73317744.0000,14262
20230614,002766,5.6200,5.6400,5.7200,5.5100,5.5600,20897312,116393952.4200,20945
20230614,002767,13.2700,13.2300,13.3400,13.1500,13.2400,1260800,16691583.0000,4341
20230614,002768,23.5600,23.6800,23.6800,23.3300,23.4100,968593,22712995.7100,3823
20230614,002769,8.0100,8.0200,8.0700,7.9600,7.9900,1369744,10961976.4400,2244
20230614,002771,13.4700,13.4800,14.0000,13.4400,13.9800,16505090,227092373.4000,20332
20230614,002772,10.6100,10.6100,10.7500,10.5200,10.6000,6132696,65207793.8400,12127
20230614,002773,18.7000,18.6600,18.9700,18.5200,18.8600,6755492,127182721.1200,16495
20230614,002774,7.3100,7.3700,7.4100,7.3100,7.3500,2315400,17067603.0000,6139
20230614,002775,3.7000,3.7200,3.7200,3.6700,3.7000,2683464,9921320.2400,5476
20230614,002776,2.9200,2.9400,2.9400,2.7900,2.8300,5663752,16089620.4000,1209
20230614,002777,34.4700,33.9000,35.5300,33.4000,35.3300,42739752,1471434616.5000,81468
20230614,002778,14.5600,14.5700,14.6900,14.3100,14.3900,1133400,16416551.0000,2571
20230614,002779,24.7500,24.7200,25.2600,24.5200,25.1100,490350,12235551.0000,2316
20230614,002780,13.8000,13.7900,14.0000,13.5900,13.7800,2755863,38000211.9400,8074
20230614,002781,0.4500,0.4400,0.4500,0.4100,0.4100,14776048,6328630.6800,938
20230614,002782,14.8900,14.9500,14.9600,14.7000,14.7300,3397677,50271820.7700,9895
20230614,002783,8.3000,8.3200,8.3300,8.2200,8.2900,1966665,16280433.8500,4637
20230614,002785,22.1200,22.1600,22.6100,21.9000,22.1200,3825636,85083980.9600,10565
20230614,002786,5.7800,5.7100,5.7700,5.6200,5.6400,7622400,43315612.0000,10979
20230614,002787,7.0400,6.9900,7.1200,6.9900,7.1000,4194100,29654709.0000,7111
20230614,002788,9.0300,9.2000,9.2800,9.1000,9.1600,7539311,69244082.2800,9508
20230614,002789,14.8200,14.7600,14.8200,14.5800,14.6300,1298600,19053840.0000,3535
20230614,002790,8.9900,8.9700,9.3700,8.9700,9.3100,5653241,52248375.0700,7824
20230614,002791,66.9900,67.0200,69.2000,66.6000,68.0100,4617784,314982831.6300,16873
20230614,002792,16.1900,16.1500,17.2300,16.0600,17.1700,38799831,651366194.2400,44726
20230614,002793,5.2000,5.2100,5.5000,5.1800,5.4300,17722065,94993586.5300,18613
20230614,002795,8.4400,8.4300,8.5500,8.3000,8.4800,4780756,40282960.3200,7894
20230614,002796,11.2500,11.3300,11.3300,11.1200,11.2500,6002456,67386592.8600,10551
20230614,002797,5.7600,5.7600,5.8100,5.7200,5.7300,26750239,154251001.8100,10916
20230614,002798,6.8100,6.8400,6.8800,6.7700,6.8000,2943145,20073248.3500,6914
20230614,002799,12.3300,12.3500,12.3800,12.0900,12.1500,2697113,32910314.3400,5119
20230614,002800,15.2000,15.1000,15.6000,15.0500,15.2000,1291820,19749932.4000,1605
20230614,002801,23.6100,23.6600,23.7800,23.2900,23.3000,537200,12562464.0000,2088
20230614,002802,10.6800,10.7200,10.7200,10.5400,10.6600,860361,9155820.8600,2394
20230614,002803,23.8600,24.2000,24.4300,22.8100,23.1800,40663939,951646828.9600,68924
20230614,002805,21.8900,21.9000,21.9900,21.0000,21.2300,7313583,157243270.1800,15780
20230614,002806,12.8400,12.8800,12.9800,12.4800,12.6000,15562799,196734423.6100,20346
20230614,002807,3.8200,3.8200,3.8300,3.7600,3.7800,19127320,72675931.4000,10099
20230614,002808,6.0600,6.0400,6.2300,6.0100,6.1100,11793817,72193302.0600,5237
20230614,002809,10.5400,10.5100,11.0800,10.5000,10.8800,7698561,83579687.0200,11455
20230614,002810,17.2200,17.1500,17.2900,17.0600,17.1500,3100453,53240016.0100,7261
20230614,002811,7.9300,7.9200,8.3300,7.9200,8.2700,3641350,29826046.0000,8089
20230614,002812,91.3000,91.3000,91.7500,90.3700,90.5500,4735274,429986678.3800,19351
20230614,002813,34.9900,35.0400,35.7800,34.5000,35.1200,5476460,192775221.7000,14682
20230614,002815,12.3800,12.3600,12.4400,12.1800,12.2900,6847615,84261154.3500,13397
20230614,002816,9.3500,9.3900,9.4400,9.3000,9.4000,543100,5093072.0000,579
20230614,002817,8.5700,8.5800,8.5900,8.5200,8.5400,2199566,18786717.7600,5335
20230614,002818,13.6400,13.7000,13.7900,13.6200,13.7600,2834772,38942909.1400,7524
20230614,002819,32.7200,32.4300,33.3300,32.4300,33.0200,4582700,151029987.0000,10381
20230614,002820,11.1700,11.2000,11.4900,11.1000,11.4000,12120660,137477913.8000,24987
20230614,002821,132.3600,132.0000,134.0400,129.7000,130.1500,2991608,394058433.8800,14481
20230614,002822,4.6200,4.6100,4.6600,4.5500,4.6400,21278200,98280075.0000,13542
20230614,002823,10.5400,10.5500,10.7500,10.3900,10.7500,9650891,102337449.9100,12101
20230614,002824,29.6300,29.7500,29.8500,29.1000,29.3100,4176517,122962057.7600,11649
20230614,002825,12.3900,12.3800,12.4000,12.2500,12.2700,1769696,21773020.9600,2925
20230614,002826,10.9100,10.9200,11.0200,10.8400,10.8600,2151900,23511909.0000,4466
20230614,002827,11.5500,11.5500,11.6500,11.3800,11.6300,5101150,58913265.0000,8038
20230614,002828,8.1000,8.0900,8.1500,8.0600,8.1400,2147200,17407873.0000,3742
20230614,002829,38.1000,37.8100,38.2600,37.6600,38.0500,1578800,59948703.0000,4871
20230614,002830,12.3800,12.3800,12.4900,12.2500,12.3200,822000,10164923.0000,2920
20230614,002831,24.7100,24.7100,24.9100,24.4800,24.5000,3140517,77437334.1000,7187
20230614,002832,33.0700,32.8800,34.2900,32.8800,34.0200,2754089,93001849.3700,7580
20230614,002833,17.4100,17.3000,17.9200,17.3000,17.5900,4557435,80400761.3500,10326
20230614,002835,16.9300,16.8100,17.0800,16.8100,16.8800,5639000,95519624.0000,10170
20230614,002836,7.9200,7.9200,7.9800,7.8500,7.9500,1369844,10857335.5600,3527
20230614,002837,32.0800,32.1700,33.0000,31.2800,32.4100,22603925,726323037.1200,40661
20230614,002838,17.0100,16.9700,17.1600,16.9100,17.0300,2362134,40206000.8700,4004
20230614,002839,4.3100,4.3100,4.3100,4.2500,4.2600,13000173,55665547.8300,10364
20230614,002840,15.5400,15.4400,15.5600,15.1100,15.1700,4731709,72233020.5200,10858
20230614,002841,66.2800,66.7600,68.4700,66.6600,66.9100,3172324,213771822.1200,11434
20230614,002842,8.3100,8.3000,8.3800,8.2100,8.3300,2064273,17139516.5500,4382
20230614,002843,19.5000,19.5000,19.6900,19.1300,19.2000,6716311,129577645.9300,12197
20230614,002845,16.3500,16.1900,16.3400,15.8800,15.9600,12731320,204560142.1100,17050
20230614,002846,10.7400,10.6500,10.9000,10.4200,10.7500,17798584,190170883.6400,24482
20230614,002847,82.0100,82.6000,84.5000,81.5300,84.3200,1020989,85411284.5200,4925
20230614,002848,9.4100,9.4500,9.7500,9.3000,9.7400,7643426,73257025.5600,12053
20230614,002849,16.8500,16.8600,18.5400,16.7400,18.5400,13101640,232859383.6000,21673
20230614,002850,119.2000,120.0000,120.3300,116.7000,118.6100,1749463,206378447.3200,9232
20230614,002851,30.0000,30.1100,30.4300,29.8800,30.1200,2088337,62872700.9900,7741
20230614,002852,14.2100,14.2000,14.2000,13.8400,14.0600,4498900,62984684.1600,10913
20230614,002853,18.8500,18.8400,19.7000,18.7800,18.9800,2482500,47666067.0000,6617
20230614,002855,10.3900,10.3600,10.3900,10.2000,10.3000,2955900,30415613.0000,7138
20230614,002856,9.8500,9.8700,9.9100,9.7000,9.7800,1299200,12762239.0000,3106
20230614,002857,19.6800,19.6800,20.3800,18.9900,19.9700,2607220,51184173.2000,5195
20230614,002858,25.4000,25.5200,26.3900,25.1200,25.3000,9759600,250497181.0000,27898
20230614,002859,26.9800,26.9500,29.4900,26.8600,28.8200,8327312,236410092.0900,21659
20230614,002860,13.2600,12.8700,12.8900,12.4100,12.6500,9432274,119049025.0200,18886
20230614,002861,11.4600,11.4700,11.4700,11.1600,11.3200,2413970,27204771.6000,7646
20230614,002862,18.3900,17.9500,18.3900,17.7100,18.0600,2064297,37361635.3800,5493
20230614,002863,6.1800,6.2000,6.4500,6.1600,6.2600,30814520,193249340.3300,23620
20230614,002864,41.6400,41.6400,42.7900,40.8600,42.7300,4737309,199597663.1900,14568
20230614,002865,127.0400,125.8800,126.8800,121.9800,122.6900,6227196,767371133.1800,25462
20230614,002866,24.6800,24.8400,24.8400,24.2300,24.3200,4481950,109394319.5000,12329
20230614,002867,17.1200,17.0700,17.5500,16.9700,17.3600,6939008,119975184.5300,16488
20230614,002868,35.9900,36.5400,36.8300,35.6000,35.6900,1988795,71474559.9000,8554
20230614,002869,24.2800,24.2300,24.4500,23.8900,24.0600,3352500,80968663.0000,8514
20230614,002870,32.9200,32.8700,33.8000,32.0000,33.3000,4583000,151822317.0000,16533
20230614,002871,12.5300,12.5800,12.5800,12.2600,12.3400,1505768,18599978.9800,3987
20230614,002872,5.0100,4.9900,5.0200,4.9800,5.0100,759350,3800237.0000,276
20230614,002873,13.8600,13.8000,13.9600,13.7700,13.8500,2827120,39229277.4400,5492
20230614,002875,12.8600,12.7200,13.1500,12.7000,13.0200,11305720,146959350.6000,19105
20230614,002876,32.2400,32.2700,32.3000,31.2600,31.3900,4863257,153532066.6000,11042
20230614,002877,8.9000,8.9000,9.0100,8.7600,8.9600,5638490,50081664.1000,9873
20230614,002878,19.0600,19.0300,19.5400,18.9400,19.0700,7989900,153698534.7500,17690
20230614,002879,15.8500,15.8400,15.8400,15.3700,15.4000,1700600,26328361.0000,4784
20230614,002880,39.4300,39.2300,39.4000,38.6000,38.8900,1840280,71666122.4000,8590
20230614,002881,36.6800,36.6600,36.9600,35.2900,35.4900,7352289,263845681.2600,17278
20230614,002882,14.8400,14.8800,14.8800,14.4100,14.4600,7627916,111061877.0000,11197
20230614,002883,11.8100,11.8100,11.9000,11.4800,11.5200,6738816,78283139.2600,7846
20230614,002884,14.0600,14.1000,14.1400,13.9700,14.0700,698632,9831179.2400,2358
20230614,002885,19.7900,19.7500,19.8300,19.3700,19.4500,5045934,98509112.2000,13862
20230614,002886,17.8000,17.7200,18.3900,17.4800,18.1700,2793300,50222371.9000,6516
20230614,002887,8.8800,8.9000,8.9500,8.7900,8.9200,1869635,16631446.2000,4662
20230614,002888,15.6700,15.5800,15.7500,15.3500,15.5400,3714890,57614515.5000,6581
20230614,002889,20.9600,20.9700,22.5100,20.5000,22.1300,14854931,322046784.1200,28057
20230614,002890,13.5200,13.6500,13.8000,13.2400,13.6000,1738674,23569553.8800,6410
20230614,002891,25.1800,25.1900,25.2800,24.7800,24.9100,2009348,50294163.9900,6171
20230614,002892,10.8400,10.7400,10.9300,10.6200,10.7000,17814977,191269852.2500,14212
20230614,002893,10.1400,10.1000,10.1100,9.9000,9.9500,7089682,70725101.6600,14973
20230614,002895,19.7900,19.8000,19.9500,19.4000,19.5000,4899371,95927050.3400,14927
20230614,002896,26.9200,26.9600,29.6100,26.6600,29.6100,17273660,492777587.7600,25502
20230614,002897,51.8400,52.0000,53.9900,49.9300,52.0100,23037459,1195041043.7100,51143
20230614,002898,10.8900,10.9200,10.9400,10.7600,10.9200,1111820,12084313.7000,3458
20230614,002899,14.7400,14.7500,14.8000,14.5100,14.5600,1351300,19708999.0000,4238
20230614,002900,12.9400,12.9100,13.2200,12.8500,13.0800,2397950,31269575.5000,5955
20230614,002901,30.7600,30.7700,31.6900,30.4000,31.6400,1985420,62065913.5200,6663
20230614,002902,31.4100,30.6000,33.3700,30.5500,32.7000,39141305,1256070689.7200,78978
20230614,002903,25.4000,25.3000,27.0000,24.6800,26.8500,11506175,297888859.1100,22906
20230614,002905,11.5700,11.8200,12.1200,11.3500,11.5400,43792667,515752409.1600,53081
20230614,002906,31.5000,31.3100,31.6600,30.9500,31.2700,16522851,516771058.4300,38043
20230614,002907,15.0500,15.0000,15.1500,14.9100,15.0900,1551169,23360595.3800,5783
20230614,002908,16.9300,16.9300,17.1200,16.7100,16.8700,11214533,189394761.0600,23769
20230614,002909,7.5700,7.6000,7.6200,7.4700,7.4800,3197233,24035032.8400,5689
20230614,002910,11.5300,11.5000,11.7600,11.4900,11.6300,3238000,37753392.0000,6466
20230614,002911,12.4000,12.4600,12.4600,12.3200,12.3500,1455855,18007056.6500,2923
20230614,002912,43.4700,43.4700,44.2100,42.8500,43.9500,2524065,110150842.4200,12283
20230614,002913,43.9900,41.8500,42.2200,40.0300,41.5200,14237251,588394527.9600,35230
20230614,002915,16.2700,16.2300,16.3400,15.9100,16.1600,1472770,23782723.6600,4065
20230614,002916,79.6500,79.2100,80.2600,78.0000,79.2900,3977065,314301580.0800,15249
20230614,002917,11.1100,11.0800,11.2500,10.9600,11.1500,4244489,47250993.2400,9582
20230614,002918,15.8900,15.9900,16.5400,15.9500,16.1700,5741948,93162544.5500,15408
20230614,002919,41.9200,41.4900,42.5800,40.8800,41.2000,5474731,226925307.4000,19513
20230614,002920,135.5300,135.5300,138.3300,132.2600,136.3200,12620527,1705765413.5400,59185
20230614,002921,13.8600,13.8500,14.0100,13.7400,13.9500,2672925,37128534.6500,5265
20230614,002922,13.6700,13.6300,13.6700,13.1700,13.1800,7743775,103255726.3200,14327
20230614,002923,13.3900,13.3900,13.3900,12.9800,13.0600,3976308,52251815.0800,6757
20230614,002925,19.1900,19.1900,19.2800,19.0500,19.1100,5539730,105969666.0900,11704
20230614,002926,8.2300,8.2500,8.3400,8.2200,8.2300,9566395,79124683.3100,12032
20230614,002927,13.9200,13.8700,13.9500,13.5900,13.8400,5025746,69192520.9200,9531
20230614,002928,8.5900,8.5900,8.6600,8.4600,8.4800,11320165,96604695.4500,20727
20230614,002929,40.4200,40.6700,42.2900,40.2900,41.7500,5829032,242048717.0000,18036
20230614,002930,22.2600,22.2600,22.6500,22.2000,22.3400,825895,18534840.6100,3414
20230614,002931,10.9400,11.0600,11.0600,10.8200,10.8700,1681668,18311337.3600,3663
20230614,002932,27.8400,27.7800,27.9600,27.4100,27.5000,1731566,47888051.6500,4971
20230614,002933,27.1400,27.1300,27.1300,26.5800,26.7000,1213300,32493718.0000,4639
20230614,002935,19.2800,19.2200,19.6100,19.0200,19.4000,4849585,93745339.1700,10440
20230614,002936,2.2900,2.3000,2.3000,2.2700,2.2700,24518226,55917380.5600,9318
20230614,002937,23.8900,23.9400,24.1000,23.6200,23.9900,2023085,48438301.7100,6449
20230614,002938,24.8700,24.7500,25.0700,24.4400,24.8100,11622838,287568381.5500,23302
20230614,002939,8.4500,8.4600,8.5200,8.4000,8.4200,16831628,142237331.2000,10368
20230614,002940,19.2400,19.1700,19.4000,18.4500,18.8600,4614092,86827426.2500,11923
20230614,002941,15.3100,15.3900,16.1800,15.2700,15.9500,19341324,307043433.7400,24458
20230614,002942,18.0600,18.0600,18.0600,17.7300,17.8800,246600,4405209.8000,994
20230614,002943,29.1800,29.0700,29.3400,28.6000,28.8900,1307524,37660993.4500,5250
20230614,002945,13.4900,13.5200,13.6400,13.4300,13.4400,5232459,70790179.9100,5994
20230614,002946,15.8800,15.9100,16.3300,15.8200,16.1000,3363993,54278668.6600,9855
20230614,002947,20.5500,20.6800,20.6800,20.2300,20.3900,2192152,44676120.4900,7609
20230614,002948,3.3600,3.3600,3.3800,3.3300,3.3400,18124430,60800930.0000,15848
20230614,002949,14.3700,14.3600,14.4600,14.1500,14.1800,1866900,26602035.0000,5171
20230614,002950,10.3100,10.3100,10.4100,10.2500,10.2900,2162752,22334084.0800,5040
20230614,002951,9.9600,9.9500,9.9900,9.8500,9.9200,1750200,17354939.0000,3028
20230614,002952,17.1800,17.3500,17.4600,16.9800,17.2900,1842950,31738009.0000,6744
20230614,002953,12.5200,12.8200,12.9100,12.4200,12.6000,24417383,307850235.0500,32719
20230614,002955,24.8500,24.9000,25.9900,24.8000,25.7100,7500475,191024872.5500,16508
20230614,002956,16.2000,16.2000,16.6600,16.0500,16.5100,1687833,27707594.6600,6163
20230614,002957,18.1500,18.1500,18.1500,17.7200,17.8800,8263460,147864928.8100,21177
20230614,002958,2.7500,2.7600,2.7700,2.7400,2.7400,15355356,42264241.4400,5958
20230614,002959,86.2100,86.0100,87.0800,85.3000,86.2200,840185,72417288.1000,5092
20230614,002960,17.0800,16.8600,17.7700,16.8200,17.4300,14726626,256775674.3600,29224
20230614,002961,14.2800,14.3300,14.5500,14.1900,14.3800,1985190,28479257.2000,3920
20230614,002962,12.0300,12.0100,12.2500,11.8000,12.1500,8178786,98392190.0600,12694
20230614,002963,14.2400,14.4300,14.4700,14.1200,14.3100,1336100,19097833.0000,3861
20230614,002965,50.8100,50.9000,50.9000,49.5000,49.9300,4208470,210578992.2400,16316
20230614,002966,6.8900,6.9100,6.9100,6.7300,6.7600,20611439,140482653.8300,21189
20230614,002967,19.2300,19.2900,19.4800,18.9800,19.3800,2572978,49560639.8500,8601
20230614,002968,15.9700,15.9800,16.1000,15.7200,15.7900,1440205,22815096.3500,5035
20230614,002969,3.9600,3.9600,3.9700,3.9300,3.9600,4333000,17138025.0000,6906
20230614,002970,30.7500,31.0000,31.7000,30.4400,30.9500,3195394,98716353.9800,8899
20230614,002971,25.5000,25.5000,25.5500,24.6100,24.8800,2789648,69538889.9200,7194
20230614,002972,12.2300,12.2400,12.2500,12.0900,12.1800,1079680,13135223.4000,3294
20230614,002973,11.5600,11.5500,11.5700,11.3700,11.4000,1830700,20928912.0000,5655
20230614,002975,39.3600,39.6000,40.3800,38.7700,40.0200,1785733,70795221.9700,7555
20230614,002976,27.0800,27.0000,27.1900,26.6400,26.9800,1257420,33765630.6000,5425
20230614,002977,36.5800,36.6900,36.9300,35.9000,35.9700,726780,26309543.6000,2935
20230614,002978,32.1500,32.3300,32.6100,32.0000,32.3700,770414,24940804.4000,3254
20230614,002979,19.9000,20.0000,20.0000,19.4000,19.8100,2193911,43102113.1700,8814
20230614,002980,33.1200,33.0000,33.7500,32.7300,33.5600,1066000,35606754.0000,3969
20230614,002981,23.5000,23.5000,23.7900,23.1600,23.6000,718200,16828478.0000,3531
20230614,002982,34.8900,34.9100,35.2700,34.6200,34.9500,463400,16234666.0000,1575
20230614,002983,25.9400,25.8800,26.2400,25.5100,26.1800,5025589,130116925.9600,9908
20230614,002984,30.4600,30.4600,30.6500,30.2100,30.3500,3376659,102648229.8200,8518
20230614,002985,41.7000,41.6500,41.8000,41.3100,41.4800,1575266,65340733.4100,5793
20230614,002986,26.1800,26.1800,26.1800,25.8200,26.0000,426520,11082199.2000,1812
20230614,002987,23.3100,23.7700,24.3300,23.3500,24.1700,17932055,430351002.7700,34140
20230614,002988,16.5000,16.5000,16.8500,16.3600,16.7300,1511800,25234907.0000,3751
20230614,002989,15.6200,15.1400,15.3700,14.9300,15.2500,5375200,81403727.5000,8026
20230614,002990,38.5100,38.7000,38.8300,38.2100,38.5400,1757600,67673665.6000,8264
20230614,002991,77.8400,78.1500,78.8000,75.9700,77.1000,1155307,89489630.0000,5741
20230614,002992,58.1700,58.5100,58.5100,56.5000,56.9800,3709851,212262125.3800,16266
20230614,002993,33.2200,32.9500,34.3400,32.6800,34.1000,13325177,447844230.9400,26001
20230614,002995,35.8000,35.6100,39.3800,35.6100,39.3800,30703654,1189919516.9400,57375
20230614,002996,11.8200,11.8200,11.8700,11.6800,11.7300,734100,8609497.0000,2328
20230614,002997,29.3500,29.1900,29.4400,28.5300,28.9000,5497324,158783565.3300,22550
20230614,002998,6.9300,6.9300,6.9500,6.8100,6.8300,2708900,18543668.0000,6488
20230614,002999,7.2500,7.2500,7.3300,7.1700,7.2700,5346584,38834804.5400,4069
20230614,003000,13.5600,13.5900,13.8600,13.3800,13.7700,4461319,61137487.7600,10430
20230614,003001,15.8800,15.8800,16.0400,15.7400,15.9100,889026,14101526.3800,1850
20230614,003002,16.2900,16.2800,16.4400,15.8000,15.9900,2897358,46688646.6800,7149
20230614,003003,10.2300,10.2100,10.2600,9.9300,10.0500,2985000,30005277.0000,7037
20230614,003004,31.1000,31.2800,31.7800,30.4800,30.6200,2222900,68867101.0000,5610
20230614,003005,34.7800,34.8500,35.9800,34.8500,34.9800,5145000,181031027.0000,14030
20230614,003006,16.7100,16.7000,17.1600,16.6100,17.0700,2662800,45145268.0700,9703
20230614,003007,26.8600,26.8000,26.8000,26.3700,26.5900,2041700,54219662.0000,7552
20230614,003008,28.1600,28.1900,28.1900,27.0000,27.3800,973400,26560203.0000,3495
20230614,003009,50.8700,50.6000,51.5600,50.2100,51.1300,2283552,116521723.4900,6890
20230614,003010,24.2100,23.9000,24.8000,23.6800,24.8000,12409979,302365103.2000,22883
20230614,003011,30.4800,30.4000,30.8500,30.1600,30.4300,1773892,54039730.0800,5544
20230614,003012,8.2200,8.2000,8.5100,8.1600,8.4100,7526916,63004722.7600,12648
20230614,003013,18.1600,18.1000,18.2700,17.8800,17.9500,1123741,20242726.2300,3742
20230614,003015,9.1000,9.1300,9.1800,9.0300,9.1500,2482600,22617128.0000,4236
20230614,003016,10.3400,10.3200,10.3600,10.2100,10.3200,1560800,16053714.8200,3542
20230614,003017,32.6700,32.5700,32.6700,32.0500,32.1000,776300,25097722.0000,4130
20230614,003018,9.8800,9.8200,9.9500,9.7100,9.7900,2444600,24004839.0000,4585
20230614,003019,20.1200,20.1400,20.2000,19.9200,20.1000,2266571,45395130.7600,8057
20230614,003020,41.0100,41.0100,41.6200,40.3600,41.4900,997317,40946674.6000,3213
20230614,003021,74.6300,74.5000,75.0000,73.0000,73.3000,3114447,229112089.7400,14387
20230614,003022,23.3600,23.4600,23.5300,22.9500,22.9700,5317878,123028562.7600,10056
20230614,003023,20.1500,20.1500,20.1600,19.9500,20.1500,1149020,23042517.4000,4105
20230614,003025,14.8900,14.9600,15.0800,14.7500,14.9600,2102234,31389263.8500,5903
20230614,003026,40.4700,40.3400,40.4000,39.8000,40.2500,782500,31378785.0000,3264
20230614,003027,19.9700,20.0600,20.0600,19.6500,19.6800,1700650,33574896.5000,4548
20230614,003028,40.7500,40.7600,40.9900,39.5500,39.7000,677300,27091022.0000,3340
20230614,003029,32.1700,32.1200,32.8600,31.7000,32.8200,3350600,109043556.0000,11610
20230614,003030,24.4500,24.5500,24.9400,24.1500,24.6700,768310,18883604.7200,2580
20230614,003031,127.4000,132.0000,136.1600,127.6600,132.3900,2948894,387376012.1900,14408
20230614,003032,17.3400,18.0000,18.3700,17.4400,17.6100,50780958,906759282.5200,68801
20230614,003033,32.5700,32.5800,33.1800,31.9100,32.9600,882536,28798009.7000,3401
20230614,003035,6.2200,6.2400,6.2400,6.1600,6.1800,14578533,90188535.6100,11628
20230614,003036,13.0800,13.1300,13.1300,12.9300,13.0800,815500,10620065.0000,3234
20230614,003037,12.6500,12.5700,12.6000,12.4300,12.4500,4237200,52899409.0000,4756
20230614,003038,32.8900,33.1300,33.1300,32.3200,32.3700,1039845,33841752.1000,4526
20230614,003039,16.8200,16.7000,16.9400,16.6800,16.7600,1306740,21953862.2000,2238
20230614,003040,19.2800,19.2800,19.4600,19.2100,19.3200,6028734,116593616.2800,12663
20230614,003041,15.7200,15.7000,15.8500,15.4800,15.7500,635572,10007019.6400,2442
20230614,003042,20.9100,20.7600,21.1500,20.6000,20.9300,3045760,63599173.7000,5777
20230614,003043,54.0400,53.9500,54.5600,53.5200,54.0500,1159260,62638946.6000,5548
20230614,003816,3.0700,3.0700,3.0900,3.0300,3.0400,59010455,180325106.7500,25481
20230614,300001,21.7800,21.6700,21.8500,21.3800,21.5400,17373637,374480834.5700,25449
20230614,300002,13.8000,13.7200,14.9200,13.7000,14.2000,185481372,2641002000.2400,122813
20230614,300003,23.0000,22.9600,23.2600,22.9100,23.0000,10899952,251457850.6400,21048
20230614,300004,5.3600,5.3600,5.3900,5.3000,5.3800,2829800,15149629.0000,5233
20230614,300005,8.3800,8.3500,8.4000,8.2200,8.3300,9141950,76014995.0000,7576
20230614,300006,3.5600,3.5600,3.5800,3.5300,3.5600,6386100,22686474.0000,6857
20230614,300007,18.2100,18.1800,18.3400,17.8000,18.1200,15612979,282217957.7600,23788
20230614,300008,4.8500,4.8400,5.0800,4.8100,5.0000,164960425,822695978.0000,78782
20230614,300009,9.7500,9.7500,10.0500,9.6900,9.9000,12550658,124556065.2400,26903
20230614,300010,2.2000,2.2100,2.2900,2.2000,2.2700,24015901,54193277.2700,4386
20230614,300011,7.1700,7.1300,7.1800,7.0400,7.1100,7993601,56688920.1100,6971
20230614,300012,18.8800,18.8600,19.1100,18.7200,18.9500,5408640,102711188.1000,12385
20230614,300013,4.0500,4.0400,4.1800,4.0400,4.1200,18817900,77777210.5000,7524
20230614,300014,57.7100,57.7700,58.0700,55.5500,55.6000,33403399,1878165680.4600,90790
20230614,300015,20.2100,20.2800,20.4100,20.1000,20.1800,29640212,601119500.5400,40004
20230614,300016,6.6500,6.6500,6.6700,6.5900,6.6500,4810150,31931047.5000,10219
20230614,300017,8.4000,8.3900,8.5500,8.2200,8.4600,162290543,1363751153.4000,90146
20230614,300018,6.4800,6.5200,6.5400,6.3600,6.4500,5339000,34288600.0000,11112
20230614,300019,17.1700,17.1900,17.2000,17.0500,17.0600,1503800,25721740.0000,2382
20230614,300020,10.1700,10.1700,10.2500,9.8800,9.8900,34816832,349569402.3600,18255
20230614,300021,4.9900,4.9900,5.0000,4.9500,4.9900,6460000,32156847.0000,2830
20230614,300022,4.8900,4.9000,4.9700,4.8600,4.9300,6100000,30066275.0000,5141
20230614,300024,14.6000,14.5900,14.9000,14.3800,14.6500,63976321,937077298.1200,50063
20230614,300025,14.0300,14.2700,14.4100,13.6000,14.0500,26072978,363441568.1700,31149
20230614,300026,5.5100,5.4800,5.7100,5.4700,5.6300,49251091,277044185.9300,29227
20230614,300027,3.1300,3.1100,3.2300,3.1100,3.1100,84882487,267476889.4500,32777
20230614,300029,6.6100,6.6400,6.6600,6.5800,6.5900,1056023,6981766.5700,600
20230614,300030,7.4800,7.4300,7.4800,7.3700,7.4400,5231100,38821148.0000,7163
20230614,300031,28.4300,28.0000,29.8500,28.0000,29.6000,37705700,1098984508.3500,56126
20230614,300032,6.1700,6.1600,6.1800,6.0200,6.0900,10381600,63076922.0000,11800
20230614,300033,179.6500,178.7000,189.5800,174.2600,183.3000,12676555,2338438362.8800,54985
20230614,300034,36.0200,35.9500,36.3300,35.6100,35.9500,1954531,70251463.6900,7207
20230614,300035,12.0300,12.0500,12.0800,11.6800,11.6800,10258158,121223259.0800,14986
20230614,300036,21.4500,21.4400,22.1500,21.1600,22.0500,21691524,469858346.6400,30137
20230614,300037,46.7500,46.7000,48.0000,46.5200,47.2300,3768649,178885392.2800,11792
20230614,300039,7.2000,7.1900,7.3000,7.1500,7.2800,22057264,159855072.8700,11096
20230614,300040,6.1900,6.2000,6.2200,6.0500,6.0800,7795836,47567987.0800,8865
20230614,300041,11.2800,11.2800,11.2800,11.0800,11.1100,6790862,75679020.2500,12641
20230614,300042,38.9500,38.4900,39.9900,38.0500,38.9100,10212879,397573736.7800,17224
20230614,300043,4.4100,4.3500,4.6000,4.3400,4.4100,91248140,406835961.8000,33368
20230614,300044,5.1000,5.0500,5.4200,4.9900,5.4200,166577586,876356281.2700,67668
20230614,300045,11.4000,11.2400,11.6000,11.0100,11.1000,32118449,361728199.5000,46687
20230614,300046,17.4600,17.4900,17.6500,17.3500,17.4500,3412800,59629235.0000,6563
20230614,300047,8.7400,8.7000,8.9500,8.6500,8.7000,35801750,313445435.4300,32617
20230614,300048,5.5300,5.5200,5.5700,5.4500,5.5200,8730300,48109189.6500,10876
20230614,300049,25.1800,25.0000,25.3000,24.7700,25.1900,2315705,57986023.9700,8921
20230614,300050,4.5100,4.4800,4.6200,4.4700,4.5300,12455004,56453490.1200,14704
20230614,300051,11.4300,11.6800,12.5500,11.5100,12.1800,21676057,262895314.4100,28417
20230614,300052,22.1800,22.1700,22.8100,21.5300,21.6100,36652011,807674484.8200,42129
20230614,300053,14.4900,14.3600,14.6800,14.3000,14.4900,32081600,464048149.3700,22403
20230614,300054,26.1000,26.0200,26.4200,25.8700,26.2000,5036996,131815053.6000,12126
20230614,300055,7.2300,7.2400,7.2400,7.1000,7.2000,4406310,31565976.8000,7013
20230614,300056,7.0500,7.0500,7.1800,6.9300,7.1100,4115138,29167057.9300,4228
20230614,300057,6.9200,6.9200,6.9200,6.7900,6.8000,5138391,35138294.0900,5394
20230614,300058,11.3400,11.3400,12.1000,11.2900,11.7600,335238848,3930790220.0100,205794
20230614,300059,14.3700,14.4000,14.5800,14.2300,14.2600,243237170,3500581600.8100,145352
20230614,300061,6.8900,6.8900,6.9800,6.8300,6.8500,13351890,92082387.6000,11569
20230614,300062,6.7600,6.7200,6.8300,6.6200,6.7400,22420160,150208988.0000,14738
20230614,300063,4.9000,4.9300,5.0200,4.9000,4.9300,33458750,165800081.5000,22640
20230614,300065,12.9400,12.9100,13.2500,12.8500,13.0500,17752528,232430090.3700,20214
20230614,300066,5.4100,5.3900,5.4400,5.3100,5.3600,5425331,29017323.5400,8560
20230614,300067,2.8500,2.8600,2.8700,2.8400,2.8500,3705202,10566594.9000,2960
20230614,300068,18.6700,18.8000,18.8700,18.2200,18.2800,12759756,235490437.5600,19333
20230614,300069,13.3600,13.4800,13.4900,13.0600,13.1500,470000,6187427.0000,1472
20230614,300070,5.5800,5.5700,5.7400,5.5400,5.6400,31314472,177282024.3900,11582
20230614,300071,4.5100,4.5400,4.7000,4.4900,4.6400,52810700,243121701.0000,27551
20230614,300072,3.6400,3.6400,3.6600,3.6100,3.6300,8714394,31677203.2200,8356
20230614,300073,48.5200,48.6500,48.8000,47.4500,47.5100,5558852,267120746.8800,14733
20230614,300074,4.4800,4.4800,4.5200,4.4300,4.4900,7781100,34859523.8000,12461
20230614,300075,28.2600,28.2000,28.6400,27.8800,28.4600,39342778,1113333586.8700,49833
20230614,300076,5.2800,5.2600,5.3000,5.2100,5.2800,6858800,36024917.0000,11459
20230614,300077,14.4000,14.3600,14.4500,14.2000,14.2500,10108404,144448459.3400,9206
20230614,300078,4.9300,4.9200,4.9800,4.8900,4.9500,11440463,56471022.2400,10893
20230614,300079,7.1500,7.1300,7.2300,7.0500,7.1400,52592829,374704393.4800,39444
20230614,300080,5.0800,5.0600,5.1000,5.0300,5.0700,9826982,49692893.2200,10771
20230614,300081,11.2200,11.0700,11.5600,10.5100,10.8700,129558345,1429044636.8600,97322
20230614,300082,7.4000,7.3700,7.4400,7.3300,7.4100,1885780,13933861.4000,3105
20230614,300083,6.7800,6.7600,6.9400,6.6600,6.8700,37328069,254242831.6500,22773
20230614,300084,6.1000,6.0800,6.2900,6.0700,6.2800,8055812,49863548.1800,9823
20230614,300085,12.8800,12.9000,13.2900,12.8000,12.9000,17576173,227844006.7900,24157
20230614,300086,5.9600,5.9600,6.0500,5.9200,6.0200,6576900,39446873.0000,7381
20230614,300087,10.6300,10.6400,10.8800,10.6000,10.7600,10377791,111771126.7400,8657
20230614,300088,6.0600,6.0500,6.0700,5.9900,6.0000,20087661,120849048.4700,14274
20230614,300089,0.8000,0.8000,0.8000,0.8000,0.8000,0,0.0000,0
20230614,300091,2.7700,2.7800,2.8000,2.7400,2.7700,9312331,25797298.4700,6884
20230614,300092,15.5000,15.3600,15.8800,15.2600,15.7700,2645700,41358556.6400,6389
20230614,300093,25.9900,26.1000,26.2300,25.6300,25.6600,2271219,58629793.9000,6981
20230614,300094,4.7300,5.2900,5.6800,5.2000,5.6800,289527459,1596292140.0700,64199
20230614,300095,8.7700,8.8000,8.8000,8.6300,8.6500,2601400,22573297.0000,4567
20230614,300096,6.8800,6.8900,6.9300,6.8100,6.8300,8645594,59331383.1400,14578
20230614,300097,6.1800,6.1800,6.2500,6.0200,6.0800,2428400,14743101.0000,6070
20230614,300098,3.8100,3.8000,3.8200,3.7700,3.8000,26587404,100805348.2600,24535
20230614,300099,6.3000,6.2900,6.3000,6.1900,6.2300,7151212,44471655.9600,8032
20230614,300100,8.3200,8.3100,8.3700,8.1600,8.2300,16228897,134092198.3200,17124
20230614,300101,19.1000,19.0900,19.0900,18.7400,18.8300,8528729,160678546.4100,19156
20230614,300102,6.5800,6.5500,6.6200,6.4800,6.4900,5626242,36645574.0000,8232
20230614,300103,6.0300,6.0300,6.0600,5.9500,6.0000,1492800,8960838.0000,3535
20230614,300105,6.3400,6.3200,6.3500,6.2500,6.2900,3849915,24223187.6500,6242
20230614,300106,8.2000,8.1700,8.4400,8.1200,8.3200,6567600,54598231.1800,7436
20230614,300107,4.8400,4.8500,4.8600,4.8100,4.8400,2133658,10323303.4400,4115
20230614,300108,2.0900,2.0900,2.0900,2.0300,2.0600,10584300,21754383.0000,1324
20230614,300109,23.8000,23.8300,23.9700,23.5900,23.6200,3179553,75487626.9200,6221
20230614,300110,4.0500,4.0500,4.0500,4.0200,4.0400,6036134,24370950.7300,5353
20230614,300111,2.9600,2.9700,2.9700,2.9300,2.9600,5399003,15926783.8000,6388
20230614,300112,9.7900,9.8000,9.8500,9.5900,9.7800,5633619,54647629.4600,9007
20230614,300113,19.2700,19.2000,19.6800,18.6000,19.0200,59351580,1129618606.8100,73409
20230614,300115,11.4800,11.4500,11.5900,11.3300,11.3700,29412317,335512236.0800,34095
20230614,300116,1.4200,1.4300,1.4500,1.3500,1.3600,283903795,392334175.9500,45289
20230614,300117,2.9700,2.9800,2.9800,2.9200,2.9300,8321400,24462882.0000,5572
20230614,300118,23.3000,23.3000,23.4000,22.5100,22.5200,25830672,591076262.9300,35761
20230614,300119,17.2200,17.2300,17.2500,17.0200,17.0900,1423300,24381109.0000,5476
20230614,300120,7.6900,7.7000,7.7300,7.5600,7.6000,8837501,67362119.7300,9942
20230614,300121,9.3100,9.3200,9.3600,9.2200,9.2900,2209733,20534827.5800,4160
20230614,300122,66.4300,66.4400,67.3900,66.0300,66.3100,6291192,419274700.6600,22525
20230614,300123,6.9400,6.9500,7.0400,6.8800,7.0300,22853777,159645712.8200,18656
20230614,300124,59.0400,59.1000,59.6600,58.3300,59.0500,10677715,631149110.4000,28013
20230614,300125,15.7000,15.6900,15.7000,15.3000,15.3400,4508300,69353212.0000,7775
20230614,300126,6.2100,6.2000,6.2600,6.1300,6.1500,1787300,11017701.0000,3957
20230614,300127,17.1000,17.1200,17.1400,16.8400,17.0900,2528000,42970878.3900,7486
20230614,300128,4.2500,4.2600,4.2700,4.1300,4.1300,25472490,106389201.5600,27479
20230614,300129,10.6600,10.7900,10.8600,10.4100,10.4300,17812700,187988767.3800,19795
20230614,300130,29.2700,29.1300,31.2700,28.9600,29.9600,50838394,1526431063.1700,82901
20230614,300131,5.3300,5.3200,5.3600,5.2700,5.3000,13945481,74031691.6800,10777
20230614,300132,5.4700,5.5000,5.6400,5.3900,5.5600,6729500,37381517.0000,8673
20230614,300133,8.1200,8.0700,8.4500,8.0300,8.1400,56579811,464095086.2800,49984
20230614,300134,10.5900,10.5000,10.6500,10.4000,10.5700,10749420,113256111.1000,18110
20230614,300135,2.7500,2.7500,2.7900,2.7400,2.7400,12600802,34779287.5000,9905
20230614,300136,20.1600,20.1100,20.2900,19.9500,20.0900,11442431,229992000.9100,20033
20230614,300137,5.8800,5.8700,5.9100,5.7400,5.7900,5989160,34775574.8000,9440
20230614,300138,17.2500,17.3000,17.7500,17.1500,17.6700,3648014,64218255.0300,12526
20230614,300139,9.7100,9.6800,9.7300,9.5800,9.7100,9097107,87921437.4800,10017
20230614,300140,8.2000,8.2000,8.2700,8.0100,8.0400,13603400,110339505.0000,15320
20230614,300141,10.5600,10.8700,10.9300,9.9100,10.1600,36669758,372880514.0700,49558
20230614,300142,26.6600,26.6000,26.8800,26.2000,26.2400,14305779,379078314.0300,27121
20230614,300143,10.8300,10.8500,10.9300,10.7000,10.7800,4156893,44948924.3700,10221
20230614,300144,13.0200,13.0300,13.1500,12.9700,12.9800,21815474,284725785.9000,25141
20230614,300145,2.8600,2.8800,2.9500,2.8600,2.8900,31339514,90946644.6500,11006
20230614,300146,22.9900,23.0000,23.8000,22.9200,23.6400,14176421,332739147.6500,30983
20230614,300147,5.1800,5.1800,5.2300,5.1500,5.2100,6641275,34508818.3500,9195
20230614,300148,5.6000,5.6200,6.7200,5.6100,6.3800,270334645,1723338063.7900,116050
20230614,300149,8.0100,8.0400,8.1500,7.9900,8.0700,3062297,24760348.6400,5190
20230614,300150,4.6800,4.6600,4.7100,4.5800,4.6000,16596400,76821636.0000,12777
20230614,300151,17.8200,17.8300,17.8700,17.3500,17.4100,3935795,68945410.9300,6849
20230614,300152,2.7800,2.7800,2.8000,2.7400,2.7700,5286209,14628534.7500,4867
20230614,300153,8.4500,8.4000,8.4500,8.1800,8.2200,11116900,91842702.9800,10829
20230614,300154,7.4100,7.4200,7.4200,7.1900,7.3100,3670876,26700266.9600,8702
20230614,300155,5.1600,5.1600,5.1900,5.1000,5.1600,2422300,12461732.9900,6264
20230614,300157,3.2400,3.2300,3.2700,3.2300,3.2600,7895854,25673695.5000,6442
20230614,300158,5.3700,5.3800,5.4500,5.3500,5.4300,11945616,64639302.3900,9269
20230614,300159,3.0100,2.9900,3.0700,2.9600,3.0300,26833000,81043057.0000,4690
20230614,300160,6.6800,6.6600,6.6700,6.5900,6.5900,3968500,26228513.0000,2566
20230614,300161,48.4000,48.2300,53.5600,47.7000,52.3400,12629962,647601582.1400,25844
20230614,300162,7.2700,7.2100,7.2900,7.1200,7.2000,3635200,26133074.0000,6589
20230614,300163,3.1800,3.1900,3.2300,3.1500,3.2000,5465400,17441996.0000,4702
20230614,300164,4.3800,4.4100,4.4500,4.3700,4.4000,14326705,63048766.2700,12149
20230614,300165,7.0200,7.0600,7.0900,6.8300,6.9100,22428702,155252947.9400,18616
20230614,300166,13.3100,13.2000,13.3700,12.9700,13.0200,89233578,1171964250.5300,68291
20230614,300167,2.7600,2.7600,2.7900,2.7200,2.7500,6582700,18104001.0000,1589
20230614,300168,12.9500,12.9600,13.3600,12.7000,13.1200,43504000,567889643.7000,42748
20230614,300169,4.0200,4.0100,4.0600,3.9600,4.0400,2907700,11681599.0000,5026
20230614,300170,10.8200,10.8200,10.9100,10.6400,10.7800,37317820,401415454.1100,36229
20230614,300171,22.9000,22.9700,23.0600,22.5600,22.5900,3182932,72694000.2800,5199
20230614,300172,4.7200,4.7200,5.1500,4.6800,4.9800,45831811,227705787.2800,21969
20230614,300173,4.4900,4.4500,4.5900,4.3700,4.5000,11487200,51314629.0000,15805
20230614,300174,14.8600,14.8900,14.9200,14.6700,14.7800,2832175,41840221.4700,5215
20230614,300175,4.3300,4.1800,4.2200,4.0300,4.0300,53971602,222548987.3400,21340
20230614,300176,6.0900,6.1700,6.1700,6.0000,6.0200,2294870,13885432.5000,5473
20230614,300177,6.8800,6.8600,6.9000,6.7500,6.8000,7131108,48497578.7100,10506
20230614,300179,9.9300,9.8700,10.0300,9.8500,9.9400,6581405,65319673.6000,9964
20230614,300180,3.6300,3.6300,3.6400,3.6100,3.6100,6331717,22943222.8400,5678
20230614,300181,11.7500,11.7900,12.3500,11.6900,12.2500,31682941,385823485.3200,43410
20230614,300182,6.8600,6.7900,7.2100,6.7700,7.1100,264270426,1867598999.7600,115945
20230614,300183,17.5800,17.5900,17.6900,17.3000,17.3600,5621080,98161819.8000,12738
20230614,300184,5.2100,5.2300,5.2300,5.1400,5.2200,27328556,141810346.7200,15869
20230614,300185,2.5300,2.5400,2.5500,2.5200,2.5300,19729355,50017855.6500,16168
20230614,300187,5.6700,5.6400,5.7200,5.6100,5.6600,3121200,17703433.0000,4265
20230614,300188,24.0000,23.8000,24.9800,23.6000,24.7800,43724441,1076592709.3200,49669
20230614,300189,3.2000,3.2100,3.4500,3.1900,3.3500,39753828,132669505.0200,20797
20230614,300190,4.0000,4.0000,4.0100,3.9600,3.9900,2470460,9856636.4000,3995
20230614,300191,18.2200,19.0000,19.4300,18.2800,18.3000,7441855,140806151.6700,11363
20230614,300192,14.7400,14.7600,15.2400,14.0100,14.3000,33534701,491996683.1300,32332
20230614,300193,6.9500,6.9600,6.9800,6.8400,6.9200,3350648,23129257.2700,4826
20230614,300194,3.9100,3.9100,3.9300,3.8800,3.9000,11769627,45958095.2500,12707
20230614,300195,5.9900,6.0000,6.0800,5.9400,6.0700,4214200,25381019.0000,5738
20230614,300196,13.6500,13.5600,13.7700,13.5500,13.6800,659600,9032323.0000,1189
20230614,300197,2.4700,2.4700,2.4700,2.4300,2.4400,13113088,32079018.8400,4609
20230614,300198,2.5700,2.5800,2.5900,2.5400,2.5600,6537960,16763506.6000,2806
20230614,300199,11.2700,11.4000,11.9700,11.2600,11.7000,47760702,557017676.9400,33344
20230614,300200,8.3600,8.3400,8.3400,8.2100,8.2500,2588707,21370946.8600,5318
20230614,300201,3.3400,3.3700,3.6800,3.3500,3.6100,44078489,157779807.4900,21369
20230614,300203,20.5500,20.5500,21.3500,20.2900,21.0000,6027438,125871469.5700,15157
20230614,300204,10.3700,10.3400,10.4200,10.2000,10.2600,4830700,49710539.0000,4269
20230614,300205,14.3500,14.3000,14.6800,14.1300,14.5600,12281401,177559722.1200,14793
20230614,300206,14.1500,14.1500,14.5000,14.0500,14.3500,4621400,66236590.9800,11694
20230614,300207,15.8000,15.8700,15.9900,15.5400,15.5500,14940071,234626370.5100,21262
20230614,300208,7.9800,8.0400,8.2500,7.9700,8.1700,8752616,71238346.7400,11176
20230614,300209,2.8400,2.8400,2.8800,2.7900,2.8500,5736748,16305630.8000,1342
20230614,300210,2.9300,2.9300,2.9500,2.8900,2.9300,3154500,9209333.0000,5318
20230614,300211,10.3500,10.2700,10.4500,10.2200,10.2500,7078150,72896191.0000,7879
20230614,300212,37.4900,37.4100,39.1800,37.3000,38.7000,46300936,1773538857.5000,71558
20230614,300213,7.1100,7.1200,7.1800,7.0600,7.1100,14737500,104834373.0000,18061
20230614,300214,6.2100,6.2100,6.2400,6.1500,6.1500,1317577,8147945.4000,1737
20230614,300215,5.0300,5.0500,5.0500,4.9800,5.0200,4032049,20194434.4900,4531
20230614,300217,5.4300,5.4600,5.4700,5.3400,5.3700,17161991,92160192.1500,10886
20230614,300218,9.2100,9.2900,9.2900,9.0700,9.1300,1364796,12452568.4800,3719
20230614,300219,7.3800,7.4200,7.4300,7.2300,7.2800,6815880,49692831.6000,13793
20230614,300220,6.4100,6.4200,6.5200,6.3100,6.4600,1624220,10433868.2000,1200
20230614,300221,5.8300,5.8700,6.0600,5.7900,6.0300,31793032,189787228.5000,26046
20230614,300222,8.6800,8.6000,8.6400,8.3800,8.3800,25141704,212576527.1900,26334
20230614,300223,94.2300,93.7700,95.0000,92.9100,93.6100,12121005,1136326458.0500,42027
20230614,300224,11.6200,11.6500,11.6600,11.4800,11.5000,4087615,47192655.8300,6274
20230614,300225,7.4300,7.3900,7.6000,7.3300,7.4800,18936300,140909865.0000,16595
20230614,300226,34.7700,34.8300,37.2600,34.4000,37.0700,12597859,458575965.4600,40329
20230614,300227,7.7100,7.7500,7.7600,7.5900,7.6700,8410700,64473700.0000,8806
20230614,300228,5.7200,5.7300,5.7700,5.6300,5.7500,6577100,37476077.8000,10373
20230614,300229,30.7900,30.5000,31.7500,30.3700,31.3800,82850991,2588340354.4400,107070
20230614,300230,3.6100,3.6200,3.6200,3.5700,3.5700,4312296,15446954.7200,6005
20230614,300231,9.2800,9.3200,9.3800,9.1800,9.2500,8905500,82399442.0000,13722
20230614,300232,9.5600,9.6400,9.8000,9.5400,9.7600,26590679,257862719.4300,31765
20230614,300233,19.4300,19.4500,19.6900,19.3600,19.4000,1958369,38123538.3600,3031
20230614,300234,5.2800,5.3000,5.3200,5.2200,5.2300,2812298,14750137.5200,4257
20230614,300235,14.7900,15.3300,15.8800,14.8200,14.8700,40089850,607385792.5000,44959
20230614,300236,41.0200,40.8000,41.2800,40.6300,40.9200,3353578,137406488.5000,7052
20230614,300237,1.9500,1.9500,1.9600,1.9300,1.9300,10538443,20439950.0700,6378
20230614,300238,16.6800,16.8100,17.1000,16.0000,16.3100,23138711,380330232.3700,34028
20230614,300239,6.2600,6.2500,6.2500,6.1600,6.1800,4262800,26434480.0000,4355
20230614,300240,6.3800,6.3700,6.5100,6.2900,6.4300,8677400,55802060.0000,5464
20230614,300241,5.0600,5.0600,5.0800,5.0000,5.0200,5102200,25656893.0000,8456
20230614,300242,3.7900,3.7700,3.8400,3.7600,3.7800,11841400,44962637.0000,14953
20230614,300243,8.5600,8.5600,8.5700,8.4300,8.4600,1298108,11000429.6800,3045
20230614,300244,25.0000,25.1000,25.5900,24.9000,25.3700,4056463,102686582.8600,10605
20230614,300245,10.1100,10.0900,10.2000,9.9300,10.0100,6971400,69984573.0000,14607
20230614,300246,11.6100,11.6200,11.8600,11.5200,11.7500,4539750,53223123.5000,11807
20230614,300247,3.5300,3.5400,3.5400,3.4900,3.5100,5026000,17648735.0000,4263
20230614,300248,10.6900,10.8800,11.6900,10.6400,11.1700,44630165,495313801.2000,47614
20230614,300249,10.8800,10.7800,10.9100,10.5600,10.7100,31019524,333243308.4800,21150
20230614,300250,19.3000,19.0000,19.3800,18.5500,19.1000,23572906,447368150.6600,27775
20230614,300251,9.3600,9.2600,9.6600,9.2100,9.2800,45700249,429200432.0400,38276
20230614,300252,11.5800,11.6100,12.4900,11.3900,12.1600,68072866,810261333.9700,44998
20230614,300253,10.2900,10.2800,10.9000,10.2400,10.6600,60975680,644983541.2300,67388
20230614,300254,6.1700,6.1500,6.2100,6.1400,6.1900,2236360,13829351.8000,4417
20230614,300255,5.0500,5.0400,5.0900,5.0300,5.0800,4628060,23444276.0000,6382
20230614,300256,3.0700,3.0600,3.1500,3.0600,3.1400,25903033,80489069.9000,4154
20230614,300257,14.5300,14.5200,14.7500,14.3100,14.5900,2518808,36629390.1600,6068
20230614,300258,10.0500,10.0600,10.1200,9.9000,9.9700,5226695,52176365.1200,12518
20230614,300259,3.8200,3.8400,3.9000,3.7900,3.8800,11211090,43218777.0000,11401
20230614,300260,68.0900,67.3700,68.2400,65.9000,67.0000,6625902,443443015.7900,24866
20230614,300261,8.8700,8.8500,8.9000,8.7400,8.8000,10151402,89498570.8400,6769
20230614,300262,2.6800,2.6900,2.8000,2.6600,2.7600,14360500,39345350.1700,8125
20230614,300263,7.9300,7.9200,7.9600,7.8200,7.8300,13575627,106729685.4100,7175
20230614,300264,7.4300,7.3100,7.8100,7.2100,7.4700,52680961,398432947.2300,28568
20230614,300265,10.1500,10.1000,10.2000,9.8900,9.9900,11551500,115162903.4400,23512
20230614,300266,3.0100,3.0100,3.0700,3.0000,3.0600,17485133,53250696.1500,8425
20230614,300267,3.2600,3.2600,3.3100,3.2400,3.2900,13747858,45067449.0800,8530
20230614,300268,16.2000,16.1200,16.9800,16.0700,16.6100,1480796,24618145.9200,1384
20230614,300269,3.6700,3.6700,3.7000,3.6100,3.6300,18546930,67712951.6000,14099
20230614,300270,8.1100,8.0900,8.1000,7.8900,7.9800,11534400,91768253.0000,18346
20230614,300271,12.1900,12.0500,13.1500,12.0100,12.8200,90400260,1148162062.0500,61723
20230614,300272,5.1200,5.1600,5.2200,5.0500,5.2100,5925820,30607809.0000,9034
20230614,300273,0.3400,0.3500,0.3600,0.3200,0.3300,44525191,15076770.0800,2752
20230614,300274,104.5100,104.8800,106.2800,102.5000,103.1700,18273918,1907265603.5500,63519
20230614,300275,14.3900,14.4900,15.3600,14.0900,15.0600,13635220,203047810.9500,20145
20230614,300276,3.7600,3.7500,3.7600,3.6800,3.7400,22762989,84634461.4700,11122
20230614,300277,8.3900,8.3900,8.4900,8.2800,8.3300,4622600,38585651.0000,11048
20230614,300278,4.1600,4.1500,4.1700,4.0700,4.1200,24278800,100020590.0000,10647
20230614,300279,5.5400,5.5600,5.6000,5.5200,5.5600,4775000,26553067.0000,7614
20230614,300280,54.0100,56.1200,59.1100,54.4200,59.0600,14824075,843020555.4400,32886
20230614,300281,5.2100,5.2200,5.2600,5.1700,5.2500,3879303,20263108.6900,5885
20230614,300282,2.4900,2.4600,2.4800,2.4300,2.4800,8516900,20918334.5000,1988
20230614,300283,5.7300,5.7300,5.7500,5.5900,5.6800,5214600,29435027.5000,7827
20230614,300284,6.1300,6.1400,6.3700,6.1300,6.2400,24954096,156329484.0200,10693
20230614,300285,26.9200,26.9800,27.1800,26.7000,26.8700,3172588,85487753.5600,11528
20230614,300286,41.4000,40.5000,41.3000,39.5000,40.7300,3382511,136852826.4800,14312
20230614,300287,4.1700,4.1300,4.2300,4.1100,4.1800,95187434,397476381.5200,49942
20230614,300288,24.3700,23.9100,24.5900,23.3200,24.0000,30696245,735158366.1000,40124
20230614,300289,5.5900,5.5900,5.6200,5.5700,5.6100,2848400,15929976.0000,4760
20230614,300290,5.1700,5.1400,5.2100,5.0900,5.1100,13303200,68410292.0000,19904
20230614,300291,8.1600,8.0300,8.4200,8.0000,8.0600,35416500,289034217.0000,40020
20230614,300292,4.1800,4.1500,4.3100,4.1200,4.2500,71351944,300174827.7200,22442
20230614,300293,10.9900,10.9800,11.0800,10.7500,10.8700,3500900,37958052.0000,7249
20230614,300294,37.4600,37.4600,38.1000,37.3000,37.5600,3050462,115000683.6000,9546
20230614,300295,14.2600,14.2000,14.4300,13.8000,13.8900,14240202,200393334.7400,18147
20230614,300296,6.8900,6.8800,6.9400,6.8100,6.8300,40126122,275542118.0200,17667
20230614,300297,0.4800,0.4800,0.4800,0.4800,0.4800,0,0.0000,0
20230614,300298,27.6700,27.6900,28.8400,27.5900,28.3700,3135064,88951050.6800,12361
20230614,300299,8.6200,8.7000,9.4900,8.7000,9.0000,123415731,1116135936.0800,62490
20230614,300300,4.5300,4.5300,4.6000,4.5000,4.5500,7271069,33069865.5300,10572
20230614,300301,1.8100,1.8000,1.8200,1.7900,1.8100,5527700,9963790.0000,984
20230614,300302,13.1900,13.1200,13.3500,12.7800,12.8000,33237136,430573200.6300,25750
20230614,300303,6.0000,6.0400,6.3500,5.8800,6.2300,180980401,1110656391.3400,82825
20230614,300304,5.2400,5.2600,5.3200,5.2000,5.2600,9790700,51458855.0000,13725
20230614,300305,10.1100,10.0900,10.2000,9.8900,9.9100,3650236,36440462.7600,6208
20230614,300306,12.8900,12.8900,13.5100,12.8000,13.2900,12788800,169236906.0600,15476
20230614,300307,6.1300,6.1500,6.1500,6.0200,6.0600,10202300,61901401.0000,13585
20230614,300308,121.5500,124.0000,134.5600,121.7000,129.5500,40931952,5199427079.9800,98513
20230614,300310,4.6400,4.6300,4.8300,4.5500,4.8300,75973706,359326428.2900,37660
20230614,300311,6.4600,6.4400,6.5000,6.3900,6.4100,14991415,96430639.9900,14213
20230614,300313,4.8400,4.8100,4.8700,4.7800,4.8000,1362700,6569018.0000,686
20230614,300314,20.5900,20.6000,20.9600,20.4000,20.5400,2107400,43465009.0000,10371
20230614,300315,6.3500,6.3200,6.7500,6.3000,6.4500,413307817,2680432902.3000,181250
20230614,300316,64.9700,65.2800,66.1100,64.5500,64.6800,5982425,389905544.6200,20061
20230614,300317,5.4500,5.4500,5.4800,5.3200,5.3400,12272810,65842734.6000,9463
20230614,300318,5.4700,5.4800,5.5400,5.4200,5.4900,3435676,18816723.9200,5476
20230614,300319,8.9400,8.9400,8.9400,8.9400,8.9400,0,0.0000,0
20230614,300320,7.3300,7.3600,7.3600,7.2200,7.2500,4223862,30683057.7300,7201
20230614,300321,16.0700,16.6000,16.6100,15.8200,15.9700,652779,10480368.4800,2567
20230614,300322,8.4200,8.4200,8.4500,8.2900,8.3500,7354866,61339759.0600,9571
20230614,300323,6.7800,6.7700,6.7900,6.6600,6.7100,5924570,39825724.7000,7694
20230614,300324,3.2000,3.1900,3.2000,3.1400,3.1600,22438309,70993512.3500,19684
20230614,300326,6.6800,6.6600,6.7000,6.6300,6.6300,5510065,36667663.9100,6067
20230614,300327,28.8000,28.9000,29.1000,28.3200,28.3700,6054178,172428191.5800,13714
20230614,300328,6.4000,6.3900,6.4500,6.2800,6.2900,9216594,58377282.1000,8653
20230614,300329,7.0600,7.0600,7.1500,7.0200,7.1100,2555917,18177168.7000,5162
20230614,300331,22.9200,23.0600,23.5200,22.6700,23.1100,4255500,98144463.0800,11794
20230614,300332,11.3700,11.3900,11.4500,11.3000,11.3700,3294831,37459686.8800,6754
20230614,300333,6.9200,6.9000,6.9600,6.8500,6.9000,5814271,40156754.9800,12180
20230614,300334,8.1000,8.1400,9.3200,8.1200,8.6400,31579201,275151891.5400,20352
20230614,300335,5.2700,5.2700,5.2800,5.1900,5.2200,12877466,67225521.2000,13012
20230614,300336,0.2300,0.2200,0.2300,0.2100,0.2100,26519400,5774414.0000,1194
20230614,300337,6.5800,6.5800,6.5900,6.4100,6.4200,10849988,70047490.0400,14240
20230614,300338,4.7600,4.7600,4.8700,4.7600,4.8000,10166748,48973601.9600,3039
20230614,300339,26.0800,26.2600,26.3400,25.0200,25.1300,63861562,1634542303.2300,80273
20230614,300340,11.8300,11.8800,11.8800,11.4700,11.5800,4801100,55638287.0000,6039
20230614,300341,12.6200,12.6600,12.8700,12.5100,12.5700,7304300,92489512.9400,8094
20230614,300342,10.3100,10.3500,10.6500,10.3300,10.5600,11380666,119796421.4300,16275
20230614,300343,7.2400,7.2400,7.2600,7.1000,7.1000,16581800,118592811.2600,14944
20230614,300344,6.4600,6.4300,6.4900,6.2800,6.3400,37925092,241215376.4400,25483
20230614,300345,9.4800,9.4300,10.9000,9.4100,10.2400,12638437,128561618.1600,13794
20230614,300346,34.3500,34.2900,34.3500,33.7300,33.8800,11771912,400269139.8100,20069
20230614,300347,71.1000,71.9300,73.4500,70.8500,71.3000,9816321,704307533.8200,35790
20230614,300348,11.7900,11.8600,12.0200,11.6800,11.7100,24164415,286085914.4500,29854
20230614,300349,13.5000,13.5700,14.4600,13.5700,14.0200,14086393,198038897.5900,21982
20230614,300350,4.5300,4.5300,4.5500,4.4600,4.5300,6633000,29958666.0000,8652
20230614,300351,16.3700,16.5700,16.6100,16.0900,16.3700,9491280,154793799.0700,16603
20230614,300352,5.3900,5.3500,5.4300,5.3500,5.3700,25031929,134671392.2300,19294
20230614,300353,12.3300,12.3400,12.8200,12.1900,12.6200,21558329,268968713.8000,22159
20230614,300354,40.1100,40.4800,40.8100,39.7100,40.8000,576800,23189184.0000,2835
20230614,300355,3.5700,3.5600,3.6600,3.5600,3.6100,40033653,144826001.3100,17231
20230614,300356,4.5600,4.5600,4.5600,4.5600,4.5600,0,0.0000,0
20230614,300357,33.3700,33.5000,34.0000,33.1900,33.6900,2904220,97798640.6300,11240
20230614,300358,14.1800,14.2000,14.3200,14.1300,14.2200,2301037,32777658.0500,5034
20230614,300359,6.9800,7.0000,7.4300,7.0000,7.1800,46025849,334603843.0300,31663
20230614,300360,18.0200,17.9000,18.0800,17.5400,17.7800,13198159,234319917.8700,19170
20230614,300363,29.6600,29.6800,30.0500,29.5100,29.6600,4768866,141982158.2500,11405
20230614,300364,21.1800,20.8800,23.1500,20.8000,22.2000,119944628,2655732784.7800,122894
20230614,300365,8.5000,8.3500,8.7500,8.3200,8.6200,52329415,448650482.4500,37458
20230614,300366,12.1500,12.1000,12.3300,12.0800,12.2600,30378126,371005251.5400,35376
20230614,300368,7.2000,7.1500,7.2100,7.0400,7.1200,12027500,85486180.0000,15517
20230614,300369,14.1300,13.9300,14.0400,13.6100,13.7500,32202449,444909009.6000,26922
20230614,300370,3.1900,3.1700,3.2100,3.0800,3.0900,15017360,47007762.0000,2497
20230614,300371,15.1400,15.0100,15.2400,15.0000,15.2200,565376,8539121.8000,2091
20230614,300373,42.5300,42.6600,42.6600,41.8500,41.8900,5228751,220019310.2100,14032
20230614,300374,18.0700,17.9600,18.2100,17.2100,17.2800,15458846,274326736.4400,16398
20230614,300375,3.8600,3.8900,3.8900,3.8200,3.8600,9077281,35017382.2600,11595
20230614,300376,7.1800,7.2300,7.2500,7.0600,7.1100,28389003,201817138.7800,18670
20230614,300377,8.6000,8.5600,8.6400,8.5000,8.5200,10016500,85656945.0400,12823
20230614,300378,22.7600,22.6000,23.3000,22.4300,23.0400,9948935,228299554.3700,20957
20230614,300379,23.6800,23.4700,23.8800,22.7200,22.7800,17495295,404407032.5800,24456
20230614,300380,19.9300,19.8500,20.0700,19.5000,19.7100,2513600,49666984.0000,6962
20230614,300381,7.0500,7.0500,7.0900,6.9900,7.0200,2827300,19908376.0000,4426
20230614,300382,11.7000,11.7800,11.7800,11.4800,11.5700,5118797,59373796.6900,10075
20230614,300383,12.3900,12.3900,12.4900,12.2000,12.4100,44876894,555338901.6700,34046
20230614,300384,16.8800,16.9000,16.9000,16.5700,16.6900,2220650,37085442.0000,5331
20230614,300385,5.9900,6.0500,6.0600,5.9400,6.0300,1470103,8849675.7700,3321
20230614,300386,11.7000,11.6800,11.7100,11.5400,11.6500,3480600,40522081.0000,6186
20230614,300387,6.9600,6.9600,7.0600,6.8900,7.0500,3546723,24841384.4600,7164
20230614,300388,6.8100,6.8200,6.9500,6.7700,6.9100,4507689,30962950.3200,7088
20230614,300389,19.3700,19.3400,19.5300,18.8800,19.0900,6312830,120725476.9800,14675
20230614,300390,37.3900,37.4800,37.7700,36.5400,36.5800,15227876,560565849.3300,32262
20230614,300391,7.3400,7.3300,7.3500,7.2000,7.2100,2900566,21030917.2000,4282
20230614,300392,0.9900,0.9900,0.9900,0.9900,0.9900,0,0.0000,0
20230614,300393,13.2900,13.2800,13.3500,13.1000,13.1100,13833181,182245380.2900,10309
20230614,300394,90.8000,91.1000,108.0000,91.0000,105.8900,20205860,1996252556.3300,54103
20230614,300395,43.6800,43.6000,43.9000,43.1900,43.6800,1975884,86124182.6300,7646
20230614,300396,32.2800,32.2800,33.1000,32.1000,32.4200,1468763,47908954.7700,7494
20230614,300397,11.1800,11.5100,11.5400,11.0800,11.0900,20859518,234919925.5900,18951
20230614,300398,17.2000,17.2000,17.2000,17.0100,17.0700,5092159,87012327.3800,7769
20230614,300399,14.4200,14.4000,14.5500,14.1500,14.5200,6222820,89619427.1000,11493
20230614,300400,15.4800,15.4100,15.4900,15.1200,15.2300,2193660,33419464.8000,4898
20230614,300401,11.4200,11.4400,11.6800,11.3600,11.5500,3977752,45826571.5900,4786
20230614,300402,19.1500,19.1500,19.3100,18.9800,19.2100,988700,18906198.0000,3150
20230614,300403,7.6900,7.6900,7.9700,7.6400,7.9000,28730305,224615236.1900,28903
20230614,300404,10.8700,10.8400,11.0100,10.6800,10.7800,11912500,128842346.4000,17937
20230614,300405,5.2500,5.3000,5.3000,5.1700,5.2100,1874286,9750807.2400,4625
20230614,300406,22.1900,22.1800,23.1200,21.9100,22.2800,2877464,64532669.8800,7541
20230614,300407,9.6900,9.7100,10.9600,9.6000,10.1800,32741828,338230543.9000,30488
20230614,300408,29.8400,29.8100,30.5000,29.5800,30.2100,7539144,227114531.0600,20661
20230614,300409,12.4500,12.5000,12.5200,12.1700,12.1800,7075552,86655778.8800,9273
20230614,300410,8.2000,8.1300,8.2800,8.0000,8.0300,2920672,23565791.1600,5623
20230614,300411,6.4900,6.5100,6.5100,6.3700,6.3800,1317099,8445097.5800,3192
20230614,300412,5.0400,5.0500,5.0700,4.9500,5.0000,4023170,20068004.5000,6364
20230614,300413,38.0600,37.8700,39.5000,37.6700,38.3600,47009081,1807772462.6700,90653
20230614,300414,9.6500,9.7200,9.9200,9.5400,9.8100,7445495,72750832.5200,11921
20230614,300415,18.9400,19.2500,19.3000,18.6300,19.0700,10190709,193566288.4900,21544
20230614,300416,20.5600,20.5400,20.6400,20.0900,20.4700,6696936,135991093.4300,18745
20230614,300417,10.2300,10.2500,10.4000,9.9900,10.0600,892240,8989384.4000,3288
20230614,300418,54.9100,53.9300,56.8800,53.1600,55.6300,93902034,5158866897.7800,172671
20230614,300419,6.6700,6.6300,6.7600,6.6000,6.6500,6298400,41955382.0000,10337
20230614,300420,3.2400,3.2800,3.3400,3.2500,3.3100,41584926,137089656.7600,32145
20230614,300421,9.2500,9.2200,9.2900,9.1200,9.1900,3778108,34710248.8400,9290
20230614,300422,5.9800,6.0100,6.0500,5.8900,5.9400,4187700,24978061.0000,6974
20230614,300423,10.5600,10.6200,10.6200,10.3000,10.3600,6955068,72185948.4000,13167
20230614,300424,14.0800,14.0300,14.0700,13.8200,13.9400,4808619,67114416.5300,6112
20230614,300425,5.1700,5.1700,5.4400,5.1000,5.2900,37778002,199986321.2800,33318
20230614,300426,15.4200,15.2200,15.8300,14.7400,14.8600,21961700,334453486.0000,32149
20230614,300427,7.8800,7.8500,8.0200,7.8100,7.8800,4975800,39387454.0000,2705
20230614,300428,22.2800,22.2900,23.1500,22.2300,22.6800,8676338,197135354.3100,19704
20230614,300429,9.6600,9.6900,9.6900,9.4500,9.5400,5231190,49838312.4000,10122
20230614,300430,15.8400,15.7600,16.1500,15.7300,15.8400,2048631,32524492.2700,5987
20230614,300432,10.3800,10.4300,10.4500,10.1900,10.1900,9981234,102448466.6700,14666
20230614,300433,11.8700,11.8800,11.9000,11.7000,11.7500,14450480,170122114.7100,20974
20230614,300434,14.3800,14.3100,14.7900,14.2000,14.5100,10839860,157133181.5100,20012
20230614,300435,13.8800,13.9800,14.0000,13.7700,13.8500,4063000,56194532.0000,7356
20230614,300436,27.1500,27.1500,27.1900,26.7300,26.8000,1269895,34237911.1700,3433
20230614,300437,13.8500,13.9000,14.8500,13.7200,14.2800,8309373,120318945.7800,9619
20230614,300438,45.8700,45.9900,46.1000,44.7700,44.8200,7190117,325065510.4200,22975
20230614,300439,11.5300,11.5100,11.5400,11.3300,11.3600,4547900,51956145.0000,8913
20230614,300440,7.3700,7.3200,7.6700,7.3200,7.5100,10056482,75717163.8000,14865
20230614,300441,5.4400,5.4600,5.5200,5.3600,5.4300,2406400,13019072.0000,5312
20230614,300442,34.5500,36.2800,37.2700,34.9700,35.3100,13409277,478065278.3400,25724
20230614,300443,35.7300,35.9600,36.2300,35.5100,35.7300,3591478,128654336.4800,11997
20230614,300444,8.0800,8.0800,8.1800,7.9200,8.0100,47213571,378488490.8000,31816
20230614,300445,14.8400,14.8000,14.9100,14.5000,14.8500,3306700,48594338.8000,8340
20230614,300446,13.0900,13.0900,13.3600,12.9600,13.1700,4957198,65345857.7000,6730
20230614,300447,18.1100,18.0300,19.0000,17.9200,18.6800,19158525,355170735.1600,30158
20230614,300448,6.5600,6.5300,6.5800,6.4500,6.4600,10360309,67241003.4200,15464
20230614,300449,7.3300,7.2100,7.3600,7.1800,7.2600,16523000,120341069.0000,13619
20230614,300450,30.6500,30.7200,30.8000,29.9100,29.9500,24922440,752125527.4900,44821
20230614,300451,8.8700,8.8300,9.0200,8.7900,8.8500,22244180,198029960.4900,23033
20230614,300452,17.5000,17.5400,17.7600,17.4000,17.6600,1937800,34173695.3000,5530
20230614,300453,6.8700,6.8300,6.8800,6.8000,6.8300,1916140,13081795.6000,3363
20230614,300454,126.9800,126.5800,128.4800,125.4000,126.9500,1916879,243336518.9700,9243
20230614,300455,11.0900,11.0200,11.2500,10.9500,11.1400,10214020,113167480.4000,17562
20230614,300456,23.0300,23.0900,23.0900,22.3900,22.8300,25697484,584894500.0700,27289
20230614,300457,17.0000,16.9900,17.1200,16.7700,16.7800,3917310,66127573.0000,6688
20230614,300458,30.9000,30.6000,31.4900,30.3400,30.9800,34424193,1068642982.3100,52892
20230614,300459,7.1500,7.0500,7.3800,7.0300,7.1400,376720716,2702603081.6900,159743
20230614,300460,9.6600,9.5800,9.6800,9.4700,9.6000,2911320,27852707.8000,7797
20230614,300461,20.1000,20.1000,22.3600,19.7300,22.1600,6434977,135287147.0000,13099
20230614,300462,11.8300,11.8300,12.1500,11.7400,12.0100,4789650,57320581.5000,9517
20230614,300463,15.6100,15.6800,15.6800,15.5000,15.6100,3211055,50069262.5500,6997
20230614,300464,6.3000,6.3000,6.4200,6.2000,6.3400,7686200,48706590.0000,15101
20230614,300465,11.5400,11.5300,11.5400,11.3100,11.3500,20384122,231998206.2600,24948
20230614,300466,6.7900,6.7200,6.8000,6.6500,6.7400,19677920,132082518.6000,19279
20230614,300467,17.9700,17.7000,18.4400,17.5600,17.7400,17593631,315385630.4100,19606
20230614,300468,12.0600,12.0600,12.3500,11.9500,12.0800,21281576,258335191.3800,26761
20230614,300469,25.0500,25.4800,25.4800,24.3700,24.6300,5278266,131059175.9000,14967
20230614,300470,44.3000,44.4500,44.7200,43.8600,44.0200,727582,32138390.0400,3504
20230614,300471,12.8800,13.0700,13.0800,12.7100,13.0000,4208157,54643830.1400,7314
20230614,300472,10.6600,10.6600,10.7500,10.5200,10.6800,3804527,40474175.0100,5423
20230614,300473,17.5700,17.6100,17.8500,17.3400,17.4600,4092366,71506693.6900,12186
20230614,300474,95.5100,94.6500,103.9200,93.6000,102.5000,34105326,3389504998.7300,104111
20230614,300475,26.8600,26.6400,26.7000,25.8000,26.4000,9275662,243441795.1400,19511
20230614,300476,25.7200,25.8900,27.3600,25.3700,26.6900,119377057,3152801527.0100,139354
20230614,300477,4.6100,4.6200,4.6300,4.5400,4.5500,8069208,36803310.3000,6547
20230614,300478,9.6900,9.6600,9.7500,9.5700,9.7100,1211300,11716094.0000,2122
20230614,300479,22.7200,22.4500,22.9900,22.4500,22.6700,14701580,333704747.5100,22062
20230614,300480,23.0100,23.1000,23.7900,22.9000,23.6200,6649697,155456619.6800,8753
20230614,300481,19.6800,19.6900,19.7100,19.1300,19.1400,4894619,94524986.1100,10616
20230614,300482,28.1300,28.1400,28.2500,27.7000,27.8500,4024928,112638542.9100,8516
20230614,300483,12.1500,12.2200,12.2200,12.0800,12.0900,1308340,15836089.8000,1196
20230614,300484,13.4300,13.4300,13.7400,13.3000,13.6100,6419200,86694769.0000,14014
20230614,300485,10.1100,10.1200,10.1800,10.0700,10.1400,1659100,16793808.0000,2458
20230614,300486,8.9200,8.9200,8.9800,8.7800,8.9000,6707228,59583980.7300,5851
20230614,300487,95.1200,95.1200,96.1300,94.5100,95.5300,742672,70883743.0900,4234
20230614,300488,21.3000,21.2500,21.8800,20.8800,21.2000,1317800,28040236.2000,4950
20230614,300489,16.5300,16.6100,17.1000,16.2500,16.9900,1809450,30197731.0000,4015
20230614,300490,14.9800,15.1500,15.6300,14.9000,15.5100,12796456,196515833.8200,23466
20230614,300491,32.3500,31.6000,32.4700,31.0100,32.0500,13224762,419049476.5400,28467
20230614,300492,54.5700,54.0200,55.4500,53.9800,55.1100,218750,11937805.0000,955
20230614,300493,10.3500,10.3000,10.5000,10.0900,10.2200,34403063,352450889.6100,29456
20230614,300494,40.5000,40.1300,41.6100,39.8000,40.9000,13358571,543203858.1500,26613
20230614,300495,1.6700,1.6700,1.7400,1.6700,1.7100,16094241,27579503.5200,3165
20230614,300496,105.1600,105.0000,106.3800,102.5200,103.9800,10336105,1074774916.1600,38716
20230614,300497,13.0900,13.1000,13.1900,12.8900,12.9900,4244900,55175424.0000,6912
20230614,300498,16.9100,16.9200,16.9800,16.5500,16.6600,26671129,445765445.3000,31284
20230614,300499,20.7000,20.8000,22.9600,20.2000,22.3800,76644257,1642360875.5700,86926
20230614,300500,18.8100,18.7000,18.9400,18.4200,18.5200,5570180,103412691.6000,9501
20230614,300501,15.9100,16.0200,16.0200,15.6600,15.7100,2339900,36815528.0000,6645
20230614,300502,61.3800,61.5000,68.8600,60.5100,65.8000,70086135,4498585032.9900,125347
20230614,300503,10.0200,10.0200,10.5300,9.7800,10.4500,19664312,201274492.7600,27728
20230614,300504,19.2800,19.2500,19.5500,18.9300,19.4700,7749094,149799369.5200,14039
20230614,300505,17.5400,17.5800,17.6600,17.2700,17.3800,1936209,33708677.8000,4383
20230614,300506,5.8900,5.8700,6.1700,5.8700,6.1500,12988507,78860802.3300,9918
20230614,300507,6.2300,6.2300,6.2700,6.1300,6.1700,12947673,80095612.4100,15334
20230614,300508,35.4000,35.1900,36.8700,34.5500,36.3800,6985660,249593316.2600,14327
20230614,300509,7.0700,6.9700,7.0800,6.7800,6.8300,17139337,117436400.2000,18162
20230614,300510,7.2100,7.1500,7.2200,6.9000,6.9200,78508941,550527143.3100,59485
20230614,300511,7.6700,7.6700,7.7600,7.5900,7.6300,13419200,102943807.0000,18505
20230614,300512,8.4100,8.3300,8.3700,8.2400,8.2800,1551953,12879538.9400,5129
20230614,300513,15.7500,15.6000,15.7700,15.4600,15.6500,16306032,254340770.8000,17158
20230614,300514,15.1500,15.0000,15.0500,14.5500,14.6600,17112600,251976864.8400,17924
20230614,300515,15.3500,15.3600,15.4800,15.2100,15.3600,1174200,17999483.0000,4598
20230614,300516,32.9500,33.0100,33.3600,32.6900,33.1800,2071600,68582731.5000,5654
20230614,300517,13.7600,13.8600,13.9800,13.7600,13.9300,1365666,18958539.4400,2129
20230614,300518,25.8800,25.8300,26.8300,25.5600,25.5700,6760951,176755594.3600,12632
20230614,300519,15.9200,15.9200,16.0500,15.8500,15.9500,928700,14829684.0000,3018
20230614,300520,25.4400,24.8500,25.2200,24.1900,24.5300,23506106,579472518.5300,31723
20230614,300521,12.6100,12.5700,12.5900,12.0900,12.2300,2055100,25096807.0000,6754
20230614,300522,12.2900,12.2600,12.4600,12.1500,12.2900,5203236,63936541.8000,10771
20230614,300523,25.8100,25.8000,26.3000,25.5800,26.0300,4378590,113788884.6000,9852
20230614,300525,16.8800,17.0600,17.3500,16.0600,16.2500,18434495,303516398.5600,27568
20230614,300526,4.6500,4.6500,4.6500,4.6500,4.6500,0,0.0000,0
20230614,300527,9.0400,9.0100,9.2200,8.9600,9.0400,22877950,208155622.7000,18192
20230614,300528,9.8300,9.8600,10.0700,9.6900,9.7000,10661136,104970829.4200,22070
20230614,300529,24.5700,24.3800,24.7800,24.3300,24.3600,4515301,110604944.0400,10185
20230614,300530,22.8600,23.0900,23.0900,22.4000,22.4100,397000,8959807.0000,1167
20230614,300531,14.6100,14.6000,14.6400,14.4300,14.5700,3471750,50476488.0000,8419
20230614,300532,19.3100,19.2700,19.4800,19.0200,19.0600,7037300,134789171.0000,16518
20230614,300533,51.7000,51.2200,53.6800,49.8100,51.9800,23034800,1188504416.3700,50824
20230614,300534,9.9400,9.9400,10.0500,9.8800,9.9500,7370638,73622913.7900,9591
20230614,300535,14.1000,14.1000,14.1400,13.9800,14.0900,579439,8140993.3400,2106
20230614,300536,15.5700,15.5700,16.2600,15.3800,16.0700,10235436,162558506.6900,13563
20230614,300537,15.8000,15.7500,15.7800,15.4800,15.6000,4838185,75387230.0000,11203
20230614,300538,16.7600,16.6500,16.8300,16.4200,16.6500,4134714,68805731.8000,6618
20230614,300539,12.5500,12.5800,12.7800,12.4100,12.7100,1657908,20914302.5200,5327
20230614,300540,24.2200,23.6700,24.6300,22.2400,24.0600,3715914,88006432.5200,6589
20230614,300541,14.8200,14.8900,14.9700,14.5400,14.6500,11367894,167056634.3600,20466
20230614,300542,13.1200,13.0500,13.1800,13.0100,13.0400,2478589,32434600.4600,7787
20230614,300543,9.5900,9.6100,9.6100,9.3400,9.4300,2774192,26163920.8000,7226
20230614,300545,25.6900,25.7000,25.7000,24.6200,25.4400,8117300,204003956.0000,14188
20230614,300546,19.8000,19.7200,20.1900,19.4000,19.8900,6098930,120995012.4200,14971
20230614,300547,15.9200,16.0000,16.4600,15.7500,16.3300,4203042,67925761.6200,7642
20230614,300548,34.2300,33.7400,37.9500,33.2600,36.2000,46491750,1650379807.4700,67188
20230614,300549,18.4100,18.2000,18.3000,17.6400,17.7900,6981811,124726951.4300,9566
20230614,300550,17.4900,17.5900,17.6300,17.1000,17.1800,2038628,35274665.9400,5287
20230614,300551,20.0500,20.0500,20.1500,19.3700,19.9000,9547096,188884250.8800,10252
20230614,300552,19.5600,19.5000,20.2200,19.2100,19.5600,4454546,87625119.7400,12680
20230614,300553,46.2200,46.3900,46.8800,45.1200,46.5400,706830,32545501.4000,3732
20230614,300554,20.0200,20.0200,20.0300,19.3600,19.4200,1639377,32059628.7200,6073
20230614,300555,6.2400,6.2600,6.3200,6.1800,6.3100,1133867,7076809.0700,538
20230614,300556,27.7300,27.5200,29.3400,27.2300,28.7300,20385149,581431724.6000,32695
20230614,300557,42.7000,42.7600,44.3500,42.0800,42.4100,3575469,154214412.0500,9372
20230614,300558,49.8200,50.1900,50.3500,49.0100,49.2300,4277040,211543768.1500,16014
20230614,300559,21.0000,21.2000,21.8000,20.2700,20.8000,15100326,315230789.2800,21943
20230614,300560,19.0000,19.0000,19.1100,18.5100,18.7900,14608580,274646536.4000,23059
20230614,300561,12.7500,12.6400,13.3800,12.5900,13.2800,17652222,230436310.2900,14424
20230614,300562,9.9700,9.9700,9.9700,9.7600,9.7900,4793900,47165689.0000,6967
20230614,300563,13.9900,13.8500,15.7500,13.7500,14.9600,30460160,451271484.2000,34087
20230614,300564,13.1300,13.1400,13.1800,12.8600,12.9300,1963038,25521269.5600,4249
20230614,300565,17.1500,17.2300,17.2500,16.8100,16.9100,4542400,76971875.0000,11595
20230614,300566,17.5900,17.4900,17.6900,17.2000,17.3400,3907072,67817467.9200,8938
20230614,300567,98.9600,99.4600,102.2600,98.2600,100.5100,6770733,677590685.9300,23703
20230614,300568,16.4700,16.5000,16.5700,16.1000,16.1000,13122167,212941302.3900,18076
20230614,300569,8.2100,8.1700,8.2300,8.0800,8.1000,8082801,65606197.4300,10434
20230614,300570,41.8800,42.2400,50.0000,40.8200,48.1200,42373228,1896835366.8500,77084
20230614,300571,39.7200,39.4200,41.5900,39.1100,41.1400,11296261,457985242.0000,25007
20230614,300572,17.9500,17.7600,17.9700,17.3600,17.4300,3643940,63892008.9400,8203
20230614,300573,193.0000,192.8800,193.8000,190.1800,190.4200,709423,136011749.0500,3676
20230614,300575,10.0900,10.0900,10.1900,9.9600,9.9600,2591215,25983715.9000,7025
20230614,300576,40.9500,40.1000,41.4500,39.8800,40.5800,15941376,645603775.0500,34235
20230614,300577,15.5700,15.6800,15.8300,15.4100,15.5800,772800,12073122.3800,3574
20230614,300578,21.5100,21.6900,22.5000,21.3300,21.8700,10850048,239405391.8000,19964
20230614,300579,33.0900,33.0900,33.1900,32.5900,32.7800,5089373,167065974.2900,11313
20230614,300580,32.1500,32.5100,34.3600,32.0800,34.3500,4748284,157464493.4100,11677
20230614,300581,10.5000,10.4700,10.5300,10.2200,10.2200,8255654,85281310.3800,10113
20230614,300582,13.7300,13.6500,13.6700,13.1800,13.3300,8089953,107811647.3400,10896
20230614,300583,25.9000,25.6400,26.0700,25.5900,25.8700,447400,11533006.0000,1793
20230614,300584,23.5600,23.5600,23.7600,23.2400,23.5300,1243300,29244170.0000,2013
20230614,300585,17.0600,17.0300,17.3500,16.8400,17.1300,5823800,99565501.0000,11752
20230614,300586,11.5000,11.5000,11.5500,11.3000,11.3400,4767128,54171871.3600,7657
20230614,300587,8.2000,8.2700,8.2700,7.6800,8.0500,18838495,150350512.7800,20138
20230614,300588,12.3800,12.2900,12.4700,12.1500,12.2700,6558920,80642299.6000,13558
20230614,300589,14.3000,14.2900,14.6500,14.1400,14.5000,10345141,149306958.2300,16648
20230614,300590,12.1200,12.1200,12.3900,11.9700,12.2900,11533868,140608630.4600,14629
20230614,300591,6.5400,6.5200,6.5800,6.4900,6.5100,6991470,45652070.6900,8180
20230614,300592,29.5800,29.1700,29.4800,28.4200,28.8700,8689561,250807809.5100,15918
20230614,300593,18.3700,18.3700,18.3700,17.9600,18.0000,6284434,113599568.8900,14054
20230614,300594,28.0000,27.9400,28.1600,26.9100,27.2000,4275555,117680790.0000,12887
20230614,300595,29.2000,29.2300,30.1200,29.1500,29.6500,11261590,335478455.7400,20487
20230614,300596,38.0900,38.0900,38.4700,37.9100,38.1400,442672,16906149.0800,1884
20230614,300597,9.6300,9.6100,9.8100,9.4600,9.7300,12616174,121912568.1700,16963
20230614,300598,52.3800,51.7700,52.7700,50.6000,50.7200,8565151,438376663.8100,20105
20230614,300599,8.1100,8.1500,8.1600,7.9700,8.0100,2246800,18024611.0000,4637
20230614,300600,10.4900,10.4400,10.8300,10.4300,10.6900,9758600,104065944.8800,12143
20230614,300601,25.1400,25.1400,25.2700,24.7400,24.7400,9086602,226638653.6700,19503
20230614,300602,15.7200,15.8800,17.1300,15.8000,16.9800,28414829,469681259.6400,40877
20230614,300603,13.5800,13.7900,14.1100,13.4100,13.9500,36307440,501637058.1600,30988
20230614,300604,49.8000,49.8100,51.1500,49.1900,51.1200,7475635,376276388.2200,25793
20230614,300605,16.3500,16.3600,16.4000,16.0100,16.2100,6606075,106629407.6600,10148
20230614,300606,17.3000,17.0000,20.7600,16.9600,19.6800,16604330,321680438.3400,20294
20230614,300607,12.7800,12.7800,12.8400,12.5000,12.7600,4765530,60364993.4500,12945
20230614,300608,11.4800,11.4900,11.6500,11.2100,11.4900,16058841,184007177.4800,24586
20230614,300609,27.2100,27.0600,27.1800,25.8100,26.3900,8499900,224489074.0000,18778
20230614,300610,11.2100,11.2200,11.2200,11.0700,11.0900,974450,10826166.0000,2509
20230614,300611,9.2300,9.2000,9.3900,9.1800,9.2900,3427929,31873329.9100,7766
20230614,300612,27.2200,27.0000,27.0000,25.7600,26.1800,28931538,760837002.8400,47126
20230614,300613,63.7000,63.1000,63.6700,62.4600,63.2100,4546051,286546305.6800,12590
20230614,300614,25.2300,25.1800,26.0500,25.1300,25.4500,3554050,90904831.6700,8192
20230614,300615,16.1200,16.0700,16.7000,16.0100,16.5200,6980106,114348030.2600,18661
20230614,300616,22.1900,22.3000,22.7600,21.8400,21.9700,3791034,84389014.9800,10027
20230614,300617,38.4100,38.5500,38.7000,37.8400,38.4500,1653600,63378074.0000,5218
20230614,300618,32.6200,32.8800,32.9100,32.1900,32.2300,2115840,68611589.7400,7226
20230614,300619,62.1900,62.6400,62.9300,61.3700,61.4000,399927,24748594.9000,1264
20230614,300620,55.7100,55.2800,62.2200,55.0200,57.4800,39979319,2342168290.5500,87249
20230614,300621,9.9600,9.9500,10.0500,9.8700,9.9200,1114000,11040645.0000,4405
20230614,300622,23.5400,23.4800,23.8300,23.2500,23.5900,1155374,27309890.9800,4764
20230614,300623,18.4000,18.3500,18.4500,18.2200,18.3100,4128894,75704953.8800,8717
20230614,300624,131.8800,135.8100,142.5000,132.9000,138.3800,17153773,2359277556.1000,60553
20230614,300625,12.7900,12.8700,12.8700,12.5100,12.7600,2664000,33732378.0000,3933
20230614,300626,9.2300,9.0900,9.2000,8.9100,8.9600,7572500,68227417.0000,13270
20230614,300627,29.5800,29.6000,29.6400,28.0100,28.9300,6147374,175968378.7800,14586
20230614,300628,37.2600,37.2000,37.2500,36.0900,36.2700,9964566,363727750.5000,23781
20230614,300629,19.6100,19.5400,19.9600,19.3500,19.9600,5000853,98355001.5200,8615
20230614,300630,20.0400,20.1000,20.8700,19.8500,20.6300,7539879,153954598.0600,10677
20230614,300631,34.3100,34.2000,34.5400,33.8200,34.0900,1794993,61294616.8400,7434
20230614,300632,11.7700,11.7400,11.7400,11.5600,11.6800,1628323,18969511.6400,3426
20230614,300633,55.6600,55.5900,56.7000,54.0000,56.0400,6216687,347557453.6800,23742
20230614,300634,28.6000,28.4000,28.9500,28.2100,28.6000,17686137,505366437.3100,31893
20230614,300635,13.6900,13.7600,13.7600,13.4100,13.5100,1439700,19488649.0000,3595
20230614,300636,12.2600,12.2400,12.3300,12.0300,12.1200,2425775,29517368.1500,6397
20230614,300637,7.1100,7.1100,7.1200,6.9700,7.0200,2492560,17489192.3000,4355
20230614,300638,24.1100,24.0200,24.4300,22.8200,23.0500,39040970,910438413.2200,50102
20230614,300639,8.5000,8.5000,8.5600,8.3300,8.3500,5289515,44501414.5200,5610
20230614,300640,6.1000,6.0900,6.1300,6.0500,6.0700,3340600,20319279.0000,5187
20230614,300641,5.0900,5.0900,5.1600,5.0300,5.1500,2203250,11240393.5000,3196
20230614,300642,20.1300,20.0800,20.2100,19.9400,20.1300,614370,12339822.1000,2385
20230614,300643,13.0600,13.0800,13.2800,12.8400,12.9500,8247000,107246146.0000,11536
20230614,300644,17.4100,17.3100,17.5000,17.2000,17.3500,1376648,23813390.0000,5106
20230614,300645,28.8400,28.8900,29.9800,28.7200,29.2700,2368300,69703091.0000,7569
20230614,300647,7.1900,7.1600,7.2100,7.0400,7.1000,5245200,37249846.7000,6294
20230614,300648,32.2400,32.2600,32.2900,31.4500,31.5400,1628793,51497855.0600,5061
20230614,300649,22.9600,22.7800,23.3300,22.4200,22.5000,7241976,165060180.8000,10677
20230614,300650,13.6400,13.5200,13.5800,12.7300,13.3500,9397000,123163285.7300,8805
20230614,300651,30.2200,30.0800,31.1900,28.5100,29.2500,13695101,406561056.1400,22680
20230614,300652,21.3100,21.3300,21.6400,21.3000,21.4700,1275600,27384550.0000,3374
20230614,300653,34.1300,34.1900,34.5800,33.8400,33.8700,1355883,46324798.9800,5093
20230614,300654,16.3000,16.3100,16.8600,15.8400,16.0500,36257878,589915462.9800,39757
20230614,300655,20.3400,20.2500,20.3800,20.0100,20.0800,15517681,312367858.3900,18835
20230614,300656,32.2500,32.0900,32.3800,31.6000,31.8200,819473,26060340.6400,3705
20230614,300657,20.7100,20.8800,21.0800,20.1200,20.3700,36984438,764876012.4900,32272
20230614,300658,6.6800,6.6800,6.7100,6.5900,6.6300,2870591,19072394.5300,6089
20230614,300659,24.5500,24.3500,24.6400,23.8200,23.9100,4734920,114162897.0000,10328
20230614,300660,26.8100,26.7800,27.5800,26.4200,27.2600,9615232,260911571.0100,21818
20230614,300661,108.0700,108.4400,110.9700,106.3100,110.0500,3302302,359939273.0400,18254
20230614,300662,33.5600,33.5600,37.6400,33.5600,36.2000,9512550,342953763.5800,31535
20230614,300663,14.7600,14.6500,14.7800,14.5600,14.6300,11654712,170678045.0500,14228
20230614,300664,5.6600,5.7800,5.9500,5.6800,5.8000,20160629,117188915.3100,16399
20230614,300665,8.4100,8.4000,8.4100,8.2800,8.3400,1779600,14852659.0000,4253
20230614,300666,72.5100,72.4900,73.5900,71.7100,73.0300,5637884,410941539.5900,16756
20230614,300667,18.1100,17.9600,18.8900,17.7500,18.5100,4180097,76764816.6500,11328
20230614,300668,23.8000,23.8000,24.0400,22.4000,22.8000,3553600,81684379.5000,6885
20230614,300669,13.3600,13.4500,13.7400,13.3500,13.6700,3479098,47331567.7200,4283
20230614,300670,8.6800,8.6500,8.6500,8.4000,8.4600,8425450,71488409.0000,10583
20230614,300671,44.6100,44.3300,44.5800,43.9000,43.9200,3160849,139520840.8200,7627
20230614,300672,97.3000,97.0000,97.1600,94.2500,94.3900,6175934,591504604.3900,20986
20230614,300673,14.3900,14.3800,14.3800,14.0700,14.0900,2097306,29720069.5400,3884
20230614,300674,19.8800,20.4000,21.1700,19.9200,20.0300,53978363,1095167179.8900,92339
20230614,300675,16.8000,16.9000,16.9300,16.4500,16.5600,8157284,135419372.3200,14491
20230614,300676,56.7800,56.8300,58.9300,56.8300,57.3200,3482542,201253364.6200,10828
20230614,300677,22.2500,22.2600,22.4900,22.1500,22.1500,3422874,76400440.4600,7338
20230614,300678,49.5200,48.9300,53.2100,48.9000,51.9100,46813518,2415575504.6800,102446
20230614,300679,32.5200,32.8500,32.8500,30.9500,31.8400,6082177,191990460.1000,17861
20230614,300680,19.3400,19.3800,19.4800,19.0100,19.2200,3100232,59627218.5600,8405
20230614,300681,20.9700,20.5500,20.6700,19.9600,20.0400,7695014,155266838.3200,19242
20230614,300682,24.3000,24.2400,24.4800,23.6400,24.1400,8941647,214641542.1400,17997
20230614,300683,35.1100,35.1100,35.6000,34.9500,35.5100,481300,17000352.0000,1634
20230614,300684,24.0600,24.0500,25.0500,23.1800,25.0100,35489001,857616824.8700,55227
20230614,300685,24.8600,24.8500,25.1800,24.7500,25.1000,829992,20771097.0500,3329
20230614,300686,10.6600,10.6000,10.6400,10.2500,10.3400,8285597,85859148.7800,8125
20230614,300687,29.4500,29.4500,29.8800,29.1800,29.7000,5479843,162327310.5100,20306
20230614,300688,41.0100,40.4100,46.0000,40.1100,43.6300,30464482,1313887056.6400,45738
20230614,300689,23.2900,23.2200,23.6600,23.0100,23.5300,2102668,49187399.2200,8101
20230614,300690,15.5000,15.4900,15.5100,15.1100,15.1800,1409100,21444573.0000,4566
20230614,300691,17.0700,17.0000,17.2200,16.8500,17.1800,4782301,81688674.7600,12004
20230614,300692,7.4600,7.4600,7.5600,7.3000,7.3200,6090500,45049412.0000,5498
20230614,300693,37.1100,37.0000,37.5200,35.9000,36.0500,11237014,409110255.1500,27313
20230614,300694,10.3400,10.4300,10.4300,10.2500,10.3700,2588683,26810633.9700,6300
20230614,300695,45.7200,45.6900,46.1400,45.4900,45.6500,194177,8884686.8100,953
20230614,300696,23.1800,23.0000,23.2600,22.8300,22.8300,2082924,47825775.8400,4570
20230614,300697,11.5700,11.5800,11.6200,11.3200,11.5400,3043240,34831025.2400,8450
20230614,300698,26.6900,26.6400,27.3500,26.5500,27.0600,2314400,62541170.0000,7198
20230614,300699,28.6300,28.6500,28.8700,28.3600,28.5500,4111094,117853137.0000,10879
20230614,300700,15.8600,15.7400,15.9000,15.3800,15.4500,3067800,47534691.3200,7431
20230614,300701,10.5100,10.5600,10.6000,10.3400,10.5600,3663856,38426905.7400,9180
20230614,300702,24.6700,24.5600,25.4400,24.5100,25.4400,4182955,104904172.6600,8759
20230614,300703,9.4300,9.4400,9.4400,9.3200,9.3400,1441200,13496144.0000,2923
20230614,300705,27.3000,27.5100,27.5800,26.7500,26.9100,3082781,83555550.0500,7825
20230614,300706,24.9000,24.8200,25.0500,24.6500,24.7800,1755200,43556443.0000,4956
20230614,300707,14.3000,14.3900,14.6500,14.1500,14.3100,4302100,61773869.0000,11128
20230614,300708,10.2600,10.2400,10.2900,10.0300,10.0600,6110880,61710491.2000,11341
20230614,300709,26.9700,26.9000,27.5500,26.2800,27.2300,16658173,449036759.5600,26186
20230614,300710,27.0400,27.2000,27.5000,26.8200,27.2600,813505,22086614.0000,2682
20230614,300711,15.4000,14.9300,18.3000,14.9300,17.3900,40027210,653932308.9400,53649
20230614,300712,34.1700,34.2000,34.5600,33.8300,33.8300,1413145,48070062.7100,4682
20230614,300713,25.3400,24.8500,25.1700,24.1200,24.4000,15207576,372845490.4100,25742
20230614,300715,14.2900,14.2800,14.6300,14.2700,14.4900,1586535,22952827.1500,4808
20230614,300716,14.0000,14.2000,14.4900,13.8000,14.2500,3030640,42866997.0000,5959
20230614,300717,16.3600,16.3300,16.3300,15.9700,16.0500,1063400,17083458.0000,3780
20230614,300718,17.2000,17.1200,17.4800,16.9600,17.1600,1602234,27433768.1000,5713
20230614,300719,12.7700,12.7600,12.8300,12.5000,12.5900,3429400,43167162.0000,11366
20230614,300720,12.4000,12.4000,12.4100,12.1000,12.1200,1613900,19678967.0000,3461
20230614,300721,15.1700,15.1700,15.2500,15.0200,15.1800,1101875,16683879.7000,3254
20230614,300722,31.1500,30.9000,31.2700,30.6100,30.6300,2851476,87949176.9800,5675
20230614,300723,29.6000,29.2100,30.9800,29.1800,30.5700,2693200,81882247.2400,13007
20230614,300724,91.4500,91.5200,92.1700,89.3600,89.3800,3840954,346386928.8600,15987
20230614,300725,50.9000,50.9000,51.4400,50.1900,50.2000,3267006,165367874.4400,10395
20230614,300726,36.9800,37.1800,37.1800,36.4600,36.5300,1560809,57209564.7600,4918
20230614,300727,27.5300,27.5300,27.6300,26.8100,26.8100,2261100,61222512.0000,4831
20230614,300729,15.7300,15.6500,16.3700,15.6000,15.9100,12524717,200303731.3200,19665
20230614,300730,14.8700,14.8100,15.3500,14.7800,15.3200,19880242,301812346.6200,17868
20230614,300731,20.8500,20.3900,22.2100,20.1100,21.9700,15669189,333282796.3100,31098
20230614,300732,9.9400,9.9000,9.9600,9.7000,9.7100,8540868,83701404.2400,10235
20230614,300733,23.8600,23.9800,24.2400,23.8000,23.9500,1009100,24165654.3600,2002
20230614,300735,11.2600,11.2300,11.5400,11.0400,11.2100,15782997,177609145.5100,21344
20230614,300736,11.8200,11.9100,11.9700,11.7000,11.9300,2172800,25722179.0000,5162
20230614,300737,10.1000,10.0200,10.2500,10.0200,10.0600,7793893,78926851.4900,13273
20230614,300738,11.2900,11.4600,11.6800,11.2700,11.3400,44179971,505435777.3200,47544
20230614,300739,14.5700,14.5500,14.5800,14.2800,14.5000,2461449,35541394.0700,5969
20230614,300740,15.8300,15.8300,17.2000,15.7300,16.9900,20106891,335582722.2300,27368
20230614,300741,21.1800,21.2800,21.6700,21.1100,21.5500,1359938,29161845.6100,3693
20230614,300742,5.2400,5.2400,5.2400,5.1200,5.1700,3247843,16814087.6800,1717
20230614,300743,15.8100,15.7500,16.0800,15.6000,15.8100,4330516,68630320.5000,8607
20230614,300745,42.3200,42.3000,44.4900,42.1400,43.9800,6351143,276946428.9100,20302
20230614,300746,10.7600,10.7500,10.8300,10.5100,10.5700,6229789,66158470.6200,8550
20230614,300747,28.0800,27.9600,30.2000,27.7200,29.7100,25822142,754772480.9200,43547
20230614,300748,26.7400,26.7400,26.8600,26.5000,26.5000,4644711,123563247.4800,8056
20230614,300749,8.7300,8.7400,8.7800,8.5800,8.6800,1841620,15937280.0000,5459
20230614,300750,213.1000,217.1500,217.6300,213.0000,213.4000,16362927,3508630636.2200,72993
20230614,300751,141.6000,141.3100,142.8000,138.6900,139.0500,1867910,262180757.9600,11886
20230614,300752,16.9700,16.8100,16.9900,16.5700,16.7700,1870771,31298387.3800,6767
20230614,300753,19.1000,18.9900,19.2300,18.7100,18.8200,9574005,180875078.0900,15716
20230614,300755,24.5700,24.7400,25.9400,24.6400,25.5600,5272882,134618663.6200,10862
20230614,300756,18.5000,18.5000,18.9800,18.2900,18.5800,4778754,89182153.8400,6918
20230614,300757,74.8100,74.8200,78.7700,74.5000,77.8400,8405836,641672965.6300,21849
20230614,300758,9.7400,9.8000,9.8000,9.6200,9.7300,1431064,13893516.2800,3190
20230614,300759,45.5800,45.8000,46.5900,44.7100,44.7400,12783505,582465400.1700,31443
20230614,300760,302.2800,303.0000,304.9500,299.3000,299.6100,2060255,621292899.8400,13611
20230614,300761,19.0700,19.2000,19.2000,18.7800,18.9400,1174565,22201673.4000,2998
20230614,300762,11.1900,11.2600,11.6200,11.0500,11.4100,13490684,153236362.6700,18112
20230614,300763,97.4500,97.4500,97.7400,95.0000,95.0000,3609411,346754475.8800,17666
20230614,300765,12.8400,12.8000,12.9500,12.6500,12.6600,5794293,73961751.8600,9654
20230614,300766,20.0400,19.7700,20.3000,19.5500,19.7700,18268100,362993718.0000,26176
20230614,300767,26.5000,26.6900,26.8700,26.3100,26.6100,1959971,52174376.2500,9889
20230614,300768,18.8300,18.7100,18.9600,18.5000,18.9000,3465413,65037523.5700,9142
20230614,300769,100.0000,99.8000,100.7700,95.2300,95.9200,6728235,651661982.3400,31854
20230614,300770,46.4800,47.2300,50.2000,47.2000,48.2600,12725985,619118042.2100,31113
20230614,300771,10.9400,10.9500,11.0000,10.8100,10.8400,2024550,21990996.5000,4624
20230614,300772,12.9200,12.9700,12.9900,12.6800,12.6800,5683590,72620309.1400,6413
20230614,300773,18.3000,18.3100,18.7400,18.2800,18.4900,17557859,324486125.4400,33049
20230614,300774,10.5100,10.4700,10.7000,10.3200,10.5000,3739927,39412116.3500,6483
20230614,300775,31.6700,31.6000,31.8600,31.5800,31.7400,3602060,114295712.2100,6780
20230614,300776,96.3500,96.3700,96.8700,94.8600,94.9300,1894068,180748734.2300,8213
20230614,300777,45.3700,45.3600,45.9300,45.1700,45.6000,2583239,117892230.3800,8646
20230614,300778,22.6300,22.5900,23.0600,21.8600,21.9100,9917693,222471960.6800,13596
20230614,300779,54.9800,55.0600,55.5000,53.7000,54.3100,2941168,159709771.2300,13300
20230614,300780,13.6900,13.6900,13.7400,13.4300,13.6200,1954400,26515922.0000,4354
20230614,300781,27.6100,27.8600,29.3000,27.3200,28.8900,8756500,250444985.1000,20784
20230614,300782,108.2700,107.4500,109.2000,106.1300,106.4700,5620270,603966611.0100,25447
20230614,300783,21.6500,21.7900,22.0900,21.5200,21.9000,8508100,186219608.0000,12883
20230614,300785,47.7700,47.9700,49.1500,47.3000,48.5900,5251078,254996419.3800,18660
20230614,300786,18.7700,18.7800,18.9400,18.5300,18.8800,3072076,57562126.9600,8791
20230614,300787,20.0600,20.0500,20.1100,19.6800,19.7300,1168300,23116612.0000,3705
20230614,300788,40.9300,39.7300,40.6800,38.3700,39.0500,16406820,644814067.0400,33100
20230614,300789,20.7000,21.4900,24.8400,21.3300,22.8800,7238411,169954815.7400,18034
20230614,300790,14.7200,14.8400,14.8500,14.5400,14.7200,1897650,27848176.0000,6748
20230614,300791,30.1700,30.2900,31.4100,29.7300,31.2400,1599075,49241288.5000,6480
20230614,300792,31.8500,31.8400,32.1600,31.6900,31.8800,5682292,181099269.6200,10638
20230614,300793,21.8700,22.0100,22.2800,21.1900,21.4600,18291340,394172391.8800,23050
20230614,300795,37.5000,37.4900,40.8100,37.1900,39.7000,2739034,107809441.3400,10303
20230614,300796,11.4700,11.5200,11.5500,11.4000,11.4300,1494688,17146267.0000,4598
20230614,300797,17.4600,17.5300,17.5400,17.3000,17.4300,995500,17351032.0000,3167
20230614,300798,7.1700,7.1600,7.2400,7.0900,7.1700,5253400,37615042.0000,4954
20230614,300799,261.2800,265.0000,265.0300,257.8400,259.0100,200223,52073041.0000,853
20230614,300800,13.4700,13.6000,13.6900,13.2800,13.4200,1503400,20198443.0000,3912
20230614,300801,17.3500,17.3700,17.3700,17.1800,17.2400,711280,12276909.2000,1299
20230614,300802,23.7000,23.6900,24.1400,23.2300,23.9000,2987344,71144695.5200,6493
20230614,300803,52.7700,52.7800,53.3600,52.3500,52.7000,4425847,234045488.2400,10085
20230614,300805,9.2600,9.2600,9.4200,9.1700,9.2600,4967600,46249052.0000,10807
20230614,300806,18.1400,18.0600,18.3500,17.9600,18.1200,1564351,28354900.9600,4147
20230614,300807,34.1800,33.7300,34.1800,31.2500,32.0300,13829665,445343024.9500,30001
20230614,300808,14.2100,14.2200,14.2200,13.9600,13.9700,1023500,14364613.0000,3452
20230614,300809,20.6600,20.4200,21.5000,20.3100,21.0900,6893920,144611791.0000,11897
20230614,300810,22.7700,22.7400,22.8800,22.3000,22.3700,2278581,51303869.4200,5947
20230614,300811,99.8100,100.4800,100.5500,97.5000,99.5100,1156324,114301371.5500,5676
20230614,300812,21.1800,21.1500,21.2000,20.6800,20.9800,2133280,44599566.0000,7635
20230614,300813,27.5900,27.7000,27.7000,27.2500,27.2900,770624,21118158.0000,3216
20230614,300814,23.6600,23.6600,24.0800,23.0600,23.7000,6377206,150132251.3900,13627
20230614,300815,14.5500,14.5200,14.5600,14.3800,14.4900,2051668,29661412.1200,4403
20230614,300816,28.0800,28.2700,28.6000,27.4200,27.4800,1712421,47369308.4500,6697
20230614,300817,13.4200,13.4100,13.4800,13.0800,13.1700,1515037,19988822.1500,4635
20230614,300818,22.2200,22.1500,22.2300,21.8200,22.1200,604250,13286959.0000,1806
20230614,300819,13.5600,13.5900,13.8500,13.4400,13.6000,952841,12992095.7900,3220
20230614,300820,102.0000,101.5000,115.0000,99.3100,114.5100,4026854,436141087.8500,17396
20230614,300821,9.5100,9.5100,9.5300,9.3700,9.3800,3999191,37654970.5500,6512
20230614,300822,12.8400,12.9000,12.9000,12.6100,12.7600,2253850,28765189.5000,7121
20230614,300823,18.9900,19.2000,19.2000,18.6200,18.7600,681900,12789375.0000,2664
20230614,300824,10.1300,10.1400,10.3700,10.0800,10.3300,2676350,27494600.0000,5561
20230614,300825,16.5700,16.5300,17.1500,16.0600,16.3100,33534661,555568387.9700,38222
20230614,300826,16.8300,16.9300,17.0600,16.5600,16.6700,13779239,231176015.0300,19084
20230614,300827,44.7900,44.7800,45.0000,43.7700,43.9000,4876467,215887895.4400,16985
20230614,300828,17.6800,17.8000,18.0000,16.4100,16.7500,25755013,435346959.8300,34055
20230614,300829,20.6000,20.7000,20.8600,20.4500,20.7400,688860,14255821.0000,1669
20230614,300830,11.3300,11.0000,11.3200,10.9200,11.0400,33973645,376836305.0500,50770
20230614,300831,13.7000,13.7000,13.7000,13.5200,13.6100,3672850,49973112.5000,7318
20230614,300832,59.8100,59.8100,60.9800,58.8200,60.4200,2788002,167945190.9400,12066
20230614,300833,105.2200,105.2200,107.4800,104.3800,106.3700,196442,20837465.5200,1371
20230614,300834,24.4100,24.4300,24.4800,24.2900,24.2900,293693,7151449.9500,719
20230614,300835,28.4200,28.5000,28.5600,27.8000,27.8600,1073170,30020406.8000,4665
20230614,300836,28.8500,28.9600,28.9600,28.1300,28.3000,1516100,42981195.5000,5544
20230614,300837,39.0400,38.7100,39.1900,38.2800,38.7500,1014009,39233755.7500,2559
20230614,300838,16.8800,16.9600,17.2000,16.6300,17.0000,1952000,32973474.0000,7226
20230614,300839,13.1200,13.0600,13.1800,12.8200,12.8400,2890996,37492553.1600,8053
20230614,300840,12.7800,12.8700,12.8700,12.2700,12.3200,7739600,96149902.0000,14570
20230614,300841,71.8100,71.7400,71.8500,70.4800,70.4800,854076,60636928.0000,3807
20230614,300842,78.7300,79.0000,79.0000,68.0000,69.7200,9684356,706778278.7200,29261
20230614,300843,21.2800,21.2100,22.5000,20.8900,22.1500,4889000,106546855.0000,11337
20230614,300844,28.8200,28.8300,29.1800,28.5500,28.7400,472960,13592553.8500,2685
20230614,300845,25.1800,25.3700,27.2800,24.9100,26.6000,12539750,331926263.9800,23229
20230614,300846,19.2300,19.0800,19.5800,18.4600,18.9100,61927099,1174761601.1200,62317
20230614,300847,22.4200,22.3600,23.4900,22.1000,22.7700,30102286,688190904.8600,35916
20230614,300848,20.5200,20.7600,20.7900,19.9800,20.0900,2440244,49361021.6200,6608
20230614,300849,11.2000,11.2000,11.2800,11.1200,11.1700,430900,4823558.5000,1758
20230614,300850,35.6100,35.7000,35.9900,34.6000,34.6300,5202190,181506345.4600,15110
20230614,300851,26.9800,26.9100,26.9100,26.0000,26.2100,1471783,38693651.7900,2910
20230614,300852,41.2300,41.2100,41.5000,40.2100,41.1500,1199380,48945384.6000,5769
20230614,300853,31.9800,32.0000,32.6900,31.7000,31.7200,2037760,65130963.8000,6782
20230614,300854,15.6800,15.6900,15.6900,15.3500,15.3900,923770,14249585.4000,3300
20230614,300855,33.1200,33.0300,34.1900,32.6500,33.9400,3476115,116451135.2600,12329
20230614,300856,78.0400,78.0000,79.5900,75.8800,78.6400,1584027,123185740.1000,8513
20230614,300857,28.6200,28.4000,28.4400,27.2400,27.8000,6107200,169875661.0000,17480
20230614,300858,24.9100,24.9800,25.2500,24.7900,24.9500,960480,24003387.0000,4118
20230614,300859,27.5300,27.7700,28.1800,27.5000,27.5000,3767000,104844512.0000,5108
20230614,300860,62.6700,63.6700,65.9700,62.4500,62.7000,1878935,120218992.9900,6817
20230614,300861,39.9800,39.9100,40.0800,39.3900,39.6700,2360381,93800243.7000,9225
20230614,300862,29.7200,29.5100,29.9600,29.5000,29.7900,1234484,36676709.9600,3504
20230614,300863,64.7900,65.1100,65.7900,63.3900,63.8300,1503973,96410584.1400,6596
20230614,300864,21.6800,21.6800,21.8600,21.5100,21.5500,1038862,22490009.3400,3272
20230614,300865,20.6600,20.6500,20.6900,20.2400,20.5200,424701,8659936.3900,1784
20230614,300866,88.2000,88.7200,90.8900,86.6000,88.4900,3533819,311899345.6500,14818
20230614,300867,17.1000,17.1700,17.2100,16.9900,17.0200,1167667,19919906.9100,2200
20230614,300868,17.9100,17.9000,18.0800,17.6600,17.8200,879406,15701986.8300,3577
20230614,300869,23.3000,23.3100,23.5000,23.2100,23.3200,2736073,63900744.4900,6617
20230614,300870,62.4200,62.2900,63.7900,60.7000,61.6100,2640400,162985009.9500,10550
20230614,300871,16.8300,16.8300,16.8300,16.6300,16.6900,849750,14184599.3600,3352
20230614,300872,16.8200,16.7900,16.8700,16.5800,16.6200,7898287,131752844.3200,18027
20230614,300873,21.5000,21.4400,21.5500,21.2100,21.2800,885440,18915778.6000,2661
20230614,300875,40.1900,40.2300,41.8800,39.7100,40.6200,5293048,216330891.5500,17904
20230614,300876,24.8600,24.9400,25.0000,24.5300,24.8300,277500,6892810.0000,1236
20230614,300877,16.9500,16.9800,16.9800,16.7700,16.8000,688242,11584728.4800,2514
20230614,300878,22.6800,22.7000,22.7700,22.5200,22.7400,551456,12503838.5600,2239
20230614,300879,16.7300,16.7500,16.7500,16.4900,16.5800,680800,11286602.0000,2093
20230614,300880,24.5700,23.7000,24.6000,23.6900,24.1900,17263582,415571495.2200,29740
20230614,300881,33.6400,34.0000,34.0000,32.8800,33.5000,824043,27394843.4200,4656
20230614,300882,29.5100,28.8000,30.2500,28.5000,28.8600,13610990,394950227.2900,24320
20230614,300883,6.1700,6.1900,6.2000,6.1200,6.1600,2127004,13117605.2600,3981
20230614,300884,13.9900,13.9700,14.2200,13.7200,13.7900,8517656,118848810.5600,14548
20230614,300885,9.1400,9.1500,9.1500,8.9700,9.0000,1278602,11550638.3400,2567
20230614,300886,23.5900,23.3700,23.8200,23.2600,23.7800,471590,11145545.9500,1771
20230614,300887,35.9600,36.0000,37.2000,35.9000,37.0600,1344647,49386674.0500,4531
20230614,300888,43.0300,42.9400,43.3600,42.7500,43.0300,1261673,54351281.3300,5631
20230614,300889,14.6600,14.6300,14.7300,14.4400,14.6300,1231200,17940775.0000,4177
20230614,300890,40.6600,40.6600,40.9000,39.8000,39.9500,2426321,97324368.8700,5562
20230614,300891,9.2700,9.2900,9.3300,9.1800,9.2200,1138200,10493807.0000,2093
20230614,300892,24.0700,24.1300,25.2500,24.0100,24.7000,2507238,62026544.2400,5176
20230614,300893,24.0500,24.1500,24.3200,23.6100,23.8000,1751800,41769527.1200,7532
20230614,300894,25.7100,25.6800,26.2000,25.4800,25.9200,1705070,44192294.1400,5405
20230614,300895,39.9300,39.0000,40.0400,38.5600,39.1000,11296646,442955114.0300,21609
20230614,300896,432.0000,435.0000,459.9800,430.0000,447.0000,2933312,1318057501.1500,20380
20230614,300897,32.9700,32.9600,33.0100,32.3100,32.6600,1344920,43808197.9600,4417
20230614,300898,22.6200,22.4500,23.2800,22.4500,23.0500,6139269,140903771.6000,11524
20230614,300899,23.5900,23.5000,23.7000,23.1500,23.2300,854900,19919435.0000,3435
20230614,300900,26.8600,26.8800,27.1500,26.7500,26.8400,2039916,54870441.2600,5846
20230614,300901,11.6400,11.5900,11.9100,11.5300,11.5700,3440500,40204195.4400,3989
20230614,300902,33.7600,33.7700,33.8600,33.4200,33.6700,647900,21786295.0000,2585
20230614,300903,10.4700,10.2800,10.2900,9.9500,10.2100,17618241,178092797.8100,30416
20230614,300905,17.2000,17.2100,17.3600,16.9100,17.2600,951700,16320831.0000,2515
20230614,300906,24.0700,24.1000,24.1200,23.6100,24.0000,569300,13582666.0000,1725
20230614,300907,20.1700,20.1200,20.1200,19.8300,19.9800,731400,14618540.0000,2266
20230614,300908,49.8300,49.8400,51.8400,48.9700,48.9800,1063577,53229243.3000,3692
20230614,300909,25.2000,25.1600,25.1900,24.6200,24.7600,811275,20150370.4600,3942
20230614,300910,57.1800,56.8900,56.9900,52.0000,53.3500,8659856,461741108.4600,24412
20230614,300911,39.6800,39.4500,41.8900,39.4200,40.8300,5232032,212060089.2200,10368
20230614,300912,20.6200,21.0000,21.1000,19.9000,19.9800,6633462,134597843.8300,13773
20230614,300913,48.2300,47.5500,55.1700,46.8200,52.5300,21047314,1063093298.6300,43965
20230614,300915,37.9100,38.2400,39.0000,37.8000,38.4200,454020,17483127.1500,2086
20230614,300916,46.3500,46.3500,47.0500,45.1600,46.0200,2166621,100342585.4200,5000
20230614,300917,26.6900,26.5300,26.7500,25.5600,25.8000,7671723,199412008.2400,11290
20230614,300918,12.6700,12.7100,12.9400,12.5600,12.7800,1927900,24676805.0000,4936
20230614,300919,61.9600,62.0100,62.4200,61.2500,61.5000,2621899,161368424.1100,9325
20230614,300920,16.9700,16.9700,17.0000,16.7500,16.8200,357300,6012410.0000,1434
20230614,300921,31.7000,32.3500,33.4300,30.7300,32.1300,20631579,664289406.0100,38640
20230614,300922,19.4500,19.3000,19.4500,18.8200,19.0100,5774747,110254675.3200,9375
20230614,300923,22.1800,22.1800,22.1800,21.7900,22.1300,488400,10720688.0000,1775
20230614,300925,16.1500,16.1600,16.1700,15.7400,15.8400,12479736,198274861.1300,19309
20230614,300926,23.7900,23.9200,25.0000,23.8000,24.2500,20074030,487704691.8400,34363
20230614,300927,15.9400,16.0000,16.0500,15.8400,15.9300,489100,7791425.4000,2231
20230614,300928,40.8700,40.8900,41.4700,39.9000,40.1800,2825846,114388042.5500,6554
20230614,300929,11.3500,11.3000,11.4100,11.1100,11.3000,1572000,17669526.6000,2500
20230614,300930,24.0900,24.0800,24.0800,23.3700,23.6000,623866,14722804.0000,2464
20230614,300931,7.3500,7.3400,7.3600,7.2200,7.2400,1333700,9671838.0000,3224
20230614,300932,15.2200,15.2200,15.3200,14.9500,14.9900,1025720,15441905.9400,4072
20230614,300933,7.6800,7.6600,7.7200,7.6100,7.6600,2211450,16956390.5200,5212
20230614,300935,33.6300,33.5000,33.7500,32.8800,32.9600,1614052,53564532.6000,4876
20230614,300936,32.1600,31.9100,32.1100,31.3800,31.7200,1213851,38363246.8100,3992
20230614,300937,32.0300,31.8700,32.7400,31.8700,32.2500,2898800,93822559.0000,7237
20230614,300938,40.6800,40.6900,42.0000,40.0000,41.8900,1062380,43910623.2400,4290
20230614,300939,35.1600,35.2500,35.8000,34.9000,35.2400,4693312,165788867.4300,9770
20230614,300940,18.1200,18.3000,18.5000,17.8900,18.4400,1536391,28067146.7500,4218
20230614,300941,22.0700,21.9800,22.2100,21.8500,22.0800,1814534,40024605.3100,5027
20230614,300942,13.0800,13.0900,13.1000,12.9500,12.9500,1374622,17870486.0900,3746
20230614,300943,15.7800,15.8100,15.8100,15.3800,15.4500,5382211,83492831.4000,5325
20230614,300945,15.4800,15.4400,15.5700,15.2000,15.3400,2885178,44245116.1400,6270
20230614,300946,31.5900,31.9600,32.2800,31.3000,32.1600,975164,31084846.1000,4409
20230614,300947,15.2600,15.5000,15.7100,15.1600,15.1700,5010999,77105131.6000,7652
20230614,300948,14.8000,14.7200,14.7600,14.4300,14.4700,3972750,57807494.0000,8331
20230614,300949,41.8000,41.0600,42.3900,40.3400,40.5000,1674775,68881899.0000,6170
20230614,300950,20.2300,20.2200,20.5600,19.9600,20.2400,3906816,79110643.7400,6998
20230614,300951,53.9700,53.9700,54.2000,53.4500,53.8900,453949,24459376.2700,2501
20230614,300952,22.1500,22.0500,22.4300,21.8200,21.9200,1191206,26294295.0400,3669
20230614,300953,69.6100,69.1500,70.0300,68.1900,68.9600,785554,54252603.4300,2261
20230614,300955,21.2200,21.2200,22.2000,20.8200,21.6900,838600,18078709.0000,3090
20230614,300956,15.2100,15.2000,15.2900,14.9600,15.2700,922000,13936508.0000,2660
20230614,300957,91.0200,91.0800,95.2000,90.1100,94.0800,5929208,554700757.7700,24498
20230614,300958,17.2000,17.2000,18.3100,17.0900,17.5300,2807562,49716090.1600,6442
20230614,300959,38.8900,38.7100,40.0100,38.4100,39.6900,2510300,99024147.1600,5108
20230614,300960,21.2100,21.0900,21.1700,20.8500,21.1300,2444717,51309657.4400,3518
20230614,300961,11.2400,11.2200,11.6500,11.1400,11.3800,5505612,63127690.4800,6709
20230614,300962,18.7500,18.6500,19.2400,18.0300,18.1100,7866804,145347516.3800,7007
20230614,300963,19.7900,19.8300,19.9700,19.5700,19.7100,2335447,46049530.4400,5285
20230614,300964,51.5200,51.5200,53.9900,50.8300,53.3400,7790904,408689729.7300,21563
20230614,300965,45.6500,45.7300,45.7500,44.9000,45.4700,291000,13158183.0000,1523
20230614,300966,22.4000,22.4400,23.0700,22.1400,22.4500,1446900,32584908.0000,4012
20230614,300967,15.3500,15.2800,15.9600,15.2400,15.4600,3684538,57608596.7300,4455
20230614,300968,8.0900,8.1200,8.1500,8.0600,8.1500,2156200,17492234.0000,5873
20230614,300969,66.2000,66.2900,66.7900,64.8800,64.9900,2188515,143476638.3800,9717
20230614,300970,23.0300,23.0000,23.1500,22.7000,22.8500,2040612,46751845.3900,6224
20230614,300971,24.1700,24.2800,24.4400,23.5500,24.3500,1475755,35585194.3800,4521
20230614,300972,42.8100,42.5500,43.1200,42.4300,42.7500,1842252,78660802.0600,6235
20230614,300973,69.9200,69.6900,71.9000,69.5000,71.2500,1200248,85479904.9800,6308
20230614,300975,7.2800,7.2200,7.2300,7.0700,7.1500,10552704,75402155.0200,11020
20230614,300976,50.0700,50.0000,50.6900,49.3200,50.3400,567440,28421568.6000,3392
20230614,300977,18.7300,18.5700,18.6900,17.6800,17.9500,5420266,97709272.4000,7294
20230614,300978,13.1900,13.3000,13.3300,13.0000,13.2000,4442959,58629018.6900,10640
20230614,300979,46.8800,47.0000,51.1500,46.7000,49.5500,7047060,348690272.1100,21411
20230614,300980,20.0500,20.3000,20.4200,19.6600,19.7000,908608,18067381.4800,2842
20230614,300981,15.7300,15.7400,15.7400,15.4700,15.5500,2678984,41798598.8400,5017
20230614,300982,62.9500,62.4800,63.1500,60.6800,60.9200,920917,56967863.1800,4540
20230614,300983,32.4300,32.3500,33.1800,32.0600,32.1100,1315999,42854637.7300,3218
20230614,300984,24.8400,24.9200,25.0900,24.2600,24.5700,1181257,28927071.8100,4345
20230614,300985,26.2000,26.4500,26.6000,25.7500,26.0000,1932100,50179040.9000,2930
20230614,300986,30.9300,30.6700,31.3100,30.4500,30.9000,709636,21937551.6400,2763
20230614,300987,22.4600,22.4300,23.1700,22.1800,22.8700,11223137,256138923.7700,19036
20230614,300988,20.8500,20.9900,21.0000,20.4800,20.5500,1467975,30250138.0000,4779
20230614,300989,22.4800,22.5200,22.9900,21.4300,21.7300,12024943,265398892.7000,20287
20230614,300990,48.3000,48.2500,50.3300,47.1100,50.0600,4116479,200395964.9300,10668
20230614,300991,17.0100,17.0000,17.0300,16.2600,16.8200,11901479,199108233.4600,25339
20230614,300992,19.2900,19.3000,19.3800,19.0900,19.3000,525065,10091537.3000,1691
20230614,300993,10.8900,10.9400,10.9500,10.7200,10.8100,1708310,18484858.0800,4133
20230614,300994,15.1100,15.0500,15.2000,14.7000,14.8000,2204799,32817949.8400,4080
20230614,300995,20.8000,20.6300,20.7000,19.9600,20.2300,1433203,28979848.8600,4905
20230614,300996,31.9500,31.9500,32.3000,30.8000,31.5300,1837764,57956030.7300,6875
20230614,300997,15.1000,15.2600,16.5000,15.1300,16.2200,14254963,228298894.4500,17522
20230614,300998,31.0200,31.4800,31.4800,30.2200,30.7800,902601,27880521.9900,2756
20230614,300999,40.3900,40.3900,41.1500,40.3100,40.8000,5669370,231315861.9600,13691
20230614,301000,33.2800,33.8000,33.9500,32.8700,33.3600,2095180,69738404.5500,5333
20230614,301001,29.9800,29.8000,30.9200,29.7000,30.9200,4895733,149291989.4600,11955
20230614,301002,19.8800,19.9800,19.9800,19.4000,19.5100,819110,16039747.3000,2929
20230614,301003,23.3200,23.2700,23.2700,22.6000,22.6500,1272199,28989669.8600,5094
20230614,301004,34.5100,34.9800,34.9800,34.0000,34.4000,780928,26819633.2000,3407
20230614,301005,29.0800,29.2100,29.7700,28.9100,29.1000,1027080,30005011.2400,3299
20230614,301006,24.4500,24.5100,25.2400,24.3000,25.1300,988190,24602146.4000,3471
20230614,301007,13.2800,13.3000,13.4500,13.1100,13.2400,5978235,79276779.9500,9382
20230614,301008,27.0700,27.0700,27.2000,26.6100,26.9800,435692,11688890.1600,1479
20230614,301009,11.7500,11.8200,11.9000,11.6700,11.8200,1315400,15544134.0000,4988
20230614,301010,20.3100,20.2800,20.4900,20.0700,20.2800,1318900,26766230.0000,2649
20230614,301011,25.4800,25.4700,26.6000,25.4500,25.8000,2754602,71627673.9100,11293
20230614,301012,25.6400,25.6000,26.0700,25.3300,25.4200,2260609,58027602.5300,4129
20230614,301013,15.8200,15.3200,15.4300,14.4100,14.6000,29828310,440615171.0500,33999
20230614,301015,27.9800,28.3700,28.4300,27.7500,28.0200,810993,22765877.5100,4413
20230614,301016,20.0600,20.0600,20.0800,19.7300,19.7400,651752,12922096.2000,1371
20230614,301017,17.7400,17.6600,18.4500,17.6100,18.3600,3820075,69669479.5500,7645
20230614,301018,40.7200,40.4700,42.2900,40.4000,41.9000,10684454,442473461.0100,22544
20230614,301019,20.2100,20.1000,20.3000,19.9600,19.9700,320450,6430910.0000,1112
20230614,301020,21.5300,21.5800,21.8000,21.0700,21.1400,1334100,28349239.0000,4760
20230614,301021,25.4300,25.2300,25.4200,24.6300,25.3500,2212700,55343393.0000,6817
20230614,301022,30.1300,30.0000,30.0000,27.5100,27.9000,8371826,235197649.2700,19682
20230614,301023,40.2100,40.2700,40.5500,39.8500,40.4200,369158,14876055.9400,1717
20230614,301024,24.9500,25.2500,25.6600,24.8500,25.3500,929808,23504431.2200,3133
20230614,301025,14.5300,14.3900,15.0600,14.3700,14.6600,14973242,220644404.2200,14804
20230614,301026,35.1500,35.0000,35.5200,34.7300,35.4000,959971,33720044.2700,3196
20230614,301027,12.3500,12.3900,12.3900,12.1900,12.2400,1947156,23880506.2300,3473
20230614,301028,10.8600,10.7700,10.9100,10.4800,10.5000,2533933,26845694.5300,6534
20230614,301029,42.7100,42.7100,43.3400,42.2400,42.9300,1447508,62199882.9100,6259
20230614,301030,55.0000,54.8600,57.1500,54.0700,56.0500,7058274,391296525.0200,18962
20230614,301031,111.3000,111.4600,112.3300,109.1800,111.4000,549298,61009296.2400,3808
20230614,301032,8.9000,8.8100,8.8400,8.5200,8.5600,8054069,69425749.7500,10915
20230614,301033,43.1000,43.1500,43.7200,42.1500,43.3500,633400,27214328.0000,2444
20230614,301035,74.5500,74.5300,75.1100,72.6400,72.8700,594999,43658155.8700,3088
20230614,301036,18.5100,18.5900,18.5900,18.2500,18.3000,457445,8384443.0500,1532
20230614,301037,17.2400,17.2300,17.2900,17.0700,17.2200,563360,9681179.7400,1325
20230614,301038,18.1400,18.0100,18.0800,17.5600,17.6000,6369138,112883657.6700,8708
20230614,301039,12.6600,12.5600,12.7500,12.3200,12.5800,20685904,258915720.1100,32135
20230614,301040,20.0800,20.3000,20.3000,19.5700,19.6700,1054500,20863708.0000,3633
20230614,301041,34.6800,34.4800,34.5200,33.0000,33.6400,12172763,410956668.6600,25551
20230614,301042,34.1300,34.0200,35.5500,33.5100,35.4600,2371808,82384184.5600,6963
20230614,301043,29.5500,29.6800,29.9000,29.3000,29.7100,637900,18919734.5800,2848
20230614,301045,30.6000,30.3000,30.4900,26.6000,27.4200,10950117,309216265.6600,16456
20230614,301046,35.9000,35.6800,36.1700,34.9600,35.9200,5341099,190028406.9600,8089
20230614,301047,86.8500,86.9800,87.2600,86.3600,86.8000,387541,33652235.3900,1901
20230614,301048,12.7100,12.5600,12.8000,12.3500,12.3600,11024234,138156384.8700,9462
20230614,301049,22.4900,22.5800,22.8000,21.9700,22.1300,4422420,98426649.6200,6734
20230614,301050,59.8500,59.9000,60.1700,59.3000,59.5000,1849907,110323383.6700,5766
20230614,301051,82.5900,83.2100,85.0000,82.7100,84.8400,1139431,95835183.2000,4567
20230614,301052,58.8600,59.1500,61.8800,58.6100,60.1400,4279426,258094815.1000,13304
20230614,301053,24.6600,24.6700,24.7200,24.0000,24.0700,1222300,29546395.0000,2759
20230614,301055,14.2600,14.2600,14.4700,14.1400,14.2900,721066,10310811.1800,1713
20230614,301056,8.7700,8.7800,8.9200,8.7300,8.7700,1647900,14482051.0000,4836
20230614,301057,18.7000,18.7800,18.9100,18.4200,18.7800,1481036,27686931.8500,3691
20230614,301058,13.7000,13.7000,13.7800,13.6400,13.7300,2021837,27720730.1300,3460
20230614,301059,14.1900,14.1700,14.1700,13.6000,13.6800,2611826,35967613.4000,5508
20230614,301060,16.5400,16.6300,16.7500,16.2600,16.2900,5274649,86623421.8700,8542
20230614,301061,36.4800,36.5200,37.0800,36.2600,36.4200,303818,11125467.6400,1336
20230614,301062,9.4700,9.4500,9.7500,9.4000,9.5800,3879819,37117386.8300,5074
20230614,301063,27.1900,27.2000,27.2000,26.7100,27.0500,858400,23116974.0000,3796
20230614,301065,31.5400,31.7100,31.7100,31.1600,31.1600,410500,12842602.0000,1580
20230614,301066,19.3300,19.3300,19.3800,18.5000,18.6500,8464524,159250392.9800,8281
20230614,301067,21.6200,21.6500,21.7700,21.2500,21.3900,1089540,23299937.8000,4302
20230614,301068,43.4400,43.9000,43.9000,42.7100,42.9400,464100,19971493.0000,1133
20230614,301069,23.4700,23.5300,23.5300,23.0000,23.0100,1328962,30832883.7800,2951
20230614,301070,33.8800,33.8800,34.1900,33.2800,33.5000,350200,11746304.0000,1990
20230614,301071,42.3000,42.1700,42.7800,41.8600,42.1200,2494733,105602097.2800,7405
20230614,301072,24.2000,24.4000,24.5800,23.8900,23.9600,2377516,57366996.6400,6270
20230614,301073,38.7900,38.4800,40.2800,38.2500,39.7400,3696902,146627400.6600,9507
20230614,301075,24.0600,23.9300,24.0800,23.6400,23.7000,540908,12871282.4400,2431
20230614,301076,19.2900,19.3500,19.4300,18.9500,19.1900,777224,14854882.2300,3370
20230614,301077,20.3700,20.4100,20.4400,20.0700,20.1900,331846,6696307.2400,1476
20230614,301078,13.4200,13.6700,13.7600,13.2500,13.4900,41963349,564549286.6900,31689
20230614,301079,17.9100,17.9600,18.0100,17.7500,17.9000,454500,8108064.0000,1707
20230614,301080,60.0600,60.5000,61.7700,59.8400,60.1000,703105,42753575.0300,3494
20230614,301081,9.8900,9.8900,9.8900,9.7700,9.7800,436540,4282508.8000,1280
20230614,301082,18.0600,18.0700,18.1300,17.8200,17.9300,2355034,42339727.0400,5485
20230614,301083,21.0400,20.7600,20.8000,20.0100,20.4800,10532698,214585331.3000,16581
20230614,301085,90.6000,93.0000,93.0000,83.4400,86.1900,11135757,966283063.7400,33029
20230614,301086,72.5400,72.8400,72.8400,70.0100,70.8900,780522,55318746.6000,3668
20230614,301087,48.1500,48.5000,48.5000,47.9400,47.9400,597264,28753044.8000,3464
20230614,301088,18.1300,18.0900,18.1500,17.8900,17.9200,1637103,29414135.8300,4041
20230614,301089,68.9300,68.8000,71.1300,68.0100,69.4000,5777685,403129872.4600,18986
20230614,301090,10.9100,10.9000,10.9500,10.8100,10.9300,2701775,29452896.8200,4158
20230614,301091,19.3300,19.2000,19.7300,18.8600,18.9300,9682998,185043281.6500,11981
20230614,301092,26.1800,26.1200,27.0800,25.7600,26.5500,1471923,39016598.9200,4349
20230614,301093,33.8800,33.8800,34.5600,33.6000,34.0100,1517794,51726371.9200,6093
20230614,301095,92.4500,92.4000,92.7600,90.6200,91.4000,1202883,109950907.9800,6062
20230614,301096,61.2300,61.5000,61.6800,61.0500,61.1000,623288,38209925.2800,2140
20230614,301097,47.8800,47.8800,48.4800,47.5000,47.9000,99021,4742981.2200,556
20230614,301098,11.5500,11.5000,11.5500,11.2900,11.3100,2996700,34126343.7000,5564
20230614,301099,51.9200,51.8800,51.9200,50.3900,50.5100,1572142,79766922.5200,6900
20230614,301100,20.3700,20.2900,20.3700,20.1500,20.2800,599075,12133442.4900,1425
20230614,301101,43.6800,43.6100,43.8400,43.2000,43.4000,502613,21850221.5900,2897
20230614,301102,36.3000,36.6900,37.0000,35.8800,36.0200,1151219,41768107.8500,5091
20230614,301103,43.1600,43.0100,43.3900,42.3000,42.7300,1468400,62985201.7800,6334
20230614,301105,36.2800,36.2800,36.4400,36.0000,36.2000,142827,5169401.1600,469
20230614,301106,33.9200,33.8500,34.1200,33.6500,34.0300,396700,13447656.0000,1957
20230614,301107,29.6200,29.6200,29.6300,29.0900,29.3900,555200,16304175.0000,1776
20230614,301108,36.0000,35.9600,36.2400,35.6900,36.0000,231556,8329337.1200,947
20230614,301109,16.1700,16.1600,16.2800,16.1400,16.1800,840939,13609860.8100,1593
20230614,301110,60.6300,59.8400,61.9300,59.6600,61.4000,4343267,264665114.7200,11027
20230614,301111,19.7200,19.6600,19.8200,19.5100,19.5900,1227300,24112494.0000,3921
20230614,301112,34.8400,37.3700,37.8700,34.4000,34.6600,5797496,207914514.4500,12847
20230614,301113,28.6100,28.5600,28.9600,28.1000,28.7700,654532,18656250.6800,1844
20230614,301115,23.1500,23.1500,23.1700,22.9100,22.9400,400200,9201596.8400,994
20230614,301116,16.0000,16.0400,16.4400,15.8700,16.1200,5131302,83077760.9000,9738
20230614,301117,61.5000,61.5500,64.0400,60.9000,63.2200,1101000,68787755.0000,5102
20230614,301118,26.2100,26.2600,26.4700,25.8000,26.0300,712400,18586097.1800,1663
20230614,301119,34.2300,33.9000,36.4700,33.8000,34.4600,3020843,104789277.9200,9028
20230614,301120,14.6600,14.4000,14.5400,14.0600,14.2400,11714560,166609050.3600,11148
20230614,301121,52.5400,52.3000,53.7000,50.8000,53.6100,3167044,164991039.8000,8629
20230614,301122,32.2200,32.0200,36.9500,31.8500,35.9400,2360021,82234701.3300,7690
20230614,301123,23.6000,23.6200,23.7100,23.3100,23.4900,1048334,24599655.9700,3060
20230614,301125,27.9900,28.0100,28.1000,27.4000,27.6300,1905992,52892826.7200,4359
20230614,301126,13.4800,13.5300,14.2600,13.3600,14.2000,6575222,92105924.0400,9154
20230614,301127,9.7800,9.7900,9.8600,9.7200,9.7700,1803492,17648641.5500,2465
20230614,301128,39.0000,39.6700,40.2800,37.5000,39.6000,4945789,192200993.9400,10906
20230614,301129,61.0500,63.0100,67.9800,61.7300,66.4900,2021931,131372789.4200,8642
20230614,301130,27.4200,27.2100,28.7800,27.2100,28.5700,1766480,49877136.0000,4929
20230614,301131,38.5700,38.5500,38.7300,38.3200,38.4800,336199,12938151.4200,958
20230614,301132,29.6100,29.3200,29.5000,28.8300,28.9500,3840850,111540075.2300,6391
20230614,301133,28.5100,28.0800,28.4000,26.7500,26.8500,10858497,296583682.0100,23929
20230614,301135,25.9400,25.8000,26.1500,25.4400,25.9000,1686401,43419793.7000,4911
20230614,301136,14.4700,14.4000,14.4600,14.1100,14.1500,4120912,58632489.5200,5373
20230614,301137,16.4000,16.5700,16.5800,16.1800,16.2300,2170700,35428498.0000,5274
20230614,301138,30.4400,30.3600,31.3000,29.9200,31.2200,2495309,76532241.1900,5627
20230614,301139,29.2000,29.0200,29.4500,28.8300,29.3500,1200663,35072638.1000,3555
20230614,301141,40.0700,39.5000,39.6000,38.3300,39.1300,2035263,79383926.6600,4394
20230614,301148,21.8100,21.8700,21.8700,21.4400,21.5200,294996,6373483.4400,1175
20230614,301149,10.7500,10.6900,10.7800,10.5600,10.5900,1511697,16067474.2000,2095
20230614,301150,57.7200,57.7200,57.8100,56.7100,56.7500,335360,19139905.5000,1763
20230614,301151,17.9700,18.0000,18.0700,17.6000,17.6400,1779669,31596101.5000,2683
20230614,301152,45.5800,45.9900,46.0000,44.6200,45.6000,982820,44408651.6000,3420
20230614,301153,83.9600,84.4300,84.7500,81.2900,82.4300,2380253,197216358.8300,9602
20230614,301155,81.4100,80.9400,82.8800,80.0000,80.1000,2599236,208865480.0500,8672
20230614,301156,23.5500,23.4800,23.6200,23.1500,23.6100,427192,10007059.6800,1511
20230614,301157,59.0200,58.4100,58.8000,57.2300,57.7500,1840657,106340620.7500,4817
20230614,301158,17.2200,17.2500,17.4400,17.0900,17.4000,2465679,42602132.6400,3676
20230614,301159,38.8900,39.7700,46.6700,39.7700,46.6700,5901521,270005020.9700,9356
20230614,301160,33.8600,33.8400,34.2000,33.3700,33.6100,707700,23867124.0000,2939
20230614,301161,23.1100,23.0100,23.3500,22.6500,22.7800,1770057,40456635.2600,4363
20230614,301162,78.3500,78.7600,80.6300,78.0000,79.7600,2515033,200354481.0900,9711
20230614,301163,30.4400,30.3500,30.3500,29.6500,30.0700,1821565,54468548.4600,6028
20230614,301165,58.0000,57.1300,60.8000,56.8000,59.3100,9300171,547527767.8500,25895
20230614,301166,45.2500,44.8800,45.4500,44.7600,44.9500,792920,35694135.3600,1860
20230614,301167,17.8300,17.8300,17.8400,17.3500,17.4200,3096356,54291596.4000,5133
20230614,301168,54.7600,54.7700,55.2500,53.1100,53.3600,2104948,113649747.6600,8967
20230614,301169,49.2000,48.7500,51.0900,48.4900,50.0000,2558011,128068455.1200,8793
20230614,301171,25.8400,25.5600,26.5500,25.5600,26.3000,13421715,351098170.7900,23037
20230614,301175,6.2200,6.2300,6.2300,6.1700,6.1800,8765543,54296087.3100,4563
20230614,301176,17.3500,17.3300,17.5200,17.2200,17.3100,1033057,17904283.6700,3033
20230614,301177,41.2600,41.2600,41.8000,41.2000,41.2500,771696,31982467.7600,2536
20230614,301178,33.8100,33.7100,34.2900,33.1400,33.3100,2110539,70784456.1100,4540
20230614,301179,33.7300,33.5000,33.5800,32.3600,32.7500,6570256,215001843.1000,11721
20230614,301180,17.1300,16.9800,17.0900,16.5000,16.6100,1539000,25650594.0000,4567
20230614,301181,28.8900,28.8000,29.3100,28.4100,28.5300,3461559,99583701.2200,12764
20230614,301182,22.6400,22.5400,23.1500,22.5400,23.0400,1145300,26263697.0000,3745
20230614,301183,61.0000,59.3900,65.0000,59.3900,61.8000,10107263,630524418.0300,28336
20230614,301185,35.8000,35.0000,39.7000,34.8200,38.0700,14493134,554142370.9400,34464
20230614,301186,37.1900,36.1800,40.3900,35.8800,38.4400,7188767,271860922.0200,16126
20230614,301187,17.2200,17.2200,17.2200,16.9200,17.1600,945940,16147551.9600,2029
20230614,301188,17.2300,17.3300,17.6200,17.0200,17.3400,1663259,28792337.4500,3751
20230614,301189,33.2900,33.0000,33.5000,32.3800,32.5600,2231686,73182709.4600,5501
20230614,301190,18.1000,18.1000,18.5200,17.9700,18.2500,1497050,27384934.0100,3036
20230614,301191,117.3300,117.8000,121.0000,115.4000,119.1300,1733020,204412691.9300,7814
20230614,301192,29.4700,29.6000,31.4900,26.5000,26.5300,16399223,463724606.5800,27492
20230614,301193,17.0400,17.1500,17.3600,16.9000,17.3500,661564,11375430.2000,2091
20230614,301195,73.8000,74.3900,75.1500,72.9000,74.3200,826456,61333839.4600,4010
20230614,301196,34.9100,34.7500,35.0400,34.7000,34.7500,667018,23223220.8400,1711
20230614,301197,24.2000,24.1000,24.6800,24.0400,24.1300,1119180,27131066.7800,2839
20230614,301198,14.5500,14.6300,15.3500,14.5600,15.3100,8257789,123978714.3800,13905
20230614,301199,28.5200,29.0000,29.0400,28.1300,28.3200,4846708,138277108.8900,9933
20230614,301200,39.0400,39.0400,39.3700,38.7500,38.8900,463131,18051661.9000,1446
20230614,301201,40.8200,40.8200,40.9800,40.5000,40.5800,401753,16351121.7400,1236
20230614,301203,35.0900,35.0500,35.4000,35.0100,35.0900,315635,11112170.3100,925
20230614,301205,225.1100,225.1200,235.3500,220.6600,228.2200,5695226,1299404754.8500,29694
20230614,301206,30.7400,30.8800,31.3600,30.4300,31.2600,793797,24577941.9500,2697
20230614,301207,34.9300,35.0100,35.4400,34.6000,34.8000,1695248,59222029.6900,5290
20230614,301208,59.7900,59.5900,60.6400,59.4500,59.9000,892000,53569006.6200,3841
20230614,301209,25.0200,24.9000,25.4400,24.8000,25.3600,1240300,31281221.0000,2818
20230614,301211,26.3700,26.5700,28.9000,26.4100,27.4000,18433100,505779027.6200,28125
20230614,301212,32.3900,32.4100,32.4900,31.8100,32.0500,710316,22766625.4000,1979
20230614,301213,42.7900,42.5300,43.4600,41.7800,42.6500,3135415,133646648.0700,9378
20230614,301215,6.3800,6.3500,6.5800,6.2900,6.4300,33507479,215697802.3900,19783
20230614,301216,16.7300,16.7300,16.8000,16.6300,16.6700,1662673,27788273.5600,2377
20230614,301217,12.7200,12.7000,12.8400,12.6700,12.7700,3094247,39519495.9100,3879
20230614,301218,23.1400,23.1000,23.4800,22.7600,22.8300,2278409,52461356.2200,5060
20230614,301219,38.2200,38.5000,38.7100,37.7800,37.7800,1385446,52580891.4900,4336
20230614,301220,35.4500,35.3300,35.7000,35.1100,35.5900,227462,8053297.1500,1074
20230614,301221,56.1800,55.0100,55.3000,53.0100,54.3400,4015692,217092053.4400,11476
20230614,301222,29.8400,29.2100,29.6900,28.4600,28.6900,4436202,128598856.4600,9755
20230614,301223,18.9300,18.9300,18.9300,18.6400,18.6700,929453,17460426.8900,1562
20230614,301226,24.6100,24.6500,25.1300,24.2100,24.8500,4176078,103083921.6600,7897
20230614,301227,27.3600,27.2300,28.4800,27.2300,28.3300,2329827,65541948.6900,4764
20230614,301228,16.1100,16.1800,16.3800,15.9000,15.9000,860100,13774604.0000,2414
20230614,301229,30.3800,30.2800,30.7600,29.7300,29.8500,2409194,72394366.5000,6833
20230614,301230,57.3500,58.2000,59.2000,57.3400,58.7700,2286677,133554443.5400,7452
20230614,301231,40.6600,40.3100,42.2800,39.7500,40.6600,5073959,208395464.7100,11036
20230614,301233,42.6300,42.0000,43.3800,41.7200,42.5200,2133842,90951885.8200,6794
20230614,301234,29.3000,29.3800,29.3800,29.0100,29.0400,338257,9849622.9300,1095
20230614,301235,32.0100,31.9500,32.2000,31.2000,31.2300,886800,27898714.0000,2986
20230614,301236,46.0200,45.8000,45.8600,44.2600,44.3200,16399555,734222398.7200,33669
20230614,301237,28.9600,28.9900,29.5000,28.4700,28.7100,489800,14078141.9200,1387
20230614,301238,21.2900,21.2200,21.3000,20.9000,20.9200,2283882,48041146.8600,4425
20230614,301239,114.6800,114.6900,116.5500,113.0700,113.7300,611761,70212681.4100,4079
20230614,301246,31.9700,32.0400,32.2500,31.9200,31.9300,707224,22664009.6600,2006
20230614,301248,24.4500,24.4100,24.6600,23.9000,23.9200,4427838,107217820.3200,9192
20230614,301252,55.0000,54.7700,56.7900,52.9800,54.7300,9286897,508815423.1800,27148
20230614,301255,24.6500,24.6400,25.9800,24.1000,25.9800,5253899,132877312.8900,10103
20230614,301256,8.6700,8.6500,8.6700,8.5300,8.5400,2497600,21429070.0000,4762
20230614,301257,62.9300,62.0800,63.4600,58.2100,59.0600,2924639,174348305.9400,10691
20230614,301258,39.1400,39.0600,39.2000,38.8100,38.9600,589817,23027792.3300,2237
20230614,301259,13.8200,13.7300,13.9400,13.6700,13.8100,906721,12510074.8300,2710
20230614,301260,23.0200,23.0200,23.0200,22.5000,22.5000,4188501,95118065.6500,7024
20230614,301263,20.0100,20.0000,20.0700,19.5000,19.6900,3070325,60389881.1500,6503
20230614,301265,11.8100,11.7200,11.8100,11.6000,11.6000,2492950,29059830.6300,2676
20230614,301266,56.5400,56.0500,56.5200,54.6300,55.5100,1424993,79091810.7100,5591
20230614,301267,68.8000,68.8000,69.8700,68.0300,68.9500,1065004,73615974.0600,4686
20230614,301268,42.3600,42.3700,42.4600,40.9300,40.9600,3073387,127054343.7700,8729
20230614,301269,124.5000,124.0000,124.5000,119.8800,121.1000,3567514,433271123.9600,16610
20230614,301270,64.2000,63.5000,67.4700,63.0900,64.5000,2445429,159268230.6100,7649
20230614,301273,31.1500,31.2500,32.0600,30.5000,30.6100,608777,18801022.1400,2523
20230614,301276,25.3500,25.3200,25.6400,25.2900,25.4300,1461202,37243045.4700,3043
20230614,301277,19.8000,19.8600,20.0800,19.6300,20.0800,2319215,46247759.3600,4545
20230614,301278,61.2800,61.2800,61.6500,59.7000,60.0000,1072374,64839647.2600,4625
20230614,301279,25.1900,25.2000,25.2600,24.7400,25.0000,404796,10110579.6400,1323
20230614,301280,35.9900,35.9300,36.0200,34.8900,35.1200,1524476,53746295.4600,5551
20230614,301281,26.0400,26.1100,26.8500,25.9300,26.6500,2021934,53606899.7500,3555
20230614,301282,30.1000,30.0000,30.6000,29.6000,30.1800,5592958,168483172.4000,12933
20230614,301283,40.0000,39.9600,40.2800,39.0800,39.2200,347374,13746410.2800,1663
20230614,301285,14.2200,14.2200,14.2200,13.9000,13.9000,5831513,81694467.4400,6639
20230614,301286,27.8800,27.9900,28.4500,27.7900,28.3800,611229,17265921.8900,1652
20230614,301287,40.1100,55.0000,56.0000,50.2600,50.3600,11363722,599058841.6500,44388
20230614,301288,17.1700,17.2300,17.2400,16.8300,16.8500,712362,12074445.1000,2999
20230614,301289,34.7900,35.0000,35.0000,34.2600,34.3700,534110,18414457.8000,1301
20230614,301290,33.6100,33.5900,33.6800,33.0300,33.0400,376400,12508297.0000,1017
20230614,301293,96.9700,95.5100,98.3000,93.6600,97.8200,7862012,754698659.7300,30211
20230614,301296,16.7500,16.7500,16.7500,16.2400,16.3500,860243,14155806.2200,2353
20230614,301297,24.4800,24.1600,24.8000,23.9300,24.5000,9686270,236114203.9400,15754
20230614,301298,15.3500,15.2800,15.4900,15.0000,15.2000,3104579,47235714.8000,6200
20230614,301299,54.4500,55.4100,56.3500,53.7500,54.6100,2617353,144169316.0000,8544
20230614,301300,31.3500,31.3400,31.4000,30.8000,31.1000,523349,16242003.9000,1946
20230614,301301,9.3200,9.3600,9.3600,9.1600,9.1800,8798043,81268501.9900,6513
20230614,301302,40.6700,40.0600,40.3000,38.7200,39.0500,4828240,189948963.8200,12657
20230614,301303,22.5100,22.5100,22.6400,22.1700,22.1800,1536560,34282029.5200,2839
20230614,301305,22.2600,22.2000,22.3800,22.0400,22.0700,3676727,81455520.4800,5205
20230614,301306,36.8600,36.8400,36.8400,35.4900,35.8000,1087173,39258368.7800,3147
20230614,301307,31.9700,31.6000,32.7300,31.5500,32.0300,6828055,219446107.8400,14583
20230614,301308,113.5900,115.8000,115.8000,110.0000,112.8400,5544428,624539382.2500,23153
20230614,301309,28.0000,28.0000,28.0200,27.5100,27.5700,277763,7684344.3600,877
20230614,301310,59.5000,58.0000,58.8200,57.2900,57.2900,3839897,222204925.5900,11724
20230614,301311,26.0500,25.8000,27.2300,25.6800,26.2900,20574819,546147404.9400,27094
20230614,301312,92.9700,93.6400,93.8300,90.5100,92.8500,1454596,133954176.0400,5957
20230614,301313,48.4900,48.3500,50.3800,46.9000,47.1400,7255774,351960294.4500,17617
20230614,301314,52.7300,52.6200,52.7500,51.3100,52.2600,910826,47416747.8400,3392
20230614,301316,26.0000,25.7800,26.0800,25.3000,25.4100,3620146,92618147.5900,7294
20230614,301317,29.2700,28.9800,29.2800,28.3700,28.6500,3104159,88992110.3200,6528
20230614,301318,36.3800,35.9700,37.9700,35.9700,37.2200,4794746,179012824.8700,9504
20230614,301319,52.4600,52.5000,53.1000,51.2000,51.8600,503107,25986780.3300,2624
20230614,301320,26.7800,27.0000,29.7500,25.4300,25.5600,29690931,814489500.7200,50646
20230614,301321,14.1000,14.0100,14.5300,14.0100,14.2100,4920386,70269648.9800,6488
20230614,301322,61.8500,62.5800,65.8600,59.3100,59.4500,2568273,159222064.0900,9266
20230614,301323,43.0900,43.3800,44.7800,42.3000,44.3700,7653119,334920211.5500,21740
20230614,301325,101.4600,101.0700,101.2200,96.0000,99.4000,2358753,232633075.4000,9380
20230614,301326,36.4000,36.2300,38.9900,35.3200,37.5500,2832455,105075587.6600,8003
20230614,301327,78.5300,78.7500,78.9900,77.0000,77.0300,658079,50995053.1800,3634
20230614,301328,51.6000,51.3600,51.8100,50.7300,50.8500,449246,22942328.1600,2328
20230614,301330,38.8500,38.5700,39.2800,37.9000,38.9600,5628467,217756720.7700,11848
20230614,301331,38.7000,38.8900,38.9400,38.4100,38.6000,557900,21557346.0000,1787
20230614,301332,13.9200,14.1100,15.0000,14.0700,14.4400,21092063,306032222.9700,22283
20230614,301333,91.1100,91.3900,91.8900,89.0100,90.1600,125776,11426000.0100,871
20230614,301335,24.7200,24.7200,24.8800,24.5500,24.8100,519780,12860321.5300,1847
20230614,301336,48.6500,48.8600,48.8600,47.9000,48.2500,493800,23877505.0000,1658
20230614,301337,40.4800,40.2700,40.5100,37.5800,37.7100,6237571,242452693.3100,15921
20230614,301338,38.2600,38.1200,38.2500,36.8000,37.7700,2088347,78226552.5200,6594
20230614,301339,25.3600,25.2900,25.5500,24.8000,24.9900,2429285,60886418.7500,7320
20230614,301345,49.9200,49.8700,50.1500,49.4800,50.0900,721768,36005309.8800,2584
20230614,301349,49.6600,49.5300,49.5800,48.5400,48.5400,798405,38999491.4100,3585
20230614,301353,38.4400,38.3900,38.3900,37.0000,37.0100,3286316,123350016.3400,8302
20230614,301355,22.1000,21.3800,22.0000,20.4000,20.8400,19967113,419801928.4700,34990
20230614,301356,22.7800,22.7900,22.7900,22.4200,22.5300,977706,22042052.4300,2837
20230614,301357,49.2900,49.0000,49.1500,47.6000,47.6900,1521219,73411347.4000,5078
20230614,301358,41.4600,41.6100,41.8500,40.7600,40.7600,3255868,134141922.6900,9314
20230614,301359,29.1400,30.9000,33.3200,29.5000,29.5000,16182462,505805731.6000,36640
20230614,301360,93.3500,92.0000,92.9900,89.3100,89.6000,1826240,165281133.6200,7834
20230614,301361,28.0300,27.6900,28.2600,27.1400,27.1800,5431724,149232015.7100,9427
20230614,301363,42.1200,42.1200,42.9800,42.0900,42.2300,686483,29165409.3600,2515
20230614,301365,17.7600,17.7600,17.7800,17.0300,17.0600,5029485,86623758.8500,6489
20230614,301366,88.8000,82.9800,84.8800,80.3500,84.1500,6529596,542298441.1500,21716
20230614,301367,166.4700,166.1800,167.4000,162.2500,162.8200,814256,133519755.5300,6080
20230614,301368,57.0400,56.8100,56.9700,54.3800,54.9600,7056117,389398412.9000,18171
20230614,301369,87.9500,87.3000,88.8800,85.5400,85.5500,1932823,168143235.5400,7803
20230614,301373,32.0600,32.0600,32.0700,31.7200,31.7800,458687,14605211.6000,1052
20230614,301377,23.4700,23.0100,23.4800,22.7700,23.4000,6474164,149956309.6500,9150
20230614,301378,74.5100,74.3800,75.8500,73.1000,73.4100,1303841,96764669.6400,4341
20230614,301379,28.2000,28.0000,28.5900,27.8000,28.3200,1434613,40568818.8900,4223
20230614,301380,53.9500,53.8800,54.0000,52.7200,53.0600,2814145,149944362.9700,7706
20230614,301382,44.5500,44.5400,44.6000,42.1400,42.4400,8074796,346679197.5200,20584
20230614,301383,44.1800,43.0000,43.8800,41.9500,42.3700,8621085,368326102.5000,21907
20230614,301386,26.0600,25.8600,25.8600,25.2000,25.4800,3928032,99873522.2300,7800
20230614,301387,49.8500,49.5000,49.5500,47.9400,47.9400,2285702,111171299.4500,6598
20230614,301388,26.3300,26.1000,26.2900,25.9000,26.1600,2453065,63995317.9500,5715
20230614,301389,17.9200,17.9400,17.9400,17.6300,17.7300,1404800,24897087.0900,2568
20230614,301390,47.5800,47.0900,48.0000,45.6200,46.0000,3736263,173525499.5200,8979
20230614,301391,117.2300,116.0000,124.5000,116.0000,123.3600,962146,117037569.5900,4891
20230614,301396,36.8600,36.6000,37.2000,35.9500,36.0700,3768044,137106958.7500,7918
20230614,301398,36.4000,35.8900,36.6600,35.6100,35.7300,1643868,59199932.0600,5491
20230614,301399,70.4200,67.1000,71.3000,66.5300,68.7500,8878582,607186734.2500,28196
20230614,301408,17.4000,17.3800,17.7000,17.3200,17.6000,2471430,43463040.4300,3042
20230614,301419,39.6500,39.6500,42.6500,38.6400,42.3300,7431362,301294370.3000,16323
20230614,301428,42.3800,42.0000,42.2900,40.6100,40.9700,4638404,190870630.7500,11786
20230614,301429,24.2800,24.1900,24.2700,23.2700,23.4700,3199637,75405621.1400,4913
20230614,301439,18.5300,18.3300,18.4800,18.1700,18.1900,6160198,112494991.7200,7582
20230614,302132,47.2100,47.0600,47.3700,46.6300,46.6600,7390134,347642627.1200,14300
20230614,600000,7.4600,7.4800,7.5100,7.4000,7.4000,17986091,134018714.0000,17957
20230614,600004,14.0800,14.0800,14.2200,13.9600,13.9800,10215113,143671119.0000,14607
20230614,600006,5.8400,5.8600,5.8700,5.8100,5.8100,14180324,82736968.0000,14554
20230614,600007,19.1300,19.1500,19.3400,19.0900,19.1100,2277405,43639342.0000,6275
20230614,600008,2.9800,2.9900,2.9900,2.9600,2.9700,52934006,157492731.0000,16668
20230614,600009,46.8100,46.8200,47.5300,46.7000,46.9400,9306114,438118573.0000,30680
20230614,600010,1.8100,1.8100,1.8200,1.8000,1.8000,86093035,155633977.0000,16311
20230614,600011,8.8000,8.9000,8.9200,8.6700,8.7200,70814984,620698161.0000,55850
20230614,600012,10.8900,10.9500,11.0400,10.6100,10.7100,8711608,93547249.0000,15245
20230614,600015,5.9300,5.9200,5.9400,5.8100,5.8100,30660233,179703532.0000,22674
20230614,600016,3.9600,3.9700,3.9800,3.9200,3.9300,82628612,325631318.0000,36287
20230614,600017,2.9500,2.9500,2.9700,2.9200,2.9300,23995122,70566730.0000,11286
20230614,600018,5.3800,5.3700,5.3900,5.3400,5.3500,10729109,57503283.0000,12116
20230614,600019,5.7200,5.7500,5.8200,5.7200,5.7300,52064594,300301826.0000,40381
20230614,600020,3.7000,3.6900,3.7300,3.6500,3.6600,7699108,28281320.0000,13648
20230614,600021,10.7600,10.7700,10.8300,10.5200,10.5500,54568776,579027763.0000,49850
20230614,600022,1.4200,1.4300,1.4500,1.4200,1.4300,46577670,66898747.0000,13064
20230614,600023,5.0000,5.0000,5.0100,4.6500,4.7400,130179141,622080234.0000,65616
20230614,600025,7.2500,7.2700,7.3000,7.1500,7.1600,25725270,185207825.0000,20085
20230614,600026,12.6400,12.6300,13.0300,12.4900,12.9800,53084856,680913440.0000,66590
20230614,600027,6.5500,6.5800,6.5800,6.2900,6.3300,119253992,761337264.0000,89340
20230614,600028,6.5700,6.6600,6.7100,6.5800,6.5800,105974065,704042944.0000,65926
20230614,600029,6.1100,6.1100,6.1600,6.0200,6.0300,37888459,230568737.0000,32260
20230614,600030,19.9800,20.0000,20.2600,19.9800,20.0000,75619125,1521827733.0000,62835
20230614,600031,15.6800,15.7500,16.3300,15.7500,16.2400,121221850,1955494317.0000,118472
20230614,600032,11.9600,11.9500,12.0100,11.7000,11.7500,6966400,82230471.0000,7966
20230614,600033,3.1000,3.1000,3.1300,3.0900,3.1200,8684000,27022047.0000,7130
20230614,600035,4.1400,4.1600,4.1800,4.1000,4.1300,9678300,40016305.0000,14444
20230614,600036,33.7300,33.9300,34.0400,33.3900,33.3900,38263310,1289658685.0000,53130
20230614,600037,9.1600,9.1600,9.2700,9.0800,9.1100,20410573,186854183.0000,21901
20230614,600038,37.9100,37.9200,38.1400,37.8000,37.9500,3018487,114552422.0000,7895
20230614,600039,14.7000,14.6900,14.8700,14.5200,14.6000,15141416,221647328.0000,18125
20230614,600048,13.5700,13.6500,13.7100,13.3900,13.4100,60599712,819794528.0000,58770
20230614,600050,5.1700,5.1600,5.1900,5.0800,5.1000,186419366,955057390.0000,84324
20230614,600051,7.4500,7.4700,7.4700,7.3700,7.4100,2390221,17716438.0000,4112
20230614,600052,4.5400,4.5400,4.6200,4.5000,4.5100,5391054,24556347.0000,7560
20230614,600053,12.9000,12.8500,12.9600,12.8500,12.9000,653100,8414354.0000,1512
20230614,600054,13.5800,13.5100,13.6700,13.4000,13.4800,6195799,83840167.0000,14348
20230614,600055,20.1400,20.2000,20.4000,20.0700,20.3200,2411119,48914180.0000,6506
20230614,600056,13.3800,13.3600,13.4600,13.3300,13.3500,11321033,151586752.0000,13160
20230614,600057,9.1400,9.1500,9.6000,9.1200,9.3300,21761385,203758372.0000,40557
20230614,600058,9.4700,9.4900,9.7000,9.4700,9.6300,5522580,53002460.0000,5608
20230614,600059,10.4500,10.5000,11.5000,10.4800,11.5000,53025116,595372692.0000,37626
20230614,600060,22.9400,23.3300,23.8700,23.1000,23.6800,10700417,252839679.0000,21833
20230614,600061,7.3400,7.3100,7.4300,7.2400,7.2700,22802997,167014731.0000,18703
20230614,600062,17.0300,17.0400,17.1600,16.9900,17.0700,9459757,161391328.0000,15961
20230614,600063,5.0900,5.0900,5.1300,5.0700,5.0700,9727595,49519833.0000,7326
20230614,600064,6.8300,6.8200,6.8800,6.7400,6.7500,10507783,71395016.0000,15367
20230614,600066,13.4400,13.4300,13.4600,13.2700,13.4000,11373513,152101485.0000,18562
20230614,600067,2.8100,2.7900,2.8200,2.7700,2.7800,4712676,13143129.0000,5283
20230614,600070,3.0200,3.0200,3.1300,2.9700,3.1000,11753110,35822492.0000,3769
20230614,600071,20.1000,20.1000,21.4000,19.8900,21.0100,9842231,205112055.0000,15795
20230614,600072,23.7700,23.6000,25.3200,23.5400,25.1600,102965131,2541928364.0000,148476
20230614,600073,7.6100,7.6100,7.7400,7.5800,7.6800,12106031,93023968.0000,15570
20230614,600075,4.7500,4.7500,4.8000,4.7400,4.7900,7083461,33862010.0000,4489
20230614,600076,2.6400,2.6500,2.6800,2.6200,2.6500,10548417,27907656.0000,4900
20230614,600077,0.4100,0.4100,0.4100,0.4100,0.4100,0,0.0000,0
20230614,600078,9.2600,9.2000,9.5400,9.2000,9.3600,6472317,60649519.0000,3985
20230614,600079,26.2500,25.9700,26.5500,25.7100,25.9600,16707957,437052408.0000,41982
20230614,600080,7.5500,7.6400,7.6500,7.5300,7.5400,2300900,17399177.0000,3760
20230614,600081,11.8800,11.8800,11.9900,11.7500,11.9600,3702774,44007984.0000,4219
20230614,600082,3.2600,3.2400,3.2900,3.2300,3.2400,6564200,21332388.0000,10005
20230614,600083,7.0600,7.0600,7.0800,6.9600,6.9700,3678443,25742596.0000,3228
20230614,600084,7.6700,7.6700,7.7900,7.6600,7.7600,4589300,35568420.0000,7281
20230614,600085,55.9900,55.9000,57.7900,55.8600,56.2100,9394007,532622519.0000,29838
20230614,600088,16.4900,16.3500,16.9800,16.1200,16.1700,26290308,433560530.0000,33934
20230614,600089,22.6300,22.6600,22.6800,22.2600,22.2900,30591890,687979251.0000,34570
20230614,600094,3.0500,3.0600,3.0900,3.0500,3.0800,13883333,42745561.0000,7881
20230614,600095,7.6400,7.6500,7.8400,7.6300,7.6500,23760697,182911303.0000,22755
20230614,600096,16.9600,16.9700,17.0800,16.7700,16.8100,14509225,245062278.0000,21891
20230614,600097,9.7900,9.7700,10.4400,9.7500,10.1000,6968930,70709689.0000,10612
20230614,600098,6.0800,6.0900,6.1100,6.0100,6.0100,15514079,93868450.0000,11879
20230614,600099,9.0100,8.9800,9.1000,8.8400,8.9200,4149433,36954335.0000,8113
20230614,600100,9.1800,9.1800,9.3800,9.0400,9.3300,203643523,1876904225.0000,129881
20230614,600101,8.8200,8.8300,8.8500,8.7200,8.8500,5454798,47917408.0000,8345
20230614,600103,2.7000,2.7000,2.9700,2.6800,2.8600,225392447,644472844.0000,54953
20230614,600104,13.9300,14.1800,14.3700,14.0100,14.0400,37957358,537733063.0000,53073
20230614,600105,6.7900,6.8000,7.4700,6.7900,7.4700,254843886,1841956570.0000,120645
20230614,600106,4.8200,4.8100,4.8600,4.7500,4.8500,10226761,49234044.0000,5394
20230614,600107,5.4000,5.4200,5.4400,5.3500,5.3700,2010100,10807157.0000,4030
20230614,600108,3.0400,3.0400,3.0700,3.0400,3.0500,13370294,40808026.0000,6661
20230614,600109,8.7400,8.7400,8.8400,8.7200,8.7200,17965687,157712139.0000,15990
20230614,600110,6.8300,6.8400,6.8500,6.7300,6.7900,11086687,75127946.0000,10015
20230614,600111,23.7500,23.7900,23.9800,23.7100,23.8100,14939014,356232420.0000,21132
20230614,600112,2.8300,2.8300,2.8600,2.8000,2.8400,2403836,6797630.0000,997
20230614,600113,7.3800,7.3000,7.5000,7.2800,7.4400,4379731,32447754.0000,7468
20230614,600114,7.4400,7.4500,7.4700,7.3100,7.3600,6418545,47188429.0000,10028
20230614,600115,4.7400,4.7900,4.7900,4.6900,4.7000,24969394,118044759.0000,22316
20230614,600116,9.0800,9.0800,9.1000,8.9600,9.0800,8051644,72734841.0000,7075
20230614,600117,2.9300,2.9300,2.9800,2.9200,2.9500,4606237,13577984.0000,1055
20230614,600118,27.3100,27.2200,28.1700,27.1700,27.6000,23078936,640220686.0000,33342
20230614,600119,6.3500,6.3200,6.4600,6.2700,6.3700,4491400,28594979.0000,6708
20230614,600120,3.8800,3.8800,3.9100,3.8700,3.8800,12699028,49338893.0000,13068
20230614,600121,4.3300,4.3400,4.3700,4.3300,4.3500,5966840,25943692.0000,4822
20230614,600122,0.3800,0.3800,0.3800,0.3800,0.3800,0,0.0000,0
20230614,600123,12.0900,12.1200,12.1400,12.0600,12.0600,4605767,55722034.0000,6202
20230614,600125,6.2200,6.2500,6.2900,6.2000,6.2200,15677155,97814321.0000,13021
20230614,600126,4.5100,4.5100,4.5800,4.4800,4.5400,7923668,35876717.0000,10051
20230614,600127,7.1900,7.1900,7.2300,7.1700,7.1800,3900200,28048042.0000,3361
20230614,600128,8.2500,8.2200,8.3200,8.2000,8.2400,2398800,19758241.0000,4129
20230614,600129,58.6600,58.6900,60.1700,58.2800,58.9500,5933654,350874333.0000,29105
20230614,600130,4.3400,4.3100,4.3900,4.3100,4.3600,8341700,36320960.0000,11353
20230614,600131,20.3100,20.1000,20.5900,20.0500,20.4500,11347264,231462593.0000,18965
20230614,600132,97.6300,97.8000,99.2000,97.2800,98.3600,8527309,839615086.0000,32943
20230614,600133,6.0600,6.0500,6.0900,6.0100,6.0400,9252729,55970831.0000,9181
20230614,600135,7.1400,7.1200,7.1800,7.0500,7.1200,3486337,24806068.0000,4766
20230614,600136,3.2400,3.1900,3.3000,3.1000,3.1400,15479650,49651608.0000,3905
20230614,600137,16.5800,16.5100,16.7300,16.3500,16.6300,2380300,39334165.0000,4644
20230614,600138,13.2400,13.2400,13.4100,13.2100,13.2900,10132522,134904593.0000,14686
20230614,600141,22.6400,22.6900,23.0500,22.5700,22.7200,11870422,270340161.0000,25179
20230614,600143,8.6300,8.6300,8.6700,8.5900,8.6300,6445122,55624642.0000,8919
20230614,600148,14.4200,14.4400,14.5600,14.3500,14.3800,705600,10181396.0000,2043
20230614,600149,5.3100,5.3100,5.3200,5.2000,5.2500,4006900,21007020.0000,5968
20230614,600150,27.7600,27.6200,28.2400,27.6000,27.7600,68767860,1922352078.0000,77636
20230614,600151,7.9400,7.9400,7.9700,7.8000,7.8500,9623281,75420392.0000,10046
20230614,600152,8.8200,8.8200,8.9000,8.6800,8.7000,7106100,62000637.0000,6893
20230614,600153,11.1800,11.1800,11.2800,11.1000,11.1100,10243958,114407486.0000,15774
20230614,600155,6.2800,6.2800,6.3400,6.2400,6.2500,20004612,125693311.0000,12601
20230614,600156,4.3900,4.3700,4.4000,4.2800,4.3400,4108800,17770655.0000,4562
20230614,600157,1.3800,1.3800,1.3900,1.3400,1.3400,385098870,524833357.0000,36387
20230614,600158,11.5000,11.5200,11.6300,11.2700,11.3200,36368794,415221673.0000,40129
20230614,600159,2.7800,2.8000,2.8200,2.7200,2.7600,24494600,67615817.0000,13321
20230614,600160,13.5600,13.7800,14.1600,13.6700,13.9200,25284333,352016583.0000,25988
20230614,600161,26.7500,26.8500,26.9000,26.4600,26.5700,3844198,102199723.0000,13012
20230614,600162,2.0200,2.0400,2.0400,2.0000,2.0100,21752664,43849003.0000,10352
20230614,600163,5.4300,5.4400,5.4400,5.3300,5.3500,10303815,55413675.0000,8442
20230614,600165,3.8400,3.8400,3.8600,3.7700,3.7900,7345351,27956865.0000,9800
20230614,600166,3.3500,3.3300,3.4200,3.3300,3.4000,67508551,228470499.0000,38003
20230614,600167,6.9900,7.0100,7.0300,6.8600,6.8900,3513707,24328603.0000,7941
20230614,600168,5.9300,5.9300,5.9300,5.9000,5.9300,925800,5479270.0000,1182
20230614,600169,2.4000,2.4000,2.4300,2.3900,2.4200,9830712,23714811.0000,6100
20230614,600170,2.7200,2.7200,2.7400,2.6900,2.7000,38870559,105469083.0000,19732
20230614,600171,18.0500,18.0500,18.1600,17.7600,18.0600,12724038,228468248.0000,20951
20230614,600172,4.0700,4.0800,4.0900,4.0200,4.0800,15041170,61042585.0000,12384
20230614,600173,5.3400,5.3400,5.3600,5.2500,5.2500,3082443,16309417.0000,6086
20230614,600176,13.8400,13.8500,14.1400,13.8200,13.9700,11799881,165581917.0000,15527
20230614,600177,6.3700,6.3900,6.4400,6.3800,6.3900,16538175,105997355.0000,16730
20230614,600178,6.2900,6.2500,6.7700,6.2000,6.3600,22008896,142851315.0000,22285
20230614,600179,2.8500,2.8500,2.8900,2.8400,2.8600,9591462,27530800.0000,4323
20230614,600180,6.1000,6.1000,6.1600,6.0500,6.1100,4743919,28934600.0000,6614
20230614,600182,16.1300,16.2000,16.2700,16.1000,16.1300,1424400,23054199.0000,2825
20230614,600183,15.1700,15.1700,15.2300,14.9700,15.1800,13678117,206779196.0000,23397
20230614,600184,12.4000,12.3700,12.5100,12.3100,12.4700,2910932,36202475.0000,6340
20230614,600185,7.2600,7.2700,7.3300,7.2300,7.2400,12831433,93363151.0000,14076
20230614,600186,2.8700,2.9000,3.0000,2.8600,2.8800,50827300,148902697.0000,19067
20230614,600187,2.6800,2.6700,2.7900,2.6600,2.7200,25348526,69051945.0000,6456
20230614,600188,28.1800,28.1800,28.3700,28.0800,28.1500,9933940,280244431.0000,15289
20230614,600189,6.2700,6.2500,6.4000,6.2400,6.3600,6163420,39136553.0000,7066
20230614,600190,3.0300,3.0400,3.0600,3.0200,3.0400,15619419,47441257.0000,8201
20230614,600191,5.9600,5.9800,6.0100,5.9300,5.9800,3268547,19551824.0000,6509
20230614,600192,5.6000,5.6200,5.6800,5.5400,5.6400,5280800,29666686.0000,7948
20230614,600193,5.2600,5.2500,5.2600,5.1600,5.2400,2116120,11033919.0000,3311
20230614,600195,11.8800,11.9100,12.1000,11.8300,12.0200,7706035,92409565.0000,11271
20230614,600196,30.0900,30.1500,30.3800,30.0300,30.0400,9912328,299404423.0000,18193
20230614,600197,27.0500,26.9900,28.6600,26.9900,28.4500,11586977,325668904.0000,32205
20230614,600198,6.8700,6.8400,6.9900,6.8400,6.9400,7818200,54170093.0000,10489
20230614,600199,25.2700,25.2700,26.3300,25.2500,25.5500,22785592,589880242.0000,38636
20230614,600200,7.2600,7.2100,7.3300,7.1700,7.3000,8039864,58395427.0000,11351
20230614,600201,9.7800,9.7800,9.8200,9.5900,9.6200,15661226,151751125.0000,18887
20230614,600202,5.3200,5.3300,5.8300,5.2500,5.5800,24598310,136433508.0000,29702
20230614,600203,6.3000,6.3100,6.4000,6.1500,6.2100,19306482,120258275.0000,12814
20230614,600206,13.0100,13.0000,13.0800,12.9200,12.9400,7923941,102844805.0000,9831
20230614,600207,5.8800,5.8800,5.9100,5.8500,5.8700,3067200,18041579.0000,3400
20230614,600208,2.5400,2.5500,2.5600,2.5100,2.5200,60711665,153871392.0000,17326
20230614,600210,5.1600,5.1600,5.1700,5.1200,5.1400,6276169,32265603.0000,9062
20230614,600211,52.8000,52.4900,55.2100,52.4900,55.2000,5058248,274794184.0000,17030
20230614,600212,10.2200,10.1500,10.2400,9.8800,10.0000,11630101,116423875.0000,12340
20230614,600213,10.4400,10.4100,10.8800,10.2800,10.3800,25719083,270889597.0000,31241
20230614,600215,7.0900,7.1100,7.2000,7.0800,7.1400,4408900,31515669.0000,8818
20230614,600216,11.1600,11.1500,11.2800,11.1400,11.2300,4726389,53022963.0000,5807
20230614,600217,4.7600,4.7600,4.7700,4.6800,4.7200,6698058,31640674.0000,4205
20230614,600218,8.5100,8.5100,8.5500,8.4700,8.5000,2529685,21519838.0000,5392
20230614,600219,3.0900,3.1000,3.1400,3.0700,3.0800,66757789,206958778.0000,25862
20230614,600220,2.3000,2.3000,2.3400,2.3000,2.3300,6858556,15954562.0000,2579
20230614,600221,1.6400,1.6400,1.6600,1.6400,1.6500,49112357,80893805.0000,7142
20230614,600222,5.7200,5.7100,5.7300,5.6700,5.7100,5638731,32160129.0000,9404
20230614,600223,10.3700,10.3500,10.7300,10.3200,10.5500,10434777,110390915.0000,15098
20230614,600225,5.7900,5.8000,6.3700,5.8000,6.3500,106613140,666971514.0000,43920
20230614,600226,2.4700,2.4700,2.4900,2.4300,2.4500,13698973,33597709.0000,2988
20230614,600227,2.8800,2.8700,2.9000,2.8700,2.8900,4367200,12586172.0000,2671
20230614,600228,12.1000,12.0800,12.4800,11.9400,12.3200,24801220,303874501.0000,28828
20230614,600229,9.6900,9.6800,9.8600,9.5300,9.5800,14439089,139333776.0000,23684
20230614,600230,14.2600,14.3000,14.5000,14.1700,14.2600,3184031,45696215.0000,4421
20230614,600231,2.1900,2.1900,2.1900,2.1700,2.1700,5202080,11306706.0000,3371
20230614,600232,5.3800,5.4100,5.4200,5.3400,5.3900,2024090,10890771.0000,4089
20230614,600233,15.1100,15.2000,15.3500,15.1300,15.2700,9632132,146905157.0000,14322
20230614,600234,6.4900,6.4800,6.4800,6.2100,6.2600,9099332,57372548.0000,7430
20230614,600235,5.3700,5.3700,5.4300,5.3300,5.3900,4800610,25855754.0000,5251
20230614,600236,5.6200,5.6400,5.6700,5.6000,5.6100,5847905,32935396.0000,7090
20230614,600237,7.4500,7.4300,7.5000,7.3200,7.4200,14705120,108799663.0000,15679
20230614,600238,11.2100,11.1800,11.6600,11.1500,11.3800,19935779,228112174.0000,22125
20230614,600239,2.1400,2.1600,2.1700,2.1300,2.1300,9517586,20414539.0000,6702
20230614,600241,7.9900,8.1200,8.1300,7.7800,7.8000,3115600,24677562.0000,2184
20230614,600242,0.2400,0.2400,0.2400,0.2300,0.2300,6391672,1511249.0000,397
20230614,600243,4.0900,4.0900,4.1300,4.0500,4.1100,4121701,16880033.0000,2896
20230614,600246,5.8000,5.8700,6.2900,5.7800,6.0600,50055200,304927825.0000,47863
20230614,600248,5.0500,5.0300,5.0800,4.9800,4.9900,35051104,175794675.0000,20830
20230614,600249,5.1100,5.1100,5.2600,5.0800,5.2100,7558900,39233540.0000,10550
20230614,600250,7.1700,7.0100,7.0100,6.7700,6.8000,22094452,151656184.0000,16740
20230614,600251,9.0100,9.0200,9.0900,8.9800,9.0200,6221900,56165715.0000,9095
20230614,600252,2.4200,2.4200,2.4400,2.4100,2.4200,9518191,23099620.0000,4274
20230614,600255,2.0700,2.0800,2.0800,2.0500,2.0600,6659600,13711951.0000,2958
20230614,600256,7.2500,7.2600,7.3500,7.2100,7.2200,63976236,464593504.0000,28950
20230614,600257,6.0800,6.2500,6.6900,6.1500,6.6900,72371925,469076484.0000,34928
20230614,600258,20.0200,20.1400,20.7000,20.0400,20.5300,15099400,308898504.0000,25017
20230614,600259,34.6000,34.6000,34.9900,34.3700,34.6800,1810238,62818287.0000,5039
20230614,600261,3.5100,3.5200,3.5300,3.4900,3.5000,4130951,14485679.0000,8634
20230614,600262,22.2600,21.8900,21.9900,21.2600,21.7000,6171400,133120183.0000,15240
20230614,600265,16.0600,16.0600,16.2000,16.0400,16.1900,245209,3958113.0000,281
20230614,600266,5.5600,5.6100,5.6900,5.5100,5.6000,36830282,205861671.0000,37054
20230614,600267,11.5000,11.5800,11.6500,11.4800,11.6100,10280940,118728935.0000,16824
20230614,600268,7.3800,7.8600,7.8600,7.3000,7.5300,92114437,693388995.0000,77553
20230614,600269,3.6800,3.6800,3.6900,3.6300,3.6300,11892816,43455034.0000,12312
20230614,600271,14.7600,14.6800,14.9200,14.6200,14.8200,17905003,264894537.0000,26628
20230614,600272,8.9600,8.9100,9.0800,8.9000,9.0700,1636000,14736371.0000,4377
20230614,600273,9.0200,9.0500,9.1200,8.9500,9.0300,8923617,80529949.0000,8784
20230614,600276,45.0000,45.1000,46.3800,44.8200,46.0000,41155584,1890579169.0000,86154
20230614,600277,3.2000,3.2000,3.2200,3.1600,3.2000,18090010,57729012.0000,8825
20230614,600278,8.1500,7.9500,8.0900,7.7500,7.8000,42841974,336903157.0000,34102
20230614,600279,4.0900,4.0900,4.1400,4.0800,4.1400,3914400,16112962.0000,3833
20230614,600280,2.7400,2.7800,2.8200,2.6900,2.7900,31476100,87258958.0000,21826
20230614,600281,4.0400,4.0300,4.0600,4.0100,4.0600,1141390,4611594.0000,3184
20230614,600282,3.4500,3.4600,3.5000,3.4300,3.4600,25589198,88708621.0000,15008
20230614,600283,14.9200,14.8500,14.8600,14.3400,14.3800,19624326,283784078.0000,24502
20230614,600284,6.0800,6.0700,6.1200,6.0600,6.0700,5259579,32010751.0000,8157
20230614,600285,16.0600,16.0600,16.4700,16.0000,16.2500,6411446,104368986.0000,14914
20230614,600287,5.2000,5.1800,5.3500,5.1800,5.3000,4586601,24184703.0000,6711
20230614,600288,11.8500,11.8500,11.9600,11.7600,11.9000,5128938,60993637.0000,9068
20230614,600289,2.3200,2.3200,2.3300,2.2900,2.3200,1890200,4364402.0000,641
20230614,600290,1.4100,1.4200,1.4600,1.4100,1.4200,8017800,11483542.0000,1408
20230614,600292,5.6900,5.6600,5.8800,5.5800,5.7100,8949036,51125692.0000,10298
20230614,600293,2.5700,2.5500,2.6700,2.5000,2.6200,68099035,177061921.0000,29027
20230614,600295,13.4500,13.5100,13.6200,13.4400,13.5000,3206560,43350730.0000,5092
20230614,600297,2.1700,2.1600,2.1900,2.1400,2.1400,83280975,179720742.0000,23713
20230614,600298,36.8600,36.8800,37.5000,36.7000,37.0300,9103586,337399013.0000,21123
20230614,600299,7.7600,7.7600,7.7900,7.7400,7.7800,2349791,18239922.0000,3555
20230614,600300,3.1300,3.1300,3.1500,3.1100,3.1400,13280820,41670295.0000,8014
20230614,600301,17.0600,17.1800,18.0000,17.0800,17.7100,4808913,84736287.0000,10030
20230614,600302,4.9900,5.0100,5.0600,4.9600,5.0300,2909029,14614842.0000,4955
20230614,600303,5.0600,5.0300,5.0800,4.9300,4.9600,13176600,65666628.0000,5901
20230614,600305,11.0000,11.0000,11.2400,10.9800,11.1300,7988469,88931568.0000,10681
20230614,600306,7.5200,7.4000,7.6200,7.3300,7.4800,607201,4535121.0000,500
20230614,600307,1.5600,1.5700,1.5700,1.5600,1.5600,19183397,29980662.0000,6886
20230614,600308,3.4800,3.4800,3.5200,3.4500,3.5000,8209321,28647877.0000,6679
20230614,600309,89.6200,89.8800,92.3000,89.7500,90.4600,10475853,954543608.0000,37767
20230614,600310,4.5100,4.4600,4.5000,4.3100,4.3400,105262486,459347591.0000,52354
20230614,600312,11.1800,11.2100,11.2300,11.0600,11.0800,12684877,141386357.0000,22140
20230614,600313,8.9700,8.9700,9.0400,8.9100,8.9600,17684775,158938226.0000,15584
20230614,600315,28.7500,28.7500,30.5600,28.6100,30.4400,12643963,378395897.0000,29606
20230614,600316,21.4200,21.4300,21.5300,21.3100,21.4800,3335079,71550668.0000,6273
20230614,600318,6.3200,6.3200,6.4000,6.3100,6.3900,8122044,51685349.0000,7593
20230614,600319,5.0500,5.0500,5.0600,5.0100,5.0600,1810100,9119734.0000,4170
20230614,600320,3.6400,3.6700,3.7000,3.6000,3.6800,24092320,88018383.0000,19738
20230614,600321,1.7000,1.6900,1.7000,1.6700,1.6800,8313100,13986939.0000,5749
20230614,600322,1.8000,1.7800,1.8300,1.7800,1.8100,13998741,25314494.0000,12670
20230614,600323,18.6300,18.6600,18.7500,18.5000,18.6000,2064828,38414912.0000,7947
20230614,600325,10.8100,10.9000,10.9700,10.4800,10.5300,24770574,263434339.0000,30557
20230614,600326,5.9300,5.9200,6.2500,5.8700,6.1100,40933000,249437392.0000,27191
20230614,600327,4.6900,4.6800,4.7200,4.6500,4.6800,5219316,24477710.0000,6807
20230614,600328,8.8700,8.8700,9.2900,8.7800,9.1300,37128173,336987766.0000,24011
20230614,600329,47.0000,47.2500,47.4000,45.5100,45.9500,12504150,576235292.0000,43365
20230614,600330,10.2200,10.2200,10.6100,10.1500,10.4600,58761761,613079454.0000,51682
20230614,600331,4.9000,4.9300,4.9500,4.7700,4.8000,38783291,187163710.0000,27795
20230614,600332,33.2000,32.9900,33.6000,32.9000,33.2700,10647384,354804258.0000,22352
20230614,600333,4.6800,4.7000,4.7200,4.6700,4.7200,2298694,10802224.0000,3106
20230614,600335,10.4900,10.4500,10.9800,10.3000,10.4300,41229820,438888183.0000,32618
20230614,600336,5.6000,5.5900,5.6900,5.5700,5.6500,6046239,34059481.0000,6722
20230614,600337,3.2600,3.2700,3.2900,3.2100,3.2200,11955090,38849289.0000,11040
20230614,600338,17.8900,18.0000,18.0400,17.6700,17.6900,8446643,150574913.0000,13381
20230614,600339,3.8800,3.8900,3.9800,3.8800,3.8800,50728981,198814797.0000,25504
20230614,600340,2.3200,2.3200,2.3500,2.2600,2.2700,49619158,113974522.0000,26721
20230614,600343,9.3400,9.3400,9.3500,9.2300,9.2500,3807816,35305939.0000,5185
20230614,600345,23.3200,23.0300,23.4400,22.7000,23.0300,10874293,250666054.0000,17127
20230614,600346,14.3000,14.3100,14.8000,14.2500,14.6700,25284648,369744449.0000,27706
20230614,600348,12.7700,12.8000,12.8400,12.7100,12.8200,16930238,216555064.0000,18342
20230614,600350,6.9900,6.9500,7.1300,6.9200,6.9400,12109751,84744345.0000,17559
20230614,600351,6.7500,6.7200,6.9600,6.6900,6.7700,16686900,113645386.0000,22436
20230614,600352,9.4400,9.4400,9.4700,9.3600,9.3800,7456327,70182183.0000,6638
20230614,600353,7.4200,7.3500,8.0600,7.3500,7.9600,27578249,214221623.0000,32996
20230614,600354,6.6400,6.6400,6.7400,6.5900,6.6800,12718549,84896145.0000,9313
20230614,600355,3.3800,3.3800,3.3900,3.3300,3.3800,7950702,26747984.0000,9232
20230614,600356,7.6700,7.6400,7.7300,7.6400,7.6900,1700400,13076906.0000,4639
20230614,600358,5.5200,5.5400,5.5500,5.4700,5.4900,3761300,20733424.0000,5120
20230614,600359,7.7500,7.7900,7.8300,7.7200,7.7400,4798661,37282812.0000,4684
20230614,600360,7.0500,7.0500,7.0500,6.9700,6.9800,8139739,56956072.0000,8410
20230614,600361,4.9600,4.9700,5.0500,4.9200,5.0000,4334902,21672361.0000,7942
20230614,600362,18.8900,19.0000,19.2300,18.9700,19.0600,7098673,135357701.0000,15077
20230614,600363,35.4300,35.5700,36.1800,35.4100,35.7800,6611773,236413084.0000,17941
20230614,600365,3.2700,3.2300,3.3100,3.2300,3.3100,2945050,9604804.0000,790
20230614,600366,7.9400,7.9500,7.9800,7.7800,7.7900,6367339,49954995.0000,8476
20230614,600367,14.4100,14.3100,14.6100,14.2100,14.4700,8449804,121859613.0000,11356
20230614,600368,3.6600,3.6700,3.6800,3.6200,3.6400,12663303,46118571.0000,16910
20230614,600369,3.7100,3.7200,3.7500,3.7000,3.7100,19105800,71051904.0000,11806
20230614,600370,2.7200,2.7300,2.7300,2.7100,2.7200,3862400,10511028.0000,2521
20230614,600371,11.6900,11.6900,11.7800,11.6300,11.7400,2386284,28001494.0000,3002
20230614,600372,14.3900,14.3900,14.4200,14.2700,14.2800,16502149,236487953.0000,19004
20230614,600373,17.3200,17.2100,18.0400,17.0100,17.3700,29038302,509838482.0000,42923
20230614,600375,7.8200,7.7500,7.8700,7.6900,7.7000,11721353,90981878.0000,12850
20230614,600376,4.1800,4.1700,4.2200,4.1200,4.1500,10965542,45633951.0000,12299
20230614,600377,9.7800,9.7800,9.8900,9.7000,9.7300,6028961,59071538.0000,14199
20230614,600378,33.3900,33.3900,33.4200,32.6000,32.6500,1996736,65521809.0000,8140
20230614,600379,9.7000,9.8000,9.8000,9.4200,9.4800,6502400,61799778.0000,8724
20230614,600380,12.9400,12.9100,13.2200,12.9100,12.9400,10098107,131729306.0000,17546
20230614,600381,7.9800,7.9900,8.2300,7.9500,8.1400,8809400,71667109.0000,8570
20230614,600382,4.8000,5.2700,5.2700,4.9900,5.0600,33586484,172065144.0000,15959
20230614,600383,7.7300,7.7300,7.8100,7.5500,7.5700,51464982,393217687.0000,33107
20230614,600386,4.5600,4.5300,4.6100,4.5200,4.5700,15359309,70240525.0000,24310
20230614,600387,5.3600,5.3600,5.5300,5.3600,5.4900,4600880,25064670.0000,1613
20230614,600388,17.1800,17.2600,17.2900,16.8000,16.9200,5500867,93449553.0000,3710
20230614,600389,20.5900,20.5500,20.8800,20.4600,20.5400,2516967,51852542.0000,8825
20230614,600390,5.4800,5.4900,5.5700,5.4900,5.5000,23503100,129914246.0000,18871
20230614,600391,20.9100,20.8700,20.9400,20.7200,20.7700,3654003,76002061.0000,7089
20230614,600392,12.7700,12.8000,12.8900,12.7000,12.7400,7949206,101555613.0000,9038
20230614,600393,0.3700,0.3700,0.3700,0.3700,0.3700,0,0.0000,0
20230614,600395,7.1300,7.1600,7.1900,7.0200,7.0200,14271387,101388078.0000,15344
20230614,600396,2.3600,2.3700,2.4200,2.3600,2.3800,11997102,28686418.0000,2514
20230614,600397,2.8300,2.8300,2.8400,2.8100,2.8100,5961900,16852903.0000,7169
20230614,600398,6.5200,6.5000,6.7400,6.4800,6.7300,17345716,115151631.0000,19951
20230614,600399,8.6700,8.6700,8.6900,8.4500,8.4600,18509990,158168947.0000,24999
20230614,600400,3.1500,3.1500,3.1900,3.1300,3.1700,9834573,31147567.0000,12082
20230614,600403,4.1300,4.1400,4.1400,4.0900,4.0900,9176817,37715888.0000,7631
20230614,600405,5.8500,5.8600,5.8700,5.7500,5.7600,8595101,49813892.0000,6393
20230614,600406,26.6100,26.6100,26.7500,26.3600,26.3700,12620823,334770953.0000,22757
20230614,600408,2.2800,2.2700,2.2800,2.2500,2.2600,3336500,7549653.0000,3030
20230614,600409,5.1700,5.1900,5.3300,5.1800,5.2800,21847147,115069954.0000,19404
20230614,600410,8.5500,8.3800,8.4800,8.1100,8.2100,140512928,1157436896.0000,105626
20230614,600415,9.4400,9.4700,10.3800,9.3400,10.3800,340513053,3369710560.0000,210213
20230614,600416,17.1000,17.1000,17.5600,17.0000,17.4400,16489414,286175316.0000,20916
20230614,600418,12.2000,12.2600,12.4000,12.1000,12.2000,48440755,593656326.0000,57314
20230614,600419,17.6000,17.6000,17.9300,17.5000,17.6200,6346825,112264191.0000,16223
20230614,600420,11.0700,11.1000,11.4500,11.0200,11.3600,12781536,144059851.0000,21297
20230614,600421,11.6200,11.6200,11.6200,11.6200,11.6200,0,0.0000,0
20230614,600422,21.7400,21.9000,22.1900,21.5000,21.7000,11626561,253717463.0000,18364
20230614,600423,3.1200,3.1200,3.1300,3.0800,3.0900,1770200,5488495.0000,4339
20230614,600425,4.8500,4.8500,5.0100,4.8400,4.9400,22008289,108527541.0000,22294
20230614,600426,30.2500,30.2000,31.7400,30.0000,30.9500,27664280,863430132.0000,56593
20230614,600428,6.3700,6.6200,6.9500,6.4800,6.8300,91361196,613210457.0000,57202
20230614,600429,4.8000,4.8000,4.8800,4.7800,4.8400,5957486,28837274.0000,9344
20230614,600433,3.4500,3.4200,3.4700,3.4200,3.4400,4343510,14951305.0000,6289
20230614,600435,11.0500,11.0300,11.1000,10.9500,10.9900,11742458,129338948.0000,16860
20230614,600436,290.1000,291.0000,300.2000,290.5000,296.3600,2564804,761082259.0000,16568
20230614,600438,31.8200,31.8800,32.2000,31.6900,31.7300,25401628,810297869.0000,43504
20230614,600439,2.5300,2.5300,2.5500,2.5100,2.5400,4748600,12019702.0000,4385
20230614,600444,13.1000,13.0900,13.1400,12.9300,13.0600,777200,10148767.0000,2109
20230614,600446,15.6300,15.5400,15.7600,15.2700,15.5800,35795290,555247927.0000,36109
20230614,600448,2.9100,2.9100,2.9300,2.8800,2.9100,4938740,14354800.0000,4483
20230614,600449,17.2100,16.6600,16.9000,16.5300,16.6500,17678428,294980754.0000,23968
20230614,600452,19.4300,19.4300,19.8500,19.1700,19.5400,6778763,131777165.0000,10877
20230614,600455,23.0800,22.9700,23.4100,22.9700,23.0500,971100,22495973.0000,3792
20230614,600456,32.6600,32.7900,33.3200,32.5000,33.0100,3754162,123828790.0000,12165
20230614,600458,11.1600,11.2300,11.2400,10.9700,11.2200,7751304,86133010.0000,15270
20230614,600459,15.1100,15.1000,15.2300,15.0600,15.1100,2836555,42904761.0000,5453
20230614,600460,30.6500,30.5900,30.6500,30.2600,30.4600,10816551,329503163.0000,26072
20230614,600461,8.2300,8.2400,8.2900,8.1300,8.1300,5142900,42125204.0000,7174
20230614,600462,2.1000,2.0900,2.1100,2.0800,2.1100,3787480,7942497.0000,734
20230614,600463,8.6400,8.6800,8.7200,8.5200,8.6500,2448800,21110341.0000,3337
20230614,600467,2.4800,2.4700,2.6300,2.4700,2.5600,73336278,187592288.0000,20713
20230614,600468,4.8900,4.9000,5.0800,4.8600,5.0300,39360420,196361290.0000,22438
20230614,600469,6.5600,6.5000,7.2200,6.4500,7.2200,77484082,539608210.0000,50851
20230614,600470,5.1900,5.2000,5.2400,5.1500,5.2100,4008204,20847078.0000,4690
20230614,600475,10.2400,10.2400,10.4400,10.2100,10.2700,5161676,53349651.0000,12371
20230614,600476,17.3500,17.4000,17.7300,17.1500,17.4800,3682800,64439802.0000,9523
20230614,600477,4.0500,4.0500,4.0600,4.0100,4.0100,23237577,93556861.0000,12125
20230614,600478,6.9000,6.9100,6.9600,6.7800,6.8000,10509587,71695668.0000,9747
20230614,600479,12.0000,11.9800,12.2500,11.8300,12.2200,8134800,98299487.0000,12080
20230614,600480,7.5800,7.6000,7.6200,7.5200,7.5400,2966549,22413062.0000,7544
20230614,600481,12.3200,12.3300,12.3300,12.0900,12.1300,17847403,216979345.0000,28341
20230614,600482,18.3900,18.3500,19.0900,18.2400,18.7600,30121728,563643952.0000,34740
20230614,600483,11.5400,11.5400,11.5800,11.4000,11.4300,7657142,87713867.0000,15220
20230614,600486,85.1700,85.1700,86.2800,84.6700,85.2500,598900,51170525.0000,3211
20230614,600487,13.9600,13.9700,14.2900,13.8600,14.1800,58712940,827405217.0000,54316
20230614,600488,5.6200,5.6100,5.7200,5.6000,5.6900,6302700,35778890.0000,14048
20230614,600489,10.9100,10.7900,10.8500,10.6100,10.7600,42953219,459880194.0000,41360
20230614,600490,3.3900,3.4200,3.7000,3.3900,3.6400,109349717,391822209.0000,42802
20230614,600491,5.3200,5.3000,5.3700,5.2500,5.3300,18322854,97174259.0000,13650
20230614,600493,5.4900,5.4800,5.4900,5.4100,5.4200,1935700,10532819.0000,3307
20230614,600495,4.2100,4.1900,4.2000,4.1300,4.1700,19972447,83112565.0000,8484
20230614,600496,3.7600,3.7700,3.7800,3.7400,3.7400,7877751,29544547.0000,5318
20230614,600497,5.1800,5.1900,5.2500,5.1800,5.2300,32650246,170697599.0000,19180
20230614,600498,21.9100,21.5500,22.0300,21.4500,21.8800,25615144,557758737.0000,42591
20230614,600499,11.0100,11.0500,11.0800,10.7700,10.8400,13133736,142396521.0000,17055
20230614,600500,5.5300,5.5300,5.5500,5.4800,5.4800,10491327,57794493.0000,9221
20230614,600501,14.9200,14.7700,15.3700,14.6600,14.9200,23313629,350872683.0000,27198
20230614,600502,5.5400,5.5100,5.6300,5.5100,5.5700,30912421,172334394.0000,23356
20230614,600503,2.9400,2.9400,2.9600,2.8800,2.9100,43080160,125311916.0000,21308
20230614,600505,8.4500,8.5000,8.5000,8.2700,8.2700,10192100,84834062.0000,10437
20230614,600506,10.1900,10.2000,10.5800,10.1400,10.5000,3324700,34745585.0000,5888
20230614,600507,4.6600,4.6500,4.6900,4.6400,4.6600,6978875,32602908.0000,7659
20230614,600508,14.4500,14.4600,14.5200,14.2800,14.3200,3758700,54132394.0000,8943
20230614,600509,7.2100,7.2300,7.2500,7.1000,7.2000,22520595,161548821.0000,17723
20230614,600510,6.3200,6.3000,6.3700,6.1900,6.1900,4587710,28696558.0000,8302
20230614,600511,35.2700,35.4200,35.8900,35.0000,35.4100,5790093,205270062.0000,20702
20230614,600512,2.7000,2.7000,2.7100,2.6800,2.6800,14761100,39689413.0000,9510
20230614,600513,9.6400,9.6500,9.6600,9.5600,9.6200,3080759,29608961.0000,5697
20230614,600515,4.1800,4.1700,4.2300,4.1600,4.1900,23458130,98417986.0000,8896
20230614,600516,6.2400,6.2500,6.2600,6.2000,6.2100,11153402,69372600.0000,8396
20230614,600517,5.7000,5.6800,5.7100,5.5900,5.6000,11047300,62207544.0000,16351
20230614,600518,2.3000,2.1900,2.1900,2.1900,2.1900,21266000,46572540.0000,3598
20230614,600519,1699.0000,1719.0000,1734.2400,1706.2100,1726.8800,3150580,5438040356.0000,22569
20230614,600520,13.9200,13.8100,13.8700,13.5700,13.6400,5685700,77577557.0000,9275
20230614,600521,18.0300,18.0100,18.1600,18.0000,18.0000,4325300,78066822.0000,8116
20230614,600522,15.4100,15.3600,16.1000,15.3000,15.9000,141711899,2237234685.0000,136979
20230614,600523,13.5200,13.5700,13.6500,13.4100,13.6200,2870350,38959589.0000,7662
20230614,600525,5.7900,5.8200,5.8400,5.6800,5.7700,16343157,93784787.0000,16762
20230614,600526,4.8200,4.8400,4.8600,4.8000,4.8200,4287200,20710052.0000,5754
20230614,600527,2.0400,2.0400,2.0400,2.0200,2.0300,6398656,12978815.0000,1544
20230614,600528,9.6000,9.5800,9.7500,9.4900,9.5600,10919754,104742864.0000,17794
20230614,600529,26.8300,26.8400,27.1000,26.5500,26.5800,5297478,141900625.0000,13132
20230614,600530,2.4900,2.4900,2.4900,2.4900,2.4900,0,0.0000,0
20230614,600531,6.3100,6.3500,6.3700,6.2800,6.3200,11199530,70811220.0000,17947
20230614,600532,0.6200,0.6200,0.6300,0.5800,0.6200,12449147,7492355.0000,897
20230614,600533,3.2600,3.2700,3.2900,3.2200,3.2300,9673110,31381336.0000,12317
20230614,600535,14.6200,14.5800,14.8800,14.5100,14.5500,10468161,153461110.0000,21138
20230614,600536,49.0300,48.9000,49.4400,48.4000,49.0000,20246566,987653930.0000,45463
20230614,600537,7.0600,7.0500,7.0900,6.7500,6.8000,62378376,428509831.0000,47972
20230614,600538,4.1300,4.1400,4.1400,4.1000,4.1300,3103583,12781198.0000,4711
20230614,600539,6.6000,6.6100,6.6600,6.5600,6.6300,1742700,11538783.0000,3553
20230614,600540,4.7300,4.7100,4.8500,4.6800,4.7800,13689859,65256005.0000,13121
20230614,600543,5.3900,5.3600,5.4400,5.3600,5.4400,2799853,15124762.0000,1046
20230614,600545,2.2900,2.2900,2.2900,2.2600,2.2800,3988813,9085576.0000,3583
20230614,600546,14.0700,14.1100,14.3500,14.0300,14.3200,26176474,372965294.0000,27152
20230614,600547,25.0100,24.6500,25.1000,24.4100,25.0000,29637156,730800177.0000,42668
20230614,600548,9.0800,9.0600,9.1100,9.0200,9.0400,2562401,23207636.0000,5737
20230614,600549,18.9100,18.9900,19.1700,18.9100,19.1100,8810601,168020719.0000,14154
20230614,600550,5.0700,5.0800,5.0900,5.0000,5.0000,6851303,34402193.0000,8456
20230614,600551,12.6900,12.6900,12.8500,12.3500,12.4200,7392225,92640564.0000,14560
20230614,600552,11.7200,11.7500,11.7500,11.3500,11.4500,14309209,164384572.0000,19393
20230614,600556,8.7500,8.7000,8.8800,8.4400,8.6300,120525781,1042609294.0000,128400
20230614,600557,25.4200,25.1500,26.5800,25.1500,25.6600,10302283,265809640.0000,28813
20230614,600558,3.8400,3.8500,3.9300,3.7700,3.8800,22257900,85966018.0000,16625
20230614,600559,26.0500,26.1600,28.3000,26.1100,27.8800,53462458,1475505445.0000,111928
20230614,600560,13.7500,13.7400,13.7600,13.5500,13.6300,7917388,108028918.0000,10180
20230614,600561,5.2600,5.2300,5.2800,5.2100,5.2600,1565800,8214616.0000,3275
20230614,600562,14.9900,14.9800,15.0200,14.7600,14.7900,9626917,143155547.0000,13191
20230614,600563,142.1000,142.5800,142.9900,138.2100,139.2300,1018977,142858122.0000,5620
20230614,600565,1.5800,1.5700,1.5900,1.5400,1.5500,17108472,26697957.0000,14484
20230614,600566,28.9600,29.0500,29.7900,28.9000,29.2600,6160276,180834801.0000,15719
20230614,600567,2.2700,2.2800,2.3000,2.2600,2.2700,18957440,43251875.0000,10852
20230614,600568,1.7900,1.7900,1.8200,1.7800,1.8000,2374200,4263700.0000,311
20230614,600569,2.0000,2.0000,2.0100,1.9900,2.0000,9039735,18076241.0000,4885
20230614,600570,42.6400,42.8100,44.6000,42.8100,43.9000,26711801,1169548056.0000,63853
20230614,600571,9.8900,9.8500,9.9100,9.7600,9.8400,7198306,70807093.0000,13208
20230614,600572,6.5900,6.5800,6.6600,6.4900,6.5200,32863945,215318651.0000,33604
20230614,600573,12.4600,12.4100,12.7100,12.3800,12.6400,12004900,151088019.0000,16379
20230614,600575,2.5200,2.5200,2.5300,2.5000,2.5000,16666300,41916820.0000,3574
20230614,600576,9.0800,9.0800,9.2100,8.9600,9.0200,9744700,88369764.0000,13393
20230614,600577,4.2700,4.2700,4.2800,4.2200,4.2300,15767390,66969687.0000,13133
20230614,600578,3.6800,3.6800,3.7000,3.5800,3.6100,25251400,91367466.0000,23885
20230614,600579,6.8000,6.8400,7.1400,6.7100,7.0900,9780100,67861058.0000,11762
20230614,600580,11.9200,11.8600,11.9200,11.6800,11.7100,8640362,101630548.0000,12794
20230614,600581,4.1200,4.1200,4.1400,4.1000,4.1300,11550957,47626128.0000,8670
20230614,600582,5.4100,5.4400,5.4700,5.3800,5.4300,13706886,74445646.0000,17193
20230614,600583,6.0000,6.0000,6.0900,5.9900,6.0000,12091230,72933964.0000,24029
20230614,600584,33.4700,33.7300,33.9800,32.2200,32.5600,53665204,1754498555.0000,98514
20230614,600585,25.6900,25.7500,25.9600,25.6500,25.7700,17481968,451511346.0000,28844
20230614,600586,7.3500,7.3500,7.3900,7.2600,7.2800,12786940,93538544.0000,10273
20230614,600587,34.3900,34.3900,35.0800,33.9000,34.8500,3866600,133823581.0000,13440
20230614,600588,21.0500,21.1000,21.2100,20.8100,20.9900,19065624,400323352.0000,32059
20230614,600589,2.3200,2.4400,2.4400,2.4400,2.4400,1277650,3117466.0000,193
20230614,600590,6.7800,6.7700,6.8800,6.7500,6.8300,11160096,76235196.0000,14052
20230614,600592,8.2400,8.2700,8.3400,8.2000,8.3100,3127285,25849602.0000,6917
20230614,600593,15.2300,15.1000,15.4600,15.0900,15.2000,1180300,18013646.0000,3641
20230614,600594,5.2000,5.1900,5.2500,5.1600,5.2200,13596139,70935456.0000,8495
20230614,600595,2.9100,2.8900,2.9100,2.8400,2.8600,9923097,28489597.0000,4513
20230614,600596,11.1600,11.1600,11.2700,11.0600,11.2200,6845880,76628662.0000,5972
20230614,600597,10.7800,10.8200,11.0100,10.7900,10.9000,13332833,145443360.0000,21356
20230614,600598,13.5900,13.6000,13.6800,13.5200,13.5400,6328653,86021290.0000,9960
20230614,600599,11.5800,11.5900,11.6700,11.4500,11.5900,793100,9176633.0000,680
20230614,600600,102.7500,103.1900,104.7100,102.8000,102.9800,6531921,676937304.0000,29975
20230614,600601,2.9300,3.2200,3.2200,3.2200,3.2200,37140175,119591364.0000,2795
20230614,600602,13.0600,12.8600,13.6600,12.8100,13.4800,127225322,1687656330.0000,130114
20230614,600603,7.1900,7.1900,7.2400,7.0700,7.1000,10489008,74775663.0000,16139
20230614,600604,4.8600,4.8800,4.9000,4.8400,4.8400,3680500,17890551.0000,5802
20230614,600605,17.9400,17.9000,18.0800,17.7100,17.9000,4284490,76497523.0000,7729
20230614,600606,2.9000,2.9100,2.9300,2.8600,2.8700,35490035,102677579.0000,20911
20230614,600608,3.7500,3.7500,3.7900,3.7100,3.7700,1405732,5291152.0000,613
20230614,600609,4.7800,4.8100,4.9100,4.7800,4.8300,10222922,49523932.0000,10610
20230614,600610,13.1600,13.2300,13.2400,12.9800,13.0400,4231269,55318890.0000,3829
20230614,600611,3.1500,3.1400,3.2000,3.1300,3.1900,15809219,50047021.0000,13719
20230614,600612,63.9400,63.8100,64.5100,63.0800,64.2900,1547546,99031181.0000,8804
20230614,600613,6.6600,6.6400,6.7200,6.5900,6.7000,5466200,36508063.0000,7958
20230614,600615,8.7300,8.8600,8.8600,8.5400,8.5700,755100,6517493.0000,2040
20230614,600616,7.3600,7.3700,8.1000,7.3500,8.1000,58649861,467722812.0000,43033
20230614,600617,4.0500,4.0500,4.0600,4.0200,4.0500,4230200,17083065.0000,6485
20230614,600618,8.9500,8.9900,9.0600,8.9200,9.0400,2429854,21883247.0000,3527
20230614,600619,6.4100,6.3900,6.4300,6.3300,6.3800,4173900,26652877.0000,6140
20230614,600620,11.9400,11.9400,12.0200,11.8100,11.9400,4121246,49097847.0000,5128
20230614,600621,10.7300,10.7700,10.8600,10.7100,10.7200,4384567,47258787.0000,6469
20230614,600622,3.0300,3.0100,3.0300,2.9700,2.9700,9051642,27069554.0000,6489
20230614,600623,6.3000,6.3000,6.3300,6.2800,6.3100,3533485,22299540.0000,6953
20230614,600624,6.2400,6.2200,6.3000,6.1800,6.2000,7211933,44897579.0000,6022
20230614,600626,3.7200,3.7000,3.7500,3.6200,3.6500,12117575,44339994.0000,12015
20230614,600628,7.8000,7.8100,7.9200,7.7900,7.8700,3166249,24897564.0000,6258
20230614,600629,7.9400,7.9600,8.1400,7.8800,8.0600,46135289,369929548.0000,39884
20230614,600630,5.7500,5.7700,5.7800,5.6000,5.6900,10120405,57380057.0000,10347
20230614,600633,16.0900,15.9300,16.3400,15.2500,15.4800,78240125,1227155059.0000,104568
20230614,600635,3.2700,3.2700,3.3100,3.2400,3.2500,12963691,42290630.0000,12824
20230614,600636,15.1800,15.3000,15.8500,14.9400,15.0000,46909721,719197253.0000,47303
20230614,600637,8.5800,8.5700,8.7700,8.4900,8.5400,35948491,309533285.0000,37218
20230614,600638,5.3500,5.3500,5.4000,5.3400,5.3500,1392540,7475869.0000,4255
20230614,600639,12.8100,12.9900,13.0000,12.6700,12.7100,6907385,88303414.0000,16503
20230614,600640,13.7700,13.7600,14.0500,13.5000,13.7100,14191308,195290265.0000,28997
20230614,600641,19.8800,19.8000,20.0600,19.5600,19.6500,9924185,196182568.0000,13291
20230614,600642,6.6600,6.6400,6.6800,6.5600,6.5800,17232606,114004029.0000,20330
20230614,600643,5.0200,5.0200,5.0500,5.0100,5.0200,6414903,32231969.0000,6948
20230614,600644,7.0900,7.1000,7.1300,6.9800,7.0100,4537125,31820791.0000,4246
20230614,600645,16.6800,16.6500,16.8200,16.6500,16.7300,2470713,41303688.0000,4332
20230614,600647,13.6600,13.5400,14.0000,13.5100,13.9000,1676789,23220853.0000,1417
20230614,600648,11.6000,11.6000,11.6800,11.5000,11.5000,1984314,22954889.0000,4820
20230614,600649,4.0900,4.1100,4.1200,4.0500,4.0600,9161069,37316162.0000,8304
20230614,600650,9.8600,9.8600,10.3300,9.8200,10.3200,7760467,78729290.0000,12893
20230614,600651,4.2300,4.2000,4.3000,4.1800,4.2600,22589188,96045767.0000,15078
20230614,600653,1.8300,1.8300,1.8700,1.8100,1.8500,17226471,31799272.0000,4898
20230614,600654,2.2000,2.1900,2.2500,2.1900,2.2400,8290984,18459202.0000,1565
20230614,600655,7.3600,7.3600,7.4400,7.3400,7.3500,8759480,64683327.0000,12692
20230614,600657,4.6600,4.7500,4.7600,4.5500,4.6000,19213800,89045806.0000,17814
20230614,600658,5.7800,5.8000,5.8900,5.7400,5.7900,11963677,69382230.0000,16225
20230614,600660,33.6000,33.6500,33.8300,33.5000,33.5700,5263365,177123179.0000,15952
20230614,600661,10.7800,10.6900,11.0800,10.6800,10.6900,9777876,106094548.0000,13590
20230614,600662,6.0600,6.0400,6.1800,6.0300,6.0700,6380432,38932781.0000,11121
20230614,600663,10.3300,10.3800,10.4300,10.1900,10.2200,4171937,42867067.0000,10103
20230614,600664,3.4500,3.4500,3.5200,3.4400,3.4600,20356331,70862646.0000,19873
20230614,600665,4.3000,4.3100,4.3200,4.1400,4.1500,19733009,82976841.0000,27870
20230614,600666,2.5300,2.5300,2.5300,2.5300,2.5300,0,0.0000,0
20230614,600667,7.0900,7.0500,7.0600,6.8500,6.8700,57587880,398182142.0000,38165
20230614,600668,11.4600,11.4700,11.6100,11.4200,11.5500,1607895,18517970.0000,2864
20230614,600671,7.6000,7.9500,7.9500,7.6100,7.6600,406600,3124403.0000,261
20230614,600673,6.9800,6.9900,6.9900,6.8800,6.9300,7426083,51416114.0000,10284
20230614,600674,14.7500,14.7700,15.0200,14.7500,14.8700,9668727,144049044.0000,16430
20230614,600675,2.8200,2.8400,2.9700,2.8200,2.9100,29095704,84952771.0000,12513
20230614,600676,4.6900,4.6600,4.8300,4.5000,4.5200,54875154,251781989.0000,30303
20230614,600678,5.3200,5.3000,5.4200,5.2700,5.3800,4173387,22292231.0000,5692
20230614,600679,11.2200,11.2200,12.3400,11.0500,11.4200,37975017,452908746.0000,33211
20230614,600681,4.3200,4.3400,4.3400,4.2900,4.3000,3984083,17168320.0000,7724
20230614,600682,8.1800,8.2200,8.2200,8.1200,8.1400,3346085,27306830.0000,5768
20230614,600683,6.5700,6.6300,6.8800,6.5200,6.6700,73479030,491521840.0000,35662
20230614,600684,3.3500,3.3600,3.3700,3.3100,3.3200,5624073,18754318.0000,7169
20230614,600685,28.2000,28.2000,28.6700,28.0200,28.2000,17690449,501603842.0000,33511
20230614,600686,8.1100,8.1000,8.6500,8.0300,8.2100,48436003,403783014.0000,52103
20230614,600688,3.1100,3.1200,3.1300,3.1000,3.1000,14078048,43829744.0000,11007
20230614,600689,9.3100,9.2700,9.4300,9.1300,9.3400,2600301,24135785.0000,5568
20230614,600690,23.2500,23.3000,23.4500,23.1400,23.3300,24493991,571830217.0000,32846
20230614,600691,3.0600,3.0500,3.0800,3.0300,3.0700,8474550,25932824.0000,7045
20230614,600692,5.7300,5.7500,5.8300,5.6800,5.7700,4153400,23913032.0000,6002
20230614,600693,3.9800,3.9800,4.0500,3.9500,4.0300,8058700,32380845.0000,6666
20230614,600694,18.6500,18.6500,18.8000,18.5000,18.7400,1018833,19058140.0000,3634
20230614,600696,24.8500,24.8600,25.2800,24.6900,25.0800,1086820,27258748.0000,4030
20230614,600697,12.6900,12.7000,12.8000,12.6100,12.6700,1760300,22372843.0000,4692
20230614,600698,4.5100,4.5200,4.5300,4.4600,4.4700,3372581,15120834.0000,3717
20230614,600699,17.3900,17.3900,17.5500,17.0700,17.2100,30128004,518583068.0000,39964
20230614,600702,139.1900,139.7200,145.5900,139.2000,144.1900,7980735,1146345334.0000,42705
20230614,600703,16.9400,16.9500,17.3200,16.8100,17.1300,91600705,1564526542.0000,94164
20230614,600704,5.0600,5.0600,5.1000,5.0300,5.0400,45570987,230863855.0000,19309
20230614,600705,3.8700,3.8800,3.9100,3.8500,3.8500,67640020,262162794.0000,22880
20230614,600706,17.0500,16.9500,17.3500,16.8100,17.1300,22163301,379848741.0000,29001
20230614,600707,4.6800,4.6200,4.6900,4.6100,4.6700,15005400,69807077.0000,14836
20230614,600708,2.2500,2.2600,2.2700,2.2200,2.2300,15862920,35532587.0000,9781
20230614,600710,7.9100,7.8500,8.1900,7.8000,8.1700,26981454,215890926.0000,23729
20230614,600711,4.7500,4.7700,4.8400,4.7600,4.8000,24033164,115600415.0000,12530
20230614,600712,3.8400,3.8400,3.8800,3.8000,3.8700,4209071,16237470.0000,5936
20230614,600713,5.3300,5.3300,5.4800,5.3100,5.4300,10736003,58033727.0000,12136
20230614,600714,8.7000,8.6500,8.7500,8.6300,8.7200,599300,5217851.0000,1495
20230614,600715,2.5300,2.5300,2.5800,2.5000,2.5400,34200500,87129267.0000,24779
20230614,600716,3.7700,3.7600,3.7900,3.7100,3.7500,3299001,12358913.0000,5755
20230614,600717,4.5000,4.5100,4.5400,4.4900,4.4900,9180348,41449680.0000,11719
20230614,600718,11.3000,11.2600,11.3600,11.2000,11.2900,19402024,218901654.0000,30579
20230614,600719,5.1100,5.1000,5.1000,4.9400,4.9400,17087702,85298758.0000,9708
20230614,600720,11.1300,11.1200,11.1600,11.0000,11.0000,6528107,72102136.0000,9975
20230614,600721,6.2500,6.3300,6.3300,6.2300,6.2500,1208100,7557501.0000,3100
20230614,600722,4.8800,4.8800,4.9300,4.8600,4.9200,7915474,38783647.0000,4091
20230614,600724,3.6800,3.6800,3.7000,3.6600,3.6700,2169000,7982003.0000,4601
20230614,600725,2.6500,2.6500,2.6700,2.6200,2.6400,3121090,8238292.0000,2734
20230614,600726,3.0500,3.3100,3.3600,3.1200,3.1300,198412238,648291304.0000,49040
20230614,600727,5.8300,5.8300,5.8500,5.7900,5.8500,2010600,11705617.0000,3239
20230614,600728,7.5800,7.5200,7.6000,7.4200,7.5100,57555289,431263670.0000,51335
20230614,600729,30.5600,30.5600,31.9200,30.5600,31.8900,2873243,90219093.0000,8102
20230614,600730,6.9100,6.9600,7.1200,6.8900,6.9400,29840710,208437418.0000,22264
20230614,600731,7.5700,7.5800,7.6800,7.4600,7.6000,9153690,69165972.0000,6375
20230614,600732,37.7300,38.1800,39.1500,37.7900,37.8200,26923241,1027799870.0000,49693
20230614,600733,5.5100,5.4900,5.6000,5.4800,5.5100,35280796,195366259.0000,17998
20230614,600734,3.8500,3.8500,3.9100,3.8200,3.8600,3586500,13826221.0000,759
20230614,600735,5.9300,5.9500,6.0300,5.9000,6.0300,3523300,21078405.0000,5386
20230614,600736,4.8700,4.8700,4.9100,4.8700,4.8900,5920469,28977633.0000,8708
20230614,600737,8.4500,8.3500,8.4200,8.3100,8.3600,19411141,162360633.0000,18584
20230614,600738,5.3600,5.3400,5.5900,5.3100,5.4400,15845400,86809715.0000,16977
20230614,600739,13.6600,13.6700,13.7200,13.4400,13.4600,6798461,92138655.0000,8049
20230614,600740,5.0400,5.0400,5.0600,5.0100,5.0300,6901124,34749423.0000,3985
20230614,600741,18.3700,18.5000,18.5000,18.1600,18.2200,8634173,157920395.0000,14804
20230614,600742,8.2100,8.2400,8.2400,8.1500,8.1600,4109664,33636874.0000,7757
20230614,600743,1.6500,1.6700,1.6800,1.6100,1.6200,20878775,34288333.0000,8172
20230614,600744,3.5000,3.5000,3.5000,3.4400,3.4500,17845613,61810272.0000,6663
20230614,600745,50.8200,50.6500,51.1100,50.3400,50.7200,11348327,575267633.0000,31043
20230614,600746,6.6100,6.6800,6.6900,6.6000,6.6600,1746319,11618904.0000,3913
20230614,600748,4.2700,4.3000,4.3500,4.1800,4.2100,19410694,82192586.0000,27022
20230614,600749,13.3000,13.3000,13.5500,13.2000,13.4800,6011100,80655337.0000,8464
20230614,600750,22.0700,22.0100,22.5200,21.8000,22.1400,8423537,186216143.0000,24868
20230614,600751,2.4200,2.4200,2.4500,2.4100,2.4300,9649530,23444390.0000,4298
20230614,600753,8.9700,8.9900,9.0000,8.8600,8.8800,1250344,11131236.0000,2745
20230614,600754,47.4100,47.4100,49.2700,47.3800,48.7200,10566606,513523304.0000,31599
20230614,600755,8.7600,8.7600,8.9600,8.7500,8.8700,13402274,118685434.0000,19981
20230614,600756,17.4600,17.4200,17.5700,17.2200,17.5000,8354310,145529032.0000,19403
20230614,600757,10.0700,10.0700,10.2800,9.9800,10.0500,45417760,459083760.0000,39632
20230614,600758,4.5500,4.5400,4.5900,4.4700,4.5500,26035018,118376330.0000,12947
20230614,600759,2.5700,2.5800,2.5900,2.5200,2.5500,12914220,32991629.0000,2562
20230614,600760,55.4300,55.4000,55.6100,55.1700,55.2800,3669248,203108026.0000,9586
20230614,600761,17.7000,17.7000,17.9800,17.5000,17.7700,4317953,76644777.0000,13158
20230614,600763,98.4200,98.6600,100.1800,97.8600,98.7100,3726958,369766139.0000,16691
20230614,600764,26.4200,26.4500,26.6500,26.2000,26.2800,2944816,77767847.0000,5517
20230614,600765,24.0300,24.1600,24.1900,23.8600,24.1700,8504400,204108029.0000,13467
20230614,600766,11.1100,11.0800,11.6700,11.0800,11.4500,3933798,45199816.0000,2492
20230614,600767,0.4000,0.4000,0.4100,0.3900,0.4000,7618457,3049895.0000,421
20230614,600768,10.6300,10.6300,10.6300,10.4200,10.5200,1306000,13722463.0000,4396
20230614,600769,8.6800,8.6800,8.7800,8.5500,8.6000,10356900,89738985.0000,12829
20230614,600770,5.4800,5.4600,5.4800,5.3800,5.4400,7056800,38302010.0000,10608
20230614,600771,35.8900,35.8100,36.5900,35.3700,35.6300,8120060,292317385.0000,19533
20230614,600773,13.1100,13.4100,13.5000,12.9400,13.0000,9602121,127029453.0000,16029
20230614,600774,12.8800,12.8600,12.9400,12.7100,12.7300,2215600,28402248.0000,4678
20230614,600775,10.1600,10.1100,10.1800,9.9600,9.9800,8840115,88773021.0000,10551
20230614,600776,11.3100,11.4100,11.5100,11.2000,11.3500,14709473,166925190.0000,21774
20230614,600777,2.4400,2.4400,2.4500,2.4100,2.4500,78033151,189743676.0000,13345
20230614,600778,7.1000,7.1500,7.2300,7.0600,7.1100,1992052,14194428.0000,5171
20230614,600779,62.0900,62.0800,64.6400,62.0600,63.8400,7479446,477242732.0000,29392
20230614,600780,9.1400,9.1600,9.3100,9.0600,9.2500,8599911,79047442.0000,8904
20230614,600781,0.8000,0.8100,0.8400,0.7300,0.7500,8054590,6258161.0000,993
20230614,600782,3.8900,3.9000,3.9100,3.8700,3.8700,12226800,47507228.0000,10882
20230614,600783,12.6000,12.6600,12.7200,12.5700,12.5900,2043078,25817878.0000,5194
20230614,600784,7.1100,7.1300,7.3100,7.0900,7.1800,10611249,76552415.0000,14042
20230614,600785,16.3200,16.0100,16.1600,14.8000,15.4900,7159123,109498394.0000,12472
20230614,600787,5.5800,5.5800,5.7300,5.5800,5.6600,19796905,111929999.0000,10055
20230614,600789,6.4200,6.4400,6.4500,6.4000,6.4300,6991072,44926526.0000,10975
20230614,600790,4.4900,4.4900,4.5200,4.4600,4.4800,6454710,28937642.0000,9649
20230614,600791,4.5300,4.5500,4.5600,4.3600,4.3900,22065400,97874023.0000,13932
20230614,600792,3.1100,3.1100,3.1200,3.0900,3.0900,2591000,8031395.0000,5027
20230614,600793,12.2800,12.2800,12.2800,12.1500,12.2700,911540,11146367.0000,2267
20230614,600794,3.5100,3.5200,3.5500,3.5000,3.5300,5780521,20417942.0000,6283
20230614,600795,3.8200,3.8100,3.8200,3.7600,3.7700,90278306,341200995.0000,33977
20230614,600796,5.1900,5.1900,5.2800,5.1600,5.2600,2486300,13009508.0000,4294
20230614,600797,7.9000,7.8000,7.9200,7.6700,7.7800,57079716,445739990.0000,56399
20230614,600798,3.5500,3.5500,3.5900,3.5500,3.5600,3357700,11963751.0000,2145
20230614,600800,3.5800,3.5700,3.5800,3.5400,3.5600,4490405,15969601.0000,5785
20230614,600801,13.1500,13.2400,13.2900,13.1000,13.1600,3882777,51154199.0000,9887
20230614,600802,5.0700,5.0700,5.0700,5.0200,5.0300,2105840,10614823.0000,3913
20230614,600803,18.8500,18.8500,19.1400,18.7300,19.0000,4027114,76364641.0000,11565
20230614,600804,5.5400,5.5500,5.8200,5.5100,5.8200,48418222,278990073.0000,12720
20230614,600805,4.2900,4.2800,4.2900,4.2400,4.2500,4965353,21183674.0000,5172
20230614,600807,3.0500,3.0500,3.0600,3.0300,3.0500,3394150,10349106.0000,4044
20230614,600808,2.6200,2.6200,2.6300,2.6100,2.6100,14963562,39209201.0000,10180
20230614,600809,204.8000,204.8000,213.0000,203.6500,210.8300,11434652,2400269391.0000,57625
20230614,600810,6.7100,6.7200,6.7500,6.6700,6.6700,1985096,13317743.0000,3042
20230614,600811,2.2900,2.2900,2.3300,2.2800,2.3000,28644646,66014640.0000,6201
20230614,600812,5.6200,5.6100,5.6400,5.5800,5.6300,6111981,34320453.0000,7689
20230614,600814,9.7100,9.7000,9.7000,9.3600,9.4000,16338225,154718294.0000,21045
20230614,600815,2.6500,2.6500,2.6700,2.6400,2.6600,5932108,15752940.0000,3765
20230614,600816,3.7800,3.7500,3.7800,3.6700,3.7300,15335020,57196628.0000,2691
20230614,600817,10.6500,10.7600,10.7600,10.3600,10.4800,2302500,24104451.0000,6437
20230614,600818,21.9300,21.9500,22.1600,21.5200,21.8100,2030900,44214423.0000,5142
20230614,600819,4.8900,4.8800,5.0200,4.8500,4.9500,9987152,49295756.0000,8017
20230614,600820,6.0400,6.0400,6.1000,5.9700,5.9900,17211385,103723400.0000,18514
20230614,600821,6.7800,6.7600,6.8200,6.7100,6.7500,14494500,97682843.0000,17225
20230614,600822,16.9200,16.9200,17.4900,16.3000,17.1500,76073645,1290802268.0000,96455
20230614,600823,1.2000,1.1900,1.2300,1.1800,1.2100,52862594,63548552.0000,4235
20230614,600824,3.6200,3.6300,3.7000,3.6300,3.6700,7706759,28300480.0000,9827
20230614,600825,5.5900,5.5500,5.7200,5.4900,5.5600,53404925,298926068.0000,39242
20230614,600826,10.4700,10.4700,10.5400,10.3400,10.4500,1953010,20382756.0000,5647
20230614,600827,14.2100,14.2800,14.5500,14.1600,14.4800,15639462,225595058.0000,18898
20230614,600828,3.9500,3.9300,4.0500,3.9300,4.0100,7106447,28443537.0000,11284
20230614,600829,6.8200,6.8200,7.0300,6.7700,6.9700,7373450,50930711.0000,11163
20230614,600830,6.0700,6.0800,6.1400,6.0600,6.0900,4435908,27016998.0000,7488
20230614,600831,6.7600,6.7500,6.8200,6.6200,6.6500,19581650,131233185.0000,21868
20230614,600833,14.1200,14.2000,14.6300,14.0100,14.2700,8195100,117191826.0000,14409
20230614,600834,8.3500,8.3500,8.3800,8.2800,8.3700,1476408,12296256.0000,2758
20230614,600835,14.0000,13.9900,14.7600,13.9900,14.7400,11587005,168299322.0000,19035
20230614,600836,5.3500,5.3600,5.6200,5.3600,5.4400,16523904,90784621.0000,14889
20230614,600837,9.3600,9.3600,9.5200,9.3600,9.3800,36727851,346772536.0000,29182
20230614,600838,6.8800,6.9000,7.1200,6.8200,7.0500,17815290,124990152.0000,16853
20230614,600839,4.9200,4.9000,4.9500,4.7300,4.8100,400643550,1931419396.0000,141040
20230614,600841,6.1600,6.1700,6.1800,6.0700,6.0900,3115385,19032962.0000,5696
20230614,600843,5.4600,5.4600,5.4900,5.4100,5.4700,3238600,17666752.0000,5546
20230614,600844,2.7400,2.7400,2.7600,2.7200,2.7500,2607620,7144239.0000,3374
20230614,600845,45.2500,45.2600,46.0000,44.8800,45.6500,7052837,320801187.0000,25226
20230614,600846,10.9300,10.9600,11.1100,10.7700,10.8900,10352735,113126741.0000,14196
20230614,600847,11.6400,11.8200,11.8400,11.4000,11.5500,1038700,11960268.0000,3637
20230614,600848,12.8600,12.8900,12.9500,12.6500,12.6900,4676400,59619952.0000,9328
20230614,600850,25.3000,25.3000,25.4400,24.9600,25.2500,5304671,133902914.0000,11999
20230614,600851,5.9500,5.9500,5.9800,5.9000,5.9600,2509928,14915622.0000,2374
20230614,600853,4.4700,4.4600,4.4800,4.3600,4.4000,36833575,162283207.0000,24299
20230614,600854,5.7100,5.6600,5.7300,5.5000,5.5200,45620215,255137078.0000,23080
20230614,600855,12.7400,12.7000,12.7400,12.5600,12.5900,3388301,42806699.0000,6296
20230614,600857,10.0000,10.0000,10.3200,9.9500,10.2000,2168764,22081898.0000,4392
20230614,600858,6.0500,6.0500,6.1600,6.0200,6.1500,4541909,27798564.0000,10661
20230614,600859,21.5600,21.5500,21.9000,21.4100,21.7300,11816553,256975215.0000,19050
20230614,600860,10.5300,10.6600,10.6600,10.2700,10.3000,4460900,46224872.0000,7481
20230614,600861,22.8800,23.0000,24.6500,22.8800,23.9900,5729372,138317035.0000,15949
20230614,600862,23.0700,23.1100,23.1500,22.2100,22.2300,12231666,275081295.0000,21144
20230614,600863,4.0300,4.0800,4.1000,4.0000,4.0100,45797140,184869108.0000,26920
20230614,600864,5.1000,5.1100,5.1500,5.0700,5.0900,15590030,79577122.0000,15724
20230614,600865,9.2300,9.2500,9.3900,9.1700,9.3500,1101178,10254466.0000,3243
20230614,600866,5.6300,5.6300,5.6400,5.5300,5.5800,13717752,76374471.0000,12487
20230614,600867,10.1400,10.1500,10.3300,10.0900,10.2700,18781841,192440071.0000,23164
20230614,600868,2.7500,2.7500,2.7600,2.7300,2.7300,13718082,37600875.0000,4636
20230614,600869,5.2300,5.2300,5.2400,5.1500,5.1700,9319549,48243606.0000,10360
20230614,600871,1.9800,1.9800,2.0000,1.9700,1.9900,38654995,76658761.0000,15043
20230614,600872,36.6400,36.6700,38.2000,36.5300,37.3700,11149479,416563709.0000,22993
20230614,600873,8.8800,8.8800,8.9500,8.8200,8.8300,9051470,80365360.0000,9106
20230614,600874,5.8700,5.8800,5.8800,5.8300,5.8500,6101602,35724224.0000,8199
20230614,600875,17.2900,17.2900,17.3600,16.9700,17.0000,17212815,294709996.0000,20981
20230614,600876,15.6400,15.6300,15.7400,15.4800,15.4900,1679631,26121805.0000,5386
20230614,600877,14.3800,14.4900,14.6000,14.3200,14.4900,9633272,139552382.0000,14790
20230614,600879,8.1800,8.1600,8.3000,8.1300,8.2100,33627804,275528551.0000,25725
20230614,600880,6.4200,6.4200,6.5900,6.3300,6.3600,50092829,322086887.0000,33228
20230614,600881,2.1600,2.1600,2.1700,2.1500,2.1700,6751300,14587031.0000,2516
20230614,600882,22.7100,22.7100,23.4500,22.5500,23.2200,5907824,136921109.0000,17186
20230614,600883,7.5800,7.6500,7.6500,7.5000,7.5400,1388100,10465402.0000,3780
20230614,600884,14.5400,14.5300,14.6000,14.3300,14.3400,10236469,148188029.0000,14306
20230614,600885,29.6500,29.5000,29.9400,29.4000,29.4900,2857506,84499636.0000,9798
20230614,600886,12.4200,12.4400,12.4900,12.3000,12.3200,10538540,130485511.0000,20742
20230614,600887,28.9300,28.9500,29.6600,28.9100,29.0700,40140764,1173938082.0000,61232
20230614,600888,7.7800,7.7800,7.8300,7.7500,7.7800,6640830,51762516.0000,6457
20230614,600889,4.5400,4.5400,4.5700,4.5100,4.5600,2290880,10406406.0000,4942
20230614,600892,6.2400,6.2000,6.5100,6.1400,6.4200,39039504,249524964.0000,33991
20230614,600893,39.4800,39.5000,39.6500,39.2000,39.2300,6157226,242350799.0000,12848
20230614,600894,7.1000,7.0900,7.1000,7.0300,7.0700,2584302,18245520.0000,5289
20230614,600895,14.5000,14.5000,15.0700,14.2900,14.8200,37693312,555223412.0000,39210
20230614,600897,20.2900,20.3500,20.4900,20.0500,20.1000,1445267,29181495.0000,5510
20230614,600898,3.6000,3.5300,3.7300,3.4900,3.6500,6104218,22113634.0000,2181
20230614,600900,22.3000,22.3800,22.5200,22.2500,22.2500,36401569,815059930.0000,35448
20230614,600901,6.3200,6.3200,6.3500,6.1000,6.1300,28694271,178312088.0000,17948
20230614,600903,8.3100,8.3700,8.3900,8.2700,8.3500,8005284,66582216.0000,7060
20230614,600905,5.3300,5.3200,5.3200,5.2400,5.2500,80671078,425059624.0000,37282
20230614,600906,7.3300,7.3500,7.4200,7.2900,7.3200,8492970,62441490.0000,9006
20230614,600908,5.5100,5.5100,5.5300,5.4500,5.4500,10907421,59823437.0000,10826
20230614,600909,4.8100,4.8200,4.8600,4.7900,4.8000,18815840,90746149.0000,14011
20230614,600916,12.0700,12.0700,12.1500,12.0100,12.1200,13593919,164317049.0000,13278
20230614,600917,6.7100,6.7400,6.7400,6.6900,6.6900,2049935,13744878.0000,2979
20230614,600918,6.9000,6.9100,6.9800,6.8800,6.9000,22591283,156459746.0000,18408
20230614,600919,7.5500,7.5400,7.5900,7.4800,7.4800,63585759,479036259.0000,35335
20230614,600925,6.1700,6.1600,6.1700,6.1200,6.1200,12550527,76945025.0000,6209
20230614,600926,12.2700,12.2600,12.3000,12.0600,12.1100,10410839,126678066.0000,17410
20230614,600927,16.7500,16.7500,16.8500,16.6800,16.7300,2076935,34817021.0000,4941
20230614,600928,3.7700,3.7800,3.8000,3.7300,3.7400,26623646,100239208.0000,16698
20230614,600929,7.8700,7.8700,8.2500,7.7800,8.2200,30719652,248581515.0000,24481
20230614,600933,22.3000,22.2200,22.4600,21.6500,22.2000,7429258,164052785.0000,19452
20230614,600935,3.7500,3.7400,3.7400,3.7200,3.7200,2910998,10854596.0000,3283
20230614,600936,4.3300,4.3200,4.3500,4.2900,4.3100,7303634,31531340.0000,12186
20230614,600938,18.0200,18.1600,18.3100,18.0900,18.2500,27372303,498137313.0000,33474
20230614,600939,3.4900,3.4900,3.4900,3.4600,3.4600,7021100,24390478.0000,6796
20230614,600941,97.5200,97.3000,97.4000,95.8300,96.5000,12200998,1175947631.0000,41562
20230614,600955,18.5000,18.5300,18.8500,18.4100,18.6200,1087879,20249692.0000,2874
20230614,600956,8.6700,8.6800,8.7200,8.6000,8.6100,3147576,27136694.0000,6347
20230614,600958,9.8500,9.8800,10.0600,9.8700,9.9000,64779848,645462332.0000,43543
20230614,600959,3.7800,3.7900,3.8500,3.7300,3.7500,56536810,213982648.0000,34670
20230614,600960,3.7100,3.7200,3.7600,3.6900,3.7200,11522435,42841241.0000,12025
20230614,600961,7.9600,8.0700,8.1800,8.0000,8.1500,6860234,55641532.0000,12217
20230614,600962,11.5000,11.5500,11.6700,11.3800,11.5800,2374000,27418821.0000,5767
20230614,600963,6.9600,6.9200,7.0400,6.8700,6.9500,9794301,68202003.0000,14762
20230614,600965,6.6200,6.6800,6.7300,6.6100,6.7000,3218300,21511071.0000,4420
20230614,600966,5.8200,5.8000,5.8800,5.7800,5.8300,4857148,28369276.0000,8526
20230614,600967,9.4300,9.4200,9.4700,9.3800,9.4300,8911736,83979592.0000,9549
20230614,600968,3.1300,3.1400,3.1700,3.1100,3.1400,27108072,85006383.0000,21102
20230614,600969,7.1600,7.1600,7.1700,7.0300,7.0300,3879680,27415969.0000,6019
20230614,600970,11.8200,11.9000,12.3800,11.9000,12.3000,19636849,239676034.0000,30683
20230614,600971,7.8700,7.8700,7.9400,7.7900,7.8100,13841295,108740318.0000,16739
20230614,600973,4.8400,4.8300,4.8500,4.7900,4.8100,11281194,54212903.0000,11652
20230614,600975,10.2400,10.0000,10.0000,9.2200,9.2300,74592121,702652364.0000,62206
20230614,600976,70.9300,70.9400,74.4700,70.7100,72.3900,1866740,135465190.0000,8855
20230614,600977,15.8600,15.7100,16.1300,15.2800,15.5800,52115630,816957792.0000,50990
20230614,600979,3.2500,3.2500,3.2600,3.2200,3.2300,8916850,28867781.0000,6626
20230614,600980,15.2300,15.3000,15.3000,15.1400,15.1400,858900,13045954.0000,3162
20230614,600981,3.0000,2.9900,3.0300,2.9600,3.0100,11635600,34970872.0000,8691
20230614,600982,4.3000,4.2900,4.3000,4.1800,4.2000,22864997,96578511.0000,9798
20230614,600983,7.5000,7.5500,7.5500,7.4000,7.4300,829360,6180406.0000,2373
20230614,600984,4.3700,4.4000,4.4300,4.3300,4.4200,8270777,36322527.0000,12114
20230614,600985,11.7300,11.7700,11.8700,11.6500,11.7000,11569706,135934496.0000,18738
20230614,600986,7.3800,7.3400,7.4500,7.2200,7.3200,51606760,377359624.0000,45953
20230614,600987,7.4800,7.4700,7.5400,7.3100,7.3400,4545682,33716754.0000,6535
20230614,600988,15.4800,15.3900,15.4700,14.9800,15.0000,34808173,526429980.0000,39055
20230614,600989,12.8400,12.8000,13.2700,12.7700,13.1300,26551397,348611363.0000,34389
20230614,600990,30.6800,30.6800,30.7700,30.3400,30.4200,1201432,36645199.0000,3787
20230614,600992,16.4600,16.4100,16.8100,16.3500,16.7300,6822401,113426943.0000,15335
20230614,600993,28.2000,28.2200,28.5200,27.9000,28.2100,5539656,156466058.0000,13539
20230614,600995,10.9800,10.9600,10.9900,10.8200,10.8700,9233210,100540205.0000,16376
20230614,600996,10.4000,10.5300,11.1800,10.4500,11.0000,55350927,603180913.0000,49332
20230614,600997,5.9500,5.9500,5.9800,5.9100,5.9200,4556769,27078556.0000,5484
20230614,600998,15.0800,15.0800,15.6000,15.0800,15.3800,5158667,79407670.0000,13735
20230614,600999,13.8900,13.9500,14.1000,13.8800,13.8900,14445741,202222806.0000,17359
20230614,601000,3.5900,3.6000,3.6500,3.5400,3.5700,37062920,132688155.0000,32355
20230614,601001,9.1600,9.1700,9.2100,9.1100,9.1200,5741967,52502521.0000,8507
20230614,601002,4.8100,4.8100,4.8100,4.7800,4.8000,3031294,14530227.0000,3349
20230614,601003,4.1700,4.1700,4.1900,4.1200,4.1500,7158740,29723112.0000,13928
20230614,601005,1.4200,1.4200,1.4200,1.4100,1.4100,18789510,26541422.0000,6354
20230614,601006,7.5700,7.5800,7.6400,7.5000,7.5100,25647915,193816355.0000,38502
20230614,601007,9.2000,9.2600,9.3800,9.2000,9.2800,4042510,37628247.0000,9620
20230614,601008,4.2400,4.2500,4.2500,4.2100,4.2200,6233847,26377142.0000,4719
20230614,601009,8.6400,8.6400,8.7300,8.6100,8.6100,12395832,107438761.0000,11554
20230614,601010,2.5200,2.5100,2.5500,2.4900,2.5200,8413154,21222713.0000,8519
20230614,601011,3.5700,3.5700,3.5800,3.5500,3.5500,8261292,29474993.0000,7286
20230614,601012,27.7500,27.7600,27.8800,27.3200,27.3200,94396045,2600302020.0000,142392
20230614,601015,4.1500,4.1700,4.2300,4.1500,4.2200,8934802,37537972.0000,8399
20230614,601016,3.7500,3.7600,3.7600,3.7200,3.7400,23944573,89457425.0000,11259
20230614,601018,3.4500,3.4500,3.4600,3.4300,3.4400,10759770,37018109.0000,6320
20230614,601019,10.9400,10.9500,11.2500,10.6300,10.7200,24343552,264995746.0000,31724
20230614,601020,13.4500,13.5100,13.5100,13.2700,13.3200,8880000,118835563.0000,17506
20230614,601021,56.9100,57.2000,57.7500,56.4500,56.6800,2424445,138213319.0000,10582
20230614,601022,10.5000,10.4800,10.8000,10.4600,10.6500,4623591,49180294.0000,5082
20230614,601028,10.8000,10.8200,10.8400,10.6300,10.6500,6205375,66532273.0000,10687
20230614,601038,11.1000,11.1000,11.2200,11.0500,11.1400,1876900,20925823.0000,5452
20230614,601058,10.6400,10.6500,10.7600,10.5600,10.6800,10396052,111034469.0000,14871
20230614,601059,14.9400,14.9400,15.1700,14.7400,14.8200,30964078,463134147.0000,27151
20230614,601061,9.1300,9.1100,9.3600,9.0700,9.3200,45067135,418171271.0000,34503
20230614,601065,11.9200,11.9200,13.1100,11.8600,13.1100,43454895,551568348.0000,36444
20230614,601066,24.0100,24.1200,24.4000,23.9100,23.9700,15062519,363443141.0000,24639
20230614,601068,5.6200,5.6300,5.6900,5.6000,5.6100,11784614,66441779.0000,7129
20230614,601069,13.2500,13.2500,13.3500,13.1000,13.3000,5644509,74785910.0000,10513
20230614,601077,3.9700,3.9800,3.9800,3.8900,3.8900,59593884,233869637.0000,33178
20230614,601086,4.6000,4.6000,4.7700,4.5300,4.7300,41041863,192157554.0000,23835
20230614,601088,29.6200,29.6900,30.1300,29.6900,30.0300,23772395,713295904.0000,38784
20230614,601089,16.6300,16.7000,17.0900,16.7000,16.8400,1951970,33073114.0000,5886
20230614,601098,13.6600,13.6700,13.9800,13.3500,13.5300,18105987,246404154.0000,34248
20230614,601099,2.5900,2.5900,2.6200,2.5900,2.6000,36630075,95376144.0000,7982
20230614,601100,57.1100,57.4400,60.3600,57.4000,59.4900,8733010,518374460.0000,25401
20230614,601101,6.0600,6.0500,6.1100,6.0500,6.0700,4892019,29740362.0000,4050
20230614,601106,3.2200,3.2300,3.2400,3.2100,3.2300,18835000,60749590.0000,10162
20230614,601107,4.1400,4.1400,4.1600,4.0500,4.0600,7970601,32624122.0000,11244
20230614,601108,7.3800,7.4000,7.4800,7.3900,7.4000,22747185,168979071.0000,16452
20230614,601111,8.3700,8.3700,8.4300,8.2300,8.2600,43878687,364680451.0000,41048
20230614,601113,3.3800,3.3800,3.4100,3.3700,3.3800,7932500,26858320.0000,6160
20230614,601116,12.6700,12.9600,13.9400,12.6800,13.9400,41543335,553385182.0000,36606
20230614,601117,7.9200,7.9700,8.1200,7.9500,8.0200,54479701,437774128.0000,39175
20230614,601118,4.6200,4.6500,4.7100,4.6400,4.6600,16381269,76512919.0000,11058
20230614,601121,7.9500,7.9300,7.9700,7.8300,7.8300,7591238,59935267.0000,6110
20230614,601126,14.5900,14.6600,14.8700,14.5100,14.7700,7527810,110734637.0000,13778
20230614,601127,29.4000,29.3800,31.8800,29.1100,30.6500,83397834,2549722600.0000,154100
20230614,601128,7.0400,7.0600,7.0600,6.8900,6.9100,18834239,130932641.0000,18715
20230614,601133,16.8400,16.7900,16.8400,16.3700,16.5200,10481613,173513340.0000,15460
20230614,601136,14.9900,15.2100,15.5600,14.7200,14.8100,41512782,626480731.0000,40179
20230614,601137,13.6500,13.6500,13.6800,13.5000,13.6200,5531200,75051612.0000,13212
20230614,601138,22.0200,21.7500,23.4500,21.5800,22.7900,203255341,4547021809.0000,208175
20230614,601139,6.7400,6.7400,6.7800,6.6500,6.6500,9819743,65689348.0000,13787
20230614,601155,14.7000,14.8000,14.9200,14.3800,14.4000,17372957,252708975.0000,21406
20230614,601156,13.1800,13.2000,13.2600,13.1500,13.2000,4794254,63324836.0000,4094
20230614,601158,5.2700,5.2700,5.2800,5.2100,5.2200,5945794,31172119.0000,7930
20230614,601162,2.9900,3.0000,3.0400,2.9900,2.9900,80242307,241451515.0000,18904
20230614,601163,15.3500,15.3800,15.6300,15.3000,15.4500,4492716,69515355.0000,9434
20230614,601166,17.0100,17.0700,17.1100,16.8900,16.9000,57660970,980173789.0000,38584
20230614,601168,10.4600,10.5500,10.7500,10.5000,10.5300,30688108,325626344.0000,27406
20230614,601169,4.8400,4.8300,4.8400,4.6900,4.6900,66081980,314004623.0000,37717
20230614,601177,10.6000,10.7700,11.4000,10.6700,10.9000,13491500,148701721.0000,24007
20230614,601179,5.2800,5.2800,5.2900,5.1800,5.1900,33500066,174933719.0000,16006
20230614,601186,10.1300,10.1000,10.2200,9.9600,9.9700,97822952,981939897.0000,56501
20230614,601187,5.2400,5.2500,5.2600,5.1400,5.1400,14238617,73839795.0000,12897
20230614,601188,3.2400,3.2300,3.2400,3.1900,3.2200,8202025,26321189.0000,8738
20230614,601198,8.0800,8.0900,8.1600,8.0400,8.0500,10558772,85535243.0000,10889
20230614,601199,7.3100,7.3000,7.4300,7.2400,7.3500,17999800,132011247.0000,11417
20230614,601200,9.3800,9.4100,9.4200,9.3700,9.3900,4143690,38941660.0000,4912
20230614,601208,11.4100,11.6500,12.5400,11.5000,12.4300,49266693,607994957.0000,53511
20230614,601211,14.9200,14.9400,15.1000,14.8200,14.8400,19460188,291616360.0000,22315
20230614,601212,2.7600,2.7600,2.8000,2.7600,2.7600,16759955,46548467.0000,9452
20230614,601216,4.1300,4.1200,4.1400,4.1100,4.1100,11837241,48760590.0000,7549
20230614,601218,3.7600,3.7900,3.7900,3.7200,3.7300,3990600,14918664.0000,5197
20230614,601222,7.6100,7.6200,7.6500,7.5500,7.5700,8256976,62702008.0000,11268
20230614,601225,17.8000,17.8500,17.9400,17.6800,17.8200,33018627,587923640.0000,33121
20230614,601226,6.5300,6.5300,6.7500,6.5100,6.6600,10337412,68877694.0000,16549
20230614,601228,3.2500,3.2600,3.2700,3.2400,3.2700,17077600,55667460.0000,13151
20230614,601229,6.2300,6.2300,6.2400,6.1600,6.1600,21245257,131539009.0000,14429
20230614,601231,14.3500,14.3200,14.4000,14.2000,14.2600,5476782,78252041.0000,13580
20230614,601233,13.1200,13.2300,13.6300,13.1800,13.3700,23971666,322100980.0000,26214
20230614,601236,7.7400,7.7300,7.8200,7.6700,7.6800,15065763,116721764.0000,15225
20230614,601238,10.4500,10.4800,10.5300,10.4200,10.4700,16864959,176699879.0000,13549
20230614,601258,0.4000,0.4000,0.4000,0.4000,0.4000,0,0.0000,0
20230614,601279,5.4700,5.4300,5.4500,5.2400,5.2900,18767577,99395796.0000,17954
20230614,601288,3.6700,3.6700,3.6900,3.5500,3.5600,549349972,1976711806.0000,122113
20230614,601298,7.1800,7.1800,7.2800,7.1300,7.1500,9382965,67431350.0000,16957
20230614,601311,9.0500,9.0500,9.0800,8.9600,8.9700,5090513,45770448.0000,8873
20230614,601318,48.1500,48.5700,48.9100,47.8700,48.0500,55366411,2677031202.0000,97642
20230614,601319,6.1100,6.1300,6.2100,6.0800,6.1000,38708248,237352397.0000,31647
20230614,601326,3.4500,3.4600,3.4800,3.4200,3.4400,25482400,87782015.0000,16187
20230614,601328,5.9300,5.9300,5.9600,5.8000,5.8100,133965261,783887168.0000,57391
20230614,601330,7.2500,7.2600,7.3100,7.1900,7.2500,4068392,29512104.0000,3947
20230614,601333,4.0900,4.1100,4.2900,4.0400,4.1100,100520361,415876918.0000,71464
20230614,601336,38.8100,38.8000,39.4300,38.2000,38.5400,10704132,413994437.0000,27915
20230614,601339,5.5200,5.5400,5.5700,5.5000,5.5500,4258162,23619041.0000,5077
20230614,601360,15.3800,15.5000,15.7500,14.8800,15.2100,406930677,6211731201.0000,358804
20230614,601366,5.4900,5.4800,5.5800,5.4600,5.5500,1814181,10049786.0000,4063
20230614,601368,5.2700,5.2800,5.2900,5.2500,5.2800,3232388,17036005.0000,2476
20230614,601369,8.5400,8.5800,8.5900,8.4700,8.5100,9018874,76837265.0000,16016
20230614,601375,3.7500,3.7600,3.7800,3.7500,3.7500,11582091,43569288.0000,7157
20230614,601377,6.1300,6.1500,6.2500,6.1400,6.1800,62314949,386173004.0000,25881
20230614,601388,2.8100,2.8100,2.8500,2.7800,2.8400,11393421,32198638.0000,6492
20230614,601390,7.5700,7.5600,7.6800,7.5100,7.5200,142890346,1084370236.0000,68086
20230614,601398,5.0000,4.9900,5.0200,4.8600,4.8700,350457716,1728125975.0000,89413
20230614,601399,3.1500,3.1600,3.1600,3.1300,3.1400,10822957,34016319.0000,6083
20230614,601456,9.1700,9.1700,9.2800,9.1600,9.1700,13139500,120973585.0000,13377
20230614,601500,4.0000,4.0200,4.0200,3.9700,4.0000,5902880,23597036.0000,8917
20230614,601512,9.3200,9.3800,9.4200,9.2300,9.2800,3107900,28994984.0000,5578
20230614,601515,4.4000,4.4000,4.4300,4.3600,4.3700,8763395,38432880.0000,10000
20230614,601518,3.4100,3.4000,3.4100,3.3800,3.4000,7562100,25672194.0000,9802
20230614,601519,7.4900,7.5200,7.6300,7.4300,7.5000,36429645,274393800.0000,36599
20230614,601528,5.1000,5.0900,5.1100,5.0100,5.0100,11154672,56406483.0000,10220
20230614,601555,7.1900,7.2100,7.5200,7.2000,7.3200,80738191,596466332.0000,51618
20230614,601566,11.4000,11.4200,11.6700,11.3000,11.5100,4468126,51353003.0000,10279
20230614,601567,12.2700,12.2400,12.3400,12.1800,12.2900,4181152,51253852.0000,10956
20230614,601568,5.5400,5.5400,5.5500,5.5200,5.5300,3089260,17083658.0000,2921
20230614,601577,8.3200,8.2900,8.4000,8.1900,8.2100,5278594,43650187.0000,12373
20230614,601579,12.7300,12.7100,13.4800,12.6500,13.3500,36987467,489043393.0000,47789
20230614,601588,2.0900,2.0900,2.1400,2.0600,2.1000,43533120,91080317.0000,17133
20230614,601595,34.6800,34.1000,35.0000,32.0300,32.7500,26826342,892200790.0000,64259
20230614,601598,4.7500,4.7500,4.8100,4.7300,4.7300,32497325,155028635.0000,19070
20230614,601599,4.3600,4.2800,4.7900,4.2400,4.5300,104580700,474861605.0000,68626
20230614,601600,5.5300,5.5800,5.7200,5.5600,5.6500,105779009,598125430.0000,62380
20230614,601601,29.7500,29.9900,30.3800,29.4100,29.6200,24413987,728252747.0000,43079
20230614,601606,13.1700,13.1700,13.1800,13.0000,13.0000,9305028,121595325.0000,10224
20230614,601607,21.8800,21.8800,22.4700,21.8500,22.2700,12849293,285694219.0000,28894
20230614,601608,3.9500,3.9600,3.9700,3.9000,3.9300,13232280,51942075.0000,10766
20230614,601609,6.3500,6.4000,6.4000,6.3600,6.3800,3359500,21414440.0000,5140
20230614,601611,8.3500,8.3500,8.4300,8.2800,8.2900,8411827,70174788.0000,10707
20230614,601615,16.6200,16.7000,16.7400,16.3800,16.4000,12757223,210356929.0000,23394
20230614,601616,3.4500,3.4800,3.4800,3.3900,3.4200,12648227,43244932.0000,12253
20230614,601618,3.9800,3.9900,4.0200,3.9300,3.9500,64428311,255059972.0000,47207
20230614,601619,4.2200,4.2000,4.2400,4.1700,4.2000,13992803,58621952.0000,17770
20230614,601628,37.9400,37.9400,38.9700,37.7500,38.0000,10863049,414898544.0000,29883
20230614,601633,24.0600,24.2000,24.4400,24.0000,24.1300,17828844,432335838.0000,30809
20230614,601636,9.4300,9.4100,9.6000,9.3900,9.4300,32151734,304340156.0000,35365
20230614,601658,5.4800,5.4800,5.4900,5.2300,5.2500,164970052,877941493.0000,79065
20230614,601665,4.0500,4.0500,4.0700,4.0100,4.0100,16134640,65152353.0000,13643
20230614,601666,7.5500,7.5600,7.6100,7.4800,7.4900,20937800,157464264.0000,14387
20230614,601668,6.0000,6.0000,6.0800,5.9300,5.9500,157938183,946223075.0000,58429
20230614,601669,5.7200,5.7300,5.7300,5.6400,5.6500,103146091,584753995.0000,44684
20230614,601677,13.5000,13.5100,13.6400,13.3900,13.5200,13485634,181838868.0000,20853
20230614,601678,4.5100,4.5200,4.5700,4.5000,4.5400,6925483,31438260.0000,4921
20230614,601686,6.5500,6.5300,6.6100,6.4800,6.5700,2508000,16426154.0000,7608
20230614,601688,13.6800,13.7700,14.1000,13.7600,13.7900,70812203,986026778.0000,55304
20230614,601689,68.4800,68.4900,69.5000,67.0000,67.7200,10668206,725572447.0000,35248
20230614,601696,10.5300,10.5500,10.6400,10.4800,10.4800,19854872,209473245.0000,13435
20230614,601698,17.9500,17.9000,18.2600,17.7600,17.9600,36449019,655548603.0000,42156
20230614,601699,16.5300,16.5000,16.9300,16.4800,16.6900,25821056,432249308.0000,34412
20230614,601700,5.1900,5.1900,5.2200,5.1300,5.1600,5676966,29355693.0000,6297
20230614,601702,13.3700,13.3900,13.7300,13.2300,13.5300,12647313,170923493.0000,24241
20230614,601717,11.9100,11.9400,11.9700,11.8000,11.8800,6595628,78361766.0000,15200
20230614,601718,3.0000,3.0100,3.0200,2.9900,3.0000,26803728,80584487.0000,11676
20230614,601727,4.5400,4.5600,4.5600,4.4700,4.5000,28286986,127316484.0000,11921
20230614,601728,6.1800,6.1700,6.1800,6.0200,6.0500,209787364,1278257817.0000,115617
20230614,601766,6.4300,6.4200,6.4800,6.4000,6.4100,44934653,288962684.0000,33873
20230614,601777,3.5100,3.5200,3.5700,3.4800,3.5200,10827337,38177564.0000,12046
20230614,601778,5.0400,5.0400,5.0500,4.9500,5.0000,34092301,170261208.0000,19566
20230614,601788,16.0900,16.1100,16.8200,16.1000,16.4400,91621837,1510591859.0000,74603
20230614,601789,4.9700,4.9700,4.9900,4.9100,4.9500,35001543,173324226.0000,10870
20230614,601798,6.8800,6.8800,7.1100,6.8400,7.0500,5822700,40946120.0000,9250
20230614,601799,116.2300,116.8100,118.0600,115.2000,118.0000,1205742,141165284.0000,5943
20230614,601800,10.5800,10.5700,10.7300,10.4200,10.4300,33039697,347988411.0000,31650
20230614,601801,10.7200,10.6300,11.6500,10.6100,11.0000,59764590,661081606.0000,73596
20230614,601808,13.8000,13.8800,13.9800,13.8200,13.8900,2898998,40250037.0000,5772
20230614,601811,16.4300,16.3100,17.1500,16.2800,16.4500,11854400,197105788.0000,15209
20230614,601816,5.5900,5.6000,5.6400,5.4700,5.5400,91466097,507057543.0000,39739
20230614,601818,3.1500,3.1500,3.1600,3.1000,3.1100,154880483,484496578.0000,45841
20230614,601825,5.8600,5.8500,5.8700,5.8200,5.8300,10078200,58916213.0000,8204
20230614,601827,7.0900,7.1000,7.1500,7.0300,7.0800,5457475,38661337.0000,9461
20230614,601828,4.8700,4.8500,4.8800,4.8300,4.8400,8091430,39289312.0000,9430
20230614,601838,12.8300,12.8700,12.8800,12.6100,12.6500,11471151,146047694.0000,15646
20230614,601857,7.6100,7.6800,7.7700,7.5700,7.6000,136019260,1041567716.0000,70240
20230614,601858,42.0200,42.0200,43.9600,41.5100,43.1400,29498343,1263524346.0000,67909
20230614,601860,2.6300,2.6400,2.6400,2.6200,2.6200,19541453,51337799.0000,6212
20230614,601865,32.6200,32.5500,32.9700,32.2700,32.7500,4507880,147523513.0000,13891
20230614,601866,2.5000,2.5000,2.5100,2.4900,2.4900,23578551,58895270.0000,7598
20230614,601868,2.3700,2.3700,2.3900,2.3500,2.3600,146719247,346939869.0000,26840
20230614,601869,35.2100,35.3500,36.0500,34.7900,35.7800,3801519,135077942.0000,12123
20230614,601872,6.0600,6.1400,6.2800,6.0700,6.2500,74242110,460566208.0000,44436
20230614,601877,26.6900,26.8000,26.8000,26.4100,26.4600,6927926,183735293.0000,14741
20230614,601878,9.9800,9.9900,10.1100,9.9900,9.9900,14077480,141316387.0000,11651
20230614,601880,1.5800,1.5800,1.5800,1.5700,1.5800,25106109,39570752.0000,6875
20230614,601881,11.3500,11.3400,11.6300,11.3200,11.3800,72004946,824415925.0000,56923
20230614,601882,32.4000,32.2400,33.5900,31.5400,33.1000,5655927,184789218.0000,15020
20230614,601886,8.6700,8.6800,8.9800,8.5700,8.8800,9792597,86677870.0000,17099
20230614,601888,120.8000,121.4700,124.3100,120.3300,121.1300,25145167,3076538873.0000,96235
20230614,601890,10.2700,10.2700,10.4200,10.2000,10.3100,19429756,200767402.0000,14561
20230614,601898,8.3700,8.4100,8.4600,8.2800,8.3100,12634883,105486773.0000,19206
20230614,601899,11.6000,11.7000,12.0000,11.7000,11.8800,196690302,2340740619.0000,108079
20230614,601900,26.2900,26.0000,27.3500,25.5100,25.7300,51036595,1339719493.0000,80714
20230614,601901,6.6700,6.6700,6.7200,6.6500,6.6700,12858380,85961102.0000,9290
20230614,601908,5.7500,5.7200,5.7700,5.6800,5.6800,13923147,79467167.0000,13129
20230614,601916,2.7400,2.7400,2.7500,2.7200,2.7400,224460651,613529482.0000,50549
20230614,601918,4.0800,4.0900,4.1000,4.0600,4.0700,12776200,52103086.0000,11053
20230614,601919,10.5700,10.6000,10.7300,10.5700,10.5900,45265345,481983894.0000,29089
20230614,601921,10.6200,10.5500,10.9200,10.2000,10.3600,27430472,287328854.0000,46694
20230614,601928,13.4500,13.3800,13.6700,13.0600,13.2200,18843280,250839427.0000,35525
20230614,601929,2.0800,2.0900,2.1200,2.0600,2.0700,50765245,105959470.0000,30243
20230614,601933,3.2200,3.2200,3.2800,3.2000,3.2600,32650106,106303035.0000,15844
20230614,601939,6.5100,6.5100,6.5600,6.3300,6.3400,151896611,974878866.0000,71896
20230614,601949,13.9900,13.8300,14.2900,13.6000,13.8200,77124556,1070544279.0000,85984
20230614,601952,11.8800,11.9300,11.9400,11.7900,11.7900,3443351,40822081.0000,4376
20230614,601956,5.5800,5.5900,5.6200,5.5300,5.5500,5294100,29374557.0000,8133
20230614,601958,11.1700,11.2600,11.5200,11.2200,11.4600,32439531,370603602.0000,32042
20230614,601963,8.4400,8.4100,8.4900,8.3700,8.4000,4460082,37547837.0000,7425
20230614,601965,21.0000,21.0000,21.5700,20.8000,21.3100,10611450,226165825.0000,19904
20230614,601966,22.7400,22.9100,22.9900,22.5100,22.5800,10448433,236943114.0000,25181
20230614,601968,6.9300,6.9400,7.1400,6.9000,7.0600,6552500,46136570.0000,8752
20230614,601969,6.5900,6.6700,6.6700,6.5800,6.5900,5995200,39653103.0000,9580
20230614,601975,3.1300,3.1300,3.1800,3.1300,3.1500,74867810,236202899.0000,40922
20230614,601985,6.8700,6.8500,6.9000,6.7300,6.7400,45603797,310320882.0000,36558
20230614,601988,4.0600,4.0600,4.1000,3.9900,4.0000,285583339,1152052776.0000,63509
20230614,601989,4.4900,4.4700,4.5600,4.4600,4.4800,121835080,549879651.0000,44055
20230614,601990,8.2400,8.2700,8.3200,8.2200,8.2300,10514540,86917767.0000,7842
20230614,601991,3.4300,3.4400,3.4400,3.2900,3.3100,124403648,414382761.0000,44177
20230614,601992,2.2500,2.2500,2.2700,2.2400,2.2500,18551509,41824784.0000,10656
20230614,601995,39.2500,39.3100,39.6700,39.1000,39.1100,10488222,412833572.0000,19229
20230614,601996,2.4600,2.4700,2.4700,2.4400,2.4500,2468000,6057619.0000,2268
20230614,601997,5.3700,5.3900,5.3900,5.3100,5.3200,20733560,110903254.0000,16254
20230614,601998,6.2500,6.2500,6.2800,6.0400,6.1400,101844229,626518411.0000,50754
20230614,601999,7.7000,7.7500,7.8800,7.6400,7.6700,16597469,128818774.0000,27522
20230614,603000,28.8100,28.7100,31.6900,28.5000,31.6900,68302287,2116721745.0000,86847
20230614,603001,5.7800,5.7600,5.8300,5.7400,5.7800,1178700,6817581.0000,539
20230614,603002,5.1500,5.1700,5.1800,5.1300,5.1600,2971800,15322262.0000,2892
20230614,603003,10.2100,10.1700,10.6700,10.0900,10.3200,20610500,212828963.0000,23928
20230614,603005,21.1900,21.1900,21.3200,20.8900,21.2000,16735704,353353629.0000,28557
20230614,603006,12.7900,14.0700,14.0700,13.8700,14.0700,6123814,86144113.0000,6332
20230614,603007,4.2500,4.2900,4.3400,4.2000,4.2700,4072459,17358860.0000,1364
20230614,603008,25.4000,25.3500,26.1800,25.2400,25.6100,11117288,286383175.0000,19284
20230614,603009,7.3400,7.5500,8.0700,7.3600,7.5500,71189063,548776599.0000,54224
20230614,603010,10.7300,10.7100,10.7600,10.6400,10.7200,1190600,12729025.0000,3294
20230614,603011,7.3700,7.3000,7.4200,7.0000,7.2100,48039895,343958092.0000,42296
20230614,603012,5.9200,5.9300,5.9300,5.8600,5.8800,5594464,32933450.0000,9729
20230614,603013,14.7700,14.8100,15.0900,14.5800,14.9300,5689169,84610092.0000,13061
20230614,603015,8.5200,8.5100,8.5400,8.3200,8.4300,4235848,35599502.0000,8408
20230614,603016,22.7700,23.0400,23.0400,22.2300,22.2600,998200,22354424.0000,2402
20230614,603017,10.7900,10.8200,11.1900,10.8000,10.9500,5042500,55100311.0000,10675
20230614,603018,9.0400,9.0900,9.4400,9.0300,9.1000,15890277,145782717.0000,26865
20230614,603019,53.7800,53.4000,56.6700,51.7100,55.4100,147050413,7948361360.0000,252325
20230614,603020,9.1900,9.1500,9.3800,9.1300,9.3100,1909500,17632602.0000,3876
20230614,603021,5.1800,5.2300,5.5400,5.1200,5.3300,6661684,35528883.0000,9998
20230614,603022,9.2100,9.2500,9.2700,9.1200,9.2600,688500,6340784.0000,2836
20230614,603023,3.9600,3.9600,4.0700,3.8700,4.0200,10224538,40782201.0000,11733
20230614,603025,14.3400,14.4000,15.1000,14.3000,14.9000,6458543,95116862.0000,12301
20230614,603026,61.7600,61.5500,62.0000,59.7800,59.8000,2058517,124369917.0000,9734
20230614,603027,21.1000,21.0800,21.6500,21.0300,21.4700,9793588,210197870.0000,21501
20230614,603028,11.0400,11.0000,11.3400,11.0000,11.2000,2968080,33215384.0000,6653
20230614,603029,20.7400,20.7000,21.1900,20.3500,20.8600,7111960,147605744.0000,14206
20230614,603030,2.1900,2.3000,2.3000,2.2600,2.3000,15660092,35968364.0000,1819
20230614,603031,46.8700,47.0000,47.9300,47.0000,47.4100,397600,18878651.0000,1362
20230614,603032,34.8100,34.6800,34.9600,33.4200,33.5900,4130976,140035971.0000,15927
20230614,603033,20.7500,20.7100,20.8400,20.5600,20.7900,2139741,44272513.0000,5496
20230614,603035,19.8400,19.7800,19.8300,19.4400,19.5100,5721423,112096015.0000,13254
20230614,603036,10.2100,10.2100,10.3400,10.1100,10.1600,2527650,25741054.0000,5671
20230614,603037,17.7700,17.8300,18.0500,17.6600,17.8900,1310790,23451807.0000,3881
20230614,603038,9.3000,9.3300,9.3300,9.1000,9.1500,9506316,87270243.0000,7470
20230614,603039,75.6300,78.9500,80.7700,76.0200,78.6200,6218515,486619827.0000,23942
20230614,603040,24.4600,24.6600,24.6600,24.0900,24.3100,1569588,38253584.0000,6481
20230614,603041,11.8400,11.8400,11.8400,11.6500,11.6600,1419100,16610620.0000,4073
20230614,603042,13.4900,13.5000,13.8000,13.3000,13.6500,7960139,108037332.0000,15923
20230614,603043,28.8100,28.8500,30.1300,28.7500,29.7700,3409366,100991007.0000,10112
20230614,603045,15.3900,15.3800,15.3800,14.9700,15.0800,1972300,29749281.0000,4838
20230614,603048,15.8600,15.8800,15.9700,15.6500,15.7500,1212500,19107960.0000,4405
20230614,603050,15.3600,14.7700,15.1800,14.3900,14.7300,12417161,182381327.0000,23906
20230614,603051,43.0200,42.9400,43.6500,42.2100,42.8000,3369561,144118791.0000,11928
20230614,603052,29.8700,29.7500,29.8600,29.2800,29.5500,644180,19001252.0000,2459
20230614,603053,9.6300,9.6600,9.6800,9.5800,9.6400,2470587,23823659.0000,5862
20230614,603055,9.8800,9.8800,10.0000,9.7500,9.7800,2302033,22621235.0000,5146
20230614,603056,14.8400,14.9700,15.9500,14.7600,15.6300,10210311,157570541.0000,18301
20230614,603057,24.0500,24.0100,24.9400,23.9100,24.6500,1234049,30323647.0000,3843
20230614,603058,10.0900,10.0900,10.1900,9.8400,9.9100,3861134,38430305.0000,8055
20230614,603059,22.3200,22.2100,22.7800,21.9100,22.6500,858925,19281869.0000,3459
20230614,603060,11.4000,11.4500,11.6000,11.3300,11.5100,1200384,13787647.0000,4035
20230614,603061,134.3900,131.9800,131.9800,128.5100,128.6000,2093600,271461169.0000,10855
20230614,603063,27.0500,27.0500,27.0500,26.4800,26.6400,4581436,122183075.0000,14597
20230614,603065,14.8800,14.8200,14.8700,14.6100,14.7300,1483646,21841437.0000,2475
20230614,603066,11.6300,11.5800,11.8900,11.5400,11.7400,9171300,107614804.0000,9608
20230614,603067,11.7500,11.7500,11.8000,11.5600,11.6200,2699830,31444433.0000,5506
20230614,603068,30.3400,30.3200,30.3200,29.9200,30.1800,1853695,55806005.0000,6095
20230614,603069,21.2800,21.1900,21.6900,20.9000,21.3500,5817972,124162729.0000,11170
20230614,603070,18.8500,18.9000,18.9400,18.2400,18.3900,4952118,91269064.0000,6441
20230614,603071,16.5000,16.5000,16.5000,16.2500,16.2600,1840713,30053790.0000,5201
20230614,603073,20.0000,20.0000,20.2800,19.6000,19.7000,3366230,66904515.0000,5760
20230614,603076,43.1500,43.1700,43.8900,42.6100,43.3700,1451380,62782266.0000,3547
20230614,603077,2.3900,2.4000,2.4000,2.3700,2.3700,35104311,83588483.0000,12400
20230614,603078,16.5100,16.5100,16.5100,16.3300,16.4100,3437767,56423110.0000,5693
20230614,603079,12.4400,12.4100,13.6800,12.3300,13.6800,6391248,84789581.0000,9655
20230614,603080,13.4100,13.5200,13.5800,13.3700,13.4500,1038500,13945996.0000,2817
20230614,603081,16.7400,16.7400,17.1100,16.7400,17.0100,4129300,70084885.0000,6717
20230614,603083,69.0500,69.7400,74.0000,69.7400,71.2000,74181854,5324116893.0000,196652
20230614,603085,9.6400,9.8300,10.0500,9.5500,9.6600,2823569,27435860.0000,8669
20230614,603086,6.8600,6.8700,6.8900,6.7300,6.7300,4776883,32413192.0000,6767
20230614,603087,36.7700,36.6800,37.2800,36.6300,37.0700,3124193,115662670.0000,7594
20230614,603088,7.9000,7.9000,7.9000,7.7200,7.8500,3768205,29359465.0000,7771
20230614,603089,8.6200,8.6900,8.7100,8.5000,8.5900,1213549,10422720.0000,3681
20230614,603090,20.1900,20.1900,20.2300,19.7100,19.8300,1031600,20467664.0000,4075
20230614,603093,10.7100,10.7000,10.9200,10.7000,10.8600,2441200,26463168.0000,5971
20230614,603095,15.3000,15.3000,15.3000,15.0500,15.0900,758060,11487864.0000,2029
20230614,603096,22.4900,22.4800,23.0000,22.0300,22.1500,4021680,90439151.0000,13723
20230614,603097,23.4600,23.3400,23.3700,22.6200,23.2600,10604099,243838352.0000,18642
20230614,603098,19.6500,19.6400,19.7600,19.4500,19.4900,792529,15487756.0000,3296
20230614,603099,12.3800,12.2300,12.4700,11.8700,12.2400,7229862,88411346.0000,18762
20230614,603100,34.1800,34.0200,35.7900,33.7000,35.3800,4782671,166179564.0000,16687
20230614,603101,6.8300,6.7500,7.2800,6.6600,7.1000,19600436,136626152.0000,23494
20230614,603102,43.6000,43.4000,44.5000,43.4000,44.2000,592392,25953226.0000,2849
20230614,603103,17.9200,17.6800,18.2800,17.6800,17.8700,3901858,69933709.0000,13526
20230614,603105,16.1700,16.4900,16.4900,15.8700,16.1900,18019607,290665603.0000,34300
20230614,603106,5.8300,5.8400,5.8400,5.7500,5.7800,5294778,30659165.0000,10659
20230614,603108,14.4600,14.4700,14.8500,14.0300,14.1500,46552671,666897805.0000,65736
20230614,603109,18.7700,18.2000,18.3800,17.8500,17.9500,9588225,173379426.0000,16349
20230614,603110,26.2100,26.1200,26.2700,25.6100,25.6300,3494009,90040241.0000,10448
20230614,603111,4.8300,4.8100,4.8100,4.7400,4.7600,4638700,22099738.0000,6524
20230614,603112,11.0400,11.0000,11.0400,10.8600,10.8900,1339400,14622049.0000,4123
20230614,603113,8.1400,8.1500,8.1800,8.0900,8.1200,3131717,25458850.0000,5529
20230614,603115,15.1400,15.5300,15.5900,14.7500,14.8200,2085964,31211899.0000,4420
20230614,603116,6.1400,6.1400,6.1500,6.0500,6.1100,5377560,32800816.0000,10998
20230614,603117,3.7300,3.7200,3.8300,3.7100,3.8100,1812240,6894906.0000,666
20230614,603118,10.3500,10.2500,10.7300,10.0800,10.4500,60163682,623260776.0000,87891
20230614,603121,8.3400,8.3500,8.6800,8.1900,8.4300,12210998,103263764.0000,15209
20230614,603122,8.2900,8.3000,8.3000,8.1900,8.2000,3335800,27431352.0000,5005
20230614,603123,10.2200,10.2300,10.3800,10.1600,10.2600,10684365,109851195.0000,11972
20230614,603125,29.8500,29.8000,29.8600,29.2000,29.3300,2253530,66203198.0000,5417
20230614,603126,7.7400,7.7200,7.7800,7.6800,7.7000,5782300,44652496.0000,7778
20230614,603127,44.6100,44.8900,45.0800,43.9600,43.9600,3478662,154743439.0000,12337
20230614,603128,9.4300,9.4400,9.5600,9.4100,9.4900,6084394,57737717.0000,6773
20230614,603129,158.2400,158.2400,159.1500,155.0000,157.7300,650522,102084673.0000,4123
20230614,603130,22.9000,22.8000,22.8600,22.3100,22.5800,1181735,26732035.0000,2649
20230614,603131,11.6500,11.6600,11.6600,11.5000,11.5500,2001440,23104792.0000,4041
20230614,603132,11.6200,11.6200,11.6400,11.5300,11.6100,693094,8025215.0000,1571
20230614,603133,7.2200,7.2100,7.5800,7.1700,7.5700,3238200,23958133.0000,2449
20230614,603135,18.5800,18.5400,18.7700,18.3100,18.7500,4869438,90524978.0000,8105
20230614,603136,28.5000,28.4200,28.8600,28.2300,28.6600,1192262,34102687.0000,5399
20230614,603137,19.8000,19.7700,19.9200,19.5000,19.6300,1582852,31094807.0000,3967
20230614,603138,21.8000,21.8000,22.2800,21.6100,21.7500,9366730,205058637.0000,17476
20230614,603139,16.3100,16.3700,16.4300,16.2000,16.2200,594200,9690791.0000,2212
20230614,603150,26.2800,26.2700,26.2700,25.8500,26.0300,496500,12912342.0000,2588
20230614,603151,16.5000,16.4200,16.5800,16.3700,16.4800,1170054,19276863.0000,4047
20230614,603153,18.5900,18.5900,18.7300,18.4200,18.4200,3801285,70400244.0000,5653
20230614,603155,28.3900,28.6200,30.3900,27.1000,27.4600,3506994,98833191.0000,6778
20230614,603156,24.1700,24.1700,24.6400,24.0200,24.6000,2117847,51852645.0000,7326
20230614,603158,7.2400,7.3000,7.3200,7.1600,7.2000,6774840,48868646.0000,15430
20230614,603159,15.9100,17.0000,17.5000,16.7000,17.5000,4847360,83546900.0000,4699
20230614,603160,51.9100,51.8300,51.8300,50.7400,51.0600,5592732,285864626.0000,19662
20230614,603161,14.8300,14.8300,14.9900,14.7600,14.8700,1519400,22562051.0000,4773
20230614,603162,17.2300,17.1800,17.3300,17.1700,17.2000,761892,13144138.0000,1280
20230614,603163,61.1500,61.7500,61.7900,59.2300,61.0200,872726,52880219.0000,3604
20230614,603165,15.2200,15.1500,16.0000,14.7200,15.5700,9113711,139636121.0000,16138
20230614,603166,6.4500,6.4900,6.5500,6.4000,6.4800,4067400,26338666.0000,8810
20230614,603167,7.1100,7.1200,7.1300,7.0600,7.0900,1563753,11089806.0000,4177
20230614,603168,8.0800,8.1000,8.1900,8.0000,8.1300,4390430,35620445.0000,6011
20230614,603169,6.5500,6.5600,6.5700,6.4600,6.4600,12135040,78966517.0000,8862
20230614,603170,21.5200,21.5000,22.2900,21.3900,22.0500,1657717,36389951.0000,5126
20230614,603171,42.3300,42.0000,44.4900,42.0000,42.9700,1807385,77991197.0000,7699
20230614,603172,17.2400,17.2400,17.2500,16.9100,17.0700,2264564,38678008.0000,4859
20230614,603173,29.0400,28.9900,29.2500,28.2100,28.2400,880200,25036400.0000,3602
20230614,603176,6.4300,6.4200,6.4200,6.3700,6.3700,1288672,8227864.0000,1473
20230614,603177,11.7300,11.7600,11.7600,11.5000,11.6200,1466900,16992200.0000,4128
20230614,603178,9.9700,10.0800,10.1200,9.8800,9.9500,1885300,18799473.0000,5339
20230614,603179,42.8000,43.4800,43.4800,41.9100,42.4600,3605272,153210398.0000,14479
20230614,603180,33.1300,33.1000,34.6000,32.9400,33.7900,3062573,103879253.0000,8447
20230614,603181,10.0400,10.0300,10.1800,9.9600,10.1000,2133093,21502293.0000,5021
20230614,603182,15.3700,15.4100,15.7400,15.3100,15.5800,1409787,21975455.0000,3446
20230614,603183,4.7900,4.7900,4.8200,4.7500,4.8200,6021370,28821507.0000,9952
20230614,603185,71.7400,71.9600,71.9600,70.1000,70.2100,3581375,253176089.0000,15352
20230614,603186,35.3400,35.0300,35.6000,34.6000,35.2000,3143700,110258979.0000,10260
20230614,603187,18.1300,18.2000,18.8700,17.9600,18.5800,4619817,85424862.0000,10947
20230614,603188,3.5600,3.5500,3.5600,3.4800,3.5000,4512300,15852475.0000,4848
20230614,603189,16.3100,16.2800,16.3900,16.0500,16.1900,3054600,49441793.0000,9518
20230614,603190,31.2400,31.4900,31.5800,30.7700,31.4200,5802803,181012530.0000,14143
20230614,603191,18.3500,18.3500,18.3500,17.8600,17.9200,4322458,77777835.0000,10614
20230614,603192,19.1700,19.1600,19.2800,19.0100,19.2400,334980,6420510.0000,1247
20230614,603195,102.9200,102.9000,104.1700,102.0700,103.2000,740821,76397323.0000,4889
20230614,603196,21.7200,21.3000,21.3500,20.0200,20.3400,14592179,298959126.0000,26070
20230614,603197,51.3000,51.5900,52.2000,50.9000,50.9700,3284400,168954064.0000,13711
20230614,603198,59.5300,59.5400,62.5100,59.0300,61.3100,6266436,385405261.0000,23414
20230614,603199,36.8000,36.7400,37.0500,35.9000,36.4700,4833542,176382005.0000,22112
20230614,603200,19.3600,19.3300,19.3600,19.0100,19.1600,1920757,36818301.0000,3809
20230614,603201,21.8800,21.8500,21.8500,21.5200,21.7000,366540,7949414.0000,1417
20230614,603203,28.7500,28.7500,29.1200,28.4200,29.0900,556938,16043369.0000,2376
20230614,603206,17.4100,17.4100,17.4900,17.3000,17.4400,2073623,36122760.0000,5355
20230614,603208,52.7400,52.5000,55.1400,52.5000,54.1200,1591490,85755781.0000,6948
20230614,603209,19.3300,19.2400,19.5100,19.1900,19.2500,1428093,27572493.0000,5245
20230614,603211,16.5200,16.1800,16.5800,16.0100,16.1400,13432143,218000313.0000,17798
20230614,603212,18.7300,18.7500,18.7900,18.4800,18.5700,4503053,83810405.0000,11576
20230614,603213,12.3400,12.3100,12.4000,12.2700,12.3500,942054,11630120.0000,1581
20230614,603214,16.7200,16.7500,16.9900,16.6600,16.8800,1358571,22906317.0000,4173
20230614,603215,17.4500,17.3900,17.4900,17.2300,17.2700,1188400,20597199.0000,3499
20230614,603216,13.7100,13.7000,13.7900,13.6200,13.6900,576824,7908722.0000,1422
20230614,603217,25.3200,25.3100,25.5100,25.1700,25.2700,386400,9775257.0000,1506
20230614,603218,19.0500,19.1300,19.2800,18.9100,19.1000,6709445,128281735.0000,15921
20230614,603219,13.2400,13.2600,13.3500,12.9500,13.0900,3049177,39881503.0000,3524
20230614,603220,14.4500,14.4600,14.5200,14.2200,14.4400,3417702,49137303.0000,6388
20230614,603221,7.8000,7.8100,7.8500,7.7100,7.7800,428300,3333473.0000,1278
20230614,603222,11.0700,11.1300,11.2400,11.0000,11.1500,3600713,40140880.0000,8135
20230614,603223,20.6100,20.7000,20.8600,20.5900,20.6900,813588,16838903.0000,1581
20230614,603225,11.1900,11.1200,11.8600,11.1200,11.4000,16240698,187301301.0000,29595
20230614,603226,5.1000,5.0800,5.1400,5.0300,5.1200,1237536,6311993.0000,2932
20230614,603227,8.2200,8.2000,8.3900,8.1500,8.3600,10638207,88220718.0000,12234
20230614,603228,26.3000,26.7400,26.7400,25.8100,26.3400,28398821,746429804.0000,42990
20230614,603229,21.0300,21.1200,21.3500,20.9300,21.1700,2504381,52963204.0000,6087
20230614,603230,14.3000,14.2500,14.5600,14.0900,14.1200,10666800,152661426.0000,18435
20230614,603232,17.1000,17.0700,17.2200,16.9900,17.0500,3361445,57435641.0000,8107
20230614,603233,27.6700,27.8100,30.0000,27.8100,29.4200,15221801,446083757.0000,41770
20230614,603235,27.7500,27.7500,27.9800,27.6600,27.8500,363606,10114595.0000,902
20230614,603236,87.7800,87.8000,88.6000,85.5000,87.9900,5276140,460301723.0000,18772
20230614,603237,49.5500,49.9000,52.0600,49.7500,51.5900,2543294,130440684.0000,8357
20230614,603238,12.0500,12.0800,12.0800,11.8600,12.0000,858840,10286498.0000,3962
20230614,603239,15.9400,16.0600,16.0800,15.8000,15.9700,1496500,23866364.0000,6156
20230614,603255,44.3000,44.5800,44.7000,43.8000,44.2000,710400,31414918.0000,3251
20230614,603256,8.0600,8.1200,8.3000,7.9900,8.0700,7751149,62792988.0000,7450
20230614,603258,50.4800,51.3500,54.2000,50.6000,52.7000,14227003,744142325.0000,38381
20230614,603259,67.9200,68.2400,68.5700,67.3500,67.6600,16275559,1105800216.0000,44981
20230614,603260,68.4500,68.4100,68.8100,67.5000,67.5000,2103815,143119453.0000,8938
20230614,603261,32.8800,33.0000,33.0000,32.3800,32.5900,311000,10144419.0000,1306
20230614,603266,13.5100,13.4900,13.7700,13.3100,13.5800,3054500,41339949.0000,8000
20230614,603267,54.4200,54.5300,54.5300,53.5100,53.6000,2315706,124677524.0000,11665
20230614,603268,24.3300,26.0000,26.6800,23.5000,24.5000,12606680,314740809.0000,16452
20230614,603269,11.9000,11.8900,13.0900,11.8100,12.3400,19665915,246189253.0000,28476
20230614,603272,17.0000,16.9900,17.0500,16.7000,16.7100,828400,13955111.0000,1584
20230614,603277,20.4400,20.4400,20.4800,20.0800,20.4600,560400,11390083.0000,2135
20230614,603278,11.0100,10.7500,10.8900,10.6700,10.8400,10459379,112855230.0000,16507
20230614,603279,27.8000,27.9300,28.7900,27.5100,28.4200,2647296,74907926.0000,8067
20230614,603280,24.0400,24.2000,24.2000,23.7000,23.8500,1030063,24567188.0000,3238
20230614,603281,31.8200,31.8300,31.8300,31.1200,31.1700,1338079,41935676.0000,3305
20230614,603282,34.3200,34.3000,34.4200,33.1500,33.1800,2022546,67866421.0000,5044
20230614,603283,41.2400,41.2400,41.2400,39.9700,40.4400,3165592,127879012.0000,14341
20230614,603286,17.9200,17.9200,18.3500,17.5000,18.0500,10071500,180538192.0000,18963
20230614,603288,50.0100,50.2700,50.7600,49.9300,50.2500,10150903,511368029.0000,36446
20230614,603289,10.1400,10.0100,10.1300,9.9700,10.0100,1584330,15855316.0000,5529
20230614,603290,215.0000,215.9800,216.4000,212.2600,212.2800,1434723,306096277.0000,9344
20230614,603291,14.3100,14.3700,14.3800,14.0900,14.0900,6217252,87950943.0000,9914
20230614,603297,87.2000,85.5500,86.7900,83.0000,83.5500,1067857,90210407.0000,6017
20230614,603298,20.5900,20.6500,20.9100,20.3800,20.7900,3076422,63723447.0000,10327
20230614,603299,10.0500,10.0500,10.5700,9.9800,10.4400,30473895,315511950.0000,29906
20230614,603300,5.5200,5.5100,5.5800,5.5000,5.5500,5514371,30547518.0000,7869
20230614,603301,31.5300,31.6500,31.8500,31.3500,31.7400,748426,23692738.0000,3359
20230614,603303,13.4200,13.4800,13.4800,13.2400,13.3000,990432,13222063.0000,3743
20230614,603305,26.8100,27.0000,27.4000,26.4500,26.6500,5949147,159107935.0000,19133
20230614,603306,28.7900,28.9400,28.9400,28.4200,28.7600,2259437,64844826.0000,7732
20230614,603307,49.2900,49.3900,49.5000,48.7000,49.0000,484200,23741667.0000,1991
20230614,603308,16.2500,16.1700,16.3500,15.8200,16.2100,5408222,87159361.0000,13318
20230614,603309,17.0100,17.0100,17.3000,16.9800,17.3000,1885200,32388128.0000,6518
20230614,603311,12.3800,12.3800,12.5800,12.2400,12.4000,3207700,39774084.0000,6493
20230614,603313,9.4300,9.4600,9.4700,9.3200,9.3500,2252580,21148616.0000,5565
20230614,603315,12.0000,12.0000,12.2200,11.8600,12.0500,3251786,39143445.0000,6956
20230614,603316,5.9600,5.9800,6.0300,5.8900,5.9800,2415590,14436228.0000,4661
20230614,603317,15.1600,15.1700,15.5600,15.1700,15.4900,4609696,71239785.0000,13616
20230614,603318,8.3800,8.3800,8.4600,8.2600,8.3100,6088928,50763667.0000,4640
20230614,603319,15.5200,15.4900,15.5800,15.3400,15.3900,3083472,47556960.0000,9538
20230614,603320,13.5500,13.5400,13.7200,13.3300,13.6300,1687181,22836060.0000,4873
20230614,603321,7.2900,7.3000,7.4900,7.2900,7.3900,2943800,21782664.0000,6475
20230614,603322,35.8000,38.7500,39.3800,37.8000,39.3800,11783884,460466251.0000,8718
20230614,603323,4.5400,4.5500,4.5600,4.4800,4.4800,16013665,72312871.0000,16046
20230614,603324,37.8600,37.8600,37.8600,36.7800,37.2400,958121,35605349.0000,2923
20230614,603326,7.5600,7.6100,7.8400,7.5000,7.7300,1198000,9170860.0000,3287
20230614,603327,10.8800,10.8600,10.8600,10.4700,10.4700,5187240,54923644.0000,9575
20230614,603328,8.3000,8.3100,8.3200,8.0200,8.1700,23651740,192565460.0000,29364
20230614,603329,14.4100,14.3700,14.5800,14.1300,14.2000,2030583,28967377.0000,3700
20230614,603330,10.2900,10.3000,10.3200,10.1500,10.2000,1873036,19117119.0000,5210
20230614,603331,14.1300,14.2100,14.2100,13.9600,14.0700,1455500,20441256.0000,5518
20230614,603332,10.7100,10.6300,10.7200,10.5600,10.5800,973820,10330150.0000,2359
20230614,603333,4.9000,5.1100,5.3900,5.0600,5.3900,18159101,95231263.0000,5334
20230614,603335,7.7700,8.5400,8.5500,7.7900,7.8900,99607554,833017100.0000,74720
20230614,603336,6.9900,6.9900,7.0900,6.8700,6.9000,12534767,87138536.0000,14521
20230614,603337,18.0500,18.1300,18.3800,17.9500,18.1400,1053700,19189775.0000,4673
20230614,603338,52.0000,52.1800,53.1500,51.6600,52.6700,5123779,269051644.0000,20065
20230614,603339,14.3000,14.2900,14.4900,14.2300,14.3800,2070824,29716296.0000,5742
20230614,603345,155.8400,156.4500,159.6800,154.6800,155.6300,2481457,388811921.0000,11954
20230614,603348,44.2300,44.2200,45.5000,43.9000,44.6800,7710981,343522139.0000,30609
20230614,603351,25.8600,25.8600,25.9000,25.4500,25.6100,473200,12145248.0000,1963
20230614,603353,16.6400,16.6200,16.7400,16.4300,16.4600,850270,14065203.0000,2162
20230614,603355,24.1100,24.1700,24.3000,23.8200,23.9100,1182572,28410745.0000,5072
20230614,603356,13.6800,13.6000,13.6700,13.3600,13.5100,1692300,22835736.0000,4495
20230614,603357,13.1000,13.0800,13.4800,13.0500,13.2600,14707355,195390980.0000,19378
20230614,603358,18.9600,19.0800,19.0800,18.7500,18.8600,2149863,40616056.0000,5129
20230614,603359,10.6400,10.6400,10.6800,10.4600,10.5100,3180900,33528291.0000,4457
20230614,603360,10.1500,10.1300,10.2800,9.9500,10.2300,2269642,23008939.0000,4537
20230614,603363,9.3400,9.3500,9.3800,9.1500,9.1700,9103880,83927650.0000,14310
20230614,603365,14.3600,14.3800,14.4000,14.2000,14.3400,973700,13916084.0000,3156
20230614,603366,5.6700,5.6700,5.6800,5.6200,5.6400,4063200,22916706.0000,7257
20230614,603367,14.6900,14.7800,14.9500,14.5100,14.7100,2209200,32562126.0000,8868
20230614,603368,20.6600,20.5800,21.0800,20.4000,20.9100,5242915,109252878.0000,14858
20230614,603369,56.1200,56.1000,58.5800,55.4000,57.9800,6979761,403846191.0000,26882
20230614,603377,8.2300,8.2600,8.6500,8.2200,8.6200,10762397,91586824.0000,12235
20230614,603378,9.4000,9.3900,9.4000,9.1400,9.1900,4699356,43451726.0000,10627
20230614,603379,23.7800,23.7400,24.1400,23.5800,23.9600,3568278,85225903.0000,10791
20230614,603380,22.3800,22.3800,22.4500,21.9000,22.2900,912200,20233084.0000,3385
20230614,603383,55.7100,56.0000,56.6500,55.5100,56.2500,1399430,78596378.0000,6944
20230614,603385,7.7300,7.7000,7.9000,7.6600,7.8200,1864973,14534339.0000,4995
20230614,603386,11.8500,11.8800,12.0000,11.7000,11.8900,2668986,31652902.0000,6863
20230614,603387,12.7500,12.7700,12.8100,12.6300,12.6800,2828296,35944322.0000,5829
20230614,603388,9.9900,9.9800,9.9800,9.7400,9.8900,11987800,117644313.0000,20047
20230614,603389,5.0800,5.1400,5.1400,4.9900,5.0900,1912200,9689987.0000,6280
20230614,603390,8.3800,8.3800,8.4200,8.3200,8.3700,2782400,23293181.0000,6831
20230614,603392,68.1100,67.7100,68.1000,66.0500,66.8100,5326417,355345015.0000,25245
20230614,603393,24.7300,24.8200,24.8600,24.2800,24.3800,4028228,98742340.0000,8361
20230614,603396,57.3800,57.3800,57.3900,56.3800,56.7400,1884594,107111799.0000,8312
20230614,603398,25.2000,25.2500,25.3600,25.0100,25.1500,1385240,34818263.0000,3047
20230614,603399,12.3100,12.4700,12.4700,12.1000,12.1300,15548479,189660875.0000,30280
20230614,603408,10.8500,10.8800,10.9800,10.8000,10.8000,957600,10414060.0000,2342
20230614,603416,35.0700,35.0300,35.7500,34.3200,35.3900,1238005,43334412.0000,4961
20230614,603421,9.9400,9.9700,10.2100,9.9700,10.1500,4340500,43951722.0000,12004
20230614,603429,9.0900,9.1000,9.1300,9.0000,9.0700,1769577,16059225.0000,3349
20230614,603439,16.4400,16.4900,16.7500,16.3100,16.7000,6140682,102122514.0000,13729
20230614,603444,538.0000,535.9000,549.5000,526.6800,537.0000,1091431,586102272.0000,8549
20230614,603456,27.9400,28.0800,28.9800,27.9000,28.1900,7125357,202671867.0000,20447
20230614,603458,9.6100,9.6300,9.6300,9.5000,9.5200,2753630,26279315.0000,4474
20230614,603466,15.8700,15.8600,16.1400,15.6600,15.7000,14653040,231951052.0000,31912
20230614,603477,31.6200,31.5000,31.5100,30.1900,30.6200,11051648,339960143.0000,28312
20230614,603486,69.7300,69.8800,71.3800,69.1500,70.0800,2434998,170866489.0000,9917
20230614,603488,7.7500,7.7600,7.7600,7.6700,7.7000,1373300,10584870.0000,4557
20230614,603489,77.4400,77.3800,77.4800,76.0000,76.2300,331100,25256398.0000,1922
20230614,603496,14.3300,14.2900,14.4500,14.1800,14.4000,3523160,50578445.0000,8071
20230614,603499,9.1400,9.1100,9.2800,8.8300,9.1500,1334240,12215594.0000,3738
20230614,603500,13.7200,13.7200,13.7500,13.1800,13.2000,4198976,55996257.0000,7079
20230614,603501,99.7600,99.9900,100.9800,99.2300,100.4900,6613065,662862272.0000,26254
20230614,603505,22.8000,22.9400,23.1600,22.2800,23.1000,3022863,69100826.0000,7827
20230614,603506,11.6900,11.7200,11.7900,11.5900,11.7200,1066600,12453646.0000,3622
20230614,603507,34.7500,34.7500,34.8600,34.0300,34.5200,2297200,78840380.0000,7744
20230614,603508,18.3900,18.3900,18.6300,17.9700,18.1000,3359852,61114436.0000,10626
20230614,603511,16.3800,16.3600,16.6800,16.1700,16.4300,959000,15788917.0000,3123
20230614,603515,20.6400,20.6200,20.9700,20.5500,20.8800,1210937,25220981.0000,3655
20230614,603516,22.8200,22.7500,22.8800,21.9000,22.2600,3823504,85225884.0000,11382
20230614,603517,39.1100,39.2500,40.6300,38.7000,40.3000,10526392,421731561.0000,27592
20230614,603518,11.2500,11.1500,11.5000,11.1300,11.2300,4360920,49211885.0000,9441
20230614,603519,14.3400,14.3000,14.4500,13.9600,14.0100,4189912,59061935.0000,6873
20230614,603520,16.2100,16.2000,16.5800,16.1100,16.4200,3816295,62567834.0000,9921
20230614,603527,12.6600,12.6200,12.7800,12.2800,12.2900,5787473,72196813.0000,6547
20230614,603528,7.9600,7.9000,7.9600,7.8100,7.8900,6826500,53726067.0000,10440
20230614,603529,32.6600,32.6500,32.6600,31.1000,32.1600,19112242,606667715.0000,54500
20230614,603530,14.9500,15.1000,15.1000,14.7900,14.8800,1664679,24728859.0000,4868
20230614,603533,34.5500,36.5000,38.0100,34.8000,36.7200,49594414,1812007825.0000,90293
20230614,603535,15.4500,15.4000,15.5700,15.2100,15.4400,766955,11796545.0000,2940
20230614,603536,6.5700,6.5900,6.7200,6.4800,6.6800,3373240,22424066.0000,7013
20230614,603538,18.3400,18.3600,18.4200,18.2100,18.3800,1831823,33603929.0000,4149
20230614,603551,11.4100,11.5400,11.6800,11.3700,11.5500,1858300,21478142.0000,7599
20230614,603555,1.7400,1.7300,1.8300,1.7300,1.8000,35738300,64109638.0000,4476
20230614,603556,25.1900,25.3700,25.5700,25.0500,25.3600,3801637,96159133.0000,14923
20230614,603557,2.5500,2.5400,2.5600,2.5200,2.5600,2037400,5183947.0000,395
20230614,603558,8.1800,8.1800,8.2700,8.1300,8.2500,2187800,17970899.0000,3030
20230614,603559,6.4100,6.4300,6.5300,6.3600,6.4600,1847700,11891164.0000,1466
20230614,603565,10.1200,10.1100,10.1200,9.8700,9.8800,7426395,74009175.0000,10336
20230614,603566,24.8400,24.9700,24.9700,24.3000,24.4900,1938600,47696266.0000,6137
20230614,603567,16.3600,16.3500,16.3500,15.8000,15.9700,11700833,187431307.0000,19818
20230614,603568,17.0000,17.0300,17.0600,16.9000,16.9100,1666111,28254144.0000,3939
20230614,603569,10.1000,10.0600,11.1100,10.0000,11.1100,21482054,231638142.0000,16832
20230614,603577,9.6200,9.6100,9.6700,9.5000,9.6200,1168370,11184340.0000,3330
20230614,603578,14.2100,14.2100,14.5500,14.1500,14.3900,2794442,40310157.0000,5889
20230614,603579,20.8500,21.0800,21.0800,20.7500,20.7800,531950,11078733.0000,2444
20230614,603580,13.6300,13.8500,13.8500,13.4500,13.5500,739900,10048151.0000,2424
20230614,603583,18.5800,18.5000,18.5700,18.1400,18.1600,3297181,60067147.0000,7802
20230614,603585,15.0100,15.0300,15.0800,14.8700,14.9000,670360,10000142.0000,1689
20230614,603586,15.5600,15.6600,15.7600,15.3200,15.5300,2768202,42946479.0000,8345
20230614,603587,14.8900,14.9100,15.0100,14.8500,14.9500,1413340,21125536.0000,4245
20230614,603588,8.9300,8.9800,9.0800,8.9100,9.0100,6497213,58352794.0000,14960
20230614,603589,54.4400,54.6500,56.6500,54.3700,55.7500,8079586,451081287.0000,26539
20230614,603590,31.2000,31.1400,31.4200,30.8100,30.9100,1242100,38618948.0000,6100
20230614,603595,40.2000,40.0000,40.5000,39.7000,40.1300,1658004,66298628.0000,6504
20230614,603596,76.1000,75.8000,76.5400,74.5000,75.6600,4689230,354900426.0000,17956
20230614,603598,11.9800,11.9800,12.3800,11.8500,12.1300,17632800,214662459.0000,30804
20230614,603599,25.7300,25.6500,26.0800,25.2100,25.6400,5925927,151980779.0000,19671
20230614,603600,9.3600,9.3700,9.4100,9.2400,9.3800,1660250,15529920.0000,4786
20230614,603601,4.2800,4.2900,4.3100,4.2100,4.2600,9073775,38570955.0000,10345
20230614,603602,12.8600,12.8800,12.9200,12.7100,12.8100,1478154,18922980.0000,4924
20230614,603603,2.8700,2.8500,2.9500,2.8500,2.9200,7246200,21132259.0000,2415
20230614,603605,110.3000,110.7100,114.2000,109.8000,113.2000,1936713,218292349.0000,11482
20230614,603606,46.3500,46.1000,46.3200,45.2100,45.4200,12109941,551700697.0000,34837
20230614,603607,14.4300,14.4700,15.0900,14.2900,15.0800,6044619,89577655.0000,9431
20230614,603608,4.6800,4.7300,4.7500,4.6200,4.6800,11102408,52063449.0000,17963
20230614,603609,9.2400,9.2700,9.3300,9.2200,9.2600,3775795,35006606.0000,8402
20230614,603610,12.3700,12.3800,12.3800,12.1100,12.1200,2663539,32494141.0000,4035
20230614,603611,23.5100,23.3000,23.7300,22.8800,23.5100,5068354,118255409.0000,14709
20230614,603612,18.0700,18.0700,18.1700,17.6800,17.7100,5186350,92351921.0000,12270
20230614,603613,53.2600,53.8100,54.5300,52.8800,54.3000,7026768,377409512.0000,30318
20230614,603615,8.6900,8.6900,9.1100,8.6200,9.0500,3973206,35606310.0000,6501
20230614,603616,5.1800,5.1800,5.2200,5.1300,5.1800,3213900,16636268.0000,5436
20230614,603617,9.2000,9.1400,9.4200,9.1400,9.3800,6318074,58710795.0000,9808
20230614,603618,6.1700,6.1800,6.1900,6.0400,6.0700,13696800,83218357.0000,11070
20230614,603619,15.8500,15.9500,16.0500,15.7400,15.7700,3529001,55776560.0000,9272
20230614,603626,6.9600,6.9400,6.9700,6.8900,6.9000,4134611,28616832.0000,8644
20230614,603628,15.0000,15.0000,15.0400,14.8300,14.8500,1996900,29725216.0000,6721
20230614,603629,25.7400,25.9100,28.2800,24.8400,26.0300,48045431,1264598561.0000,68388
20230614,603630,15.4700,15.5500,17.0200,15.4100,17.0200,6817188,114097546.0000,8229
20230614,603633,13.1400,13.1800,13.8600,13.0200,13.6000,23109242,309958384.0000,25958
20230614,603636,15.9500,15.9300,16.2400,15.7900,16.1400,14663211,235073414.0000,22020
20230614,603637,8.2800,8.2500,8.3000,8.1700,8.1800,2196400,18019887.0000,3934
20230614,603638,17.0900,17.0900,17.1800,16.8900,17.0100,938190,15928245.0000,3165
20230614,603639,16.8000,16.8300,17.0500,16.7100,16.9400,2159177,36576878.0000,8980
20230614,603648,9.7800,9.6800,9.7900,9.5100,9.6800,12090900,116586682.0000,15813
20230614,603650,32.8100,32.8000,32.8000,32.1900,32.3300,5402185,175373813.0000,11761
20230614,603655,24.6400,24.6300,24.8000,23.8500,24.0000,968100,23339882.0000,3181
20230614,603656,13.2700,13.2600,13.3700,13.0300,13.1700,1708660,22473656.0000,4901
20230614,603657,16.2000,16.3700,16.3700,16.0000,16.3100,663300,10740288.0000,2589
20230614,603658,53.3900,53.4400,54.0600,52.8000,53.1800,1743924,92872916.0000,7720
20230614,603659,33.7700,33.6000,33.9600,33.2000,33.6000,7990179,268770005.0000,20410
20230614,603660,7.4300,7.4500,7.6400,7.3700,7.4800,12208188,91269794.0000,22283
20230614,603661,34.0200,34.2500,34.4000,33.6700,33.9800,270440,9193877.0000,1546
20230614,603662,26.7500,26.5100,28.3300,25.7700,27.3700,24263942,659907860.0000,36436
20230614,603663,14.2500,14.2700,14.5400,14.2000,14.5200,3384268,48824243.0000,7318
20230614,603665,25.3800,25.6600,25.6800,25.1100,25.3000,583300,14823061.0000,1675
20230614,603666,37.3000,37.4800,37.7000,36.5600,37.5300,1977564,73497331.0000,8211
20230614,603667,12.1800,12.2100,12.2300,11.8700,11.9800,3113900,37260658.0000,7317
20230614,603668,16.2600,16.1100,16.7400,16.0500,16.3500,9392862,153810870.0000,9777
20230614,603669,4.6600,4.6600,4.7500,4.6300,4.7300,1520640,7139992.0000,3256
20230614,603676,13.2600,13.1700,13.3900,13.1500,13.3000,1994200,26502661.0000,6907
20230614,603677,12.8300,12.8600,13.2700,12.7400,13.0200,3193054,41548207.0000,7176
20230614,603678,30.5400,30.5400,30.5500,30.0000,30.0400,5077458,153187495.0000,15047
20230614,603679,16.0800,15.6700,15.6900,14.4700,14.6100,18747402,276956049.0000,27787
20230614,603680,11.4200,11.3800,11.5300,11.0100,11.5300,10195465,114414341.0000,13321
20230614,603681,14.8100,14.8600,14.8600,14.5900,14.6400,1463453,21454627.0000,3978
20230614,603682,5.3800,5.3600,5.4200,5.3500,5.3800,1835800,9892093.0000,4788
20230614,603683,10.9300,10.9600,11.0800,10.7400,10.9700,5043990,55008946.0000,13124
20230614,603685,16.4200,16.3400,17.2000,16.0400,16.4800,6394853,106865962.0000,9300
20230614,603686,9.8200,9.8200,9.8700,9.7200,9.8100,3342540,32802978.0000,5647
20230614,603687,8.7600,8.7100,8.7500,8.6300,8.6300,2929700,25404274.0000,4223
20230614,603688,103.7600,103.7500,104.4500,102.8800,103.0200,2614839,270832468.0000,13185
20230614,603689,8.4200,8.4400,8.4500,8.3000,8.3600,2151700,18021370.0000,6811
20230614,603690,31.9700,31.8900,33.2400,31.7100,32.8600,9903396,322291723.0000,25206
20230614,603693,13.3500,13.3900,13.4100,13.1100,13.1500,4237388,55861927.0000,6402
20230614,603696,9.3300,9.3300,9.5900,9.3000,9.5700,4188845,39834181.0000,9118
20230614,603697,9.4600,9.5200,9.8900,9.4300,9.8000,5864400,57231184.0000,14874
20230614,603698,14.2100,14.1300,14.3700,14.1100,14.2400,1666378,23677985.0000,4391
20230614,603699,13.1800,13.1900,13.3900,12.7400,13.3000,5249575,68317261.0000,12435
20230614,603700,14.5300,14.6400,14.6500,14.3000,14.4300,1303700,18836975.0000,4419
20230614,603701,13.9300,14.0800,14.1800,13.7000,14.0000,5998707,83282562.0000,13409
20230614,603703,14.7900,14.7500,14.8300,14.7000,14.7600,2675050,39509811.0000,7334
20230614,603706,14.6500,14.6000,14.6600,14.4300,14.4900,824100,11961511.0000,2860
20230614,603707,12.1900,12.2100,12.4000,12.0800,12.1200,6428956,78579499.0000,13177
20230614,603708,13.0400,13.0300,13.5600,13.0000,13.4500,5611258,75147723.0000,12707
20230614,603709,17.1800,17.4100,17.4500,16.8700,17.3800,837900,14485071.0000,3047
20230614,603711,21.5000,21.4600,22.1600,21.3800,21.8400,2012798,43800014.0000,5616
20230614,603712,27.4700,27.3300,27.4000,26.4000,26.6200,12970283,345823829.0000,25871
20230614,603713,78.8000,79.4000,82.3800,78.7500,81.0000,1396336,113123082.0000,6681
20230614,603716,9.7700,9.7300,9.9300,9.6600,9.8600,8021665,78946260.0000,8195
20230614,603717,6.7100,6.7100,6.7700,6.6600,6.7400,4142340,27789029.0000,4525
20230614,603718,9.3700,9.3800,9.4500,9.3100,9.3400,1841195,17250810.0000,3936
20230614,603719,27.8700,27.7800,28.5000,27.7200,28.1000,3303796,93015485.0000,12603
20230614,603721,19.8500,19.7500,20.3800,19.3500,19.5400,8426940,166718504.0000,23667
20230614,603722,52.2100,54.0000,55.4400,51.0400,51.8300,2331700,123007585.0000,4884
20230614,603725,7.8900,7.8900,7.9700,7.8100,7.9100,2508220,19769935.0000,5762
20230614,603726,12.3800,12.3800,12.4400,12.2800,12.3500,730500,9011100.0000,2295
20230614,603727,11.1800,11.2100,11.2300,11.1000,11.1200,1402400,15648428.0000,3242
20230614,603728,54.1300,53.4800,58.8000,52.9000,57.2800,8949500,503467149.0000,27246
20230614,603729,15.8500,15.8600,15.9600,15.5300,15.6500,1654700,26061631.0000,4786
20230614,603730,15.3800,14.8300,15.3200,14.4100,15.1400,12747692,189602233.0000,25696
20230614,603733,22.1000,22.0300,22.2300,21.8500,22.0300,1844858,40628997.0000,7024
20230614,603737,97.9900,98.6400,98.6400,96.8000,97.1700,1309351,127836923.0000,6719
20230614,603738,15.2300,15.2100,15.2800,14.6900,14.9400,11351387,169254661.0000,23519
20230614,603739,13.2100,13.2800,13.3200,13.1600,13.2300,533840,7060239.0000,1414
20230614,603755,31.3400,31.4400,32.0900,31.1000,31.8700,840939,26707919.0000,3268
20230614,603757,27.6500,27.5700,27.5700,26.8800,27.4900,1605479,43828675.0000,6052
20230614,603758,10.4500,10.4800,10.4800,10.2300,10.3500,4053201,41810656.0000,10887
20230614,603759,8.6300,8.6300,8.6400,8.5600,8.6100,997588,8577813.0000,1279
20230614,603766,4.9900,4.9900,5.0600,4.9700,5.0400,15584468,78288402.0000,14432
20230614,603767,7.5000,7.5100,7.6100,7.4600,7.4800,2184500,16416746.0000,6167
20230614,603768,16.7100,16.8200,17.0200,16.5700,16.9800,2717715,45794034.0000,7019
20230614,603773,27.3700,27.3700,30.1100,26.9500,30.1100,9289173,268984570.0000,21958
20230614,603776,14.0000,14.0000,14.0700,13.7100,13.9000,2980069,41373634.0000,5743
20230614,603777,19.1800,19.3400,19.3500,18.8100,19.0700,7517025,143433268.0000,19109
20230614,603778,5.2900,5.3100,5.3300,5.2500,5.3000,7596850,40189718.0000,10827
20230614,603779,12.5000,12.9000,13.2800,12.2900,13.0100,60285716,776692711.0000,65728
20230614,603786,59.1300,59.5900,61.0900,58.5800,59.0900,1250887,74428526.0000,7738
20230614,603787,16.4200,16.3200,16.5100,16.1600,16.2200,1837900,29903016.0000,5264
20230614,603788,11.5600,11.5900,11.6900,11.5000,11.5200,1805500,20884921.0000,4839
20230614,603789,8.2200,8.2200,8.3200,8.1000,8.3000,2052173,16876349.0000,4377
20230614,603790,14.3500,14.3900,14.7400,14.2000,14.5900,3997320,58167237.0000,7764
20230614,603797,5.5500,5.5300,5.5700,5.5000,5.5600,1988724,11019012.0000,3870
20230614,603798,11.7100,11.7100,12.8800,11.7100,12.8800,3436031,43422896.0000,3714
20230614,603799,47.7400,48.2200,48.2200,47.1200,47.3300,12771957,606418252.0000,34395
20230614,603800,26.3300,26.4000,26.6000,25.7800,25.9600,2598400,67663219.0000,7306
20230614,603801,33.0000,33.2800,33.2800,32.5000,32.5900,3057749,100301983.0000,11163
20230614,603803,8.8800,8.9000,9.1700,8.8500,9.0700,20006860,180533690.0000,28651
20230614,603806,30.1800,30.4200,30.6500,29.7900,29.8200,9989916,300559962.0000,27975
20230614,603808,12.7200,12.7200,12.8700,12.6800,12.8000,1130500,14446864.0000,4834
20230614,603809,10.0300,10.0800,10.2200,9.8900,10.0300,5442694,54420856.0000,9994
20230614,603810,13.6100,13.6100,13.6600,13.3500,13.4700,928400,12502010.0000,2794
20230614,603811,12.2200,12.2200,12.2200,11.8200,12.1000,4401347,52755730.0000,10623
20230614,603813,14.1600,14.1500,14.2300,13.9100,14.1000,458500,6441990.0000,1505
20230614,603815,7.0000,7.0000,7.0100,6.9600,6.9700,2475200,17269053.0000,3246
20230614,603816,39.3000,39.3000,40.8700,39.1100,39.7000,5581026,223485451.0000,14985
20230614,603817,6.1600,6.1500,6.1700,6.1000,6.1100,3342700,20505717.0000,5264
20230614,603818,5.1700,5.1800,5.2100,5.1200,5.1800,4085300,21131143.0000,5447
20230614,603819,15.0100,15.0500,15.2600,14.9600,15.0700,677238,10193849.0000,1859
20230614,603822,29.4800,29.4700,29.5200,28.9800,29.0600,606781,17670666.0000,2170
20230614,603823,14.6300,14.5700,14.7900,14.4700,14.5900,952552,13894556.0000,2883
20230614,603825,15.1500,15.0200,15.3900,14.9300,14.9700,9071886,136785615.0000,19643
20230614,603826,52.2100,52.4900,53.3500,52.0000,52.8300,1153079,60637185.0000,4612
20230614,603828,2.9800,3.0000,3.0000,2.9200,2.9400,3640200,10713660.0000,5645
20230614,603829,20.6100,22.6000,22.6000,18.5500,18.5500,25780997,504442228.0000,48979
20230614,603833,99.4600,99.4900,103.2000,98.5100,101.1500,3132214,318415530.0000,18200
20230614,603836,15.2700,15.2800,15.3400,15.1700,15.2000,557400,8484295.0000,1202
20230614,603838,5.6800,5.6700,5.6900,5.6200,5.6500,1071100,6044266.0000,2172
20230614,603839,7.5600,7.5800,7.7000,7.5400,7.7000,4295800,32776614.0000,7921
20230614,603843,3.7200,3.7000,3.7100,3.6600,3.6600,5275790,19389915.0000,4681
20230614,603848,14.7200,14.5400,15.0000,14.5400,14.8000,1451000,21494578.0000,4024
20230614,603855,26.2500,26.5000,26.7800,26.1200,26.5700,675600,17893564.0000,2507
20230614,603856,12.5600,12.5100,12.6700,12.4200,12.5100,1246500,15579467.0000,3559
20230614,603858,20.8300,20.7000,20.9800,20.4100,20.7700,6594257,136857984.0000,12600
20230614,603859,48.8000,48.7400,49.4100,47.5500,49.3000,2312933,112006414.0000,10020
20230614,603860,27.6600,27.6300,27.9600,27.3800,27.8500,1565800,43379598.0000,4546
20230614,603861,9.1000,9.0900,9.1200,8.9200,8.9700,2342300,21049682.0000,6240
20230614,603863,17.3100,17.0000,17.9300,16.8000,17.6200,5790800,101255607.0000,6912
20230614,603866,10.5400,10.5600,10.7300,10.5200,10.5900,5861001,62305668.0000,13110
20230614,603867,36.5000,36.7000,37.5200,36.7000,37.0100,2152487,79858294.0000,6274
20230614,603868,68.0800,68.4600,69.8600,67.8600,68.5100,550592,37716232.0000,3476
20230614,603869,11.6800,11.5300,11.7400,11.4100,11.4800,24966070,287320838.0000,25578
20230614,603871,21.8700,21.9500,22.3100,21.8000,22.0500,2498168,55144777.0000,7517
20230614,603876,18.4700,18.5100,18.6000,17.9100,18.3100,10456310,190180105.0000,18487
20230614,603877,23.6800,23.6800,24.5900,23.6000,24.3000,2211007,53594598.0000,7929
20230614,603878,8.0900,8.1700,8.1700,8.0200,8.0500,2721330,21988557.0000,7256
20230614,603879,5.9600,5.9900,6.0200,5.9300,5.9500,1559978,9286572.0000,4263
20230614,603880,5.2900,5.4000,5.5300,5.1000,5.3200,14471629,76710085.0000,5830
20230614,603881,25.8500,25.9000,25.9600,25.1600,25.6000,15931520,406822319.0000,27790
20230614,603882,72.3000,72.5600,74.7400,72.3100,72.7200,3814934,280102921.0000,14557
20230614,603883,31.1100,31.0500,33.3900,30.9100,32.5700,10870508,353828798.0000,33221
20230614,603885,15.7100,15.7200,15.8600,15.2900,15.3100,12055091,186379884.0000,19233
20230614,603886,19.1100,19.2000,19.4200,19.0100,19.0300,1936000,37156853.0000,5695
20230614,603887,8.8000,9.6000,9.6800,8.9200,9.6800,70013421,653665641.0000,49799
20230614,603888,33.7500,33.2500,37.1300,33.0900,37.1100,45752706,1663801679.0000,68931
20230614,603889,7.7800,7.8200,7.9500,7.6200,7.8500,10893921,84950045.0000,17512
20230614,603890,8.0000,8.0000,8.0400,7.9000,7.9900,3354281,26715266.0000,6612
20230614,603893,80.4900,80.5000,81.3300,79.2900,80.7000,3109474,249623774.0000,14614
20230614,603895,24.5400,24.5500,24.6500,24.2500,24.5300,283000,6922355.0000,1303
20230614,603896,43.2800,43.2800,44.6000,42.8700,44.1000,3125695,137168363.0000,11760
20230614,603897,18.9300,18.9800,18.9900,18.6500,18.7400,1440914,27000935.0000,4815
20230614,603898,10.6400,10.6800,10.6800,10.5400,10.5900,1041500,11044099.0000,3181
20230614,603899,43.4400,43.5000,44.5700,43.4100,44.3000,2647169,116881427.0000,11421
20230614,603900,6.4500,6.4800,6.5600,6.4400,6.4700,3182800,20650941.0000,5430
20230614,603901,13.3600,13.3600,13.3600,13.0700,13.1800,1507000,19850360.0000,5599
20230614,603903,8.9700,8.9900,9.0000,8.8900,8.9200,1276320,11395034.0000,3084
20230614,603906,17.4900,17.5000,17.5200,17.2500,17.2900,3992600,69148398.0000,6709
20230614,603908,45.5300,45.6800,45.8800,45.2100,45.5100,555303,25287280.0000,2444
20230614,603909,13.5500,13.5500,14.0700,13.3800,14.0700,3089958,42794630.0000,5715
20230614,603912,11.2000,11.2100,11.3800,10.9000,11.0900,28189739,312232211.0000,29874
20230614,603915,17.5900,17.6400,19.3500,17.2800,19.3500,11978279,225324010.0000,17612
20230614,603916,13.8000,13.8000,13.8500,13.5200,13.5700,1938627,26479632.0000,5952
20230614,603917,22.7100,22.9000,22.9800,22.0000,22.2400,7632300,170136235.0000,23376
20230614,603918,35.5200,35.8800,37.6600,34.5100,35.1200,85196688,3057265499.0000,167446
20230614,603919,23.6300,23.6200,24.7100,23.5500,24.5100,7062072,172086596.0000,19145
20230614,603920,18.8200,18.8000,19.1400,18.6600,18.9300,13329961,251248042.0000,18084
20230614,603922,23.3300,23.4400,23.5800,23.1500,23.4500,534229,12530348.0000,1505
20230614,603926,9.7100,9.7800,9.9600,9.6700,9.7100,1360521,13283776.0000,4297
20230614,603927,39.4500,39.4600,40.1400,39.2900,39.5900,6838966,271652771.0000,19692
20230614,603928,11.6300,11.7500,11.8100,11.6000,11.7200,933700,10945470.0000,2646
20230614,603929,16.5100,16.5200,16.5300,16.1000,16.1600,2878400,46761247.0000,6099
20230614,603931,29.2100,29.2500,29.9600,28.4800,29.5500,2437781,71221594.0000,5947
20230614,603933,20.2600,19.9200,20.4400,19.5000,19.7200,14581064,290213662.0000,24720
20230614,603936,12.2400,12.2700,12.3400,12.0400,12.1400,12133235,147603528.0000,10381
20230614,603937,11.1800,11.1500,11.1800,10.9600,11.0800,1109700,12274941.0000,3555
20230614,603938,19.2900,19.2900,19.3800,19.1100,19.1600,1149465,22057635.0000,3618
20230614,603939,36.6300,36.5800,39.1500,36.4000,38.5500,14973402,575956203.0000,49036
20230614,603948,20.7000,20.6800,20.9500,20.6100,20.8000,493000,10259811.0000,1880
20230614,603949,15.2200,15.3000,15.3100,15.0400,15.1800,1135000,17193012.0000,4310
20230614,603950,14.9600,15.0800,15.2200,15.0000,15.1500,1235220,18686963.0000,3302
20230614,603955,15.2100,15.2500,15.3000,14.9300,14.9700,729600,10967646.0000,2247
20230614,603956,7.8700,7.9200,7.9400,7.7600,7.8300,2456652,19242350.0000,4959
20230614,603958,7.6300,7.6000,8.1900,7.5600,8.0100,5371700,42742760.0000,8892
20230614,603959,10.1500,10.1500,10.1500,9.9500,9.9600,6148954,61665427.0000,9755
20230614,603960,16.4600,16.4600,16.6000,16.0600,16.4300,3407238,55523262.0000,10426
20230614,603963,10.3600,10.3600,10.4500,10.2500,10.3200,1071700,11069249.0000,3113
20230614,603966,12.1000,12.1100,12.1100,11.8300,11.9000,2959900,35281185.0000,6306
20230614,603967,9.1700,9.2000,9.3400,9.1000,9.3100,2260534,20919658.0000,3940
20230614,603968,16.8000,16.8000,16.8000,16.6200,16.7200,540100,9012501.0000,1748
20230614,603969,4.4800,4.4800,4.4900,4.4300,4.4600,3857931,17206882.0000,5655
20230614,603970,19.1900,19.2300,20.7000,18.8500,20.4900,5678220,114116986.0000,8595
20230614,603976,19.7000,19.6500,19.6900,19.2400,19.2700,1008300,19484433.0000,3029
20230614,603977,8.6000,8.6000,8.7100,8.4900,8.6600,4376620,37669145.0000,6428
20230614,603978,17.5000,17.6000,17.6000,17.0800,17.1400,860900,14805108.0000,2160
20230614,603979,30.7300,30.6000,32.0900,30.6000,31.8400,4845198,153505942.0000,14415
20230614,603980,4.4700,4.4600,4.4700,4.4300,4.4500,1610300,7165600.0000,2638
20230614,603982,14.7700,14.9300,14.9800,14.4400,14.5900,7491455,109827211.0000,15715
20230614,603983,33.4100,33.3200,34.6500,33.1200,34.4400,1598023,54734045.0000,6257
20230614,603985,19.1000,19.1400,19.1400,18.7200,18.8400,3328905,62670482.0000,8329
20230614,603986,111.9400,111.7800,113.5000,110.8000,112.2000,19541288,2188052476.0000,72763
20230614,603987,13.0700,13.0800,13.2900,13.0400,13.1600,2618270,34499454.0000,6076
20230614,603988,9.7700,9.7700,9.7800,9.6200,9.7000,1168194,11295494.0000,3752
20230614,603989,21.3300,21.3700,21.3700,20.7800,21.0500,2276807,47806147.0000,6967
20230614,603990,19.4300,19.4000,19.4800,19.0000,19.1000,3924936,75290042.0000,10894
20230614,603991,38.0600,38.4300,38.4300,37.8300,38.3100,188100,7187642.0000,884
20230614,603992,15.5900,15.6300,16.0000,15.5900,15.8000,1338100,21135309.0000,3767
20230614,603993,5.3700,5.4400,5.6300,5.4300,5.5100,227843795,1260222047.0000,89825
20230614,603995,24.2800,24.1900,24.4300,23.9100,24.1900,1919378,46214802.0000,5574
20230614,603997,14.5000,14.5000,14.5600,14.2100,14.3200,4469906,64013286.0000,11562
20230614,603998,12.3000,12.2600,12.5500,12.1400,12.3800,6399658,79232849.0000,11781
20230614,603999,7.7900,7.6000,7.9700,7.5800,7.6300,36625539,282395477.0000,38969
20230614,605001,6.6900,6.7100,6.7100,6.5600,6.5700,2368510,15661445.0000,4949
20230614,605003,19.2100,19.2800,19.3100,19.0800,19.1700,325768,6238763.0000,1001
20230614,605005,15.7000,15.7400,15.9200,15.6100,15.8100,742693,11712786.0000,2643
20230614,605006,7.4700,7.4700,7.5000,7.4300,7.5000,908877,6791886.0000,1812
20230614,605007,14.5200,14.5000,14.7000,14.4000,14.6000,1232273,17952618.0000,3457
20230614,605008,14.0300,14.1000,14.1900,13.9700,14.1100,606020,8513751.0000,2177
20230614,605009,48.8800,48.7400,49.7700,48.6900,49.3100,538180,26513420.0000,2898
20230614,605011,37.0900,35.7900,36.2000,34.3100,34.8300,14909700,522727688.0000,42906
20230614,605016,22.0800,22.0400,22.7900,22.0000,22.3400,2006721,44899954.0000,4518
20230614,605018,10.3500,10.4000,10.4000,10.2000,10.2500,1621694,16638524.0000,3704
20230614,605020,36.7300,36.9000,37.4100,36.3000,36.8800,1448165,53543124.0000,5613
20230614,605028,20.1200,20.1700,20.1700,19.2000,19.2800,6843700,133019045.0000,10783
20230614,605033,17.6500,17.6500,17.8400,17.6200,17.7600,321000,5685406.0000,1056
20230614,605050,12.1600,12.1900,12.1900,11.9500,12.0200,1208282,14520270.0000,3286
20230614,605055,5.8500,5.8700,5.9200,5.8000,5.9100,2127000,12494284.0000,4333
20230614,605056,12.3800,12.3000,12.4300,12.1900,12.3600,718298,8824891.0000,2409
20230614,605058,21.7500,22.1300,22.4000,21.5300,21.8100,2668600,58370087.0000,8057
20230614,605060,25.9500,26.0900,26.6900,25.6500,26.4100,1501200,39445627.0000,3875
20230614,605066,9.0000,8.9800,9.0500,8.8700,8.9400,2852500,25509430.0000,9477
20230614,605068,22.2400,22.2000,22.5600,22.0200,22.2200,994700,22103177.0000,4295
20230614,605069,8.7800,8.8200,8.8200,8.6500,8.7300,815030,7114213.0000,1844
20230614,605077,25.6900,25.7200,26.1400,25.4800,25.8900,765536,19804912.0000,3314
20230614,605080,41.8600,42.0500,42.0500,41.2000,41.8200,238000,9881388.0000,1195
20230614,605081,15.6600,15.6500,15.6500,15.4400,15.5500,1254180,19474323.0000,3237
20230614,605086,20.9200,21.0500,21.1300,20.8000,21.0000,640000,13441446.0000,2219
20230614,605088,16.6800,16.7600,16.7600,16.3500,16.4400,1200800,19757613.0000,4446
20230614,605089,40.6000,40.7400,43.2800,40.7400,41.8800,1650449,69284873.0000,7481
20230614,605090,21.6300,21.6400,21.6400,21.1300,21.2200,2883660,61438954.0000,5293
20230614,605098,39.2900,39.2900,40.7200,39.0000,39.5400,1419171,56594912.0000,5723
20230614,605099,22.7000,22.7100,22.8900,22.4000,22.4500,1433349,32289576.0000,4368
20230614,605100,15.8400,15.7500,16.2800,15.6000,16.1100,3296188,52823377.0000,9944
20230614,605108,33.8300,33.8000,34.8800,33.8000,34.5300,1473450,50672704.0000,5270
20230614,605111,45.6200,45.5500,45.5500,44.8500,44.8700,3519314,158585204.0000,12340
20230614,605116,24.6300,24.6100,25.0900,24.5000,24.8800,457900,11382099.0000,2012
20230614,605117,131.4000,131.0000,131.7900,128.5100,128.5100,2101252,272679618.0000,12419
20230614,605118,17.4000,17.4000,17.5900,16.7800,16.8000,8986572,153256603.0000,13642
20230614,605122,14.9600,14.9900,15.0700,14.9200,14.9600,378620,5674563.0000,1288
20230614,605123,95.1800,95.0100,95.3300,93.8000,94.9300,720837,68110773.0000,3981
20230614,605128,41.8800,41.9200,43.5000,41.3400,41.4100,5101784,216714687.0000,14212
20230614,605133,34.8700,35.2000,35.2000,33.8200,34.3200,4145463,141897054.0000,16244
20230614,605136,13.4600,13.4700,13.8000,13.4400,13.6600,6118844,83497601.0000,11113
20230614,605138,8.6200,8.6500,8.6800,8.5400,8.6600,1117900,9633553.0000,2284
20230614,605151,19.7000,19.4700,20.2000,19.2000,19.9500,7208792,142326893.0000,13221
20230614,605155,14.2400,14.2500,14.3400,14.0800,14.0800,755400,10723842.0000,2126
20230614,605158,7.5700,7.5700,7.5700,7.4600,7.5100,2871380,21511256.0000,5945
20230614,605162,9.5200,9.4600,9.5300,9.2000,9.2300,10057800,93643193.0000,9206
20230614,605166,9.1200,9.1700,9.1700,8.9800,9.0500,1257400,11376355.0000,3081
20230614,605167,8.9300,8.9400,9.1800,8.8700,9.1500,3261500,29576955.0000,10160
20230614,605168,135.9800,136.1000,144.3100,135.9800,142.0000,2366995,334891010.0000,14311
20230614,605169,10.2000,10.2200,10.2200,10.1600,10.1700,444314,4520850.0000,1072
20230614,605177,23.6300,23.7300,23.7800,23.5100,23.6100,731400,17306607.0000,3382
20230614,605178,24.2300,24.1000,24.1000,23.2900,23.4000,7976775,188403131.0000,16648
20230614,605179,10.8900,10.8800,11.2000,10.8000,11.1400,2322000,25756539.0000,5886
20230614,605180,12.9400,12.8400,12.9000,12.6600,12.8200,2605161,33179688.0000,3493
20230614,605183,17.0900,17.0900,17.3800,16.9500,17.1400,594600,10184438.0000,1822
20230614,605186,46.6500,46.9900,51.3200,46.2500,51.3200,8783647,442831056.0000,13198
20230614,605188,8.9800,8.9400,9.8800,8.7200,9.8800,24890907,235240533.0000,19089
20230614,605189,16.1200,16.0800,16.2500,16.0000,16.0300,591320,9521094.0000,2115
20230614,605196,7.0000,7.0000,7.0800,6.9300,7.0600,6484850,45335499.0000,10033
20230614,605198,19.7400,19.5500,21.7100,19.2100,21.7100,8416742,177549941.0000,7393
20230614,605199,15.0600,15.0200,15.1800,14.9600,15.0100,1894522,28543059.0000,4084
20230614,605208,9.3200,9.2900,9.3700,9.2100,9.3000,2794016,25941752.0000,6363
20230614,605218,16.0100,15.7700,15.9000,15.5100,15.6400,7115312,111245544.0000,9547
20230614,605222,19.6400,19.6800,19.6800,19.1700,19.2600,1994373,38557899.0000,5515
20230614,605228,9.3200,9.3200,9.4000,9.1600,9.2700,5436600,50330074.0000,10151
20230614,605255,15.9200,15.9000,15.9700,15.6000,15.9000,953200,15023032.0000,3266
20230614,605258,25.4600,25.6000,25.6100,25.0200,25.3800,935200,23649292.0000,4586
20230614,605259,36.5800,36.6800,36.6900,35.9300,36.1100,344500,12445473.0000,1838
20230614,605266,78.0000,78.7100,85.8000,77.1700,85.8000,2394976,202010022.0000,6776
20230614,605268,10.1600,10.1900,10.4000,10.1100,10.3000,3798507,39124555.0000,8013
20230614,605277,20.6800,20.7400,22.1000,20.0300,21.6800,20111779,425019051.0000,27608
20230614,605286,27.8100,27.8000,27.8900,27.2500,27.2700,1015700,27851931.0000,3935
20230614,605287,23.6000,23.5900,23.6900,23.3600,23.4200,549200,12869951.0000,2579
20230614,605288,39.2800,38.9500,39.4900,38.9500,39.2200,407840,15986454.0000,2205
20230614,605289,36.5500,35.2000,38.5000,35.1900,37.2700,8023044,296769390.0000,24341
20230614,605296,23.0100,23.0300,23.2000,22.8800,23.0400,740600,17051716.0000,2472
20230614,605298,16.0000,15.8100,15.9000,15.4800,15.7200,4311926,67361950.0000,6746
20230614,605299,13.9200,13.8400,13.9500,13.6000,13.6400,5088606,69870111.0000,7733
20230614,605300,20.3100,20.3100,20.9000,20.2100,20.6900,1720713,35602805.0000,5445
20230614,605303,11.1600,11.1300,11.2000,10.9300,11.0400,428365,4727773.0000,1589
20230614,605305,34.6000,34.2000,35.4900,33.8200,34.3400,2673796,91674817.0000,10614
20230614,605318,14.0100,14.0600,14.0700,13.8800,14.0500,575900,8049898.0000,1800
20230614,605319,15.5700,15.6700,15.9300,15.5600,15.6900,2273564,35778858.0000,6503
20230614,605333,15.9800,16.0500,16.2400,15.8200,15.9000,2840100,45297473.0000,9626
20230614,605336,17.0800,17.0100,17.2400,16.9500,17.1500,849072,14514605.0000,2813
20230614,605337,18.8000,18.7900,19.6500,18.7100,19.4700,4587964,88857838.0000,13153
20230614,605338,25.1100,25.3700,26.0400,25.0800,25.6100,1579000,40465937.0000,5624
20230614,605339,20.4200,20.4000,20.7100,20.3400,20.6100,798054,16409948.0000,3307
20230614,605358,38.5500,38.5500,38.6000,37.8600,37.8600,8902694,339449001.0000,19426
20230614,605365,14.9400,14.9400,14.9600,14.7900,14.8100,703900,10433528.0000,1912
20230614,605366,9.7100,9.8200,9.9000,9.5300,9.5400,3766668,36258255.0000,5209
20230614,605368,9.2000,9.2000,9.3000,9.1600,9.2500,2650340,24453186.0000,5053
20230614,605369,54.7400,54.5800,55.4900,53.9100,54.0000,943500,51266708.0000,5173
20230614,605376,30.2600,30.4800,30.6400,30.0000,30.2800,1655320,50238715.0000,7455
20230614,605377,19.9800,20.1900,20.6800,19.8500,20.1200,2770945,56037276.0000,5603
20230614,605378,22.9000,22.8700,23.0000,22.6300,22.9200,615900,14055262.0000,2509
20230614,605388,13.0700,13.1000,13.3000,12.9500,13.2000,2473162,32610403.0000,6503
20230614,605389,26.2300,26.2300,26.6700,25.8300,26.2200,838980,22013699.0000,2636
20230614,605398,39.7800,39.5000,40.1500,39.1000,39.3900,2069840,81734136.0000,7105
20230614,605399,18.5700,18.6200,18.6300,18.0600,18.0800,1726314,31406678.0000,4113
20230614,605488,15.0100,15.0300,15.1200,14.9000,15.0100,799585,12013451.0000,1840
20230614,605499,171.6300,173.1400,179.4900,171.6300,177.5000,905014,160000266.0000,5610
20230614,605500,7.3200,7.3500,7.4700,7.2500,7.4400,1070900,7901903.0000,1941
20230614,605507,21.2600,21.2800,21.3100,21.1900,21.2100,867700,18433690.0000,2564
20230614,605555,14.5600,14.6700,14.6700,14.3300,14.3500,1456896,20997459.0000,3154
20230614,605566,21.6400,21.5100,21.5800,21.2200,21.4500,284800,6092522.0000,1480
20230614,605567,13.4100,13.3800,13.5700,13.3200,13.5300,1963223,26480844.0000,4724
20230614,605577,12.9900,13.0200,13.2600,12.7500,12.8300,6795700,88072254.0000,11865
20230614,605580,13.7000,13.6200,13.7600,13.1800,13.3200,13719575,183266472.0000,18957
20230614,605588,51.0000,52.5000,56.1000,52.0500,56.1000,4196610,229855416.0000,9789
20230614,605589,19.1400,19.2000,20.4600,19.0000,20.1800,13590049,270130556.0000,25126
20230614,605598,47.2900,47.3000,52.0200,47.3000,52.0200,3731040,185709626.0000,11128
20230614,605599,11.6300,11.6300,11.7500,11.5400,11.6500,1896600,22095702.0000,6594
20230614,688001,30.0900,30.3800,30.3900,29.4100,30.1100,1894334,56638231.0000,4693
20230614,688002,48.2500,48.9100,48.9900,47.6000,47.6500,2742872,131419826.0000,7241
20230614,688003,41.2600,41.0000,41.8000,40.1000,41.6300,4548939,186614360.0000,9061
20230614,688004,39.6800,39.8600,39.8600,38.4000,38.6200,2424597,94538359.0000,6132
20230614,688005,53.2100,53.5200,53.6800,51.9200,52.0900,7474112,392467155.0000,16241
20230614,688006,30.2400,30.0500,30.2500,29.8600,29.9800,1720988,51607905.0000,5097
20230614,688007,20.5400,20.5100,20.8700,20.1700,20.6300,2860481,58803946.0000,6184
20230614,688008,62.8500,62.1800,63.6000,61.8500,62.9100,13257519,831116571.0000,26308
20230614,688009,5.7300,5.7400,5.8200,5.7100,5.7200,17393978,100081606.0000,12882
20230614,688010,24.0600,24.1900,24.3000,23.7100,24.0400,1143654,27371290.0000,2642
20230614,688011,25.0000,24.9900,24.9900,24.2500,24.4200,570801,13982075.0000,1942
20230614,688012,158.4800,158.5300,168.0000,158.5100,164.8600,10591431,1743267303.0000,32391
20230614,688013,23.3000,23.3900,23.8700,23.1800,23.4500,625745,14675041.0000,2370
20230614,688015,19.4800,19.4500,19.4500,19.1000,19.2300,830867,15951456.0000,1757
20230614,688016,153.5000,153.0600,158.3500,152.5700,155.6700,437104,68294101.0000,1838
20230614,688017,135.3000,135.2900,141.6000,134.5000,138.1200,3303492,453715199.0000,10518
20230614,688018,152.0000,152.0000,152.8700,146.4700,149.6200,1299084,193976508.0000,4948
20230614,688019,234.0000,234.9800,236.0000,231.1600,235.3300,633876,148397060.0000,3119
20230614,688020,52.5100,52.6000,53.8900,51.0000,53.5700,1068017,55910564.0000,3039
20230614,688021,25.6000,25.8600,25.8900,24.8300,25.3500,483954,12218662.0000,2136
20230614,688022,33.0800,32.8400,33.1300,32.5200,33.0000,1052681,34560161.0000,2932
20230614,688023,187.1900,186.3000,188.9900,186.3000,187.0800,631669,118475079.0000,3288
20230614,688025,64.4700,64.6200,71.9000,64.6200,69.2400,6818146,466355363.0000,18212
20230614,688026,17.9400,17.9300,17.9500,17.4400,17.5900,1049918,18565574.0000,1859
20230614,688027,166.6600,167.9200,169.9800,164.5000,166.3900,2080568,347679366.0000,6766
20230614,688028,20.6400,20.5800,20.6100,20.2500,20.5000,871288,17788830.0000,2577
20230614,688029,84.0500,84.0000,85.3200,83.3300,83.7600,989701,83465964.0000,3877
20230614,688030,22.8600,22.9800,22.9800,22.2600,22.4700,1240960,27970240.0000,3059
20230614,688031,126.4200,126.5600,139.0400,126.1200,138.0000,1824123,242985107.0000,6542
20230614,688032,338.5300,338.2900,338.2900,318.1800,322.9700,1374237,444787459.0000,6533
20230614,688033,17.1000,17.2400,17.3200,16.8500,17.1900,4826178,82469549.0000,8054
20230614,688035,56.7000,56.7000,60.7100,56.1700,59.3700,2815281,167126260.0000,7189
20230614,688036,131.8800,134.3000,134.3000,129.2000,130.6800,3493349,457866333.0000,12215
20230614,688037,282.0500,283.6600,292.1000,277.0000,291.6600,2180940,627439272.0000,10583
20230614,688038,15.2500,15.2100,15.2700,14.9500,15.1200,1331932,20130237.0000,3919
20230614,688039,61.2500,62.8800,63.4700,61.1200,61.7900,3779773,235177646.0000,9703
20230614,688041,80.7800,79.7100,82.6400,78.0100,81.4800,22066544,1769091881.0000,48216
20230614,688045,59.2900,60.0000,60.9500,58.4400,60.3000,1206896,72092576.0000,4400
20230614,688046,20.7800,20.5200,20.9400,20.5200,20.6400,394908,8185318.0000,767
20230614,688047,142.8800,141.5500,142.8000,138.0000,142.5500,2073152,291259191.0000,6657
20230614,688048,88.9900,87.0000,102.6700,87.0000,100.5500,9753226,923061910.0000,22441
20230614,688049,40.2000,39.9500,40.7000,39.5400,40.3500,2090022,83613623.0000,5595
20230614,688050,198.1600,198.9600,206.9700,198.0000,204.0000,743624,151820798.0000,3227
20230614,688051,40.2000,39.6800,40.4000,38.9000,39.6900,1001025,39567936.0000,3393
20230614,688052,168.4500,167.4000,174.4900,165.5300,171.8000,1229566,210019502.0000,6083
20230614,688053,60.8200,60.8000,60.8600,59.0000,59.9500,617048,37101184.0000,1674
20230614,688055,4.2700,4.2900,4.2900,4.2200,4.2600,2086576,8862072.0000,2151
20230614,688056,37.1100,36.9500,38.0000,35.8800,37.8200,1265133,46790126.0000,3441
20230614,688057,14.0000,14.0500,14.0500,13.9000,13.9900,400964,5601787.0000,742
20230614,688058,63.5900,63.5900,64.1900,61.8800,63.1800,724796,45595218.0000,2528
20230614,688059,77.4500,77.4200,82.3000,75.5400,80.1000,1112407,87850728.0000,3746
20230614,688060,58.6700,58.9000,59.8900,57.5400,57.7000,258666,15099208.0000,1122
20230614,688061,76.3900,76.8000,76.8200,74.8000,76.4700,1101926,83722282.0000,3406
20230614,688062,21.8100,21.5500,21.9800,20.9500,20.9900,2725220,58140394.0000,5541
20230614,688063,191.1300,193.0000,193.9900,188.4900,188.4900,1577499,300785700.0000,6244
20230614,688065,54.4700,54.8500,55.9100,54.5000,55.0200,758428,41960419.0000,2206
20230614,688066,55.8100,55.6000,57.5900,55.2900,57.0000,2669703,151681567.0000,9307
20230614,688067,21.6600,21.7100,21.7900,21.3100,21.3800,523298,11226713.0000,1545
20230614,688068,43.1500,43.3000,43.9700,43.0300,43.4500,771017,33562876.0000,1527
20230614,688069,27.2800,27.3400,27.8500,27.2400,27.7000,136873,3782280.0000,444
20230614,688070,42.3500,42.7600,42.7600,41.6100,41.8500,162398,6804568.0000,693
20230614,688071,50.2500,50.3300,50.6400,47.9000,48.4100,412389,20028161.0000,1647
20230614,688072,426.5500,424.3900,448.5000,421.9900,437.0900,1630515,716820333.0000,7337
20230614,688073,72.4100,72.4000,73.7000,71.7100,73.1500,280282,20421695.0000,1298
20230614,688075,66.6100,66.6600,66.6900,66.1000,66.3300,176733,11725127.0000,480
20230614,688076,38.5600,38.7800,39.5900,37.7100,38.0900,5792848,222747057.0000,9387
20230614,688077,25.4200,25.5000,25.5000,24.5900,25.4100,1117561,27929705.0000,2499
20230614,688078,55.7100,55.7800,55.8200,54.3400,55.0000,946723,52059228.0000,3764
20230614,688079,10.8300,10.8000,11.3700,10.6100,11.2500,10090854,111238976.0000,16089
20230614,688080,69.6800,69.6800,71.0000,68.8500,70.1900,614113,42964156.0000,2349
20230614,688081,19.6300,19.8000,19.8000,18.6800,18.7700,3451630,65873351.0000,6557
20230614,688082,126.7200,127.0800,128.8800,123.5100,124.7300,2073675,259660243.0000,8752
20230614,688083,206.4900,208.1000,208.1000,202.6700,205.8000,428811,87726768.0000,2187
20230614,688084,70.1000,70.5400,72.2700,69.3400,70.7100,415320,29515438.0000,1357
20230614,688085,26.7900,26.8500,27.1300,25.8300,27.0000,1756138,46738904.0000,4999
20230614,688086,0.7300,0.7200,0.7500,0.6900,0.7000,5558865,3990345.0000,662
20230614,688087,31.3600,31.5800,31.5800,30.6200,31.0100,794589,24576050.0000,2676
20230614,688088,46.7200,46.2100,47.7400,46.1500,46.4800,8133897,379837090.0000,19653
20230614,688089,29.4500,29.5700,30.8000,28.9500,30.2800,3713136,111531343.0000,11643
20230614,688090,33.0900,32.8000,33.4700,32.4200,33.2700,1068086,35338254.0000,2096
20230614,688091,71.7000,71.9000,72.4600,70.4200,70.7000,967485,68962665.0000,2078
20230614,688092,28.5300,28.8600,28.8600,27.9100,28.0300,668846,18815437.0000,2089
20230614,688093,19.0400,19.0800,19.3600,18.8600,19.2400,1509681,28854116.0000,3285
20230614,688095,163.7100,162.0000,185.8800,162.0000,181.0000,2166699,380002854.0000,6650
20230614,688096,9.5200,9.5200,9.5200,9.3600,9.4600,1641503,15491296.0000,2653
20230614,688097,24.5900,24.5000,24.8800,24.0600,24.1700,1642591,39840646.0000,3677
20230614,688098,7.3300,7.3300,7.3300,7.2800,7.2800,1615584,11790016.0000,1808
20230614,688099,93.8100,94.3000,95.5000,91.8200,93.8800,4103160,384092662.0000,15024
20230614,688100,31.0800,31.2200,32.6500,30.8000,31.9700,3015376,96049382.0000,8443
20230614,688101,13.0200,12.9500,13.7600,12.9500,13.3600,3204868,43098564.0000,4720
20230614,688102,15.9000,16.1500,17.1600,16.1500,17.0000,9987400,167833345.0000,11009
20230614,688103,63.0000,63.0000,63.9800,61.0000,61.5100,1563627,96871184.0000,3495
20230614,688105,32.2700,32.2700,32.4700,31.8100,31.8400,1580986,50735785.0000,3744
20230614,688106,24.6000,24.4600,24.8900,24.3000,24.5800,3139426,77141056.0000,7349
20230614,688107,58.5200,58.6600,58.6600,56.3700,57.0900,2598889,148547010.0000,7390
20230614,688108,9.9700,9.9700,10.4800,9.9000,10.3700,13227141,134640850.0000,17702
20230614,688109,28.1800,28.3800,28.6500,27.5800,28.0500,1435908,40430224.0000,4142
20230614,688110,37.5500,37.5000,37.8700,36.9300,37.2000,9117886,340193399.0000,15276
20230614,688111,480.3700,469.4800,481.6900,458.8800,471.2100,6393552,2995458234.0000,24580
20230614,688112,48.6900,48.5000,52.5000,48.3000,51.3200,2355156,119407807.0000,6462
20230614,688113,46.4200,46.0200,46.8000,45.9000,46.4700,72791,3372213.0000,245
20230614,688114,90.7000,91.1900,91.8000,88.8800,91.3000,631180,57356712.0000,2531
20230614,688115,32.4300,32.4300,32.4600,31.7900,32.1900,404380,12966485.0000,934
20230614,688116,44.7200,44.6000,45.1000,43.8300,43.8300,3616563,160226635.0000,9911
20230614,688117,45.4100,45.9500,47.6400,44.5200,45.4100,3876412,178233859.0000,6625
20230614,688118,31.6900,31.4100,33.6000,31.1300,32.0000,8037710,259594455.0000,16889
20230614,688119,5.9800,5.9500,5.9900,5.7900,5.8600,10263163,60083258.0000,5309
20230614,688120,336.1900,331.0000,354.0000,330.0100,330.1200,2933442,996003558.0000,12187
20230614,688121,34.4500,34.6000,35.5000,33.2200,34.7100,2293240,78832320.0000,6909
20230614,688122,77.7000,77.7700,77.8600,76.4000,76.4500,2877762,221442322.0000,7784
20230614,688123,77.1500,77.9600,78.3800,76.0900,77.2000,2976612,230122857.0000,9000
20230614,688125,48.9800,48.6900,48.8800,47.5500,48.7400,421352,20312746.0000,1201
20230614,688126,21.7800,21.8500,22.0900,21.6600,21.8700,11949935,262147686.0000,17390
20230614,688127,17.6000,17.7500,17.7500,17.1000,17.6700,2576921,44963449.0000,6069
20230614,688128,23.4200,23.4400,24.0900,22.9000,23.7500,4069281,95822678.0000,6561
20230614,688129,13.9000,13.9900,13.9900,13.8700,13.9000,185519,2581828.0000,625
20230614,688130,45.5400,45.3300,45.4700,44.4600,44.9800,389216,17462086.0000,1277
20230614,688131,59.1100,59.7000,60.9900,58.6900,59.7500,991044,59501343.0000,3093
20230614,688132,25.0900,25.0900,25.3500,24.7700,25.0800,960362,24002793.0000,2262
20230614,688133,107.5500,107.5000,108.0000,104.1000,104.4000,400985,42488824.0000,1726
20230614,688135,32.1200,32.2500,32.4000,31.5600,31.8900,1439919,45801273.0000,3723
20230614,688136,19.7000,19.7000,19.9300,19.3500,19.5000,1278024,25029521.0000,2326
20230614,688137,53.6800,53.2800,53.3200,52.8000,52.9000,251008,13302422.0000,807
20230614,688138,22.3500,22.4000,22.9800,22.2500,22.8700,2883342,65553029.0000,7167
20230614,688139,51.6600,51.8300,52.3000,51.1200,51.6600,1556314,80610551.0000,5040
20230614,688141,40.8400,40.9000,43.8200,40.1900,43.4000,3743224,157973339.0000,8144
20230614,688143,39.6900,39.1000,41.1400,38.8500,40.5500,402044,16206596.0000,1361
20230614,688146,44.1700,44.2000,44.7900,43.6800,44.1700,3555065,157379784.0000,6850
20230614,688147,50.5000,51.3000,52.8500,50.4600,52.2700,1937976,100296901.0000,4232
20230614,688148,11.3200,11.3200,11.3500,10.9700,11.0100,4437008,49216136.0000,6180
20230614,688150,22.5600,22.9900,22.9900,21.3600,21.4700,3762622,81923986.0000,9183
20230614,688151,19.6400,19.6600,19.8500,19.5200,19.7300,448573,8825744.0000,767
20230614,688152,109.7000,109.0100,111.0000,106.5400,106.9900,708145,76526359.0000,2944
20230614,688153,76.9200,76.8200,76.9000,73.0200,74.8400,2271248,169015136.0000,6817
20230614,688155,51.8500,51.8500,52.3500,51.3800,51.6500,208985,10793320.0000,672
20230614,688156,30.1000,30.5100,30.5100,29.6100,30.1800,1202794,36135831.0000,2367
20230614,688157,48.7800,48.6600,48.8500,47.3500,47.6700,598713,28614187.0000,2039
20230614,688158,23.2000,23.3600,23.8000,21.6600,22.6300,38651618,869259796.0000,42937
20230614,688159,31.7800,31.5000,33.3300,30.5800,32.6700,3532643,114317315.0000,6815
20230614,688160,45.1600,45.1700,47.9500,43.1100,46.5000,3942458,181143092.0000,9429
20230614,688161,44.2200,44.0100,44.7800,43.7500,44.2400,353964,15676785.0000,1341
20230614,688162,40.7700,40.5000,40.8800,39.4000,40.8000,1514933,60767100.0000,3612
20230614,688163,21.7200,21.7000,21.7500,21.5000,21.7400,217713,4701763.0000,434
20230614,688165,9.4800,9.4100,9.8000,9.3200,9.6800,4994227,47797434.0000,6449
20230614,688166,22.0300,21.9500,22.2500,21.5800,22.1300,1950192,42908040.0000,5216
20230614,688167,109.8000,110.3100,115.5300,107.7000,114.7300,3703318,415271056.0000,10753
20230614,688168,39.0000,38.7200,38.9800,38.3300,38.6900,707690,27298026.0000,2171
20230614,688169,322.1300,324.9900,324.9900,309.6700,309.8600,1146358,359698103.0000,6155
20230614,688170,44.6000,45.9900,48.3000,43.9400,47.8000,7731519,357299988.0000,13287
20230614,688171,24.8000,24.9000,24.9000,24.3800,24.5000,885824,21754441.0000,2247
20230614,688172,22.0500,22.1500,24.8500,22.1500,24.5800,19073316,449631622.0000,22254
20230614,688173,24.3600,24.3600,24.3700,23.8000,24.1900,1546349,37288150.0000,4168
20230614,688175,34.2300,34.2300,34.3900,33.6200,33.7500,321103,10852081.0000,1342
20230614,688176,11.3200,11.3300,11.3800,11.1600,11.2000,3199016,35933217.0000,5653
20230614,688177,26.3400,26.3700,26.9400,26.1600,26.6500,987038,26271423.0000,2370
20230614,688178,19.4700,19.4000,19.4600,19.1500,19.2400,337851,6516112.0000,876
20230614,688179,31.4000,31.6600,31.6700,30.8000,31.1400,1153240,36016697.0000,2705
20230614,688180,40.9000,40.8000,41.4800,40.3100,40.7700,2933977,120354816.0000,5376
20230614,688181,26.1000,26.0000,26.3800,25.7000,26.1900,1193256,31099946.0000,2016
20230614,688182,23.0000,22.8000,23.7300,22.5600,23.7300,3497554,81083133.0000,6549
20230614,688183,12.2000,12.1300,12.7400,12.0600,12.6100,10692493,133340143.0000,11066
20230614,688184,30.8100,31.0500,31.0500,30.5300,30.5800,214424,6579887.0000,521
20230614,688185,85.1000,85.3000,85.4800,83.6800,83.7100,1022310,86365557.0000,3379
20230614,688186,33.2900,33.6000,33.6000,32.0200,32.9200,2179411,71123168.0000,6518
20230614,688187,41.8500,41.9900,42.1500,41.6100,41.6100,2636663,110413321.0000,7477
20230614,688188,192.5000,194.0200,195.6000,191.0300,193.7000,543432,105234869.0000,2983
20230614,688189,9.6400,9.6400,9.7100,9.5400,9.6200,2091393,20137768.0000,4661
20230614,688190,68.3500,68.4000,69.4900,67.6500,69.0000,413915,28370096.0000,1803
20230614,688191,16.9300,17.1700,19.0600,17.0700,18.4200,10444120,189093177.0000,15820
20230614,688192,38.6600,38.8900,38.8900,38.0000,38.0500,653889,25034707.0000,2437
20230614,688193,43.6500,43.6500,43.6500,42.8800,43.0200,109217,4700931.0000,452
20230614,688195,34.1300,34.5000,37.3500,33.4900,36.8200,12007193,432155238.0000,15069
20230614,688196,44.7700,44.8000,44.8000,43.8600,43.8700,469949,20725291.0000,1303
20230614,688197,50.5000,51.0100,51.0100,49.7600,50.0700,562551,28194407.0000,1985
20230614,688198,102.7000,103.9800,103.9800,101.4800,103.6700,228619,23501643.0000,1142
20230614,688199,30.0800,30.0700,30.4500,29.6100,29.7900,401022,11952148.0000,876
20230614,688200,163.3500,163.3500,164.6000,161.0000,163.5400,675177,110064570.0000,3051
20230614,688201,42.7000,42.6900,42.8200,42.1100,42.4400,783139,33230350.0000,3107
20230614,688202,89.6000,89.9800,91.5000,87.9000,88.0200,1508911,134891887.0000,5252
20230614,688203,13.5400,13.6400,13.7900,13.3000,13.5900,1684014,22823091.0000,3613
20230614,688205,79.5000,78.7100,87.2800,78.7100,82.2500,3929708,328325801.0000,8762
20230614,688206,30.2500,29.5800,29.5800,28.7700,29.1500,4057010,118166087.0000,10217
20230614,688207,38.3900,38.2600,38.6000,37.4800,37.8400,3005534,113771264.0000,7588
20230614,688208,31.9700,31.9000,32.0000,31.2200,31.6400,5769289,182063057.0000,13799
20230614,688209,17.5500,17.5000,17.5400,17.2500,17.4000,1774205,30819791.0000,3399
20230614,688210,19.4000,19.4200,19.4400,18.9300,19.0600,1311590,25032277.0000,2650
20230614,688211,45.1100,45.1100,45.1100,44.2100,44.7500,304674,13604720.0000,1188
20230614,688212,66.3300,66.5800,67.9800,65.5300,66.1500,1076646,71924923.0000,4389
20230614,688213,57.6000,57.7500,59.7000,57.4000,58.7100,1452172,84985918.0000,4617
20230614,688215,36.8400,36.8500,37.1800,36.0500,36.8200,379246,13865885.0000,1550
20230614,688216,26.4100,26.3700,26.5100,25.7400,26.0400,916253,23858730.0000,2268
20230614,688217,40.2500,40.3200,40.3200,39.1600,39.1600,612717,24270915.0000,1294
20230614,688218,17.6000,17.8000,17.9500,17.1800,17.6800,3625830,63805571.0000,7625
20230614,688219,9.4200,9.4200,9.4900,9.3600,9.4500,582981,5498117.0000,786
20230614,688220,84.4500,86.0000,86.0100,82.8000,83.5900,3381514,283902878.0000,9921
20230614,688221,10.8200,10.8300,10.8700,10.7000,10.7900,1815600,19583905.0000,3074
20230614,688222,16.9100,17.2300,17.9500,17.0600,17.5500,12532437,219650412.0000,11938
20230614,688223,12.4400,12.4900,12.5300,12.1500,12.1800,40517849,497506966.0000,31315
20230614,688225,23.6900,23.6900,23.7000,23.2100,23.2500,881973,20601297.0000,2064
20230614,688226,17.1000,17.3500,17.3500,16.6100,16.8000,3404417,57196120.0000,6775
20230614,688227,27.6900,27.7700,28.2400,27.0500,27.3200,2190760,60072392.0000,5674
20230614,688228,72.3900,72.3600,73.0300,69.8000,71.0100,5610639,398920305.0000,12259
20230614,688229,63.0000,62.3200,63.4500,60.1100,62.3100,2239938,139012143.0000,6107
20230614,688230,46.1500,45.9900,46.0900,45.3300,45.6800,389518,17792191.0000,1439
20230614,688231,28.3000,28.3400,28.3400,27.9900,27.9900,391892,11010853.0000,982
20230614,688232,51.2700,51.5700,52.4000,50.5000,50.9900,1242370,63814211.0000,3461
20230614,688233,35.5300,35.8200,35.8200,34.6500,35.1200,2059806,72291945.0000,5736
20230614,688234,75.6800,75.8200,77.5800,75.3200,75.9100,2107609,160443481.0000,6085
20230614,688235,132.1200,132.5400,133.3700,130.5000,130.6800,1066984,140313571.0000,4686
20230614,688236,32.6000,32.6000,32.9900,31.7300,32.2300,691980,22263306.0000,2135
20230614,688237,44.8900,44.5600,45.1000,43.8000,43.9000,436675,19282646.0000,1092
20230614,688238,12.8000,12.8300,12.9800,12.6400,12.6600,2848232,36326169.0000,4722
20230614,688239,60.3500,59.8000,62.7500,58.8800,61.5500,2084124,126619243.0000,8043
20230614,688244,69.1900,69.7800,70.2500,68.2500,69.5300,781870,53957284.0000,1969
20230614,688246,39.6900,39.0300,40.1700,38.6100,40.0800,1675945,66067507.0000,5346
20230614,688247,12.8500,12.9000,13.0000,12.7800,12.8800,1718463,22134599.0000,2633
20230614,688248,35.9800,36.1400,36.2000,35.5000,35.7100,2752716,98493992.0000,7585
20230614,688249,19.5900,19.5100,19.7100,19.2400,19.2600,12882536,250748398.0000,12985
20230614,688251,28.9300,28.9500,29.0300,28.2400,28.7000,317573,9090823.0000,1016
20230614,688252,22.7500,22.7500,23.2200,22.1700,22.3100,2331866,52703287.0000,5065
20230614,688253,24.6100,24.6100,24.8700,24.3800,24.5100,709751,17441994.0000,2256
20230614,688255,29.9400,29.8000,29.9800,28.7700,29.7300,1000547,29353666.0000,3220
20230614,688256,232.9000,229.6000,231.8800,218.8600,224.8000,12266776,2747667052.0000,40235
20230614,688257,24.3800,24.7000,24.8900,24.1300,24.7000,808601,19802249.0000,2381
20230614,688258,81.3700,80.1000,81.0000,77.1300,77.3900,2113335,166513746.0000,7013
20230614,688259,70.1000,69.1000,71.0400,67.0000,69.6400,3414983,235248937.0000,9791
20230614,688260,16.7600,16.7400,16.9800,16.4200,16.5800,1041618,17323271.0000,2492
20230614,688261,184.0000,183.9400,184.6100,179.7300,181.9000,1144025,207841042.0000,4023
20230614,688262,66.3900,65.1000,65.9900,64.0100,65.0000,7361037,477807654.0000,17096
20230614,688265,41.8600,42.0300,42.4600,40.9100,40.9100,145675,6022411.0000,587
20230614,688266,49.1400,48.8000,49.1800,48.3000,48.4600,1485685,72242391.0000,4712
20230614,688267,22.0600,22.1200,22.1200,21.7400,21.8800,971352,21254518.0000,2293
20230614,688268,81.5600,81.3000,83.3000,80.5900,82.1800,1001429,82275502.0000,3520
20230614,688269,58.4700,58.8400,63.2000,57.2900,62.2000,1140972,69898425.0000,4425
20230614,688270,62.7000,62.9100,63.4900,61.4700,62.7600,983919,61514660.0000,3156
20230614,688271,135.7800,135.8700,138.2000,135.7900,137.1200,547788,75118820.0000,2127
20230614,688272,19.1100,19.1200,19.3100,19.0700,19.2200,303844,5827758.0000,245
20230614,688273,39.3000,39.2800,39.7000,38.7600,38.9400,537417,21067001.0000,1706
20230614,688275,92.7400,92.9000,92.9900,90.8500,91.7300,305412,28010376.0000,996
20230614,688276,59.3400,58.4800,61.9700,58.4800,60.8000,2106597,127920005.0000,5649
20230614,688277,16.5400,16.5400,16.6700,16.2800,16.5300,4318990,71130683.0000,6805
20230614,688278,41.4700,41.8700,42.3400,41.2000,42.0800,549441,23070306.0000,1892
20230614,688279,99.1800,100.3600,100.6000,97.1100,99.6900,729524,72291447.0000,2855
20230614,688280,8.8300,8.8500,8.8500,8.5900,8.6900,5931454,51488039.0000,7477
20230614,688281,196.5100,198.0300,198.9900,194.8100,197.7300,257910,50916739.0000,1404
20230614,688282,53.4900,53.3900,54.8000,52.5800,54.7400,927227,49969427.0000,2378
20230614,688283,58.3400,58.3900,59.8000,57.0000,59.2700,311113,18187567.0000,1070
20230614,688285,9.6900,9.6800,9.7100,9.5800,9.6600,1980873,19085705.0000,1944
20230614,688286,54.2000,55.0000,55.0000,53.1400,54.2500,407889,21955412.0000,1735
20230614,688287,13.6300,13.5800,13.5800,13.3500,13.4500,2984162,40060582.0000,3986
20230614,688288,25.0400,25.0800,25.2500,24.5700,24.8200,1026702,25536738.0000,3801
20230614,688289,17.1500,17.1900,17.2100,17.0700,17.1300,1601219,27433878.0000,2700
20230614,688290,67.2700,66.9000,68.0500,65.2300,66.6000,301976,20047463.0000,1161
20230614,688291,30.6200,30.6200,30.6200,29.8900,30.1200,1108604,33456269.0000,2466
20230614,688292,32.5100,32.8300,32.8300,31.5300,31.9600,3240950,103790227.0000,8478
20230614,688293,47.0000,47.1500,47.1900,46.3500,46.5700,378900,17681368.0000,1213
20230614,688295,34.3600,34.3600,34.6100,33.9900,34.4900,1311871,45050542.0000,2933
20230614,688296,18.2100,18.4400,18.4400,17.9700,18.0400,1167027,21086092.0000,2678
20230614,688297,49.4300,49.2400,49.6000,48.9400,49.4000,1847253,91232554.0000,3994
20230614,688298,50.3700,50.4400,50.7900,48.9100,49.4900,1659723,82315241.0000,3471
20230614,688299,15.7300,15.8500,15.8500,15.5800,15.7400,1741586,27333826.0000,3600
20230614,688300,70.1800,70.4200,70.5500,67.7100,68.0100,863529,58968506.0000,2319
20230614,688301,273.0000,274.9800,279.0000,266.0000,274.5900,484453,132355187.0000,2798
20230614,688302,57.6000,57.2100,58.2100,56.0000,56.7000,645810,36771953.0000,1722
20230614,688303,43.4500,43.4500,43.6200,42.7200,42.7500,6515451,280018788.0000,11109
20230614,688305,87.9200,87.9100,90.2900,85.2300,89.7500,3214154,283458381.0000,9960
20230614,688306,5.3400,5.3500,5.3800,5.2100,5.2200,8815897,46387245.0000,5756
20230614,688307,32.2800,32.2800,32.2800,30.9000,31.3300,1184510,37174893.0000,2768
20230614,688308,53.2500,53.5500,57.5600,52.2500,56.3200,4064488,223278036.0000,12147
20230614,688309,20.5800,20.7800,20.7800,20.1400,20.2500,509842,10352430.0000,932
20230614,688310,32.5000,32.3600,34.0000,31.5800,33.3700,2574665,84765569.0000,5609
20230614,688311,63.2600,63.6600,66.1000,62.3100,65.9900,1178645,76613574.0000,3354
20230614,688312,18.4100,18.6100,18.6100,18.1300,18.3500,907940,16571634.0000,2131
20230614,688313,15.1500,15.4400,18.1800,15.4400,18.1800,97482654,1691831167.0000,48465
20230614,688314,36.8900,36.8900,37.9300,36.3200,37.6000,919144,34424428.0000,2115
20230614,688315,27.8300,28.1500,28.4000,27.4000,27.4600,1508417,42004821.0000,4460
20230614,688316,68.8000,70.5000,72.2800,65.7100,69.8900,5688377,394672374.0000,10542
20230614,688317,25.0600,25.1000,25.2500,24.5600,24.5800,1881780,46660602.0000,2286
20230614,688318,106.6100,108.1500,113.2000,106.6200,110.6100,3053278,337148148.0000,11162
20230614,688319,22.3400,22.3400,22.3700,21.8100,22.1000,2067509,45649315.0000,2910
20230614,688320,35.6600,35.2000,36.7000,34.4400,36.0800,2180120,77634203.0000,5969
20230614,688321,21.4300,21.3600,21.6300,21.2400,21.3200,1974506,42253297.0000,4597
20230614,688322,46.9900,46.8100,48.5500,44.5300,47.3000,6818607,319076662.0000,12985
20230614,688323,20.7600,21.3200,22.9300,20.6900,22.9000,3526539,77492959.0000,5816
20230614,688325,40.8300,40.7000,40.9500,40.0000,40.7600,306337,12392385.0000,927
20230614,688326,147.0000,148.2200,151.8700,144.8000,149.5000,1852550,275636899.0000,7395
20230614,688327,21.3500,21.3500,21.5800,20.6600,21.0100,47199883,997358653.0000,44564
20230614,688328,22.7100,22.8500,22.8500,22.2600,22.5700,1386616,31188157.0000,3365
20230614,688329,32.5300,32.5400,33.6400,32.0000,33.4100,551009,18214006.0000,1954
20230614,688330,33.5500,33.8300,33.8300,32.9500,33.2900,1223771,40617213.0000,3879
20230614,688331,68.9300,69.4300,69.8100,67.4600,67.4700,1073763,73382796.0000,4377
20230614,688332,83.9700,83.9700,84.7000,82.7900,83.9600,405259,33990077.0000,1448
20230614,688333,100.9500,101.4900,102.3900,99.1600,102.0500,664313,67309887.0000,2286
20230614,688335,24.3100,24.3100,24.4300,23.9700,24.1700,328618,7957830.0000,1078
20230614,688336,16.6900,16.7900,17.1500,16.5700,16.8000,1603755,27058411.0000,3854
20230614,688337,54.0900,53.5000,57.9400,52.3000,57.2800,2193238,121850363.0000,5278
20230614,688338,50.7600,51.2500,52.1600,50.5000,51.9600,420928,21620179.0000,1660
20230614,688339,78.5900,80.0000,81.7900,79.4600,80.5000,1167163,93986914.0000,3103
20230614,688343,79.5800,79.1100,79.9700,76.8000,77.2800,8108252,631116396.0000,15510
20230614,688345,35.7800,35.9600,35.9600,33.9900,34.4000,1053183,36585840.0000,2453
20230614,688348,224.6000,225.0000,227.2100,222.6500,222.8100,877109,197035446.0000,3783
20230614,688349,32.1700,32.1100,33.5300,32.1000,32.4800,2298624,75593432.0000,3718
20230614,688350,16.7900,16.6000,16.6600,15.6600,16.3500,1984629,32091316.0000,4671
20230614,688351,19.2100,19.1600,19.8800,19.0600,19.7000,2384067,46649208.0000,6851
20230614,688352,15.4600,15.3000,15.3900,15.0500,15.1200,8268336,125578347.0000,7998
20230614,688353,35.6100,35.6500,35.8200,34.7700,34.9700,685346,24082308.0000,1408
20230614,688355,26.0800,25.9900,27.0500,25.4600,26.3800,1066439,27988193.0000,2492
20230614,688356,109.6600,109.9900,111.8400,108.3400,109.6400,386886,42620749.0000,1750
20230614,688357,61.1900,61.1100,61.2900,60.3000,60.6600,475343,28864956.0000,1563
20230614,688358,51.3000,51.5000,52.3100,50.0400,51.0100,1058202,54045262.0000,3975
20230614,688359,72.9900,71.8000,72.4800,63.6900,63.6900,2307365,155384029.0000,4083
20230614,688360,20.5700,20.5300,20.8500,20.2000,20.7500,1294139,26635115.0000,2340
20230614,688361,82.3900,82.0000,84.8800,81.1000,82.6200,3235782,268120670.0000,7218
20230614,688362,38.3100,38.0200,39.2500,37.5100,37.9700,3735710,143111404.0000,6972
20230614,688363,91.9400,92.8100,94.5000,91.6800,93.0400,3388227,316641952.0000,9314
20230614,688365,18.7300,18.6200,20.2000,18.5000,19.8500,25845835,502485638.0000,31532
20230614,688366,83.6200,83.2300,86.3400,83.1600,83.7800,612382,51825233.0000,2984
20230614,688367,17.0400,17.1400,17.1400,16.7500,16.8500,1358280,22875600.0000,2920
20230614,688368,132.1900,135.8000,144.8000,134.6900,144.5000,2492187,350893267.0000,9152
20230614,688369,78.7900,79.2600,79.9700,75.6000,77.0300,1374435,106154184.0000,4581
20230614,688370,36.7800,36.8700,36.8800,36.6400,36.7600,96583,3545225.0000,334
20230614,688371,17.7700,17.6300,17.7500,17.3000,17.6000,1857213,32510622.0000,2861
20230614,688372,144.9100,143.7100,146.6000,140.7800,143.7000,701459,100481643.0000,2631
20230614,688373,8.6800,8.7000,8.8800,8.5900,8.7500,2817197,24583179.0000,3447
20230614,688375,72.4400,72.5000,73.5100,72.0600,73.2500,516836,37637043.0000,1546
20230614,688376,38.8600,39.2500,39.7500,38.5300,39.5800,841924,32972209.0000,2104
20230614,688377,24.2000,24.4900,24.5800,23.9000,24.1500,760512,18396501.0000,2441
20230614,688378,48.7000,48.4700,50.0500,48.4000,48.7100,1438377,70766421.0000,3811
20230614,688379,19.0400,19.0500,19.0800,18.7500,18.8800,648421,12255825.0000,2276
20230614,688380,30.3800,30.3000,30.5500,30.0300,30.4300,2282538,69139775.0000,3941
20230614,688381,33.6600,33.6200,34.7400,33.0500,34.2800,2377650,80706658.0000,5465
20230614,688382,14.6700,14.8400,14.8400,14.4400,14.5300,2015803,29397677.0000,5074
20230614,688383,148.0000,147.8000,158.4400,144.1100,156.9900,1547482,238069444.0000,5265
20230614,688385,54.3500,54.7800,56.6900,54.3000,55.6000,5935309,329405427.0000,13177
20230614,688386,39.9700,40.1300,40.1300,39.0000,39.0800,561199,21998790.0000,1984
20230614,688387,7.5300,7.5300,7.9500,7.4400,7.8100,37988146,293728921.0000,19128
20230614,688388,25.9300,25.9300,26.2000,25.4300,25.4500,3475800,89155412.0000,5260
20230614,688389,22.9500,23.1200,24.2000,22.8000,23.8000,3067165,72860808.0000,8883
20230614,688390,150.4800,151.7900,152.9000,148.2500,148.5900,3956875,594149708.0000,18334
20230614,688391,70.4200,70.1800,70.8100,68.1000,68.5700,569816,39235281.0000,2068
20230614,688392,89.1300,89.9800,90.1600,87.6000,89.1800,845134,74936777.0000,3167
20230614,688393,24.7900,24.8200,25.9400,24.6100,25.6100,2691479,68504039.0000,4387
20230614,688395,23.8000,23.7000,23.7100,22.9500,23.4000,528985,12326672.0000,1910
20230614,688396,54.0800,54.1500,54.4500,53.7100,53.8200,3132887,169495045.0000,7490
20230614,688398,30.1800,30.1900,31.1600,29.6700,29.7500,733423,22138888.0000,1690
20230614,688399,56.9800,56.9800,57.2900,55.6600,55.7000,687388,38668412.0000,2038
20230614,688400,33.8000,33.7500,36.7000,33.5000,36.1800,17004310,601643141.0000,23487
20230614,688401,34.2500,34.2300,36.2800,34.1000,35.1000,4622501,162154626.0000,10234
20230614,688403,12.8900,12.8600,13.2100,12.7100,13.1600,5361924,69693728.0000,7395
20230614,688408,71.4100,71.4600,71.5000,66.4600,68.6900,4176483,286238575.0000,11700
20230614,688409,117.9000,118.5500,121.5800,117.6700,117.8300,1497857,178444063.0000,4658
20230614,688410,52.4600,52.8700,57.8900,52.8000,56.6400,3404379,189470007.0000,9549
20230614,688416,80.6900,79.8000,81.4500,78.1800,80.1200,3230414,258367557.0000,8038
20230614,688418,20.3200,19.8000,21.1800,18.9000,20.9000,16803130,334105926.0000,20441
20230614,688419,43.4300,43.4800,43.5900,42.4500,43.0700,1569141,67475342.0000,3858
20230614,688420,39.8900,39.8800,40.1000,39.1000,39.5000,576408,22750166.0000,1660
20230614,688425,5.1100,5.1500,5.1700,5.0800,5.1400,15604211,79972622.0000,13016
20230614,688426,27.8800,27.7900,28.0900,27.3200,27.4300,559707,15484732.0000,1224
20230614,688428,11.5900,11.6000,11.8400,11.4800,11.5500,3597779,41740951.0000,5117
20230614,688432,15.6800,15.8000,16.5800,15.7000,16.4900,16802164,273450078.0000,15692
20230614,688433,31.1200,31.1500,31.3200,30.4100,30.6800,2510732,77453735.0000,4503
20230614,688435,105.9500,105.0000,105.0000,93.0800,94.9900,1285111,127253049.0000,3599
20230614,688439,97.6100,97.7500,102.9600,97.0800,102.2700,1646614,164706802.0000,5177
20230614,688448,28.7300,28.9400,29.3400,28.0600,29.2900,1486712,42687052.0000,4036
20230614,688455,14.5000,14.4900,14.4900,14.2900,14.3400,759276,10906448.0000,1066
20230614,688456,32.5100,32.4000,32.8500,32.4000,32.5800,631240,20553682.0000,1054
20230614,688458,93.0700,92.3300,92.8000,88.6300,89.7000,1112740,100163945.0000,4158
20230614,688459,9.6400,9.6100,9.7300,9.6100,9.7100,1725234,16690434.0000,1105
20230614,688466,18.9800,18.9600,19.1300,18.8600,18.9500,252298,4779080.0000,873
20230614,688468,9.5100,9.5200,9.7000,9.4200,9.5800,3438162,32900264.0000,5388
20230614,688469,5.9400,5.9200,5.9400,5.8500,5.8600,48531894,285599013.0000,14881
20230614,688472,14.8000,14.6700,15.5600,14.6400,15.1900,86679311,1310631855.0000,57831
20230614,688475,46.6300,46.5700,49.8100,46.4600,49.8100,3908881,190325861.0000,8633
20230614,688478,50.3400,49.8500,50.3500,48.0700,49.4000,4925891,241314225.0000,11152
20230614,688479,33.0500,33.8000,35.1900,33.1800,34.0200,3769580,128872704.0000,8361
20230614,688480,30.9900,30.9100,31.3500,30.4900,30.8400,469827,14498040.0000,1589
20230614,688484,44.6200,44.6700,45.5900,43.9800,44.0000,3683783,164868759.0000,7128
20230614,688485,15.6100,15.6700,15.6700,15.3400,15.4800,474523,7341874.0000,687
20230614,688486,103.0000,102.0000,110.0000,100.7100,109.1800,1221175,130051860.0000,4510
20230614,688488,13.4300,13.3300,13.5300,13.1000,13.1200,4311669,56931257.0000,8308
20230614,688489,71.4400,71.6900,71.7200,66.6600,66.7500,2605379,178478955.0000,6733
20230614,688496,21.3600,21.5500,21.5500,20.1000,20.8300,11325923,233059846.0000,12972
20230614,688498,245.0000,244.6200,288.8500,244.6200,281.5900,4558358,1211591875.0000,15531
20230614,688499,87.0800,87.5900,87.5900,85.1500,85.3000,475808,40755225.0000,1839
20230614,688500,18.0500,18.0700,18.0700,17.6000,17.7000,371985,6590153.0000,375
20230614,688501,25.1100,25.3800,25.3900,24.1100,24.1400,1204184,29292057.0000,3126
20230614,688502,175.7200,175.2100,177.5400,171.2000,174.4100,790409,138063207.0000,3595
20230614,688503,73.7900,73.7900,79.9900,73.2000,78.2900,2076263,161627584.0000,5981
20230614,688505,8.4800,8.5300,8.5800,8.4300,8.5100,1628022,13875710.0000,2560
20230614,688506,75.1200,75.5000,75.8800,71.9000,72.4900,988481,71951786.0000,3652
20230614,688507,204.6100,205.0000,206.0000,198.3500,201.0000,393329,78957460.0000,2030
20230614,688508,61.4900,61.5000,62.6800,60.5700,62.2700,1451554,89626987.0000,5640
20230614,688509,5.0800,5.0900,5.1300,5.0400,5.0600,7416924,37650369.0000,8889
20230614,688510,18.3600,18.2100,18.6100,18.2100,18.4300,1039784,19194898.0000,3369
20230614,688511,33.2900,33.3100,33.8800,32.8700,33.4300,399639,13320694.0000,1402
20230614,688512,24.2000,24.1500,24.8600,23.8200,24.5000,6375564,155417429.0000,9394
20230614,688513,53.6900,54.1300,54.1800,52.3000,52.9500,505766,26916523.0000,1366
20230614,688515,155.0300,153.3000,157.7600,151.8000,155.0300,1170970,180629366.0000,4515
20230614,688516,172.5000,173.9000,173.9000,169.9000,171.4300,637271,109249015.0000,3021
20230614,688517,22.9000,23.1400,23.1500,21.8000,22.2800,4053865,90268565.0000,9754
20230614,688518,24.1400,24.0600,24.1900,23.6500,23.7200,2126917,50656718.0000,4806
20230614,688519,23.8600,23.8600,24.7000,23.4700,24.0700,1708434,41169692.0000,4008
20230614,688520,61.9600,62.2000,63.1500,61.7500,62.2600,873811,54529924.0000,3330
20230614,688521,90.5500,89.0000,89.7000,86.7200,88.7800,5350600,471834987.0000,14577
20230614,688522,52.1900,52.0000,52.4300,51.3800,52.0100,801662,41520649.0000,1630
20230614,688523,27.1300,27.0200,27.5200,26.4000,26.4300,4318313,116343243.0000,6114
20230614,688525,99.0600,98.0000,101.7200,96.3000,98.6200,9438712,932475492.0000,24119
20230614,688526,21.9500,21.8800,22.5600,21.7600,21.8600,1153633,25249671.0000,3865
20230614,688528,10.8000,10.8000,10.8200,10.5600,10.6100,519991,5526176.0000,1371
20230614,688529,23.9000,23.9300,23.9300,23.5200,23.8300,579064,13734139.0000,1639
20230614,688531,153.8600,153.8000,154.4900,150.3000,153.9800,610332,93053695.0000,2220
20230614,688533,51.6500,50.5000,51.2000,48.7100,49.0300,3269349,162121957.0000,10219
20230614,688535,68.0000,67.2000,67.6000,64.6000,64.9600,2003106,131761853.0000,3990
20230614,688536,243.8900,242.1600,243.6900,237.8600,239.5000,1027808,246495600.0000,4340
20230614,688538,2.6100,2.6200,2.6200,2.6000,2.6000,18709625,48749918.0000,6151
20230614,688539,40.6700,40.4000,41.0700,39.5200,40.2500,1170972,47226311.0000,3388
20230614,688550,30.2300,30.2300,30.2300,29.7800,29.8100,654985,19605333.0000,1408
20230614,688551,60.4300,60.5600,61.6100,59.6000,60.5100,397687,24122702.0000,1608
20230614,688552,25.2800,25.1600,25.6700,24.9100,25.5000,5886504,149007715.0000,8228
20230614,688553,15.7800,15.7300,15.8400,15.6500,15.6800,760019,11931544.0000,1403
20230614,688555,1.2500,1.2500,1.2700,1.2200,1.2300,2647353,3279006.0000,434
20230614,688556,42.1700,42.1100,42.6100,41.3500,41.3600,3872376,161464643.0000,8892
20230614,688557,33.8000,33.4200,34.5800,33.3100,34.2600,1200882,40873411.0000,3644
20230614,688558,32.4200,32.3900,32.8400,31.4400,32.6400,913410,29354693.0000,2287
20230614,688559,42.3500,42.3500,43.0500,41.8100,42.6200,2008111,85481397.0000,4320
20230614,688560,25.5900,25.6200,25.9000,25.3100,25.4900,2373666,60763056.0000,8006
20230614,688561,58.6000,58.6400,59.1500,58.2200,58.6600,2156113,126618526.0000,6556
20230614,688562,33.1000,32.8000,33.0300,31.6100,32.3200,8633002,277509419.0000,12346
20230614,688565,7.9500,7.9200,8.0100,7.7300,7.9000,1747348,13786972.0000,3191
20230614,688566,34.3200,33.9100,35.5300,33.8300,33.9800,962207,33279934.0000,3335
20230614,688567,22.3400,22.5600,22.5600,22.0100,22.0800,4017668,89186262.0000,6104
20230614,688568,81.3500,80.9200,80.9200,79.8100,80.0900,926520,74423320.0000,3688
20230614,688569,35.4700,36.0000,36.1600,35.1000,35.4200,1990662,70689147.0000,4970
20230614,688570,27.5100,27.5200,27.6000,26.7400,26.8200,7090078,192109219.0000,8285
20230614,688571,6.0000,5.9700,5.9800,5.9000,5.9200,1184772,7025044.0000,2425
20230614,688575,19.1000,19.2000,19.7800,19.0100,19.6000,6396527,125051776.0000,9568
20230614,688576,146.7000,146.0000,153.0100,138.9000,139.8900,2629670,383835683.0000,7629
20230614,688577,41.6800,41.3300,41.7700,40.5100,41.6000,326293,13414785.0000,864
20230614,688578,25.7900,25.7900,25.9500,25.5200,25.5800,1572107,40431776.0000,4076
20230614,688579,16.5600,16.6500,17.2500,16.5800,17.1200,14649842,248387091.0000,23060
20230614,688580,70.5000,69.9800,71.2900,68.5000,69.2500,656345,45882282.0000,2303
20230614,688581,124.7800,124.0900,125.4900,122.0200,122.9000,320727,39669596.0000,1368
20230614,688585,7.8500,7.8900,7.9000,7.7000,7.7100,884497,6862388.0000,1842
20230614,688586,12.2000,12.2000,12.2600,12.0600,12.1800,2513111,30553122.0000,4607
20230614,688588,16.6200,16.9900,18.9900,16.9900,18.4000,21351965,391380325.0000,29083
20230614,688589,44.1400,44.5000,44.5000,43.4500,44.0500,1501063,65883883.0000,4872
20230614,688590,23.3300,23.0400,23.3300,22.3000,23.1800,13822215,315468118.0000,16772
20230614,688593,21.0000,20.8500,21.3200,20.5500,20.7800,13532915,282357762.0000,12901
20230614,688595,34.4500,34.5500,35.3400,33.9200,34.9800,1905656,65937892.0000,5149
20230614,688596,42.1500,42.4400,42.6000,41.0000,42.3000,4089712,171592004.0000,10416
20230614,688597,9.4000,9.4200,9.5300,9.2500,9.3000,2603263,24293626.0000,3863
20230614,688598,142.6700,142.0000,143.3000,139.7000,139.7600,456282,64139139.0000,2349
20230614,688599,39.8000,39.9500,40.0600,39.1900,39.6500,16189877,641354269.0000,41162
20230614,688600,22.7400,22.6600,22.8700,22.2000,22.4000,1001759,22539538.0000,4092
20230614,688601,51.0600,50.5400,51.2000,49.7100,50.9600,810735,40907822.0000,3020
20230614,688606,56.0900,56.1000,56.1000,54.6900,54.6900,390187,21531506.0000,1180
20230614,688607,19.4500,19.4500,19.5700,19.0800,19.5500,830795,16038482.0000,2182
20230614,688608,133.9000,133.2600,138.4600,132.5700,134.8700,1532653,207230591.0000,7057
20230614,688609,11.1400,11.1200,11.7600,11.0300,11.3500,40730286,466970711.0000,20890
20230614,688611,39.1900,39.5000,40.4000,38.0000,39.5800,873042,34325125.0000,2539
20230614,688613,24.5300,24.5900,24.8900,24.3300,24.4600,1661948,40857114.0000,2568
20230614,688616,12.3100,12.3600,12.4000,12.2200,12.2800,789734,9703785.0000,1937
20230614,688617,358.0400,356.0000,365.0000,356.0000,362.2900,196352,71108857.0000,1158
20230614,688618,68.4400,68.2500,71.5200,67.6500,70.7000,420720,29477442.0000,1903
20230614,688619,15.8900,16.0500,16.3300,15.7500,16.2100,3390318,54608293.0000,6905
20230614,688621,60.4900,60.2800,60.7900,58.6100,60.0000,423036,25233891.0000,1778
20230614,688622,33.5700,33.4600,34.8400,32.7600,34.3200,731811,24833283.0000,1909
20230614,688623,97.4000,97.0200,97.5500,94.6600,94.8000,1635820,156382081.0000,4592
20230614,688625,38.9000,39.2200,39.3500,37.7000,37.7700,638777,24341828.0000,2022
20230614,688626,41.1800,40.9100,41.9200,40.6700,41.6900,843585,34918293.0000,2992
20230614,688628,43.9000,43.8700,46.2000,42.3200,45.9400,2480460,109581003.0000,5932
20230614,688630,76.9000,77.9000,77.9000,75.7300,76.5100,1505946,115310059.0000,5271
20230614,688633,43.6200,43.4900,43.6100,42.6000,42.7600,108992,4674841.0000,504
20230614,688636,45.9800,46.3500,46.3500,43.5000,43.6300,1542780,68181828.0000,5227
20230614,688639,109.1600,110.2500,111.3900,107.3300,109.5300,556291,60851457.0000,2046
20230614,688655,18.0800,17.9900,18.0000,16.5000,16.9900,18235225,310396126.0000,23894
20230614,688656,34.9700,34.3100,35.1400,34.3100,34.8700,106695,3707425.0000,419
20230614,688658,24.2900,24.6800,26.1900,24.4300,25.6200,7558433,192511326.0000,16915
20230614,688659,15.6200,15.6000,16.0900,15.2500,15.5800,7702552,120524805.0000,10299
20230614,688660,5.8000,5.8300,5.8400,5.6900,5.7000,4943487,28303180.0000,4837
20230614,688661,88.8800,88.0100,101.4900,88.0100,100.2000,4016033,383721960.0000,10745
20230614,688662,40.8600,40.2500,49.0300,40.2000,49.0300,13138817,588359438.0000,15900
20230614,688663,29.9200,29.9400,30.1900,29.1000,29.1500,2310970,67850725.0000,5061
20230614,688665,84.1200,83.0600,83.8400,81.5100,82.0400,272148,22386345.0000,1035
20230614,688667,73.4900,73.4900,74.7400,72.5100,72.7000,296254,21744538.0000,1122
20230614,688668,75.4500,74.9900,81.5000,74.4600,80.9500,4768860,378356932.0000,8277
20230614,688669,17.7300,17.7200,17.8500,17.4600,17.5200,663992,11657434.0000,1692
20230614,688670,51.9200,51.9200,52.4100,50.5300,51.0600,736133,37816142.0000,2584
20230614,688676,28.2800,28.1800,28.3800,27.7400,28.0100,2231235,62509548.0000,7095
20230614,688677,55.6300,56.0000,59.4300,54.6000,57.9100,2711864,154932819.0000,10980
20230614,688678,18.0400,18.1800,18.1800,17.4600,17.7100,1462132,25896753.0000,3811
20230614,688679,14.8600,14.7300,15.0700,14.6800,14.7600,618310,9161237.0000,1187
20230614,688680,104.9000,105.6800,105.9900,103.1500,103.6100,1082820,112927786.0000,3995
20230614,688681,15.2000,15.9300,15.9300,15.1100,15.4500,1957600,30113060.0000,4561
20230614,688682,84.2500,83.9700,84.7700,82.5400,83.0000,147630,12284900.0000,659
20230614,688683,21.5600,21.8700,22.4200,21.4600,22.4100,852834,18827548.0000,2504
20230614,688685,18.9500,18.9400,18.9400,18.5900,18.8500,1023274,19166326.0000,2547
20230614,688686,145.4700,145.4800,151.8200,143.4600,150.2300,745859,110710015.0000,2893
20230614,688687,26.6900,26.7700,26.8300,26.1800,26.5400,922464,24425122.0000,2495
20230614,688689,26.3500,26.5000,26.6400,26.0100,26.2300,670720,17561608.0000,1828
20230614,688690,44.1200,43.9000,44.5000,43.6800,43.9000,1106298,48822736.0000,2786
20230614,688696,142.9600,140.9600,142.8600,140.2000,141.7800,555993,78612623.0000,2671
20230614,688697,24.9600,24.8000,26.0800,24.5100,25.9500,4823443,121903797.0000,9587
20230614,688698,29.1800,28.9200,29.0800,28.3700,28.8300,872693,25097245.0000,3308
20230614,688699,56.0200,55.7000,56.0600,54.5000,55.9900,2296889,127067714.0000,5387
20230614,688700,75.3500,75.8100,76.6700,74.0000,74.4900,4900550,368650787.0000,11444
20230614,688701,8.9900,8.8000,8.9900,8.8000,8.8200,459783,4084247.0000,1072
20230614,688707,29.3700,29.3700,29.5400,28.7700,28.7900,2048165,59397428.0000,4297
20230614,688711,61.2000,61.2500,61.8000,60.4000,61.3300,863832,52838777.0000,3090
20230614,688718,16.4300,16.4400,16.5300,16.1600,16.4100,606215,9913046.0000,1861
20230614,688722,17.2500,17.2600,17.3600,17.0900,17.2800,1547487,26646061.0000,3924
20230614,688728,16.7800,16.8200,16.8800,16.6800,16.7900,4633016,77784596.0000,5918
20230614,688733,29.4800,29.7100,29.7500,29.0500,29.0900,840351,24517859.0000,2159
20230614,688737,35.7800,36.1900,36.8600,35.6800,36.5600,535110,19424248.0000,1420
20230614,688739,33.2400,33.2000,33.3800,33.0200,33.0200,1029895,34162126.0000,1784
20230614,688766,118.4100,118.8800,119.6800,115.3100,119.2500,2032365,238009437.0000,7442
20230614,688767,29.2200,29.5000,29.5000,28.5600,28.5600,554595,15953609.0000,1184
20230614,688768,122.4900,123.5000,125.2400,119.9000,121.3600,567182,68970565.0000,2688
20230614,688772,19.7800,19.7800,19.9700,19.5000,19.5100,5954785,117452642.0000,9177
20230614,688776,109.0200,108.9900,108.9900,104.5500,105.7000,974545,103268000.0000,4129
20230614,688777,89.1200,89.3300,90.9800,87.8000,90.0800,5353653,479255702.0000,18630
20230614,688778,49.4300,49.3500,49.6800,48.5000,48.6000,1415145,69156970.0000,3368
20230614,688779,11.9300,12.0100,12.0200,11.6600,11.6700,7263381,85634918.0000,7391
20230614,688786,47.1000,47.1400,47.8200,46.7000,47.2000,1091373,51523096.0000,1952
20230614,688787,115.5000,117.7700,118.8800,113.5100,113.5700,3784503,436197932.0000,9606
20230614,688788,40.8500,41.0300,42.0600,40.1800,41.5000,846822,34792057.0000,2182
20230614,688789,82.7200,82.2800,82.6900,80.8000,81.4800,499363,40744913.0000,2023
20230614,688793,51.3000,51.2900,53.7500,50.3800,52.2400,832771,43557377.0000,2381
20230614,688798,91.9500,92.4000,92.9800,90.5300,91.0400,725635,66449812.0000,3008
20230614,688799,39.6300,39.4000,40.4300,39.1000,40.3100,900479,35941897.0000,2147
20230614,688800,56.6400,56.3000,57.0000,54.5600,54.6400,2938442,162957377.0000,10480
20230614,688819,34.4100,34.6000,34.6100,34.0400,34.0700,1029721,35250665.0000,3493
20230614,688981,55.4000,55.6300,56.2700,55.0600,56.0000,42484235,2368162235.0000,66044
