tradingday,secucode,preclose,open,high,low,close,vol,amount,deals
20240802,000001,10.2700,10.2200,10.2500,10.1300,10.1400,59022876,601173370.8400,35394
20240802,000002,6.9000,6.8300,6.9400,6.8000,6.8100,107423381,736827197.1600,43616
20240802,000004,12.2700,12.2000,12.2000,11.6800,11.9000,10891101,129816484.3800,14748
20240802,000006,3.8500,3.8100,4.0700,3.8100,3.9500,37857692,149218711.5500,10979
20240802,000007,5.0900,5.3000,5.3100,4.8500,4.8800,10332350,51869234.1300,6916
20240802,000008,2.3400,2.3600,2.4900,2.2600,2.2600,195521750,460730715.8400,44342
20240802,000009,8.4000,8.3800,8.4700,8.3200,8.3500,8219297,69100860.7600,12896
20240802,000010,1.9100,1.8900,1.9100,1.7600,1.8100,37040511,67890550.7900,10264
20240802,000011,7.4600,7.5500,8.2100,7.5300,8.2100,23917114,192134006.9400,16704
20240802,000012,5.0200,4.9900,5.0500,4.9800,4.9900,7604162,38146047.5400,8298
20240802,000014,8.4500,8.3900,8.7200,8.3500,8.4900,6714289,57519025.7200,7793
20240802,000016,2.7800,3.0600,3.0600,3.0600,3.0600,18876229,57761260.7400,4524
20240802,000017,5.9700,5.9400,6.4300,5.9200,6.1900,39527500,243055197.0000,36219
20240802,000019,5.9300,5.9000,6.0000,5.8900,5.9600,2939615,17530738.9500,5399
20240802,000020,9.9000,9.8000,10.6300,9.7800,10.0000,5063700,50974350.0000,10890
20240802,000021,14.5500,14.3100,14.4600,13.9300,13.9600,35802490,508592570.8000,48932
20240802,000023,1.7200,1.7200,1.7200,1.7200,1.7200,0,0.0000,0
20240802,000025,14.1300,14.0100,14.3800,13.9900,14.1600,5500690,78252528.5900,10415
20240802,000026,9.0400,9.0100,9.0800,8.9100,8.9600,2335244,21008701.1200,3153
20240802,000027,6.6600,6.6400,6.6800,6.6000,6.6300,14826118,98459446.1400,17897
20240802,000028,29.5200,29.2500,30.0600,29.1400,29.3300,4760630,140611545.5000,15231
20240802,000029,10.5700,10.5600,10.8500,10.4800,10.6000,3536800,37722399.6200,7241
20240802,000030,5.2000,5.1700,5.2000,5.0700,5.1000,9550257,49042413.6900,17869
20240802,000031,2.3900,2.3800,2.4400,2.3800,2.4000,9249100,22221562.0000,6334
20240802,000032,14.5000,14.4000,14.5100,13.9500,13.9500,15948208,226542303.9200,28559
20240802,000034,23.5100,23.1800,23.4000,22.7300,22.8100,15329722,352929576.8800,29941
20240802,000035,4.6900,4.6500,4.6900,4.5100,4.5300,20973071,96524502.0100,21104
20240802,000036,3.0300,3.0200,3.0500,2.9900,3.0000,4949470,14939810.8000,3518
20240802,000037,7.9500,7.8900,7.9800,7.8400,7.8500,6058700,47838954.0000,6387
20240802,000039,7.8300,7.8600,7.9000,7.6200,7.6600,20156143,155967132.9700,31064
20240802,000040,1.1700,1.2300,1.2300,1.1600,1.2300,98354279,120419675.3500,8450
20240802,000042,3.9300,3.8900,4.0100,3.8700,3.9200,9775400,38531449.0000,9135
20240802,000045,7.8800,7.8200,7.9300,7.7500,7.7900,3150100,24672659.0000,7146
20240802,000048,14.6200,14.5600,14.8900,14.5000,14.7800,3828192,56467835.3200,5623
20240802,000049,25.2400,25.0500,25.3900,24.1300,24.3000,12468407,307336522.3900,30940
20240802,000050,7.1700,7.1200,7.1500,6.9300,6.9500,10006800,70324559.0000,16215
20240802,000055,3.4900,3.4900,3.5000,3.4400,3.4500,2754423,9564549.0400,3997
20240802,000056,1.8100,1.7900,1.9000,1.7800,1.8200,27317500,50323252.0000,7790
20240802,000058,5.5600,5.5200,5.6800,5.5000,5.5600,7830001,43720425.2600,11645
20240802,000059,4.1100,4.1000,4.1400,4.0700,4.0800,6904420,28314900.8000,8135
20240802,000060,4.2100,4.1700,4.2200,4.1500,4.1800,25751484,107814388.5900,16280
20240802,000061,5.1900,5.1700,5.2500,5.1600,5.1900,3385700,17621445.0000,6060
20240802,000062,9.0300,8.9600,9.0200,8.7900,8.8100,5769621,51421229.2200,11108
20240802,000063,27.1600,26.8700,27.0700,26.5700,26.6100,55821851,1495257292.7700,73860
20240802,000065,9.8100,9.7700,9.8800,9.7100,9.7300,5482278,53744914.2400,10552
20240802,000066,8.6800,8.6100,8.7300,8.5100,8.5100,19808423,170815881.7800,22065
20240802,000068,2.7700,2.7300,2.7800,2.7000,2.7000,11324942,30987013.6300,6404
20240802,000069,2.0300,2.0200,2.0600,2.0100,2.0200,41330233,84163421.8800,8948
20240802,000070,4.5000,4.4600,4.4800,4.3700,4.3900,17115860,75650966.2700,4826
20240802,000078,2.4600,2.4500,2.5100,2.4200,2.4500,29342216,72334638.2200,9336
20240802,000088,4.6700,4.6700,4.6900,4.6300,4.6500,6411112,29882986.0800,8478
20240802,000089,6.6500,6.6300,6.6900,6.5900,6.6200,11646368,77307243.0800,14502
20240802,000090,3.7700,3.7600,3.8000,3.7400,3.7400,13450929,50642447.0400,9105
20240802,000096,9.5000,9.4600,9.6500,9.4200,9.4900,5258400,50121679.0000,3641
20240802,000099,19.9000,19.2600,20.9800,19.0600,19.6000,182956319,3680120386.2300,254704
20240802,000100,3.9000,3.9000,3.9300,3.8300,3.8500,161961357,629428357.7900,47583
20240802,000151,9.4000,9.3800,9.5500,9.3400,9.3800,5862700,55338509.9600,5464
20240802,000153,5.3300,5.3200,5.4600,5.3000,5.3600,10311119,55690713.4300,11422
20240802,000155,9.9200,9.9000,9.9800,9.8000,9.8100,7809800,77182987.0000,11117
20240802,000156,6.2900,6.2400,6.3200,6.2000,6.2200,6810200,42686102.0000,10057
20240802,000157,6.7100,6.6700,6.6900,6.5600,6.5800,26682893,176394063.4700,27872
20240802,000158,6.3000,6.2300,6.3200,6.1400,6.1500,32272978,200837264.4000,28498
20240802,000159,6.0600,5.9000,6.1300,5.8800,6.0500,13040292,78713316.0900,10009
20240802,000166,4.6300,4.6100,4.6500,4.5600,4.5700,61860005,284269631.5400,37872
20240802,000301,7.8400,7.8000,7.8900,7.7500,7.7900,7015433,54963040.4000,7004
20240802,000333,63.5800,63.3000,64.2800,62.5700,62.9900,20261524,1280021474.2100,65040
20240802,000338,13.4900,13.3600,13.4600,13.0300,13.1000,84632127,1115759649.9900,89043
20240802,000400,30.4100,30.2500,30.8800,29.8000,30.0000,8881229,268527844.7200,24988
20240802,000401,4.4500,4.4500,4.5000,4.4300,4.4400,5620617,25092247.8000,7701
20240802,000402,2.2400,2.2300,2.2800,2.2200,2.2300,26877315,60290499.6000,11891
20240802,000403,25.0500,24.9000,25.6600,24.8000,25.0700,3898376,98592410.9400,13092
20240802,000404,5.8000,5.7500,5.8100,5.6400,5.6400,14728101,84305744.6400,11707
20240802,000407,2.6700,2.6500,2.6800,2.6300,2.6400,5701100,15133242.0000,3875
20240802,000408,22.8800,22.6000,23.0300,22.5300,22.8100,6822619,155331060.2400,12041
20240802,000409,7.8400,7.8000,7.8700,7.6900,7.7100,5351757,41644980.1500,9659
20240802,000410,6.6600,6.6100,6.6900,6.5800,6.6700,6384700,42423597.8000,4468
20240802,000411,9.6600,9.6700,9.8200,9.6100,9.6300,3332142,32373983.0400,4664
20240802,000413,0.5800,0.5500,0.5500,0.5500,0.5500,1789900,984445.0000,658
20240802,000415,2.8600,2.8500,2.8600,2.8000,2.8200,68969835,195152395.4000,19548
20240802,000417,4.2400,4.2000,4.2700,4.1900,4.2100,6830006,28868990.4400,7068
20240802,000419,4.2900,4.2700,4.3100,4.2500,4.2700,3392900,14556604.0000,4951
20240802,000420,3.2900,3.2700,3.3400,3.2400,3.2500,32848430,108187451.6600,17691
20240802,000421,5.7000,5.6800,5.7100,5.4000,5.4200,64193634,352519245.4800,60391
20240802,000422,11.6600,11.5800,11.8100,11.4600,11.5100,12363800,143597153.0000,17348
20240802,000423,48.7400,48.4000,49.0600,47.4000,47.5200,8000971,384611416.6200,35468
20240802,000425,6.4100,6.3200,6.4100,6.3000,6.3700,58277068,370399139.6600,40739
20240802,000426,12.6900,12.5000,12.6400,12.2500,12.5900,29062258,361703786.4000,40319
20240802,000428,2.8500,2.8200,2.9200,2.8200,2.9000,14317200,41410180.0000,7368
20240802,000429,11.1800,11.1300,11.3200,11.0500,11.2700,9995263,112134128.1200,14350
20240802,000430,5.9600,5.9200,6.0100,5.8800,5.9200,4595200,27320707.0000,3372
20240802,000488,3.5500,3.5400,3.5800,3.5200,3.5500,9297000,33047459.0000,10843
20240802,000498,5.1000,5.0700,5.1900,5.0500,5.1400,7077701,36426014.1400,6922
20240802,000501,7.0700,7.0500,7.1200,7.0400,7.0800,4986630,35333694.4000,5946
20240802,000503,7.3600,7.3600,7.6900,7.3100,7.5200,36073072,272128391.7200,27658
20240802,000504,6.9900,6.9500,7.6900,6.9200,7.1600,12722799,93526423.2400,13367
20240802,000505,5.2800,5.2700,5.3500,5.2200,5.2400,3648400,19307221.0000,5824
20240802,000506,1.4400,1.4600,1.5100,1.4600,1.5100,136545768,204638983.4400,15883
20240802,000507,4.6300,4.6100,4.6700,4.5900,4.6400,5278439,24498578.9600,5699
20240802,000509,2.4400,2.4600,2.4800,2.4200,2.4300,4487000,10981422.0000,3233
20240802,000510,2.9600,2.9400,3.0300,2.9400,2.9800,8675200,25955822.0000,5618
20240802,000513,36.1000,36.0100,36.8100,35.9300,36.1500,3595211,131090198.3600,13533
20240802,000514,3.1500,3.1400,3.2100,3.1100,3.1600,13965114,44221693.9200,10807
20240802,000516,4.7100,4.6800,4.8900,4.6700,4.7400,20164328,96828903.7200,14309
20240802,000517,2.7200,2.7100,2.7500,2.6900,2.7100,17433500,47363482.0000,9162
20240802,000518,2.1300,2.1600,2.3400,2.1600,2.3400,92613947,213369808.4700,29658
20240802,000519,13.4500,13.3400,13.7500,13.3100,13.3700,30878250,417852875.0700,40497
20240802,000520,2.4000,2.3800,2.4200,2.3500,2.3700,28374800,67555098.0000,7332
20240802,000521,8.3200,8.3200,8.5200,8.1400,8.1700,44077244,365951994.6000,45928
20240802,000523,2.6500,2.6400,2.6700,2.6200,2.6400,5803100,15366240.2000,5061
20240802,000524,9.8000,9.5700,9.7800,9.3900,9.3900,33217690,317949449.0000,22809
20240802,000525,6.4900,6.5000,6.8100,6.4900,6.6700,8626491,57882389.7900,2965
20240802,000526,56.9000,55.5000,57.9000,54.0000,54.8400,2104300,117358129.0000,9346
20240802,000528,9.8400,9.7800,10.0000,9.6600,9.7500,17337732,170658014.0100,32796
20240802,000529,5.8300,5.7700,5.9800,5.7700,5.9100,5796400,34221879.0000,6723
20240802,000530,3.8300,3.8200,3.8500,3.7700,3.7900,8063540,30732111.2000,10001
20240802,000531,5.1000,4.9800,5.0600,4.9200,4.9400,14401875,71534581.4900,8373
20240802,000532,12.4200,12.3100,12.5400,12.0700,12.1100,10810834,132780891.4000,21129
20240802,000533,3.2300,3.2300,3.2700,3.1800,3.1800,7895360,25482674.8000,10347
20240802,000534,9.9000,9.8000,10.2400,9.7500,9.9600,4186284,42113686.8800,8031
20240802,000536,2.0000,2.0000,2.0000,1.9400,1.9400,29600200,58275183.0000,11611
20240802,000537,8.6900,8.6500,8.7300,8.5800,8.5900,4641739,40129154.3500,5836
20240802,000538,50.5300,50.2800,51.1400,50.1700,50.5300,5587741,283192905.1000,21694
20240802,000539,4.7100,4.6800,4.7000,4.6200,4.6300,15395000,71746043.0000,8114
20240802,000541,4.7400,4.7000,4.7700,4.6700,4.6800,7833855,36956897.7200,12040
20240802,000543,8.7500,8.6800,8.9000,8.5500,8.8000,27242524,238288435.1200,30144
20240802,000544,7.4200,7.3600,7.4000,7.2900,7.3000,5840000,42876164.0000,10108
20240802,000545,1.7500,1.7400,1.7800,1.7300,1.7300,6569796,11517838.0400,2639
20240802,000546,4.1900,4.1500,4.2300,4.1400,4.1600,8355100,35002464.0000,10939
20240802,000547,7.1900,7.2000,7.6800,7.0500,7.0900,145156494,1076930802.4800,117851
20240802,000548,4.2400,4.2200,4.2700,4.1900,4.1900,10761514,45540108.9800,5863
20240802,000550,31.3900,31.1400,31.3900,28.2500,28.2500,64751951,1895550895.1400,100724
20240802,000551,9.4000,9.3500,9.4900,9.2800,9.3100,5337718,50154878.6800,11431
20240802,000552,2.7900,2.7600,2.7900,2.7100,2.7200,43618579,119831407.6000,18999
20240802,000553,4.4300,4.4200,4.5300,4.3800,4.4300,4819734,21503091.9800,7730
20240802,000554,5.2200,5.2000,5.2500,5.1600,5.1900,5550501,28908234.1600,6228
20240802,000555,9.0000,8.9400,9.0200,8.7000,8.7200,8695600,76978825.0000,14688
20240802,000557,4.2900,4.2600,4.3000,4.1700,4.1900,10437488,43995165.7200,10453
20240802,000558,2.2000,2.1900,2.2500,2.1800,2.2100,10734600,23810350.5000,4397
20240802,000559,4.6100,4.6200,4.6400,4.5500,4.5700,12203380,56176752.8000,14594
20240802,000560,2.6900,2.6700,2.8300,2.6500,2.7000,353459295,963881336.9200,75564
20240802,000561,6.7500,6.6700,6.8500,6.6200,6.6600,8436700,56779967.0000,12683
20240802,000563,2.9400,2.9300,2.9500,2.9100,2.9200,41051391,120304808.6100,23200
20240802,000564,1.7600,1.7500,1.7700,1.7300,1.7400,113133779,198063856.8400,11793
20240802,000565,4.2900,4.2400,4.2800,4.1000,4.1300,8871360,36909576.8000,7664
20240802,000566,3.0600,3.0400,3.1500,3.0300,3.0900,9798641,30424082.2800,7494
20240802,000567,5.5100,5.5000,5.5600,5.2500,5.2700,16706236,90283400.1800,25221
20240802,000568,124.7900,123.2300,125.7800,123.2300,123.3500,8130939,1010650366.4300,37371
20240802,000570,4.7000,4.6700,4.7000,4.5500,4.5800,7361300,34061719.0000,9856
20240802,000571,3.0300,3.0000,3.0600,2.9800,3.0500,8363484,25324518.6000,3975
20240802,000572,4.0500,4.0900,4.1400,3.8500,3.8700,196324639,786435401.5400,67347
20240802,000573,2.2100,2.1900,2.2300,2.1800,2.1900,6184600,13633611.0000,4110
20240802,000576,6.0600,6.0100,6.1400,5.9500,5.9700,4120909,24925535.8200,7467
20240802,000581,16.8600,16.8000,16.8000,16.5500,16.5800,4846000,80732790.0000,11679
20240802,000582,7.7200,7.6900,7.8300,7.6800,7.7800,8641400,67060216.6000,12254
20240802,000584,1.8100,1.7900,1.8100,1.7200,1.7700,23852217,42051430.7500,4015
20240802,000586,7.4100,7.3900,7.4100,7.1900,7.2000,2726900,19898919.0000,4309
20240802,000589,4.8200,4.8000,4.8400,4.7700,4.7800,28962479,138923480.5300,15887
20240802,000590,5.3500,5.3300,5.4500,5.2700,5.3400,4082300,21995894.0000,5056
20240802,000591,4.4500,4.4200,4.4700,4.4000,4.4100,17654202,78376096.6300,9886
20240802,000592,1.4300,1.4200,1.4400,1.3900,1.4000,21975887,31136568.4100,5179
20240802,000593,4.6900,4.6900,4.7300,4.6300,4.6500,4147900,19409650.0000,6271
20240802,000595,4.2000,4.1600,4.2300,3.9200,3.9300,36305200,146302971.0000,20435
20240802,000596,179.4300,178.0000,180.8500,177.2800,178.3000,1641463,293897648.8000,10433
20240802,000597,4.0200,4.0000,4.1400,3.9800,4.0900,15898357,65035475.3900,13879
20240802,000598,8.0200,7.9900,8.1600,7.8700,8.1200,25964514,209325331.9400,44965
20240802,000599,3.5500,3.5200,3.5600,3.4600,3.4800,6106800,21459792.0000,7902
20240802,000600,5.1100,5.0900,5.1200,5.0200,5.0500,15706000,79558054.0000,19154
20240802,000601,3.7700,3.7400,3.7600,3.6900,3.7000,5041300,18779190.0000,5472
20240802,000603,11.6800,11.4400,11.6800,11.4000,11.5400,13509581,155701128.5000,16733
20240802,000605,4.8100,4.7800,4.8100,4.7000,4.7400,3928100,18685514.0000,5819
20240802,000607,3.0600,3.0500,3.0900,3.0200,3.0300,6524700,19894612.0000,7197
20240802,000608,1.5300,1.5100,1.5400,1.5000,1.5100,8302900,12629956.0000,3936
20240802,000609,1.8100,1.7900,1.9000,1.7800,1.8700,4867510,9015421.3000,811
20240802,000610,12.0800,11.9500,12.1800,11.9200,12.0000,5283302,63690410.1600,7056
20240802,000612,5.7200,5.6600,5.6800,5.5400,5.5500,19935270,111660563.8000,17031
20240802,000615,2.0500,2.0300,2.0800,2.0200,2.0200,11342901,23217767.0500,1470
20240802,000617,5.5900,5.5600,5.6000,5.4900,5.5000,32421749,179725856.5400,19840
20240802,000619,3.9800,3.9300,4.0300,3.9300,3.9600,3688900,14697010.4000,4138
20240802,000620,1.6000,1.5900,1.6200,1.5700,1.5700,33423715,53089298.7000,6044
20240802,000622,1.7100,1.7000,1.8000,1.6900,1.8000,9397285,16723714.5800,1149
20240802,000623,13.5000,13.4500,13.6800,13.4300,13.5100,10084077,136841444.5100,13778
20240802,000625,14.2100,14.0000,14.0600,13.6800,13.7200,217526010,3005735558.5900,211763
20240802,000626,4.9600,5.2300,5.4600,4.5500,4.6200,33944954,168397574.6900,28054
20240802,000627,1.8900,1.8700,1.9000,1.8300,1.8400,29404300,54853312.0000,11209
20240802,000628,43.9400,43.2500,45.4000,43.2200,43.4200,19543900,862849728.0000,49214
20240802,000629,2.4200,2.4000,2.4400,2.3700,2.4000,54420155,131516228.4500,15714
20240802,000630,3.1600,3.1000,3.1400,3.0800,3.1100,144998506,451027519.4500,44354
20240802,000631,2.3900,2.3900,2.4200,2.3700,2.3900,5118500,12269219.0000,4484
20240802,000632,2.7800,2.7700,2.8000,2.7500,2.7700,6859200,19058790.0000,6089
20240802,000633,3.9700,4.0200,4.0200,3.8800,3.8900,4281300,16819227.0000,6903
20240802,000635,6.0400,6.0200,6.1200,5.9800,6.0300,2434952,14756591.5200,4413
20240802,000636,14.5500,14.3800,14.5600,14.0600,14.1100,19785000,282929034.2700,32633
20240802,000637,3.2100,3.1900,3.2600,3.1700,3.2200,3926300,12644894.0000,2160
20240802,000638,3.7000,3.6800,3.7300,3.6300,3.6400,14521200,53520577.0000,9964
20240802,000639,2.3800,2.3700,2.4400,2.3600,2.3900,14743880,35471091.4000,8239
20240802,000650,5.6600,5.6400,5.7500,5.6200,5.6600,28709700,163501064.0000,22663
20240802,000651,40.6200,40.4900,41.0300,40.0900,40.6500,30526884,1241507672.4200,61545
20240802,000652,3.1600,3.1600,3.1900,3.1300,3.1400,11993500,37924684.0000,6731
20240802,000655,5.5400,5.4800,5.5800,5.4200,5.4900,3070013,16918634.0900,4314
20240802,000656,1.1500,1.1400,1.1800,1.1300,1.1600,114265900,132061276.0000,8506
20240802,000657,8.4700,8.3700,8.5100,8.3300,8.3500,11426602,96059038.3400,16349
20240802,000659,1.9000,1.8800,1.9500,1.8700,1.8900,10763900,20569109.0000,2708
20240802,000661,92.4600,91.8700,94.3800,91.6600,92.6000,4238239,395085411.8100,17926
20240802,000663,4.3200,4.2800,4.3600,4.2700,4.2900,6698500,28885464.0000,7163
20240802,000665,3.5300,3.5000,3.5500,3.5000,3.5000,7719849,27253085.8000,7493
20240802,000668,6.3900,6.3600,6.4400,6.2000,6.2400,1824800,11486467.0000,2222
20240802,000669,1.3600,1.3400,1.3600,1.3300,1.3400,3419300,4592681.0000,376
20240802,000670,4.8700,4.7900,5.3600,4.7200,5.2800,103732073,525651221.7700,72963
20240802,000672,6.3900,6.3900,6.4500,6.3400,6.3600,2817860,18016960.2000,4355
20240802,000676,5.7800,5.7100,5.8100,5.6300,5.6300,25609130,146374383.0000,16885
20240802,000677,2.7400,2.7100,2.7900,2.6600,2.6800,25669275,70006555.0000,13459
20240802,000678,3.9400,3.9100,3.9400,3.8500,3.8600,5056700,19673175.0000,6340
20240802,000679,3.0700,3.0600,3.1800,2.9600,3.1200,27103250,83696717.0000,10270
20240802,000680,6.8900,6.8700,6.9600,6.7900,6.8500,18252200,125605615.5900,23385
20240802,000681,11.5800,11.5200,11.6600,11.3300,11.3900,7324035,84346871.3000,11597
20240802,000682,11.1600,11.0800,11.2800,11.0000,11.0600,9291674,103422041.5700,17683
20240802,000683,6.7200,6.6900,6.7200,6.5300,6.5400,29390727,193957379.4500,30770
20240802,000685,7.4700,7.4400,7.4800,7.3900,7.4100,7248234,53868912.3000,8208
20240802,000686,6.0000,5.9800,6.0200,5.8600,5.8900,11691280,69482932.2000,12431
20240802,000688,10.0000,9.9200,10.2100,9.8400,10.0100,3852870,38727744.3400,8995
20240802,000690,4.6600,4.6300,4.6800,4.6100,4.6300,13471600,62505298.0000,10140
20240802,000691,3.6600,3.6700,3.6800,3.6200,3.6300,3227400,11783950.0000,2718
20240802,000692,3.0300,3.0200,3.0700,3.0100,3.0200,3912100,11863256.0000,2410
20240802,000695,9.4800,9.3800,9.5100,9.2000,9.4200,1332000,12458649.0000,1542
20240802,000697,6.6200,6.5000,6.7000,6.3700,6.3800,22431500,145891752.0000,20041
20240802,000698,3.0900,3.0800,3.1200,3.0600,3.0800,4624129,14334258.0300,6395
20240802,000700,5.8100,5.7900,5.8600,5.7100,5.7200,14713000,85106529.0000,14175
20240802,000701,3.8500,3.8200,3.9300,3.8100,3.8800,21885550,84964776.5000,20143
20240802,000702,4.2900,4.2600,4.7000,4.2500,4.4800,37523186,167952740.9600,31799
20240802,000703,6.3500,6.3300,6.3900,6.2800,6.2900,16523033,104630228.5700,22229
20240802,000705,7.4000,7.3400,7.5700,7.3200,7.4300,14452820,108103001.0400,9606
20240802,000707,6.6000,6.5300,6.6200,6.5100,6.5700,3908200,25723671.0000,4755
20240802,000708,12.3600,12.2800,12.4300,12.1700,12.2200,8560187,105187589.2800,16112
20240802,000709,1.9500,1.9400,1.9700,1.9300,1.9400,51493023,100635576.8600,12457
20240802,000710,7.6100,7.5800,7.8200,7.5100,7.6200,9861400,76157319.0000,15722
20240802,000711,1.6400,1.6200,1.6700,1.6100,1.6400,4990500,8217027.0000,471
20240802,000712,12.9800,12.8000,13.5000,11.6800,11.7400,164421321,2066044247.3200,148742
20240802,000713,5.4800,5.4500,5.5900,5.4300,5.5100,5259899,29074889.6600,6800
20240802,000715,4.9100,4.9000,5.0500,4.8500,4.9100,9432498,46733475.8200,12123
20240802,000716,3.7400,3.7400,3.8300,3.7100,3.7900,13713200,51931946.0000,9606
20240802,000717,1.7400,1.7200,1.7500,1.7100,1.7300,8940796,15491425.0400,3055
20240802,000718,1.7000,1.7000,1.7200,1.6800,1.6900,13144400,22321606.0000,5428
20240802,000719,10.1500,10.1100,10.2600,10.0100,10.0200,5135382,52035709.9800,9159
20240802,000720,2.4300,2.4200,2.4600,2.4000,2.4100,5382300,13092815.0000,2926
20240802,000721,7.0400,6.9800,7.1400,6.9300,7.0700,10269000,72532871.6000,10001
20240802,000722,8.8400,8.8300,9.0900,8.7900,8.9600,10577672,94454161.6900,10681
20240802,000723,4.3800,4.3800,4.4300,4.3200,4.3300,26088473,113917053.0900,17522
20240802,000725,3.9100,3.8900,3.9300,3.8700,3.8700,238085900,928767659.0400,56670
20240802,000726,5.6300,5.6100,5.6700,5.5700,5.6200,3560610,20050212.1000,4853
20240802,000727,2.0000,1.9900,2.0100,1.9500,1.9600,34630300,68554157.0000,12284
20240802,000728,6.6900,6.6300,6.6800,6.4800,6.5000,40970005,269047935.0800,33581
20240802,000729,9.5200,9.4800,9.6800,9.4500,9.5300,13051885,125367506.9400,26841
20240802,000731,6.4900,6.4500,6.5300,6.4300,6.4600,2248510,14585293.6000,2292
20240802,000733,40.2200,39.8100,40.6600,39.4000,39.4800,5743300,229513441.3000,14698
20240802,000735,4.9200,4.8900,5.0400,4.8900,4.9500,27445318,136378446.2600,26171
20240802,000736,8.0500,8.0000,8.2300,7.9600,7.9900,11748051,95010012.2800,11352
20240802,000737,9.0000,8.6600,8.7900,8.6000,8.7100,50297901,437812907.7200,38543
20240802,000738,21.6200,21.3000,22.0200,21.2500,21.4500,10216137,221412633.1300,25261
20240802,000739,14.6300,14.5500,14.9900,14.5000,14.7800,8220073,121952990.6800,16815
20240802,000750,3.0900,3.0800,3.1000,3.0100,3.0200,64387139,196785203.4500,22044
20240802,000751,2.6000,2.5800,2.6100,2.5400,2.5800,8860451,22902001.6900,4283
20240802,000752,7.1200,7.1200,7.1800,7.0800,7.1100,1154900,8228362.0000,659
20240802,000753,2.8400,2.8700,2.8700,2.8100,2.8200,5108500,14487324.0000,4938
20240802,000755,4.2800,4.2800,4.2900,4.2300,4.2400,3016801,12856010.2700,2613
20240802,000756,14.8800,14.7800,15.3000,14.7600,15.1400,11030228,167194367.5900,18359
20240802,000757,2.9600,2.9400,3.2600,2.9200,3.2600,43655543,134692871.3000,11546
20240802,000758,4.7800,4.7400,4.7800,4.7100,4.7400,17863352,84823900.8200,20825
20240802,000759,2.9300,2.9000,3.1800,2.8700,3.0200,37261547,112320795.8200,8947
20240802,000761,2.6600,2.6500,2.6800,2.6300,2.6300,4860400,12900457.0000,5676
20240802,000762,18.1300,18.0400,18.9800,17.9900,18.2800,14935335,275533760.7000,27042
20240802,000766,14.4000,14.2900,14.6500,14.1500,14.4600,14776058,214153223.6500,16598
20240802,000767,2.3900,2.3900,2.4000,2.3600,2.3600,9772174,23277723.8600,3896
20240802,000768,25.9300,25.6600,26.2800,25.6000,25.6300,14434817,373417009.2600,34628
20240802,000776,12.5200,12.4500,12.5300,12.2700,12.3000,20812816,257627418.8600,25911
20240802,000777,14.8000,14.6600,15.0000,14.5100,14.5900,8274600,122284492.0000,10165
20240802,000778,3.5700,3.5500,3.6000,3.5400,3.5600,20777214,74324374.6000,10389
20240802,000779,6.5600,6.5000,6.6700,6.4700,6.5200,6591900,43287548.2500,9480
20240802,000782,4.1900,4.1900,4.2200,4.1500,4.1700,2031304,8505587.6800,3212
20240802,000783,5.1800,5.1500,5.1800,5.0400,5.0500,36614586,187122790.7800,24302
20240802,000785,2.5700,2.5600,2.6600,2.5500,2.6200,38534300,101283887.0000,16070
20240802,000786,25.0800,24.9500,24.9900,24.5000,24.5200,11163213,275589451.0300,24681
20240802,000788,5.4900,5.4800,5.6300,5.4300,5.5400,9635800,53664211.0200,14241
20240802,000789,4.6300,4.6000,4.6600,4.5900,4.6100,2857551,13214264.8900,4822
20240802,000790,3.5400,3.5400,3.6200,3.5200,3.5700,8725745,31239041.3400,7657
20240802,000791,5.9100,5.8500,5.9200,5.8300,5.8400,11090366,65075254.2000,14221
20240802,000792,15.1300,15.0000,15.1600,14.8500,15.0200,20264662,304186046.9600,27416
20240802,000793,1.2000,1.1900,1.2800,1.1800,1.2300,164447732,201883706.7100,20404
20240802,000795,5.7900,5.7700,5.8100,5.7100,5.7200,7512116,43233116.3200,14277
20240802,000796,3.3100,3.3000,3.3400,3.3000,3.3000,4494000,14891938.0000,914
20240802,000797,2.5300,2.5200,2.5800,2.5000,2.5200,26063909,66145968.1300,8312
20240802,000798,6.2400,6.2300,6.3800,6.2000,6.2800,3965403,25005751.0400,5759
20240802,000799,40.0500,39.5800,40.4700,39.5400,39.8900,3712382,149125208.3200,12359
20240802,000800,8.4700,8.4000,8.4700,8.2800,8.3000,11273480,94315602.2900,17201
20240802,000801,11.0900,10.8400,11.9900,10.8100,11.2600,103802899,1178593081.4500,98601
20240802,000802,4.9700,4.9900,5.0200,4.9200,4.9500,3438100,17120934.0000,2861
20240802,000803,3.3700,3.3600,3.3900,3.3300,3.3400,4091050,13734155.9400,5555
20240802,000807,12.0300,11.8000,11.9100,11.6600,11.7700,34562143,406114850.2100,38256
20240802,000809,2.1100,2.1300,2.1300,2.0800,2.0900,886600,1858578.0000,197
20240802,000810,8.1600,8.0900,8.2200,7.9700,7.9800,8965050,72572898.0000,15390
20240802,000811,8.8200,8.7600,8.8500,8.6400,8.6700,7101300,62090168.0000,10920
20240802,000812,3.8900,3.8500,3.9200,3.7900,3.8000,10168802,39141069.8600,9946
20240802,000813,2.3800,2.3700,2.4700,2.3600,2.4100,31919501,77450103.9400,11161
20240802,000815,7.4000,7.3200,7.4000,7.2300,7.2400,10483684,76636485.0400,10717
20240802,000816,1.8200,1.8000,1.8300,1.7800,1.7900,23438200,42384848.0000,9147
20240802,000818,20.1900,20.1000,20.2200,19.4000,19.4300,7476100,148289036.0000,15973
20240802,000819,15.8500,15.7700,15.8800,15.5000,15.5800,3708947,58040932.3900,5928
20240802,000820,2.3000,2.3000,2.3000,2.2200,2.2300,7172600,16187292.0000,2854
20240802,000821,11.3600,11.3100,11.4000,11.1500,11.1800,8034416,90616465.6000,15019
20240802,000822,5.6200,5.5900,5.6400,5.5600,5.5700,4685022,26261762.3200,5683
20240802,000823,8.1000,7.9900,8.0300,7.8600,7.8800,10070176,80045452.8800,12810
20240802,000825,3.5500,3.5300,3.5800,3.5200,3.5400,15435276,54849169.6400,12872
20240802,000826,1.5300,1.4900,1.5400,1.4800,1.5100,21981380,33166322.2000,5204
20240802,000828,10.6100,10.4600,10.5300,9.9600,10.0000,30978078,314304038.6200,31697
20240802,000829,8.4400,8.4000,8.4000,8.0100,8.0300,28700243,233881152.6900,24587
20240802,000830,11.1200,11.0400,11.1700,10.9400,10.9700,14198402,156316736.4700,26892
20240802,000831,23.5500,23.3600,23.7000,23.2200,23.3500,7772400,182598213.7400,11235
20240802,000833,4.9300,4.8700,5.0200,4.8600,4.9300,6361705,31501007.4100,9770
20240802,000836,0.3700,0.3700,0.3700,0.3700,0.3700,0,0.0000,0
20240802,000837,7.9000,7.8000,7.9100,7.6600,7.6700,16330438,126949778.0800,18014
20240802,000838,2.2800,2.2800,2.3000,2.2400,2.2600,12973300,29425290.0000,4990
20240802,000839,2.5000,2.4800,2.5100,2.4400,2.4600,16475263,40747345.9800,5320
20240802,000848,7.8400,7.8000,7.9600,7.8000,7.9000,7944951,62870739.0200,13146
20240802,000850,3.1500,3.1500,3.1700,3.1200,3.1400,3995400,12588002.0000,3589
20240802,000851,2.3100,2.4300,2.4300,2.3300,2.4300,117232241,283907419.7200,14479
20240802,000852,5.5700,5.5400,5.6000,5.4800,5.5000,5239699,28986621.0300,6828
20240802,000856,6.1300,6.0900,6.1500,5.9900,6.0200,2978201,18072516.0900,5204
20240802,000858,124.0000,123.0000,124.5200,122.8800,123.7000,9950169,1231884912.0600,43913
20240802,000859,3.2900,3.2500,3.2900,3.1900,3.2100,9124160,29554917.6000,9274
20240802,000860,17.1300,17.0500,17.5900,17.0100,17.0700,17670930,305578270.5000,29118
20240802,000861,0.7700,0.6900,0.6900,0.6900,0.6900,17762800,12256332.0000,3814
20240802,000862,4.3700,4.3500,4.4100,4.3300,4.3300,4833801,21107231.3800,4443
20240802,000863,3.6400,3.6400,3.8100,3.5600,3.6700,22134702,81751833.3000,7446
20240802,000868,5.8600,5.7500,6.1000,5.4700,5.6400,145236105,835572962.1500,75491
20240802,000869,21.9600,21.9000,22.0400,21.8200,21.8300,990800,21716122.0000,3930
20240802,000875,5.1500,5.1000,5.1100,5.0300,5.0300,43463075,220151996.2500,23592
20240802,000876,9.5600,9.5300,9.7800,9.5000,9.6900,21928280,212711208.9600,19591
20240802,000877,5.3900,5.3700,5.4300,5.3500,5.3600,4544901,24436759.3700,6910
20240802,000878,11.3800,11.1600,11.2300,11.0800,11.1700,27644803,308542814.4000,29764
20240802,000880,11.6200,12.3000,12.7800,10.7800,11.0000,71265274,842357438.5700,74402
20240802,000881,6.2600,6.2000,6.3500,6.1900,6.2600,5719103,36031620.9900,9538
20240802,000882,1.1400,1.1400,1.1600,1.1300,1.1400,48054700,55008356.0000,4518
20240802,000883,5.1000,5.0800,5.1100,5.0000,5.0300,24981400,126293184.0000,26998
20240802,000885,11.8200,11.8200,11.8200,11.5500,11.5700,2846120,33177379.0800,5099
20240802,000886,4.5900,4.6500,4.7500,4.5700,4.5800,31376234,146193322.3000,21220
20240802,000887,11.8800,11.8000,11.8700,11.4900,11.4900,11919154,138863972.9400,19656
20240802,000888,11.5500,11.5400,11.7300,11.4800,11.5700,22694411,263494658.0200,25174
20240802,000889,1.7500,1.7500,1.8400,1.7300,1.8100,32810598,59055027.8000,3503
20240802,000890,2.5600,2.5400,2.5700,2.5200,2.5400,8938600,22729090.0000,3724
20240802,000892,2.6400,2.6100,2.9000,2.6000,2.9000,55795421,155308211.7000,22937
20240802,000893,15.6000,15.4500,17.0800,15.4500,16.3600,22444830,371408015.2200,29778
20240802,000895,22.8500,22.7300,23.2200,22.6900,22.9000,8507660,195839256.8000,20150
20240802,000897,2.0600,2.0500,2.0900,2.0400,2.0600,24034928,49697427.0000,8267
20240802,000898,2.1700,2.1600,2.1900,2.1400,2.1500,22770008,49354438.4600,8592
20240802,000899,8.3200,8.3100,8.3600,8.2200,8.2500,9485438,78622810.5400,12870
20240802,000900,3.8600,3.8500,3.8700,3.8300,3.8600,12112853,46684515.6500,9477
20240802,000901,10.2700,10.7900,11.3000,10.4800,10.9400,171686705,1902142482.0400,139834
20240802,000902,11.1100,11.0700,11.1700,10.9700,11.0400,3028719,33569414.5900,8098
20240802,000903,1.8800,1.8700,1.8800,1.8300,1.8500,27275600,50521698.0000,9266
20240802,000905,5.8500,5.8100,5.9100,5.8100,5.8300,4925400,28862078.0000,6569
20240802,000906,6.3400,6.3100,6.3600,6.2700,6.2900,3229400,20385680.0000,5407
20240802,000908,2.1100,2.2200,2.2200,2.2200,2.2200,1260941,2799289.0200,352
20240802,000909,3.9000,3.8600,4.1000,3.8200,4.0500,11707750,46424993.5000,2730
20240802,000910,6.1100,6.0700,6.1500,6.0300,6.0400,1166900,7108345.0000,1700
20240802,000911,6.3100,6.3000,6.3400,6.2400,6.2900,1930200,12166363.0000,2620
20240802,000912,3.5700,3.5500,3.6000,3.5300,3.5600,5019077,17930277.8000,5587
20240802,000913,16.6600,16.5300,16.6000,15.9100,16.0000,13155410,213752597.6000,32623
20240802,000915,27.3700,27.1000,27.8400,26.9100,26.9100,5054273,137813710.1600,18460
20240802,000917,5.0900,5.0700,5.1400,5.0400,5.0500,16776500,85530674.0000,14159
20240802,000919,6.4600,6.4500,6.5900,6.4000,6.4900,6307643,41164031.0800,7976
20240802,000920,7.4900,7.4600,7.5800,7.4100,7.4300,2395601,17936728.4200,4837
20240802,000921,29.3000,29.1000,29.5600,28.2300,28.3800,14860914,427115464.2100,42759
20240802,000922,12.3600,12.2300,12.4600,12.0200,12.1800,9179094,111858041.3700,13685
20240802,000923,14.0200,13.8300,14.0300,13.7100,13.8800,6545799,90892350.1200,14975
20240802,000925,6.2000,6.1400,6.1600,5.9600,6.0100,19571440,118747919.7600,13396
20240802,000926,2.1800,2.1700,2.2100,2.1500,2.1700,49564673,107996654.7200,24873
20240802,000927,2.5200,2.5300,2.5500,2.5000,2.5300,27775700,70345734.0000,12590
20240802,000928,5.7500,5.7100,5.7700,5.6500,5.6700,15265416,87154968.6800,17763
20240802,000929,6.1900,6.1200,6.2900,6.1000,6.1200,4358200,26968580.0000,5617
20240802,000930,5.0800,5.0600,5.1400,5.0200,5.0900,11568001,59073685.0400,14774
20240802,000931,3.9900,3.9900,4.2800,3.9500,4.0500,16509364,67726660.1600,17658
20240802,000932,4.6100,4.5800,4.6400,4.5500,4.5900,34229025,157852200.7700,15225
20240802,000933,16.3900,16.2500,16.4000,16.0000,16.1300,18744814,303415437.0600,39890
20240802,000935,11.9900,12.0600,12.0800,11.8200,11.8600,2315800,27684563.0000,8329
20240802,000936,5.7400,5.6800,5.7300,5.6200,5.6400,12333900,70028076.0000,16043
20240802,000937,5.5800,5.5300,5.5900,5.5100,5.5300,18016470,99912066.2500,16806
20240802,000938,22.9400,22.4900,22.7000,22.0000,22.0900,60325866,1347107075.6400,89785
20240802,000948,12.5200,12.3800,12.5500,12.2500,12.2900,3782918,46998064.6800,6811
20240802,000949,3.5400,3.5200,3.6200,3.5000,3.5500,25399360,90828108.8000,14079
20240802,000950,4.7800,4.7800,4.8600,4.7500,4.8000,11967500,57705498.0000,9175
20240802,000951,15.5800,15.4700,15.6000,15.0700,15.0700,17954728,274470588.5200,34202
20240802,000952,5.2500,5.2100,5.4200,5.2100,5.3000,6551988,35038724.3400,7617
20240802,000953,3.6600,3.9200,4.0300,3.8000,4.0300,17846228,70509788.4400,6587
20240802,000955,2.9600,2.9200,3.0000,2.9200,2.9500,4726289,14022589.6600,4766
20240802,000957,12.4300,12.0700,12.6900,11.7300,12.2000,105697745,1293000984.6300,104479
20240802,000958,3.7600,3.7600,3.7800,3.7100,3.7200,11666087,43725150.5900,14310
20240802,000959,2.7700,2.7700,2.8200,2.7500,2.7700,19227279,53664588.9400,10619
20240802,000960,14.0400,13.7800,13.8800,13.6500,13.7000,21122563,290469725.4400,28415
20240802,000962,9.9200,9.8000,10.1800,9.7400,9.9400,6666473,66496135.3400,9499
20240802,000963,28.7000,28.6800,29.4800,28.5500,28.9100,8116599,236522871.6500,19431
20240802,000965,2.6400,2.6300,2.6900,2.6100,2.6200,15873580,42062123.4000,8808
20240802,000966,4.3200,4.3000,4.3200,4.2600,4.2600,10896551,46744181.7700,7834
20240802,000967,4.3900,4.3500,4.4700,4.3300,4.3900,16584615,73330332.8200,16356
20240802,000968,5.9600,5.9400,5.9600,5.8500,5.8900,4421300,26095581.0000,7486
20240802,000969,8.6400,8.6100,8.7000,8.5300,8.5500,10016789,86171409.5800,19394
20240802,000970,8.2800,8.2400,8.3800,8.2300,8.2900,9387790,78217868.7500,12682
20240802,000972,2.3200,2.3000,2.3800,2.2800,2.3400,17832000,41899845.0000,8717
20240802,000973,3.6700,3.6400,3.6800,3.6200,3.6400,5504200,20101523.0000,5089
20240802,000975,18.0500,17.9500,18.0900,17.3200,17.8300,29978214,530863476.2600,40837
20240802,000976,0.4100,0.4100,0.4100,0.4100,0.4100,0,0.0000,0
20240802,000977,37.0500,36.4900,36.8300,35.8500,36.0000,48359835,1754487663.0200,100054
20240802,000978,6.0900,6.0500,6.1400,6.0300,6.0700,3771200,22965167.0000,5067
20240802,000980,1.6700,1.6900,1.8400,1.6700,1.8400,344000303,617574110.1200,60724
20240802,000981,1.2800,1.2800,1.4100,1.1600,1.4100,753448841,958787258.6800,79492
20240802,000982,0.1800,0.1800,0.1800,0.1800,0.1800,0,0.0000,0
20240802,000983,8.1400,8.0700,8.1300,8.0400,8.0600,17759586,143404342.3300,13407
20240802,000985,12.5800,12.5100,12.5800,12.3300,12.3400,700000,8722607.0000,2340
20240802,000987,5.3200,5.3000,5.3300,5.2000,5.2100,11385242,59856684.7800,12989
20240802,000988,29.1700,28.8000,29.5400,28.6900,28.7300,15051037,437196398.5100,27809
20240802,000989,7.0400,6.9900,7.0900,6.8900,6.9000,7628303,53305663.5100,3394
20240802,000990,7.1000,7.0300,7.1500,7.0100,7.0500,9321000,66001535.0000,11203
20240802,000993,8.5200,8.4800,8.5600,8.4000,8.4000,4715100,39945813.0000,4812
20240802,000995,8.0900,7.8800,8.1400,7.8800,7.9800,4766500,38312348.0000,4911
20240802,000997,13.2600,13.1600,13.4100,13.1100,13.1700,8662180,114972034.6000,18729
20240802,000998,9.9400,9.8700,10.1200,9.8500,10.0000,17878520,179383446.1000,22830
20240802,000999,41.8000,41.2000,42.7300,41.1500,42.0400,8237836,346867818.7200,25798
20240802,001201,16.5200,16.5200,17.4900,16.3600,16.9200,5823642,99266752.5400,14700
20240802,001202,11.0400,10.9800,11.0800,10.9000,10.9300,661700,7268708.0000,1757
20240802,001203,8.3900,8.3100,8.4000,8.2800,8.3100,4945300,41202537.0000,9738
20240802,001205,15.3300,15.3000,15.4500,15.1500,15.2000,842420,12843633.0000,2344
20240802,001206,13.0100,12.9000,13.0500,12.8300,12.8800,1420896,18364126.4800,4861
20240802,001207,14.0700,14.0300,14.0700,13.7600,13.7700,1562200,21754577.0000,4744
20240802,001208,9.2800,8.7000,9.1900,8.7000,8.7500,40461463,358583455.8600,39734
20240802,001209,12.9200,12.8700,12.9900,12.7600,12.8000,881000,11339937.0000,2576
20240802,001210,12.5300,12.5000,12.5900,12.3600,12.3700,905051,11301025.3000,2563
20240802,001211,15.4400,15.5000,15.5300,15.2300,15.2900,710700,10941588.0000,2247
20240802,001212,22.4300,22.1200,22.4000,21.2900,21.3300,4807029,105030968.1300,10435
20240802,001213,4.1100,4.0900,4.1500,4.0800,4.1100,17804000,73267116.0000,14569
20240802,001215,25.8500,25.7000,27.0000,25.5200,26.0800,2513262,66411865.4200,8618
20240802,001216,11.6300,11.5700,11.7000,11.4600,11.4600,1534200,17771884.0000,4175
20240802,001217,9.4900,9.4400,9.5000,9.3100,9.3100,2435900,22929495.0000,4846
20240802,001218,14.4200,14.4200,14.4600,14.1700,14.2000,831080,11907934.4000,2736
20240802,001219,11.1600,11.1800,11.5000,11.1200,11.2000,8761492,98869624.8800,10801
20240802,001222,11.3600,11.0100,11.0800,10.7200,10.9200,1780940,19500480.6000,3389
20240802,001223,33.3600,33.1100,33.5000,32.8600,32.9500,383537,12718937.6900,1539
20240802,001225,28.1200,27.9900,28.2800,27.8300,27.9800,280500,7863658.0000,1033
20240802,001226,23.0700,22.9600,23.3200,22.5200,22.5200,2303500,52799779.0000,5786
20240802,001227,2.2700,2.2600,2.2800,2.2500,2.2500,22639125,51279610.2500,6535
20240802,001228,19.3400,19.2400,19.4000,19.0500,19.1400,641700,12335615.0000,2154
20240802,001229,27.9800,27.2000,27.4500,26.4600,27.1700,6257567,168665791.7600,14783
20240802,001230,15.2600,15.0800,15.3500,15.0700,15.1600,1219380,18534413.6000,1872
20240802,001231,13.7800,13.7800,15.1600,13.6300,15.1600,3580549,53210787.2800,3430
20240802,001234,16.1100,15.9900,16.1900,15.8400,15.8900,917800,14704654.0000,3040
20240802,001236,7.4000,7.3300,7.5200,7.0500,7.0900,26853906,194153385.9800,34868
20240802,001238,20.2800,20.0300,20.5600,20.0000,20.2300,375000,7632342.0000,1279
20240802,001239,15.4700,15.7200,17.0200,15.7000,17.0200,13131040,221964335.8000,7426
20240802,001255,21.4200,21.4200,21.6800,21.0200,21.3000,1064700,22779179.0000,2568
20240802,001256,13.4200,13.4200,13.5500,13.3300,13.4600,628950,8468007.9400,1570
20240802,001258,6.1800,6.1500,6.2000,6.0800,6.1000,4399800,27020211.0000,4186
20240802,001259,20.1800,20.0600,20.5500,19.9800,20.2400,1233000,25077929.0000,2895
20240802,001260,13.5600,13.5200,13.6800,13.3700,13.3900,1137403,15365021.6800,2685
20240802,001266,22.0300,21.6800,24.2300,21.4000,24.2300,9735024,221093143.6400,17162
20240802,001267,5.9000,5.8000,5.8800,5.5800,5.6100,17204700,98059085.0000,13760
20240802,001268,16.4700,16.2900,16.4900,16.1300,16.1900,795100,12975149.0000,3133
20240802,001269,27.3000,27.0500,27.5800,26.6000,26.6900,2290080,61968283.4000,5928
20240802,001270,37.0500,36.3100,37.2000,35.4300,35.4300,6589946,238642200.6600,18694
20240802,001278,14.8400,14.7900,14.8500,14.5400,14.6100,1455300,21418602.0000,3269
20240802,001282,19.1400,19.3100,19.4400,18.9100,18.9300,1648075,31624057.2300,5347
20240802,001283,35.8000,35.4000,35.5800,34.6000,34.6700,953700,33449699.0000,4758
20240802,001286,10.2800,10.2200,10.2600,10.0200,10.0900,24294833,245788038.5000,41836
20240802,001287,15.8700,15.7000,15.9400,15.4700,15.4800,4797054,75412971.4200,11567
20240802,001288,24.8700,24.7800,25.0400,24.2100,24.7100,843955,20834224.4000,3726
20240802,001289,17.2700,17.2100,17.3100,17.0900,17.1500,3048576,52390900.6300,8720
20240802,001296,15.1300,15.1200,15.1600,14.8000,14.8500,1274844,19102654.8800,2704
20240802,001298,21.7600,21.1800,22.0000,21.0300,21.0800,11599507,247797937.3100,23240
20240802,001299,11.7200,11.6100,11.8300,11.5600,11.7400,1473300,17268386.0000,3842
20240802,001300,11.1800,11.1100,11.6800,10.9800,11.1700,9447800,106748394.0000,17451
20240802,001301,38.5500,38.3000,38.7800,37.4000,37.5000,1420720,53896184.8600,5439
20240802,001306,53.3000,53.2000,53.7500,52.3400,53.0600,1005763,53380783.2500,3999
20240802,001308,20.3000,20.2000,20.3000,19.7600,19.8100,1548917,31017702.5500,5391
20240802,001309,79.3200,77.6000,78.2900,75.0100,75.3000,5010182,383859700.1600,20275
20240802,001311,23.2400,23.0600,23.2900,22.6600,22.7300,1200347,27566085.4500,5544
20240802,001313,6.7100,6.6800,6.7800,6.5600,6.6900,2151100,14380730.0000,6427
20240802,001314,35.9000,35.5000,35.6700,34.6600,34.8300,2925704,102761608.4000,10160
20240802,001316,32.7700,32.4000,36.0500,32.2000,33.2700,8050920,273827032.8800,18725
20240802,001317,23.8400,23.6000,26.2200,23.4000,26.2200,4785592,120879804.7400,7489
20240802,001318,10.0500,9.9900,10.2000,9.9500,10.0400,1235700,12437333.0000,2678
20240802,001319,15.6600,15.5700,15.6900,15.3800,15.3800,1085200,16855709.0000,4075
20240802,001322,6.8100,6.7500,6.9000,6.6600,6.6800,4998233,33905137.7800,11303
20240802,001323,29.0800,29.0600,29.3600,28.5300,29.1500,743000,21614615.9600,2810
20240802,001324,17.0200,16.8900,17.0400,16.6800,16.7600,2203798,37127345.1600,4525
20240802,001326,34.7000,34.6100,35.4500,34.3200,34.7000,845200,29519100.5400,2807
20240802,001328,25.9300,25.9200,26.2100,25.3400,25.5600,1732713,44666558.9700,5020
20240802,001330,4.4400,4.4400,4.5100,4.3900,4.4000,6606200,29391599.0000,8669
20240802,001331,10.8600,10.8300,10.8300,10.6900,10.6900,1173460,12606990.4000,3727
20240802,001332,23.8200,23.5000,23.7200,22.9100,22.9400,798640,18667031.9500,2401
20240802,001333,16.0700,16.0000,16.1300,15.8900,15.9200,267000,4277218.0000,778
20240802,001336,16.2700,16.1700,16.3900,16.0600,16.1600,1284355,20882726.9500,2939
20240802,001337,24.0000,23.8000,24.3900,23.6200,24.2600,8328961,200698263.6900,18696
20240802,001338,9.9300,9.8500,10.1000,9.8500,9.9200,4783500,47801609.0000,12967
20240802,001339,29.2500,29.0000,29.3500,28.4100,28.5300,6368200,183956364.0000,19886
20240802,001358,19.5400,19.5200,21.4900,19.2900,21.4900,3400586,70147709.9500,6164
20240802,001359,21.6700,21.6900,23.8400,21.3500,22.9100,17058884,396120967.4100,23846
20240802,001360,13.2300,13.2400,13.5500,13.0600,13.5300,3607731,48158993.0600,5402
20240802,001366,10.8700,10.8000,11.8100,10.7500,11.2200,8020080,90243702.4400,12947
20240802,001367,22.7500,22.6100,25.0300,22.5700,24.0500,4977397,122584121.3400,7371
20240802,001368,17.7600,17.7800,17.9000,17.5500,17.5800,897200,15899364.0000,2884
20240802,001373,25.6600,25.6000,27.3000,25.0000,26.8100,4508034,118883988.7100,8047
20240802,001376,17.7300,17.7000,18.5800,17.5000,17.9100,4999399,89664449.0000,13227
20240802,001378,25.2100,25.0000,26.6900,24.9400,25.8900,4016654,103676748.2300,8353
20240802,001379,29.7800,31.0000,32.7600,27.8900,32.7600,26594912,830150275.5400,59237
20240802,001380,17.5800,17.4900,18.6600,17.2400,17.9500,5155634,91369013.9900,11158
20240802,001387,15.3600,15.1600,16.8000,15.1000,15.8800,11498349,181614897.1200,17738
20240802,001389,41.1700,40.6900,40.7200,39.5500,40.0200,3498897,140304311.1800,8060
20240802,001696,14.2600,14.5000,15.6900,14.4600,15.6800,321218958,4923430105.2600,320344
20240802,001872,20.4300,20.1600,20.5800,20.0800,20.4800,5863663,119485017.6300,15951
20240802,001896,3.7900,3.7700,3.8200,3.7400,3.7400,9159535,34617964.6500,4282
20240802,001914,9.6700,9.6500,9.7500,9.5600,9.6000,4931400,47641337.5600,10154
20240802,001965,12.7600,12.7000,12.9900,12.6000,12.7600,21557216,275497822.8100,25695
20240802,001979,8.4600,8.3800,8.5800,8.3600,8.4200,51083636,432581196.6800,33890
20240802,002001,21.4800,21.4800,21.8900,21.4200,21.6200,41772048,904608416.8900,68041
20240802,002003,11.7400,11.6500,12.1400,11.6000,11.9400,6897606,82057167.3200,18666
20240802,002004,3.9500,3.9300,4.0100,3.9200,3.9600,10242801,40725377.9600,11211
20240802,002005,1.1100,1.1100,1.1700,1.1100,1.1500,14854700,17019474.0000,980
20240802,002006,13.0700,12.9800,13.1700,12.8300,12.8400,2948251,38367326.8500,6942
20240802,002007,16.2100,16.1700,16.6000,16.1300,16.2700,9218529,151335766.7600,17126
20240802,002008,21.9500,21.7700,21.9300,21.2800,21.3500,21551077,465642120.6900,35005
20240802,002009,11.9000,11.7200,12.0700,11.4600,11.5100,24296126,284300959.9800,30640
20240802,002010,3.9000,3.8800,3.9300,3.8600,3.8700,10007400,38962459.0000,14172
20240802,002011,10.6600,10.6200,10.7500,10.3000,10.3300,8839600,92594651.0000,13076
20240802,002012,3.1800,3.1500,3.2000,3.1400,3.1400,4372600,13857312.0000,5498
20240802,002014,9.2300,9.2300,9.3000,9.1500,9.2100,1421920,13124592.2000,3537
20240802,002015,7.7600,7.7000,7.7700,7.5800,7.6000,12800400,98227915.0000,13700
20240802,002016,6.2400,6.2400,6.2900,6.2300,6.2300,6666817,41689039.5900,7035
20240802,002017,8.2400,8.1800,8.2400,8.0300,8.0500,5363102,43703805.7500,10791
20240802,002019,12.0800,12.0500,12.5500,11.9800,12.2000,10149642,125152775.1800,23923
20240802,002020,10.5800,10.5100,10.8300,10.4700,10.6600,7933379,85037646.9800,17591
20240802,002021,1.7300,1.7200,1.7500,1.7000,1.7200,25807249,44576325.0200,4848
20240802,002022,5.5500,5.5100,5.6900,5.5000,5.5600,4093632,22962502.6800,7763
20240802,002023,10.0000,9.8900,10.1900,9.8000,9.8800,32772300,328310656.8700,43465
20240802,002024,1.3000,1.2900,1.3100,1.2800,1.3000,14757417,19157619.1000,1358
20240802,002025,47.8000,47.2200,49.6600,47.1800,47.9100,5872088,284076198.3500,20104
20240802,002026,8.6800,8.5800,8.7200,8.4700,8.4800,5819300,49950102.0000,11574
20240802,002027,5.7100,5.6700,5.7300,5.6600,5.6900,46388022,263987725.7600,28709
20240802,002028,65.0500,64.7800,66.0000,64.1000,64.7200,3631813,235648369.9100,20431
20240802,002029,5.1100,5.0800,5.1600,5.0700,5.0900,5956319,30500670.6600,6312
20240802,002030,5.0900,5.0900,5.3600,5.0600,5.2200,27625873,144820327.6700,28849
20240802,002031,2.4800,2.4600,2.5300,2.4500,2.4500,82327390,204002798.0000,25357
20240802,002032,49.5200,49.5000,49.8000,49.0000,49.2000,694500,34298705.0000,3594
20240802,002033,8.6300,8.5500,8.7500,8.5300,8.6700,8627587,74866291.7700,10717
20240802,002034,13.1800,13.1000,13.2900,13.0200,13.1100,1755700,23123454.0000,4393
20240802,002035,6.6100,6.5100,6.6200,6.3800,6.4400,31423796,203540093.8900,35665
20240802,002036,6.9800,6.8500,6.9700,6.6400,6.6800,28733169,195286885.4400,29873
20240802,002037,6.1000,6.0700,6.2100,6.0200,6.0500,6658822,40683993.7400,6175
20240802,002038,7.1700,7.1700,7.3800,7.1600,7.2800,15798724,115465002.5700,13666
20240802,002039,17.0800,17.0000,17.0300,16.7100,16.7600,2516700,42335110.8000,4313
20240802,002040,5.7500,5.7200,5.7200,5.6200,5.6500,3059960,17364810.0000,5261
20240802,002041,8.3800,8.3500,8.5100,8.3400,8.3800,4250800,35842088.0000,8285
20240802,002042,3.3900,3.3600,3.3900,3.2700,3.2900,21043321,69987646.0000,10045
20240802,002043,9.3500,9.4600,9.4600,9.2300,9.2900,5449050,50805466.5000,11613
20240802,002044,3.7000,3.6900,3.7700,3.6700,3.7000,25930653,96629148.4300,19240
20240802,002045,11.8700,11.7000,12.2000,11.5700,11.5800,23955964,284323338.1900,27290
20240802,002046,10.8700,10.7000,11.0800,10.6100,10.6600,23029500,249201319.7700,30000
20240802,002047,1.6600,1.6500,1.6600,1.6100,1.6100,18795600,30570074.0000,5627
20240802,002048,13.2000,13.1800,13.2600,12.9800,12.9800,3953230,51769778.6000,12063
20240802,002049,54.0300,53.1900,53.8500,52.0600,52.2900,14634308,775120133.1400,36548
20240802,002050,17.8700,17.5200,17.8600,17.3300,17.3900,47405312,831762962.9400,62663
20240802,002051,7.3100,7.2600,7.3600,7.2300,7.2500,6016060,43850678.4000,11174
20240802,002052,1.4000,1.3900,1.4300,1.3800,1.4000,10053800,14075777.0000,854
20240802,002053,10.9300,10.8800,10.9300,10.7600,10.8400,5388300,58373210.0000,13349
20240802,002054,4.9400,4.9000,4.9700,4.8600,4.8800,2011599,9891028.0700,3928
20240802,002055,6.7600,6.7600,6.8700,6.5400,6.5400,32945756,220481850.6000,24082
20240802,002056,12.1000,12.0500,12.3600,12.0100,12.1600,13073246,159627704.3300,22045
20240802,002057,6.7400,6.7100,6.7700,6.6700,6.6700,4893010,32890657.3800,6073
20240802,002058,7.5500,7.5900,7.6700,7.3900,7.4700,5320900,39877732.0000,7065
20240802,002059,5.2500,5.0700,5.5700,5.0700,5.3600,42258402,225472801.1600,22295
20240802,002060,3.5400,3.5300,3.5600,3.5100,3.5200,10075900,35642000.0000,9653
20240802,002061,3.6700,3.6600,3.7500,3.6400,3.6800,18334820,67716977.0000,15047
20240802,002062,3.6900,3.6600,3.6900,3.6000,3.6200,7340147,26821146.4900,9585
20240802,002063,5.3600,5.3000,5.3600,5.2500,5.2600,15699962,83343816.3400,12844
20240802,002064,7.5700,7.5100,7.6700,7.5100,7.5200,14841067,112370202.0100,22568
20240802,002065,4.6200,4.5700,4.6500,4.5500,4.5600,18715300,86267416.0000,16869
20240802,002066,8.0600,7.9900,8.1300,7.9900,8.0200,1711100,13785637.0000,4001
20240802,002067,2.7500,2.7400,2.7600,2.7200,2.7300,7247730,19873960.9000,4834
20240802,002068,6.7300,6.7800,6.8000,6.5800,6.6100,6837500,45697255.0600,14849
20240802,002069,2.5400,2.5200,2.5800,2.5000,2.5400,8848503,22533510.5600,4608
20240802,002072,3.0700,3.0500,3.3400,3.0500,3.1700,14322700,45778896.0000,8384
20240802,002073,6.8700,6.8100,6.8700,6.5600,6.5800,16205790,108392416.0000,19392
20240802,002074,19.5200,19.4000,19.5700,19.2100,19.2500,9990654,193703237.0000,13675
20240802,002075,4.4300,4.4500,4.5700,4.3600,4.3900,52069901,232453058.4700,24343
20240802,002076,1.7300,1.7000,1.7100,1.6200,1.6300,64224040,106504721.6000,22563
20240802,002077,13.0100,12.7700,13.1800,12.4500,12.6700,33254823,423597542.5300,44429
20240802,002078,13.0200,12.8800,13.0500,12.7100,12.8500,25120388,322505638.6600,36745
20240802,002079,8.2600,8.1800,8.2700,8.0700,8.0900,8644973,70665992.9300,12782
20240802,002080,11.3500,11.2800,11.3700,11.1900,11.2000,6930612,78176904.1300,13958
20240802,002081,3.1700,3.1600,3.2200,3.1400,3.1800,10478108,33396822.8600,9519
20240802,002082,4.3400,4.3300,4.4500,4.3200,4.3800,5525100,24359231.0000,8901
20240802,002083,4.5800,4.5500,4.6300,4.5400,4.5600,5494100,25207728.0000,10629
20240802,002084,2.5100,2.4900,2.5400,2.4700,2.4800,4306037,10809567.8900,4202
20240802,002085,14.6600,14.5900,15.7600,14.3000,14.9000,331715031,5037487212.2700,343453
20240802,002086,2.1000,2.1200,2.3000,2.0400,2.2000,37181117,80843890.4000,14051
20240802,002088,11.3900,11.2500,11.4600,11.2300,11.2500,1533660,17435866.2000,4161
20240802,002090,7.8000,7.7700,7.8400,7.6700,7.6900,3480800,26991440.0000,6922
20240802,002091,6.5800,6.5300,6.5700,6.4500,6.4700,6887795,44865009.4000,7533
20240802,002092,3.5100,3.4700,3.5100,3.4500,3.4600,10476850,36474534.5000,1581
20240802,002093,6.0700,6.0400,6.1200,5.9500,5.9700,7961801,48048332.0800,11783
20240802,002094,2.0600,2.0500,2.0800,2.0300,2.0400,15845753,32648778.1200,7754
20240802,002095,12.0900,11.9600,12.1500,11.8000,11.8500,1933266,23159509.4400,4788
20240802,002096,10.6700,10.7600,10.7600,10.3400,10.3800,6333661,66394496.3100,17015
20240802,002097,6.2300,6.2000,6.3600,6.1700,6.1700,28850900,180785192.0000,25267
20240802,002098,6.7700,6.7800,6.8500,6.6500,6.6900,3265100,21970356.0000,5039
20240802,002099,5.3200,5.3000,5.4200,5.2900,5.3200,6626452,35541967.1600,9166
20240802,002100,6.8800,6.8500,7.1800,6.8300,7.0700,38957005,275598920.6500,36215
20240802,002101,10.7300,10.7000,10.7000,10.3600,10.4000,7812000,82151305.0000,13093
20240802,002102,2.6200,2.6200,2.8800,2.6000,2.8300,163870102,459352959.2300,25851
20240802,002103,5.0200,5.0000,5.0500,4.9400,4.9600,5578900,27880959.0000,7150
20240802,002104,5.2800,5.2500,5.2800,5.1600,5.1600,7096400,37032357.0000,8007
20240802,002105,4.1400,4.1000,4.1100,4.0400,4.0500,2993400,12205035.0000,5248
20240802,002106,9.1800,9.1000,9.1700,8.8900,8.9000,9743714,87965051.4600,17177
20240802,002107,4.0500,4.0500,4.1700,4.0200,4.0900,5552160,22876640.2000,8718
20240802,002108,3.1100,3.0900,3.1300,3.0800,3.0900,9250849,28699977.8900,6286
20240802,002109,2.7400,2.7500,2.7800,2.7000,2.7200,7720202,21240389.5400,7546
20240802,002110,2.9100,2.8900,2.9400,2.8800,2.9000,5948550,17354239.0000,6046
20240802,002111,11.1800,11.2000,11.3800,10.9600,11.0100,12825020,143389866.2000,23460
20240802,002112,8.4600,8.3900,8.4700,8.2700,8.2900,5760530,48254223.7000,8964
20240802,002114,4.5900,4.5500,4.5900,4.4900,4.5100,7386233,33530744.1500,7122
20240802,002115,4.7900,4.6900,4.9300,4.5900,4.6100,62068152,294291753.1300,56313
20240802,002116,8.9200,8.7900,8.9700,8.7600,8.8100,4410480,39174423.6000,8066
20240802,002117,7.1300,7.1200,7.1700,6.9600,6.9700,4177900,29575556.0000,4377
20240802,002119,11.9400,11.6900,11.9000,11.5600,11.6500,17982956,210980111.3600,22423
20240802,002120,7.2200,7.2000,7.2900,7.1400,7.1600,16269318,117401201.0400,23084
20240802,002121,3.7000,3.6800,3.7300,3.6200,3.6300,11573750,42528916.0000,10647
20240802,002122,2.1500,2.1400,2.1500,2.0800,2.1000,26892000,57007741.0000,10954
20240802,002123,6.3100,6.2800,6.3300,6.1500,6.1700,10187700,63515913.8000,14926
20240802,002124,2.4100,2.4000,2.4700,2.3900,2.4200,49629980,120416372.8000,6009
20240802,002125,9.0100,8.9500,9.1000,8.8900,8.9100,7880700,70905252.0000,13872
20240802,002126,15.8000,15.6400,15.7800,15.4300,15.4900,6534870,101915675.2000,16691
20240802,002127,2.7100,2.7000,2.7300,2.6700,2.6800,15335800,41455880.0000,9995
20240802,002128,18.1200,17.9200,18.0900,17.7800,17.8700,12414812,222057686.8000,30584
20240802,002129,8.5300,8.4800,8.6300,8.3400,8.3600,61493433,521258853.4300,48001
20240802,002130,16.4600,16.0000,17.3000,15.9700,16.7800,155170434,2595202145.2800,165228
20240802,002131,1.5000,1.4900,1.5200,1.4800,1.4900,73113546,109649681.2400,9219
20240802,002132,2.1500,2.1400,2.1700,2.1300,2.1400,8225500,17706273.0000,4440
20240802,002133,2.1600,2.1500,2.1800,2.1200,2.1300,6205701,13328029.1300,4218
20240802,002134,8.6200,8.5300,8.5800,8.3000,8.3000,5875700,49475520.0000,8914
20240802,002135,4.0000,3.9800,4.0300,3.9500,4.0000,6363426,25475373.0000,7891
20240802,002136,9.2400,9.2000,9.3000,9.1300,9.1500,1273700,11735706.0000,2383
20240802,002137,4.7100,4.6800,4.7300,4.5900,4.6100,5832800,27184224.0000,9826
20240802,002138,25.7300,25.3000,25.5100,24.6800,24.7300,25550113,638924974.9600,47116
20240802,002139,10.4700,10.3400,10.3900,10.0100,10.0500,27149742,276658745.7700,45662
20240802,002140,7.4000,7.3600,7.4200,7.2400,7.2700,3449740,25305583.0000,8317
20240802,002141,1.2000,1.2200,1.2600,1.2000,1.2600,39062727,48259734.6700,2987
20240802,002142,21.3100,21.1400,21.2700,21.0500,21.1600,15691909,332222248.2900,23551
20240802,002144,8.7600,8.7500,8.7600,8.6000,8.6400,5683615,49320751.5600,5643
20240802,002145,3.4000,3.3900,3.4200,3.3500,3.3600,21607052,73081616.3200,16674
20240802,002146,1.4100,1.4000,1.4300,1.3900,1.3900,77986884,109629128.6000,9875
20240802,002148,4.6600,4.6100,4.7000,4.5500,4.5600,13710977,63420280.3500,14456
20240802,002149,13.4700,13.3000,13.5600,13.1500,13.2300,5914900,79042629.0000,8148
20240802,002150,13.4700,13.4000,13.6200,13.0100,13.0300,4113813,54678226.8700,12807
20240802,002151,26.3300,26.0000,27.1100,25.8600,26.0300,14871459,394109183.1400,28567
20240802,002152,10.0700,10.0100,10.0700,9.7500,9.7700,13392750,132720048.9300,19567
20240802,002153,5.5300,5.4900,5.6000,5.4100,5.4300,9923822,54642457.1600,16493
20240802,002154,4.1300,4.1000,4.1600,4.0600,4.1100,20490700,84027071.0000,17285
20240802,002155,16.9500,16.6700,17.0800,16.5900,17.0700,40000408,674761837.7000,48798
20240802,002156,22.7200,22.1400,22.5700,21.7800,21.7800,67646743,1494457211.9000,110118
20240802,002157,2.8000,2.7900,2.9300,2.7800,2.8400,62395979,178399316.7800,15100
20240802,002158,18.1000,17.9800,18.3400,17.9200,17.9800,4958020,89918854.4200,10821
20240802,002159,13.0500,12.9600,13.3000,12.9000,13.1800,3412500,44910276.0000,6666
20240802,002160,3.0500,3.0300,3.0800,3.0100,3.0300,10239400,31209189.0000,7244
20240802,002161,4.6500,4.6000,4.6700,4.5200,4.5300,9589105,44094837.3800,13412
20240802,002162,2.8200,2.8000,3.0500,2.7900,2.8900,21844243,63606079.2500,10802
20240802,002163,5.8100,5.7500,5.8700,5.7500,5.7600,5882186,34187284.5000,10000
20240802,002164,3.9300,3.8800,3.9300,3.8300,3.8500,6529999,25393609.7100,9215
20240802,002165,3.5100,3.4800,3.5800,3.4700,3.5100,19650893,69513808.5500,8753
20240802,002166,6.9900,6.9400,7.2100,6.9400,7.1300,21450474,152855566.7000,21123
20240802,002167,5.4100,5.3900,5.4500,5.2900,5.3200,14997300,80597756.0000,17982
20240802,002168,2.5700,2.5300,2.5600,2.4300,2.4500,37557300,93752182.0000,22035
20240802,002169,4.4100,4.3800,4.4500,4.3500,4.3700,5381500,23705919.0000,5751
20240802,002170,5.2000,5.1800,5.2400,5.1400,5.1900,4685800,24335975.0000,4615
20240802,002171,6.3200,6.2800,6.3200,6.1800,6.1900,8507700,53195842.0000,12743
20240802,002172,2.4900,2.4700,2.5700,2.4700,2.5200,15187800,38508361.0000,8020
20240802,002173,6.4300,6.3800,6.5800,6.3700,6.4400,13415600,87243340.0000,12317
20240802,002174,7.6300,7.5800,7.7100,7.5000,7.5200,9197599,69985580.6900,13638
20240802,002175,1.7500,1.7300,1.7600,1.7200,1.7200,13590400,23619776.0000,4828
20240802,002176,7.4400,7.3900,7.4900,7.3100,7.3500,21692327,160631640.6100,22222
20240802,002177,3.5300,3.5600,3.5800,3.3800,3.4000,53835801,185616585.4300,24339
20240802,002178,3.5300,3.4800,3.8700,3.4500,3.7000,77979138,285131311.4200,33004
20240802,002179,38.5000,38.1100,39.0500,37.9700,38.1700,9416621,361961307.9000,26961
20240802,002180,26.6000,26.4000,26.7000,25.8400,26.1900,6247908,163628307.0700,18533
20240802,002181,3.2500,3.2300,3.2900,3.2000,3.2100,5515400,17921994.0000,8323
20240802,002182,10.1500,10.0800,10.1300,9.8600,9.8800,11576198,115611800.9200,16970
20240802,002183,3.0200,3.0000,3.0300,2.9800,2.9900,20717000,62302301.0000,11921
20240802,002184,8.6700,8.6200,8.7100,8.4500,8.4700,3190324,27415105.2800,6670
20240802,002185,8.7700,8.6800,8.7900,8.5100,8.5100,40206784,347460756.4000,49215
20240802,002186,8.8300,8.8000,9.0300,8.7500,8.8700,3904515,34745577.1800,5116
20240802,002187,4.3900,4.3900,4.4600,4.3500,4.4000,4191200,18451645.0000,6853
20240802,002188,4.1500,4.1400,4.2000,4.1100,4.1300,5272200,21906663.0000,4391
20240802,002189,15.0400,14.9000,15.3100,14.8200,14.8600,4875600,73390915.0000,12290
20240802,002190,14.9400,14.9000,15.1400,14.7800,14.8000,3255600,48651660.0000,7675
20240802,002191,3.8300,3.8100,3.8700,3.7900,3.8000,8954300,34301238.0000,11100
20240802,002192,31.6700,31.3500,32.3500,31.3200,31.5100,9782900,311219925.1500,25257
20240802,002193,3.5000,3.4700,3.7500,3.4600,3.7300,22892906,83280035.9000,14603
20240802,002194,7.9500,7.9000,7.9800,7.7700,7.7900,6450200,50760696.0000,10293
20240802,002195,2.4500,2.4400,2.4800,2.4200,2.4300,56457146,138267911.0500,25745
20240802,002196,5.4000,5.0500,5.8600,4.9100,5.2400,125773935,672197448.0400,78764
20240802,002197,3.6800,3.6500,3.6900,3.5400,3.5700,16124270,58374762.6600,3739
20240802,002198,6.4000,6.3700,6.4800,6.3600,6.4100,3003100,19293204.0000,2955
20240802,002199,5.9600,5.8700,5.9200,5.6600,5.6700,13853502,80227379.3200,17548
20240802,002200,5.2500,5.2300,5.2600,5.1600,5.1800,819900,4263538.0000,315
20240802,002201,4.6400,4.6000,4.7200,4.5700,4.5900,6520107,30272563.6200,9314
20240802,002202,7.9900,7.9400,8.0700,7.7300,7.7400,52863750,414609974.0700,65184
20240802,002203,7.7700,7.6900,7.7800,7.6100,7.7400,5905998,45647887.9600,7112
20240802,002204,4.2900,4.2700,4.3100,4.2100,4.2300,10578200,45079219.0000,13188
20240802,002205,6.3400,6.2500,6.3300,6.1800,6.2500,3038740,19087102.6000,4040
20240802,002206,3.7200,3.6900,3.7600,3.6700,3.6800,10922300,40552647.0000,8546
20240802,002207,4.1100,4.0500,4.1600,4.0200,4.1100,5489600,22591464.0000,4311
20240802,002208,4.3700,4.3400,4.4000,4.3100,4.3200,4303180,18700042.2000,6489
20240802,002209,7.8500,7.8300,7.8600,7.7300,7.7400,2299700,17918972.0000,5419
20240802,002210,1.4700,1.4600,1.5100,1.4500,1.5000,39599800,59103514.9000,5546
20240802,002211,2.4700,2.4700,2.4700,2.4100,2.4300,7473100,18270219.0000,4701
20240802,002212,4.7600,4.7300,4.8800,4.6600,4.6800,19599200,93395001.0000,21708
20240802,002213,10.0400,9.8900,9.9700,9.6100,9.6600,5605600,55002198.0000,13185
20240802,002214,13.1500,13.0900,13.3400,12.8800,12.9300,6063497,79290858.3300,8009
20240802,002215,6.8100,6.7700,6.7900,6.6300,6.6600,16903700,113343810.0000,17723
20240802,002216,10.9300,10.8800,11.0800,10.8400,10.9700,1499020,16469029.1000,3493
20240802,002217,1.2300,1.2200,1.2400,1.2100,1.2300,26505090,32564274.7000,1998
20240802,002218,2.9000,2.8800,2.9300,2.8600,2.8600,13964452,40370809.7200,7451
20240802,002219,1.8100,1.9900,1.9900,1.9500,1.9900,36528484,72611120.1600,9146
20240802,002221,8.2100,8.1500,8.2300,8.1300,8.1400,1868700,15286134.0000,3610
20240802,002222,22.9600,22.8700,23.1600,22.3300,22.3700,10688637,242875139.4500,19012
20240802,002223,35.1100,34.8900,36.2800,34.8000,35.3000,7874451,280776277.7500,25896
20240802,002224,3.8000,3.8000,3.8500,3.7700,3.8000,3665100,13960155.0000,3443
20240802,002225,3.5100,3.4900,3.5600,3.4600,3.4900,16254500,57130447.0000,18080
20240802,002226,4.4000,4.3700,4.4400,4.3400,4.3500,8202500,36012560.4000,8959
20240802,002227,7.6600,7.6000,7.7100,7.5200,7.5500,1929980,14692825.4000,3596
20240802,002228,2.3900,2.3800,2.4100,2.3600,2.3700,4703000,11208634.0000,3896
20240802,002229,10.4200,10.3800,10.4100,9.9500,10.0000,24397000,248084797.0000,33951
20240802,002230,39.2600,38.9800,39.4900,38.7500,38.8700,15724777,613826144.0500,33275
20240802,002231,4.1800,4.1400,4.1700,4.0300,4.0400,13944800,57171292.0000,11955
20240802,002232,23.8800,23.0100,26.2700,21.4900,25.1600,122015804,2921523370.7200,163762
20240802,002233,7.1100,7.0700,7.2400,7.0600,7.1600,7679891,54994938.6800,10542
20240802,002234,8.6100,8.5700,8.8400,8.5500,8.6300,4099500,35707816.0000,5326
20240802,002235,4.1200,4.1000,4.1500,4.0600,4.0800,11002665,45195039.2000,12216
20240802,002236,14.9200,14.7900,15.0200,14.6900,14.7100,19417812,288090898.5900,29465
20240802,002237,11.4500,11.3200,11.4600,11.2100,11.3700,13282639,150562997.4300,21760
20240802,002238,7.7900,7.7200,7.8000,7.5800,7.6200,6844600,52638670.0000,13875
20240802,002239,2.4400,2.4300,2.4400,2.4100,2.4100,25266508,61267600.1600,10276
20240802,002240,12.6500,12.5600,12.8000,12.4700,12.5400,9774139,123349432.3200,20711
20240802,002241,21.4800,21.1100,21.6400,21.0000,21.1600,56476063,1200065836.2900,90632
20240802,002242,10.5800,10.5800,10.7200,10.4900,10.5100,2825501,29949892.5000,6710
20240802,002243,5.7500,5.7500,5.8100,5.6200,5.6500,10151464,58066593.3300,13834
20240802,002244,7.7800,7.7000,7.8600,7.5900,7.7500,35081761,270694247.3100,20781
20240802,002245,8.5300,8.4300,8.6000,8.3600,8.3800,19981733,169123078.8500,27424
20240802,002246,7.9200,7.8100,8.2200,7.7800,7.9700,18801800,151179741.0000,20595
20240802,002247,1.4600,1.4400,1.4800,1.4100,1.4300,12770900,18435511.0000,3371
20240802,002248,6.6800,6.5100,6.5700,6.2100,6.2200,27786667,177298248.8000,21063
20240802,002249,4.7800,4.7300,4.7300,4.6100,4.6300,23662370,110062494.0000,26516
20240802,002250,4.9600,4.9100,5.0700,4.9000,4.9600,9290500,46479222.0000,11309
20240802,002251,3.2000,3.2800,3.2800,3.0600,3.0600,12820700,40462530.0000,3260
20240802,002252,7.7000,7.6800,7.8700,7.6400,7.8100,32745569,255702889.8800,29193
20240802,002253,10.8800,10.7500,11.1100,10.7000,10.9000,16848124,183603483.6000,20413
20240802,002254,8.4800,8.3900,8.5300,8.3800,8.4000,4924505,41612629.3500,8485
20240802,002255,4.8500,4.8100,4.8400,4.7100,4.7200,7051500,33711348.0000,9707
20240802,002256,1.6200,1.5900,1.6600,1.5800,1.6600,60303934,97862471.2000,11059
20240802,002258,7.5800,7.5600,7.6600,7.5200,7.5800,3458140,26297332.4000,5302
20240802,002259,2.3800,2.3600,2.4900,2.3600,2.4000,3189951,7749876.3800,731
20240802,002261,10.7800,10.6900,10.8400,10.5000,10.5200,22876600,243868173.9800,29738
20240802,002262,25.6500,25.4800,26.7900,25.4700,26.3900,8836670,233098641.7500,22004
20240802,002263,2.0500,2.0400,2.0700,2.0300,2.0700,6794220,13961208.0000,3235
20240802,002264,5.0000,4.9600,5.0500,4.9500,4.9700,6437183,32204234.4900,11541
20240802,002265,9.1000,9.0700,9.2000,8.9300,8.9900,2793300,25399117.0000,7212
20240802,002266,2.9100,2.9000,2.9400,2.8700,2.8900,20868354,60708176.3100,12068
20240802,002267,7.2200,7.2000,7.2500,7.1300,7.1300,7057100,50679886.0000,13019
20240802,002268,13.5500,13.4600,13.8600,13.2900,13.3000,9882200,134129966.7300,15345
20240802,002269,1.1900,1.1800,1.2200,1.1700,1.2000,61231712,73331378.2800,7173
20240802,002270,19.4300,19.3500,19.7800,19.2100,19.5200,7031140,137441363.9600,14140
20240802,002271,12.6900,12.5500,12.7400,12.4200,12.4400,25288305,317392397.6500,28156
20240802,002272,4.9900,4.9000,4.9300,4.7600,4.7600,25011018,120972830.8700,16010
20240802,002273,18.1700,17.7900,18.3600,17.6800,17.8600,29893241,536772540.0400,45969
20240802,002274,6.8700,6.8300,6.9300,6.7700,6.8200,6955744,47812037.7200,12737
20240802,002275,12.7900,12.7400,13.0300,12.6600,12.8800,1964000,25408868.0000,5083
20240802,002276,6.8700,6.8300,6.8700,6.6800,6.6800,11752700,79504905.0000,14231
20240802,002277,2.2400,2.2400,2.2600,2.2200,2.2300,15056321,33730821.2500,8150
20240802,002278,4.6000,4.6000,4.6600,4.4100,4.4100,41526955,187323943.0800,26369
20240802,002279,4.9700,4.9200,4.9900,4.8100,4.8200,27828525,136335255.2500,27422
20240802,002280,0.3700,0.3700,0.3700,0.3700,0.3700,0,0.0000,0
20240802,002281,33.4900,32.8200,33.2000,31.9100,32.0100,20960092,681462601.4000,44852
20240802,002282,6.4600,6.4300,6.4900,6.2300,6.2400,7084300,44857201.0000,15655
20240802,002283,4.3900,4.3900,4.4200,4.3000,4.3200,18872484,82201980.7000,13131
20240802,002284,7.5900,7.5000,7.5100,7.2200,7.2900,25421110,187471727.5000,23852
20240802,002285,1.6300,1.6000,1.6600,1.6000,1.6200,25697745,41899095.7000,6910
20240802,002286,6.4300,6.4900,6.5300,6.3900,6.4000,5884100,38030170.0000,11597
20240802,002287,19.4100,19.3100,19.8600,19.3100,19.5900,1211700,23835533.0000,4134
20240802,002288,0.3700,0.3700,0.3700,0.3700,0.3700,0,0.0000,0
20240802,002289,2.7900,2.7500,2.8500,2.7000,2.7100,3025700,8424974.0000,741
20240802,002290,12.7500,12.6600,12.8100,12.5200,12.5200,1414700,17963775.0000,2692
20240802,002291,4.6000,4.7000,5.0500,4.5900,4.6000,86215830,411820907.7700,73302
20240802,002292,5.8100,5.7700,5.8500,5.7000,5.7000,19617800,113340167.0000,20132
20240802,002293,7.3100,7.2700,7.4200,7.2500,7.3400,1343835,9883883.3000,2049
20240802,002294,28.8500,28.7000,29.3500,28.6900,28.7600,2726400,79163810.2400,9806
20240802,002295,5.2900,5.2300,5.3000,5.1800,5.2000,2597500,13629352.0000,4552
20240802,002296,9.0000,8.8600,8.9700,8.6800,8.6900,23845100,210111652.9200,30088
20240802,002297,6.5100,6.4800,6.5700,6.3800,6.4200,15102016,97627536.7900,21526
20240802,002298,4.0600,4.0500,4.1000,3.9500,3.9600,14777800,59443576.0000,19102
20240802,002299,13.2100,13.1100,13.4700,13.0800,13.2600,6292334,83851952.2100,10578
20240802,002300,5.0000,5.0000,5.0600,4.9500,4.9600,4117100,20600986.9000,5215
20240802,002301,4.8200,4.7900,4.8700,4.7500,4.7700,4246803,20466734.3400,6343
20240802,002302,5.1400,5.1400,5.2100,5.1100,5.1400,6566200,33886448.0000,10388
20240802,002303,2.5500,2.5200,2.5400,2.4800,2.4900,14211977,35708049.0400,11781
20240802,002304,80.3700,79.8900,80.8400,79.7100,80.2500,2291707,184213304.6400,10555
20240802,002305,1.5400,1.5200,1.5800,1.5100,1.5300,54093250,83509435.5000,8785
20240802,002306,2.6400,2.6400,2.6600,2.6000,2.6100,8162000,21500047.0000,4138
20240802,002307,2.8500,2.8500,2.8900,2.8300,2.8500,6657069,19068348.2500,4621
20240802,002308,0.7800,0.7400,0.7400,0.7400,0.7400,1458000,1078920.0000,422
20240802,002309,1.6000,1.6000,1.6300,1.5700,1.5900,8104300,12961120.0000,774
20240802,002310,1.3000,1.3000,1.3400,1.2900,1.3200,37464293,49257221.9000,3048
20240802,002311,42.0800,41.8500,42.4400,41.6200,41.8000,4380159,183922122.4200,17653
20240802,002312,6.9300,6.8800,6.9800,6.7800,6.8100,11791201,81013029.8700,9897
20240802,002313,7.3100,7.2700,7.3200,7.0800,7.1000,19119817,137536190.9000,26144
20240802,002314,2.0400,2.0300,2.0900,2.0200,2.0500,13215721,27199454.2600,7388
20240802,002315,25.6100,25.3100,25.6500,24.9300,24.9800,3899250,98520714.1000,11796
20240802,002316,3.4300,3.3700,3.4900,3.3000,3.3200,21495465,72516337.7200,14877
20240802,002317,11.7100,11.7000,12.4500,11.6100,12.0600,39108773,475340082.6900,57249
20240802,002318,21.1300,21.1000,21.1300,20.5900,20.6900,4375298,90884724.4900,18410
20240802,002319,10.0600,9.9400,10.2500,9.7000,9.8800,3276800,32521117.0000,4264
20240802,002320,5.2700,5.2300,5.3100,5.2100,5.2400,9858837,51968346.0100,13370
20240802,002321,1.6000,1.5900,1.6100,1.5700,1.5800,12993779,20643054.6100,2587
20240802,002322,14.5400,14.5200,14.6900,14.1000,14.2300,4890100,70098507.0000,12458
20240802,002323,1.1700,1.1600,1.1700,1.1400,1.1500,44498333,51461093.9500,5988
20240802,002324,8.2400,8.2000,8.2800,8.1100,8.1300,3770174,30864748.8800,4803
20240802,002325,0.3800,0.3800,0.3800,0.3800,0.3800,0,0.0000,0
20240802,002326,8.0500,8.0000,8.1200,7.9700,7.9900,5963237,48048149.4900,8977
20240802,002327,8.6600,8.6300,9.0000,8.5400,8.9300,9978100,88457087.0000,18998
20240802,002328,4.7800,4.7500,4.7900,4.6900,4.7100,4284700,20335156.0000,4355
20240802,002329,2.7600,2.7600,2.8000,2.7300,2.7500,7747440,21455983.2000,5915
20240802,002330,3.8400,3.8300,3.9400,3.8100,3.8600,8222000,31959598.0000,6775
20240802,002331,7.1800,7.0800,7.2700,7.0100,7.0100,20602287,146144003.9600,16565
20240802,002332,11.9400,12.0900,12.1900,11.9000,11.9900,10106500,121819801.8000,22816
20240802,002333,5.4500,5.4300,5.4500,5.3600,5.3600,1950800,10538419.0000,3960
20240802,002334,6.0400,6.0000,6.2800,5.9900,6.1100,25363195,155705996.0500,22469
20240802,002335,19.4500,19.3800,19.5800,18.9500,19.0000,6469000,124442106.0000,15799
20240802,002336,2.9300,2.9000,2.9900,2.7800,2.8200,6240900,18015234.0000,1674
20240802,002337,3.9300,3.9100,3.9700,3.8300,3.8400,11157705,43432222.5700,8107
20240802,002338,29.8900,29.3800,30.8400,29.3700,29.9900,10728600,324325192.5200,22111
20240802,002339,5.5100,5.4800,5.5500,5.4000,5.4100,10839900,59351094.2000,13022
20240802,002340,6.1600,6.1200,6.1700,6.0500,6.0600,52925418,323192762.7100,35386
20240802,002341,0.6100,0.6100,0.6100,0.6100,0.6100,0,0.0000,0
20240802,002342,3.1200,3.1100,3.1400,3.0600,3.0600,14547779,44931270.1500,7451
20240802,002343,5.1600,5.1400,5.3500,5.1100,5.1100,29404895,152854994.2500,25666
20240802,002344,3.1800,3.1700,3.2000,3.1500,3.1700,5477302,17405564.3200,6505
20240802,002345,4.3500,4.3100,4.3800,4.2900,4.3500,8295040,36085007.2000,10475
20240802,002346,7.3800,7.3500,7.4500,7.3000,7.3500,1373341,10150080.5300,3141
20240802,002347,4.0400,3.9500,4.1000,3.8700,3.8800,31172960,123238602.6900,19981
20240802,002348,2.2900,2.2800,2.5200,2.2800,2.4200,22561802,53731350.8000,6622
20240802,002349,6.8000,6.7800,7.0300,6.7600,6.9100,14066022,97831469.3600,16617
20240802,002350,5.1000,5.0700,5.1200,4.9800,5.0000,8199124,41426456.7600,10534
20240802,002351,11.9200,11.8000,11.9500,11.6100,11.6100,12323250,144815243.5000,19269
20240802,002352,34.6600,34.5300,34.8500,34.3700,34.4100,5733282,198330149.5600,15582
20240802,002353,31.1600,31.0000,31.1800,30.1100,30.4100,4728005,144197157.5000,17501
20240802,002354,2.8500,2.8200,2.8700,2.7700,2.7800,33856556,95704877.7400,20172
20240802,002355,5.7300,5.6500,5.8800,5.6200,5.6800,70063259,402093409.2900,40372
20240802,002356,3.0600,3.0600,3.1100,3.0300,3.0600,5903370,18190559.5000,2766
20240802,002357,6.6500,6.5000,6.7900,6.2200,6.6600,57678448,372960102.7200,34985
20240802,002358,3.2600,3.2300,3.2800,3.2100,3.2200,7405600,24053321.0000,5853
20240802,002360,4.8900,4.8500,4.8900,4.8100,4.8200,2239637,10849527.8200,2076
20240802,002361,3.3000,3.2600,3.4300,3.2300,3.2500,23257000,76929413.0000,18021
20240802,002362,16.1900,16.0500,16.3200,15.7200,15.7400,3898600,62424215.0000,10686
20240802,002363,5.8500,5.8400,5.9100,5.7700,5.7900,4412100,25807302.0000,7683
20240802,002364,6.0300,5.9800,6.1000,5.9300,6.0000,10418726,62841450.7000,11422
20240802,002365,7.2300,7.2300,7.3800,7.1800,7.2500,2892300,21113828.0000,5711
20240802,002366,3.4400,3.4100,3.7100,3.3800,3.4800,30106900,106940069.9800,16633
20240802,002367,5.8200,5.7700,5.8200,5.7100,5.7300,4605300,26556834.0000,5313
20240802,002368,16.6200,16.4800,16.7300,16.1600,16.2200,10849467,178061900.7300,20455
20240802,002369,3.5700,3.5600,3.5600,3.4400,3.4500,9552900,33404484.0000,11169
20240802,002370,2.4900,2.4700,2.5800,2.4700,2.5400,14380700,36586490.0000,7146
20240802,002371,345.2300,341.5000,347.3100,335.6800,336.9300,4478924,1524499621.7000,29255
20240802,002372,13.6700,13.5800,13.7800,13.4500,13.5400,7131958,97139292.1000,15679
20240802,002373,8.8100,8.7000,8.9300,8.6500,8.6900,33716500,295921044.0000,31703
20240802,002374,1.8200,1.8100,1.8500,1.8000,1.8100,9582400,17441966.0000,3574
20240802,002375,3.3000,3.2900,3.3200,3.2600,3.2700,4200100,13829785.0000,5802
20240802,002376,5.4600,5.4200,5.4700,5.3500,5.3600,4681900,25352576.0000,8461
20240802,002377,1.8000,1.8100,1.8100,1.7600,1.7700,7779200,13878503.0000,3033
20240802,002378,5.3500,5.2900,5.3800,5.2600,5.2800,6826450,36299199.9000,9662
20240802,002379,5.0800,5.0600,5.1000,4.9600,5.0100,6161700,31044686.0000,10108
20240802,002380,16.7300,16.5500,16.8900,16.3100,16.3400,5150900,85579950.0000,18374
20240802,002381,6.3800,6.3800,6.5500,6.3000,6.3700,2237900,14367549.0000,4217
20240802,002382,4.4500,4.4200,4.5500,4.4100,4.4700,6245328,28132159.3500,8264
20240802,002383,6.4200,6.3000,6.4200,6.1400,6.1600,29208990,183007101.3000,31059
20240802,002384,24.2300,24.1500,24.8700,23.6000,23.8000,67350409,1618509354.2500,109109
20240802,002385,4.0800,4.0800,4.1500,4.0600,4.0900,42767779,176127003.4800,29813
20240802,002386,3.9100,3.8800,3.9200,3.8500,3.8600,4243697,16503967.4200,4807
20240802,002387,6.2900,6.2500,6.2600,6.0700,6.1000,10498000,64771908.0000,12498
20240802,002388,3.1900,3.1500,3.1900,3.1200,3.1600,10415600,32936805.0000,10193
20240802,002389,14.3500,14.2000,14.6900,14.0900,14.1100,29430704,422649266.9900,38990
20240802,002390,3.3400,3.3200,3.4200,3.3100,3.3600,14047200,47542405.0000,12827
20240802,002391,4.4600,4.4100,4.5200,4.4000,4.4600,1297800,5799531.0000,2005
20240802,002392,3.1200,3.1100,3.1400,3.0800,3.0900,8849800,27517951.0000,8585
20240802,002393,16.3400,16.1600,16.7800,16.1000,16.4000,3550906,58706799.4000,8157
20240802,002394,6.2000,6.1700,6.2400,6.1600,6.1800,1547200,9588874.0000,2905
20240802,002395,13.6900,13.5500,13.6500,13.2700,13.2900,4859050,65431045.0000,9975
20240802,002396,13.2800,13.1600,13.3700,13.0300,13.0400,4031650,53137296.0000,9304
20240802,002397,1.9300,1.9100,1.9300,1.8900,1.9100,5516700,10549537.0000,3193
20240802,002398,3.6300,3.5900,3.6700,3.5900,3.6100,2743869,9971300.4700,4216
20240802,002399,10.1000,10.0200,10.4200,10.0200,10.2300,7476516,76964061.2100,15878
20240802,002400,5.0400,5.0400,5.0600,4.9200,4.9300,30935466,154436141.7400,14143
20240802,002401,14.3200,14.2200,14.3500,13.9800,14.0200,2867906,40611018.9500,6139
20240802,002402,10.2100,10.1100,10.2900,9.9100,9.9200,11701500,117998971.0000,20152
20240802,002403,6.6300,6.6200,6.6400,6.4600,6.4700,2932960,19238427.6000,6623
20240802,002404,5.4800,5.4300,5.4900,5.3900,5.4100,3995000,21742871.0000,5796
20240802,002405,7.1200,7.0800,7.0900,6.8600,6.8800,51434073,357939223.8300,40512
20240802,002406,4.9900,4.9500,5.0000,4.8900,4.9100,7067800,34976073.0000,8859
20240802,002407,10.8800,10.8400,11.0200,10.7500,10.7900,8568988,93234601.5600,11664
20240802,002408,5.2500,5.2200,5.2900,5.2000,5.2100,7989840,41875773.8000,6461
20240802,002409,60.1300,58.8700,59.6500,56.7700,56.7800,9727271,564378198.6500,31250
20240802,002410,10.6000,10.6000,10.6700,10.3900,10.4100,19031590,200304148.2000,28275
20240802,002412,5.5000,5.4700,5.7000,5.4600,5.6000,12437500,69850911.0000,14942
20240802,002413,3.8200,3.8000,3.9700,3.7600,3.8600,57995508,224840942.1600,32793
20240802,002414,6.3100,6.2500,6.4100,6.2000,6.2200,29998210,188978509.9000,27806
20240802,002415,28.7700,28.5100,28.7400,28.3600,28.3800,28939930,824830396.0500,65495
20240802,002416,9.0700,9.0300,9.1300,8.9500,8.9600,7916117,71582670.1600,12721
20240802,002418,2.1600,2.1700,2.2100,2.0400,2.0400,88038800,184595671.0000,24311
20240802,002419,4.3100,4.2900,4.3400,4.2700,4.3100,7693750,33207432.0000,7439
20240802,002420,5.2100,5.1300,5.2100,5.0200,5.0400,19325430,98713197.5000,10970
20240802,002421,2.3000,2.3000,2.3100,2.2600,2.2600,19970761,45595727.8600,9676
20240802,002422,30.2100,30.0900,31.6500,30.0000,31.0500,12577912,392039538.0400,29718
20240802,002423,8.0800,8.0500,8.1500,7.9600,8.0100,24259939,195934557.5000,30940
20240802,002424,3.5900,3.5500,3.6200,3.4500,3.4700,31369011,110960570.8200,6943
20240802,002425,2.5800,2.5700,2.6200,2.5500,2.5500,22116900,57368629.0000,10598
20240802,002426,1.6100,1.6000,1.6200,1.5700,1.5800,23495754,37472966.8600,6327
20240802,002427,2.9900,2.9800,3.0300,2.9400,2.9800,4790168,14332463.2800,3776
20240802,002428,12.7800,12.6100,13.0900,12.3500,12.4500,47366260,603183345.3000,45821
20240802,002429,5.0800,5.0500,5.1100,4.9700,4.9900,24767454,124835631.4600,25430
20240802,002430,19.5100,19.4000,19.6800,19.1600,19.2100,5976844,115981574.5300,13810
20240802,002431,1.6100,1.5900,1.6200,1.5700,1.5800,14538400,23224056.0000,5441
20240802,002432,39.2700,39.5700,40.4900,39.2700,39.7000,5750335,230243663.1600,15166
20240802,002434,4.9800,4.9700,4.9900,4.8800,4.8900,5721000,28211245.0000,8178
20240802,002435,0.3700,0.3700,0.3700,0.3700,0.3700,0,0.0000,0
20240802,002436,9.6000,9.4700,9.5900,9.2400,9.2600,30086053,282519390.3400,36553
20240802,002437,1.8900,1.8800,1.9500,1.8700,1.9200,48299300,92851344.0000,11740
20240802,002438,11.2500,11.5800,11.7200,11.2000,11.3400,15003322,171980776.2500,24336
20240802,002439,15.2400,15.1000,15.4900,14.9900,15.0300,12609016,191666650.2400,20482
20240802,002440,5.7200,5.7000,5.7400,5.6400,5.6800,2289300,13019627.0000,4327
20240802,002441,7.3500,7.3000,7.3800,7.2600,7.2700,2601000,19034140.0000,6171
20240802,002442,4.2900,4.2900,4.3300,4.2500,4.2800,6136300,26389920.0000,8060
20240802,002443,5.4800,5.4600,5.5000,5.4300,5.4300,2582800,14128704.0000,3397
20240802,002444,24.2500,24.2600,24.4700,23.9100,23.9200,6090113,147036087.5300,20822
20240802,002445,1.6800,1.6700,1.7200,1.6600,1.6900,21262200,36082295.0000,4732
20240802,002446,5.9300,5.9100,5.9800,5.7400,5.7500,29584476,172678597.2900,29443
20240802,002448,5.8900,5.8400,6.0600,5.7600,5.9000,14640636,85978427.2000,17050
20240802,002449,7.0800,7.0200,7.1000,6.8700,6.9000,8283600,57961310.0100,13939
20240802,002451,4.9800,4.9500,4.9900,4.8800,4.9000,3896676,19242762.9600,5776
20240802,002452,7.4300,7.3800,7.4400,7.2500,7.2700,7302700,53436504.0000,7519
20240802,002453,4.1500,4.1000,4.2200,4.0700,4.0800,7317300,30374303.0000,11811
20240802,002454,5.6800,5.6400,5.7400,5.6000,5.6200,3971100,22454172.0000,9000
20240802,002455,8.0000,7.9900,8.1400,7.8900,7.8900,19937500,159600563.0000,28621
20240802,002456,8.2500,8.1600,8.2700,7.9600,7.9900,104582216,847486894.1800,71500
20240802,002457,8.3900,8.3200,8.3200,8.1600,8.1800,12680700,104541087.0000,7967
20240802,002458,9.0200,8.9600,9.1700,8.9100,8.9400,9227474,83696864.5800,10219
20240802,002459,10.6400,10.6000,10.7500,10.4500,10.4600,38884456,411515300.1800,43525
20240802,002460,27.5000,27.2000,27.7500,27.1700,27.2200,11371611,311632304.8500,26241
20240802,002461,8.3500,8.2900,8.5500,8.2500,8.4000,8902654,75220892.7600,19112
20240802,002462,11.1300,11.1300,11.3300,11.0600,11.1700,3220001,36200349.1100,5969
20240802,002463,34.0900,32.8000,33.0500,31.7300,31.9100,60423571,1944270497.3600,125136
20240802,002465,10.1900,10.1300,10.3800,9.9700,9.9800,39886607,404030449.5000,54807
20240802,002466,28.6500,28.6100,29.0500,28.3600,28.5300,15417204,442250765.0300,39567
20240802,002467,3.3800,3.3800,3.4200,3.3200,3.3400,19715750,66408210.0000,18184
20240802,002468,8.9300,8.8900,9.0800,8.7800,8.8100,11333759,101167988.4400,19973
20240802,002469,5.4100,5.3800,5.4200,5.3200,5.3300,2884702,15502385.2900,5366
20240802,002470,1.4200,1.4100,1.4300,1.4000,1.4200,18934500,26826602.0000,2526
20240802,002471,2.2200,2.2400,2.2800,2.1500,2.1700,63371750,139592446.4500,14234
20240802,002472,22.1600,21.9700,22.1500,21.5500,21.6300,6599977,144250304.9400,13578
20240802,002474,4.4200,4.3700,4.4600,4.3400,4.3500,9445300,41549841.0000,10784
20240802,002475,37.8300,37.1000,38.2800,37.0000,37.1900,50303135,1882352286.8300,102933
20240802,002476,3.9600,3.9600,3.9800,3.9100,3.9300,6096500,24102409.0000,6229
20240802,002478,5.0200,5.0000,5.0200,4.8900,4.9200,7811104,38733737.6800,5882
20240802,002479,3.6000,3.5800,3.6300,3.5700,3.5700,4247600,15277491.0000,6057
20240802,002480,3.3800,3.3000,3.3500,3.1700,3.2000,28784300,92923015.0000,23496
20240802,002481,4.3800,4.3500,4.5200,4.3400,4.4900,20444212,91279320.1600,14220
20240802,002482,1.5400,1.5400,1.5600,1.5300,1.5300,6417437,9891319.6100,1435
20240802,002483,4.5500,4.5100,4.5800,4.4600,4.4700,9443340,42600811.4000,9898
20240802,002484,13.0000,12.8800,13.0400,12.6500,12.6900,5062400,64972266.0000,9100
20240802,002485,2.9600,2.9500,2.9800,2.8200,2.8400,2421016,6975322.2800,420
20240802,002486,1.5200,1.5000,1.5400,1.4800,1.5100,13098880,19903213.6000,4537
20240802,002487,21.8600,21.7700,21.9900,21.5000,21.5700,6127724,133243960.6800,17143
20240802,002488,4.9500,4.9100,5.2300,4.8200,5.1500,36034648,183517400.0400,26938
20240802,002489,2.6500,2.6300,2.6700,2.6200,2.6300,15764701,41643733.6300,12647
20240802,002490,2.0800,2.0700,2.0800,2.0000,2.0100,13030401,26494902.0300,2221
20240802,002491,3.2900,3.2600,3.3000,3.2100,3.2300,5027000,16365926.0000,6927
20240802,002492,4.5000,4.4900,4.5100,4.4300,4.4300,2522600,11282899.0000,3515
20240802,002493,9.0000,8.9500,9.1100,8.9100,9.0500,18001772,162955676.5000,19154
20240802,002494,3.1100,3.0900,3.1400,3.0800,3.1000,5987202,18632405.2600,6154
20240802,002495,1.5200,1.5300,1.5500,1.5000,1.5300,17525500,26792225.0000,4689
20240802,002496,2.6700,2.6600,2.6700,2.6100,2.6200,8494080,22393248.8000,4243
20240802,002497,8.8600,8.8400,8.9000,8.7300,8.7400,7506400,66132276.0000,11115
20240802,002498,3.2200,3.2100,3.2400,3.1800,3.1800,12004300,38535562.0000,12142
20240802,002500,5.0200,4.9800,5.0300,4.8800,4.9000,26988510,133695699.8000,25594
20240802,002501,1.1100,1.1100,1.1100,1.0800,1.1000,26091580,28539455.2000,3236
20240802,002502,0.6400,0.6400,0.6400,0.6400,0.6400,0,0.0000,0
20240802,002505,0.3600,0.3600,0.3600,0.3600,0.3600,0,0.0000,0
20240802,002506,1.9500,1.9400,1.9900,1.9300,1.9400,51242000,100556083.0000,14605
20240802,002507,12.2900,12.2600,12.4900,12.2400,12.2600,7193010,89036936.2000,12389
20240802,002508,21.4200,21.2900,21.6900,21.1600,21.2200,3872600,82954267.0500,9406
20240802,002510,3.8100,3.7800,3.8300,3.7400,3.7600,16486499,62397697.2600,8863
20240802,002511,7.1800,7.1200,7.2200,7.1100,7.1500,5543100,39737433.0000,9622
20240802,002512,3.3000,3.2900,3.6300,3.2500,3.4200,92497224,323737661.5400,48441
20240802,002513,3.6500,3.6100,3.7100,3.5700,3.6100,13939200,50662534.1800,6530
20240802,002514,4.1900,4.1900,4.2000,4.0700,4.0900,8226600,34065730.0000,12474
20240802,002515,3.9200,3.9100,4.3100,3.8700,4.3100,40553492,172923835.2500,10933
20240802,002516,3.7600,3.7300,3.8100,3.7100,3.7600,11821104,44466495.0800,7887
20240802,002517,9.2700,9.1600,9.4400,9.1600,9.2200,28132788,262109107.4300,30015
20240802,002518,17.6700,17.5200,17.7600,17.2000,17.2200,4316304,75310280.7600,9327
20240802,002519,5.3100,5.3100,5.4500,5.2100,5.2300,52971838,281722153.5400,43616
20240802,002520,4.2700,3.8600,4.1000,3.8500,3.9900,39363097,157651120.5700,21502
20240802,002521,10.2800,10.2200,10.3500,10.1500,10.1600,3248700,33223614.0000,5190
20240802,002522,3.1800,3.1600,3.2000,3.1200,3.1400,6448438,20370285.0200,7126
20240802,002523,2.3500,2.3400,2.3700,2.3100,2.3200,13156519,30749955.6500,7132
20240802,002524,3.2100,3.1800,3.3400,3.1800,3.2600,10642500,35097192.0000,10044
20240802,002526,2.4000,2.3900,2.4700,2.3800,2.4000,51412625,124733357.8800,15314
20240802,002527,6.1500,6.1500,6.1800,5.9600,5.9900,12282647,74582241.9300,17583
20240802,002528,2.2300,2.2100,2.3200,2.2000,2.2400,44003790,99520357.4000,8888
20240802,002529,5.0700,5.0300,5.1300,4.9500,4.9600,4785200,24122991.0000,5426
20240802,002530,7.0700,7.0400,7.0700,6.9200,6.9200,6378016,44566683.7200,5843
20240802,002531,8.4100,8.3200,8.4500,8.1500,8.1600,16693460,138184763.6000,17066
20240802,002532,6.8300,6.7400,6.7700,6.6200,6.6400,38750700,259148893.0000,43033
20240802,002533,9.4000,9.3500,9.4100,9.1900,9.2300,6452200,59942173.0000,13325
20240802,002534,10.4400,10.3500,10.5400,10.2000,10.2600,6423609,66707068.1600,12536
20240802,002535,3.5000,3.4800,3.6400,3.3500,3.4600,80672500,279607850.7000,38302
20240802,002536,9.2800,9.1800,9.3000,9.0700,9.1000,10834843,99565761.4900,11777
20240802,002537,5.3500,5.3600,5.3600,5.2500,5.2700,10392600,55239272.0000,15940
20240802,002538,4.6800,4.6600,4.7200,4.6300,4.6500,5238400,24516260.9200,8249
20240802,002539,6.7800,6.7600,6.8500,6.7100,6.7500,6450273,43746858.4500,10418
20240802,002540,5.0900,5.0600,5.1100,5.0300,5.0300,6455800,32708082.0000,8438
20240802,002541,13.6700,13.5100,13.8500,13.4700,13.5800,3417600,46671551.2000,8663
20240802,002542,1.5400,1.5200,1.6200,1.5100,1.5700,49143130,76945351.7000,10141
20240802,002543,9.5300,9.4100,9.5500,9.3700,9.3900,2840300,26846329.0000,8412
20240802,002544,19.2300,19.0700,19.4600,18.9100,18.9400,6832000,130877383.0000,15881
20240802,002545,6.1800,6.1500,6.2600,6.0900,6.1600,6328900,39233449.0000,9938
20240802,002546,3.1900,3.1800,3.2000,3.1400,3.1500,6626400,20983833.0000,6653
20240802,002547,2.5900,2.5700,2.5900,2.5300,2.5300,21898954,55989893.3900,10806
20240802,002548,3.8300,3.8000,4.0200,3.7800,3.9100,16451247,64706619.4000,11251
20240802,002549,5.4300,5.3600,5.5200,5.3300,5.3800,16041700,87125729.0000,20375
20240802,002550,5.4800,5.4400,5.6200,5.4400,5.5500,16068500,89547689.0000,20807
20240802,002551,2.5100,2.5100,2.5700,2.4900,2.5300,11985216,30494082.6400,7333
20240802,002552,11.5100,11.4500,11.6800,11.3000,11.4900,3381100,38917118.0000,5088
20240802,002553,9.3400,9.2300,9.2800,9.0700,9.1200,5680100,52167758.0000,11473
20240802,002554,2.2400,2.2200,2.2500,2.2000,2.2300,7203200,16032187.0000,4105
20240802,002555,13.0800,12.9300,13.1600,12.8100,12.8700,25455992,330771215.0300,31886
20240802,002556,4.6800,4.6900,4.9400,4.6800,4.7700,20916407,100912154.0800,22201
20240802,002557,26.2200,26.0800,26.5500,25.9800,26.0100,3620899,94991450.5700,12946
20240802,002558,9.3300,9.2300,9.4500,9.1600,9.1800,23661845,220070848.8400,29501
20240802,002559,7.8900,7.8400,7.9100,7.6500,7.6700,24770700,192868966.0000,27837
20240802,002560,5.7200,5.6700,5.7900,5.6200,5.6800,8816440,50357103.6000,10325
20240802,002561,8.1600,8.1600,8.5500,8.0900,8.3300,36271151,301401464.8800,23505
20240802,002562,3.5800,3.5800,3.6800,3.5500,3.5600,47464540,171668097.8000,23379
20240802,002563,4.9700,4.9500,5.0000,4.8600,4.9700,14590140,72157052.4000,18972
20240802,002564,3.3900,3.3700,3.4600,3.3600,3.3900,7154600,24441849.0000,1242
20240802,002565,2.6700,2.6600,2.6900,2.6100,2.6300,26035700,69122324.5000,12224
20240802,002566,6.3600,6.3300,6.5000,6.3000,6.4100,3766193,24226565.1300,6270
20240802,002567,5.5100,5.4700,5.7000,5.4600,5.5900,51274700,287932435.0000,33214
20240802,002568,17.7900,17.7900,18.2500,17.5200,17.5900,8789418,157065911.5500,20956
20240802,002569,6.7100,6.6500,6.7100,6.5400,6.5500,921600,6082682.0000,477
20240802,002570,2.5400,2.5300,2.5700,2.5100,2.5200,10976071,27921885.0500,8162
20240802,002571,4.0400,3.9900,4.0900,3.9800,3.9900,5497700,22196401.0000,6510
20240802,002572,13.6800,13.5700,13.7900,13.4600,13.5600,6489600,88542533.0000,12375
20240802,002573,3.6000,3.5800,3.6200,3.5700,3.5800,3812101,13707723.5800,5855
20240802,002574,4.1100,4.0700,4.1900,4.0500,4.1000,5920800,24433918.0000,7784
20240802,002575,4.3100,4.3600,4.3700,4.2500,4.2900,3663000,15780184.0000,4774
20240802,002576,12.9300,12.9300,13.7800,12.4000,12.9600,20493735,264799191.5500,25383
20240802,002577,12.1300,12.0300,12.1300,11.8000,11.8700,2087300,25046531.0000,6974
20240802,002578,2.6500,2.6400,2.6600,2.6000,2.6200,7996100,21028389.0000,5753
20240802,002579,6.9000,6.8200,6.9000,6.6800,6.7000,10322082,70067118.5200,13241
20240802,002580,6.1500,6.1100,6.1700,6.0400,6.0700,4254800,25974722.0000,6175
20240802,002581,9.6700,9.6700,10.0200,9.6200,9.8400,5523000,54666655.0000,8271
20240802,002582,5.2100,5.2000,5.2600,5.1600,5.1700,3568502,18582684.3400,5213
20240802,002583,4.1600,4.1400,4.1800,4.0400,4.0500,30784580,126540222.8000,27760
20240802,002584,6.4200,6.3600,6.5300,6.2900,6.2900,35473600,227588916.0000,25232
20240802,002585,4.6900,4.6500,4.7400,4.5800,4.6100,9292300,43339324.0000,13278
20240802,002586,1.5300,1.5400,1.5400,1.5100,1.5200,2758600,4204702.0000,413
20240802,002587,6.4800,6.4000,6.5500,6.3000,6.3000,30404248,195024487.4400,17799
20240802,002588,6.4800,6.4200,6.5900,6.3900,6.4600,7618927,49427823.0700,7703
20240802,002589,2.2400,2.2300,2.2900,2.2100,2.2400,21787100,49282277.0000,8484
20240802,002590,13.5800,13.3800,13.8400,13.2000,13.2100,34967548,473227576.8500,51648
20240802,002591,4.0600,4.0500,4.0500,3.9400,3.9500,11082800,44104001.0000,9420
20240802,002592,4.4600,4.4000,4.4300,4.2900,4.2900,4793100,20947399.0000,1813
20240802,002593,2.8800,2.8500,2.8900,2.8200,2.8300,9633400,27489235.0000,8633
20240802,002594,244.2000,241.9900,242.2600,234.6000,234.7800,14567117,3453944602.5500,76848
20240802,002595,35.9600,35.8400,36.0300,35.0900,35.0900,1958145,69251563.9000,8650
20240802,002596,1.6700,1.5800,1.6800,1.5600,1.5700,71622392,115009884.0600,21334
20240802,002597,19.9600,19.9400,20.2800,19.7500,19.7800,2590200,51737945.0000,7159
20240802,002598,7.4200,7.3800,7.4400,7.2900,7.3100,3504658,25822220.6700,6458
20240802,002599,4.8900,4.8800,4.9600,4.7900,4.8100,10809200,52771922.0000,8736
20240802,002600,7.1800,7.0000,7.2300,6.7800,6.8200,203224369,1413646672.8000,133431
20240802,002601,16.9700,16.8600,17.0000,16.7100,16.7400,7086449,119306643.2600,18780
20240802,002602,3.2700,3.2600,3.2900,3.1800,3.2000,66233756,214346425.6800,27498
20240802,002603,15.7800,15.7100,16.4700,15.6600,16.1900,22204784,361276201.3900,35217
20240802,002605,17.8300,17.7100,18.0800,17.5100,17.5800,5556529,98910419.5900,12220
20240802,002606,7.7400,7.7200,7.9500,7.6900,7.7900,13829020,108423054.2000,10465
20240802,002607,1.8300,1.8300,2.0100,1.7800,2.0100,683444166,1331597165.2600,102098
20240802,002608,7.1100,7.0900,7.1800,7.0500,7.0900,11713854,83434498.3800,15742
20240802,002609,7.3700,7.3400,7.4100,7.2000,7.2300,3903500,28519813.0000,7268
20240802,002610,0.3700,0.3700,0.3700,0.3700,0.3700,0,0.0000,0
20240802,002611,6.8300,6.5300,6.6500,6.2000,6.2700,165871347,1065838092.5900,100308
20240802,002612,13.5600,13.4000,13.8800,13.4000,13.6800,3409479,46653236.0900,7567
20240802,002613,3.6100,3.5700,3.6400,3.5700,3.5800,11465340,41293110.2000,8999
20240802,002614,5.5800,5.5300,5.6100,5.5300,5.5700,3136483,17492256.6500,3632
20240802,002615,6.5700,6.5500,6.5900,6.4300,6.4500,9285130,60297398.0000,13221
20240802,002616,4.3100,4.3100,4.4900,4.2600,4.4800,12201800,53467462.0000,12728
20240802,002617,5.7200,5.6800,5.7800,5.5600,5.5800,32944535,186527990.4100,30396
20240802,002620,2.6300,2.6100,2.6400,2.5700,2.5900,7062950,18412455.0000,4227
20240802,002621,0.3700,0.3700,0.3700,0.3700,0.3700,0,0.0000,0
20240802,002622,1.3700,1.3600,1.4700,1.3500,1.4100,34566441,49051888.4000,11226
20240802,002623,16.0000,16.0000,16.0000,15.6700,15.6800,881530,13972020.8000,3028
20240802,002624,7.9100,7.8800,8.0800,7.8100,7.8300,25794478,205119224.7800,19873
20240802,002625,17.9300,17.7000,18.2800,17.6500,17.7000,28537114,512558877.7300,36712
20240802,002626,14.4700,14.7100,15.1800,14.6700,14.7900,12325074,183975541.5300,21524
20240802,002627,4.9900,4.9800,5.0100,4.8900,4.9100,8921960,44103424.3000,6389
20240802,002628,1.9800,2.1800,2.1800,2.1800,2.1800,9427200,20551296.0000,1329
20240802,002629,1.7300,1.7200,1.7200,1.6600,1.6800,9773200,16441426.0000,3077
20240802,002630,2.3400,2.3300,2.3600,2.3100,2.3400,16951932,39736187.6000,5761
20240802,002631,3.5600,3.5800,3.5900,3.5000,3.5100,3199180,11358260.0000,5042
20240802,002632,6.9900,6.9400,6.9500,6.7400,6.7500,14410100,98491611.0000,11603
20240802,002633,6.8900,6.8700,7.1800,6.7100,7.0800,4464400,31387221.0000,5205
20240802,002634,3.5000,3.4600,3.5000,3.4100,3.4500,7394700,25562246.0000,7628
20240802,002635,14.2200,14.0600,14.2600,13.7500,13.7600,7464330,104362385.0000,18467
20240802,002636,6.5200,6.4300,6.5000,6.3000,6.3200,4770526,30558377.1800,10613
20240802,002637,8.5200,8.4600,8.7000,8.4200,8.5800,1552500,13391316.0000,3775
20240802,002638,1.6900,1.6800,1.7600,1.6600,1.7200,31160850,53650056.5000,7603
20240802,002639,5.2700,5.2400,5.3000,5.2000,5.2100,7171393,37686309.1800,8392
20240802,002640,1.5400,1.5300,1.5400,1.4900,1.4900,63005096,95514489.0000,12894
20240802,002641,3.9600,3.9400,3.9700,3.9200,3.9300,7331367,28917923.3100,5210
20240802,002642,5.6800,5.6500,5.7000,5.5500,5.5600,13801251,77704517.5700,18500
20240802,002643,9.4400,9.4300,9.5400,9.2700,9.3100,5154900,48447104.0000,10047
20240802,002644,6.5800,6.5100,6.7400,6.5100,6.6500,4748650,31678004.9700,6741
20240802,002645,6.6500,6.6300,6.6300,6.4400,6.4600,10931538,71312962.7200,16725
20240802,002646,10.3300,10.2400,10.4100,10.2100,10.2400,2585600,26682435.0000,8127
20240802,002647,3.4600,3.4500,3.5000,3.4100,3.4200,12434252,43049107.3200,6717
20240802,002648,16.9200,16.7600,16.9500,16.5600,16.7800,12949211,217039706.3100,33708
20240802,002649,8.0400,8.0100,8.1000,7.8400,7.8600,9669155,76981811.5500,11325
20240802,002650,1.8800,1.8500,1.8700,1.8100,1.8200,6207900,11384220.0000,881
20240802,002651,5.6200,5.5500,5.7100,5.5300,5.5500,7960617,44738463.3900,13291
20240802,002652,2.8100,2.8100,2.8500,2.7400,2.7800,12730680,35546875.2000,4883
20240802,002653,26.6000,26.5700,28.0500,26.5100,27.1400,4644034,127492552.0500,16787
20240802,002654,10.2400,10.0400,10.1300,9.7600,9.7700,36935600,367355000.9900,51187
20240802,002655,10.9500,10.8100,10.9200,10.5800,10.6000,9481900,101821314.0000,13194
20240802,002656,1.2400,1.2400,1.2800,1.2400,1.2700,2517000,3163634.0000,284
20240802,002657,11.5700,11.5500,11.6200,11.2400,11.2700,6861847,78352572.4400,12670
20240802,002658,5.0800,5.0800,5.0900,4.9800,5.0200,1607800,8107971.0000,3540
20240802,002659,3.4800,3.4400,3.5400,3.3900,3.4000,15438486,53458029.9800,9943
20240802,002660,7.0600,7.0100,7.0900,6.9100,6.9200,2975100,20834220.0000,5493
20240802,002661,8.4300,8.3900,8.5700,8.3600,8.3600,2926500,24755652.0000,7430
20240802,002662,2.9700,2.9700,2.9800,2.9200,2.9300,12587815,37179660.0600,11144
20240802,002663,1.3500,1.3400,1.3500,1.3300,1.3400,10126240,13557687.6000,2401
20240802,002664,12.0900,12.0300,12.1600,11.9400,11.9600,2447200,29518168.0000,5564
20240802,002665,0.3700,0.3700,0.3700,0.3700,0.3700,0,0.0000,0
20240802,002666,3.6400,3.6100,3.6600,3.5800,3.6000,4154800,15044481.0000,7409
20240802,002667,5.1000,5.1500,5.1500,4.9600,4.9900,4953900,24941495.0000,5798
20240802,002668,9.3700,9.2700,9.4400,9.0100,9.0500,31552391,289810511.3800,35796
20240802,002669,8.3500,8.2600,8.4500,8.2100,8.2900,5195870,43173187.1000,7009
20240802,002670,9.9200,10.1000,10.9100,9.9700,10.0400,140996581,1461682362.1400,105368
20240802,002671,3.6800,3.6800,3.7200,3.6300,3.6600,5963600,21993774.0000,5314
20240802,002672,3.6700,3.6500,3.7000,3.6300,3.6400,2989709,10962538.1200,5035
20240802,002673,6.5500,6.5100,6.5700,6.4000,6.4200,30688354,198814618.2200,25676
20240802,002674,9.1000,9.0000,9.1600,8.9400,9.0500,2064800,18717129.0000,3857
20240802,002675,12.4400,12.3700,12.7800,12.3700,12.4900,4454000,56087281.0000,7072
20240802,002676,4.3100,4.2900,4.3900,4.2500,4.2900,12290100,53249173.0000,9991
20240802,002677,7.2900,7.2600,7.3100,7.2000,7.2200,1544200,11197622.0000,3171
20240802,002678,3.6000,3.5900,3.8200,3.5600,3.6100,9272274,34234401.5800,8449
20240802,002679,6.8800,6.8300,6.9000,6.7100,6.7300,2849100,19388619.0000,3810
20240802,002681,3.5800,3.5500,3.5800,3.4700,3.5000,18713137,66005037.8600,13433
20240802,002682,4.4500,4.3400,4.6200,4.2800,4.5400,90534425,400709575.1000,46782
20240802,002683,18.9100,18.8500,18.9700,18.6200,18.6800,2033700,38196582.0000,6739
20240802,002685,4.1100,3.7000,3.8600,3.7000,3.7000,148405980,552126401.9900,56949
20240802,002686,4.1700,4.1400,4.1800,4.0700,4.1100,4106100,16959971.0000,7271
20240802,002687,4.1000,4.0900,4.1200,4.0700,4.0700,2314465,9475858.6900,2576
20240802,002688,3.7700,3.7500,3.9300,3.7300,3.8500,12714491,49042754.2600,14988
20240802,002689,2.3500,2.3300,2.3900,2.3100,2.3200,20350000,47806949.0000,11976
20240802,002690,15.6100,15.5300,15.7500,15.3700,15.4300,2234190,34753749.6400,5901
20240802,002691,4.6100,4.5800,4.5900,4.4700,4.4800,6583900,29810000.0000,7556
20240802,002692,3.5100,3.5000,3.5100,3.4100,3.4200,4981480,17231952.6000,6436
20240802,002693,4.3700,4.3500,4.8100,4.3300,4.8100,7629200,36166625.0000,3577
20240802,002694,3.5600,3.5600,3.5800,3.4800,3.5100,2894984,10204336.9200,3228
20240802,002695,6.3200,6.3000,6.4000,6.2400,6.3200,2472400,15681925.0000,4761
20240802,002696,3.9900,3.9800,4.0600,3.9500,3.9500,4722200,18868607.0000,5484
20240802,002697,4.2900,4.2800,4.3100,4.2400,4.2400,19084778,81565591.2900,15420
20240802,002698,12.3400,12.1800,12.8000,12.1600,12.2000,20334368,253716797.0400,27994
20240802,002700,9.9200,9.9100,9.9800,9.8500,9.9200,1354062,13421282.4400,673
20240802,002701,4.2600,4.2400,4.2900,4.2400,4.2700,10631289,45333646.0300,11565
20240802,002702,3.4600,3.4400,3.5200,3.4300,3.4500,7578100,26400848.0000,8518
20240802,002703,12.1300,12.3400,12.7500,11.9000,12.0000,65910511,818510973.2400,68859
20240802,002705,13.2500,13.1700,13.4200,13.0600,13.1200,5804972,76822489.6700,13320
20240802,002706,6.2500,6.2500,6.3400,6.2000,6.2200,12161482,76208554.8600,15548
20240802,002707,6.7900,6.7200,6.9600,6.7000,6.8800,36392600,250430895.3700,35237
20240802,002708,7.9600,7.8800,8.0900,7.7700,7.7800,32386900,256789395.0000,35893
20240802,002709,15.4500,15.4000,15.7100,15.2800,15.2900,17802125,275543784.6000,28765
20240802,002712,3.6600,3.6500,3.7100,3.6100,3.6300,14796270,54251387.6000,12943
20240802,002713,2.4800,2.4600,2.4700,2.3800,2.4000,17920273,43301089.6000,9591
20240802,002714,43.4400,43.2900,44.8500,43.1200,44.2100,22040784,975217342.2800,43357
20240802,002715,12.3700,12.3300,12.3800,11.9400,12.0100,4823450,58524941.5000,6309
20240802,002716,3.1300,3.0800,3.2000,3.0700,3.1700,48692360,153264729.0000,21245
20240802,002717,1.1200,1.1000,1.2200,1.0900,1.1500,262738401,301280393.3500,35137
20240802,002718,10.3700,10.2600,10.5100,9.9800,10.0000,2116275,21673101.0000,2894
20240802,002719,6.2200,6.1500,6.2200,6.0400,6.0500,8818030,53970906.5000,6766
20240802,002721,2.2100,2.2000,2.2100,2.1500,2.1800,4080800,8909140.0000,602
20240802,002722,11.7400,11.6400,11.8300,11.5700,11.5800,2231900,26138422.0000,7677
20240802,002723,5.5900,5.5600,5.6000,5.4500,5.4800,3750300,20773849.0000,6454
20240802,002724,4.3400,4.3000,4.3900,4.2600,4.2700,5981300,25826520.0000,9772
20240802,002725,8.4200,8.3200,8.4200,8.2200,8.2400,2713000,22591346.0000,5834
20240802,002726,7.2200,7.2800,7.3500,7.1200,7.2500,13839721,100475923.0400,11083
20240802,002727,13.3700,13.2800,13.6800,13.1900,13.3200,13417500,181031412.0000,22809
20240802,002728,7.7800,7.6800,8.1100,7.6700,7.9000,17423644,139075771.5800,22004
20240802,002729,9.9300,9.9300,10.0400,9.6900,9.7100,6816300,67238832.0000,12375
20240802,002730,6.6400,6.6100,6.7300,6.5100,6.5300,5147000,34037515.0000,8139
20240802,002731,7.9500,7.9600,8.5100,7.8900,8.1900,7070056,57988476.1800,9583
20240802,002732,14.2700,14.1900,14.3500,14.1900,14.2200,506600,7232581.0000,1410
20240802,002733,10.7100,10.6500,10.7900,10.5400,10.5600,1919900,20469435.0000,4138
20240802,002734,6.6400,6.5800,7.3000,6.5700,7.3000,14465343,104224604.5500,5924
20240802,002735,9.6600,9.6600,10.5900,9.5000,9.8000,52020570,520622682.1800,68001
20240802,002736,8.9200,8.8900,8.9800,8.8100,8.8400,18337220,163133858.8000,24851
20240802,002737,22.3700,22.2200,22.8400,22.1100,22.4800,4107461,92898106.1600,10586
20240802,002738,26.4300,26.2100,26.8600,26.0800,26.3000,7194861,190497019.8200,15196
20240802,002739,10.9500,10.8800,11.0500,10.7800,10.8000,14946911,163253724.0500,16683
20240802,002741,11.2300,11.1700,11.3700,10.9900,11.0400,7124000,79629436.0000,11290
20240802,002742,2.5800,2.6600,2.7100,2.6300,2.7100,10965800,29371435.0000,1764
20240802,002743,3.7800,3.7500,3.8100,3.7300,3.7400,4385900,16539878.0000,4319
20240802,002745,8.3500,8.2800,8.3100,8.0500,8.0800,11902100,97267408.0000,22371
20240802,002746,5.8000,5.7600,5.8700,5.7500,5.7600,3184788,18506293.5000,5464
20240802,002747,13.5200,13.3500,13.5800,13.1400,13.1800,16496252,220347986.8000,22734
20240802,002748,5.5100,5.4600,5.6300,5.4500,5.5000,2954400,16381331.0000,1006
20240802,002749,15.0300,15.1800,15.2400,14.8500,14.9000,1570270,23629647.7100,4899
20240802,002750,2.1300,2.1300,2.2100,2.1100,2.1500,16133100,34915949.0000,2941
20240802,002752,4.6900,4.6900,4.7300,4.6000,4.6400,7081608,33105946.9200,11466
20240802,002753,5.7900,5.7500,5.8600,5.7300,5.7600,3256600,18900725.0000,5317
20240802,002755,10.1700,10.1500,10.5400,10.0600,10.3000,6341986,65920080.4200,15646
20240802,002756,32.5600,32.4100,32.9900,32.1600,32.3500,4554140,148514789.4000,13236
20240802,002757,11.6800,11.5400,11.7100,11.4600,11.5100,2829150,32803735.5000,6324
20240802,002758,7.6700,7.6700,7.7500,7.6400,7.6800,1812005,13948926.5500,3067
20240802,002759,6.2100,6.1800,6.2900,6.1200,6.1300,5742150,35635113.0000,8280
20240802,002760,13.9400,13.9500,14.4600,13.1400,13.3600,5248917,71930000.3000,10952
20240802,002761,8.4400,8.3700,8.4000,8.0600,8.0800,57131128,469515097.6900,47635
20240802,002762,5.0400,5.0300,5.0900,4.9900,4.9900,3381000,17048811.0000,2715
20240802,002763,6.4700,6.4300,6.5100,6.4100,6.4400,1530380,9897432.0000,2928
20240802,002765,4.8800,4.8400,4.8900,4.7700,4.7900,6591200,31850731.0000,10839
20240802,002766,5.0600,5.0100,5.0800,4.9000,4.9200,59387963,296536941.4000,43509
20240802,002767,11.7400,11.6600,11.7900,11.3700,11.4700,3000700,34721125.0000,7922
20240802,002768,18.1100,17.9800,18.2000,17.9100,18.0000,1167589,21102422.2200,3830
20240802,002769,5.1800,5.1700,5.1800,5.0300,5.0500,5207500,26594608.0000,5456
20240802,002771,15.8100,15.7000,15.9500,15.4900,15.5000,6089530,95504436.1000,13110
20240802,002772,5.9400,5.9300,6.0200,5.9000,5.9200,2729600,16278496.0000,5173
20240802,002773,20.5600,20.5000,21.0500,20.4500,20.6500,4609480,95752075.6000,15131
20240802,002774,6.2800,6.2300,6.2900,6.1400,6.1500,2744350,17069697.5000,6569
20240802,002775,2.1500,2.1300,2.2900,2.0800,2.0800,36207356,78403232.4800,14714
20240802,002777,14.7800,14.8900,15.1400,14.4600,14.4700,16447256,243940126.6300,31151
20240802,002778,9.6400,9.5900,9.6300,9.3400,9.3700,1530440,14516435.2000,2315
20240802,002779,30.7500,30.6000,31.6000,30.0000,30.6700,1146900,35485337.0000,3989
20240802,002780,8.9000,8.9100,8.9500,8.7300,8.7500,2188400,19317241.0000,3180
20240802,002782,10.6400,10.5900,10.6100,10.2600,10.3000,4050300,42186917.0000,10023
20240802,002783,7.2500,7.2100,7.3000,7.1900,7.2100,3037270,22028286.8200,2913
20240802,002785,25.2500,27.7800,27.7800,26.1000,27.7800,20489322,564661190.3500,10741
20240802,002786,7.6800,7.6100,7.6500,7.4100,7.4100,22487900,168782636.0000,33234
20240802,002787,6.7100,6.6900,6.7700,6.6200,6.6600,3709835,24881658.1000,7936
20240802,002788,7.5000,7.4600,7.6500,7.4600,7.5300,4215254,31956628.4800,6983
20240802,002789,8.9900,8.9300,9.0100,8.6800,8.8500,2352400,20864545.0000,3600
20240802,002790,7.7900,7.7800,7.8900,7.6800,7.7100,3871700,30172517.8000,9151
20240802,002791,23.0600,22.8900,23.4100,22.7500,22.7800,3081816,71056026.8600,10641
20240802,002792,10.5600,10.5500,10.7600,10.2900,10.3500,9459521,99024576.2500,16153
20240802,002793,4.0500,4.0500,4.1800,4.0400,4.0900,9020340,37254278.0000,9775
20240802,002795,3.7300,3.7400,3.7500,3.6300,3.6400,7019352,25916353.6400,6800
20240802,002796,8.4200,8.3800,8.6900,8.2200,8.2300,14662043,123075815.5800,15700
20240802,002797,5.2800,5.2600,5.3300,5.1500,5.1800,36419942,190633895.3500,33303
20240802,002798,3.3200,3.3000,3.3200,3.2400,3.2600,3482189,11425739.5900,4574
20240802,002799,6.2300,6.1800,6.2700,6.0900,6.1100,3856200,23871579.0000,8174
20240802,002800,9.1500,9.0200,9.0700,8.8500,8.8900,3505220,31382980.8000,4720
20240802,002801,18.1100,18.0800,18.2300,17.8200,17.8700,897300,16213136.0000,3022
20240802,002802,8.2700,8.2400,8.3700,8.1600,8.2200,2046200,16931655.4000,3963
20240802,002803,10.6000,10.5100,10.7000,10.4400,10.4500,4997689,52906219.4100,7220
20240802,002805,10.5600,10.2600,10.2600,9.9800,9.9900,18185530,183976968.8200,22587
20240802,002806,10.5400,10.3000,10.4900,9.8900,9.9300,16926100,172211030.0000,16866
20240802,002807,3.7700,3.7600,3.8100,3.7400,3.7700,22459306,84937680.0200,13660
20240802,002808,1.7600,1.7500,1.7700,1.6700,1.6700,8751795,14918833.8500,1375
20240802,002809,7.3700,7.3200,7.5000,7.2000,7.2600,3716838,27157994.8200,5489
20240802,002810,11.2300,11.1700,11.6300,11.0700,11.2600,4532900,51680901.8000,8975
20240802,002811,6.7500,6.7500,7.0700,6.6900,6.7900,5621850,38706203.0000,10695
20240802,002812,30.2800,30.2000,30.6600,29.8800,29.8900,8129232,245748092.4000,20567
20240802,002813,29.4600,28.8000,29.8600,28.6300,29.0600,5494420,160172736.0000,12363
20240802,002815,8.7600,8.6000,8.7500,8.3900,8.4200,16276300,139212497.9000,20304
20240802,002816,8.7800,8.7500,8.7800,8.6400,8.7300,252400,2196245.0000,203
20240802,002817,5.4200,5.3500,5.5000,5.3500,5.4000,4111500,22400353.0000,6682
20240802,002818,11.3000,11.3000,11.4100,11.2400,11.3400,1455960,16514523.9000,3531
20240802,002819,21.8800,21.6000,21.8000,21.0800,21.1100,4674880,100129753.3500,11770
20240802,002820,7.5400,7.5000,7.6000,7.4700,7.5200,1983800,14966304.4000,4127
20240802,002821,74.0800,74.0900,76.9400,73.8800,74.1500,6717500,507162980.8000,22871
20240802,002822,1.7600,1.7600,1.8000,1.6800,1.7300,30720400,53372604.0000,3216
20240802,002823,13.9500,13.8000,13.8000,13.1900,13.2900,30682164,412978279.7100,54778
20240802,002824,13.6600,13.3500,13.7500,12.8200,12.8800,8789564,115205645.2000,18459
20240802,002825,6.2000,6.1300,6.2600,6.1300,6.1400,2551911,15797208.2200,6348
20240802,002826,8.4200,8.4100,8.6300,8.3000,8.4600,6491700,55247493.0000,8955
20240802,002827,20.3900,20.3000,20.4800,19.8800,19.9100,4853400,97820240.0000,9499
20240802,002828,8.0300,7.9300,8.2300,7.8900,8.1500,11926096,96667700.7000,13658
20240802,002829,21.6700,23.1500,23.8400,23.0000,23.8400,11104574,261319243.2700,13340
20240802,002830,9.8000,9.7600,9.9400,9.6000,9.7000,1183100,11538588.0000,2487
20240802,002831,22.8900,22.6600,23.0700,22.5400,22.7200,1906554,43504585.6600,7071
20240802,002832,21.1700,21.1000,21.1000,20.5500,20.7100,5967453,124156462.2700,15123
20240802,002833,16.4200,16.2600,16.6000,16.2000,16.2500,2383080,39079485.4000,7846
20240802,002835,15.4100,15.3500,15.3800,14.9600,14.9800,3637700,55203584.0000,8934
20240802,002836,6.0800,6.0300,6.1000,5.9500,5.9900,2464864,14865235.6000,4281
20240802,002837,23.9400,23.6600,23.9900,23.1000,23.2400,13231631,310856851.9200,32769
20240802,002838,8.8500,8.8500,8.9400,8.7100,8.7300,2175204,19199870.6400,6178
20240802,002839,4.0000,3.9800,4.0200,3.9700,3.9800,12043560,48138918.6000,10003
20240802,002840,14.1400,14.0000,15.0600,13.8300,14.5500,14632899,214911818.7200,30031
20240802,002841,30.0300,29.8000,30.2200,29.5100,29.6000,2309672,68798882.5900,9996
20240802,002842,5.2600,5.2400,5.2600,5.1500,5.1900,3386732,17629729.0400,5131
20240802,002843,12.5100,12.4500,12.9200,12.3200,12.4600,6278600,79173927.6800,12504
20240802,002845,12.2700,12.1600,12.2500,11.8300,11.8800,7073300,85240152.6000,12949
20240802,002846,7.0400,6.9900,7.0500,6.9100,6.9100,5096533,35567946.6800,4540
20240802,002847,37.8400,37.6900,38.3900,37.1600,37.2400,1707810,64397931.2000,6992
20240802,002848,7.0200,6.9400,7.0300,6.7600,6.8500,3795400,26210621.0000,5650
20240802,002849,10.5800,10.4900,10.6400,10.3400,10.3400,2264120,23719232.2000,5395
20240802,002850,76.4000,75.9400,76.5500,73.8300,73.9900,1313374,98447151.9500,6795
20240802,002851,26.5000,25.9000,26.3900,25.4000,25.5000,12002525,309498549.7600,21120
20240802,002852,6.9100,6.8500,7.0400,6.8300,6.8900,4693967,32636664.3300,5492
20240802,002853,7.1200,7.0600,7.2100,7.0000,7.0500,2761300,19648520.0000,4819
20240802,002855,18.7800,18.6000,18.7400,18.0500,18.0900,3868800,71142803.0000,11430
20240802,002856,7.3800,7.3800,7.4500,7.1700,7.1700,3051000,22191222.0000,4645
20240802,002857,10.7400,10.7000,10.7400,10.4200,10.4600,3822100,40463547.0000,6106
20240802,002858,10.3100,10.2700,10.3700,10.0500,10.0800,3688738,37663648.5000,6502
20240802,002859,19.2900,19.1300,19.3700,18.7600,18.8000,2525788,48025742.7600,6800
20240802,002860,8.0800,8.0500,8.1000,7.9200,7.9500,2817740,22584056.8000,6342
20240802,002861,9.8500,9.6600,9.7500,9.3100,9.3900,11961927,113964796.5600,13219
20240802,002862,13.4600,13.3800,13.5000,13.2000,13.3400,1003200,13400735.0000,2987
20240802,002863,3.8700,3.8400,3.8800,3.7900,3.8100,8808515,33782577.6900,8224
20240802,002864,25.8800,25.6900,26.5000,25.6900,26.0800,2938155,77194547.1200,7028
20240802,002865,37.5800,37.6000,38.3700,36.8800,36.9400,4966740,186310108.7500,16124
20240802,002866,11.7600,11.6800,11.8600,11.4500,11.4500,3277820,38251889.4200,9515
20240802,002867,11.7700,11.7300,11.8100,11.5500,11.6200,10302028,120080946.6100,16407
20240802,002868,13.2700,13.3700,13.6500,13.2000,13.2500,2078920,27943028.2000,3861
20240802,002869,34.2000,31.9300,32.8300,30.8300,31.1200,39774250,1262628688.3500,88143
20240802,002870,29.3400,29.1900,29.6000,28.8200,28.8400,1251200,36544200.0000,3487
20240802,002871,8.4900,8.4700,8.5000,8.3300,8.3500,2544210,21422974.3000,4054
20240802,002872,3.4600,3.4300,3.5500,3.4300,3.4500,3810250,13286245.9900,699
20240802,002873,8.2400,8.2000,8.5400,8.2000,8.3400,9109258,76609556.6600,13887
20240802,002875,11.1700,11.1500,11.1700,10.9500,11.0200,4870100,53756292.0000,6270
20240802,002876,21.1100,20.9400,21.1100,20.6600,20.7000,3023375,63039070.8200,8331
20240802,002877,7.1500,7.1000,7.1600,6.9500,6.9700,3497330,24636862.4000,6475
20240802,002878,11.1900,11.1100,11.2300,10.8200,10.8400,7267240,80176266.1900,11663
20240802,002879,13.3400,13.2600,13.4700,13.1700,13.2600,1590284,21226784.0800,5007
20240802,002880,27.6000,27.4400,27.9800,27.4400,27.5800,354400,9837613.0000,1286
20240802,002881,19.8500,19.6800,19.7800,19.1100,19.1600,3041400,59187943.0000,6433
20240802,002882,14.8000,14.6500,14.8800,14.5100,14.5500,4614600,67906980.0000,8929
20240802,002883,8.8300,8.7800,8.9500,8.7400,8.7900,4114800,36329340.0000,6173
20240802,002884,16.6300,16.6200,16.7600,16.3500,16.4200,1463000,24168061.0000,5139
20240802,002885,10.2700,10.2500,10.3300,10.0300,10.0700,2670246,27163609.8600,6697
20240802,002886,14.7700,14.6000,14.8500,14.3000,14.3600,8923440,129791322.8000,9973
20240802,002887,6.4100,6.3800,6.4200,6.3000,6.3000,2764800,17595301.0000,5661
20240802,002888,14.8100,14.6000,14.7500,14.3000,14.3700,8240300,119339956.0000,14097
20240802,002889,17.2500,16.9600,17.1900,16.5800,16.6500,8957456,151433472.4000,15282
20240802,002890,8.8700,8.7900,9.1300,8.7500,8.9200,4336175,38689221.3600,4490
20240802,002891,18.8000,18.7500,19.0800,18.6500,18.6700,1873469,35337530.4300,5889
20240802,002892,8.5800,8.4600,8.5500,8.3100,8.3300,13270469,111951306.0200,16155
20240802,002893,9.0100,8.9600,9.0400,8.9000,8.9300,3226080,28972854.5000,4867
20240802,002895,16.8600,16.7200,17.0500,16.6100,16.6600,2716100,45682480.1000,7842
20240802,002896,28.1700,28.1000,28.6300,27.5500,27.6500,8284809,231847268.3900,21554
20240802,002897,36.8100,36.0000,36.6800,35.1400,35.1600,10623799,379673645.0200,28050
20240802,002898,9.7600,9.9700,10.7400,9.4600,10.4300,26616686,275861114.8000,28987
20240802,002899,13.0600,13.0100,13.0500,12.6800,12.7000,958800,12298367.0000,1893
20240802,002900,8.8000,8.8500,9.2100,8.7800,8.8700,5985100,53702774.5000,11092
20240802,002901,24.9700,24.7000,25.5700,24.7000,24.9500,1194456,30150728.7200,4733
20240802,002902,19.6500,19.3900,19.7900,19.0200,19.0800,13914900,269237006.4500,24641
20240802,002903,16.0800,15.8800,16.1600,15.6400,15.6700,4197561,66660875.8400,7620
20240802,002905,6.5900,6.6000,6.9300,6.3000,6.3900,16221974,107064540.7700,12262
20240802,002906,26.3600,25.9800,26.1000,25.2500,25.2600,9033010,231944407.6000,24817
20240802,002907,12.5900,12.4900,13.8500,12.4500,13.8500,9789382,133119325.6700,11059
20240802,002908,7.5500,7.5000,7.5800,7.3500,7.3700,3833649,28625118.6600,7230
20240802,002909,4.0000,3.9800,4.0900,3.8900,3.9100,10026542,39975159.2300,10511
20240802,002910,6.1600,6.1500,6.2500,6.1100,6.1200,2115800,13080873.0000,3063
20240802,002911,10.3800,10.3200,10.3500,10.2200,10.2800,3217481,33076915.3300,9076
20240802,002912,16.6500,16.5300,16.7200,16.1900,16.2500,1903052,31331495.4000,5545
20240802,002913,26.5600,26.1000,26.8600,26.0600,26.5100,6422039,170290290.1400,11023
20240802,002915,9.3600,9.2800,9.4900,9.2600,9.3600,3669080,34472688.6000,7580
20240802,002916,116.9600,111.0100,113.8500,108.8000,111.0000,8745865,974881874.3600,40290
20240802,002917,8.5300,8.4900,8.5900,8.3800,8.3900,3018800,25598288.0000,7777
20240802,002918,8.3100,8.2800,8.4000,8.2000,8.2700,1770170,14715938.5000,3529
20240802,002919,11.0900,10.9800,11.3500,10.9600,11.1000,3818548,42654021.1400,8479
20240802,002920,93.1500,91.7900,92.9300,89.3000,89.9800,7015034,638731279.5300,28543
20240802,002921,9.9000,9.8700,9.9100,9.6000,9.6800,1623670,15835495.8000,3390
20240802,002922,17.2900,17.2800,17.5500,16.9500,17.1100,9697264,167120230.6800,28475
20240802,002923,9.0800,9.0600,9.2600,9.0400,9.1500,2035774,18717882.8800,5497
20240802,002925,12.1300,12.0900,12.1500,11.7600,11.7800,4115416,49192701.4800,9027
20240802,002926,6.8600,6.8300,6.8900,6.7300,6.7500,13372773,91244531.8600,16047
20240802,002927,11.0300,11.0200,11.4000,10.8500,11.1200,8096615,90597086.1900,15359
20240802,002928,6.3500,6.2900,6.6700,6.2800,6.4000,21224150,137698110.3100,24863
20240802,002929,28.3900,28.0900,28.4800,27.6700,27.7000,3760000,105456245.0000,9986
20240802,002930,11.7200,11.8100,11.8400,11.4900,11.5700,810606,9483480.3400,2913
20240802,002931,9.0700,9.0500,9.1100,8.7300,8.7500,2509440,22309865.0000,6702
20240802,002932,16.4900,16.4700,16.8500,16.3800,16.6200,1543415,25741730.6100,3900
20240802,002933,24.2700,24.0600,24.6500,23.8400,23.8800,1735100,42055005.0000,6301
20240802,002935,13.4800,13.2900,13.8800,13.1000,13.2500,8892207,119487086.3300,16903
20240802,002936,1.7800,1.7800,1.7900,1.7700,1.7700,34069313,60664080.5200,7008
20240802,002937,18.9900,18.7200,18.8800,18.3100,18.3600,3415800,63510246.2300,9299
20240802,002938,36.7300,36.2000,37.1900,35.7700,36.3200,10942479,397980870.7100,31273
20240802,002939,7.0100,6.9800,7.0300,6.8200,6.8400,17010225,117610892.3400,20689
20240802,002940,12.6200,12.4800,13.0400,12.4800,12.6200,2800200,35840865.0000,8347
20240802,002941,9.0300,8.9500,9.1100,8.9200,8.9600,5523680,49798212.4000,6425
20240802,002942,11.8300,11.7500,12.1000,11.7100,11.8800,1453820,17364665.4000,3395
20240802,002943,19.1900,19.0300,19.1200,18.5000,18.6000,3510763,66069684.8900,7642
20240802,002945,10.7900,10.7100,10.8100,10.4400,10.4700,8954000,95003352.0000,19141
20240802,002946,8.4800,8.4500,8.6000,8.4100,8.4400,2342100,19925678.0000,5916
20240802,002947,34.8100,34.3000,36.7700,34.0100,34.7300,7823263,277241413.8700,19650
20240802,002948,3.3100,3.3000,3.3200,3.2800,3.2900,20297640,66963665.1000,15861
20240802,002949,9.2400,9.1500,9.6000,9.1300,9.2300,2883700,26872333.0000,5485
20240802,002950,6.5900,6.5300,6.7400,6.5300,6.6300,3296650,22014570.5000,6019
20240802,002951,4.2400,4.2400,4.2400,4.0300,4.0800,1508400,6183661.0000,596
20240802,002952,19.9200,19.7000,19.7500,19.1400,19.2200,4723665,92014826.7000,12178
20240802,002953,7.6800,7.7000,7.7400,7.5000,7.5200,3637682,27679024.4600,9196
20240802,002955,22.5900,22.5600,22.5700,21.4000,21.6000,3278523,71820561.1800,9215
20240802,002956,13.2500,13.2500,13.4000,13.1000,13.1800,1654120,21929563.6000,5351
20240802,002957,12.6700,12.5900,12.7600,12.3700,12.3800,3279634,41183530.3800,6560
20240802,002958,2.6000,2.6000,2.6500,2.5900,2.6100,41864200,109645266.0000,16218
20240802,002959,47.9500,47.5000,48.8000,47.5000,47.7700,1460999,70431182.3000,4706
20240802,002960,11.2700,11.2100,11.3100,11.0600,11.1200,4578327,51236606.6100,8893
20240802,002961,11.1500,11.0600,11.2200,10.8500,10.8900,7675305,84563752.9900,16614
20240802,002962,14.5500,14.4000,14.5600,14.0900,14.0900,9105188,130284140.8000,16094
20240802,002963,10.5300,10.4100,10.4700,10.1700,10.2000,4180700,43156793.9700,7280
20240802,002965,29.6900,29.3500,29.5800,28.8400,28.9600,2069900,60503938.0000,6120
20240802,002966,7.1900,7.1500,7.2400,7.1200,7.1700,24230052,174188335.4000,19155
20240802,002967,12.7100,12.5500,12.8200,12.4800,12.4900,5792200,73171107.0000,11877
20240802,002968,8.6800,8.6400,8.7700,8.5200,8.5400,2314100,19957216.0000,5907
20240802,002969,2.9100,2.8900,2.9300,2.8700,2.8900,7719400,22448826.0000,6259
20240802,002970,34.4600,33.9800,34.8600,33.6500,33.8200,2756500,94333143.0000,11209
20240802,002971,17.9500,17.7900,18.1000,17.6200,17.7600,1090942,19498140.0400,2484
20240802,002972,9.9500,9.7800,9.8200,9.4600,9.5200,6771422,65234138.8900,15004
20240802,002973,9.6700,9.4500,9.5200,9.2600,9.2700,4495300,42246211.0000,4222
20240802,002975,27.7400,27.5800,27.7800,26.7400,26.8000,955600,26002905.0000,4095
20240802,002976,22.3600,22.3000,22.5000,22.0000,22.0200,1282611,28511500.5300,4630
20240802,002977,32.0000,32.0000,33.1100,30.5000,30.5200,9604644,305267524.8500,21766
20240802,002978,25.5700,25.4800,25.8500,25.1700,25.4300,835844,21307229.1200,4013
20240802,002979,21.2000,20.9800,21.1700,20.4000,20.4500,23880859,496231890.2900,53670
20240802,002980,21.4500,21.3800,21.6300,20.9600,20.9700,692893,14758594.2900,2673
20240802,002981,18.0800,17.9700,18.1700,17.6400,17.7700,3823376,68453639.6200,7662
20240802,002982,16.7700,16.6600,17.4700,16.6100,17.1000,5772853,99068766.9700,11674
20240802,002983,15.9100,15.8800,16.1800,15.5800,15.6500,2360603,37352508.0400,7880
20240802,002984,21.7000,21.5400,22.0500,21.4600,21.8800,13198290,288112407.3600,33342
20240802,002985,21.4600,21.2000,22.1100,21.1000,21.2000,7028714,151447416.3400,15789
20240802,002986,10.3500,10.5500,10.5500,10.0800,10.1200,2114031,21715059.5900,4809
20240802,002987,9.9500,9.8800,9.9900,9.7400,9.7500,4606676,45417659.9500,9165
20240802,002988,15.1000,15.0500,15.0900,14.7000,14.8200,2034629,30302488.8100,5742
20240802,002989,17.1500,16.8600,17.4100,16.6800,16.9000,2364013,40281869.0500,4617
20240802,002990,19.5100,19.4000,19.5900,19.0700,19.1400,1930165,37269260.5000,6665
20240802,002991,57.7600,57.4500,58.6600,57.2500,57.6800,1092232,63190544.7300,4997
20240802,002992,48.9000,48.6200,48.8700,47.6800,47.8800,1260020,60755762.6000,4788
20240802,002993,31.1400,30.9700,31.0500,30.0000,30.1200,1967771,60127191.4400,8356
20240802,002995,14.8600,14.7400,15.0700,14.4400,14.4600,5641972,83292934.3200,11012
20240802,002996,5.6600,5.5800,5.6600,5.5200,5.5500,2891680,16171283.8000,6685
20240802,002997,29.5800,29.3000,29.6300,28.6200,28.7900,2939622,85713983.2500,8854
20240802,002998,5.5000,5.4700,5.5200,5.4000,5.4200,3305200,18063426.0000,5992
20240802,002999,5.3800,5.3600,5.4400,5.3200,5.3500,4288780,23125429.8000,4595
20240802,003000,11.5000,11.4900,11.5800,11.0300,11.1100,8946300,100934516.0000,17914
20240802,003001,16.0600,15.8900,16.0100,15.4100,15.5100,1020100,15972075.0000,3290
20240802,003002,10.2400,10.1800,10.3200,10.1300,10.1800,1100700,11283488.0000,2083
20240802,003003,7.8700,7.8600,7.9600,7.7600,7.7700,2029900,15951793.0000,3677
20240802,003004,24.9100,24.6600,24.9000,24.3600,24.3900,2303800,56619994.6700,5705
20240802,003005,22.8600,22.7300,22.7500,22.0700,22.0900,1916700,42959860.0000,6158
20240802,003006,20.8600,21.0600,21.2500,20.3000,20.6600,3553640,73203079.4200,14904
20240802,003007,24.1700,24.0000,24.2500,23.7200,23.7300,961000,23057435.0000,4065
20240802,003008,16.8500,16.7500,16.9500,16.5600,16.5900,1289773,21607454.1300,4125
20240802,003009,40.9300,41.7800,45.0200,41.1000,43.6800,7915469,347849457.3800,19538
20240802,003010,11.5500,11.4400,11.6800,11.3800,11.4300,3577080,41305339.2000,5860
20240802,003011,12.4100,12.4100,12.5800,12.2100,12.2600,822100,10192728.8000,2191
20240802,003012,5.9100,5.9200,5.9300,5.8000,5.8500,2881600,16896236.0000,5333
20240802,003013,14.8800,14.6800,15.0900,14.5900,14.7900,4307436,63934962.0400,7887
20240802,003015,10.1900,10.1400,10.2600,10.0700,10.1100,13105900,133244137.0000,22721
20240802,003016,6.1800,6.1300,6.2100,6.1200,6.1300,725500,4473229.0000,1498
20240802,003017,15.7100,15.7600,15.8700,15.5300,15.6200,651100,10215996.0000,1910
20240802,003018,7.2700,7.2200,7.3100,7.2000,7.2100,1480000,10738801.0000,2549
20240802,003019,22.6200,22.3000,22.6200,21.8600,21.9100,4063313,90177736.6600,11730
20240802,003020,17.2500,17.2000,17.9900,17.1000,17.6700,1568667,27819974.7200,4128
20240802,003021,43.8600,43.4100,44.2500,42.2200,42.5700,5233619,225897205.6000,20184
20240802,003022,13.5000,13.5000,13.6800,13.3700,13.3800,3317600,44794432.0000,9790
20240802,003023,15.7800,15.7300,15.7800,15.5000,15.5000,1129380,17678085.0000,3531
20240802,003025,13.4600,13.2500,13.6800,13.1600,13.2000,7149514,95675228.3900,16217
20240802,003026,30.6900,28.9000,33.7600,28.9000,33.7600,29968639,976451388.3300,63572
20240802,003027,12.4700,12.3600,12.5300,12.2600,12.2800,1693200,20973975.0000,3666
20240802,003028,34.9400,34.6500,34.9600,34.0800,34.0800,673600,23205387.0000,2602
20240802,003029,19.6000,19.3000,20.7900,19.0700,19.9100,19009170,377459557.6500,31186
20240802,003030,13.6300,13.6000,13.8300,13.5400,13.6000,378800,5192848.0000,1392
20240802,003031,43.6100,43.0000,43.5900,42.3500,42.5600,1666980,71433218.0000,5701
20240802,003032,8.8600,8.7700,9.0500,8.7200,8.7400,13665700,121518237.0000,13966
20240802,003033,23.1000,23.3500,23.3500,22.8300,22.9900,522000,12049282.0000,1795
20240802,003035,4.2400,4.2100,4.2600,4.2000,4.2200,7164328,30340955.0000,6070
20240802,003036,7.8000,7.7800,7.9000,7.6800,7.7300,1802600,13993134.0000,4734
20240802,003037,5.3300,5.2900,5.3900,5.2700,5.2900,4295050,22902863.5000,6563
20240802,003038,13.1200,13.0500,13.1200,12.8000,12.8300,2600100,33716503.0000,6777
20240802,003039,12.0300,12.0100,12.7100,11.8900,12.1600,7176000,87857502.1400,15146
20240802,003040,11.1000,11.1100,11.2000,10.8500,10.9000,5442700,60035328.0000,8478
20240802,003041,11.3400,11.3200,11.4600,11.2400,11.3500,518844,5900135.6400,1822
20240802,003042,11.8600,11.8000,12.0000,11.7200,11.8000,1926740,22902983.6000,3345
20240802,003043,40.0300,39.4900,39.9000,38.4000,38.5800,1931493,75498185.1100,5799
20240802,003816,4.7500,4.7200,4.7800,4.6500,4.7200,126693121,596893476.6900,49271
20240802,300001,20.0300,19.9100,20.0500,19.4600,19.5800,9437824,186179160.0700,17760
20240802,300002,8.2300,8.1700,8.2800,8.0100,8.0300,34377000,279733738.0000,34969
20240802,300003,12.7500,12.6300,13.2900,12.5700,12.8700,28004683,364187302.6100,47338
20240802,300004,4.2800,4.2200,4.4200,4.2000,4.2500,10166303,43830914.7200,9357
20240802,300005,4.7000,4.6600,4.6900,4.5600,4.5800,13300384,61537404.0800,15802
20240802,300006,2.4600,2.4500,2.5800,2.4400,2.5200,17706645,44985284.5000,9167
20240802,300007,13.7900,13.6500,13.7400,13.3600,13.3800,6446100,87377125.0000,6782
20240802,300008,3.8900,3.8500,3.9500,3.8400,3.8600,46909200,182466402.0000,14163
20240802,300009,8.5300,8.5000,8.7700,8.4500,8.6200,16328460,141687280.6000,18799
20240802,300010,2.7000,2.6700,2.8500,2.6300,2.7400,61428086,169825582.5200,13643
20240802,300011,5.9300,5.8500,5.9500,5.6500,5.7000,30762991,177657724.0400,16509
20240802,300012,11.6800,11.6200,11.8400,11.5500,11.7100,12678547,148797471.3700,20792
20240802,300013,1.7700,1.7500,1.8000,1.7300,1.7400,9472300,16702987.0000,952
20240802,300014,37.7000,37.6300,37.8800,36.9000,37.1200,10974301,410202797.0100,28176
20240802,300015,10.8900,10.8300,11.4000,10.8000,11.0800,124372458,1388423725.9000,107438
20240802,300016,4.5900,4.5500,4.7600,4.5500,4.6800,11340300,53240125.0000,12972
20240802,300017,7.4900,7.4300,7.5000,7.2600,7.2900,35062044,258464143.0400,31025
20240802,300018,4.6100,4.5900,4.6500,4.5300,4.5400,5216800,24009831.0000,7119
20240802,300019,11.7900,11.7000,11.8400,11.6000,11.6100,2377200,27863678.0000,2535
20240802,300020,2.0400,2.0200,2.0700,2.0100,2.0300,42853736,87332971.2500,5212
20240802,300021,3.4500,3.4200,3.4700,3.4000,3.4000,11492603,39414046.2000,4574
20240802,300022,3.7400,3.7000,3.7800,3.6800,3.7300,7915202,29540464.4800,4980
20240802,300024,10.1400,10.0700,10.2100,9.9300,9.9500,19663875,197969291.3800,20427
20240802,300025,9.1200,9.0900,9.1800,8.9600,9.0000,4027200,36604643.0000,4656
20240802,300026,3.3000,3.3000,3.4000,3.2800,3.3300,42997600,144227333.0000,20430
20240802,300027,1.6700,1.6600,1.7000,1.6500,1.6600,28618732,48026257.4200,7556
20240802,300029,3.8600,3.8400,3.9700,3.7900,3.8900,3579997,13904601.6000,1353
20240802,300030,3.9200,3.8900,4.6400,3.8700,4.0800,26642349,112877858.5600,26624
20240802,300031,15.9300,15.7800,16.0900,15.5100,15.5300,17827610,281416495.2000,19918
20240802,300032,3.2300,3.2300,3.2500,3.1300,3.1400,15458102,49262734.4400,11438
20240802,300033,105.0200,104.0200,105.8200,102.4500,102.7200,6047383,628754601.7500,23805
20240802,300034,16.0500,15.9100,16.4900,15.7100,15.7400,20632855,332562214.8600,31471
20240802,300035,8.3900,8.6500,8.6500,8.2200,8.2300,12277500,103245968.0900,19526
20240802,300036,14.8500,14.8700,15.0000,14.3900,14.4000,15537500,228075860.5400,20261
20240802,300037,31.8200,31.7500,32.0100,31.2500,31.6900,5002976,158642816.1200,14829
20240802,300039,5.5400,5.5300,5.6900,5.4900,5.5900,24532775,137976235.0000,15722
20240802,300040,5.0600,5.0500,5.1000,4.9400,4.9500,19633163,98607780.2400,17745
20240802,300041,7.3900,7.3200,7.4100,7.2900,7.3600,3948340,29064201.7000,4722
20240802,300042,18.2500,17.9800,18.2400,17.5400,17.5500,3831800,68446159.2500,9225
20240802,300043,2.3800,2.3500,2.4000,2.3300,2.3400,28477640,67231018.4000,4842
20240802,300044,4.9000,4.8000,4.9200,4.7200,4.7200,54083810,259529196.9000,23330
20240802,300045,18.6500,18.4100,18.9300,18.0500,18.0600,35906804,662178817.9500,62563
20240802,300046,20.6300,19.7000,20.3000,19.4700,19.5000,36564147,724318209.6700,58586
20240802,300047,6.8300,6.7900,6.8700,6.6300,6.6600,23998500,162285524.9800,28670
20240802,300048,4.5900,4.5800,4.6800,4.5300,4.6100,7865100,36428912.2000,12255
20240802,300049,46.8500,46.6600,47.9900,46.3500,46.4500,2524400,119131923.0000,9719
20240802,300050,3.0700,3.0300,3.0400,2.8900,2.9300,33340400,98875960.0000,8915
20240802,300051,6.4000,6.3500,6.5200,6.2800,6.3000,2491100,15894525.0000,4452
20240802,300052,12.0800,11.9000,12.1600,11.8600,12.0900,5618200,67843913.0000,7568
20240802,300053,13.7300,12.9400,13.5800,12.3900,12.4700,152168789,1957503305.5200,138561
20240802,300054,21.7600,21.5700,21.9200,21.0600,21.1900,6178054,132536288.2600,15393
20240802,300055,4.1700,4.1400,4.2100,4.1400,4.1500,5064236,21153033.8400,6245
20240802,300056,8.3300,8.2500,8.3200,8.0500,8.0600,5967852,48770648.0000,3514
20240802,300057,3.9500,3.9200,3.9700,3.8600,3.8900,7074800,27706932.0000,6733
20240802,300058,5.3400,5.3100,5.4100,5.2500,5.2700,30357200,161873135.0000,18734
20240802,300059,10.9800,10.9300,11.0800,10.7300,10.7800,178998637,1947816879.1600,108501
20240802,300061,8.6100,8.4000,8.5500,6.8900,6.8900,189004936,1427520470.9400,107136
20240802,300062,5.0300,5.0000,5.0200,4.9200,4.9300,10565577,52466005.8600,4805
20240802,300063,4.1900,4.1400,4.2000,4.0400,4.0500,44223550,181980466.0000,18329
20240802,300065,6.7300,6.6900,6.8100,6.5400,6.5800,15394075,102773004.1700,14654
20240802,300066,3.0200,3.0100,3.0500,2.9800,3.0000,9155500,27614272.0000,3004
20240802,300067,3.8200,3.7700,3.7900,3.6400,3.6500,36096750,134245495.5000,16420
20240802,300068,8.6300,8.5800,8.6800,8.3300,8.3700,15315059,130380595.2200,13850
20240802,300069,11.1100,10.9000,11.0000,10.5700,10.5900,4746950,51172792.0000,5406
20240802,300070,4.1800,4.1500,4.2000,4.1400,4.1500,17110800,71349452.0000,11586
20240802,300071,2.1200,2.1000,2.2200,2.0900,2.1700,37910380,81406856.0000,9672
20240802,300072,2.1500,2.1400,2.1800,2.0900,2.1000,24330530,51836600.7000,6218
20240802,300073,30.3700,30.0800,30.6000,29.8600,29.9500,8040280,242823838.9600,18470
20240802,300074,3.3300,3.3100,3.4300,3.2800,3.2900,20507705,68977131.8000,9487
20240802,300075,14.3000,14.1300,14.3300,13.8500,13.8700,11772250,165794588.8000,13779
20240802,300076,3.3800,3.3500,3.4200,3.3000,3.3200,11698600,39256488.0000,7010
20240802,300077,11.4200,11.0700,11.2200,10.6800,10.6900,53451950,585275438.1200,62371
20240802,300078,2.4200,2.4300,2.9000,2.4200,2.9000,198363348,554688098.2200,53378
20240802,300079,4.1100,4.1100,4.1500,4.0300,4.0400,13514700,55297535.0000,12587
20240802,300080,2.8900,2.8700,2.9400,2.8700,2.8800,9325512,27115674.1000,10481
20240802,300081,4.4900,4.4500,4.5100,4.3800,4.3800,14680477,65252358.8000,14421
20240802,300082,4.3700,4.3300,4.4000,4.3000,4.3100,2621300,11419424.0000,5677
20240802,300083,5.6600,5.6000,5.7200,5.5500,5.5700,29224600,164521560.0000,20918
20240802,300084,5.1800,5.1500,5.2000,5.1000,5.1400,1705000,8793302.0000,2678
20240802,300085,8.9200,8.8500,8.9500,8.6000,8.6500,11544300,101124064.1000,12401
20240802,300086,3.6800,3.6900,3.8700,3.6700,3.7500,16265300,61648777.0000,9191
20240802,300087,6.2500,6.2100,6.3500,6.1900,6.2100,6469822,40607065.4800,7098
20240802,300088,4.6000,4.5500,4.5800,4.4100,4.4400,32332600,145279892.0000,23836
20240802,300091,1.4400,1.4300,1.4400,1.4000,1.4100,24033351,34044329.1600,5300
20240802,300092,10.1100,10.0400,10.1500,9.8300,9.8900,4869600,48655071.0000,5535
20240802,300093,12.4800,12.4600,12.7200,12.1500,12.2000,13252987,164782629.2400,15825
20240802,300094,2.6500,2.6500,2.7700,2.6300,2.6800,45174706,122305790.6600,19930
20240802,300095,5.7500,5.6600,5.7500,5.5900,5.6000,4500600,25545578.0000,6142
20240802,300096,2.5300,2.5000,2.7300,2.5000,2.6100,22684500,59766854.0000,4452
20240802,300097,5.7500,5.6900,5.7200,5.5100,5.5200,10142500,57029390.0000,6344
20240802,300098,4.6200,4.5200,4.6000,4.3700,4.3800,155406578,698358915.3400,57577
20240802,300099,4.6400,4.5900,4.6500,4.5100,4.5200,6189900,28407502.8000,8397
20240802,300100,13.3800,13.3000,13.5000,12.8100,12.9300,22065300,288564703.0000,38543
20240802,300101,14.8800,14.7100,15.0500,14.4400,14.4600,11606833,170934126.7900,18260
20240802,300102,6.1200,6.1700,6.6600,6.0600,6.4100,40921842,259504741.7700,33369
20240802,300103,4.3800,4.3100,4.3800,4.1900,4.2500,10335300,44240051.0000,6308
20240802,300105,5.8800,5.8500,5.8600,5.7100,5.7100,8284700,47904228.0000,7289
20240802,300106,6.1800,6.1600,6.2900,6.1200,6.1300,4791300,29675320.0000,3987
20240802,300107,10.1100,9.9200,10.9900,9.8800,10.2800,87833353,918971079.9800,73417
20240802,300108,1.7800,1.7800,2.1200,1.7800,2.0500,73912619,143057538.4800,11353
20240802,300109,11.7000,11.6800,12.0200,11.5000,11.6900,8993829,106104152.0500,14738
20240802,300110,3.1300,3.1100,3.3700,3.0900,3.2600,53698650,175476193.0200,24489
20240802,300111,2.1900,2.1800,2.3000,2.1600,2.2500,48357120,109062248.0000,13830
20240802,300112,7.1400,7.0600,7.1800,6.7300,6.7400,10419090,71835129.8000,12753
20240802,300113,10.3300,10.2100,10.3900,10.1100,10.1300,7066369,72349342.2800,12904
20240802,300115,11.8500,11.6400,11.9400,11.2700,11.3000,45469639,524054248.6400,40526
20240802,300117,1.3700,1.3800,1.4800,1.3700,1.4700,35965035,51693422.0000,3959
20240802,300118,10.7200,10.6700,10.9800,10.5200,10.5800,25119900,270024559.8400,28144
20240802,300119,13.4300,13.3200,13.7000,13.3200,13.4900,2748800,37268671.0000,7068
20240802,300120,5.9900,5.9100,6.0300,5.7000,5.7100,51304030,299941627.6000,34667
20240802,300121,7.7400,7.7000,7.7900,7.6200,7.6400,1995300,15371580.0000,3126
20240802,300122,27.6600,27.6000,28.3500,27.3600,27.5300,29172083,812371754.8800,60942
20240802,300123,5.0300,5.0000,5.4100,4.9700,5.1600,81222390,421353832.5500,40391
20240802,300124,45.6000,45.4900,46.3300,45.0800,45.3400,9786106,446583603.9200,28207
20240802,300125,2.7600,2.9800,3.3100,2.9000,3.3100,57175254,175809835.1400,14597
20240802,300126,4.6300,4.6000,4.6500,4.5300,4.5600,4218500,19405823.0000,5572
20240802,300127,14.6300,14.5100,14.7500,14.4200,14.5200,2039902,29814213.3000,2823
20240802,300128,3.4000,3.3300,3.3800,3.2500,3.2600,29558161,97749707.5200,10197
20240802,300129,6.9300,6.9000,7.1000,6.8100,6.9500,12147666,84938651.0000,12921
20240802,300130,15.6300,15.4900,15.5900,15.2300,15.2500,10975603,169087686.7400,20971
20240802,300131,4.4900,4.4300,4.4900,4.3600,4.3700,25646150,113577786.5000,18407
20240802,300132,3.5400,3.5400,3.6100,3.5200,3.5400,3001500,10733647.0000,3449
20240802,300133,6.0000,5.9200,6.1100,5.8100,5.8200,75288400,449361130.0000,34347
20240802,300134,6.9300,6.8600,6.9600,6.7200,6.8100,5486920,37561130.8000,11028
20240802,300135,2.6800,2.6400,2.9200,2.6200,2.7300,59810094,166103728.0400,21188
20240802,300136,19.3800,19.1500,19.3800,18.6500,18.7200,26843314,509381013.4800,34994
20240802,300137,4.3000,4.2600,4.3100,4.1500,4.2300,6261360,26658206.6000,8351
20240802,300138,8.0000,7.9900,8.1500,7.9600,8.0000,2510800,20254389.0000,3367
20240802,300139,13.0300,12.9900,14.6800,12.7600,14.0000,72843013,988449601.4800,73170
20240802,300140,4.9300,4.9100,4.9800,4.8500,4.8800,10762840,52971384.7600,14887
20240802,300141,8.4100,8.2900,8.3300,8.0300,8.0900,9924700,81293711.0000,8644
20240802,300142,11.3900,11.3800,11.7400,11.3400,11.4400,22263411,257634648.2400,29544
20240802,300143,7.6000,7.5300,7.8800,7.5300,7.6500,3716241,28737680.4200,6863
20240802,300144,7.9400,7.8500,8.0400,7.8000,7.8400,39193439,310130262.2500,30950
20240802,300145,2.5300,2.5300,2.5300,2.4700,2.4800,15212777,38079648.9600,7557
20240802,300146,13.2400,13.1800,13.3900,13.1200,13.1400,9049529,119936218.1600,13634
20240802,300147,4.8700,5.2000,5.8400,5.1500,5.7000,206274360,1155957393.3300,79133
20240802,300148,2.4200,2.4100,2.4500,2.3700,2.3800,18713500,45117760.0000,5815
20240802,300149,4.1800,4.1800,5.0200,4.1400,5.0200,18799676,90281013.5200,9593
20240802,300150,2.6900,2.6500,2.6900,2.6000,2.6100,7742000,20542502.0000,7966
20240802,300151,15.6100,15.6400,16.1800,15.5100,15.9300,5112050,81635656.5000,9159
20240802,300152,1.9200,1.8800,1.9400,1.8500,1.8900,43692925,82589787.2500,9254
20240802,300153,5.8800,5.8200,5.8700,5.7000,5.7200,3077400,17798906.0000,5107
20240802,300154,5.3400,5.3400,5.3600,5.2500,5.2500,2454800,13032237.0000,5275
20240802,300155,3.4400,3.4100,3.4800,3.3400,3.3600,9064427,30880227.3400,10961
20240802,300157,1.9700,1.9800,2.0000,1.9300,1.9500,10417053,20505522.4100,4580
20240802,300158,4.0700,4.1000,4.4400,4.0700,4.2000,67262395,288550358.2000,32800
20240802,300159,2.7000,2.6000,2.6500,2.4300,2.4400,202296200,514138528.0000,58585
20240802,300160,4.6700,4.6500,4.7200,4.6100,4.6300,4265300,19896270.0000,5378
20240802,300161,24.7100,24.3700,25.4100,23.9800,24.0200,5013300,123534311.0000,12369
20240802,300162,6.3800,6.4200,6.5700,6.2000,6.2100,33518795,213859572.5600,39035
20240802,300163,1.4600,1.4400,1.4700,1.4100,1.4200,23266700,33441575.0000,1979
20240802,300164,3.6200,3.5600,3.6500,3.5400,3.6400,28610900,103059727.7600,7816
20240802,300165,2.4500,2.4400,2.6900,2.3900,2.4800,40212435,101549239.9000,10387
20240802,300166,6.3500,6.3400,6.3900,6.2200,6.2300,12918794,81486963.9600,13644
20240802,300167,1.7300,1.7100,1.7400,1.6800,1.7400,13094200,22314120.0000,1427
20240802,300168,5.6100,5.6600,6.2000,5.6400,5.7300,77700836,456331313.5600,47406
20240802,300169,5.7100,5.6500,5.8000,5.4900,5.5000,50062700,280606835.0000,24006
20240802,300170,6.2900,6.2400,6.3200,6.1200,6.1300,12937506,80468853.4400,16430
20240802,300171,11.4800,11.4000,11.7500,11.3800,11.4600,5670600,65788440.0000,8337
20240802,300172,4.6500,4.6100,4.7200,4.5900,4.6300,20616290,96049725.1000,6985
20240802,300173,3.6100,3.6000,3.6300,3.5400,3.5500,7892200,28301966.0000,7656
20240802,300174,13.2900,13.2100,13.3400,13.0100,13.0400,1940245,25557159.0700,3622
20240802,300175,6.6200,6.5500,6.5900,6.3100,6.3400,33180200,213241684.0000,22008
20240802,300176,4.7100,4.6600,4.7100,4.5700,4.5900,5775928,26718436.7200,4832
20240802,300177,7.7100,7.5000,7.6700,7.2800,7.3100,81368899,605451810.6800,51035
20240802,300179,6.9200,6.8600,6.9200,6.7300,6.7300,3053290,20872509.6000,4057
20240802,300180,3.9200,3.9100,3.9300,3.8000,3.8200,41513305,160262006.0500,16938
20240802,300181,14.5600,14.5000,14.9800,14.4300,14.6100,17337223,255301763.5000,40853
20240802,300182,3.8300,3.7900,3.8900,3.7600,3.7600,64640817,247267712.4900,20732
20240802,300183,11.4900,11.3700,11.4900,11.1000,11.1200,6038241,68205509.0400,9227
20240802,300184,4.8400,4.7600,4.8000,4.6400,4.6500,46579440,220207010.4000,32581
20240802,300185,1.9200,1.9200,1.9200,1.8700,1.8700,28966700,54887977.0000,7276
20240802,300187,4.1700,4.1500,4.2100,4.1200,4.1300,2694003,11242430.5700,3602
20240802,300188,11.6400,11.5600,11.6500,11.2400,11.2500,8264800,94638523.1600,16971
20240802,300189,1.9400,1.9300,1.9800,1.9200,1.9400,21387000,41687380.0000,5542
20240802,300190,2.9000,2.9000,2.9300,2.8600,2.8700,4262300,12339655.0000,4946
20240802,300191,12.9600,12.8800,13.0600,12.8200,12.8800,1478800,19094588.0000,1816
20240802,300192,12.0200,11.9500,12.4700,11.4900,11.5400,58266902,699522784.7000,48670
20240802,300193,7.3300,7.3300,7.4000,7.2200,7.2400,4010863,29365238.6700,7876
20240802,300194,4.0300,4.0100,4.1400,3.9900,4.0800,36072830,147684644.0500,23579
20240802,300195,4.3100,4.2900,4.3200,4.2200,4.2300,5335418,22761108.3200,5804
20240802,300196,9.7200,9.6900,9.8000,9.6000,9.6100,1367800,13287331.0000,3014
20240802,300197,1.4000,1.3900,1.4300,1.3700,1.4000,54275590,76269108.7200,7203
20240802,300198,1.4100,1.3900,1.4300,1.3600,1.3800,47417100,65934745.0000,7319
20240802,300199,9.5600,9.6700,10.1800,9.5900,9.8500,36836200,367495029.0000,33634
20240802,300200,7.6600,7.6300,7.7100,7.5500,7.5600,4475100,34185305.0000,7244
20240802,300201,3.5000,3.4900,3.5100,3.4200,3.4400,10824900,37555821.0000,4214
20240802,300203,12.0000,11.9100,12.2600,11.8600,11.9700,7272800,88013622.0000,16094
20240802,300204,6.1300,6.1800,7.3600,6.1500,7.3600,21768801,156447658.8600,9635
20240802,300205,6.5800,6.5900,6.7900,6.5600,6.7600,3809643,25505569.9200,1350
20240802,300206,8.3300,8.2600,8.5500,8.2600,8.3700,3835600,32361136.0000,7976
20240802,300207,16.8400,16.6800,16.8500,16.5000,16.5400,29374203,489082704.4600,43981
20240802,300208,1.7900,1.7600,1.8400,1.7200,1.7500,18631250,32964414.0000,2959
20240802,300209,2.6400,2.6400,2.8600,2.5400,2.7000,10059788,27117169.8000,1714
20240802,300210,7.9700,7.8700,8.0100,7.7700,7.7700,9658240,76233487.4000,13012
20240802,300211,5.4100,5.3000,5.3700,5.1800,5.2000,6590100,34762784.0000,10086
20240802,300212,17.1800,17.0600,17.3100,16.6400,16.6600,14503900,245908778.7100,24662
20240802,300213,6.4800,6.1300,6.2100,5.9500,5.9800,80132324,487558913.0600,48923
20240802,300214,5.3300,5.3000,5.4300,5.2900,5.3800,3902800,20996436.0000,2033
20240802,300215,4.9600,4.9000,5.0100,4.8900,4.9200,13855492,68644229.1600,13030
20240802,300217,3.6400,3.6000,3.6500,3.5700,3.5700,12362586,44672550.7300,6908
20240802,300218,15.1900,15.0000,15.2000,14.8100,14.8200,3865026,57751207.6600,9171
20240802,300219,5.5000,5.4600,5.5300,5.3600,5.3800,6842728,37243683.0400,9102
20240802,300220,7.2100,7.1200,7.3400,7.0900,7.1000,3543610,25470893.7000,4038
20240802,300221,5.1200,5.0400,5.0800,4.8200,4.8800,24156578,118760665.7600,15023
20240802,300222,6.2100,6.1600,6.1700,5.8900,5.9000,23623200,142004977.0000,11051
20240802,300223,56.6000,56.0100,56.5900,54.6800,54.9800,5942348,330663764.4900,19636
20240802,300224,8.8500,8.8000,8.9000,8.7200,8.7500,2783950,24516481.6300,4904
20240802,300225,5.2800,5.2500,5.3100,5.1800,5.1900,8748900,45807553.0000,6477
20240802,300226,17.7300,17.4000,17.6800,17.0900,17.1300,10025622,174237291.3300,14598
20240802,300227,5.3200,5.2600,5.3300,5.1400,5.1700,13659760,71614121.3000,12944
20240802,300228,5.9600,5.8800,5.9200,5.7200,5.7300,19256500,112137627.0000,13324
20240802,300229,12.9800,12.8500,13.0500,12.5500,12.5900,13073045,167048617.1000,18212
20240802,300230,3.2800,3.2700,3.2900,3.2300,3.2400,7169400,23375281.0000,7717
20240802,300231,7.4200,7.3100,7.3900,7.1700,7.2000,8219520,59945750.2000,12535
20240802,300232,5.0800,5.0700,5.1200,4.9900,5.0000,11931700,60254335.0000,10104
20240802,300233,14.3100,14.3000,14.7500,14.2000,14.4400,4807700,70057427.0000,12316
20240802,300234,3.9400,3.9300,3.9500,3.8600,3.8700,2401819,9388980.5300,2994
20240802,300235,7.9500,7.9100,7.9700,7.7200,7.7600,2930751,22995757.7600,5823
20240802,300236,32.8000,32.5000,32.9400,32.0000,32.1200,2596550,84325268.0000,6906
20240802,300237,1.2800,1.2800,1.3300,1.2700,1.3100,32954480,42982772.4000,4348
20240802,300238,9.1800,9.2100,9.5500,9.1100,9.2500,10133000,95183284.8400,13810
20240802,300239,4.7100,4.7000,4.8200,4.6500,4.7700,5974780,28507781.0000,5908
20240802,300240,6.9700,6.8700,6.8800,6.4200,6.4400,49045602,324454831.1100,29395
20240802,300241,3.9800,3.9600,4.0000,3.8600,3.8700,13120600,51537609.0000,14956
20240802,300242,2.0000,2.0000,2.2000,1.9700,1.9900,62191612,128018102.3000,12890
20240802,300243,8.5100,8.5200,9.3500,8.3900,8.9500,19332258,171105186.4000,26633
20240802,300244,12.4900,12.4100,12.9300,12.3800,12.5300,8160787,103619824.5700,14252
20240802,300245,6.1200,6.0600,6.0900,5.8900,5.9100,12289500,73687671.0000,11661
20240802,300246,6.1100,6.0500,6.2300,6.0400,6.0800,3824750,23503627.5000,4743
20240802,300247,2.5200,2.5200,2.6200,2.4900,2.5100,14907904,38024841.3600,9188
20240802,300248,6.5500,6.5200,6.5900,6.3700,6.4100,2977800,19298779.0000,5862
20240802,300249,6.6900,6.6300,6.7200,6.4900,6.5100,8389500,55426697.0000,12691
20240802,300250,11.6500,11.5600,11.7300,11.3600,11.4300,6662647,77000631.5400,9646
20240802,300251,7.5600,7.5000,7.6800,7.4300,7.4400,26743294,201967980.6400,25832
20240802,300252,7.3800,7.2000,7.3200,6.9900,7.0200,41835432,298424200.4800,32665
20240802,300253,5.5600,5.5600,5.7100,5.5100,5.5500,33576332,188835827.0800,24893
20240802,300254,8.0600,8.0600,8.7800,7.9900,8.5100,23009720,195389348.6000,23543
20240802,300255,9.9800,10.0100,10.3000,9.9700,10.0500,27576775,280335113.9700,26515
20240802,300256,1.7700,1.7800,1.8200,1.7500,1.7600,24907000,44427515.0000,7068
20240802,300257,9.1400,9.1200,9.2300,8.9300,8.9600,4130955,37534634.9000,8539
20240802,300258,7.9900,7.9500,8.0500,7.8300,7.8400,4811441,38226642.2600,6250
20240802,300259,2.5700,2.5500,2.5700,2.5200,2.5300,6287620,16031876.0000,4566
20240802,300260,20.0200,19.9200,20.1700,19.2100,19.2600,6745200,132735282.0000,13272
20240802,300261,5.3100,5.2200,5.5700,5.2200,5.4300,21987141,120463128.1500,14349
20240802,300262,0.6800,0.6800,0.6800,0.6800,0.6800,0,0.0000,0
20240802,300263,5.5900,5.5700,5.6300,5.5000,5.5200,6312800,35166202.0000,7052
20240802,300264,4.6500,4.6200,4.6300,4.4000,4.4000,23364420,105734099.8000,10393
20240802,300265,7.0400,6.9500,7.0100,6.7800,6.8100,17610400,121171186.0000,13715
20240802,300266,1.3900,1.4000,1.4400,1.3700,1.4100,32847277,46167445.2700,5888
20240802,300267,2.2300,2.2200,2.3200,2.2100,2.2800,29704164,67884763.2800,12623
20240802,300268,6.7600,6.7100,6.8200,6.6900,6.7100,1126500,7591655.0000,430
20240802,300269,2.5400,2.5500,2.5700,2.4500,2.4700,15484700,38855618.0000,7324
20240802,300270,6.5600,6.4500,6.5200,6.2700,6.2800,14347300,91902130.0000,9721
20240802,300271,4.8900,4.8400,4.9400,4.7600,4.7600,12008075,58190449.7500,13453
20240802,300272,4.9700,4.9300,5.1800,4.9000,5.0400,23280038,118212339.0600,18596
20240802,300274,67.9000,67.6000,68.4700,66.0300,66.5000,19753134,1319159903.9600,59436
20240802,300275,10.3900,10.2900,10.4400,10.0900,10.2500,4696820,48077912.6000,6306
20240802,300276,3.5500,3.5000,3.5500,3.4700,3.4800,17134316,60188499.4800,11376
20240802,300277,6.5200,6.4600,6.6400,6.4200,6.4300,4344600,28411508.0000,6244
20240802,300278,2.9500,2.9400,2.9600,2.8800,2.8900,9964000,29120873.0000,6127
20240802,300279,4.3300,4.2700,4.3500,4.2000,4.2300,8259860,35380228.2000,11217
20240802,300280,17.6300,17.1200,17.8700,16.7300,16.8200,29411342,503376004.6000,37987
20240802,300281,6.1200,5.8800,6.0500,5.4600,5.5200,66518523,383705273.8700,40714
20240802,300283,4.6200,4.5700,4.7500,4.5500,4.6700,16753000,77819761.0000,11724
20240802,300284,7.4600,7.3300,8.7400,7.2600,8.0300,171460378,1360099830.0600,103787
20240802,300285,18.7300,18.7300,18.8600,17.9400,18.0400,8926826,163170860.9200,20396
20240802,300286,18.6000,18.5600,18.7800,18.2200,18.2500,2000603,37023091.8300,6069
20240802,300287,3.0500,2.9500,2.9900,2.6400,2.6400,213616600,601845981.9400,68809
20240802,300288,11.4900,11.5000,11.9300,11.4600,11.5200,14722945,172721265.7000,14086
20240802,300289,3.9400,3.9200,4.0200,3.8800,3.9200,4284700,17029339.0000,6134
20240802,300290,10.3400,10.2000,10.5400,10.1600,10.1700,42079807,433532970.6900,29502
20240802,300291,4.1600,4.1300,4.2600,4.1000,4.1200,18980900,79214301.0000,13587
20240802,300292,3.3400,3.3100,3.3300,3.2300,3.2400,28445512,93307702.6000,11094
20240802,300293,16.6000,16.3400,16.6900,15.7400,15.8100,35874040,578003735.2000,50929
20240802,300294,31.1000,30.9100,32.1700,30.9100,31.7300,5567600,176938487.0000,13443
20240802,300295,9.2600,9.2200,9.3500,9.0600,9.0600,8442300,77680628.0000,9843
20240802,300296,4.4000,4.3700,4.4100,4.2800,4.2900,16412400,71270243.0000,15056
20240802,300298,22.0100,21.9500,23.3600,21.8000,22.6300,5416664,123680955.5200,14619
20240802,300299,3.5900,3.5800,3.6300,3.5100,3.5300,7850405,28086356.0000,8231
20240802,300300,1.3600,1.3900,1.4500,1.3400,1.3500,44437785,62021075.5300,4313
20240802,300301,1.2600,1.2500,1.2700,1.2400,1.2600,5188900,6497637.0000,497
20240802,300302,11.2800,11.0200,11.2300,10.7900,10.8000,23925385,263512729.4300,34967
20240802,300303,4.8100,4.7700,4.8300,4.6600,4.6700,19173894,90875342.5800,18554
20240802,300304,6.3900,6.3300,6.3900,6.1600,6.1800,11439105,71766738.2000,15276
20240802,300305,5.0200,5.0100,5.0600,4.9000,4.9100,7976735,39737832.2400,10709
20240802,300306,9.1600,9.1200,9.1700,8.9300,8.9600,2558800,23181392.0000,5080
20240802,300307,5.6100,5.5400,5.6200,5.4300,5.4500,12727100,70440069.0000,15392
20240802,300308,129.9000,122.3800,124.2200,118.6800,118.9800,37967625,4584955950.4900,134107
20240802,300310,3.8000,3.7600,3.8000,3.7000,3.7100,17463900,65495049.0000,12026
20240802,300311,4.2700,4.2000,4.2500,4.0500,4.0600,32232260,133373420.5400,13102
20240802,300313,5.8600,5.8300,6.1300,5.7600,6.0800,9584946,57031850.8600,3744
20240802,300314,10.7100,10.5200,11.1400,10.5200,10.7300,7397119,80210941.9600,11768
20240802,300315,4.1900,4.1600,4.2200,4.1100,4.1200,41808401,174177701.1500,17259
20240802,300316,29.5000,29.4500,29.6900,28.7000,28.8300,9068736,264747957.6400,21431
20240802,300317,3.5700,3.5700,3.6100,3.5200,3.5200,9499200,33833690.0000,3981
20240802,300318,4.8500,4.8100,5.0700,4.8100,4.9700,9076800,45256335.0000,10258
20240802,300319,9.8400,9.7000,9.7400,9.1100,9.1200,57465101,537189144.5300,48310
20240802,300320,7.8400,7.8400,7.8600,7.6300,7.6500,3162100,24520279.0000,7248
20240802,300321,15.2400,15.2000,15.4000,15.0200,15.0800,1351900,20485220.0000,2560
20240802,300322,9.8300,9.6700,10.1700,9.5600,10.0100,59018166,587275594.8500,40314
20240802,300323,4.2700,4.2500,4.3200,4.1800,4.2000,8353306,35546515.6800,13534
20240802,300324,2.2900,2.2500,2.3300,2.2000,2.2000,81402449,182857085.7300,25057
20240802,300326,4.0100,3.9900,4.1700,3.9700,4.0800,14578295,59839881.2300,8839
20240802,300327,20.3000,19.9800,20.5400,19.8500,19.8900,7625400,153931481.9400,15810
20240802,300328,4.6500,4.6000,4.6900,4.5200,4.5400,12494400,57387116.4600,10987
20240802,300329,3.9800,3.9600,4.1200,3.8800,3.8900,6973600,27740646.0000,6454
20240802,300331,15.1300,14.9800,14.9900,14.4200,14.4800,4219389,62104967.1600,9301
20240802,300332,5.4000,5.3700,5.4200,5.3200,5.3300,4767800,25604555.0000,3925
20240802,300333,4.8700,4.8300,4.8500,4.6500,4.6600,20592400,97606833.0000,15228
20240802,300334,5.1600,5.0700,5.1400,4.8700,4.8900,11683200,58386102.0000,8408
20240802,300335,3.9800,3.9600,3.9600,3.8800,3.8900,8192900,32155107.0000,6415
20240802,300337,7.3500,7.2100,7.3000,7.0100,7.0800,23525525,168608555.5000,12912
20240802,300338,1.6600,1.6500,1.7800,1.6300,1.7400,26079492,44535499.9200,3079
20240802,300339,20.5000,20.3000,20.5700,19.9700,20.0400,17628718,356898594.7800,22641
20240802,300340,6.7800,6.7500,6.8400,6.6900,6.7000,2843300,19223769.0000,4511
20240802,300341,8.4600,8.4500,8.5500,8.3300,8.3500,3002200,25377022.0000,5385
20240802,300342,15.1100,14.8300,15.3300,14.3400,14.3700,43653193,642763544.1100,41113
20240802,300343,4.7400,4.7100,4.8000,4.6900,4.7100,9939058,47175988.4600,7347
20240802,300344,3.2300,3.2000,3.2400,3.1400,3.1500,10347900,33065394.0000,6988
20240802,300345,6.2400,6.2200,6.3100,6.1500,6.1700,2316000,14395053.0000,1523
20240802,300346,29.7700,29.2500,29.8200,28.6700,28.7300,17090626,499914206.4700,33231
20240802,300347,52.4500,52.2000,56.4900,52.1600,54.8800,16476375,908458307.1600,43046
20240802,300348,7.7800,7.7300,7.8800,7.5800,7.6100,12626588,97575231.3000,8299
20240802,300349,10.9100,10.8000,10.8700,10.6000,10.6000,4199427,45042677.9000,8941
20240802,300350,5.0300,4.9800,5.0100,4.8000,4.8100,24668000,120928973.0000,9675
20240802,300351,15.3200,15.2000,15.4600,14.8000,14.8400,10773625,163130778.5000,16749
20240802,300352,4.0200,4.0000,4.0400,3.9200,3.9300,16120800,64155792.0000,13641
20240802,300353,7.7400,7.7000,7.7100,7.4300,7.4400,11533527,87286696.6900,8751
20240802,300354,33.4900,33.0000,33.5200,32.4000,32.4500,1630400,53732870.0000,6277
20240802,300355,2.3200,2.3100,2.3400,2.2900,2.3000,12142119,28080267.0700,4228
20240802,300357,19.4600,19.4400,20.1100,19.2400,19.3200,8414400,165716796.0000,18978
20240802,300358,7.3300,7.2700,7.4600,7.2700,7.3200,4103429,30331905.2800,5840
20240802,300359,4.6400,4.5700,4.7400,4.5000,4.5200,28936100,134037892.0000,10577
20240802,300360,14.2800,14.2300,14.2400,13.9500,14.1100,4330100,61103233.0000,6969
20240802,300363,13.0300,13.0300,14.3400,12.9700,13.5200,28069408,387256196.8500,47247
20240802,300364,20.1700,20.0000,20.6300,19.7000,19.7000,51261630,1036754325.6800,70634
20240802,300365,4.7400,4.7200,4.8000,4.6600,4.7400,11827200,56049365.0000,11540
20240802,300366,8.1300,8.0600,8.0700,7.6800,7.7200,34195564,268823430.1100,26829
20240802,300368,2.5400,2.5500,2.5800,2.4300,2.4400,19921301,49939361.5500,3582
20240802,300369,5.2400,5.1800,5.4000,5.1100,5.1300,17340100,90674359.0000,22561
20240802,300370,1.7100,1.7000,1.7200,1.6700,1.6800,11550780,19556909.0000,3351
20240802,300371,7.8700,7.7900,7.8600,7.6500,7.6800,1640800,12722683.0000,3481
20240802,300373,43.3500,42.5200,43.1600,41.9000,42.0600,8299488,352024388.9800,23797
20240802,300374,14.6300,14.4500,14.8500,14.4500,14.4700,11474800,167503951.0000,13321
20240802,300375,4.2500,4.2000,4.2500,4.1300,4.1400,20951495,87711300.0000,16676
20240802,300376,2.7000,2.6800,2.6900,2.6400,2.6400,20903741,55652021.2400,4231
20240802,300377,6.0000,5.9300,5.9900,5.6900,5.7300,35778983,208108501.3400,23214
20240802,300378,16.0200,15.9100,16.0800,15.4600,15.4900,4477478,70544014.8800,10633
20240802,300379,8.3800,8.3000,8.5000,8.1500,8.1900,15460677,128963739.6600,23085
20240802,300380,18.7300,18.6500,18.8300,17.6400,17.7200,11794700,213895323.0700,21839
20240802,300381,6.4000,6.3300,6.9600,6.2800,6.9600,41866692,277336701.3500,34870
20240802,300382,5.5800,5.5700,5.6500,5.4400,5.4800,4952068,27508960.4000,8293
20240802,300383,8.3200,8.2900,8.3800,8.1200,8.1900,11394800,94219075.0000,16707
20240802,300384,12.1600,12.1100,12.2600,12.0000,12.0300,1832721,22234811.2600,4611
20240802,300385,3.5700,3.5600,3.6000,3.4900,3.5000,1994000,7043427.0000,2861
20240802,300386,9.3900,9.3000,9.3500,8.9000,8.9300,20869796,189696845.5000,28323
20240802,300387,6.0800,6.0400,6.1600,5.9500,6.0000,5823400,35260759.0000,6986
20240802,300388,5.7300,5.7000,5.7600,5.6300,5.6800,2564220,14631599.0000,4569
20240802,300389,11.4000,11.2900,11.4100,11.0800,11.1000,5092480,57253962.5000,12772
20240802,300390,17.2500,17.2500,17.5500,17.0900,17.3200,9809274,170207233.6600,18619
20240802,300391,4.5800,4.5000,4.8800,4.4400,4.7600,62243231,292356347.4200,31906
20240802,300393,5.7500,5.7200,5.7900,5.6600,5.6700,9363440,53640372.8000,7980
20240802,300394,100.5600,96.8000,96.8000,90.4800,91.0000,31795245,2965609396.2100,99018
20240802,300395,32.9500,32.7100,33.4000,31.5300,31.7200,7946410,256193120.8600,29765
20240802,300396,16.4800,16.3500,17.1700,16.3300,16.6000,7579600,127714047.0000,18975
20240802,300397,9.7100,9.6000,9.8600,9.5200,9.5700,19592607,189961084.1000,24449
20240802,300398,12.4500,12.2200,12.4600,12.0200,12.0500,13238400,162024131.6100,16884
20240802,300399,10.8000,10.4700,11.2000,10.0000,10.2400,21088303,223427456.2800,20092
20240802,300400,11.7700,11.6500,11.8600,11.4200,11.4400,8370400,97427581.2000,11928
20240802,300401,16.0300,16.0800,16.4500,15.6200,15.6300,47208105,752514648.1600,58325
20240802,300402,13.3600,13.1500,13.4500,13.0300,13.0300,4803800,63479481.0000,9237
20240802,300403,6.6800,6.6400,6.6700,6.4700,6.4900,9641816,63356575.9600,13151
20240802,300404,7.6000,7.5500,8.0500,7.5500,7.7500,18953509,149174283.6100,26525
20240802,300405,3.7300,3.7300,3.7400,3.6500,3.6600,5866560,21680037.8000,5559
20240802,300406,13.4400,13.3500,13.7500,13.3000,13.5100,4939467,67147917.8600,11435
20240802,300407,8.5200,8.3800,8.4600,8.0800,8.1100,11915925,98277429.7500,7655
20240802,300408,32.6600,32.5400,32.6200,31.5800,31.9800,10910577,349047287.0300,38295
20240802,300409,9.0300,8.9600,9.1500,8.8600,8.8900,8566352,77142060.0800,15082
20240802,300410,4.9700,4.9000,4.9700,4.8100,4.8400,5646700,27676855.0500,7297
20240802,300411,12.7900,12.6000,14.6000,12.5100,13.2200,73031716,995876141.8600,72694
20240802,300412,3.1200,3.1000,3.3000,3.0700,3.1800,25800427,82595736.3500,11949
20240802,300413,20.3400,20.2100,20.5200,20.0200,20.0500,7223085,146439430.7800,13698
20240802,300414,6.5400,6.5200,6.5800,6.3600,6.3700,3419300,22125219.1200,6365
20240802,300415,19.1000,18.9300,18.9600,18.2000,18.2500,7019450,130368056.0000,19222
20240802,300416,11.7900,11.7000,11.8700,11.3800,11.4500,9520638,110732857.9000,12384
20240802,300417,8.0300,7.9500,8.1800,7.8100,7.8300,3636220,28968101.6000,4625
20240802,300418,29.7100,29.4000,30.6000,29.0600,29.0700,30339049,902228552.9100,52590
20240802,300419,5.1000,5.0900,5.0900,4.7900,4.8200,28940780,142229093.6000,16449
20240802,300420,2.2800,2.2600,2.2900,2.2500,2.2500,9342750,21203811.5000,4022
20240802,300421,8.8600,8.7900,8.9100,8.6500,8.6700,7186292,63036330.6400,9840
20240802,300422,4.5800,4.5200,4.5900,4.4400,4.4400,9497600,42914755.0000,6738
20240802,300423,5.3000,5.2500,5.3600,5.1700,5.1800,7096300,37339431.0000,10012
20240802,300424,14.9800,15.0400,17.4400,14.9400,15.6000,76104263,1212705499.2800,100577
20240802,300425,4.1300,4.1200,4.1500,4.0800,4.0900,4870500,20022834.9200,2081
20240802,300426,6.9300,6.8500,6.9600,6.7500,6.7800,5629000,38662097.0000,6848
20240802,300427,4.0400,4.0400,4.0600,3.9800,3.9800,2764560,11118766.8000,516
20240802,300428,17.3200,17.1600,17.3600,16.9700,17.0500,3913520,67114511.6000,10681
20240802,300429,12.0700,11.9000,12.0600,11.4400,11.4600,28430657,334559883.2300,25485
20240802,300430,11.5300,11.4500,11.6500,11.0300,11.0800,13837201,156781135.6000,17521
20240802,300432,6.4800,6.4100,6.5100,6.3100,6.3600,7563500,48602504.0000,12035
20240802,300433,17.9700,17.6700,18.2000,17.4700,17.7400,42769777,760570154.7800,62784
20240802,300434,7.6200,7.5800,7.9700,7.5500,7.6800,7183220,55883795.8000,10094
20240802,300435,10.9400,10.8800,11.0300,10.7700,10.8500,1799000,19674555.0000,3637
20240802,300436,15.2200,15.2200,16.2300,15.1700,15.4700,3149800,49677651.0000,8596
20240802,300437,8.6200,8.5900,9.1000,8.5900,8.8400,6173195,54784808.9300,7634
20240802,300438,18.7200,18.6600,18.8400,18.1000,18.1200,9727787,179897279.4700,18150
20240802,300439,9.1700,9.1700,9.3500,9.1000,9.2000,3926200,36406912.0000,6931
20240802,300440,5.2300,5.2000,5.2500,5.0700,5.1100,3946821,20401222.6800,7164
20240802,300441,6.3100,6.2500,6.3400,6.1400,6.1800,12118884,75632021.3200,15672
20240802,300442,22.1000,21.9100,22.0200,21.5000,21.5200,8180160,177815558.0000,19631
20240802,300443,16.7100,16.5900,17.0900,16.2100,16.2900,8122497,135154996.2000,15823
20240802,300444,6.0300,5.9900,6.0100,5.8400,5.8400,14288480,84696609.6000,8855
20240802,300445,15.7600,15.6500,15.7600,15.3500,15.3800,1507635,23455951.2500,3715
20240802,300446,14.5700,14.4500,15.1700,13.9600,14.0400,55298712,803014418.6600,75150
20240802,300447,13.2100,13.0000,13.3400,12.7100,12.8000,9548100,123952694.0000,16207
20240802,300448,4.4300,4.4500,5.0600,4.3500,4.6900,72415997,337847467.1600,56391
20240802,300449,4.5600,4.5100,4.6500,4.4500,4.5100,5242580,23877552.8000,3364
20240802,300450,16.6500,16.5100,16.8400,16.3700,16.4200,14607745,242570832.6400,22227
20240802,300451,3.4400,3.4500,3.5800,3.4200,3.4500,80939465,283365570.6400,50474
20240802,300452,11.0000,10.9300,11.2800,10.9200,11.1000,3116860,34817852.4000,6082
20240802,300453,6.3200,6.2600,6.4900,6.2600,6.3500,3940766,25281442.9300,9232
20240802,300454,48.8000,48.5100,49.4900,48.0600,48.2000,2381731,116312067.3300,8239
20240802,300455,13.5000,13.3100,13.7800,12.8800,12.9500,43120552,570930959.0000,49609
20240802,300456,16.0100,15.7900,16.5000,15.6300,15.6600,19555120,313862044.0200,30808
20240802,300457,15.3700,15.2800,15.4600,14.8000,14.8900,12575700,189784718.0000,17266
20240802,300458,26.1100,25.7000,26.6800,25.4700,25.6900,35965726,932882510.0300,66898
20240802,300459,3.5000,3.4800,3.5800,3.4500,3.4700,88757180,312482834.0000,25689
20240802,300460,9.3700,9.1100,9.1700,8.8800,8.8900,22311608,201048756.6000,23227
20240802,300461,17.7600,17.5400,17.6800,16.6000,16.6000,8236500,140882034.0000,11550
20240802,300462,11.3000,11.0500,11.0500,10.6000,10.6700,25347600,274919664.0000,28418
20240802,300463,11.6400,11.8200,12.0500,11.6100,11.7300,11140852,132283205.1900,22777
20240802,300464,3.5700,3.5300,3.5800,3.4700,3.4800,3753500,13216963.0000,4269
20240802,300465,7.1800,7.1000,7.2000,6.9800,6.9900,7334300,52011332.0000,7953
20240802,300466,6.1300,6.1200,6.1500,5.9600,5.9700,11022100,66645443.0000,9646
20240802,300467,13.2900,13.2000,13.7800,13.1400,13.4200,5224724,70223858.2400,6952
20240802,300468,8.4800,8.4400,8.5000,8.1900,8.2200,10511074,87742748.1600,9840
20240802,300469,13.1600,12.9500,13.1200,12.4300,12.4500,24616476,313382516.0800,30690
20240802,300470,31.0600,30.9800,31.2500,30.5000,30.6500,852705,26318631.9900,3802
20240802,300471,8.2000,8.2100,8.3100,8.0400,8.0600,4578865,37409697.5500,7697
20240802,300472,4.7700,4.7300,4.8300,4.6400,4.6500,5914700,27971680.0000,5751
20240802,300473,14.6400,14.8800,17.5700,14.8800,15.4000,17634197,285082246.7000,21316
20240802,300474,65.7800,65.0000,65.6500,63.8000,64.0100,6777690,438309500.0200,23963
20240802,300475,28.7500,28.3800,28.6700,27.4200,27.4900,8024985,224687021.9500,22868
20240802,300476,38.3200,36.5200,37.2000,33.7500,34.6000,79292190,2792407962.6000,118150
20240802,300477,2.4100,2.3900,2.4300,2.3500,2.3600,22513471,53900605.0400,6648
20240802,300478,7.4000,7.3100,7.3900,7.1600,7.1900,2104500,15333031.0000,2445
20240802,300479,14.8400,14.7000,14.9500,14.2700,14.3100,4502698,65750198.8300,5689
20240802,300480,13.9500,13.7000,13.9300,13.3800,13.4000,4275500,58349668.7500,8498
20240802,300481,13.2500,13.0000,13.3000,12.9100,12.9200,3587800,46908604.0000,6945
20240802,300482,24.1800,24.0800,24.8600,24.0300,24.2500,5721870,140076430.0300,17214
20240802,300483,7.3000,7.2600,7.3800,7.2300,7.3000,2352700,17219216.0000,3258
20240802,300484,14.4400,14.1200,15.9600,14.0400,14.7700,33572061,495204200.2100,44367
20240802,300485,6.4100,6.4500,6.8200,6.3700,6.5400,9239610,61181274.4000,13297
20240802,300486,5.5900,5.6400,5.6900,5.3800,5.3800,24290850,133023202.5000,17935
20240802,300487,38.9000,38.6600,39.3800,38.3100,38.4300,1190311,46211726.2000,4972
20240802,300488,20.0500,19.9000,20.1200,19.6700,19.7000,593000,11785433.0000,1540
20240802,300489,19.5500,19.3200,19.5300,18.8800,19.0000,1865485,35864085.8200,2830
20240802,300490,7.4000,7.3300,7.4000,7.2200,7.2300,6666500,48729014.0000,6932
20240802,300491,14.7600,14.6000,14.7000,14.1300,14.1700,4808860,69403383.4000,9453
20240802,300492,72.7900,71.9800,75.9000,71.5100,73.3400,1230300,91524167.0000,6834
20240802,300493,8.0400,7.9500,8.0000,7.7200,7.7400,10652664,83835203.2500,15702
20240802,300494,9.7200,9.5900,9.7700,9.4800,9.5100,13141240,126682408.0000,15210
20240802,300495,0.1300,0.1300,0.1300,0.1300,0.1300,0,0.0000,0
20240802,300496,44.9000,44.7900,45.2000,43.6500,43.6500,11084616,491866783.1200,28136
20240802,300497,8.8100,8.7100,9.0700,8.7000,8.8800,7726500,69234194.2000,13618
20240802,300498,19.7800,19.7500,20.4900,19.7100,20.2500,37602002,760754469.2100,43974
20240802,300499,11.9600,11.7200,11.8300,11.2100,11.2600,16127324,185542801.4800,20794
20240802,300500,10.9800,10.6800,11.3300,10.6800,11.0800,9803681,107835271.1500,8484
20240802,300501,10.5600,10.5200,10.7700,10.4700,10.5300,1269700,13466194.4500,2344
20240802,300502,101.7600,96.9500,97.3000,92.3400,92.4100,42753610,4027894335.1800,139121
20240802,300503,13.8700,13.8400,13.9600,13.4200,13.4600,15514662,212150169.4900,20692
20240802,300504,11.7300,11.6700,11.7000,11.3100,11.3700,2835600,32623340.0000,6801
20240802,300505,12.1100,12.0700,12.3100,11.9100,11.9300,7888730,95699766.8000,11781
20240802,300506,2.0600,2.0400,2.0400,1.9400,2.0100,20588315,41127448.3500,3017
20240802,300507,6.3400,6.1800,6.2900,5.9800,6.0100,43621834,267749924.5900,21195
20240802,300508,21.2800,21.0400,21.5000,20.6600,20.6900,2704026,56827679.6400,7928
20240802,300509,4.6400,4.6200,4.6400,4.5000,4.5300,2628800,12006193.0000,4543
20240802,300510,3.5300,3.5200,3.5900,3.4800,3.4900,9120100,32178132.0000,7314
20240802,300511,2.8900,2.8600,2.9100,2.7700,2.7900,30944039,87465288.4700,19750
20240802,300512,5.7600,5.6900,5.7800,5.6400,5.6700,1574900,8987844.5000,3792
20240802,300513,7.7600,7.7000,7.7400,7.5300,7.5800,3890199,29761176.7100,6677
20240802,300514,12.5700,12.5200,12.5400,12.1000,12.1200,3382667,41671203.4000,7853
20240802,300515,9.5500,9.5500,9.6000,9.2700,9.2900,1717974,16182113.9800,5063
20240802,300516,30.1500,30.0000,30.4000,29.2300,29.3300,3285250,97620381.5000,7977
20240802,300517,9.7400,9.6300,9.7200,9.2000,9.2100,8697980,81915937.8000,9641
20240802,300518,7.7800,7.7400,7.8000,7.6300,7.6500,2005032,15486428.3200,2703
20240802,300519,13.0200,12.9900,13.7300,12.0900,12.3000,17898625,232187734.5000,25084
20240802,300520,16.6400,16.6100,16.8600,16.2400,16.2600,12613700,208725929.4000,20046
20240802,300521,11.1500,11.0100,11.0700,10.6200,10.7000,1738460,18790828.6000,2585
20240802,300522,9.9700,9.9100,9.9700,9.7400,9.7500,3087756,30319102.0000,5668
20240802,300523,16.9000,16.8000,16.9800,16.3500,16.3600,2401210,39929548.0000,3226
20240802,300525,11.6000,11.5100,11.6900,11.4700,11.4800,2779345,32108669.4100,3831
20240802,300527,6.8300,6.7800,6.9400,6.7400,6.7700,12367432,84752514.3800,15055
20240802,300528,7.2600,7.2600,7.3900,6.9600,6.9600,15638803,112273615.7400,9258
20240802,300529,26.5300,26.5300,27.5300,26.3900,26.6600,5787700,156265668.0000,17450
20240802,300530,15.8400,15.7600,16.3800,15.6900,15.8200,1787600,28703000.0000,3641
20240802,300531,10.7200,10.6300,10.6600,10.2800,10.3100,9470800,99142851.5000,12074
20240802,300532,11.9300,11.8100,11.9200,11.6600,11.6900,4756000,55907079.0000,9357
20240802,300533,15.6700,15.4800,15.7700,15.1900,15.2700,8394809,130103375.0400,12437
20240802,300534,7.7300,7.6500,7.9100,7.6500,7.7700,13158400,102964515.0000,9753
20240802,300535,11.4300,11.4000,11.4600,11.1300,11.2100,1589100,17948942.0000,3647
20240802,300536,7.3900,7.3100,7.3600,7.1000,7.1100,5644900,40726539.0000,2072
20240802,300537,16.2300,15.9800,16.4000,15.8900,15.9800,9074800,146574660.0000,11897
20240802,300538,15.4300,15.2200,15.3900,14.6300,14.6600,8622500,129400199.0000,12138
20240802,300539,7.8800,7.8300,7.8900,7.6400,7.6700,2129480,16502866.2900,3717
20240802,300540,18.8500,18.6100,18.9800,18.0000,18.6700,2106100,39110912.3800,3617
20240802,300541,8.4100,8.3800,8.3900,8.1800,8.1900,7453744,61810157.2800,8589
20240802,300542,14.0100,13.9400,14.5200,13.5500,13.7000,41782891,583614578.1800,48792
20240802,300543,7.2900,7.1900,7.2900,7.0300,7.0300,4755357,33977993.9900,6857
20240802,300545,22.6100,22.4400,23.6800,22.3600,22.8200,4628302,106497319.9100,9209
20240802,300546,13.1800,12.9000,13.0500,12.3600,12.4200,13824754,175237584.5000,17812
20240802,300547,15.0400,14.9500,14.9500,14.5400,14.6100,3223838,47493738.0200,7337
20240802,300548,18.6600,18.3800,18.5800,18.0200,18.0200,7912389,144725463.3100,14004
20240802,300549,14.4700,14.3200,14.3400,13.9100,13.9200,3720800,52523714.0000,6391
20240802,300550,10.3100,10.1800,10.6300,10.1500,10.6200,10672418,111851732.5000,9866
20240802,300551,6.8200,6.6900,6.9600,6.6200,6.6600,25152937,169938227.8900,19038
20240802,300552,34.5800,33.8900,33.8900,32.2300,32.2700,16417665,540010291.9500,43118
20240802,300553,22.9200,22.5500,22.8000,21.9300,22.1300,1413800,31657345.0000,4181
20240802,300554,24.9200,24.7200,24.8800,23.6500,23.6500,8490100,206463883.4200,14166
20240802,300555,5.3500,5.3800,5.8600,5.3400,5.8600,2780450,15696979.5000,1267
20240802,300556,16.8800,16.8900,16.9500,16.4000,16.4300,3512400,58469077.0000,8722
20240802,300557,26.1000,25.9000,25.9000,25.0000,25.2200,3974743,100879906.4800,9095
20240802,300558,34.4900,34.2500,35.4900,33.9500,34.0900,10780847,374185887.2200,30513
20240802,300559,8.5900,8.5900,8.8000,8.3200,8.3600,10949700,93698089.0100,15545
20240802,300560,10.9800,10.8400,10.9000,10.5300,10.5900,9782700,105045691.0000,20585
20240802,300561,8.7000,8.6900,8.6900,8.3400,8.3600,13193300,111999033.0000,17361
20240802,300562,8.5600,8.5700,8.8200,8.4900,8.5200,6884500,59694335.6000,14079
20240802,300563,38.8900,37.6800,40.4800,37.6600,39.9800,31905529,1251882231.0400,63787
20240802,300564,8.4400,8.4000,8.5200,8.0000,8.3300,1061460,8894596.8000,1950
20240802,300565,10.3900,10.2500,10.4000,10.0800,10.3500,7359764,75619551.1600,13227
20240802,300566,14.6900,14.5500,14.7300,14.2900,14.3100,6225100,90282334.0000,12107
20240802,300567,61.1800,60.2600,61.7900,59.6500,59.7100,3919500,237137247.9200,11141
20240802,300568,7.8900,7.8400,8.0100,7.8100,7.8200,14159495,112135335.3300,15368
20240802,300569,4.4000,4.3500,4.4200,4.2800,4.3100,13238039,57570204.0300,6806
20240802,300570,32.0300,31.3300,31.7200,30.5000,30.6200,8586143,267027233.0700,17791
20240802,300571,20.5100,20.2000,20.5100,19.8300,19.8900,1260900,25448471.0000,4301
20240802,300572,12.1000,11.9300,12.4500,11.9300,12.1700,5403700,65852543.0000,6485
20240802,300573,123.2900,122.9700,127.2100,121.0500,121.6800,4814595,596014090.9800,27743
20240802,300575,5.9300,5.9100,5.9600,5.8000,5.8700,3294975,19394160.8100,2809
20240802,300576,37.2200,36.7800,37.4600,35.9000,35.9000,11967868,438257729.7600,28526
20240802,300577,17.8400,17.7000,18.4000,17.6300,17.8200,1027400,18555358.0000,3897
20240802,300578,14.8800,14.7500,14.9300,14.3600,14.4800,5726784,83660834.1200,10694
20240802,300579,22.1600,21.9700,22.1300,21.4000,21.4600,5500800,119704743.0000,11402
20240802,300580,14.9300,14.8300,15.0600,14.4300,14.4500,11508340,169496080.4600,22553
20240802,300581,8.1800,8.0200,8.7800,8.0200,8.3100,32479827,271383031.0900,25281
20240802,300582,9.0900,9.0100,9.1500,8.7500,8.7800,8410500,75264818.5000,9567
20240802,300583,13.7600,13.5100,14.6300,13.3000,13.3000,18224123,254698587.8600,25817
20240802,300584,15.8900,15.8200,16.8000,15.7100,16.5800,5514696,90822813.7200,10601
20240802,300585,13.0900,12.7800,12.9100,12.2000,12.2300,15830500,197986331.0400,21219
20240802,300586,5.9000,5.8700,5.9900,5.8200,5.8400,4697640,27749956.8000,5417
20240802,300587,4.0500,4.0700,4.0700,3.9600,3.9700,8528692,34244254.4200,10142
20240802,300588,8.0900,7.9800,8.0800,7.8400,7.8500,4325800,34444444.0000,4855
20240802,300589,12.1200,12.1200,12.2500,11.8000,11.8400,9974404,119958302.5200,11462
20240802,300590,12.0000,11.7800,11.9400,11.6100,11.6600,13289874,156405672.4200,22826
20240802,300591,3.0500,3.0400,3.0600,2.9700,3.0000,5967120,17981783.0000,5167
20240802,300592,10.8200,10.8200,10.9800,10.6900,10.8700,5250860,57011982.2000,7856
20240802,300593,10.6300,10.5800,10.8200,10.3300,10.3800,11584460,122283922.0000,11396
20240802,300594,15.9000,15.6600,16.1800,15.4100,15.8500,9703791,153572574.5300,10703
20240802,300595,16.1500,16.1400,16.5500,16.0500,16.1100,6912500,112543660.0000,15125
20240802,300596,24.8200,24.5500,24.8300,24.3200,24.3600,1615300,39708814.0000,6043
20240802,300597,7.0500,7.0000,7.0500,6.8500,6.8700,4813421,33471160.2100,6937
20240802,300598,30.6300,30.0900,30.4300,29.2700,29.3800,6694749,199862912.5300,12365
20240802,300599,5.0600,5.0400,5.0900,4.9800,4.9900,1016400,5124154.0000,1779
20240802,300600,5.6700,5.6500,5.7300,5.5600,5.5800,3782500,21349363.0000,1518
20240802,300601,15.6600,15.5800,16.0200,15.5000,15.6100,11084217,175156145.1100,23686
20240802,300602,14.3000,14.2100,14.2200,13.7800,13.8400,11023147,154088064.9000,16523
20240802,300603,7.6800,7.5800,7.6300,7.3000,7.3800,16761060,124774321.4800,10667
20240802,300604,33.5000,33.1300,33.4000,31.6600,31.8000,19915100,647247817.8500,50388
20240802,300605,10.4900,10.3000,10.9900,10.1300,10.9200,18862790,201065477.1400,18852
20240802,300606,18.6500,18.1500,18.6600,17.9500,18.0200,5035174,91843387.4400,9512
20240802,300607,12.4500,12.2800,12.4200,12.0500,12.1100,6806588,83437317.8000,10612
20240802,300608,9.1400,9.1000,9.1800,8.9000,8.9300,4725060,42744643.2000,9565
20240802,300609,21.2800,21.0000,21.2700,20.6000,20.8800,3707200,77470002.0000,9058
20240802,300610,8.5500,8.4700,8.6200,8.4300,8.4600,2264900,19363377.0000,4753
20240802,300611,8.9300,8.8200,8.9200,8.5300,8.5600,12161000,105548253.0000,12468
20240802,300612,13.4500,13.3900,13.5400,13.0300,13.0300,2791400,36979124.0000,5429
20240802,300613,41.8000,40.7500,43.3700,40.5100,42.2900,16791585,704999234.4400,37341
20240802,300614,9.0700,9.0100,9.1300,8.8800,8.8900,1404000,12654837.0000,3014
20240802,300615,9.3800,9.3500,9.3500,9.1000,9.1200,2159600,19906720.0000,3304
20240802,300616,11.4200,11.2800,11.5300,11.1200,11.1300,3185580,35916266.8000,4004
20240802,300617,25.2700,25.1800,25.2000,24.7000,24.7000,953029,23715255.5200,2003
20240802,300618,25.0500,24.7500,25.1500,24.5900,24.6500,3207703,79600479.0700,8638
20240802,300619,19.8100,19.4700,19.7500,18.6300,18.7900,6020264,114520997.7300,14592
20240802,300620,34.4900,34.0300,34.6900,33.3900,33.4500,3177927,107958737.9000,11123
20240802,300621,7.4900,7.3100,7.4800,7.3000,7.3300,2335500,17285524.0000,2987
20240802,300622,15.4200,15.4100,15.9300,14.4600,14.5500,12063209,181971464.5600,16490
20240802,300623,18.7000,18.4000,18.6300,18.0300,18.0500,14951500,274229414.5000,28194
20240802,300624,48.0100,47.4700,48.9800,47.1000,47.1600,6237986,299711700.2600,17954
20240802,300625,10.4800,10.4000,10.6900,10.2700,10.5100,4600400,48122006.0000,5063
20240802,300626,7.9100,7.8300,7.9200,7.6200,7.6500,7820900,60429436.0000,8577
20240802,300627,30.5100,30.1000,30.4500,29.6500,29.8100,8910258,267074379.3700,22382
20240802,300628,33.2700,33.2200,34.2600,32.8800,33.5000,4362580,147075684.3700,16569
20240802,300629,17.6900,17.5500,17.8700,17.2800,17.2900,4513554,79268421.9100,6218
20240802,300630,7.8300,7.8000,9.3900,7.7300,9.1500,66999582,585212842.2300,46952
20240802,300631,17.3900,17.2200,17.5000,16.8700,16.9500,1553400,26724004.0000,3923
20240802,300632,9.6600,9.5100,9.6200,9.3300,9.3400,2860811,27107102.1800,4765
20240802,300633,34.6600,34.6500,37.0100,34.0000,35.1600,5409349,193726526.5300,17785
20240802,300634,16.8700,16.6600,16.9500,16.3300,16.3600,6548280,108787712.9100,13297
20240802,300635,7.8900,7.8000,7.8600,7.6400,7.6700,4354413,33796528.8800,7000
20240802,300636,8.8600,8.8000,9.1000,8.7400,8.8100,4331250,38847711.0000,9457
20240802,300637,10.2400,10.2400,10.2400,9.6600,9.6600,24644289,243322030.8800,27162
20240802,300638,12.8300,12.7500,12.8000,12.2100,12.2600,33117817,414084491.7300,43913
20240802,300639,4.6200,4.5800,4.7700,4.5800,4.6800,11546142,54315609.1400,12800
20240802,300640,3.9300,3.9000,3.9500,3.8500,3.8600,2282500,8903086.0000,2748
20240802,300641,28.0900,28.4100,29.9800,28.1900,29.8000,54844193,1609253194.9400,80837
20240802,300642,11.5700,11.5600,11.9000,11.3000,11.5700,1387550,16270114.3000,2999
20240802,300643,12.0900,11.9000,12.0500,11.7500,11.7500,7710900,91559720.0000,14119
20240802,300644,19.4600,19.1500,19.9700,19.1000,19.4900,10745199,211180708.9300,20834
20240802,300645,11.8400,11.8400,12.0800,11.6500,11.6900,4634200,55119221.0000,5496
20240802,300647,4.7200,4.6400,4.7000,4.5300,4.5400,23657350,109488011.5000,18545
20240802,300648,16.9900,17.1900,17.1900,16.5000,16.5400,1502600,25260814.0000,4255
20240802,300649,10.2100,10.0900,10.4700,10.0000,10.1500,4693078,47933474.9900,7792
20240802,300650,9.8100,9.6700,10.1000,9.6000,9.6200,9611500,94130093.0000,16459
20240802,300651,12.3900,12.3400,12.4300,12.0900,12.1200,1735800,21274695.0000,2509
20240802,300652,18.4800,18.3100,18.4300,17.8000,17.9300,1592000,28846458.0000,4578
20240802,300653,21.4400,21.3100,21.9800,21.1000,21.4200,2353925,51108403.2500,4086
20240802,300654,8.2100,8.1300,8.3500,8.0800,8.0900,8853657,72889239.3900,9138
20240802,300655,7.3000,7.2300,7.3100,7.0900,7.0900,13418544,96734620.0200,10050
20240802,300656,18.7100,18.5000,18.7900,18.0800,18.1500,2652839,48917911.1300,6034
20240802,300657,14.3600,14.1000,14.2800,13.7400,13.8100,8537539,119440132.2400,13787
20240802,300658,4.2500,4.2500,4.2700,4.1800,4.1900,2906120,12277702.4000,4586
20240802,300659,12.6300,12.4500,12.6500,12.2600,12.2900,2484100,30928713.0000,6610
20240802,300660,24.5900,24.3700,24.6600,23.8500,23.8900,3317438,80518818.8400,8115
20240802,300661,77.6000,76.5400,77.0000,75.0500,75.3600,2547665,193848506.0100,11483
20240802,300662,14.9400,14.7500,15.4100,14.7000,15.3300,7309298,110657965.0500,16098
20240802,300663,10.0000,9.9800,10.0400,9.7400,9.7700,8097523,80063464.8600,9656
20240802,300664,4.4100,4.4000,4.4400,4.3800,4.3800,4080067,17990606.4600,4569
20240802,300665,5.2200,5.1500,5.2800,5.0900,5.1000,6192400,32049957.0000,4091
20240802,300666,54.1700,53.5000,54.7800,52.8000,53.0000,5846131,313709526.0300,17230
20240802,300667,13.6900,13.7800,14.2500,13.5400,13.8500,12136092,168513491.5400,12808
20240802,300668,17.0200,16.9500,17.3300,16.8200,16.9800,835550,14305109.5000,1775
20240802,300669,12.7800,12.7000,12.8700,12.5600,12.5600,357350,4536606.5000,990
20240802,300670,5.4500,5.4200,5.4200,5.2500,5.2700,6906588,36802497.7600,5079
20240802,300671,33.1700,32.8600,33.5500,31.9100,32.0500,12080630,393369147.6200,27705
20240802,300672,55.5800,54.8000,55.9400,54.3100,54.6400,6106389,336951053.0000,18595
20240802,300673,12.6100,12.4800,12.8200,12.3900,12.6500,2078200,26268563.0000,6897
20240802,300674,10.8800,10.7800,10.9100,10.6000,10.6300,4555000,49001791.4000,8389
20240802,300675,11.8800,11.5600,12.5600,11.5600,12.1800,10611055,128646823.1000,9938
20240802,300676,36.1900,36.0800,37.2000,36.0200,36.3200,2361455,86773577.8500,8234
20240802,300677,26.7000,26.7000,26.9300,26.0700,26.1000,10321268,272523265.4700,22857
20240802,300678,25.4200,25.2900,25.5000,24.4900,24.5100,6092350,152171236.5000,13145
20240802,300679,33.9500,33.6000,33.9500,32.2400,32.4000,8290432,272532311.2300,27466
20240802,300680,19.7300,19.5300,20.1800,19.0500,19.1400,15708125,305783964.6000,22832
20240802,300681,13.1800,13.0100,13.1600,12.8300,12.9000,4507711,58621348.4200,9637
20240802,300682,8.5800,8.5000,8.6300,8.3300,8.3700,10995247,93223029.6200,12560
20240802,300683,22.4500,22.3100,23.4500,22.3100,22.7600,1736503,39974512.3400,4228
20240802,300684,15.6800,15.4300,15.5900,15.0300,15.0500,7325000,111991126.0000,12140
20240802,300685,18.6800,18.6100,19.6900,18.5200,18.7600,5332520,102059492.9600,15438
20240802,300686,6.7400,6.6400,6.7100,6.4900,6.5000,5754000,38043707.0000,6229
20240802,300687,13.2500,13.1500,13.3600,12.7800,12.8100,4974752,64974024.1200,11617
20240802,300688,24.6000,24.3000,24.6800,23.6000,23.6000,4568765,110450624.7000,8523
20240802,300689,14.0500,13.9100,14.0700,13.5200,13.5400,2136540,29445068.8000,5113
20240802,300690,22.1200,21.6700,23.2000,21.3000,21.3600,21681901,483535122.5900,33472
20240802,300691,15.2800,15.1900,15.3200,14.8200,14.8600,2532800,38121148.0000,6599
20240802,300692,4.4500,4.4000,4.4700,4.3800,4.3900,2425380,10735171.4000,3224
20240802,300693,21.3000,21.3500,21.6300,20.7500,20.7600,10826129,228901347.0800,27413
20240802,300694,8.5300,8.5000,8.5600,8.3900,8.4100,2072500,17559994.0000,4157
20240802,300695,35.7700,35.7700,35.8000,35.1200,35.1200,120700,4284102.0000,526
20240802,300696,14.8900,14.6300,15.2100,14.5600,14.6200,14600794,216965349.9200,14540
20240802,300697,10.7300,10.6800,10.9200,10.4000,10.4300,5761000,61556793.0000,5870
20240802,300698,32.6900,32.6800,32.8000,31.7900,31.9000,827900,26702066.0000,2275
20240802,300699,28.2200,28.0200,28.5800,27.9300,27.9900,6022144,169968330.0400,16571
20240802,300700,6.9400,6.8800,7.2500,6.8400,7.0700,15481630,108965176.2000,12475
20240802,300701,8.2600,8.1900,8.2300,7.9300,7.9500,4332350,35001741.5000,9020
20240802,300702,16.4600,16.3100,16.9100,16.3100,16.6600,1555420,25998411.6000,5182
20240802,300703,7.8000,7.7500,7.8200,7.6300,7.6500,2159700,16658835.0000,3856
20240802,300705,23.6800,23.6000,24.7800,23.3600,23.8100,7645179,185729698.5100,22861
20240802,300706,19.7900,19.4300,19.6600,19.1000,19.1600,3781600,73323185.0000,5850
20240802,300707,11.3500,11.2600,11.3300,10.9600,10.9700,4786960,53383138.6100,10246
20240802,300708,9.1200,9.1900,9.5100,9.1300,9.2800,37486538,350797813.6400,38995
20240802,300709,28.7100,28.0100,28.5100,27.3000,27.3500,16931658,470897061.0000,42800
20240802,300710,16.0900,16.0900,16.0900,15.5700,15.6500,5210020,82286425.8000,10334
20240802,300711,16.6100,16.3600,17.4400,16.0000,16.9400,29426021,492879700.5600,41033
20240802,300712,20.8100,20.7400,21.1200,20.4000,20.4000,1129400,23514232.0000,3091
20240802,300713,15.5900,15.4500,15.4800,14.9100,15.2200,10517870,159629463.6000,16728
20240802,300715,6.4900,6.4900,6.5300,6.3200,6.4000,1257400,8099172.0000,2542
20240802,300716,6.7200,6.6900,6.7800,6.5900,6.6000,3944900,26329774.0000,4785
20240802,300717,14.0300,13.9300,14.0600,13.7300,13.7700,1100100,15279565.0000,1739
20240802,300718,13.5200,13.4100,13.5300,13.2500,13.2700,2756298,36860539.0500,5819
20240802,300719,18.4800,18.2300,20.0000,18.1400,19.1500,48087928,927701519.4300,67437
20240802,300720,11.9200,12.0100,12.0200,11.6300,11.6300,1377860,16302774.8000,3764
20240802,300721,11.7500,11.6600,11.6900,11.3500,11.4100,5304290,61092681.0000,6936
20240802,300722,20.7900,20.4800,21.3200,20.3000,20.3100,11421685,237219776.1500,16842
20240802,300723,15.7300,15.7100,16.3700,15.6000,15.9700,7425242,119480641.1500,15396
20240802,300724,51.0600,50.7800,51.2300,49.3000,49.4200,7265930,364430350.3000,23321
20240802,300725,30.2100,30.2700,32.0800,30.1700,30.6300,9339964,291746259.0200,21873
20240802,300726,23.0900,22.8300,23.3700,22.4600,22.4900,4804900,109886888.0000,13521
20240802,300727,22.4900,22.2900,22.6900,21.9100,21.9900,2672800,59746202.0000,4419
20240802,300729,14.2900,14.2500,14.5000,14.1800,14.3000,3720505,53427970.8000,6530
20240802,300730,9.9200,9.8200,9.9800,9.5600,9.5800,13688930,133724774.7000,20782
20240802,300731,15.1600,15.0300,15.0300,14.5900,14.5900,4144900,61325952.0000,4928
20240802,300732,7.8600,7.6800,8.2500,7.6600,7.9600,27779778,221438771.8100,17736
20240802,300733,11.1100,10.9000,11.0800,10.6200,10.6500,11746720,127226229.0400,15033
20240802,300735,20.1100,19.8600,20.0900,19.2800,19.3000,23271900,456637047.7600,38129
20240802,300736,8.4900,8.4400,8.5100,8.1800,8.2500,10626840,88518237.4000,10727
20240802,300737,4.2900,4.2600,4.3700,4.2300,4.2600,9733347,41811163.2800,12701
20240802,300738,10.1100,9.9600,10.1100,9.6900,9.7600,27156844,268307079.5000,22182
20240802,300739,12.4000,12.2200,12.3800,11.9800,11.9800,5792490,70470549.3500,12948
20240802,300740,12.1800,12.0400,12.3200,11.9800,12.0100,5889800,71566378.0000,12004
20240802,300741,15.0800,15.0800,15.2300,14.8500,14.9700,871500,13107569.0000,3103
20240802,300743,12.6600,12.5400,12.6000,12.2200,12.2200,1859900,23069332.0200,6028
20240802,300745,14.6000,14.5100,14.6800,14.3200,14.3600,3227240,46757175.8000,6373
20240802,300746,6.4100,6.3000,6.5200,6.2700,6.3200,3937000,25151026.0000,5645
20240802,300747,16.9500,16.8000,17.0600,16.4700,16.5400,5852299,98283572.8500,12401
20240802,300748,12.0400,11.9800,12.1500,11.9200,11.9700,7875448,94791650.6400,13324
20240802,300749,5.2600,5.2500,5.3300,5.1500,5.2000,1562680,8180395.2000,2161
20240802,300750,180.3000,179.0000,180.0000,176.7400,177.0900,15493685,2753866402.3200,79635
20240802,300751,103.2200,102.7800,107.3600,102.5600,103.4500,1917871,201106633.7900,10688
20240802,300752,12.8500,12.8500,12.8800,12.3500,12.3700,3049568,38478392.6000,8565
20240802,300753,11.2000,11.1700,11.4300,11.0600,11.1600,3908398,44110144.4900,6832
20240802,300755,13.8000,13.7600,13.9500,13.6300,13.6400,1917800,26434023.0000,4924
20240802,300756,12.9300,12.9000,13.0300,12.7600,12.8100,921236,11899564.1600,1649
20240802,300757,94.8900,93.6400,94.3500,90.1300,90.6100,6860890,630008415.6500,25137
20240802,300758,11.2000,11.0700,11.3000,10.9500,10.9600,10483200,116606415.0000,21743
20240802,300759,22.0600,21.9800,22.9900,21.9500,22.1500,25607566,577549481.5000,35411
20240802,300760,255.2300,255.0000,264.9500,254.4900,260.3500,4044507,1057951283.2600,24823
20240802,300761,22.7200,22.7500,23.6700,22.6100,23.1000,5318612,123396608.3000,19859
20240802,300762,18.3600,18.2000,18.4600,17.5900,17.7100,51988879,934480010.5500,61924
20240802,300763,64.1100,63.9700,65.8800,62.1000,64.6300,10768520,688025565.9300,37417
20240802,300765,23.9400,23.9600,25.5300,23.8000,23.8800,11876809,291830735.0900,26469
20240802,300766,9.7900,9.7200,9.8300,9.5100,9.5400,6194050,59894058.0000,10956
20240802,300767,8.5900,8.5100,8.6300,8.3800,8.4100,6386644,54361091.2100,7805
20240802,300768,12.4800,12.3500,12.6600,12.0500,12.0800,5629350,69533409.5100,14686
20240802,300769,27.1000,27.1000,27.4100,26.7200,26.7700,5019891,135732174.5300,13204
20240802,300770,32.7100,32.5900,33.0800,32.4500,32.6100,1046600,34276097.0000,3246
20240802,300771,10.0200,9.8600,9.8900,9.5300,9.5600,16412719,159575207.0100,15128
20240802,300772,11.2500,11.2300,11.5800,11.1200,11.2700,16403582,186082294.7800,25803
20240802,300773,12.4100,12.3100,12.4000,12.1100,12.1400,7290500,89442344.0000,13237
20240802,300774,6.4900,6.4600,6.5600,6.3800,6.4100,2503100,16233611.0000,4352
20240802,300775,31.2000,31.2000,31.6000,30.2900,30.4500,17174400,530059830.5800,36534
20240802,300776,49.4500,48.8800,49.6700,47.8000,47.9600,3884956,189251378.1200,10202
20240802,300777,22.3200,22.1000,22.8200,21.9200,22.1400,5586789,125119234.3600,11622
20240802,300778,10.6700,10.3400,11.6800,10.3400,11.0400,20603572,225544039.8100,18488
20240802,300779,43.0900,42.5100,45.1900,42.5100,44.1700,3690354,163259480.1400,10334
20240802,300780,16.0900,15.4200,15.7100,14.9200,14.9900,15206500,232791813.0000,20802
20240802,300781,47.6800,47.0400,48.7700,46.0100,46.0300,8532199,405142686.0600,24844
20240802,300782,76.5200,75.5000,76.3500,73.7700,74.0200,6291789,472409159.1200,23295
20240802,300783,17.4400,17.2900,17.5800,17.1800,17.2100,6492000,112873422.0000,17831
20240802,300784,55.5200,54.6500,56.9900,54.3500,55.6600,2077899,116574910.8200,7337
20240802,300785,16.4900,16.4000,16.5600,16.1200,16.1400,1850425,30238083.5000,4215
20240802,300786,11.1100,11.0200,11.0900,10.6700,10.6800,4326300,47069603.0000,3768
20240802,300787,10.8900,10.8000,10.9100,10.5100,10.5500,3226700,34542730.8000,8320
20240802,300788,24.6900,24.5400,24.9800,24.4000,24.4500,1598800,39506729.0000,4180
20240802,300789,13.2800,13.0200,13.3300,12.8600,12.9800,3934693,51516047.7500,6171
20240802,300790,13.7500,13.5700,13.7900,13.1500,13.1900,5672250,76191003.0000,13116
20240802,300791,22.5300,22.4700,22.6500,22.0900,22.2000,1622350,36328356.2000,6054
20240802,300792,15.3000,15.1500,15.3900,15.0100,15.0700,1781368,27158471.4600,3986
20240802,300793,12.1900,12.0400,12.2200,11.8300,11.8400,5533780,66522655.2400,5547
20240802,300795,15.5500,15.4000,15.7500,15.2800,15.4000,1029125,16017278.7500,3543
20240802,300796,10.8600,10.9200,10.9700,10.5500,10.5600,15612488,167942138.8200,10702
20240802,300797,9.1400,9.1000,9.5300,8.9900,8.9900,5082150,46748774.0000,8715
20240802,300798,5.9000,5.8600,5.9400,5.7600,5.7800,3399800,19894808.0000,6133
20240802,300800,10.2200,10.1800,10.3000,10.0200,10.0700,1932991,19570038.5600,4840
20240802,300801,14.3200,14.2600,14.4600,14.1500,14.2200,905900,12967820.0000,2510
20240802,300802,14.9500,14.8000,15.0100,14.4000,14.4000,1164460,17098795.6000,3371
20240802,300803,38.9200,38.7200,39.6700,37.8100,37.9600,10026091,386439178.3400,29562
20240802,300804,21.0700,20.9800,23.1900,20.8000,21.7100,1715368,38061459.4000,3687
20240802,300805,8.8000,8.3700,8.7600,8.3000,8.5600,29342185,248342187.3000,19773
20240802,300806,10.4000,10.3000,10.4400,10.0500,10.1100,8047908,82318615.9100,8078
20240802,300807,34.7200,34.1500,34.5300,31.4000,31.6800,11118707,365995457.9400,23737
20240802,300808,17.4700,17.3000,17.4700,16.8000,16.8600,1391800,23706383.0000,2547
20240802,300809,21.1400,20.8500,21.1400,20.4600,20.4800,4592360,95339639.0000,8849
20240802,300810,16.8600,16.7000,16.9400,16.2600,16.3800,5594865,92673286.3000,10546
20240802,300811,40.8500,39.8700,40.2600,38.8000,38.9100,4343198,171199655.0200,10530
20240802,300812,19.8600,19.6500,19.8500,19.0700,19.0700,3207660,62367263.8000,6040
20240802,300813,17.0300,16.8900,17.7700,16.7400,17.1800,3239692,56225582.1700,6817
20240802,300814,26.2900,25.9300,26.1500,25.1000,25.1900,2916000,74600397.0000,8119
20240802,300815,12.1600,12.0500,12.2900,11.9500,11.9900,4095556,49673154.4000,6765
20240802,300816,19.0600,18.8500,19.0000,18.4900,18.6000,952200,17869610.0000,3215
20240802,300817,10.1900,10.1800,10.2400,9.9300,9.9400,4940539,49667201.3900,7813
20240802,300818,22.4700,22.2100,22.5000,21.7000,21.8000,1037780,22836083.1000,4198
20240802,300819,11.2600,11.3000,11.3000,11.0000,11.0900,1339600,14948232.0000,2439
20240802,300820,42.7000,42.1000,43.3000,41.2800,41.8000,7777304,328395463.8000,26800
20240802,300821,6.7900,6.7000,6.8400,6.6900,6.7100,4427914,29966710.5000,9248
20240802,300822,10.8100,10.6500,10.7800,10.3900,10.3900,5934195,62745015.7500,13550
20240802,300823,12.0400,11.9100,11.9900,11.6800,11.7200,3656180,43260156.2000,5528
20240802,300824,8.3000,8.0900,8.2500,7.9200,7.9300,9092843,73218931.4400,7813
20240802,300825,10.8800,10.9000,11.2400,10.5500,10.5800,24670350,268661134.1000,27694
20240802,300826,13.6300,12.9400,13.4500,12.7600,12.7600,16286306,212473235.7200,21367
20240802,300827,29.3500,28.9500,30.0900,28.6800,28.9000,10359899,302951463.7200,29589
20240802,300828,11.7600,11.7300,11.8400,11.3700,11.4200,4984000,57669418.0000,6207
20240802,300829,14.0200,14.0000,14.1900,13.8400,13.8700,1292060,18144189.6000,3141
20240802,300830,6.1300,6.0000,6.0200,5.7300,5.7300,12804895,74973227.1900,16485
20240802,300831,11.1300,11.0000,11.1200,10.7100,10.7300,5383700,58738104.0000,8697
20240802,300832,62.7000,62.4700,66.6600,62.1000,65.3200,4608513,301396871.2700,21481
20240802,300833,39.1700,39.0000,39.7500,38.5500,38.6600,541647,21210288.6500,3282
20240802,300834,17.9800,17.9200,18.0700,17.7800,17.8200,627900,11246323.0000,1704
20240802,300835,24.3900,24.1000,24.4900,23.6800,23.8000,2771586,66761444.3200,8057
20240802,300836,38.1500,37.6400,38.3100,37.3500,37.7500,762421,28785134.3900,2115
20240802,300837,20.2100,20.0200,20.2600,19.8900,19.9100,603300,12108268.0000,2147
20240802,300838,10.1800,10.0500,10.1800,9.9500,9.9800,830800,8347243.9900,1725
20240802,300839,5.7200,5.6500,5.7500,5.5900,5.6000,3060583,17338579.1100,4156
20240802,300840,8.7000,8.6000,8.8200,8.5400,8.6000,5928300,51455729.0000,9126
20240802,300841,52.4200,52.1000,53.8000,52.0600,52.6000,1625625,86200678.7500,6063
20240802,300842,36.3400,36.0300,36.6400,35.5100,35.5500,2722460,98284201.8000,10448
20240802,300843,32.0900,30.5500,31.9900,30.5000,30.8000,12488337,389373019.1800,27197
20240802,300844,29.6900,28.7700,31.7000,28.7700,30.6700,5108321,154075634.0700,10288
20240802,300845,10.8800,10.7700,10.8900,10.4000,10.5200,4835400,51634908.2000,8402
20240802,300846,10.0500,9.9500,10.2000,9.6700,9.7700,18438870,183023566.4000,20417
20240802,300847,14.5300,14.4000,14.7000,14.3200,14.3500,4138012,59985193.3200,6084
20240802,300848,14.8500,14.7000,14.8300,14.3500,14.4200,1011780,14745403.4000,2250
20240802,300849,13.4800,13.4700,13.4900,13.4000,13.4600,1829750,24604764.5000,2296
20240802,300850,17.6600,17.6600,18.1000,17.1700,17.2000,14753677,259745371.7500,27018
20240802,300851,30.7100,29.4800,30.7000,27.5000,27.5000,10801469,313086067.9000,18886
20240802,300852,24.1700,23.8300,23.8800,22.9700,23.0300,3298340,77200744.0800,6168
20240802,300853,13.0100,12.9200,12.9900,12.5400,12.6300,1546400,19766629.0000,3893
20240802,300854,10.3400,10.2700,10.3900,10.1200,10.1500,1404100,14391174.7200,3154
20240802,300855,26.5000,26.2400,26.6000,25.8800,25.9300,1899835,49815051.2500,4714
20240802,300856,32.6400,32.4500,33.4300,32.0600,32.1700,4195300,136767524.0000,12348
20240802,300857,64.2400,62.6000,63.6300,58.0100,58.4000,17070618,1031947282.8500,51128
20240802,300858,14.1500,14.1500,14.4300,13.9400,14.1700,1083415,15435156.4400,1903
20240802,300859,26.4800,26.2600,26.7400,26.1000,26.4800,4499500,118522902.0000,8756
20240802,300860,21.0200,20.8900,21.2600,20.7500,20.7800,1141615,23964428.4300,3549
20240802,300861,18.9900,18.8700,19.1200,18.6600,18.7300,2258006,42672025.0800,7153
20240802,300862,22.2500,22.0600,22.3800,21.3300,21.3600,5223783,113524145.7900,5889
20240802,300863,37.7600,37.9000,38.4600,37.2800,37.6300,1821295,68817931.6700,3787
20240802,300864,19.8500,19.5300,19.9200,19.5100,19.6100,513080,10123391.1000,1499
20240802,300865,15.9800,16.1500,16.1500,14.9500,15.1000,2017500,31086043.0000,3186
20240802,300866,53.4500,53.1900,53.6000,52.1000,52.2500,2829537,149322373.1900,14319
20240802,300867,10.8500,10.7800,10.9300,10.7000,10.8000,2224755,24047740.3300,4700
20240802,300868,18.8600,18.6100,18.6200,17.9000,17.9300,6308400,115460039.0000,14315
20240802,300869,13.0600,12.9200,13.4700,12.9200,13.1400,3177534,42199691.8500,5990
20240802,300870,38.7300,38.3000,38.4200,36.7300,36.9400,1818734,68199856.2400,8296
20240802,300871,9.3800,9.3000,9.6100,9.1900,9.3100,2306450,21716076.0000,4540
20240802,300872,12.7000,12.6200,12.7500,12.2200,12.2800,5726600,71444076.2000,12249
20240802,300873,14.9300,14.8000,14.9400,14.6100,14.6100,2161119,31973341.3100,2914
20240802,300875,20.5700,20.1000,22.4900,19.8600,21.6900,9677247,204733625.5900,22870
20240802,300876,15.8700,15.7500,16.0200,15.5200,15.6500,557800,8795587.0000,1606
20240802,300877,10.5900,10.5900,10.6700,10.4000,10.4100,867063,9140547.0600,1726
20240802,300878,15.5700,15.6000,16.4900,15.6000,15.7400,5771582,91708859.0000,9781
20240802,300879,13.7100,13.7500,14.0300,13.5500,13.5800,4325364,59731177.1100,8377
20240802,300880,16.6400,16.5500,16.7900,16.2600,16.3000,2761188,45660588.3200,5654
20240802,300881,23.8800,23.8000,24.0800,23.3300,23.3300,817890,19326847.7000,3040
20240802,300882,14.4100,14.3100,14.4400,14.0100,14.0500,2507416,35623047.6000,5686
20240802,300883,4.3100,4.2600,4.3300,4.2300,4.2400,3237200,13857170.0000,5177
20240802,300884,8.6500,8.5200,8.6100,8.3600,8.3800,5346060,45350946.6500,7975
20240802,300885,8.2800,8.2800,8.3200,8.1300,8.1500,4179213,34369048.6000,7775
20240802,300886,17.1100,16.9900,17.5700,16.6500,16.7300,1411300,24214276.0000,3649
20240802,300887,7.2500,7.2500,7.5500,7.1600,7.2100,13195458,96429612.8800,14290
20240802,300888,26.0300,26.0400,26.4200,25.8000,25.9000,1461810,38242953.5100,4589
20240802,300889,10.7800,10.8000,10.9500,10.4900,10.4900,7122176,76094244.0400,7004
20240802,300890,25.4500,25.1100,25.7000,24.8600,24.9300,3071200,77504147.0000,7099
20240802,300891,7.4600,7.4600,7.4900,7.3000,7.3200,2512600,18602607.0000,5178
20240802,300892,15.8300,15.6400,17.2600,15.6000,16.4400,4974768,81097717.4800,9604
20240802,300893,27.4000,27.0500,27.1900,26.7000,26.8000,1720955,46269138.2300,5293
20240802,300894,14.3700,14.2800,14.3600,13.6800,13.6800,18625208,259766448.1400,28753
20240802,300895,26.3800,26.1900,26.3600,25.4800,25.4800,2416580,62594104.1000,5683
20240802,300896,172.9800,171.7900,176.2700,171.0400,171.6500,2408443,417897317.0300,14231
20240802,300897,17.7200,17.6800,17.8600,17.2800,17.2800,812616,14273909.6000,2511
20240802,300898,16.9100,16.8200,17.2000,16.7700,16.8000,1558900,26477695.0000,3229
20240802,300899,20.3200,20.0700,20.5300,19.5800,19.5800,3334177,66739241.5400,5874
20240802,300900,18.5700,18.4400,19.1800,18.2500,18.3100,20238036,377650501.9800,33621
20240802,300901,9.9700,9.8000,10.3900,9.8000,10.1800,8112100,82845812.0000,7880
20240802,300902,17.5400,17.0000,18.4900,17.0000,17.8900,4083709,72442897.2900,6459
20240802,300903,7.1300,7.0300,7.0900,6.8300,6.8300,18381911,128019829.5300,18073
20240802,300904,46.0400,45.0100,48.1000,45.0100,47.2300,3542092,167034607.2700,10242
20240802,300905,25.6200,25.7000,25.9000,24.5700,24.5800,4925700,123963677.0000,15153
20240802,300906,22.0100,21.6500,21.7500,21.0500,21.2500,2311700,49398735.0000,4095
20240802,300907,17.7400,17.8200,17.8200,17.0700,17.1900,1015400,17656517.0000,4123
20240802,300908,26.8000,25.4900,25.4900,24.6000,25.1500,2753913,69097965.7900,10185
20240802,300909,19.4900,19.4500,19.4500,18.7400,18.7800,1772700,33815084.5000,5730
20240802,300910,40.2700,40.0200,40.8800,39.8000,40.0500,864860,34900239.6000,3343
20240802,300911,22.1400,21.9600,22.4800,21.7000,21.9900,946090,20875007.7000,2398
20240802,300912,10.1100,10.0400,10.1100,9.8000,9.8000,3139329,31245226.8700,3987
20240802,300913,30.9000,30.5000,31.1900,29.8100,29.8700,4265054,129721099.8700,9603
20240802,300915,26.6900,26.4600,27.0600,26.4000,26.5200,504912,13536645.2800,2052
20240802,300916,24.0400,23.8800,23.9900,23.0000,23.1900,2254950,53063790.0000,7181
20240802,300917,32.0200,31.5900,33.0000,31.5400,31.8800,12050953,389805441.4300,27724
20240802,300918,8.1100,8.0900,8.3200,8.0100,8.1000,4581600,37483138.0000,5448
20240802,300919,29.4300,29.2200,29.8500,29.0800,29.3000,3612378,106458466.0800,10981
20240802,300920,14.3500,14.3200,14.4700,14.0700,14.1500,1084386,15494614.8000,2638
20240802,300921,17.7900,17.6100,17.7400,17.1400,17.2500,2126640,37121001.8000,5866
20240802,300922,14.7000,14.2900,14.4600,13.7600,13.8800,12504640,176442002.4500,22706
20240802,300923,23.0700,22.4900,22.4900,21.0500,21.0500,9888733,215156575.2500,17047
20240802,300925,10.3200,10.0700,10.1500,9.8000,9.9400,17639031,176135009.0900,26974
20240802,300926,18.6200,18.4500,18.4800,17.9200,18.0000,3910938,71126822.8000,6189
20240802,300927,15.1600,14.9100,15.7500,14.8200,15.7300,9232306,141924684.9200,12639
20240802,300928,36.3500,34.9000,35.7000,34.1500,35.1800,2375811,83665197.9600,4432
20240802,300929,7.3300,7.3300,7.4300,7.2000,7.2500,944400,6892682.0000,1939
20240802,300930,23.8900,23.8100,23.8200,22.2700,22.4800,6104981,138934071.2700,14281
20240802,300931,5.7900,5.7300,5.8600,5.5900,5.6100,8761100,50011129.0000,6369
20240802,300932,9.9400,9.8800,9.9800,9.6500,9.6900,4538440,44457584.2000,8317
20240802,300933,5.7500,5.7100,5.7900,5.6600,5.6700,7069800,40478868.0000,7149
20240802,300935,20.7700,20.4900,21.8000,18.9700,19.1600,10284959,205991764.9900,17226
20240802,300936,37.1600,36.5300,36.7900,35.3600,35.3600,2867600,103480482.0000,6886
20240802,300937,21.7700,21.8300,22.2700,21.5700,21.7000,2528800,55556001.0000,4170
20240802,300938,20.2800,19.9400,20.2500,19.3800,19.3800,4632435,91751750.0000,7212
20240802,300939,32.2100,31.5900,31.7500,30.5300,30.6200,5958612,185672542.1600,11870
20240802,300940,12.2700,12.1100,12.1900,11.8300,11.8700,1223980,14691107.2000,3238
20240802,300941,15.9800,15.8500,16.0400,15.4100,15.5600,4709850,74183383.0000,10541
20240802,300942,6.7200,6.7300,6.8500,6.6200,6.6500,6989682,47190502.1200,9487
20240802,300943,13.3900,13.8800,16.0000,13.4500,13.7600,42366598,611005388.3100,48335
20240802,300945,8.6400,8.6300,9.4800,8.5800,9.1100,17312663,156185696.1800,15710
20240802,300946,26.3800,26.0700,26.4000,25.3200,25.5400,1673780,43238322.8000,4013
20240802,300947,14.9100,14.5800,15.3400,14.5000,14.8800,10193046,152615103.1300,13147
20240802,300948,8.8500,8.8100,8.9500,8.6800,8.7300,1236488,10903789.5400,1615
20240802,300949,30.0600,29.7000,30.6500,29.6200,30.0400,1180700,35653868.0000,4396
20240802,300950,14.0500,14.2200,14.2500,13.6000,13.6600,1895219,26153540.0100,6844
20240802,300951,29.8400,29.4300,29.5900,28.1500,28.3500,4413919,127569933.7700,8875
20240802,300952,16.9000,16.7500,16.9300,16.6100,16.7000,504400,8463208.0000,1377
20240802,300953,52.8700,52.2500,52.7600,50.8400,51.2200,809072,41758134.9200,4714
20240802,300955,12.3900,12.3300,12.4400,12.0600,12.1500,1085500,13297964.0000,1899
20240802,300956,18.0100,17.8300,17.8400,17.1000,17.1700,14429116,252128247.4400,34983
20240802,300957,47.4500,47.2400,48.1500,46.9100,47.1700,1642671,78069852.2600,6378
20240802,300958,10.4500,10.3700,10.5400,10.2700,10.3000,1490000,15500505.0000,2799
20240802,300959,24.7800,24.6000,24.8400,24.0900,24.1700,749881,18349646.2900,2851
20240802,300960,21.9000,21.4200,21.4400,20.0500,20.2500,7948499,164007714.5800,13459
20240802,300961,8.1400,8.0800,8.1700,7.9700,7.9800,2522543,20305425.2900,2459
20240802,300962,13.6500,13.5300,13.9100,13.5200,13.6500,1568400,21584324.7600,3622
20240802,300963,7.7500,7.7300,7.7600,7.5200,7.5800,3171546,24229896.6000,4416
20240802,300964,36.5700,36.5100,37.4000,35.5500,35.5500,6716000,245973326.0000,18221
20240802,300965,28.1700,27.7600,28.3500,27.4000,27.7300,303000,8457514.0000,530
20240802,300966,16.2800,16.2600,17.0700,16.1800,16.6000,4231615,70744092.8100,8756
20240802,300967,10.6800,10.5500,11.1100,10.5200,10.6800,8611865,93694159.5000,7747
20240802,300968,8.5600,8.5000,8.5000,8.1900,8.2100,7996225,66604362.6400,12393
20240802,300969,71.7900,71.2700,72.4100,69.8200,69.9900,1214300,86309964.0000,6081
20240802,300970,11.6000,11.5100,11.7500,11.4500,11.4800,1755000,20350643.0000,3205
20240802,300971,20.3500,20.0000,20.2500,19.1000,19.1800,9374413,184193966.0500,16837
20240802,300972,20.0000,19.8700,21.1500,19.6000,20.3200,3441103,70230448.0200,10093
20240802,300973,25.8200,25.5300,26.4600,25.3700,26.0000,3329728,86548616.6300,11226
20240802,300975,9.2500,9.5200,10.2500,9.3100,9.3400,94240965,920631254.5600,83579
20240802,300976,47.7700,47.6100,48.8000,46.6900,46.8500,2770625,132436833.9000,10576
20240802,300977,16.1200,15.9700,16.9000,15.9700,16.6700,10753489,176617908.1500,16115
20240802,300978,10.9000,10.6800,10.9100,10.5000,10.5800,22472000,240384344.5500,37122
20240802,300979,57.5600,57.2800,58.5600,57.0400,57.3000,917700,52905808.0000,5926
20240802,300980,15.6300,15.5000,15.5300,14.9600,15.0000,1436500,21908419.0000,2548
20240802,300981,9.3400,9.3000,9.5400,9.2200,9.3100,2377184,22357815.4800,5022
20240802,300982,17.6500,17.5000,17.6800,17.1000,17.1600,2845000,49427648.0000,4940
20240802,300983,15.3100,15.2100,15.5400,14.8800,15.2200,519913,7946043.9000,1279
20240802,300984,20.1000,20.6200,20.6800,19.6000,19.6700,403900,8044473.5200,1123
20240802,300985,15.9800,15.8100,15.9900,15.4800,15.4800,2093692,32901625.7200,4846
20240802,300986,7.1400,7.0600,7.2400,7.0000,7.0200,1888400,13426004.5100,3422
20240802,300987,12.3500,12.1700,12.4400,12.1300,12.1300,1277600,15710856.0000,3264
20240802,300988,18.6700,18.5500,19.1900,18.0200,18.0300,4025400,74221141.0000,7804
20240802,300989,12.7700,12.4000,14.8000,12.4000,13.5300,23887178,323878507.5500,21855
20240802,300990,29.2200,28.8900,29.3000,28.0600,28.1500,2222610,63707587.4200,5448
20240802,300991,17.3900,17.0000,17.3800,16.2700,16.3600,12276806,206098786.5000,18360
20240802,300992,16.4800,16.4400,16.5500,16.0300,16.1300,1067800,17378649.0000,2879
20240802,300993,8.3600,8.2900,8.4800,8.2500,8.2800,3216276,26945772.3600,6070
20240802,300994,9.9200,9.9000,9.9500,9.6600,9.6600,1909800,18735763.0000,4072
20240802,300995,15.5400,15.4500,15.5600,15.0800,15.1200,1027291,15716536.9200,2718
20240802,300996,15.8800,15.7500,16.0600,15.5500,15.5800,5963679,94177026.8800,10391
20240802,300997,11.0700,11.0400,11.2500,10.9300,11.1500,1550298,17226595.9800,4127
20240802,300998,14.8600,14.8000,15.6100,14.5900,14.7400,2927900,43843317.0000,6900
20240802,300999,26.8800,26.7900,27.2500,26.7500,26.9900,5161433,139580477.6600,14640
20240802,301000,14.3400,14.2300,14.4100,13.9300,14.0000,4332680,61142774.8100,8708
20240802,301001,18.1300,17.9000,18.6400,17.8600,17.9400,1790577,32574503.5500,4340
20240802,301002,15.8300,15.4300,16.0400,15.3100,15.9600,3084560,48375528.4200,7746
20240802,301003,20.0100,19.8800,20.1000,19.5500,19.5900,430400,8543959.4000,1986
20240802,301004,80.4400,79.6000,81.6800,79.0800,80.1000,436700,35215090.0000,2747
20240802,301005,30.6900,30.4800,31.2500,28.6900,28.7100,12128312,359857451.6200,16772
20240802,301006,11.1100,11.1100,11.1600,10.8400,10.8800,804600,8828570.0000,1560
20240802,301007,13.7200,13.5500,13.6300,13.1200,13.1800,10656000,142387661.0000,16109
20240802,301008,18.2300,18.0300,18.2900,17.4000,17.5200,3507680,62606573.4000,6001
20240802,301009,7.6000,7.5700,7.6500,7.4300,7.4900,1243600,9427607.0000,3119
20240802,301010,11.5500,11.5200,11.6100,11.2000,11.2900,1125700,12845075.0000,2975
20240802,301011,14.1200,14.1100,14.2200,13.7800,13.8700,1376584,19301296.5200,4775
20240802,301012,21.6700,21.5100,21.7600,20.7300,20.8400,3919577,83099457.6500,11649
20240802,301013,10.2800,10.0900,10.1900,9.8300,9.8600,6181900,61820830.5000,8465
20240802,301015,22.9600,22.9400,23.5700,22.6700,23.0100,3083714,71686847.7200,10959
20240802,301016,22.1900,22.0400,22.1900,20.5000,20.5000,14731919,310682403.3100,29760
20240802,301017,10.2000,10.1900,10.6200,10.1000,10.3600,6043733,62991218.8100,5493
20240802,301018,20.4500,20.2500,20.3100,19.3800,19.4400,4224301,83794606.2300,9415
20240802,301019,13.2800,13.2800,13.3100,13.0300,13.0600,349197,4594114.6600,952
20240802,301020,17.3000,17.0900,17.2800,16.7500,16.7600,1805100,30696844.0000,4518
20240802,301021,18.4500,18.1200,20.9800,17.8400,19.0800,16988096,324270015.4900,25196
20240802,301022,20.1600,20.0600,20.2300,19.6300,19.7000,1262548,25160348.1600,3248
20240802,301023,33.3600,32.8800,32.9100,31.3800,31.9200,1430004,46059976.8600,3854
20240802,301024,23.0600,22.5800,23.6800,22.3000,22.8000,2786703,64564756.4500,4908
20240802,301025,8.9900,8.9300,9.1600,8.7800,8.7900,5816577,52157358.8300,9846
20240802,301026,23.3000,23.0900,23.2700,22.8000,22.9200,871800,20101731.0000,2269
20240802,301027,7.7000,7.5600,7.8500,7.5600,7.6500,8121661,62604691.6700,9694
20240802,301028,8.6600,8.5500,8.8000,8.5300,8.5900,2415951,21015279.7000,6362
20240802,301029,18.9900,18.8800,19.1700,18.4700,18.6000,4849593,91181869.5000,11957
20240802,301030,22.8000,22.8000,23.1500,22.2200,22.3400,6962184,157979277.0500,14993
20240802,301031,77.4800,77.0000,78.1800,76.6000,77.5600,583500,45162452.0000,2819
20240802,301032,7.0300,6.8800,7.1500,6.6000,6.6600,10318940,70168264.4000,11495
20240802,301033,39.0500,39.0500,39.8800,38.7100,38.8200,366100,14415598.0000,1755
20240802,301035,38.4900,38.4900,38.6700,37.8100,38.1500,804689,30768639.8100,4551
20240802,301036,32.5000,31.2000,31.4800,29.9500,29.9800,14827220,453090177.2000,33394
20240802,301037,9.0700,9.0500,9.1200,8.8300,8.8900,1648254,14831183.6600,3956
20240802,301038,13.9600,13.7900,14.3800,13.7000,14.0700,5946891,83670276.0600,8753
20240802,301039,8.9700,8.8700,8.8700,8.6600,8.6700,17021371,148918320.7000,13393
20240802,301040,10.4000,10.2800,10.3600,9.9700,10.0200,3010131,30625698.1300,4839
20240802,301041,22.6600,22.2600,22.6100,21.8500,21.9500,3182800,70694630.0000,8180
20240802,301042,31.2900,31.0400,31.4800,30.1800,30.2400,583300,17928065.0000,1916
20240802,301043,23.6600,23.6500,23.7800,23.1600,23.2600,502300,11790952.0000,1628
20240802,301045,17.1000,16.8800,17.1500,16.5600,16.5800,1274800,21475377.0000,3422
20240802,301046,19.3400,19.1700,19.4800,18.9600,18.9700,1125700,21591926.0000,2653
20240802,301047,64.5200,64.5000,67.7700,64.1100,66.2900,1213060,81023498.7000,5747
20240802,301048,8.9900,8.8300,8.8800,8.5400,8.6300,8511100,74240868.0000,7357
20240802,301049,22.9000,22.9700,22.9700,21.4000,21.4200,6626565,145119742.3100,12241
20240802,301050,49.6000,49.0900,50.4000,48.4500,48.5200,5075076,250318936.6600,16016
20240802,301051,23.9300,23.9400,23.9400,23.3400,23.4300,877760,20715517.4000,2733
20240802,301052,20.2100,20.0200,20.5000,19.7300,19.8000,4392867,88633864.0300,9021
20240802,301053,21.7700,21.5400,22.1900,21.4500,21.9200,2483488,54019124.6400,4950
20240802,301055,12.5200,12.4000,12.4900,12.1400,12.1400,701800,8633491.0000,1377
20240802,301056,7.7100,7.6900,7.8400,7.5100,7.5400,3019749,23038088.4200,6221
20240802,301057,11.0600,11.0500,11.1200,10.9000,10.9000,921088,10140095.8800,1778
20240802,301058,9.0700,9.0000,9.1300,8.9200,8.9300,4375274,39374013.4800,5422
20240802,301059,8.8100,8.7500,8.8700,8.6200,8.8000,1114028,9780122.9600,2454
20240802,301060,8.1400,8.1300,8.4400,8.0900,8.2000,5333217,44325237.2900,9733
20240802,301061,42.4500,42.4400,44.3000,41.5000,43.6300,911512,39616086.2200,3966
20240802,301062,11.2700,11.1600,11.3500,11.0000,11.1700,6492441,72464631.5200,7331
20240802,301063,15.7600,15.4900,15.8200,15.0400,15.1000,5339434,82226126.9900,7515
20240802,301065,16.6000,18.0000,19.9200,17.1300,18.2200,6507595,122202786.3000,11362
20240802,301066,8.3300,8.2700,8.3700,8.1900,8.2100,1974365,16350656.7800,3877
20240802,301067,22.0500,21.7200,22.0000,20.7900,20.8300,5364940,114551515.6000,8696
20240802,301068,20.6100,20.3700,20.4200,19.8200,19.8300,540960,10885781.0000,1232
20240802,301069,12.5200,12.5200,12.6300,12.2600,12.3000,1728500,21521305.0000,4486
20240802,301070,43.1300,43.1300,43.3000,40.9000,42.1700,1973780,83044326.2000,5198
20240802,301071,25.1900,25.0600,25.3900,24.9100,24.9300,1735102,43604312.6600,5568
20240802,301072,19.5700,19.5900,19.5900,18.9000,18.9000,1180357,22683389.4300,2785
20240802,301073,17.8000,17.7000,18.3100,17.6000,17.9300,6448200,115985015.0000,15200
20240802,301075,16.3800,16.2500,19.6600,16.1900,19.6600,5114911,94668276.2600,6456
20240802,301076,18.3100,18.1000,18.3300,17.7500,17.7500,1867469,33682839.1300,3521
20240802,301077,17.1700,17.0600,17.2900,16.8600,16.9200,953000,16274868.0000,2969
20240802,301078,5.3800,5.3700,5.4500,5.3300,5.3400,13079500,70542922.0000,15183
20240802,301079,18.4900,17.6500,19.1700,17.0200,17.0200,21876114,396005094.7900,32436
20240802,301080,35.4200,35.2700,37.0600,35.2700,36.0000,2445550,89265278.0000,8402
20240802,301081,7.3400,7.3200,7.3600,7.1700,7.2000,2011128,14621968.3200,4002
20240802,301082,9.6900,9.5000,9.5500,9.1800,9.2300,9244720,86656508.8000,17418
20240802,301083,14.6800,14.6000,14.6300,14.0500,14.0700,3972736,57022039.7200,9138
20240802,301085,41.9600,41.3000,41.9700,40.3800,40.4700,1339677,55053817.8700,4022
20240802,301086,40.1800,40.1800,41.5000,39.0200,39.2200,2970650,119977977.8900,7655
20240802,301087,31.5500,31.3000,32.2600,31.2500,31.4000,812000,25849596.0000,3617
20240802,301088,10.9100,10.8500,11.0500,10.8000,10.8600,922500,10100262.0000,1874
20240802,301089,31.3900,31.2800,34.1100,31.2100,32.6800,8277533,273604647.4100,18189
20240802,301090,6.1600,6.1100,6.2200,6.0700,6.0900,4853263,29789958.3400,8191
20240802,301091,28.7900,28.1000,34.5500,27.8700,34.5500,60898138,1949850425.6500,81759
20240802,301092,22.3800,22.1800,22.7300,22.0400,22.1300,885400,19871922.0000,2741
20240802,301093,19.2800,19.0500,19.7000,19.0500,19.2500,1783443,34710685.6000,3666
20240802,301095,42.2900,41.7800,42.9200,41.6000,41.8600,2784000,117591105.0000,8981
20240802,301096,42.1100,42.1000,45.6700,41.6800,44.3500,6553281,291019993.2000,23842
20240802,301097,36.2500,35.9900,37.4000,35.2500,35.9000,456000,16609864.0000,1781
20240802,301098,7.5800,7.5100,7.6300,7.4500,7.4600,1837700,13862271.0000,3097
20240802,301099,38.8000,37.7500,38.3300,36.4500,36.4500,7368397,276369521.9100,17752
20240802,301100,13.5200,13.4600,13.5900,13.1800,13.4500,2818283,37842972.5600,4570
20240802,301101,21.1400,20.8800,21.5600,20.7700,20.8600,2816500,59480642.0000,6254
20240802,301102,8.4300,8.4000,8.4900,8.2700,8.2900,2919846,24496384.2400,6532
20240802,301103,21.1200,20.9500,21.8400,20.9500,21.1400,1361700,29197198.0000,3245
20240802,301105,24.7500,24.5000,24.8600,24.2400,24.2800,334900,8233973.0000,1472
20240802,301106,26.3000,26.3000,26.3900,25.5000,25.5900,744320,19291069.0000,3318
20240802,301107,24.1800,23.8800,24.0500,23.1800,23.2900,761600,17982569.0000,2338
20240802,301108,24.2200,24.0600,24.4700,24.0600,24.0900,149400,3623007.0000,505
20240802,301109,14.3700,14.3100,14.3800,14.1200,14.1800,898819,12823172.0600,2871
20240802,301110,27.7100,27.5100,27.9700,27.4300,27.4400,656736,18163975.0000,2105
20240802,301111,15.6300,15.5200,16.0300,15.4000,15.5100,6349155,100033213.2000,9378
20240802,301112,28.2500,25.0000,26.7900,24.9000,24.9000,14605741,376758494.1800,27729
20240802,301113,19.8800,20.0000,20.0000,19.5000,19.6700,734200,14520935.0000,2032
20240802,301115,12.5500,12.4500,12.6300,12.4200,12.4500,1081100,13543980.0000,1868
20240802,301116,10.0100,10.0000,10.2200,9.9300,10.0000,3079100,31008582.0000,5185
20240802,301117,30.1000,29.6900,31.3500,28.8000,29.1100,10899166,326965822.8300,27099
20240802,301118,18.2400,18.0800,19.0700,17.8000,18.3300,5764600,106741439.0000,9517
20240802,301119,18.9700,18.7000,18.9500,18.4100,18.4600,1904737,35657138.6900,4654
20240802,301120,9.4300,9.3500,9.3500,8.9400,8.9400,7266593,66473838.1500,6749
20240802,301121,35.2000,35.0200,35.2800,34.0300,34.0800,1124551,38922791.6500,4069
20240802,301122,18.3600,18.3600,18.8300,18.2200,18.3800,1254020,23280119.9000,4216
20240802,301123,17.4300,17.2000,17.2900,16.6600,16.6600,4250900,72151842.0000,10500
20240802,301125,9.6900,9.6800,10.6500,9.5300,9.7400,10600035,105421951.6500,12534
20240802,301126,9.6300,9.5200,9.9000,9.4900,9.7400,10479041,102168090.2100,9913
20240802,301127,8.2300,8.2500,8.3400,8.1100,8.1100,4496260,37017617.8000,5474
20240802,301128,45.0000,43.9200,44.4600,41.9100,42.2900,5053873,217958533.0900,13010
20240802,301129,22.0200,21.5100,21.7600,20.9000,20.9500,4773900,101666422.2000,9721
20240802,301130,23.0300,22.9600,23.5700,22.8500,23.0600,586200,13672505.0000,1390
20240802,301131,34.6200,34.2700,34.5300,33.6600,33.7100,1062922,36224851.8200,2517
20240802,301132,27.5800,27.0500,27.5700,25.7300,25.7300,8772346,232005932.3800,17411
20240802,301133,23.2100,23.1000,23.1000,22.1200,22.1900,3235912,72924888.9200,7756
20240802,301135,19.5500,19.3700,19.4000,18.7600,18.9300,1716045,32821275.1000,3351
20240802,301136,11.9700,11.8200,14.3600,11.8000,12.8400,39581112,529057964.1300,42303
20240802,301137,14.4000,14.3500,14.4700,14.0000,14.0900,1807200,25734082.0000,4401
20240802,301138,23.8600,23.5500,23.8100,23.0000,23.0100,1313700,30769264.0000,4397
20240802,301139,21.0000,20.7600,21.0300,20.2600,20.3000,1942200,40095464.0000,6151
20240802,301141,31.7300,31.3800,31.9800,30.6800,30.7800,3198781,100481519.5200,7877
20240802,301148,16.4400,16.5800,17.3900,16.4500,16.9000,3142803,53189864.5400,5513
20240802,301149,8.3000,8.2800,8.3500,8.2000,8.2200,2044411,16917449.4200,5336
20240802,301150,18.4800,18.3800,18.9700,18.0000,18.0400,2006882,36912005.2900,4572
20240802,301151,14.2800,14.2700,14.3400,13.9800,14.0000,1471162,20860370.9800,3356
20240802,301152,25.9800,25.7600,26.4700,25.4000,25.6100,2102605,54566261.3500,5626
20240802,301153,19.9300,19.6900,20.0700,19.3400,19.4400,4883460,96340271.7600,12384
20240802,301155,42.1400,41.9200,42.5800,40.7000,40.8400,1567100,64952707.0000,5551
20240802,301156,12.5700,12.5100,13.1000,12.3200,12.8000,3473468,44561553.4600,5190
20240802,301157,34.8000,34.5500,35.6000,34.4200,34.9300,1406689,49326709.5200,3954
20240802,301158,12.5800,12.4600,12.5900,12.3000,12.3200,1246894,15500875.8400,2023
20240802,301159,31.9400,31.3500,31.6300,29.8200,29.9700,6543816,200190794.5800,15727
20240802,301160,34.4000,34.3000,34.4700,33.6000,33.7300,665200,22634147.0000,2762
20240802,301161,16.1100,15.9800,16.0600,15.5900,15.6500,1859500,29432193.0000,3347
20240802,301162,37.9200,37.7600,38.5500,37.0100,37.0100,1350061,50803420.2700,4998
20240802,301163,20.7300,20.5300,20.9900,20.0300,20.1000,2223400,45256267.0000,4591
20240802,301165,30.6100,30.2800,30.5100,29.3900,29.4500,2497639,74581990.1600,9354
20240802,301166,28.0400,27.9000,28.7700,27.6600,27.7100,1342700,37893172.0000,2955
20240802,301167,11.2100,11.0900,11.5800,11.0200,11.2200,2820448,32055136.8900,4443
20240802,301168,28.3400,28.2900,28.6500,27.8500,27.9700,2581401,73139368.1000,6458
20240802,301169,32.4500,31.8300,32.5400,31.0000,31.1900,3292127,104129245.1600,9221
20240802,301170,22.5700,22.3700,22.6900,22.0100,22.0600,1017937,22725817.2100,2951
20240802,301171,13.8500,13.7700,13.9200,13.2900,13.3300,11577522,157347663.7100,18569
20240802,301172,26.9300,26.8300,27.1500,26.1100,26.1800,1785400,47684387.0000,5534
20240802,301175,4.6300,4.6100,4.6600,4.5500,4.5700,8904761,40965908.5500,10114
20240802,301176,19.8300,19.5500,19.5900,18.5300,18.5400,6363800,120501776.0000,14727
20240802,301177,18.7200,18.5500,18.9600,18.4900,18.5800,1184000,22185679.0000,4655
20240802,301178,23.3900,23.0700,23.3300,21.8200,21.9800,4352118,98730232.2100,7026
20240802,301179,16.4400,16.2000,16.4000,16.1000,16.2100,2337868,37892778.6400,3380
20240802,301180,13.5300,13.4100,13.5000,12.9000,12.9300,4169700,54993749.0000,11761
20240802,301181,20.3200,20.1100,20.2900,19.7000,19.7500,1342857,26859904.7100,2766
20240802,301182,19.3300,18.9500,19.5000,18.4000,18.4700,4297232,80840037.9200,6247
20240802,301183,39.6800,38.6900,39.0900,37.4300,37.5100,4309825,165006145.7700,13552
20240802,301185,14.2600,14.2000,14.2700,13.7100,13.7500,2852695,39894005.2500,6144
20240802,301186,32.2500,31.9200,32.2700,31.2600,31.4500,862325,27396772.8700,2427
20240802,301187,19.7100,19.6200,19.8000,19.2000,19.2200,1788000,34823952.0000,7317
20240802,301188,13.1400,13.1400,13.5000,12.7700,12.8100,2722900,35559981.0000,7291
20240802,301189,22.2600,21.9500,21.9500,21.1100,21.1500,1906700,41113771.0000,6301
20240802,301190,14.0000,13.8300,14.5000,13.8100,14.3000,2001600,28457397.2400,3121
20240802,301191,65.1300,64.5000,64.6800,62.9000,63.1400,1023450,65304821.2000,3819
20240802,301192,16.2700,16.2700,16.4800,15.8900,15.9300,814000,13191292.0000,2106
20240802,301193,14.5700,14.5900,14.6200,14.1700,14.2200,1844140,26555123.8000,5381
20240802,301195,29.9900,29.8000,29.8100,28.5800,28.6400,2067532,60286537.3400,6952
20240802,301196,27.9200,27.8700,27.9800,27.4300,27.4600,346200,9595998.0000,1345
20240802,301197,14.3900,14.2300,14.5700,13.7000,13.8600,5486807,77712073.6700,6554
20240802,301198,8.3700,8.2800,8.2800,7.9800,8.0300,8610613,69865591.4200,8297
20240802,301199,25.4900,25.3800,25.4000,24.5100,24.6400,2859900,71367801.0000,8445
20240802,301200,30.1100,29.8500,30.5000,29.7900,29.8000,587782,17722656.7600,2634
20240802,301201,18.9000,18.8400,19.8800,18.7300,19.2700,3481521,67675493.6100,7534
20240802,301202,27.9700,27.4600,27.8800,26.7200,26.7200,2566448,69953451.6000,5805
20240802,301203,27.0000,26.9100,27.0200,26.6400,26.6600,228920,6140300.1300,803
20240802,301205,57.8500,57.5900,57.5900,55.3700,55.3800,2045637,115183379.6900,9635
20240802,301206,25.8900,25.7000,26.1100,25.4800,25.4900,1032973,26603044.8000,2876
20240802,301207,17.2900,17.2200,20.0000,17.1900,18.6300,10250345,192743177.7000,20408
20240802,301208,27.7100,27.3000,27.3500,26.2200,26.3100,4976520,133474255.8000,10708
20240802,301209,23.4600,23.1000,23.3600,22.3500,22.5000,4141368,94480111.8000,7889
20240802,301210,27.9700,27.5300,28.1400,27.3400,27.3800,675714,18741532.2000,1802
20240802,301211,14.8200,14.7200,15.4700,14.6700,15.0800,4854000,73686422.9700,8180
20240802,301212,19.9300,19.7800,20.3700,19.6200,19.9900,926600,18590070.0000,2226
20240802,301213,33.0100,32.5000,33.6700,31.7400,31.7400,3651100,118732070.0000,7983
20240802,301215,5.7000,5.6600,5.7800,5.5800,5.6500,21964758,124732815.9600,13509
20240802,301216,11.5300,11.5100,11.6100,11.4400,11.4600,926350,10675478.0000,2429
20240802,301217,10.4000,10.2800,10.3000,9.9500,9.9500,9942358,100700687.5400,10100
20240802,301218,21.1900,20.9500,21.2200,20.3600,20.3800,3207700,66713257.0000,8916
20240802,301219,39.4300,38.9200,39.2200,38.3900,38.4400,2518144,97524388.2000,10059
20240802,301220,24.3800,24.3800,25.0000,24.1800,24.5000,1345293,33120697.5000,2420
20240802,301221,39.9900,39.4100,40.3000,38.5100,38.5900,4975200,195263133.0000,13236
20240802,301222,23.0500,23.0600,23.1800,22.5000,22.5300,669700,15339935.0000,2320
20240802,301223,14.9300,14.8500,15.0100,14.7900,14.7900,391729,5835159.6800,850
20240802,301225,26.6100,27.0000,27.3700,25.6900,25.7000,1140252,30022760.2400,3996
20240802,301226,23.2800,22.7600,22.8000,21.5600,21.6400,10527283,231679601.9900,20128
20240802,301227,18.0200,17.7000,18.1000,17.5100,17.5900,1253500,22242626.3200,2724
20240802,301228,10.1200,10.1000,10.5200,9.9500,10.0100,5718900,58565217.0000,9742
20240802,301229,22.1000,22.0000,22.1000,21.4300,21.6500,913460,19871428.2000,2480
20240802,301230,22.9100,23.0000,24.8100,22.8800,23.2300,8328228,199149052.6200,17679
20240802,301231,17.0900,17.3600,18.2900,16.9700,17.3200,9810897,172717064.7500,16138
20240802,301232,27.6500,27.3000,30.0000,26.8200,29.8900,8073232,228345676.2000,17532
20240802,301233,39.9500,39.4000,40.2000,38.6900,38.8700,1896802,74633048.0000,5499
20240802,301234,22.5100,22.3300,22.9500,22.2700,22.4000,963380,21829599.9000,2730
20240802,301235,18.2300,18.1800,18.7600,18.1600,18.3800,1038470,19186527.7000,1642
20240802,301236,33.8900,33.5800,34.2700,32.7000,32.8000,22637664,755628148.5600,49654
20240802,301237,24.0800,23.9000,24.0800,23.0000,23.0300,1144100,26874934.0000,2275
20240802,301238,13.9700,13.8900,14.0800,13.7100,13.7500,3943772,54739167.2800,9173
20240802,301239,38.5000,38.4900,39.9400,38.2200,38.5600,3573935,139631990.6600,12551
20240802,301246,12.9700,12.8700,13.3500,12.8600,13.0600,4757592,62761241.8800,9664
20240802,301248,15.2800,15.0000,15.3000,14.8500,14.8900,6611984,99548140.8800,10151
20240802,301251,35.4600,35.1100,35.8100,33.9400,33.9500,6233462,216021487.7200,16368
20240802,301252,28.8100,28.5500,28.6800,27.6000,27.7000,2274212,63819090.5000,4817
20240802,301255,30.1100,29.6500,29.9800,28.8400,28.8900,1523781,44820495.9000,4125
20240802,301256,6.1000,6.0600,6.1300,6.0000,6.0100,1131335,6868214.0100,2321
20240802,301257,28.0200,28.0700,30.6800,28.0200,28.9200,4627826,136871687.4100,14817
20240802,301258,26.5200,26.6000,27.7800,26.0300,26.9900,7131150,193132736.1100,15598
20240802,301259,25.0100,24.4000,25.2000,24.0100,24.5300,5335158,131695629.5800,7853
20240802,301260,12.9300,12.8600,13.0300,12.7600,12.8000,3394133,43818659.4800,7982
20240802,301261,39.4800,38.9900,39.1900,37.7600,37.8200,2031535,78219522.6300,5088
20240802,301262,22.0600,22.0600,22.5000,21.7400,21.7900,1914964,42451638.5600,7106
20240802,301263,13.6400,13.5400,13.8900,13.5300,13.6000,4478241,61527002.5200,7438
20240802,301265,8.1500,8.0700,8.1800,8.0100,8.0100,1731515,14018658.4000,2479
20240802,301266,31.8700,31.8600,32.3000,31.1700,31.1700,3239900,102957818.8000,7140
20240802,301267,19.7800,19.7800,20.4700,19.7100,19.9000,3531231,71212390.1200,9894
20240802,301268,16.0300,16.1500,16.2300,15.6900,15.7700,1999900,31902079.0000,4992
20240802,301269,78.5000,78.6800,79.5800,78.3100,79.1900,2008401,158502190.2300,8622
20240802,301270,23.2600,22.8000,23.3900,22.5000,22.7500,1286211,29544234.2500,3706
20240802,301272,34.3400,34.2300,36.6600,33.8800,34.6900,1004147,35522419.9500,3067
20240802,301273,15.6200,15.5500,15.6600,15.0900,15.2800,832800,12818602.0000,2375
20240802,301276,19.5700,19.4900,19.6700,19.4000,19.6300,303886,5954862.8400,796
20240802,301277,13.2600,13.1600,13.7500,13.1500,13.3500,8406926,113610241.4100,17922
20240802,301278,32.8000,32.4500,33.1900,31.8000,31.8900,1169060,37878217.8000,3449
20240802,301279,18.7200,18.5900,18.6500,18.2300,18.3100,2815796,51964332.7600,6105
20240802,301280,36.1200,35.7600,35.7600,34.3800,34.4800,1001600,35049569.5000,4242
20240802,301281,22.4000,22.1700,23.2900,22.1500,22.7100,2393940,54929087.0000,5778
20240802,301282,18.7000,18.5100,18.7400,17.8400,17.8400,4167791,75922043.4700,10268
20240802,301283,26.0700,26.0700,26.3800,25.7100,25.7300,355700,9245991.0000,1414
20240802,301285,22.5500,22.5900,22.5900,21.9000,22.1800,1420761,31537156.9000,4092
20240802,301286,28.6500,28.3700,28.7900,28.1100,28.6100,148226,4224773.0800,696
20240802,301287,26.0900,25.9000,26.3500,25.7500,25.7800,704200,18372736.0000,1495
20240802,301288,11.1700,11.1000,11.2300,10.9100,10.9600,985600,10917700.0000,2123
20240802,301289,42.5400,42.2400,42.7800,40.8800,40.8800,1706032,71351800.4400,4552
20240802,301290,20.2400,20.1900,20.8900,20.0400,20.3600,1347315,27661546.5000,3693
20240802,301291,31.7400,31.5800,31.7100,30.9000,31.3500,3953493,123978105.7200,13788
20240802,301292,12.2500,12.2200,12.2800,12.0500,12.0800,1038600,12633767.0000,2333
20240802,301293,36.9700,36.7000,37.7500,36.5500,36.5800,5167707,192501760.8200,13459
20240802,301295,21.8200,21.4000,21.5000,20.2500,20.2500,4694208,98039902.2300,7590
20240802,301296,7.3900,7.3200,7.4600,7.3100,7.3400,2059491,15233742.2200,3744
20240802,301297,21.3500,20.9900,21.3600,20.6400,20.6700,8158300,171112562.0000,16312
20240802,301298,12.9400,12.9400,12.9700,12.5900,12.6100,1276500,16332444.0000,3284
20240802,301299,43.3400,42.9900,43.4800,41.9000,41.9200,1272700,54263392.0000,5117
20240802,301300,23.3500,23.1000,23.3000,22.6100,22.7100,1631900,37440109.0000,3239
20240802,301301,11.9300,11.9600,12.5200,11.9200,11.9800,52210293,637160547.3500,68763
20240802,301302,17.5700,17.5700,17.7000,16.7500,16.9100,3206748,55268997.0700,7903
20240802,301303,11.3600,11.3800,11.5000,11.2400,11.2700,1406620,15964054.5000,3014
20240802,301305,15.9800,15.9700,16.0800,15.6700,15.7200,1224600,19455948.0000,3116
20240802,301306,39.5700,39.4000,41.2000,38.1300,38.5800,7811300,309456409.0000,20851
20240802,301307,19.8300,19.6500,19.6500,19.0200,19.0400,2352314,45455499.0200,5082
20240802,301308,83.4400,82.1500,82.7700,79.8400,79.9500,4607345,374589445.5300,18149
20240802,301309,23.3700,23.1900,23.9500,23.0000,23.4500,1725000,40599663.2900,4247
20240802,301310,22.1000,21.9000,22.2200,21.6800,21.7400,843228,18512848.4500,2539
20240802,301311,18.2300,18.0300,18.2900,17.6900,17.7300,2701105,48568223.6000,5517
20240802,301312,37.6600,37.1700,38.3000,36.5000,36.5300,2303700,85937746.0000,6200
20240802,301313,20.8800,20.4900,20.8500,20.0300,20.1100,4446809,90824301.9900,8868
20240802,301314,32.0000,31.5100,31.9500,30.6700,30.7200,1166681,36409608.5500,3686
20240802,301315,34.3100,34.3100,34.6600,33.2500,33.3200,4773653,161966841.4900,15233
20240802,301316,14.7500,14.6800,14.8000,14.2100,14.2600,4546496,65923834.2700,12555
20240802,301317,16.1500,15.8500,16.2500,15.6000,15.6900,1046661,16673409.2200,1701
20240802,301318,27.5800,27.3000,27.4900,26.3000,26.3900,2110070,56720197.4900,6849
20240802,301319,26.4500,26.3400,26.5000,25.4300,25.4300,823805,21426357.0500,2908
20240802,301320,13.9700,13.8800,13.9000,13.5500,13.6300,3090500,42377851.5000,5786
20240802,301321,11.0700,10.9000,11.0400,10.6200,10.6600,3580736,38680513.7600,7020
20240802,301322,19.3800,19.3000,19.5500,19.0300,19.1300,986585,18999421.4500,2419
20240802,301323,29.2800,29.2000,29.3800,28.4700,28.5600,457054,13205835.2400,1387
20240802,301325,38.8800,38.8000,39.1600,37.8700,37.9000,1360780,52227228.0000,4845
20240802,301326,30.7500,30.3100,30.5000,29.0000,29.0800,2273708,67368693.2700,6644
20240802,301327,67.5000,66.6700,69.3900,66.6700,68.2000,992663,68124658.5700,5650
20240802,301328,39.8500,39.3000,39.4600,37.8400,37.8800,2237887,86312899.3200,5639
20240802,301329,17.4700,17.2800,17.4800,16.8700,16.9600,2162109,37093674.0600,6098
20240802,301330,21.9100,21.9100,22.0500,21.3300,21.3800,1534800,33348810.5000,4005
20240802,301331,23.0700,23.1000,23.8900,22.8000,23.3600,1595182,37267969.6000,3386
20240802,301332,9.1300,9.0200,9.1800,8.9800,9.0000,4030611,36564787.8900,6107
20240802,301333,46.4000,46.2700,50.7900,46.0800,48.9600,3275409,160284448.4100,9507
20240802,301335,16.2100,16.1500,16.3200,16.0100,16.1500,462474,7491725.1900,1375
20240802,301336,29.9700,29.9900,30.3400,29.6100,29.6200,357800,10701052.0000,1356
20240802,301337,26.9200,26.5000,27.4800,26.4500,26.6800,3142572,84577236.1200,8736
20240802,301338,33.6900,32.5700,33.0000,31.7600,31.7600,3879520,125578208.0000,8577
20240802,301339,22.1400,21.8900,22.3900,21.4300,21.4300,6229477,136308816.6700,11816
20240802,301345,47.5000,47.4900,47.4900,45.9700,46.1300,909900,42302972.5900,4929
20240802,301348,33.4600,32.8000,33.3000,32.2300,32.2800,4115886,134704766.7100,10643
20240802,301349,25.5300,25.4700,25.7300,25.0400,25.0500,494050,12505183.5000,2034
20240802,301353,27.1800,26.9100,26.9700,26.0800,26.1400,1623079,42962974.7600,3429
20240802,301355,11.0200,10.9000,11.5300,10.3000,10.3200,13843478,152152646.3500,12015
20240802,301356,12.2700,12.2000,12.3400,12.0200,12.0400,549063,6695815.8600,1598
20240802,301357,32.6000,32.3000,32.6500,30.8300,30.9300,5106531,161908996.9400,11421
20240802,301358,27.9800,27.7600,28.1300,27.2300,27.3400,4443906,122501091.3900,12828
20240802,301359,20.1600,19.9300,20.0600,19.4200,19.4300,1689600,33309501.0000,3275
20240802,301360,45.2600,44.8500,45.3800,43.6100,43.6900,1644600,73050608.0000,5150
20240802,301361,23.8900,23.6500,24.2300,23.5000,23.6500,3429300,81741277.0000,8528
20240802,301362,32.3000,32.2000,32.2500,31.5100,31.7100,450493,14337020.4700,1119
20240802,301363,26.5800,26.3200,27.1000,26.3000,26.3200,981968,26268463.8600,4007
20240802,301365,10.6800,10.4200,10.8800,10.4200,10.5600,2510413,26819205.1600,4755
20240802,301366,30.0500,30.1300,30.9500,29.7200,30.2000,5766954,174618871.2400,13519
20240802,301367,71.7100,71.4000,73.4500,70.6000,70.6900,758933,54602967.7500,3415
20240802,301368,42.9800,42.4200,42.7900,41.3000,41.3300,4465825,187724731.0300,12086
20240802,301369,44.9100,44.2000,45.3600,43.5800,43.6600,2269415,100687581.3000,7895
20240802,301370,10.4300,10.3500,10.7500,10.2800,10.3300,12224878,128609549.9300,15322
20240802,301371,28.2000,27.8500,28.7800,27.8400,28.0800,812835,23118546.3000,3122
20240802,301372,24.0500,23.8700,24.2300,23.5200,23.5900,866262,20673175.1400,1930
20240802,301373,22.3100,22.2200,22.3900,22.0300,22.1400,293400,6528420.4600,852
20240802,301376,19.1300,18.9000,19.2800,18.7700,18.8600,990500,18870497.8000,3760
20240802,301377,17.6600,17.5800,17.6000,16.7300,16.8800,3312050,56595116.5000,7992
20240802,301378,22.0900,21.9800,22.3900,21.2800,21.3000,1539420,33563144.0000,4101
20240802,301379,17.4000,17.2600,17.5000,16.8200,17.0300,5094066,87094133.2800,8125
20240802,301380,34.8300,34.3400,34.6200,33.4500,33.4500,1448200,49192188.0000,3787
20240802,301381,22.8700,22.6300,22.8400,22.2500,22.2600,1758800,39630929.0000,6640
20240802,301382,17.5400,17.4000,17.5300,16.8100,16.8300,4128790,70793808.7000,8462
20240802,301383,27.0700,26.8300,26.8700,25.9300,25.9600,2861746,75491994.0100,9668
20240802,301386,21.8700,21.6600,21.6700,20.7500,20.8000,3117584,65958536.7000,5113
20240802,301387,31.1900,30.6100,31.0000,29.9100,29.9800,1994360,60653007.4000,6383
20240802,301388,20.6300,20.9900,21.7800,20.6800,20.7600,8817047,186527864.4500,21634
20240802,301389,14.4900,14.3300,14.4000,13.8900,13.9100,6563900,92753925.3100,13736
20240802,301390,29.8000,29.5100,29.7700,28.7600,28.8100,788300,23069172.0000,1844
20240802,301391,39.1000,38.6500,39.3400,38.0500,38.1000,1144428,44349644.4800,5323
20240802,301392,48.6800,47.9100,49.4500,47.8500,48.0000,3101242,151299705.1000,9488
20240802,301393,40.1600,40.1600,42.9000,39.9600,41.9700,2782328,117073102.6000,7870
20240802,301395,9.6700,9.6100,9.7300,9.5100,9.5500,1489776,14352438.4700,2636
20240802,301396,21.1800,21.0600,21.1300,20.4500,20.5500,4494480,93405358.0000,9846
20240802,301397,23.9300,23.7500,23.9400,23.0000,23.0100,1490851,34985962.4300,3005
20240802,301398,37.8600,37.6500,38.2600,36.6800,36.7300,1171045,43858880.7100,4649
20240802,301399,19.7800,19.7000,22.9900,19.6300,20.9600,6527437,140394874.1000,11740
20240802,301408,10.7600,10.6900,11.3000,10.6200,11.0200,8569986,94272035.2300,9402
20240802,301413,40.1000,39.6800,40.0600,38.1200,38.1800,1437597,56166986.0300,5203
20240802,301418,39.6900,39.1500,39.3300,38.0000,38.0000,1685159,65113521.1700,4408
20240802,301419,23.4500,23.1200,23.4600,22.4100,22.4300,906900,20792975.0000,3011
20240802,301421,44.1500,43.9900,45.4600,43.3000,43.4000,4584810,202893284.4800,12743
20240802,301428,31.0400,30.6000,30.7000,29.5600,30.2000,5136778,155328021.1600,11142
20240802,301429,14.4100,14.4000,14.5600,14.2400,14.5500,1211908,17439268.0400,3084
20240802,301439,12.0500,12.0000,12.0700,11.8500,11.8600,1393820,16662483.6000,2970
20240802,301446,19.4100,19.3000,19.3000,18.7600,18.8000,2427476,46134367.3500,4674
20240802,301448,21.0900,20.8200,21.0400,20.3900,20.4300,1832350,37938498.6000,3754
20240802,301456,23.3100,23.3500,23.5400,22.4000,22.4600,2520297,57905546.2800,4782
20240802,301459,35.8300,35.7400,35.9600,35.0800,35.1400,515481,18287473.5200,1692
20240802,301468,20.2500,20.1600,20.4900,20.0700,20.1300,978445,19874387.6800,3116
20240802,301469,23.9400,23.7500,25.5500,23.6800,24.4800,2137732,52495608.1800,4048
20240802,301486,38.8400,37.8300,38.4800,37.1000,37.1800,1982382,74938600.0800,6252
20240802,301487,24.3700,24.1600,24.6000,23.8000,23.8400,1925647,46606876.9600,5660
20240802,301488,58.8100,57.7000,58.8000,55.3500,55.7500,3373200,192279955.4600,10795
20240802,301489,62.7500,62.0900,62.7000,60.3900,60.6600,1007915,61851327.4100,4198
20240802,301498,44.3000,44.0700,44.5800,43.3600,43.5200,854554,37595100.1800,4122
20240802,301499,25.2100,24.7900,25.0300,24.1000,24.2500,3331481,81924572.7500,7214
20240802,301500,17.3200,17.1100,18.1000,17.0100,17.4600,3914514,68699862.8000,8539
20240802,301502,38.9800,38.5100,39.5700,38.4900,39.1800,1515648,59399720.7600,3851
20240802,301503,29.4300,29.0100,29.3000,28.5400,28.6400,1092500,31582836.0000,2747
20240802,301505,25.2400,24.8200,27.0900,24.7800,25.7900,6193667,160341642.2900,9941
20240802,301507,13.5200,13.4600,13.9000,13.4100,13.6200,11256725,154225047.4000,14982
20240802,301508,36.1500,35.9000,36.3900,34.7900,34.9000,4864867,173508945.0100,10828
20240802,301509,30.7800,30.5800,35.2600,30.5400,32.6500,6597985,221482985.4800,15868
20240802,301510,27.5000,27.3800,27.5500,26.3000,26.3000,1740996,46885726.3200,5684
20240802,301511,14.2200,14.1400,14.2000,13.8200,13.8600,3785440,53010620.6100,6819
20240802,301512,43.7600,43.5900,43.5900,41.9000,41.9000,918600,39225943.0000,2956
20240802,301515,19.5500,19.8900,20.5500,19.0100,19.0500,2615860,51376548.2600,5693
20240802,301516,17.3900,17.2500,17.5200,17.0600,17.0800,3597900,62249534.9500,6973
20240802,301517,58.3700,57.0900,59.5900,55.8600,56.1000,5571244,319141016.2400,16334
20240802,301518,17.2400,17.0900,17.2400,16.6800,16.7100,1257146,21309250.9400,1948
20240802,301519,13.5100,13.3600,13.5700,13.2500,13.3000,2456400,32987993.7400,3778
20240802,301520,40.7400,40.5000,42.6600,40.5000,41.4800,2723476,114075967.0900,6863
20240802,301525,51.9100,51.5400,52.0900,50.5700,50.7100,704139,36098123.0400,2547
20240802,301526,3.3500,3.3300,3.3800,3.3100,3.3100,13677687,45742413.4200,8000
20240802,301528,47.0700,46.6100,48.2300,45.1900,46.2700,2183410,102320019.6400,5761
20240802,301529,33.0600,32.8200,33.3600,31.8500,31.9700,1033562,33597578.3900,2490
20240802,301533,27.5100,27.1300,27.5900,26.7300,26.7800,1858252,50352643.7900,4440
20240802,301536,36.3000,35.6000,36.0500,34.8000,34.8000,3949056,139780413.4600,9624
20240802,301538,86.4000,85.1800,85.9700,83.9800,84.4900,724703,61564262.9400,3434
20240802,301539,20.8500,20.6800,21.6800,20.6000,20.9600,4360467,92235268.0300,6698
20240802,301548,47.8100,47.4900,51.1700,47.3500,48.1000,1437822,70613001.4900,5862
20240802,301550,46.2200,45.9900,46.8600,43.7900,44.0500,5530233,248642810.5700,18245
20240802,301552,52.3000,51.8000,52.6200,50.9400,51.0800,3733256,192447686.8900,11549
20240802,301555,29.2500,29.1900,30.0000,28.6300,29.0300,3281576,96351015.9200,6994
20240802,301558,8.2800,8.2700,8.3200,8.1600,8.1700,4336171,35744111.6200,8056
20240802,301559,15.2200,15.1800,15.3000,15.1100,15.2100,1523307,23201283.9600,5010
20240802,301565,21.0200,20.7200,23.6700,20.7100,22.2000,21528675,477340859.9600,42673
20240802,301566,17.7100,17.3700,17.7500,17.2500,17.3400,3797130,66391709.5600,8757
20240802,301567,45.1800,44.4300,44.7900,42.6000,42.8000,2371400,103599509.0000,6352
20240802,301568,29.3000,28.8000,29.0200,27.9300,27.9300,1801900,51305624.7600,4762
20240802,301577,59.1500,58.5600,58.8000,55.7900,55.8400,2040800,116264023.0000,7624
20240802,301578,38.4300,37.9600,38.2800,37.0200,37.0300,2041915,77022279.3100,6336
20240802,301580,62.2200,61.8000,63.2000,61.3300,61.3500,1996671,124193512.7400,5990
20240802,301587,25.3900,25.2100,25.6300,25.0600,25.3200,1957487,49649243.1400,4322
20240802,301588,22.0300,21.8100,22.1200,21.5500,21.5500,1434911,31327793.1300,2940
20240802,301589,165.5100,163.9700,164.6800,160.8000,161.2200,532701,86579020.8500,2874
20240802,301591,36.8800,36.7000,36.9600,36.0000,36.4800,1886720,68789634.8000,5181
20240802,301596,75.9800,74.8500,76.3800,74.4100,74.4100,1452100,109201983.0000,6206
20240802,301603,41.3600,40.9600,42.2000,40.9100,41.2200,5095719,211416001.8600,17186
20240802,301606,35.4000,34.5800,34.8800,32.8500,32.8600,11658798,392876217.5600,29153
20240802,301608,94.0000,94.0000,95.0300,82.6100,83.3000,11058181,965652099.4100,45037
20240802,302132,48.4200,48.4200,48.7500,47.5300,48.1100,8675000,416815845.0800,20981
20240802,600000,8.5700,8.5600,8.6000,8.4000,8.4700,31361531,266363129.0000,33276
20240802,600004,9.6200,9.6000,9.6600,9.5500,9.5900,8690723,83617507.0000,12370
20240802,600006,7.8500,7.6800,7.7100,7.3800,7.4200,126288915,952424520.0000,75114
20240802,600007,21.1700,21.0600,21.6500,21.0100,21.3600,1668001,35746108.0000,6290
20240802,600008,2.9400,2.9300,2.9500,2.9100,2.9300,58228840,170291949.0000,22814
20240802,600009,34.4100,34.2300,34.6000,34.1500,34.3300,4936236,169787725.0000,13254
20240802,600010,1.4500,1.4500,1.5000,1.4400,1.4600,226806455,333623859.0000,16698
20240802,600011,7.7400,7.6800,7.7400,7.4900,7.5400,133055274,1005734460.0000,74752
20240802,600012,15.6000,15.5000,15.9900,15.3200,15.9400,8887228,139539240.0000,16134
20240802,600015,6.3100,6.2900,6.3100,6.2600,6.2600,21545144,135345761.0000,20337
20240802,600016,3.5400,3.5300,3.5500,3.5200,3.5300,140089868,495595096.0000,34698
20240802,600017,2.8900,2.8700,2.9000,2.8600,2.8700,32595987,93980320.0000,22170
20240802,600018,6.2000,6.1900,6.2100,6.1000,6.1700,24362074,149861072.0000,33664
20240802,600019,6.8200,6.7900,6.8100,6.7100,6.7200,56534013,381578562.0000,47043
20240802,600020,3.7600,3.7500,3.8000,3.7300,3.7700,15416504,58153913.0000,16001
20240802,600021,9.3400,9.2800,9.3600,9.2000,9.2200,19869060,183961657.0000,22649
20240802,600022,1.3000,1.3000,1.3100,1.2900,1.3000,24694861,32199692.0000,3987
20240802,600023,6.6400,6.6300,6.6700,6.4700,6.5200,31077360,203131421.0000,42419
20240802,600025,11.5500,11.5500,11.6600,11.4500,11.6000,18821997,217599257.0000,27275
20240802,600026,14.8900,14.8000,14.9800,14.5500,14.8900,10944381,162310509.0000,18972
20240802,600027,5.9300,6.2000,6.2000,5.4300,5.5400,261017906,1492757934.0000,177160
20240802,600028,6.5600,6.5300,6.6100,6.4600,6.5900,97073758,636171878.0000,66833
20240802,600029,5.9100,5.8900,5.9800,5.8600,5.9000,24869170,147439358.0000,18914
20240802,600030,19.5800,19.4800,19.6500,19.1500,19.2100,97703187,1890702077.0000,108705
20240802,600031,15.7800,15.7000,15.8700,15.6100,15.6500,21598620,338815437.0000,34528
20240802,600032,7.3000,7.2700,7.3200,7.1800,7.1900,3830900,27801078.0000,8132
20240802,600033,3.8100,3.7800,3.8200,3.7600,3.7700,20022400,75698150.0000,21123
20240802,600035,4.5100,4.5000,4.5100,4.4600,4.4900,10840980,48616542.0000,12343
20240802,600036,32.7100,32.4200,32.6000,32.2300,32.2800,38613024,1250037017.0000,71802
20240802,600037,6.0500,6.0300,6.0900,5.9800,6.0000,11187288,67481300.0000,14646
20240802,600038,41.9900,41.4000,42.7500,41.3500,41.9500,6935250,291925163.0000,18330
20240802,600039,6.2600,6.2300,6.3100,6.2100,6.2600,14051547,88128552.0000,14079
20240802,600048,8.4600,8.3500,8.4200,8.2600,8.2900,97749193,813851088.0000,70222
20240802,600050,4.7200,4.7200,4.8000,4.7000,4.7600,203394759,969804207.0000,71061
20240802,600051,5.2900,5.2800,5.3000,5.2200,5.2400,2226900,11734426.0000,3022
20240802,600052,4.0000,3.9900,4.0300,3.9100,3.9300,5374571,21326816.0000,4722
20240802,600053,13.3500,13.3400,13.5800,13.0300,13.0500,5333400,70733622.0000,9734
20240802,600054,11.1200,11.0800,11.1800,11.0200,11.1100,2708652,30156063.0000,3771
20240802,600055,12.5000,12.4800,12.7800,12.4000,12.5000,3975600,50225224.0000,9307
20240802,600056,10.2900,10.3300,10.5500,10.2700,10.4100,14373182,150388038.0000,16125
20240802,600057,5.2100,5.2000,5.3400,5.1500,5.2400,28769456,151816621.0000,22650
20240802,600058,6.3800,6.3600,6.4500,6.3400,6.3600,3282810,21006680.0000,5782
20240802,600059,8.1200,8.1300,8.1900,8.0600,8.1100,3635624,29595946.0000,7309
20240802,600060,17.4300,17.3300,17.5200,16.8900,17.0000,10684857,183567807.0000,28376
20240802,600061,5.9500,5.9200,5.9600,5.8400,5.8400,18191478,107336355.0000,13421
20240802,600062,18.4800,18.4000,19.0500,18.3200,18.7000,13558849,254410883.0000,34633
20240802,600063,3.5500,3.5300,3.5700,3.5000,3.5100,10476203,37042646.0000,10907
20240802,600064,5.8900,5.8700,5.9600,5.8600,5.9000,9860160,58341920.0000,10601
20240802,600066,22.5000,22.3900,22.3900,21.6700,21.6800,20631274,450809611.0000,54652
20240802,600067,1.9600,1.9600,1.9800,1.9100,1.9200,13874904,27011536.0000,4413
20240802,600070,1.0700,1.0600,1.1200,1.0500,1.1200,29787165,32804824.0000,2496
20240802,600071,16.4000,16.2600,16.3900,15.7200,15.8000,2620600,41973559.0000,6495
20240802,600072,13.3000,13.1500,13.5300,13.1100,13.1700,11834490,157644141.0000,15634
20240802,600073,5.7100,5.6800,5.7900,5.6700,5.7000,6263859,35929180.0000,7556
20240802,600075,3.8000,3.7800,3.8400,3.7700,3.8000,5720240,21797273.0000,8904
20240802,600076,1.5300,1.5200,1.5400,1.5000,1.5200,15961500,24227586.0000,4878
20240802,600078,5.5500,5.5100,5.5900,5.4200,5.4200,4332741,23865142.0000,4527
20240802,600079,19.8800,19.8500,20.4700,19.8400,20.1000,17594824,355528062.0000,30857
20240802,600080,6.2300,6.2800,6.4200,6.2200,6.2800,1712000,10847234.0000,2615
20240802,600081,9.1600,9.1200,9.2900,9.0500,9.0600,3735125,34129434.0000,7381
20240802,600082,2.0100,1.9900,2.0300,1.9900,2.0000,6721901,13468181.0000,3657
20240802,600083,2.0900,2.0700,2.1400,2.0400,2.0800,10213500,21407453.0000,2476
20240802,600084,4.9800,4.9100,5.0600,4.8700,4.9100,6160800,30529092.0000,5148
20240802,600085,36.2400,36.0700,36.9000,35.9000,36.2900,7920474,289228779.0000,22522
20240802,600088,15.0800,14.9700,15.3700,14.9200,15.0100,7241200,109800922.0000,12439
20240802,600089,13.4800,13.4600,13.5500,13.3300,13.3700,22079631,296310254.0000,29680
20240802,600094,3.4200,3.4000,3.7300,3.3700,3.6600,52282052,188427834.0000,20518
20240802,600095,6.5000,6.4600,6.7100,6.4400,6.4900,33924546,223100582.0000,27220
20240802,600096,19.4200,19.2900,19.6900,19.2200,19.3700,10782429,209982932.0000,27070
20240802,600097,8.0400,8.0100,8.3300,7.9800,8.1300,3505600,28649535.0000,6077
20240802,600098,6.1900,6.1800,6.2100,6.1200,6.1300,9248700,57035171.0000,16169
20240802,600099,7.3200,7.2400,7.4000,7.0200,7.0500,12240980,87868049.0000,9288
20240802,600100,5.1200,5.0800,5.1800,5.0400,5.0500,23706595,121002095.0000,21212
20240802,600101,8.4100,8.3000,8.4000,8.1800,8.2000,32366019,268443305.0000,39537
20240802,600103,1.7600,1.7500,1.7700,1.7400,1.7500,12751556,22378758.0000,4531
20240802,600104,14.7300,14.6500,14.7200,14.5000,14.5500,12945335,188860409.0000,24834
20240802,600105,3.6700,3.6500,3.6800,3.5600,3.5900,16430420,59494649.0000,13213
20240802,600106,4.0900,4.0900,4.2700,4.0400,4.1500,29540691,123289642.0000,21067
20240802,600107,3.1300,3.1100,3.4400,3.0900,3.4400,9338201,30938641.0000,3803
20240802,600108,2.4500,2.4300,2.4700,2.4300,2.4500,11712700,28781356.0000,5347
20240802,600109,7.8900,7.8700,7.9200,7.7200,7.7200,21654787,169245943.0000,20792
20240802,600110,3.1700,3.1400,3.1900,3.1200,3.1400,13477681,42616338.0000,13013
20240802,600111,17.4300,17.3200,17.5800,17.2600,17.4700,18497745,323097331.0000,20470
20240802,600112,0.7300,0.7300,0.7300,0.7300,0.7300,0,0.0000,0
20240802,600113,7.8800,7.8600,7.8900,7.7800,7.7800,2222920,17427055.0000,1650
20240802,600114,15.8800,15.7500,15.8000,14.8500,14.9600,38493806,585971888.0000,54215
20240802,600115,4.0200,4.0100,4.1200,3.9900,4.0600,64012953,260417918.0000,30628
20240802,600116,7.0500,7.0100,7.0900,6.9700,7.0000,9029400,63497497.0000,10218
20240802,600117,2.2900,2.2800,2.2900,2.2400,2.2400,3750400,8479164.0000,1956
20240802,600118,23.4400,23.4500,25.7800,23.2300,24.9800,61797993,1550761694.0000,76623
20240802,600119,7.1000,6.9300,6.9900,6.5800,6.5800,29200530,197684576.0000,17559
20240802,600120,3.5800,3.5600,3.6500,3.5500,3.5900,16172810,58252885.0000,12335
20240802,600121,3.1500,3.1400,3.1800,3.1200,3.1700,8040940,25444082.0000,4292
20240802,600123,7.9900,7.9500,8.0600,7.8700,7.9800,6466907,51677469.0000,11635
20240802,600125,6.2700,6.2300,6.2600,6.1600,6.2000,19074037,118374902.0000,19643
20240802,600126,3.6800,3.6700,3.7500,3.6500,3.6800,22543200,83450799.0000,17718
20240802,600127,6.0300,6.0000,6.0900,5.9700,6.0300,8530929,51501780.0000,4990
20240802,600128,6.6300,6.6100,6.6700,6.5200,6.5700,3559500,23459219.0000,5117
20240802,600129,24.1700,23.9800,25.4600,23.8300,24.2500,21222586,522297927.0000,45640
20240802,600130,3.2600,3.2600,3.4600,3.2300,3.2500,23030779,76479198.0000,14720
20240802,600131,17.2900,17.1800,17.3600,17.0100,17.1000,5462104,93999070.0000,13160
20240802,600132,61.3000,61.0700,62.0800,60.9000,61.3200,2314142,142496190.0000,9807
20240802,600133,8.3200,8.2200,8.6000,8.1900,8.3800,28765370,241825460.0000,19894
20240802,600135,5.0900,5.0800,5.3700,5.0400,5.1600,20378571,105835031.0000,14870
20240802,600136,1.4400,1.4400,1.5000,1.4100,1.4400,5165378,7539151.0000,778
20240802,600137,11.7300,11.6600,11.8200,11.6000,11.7000,894000,10506416.0000,1891
20240802,600138,9.9300,9.8800,10.0000,9.8600,9.8900,6908100,68680843.0000,7363
20240802,600141,18.3200,18.1900,18.3700,17.9000,17.9100,8212573,148584975.0000,20478
20240802,600143,6.5400,6.4900,6.6200,6.4800,6.5200,14081479,92450591.0000,18688
20240802,600148,13.3000,13.1800,13.3000,12.9200,12.9800,2405300,31571181.0000,4270
20240802,600149,3.3300,3.3000,3.3700,3.2900,3.2900,4443400,14760540.0000,3730
20240802,600150,41.2300,41.0100,41.9500,40.8800,41.2200,31876109,1318779788.0000,58532
20240802,600151,5.0600,5.0100,5.1400,4.8800,4.8900,33028650,164582970.0000,25635
20240802,600152,5.1900,5.1900,5.2000,5.0600,5.0700,10666760,54703369.0000,14323
20240802,600153,7.7700,7.7400,7.7700,7.6700,7.6800,16701248,128742161.0000,14852
20240802,600155,6.5000,6.5600,6.5800,6.3300,6.3600,34891871,225067939.0000,21286
20240802,600156,3.1400,3.1100,3.2100,3.1000,3.1400,5218100,16481766.0000,4318
20240802,600157,1.1000,1.1000,1.1000,1.1000,1.1000,0,0.0000,0
20240802,600158,7.5200,7.4900,7.5500,7.4100,7.4100,10006438,74812481.0000,11320
20240802,600159,2.2000,2.1900,2.2300,2.1700,2.1800,13668183,30060877.0000,6140
20240802,600160,19.5200,19.3000,20.3200,19.2500,19.7100,23581640,470198329.0000,42889
20240802,600161,24.2500,24.1600,24.7500,24.1000,24.2000,6214162,151562521.0000,18569
20240802,600162,1.3500,1.3500,1.3700,1.3300,1.3400,14811650,19979911.0000,2254
20240802,600163,5.3400,5.3000,5.3400,5.2700,5.2900,7184601,38090892.0000,7977
20240802,600165,1.9100,1.9200,1.9800,1.8800,1.9100,34536523,66615581.0000,4824
20240802,600166,3.0100,2.9500,2.9700,2.8200,2.8200,290438396,841954989.0000,66717
20240802,600167,5.4900,5.4600,5.5100,5.4400,5.4500,2917600,15960348.0000,4245
20240802,600168,4.0000,3.9700,4.0100,3.9500,3.9800,3263400,13016395.0000,3550
20240802,600169,1.9500,1.9500,1.9500,1.9100,1.9200,12070300,23295930.0000,5264
20240802,600170,2.3500,2.3400,2.3500,2.3100,2.3100,79880502,185751338.0000,26687
20240802,600171,25.0900,24.2000,24.8000,23.6800,24.0900,133745317,3241410609.0000,221137
20240802,600172,2.0500,2.0400,2.0700,2.0200,2.0200,11373200,23244782.0000,4623
20240802,600173,3.8700,3.8500,3.9100,3.8200,3.8500,2501200,9639574.0000,4225
20240802,600176,10.7700,10.6900,10.9100,10.5000,10.5500,18117350,193093802.0000,19315
20240802,600177,7.1400,7.1200,7.1900,7.0800,7.1500,11734505,83740081.0000,17165
20240802,600178,8.9200,8.9300,9.0800,8.8000,8.8000,14344900,128075005.0000,17409
20240802,600179,2.2700,2.2600,2.2800,2.2400,2.2600,13652795,30871487.0000,5840
20240802,600180,3.8600,3.8500,3.9000,3.8300,3.8400,4607901,17810979.0000,6350
20240802,600182,12.9500,12.9500,13.0300,12.8200,12.9400,833000,10788472.0000,913
20240802,600183,19.5700,19.2000,19.4900,18.8200,18.8700,24872349,474300861.0000,57945
20240802,600184,9.0400,8.9800,9.2200,8.9000,9.0400,5347500,48669588.0000,10984
20240802,600185,5.1700,5.1700,5.2200,5.1200,5.1800,16922800,87564881.0000,12075
20240802,600186,3.4300,3.4000,3.4500,3.3300,3.3400,30651801,103832172.0000,20211
20240802,600187,2.4800,2.4300,2.7200,2.4300,2.6500,288461326,743790206.0000,80034
20240802,600188,14.8400,14.7500,14.8500,14.6200,14.6800,14126530,207492817.0000,21877
20240802,600189,7.5700,7.5500,7.7000,7.4500,7.5400,10570900,79918224.0000,9075
20240802,600190,1.5300,1.5300,1.5400,1.5000,1.5200,19089147,28991627.0000,1862
20240802,600191,4.9800,4.9300,5.0000,4.9100,4.9200,2291500,11348337.0000,2635
20240802,600192,4.3200,4.2900,4.3400,4.2300,4.2400,5126479,21968250.0000,4958
20240802,600193,3.4900,3.4700,3.5200,3.3900,3.4100,2144600,7356152.0000,1323
20240802,600195,6.6000,6.5500,6.7600,6.5500,6.6500,11184459,74620797.0000,14656
20240802,600196,23.6000,23.6200,24.0900,23.5700,23.7800,11978877,286380856.0000,28027
20240802,600197,16.6600,16.5300,16.7700,16.5200,16.5300,2785300,46339075.0000,8431
20240802,600198,5.2300,5.1700,5.2800,5.1300,5.1300,6118110,31777784.0000,8992
20240802,600199,12.1900,12.1000,12.2900,12.0100,12.0100,10968500,133332009.0000,15331
20240802,600200,9.3400,9.2800,9.6300,9.1300,9.1700,29160021,272921994.0000,31635
20240802,600201,6.7500,6.7200,6.9300,6.6800,6.8300,15101100,103536671.0000,21610
20240802,600202,3.6800,3.6700,3.7300,3.6300,3.6500,4885810,17982975.0000,4744
20240802,600203,6.1400,6.0600,6.1400,6.0200,6.0500,20147201,122410010.0000,12778
20240802,600206,9.2300,9.1500,9.3000,9.0400,9.0600,7419828,68074996.0000,11217
20240802,600207,3.9800,3.9500,4.0000,3.8400,3.8500,21767651,85287447.0000,9684
20240802,600208,1.6800,1.7100,1.8200,1.7000,1.7400,161000275,280940077.0000,27678
20240802,600210,5.0400,5.0300,5.1300,4.9900,5.0200,18061563,91468171.0000,16218
20240802,600211,33.7200,33.4000,34.4700,33.4000,33.8200,2520701,85798363.0000,7623
20240802,600212,5.7600,5.7200,5.7900,5.6800,5.6800,4965000,28398519.0000,4543
20240802,600213,5.9800,5.9200,5.9500,5.7800,5.8400,4335000,25371749.0000,1645
20240802,600215,6.5200,6.4200,6.5500,6.3600,6.3900,8825150,56980103.0000,12799
20240802,600216,14.8100,15.0600,15.3900,14.6200,15.2100,80895745,1216201067.0000,84093
20240802,600217,4.6700,4.6400,4.6900,4.5600,4.5700,12839779,59183495.0000,12552
20240802,600218,7.0300,6.9900,7.0000,6.8000,6.8300,5450200,37633141.0000,7506
20240802,600219,3.6300,3.6000,3.6200,3.5600,3.5700,58982164,211189975.0000,34803
20240802,600221,1.0900,1.0800,1.1000,1.0800,1.0800,65507208,71275163.0000,5306
20240802,600222,4.3900,4.4300,4.6500,4.3900,4.6100,30849131,141408921.0000,26838
20240802,600223,6.3900,6.3700,6.4800,6.3400,6.3900,4888300,31375092.0000,8976
20240802,600225,1.7700,1.7700,1.8000,1.7300,1.7500,16356500,28816432.0000,9021
20240802,600226,2.0100,2.0100,2.0600,1.9900,2.0300,14955392,30367642.0000,5103
20240802,600227,1.4900,1.4800,1.5600,1.4500,1.5100,34870896,52937704.0000,8185
20240802,600228,4.8300,4.7700,4.8600,4.7300,4.7700,5346900,25646658.0000,9140
20240802,600229,6.5100,6.4500,6.5900,6.4500,6.4600,3482700,22724248.0000,7165
20240802,600230,10.1200,9.9800,10.2000,9.9800,10.0600,4867982,49145878.0000,4840
20240802,600231,1.3800,1.3700,1.3900,1.3600,1.3800,7915700,10918842.0000,1608
20240802,600232,4.4800,4.4400,4.5300,4.4100,4.4200,2663500,11920165.0000,3462
20240802,600233,14.0300,13.9800,14.1300,13.9100,13.9400,5073736,71065852.0000,14834
20240802,600234,2.7900,2.9300,2.9300,2.8600,2.9300,6502208,19003128.0000,907
20240802,600235,4.6600,4.6300,4.6700,4.6000,4.6100,4359100,20186667.0000,6100
20240802,600236,7.0200,6.9700,7.0100,6.8500,6.9200,12053423,83462995.0000,17776
20240802,600237,5.0600,5.0200,5.0800,4.9300,4.9500,8608100,43124418.0000,12598
20240802,600238,8.7100,8.7400,8.7900,8.5000,8.5500,4328100,37424251.0000,5219
20240802,600239,1.9400,1.9400,1.9600,1.9200,1.9200,14374100,27899638.0000,3445
20240802,600241,5.5000,5.4400,5.4900,5.3600,5.3700,1444900,7851435.0000,2564
20240802,600243,3.2900,3.2700,3.2700,3.1700,3.1900,20663400,66485853.0000,10526
20240802,600246,6.8500,6.7800,7.0400,6.7200,6.8600,24083551,165351414.0000,16189
20240802,600248,3.5800,3.5900,3.6200,3.5600,3.5800,8032300,28872371.0000,7104
20240802,600249,3.8700,3.8400,3.9300,3.8300,3.8900,4946950,19256470.0000,6415
20240802,600250,8.2200,8.1100,8.2800,8.0800,8.0800,16773900,137123526.0000,13560
20240802,600251,7.1900,7.1400,7.2400,7.1200,7.1600,3959603,28491880.0000,5269
20240802,600252,2.2400,2.2300,2.3000,2.2300,2.2700,39539138,89997997.0000,15546
20240802,600255,1.8300,1.8200,1.8300,1.7900,1.8000,13990500,25324694.0000,5443
20240802,600256,6.0500,6.0000,6.0500,5.9200,5.9400,31920560,190946231.0000,19638
20240802,600257,4.3400,4.3100,4.6500,4.2900,4.4500,33877050,151757581.0000,29734
20240802,600258,12.3100,12.2000,12.5900,12.1800,12.4100,11098175,138325609.0000,16763
20240802,600259,25.7700,25.6200,25.9000,25.5300,25.6000,1351000,34713713.0000,3265
20240802,600261,2.7500,2.7400,2.7600,2.7100,2.7200,3961000,10843087.0000,4289
20240802,600262,19.1500,19.0800,20.2700,18.4600,19.1200,20138521,388791863.0000,25978
20240802,600265,14.0400,13.9500,14.1100,13.7000,13.8700,576900,8049224.0000,891
20240802,600266,3.8900,3.8700,3.8900,3.7800,3.8200,58767614,225256115.0000,21562
20240802,600267,7.4600,7.4400,7.8200,7.4200,7.7600,22586962,173544264.0000,26944
20240802,600268,5.4100,5.3800,5.4600,5.3400,5.3600,9761053,52762320.0000,11015
20240802,600269,5.1900,5.1900,5.2100,5.1400,5.1700,11504952,59555590.0000,15482
20240802,600271,8.4100,8.3900,8.4200,8.1500,8.1800,24976882,207093240.0000,25178
20240802,600272,10.5500,10.3000,10.9500,10.1900,10.2600,26848010,284661999.0000,29715
20240802,600273,6.9100,7.2700,7.4300,7.1500,7.1800,46135134,336231053.0000,53489
20240802,600276,41.9500,41.8900,42.9800,41.8000,42.1700,25582033,1085719970.0000,57257
20240802,600278,5.7800,5.7900,5.7900,5.6600,5.6800,4797850,27467184.0000,7355
20240802,600279,3.7500,3.7500,3.7600,3.7200,3.7300,2092100,7818856.0000,2603
20240802,600280,2.3700,2.3700,2.6100,2.3400,2.6100,44180400,110580578.0000,9830
20240802,600281,2.6700,2.6700,2.7100,2.6100,2.6400,5020700,13392564.0000,2934
20240802,600282,4.5000,4.4900,4.5300,4.4600,4.4800,18827982,84725671.0000,23562
20240802,600283,11.8500,11.7900,11.8000,11.6400,11.6500,2008100,23539143.0000,2165
20240802,600284,5.7200,5.7200,5.7500,5.6600,5.7200,9193002,52522675.0000,14811
20240802,600285,21.2300,21.1300,21.4700,20.8700,20.9000,7411012,156234502.0000,21285
20240802,600287,2.8700,2.8600,2.8700,2.8000,2.8200,8944100,25395963.0000,1534
20240802,600288,6.7900,6.7500,6.8300,6.6400,6.6700,7486202,50479628.0000,14798
20240802,600289,1.2900,1.2800,1.3500,1.2800,1.3000,4026800,5306156.0000,539
20240802,600292,4.9600,4.9300,4.9900,4.8900,4.9000,3940100,19446339.0000,7200
20240802,600293,2.5000,2.4800,2.5200,2.4700,2.4900,4561402,11378039.0000,3911
20240802,600295,8.3100,8.2900,8.4000,8.1800,8.3200,5477195,45563353.0000,10827
20240802,600297,0.7800,0.7800,0.7800,0.7800,0.7800,0,0.0000,0
20240802,600298,29.4600,29.3700,29.9400,29.3300,29.4900,3763605,111587348.0000,9431
20240802,600299,11.2500,11.2100,11.3600,11.0900,11.1300,10034625,112529772.0000,21835
20240802,600300,2.4200,2.4100,2.4600,2.4000,2.4200,16408002,39904866.0000,6329
20240802,600301,17.2900,16.9000,17.3000,16.8100,17.0000,6714839,114558435.0000,16447
20240802,600302,3.6900,3.6700,3.7100,3.6200,3.6500,5167400,18921235.0000,4408
20240802,600303,2.7500,2.7000,2.7500,2.6500,2.6700,12585114,33955932.0000,2519
20240802,600305,7.2500,7.2200,7.3400,7.1900,7.2600,3203290,23312284.0000,6279
20240802,600307,1.2000,1.1900,1.2000,1.1800,1.1900,11419700,13606655.0000,1925
20240802,600308,3.2500,3.2200,3.2600,3.2200,3.2200,5939580,19236624.0000,6573
20240802,600309,74.2500,73.5000,74.3100,72.2000,74.0000,18532614,1358650060.0000,77318
20240802,600310,4.0200,4.0500,4.1300,3.9900,4.0500,28995280,117461873.0000,21380
20240802,600312,20.1100,19.8300,20.2800,19.7400,20.0100,14532929,290746094.0000,30811
20240802,600313,5.6000,5.5700,5.6900,5.5700,5.6200,9617912,54304240.0000,12102
20240802,600315,17.6500,17.6000,17.8800,17.5100,17.5800,4359507,77210604.0000,12068
20240802,600316,20.9500,20.4100,21.4900,19.9000,20.6900,48684062,1010586544.0000,72101
20240802,600318,6.4600,6.4700,6.4900,6.2900,6.3000,17687800,112965583.0000,12562
20240802,600319,3.2700,3.2500,3.2900,3.2200,3.2500,2174801,7090962.0000,2823
20240802,600320,3.9200,3.9000,3.9100,3.8100,3.8300,34518743,132931445.0000,26564
20240802,600322,1.3500,1.3400,1.4000,1.3200,1.3500,32078750,43443056.0000,5292
20240802,600323,21.4000,21.3000,21.9700,21.2200,21.6600,6770466,146670935.0000,19511
20240802,600325,5.8100,5.7700,5.8000,5.7100,5.7100,25646443,147338499.0000,14803
20240802,600326,4.3300,4.3000,4.3300,4.2300,4.2400,21840329,93396271.0000,9885
20240802,600327,3.3900,3.3900,3.4400,3.3600,3.4000,7150700,24417931.0000,8732
20240802,600328,7.5400,7.5100,7.5800,7.4600,7.4800,9721150,73164801.0000,15588
20240802,600329,33.1700,32.9800,34.1600,32.8800,33.2400,4450749,149596487.0000,12181
20240802,600330,6.5600,6.5000,6.5600,6.4400,6.4500,9181261,59646924.0000,13258
20240802,600331,5.7700,5.7300,5.7600,5.5200,5.5700,26389300,147966402.0000,17900
20240802,600332,29.0600,29.0000,29.8400,28.9000,29.4200,6410338,189144237.0000,21212
20240802,600333,3.7900,3.7900,3.8100,3.7500,3.7500,3034100,11461534.0000,4044
20240802,600335,6.4100,6.4500,6.6500,6.2600,6.3200,45104565,290628176.0000,45734
20240802,600336,5.3500,5.2800,5.5400,5.1200,5.1500,58074770,308132743.0000,35528
20240802,600337,1.5700,1.5800,1.6700,1.5600,1.6300,18974580,30794105.0000,5762
20240802,600338,9.2100,9.1700,9.2800,9.0900,9.1000,9463500,86876072.0000,10749
20240802,600339,3.2000,3.1900,3.2300,3.1700,3.1900,22633300,72429224.0000,18597
20240802,600340,1.0600,1.0600,1.0800,1.0500,1.0700,51228378,54717382.0000,5445
20240802,600343,8.7400,8.6100,9.1300,8.5300,8.7400,31446592,278396315.0000,32755
20240802,600345,17.1500,17.0000,17.2500,16.5300,16.6500,6363201,107274477.0000,12222
20240802,600346,13.8600,13.7900,13.9400,13.4500,13.5100,15498566,210838321.0000,20358
20240802,600348,7.0800,7.0100,7.1700,6.9600,7.0800,29111752,206518445.0000,27804
20240802,600350,8.7300,8.7400,8.9500,8.6900,8.8100,10392301,91695449.0000,16321
20240802,600351,5.7200,5.6900,5.8100,5.6600,5.7300,19261331,111015863.0000,16222
20240802,600352,8.8700,8.8800,8.9800,8.8200,8.8500,8962295,79797443.0000,10558
20240802,600353,5.8600,5.7800,5.8500,5.6400,5.6600,9256740,53038277.0000,8580
20240802,600354,4.7600,4.7400,4.8200,4.7300,4.7400,5696046,27194713.0000,7816
20240802,600355,3.1100,3.0800,3.1200,3.0200,3.0300,17935999,54874378.0000,7141
20240802,600356,6.1400,6.1300,6.1600,6.0500,6.0700,1781320,10874318.0000,2300
20240802,600358,2.5600,2.5300,2.6000,2.5100,2.5200,6828200,17429973.0000,4992
20240802,600359,5.7600,5.7100,5.8100,5.7000,5.7200,2484800,14300034.0000,4193
20240802,600360,4.0400,3.9600,3.9700,3.8400,3.8400,50665775,197090802.0000,16975
20240802,600361,4.1900,4.1500,4.2400,4.0900,4.1100,35130900,146060084.0000,31629
20240802,600362,21.3600,20.9000,20.9700,20.6800,20.7800,13801637,287478426.0000,27646
20240802,600363,27.8600,27.7000,27.9700,27.0400,27.0900,3634500,99903236.0000,8084
20240802,600365,2.3700,2.3700,2.4200,2.3500,2.3500,2067200,4927559.0000,502
20240802,600366,5.6000,5.6000,5.6700,5.5400,5.5700,8264800,46378389.0000,13949
20240802,600367,9.9400,9.8900,10.0400,9.7900,9.8400,3428500,34073390.0000,7318
20240802,600368,3.8000,3.7700,3.8400,3.7500,3.8200,22236610,84739077.0000,15664
20240802,600369,3.9500,3.9300,3.9700,3.8600,3.8700,39444267,154146771.0000,26584
20240802,600370,1.2700,1.2600,1.3000,1.2500,1.2700,9253575,11843394.0000,3132
20240802,600371,7.0900,7.0300,7.1700,7.0300,7.1000,2913130,20726618.0000,4932
20240802,600372,12.8500,12.7500,13.0900,12.6700,12.6800,52049012,669279042.0000,62116
20240802,600373,12.7200,12.6800,12.9600,12.5100,12.8100,7817426,100305482.0000,17627
20240802,600375,4.1000,4.0800,4.2000,4.0600,4.1800,4593004,19082219.0000,1199
20240802,600376,2.1200,2.1100,2.1500,2.0900,2.1100,8657800,18362435.0000,4680
20240802,600377,13.4900,13.3300,13.6000,13.2100,13.5900,7925913,106503127.0000,16769
20240802,600378,28.2100,28.0300,28.6000,27.8400,27.8800,1105900,31186225.0000,3623
20240802,600379,8.0800,8.0100,8.2000,8.0000,8.0200,2278360,18452786.0000,5012
20240802,600380,10.4700,10.4400,10.7000,10.3900,10.5600,13125435,139190297.0000,25563
20240802,600381,3.4700,3.5000,3.5800,3.3800,3.4800,27910545,97273376.0000,7932
20240802,600382,3.5800,3.5800,3.5900,3.5300,3.5400,1982769,7054627.0000,1733
20240802,600383,3.0600,3.0300,3.1000,3.0200,3.0400,89555532,273877043.0000,22854
20240802,600386,4.7000,4.9900,5.1700,4.6000,5.1700,167029478,844538667.0000,67605
20240802,600387,2.7700,2.7700,2.7700,2.7100,2.7100,1993800,5460806.0000,407
20240802,600388,11.5800,11.5200,11.6100,11.4800,11.5800,2998750,34697926.0000,7407
20240802,600389,12.6400,12.5700,12.8300,12.4200,12.5500,4141865,52385650.0000,10238
20240802,600390,4.2900,4.2700,4.3000,4.2100,4.2300,20664020,87884250.0000,15171
20240802,600391,16.2200,16.2200,16.7500,16.1000,16.2400,9340200,153320594.0000,22012
20240802,600392,8.2200,8.1800,8.4100,8.1200,8.2300,16068587,133044932.0000,17803
20240802,600395,5.5100,5.4900,5.5400,5.4600,5.4900,5850750,32217593.0000,5947
20240802,600396,2.6500,2.6300,2.6400,2.5200,2.5700,36971424,95457957.0000,18651
20240802,600397,1.8400,1.8800,1.8800,1.8300,1.8400,7561800,14043668.0000,4011
20240802,600398,6.3700,6.3200,6.4800,6.2500,6.4400,34583070,221652158.0000,43462
20240802,600399,5.6900,5.6600,5.8400,5.6100,5.6200,38922564,221848868.0000,27934
20240802,600400,2.1500,2.1400,2.1600,2.1200,2.1300,8318395,17811763.0000,4682
20240802,600403,2.4800,2.4600,2.5100,2.4600,2.4700,4273800,10621174.0000,4176
20240802,600405,3.5700,3.5400,3.5800,3.5100,3.5200,4003947,14185005.0000,4678
20240802,600406,23.8000,23.7900,24.0800,23.5200,23.6700,15673810,371908268.0000,32217
20240802,600408,1.5900,1.5800,1.6000,1.5600,1.5700,5248025,8300892.0000,2003
20240802,600409,5.6100,5.5800,5.7000,5.5600,5.6200,16452649,93050877.0000,20450
20240802,600410,3.9700,3.9700,3.9900,3.8900,3.8900,8908440,35111784.0000,11302
20240802,600415,7.6600,7.6300,7.7400,7.6100,7.6600,16005500,122820416.0000,18403
20240802,600416,10.4800,10.4800,10.6200,10.3600,10.4000,12232064,128172335.0000,16821
20240802,600418,19.8500,19.6900,19.9000,19.1600,19.2300,77951600,1514153529.0000,98137
20240802,600419,7.5700,7.5300,7.6900,7.5100,7.5700,2335026,17798509.0000,4377
20240802,600420,12.6500,12.5600,12.8700,12.4500,12.5300,22312719,282008731.0000,40364
20240802,600421,6.0100,6.0100,6.0200,5.8400,5.8500,1752801,10403566.0000,2418
20240802,600422,14.7300,14.5500,15.2600,14.5400,14.8900,12145040,182500586.0000,24480
20240802,600423,2.4300,2.4500,2.4700,2.3900,2.4000,10130994,24608259.0000,5880
20240802,600425,3.1300,3.1200,3.1500,3.1000,3.1300,5082850,15906929.0000,3866
20240802,600426,24.0300,23.8600,24.0300,23.4000,23.4700,12034089,283658196.0000,26608
20240802,600428,5.8200,5.7800,5.8400,5.7500,5.7600,12715720,73597321.0000,12268
20240802,600429,3.8500,3.8300,3.8900,3.8200,3.8500,4862501,18794211.0000,6520
20240802,600433,2.7800,2.7700,2.8000,2.7400,2.7600,7358946,20444343.0000,6924
20240802,600435,9.2500,9.2000,9.6300,9.1500,9.4200,37695167,356026640.0000,38044
20240802,600436,210.1000,209.0100,213.1600,208.0800,208.5000,1622877,341262307.0000,11416
20240802,600438,17.8900,17.8200,18.0100,17.7700,17.8500,14773810,264422149.0000,29006
20240802,600439,2.1500,2.1400,2.1700,2.1200,2.1400,8178540,17580381.0000,3564
20240802,600444,13.4100,13.1000,13.4400,12.6100,12.8600,12827286,166581100.0000,14512
20240802,600446,9.8800,9.8400,9.9100,9.6500,9.6700,7758400,75940506.0000,9114
20240802,600448,2.0100,2.0100,2.0400,1.9800,2.0000,9854900,19808516.0000,3214
20240802,600449,11.3400,11.2600,11.3100,11.0600,11.0900,3076563,34422850.0000,8394
20240802,600452,10.2700,10.2000,10.2900,10.0100,10.0600,11034997,111514259.0000,12430
20240802,600455,14.8400,14.7400,14.9400,14.5100,14.5600,811500,11957026.0000,2266
20240802,600456,24.7500,24.5500,24.9700,24.4600,24.6000,3278301,81090543.0000,8782
20240802,600458,9.7500,9.7600,9.7800,9.6100,9.6300,4432139,42889663.0000,11397
20240802,600459,13.3000,13.2000,13.2800,13.0800,13.1400,4187837,55187692.0000,9441
20240802,600460,23.2600,22.8500,24.1500,22.7600,23.2500,124783869,2922912315.0000,169362
20240802,600461,11.9800,11.9000,12.1200,11.7800,12.0800,12040274,144416003.0000,24030
20240802,600462,1.2700,1.2500,1.3200,1.2500,1.2700,24997947,31697904.0000,1424
20240802,600463,9.2000,9.2000,9.8000,9.1000,9.4300,10945414,103411300.0000,15866
20240802,600467,1.5200,1.5100,1.5400,1.5000,1.5100,15444700,23514233.0000,4448
20240802,600468,4.2300,4.1900,4.2400,4.1500,4.1600,8640153,36255214.0000,9212
20240802,600469,5.6600,5.6400,5.7000,5.5700,5.5900,4714550,26528028.0000,3639
20240802,600470,4.1000,4.0700,4.1400,4.0600,4.0800,4601402,18894696.0000,7142
20240802,600475,8.7600,8.7000,8.8000,8.6800,8.7000,3331787,29093446.0000,8622
20240802,600476,12.9800,12.8100,12.9500,12.4500,12.5000,6776408,85973967.0000,12635
20240802,600477,2.3600,2.3600,2.3800,2.3400,2.3400,11266732,26580776.0000,7546
20240802,600478,3.7300,3.7000,3.7500,3.6600,3.6700,10641300,39397319.0000,11549
20240802,600479,10.1400,10.0700,10.3400,10.0600,10.2000,4770157,48874851.0000,9501
20240802,600480,9.1300,9.1100,9.1700,8.8700,8.9100,12148894,109690733.0000,23289
20240802,600481,4.3300,4.2800,4.3700,4.2300,4.2400,19929100,85417861.0000,15829
20240802,600482,23.0900,23.1000,24.0900,23.0000,23.6300,21992232,521017156.0000,50647
20240802,600483,10.7000,10.6300,10.7300,10.5700,10.5900,7640535,81270694.0000,19364
20240802,600486,54.0100,54.0100,54.7900,53.1300,54.2500,927000,50312363.0000,4526
20240802,600487,15.7300,15.6000,15.7200,15.2800,15.4000,23607888,364934708.0000,24620
20240802,600488,3.6400,3.6300,3.8400,3.6000,3.6900,10336898,38572902.0000,11585
20240802,600489,16.2600,16.0700,16.3500,15.8300,16.2300,54475730,877057719.0000,55465
20240802,600490,2.3900,2.3600,2.4100,2.3300,2.3700,23964100,56943535.0000,11009
20240802,600491,2.7600,2.7600,2.7700,2.6700,2.6800,21547000,58483188.0000,12982
20240802,600493,4.3600,4.3300,4.4000,4.3000,4.3400,3913009,17053813.0000,2913
20240802,600495,3.3700,3.3300,3.4000,3.3100,3.3500,13671751,45787850.0000,8459
20240802,600496,2.4900,2.4900,2.5100,2.4700,2.4900,8158100,20339017.0000,6146
20240802,600497,5.4300,5.3800,5.4300,5.3500,5.3800,60686784,327309540.0000,41497
20240802,600498,15.6200,15.5200,15.6300,15.1600,15.1800,12411900,190509864.0000,19355
20240802,600499,7.1000,7.0700,7.1600,7.0000,7.0100,13917917,98547478.0000,18316
20240802,600500,3.8400,3.8100,3.8700,3.7900,3.8200,12332350,47326312.0000,12814
20240802,600501,20.9800,22.8900,23.0800,22.5000,23.0800,65690734,1509770153.0000,68779
20240802,600502,4.2000,4.1800,4.2200,4.1500,4.1800,15796803,66138734.0000,13220
20240802,600503,1.8000,1.7900,1.8200,1.7700,1.7800,12580910,22575692.0000,4210
20240802,600505,9.2600,9.1600,9.3200,9.1000,9.1200,9849500,90710893.0000,12941
20240802,600506,11.7400,11.7200,11.7800,11.5300,11.5700,3322800,38712102.0000,5963
20240802,600507,3.9800,3.9600,4.0000,3.9400,3.9600,7943089,31565924.0000,8045
20240802,600508,12.1500,12.0900,12.1800,11.9900,12.0700,2506400,30261345.0000,5650
20240802,600509,4.9900,4.9600,5.0200,4.9600,4.9600,7091800,35346023.0000,6770
20240802,600510,3.6800,3.6600,3.7400,3.6500,3.6600,5775347,21348171.0000,6530
20240802,600511,33.4000,33.3600,33.7600,32.9400,33.4500,4758214,159012632.0000,17110
20240802,600512,2.1700,2.1300,2.2600,2.1000,2.2100,65735639,143640443.0000,12864
20240802,600513,8.2200,8.1800,8.5800,8.1600,8.3800,11796100,99443915.0000,15166
20240802,600515,3.4000,3.3800,3.4300,3.3700,3.4000,21831549,74369882.0000,12076
20240802,600516,4.4700,4.4500,4.5200,4.4100,4.4500,18064175,80720422.0000,17606
20240802,600517,4.3000,4.2600,4.2900,4.2200,4.2300,11108407,47290682.0000,14504
20240802,600518,1.9500,1.9400,1.9700,1.8900,1.9000,185488055,357820451.0000,26099
20240802,600519,1386.1600,1373.6000,1396.9700,1373.6000,1385.4500,2192769,3041726372.0000,17679
20240802,600520,17.3700,17.0400,17.1900,16.5000,16.5500,18600400,313616011.0000,29904
20240802,600521,17.2600,17.1500,17.7500,17.0800,17.5200,14366130,252443143.0000,35318
20240802,600522,14.9900,14.8000,14.9000,14.5100,14.5700,39178711,574731809.0000,41020
20240802,600523,10.7500,10.6100,10.9100,10.5500,10.6300,7191853,77152385.0000,12107
20240802,600525,3.8400,3.8100,3.8300,3.7400,3.7600,5497200,20822056.0000,6653
20240802,600526,3.7400,3.7200,3.7600,3.6900,3.7000,4281107,15962616.0000,5399
20240802,600527,1.4200,1.4200,1.4300,1.4100,1.4100,7749920,10983168.0000,1808
20240802,600528,7.5300,7.5100,7.5700,7.4700,7.4900,9197700,69171469.0000,12570
20240802,600529,24.0100,23.8500,24.4600,23.8000,23.9100,5220995,125951370.0000,14928
20240802,600530,2.8400,3.0100,3.0200,2.8000,2.8300,36751786,107564533.0000,16010
20240802,600531,5.8900,5.7800,5.8300,5.7300,5.7800,23708566,137055605.0000,16163
20240802,600533,1.8500,1.8400,1.8800,1.8300,1.8400,7025502,13012550.0000,3330
20240802,600535,14.0800,14.0800,14.0800,14.0800,14.0800,0,0.0000,0
20240802,600536,31.3000,30.8700,31.6600,30.7300,30.8500,17679414,551473844.0000,34118
20240802,600537,2.4500,2.4400,2.4900,2.4200,2.4400,18222600,44886224.0000,10968
20240802,600538,3.3300,3.3200,3.4200,3.3000,3.3200,4154800,13954937.0000,3459
20240802,600539,3.8600,3.8200,3.9000,3.8100,3.8300,3026400,11670143.0000,3629
20240802,600540,3.4900,3.5000,3.5400,3.4800,3.4900,4614075,16169607.0000,6088
20240802,600543,4.1400,4.1200,4.1800,4.0700,4.0800,4553341,18790721.0000,3201
20240802,600545,1.4200,1.4000,1.5100,1.4000,1.4300,33119000,48169759.0000,9860
20240802,600546,12.6700,12.5800,12.6700,12.4700,12.4800,8683637,108841346.0000,9765
20240802,600547,29.4900,28.8800,30.4800,28.8800,30.3000,30803932,922136199.0000,48781
20240802,600548,10.8700,10.8100,11.0000,10.7000,10.9600,6668419,72490723.0000,12639
20240802,600549,16.9600,16.8200,17.0000,16.6700,16.7100,7381304,124114409.0000,16821
20240802,600550,4.9700,4.9300,4.9800,4.9000,4.9200,13462364,66424851.0000,12653
20240802,600551,7.5800,7.5100,7.6200,7.4800,7.5100,3051979,23035132.0000,8170
20240802,600552,9.5400,9.5000,9.8700,9.4400,9.5100,14972768,144370819.0000,13921
20240802,600556,3.7600,3.7200,3.8200,3.6600,3.6800,35906707,134340534.0000,24084
20240802,600557,14.2500,14.2000,14.6100,14.1100,14.2200,11319576,162899010.0000,22584
20240802,600558,3.6500,3.6200,3.6900,3.6100,3.6300,5647800,20615599.0000,5765
20240802,600559,17.2500,17.1500,17.4100,17.0800,17.0900,11214363,193226628.0000,23733
20240802,600560,12.8000,12.7500,12.9200,12.6100,12.6400,1905400,24284861.0000,3672
20240802,600561,5.2800,5.3300,5.8100,5.1300,5.8100,57984323,312941359.0000,31931
20240802,600562,14.0400,14.0300,14.2500,13.8500,13.8900,10301162,144716604.0000,23095
20240802,600563,85.1900,84.9700,86.1900,84.1000,84.4000,1202659,102304018.0000,6686
20240802,600565,0.8500,0.8500,0.8500,0.8500,0.8500,0,0.0000,0
20240802,600566,31.7000,31.6900,32.6300,31.4300,31.8400,7107965,229027411.0000,21937
20240802,600567,1.4500,1.4500,1.4700,1.4300,1.4500,25795770,37433037.0000,4335
20240802,600568,1.2800,1.2700,1.3100,1.2600,1.2800,2878300,3707906.0000,333
20240802,600569,1.4500,1.4400,1.4600,1.4400,1.4400,4981108,7207255.0000,1620
20240802,600570,18.1300,18.0700,18.2800,17.7900,17.8200,12062945,217338071.0000,19303
20240802,600571,9.7300,9.6200,9.8300,9.5200,9.5500,12810000,124037287.0000,12662
20240802,600572,4.3200,4.3000,4.4000,4.2800,4.3400,33158505,144758353.0000,23806
20240802,600573,9.3300,9.2500,9.4600,9.2400,9.3800,2517840,23664506.0000,4676
20240802,600575,3.5900,3.5900,3.5900,3.5200,3.5600,24240600,86168109.0000,26407
20240802,600576,4.0300,4.0000,4.1200,3.9900,4.0000,6304700,25536784.0000,7687
20240802,600577,4.5800,4.5600,4.5900,4.3900,4.4200,64916904,290444719.0000,52118
20240802,600578,3.3300,3.3200,3.3400,3.2900,3.3000,23401440,77508442.0000,20002
20240802,600579,5.7300,6.3000,6.3000,6.0100,6.0800,51781500,320762441.0000,43658
20240802,600580,12.3100,12.1500,12.7800,12.1200,12.4300,69104883,863606089.0000,83846
20240802,600581,2.6500,2.6400,2.6700,2.6100,2.6200,9379000,24737477.0000,3338
20240802,600582,5.7900,5.7600,5.8300,5.6900,5.7100,18824112,108204544.0000,25334
20240802,600583,5.5900,5.5500,5.5600,5.4500,5.4600,17742917,97521853.0000,16537
20240802,600584,33.9200,33.2500,33.4500,32.0800,32.2200,45946800,1500703965.0000,90885
20240802,600585,23.5700,23.5500,23.5500,23.0900,23.2000,14952134,347154000.0000,32851
20240802,600586,5.6900,5.6800,5.7300,5.6300,5.6500,6337005,36034376.0000,9351
20240802,600587,17.5200,17.4800,17.7300,17.0500,17.1100,5823380,101161224.0000,10374
20240802,600588,9.4500,9.3800,9.5300,9.2000,9.2600,17522777,164400486.0000,25728
20240802,600589,2.7800,2.7700,2.8300,2.7100,2.7200,10357211,28622868.0000,4346
20240802,600590,3.7100,3.7000,3.7400,3.6200,3.6400,7976897,29331184.0000,7662
20240802,600592,9.2300,9.1500,9.2900,8.9800,9.0300,13756201,125499522.0000,15640
20240802,600593,17.6200,17.5100,17.9000,17.4100,17.5600,3185500,56367077.0000,7213
20240802,600594,3.1300,3.1100,3.2500,3.1000,3.1900,14759600,47290163.0000,9810
20240802,600595,2.4400,2.4200,2.4600,2.3800,2.4100,36451781,88229263.0000,15058
20240802,600596,7.8300,7.7100,7.9000,7.6900,7.7300,9047089,70645814.0000,16151
20240802,600597,8.1600,8.1200,8.2100,8.1200,8.1600,5493200,44916256.0000,8879
20240802,600598,13.0200,13.0200,13.2200,12.9800,13.1300,12324157,162075381.0000,22469
20240802,600599,8.5200,8.4500,8.5600,8.3200,8.3900,681200,5737314.0000,574
20240802,600600,67.2000,66.9800,67.6000,66.6100,66.6700,3207234,214953336.0000,12179
20240802,600601,3.0200,3.0000,3.0000,2.8800,2.8900,131355007,384945949.0000,42573
20240802,600602,10.9400,10.8300,10.9700,10.6000,10.6300,13249500,142672453.0000,23685
20240802,600603,5.1600,5.1200,5.1700,5.0900,5.1200,10716200,54877421.0000,7950
20240802,600604,4.0200,4.0200,4.0300,3.9100,3.9300,19430255,77107007.0000,12680
20240802,600605,27.9700,28.0000,28.0000,27.0800,27.2000,1838000,50524981.0000,3131
20240802,600606,1.4200,1.4200,1.4400,1.4100,1.4100,40724540,57989786.0000,8214
20240802,600608,2.4000,2.4000,2.5200,2.4000,2.5200,7082066,17650159.0000,1377
20240802,600609,4.3500,4.2100,4.2400,4.0700,4.0700,40925240,169354863.0000,28461
20240802,600610,4.0100,4.0200,4.0700,3.9400,3.9600,10791800,43256922.0000,13218
20240802,600611,10.0000,9.8400,10.9000,9.5600,10.2000,534014618,5414244632.0000,489801
20240802,600612,50.5300,50.2000,50.4500,49.7300,50.1200,1618000,81016695.0000,8411
20240802,600613,5.5700,5.5500,5.7800,5.5200,5.6400,7445199,42395385.0000,9910
20240802,600615,9.5500,9.5200,10.5100,9.4300,10.5100,5203601,53329909.0000,3712
20240802,600616,4.7800,4.7400,4.8300,4.7100,4.7500,2674300,12783058.0000,4215
20240802,600617,2.4600,2.4600,2.4600,2.4100,2.4200,9841760,24011826.0000,5713
20240802,600618,8.9100,8.8500,9.0500,8.8400,8.9100,4503400,40298540.0000,11012
20240802,600619,5.6400,5.5800,5.6600,5.5500,5.5800,11368751,63527214.0000,12409
20240802,600620,5.0300,4.9900,5.0100,4.8600,4.9000,11875400,58518306.0000,15151
20240802,600621,14.0000,13.8700,14.2100,13.5500,13.6300,56849772,787332985.0000,55777
20240802,600622,1.8900,1.8600,1.9300,1.8600,1.8700,15822986,29983561.0000,4921
20240802,600623,6.3100,6.2800,6.3300,6.2000,6.2200,8545112,53498889.0000,13215
20240802,600624,4.0900,4.0400,4.5000,4.0300,4.1900,63225928,272255734.0000,35649
20240802,600626,3.2500,3.1800,3.2200,3.1000,3.1100,34806929,109163553.0000,15353
20240802,600628,6.0100,6.0000,6.0800,5.9800,6.0200,3607800,21775678.0000,6804
20240802,600629,4.4400,4.4100,4.4800,4.3900,4.4400,12154129,54049278.0000,11493
20240802,600630,8.1500,8.1100,8.2100,7.9800,8.0100,17586557,142493995.0000,20674
20240802,600633,8.6600,8.6800,8.7200,8.4000,8.4700,7301300,62519806.0000,7918
20240802,600635,3.6100,3.5200,3.7400,3.4100,3.5600,233425877,828179911.0000,77997
20240802,600636,7.9600,7.8500,8.1000,7.8100,7.8100,9848811,78459891.0000,7466
20240802,600637,6.3100,6.3000,6.3700,6.2700,6.2900,15572073,98459576.0000,12371
20240802,600638,4.2700,4.1800,4.2200,4.0400,4.1100,31809474,131383900.0000,15663
20240802,600639,10.0200,9.9700,10.1600,9.9300,10.0000,4707991,47242915.0000,6245
20240802,600640,10.4400,10.3700,10.5000,10.2400,10.2700,3919348,40680914.0000,7383
20240802,600641,11.2300,11.1900,11.4400,11.0300,11.0700,9324615,104517938.0000,15784
20240802,600642,8.2300,8.1700,8.3100,8.1100,8.1800,17574097,143757801.0000,21017
20240802,600643,4.1400,4.1300,4.1500,4.0600,4.0700,6859729,28108882.0000,10751
20240802,600644,5.8700,5.8200,5.8700,5.7700,5.7700,5349001,31131449.0000,6265
20240802,600645,16.7200,16.7100,17.3300,16.6300,17.0000,7239213,123719439.0000,12693
20240802,600648,9.0900,9.0500,9.1500,9.0100,9.0900,3181700,28911823.0000,5712
20240802,600649,3.4700,3.4400,3.5100,3.4200,3.4300,21830291,75233325.0000,15869
20240802,600650,13.7500,13.6000,14.6000,12.8500,13.8500,65407755,892643284.0000,79996
20240802,600651,3.0100,3.0100,3.0400,2.9300,2.9500,18092700,53863735.0000,12040
20240802,600653,1.3900,1.3800,1.3800,1.3400,1.3500,35953465,48790413.0000,6768
20240802,600654,2.4400,2.4300,2.4500,2.3800,2.4100,13679150,33054151.0000,4561
20240802,600655,5.3700,5.3600,5.4200,5.3500,5.3800,7057204,38036328.0000,8721
20240802,600657,2.9000,2.8900,2.9500,2.8700,2.8900,11336200,32993632.0000,7861
20240802,600658,3.2900,3.2600,3.3200,3.2500,3.2500,5564400,18250331.0000,8625
20240802,600660,43.1500,42.7500,43.6500,42.3200,43.3500,20419352,880450623.0000,75546
20240802,600661,10.0100,9.9000,10.2100,9.6400,9.7000,12784400,127179865.0000,14940
20240802,600662,4.4800,4.4300,4.5700,4.4200,4.5000,21069420,94725222.0000,14630
20240802,600663,8.6400,8.5900,8.7600,8.5400,8.6300,7305440,63311692.0000,15940
20240802,600664,3.1700,3.1600,3.3000,3.1400,3.2400,67778515,219224271.0000,48887
20240802,600665,2.3000,2.2800,2.3500,2.2700,2.3000,12140500,28067045.0000,7287
20240802,600666,1.3000,1.2800,1.3000,1.2800,1.2800,10369032,13369198.0000,792
20240802,600667,5.7100,5.6700,5.7300,5.5500,5.5600,21505137,121302649.0000,22132
20240802,600668,8.7800,8.7400,8.7400,8.4300,8.5500,16475654,141232059.0000,16382
20240802,600671,6.5200,6.4800,6.6500,6.4600,6.6100,373600,2463395.0000,469
20240802,600673,6.5800,6.5400,6.7100,6.4900,6.6000,11965848,79322793.0000,20162
20240802,600674,19.1100,19.1100,19.2600,18.9000,19.0800,11572418,220815568.0000,24215
20240802,600675,2.6400,2.6200,2.6900,2.6100,2.6400,14952140,39650514.0000,6844
20240802,600676,4.5300,4.3500,4.4800,4.1300,4.1900,93393200,398334091.0000,43415
20240802,600678,5.5000,5.4000,5.6300,5.3200,5.3300,26677809,145386553.0000,16057
20240802,600679,10.0700,9.8200,9.8900,9.4500,9.5000,15910428,153729785.0000,15870
20240802,600681,3.4300,3.4300,3.4400,3.3800,3.3900,3449100,11766219.0000,3222
20240802,600682,5.1400,5.0800,5.2700,5.0800,5.1700,13500400,70269186.0000,16537
20240802,600683,3.7600,3.7700,3.8500,3.7400,3.7500,9875420,37453766.0000,8525
20240802,600684,3.0700,3.0700,3.3800,3.0100,3.2000,131771016,426704563.0000,41925
20240802,600685,29.6600,29.3900,29.7800,29.0900,29.3700,11416917,335606228.0000,24937
20240802,600686,16.7100,16.3900,18.3800,16.1900,18.1000,216943747,3792421339.0000,231613
20240802,600688,2.7300,2.7300,2.7600,2.7100,2.7300,17849000,48800194.0000,12277
20240802,600689,7.7400,7.7700,7.9800,7.3800,7.4000,14136500,108559887.0000,11788
20240802,600690,26.8000,26.5500,27.1200,26.2000,26.4000,36285715,963012398.0000,74821
20240802,600691,1.5800,1.5600,1.6100,1.5500,1.5700,15069023,23926946.0000,7036
20240802,600692,7.6600,7.2000,7.4100,6.8900,6.8900,83998478,586258081.0000,49120
20240802,600693,2.9400,2.9200,2.9500,2.9200,2.9300,4033458,11847343.0000,3867
20240802,600694,15.9100,15.8300,16.0300,15.8000,15.8700,1984150,31607992.0000,6220
20240802,600696,6.8600,6.8900,7.3700,6.8700,6.9700,14447873,102320639.0000,21243
20240802,600697,10.0200,10.0400,10.1200,9.9600,9.9900,1602800,16084363.0000,3476
20240802,600698,3.5100,3.5600,3.5600,3.4500,3.4600,6426821,22489343.0000,5628
20240802,600699,15.3300,15.1700,15.3500,14.8000,14.8400,16041936,241804354.0000,23140
20240802,600702,54.0200,53.5600,55.2400,53.5100,54.0900,5396736,294242847.0000,19050
20240802,600703,11.9600,11.8000,11.9700,11.7100,11.7200,24247856,286808987.0000,34214
20240802,600704,4.3300,4.3100,4.3600,4.3000,4.3100,25105042,108743278.0000,19519
20240802,600705,2.4000,2.3900,2.4000,2.3300,2.3400,40518536,95942496.0000,13177
20240802,600706,9.1300,9.0600,9.3000,9.0400,9.1400,5590000,51407237.0000,10264
20240802,600707,6.4500,6.4100,6.4700,6.2000,6.2000,18843030,119111086.0000,25118
20240802,600708,1.8500,1.8400,1.8700,1.8200,1.8300,18811169,34714807.0000,4287
20240802,600710,8.0000,7.9900,8.0700,7.9200,7.9500,5030221,40193020.0000,10750
20240802,600711,4.5200,4.2900,4.2900,4.2900,4.2900,2098700,9003423.0000,718
20240802,600712,3.4500,3.4300,3.5600,3.4200,3.5300,17061600,59867306.0000,8939
20240802,600713,4.3600,4.3500,4.4200,4.3300,4.3700,7849191,34393282.0000,9447
20240802,600714,7.3900,7.3500,7.4700,7.2700,7.3400,3034900,22479203.0000,5923
20240802,600715,1.5400,1.5500,1.6200,1.5500,1.6100,35865229,57709277.0000,3937
20240802,600716,2.6700,2.6600,2.7100,2.6300,2.6500,5514900,14743660.0000,3747
20240802,600717,4.8800,4.8800,4.8800,4.7700,4.8000,32290577,155610365.0000,26560
20240802,600718,8.2600,8.1800,8.3800,8.1500,8.1900,14057709,116348434.0000,20331
20240802,600719,7.8500,7.6800,7.7300,7.5000,7.5200,27619200,209902645.0000,26906
20240802,600720,9.1600,9.1800,9.3300,9.0700,9.1700,9554848,88255007.0000,13751
20240802,600721,6.5100,6.5200,7.1600,6.5000,7.1600,51558471,360824611.0000,34989
20240802,600722,3.8000,3.7800,3.8700,3.7600,3.7800,4270100,16316951.0000,4789
20240802,600724,3.6600,3.6700,3.7000,3.6400,3.6500,3692400,13535174.0000,4068
20240802,600725,3.1200,3.1100,3.1300,3.0700,3.0800,6819460,21144314.0000,3426
20240802,600726,2.1700,2.1500,2.1600,2.1100,2.1100,17855460,37937524.0000,5378
20240802,600727,7.1300,7.0900,7.1900,7.0300,7.0500,20815100,148094289.0000,22230
20240802,600728,3.9300,3.9000,3.9500,3.8600,3.8700,15885800,62014705.0000,15668
20240802,600729,18.6900,18.5300,18.8500,18.5000,18.7100,2449659,45806683.0000,5374
20240802,600730,4.3100,4.2700,4.4400,4.2400,4.3000,13125100,57162389.0000,10619
20240802,600731,4.4200,4.4200,4.4600,4.3800,4.4100,2040737,9037948.0000,2600
20240802,600732,9.1500,9.1200,9.3600,8.9300,8.9600,32956800,300220674.0000,33723
20240802,600733,9.5800,9.5200,9.8700,9.4800,9.7500,380873610,3692159748.0000,209444
20240802,600734,2.7600,2.7300,2.8700,2.7300,2.8400,37173747,105008147.0000,9217
20240802,600735,3.8100,3.7800,3.8200,3.7500,3.7600,2957037,11194450.0000,2592
20240802,600736,4.2600,4.2500,4.5000,4.2300,4.3200,21348021,92954157.0000,20287
20240802,600737,8.6600,8.5400,8.6800,8.5300,8.5800,19226342,165439920.0000,20359
20240802,600738,3.7600,3.7300,3.7600,3.7000,3.7200,4682200,17445718.0000,3479
20240802,600739,8.4700,8.4400,8.5200,8.4100,8.4300,9020487,76319745.0000,13758
20240802,600740,3.6000,3.5700,3.6600,3.5700,3.6100,9358970,33899061.0000,9521
20240802,600741,15.2800,15.1900,15.3500,15.1600,15.3000,7293112,111439518.0000,21093
20240802,600742,7.9500,7.8800,8.1100,7.8400,7.9900,12054604,96506729.0000,15644
20240802,600743,1.1900,1.1800,1.2200,1.1800,1.1900,21971190,26274983.0000,1769
20240802,600744,3.1000,3.0900,3.1000,3.0500,3.0600,20182948,62071445.0000,7722
20240802,600745,30.1300,29.6700,30.0300,28.9300,29.0000,18907875,555525088.0000,39745
20240802,600746,6.2800,6.2800,6.3400,6.2300,6.2400,2642110,16605631.0000,5367
20240802,600748,2.6500,2.6300,2.6700,2.6000,2.6000,8572583,22525061.0000,5069
20240802,600749,11.0500,10.8800,11.1700,10.8600,10.9800,6088450,67186615.0000,6539
20240802,600750,22.4400,22.3800,22.9200,22.2000,22.3400,4120044,92848534.0000,13621
20240802,600751,2.1700,2.1500,2.1800,2.1400,2.1500,15407985,33300773.0000,7729
20240802,600753,4.9200,4.9500,5.4100,4.9400,5.4100,4057100,21596402.0000,1919
20240802,600754,23.4400,23.2900,24.3500,23.2100,23.5600,11432991,272029390.0000,24805
20240802,600755,6.4000,6.3700,6.4800,6.3500,6.3800,12136970,77848611.0000,12046
20240802,600756,10.8300,10.7200,10.9500,10.7000,10.7500,5996248,64833682.0000,6140
20240802,600757,8.1600,8.1000,8.2100,8.0100,8.0400,9956658,80694788.0000,14630
20240802,600758,2.9100,2.9100,2.9200,2.8600,2.8800,6837280,19791522.0000,6648
20240802,600759,2.4800,2.4600,2.4800,2.4300,2.4500,10178520,24973027.0000,1954
20240802,600760,42.9300,42.5700,43.9400,42.4600,42.7100,10090438,434129530.0000,25551
20240802,600761,17.8600,17.7500,17.7500,17.1700,17.2000,12706629,221053083.0000,30538
20240802,600763,45.3100,45.1000,47.0000,45.1000,45.9500,14041234,650587989.0000,48444
20240802,600764,20.5700,20.0000,21.0200,19.9200,20.6000,10418697,213862294.0000,23445
20240802,600765,19.7200,19.5000,20.1600,19.4000,19.4100,19045980,375980878.0000,44462
20240802,600768,6.8700,6.8100,6.9300,6.7100,6.7900,1542610,10495658.0000,2643
20240802,600769,6.3000,6.3100,6.6500,6.2300,6.4600,8524508,55223695.0000,8521
20240802,600770,2.5200,2.5200,2.7700,2.4900,2.7700,17285499,46119845.0000,6403
20240802,600771,18.4500,18.3000,18.9300,18.3000,18.4200,5523957,102989917.0000,13095
20240802,600773,11.6900,11.6300,11.7500,11.5000,11.5200,3254500,37768729.0000,6291
20240802,600774,7.3200,7.2900,7.4800,7.2500,7.2900,6919260,51080030.0000,9924
20240802,600775,8.2400,8.1600,8.3000,8.0700,8.0900,21264250,173544778.0000,26055
20240802,600776,9.5200,9.4800,9.5400,9.3300,9.3400,6624449,62461088.0000,14231
20240802,600777,1.7900,1.7800,1.7900,1.7700,1.7800,26078804,46461586.0000,1802
20240802,600778,3.8500,3.8100,3.8700,3.8100,3.8500,2551420,9811441.0000,2230
20240802,600779,35.9900,35.8800,36.2200,35.6600,35.7000,2976165,106978217.0000,8115
20240802,600780,5.2600,5.2100,5.2700,5.1600,5.1700,4855836,25351375.0000,6278
20240802,600782,3.3000,3.2800,3.3200,3.2700,3.2900,13377113,44149385.0000,9330
20240802,600783,9.6500,9.5600,9.7000,9.4800,9.5000,1779700,17066998.0000,3400
20240802,600784,4.7900,4.7500,4.8400,4.7300,4.7500,2786100,13322663.0000,5694
20240802,600785,10.2800,10.2600,10.4100,10.1700,10.3600,10149900,105096305.0000,14716
20240802,600787,4.9500,4.9100,4.9800,4.9000,4.9200,9714528,47991376.0000,11792
20240802,600789,7.2400,7.2300,7.9600,7.2000,7.9600,151682974,1170208666.0000,99919
20240802,600790,3.3300,3.3200,3.3400,3.3000,3.3200,3280900,10899960.0000,3070
20240802,600791,3.3500,3.3500,3.3900,3.3200,3.3600,5502900,18446058.0000,4632
20240802,600792,3.1500,3.1200,3.1800,3.1100,3.1300,6002000,18903171.0000,4866
20240802,600793,9.0300,8.9600,9.5000,8.9600,9.1100,2222420,20380256.0000,2415
20240802,600794,3.1500,3.1400,3.1500,3.0900,3.1000,6913400,21585618.0000,7422
20240802,600795,5.5400,5.5400,5.6100,5.4900,5.5600,102432877,568479445.0000,56827
20240802,600796,4.3600,4.3300,4.4000,4.3000,4.3300,3012101,13107482.0000,4325
20240802,600797,4.7900,4.7700,4.8300,4.6800,4.7000,7493200,35642999.0000,10266
20240802,600798,2.8200,2.8200,2.8300,2.7900,2.8000,3420900,9629850.0000,2734
20240802,600800,2.0700,2.0700,2.0900,2.0400,2.0500,4693829,9699900.0000,2847
20240802,600801,14.3700,14.3200,14.5000,14.2100,14.2400,4291440,61550314.0000,8143
20240802,600802,2.8400,2.8100,2.8600,2.8100,2.8300,3688900,10470076.0000,4026
20240802,600803,18.3300,18.1500,18.4200,18.0700,18.3400,4834000,88251258.0000,14973
20240802,600804,1.3300,1.3300,1.3800,1.3100,1.3800,35533600,47982227.0000,3226
20240802,600805,3.7700,3.7300,3.8100,3.7200,3.7400,6381400,24073915.0000,7132
20240802,600807,2.7700,2.7600,2.8100,2.7400,2.7900,6133502,17115634.0000,3260
20240802,600808,2.0200,2.0100,2.0400,2.0000,2.0200,24962847,50497163.0000,9298
20240802,600809,178.2300,177.0000,179.9900,176.0300,177.0000,3543914,629652559.0000,20922
20240802,600810,6.0300,6.0200,6.1300,5.9600,6.0200,4707021,28538467.0000,7132
20240802,600811,1.1100,1.0900,1.2200,1.0700,1.2200,452744760,530042897.0000,48592
20240802,600812,4.8000,4.8000,5.0000,4.7800,4.8800,17805100,87241803.0000,19484
20240802,600814,6.0200,5.9600,6.0500,5.9600,6.0000,3263400,19639864.0000,5536
20240802,600815,1.9600,1.9700,2.0000,1.9500,1.9600,5708500,11262137.0000,2797
20240802,600816,2.7300,2.7200,2.7400,2.6600,2.6600,23959060,64619968.0000,10483
20240802,600817,10.6900,10.5600,10.5600,9.9100,9.9800,21094300,214932199.0000,19499
20240802,600818,12.8400,12.7400,13.4800,12.6400,12.9600,15615500,204959050.0000,29093
20240802,600819,4.6900,4.6100,4.7400,4.6100,4.6200,20989800,97483047.0000,19815
20240802,600820,6.9800,6.9800,7.0800,6.9300,7.0400,27690086,194939989.0000,28653
20240802,600821,5.0800,5.0600,5.1100,5.0500,5.0900,5758700,29287599.0000,5108
20240802,600822,8.7800,8.6800,8.8000,8.5000,8.5500,12940529,111018236.0000,10121
20240802,600824,3.1600,3.1400,3.1700,3.1100,3.1200,6002940,18847253.0000,5641
20240802,600825,3.9800,3.9500,4.0300,3.9200,3.9600,10274669,40951170.0000,9926
20240802,600826,5.5000,5.5100,5.5500,5.4000,5.4300,2982940,16367545.0000,4760
20240802,600827,7.8900,7.8800,7.9900,7.8500,7.8600,6481800,51312973.0000,9375
20240802,600828,2.4100,2.4000,2.4400,2.3900,2.4100,6317929,15291674.0000,6277
20240802,600829,5.7900,5.7900,5.9200,5.7400,5.8100,3948213,23104899.0000,7909
20240802,600830,8.6100,8.5100,8.5200,8.1400,8.1900,34082410,282115621.0000,29298
20240802,600831,2.1300,2.1100,2.1900,2.0600,2.0700,43906740,93179792.0000,6395
20240802,600833,11.3300,11.3100,11.5500,11.2800,11.4000,3692000,42274550.0000,4250
20240802,600834,8.5100,8.5500,8.5900,8.1000,8.1400,36281240,299025779.0000,36011
20240802,600835,11.5000,11.4100,11.7200,11.3300,11.5800,13183001,152213650.0000,21328
20240802,600837,9.0000,8.9400,8.9900,8.6100,8.6300,50964974,445356615.0000,39310
20240802,600838,6.1400,6.1200,6.1600,5.9700,6.0000,10610662,64148443.0000,6026
20240802,600839,4.5000,4.5000,4.5800,4.4500,4.4500,87352502,394339382.0000,43308
20240802,600841,5.1300,4.9700,5.1000,4.7200,4.7300,56108215,272559732.0000,37251
20240802,600843,8.3200,8.1000,9.1000,8.0300,8.4100,128678297,1113921382.0000,116197
20240802,600844,2.7000,2.7200,2.7900,2.6500,2.6600,16766900,45380094.0000,5333
20240802,600845,30.8600,30.5800,30.8700,30.1200,30.7700,7786009,238377042.0000,19883
20240802,600846,7.3200,7.3000,7.4700,7.2300,7.2600,7986561,58732043.0000,7845
20240802,600847,6.9700,6.9900,6.9900,6.8700,6.8800,5701700,39452500.0000,4827
20240802,600848,9.4400,9.4100,9.5900,9.3600,9.4900,4514559,42964835.0000,9693
20240802,600850,17.7600,17.6600,18.0500,17.3600,17.4100,5457050,96454215.0000,9284
20240802,600851,5.3200,5.4000,5.8300,5.1500,5.4600,24858027,136785937.0000,28171
20240802,600853,3.2300,3.2100,3.2300,3.1600,3.1600,10301700,32906735.0000,4983
20240802,600854,3.9100,3.8800,3.9200,3.8400,3.8400,7401210,28774887.0000,8527
20240802,600855,11.6100,12.5000,12.7700,11.4500,12.0500,90967292,1121601738.0000,92155
20240802,600857,5.5900,5.5700,5.6300,5.5100,5.5200,1816200,10118254.0000,2543
20240802,600858,4.0200,4.0100,4.0700,3.9800,4.0400,3896600,15737342.0000,5980
20240802,600859,14.4300,14.2800,15.1000,14.2800,14.8200,60135164,893195403.0000,77733
20240802,600860,8.5300,8.4400,8.5300,8.3400,8.3700,4161888,35105575.0000,8092
20240802,600861,15.3400,15.2500,15.7200,15.2300,15.5700,3587273,55445522.0000,8951
20240802,600862,20.0600,19.8400,20.3400,19.6500,19.7200,12541995,250223719.0000,25595
20240802,600863,4.2600,4.2300,4.2500,4.2000,4.2200,41382511,174610796.0000,22052
20240802,600864,5.2200,5.2500,5.2700,5.0800,5.1000,26739316,137827905.0000,20264
20240802,600865,6.7900,6.7800,6.8800,6.7300,6.8000,921700,6293978.0000,2376
20240802,600866,5.5800,5.5400,5.8400,5.5300,5.6300,55915000,318746870.0000,40298
20240802,600867,8.0700,8.0500,8.2600,8.0300,8.0800,15599924,127161920.0000,17757
20240802,600868,1.7600,1.7600,1.7800,1.7400,1.7400,18774486,33017837.0000,4628
20240802,600869,3.5800,3.6000,3.6900,3.5000,3.5300,57063100,204447057.0000,30058
20240802,600871,1.8500,1.8400,1.8800,1.8300,1.8500,59722655,111054620.0000,14434
20240802,600872,18.9800,18.7800,19.2600,18.7300,18.8300,9291571,176593747.0000,23264
20240802,600873,10.2200,10.1400,10.3900,10.1100,10.2000,15387450,158164466.0000,26650
20240802,600874,5.7800,5.7700,5.7800,5.7000,5.7100,7270501,41772902.0000,12761
20240802,600875,16.1700,16.0600,16.0600,15.7400,15.7700,15409283,244036793.0000,28780
20240802,600876,8.9400,8.9000,9.0500,8.8600,8.9400,2243501,20106165.0000,3919
20240802,600877,11.6000,11.4900,11.6500,11.2600,11.2900,14304710,163775795.0000,20677
20240802,600879,8.2100,8.1500,8.3500,8.0400,8.1000,96671500,788950850.0000,75228
20240802,600880,3.6700,3.6400,3.7200,3.6100,3.6200,8002500,29353036.0000,7459
20240802,600881,1.0600,1.0400,1.1000,1.0300,1.0800,117417451,125601540.0000,9059
20240802,600882,13.5700,13.4800,13.8500,13.4500,13.5900,4333900,59338713.0000,11473
20240802,600883,5.7500,5.7100,5.7900,5.6600,5.6800,2327000,13287969.0000,3487
20240802,600884,7.6200,7.6100,7.6900,7.5400,7.5500,8009534,61014210.0000,12713
20240802,600885,26.4800,26.3100,26.8200,26.2000,26.2000,3303801,87350718.0000,10838
20240802,600886,17.2300,17.3000,17.3300,17.0000,17.1800,16829869,288573518.0000,28562
20240802,600887,24.5000,24.3400,24.5400,24.3100,24.4400,29161078,712247928.0000,47944
20240802,600888,6.7700,6.7200,6.7600,6.6600,6.6800,7905289,53120539.0000,8568
20240802,600889,4.9400,4.9600,5.1900,4.9200,5.0000,27454700,138922076.0000,18578
20240802,600892,3.6700,3.6300,3.7100,3.6000,3.6100,3932600,14382981.0000,5305
20240802,600893,39.6900,39.4000,40.2300,39.2600,39.2600,12672066,501472346.0000,33995
20240802,600894,10.2900,10.1400,10.2800,9.8200,9.8800,6634500,66014556.0000,18799
20240802,600895,19.5700,19.2900,19.5300,19.0300,19.0400,31310081,603000386.0000,46583
20240802,600897,13.2400,13.2000,13.3400,13.1400,13.1900,1862197,24667871.0000,5093
20240802,600898,1.1700,1.1700,1.2200,1.1600,1.1900,4931696,5891706.0000,699
20240802,600900,30.1200,30.0000,30.3200,29.8000,30.2400,57775048,1740593156.0000,78701
20240802,600901,5.0700,5.0500,5.0600,4.9900,4.9900,31824848,159566514.0000,25753
20240802,600903,6.3600,6.3500,6.3800,6.3000,6.3000,3024440,19169682.0000,5617
20240802,600905,4.8300,4.8300,4.8600,4.8000,4.8200,84865295,409403826.0000,41384
20240802,600906,6.1200,6.1000,6.1500,5.9500,5.9900,23763500,143707564.0000,20026
20240802,600908,5.2400,5.2000,5.2700,5.1800,5.2300,10769600,56266561.0000,10193
20240802,600909,4.6800,4.6900,4.7100,4.5800,4.6100,29059250,135043336.0000,24602
20240802,600916,8.8300,8.7800,8.8500,8.7400,8.8100,13343613,117287151.0000,15923
20240802,600917,5.5700,5.5600,5.5900,5.5000,5.5800,2263600,12562267.0000,4679
20240802,600918,5.9800,5.9700,6.0100,5.8900,5.9100,16393200,97467368.0000,14649
20240802,600919,7.7200,7.6800,7.7400,7.6700,7.6900,68974432,530957608.0000,39331
20240802,600925,4.9100,4.9000,4.9600,4.8600,4.9200,6690431,32979136.0000,8691
20240802,600926,13.4300,13.3600,13.4800,13.2900,13.3600,17273685,231139670.0000,25819
20240802,600927,11.6600,11.6200,11.7000,11.3600,11.3800,5253500,60588799.0000,10674
20240802,600928,3.2400,3.2300,3.2700,3.2200,3.2400,12363934,40163564.0000,10287
20240802,600929,5.3500,5.3500,5.4000,5.3100,5.3300,5108150,27395448.0000,8251
20240802,600933,13.3300,13.2300,13.3000,12.9200,12.9800,6851668,89505029.0000,19785
20240802,600935,2.2800,2.2500,2.2900,2.2500,2.2700,7950200,18062838.0000,5492
20240802,600936,2.0800,2.0600,2.1000,2.0500,2.0600,7096200,14741559.0000,4825
20240802,600938,29.3900,28.9100,29.0900,28.2700,28.4400,44038714,1258470028.0000,81326
20240802,600939,2.3400,2.3300,2.3500,2.2900,2.3000,7333700,17028006.0000,3390
20240802,600941,105.0200,104.7700,107.1000,104.7500,106.5900,9036716,960109088.0000,39948
20240802,600955,14.2500,14.1800,14.3300,14.1100,14.1500,500947,7129005.0000,1611
20240802,600956,7.2700,7.2400,7.3500,7.1600,7.2700,5645900,41132779.0000,15026
20240802,600958,8.5100,8.4700,8.5500,8.3800,8.4000,42164455,356418697.0000,42395
20240802,600959,2.7800,2.7700,2.8300,2.7600,2.8000,26987423,75730700.0000,11798
20240802,600960,2.9500,2.9200,3.0600,2.9000,2.9200,24905600,73555256.0000,10716
20240802,600961,8.1500,8.0900,8.1600,7.9800,8.0500,13065001,105291783.0000,22483
20240802,600962,13.1000,12.9600,13.1300,12.9100,12.9500,1832800,23796257.0000,2321
20240802,600963,3.4400,3.4400,3.4600,3.3800,3.3900,13912750,47596387.0000,14452
20240802,600965,3.6400,3.6300,3.7100,3.6000,3.6400,3439000,12593092.0000,5276
20240802,600966,4.3600,4.3600,4.3800,4.3100,4.3300,10719852,46592056.0000,12263
20240802,600967,7.5300,7.5000,7.6900,7.4600,7.6000,14010769,106622472.0000,19468
20240802,600968,3.8200,3.8100,3.8200,3.7800,3.8000,18279257,69476841.0000,23690
20240802,600969,5.4400,5.4300,5.4700,5.3600,5.3800,4705680,25474842.0000,7844
20240802,600970,10.2700,10.2000,10.3200,10.0100,10.0900,11429039,115863320.0000,20992
20240802,600971,10.3300,10.2200,10.3200,10.0100,10.0100,9637700,97403361.0000,24506
20240802,600973,3.5100,3.4900,3.5300,3.4400,3.4600,8628600,30102107.0000,7566
20240802,600975,6.0800,6.0900,6.4700,6.0300,6.3600,74347421,469153712.0000,63887
20240802,600976,47.3200,46.8300,48.4600,46.7100,47.1100,1560499,74444658.0000,6014
20240802,600977,10.7000,10.6700,10.7800,10.6300,10.6400,5764300,61770276.0000,9770
20240802,600979,3.2800,3.2500,3.2900,3.2300,3.2300,17014870,55425773.0000,11342
20240802,600980,13.0300,13.0200,13.0800,12.8600,12.8900,1070901,13908034.0000,3028
20240802,600981,1.7100,1.7100,1.7200,1.6700,1.7000,14179900,24041143.0000,4016
20240802,600982,3.6300,3.6200,3.6300,3.5800,3.5900,4105200,14778756.0000,3047
20240802,600983,7.1700,7.1300,7.2200,7.1000,7.1300,1197900,8583266.0000,2355
20240802,600984,2.4000,2.4000,2.4300,2.3700,2.3800,7932837,19052187.0000,4276
20240802,600985,14.7000,14.6000,14.8100,14.4500,14.5100,13749658,200342263.0000,32784
20240802,600986,4.2100,4.1700,4.2400,4.1500,4.1600,17450640,73249092.0000,14250
20240802,600987,6.8900,6.8700,6.9100,6.8400,6.8700,3675395,25261534.0000,7007
20240802,600988,19.6300,19.3000,20.0900,19.2300,19.9300,41172172,814361526.0000,61086
20240802,600989,14.9100,14.8800,14.8800,14.4400,14.5400,21097592,307613750.0000,39934
20240802,600990,18.9100,18.4600,19.4500,18.2000,18.4700,16316201,304808169.0000,35255
20240802,600992,15.4200,15.3700,15.6800,15.1000,15.1000,7270600,111902958.0000,10938
20240802,600993,26.5300,26.5000,27.5600,26.3500,27.0700,5374397,145835133.0000,16753
20240802,600995,9.5200,9.4700,9.5700,9.4300,9.4300,4579957,43439045.0000,8655
20240802,600996,7.8200,7.7400,7.9500,7.6600,7.7900,13346500,104732331.0000,13222
20240802,600997,6.0800,6.0700,6.0900,5.9800,6.0500,5513413,33344191.0000,10331
20240802,600998,4.4700,4.4700,4.6400,4.4400,4.5600,30978968,141573063.0000,26135
20240802,600999,14.9100,14.8800,14.9500,14.7100,14.7500,16917920,250703727.0000,29048
20240802,601000,5.4100,5.4100,5.5400,5.3200,5.5200,45505065,249573420.0000,34197
20240802,601001,14.9900,14.8000,14.9200,14.5900,14.7700,7073362,104502488.0000,20452
20240802,601002,3.3300,3.2300,3.6500,3.1400,3.3600,46586999,153567761.0000,27166
20240802,601003,2.7000,2.6900,2.7300,2.6700,2.6900,3936040,10645615.0000,3450
20240802,601005,1.0800,1.0800,1.0900,1.0700,1.0800,32335400,34911196.0000,2411
20240802,601006,7.0600,7.0300,7.0800,6.9800,6.9800,57524029,403733722.0000,39594
20240802,601007,6.3600,6.3100,6.4600,6.3000,6.3900,4995420,32036412.0000,7314
20240802,601008,3.6300,3.6200,3.6300,3.5800,3.5900,5967280,21519652.0000,7477
20240802,601009,10.1400,10.1600,10.3200,10.1100,10.2800,31060705,318123392.0000,41914
20240802,601010,1.7800,1.7700,1.7900,1.7600,1.7600,5927300,10515427.0000,2511
20240802,601011,1.5900,1.5800,1.6200,1.5700,1.5800,22141000,35364314.0000,7366
20240802,601012,14.3700,14.3100,14.5400,14.1800,14.2200,68235196,977642917.0000,70142
20240802,601015,2.7300,2.7200,2.7700,2.7000,2.7100,8313850,22745664.0000,7889
20240802,601016,3.0000,2.9900,3.0100,2.9700,2.9700,29332548,87634659.0000,15811
20240802,601018,3.6000,3.5900,3.6100,3.5600,3.5800,18373600,65901430.0000,18005
20240802,601019,10.9300,10.8800,11.2700,10.7800,11.1800,9810413,109308216.0000,25614
20240802,601020,13.2600,13.0300,13.2100,12.7900,12.8000,47217823,610991715.0000,47890
20240802,601021,53.8300,53.6100,54.6600,53.5500,54.4800,2625450,142750614.0000,8711
20240802,601022,8.7100,8.7100,8.8000,8.5600,8.5800,8658149,75143915.0000,11200
20240802,601028,14.5900,14.5100,15.9700,14.3100,15.4500,39790016,597052680.0000,47360
20240802,601033,15.3600,15.2900,15.5000,15.1800,15.2300,2306263,35394245.0000,4989
20240802,601038,15.4200,15.2300,15.5400,15.1100,15.1300,7281500,111649733.0000,15025
20240802,601058,12.9100,12.8800,13.2400,12.7000,12.7400,34979753,451853773.0000,50149
20240802,601059,14.4000,14.5300,14.5500,13.9100,13.9700,22357298,316464394.0000,28588
20240802,601061,6.9600,6.9000,6.9900,6.8800,6.8800,5849767,40507732.0000,5828
20240802,601065,8.7900,8.7600,8.8200,8.6900,8.7200,2218803,19429706.0000,4002
20240802,601066,19.7300,19.5800,19.9000,19.4100,19.4100,7375233,144426379.0000,14428
20240802,601068,4.3000,4.3100,4.3300,4.2400,4.2600,6845195,29406219.0000,11712
20240802,601069,11.9700,11.7600,12.2500,11.7500,12.2200,16104365,194173022.0000,21236
20240802,601077,5.2000,5.1800,5.3000,5.1600,5.2400,46580909,244488464.0000,36237
20240802,601083,9.4300,9.4100,9.5400,9.3400,9.3700,4835259,45684014.0000,5347
20240802,601086,3.6700,3.6800,3.7200,3.6300,3.6700,5895300,21734440.0000,7145
20240802,601088,39.4100,39.2000,39.2900,38.5100,39.1100,16902448,658011025.0000,42081
20240802,601089,14.4000,14.3300,14.7300,14.3300,14.5600,3736029,54573776.0000,7823
20240802,601096,3.9800,3.9600,4.0400,3.9400,3.9700,19786453,79032039.0000,13006
20240802,601098,11.6600,11.6600,11.8800,11.4700,11.7100,8554867,100439237.0000,17711
20240802,601099,3.3500,3.3200,3.4100,3.2500,3.2700,354403306,1178199997.0000,84714
20240802,601100,44.9000,45.0000,45.2900,44.2000,44.5600,2989205,133436724.0000,11946
20240802,601101,7.9700,7.9400,8.0100,7.8500,7.9000,6347213,50403533.0000,16153
20240802,601106,2.4500,2.4500,2.4800,2.4300,2.4500,20123988,49552875.0000,8567
20240802,601107,4.9100,4.9100,4.9100,4.9100,4.9100,0,0.0000,0
20240802,601108,6.8700,6.8300,6.8700,6.6700,6.6900,33064052,223843051.0000,28179
20240802,601111,7.2800,7.2500,7.3500,7.2400,7.2900,27200005,198723699.0000,23532
20240802,601113,3.0400,3.0200,3.0600,3.0100,3.0100,6578800,19947543.0000,6001
20240802,601116,7.9400,7.9100,8.0900,7.8800,7.9300,3669300,29264353.0000,7139
20240802,601117,7.5600,7.5100,7.6000,7.3900,7.4100,40642488,303863203.0000,27504
20240802,601118,4.3900,4.3800,4.4700,4.3600,4.4100,14697000,65069365.0000,13711
20240802,601121,5.8100,5.8100,5.8500,5.7400,5.7500,3022200,17509352.0000,5016
20240802,601126,17.3800,17.3200,17.5200,16.7900,16.8400,9524265,162019578.0000,22667
20240802,601127,78.0400,77.2000,78.8800,76.0100,76.2500,30379106,2344404387.0000,92517
20240802,601128,7.1700,7.1600,7.2100,7.1100,7.1300,22029467,157684898.0000,28703
20240802,601133,10.5000,10.4000,10.5300,10.2600,10.2800,3097600,32226552.0000,6974
20240802,601136,20.8600,20.8500,21.1500,20.0100,20.1600,55184486,1128840018.0000,82572
20240802,601137,13.8700,13.7000,13.7800,13.4600,13.5100,11440369,155548649.0000,19529
20240802,601138,23.9700,22.9300,23.1000,22.2500,22.3300,181982272,4118348271.0000,231436
20240802,601139,6.8700,6.8400,6.9400,6.8100,6.8300,6834755,47043357.0000,12999
20240802,601155,9.3800,9.2800,9.4900,9.2500,9.2900,13857486,129450925.0000,16012
20240802,601156,15.7700,15.7800,16.0000,15.6100,15.7500,6118409,96812511.0000,19390
20240802,601158,5.0200,5.0100,5.0500,4.9900,5.0000,6775201,34024598.0000,9212
20240802,601162,2.5400,2.5000,2.5700,2.4400,2.4600,320446660,798604372.0000,52158
20240802,601163,15.0600,14.9100,15.1100,14.8500,15.0600,4818791,72367759.0000,11890
20240802,601166,16.6400,16.6000,16.6600,16.4800,16.5200,34812573,576136708.0000,42842
20240802,601168,16.3400,15.8500,15.9000,15.5200,15.5400,38795121,607575133.0000,56253
20240802,601169,5.3700,5.3500,5.3700,5.3000,5.3100,67668611,360574156.0000,32990
20240802,601177,7.5200,7.5000,8.1100,7.4200,7.4200,10682700,82027551.0000,12192
20240802,601179,7.1900,7.1400,7.2600,7.0700,7.0900,47902229,341768748.0000,41320
20240802,601186,8.4200,8.3700,8.4200,8.3300,8.3400,36839703,308328451.0000,30701
20240802,601187,5.2700,5.2500,5.2800,5.2300,5.2300,7614500,39988289.0000,10083
20240802,601188,3.9000,3.8000,3.8700,3.6700,3.7100,72822450,273557436.0000,31177
20240802,601198,8.8300,8.8100,8.8600,8.5900,8.6400,38788994,338533404.0000,36962
20240802,601199,5.1800,5.1400,5.2000,5.1200,5.1300,4493300,23175537.0000,4465
20240802,601200,7.5500,7.5100,7.5900,7.4800,7.5000,4744471,35727351.0000,7475
20240802,601208,6.5000,6.4900,6.6700,6.4300,6.4500,11859082,77500456.0000,10643
20240802,601211,14.5500,14.4500,14.5500,14.1800,14.2000,30837710,441204797.0000,33608
20240802,601212,2.7200,2.7000,2.7400,2.6800,2.7200,38949299,105884754.0000,16674
20240802,601216,3.7200,3.7200,3.7400,3.6900,3.7000,17749115,65964912.0000,17774
20240802,601218,3.0800,3.0800,3.1100,2.9700,2.9800,35941113,108906048.0000,17459
20240802,601222,6.2400,6.2000,6.2600,6.1700,6.1800,7326006,45526453.0000,10636
20240802,601225,23.1600,23.0300,23.4200,22.7700,23.3700,21655428,501105326.0000,43174
20240802,601226,4.8800,4.8800,4.9300,4.8000,4.8200,5203550,25282002.0000,5825
20240802,601228,3.2200,3.2200,3.2400,3.1900,3.2100,27448800,88519060.0000,23456
20240802,601229,7.3800,7.3500,7.3800,7.2800,7.3400,25708363,188574590.0000,26705
20240802,601231,15.5100,15.3000,15.5000,14.9900,15.0400,11927676,181432012.0000,22932
20240802,601233,13.6700,13.5500,13.6300,13.4500,13.4900,16872485,228070008.0000,22729
20240802,601236,7.0600,7.0300,7.0900,6.9100,6.9500,24714663,173132414.0000,19989
20240802,601238,8.2000,8.1300,8.1600,7.9900,8.0000,26040428,209922222.0000,22214
20240802,601279,3.8100,3.8200,3.9500,3.7500,3.8200,26995490,103739126.0000,25664
20240802,601288,4.6300,4.6200,4.6700,4.5900,4.6500,320365703,1487193108.0000,65838
20240802,601298,9.2900,9.2300,9.3000,9.0300,9.1100,10642282,97287399.0000,16922
20240802,601311,7.5300,7.5000,7.5200,7.3500,7.3700,6893080,51172444.0000,14873
20240802,601318,42.5100,42.2300,42.4100,41.7000,41.8200,33137257,1392534224.0000,59864
20240802,601319,5.6900,5.7000,5.7700,5.6800,5.7400,62022514,355800677.0000,45684
20240802,601326,3.4800,3.4800,3.5100,3.4400,3.4500,15841800,54964144.0000,15699
20240802,601328,7.4000,7.4000,7.5000,7.3400,7.4200,97924349,727636435.0000,48959
20240802,601330,5.7900,5.7700,5.8900,5.7600,5.8700,5970500,34976351.0000,8757
20240802,601333,3.7100,3.7000,3.7500,3.6500,3.7000,37304981,138252924.0000,30116
20240802,601336,31.9100,31.6800,31.9100,31.1800,31.2600,8476413,266971420.0000,23717
20240802,601339,4.6700,4.6300,4.7700,4.6100,4.7100,3151093,14837561.0000,4921
20240802,601360,7.4800,7.4700,7.9400,7.4500,7.6000,120682499,935473570.0000,98585
20240802,601366,5.0700,5.0600,5.0700,5.0200,5.0200,1268963,6396037.0000,2041
20240802,601368,4.3200,4.3000,4.3200,4.2700,4.2800,3941800,16947017.0000,4448
20240802,601369,7.9100,7.8800,7.9400,7.7600,7.8200,6422600,50450343.0000,14118
20240802,601375,3.6800,3.6800,3.7100,3.6100,3.6200,34793800,127260793.0000,24562
20240802,601377,5.4500,5.4300,5.4700,5.3700,5.3800,37289305,202058376.0000,24121
20240802,601388,2.2800,2.2700,2.2800,2.2300,2.2400,32957692,74333216.0000,11581
20240802,601390,6.2800,6.2500,6.2800,6.2200,6.2300,54871404,342718450.0000,38941
20240802,601398,5.8800,5.8500,5.9200,5.8300,5.8800,281415849,1655728285.0000,71202
20240802,601399,2.6800,2.6700,2.7000,2.6600,2.6700,22358960,59985634.0000,13237
20240802,601456,10.2700,10.2200,10.3800,10.0000,10.0400,31269037,317671375.0000,28672
20240802,601500,4.6200,4.5700,4.5900,4.4800,4.4900,33436500,151222174.0000,24688
20240802,601512,7.3900,7.3900,7.4500,7.3200,7.3700,2235106,16524980.0000,5718
20240802,601515,2.7000,2.6900,2.7400,2.6700,2.6700,10831958,29286225.0000,8372
20240802,601518,2.5700,2.5600,2.5700,2.5300,2.5500,18480100,47168390.0000,7098
20240802,601519,5.9900,5.9300,6.0100,5.8600,5.8800,22624700,134009198.0000,21278
20240802,601528,4.9000,4.8600,4.9200,4.8600,4.8800,11144895,54535020.0000,12711
20240802,601555,6.3300,6.3000,6.3500,6.1800,6.2000,30823315,193022524.0000,28311
20240802,601566,7.8100,7.7700,7.8700,7.7000,7.7100,2179950,16949048.0000,6263
20240802,601567,28.9900,28.9300,29.5000,28.3100,28.5200,4490425,129299562.0000,17755
20240802,601568,3.8900,3.8700,3.9200,3.8500,3.8700,8612910,33480390.0000,10452
20240802,601577,7.5000,7.4700,7.6200,7.4500,7.5800,16987535,128112731.0000,17168
20240802,601579,10.1700,10.1300,10.5300,10.1100,10.2500,5845760,60382039.0000,13072
20240802,601588,1.4500,1.4300,1.4500,1.3900,1.3900,45330800,63967442.0000,9100
20240802,601595,19.3000,19.0900,20.1300,19.0200,19.4900,17512247,344144607.0000,44169
20240802,601598,4.9200,4.9100,5.0100,4.8600,4.9300,26677136,132057662.0000,24418
20240802,601599,2.8000,2.8000,2.8400,2.7500,2.7700,10573202,29627938.0000,6006
20240802,601600,6.8400,6.7200,6.7300,6.5100,6.5700,203161273,1339569961.0000,118124
20240802,601601,29.5400,29.3500,29.6300,28.6900,28.8200,20698500,599380024.0000,44925
20240802,601606,9.9900,9.9100,10.2000,9.8800,10.0600,10136933,102311992.0000,14538
20240802,601607,19.3700,19.3000,19.5700,19.1800,19.4300,9220626,179054121.0000,20604
20240802,601608,3.7900,3.7700,3.7900,3.7200,3.7400,20938900,78635370.0000,20183
20240802,601609,5.2600,5.2000,5.2500,5.1600,5.1800,5716600,29734786.0000,12707
20240802,601611,8.1400,8.0800,8.2000,8.0600,8.0700,16891349,137311851.0000,24445
20240802,601615,9.8500,9.8000,10.0100,9.7300,9.7500,26245400,258744058.0000,30094
20240802,601616,2.8500,2.8300,2.8600,2.8000,2.8100,10594101,29993232.0000,10219
20240802,601618,3.1800,3.1700,3.2000,3.1600,3.1700,73665145,234186763.0000,31955
20240802,601619,3.0600,3.0500,3.0600,3.0200,3.0200,8951300,27210446.0000,5666
20240802,601628,32.2300,32.0800,32.3000,31.6500,31.7300,6244311,198935947.0000,21091
20240802,601633,23.4000,23.1500,23.2500,22.8500,22.8900,16759300,385303765.0000,38514
20240802,601636,6.0100,5.9800,6.0500,5.9300,5.9400,21487092,128501554.0000,21943
20240802,601658,4.8100,4.8000,4.8400,4.7800,4.8200,105311801,506974797.0000,51271
20240802,601665,4.5900,4.5600,4.6600,4.5300,4.6300,32262287,148508697.0000,22753
20240802,601666,10.5100,10.4100,10.5300,10.3100,10.4200,24170223,251770692.0000,39959
20240802,601668,5.6200,5.6000,5.6200,5.5200,5.5300,195726717,1087856740.0000,82659
20240802,601669,5.5700,5.5500,5.6300,5.5300,5.5600,106453069,593983429.0000,49773
20240802,601677,12.1100,12.0800,12.2000,11.8700,11.9300,12747823,153352849.0000,24820
20240802,601678,3.5200,3.5100,3.5900,3.4900,3.5300,12380800,43896728.0000,14078
20240802,601686,5.3500,5.3300,5.3700,5.3100,5.3400,1213600,6482135.0000,1737
20240802,601688,13.2800,13.2000,13.2900,13.0000,13.0100,41023626,538085177.0000,42909
20240802,601689,36.1900,35.7500,36.5800,34.4300,34.6100,18167801,639332126.0000,37836
20240802,601696,9.3900,9.3700,9.4300,9.1600,9.1800,17099229,158732202.0000,17913
20240802,601698,17.4800,17.4900,18.2100,17.0200,17.9200,108951335,1937602971.0000,124846
20240802,601699,15.3700,15.2500,15.4300,14.9900,15.0200,19909337,301292962.0000,30156
20240802,601700,3.9900,3.9600,4.0400,3.9300,3.9600,8728600,34826932.0000,11496
20240802,601702,16.7800,16.6800,16.9600,16.4700,16.6800,4084900,68482258.0000,15242
20240802,601717,12.1400,12.0200,12.1300,11.8500,11.8900,15466813,185427902.0000,30428
20240802,601718,2.5100,2.5000,2.5300,2.4900,2.5000,20918500,52557444.0000,8983
20240802,601727,3.8700,3.8600,3.8700,3.7800,3.7900,32114100,122892030.0000,16004
20240802,601728,6.0300,6.0000,6.0700,5.9800,6.0600,85986266,519262094.0000,53715
20240802,601766,8.0800,7.9600,8.0700,7.8800,8.0200,134986123,1079069288.0000,102006
20240802,601777,4.5500,4.4700,4.5500,4.4000,4.4600,32396300,144624455.0000,22157
20240802,601778,2.3500,2.3300,2.5900,2.3200,2.4600,137438673,340353651.0000,48673
20240802,601788,15.1600,15.1700,15.2400,14.9100,14.9400,18667401,280943745.0000,26498
20240802,601789,3.7900,3.7400,3.7500,3.6700,3.6700,20749910,76946360.0000,11640
20240802,601798,5.3200,5.2500,5.3100,5.1600,5.1800,10763218,56309869.0000,9825
20240802,601799,121.6100,121.0000,122.0000,120.0000,120.0000,566538,68430611.0000,3818
20240802,601800,8.6500,8.6100,8.7200,8.5500,8.6600,44589671,385821120.0000,44041
20240802,601801,6.3200,6.3100,6.4000,6.2600,6.3300,9904300,62840285.0000,14455
20240802,601808,15.0000,15.0000,15.0000,14.5200,14.5800,11313973,165339551.0000,21483
20240802,601811,14.1400,14.0400,14.2700,13.9600,14.0100,1977800,27936636.0000,6956
20240802,601816,5.8500,5.8200,5.8400,5.7300,5.8100,108526714,628401273.0000,53546
20240802,601818,3.1800,3.1600,3.1800,3.1500,3.1600,92097095,291588076.0000,32236
20240802,601825,6.5900,6.5800,6.6300,6.5000,6.5500,15656011,102634791.0000,21036
20240802,601827,9.1800,9.1000,9.2100,9.0700,9.1200,3649050,33344569.0000,10071
20240802,601828,2.5300,2.5200,2.5700,2.5200,2.5300,9811901,24967779.0000,7459
20240802,601838,14.5300,14.4800,14.6500,14.4200,14.6000,12293851,179050202.0000,18637
20240802,601857,9.0300,8.8700,8.9100,8.7800,8.8600,134672028,1191228816.0000,77535
20240802,601858,18.1200,17.9600,18.3800,17.9000,17.9400,5570671,101142993.0000,11756
20240802,601860,2.5300,2.5200,2.5600,2.5100,2.5400,46647257,118516995.0000,10962
20240802,601865,17.9600,17.9300,18.1900,17.4200,17.4900,19161761,341539955.0000,35176
20240802,601866,2.4400,2.4300,2.4500,2.4100,2.4200,36349630,88341605.0000,17708
20240802,601868,2.2500,2.2400,2.2600,2.2300,2.2400,187324220,420201085.0000,40780
20240802,601869,23.8100,23.6900,23.8800,23.1500,23.2300,1241900,29155391.0000,3968
20240802,601872,7.7400,7.6500,7.9200,7.5800,7.8000,23607353,183776580.0000,26378
20240802,601877,19.1400,19.0000,19.2700,18.8900,18.9400,8070350,154026743.0000,19376
20240802,601878,11.4700,11.3600,11.6200,11.2100,11.2400,62919670,716312101.0000,49022
20240802,601880,1.2700,1.2700,1.2800,1.2600,1.2700,34424943,43876713.0000,5582
20240802,601881,11.1900,11.1900,11.3200,10.8900,10.9500,103344776,1145463175.0000,100839
20240802,601882,23.1300,22.9000,23.0600,22.0000,22.2300,4963728,111695559.0000,9916
20240802,601886,4.7600,4.7400,4.7800,4.7000,4.7000,6014200,28540921.0000,9409
20240802,601888,67.2000,66.7700,67.9300,66.4000,66.6000,15166130,1017647283.0000,40563
20240802,601890,7.3600,7.3000,7.4600,7.2600,7.2900,15962720,117612492.0000,18026
20240802,601898,11.8800,11.8600,12.0100,11.6900,11.9500,10015555,118995084.0000,21790
20240802,601899,16.6300,16.3100,16.3100,15.7000,15.9600,214393694,3415283681.0000,184006
20240802,601900,11.5500,11.4500,11.6500,11.3100,11.3600,7819420,89646296.0000,11578
20240802,601901,7.6900,7.6500,7.7400,7.4800,7.5000,79015881,600037228.0000,40201
20240802,601908,2.4500,2.4400,2.4900,2.4300,2.4300,14418606,35504582.0000,9381
20240802,601916,2.8400,2.8300,2.8400,2.8100,2.8100,62666482,176610295.0000,22527
20240802,601918,8.1300,8.0900,8.2200,7.9700,8.0600,32948232,266860380.0000,47862
20240802,601919,13.2600,13.1700,13.3800,12.9500,13.2300,72092524,952270838.0000,69980
20240802,601921,8.0800,8.0900,8.2800,8.0500,8.0900,13762900,112454559.0000,15090
20240802,601928,10.1600,10.1200,10.3000,9.9300,10.2000,10165164,103584660.0000,14133
20240802,601929,1.0600,1.0500,1.1200,1.0500,1.0800,158641382,171682997.0000,12738
20240802,601933,2.2200,2.2100,2.2400,2.2000,2.2300,54205400,120807636.0000,12933
20240802,601939,7.4800,7.4600,7.5500,7.4400,7.5000,71186569,534423903.0000,42854
20240802,601949,5.8900,5.8500,5.9800,5.8400,5.8700,10385300,61480253.0000,15348
20240802,601952,9.3200,9.3200,9.4000,9.2500,9.3300,5556900,51974015.0000,10824
20240802,601956,4.6500,4.6500,4.6900,4.5600,4.5800,4477810,20695897.0000,6913
20240802,601958,10.4600,10.3100,10.3500,10.1700,10.2300,15322091,157080005.0000,23958
20240802,601963,7.2400,7.2400,7.2500,7.1600,7.1800,8287910,59658290.0000,9032
20240802,601965,17.5300,17.4100,17.4800,16.8000,16.8600,4138300,70615236.0000,10116
20240802,601966,16.5800,16.4200,16.6000,16.2900,16.3000,11561086,189531115.0000,17223
20240802,601968,4.7800,4.7700,4.7900,4.6600,4.6800,6791112,32071098.0000,6545
20240802,601969,5.7900,5.7300,5.8000,5.6600,5.7100,5951100,34173649.0000,12267
20240802,601975,3.3000,3.2700,3.3400,3.2400,3.2800,46840776,154397963.0000,21706
20240802,601985,11.1000,11.0600,11.2200,10.8800,10.9600,155644800,1712390320.0000,89578
20240802,601988,4.6900,4.6900,4.7400,4.6600,4.7000,138897781,653410842.0000,51363
20240802,601989,5.7400,5.7000,5.8000,5.6500,5.6600,124486823,710738751.0000,66515
20240802,601990,7.9200,7.9300,7.9700,7.8100,7.8300,15765888,124465492.0000,22222
20240802,601991,2.9600,2.9600,2.9600,2.9200,2.9300,64757791,190290442.0000,31834
20240802,601992,1.3900,1.3800,1.3900,1.3600,1.3700,25093400,34567877.0000,6180
20240802,601995,30.4700,30.1500,30.5700,29.5800,29.6700,14813450,444385928.0000,30147
20240802,601996,1.7700,1.7600,1.7800,1.7500,1.7500,5066102,8936320.0000,2259
20240802,601997,5.2300,5.2100,5.2700,5.1900,5.2200,22615105,118321249.0000,16156
20240802,601998,6.3200,6.3300,6.3800,6.2700,6.3000,33588980,212750933.0000,28580
20240802,601999,5.4400,5.4400,5.4700,5.3900,5.4100,3351400,18207993.0000,5914
20240802,603000,19.7800,19.6200,20.0900,19.5000,19.5000,16261703,321576931.0000,31785
20240802,603001,4.3700,4.3100,4.4400,4.3100,4.3900,1533900,6737054.0000,2051
20240802,603002,5.0900,4.9900,5.0200,4.8600,4.9100,42801452,211057773.0000,23092
20240802,603003,4.7200,4.6700,4.8800,4.6600,4.7400,7786000,37048687.0000,3039
20240802,603004,18.0100,17.9200,19.3000,17.8300,18.6100,9730469,181576115.0000,19266
20240802,603005,21.2200,20.9000,21.1100,20.3500,20.4500,39095652,810674078.0000,74031
20240802,603006,9.3200,9.3000,9.6100,9.2500,9.3500,4652300,43895851.0000,9027
20240802,603007,5.2800,5.2800,5.2900,5.2300,5.2700,1218850,6420017.0000,418
20240802,603008,14.6700,14.5800,15.0900,14.3300,14.8500,3762668,55891313.0000,12690
20240802,603009,17.1000,16.8500,17.1200,16.4100,16.5500,13195550,221429342.0000,28612
20240802,603010,9.0200,9.0200,9.1200,8.9500,9.0100,1204784,10917863.0000,2424
20240802,603011,6.1500,6.1000,6.1400,5.9300,5.9500,15391134,92930567.0000,15714
20240802,603012,4.4900,4.4700,4.5200,4.4300,4.4500,4430000,19813444.0000,5417
20240802,603013,13.3500,13.3500,13.4000,13.1000,13.1200,1850200,24519324.0000,6488
20240802,603015,7.1600,7.1200,7.2200,6.9800,7.0000,4250800,30167332.0000,10178
20240802,603016,14.8700,15.0900,15.1200,14.7300,14.7400,630800,9372806.0000,2102
20240802,603017,8.6300,8.5200,9.0700,8.4700,8.7300,19234200,169446875.0000,30781
20240802,603018,9.0100,8.8900,9.1900,8.8600,9.1000,28164752,256097856.0000,18970
20240802,603019,43.7100,43.0000,44.6400,42.8000,42.8900,43293250,1885095292.0000,82111
20240802,603020,6.7300,6.7300,6.7800,6.6800,6.6900,1573800,10589757.0000,3530
20240802,603021,2.7800,2.7600,2.7600,2.6400,2.6400,8673700,23325717.0000,5164
20240802,603022,6.8400,6.8600,6.8700,6.5800,6.6000,3964100,26593658.0000,3753
20240802,603023,1.9800,1.9700,2.0200,1.9300,1.9800,13935023,27641852.0000,2217
20240802,603025,12.8500,12.7700,12.7900,12.2800,12.3300,5773365,72043981.0000,14420
20240802,603026,30.9400,30.7700,31.3300,30.3000,30.3800,2021260,62213586.0000,7820
20240802,603027,13.5300,13.4100,13.7800,13.3800,13.5600,6633365,90583351.0000,10166
20240802,603028,5.5900,5.5900,5.6500,5.4800,5.5200,2124700,11848946.0000,3380
20240802,603029,14.3800,14.2000,14.4900,14.1800,14.2800,2156400,30951822.0000,3846
20240802,603030,1.8800,1.8600,1.8600,1.8100,1.8300,7279536,13349027.0000,2246
20240802,603031,25.1500,24.9000,25.2500,24.6000,25.1300,1612315,40465922.0000,4811
20240802,603032,14.0100,13.8900,15.4100,13.8000,15.4100,19036184,283773401.0000,24769
20240802,603033,10.7500,10.6100,10.8300,10.3500,10.3900,3570186,37736265.0000,7220
20240802,603035,12.5600,12.4700,13.3800,12.4500,12.8800,9135742,118050977.0000,13853
20240802,603036,9.5800,9.5900,10.1000,9.4800,9.7100,4549300,44927392.0000,7016
20240802,603037,14.0200,13.8200,14.2000,13.7700,13.7800,11036118,153516820.0000,16469
20240802,603038,7.1500,7.1000,7.2100,7.0300,7.0700,2245304,15985940.0000,3246
20240802,603039,30.0000,29.6900,30.2500,29.0200,29.0600,1008400,29874206.0000,5249
20240802,603040,18.2800,18.2000,18.3000,17.8200,17.9300,506084,9135984.0000,1636
20240802,603041,9.8400,9.7200,9.8200,9.6000,9.6000,696100,6769207.0000,1618
20240802,603042,9.8600,9.7000,9.8900,9.5100,9.5300,6444587,62352386.0000,11394
20240802,603043,15.3000,15.2700,15.5000,15.1900,15.3000,1287520,19781906.0000,3412
20240802,603045,9.6200,9.5800,9.6500,9.3700,9.4700,2444100,23310588.0000,4260
20240802,603048,13.8200,13.7600,13.9300,13.5000,13.5500,1054900,14466502.0000,3657
20240802,603050,26.3900,26.3700,26.6600,26.1600,26.2400,2487734,65642497.0000,7732
20240802,603051,24.4500,24.2800,24.8300,24.1300,24.2100,3311490,80866241.0000,7276
20240802,603052,28.8800,28.6000,28.9500,28.3800,28.6300,919860,26277555.0000,2339
20240802,603053,9.4800,9.5000,9.5200,9.4000,9.4200,1387850,13143178.0000,4082
20240802,603055,10.5900,10.5600,10.7500,10.3900,10.5700,4889495,51876127.0000,15982
20240802,603056,12.5200,12.4400,12.6800,12.3300,12.4800,3386800,42522661.0000,9075
20240802,603057,14.1000,14.0800,14.5000,14.0200,14.2000,976365,13963350.0000,3314
20240802,603058,7.9100,7.8600,7.9900,7.7300,7.7800,6527600,51250174.0000,5313
20240802,603059,21.2300,21.0800,21.4000,20.8100,21.2000,364300,7734407.0000,1331
20240802,603060,5.7500,5.7000,5.8100,5.6900,5.7100,1254534,7222328.0000,2619
20240802,603061,63.3500,63.0000,64.5700,62.1100,62.1200,856600,54131244.0000,4321
20240802,603062,30.6800,30.4400,31.2300,30.3100,30.5300,936812,28829103.0000,2957
20240802,603063,14.8500,14.7000,14.9200,14.4300,14.5600,8843100,128903624.0000,27137
20240802,603065,7.2700,7.2700,7.3400,7.1700,7.1700,1817300,13185161.0000,3784
20240802,603066,9.1500,9.1300,9.2100,9.0000,9.0200,2699400,24600868.0000,4759
20240802,603067,11.9800,11.8700,12.4500,11.8700,12.0000,12193808,148593185.0000,17633
20240802,603068,22.5700,22.1200,22.6700,21.8900,21.9100,5451400,121215598.0000,14007
20240802,603069,19.5100,19.0800,19.2900,18.1200,18.3000,25486657,473520677.0000,31310
20240802,603070,12.0900,12.0200,12.0600,11.6500,11.6800,1709100,20284563.0000,2966
20240802,603071,12.3400,12.2900,12.3900,12.2100,12.2300,1236700,15205273.0000,4233
20240802,603073,13.9800,14.0000,14.1300,13.8500,13.8600,463112,6480416.0000,1274
20240802,603075,18.6200,18.6000,18.8500,18.4200,18.4900,1429673,26628354.0000,2949
20240802,603076,20.5000,20.3000,20.5600,19.9600,20.1000,504400,10231083.0000,1739
20240802,603077,1.7200,1.7200,1.7400,1.7100,1.7200,44889850,77518931.0000,11583
20240802,603078,13.7000,13.6000,13.8300,13.4700,13.6100,9476885,129583179.0000,12421
20240802,603079,11.9700,11.7900,12.2900,11.7200,11.8000,10587000,127410884.0000,16745
20240802,603080,13.8500,13.7600,13.8800,13.6500,13.6900,1804900,24840215.0000,3240
20240802,603081,9.8500,9.8200,9.8900,9.6600,9.6900,1566011,15321615.0000,2780
20240802,603082,33.8500,32.2600,34.9500,32.2500,34.0500,8716483,293556719.0000,18911
20240802,603083,29.8200,29.4600,29.9000,28.9000,28.9000,8739200,256367524.0000,22577
20240802,603085,8.5100,8.5300,8.8800,8.4700,8.5000,16097760,138836461.0000,23952
20240802,603086,3.8700,3.8500,3.8900,3.8200,3.8400,2238640,8648459.0000,3694
20240802,603087,44.0000,43.6800,45.5000,43.6000,44.0600,5898092,263453971.0000,17723
20240802,603088,7.5800,7.5400,7.6000,7.4000,7.4300,4466300,33542667.0000,7931
20240802,603089,8.2500,8.2300,8.3500,8.1600,8.2100,1851413,15336879.0000,4272
20240802,603090,16.3700,16.1800,16.3900,16.0000,16.0600,718200,11637060.0000,2143
20240802,603093,9.4400,9.3800,9.4700,9.1300,9.1700,5312400,49308098.0000,10790
20240802,603095,14.5200,14.4600,15.1900,14.4100,14.8000,2264758,33591500.0000,5159
20240802,603096,16.1700,15.9900,16.2200,15.9400,16.0200,936400,15077267.0000,3854
20240802,603097,23.1400,23.0000,23.1900,22.4600,22.4800,1688600,38475416.0000,6205
20240802,603098,7.7100,7.6500,7.7800,7.6000,7.6300,3332394,25611819.0000,6782
20240802,603099,21.9000,21.7200,22.4600,21.6500,22.1100,8077100,178522174.0000,17734
20240802,603100,18.2100,18.1100,18.4000,17.8800,17.9000,4267920,77331312.0000,10226
20240802,603101,4.5200,4.4800,4.5600,4.4500,4.4900,1924640,8688885.0000,2892
20240802,603102,29.5000,29.3800,31.0900,29.3100,29.9400,891014,26984602.0000,2759
20240802,603103,12.7000,12.6100,12.7800,12.5300,12.5600,2734991,34616567.0000,8533
20240802,603105,8.0300,8.0700,8.0800,7.9000,7.9000,6850700,54779961.0000,8239
20240802,603106,4.7700,4.7700,4.7900,4.5800,4.6000,35003242,163216649.0000,26811
20240802,603107,18.1800,17.7100,18.1000,17.3700,17.3700,16159496,285935855.0000,27018
20240802,603108,13.7000,13.6500,14.1100,13.5700,13.6000,15727068,217624520.0000,24710
20240802,603109,13.5400,13.5600,14.1500,13.3500,13.3500,4923068,67598448.0000,8746
20240802,603110,10.3300,10.2600,10.4700,10.0300,10.0400,3902500,40044740.0000,8877
20240802,603111,5.8100,5.7900,5.8400,5.6700,5.6900,8230100,47334119.0000,8428
20240802,603112,10.2300,10.2900,10.3000,10.0700,10.1200,1446200,14720734.0000,3944
20240802,603113,5.0500,5.0300,5.0900,4.9700,4.9700,5885500,29629630.0000,7871
20240802,603115,10.2000,10.1800,10.2700,10.0100,10.0300,778600,7886400.0000,2296
20240802,603116,4.3200,4.2900,4.3400,4.2600,4.2700,3130120,13465179.0000,4602
20240802,603117,4.3900,4.3600,4.5500,4.3300,4.4700,8279142,36999832.0000,4111
20240802,603118,6.0500,6.0000,6.0400,5.8500,5.8600,8431009,50126333.0000,11101
20240802,603119,15.2400,15.0100,15.3900,14.8700,15.0600,3376544,51182410.0000,6892
20240802,603121,7.3500,7.2800,7.3100,7.1200,7.1300,8485680,61205979.0000,13239
20240802,603122,5.6900,5.6000,5.7900,5.5800,5.5900,12923701,73494104.0000,9329
20240802,603123,6.1700,6.1300,6.5300,6.1000,6.2400,18468293,116838970.0000,23018
20240802,603125,17.9400,17.7200,18.0400,17.6800,17.9600,1860492,33251574.0000,4077
20240802,603126,5.1700,5.1700,5.2000,5.1100,5.1200,3344890,17250688.0000,4034
20240802,603127,15.5200,15.4900,16.8900,15.4900,15.9500,36370918,592609057.0000,66613
20240802,603128,5.5900,5.5300,5.7100,5.5100,5.5200,14381000,80578707.0000,13314
20240802,603129,134.0800,133.0600,133.7500,129.9700,130.5300,652900,85921485.0000,4564
20240802,603130,19.2700,19.2800,19.4200,19.1800,19.1800,409100,7892926.0000,1177
20240802,603131,15.5000,15.3000,15.9200,15.1700,15.1700,29115488,452452216.0000,38398
20240802,603132,11.9100,11.8300,11.8300,11.5600,11.6200,2775542,32353392.0000,9571
20240802,603135,9.2100,9.1800,9.2500,9.1100,9.1200,1814653,16657366.0000,3082
20240802,603136,10.1100,10.0700,10.2400,10.0500,10.1000,2159065,21919111.0000,4324
20240802,603137,10.9900,10.8800,11.0900,10.6900,10.8000,1978235,21522896.0000,2506
20240802,603138,10.5400,10.5500,10.6000,10.2800,10.3000,2600400,27139692.0000,5974
20240802,603139,12.5200,12.7800,13.5000,12.5100,12.5100,2535709,32515020.0000,5869
20240802,603150,25.6500,25.5800,25.9200,25.2100,25.4000,1229451,31347232.0000,2899
20240802,603151,10.2100,10.1000,10.4700,10.1000,10.2100,1301410,13406638.0000,2817
20240802,603153,16.6500,16.4900,16.8600,16.3800,16.6100,2871500,47887190.0000,6796
20240802,603155,11.0300,10.9600,11.1100,10.8200,10.8500,4212407,46151070.0000,5925
20240802,603156,20.4500,20.3800,20.8700,20.2900,20.6900,3123935,64598352.0000,10047
20240802,603158,6.9700,6.9600,7.6700,6.8500,7.6700,27313522,202940447.0000,20957
20240802,603159,9.9500,9.9200,10.0500,9.7500,9.8200,969200,9566358.0000,2260
20240802,603160,62.9500,62.0700,63.0000,61.2500,61.3500,4430800,274594363.0000,21066
20240802,603161,9.6400,9.5700,9.6500,9.4000,9.4100,1757782,16739652.0000,4083
20240802,603162,9.9300,9.8600,10.0300,9.8500,9.8800,4409687,43902664.0000,13904
20240802,603163,23.8600,23.6300,23.9800,23.5200,23.6000,268425,6367729.0000,925
20240802,603165,10.3600,10.3000,10.4500,10.2600,10.3200,976896,10122986.0000,2375
20240802,603166,4.8900,4.8400,4.9200,4.8000,4.8100,4409900,21469047.0000,8616
20240802,603167,7.8800,7.8300,7.9100,7.8100,7.8300,2140800,16828073.0000,3640
20240802,603168,6.9100,6.8800,7.1600,6.8300,6.9800,6785092,47681901.0000,9500
20240802,603169,4.5500,4.5400,4.5800,4.4700,4.4800,5900701,26684098.0000,8440
20240802,603170,11.4900,11.4000,11.6700,11.3800,11.4000,1225800,14115140.0000,3253
20240802,603171,26.0800,25.8500,26.1600,25.3600,25.3600,6564600,168887048.0000,20962
20240802,603172,17.8500,17.7200,18.0200,17.6500,17.7500,2436357,43383187.0000,3926
20240802,603173,22.2800,22.1800,22.4000,21.8600,22.3000,1686100,37389066.0000,4366
20240802,603176,3.7400,3.7200,3.7500,3.6600,3.6800,1649600,6125473.0000,2718
20240802,603177,7.2900,7.2400,7.3500,7.1500,7.1700,1873400,13578058.0000,4724
20240802,603178,21.8500,21.8000,22.2600,21.2200,21.2900,17205295,375160281.0000,56865
20240802,603179,40.0500,39.9100,40.2500,39.5000,39.6000,2297968,91575125.0000,10470
20240802,603180,18.0200,17.8900,18.3800,17.6600,17.7200,1196500,21496792.0000,2033
20240802,603181,8.4200,8.4700,8.5500,8.3800,8.3900,1516487,12852231.0000,4561
20240802,603182,10.3900,10.3600,10.4700,10.3000,10.3200,885246,9206573.0000,2070
20240802,603183,3.2100,3.1900,3.2400,3.1700,3.1900,4597697,14726220.0000,4665
20240802,603185,15.3800,15.2500,15.5700,15.0700,15.1000,7960499,122099444.0000,20740
20240802,603186,20.7800,20.5900,20.7500,19.9900,19.9900,3559300,72128153.0000,10137
20240802,603187,11.0600,10.9600,11.1700,10.9400,10.9700,3512886,38798186.0000,6696
20240802,603188,2.5900,2.5700,2.6300,2.5400,2.5600,12458300,32343807.0000,5390
20240802,603189,11.5900,11.4800,11.6300,11.2300,11.2800,3833400,43787015.0000,8283
20240802,603190,22.2700,21.9900,22.2500,21.6000,21.7000,1249828,27459625.0000,3525
20240802,603191,11.9200,11.7600,12.0500,11.7200,11.7500,2681449,31834243.0000,6291
20240802,603192,13.1200,13.0900,13.2500,12.9300,13.0100,1173300,15342415.0000,3229
20240802,603193,17.4400,17.4200,18.1800,17.1600,18.1500,3377045,60416008.0000,10940
20240802,603195,68.3100,68.1200,69.2900,67.5400,67.6100,1762291,120381918.0000,11090
20240802,603196,6.8200,6.8200,6.8500,6.6700,6.6800,2868100,19383014.0000,3976
20240802,603197,31.7900,31.5200,31.7900,30.9400,30.9600,2436200,76382575.0000,8351
20240802,603198,49.8000,49.0800,50.2600,49.0000,49.8000,3642282,181579740.0000,13321
20240802,603199,31.4900,31.2000,32.2000,31.0000,31.7600,3573700,112999727.0000,12517
20240802,603200,19.1100,18.9800,19.1500,18.5700,18.6400,1793300,33760635.0000,3522
20240802,603201,15.2400,15.4000,15.4000,15.0600,15.1200,1398873,21264920.0000,6417
20240802,603203,20.7300,20.6000,20.7700,20.1300,20.2200,1240700,25315299.0000,4328
20240802,603206,12.1400,12.0700,12.1900,11.8600,11.8800,1700200,20439116.0000,4326
20240802,603208,16.8300,16.6200,17.0500,16.5600,16.6200,636828,10685477.0000,2898
20240802,603209,13.2500,13.2800,13.7100,13.1200,13.3800,3093327,41599966.0000,6740
20240802,603211,15.4500,15.1500,15.3400,14.7000,14.7700,10807667,161589187.0000,18912
20240802,603212,10.2000,10.1700,10.2600,10.0000,10.0300,4224800,42863157.0000,9695
20240802,603213,7.4100,7.3800,7.4600,7.2800,7.3800,1268700,9399291.0000,3552
20240802,603214,11.0400,11.0000,11.0900,10.7300,10.7400,2061600,22437641.0000,4346
20240802,603215,12.7200,12.6000,12.7700,12.4900,12.5400,1291400,16261754.0000,2094
20240802,603216,9.1000,9.0900,9.1300,9.0000,9.0400,536600,4870843.0000,1507
20240802,603217,14.0300,14.0300,14.2300,13.9000,13.9100,957500,13463838.0000,2368
20240802,603218,10.1900,10.1400,10.3000,10.0800,10.0900,5379100,54827746.0000,8477
20240802,603219,14.9300,14.8100,15.1500,13.9500,14.1000,10240745,149853127.0000,9320
20240802,603220,20.8200,20.5100,21.0200,20.1200,20.1600,14962832,307569850.0000,33527
20240802,603221,9.0800,9.0300,9.1700,8.9500,8.9600,3009100,27216628.0000,5890
20240802,603222,5.8300,5.7500,6.0100,5.7400,5.8500,10146880,60002496.0000,11150
20240802,603223,8.2500,8.2300,8.2900,8.1200,8.2400,6085956,50057210.0000,4962
20240802,603225,13.0000,12.9500,13.0300,12.7200,12.7900,7492787,96081696.0000,17285
20240802,603226,3.3200,3.3000,3.3600,3.2800,3.3200,5046039,16761222.0000,2515
20240802,603227,6.6900,6.6500,6.7900,6.6500,6.6700,5170197,34725014.0000,5095
20240802,603228,26.0600,25.3000,25.6200,24.5700,24.6500,17026932,425182574.0000,50309
20240802,603229,7.4000,7.3000,7.6000,7.3000,7.4400,8605024,64488195.0000,14182
20240802,603230,11.1800,11.1100,11.2500,11.0500,11.0500,1936800,21584590.0000,4913
20240802,603231,16.2600,16.2200,16.8800,16.1500,16.4800,3986265,65980681.0000,6975
20240802,603232,10.6300,10.6800,10.6800,10.3200,10.3300,8194550,85852916.0000,14741
20240802,603233,12.8700,12.8300,13.4200,12.7600,13.1300,14563267,192133152.0000,33161
20240802,603235,26.9900,26.4400,27.3500,26.4400,27.0900,539700,14606588.0000,2171
20240802,603236,46.3800,45.9000,45.9000,44.3300,44.3900,7686649,345995788.0000,26794
20240802,603237,15.2800,15.2900,15.3800,15.1400,15.1600,309480,4720541.0000,851
20240802,603238,9.3200,9.2900,9.4200,9.2000,9.2400,906750,8436701.0000,2475
20240802,603239,13.3100,13.3100,13.3100,12.8900,12.9000,2031265,26520247.0000,5933
20240802,603255,25.0500,25.0500,26.0000,24.7400,25.6000,1024000,26127926.0000,3132
20240802,603256,6.9800,6.8600,7.0300,6.7600,6.7700,12533000,86263178.0000,19719
20240802,603258,15.7900,15.6500,15.8900,15.4200,15.4600,3396609,53227558.0000,8238
20240802,603259,42.3000,42.1800,43.8100,42.0600,42.9100,75936404,3280926465.0000,136615
20240802,603260,47.5000,47.1000,47.7200,47.1000,47.1000,644436,30526962.0000,3202
20240802,603261,32.9000,31.9600,33.4700,31.6300,31.6500,6683843,216846179.0000,16584
20240802,603266,16.7900,16.6200,17.4600,16.5500,17.0600,12075896,206398798.0000,26399
20240802,603267,39.8200,39.3900,40.1000,38.5000,38.5800,11790901,462714680.0000,32020
20240802,603268,13.4700,13.2900,13.4000,13.0000,13.0500,1161400,15358085.0000,1958
20240802,603269,8.4700,8.4100,8.4800,8.1400,8.1900,3169141,26356936.0000,6758
20240802,603270,19.3300,19.3000,20.1200,19.2000,19.4000,4162721,81707315.0000,7596
20240802,603272,8.5500,8.5000,8.7100,8.4500,8.5500,1267715,10921514.0000,2349
20240802,603273,17.8000,17.7000,18.2500,17.5100,17.7900,3976743,71182734.0000,9900
20240802,603275,30.0100,29.8100,30.0700,29.6000,29.8200,336670,10063765.0000,1074
20240802,603276,13.7800,13.6100,14.1800,13.5900,13.9500,2250258,31403987.0000,3638
20240802,603277,24.7800,24.6500,24.7000,23.8700,24.1200,1428421,34428269.0000,4972
20240802,603278,6.5500,7.2100,7.2100,7.2100,7.2100,3493113,25185345.0000,1601
20240802,603279,18.1000,18.1000,18.4000,17.9000,17.9700,1964903,35708552.0000,6284
20240802,603280,18.7300,18.6400,18.8500,18.4000,18.4900,1026300,19123965.0000,3231
20240802,603281,23.5600,23.4500,23.6700,23.3400,23.3900,563146,13233523.0000,2229
20240802,603282,15.7600,15.5400,15.8500,15.3000,15.4200,463200,7240313.0000,1400
20240802,603283,66.9900,65.0000,66.1000,63.4400,63.5500,5100048,329398642.0000,17202
20240802,603285,23.3300,23.2300,23.7900,23.1600,23.5200,5806875,136409599.0000,11324
20240802,603286,19.2400,18.8800,19.1300,17.6400,17.6500,13791700,254638947.0000,23174
20240802,603288,34.6100,34.4500,35.1000,34.4400,34.6500,5554140,193094907.0000,19895
20240802,603289,8.2800,8.2200,8.4200,8.0600,8.3200,6983975,57822524.0000,8493
20240802,603290,93.3200,91.6000,93.2500,89.0000,89.6000,5719750,519815753.0000,25656
20240802,603291,11.0800,10.9500,11.0200,10.8000,10.8600,3012200,32865902.0000,4780
20240802,603296,49.7600,49.3100,49.4900,48.6200,48.7200,1238649,60635740.0000,5629
20240802,603297,58.5000,58.5000,59.5000,57.3000,57.4500,1447202,84557049.0000,6860
20240802,603298,16.4500,16.3700,16.3700,15.6800,15.8000,7147746,113560154.0000,20460
20240802,603299,9.3500,9.2800,9.4000,9.1900,9.3200,4194976,39148367.0000,10519
20240802,603300,4.9300,4.9000,4.9500,4.8600,4.8700,10414979,51039219.0000,7074
20240802,603301,20.9200,20.8500,21.4100,20.8400,20.9400,591896,12525384.0000,2747
20240802,603303,11.7600,11.7800,12.0700,11.6800,11.7600,1765400,21026005.0000,4543
20240802,603305,9.9800,9.8900,10.0200,9.8100,9.8500,6657124,65928435.0000,13024
20240802,603306,18.4100,18.2100,18.7000,18.1700,18.3700,5160100,95453817.0000,10471
20240802,603307,32.2500,32.1000,32.8900,31.9100,32.7100,668572,21786884.0000,1681
20240802,603308,12.4600,12.3900,12.7400,12.3200,12.3800,8190440,102420888.0000,16454
20240802,603309,11.2700,11.2700,11.7000,11.2100,11.2700,4939641,56515580.0000,11174
20240802,603311,8.5900,8.5500,8.6300,8.4700,8.4700,1162800,9950703.0000,2568
20240802,603312,26.8800,26.4000,27.2000,26.3800,27.0100,2269879,61094908.0000,5230
20240802,603313,6.5700,6.5600,6.6000,6.4400,6.4500,4033130,26294634.0000,6452
20240802,603315,10.2600,10.2400,10.4100,10.1000,10.1300,2089600,21464542.0000,4198
20240802,603316,3.7500,3.7400,3.7900,3.6800,3.7400,3968400,14881208.0000,3795
20240802,603317,10.3300,10.2500,10.5500,10.1600,10.3600,6339480,65905756.0000,15336
20240802,603318,5.8500,5.8600,5.8600,5.7600,5.7800,2361300,13737213.0000,4525
20240802,603319,15.9000,15.6000,15.8500,15.3400,15.3900,2815280,43923583.0000,5082
20240802,603320,14.2800,14.0100,14.0700,13.5300,13.5900,5774280,79620766.0000,12067
20240802,603321,6.4700,6.4500,6.4700,6.3500,6.3700,2576062,16522067.0000,5345
20240802,603322,26.6300,26.5800,27.0700,26.2700,26.3500,3064200,81555494.0000,6023
20240802,603323,4.8400,4.8300,4.9300,4.8100,4.8700,21860663,106498709.0000,19266
20240802,603324,23.2400,22.8600,23.1000,22.1700,22.3100,3596220,81414892.0000,7557
20240802,603325,63.5800,63.3700,64.5700,62.1000,62.5100,329698,20757494.0000,1553
20240802,603326,5.5600,5.5700,5.6200,5.5000,5.5200,2478700,13777394.0000,4498
20240802,603327,12.1200,12.0800,12.0800,11.6400,11.6800,9608965,113823546.0000,16511
20240802,603328,7.6600,7.5700,7.5900,7.3100,7.3500,25412900,189666403.0000,24573
20240802,603329,11.3400,11.3000,11.4100,11.1600,11.1800,1535200,17343952.0000,2813
20240802,603330,4.7700,4.7300,4.8200,4.7100,4.7300,4581662,21859294.0000,5094
20240802,603331,8.9700,8.9700,9.5600,8.8800,9.0200,5336300,48902306.0000,10129
20240802,603332,7.6000,7.6000,7.6300,7.4800,7.4900,3034562,22964831.0000,5872
20240802,603333,3.1600,3.1600,3.1600,3.0900,3.1000,6154100,19241563.0000,7669
20240802,603335,4.2500,4.2300,4.2800,4.1600,4.2100,4652596,19647070.0000,4786
20240802,603336,3.1300,3.1200,3.2200,3.0900,3.1700,20476851,64983922.0000,9642
20240802,603337,26.8600,26.7000,28.2000,26.1100,26.8500,4349070,118629518.0000,21236
20240802,603338,52.6800,52.3300,53.4800,51.3900,51.5600,3187357,166218670.0000,15079
20240802,603339,9.6900,9.6700,9.6700,9.5200,9.5600,1989500,19091026.0000,4005
20240802,603341,39.0100,38.5000,38.7900,36.6100,36.7000,5216368,195540505.0000,15529
20240802,603344,22.4700,22.3000,22.7900,22.1300,22.5100,2909099,65575568.0000,5829
20240802,603345,76.3400,76.3000,77.5600,75.6100,76.1000,2143995,164387331.0000,9401
20240802,603348,24.3000,24.1700,24.2300,23.4500,23.5600,4176523,99477178.0000,11499
20240802,603350,34.5400,33.6800,37.9600,33.2900,35.5500,14068503,497081656.0000,34239
20240802,603351,20.6700,20.5100,21.1900,20.4500,20.7300,521700,10888810.0000,1555
20240802,603353,12.2100,12.1600,12.3700,12.0200,12.1900,1429190,17471915.0000,3645
20240802,603355,21.4000,21.3800,21.7300,21.1100,21.3300,2168300,46555145.0000,7495
20240802,603356,13.0800,12.9500,13.2800,12.8600,12.9200,2919500,37995227.0000,3276
20240802,603357,8.5700,8.5000,8.8700,8.4300,8.7100,19968500,173784672.0000,17937
20240802,603358,30.2500,30.0000,30.6000,30.0000,30.0800,1927254,58343913.0000,5481
20240802,603359,3.6600,3.6500,3.7000,3.6000,3.6200,5436140,19817562.0000,5782
20240802,603360,11.2700,11.2900,11.7300,11.1500,11.3900,5882112,67683159.0000,6599
20240802,603363,3.8700,3.8700,3.9200,3.8100,3.8400,16030729,61917858.0000,3194
20240802,603365,13.2400,13.1300,13.3300,13.0800,13.2000,1468300,19392766.0000,4482
20240802,603366,3.6300,3.6300,3.7100,3.6100,3.6500,8706100,32022501.0000,8602
20240802,603367,13.2300,13.1500,13.4800,13.0800,13.2900,3497700,46703510.0000,10059
20240802,603368,17.1000,16.9600,17.4000,16.9400,17.0600,5200420,89475870.0000,13382
20240802,603369,43.1100,42.8000,43.5100,42.6000,42.9500,3110845,134206051.0000,11471
20240802,603373,27.7300,27.4900,30.5000,27.3800,30.5000,5239209,153066838.0000,8326
20240802,603375,38.5600,38.0000,41.9800,37.7900,39.3600,7041257,281932788.0000,19516
20240802,603377,1.4500,1.4300,1.5200,1.4200,1.4800,18722982,27784958.0000,2579
20240802,603378,6.3900,6.3900,6.9200,6.3400,6.6600,12759201,85571798.0000,10645
20240802,603379,31.0100,30.6900,32.1300,30.6100,30.9100,5990266,188315531.0000,22898
20240802,603380,18.7300,18.7000,18.7600,18.3800,18.4600,1147100,21301898.0000,4287
20240802,603381,23.9500,23.7200,24.6700,23.7000,24.0800,6944358,168599704.0000,15265
20240802,603383,32.2100,32.0100,32.6600,31.9000,32.2800,3385244,109333901.0000,8086
20240802,603385,5.6100,5.5800,5.6600,5.5100,5.5500,2185200,12206191.0000,5772
20240802,603386,12.4100,12.3900,12.6300,11.9400,11.9500,14999520,182890079.0000,17478
20240802,603387,7.6800,7.6600,7.9700,7.6500,7.7500,3707960,29047144.0000,7372
20240802,603388,2.0500,2.0300,2.1000,2.0100,2.0300,12596743,25641335.0000,1692
20240802,603389,5.2800,5.2400,5.4000,5.2200,5.2600,17703420,94100643.0000,10383
20240802,603390,8.8600,9.7500,9.7500,9.7500,9.7500,6108770,59560508.0000,4084
20240802,603391,52.9800,51.3500,52.1500,48.9000,49.0400,9480960,476564995.0000,33730
20240802,603392,67.9900,67.8800,69.2500,67.0000,67.9200,2368310,161811783.0000,9062
20240802,603393,35.5600,35.4000,35.7600,35.1500,35.3000,1829160,64662034.0000,8687
20240802,603396,27.7700,27.7500,28.1000,27.1200,27.1600,2928529,80879478.0000,11015
20240802,603398,15.3200,15.1500,15.7000,15.1300,15.1900,1314400,20199191.0000,3149
20240802,603399,6.3800,6.3100,6.4800,6.3000,6.3300,5236900,33434560.0000,9611
20240802,603408,11.2200,11.1600,11.4600,11.0500,11.2300,2682300,30366063.0000,9476
20240802,603416,32.6000,32.5100,32.5900,31.2900,31.4700,3889530,123721628.0000,14698
20240802,603421,4.3200,4.2400,4.3300,4.1600,4.1600,12108883,51318305.0000,15413
20240802,603429,4.0200,4.0000,4.0900,3.9500,3.9700,7501735,30176229.0000,9822
20240802,603439,11.6400,11.5600,12.1000,11.5200,11.6800,11837200,140213069.0000,19194
20240802,603444,163.6000,162.2200,165.8500,162.0000,163.0000,656093,107648855.0000,4277
20240802,603456,14.0600,13.9900,14.6600,13.9400,14.2500,18096635,260056615.0000,26627
20240802,603458,5.7700,5.7000,5.7500,5.5300,5.5600,15011250,84560435.0000,11030
20240802,603466,7.5000,7.4800,7.5600,7.3500,7.3600,4129044,30800424.0000,7581
20240802,603477,21.7600,21.8000,23.0300,21.3300,22.2200,12773405,285455920.0000,35991
20240802,603486,40.7300,40.2000,41.4100,39.8800,39.9900,5045090,204000870.0000,18906
20240802,603488,7.9900,7.9300,8.0500,7.8600,7.9000,1876800,14891749.0000,1925
20240802,603489,18.8600,18.8000,19.0300,18.4800,18.5200,1908376,35792352.0000,7426
20240802,603496,23.3300,23.0200,23.2200,22.4100,22.4400,7262836,165575706.0000,19023
20240802,603499,16.0800,15.9000,16.4700,15.7000,15.9100,7537990,121310803.0000,16230
20240802,603500,6.9200,6.7900,6.8800,6.6600,6.7400,5805008,39355497.0000,7495
20240802,603501,101.9000,100.0000,101.3500,98.7200,99.0100,10194205,1014873916.0000,46180
20240802,603505,26.4500,26.4500,26.9800,26.0800,26.4800,2980438,79489309.0000,7217
20240802,603506,7.7200,7.7000,7.8500,7.6700,7.6800,3473200,26913626.0000,5019
20240802,603507,22.4200,22.2400,22.4200,21.5800,21.7100,4104293,89805109.0000,9711
20240802,603508,20.7300,20.4000,20.5900,19.7800,19.8200,14464472,291503565.0000,32031
20240802,603511,10.8500,10.8200,10.8800,10.7100,10.7900,720900,7789979.0000,2048
20240802,603515,15.7000,15.6800,15.8800,15.4000,15.4900,1173400,18281261.0000,4111
20240802,603516,32.7200,30.8100,31.9800,30.3700,30.4600,13865498,429918962.0000,33730
20240802,603517,15.0500,14.9300,15.2400,14.9000,14.9800,6533464,98587803.0000,15089
20240802,603518,7.1200,7.1000,7.1500,7.0300,7.0500,3518700,24955993.0000,5640
20240802,603519,9.4100,9.3900,9.4200,9.3100,9.3500,1648980,15444196.0000,2809
20240802,603520,9.3500,9.2600,9.6800,9.2200,9.4000,5579232,53066772.0000,10203
20240802,603527,7.0100,6.9600,7.0400,6.8700,6.9000,2799860,19524729.0000,5183
20240802,603528,6.4600,6.3900,6.5400,6.3100,6.3200,18754500,120369232.0000,22005
20240802,603529,28.4200,28.4000,28.4000,27.2000,27.3500,5520842,153039443.0000,23461
20240802,603530,23.4400,23.2400,23.6300,22.8000,23.0800,2335400,54215162.0000,9496
20240802,603533,17.3300,17.1900,17.6900,17.0200,17.0300,8900500,154161053.0000,21506
20240802,603535,15.3800,15.1800,15.2800,15.0200,15.1100,3315710,50170723.0000,6198
20240802,603536,7.6600,7.6400,7.8300,7.5900,7.7600,5517640,42821415.0000,7722
20240802,603538,12.0700,12.0100,12.3900,11.9300,12.2500,3225655,39581751.0000,6684
20240802,603551,9.8300,9.8600,9.9300,9.6900,9.8300,862100,8482733.0000,2498
20240802,603556,41.7100,41.4800,41.4900,40.4100,40.7200,2105602,85910354.0000,10250
20240802,603557,1.9100,1.9200,1.9200,1.8500,1.8800,2969300,5553478.0000,571
20240802,603558,8.3200,8.2200,8.4300,8.2200,8.3400,4258000,35537200.0000,11454
20240802,603559,4.5000,4.5000,4.5400,4.3900,4.4900,1154673,5142722.0000,556
20240802,603565,8.8100,8.7300,8.7800,8.6200,8.6700,4192215,36498676.0000,9295
20240802,603566,12.5900,12.5000,12.8800,12.4500,12.6000,3046100,38763549.0000,7192
20240802,603567,10.9700,11.0200,11.3000,10.9400,11.1000,3230500,36054623.0000,8476
20240802,603568,18.5400,18.5400,18.6900,18.3000,18.3900,2888812,53541009.0000,9808
20240802,603569,7.1600,7.1100,7.2100,7.0100,7.0200,13295200,94317578.0000,15571
20240802,603577,6.9400,6.8900,6.9500,6.7900,6.8000,3482200,23939070.0000,7481
20240802,603578,11.3100,11.2300,11.3500,11.1100,11.1700,437622,4923148.0000,1199
20240802,603579,13.6200,13.6900,13.7500,13.3500,13.4000,1830060,24835675.0000,6468
20240802,603580,20.4900,20.1600,20.2300,19.6200,19.9000,9321400,185305770.0000,18988
20240802,603583,17.6100,17.3700,17.6300,17.1700,17.1900,5144900,89401774.0000,13977
20240802,603585,9.9600,9.8600,10.1700,9.8500,10.0100,782280,7866096.0000,2246
20240802,603586,12.3300,12.3200,12.4200,12.1000,12.1400,5581500,68480732.0000,8721
20240802,603587,10.6200,10.5300,10.6300,10.4800,10.5200,1161325,12262615.0000,2666
20240802,603588,5.2600,5.2200,5.2500,5.1500,5.1600,9620688,50014980.0000,13373
20240802,603589,37.6400,37.4800,37.9400,37.3400,37.4800,1971105,74246197.0000,6631
20240802,603590,23.6000,23.6100,24.5000,23.5000,24.0100,1276500,30844869.0000,3926
20240802,603595,17.9500,17.9000,17.9500,17.1800,17.4300,2530600,44342459.0000,7669
20240802,603596,40.5500,40.0100,40.5600,39.0400,39.0800,4475848,176937794.0000,16261
20240802,603598,12.9300,12.7800,13.0600,12.6600,12.6800,11967000,153907153.0000,18568
20240802,603599,10.9400,10.9200,11.0500,10.7700,10.8800,4054034,44249019.0000,6083
20240802,603600,9.5100,9.4800,9.5000,9.2100,9.3000,2277250,21271324.0000,4703
20240802,603601,2.7400,2.7100,2.7600,2.7000,2.7000,7104140,19435019.0000,6637
20240802,603602,13.5800,13.2500,13.9700,13.2500,13.7700,16303105,222817116.0000,16241
20240802,603605,87.4700,86.2900,89.0000,86.1800,86.6700,1487786,130555639.0000,9454
20240802,603606,50.1400,49.7200,50.8400,49.5100,49.7900,3622200,181360410.0000,13460
20240802,603607,13.1500,12.9100,13.0500,12.6000,12.6000,6983354,89556238.0000,8500
20240802,603608,2.3600,2.3600,2.4100,2.3400,2.3900,1483161,3537760.0000,483
20240802,603609,7.0100,6.9500,7.1200,6.9400,7.0300,2994300,21112395.0000,7997
20240802,603610,9.5300,9.4600,9.5300,9.3400,9.3400,3005128,28293463.0000,5459
20240802,603611,16.2300,16.0900,16.2600,15.8000,15.8200,2876900,46124533.0000,5851
20240802,603612,11.5400,11.4800,11.5500,11.3300,11.4200,4073303,46639593.0000,12023
20240802,603613,21.7600,21.6300,21.7200,20.8200,20.8500,14733255,312619604.0000,19768
20240802,603615,11.0100,10.9500,11.3300,10.8900,10.9300,3887350,43288383.0000,7794
20240802,603616,2.9200,2.9200,2.9400,2.8700,2.8700,7142900,20779366.0000,4556
20240802,603617,5.6000,5.5600,5.6000,5.4400,5.4600,7284100,40266875.0000,8703
20240802,603618,4.4600,4.4200,4.4800,4.3700,4.3900,8666800,38330047.0000,9616
20240802,603619,20.7200,20.3600,20.6400,20.1700,20.3900,4476206,91503678.0000,9978
20240802,603626,5.0800,5.0500,5.1800,5.0100,5.0200,15938000,81028943.0000,20133
20240802,603628,13.2100,13.1800,13.7200,13.1300,13.1800,16163500,216075993.0000,23326
20240802,603629,17.1500,16.9100,17.1100,16.5700,16.5900,3925240,66060842.0000,10638
20240802,603630,10.1100,10.0600,10.1800,9.9900,10.0200,1318420,13292245.0000,4096
20240802,603633,7.4000,7.3600,7.5800,7.2700,7.3500,8122420,60423195.0000,13165
20240802,603636,8.0700,7.9900,8.1500,7.8800,7.8900,11949600,95437337.0000,11420
20240802,603637,5.9700,5.9500,5.9500,5.8300,5.8600,1334417,7857654.0000,2283
20240802,603638,14.2900,14.2000,14.3300,14.1100,14.1300,1563700,22213785.0000,5746
20240802,603639,11.5400,11.4000,11.6500,11.3500,11.4300,2653436,30525252.0000,5101
20240802,603648,8.4600,8.4000,8.5300,8.3100,8.3200,5599400,47044016.0000,7348
20240802,603650,28.4800,28.1400,28.5300,27.5300,27.5600,6101374,170812390.0000,13159
20240802,603655,14.3900,14.2800,14.6700,14.0200,14.0900,757400,10768751.0000,2425
20240802,603656,10.3800,10.3000,10.4500,10.1400,10.1600,2669700,27467768.0000,4336
20240802,603657,11.7600,11.6600,11.6600,11.2300,11.2400,7935590,89963934.0000,11369
20240802,603658,40.8900,40.8900,43.0400,40.6100,41.7600,5601670,236744912.0000,21521
20240802,603659,12.6900,12.6200,12.9400,12.5600,12.5700,15002904,190797636.0000,22041
20240802,603660,5.2700,5.3800,5.3800,5.1500,5.1600,16537696,86823295.0000,18654
20240802,603661,34.0100,33.9000,34.5900,33.4200,33.8800,595938,20349052.0000,3062
20240802,603662,24.1500,24.0000,24.4400,23.4900,23.6600,18003734,428632077.0000,38755
20240802,603663,14.0600,14.0000,14.4200,13.8100,13.9600,12162723,171956004.0000,18246
20240802,603665,19.5300,17.5800,17.5800,17.5800,17.5800,923900,16242162.0000,1114
20240802,603666,14.7400,14.5000,14.7300,14.2500,14.2800,2892278,41963071.0000,9521
20240802,603667,15.4400,15.2700,15.3700,14.8700,14.8900,8884828,134340990.0000,11380
20240802,603668,11.8300,11.7600,12.0800,11.6000,11.6900,4086780,48355181.0000,7415
20240802,603669,4.6400,4.6900,4.6900,4.5800,4.6300,1865250,8642646.0000,2758
20240802,603676,8.2100,8.1700,8.5200,8.1000,8.3800,4723371,39675831.0000,9493
20240802,603677,11.5200,11.5000,11.6000,11.3600,11.3600,1106900,12692640.0000,3251
20240802,603678,26.0000,25.8600,26.1000,24.8600,24.9000,8443746,214675378.0000,21409
20240802,603679,12.6000,12.3500,12.9000,11.9400,11.9400,17822689,221278504.0000,19505
20240802,603680,7.7800,7.6400,7.6400,7.3500,7.3800,10725780,80154393.0000,11445
20240802,603681,11.1700,11.1200,11.1900,10.9500,10.9800,2977900,32962518.0000,6526
20240802,603682,3.8500,3.8300,3.8700,3.8000,3.8100,4746100,18171659.0000,4798
20240802,603683,7.7100,7.6700,7.7100,7.5800,7.5800,2426220,18535797.0000,4767
20240802,603685,11.0000,10.9000,11.0500,10.7500,10.8200,862800,9414771.0000,2530
20240802,603686,9.6400,9.5000,10.5800,9.5000,9.9800,43054227,433086287.0000,30438
20240802,603687,6.9100,6.8600,6.9700,6.8300,6.8800,2622800,18129550.0000,3843
20240802,603688,27.8400,27.5600,27.8700,26.9800,27.0400,6849746,187377833.0000,17125
20240802,603689,9.0900,9.0500,9.0900,8.9100,8.9700,4741760,42662777.0000,6266
20240802,603690,22.4200,22.1500,22.5100,21.8900,21.9100,4492469,99648759.0000,12123
20240802,603693,11.0800,11.0600,11.1000,10.9200,10.9300,4248280,46742383.0000,9414
20240802,603696,6.6200,6.5900,6.7200,6.5900,6.6200,2049600,13649777.0000,2798
20240802,603697,5.8200,5.8000,5.8700,5.7200,5.7900,2478660,14420873.0000,5377
20240802,603698,12.7500,12.7500,13.1300,12.5000,12.5600,7051467,90134801.0000,12844
20240802,603699,18.1500,18.0400,18.2400,17.5700,17.6000,4072691,72656031.0000,13108
20240802,603700,9.3300,9.3300,9.3300,9.1700,9.2000,936100,8670642.0000,1785
20240802,603701,10.6100,10.5000,10.7000,10.4900,10.5100,1666800,17656769.0000,3497
20240802,603703,9.4600,9.6800,10.4100,9.6000,10.4100,26306191,269677980.0000,10503
20240802,603706,16.0500,15.9900,16.0300,15.5700,15.5800,1963100,30923182.0000,3837
20240802,603707,12.0800,12.0500,12.5700,11.9700,12.4500,5454179,67567101.0000,11032
20240802,603708,8.3100,8.2900,8.3900,8.2600,8.3000,1967800,16397729.0000,4699
20240802,603709,9.1800,9.1900,9.2700,8.9600,9.0400,920786,8411794.0000,2055
20240802,603711,11.7700,11.7200,11.9200,11.6200,11.6400,1640000,19296037.0000,5649
20240802,603712,18.0600,17.8800,18.4500,17.7800,17.9300,8065378,146093325.0000,18374
20240802,603713,52.8200,52.9000,53.0200,49.1200,49.1700,3327772,168382648.0000,16248
20240802,603716,7.0500,6.8500,7.4900,6.6900,7.1300,38079910,272628379.0000,32570
20240802,603717,5.9300,5.8700,5.9600,5.7800,5.8200,5123500,30128250.0000,3278
20240802,603718,6.5100,6.4600,6.6800,6.4300,6.5100,8043900,52932761.0000,9630
20240802,603719,11.0600,10.9700,11.2400,10.9700,11.0700,3093000,34404406.0000,8230
20240802,603721,21.9500,21.8700,24.0000,21.7800,22.6400,18776500,428739303.0000,42841
20240802,603722,37.8900,38.0000,38.0400,37.2600,37.6400,226900,8561683.0000,886
20240802,603725,6.1100,6.0600,6.1600,6.0000,6.0300,2410336,14684739.0000,3510
20240802,603726,13.7500,13.6000,13.7700,13.3500,13.3700,3676999,49804903.0000,8891
20240802,603727,11.3200,11.2500,11.3600,10.9700,11.0300,4082000,45623092.0000,12504
20240802,603728,41.9900,40.7100,41.7600,39.7000,39.9200,15798271,641591548.0000,48875
20240802,603729,12.8400,12.7400,13.1600,12.7000,12.7400,3889900,50255219.0000,9645
20240802,603730,8.9300,8.8300,8.9500,8.7500,8.7700,1684301,14875601.0000,4694
20240802,603733,17.1400,17.0500,17.1100,16.7000,16.7700,2883401,48753940.0000,9036
20240802,603737,31.0000,30.8500,30.8500,29.3300,29.6400,8309249,249743504.0000,28865
20240802,603738,13.7100,13.5600,13.7400,13.2700,13.3000,7748932,104646393.0000,12444
20240802,603739,13.0800,13.0500,14.3900,12.9400,13.5900,34415280,473375118.0000,52261
20240802,603755,22.3500,22.3400,22.5400,22.1800,22.3000,176200,3940447.0000,849
20240802,603757,19.3200,19.3500,19.7700,19.2400,19.6500,1110500,21713122.0000,2275
20240802,603758,7.3300,7.2800,7.3200,7.1700,7.1800,1998900,14497834.0000,3583
20240802,603759,5.8600,5.8400,5.8900,5.7700,5.7800,1745500,10163236.0000,2362
20240802,603766,6.7500,6.7300,7.0000,6.6300,6.8000,37229804,253841155.0000,34521
20240802,603767,11.4300,11.3900,11.3900,11.1300,11.1400,5397456,60823655.0000,8618
20240802,603768,10.9200,10.8200,11.0300,10.7600,10.7700,1397200,15247177.0000,3646
20240802,603773,20.2000,19.9800,20.6800,19.8200,20.0200,6925905,139992670.0000,14266
20240802,603776,12.5600,12.3500,12.3600,11.8000,11.8300,15872167,190816348.0000,16529
20240802,603777,8.8500,8.8400,8.9900,8.7900,8.8300,2026845,18043112.0000,3731
20240802,603778,2.7600,2.7500,2.7900,2.7300,2.7400,7257700,20047729.0000,3748
20240802,603779,8.0900,8.0100,8.1200,8.0100,8.0800,1777400,14351297.0000,2039
20240802,603786,49.8500,49.6600,50.0000,48.1200,48.6000,2928100,143500747.0000,13416
20240802,603787,9.7800,9.7500,9.8300,9.6300,9.6500,1583600,15460979.0000,3905
20240802,603788,11.8400,11.7800,11.9600,11.7100,11.7200,1709100,20242997.0000,5012
20240802,603789,7.5300,7.4000,7.6500,7.3200,7.3700,9198920,68144517.0000,7812
20240802,603790,9.2800,9.2700,9.3400,9.1900,9.1900,2065710,19139925.0000,3366
20240802,603797,3.3400,3.3200,3.3600,3.3000,3.3000,4019400,13388580.0000,3545
20240802,603798,8.0700,8.0900,8.1300,7.9300,7.9400,1578400,12657458.0000,4261
20240802,603799,23.1200,22.8900,23.2100,22.7000,22.8100,22305991,511189615.0000,35723
20240802,603800,19.7800,19.7400,20.5000,19.5500,19.9800,2014600,40627161.0000,4366
20240802,603801,10.9800,10.9200,11.0900,10.8000,10.8500,2913900,31841615.0000,6492
20240802,603803,6.0900,6.0800,6.0800,5.8500,5.8700,7244400,43067066.0000,11465
20240802,603806,15.1500,15.1300,15.3900,14.7400,14.8000,22044158,330379856.0000,31225
20240802,603808,6.2400,6.1800,6.2700,6.1400,6.1700,1632941,10149106.0000,3186
20240802,603809,8.0200,7.9700,8.0600,7.7200,7.7600,9814166,77251894.0000,16343
20240802,603810,8.2100,8.1700,8.3200,8.0800,8.1600,2668728,21938102.0000,4231
20240802,603811,6.4400,6.5000,6.5800,6.3700,6.4400,6290170,40821995.0000,10255
20240802,603813,9.6800,9.6000,9.7800,9.4800,9.6100,740300,7160364.0000,2006
20240802,603815,5.5100,5.4800,5.5400,5.4500,5.4700,2123500,11688330.0000,3277
20240802,603816,24.6200,24.5100,25.5300,24.3000,25.2000,8955522,225617030.0000,30459
20240802,603817,4.7500,4.7400,4.7800,4.6900,4.7100,3714700,17586068.0000,4993
20240802,603818,2.5200,2.5100,2.5300,2.4400,2.4500,11377900,28340498.0000,9351
20240802,603819,9.9300,9.9000,9.9000,9.4500,9.4600,1603554,15407801.0000,2991
20240802,603822,20.0700,20.0500,20.5000,19.9400,20.1300,494922,10007682.0000,1275
20240802,603823,9.6300,9.6000,9.7300,9.4700,9.5000,4080200,39154495.0000,9632
20240802,603825,8.6900,8.6700,8.7800,8.4900,8.5000,8912500,77022563.0000,10618
20240802,603826,29.1200,28.9400,30.0300,28.4300,28.5100,2388303,69492141.0000,7139
20240802,603828,1.6700,1.6600,1.6700,1.6000,1.6200,7858771,12876065.0000,825
20240802,603829,12.0500,11.8900,12.0700,11.8000,11.9000,1914632,22824424.0000,3604
20240802,603833,44.4100,43.9900,44.9000,43.3600,43.5900,2479100,109177567.0000,7491
20240802,603836,12.1300,12.1300,12.1800,11.9500,11.9800,986700,11921113.0000,2668
20240802,603838,4.4200,4.3900,4.5000,4.3300,4.3800,4104500,18151879.0000,3706
20240802,603839,4.4400,4.3900,4.4800,4.3700,4.4400,1959628,8711912.0000,3290
20240802,603843,2.8100,2.7800,2.8400,2.7200,2.7400,13487845,37414374.0000,7032
20240802,603848,13.4200,13.3500,13.3600,13.0000,13.0500,3366469,44136693.0000,4712
20240802,603855,19.5700,19.4600,19.5100,18.9500,19.0000,1826385,34996575.0000,6186
20240802,603856,10.4100,10.4000,10.4100,10.1300,10.1700,2264240,23246794.0000,3998
20240802,603858,15.2400,15.1500,15.5300,15.1500,15.2800,4671906,71975969.0000,9899
20240802,603859,18.4800,18.3000,18.5200,17.8000,17.9100,4610136,83695953.0000,10457
20240802,603860,27.0600,26.8900,28.5000,26.7000,26.9400,4415100,121166925.0000,9320
20240802,603861,7.8700,7.8000,7.9500,7.7500,7.7600,2736400,21471763.0000,7777
20240802,603863,22.9300,22.6400,24.1800,22.3400,23.6800,10022600,233077026.0000,20999
20240802,603866,5.5100,5.5000,5.6000,5.4700,5.5100,5209873,28902678.0000,7177
20240802,603867,21.5800,21.4500,21.6000,21.1000,21.1800,982150,20934250.0000,2669
20240802,603868,37.6100,37.3700,37.9600,37.0700,37.1800,599700,22471861.0000,2854
20240802,603869,4.6200,4.6200,4.6200,4.4900,4.5000,2828975,12891685.0000,1014
20240802,603871,18.4300,18.2000,18.6000,18.1200,18.4700,8569853,158170435.0000,24335
20240802,603876,9.0300,8.9800,9.0500,8.8500,8.8600,4164460,37217370.0000,6285
20240802,603877,13.6200,13.4900,13.6700,13.4600,13.6100,1098645,14913370.0000,2747
20240802,603878,6.1900,6.1500,6.1800,6.0600,6.0900,3586632,21868820.0000,5216
20240802,603879,2.7400,2.7400,2.8600,2.7100,2.7100,14990230,41840334.0000,3871
20240802,603880,3.5100,3.5400,3.6100,3.4800,3.5200,4013900,14272114.0000,3755
20240802,603881,13.2600,13.2000,13.3000,12.8800,12.9100,5045178,65980348.0000,10622
20240802,603882,29.6000,29.6200,31.5000,29.4900,29.7800,13914529,425120501.0000,45491
20240802,603883,13.4900,13.4800,13.9900,13.3300,13.5700,42058089,577199239.0000,66372
20240802,603885,11.2700,11.1400,11.4700,11.1300,11.2700,8499228,96411750.0000,11372
20240802,603886,14.3400,14.3100,14.4100,14.2800,14.3300,669800,9620026.0000,1651
20240802,603887,5.6000,5.5500,5.5900,5.3800,5.4100,8967360,49132024.0000,8715
20240802,603888,20.6200,20.4600,20.7800,20.0300,20.0600,5652600,115198437.0000,11501
20240802,603889,6.3700,6.3000,6.3900,6.2100,6.2300,4940821,31108411.0000,5533
20240802,603890,8.5500,8.3900,8.4700,8.2100,8.2400,10577699,88270843.0000,16562
20240802,603893,62.1900,61.1000,61.9300,60.1000,60.6200,4606218,280513401.0000,19263
20240802,603895,17.4200,17.3000,17.6500,16.9600,17.2300,849400,14775614.0000,2578
20240802,603896,22.6800,22.6100,23.1500,22.4500,22.7300,1630180,37368332.0000,4894
20240802,603897,17.8000,17.6800,18.0400,17.4000,17.6100,2776600,49428522.0000,9254
20240802,603898,7.4400,7.3000,7.4600,7.2900,7.3800,2057123,15217129.0000,2313
20240802,603899,29.3700,29.1800,29.9100,29.1000,29.4100,2976645,88004748.0000,10836
20240802,603900,5.1200,5.1800,5.6300,5.0500,5.6300,43911160,235509857.0000,28872
20240802,603901,6.6600,6.6100,6.6800,6.4800,6.5100,4357600,28691735.0000,7745
20240802,603903,6.1500,6.1000,6.1700,6.0100,6.0700,2534900,15452956.0000,3825
20240802,603906,7.2200,7.1900,7.3100,7.1100,7.1200,4912086,35484752.0000,11221
20240802,603908,19.2600,19.0800,19.3900,19.0100,19.1600,517678,9935530.0000,1674
20240802,603909,7.6900,7.7000,7.7700,7.6000,7.6100,1655700,12711356.0000,5183
20240802,603912,6.3500,6.2800,6.3400,6.1600,6.2200,12455228,77809683.0000,9637
20240802,603915,9.2000,9.2000,9.2500,8.9000,8.9300,5977840,54148762.0000,11719
20240802,603916,6.5500,6.5100,6.6200,6.4800,6.5300,2121400,13922757.0000,3703
20240802,603917,10.6800,10.5400,11.7500,10.5200,11.7500,9342315,106573215.0000,9041
20240802,603918,9.9600,9.8900,10.0100,9.6400,9.6600,9079549,89196790.0000,16533
20240802,603919,18.1500,18.0000,18.3200,17.9700,18.0000,2012120,36497161.0000,6853
20240802,603920,21.1300,20.6100,20.9400,19.9700,19.9900,24944604,506654620.0000,56915
20240802,603922,15.5600,15.4900,15.6300,15.3700,15.5500,963980,14953777.0000,1156
20240802,603926,8.2000,8.2400,8.2400,8.0400,8.0900,1511990,12330355.0000,3909
20240802,603927,17.1800,17.0600,17.3500,16.8700,16.9300,5872906,100460092.0000,12304
20240802,603928,7.5900,7.6000,7.6400,7.4800,7.5000,1711420,12951323.0000,3818
20240802,603929,24.9300,24.5100,24.6700,23.9000,23.9300,5087800,123656736.0000,12921
20240802,603931,19.9100,19.6900,19.9000,19.2900,19.3700,1599624,31404558.0000,3690
20240802,603933,12.7300,12.7300,12.7300,12.2700,12.2700,2385300,29706821.0000,8113
20240802,603936,7.9600,7.9000,7.9100,7.6000,7.6300,22915100,177727270.0000,28342
20240802,603937,7.7400,7.7200,7.8300,7.6200,7.6500,1380700,10658262.0000,2146
20240802,603938,10.6000,10.5500,10.7200,10.4300,10.4500,1249336,13196849.0000,3886
20240802,603939,20.1400,20.0800,21.2100,20.0100,20.7300,18775502,390575384.0000,54803
20240802,603948,15.6900,15.6300,15.6700,15.4100,15.4100,655500,10190512.0000,1706
20240802,603949,10.8400,10.7600,10.9000,10.5500,10.6000,1106300,11880318.0000,4099
20240802,603950,13.3200,13.1500,13.8000,13.1000,13.3200,8672360,116295324.0000,15212
20240802,603955,9.6100,9.6100,9.6300,8.9400,8.9400,10617490,97450619.0000,13898
20240802,603956,4.9800,4.9500,5.0300,4.9100,4.9100,2127700,10565774.0000,4274
20240802,603958,8.9500,8.9900,9.1900,8.7200,9.1300,11416161,102935686.0000,12793
20240802,603959,1.7400,1.7300,1.7700,1.7000,1.7000,10288100,17850461.0000,1492
20240802,603960,21.7100,21.3500,21.5900,20.6300,20.7100,22770500,479492899.0000,41422
20240802,603963,3.1400,3.1300,3.3000,3.0800,3.2800,9899169,31853398.0000,3283
20240802,603966,6.5600,6.5200,6.6000,6.4200,6.4400,2716412,17674193.0000,6177
20240802,603967,8.9900,8.8900,9.0000,8.8300,8.8600,1965100,17514284.0000,4554
20240802,603968,9.3500,9.3000,9.4700,9.2600,9.2800,1194700,11193836.0000,3492
20240802,603969,4.4300,4.4200,4.4500,4.3600,4.3700,5993498,26411336.0000,5929
20240802,603970,12.8500,12.7800,13.3100,12.7200,12.7600,2719840,35263204.0000,6711
20240802,603976,14.4500,14.3300,14.6500,14.2700,14.3800,1023900,14839874.0000,2145
20240802,603977,9.4800,9.4500,10.4300,9.3800,10.0100,18030529,181014935.0000,16623
20240802,603978,9.0800,9.0600,9.1100,8.7100,8.7500,2685826,23990276.0000,6263
20240802,603979,40.5700,39.9900,41.0800,39.3100,40.5700,6611659,267202682.0000,33191
20240802,603980,3.4500,3.4300,3.5000,3.4200,3.4400,4646340,16106395.0000,7423
20240802,603982,8.1700,8.1100,8.9900,8.0300,8.5700,14593545,127059247.0000,16737
20240802,603983,22.4300,22.2700,22.6700,21.9600,22.2800,4153172,92858459.0000,14590
20240802,603985,11.4100,11.3500,11.6000,11.1300,11.1400,7789420,88428435.0000,16869
20240802,603986,86.7400,85.2400,86.0700,82.9100,83.0600,13156249,1107621780.0000,54416
20240802,603987,6.3200,6.2800,6.4300,6.2400,6.3000,3877000,24645841.0000,6972
20240802,603988,13.2700,12.5000,12.7500,11.9400,11.9400,24704380,302150863.0000,28223
20240802,603989,13.3700,13.3000,13.3800,12.9600,13.0000,2871528,37691003.0000,6697
20240802,603990,8.0900,8.0000,8.1600,7.9900,8.0000,3803614,30759846.0000,6419
20240802,603991,38.4400,38.0000,38.0100,36.3400,36.3700,2201500,81828120.0000,5595
20240802,603992,16.9900,16.9600,17.1400,16.6300,16.8200,925000,15608606.0000,3182
20240802,603993,7.5200,7.2900,7.3200,7.1400,7.2200,166783477,1204302783.0000,102777
20240802,603995,19.5400,19.4300,19.8500,19.3300,19.4300,3285128,64420946.0000,10882
20240802,603997,11.2100,11.1400,11.2800,11.1000,11.1700,3920550,43823906.0000,10944
20240802,603998,11.0300,10.9300,11.1800,10.7700,10.9000,5023600,55031645.0000,9994
20240802,603999,4.8400,4.8200,4.8900,4.7700,4.7800,4375300,21162340.0000,8758
20240802,605001,5.6900,5.5200,5.9800,5.4900,5.5100,45264156,256357898.0000,35673
20240802,605003,16.1600,16.1200,16.2700,16.0300,16.0500,435900,7039869.0000,1363
20240802,605005,15.3300,15.2600,15.3700,15.0200,15.0600,908200,13772824.0000,2949
20240802,605006,4.2400,4.2000,4.2900,4.1900,4.2400,1542840,6567497.0000,2459
20240802,605007,12.1900,12.1600,12.1800,11.9600,12.0200,2260300,27265125.0000,6329
20240802,605008,12.1800,12.1000,12.2300,12.0000,12.0000,1654000,20030739.0000,3286
20240802,605009,36.7400,36.5100,37.1900,36.4000,36.4900,318354,11713641.0000,1586
20240802,605011,21.5000,21.2800,21.8200,21.1900,21.4400,4367800,94297218.0000,10194
20240802,605016,16.6200,16.5400,16.9200,16.4800,16.5300,1023017,17093121.0000,3713
20240802,605018,8.1100,8.0400,8.1200,7.8300,7.8300,3665768,29001912.0000,8137
20240802,605020,17.4000,17.3400,17.6300,17.1500,17.1600,1641180,28588585.0000,5843
20240802,605028,13.4100,13.3500,13.4600,13.1900,13.2000,597200,7957054.0000,1316
20240802,605033,11.8800,11.7600,12.7700,11.7100,11.8100,2385900,28994572.0000,5359
20240802,605050,8.5000,8.4700,8.5100,8.3500,8.3800,1554900,13115999.0000,4171
20240802,605055,4.1900,4.1600,4.2300,4.1500,4.1500,1828300,7662312.0000,3012
20240802,605056,9.8800,9.8600,10.0400,9.7000,9.7300,2296400,22639938.0000,4963
20240802,605058,18.1600,17.9700,18.2300,17.6400,17.7100,1216400,21831278.0000,3894
20240802,605060,12.4500,12.3800,12.5100,12.2500,12.2700,1279500,15868929.0000,3988
20240802,605066,5.1300,5.1000,5.1600,5.0300,5.0600,3414675,17403039.0000,5916
20240802,605068,13.4700,13.4700,13.8000,13.3300,13.4100,2054200,27788011.0000,5841
20240802,605069,6.0600,6.0100,6.0800,5.9400,5.9700,2837630,16999521.0000,3733
20240802,605077,14.0400,14.0200,14.3000,13.9600,14.0100,773430,10918257.0000,1961
20240802,605080,14.9400,14.8600,15.0700,14.7600,14.8300,742280,11062566.0000,2165
20240802,605081,14.8100,14.5500,15.0700,14.4500,14.7000,6019845,88846593.0000,11795
20240802,605086,15.2900,15.1200,15.5300,15.1000,15.3100,1334323,20474569.0000,2790
20240802,605088,18.3000,18.1800,18.3500,18.0100,18.0600,1355741,24637648.0000,3976
20240802,605089,19.1200,19.5600,19.5600,18.8200,19.0700,891160,17123688.0000,2686
20240802,605090,29.1900,29.1400,29.3500,28.4000,28.5400,4823240,138775121.0000,12394
20240802,605098,32.4600,32.0300,33.3300,31.8000,32.5300,2684647,88262785.0000,11594
20240802,605099,17.6200,17.5300,17.7900,17.4100,17.5400,445100,7834225.0000,1818
20240802,605100,11.4900,11.3900,11.4900,11.2000,11.2400,1448584,16438260.0000,4007
20240802,605108,18.6500,18.4800,18.8700,18.4100,18.4900,1738300,32458229.0000,5285
20240802,605111,33.9300,33.8700,33.9300,32.5000,32.6300,22042025,729242627.0000,59862
20240802,605116,24.3900,24.6600,25.8000,24.2800,24.7000,2840718,71391827.0000,11755
20240802,605117,99.3000,99.0000,100.2500,94.8000,96.9000,8167415,790384878.0000,32332
20240802,605118,14.3000,14.4500,14.4900,14.0000,14.0300,1500100,21259387.0000,5291
20240802,605122,9.5800,9.5200,9.6400,9.4500,9.4700,670300,6405791.0000,1480
20240802,605123,52.2100,51.8200,53.4200,51.6000,51.7100,977000,51267734.0000,4635
20240802,605128,23.2500,23.2600,23.3800,22.7200,22.7700,1021691,23515181.0000,3562
20240802,605133,16.8200,16.9000,16.9000,16.4300,16.4600,968000,16096716.0000,4364
20240802,605136,5.9900,5.9900,6.0500,5.9200,5.9300,7000100,41955691.0000,9215
20240802,605138,4.7900,4.7400,4.8500,4.7300,4.7500,1859900,8900403.0000,3217
20240802,605151,15.1100,15.0800,15.2800,14.7500,14.8800,498000,7495418.0000,1179
20240802,605155,9.0800,9.0400,9.1300,8.9100,8.9600,1187216,10699953.0000,3191
20240802,605158,6.4700,6.4400,6.4800,6.3000,6.3200,4315351,27541288.0000,4694
20240802,605162,6.7900,6.7600,6.8300,6.6900,6.7000,2625800,17746174.0000,5280
20240802,605166,9.7200,9.6700,10.0200,9.6600,9.6900,3547137,34921347.0000,8271
20240802,605167,8.1100,8.0700,8.1500,7.9300,7.9500,4063500,32702964.0000,5637
20240802,605168,24.8000,24.7200,25.0700,24.3500,24.4400,1877560,46448033.0000,5059
20240802,605169,8.2100,8.3400,8.3400,7.8100,7.8800,5665317,44876137.0000,7601
20240802,605177,20.2300,20.2300,20.8000,19.9100,20.3100,761200,15586587.0000,1906
20240802,605178,13.9400,13.5200,13.6300,13.1800,13.1800,7428920,99813624.0000,13295
20240802,605179,9.1400,9.0900,9.3200,9.0400,9.2400,2483200,22951787.0000,5691
20240802,605180,11.5900,11.5800,11.7600,11.4100,11.5600,1928960,22459571.0000,5163
20240802,605183,14.8600,14.7500,14.8400,14.3800,14.3900,1241112,18103392.0000,3993
20240802,605186,21.6200,21.5100,22.4500,21.3600,21.6300,4158100,91094095.0000,11151
20240802,605188,7.9000,7.8900,8.0300,7.8500,7.9600,6176800,49128680.0000,9057
20240802,605189,11.3400,11.2800,11.4900,11.2200,11.2800,941780,10690070.0000,2573
20240802,605196,9.0600,8.9400,8.9900,8.7600,8.7700,5404700,47912121.0000,10162
20240802,605198,24.5600,24.5100,24.5100,23.5800,23.6100,3696700,88568577.0000,10775
20240802,605199,10.1000,10.0700,10.8800,9.8900,10.8700,10976400,116173769.0000,15086
20240802,605208,6.5100,6.4500,6.5100,6.3500,6.3700,4268673,27444182.0000,8149
20240802,605218,17.8200,17.4300,17.7900,17.1000,17.1300,7980600,138709155.0000,13908
20240802,605222,17.2900,17.2300,17.2900,16.7800,16.8100,2254749,38305165.0000,8024
20240802,605228,8.6300,8.5500,8.6700,8.4600,8.5000,3905799,33494771.0000,6507
20240802,605255,11.9900,12.1000,12.8700,11.8600,12.0000,2242756,27405440.0000,5704
20240802,605258,30.5000,30.0100,30.1400,28.5300,28.6300,6700563,195439109.0000,18794
20240802,605259,12.5300,12.3700,12.6800,12.3500,12.4000,300349,3761316.0000,1024
20240802,605266,21.0000,20.8700,21.7800,20.8500,21.0300,2616130,55846059.0000,8389
20240802,605268,6.8100,6.7900,6.7900,6.6600,6.6800,1238200,8297597.0000,3092
20240802,605277,13.4000,13.1800,13.4400,13.0600,13.1000,9133997,120732723.0000,10711
20240802,605286,22.1700,22.1100,22.4500,21.7200,21.7600,1946400,42982410.0000,5879
20240802,605287,11.2300,11.2300,11.2800,11.0300,11.0500,1233300,13742213.0000,2263
20240802,605288,31.4600,31.4000,31.5000,31.0400,31.1800,259660,8123814.0000,853
20240802,605289,22.7000,22.5500,22.8000,21.9200,22.0000,1164125,25942450.0000,3762
20240802,605296,33.8400,33.8400,36.8700,33.5000,34.8000,5924855,209416002.0000,16729
20240802,605298,8.2700,8.1000,8.2300,7.9800,8.0300,2790708,22647456.0000,4377
20240802,605299,7.5300,7.4400,7.5700,7.3800,7.4600,2968300,22254820.0000,3751
20240802,605300,11.7400,11.6200,11.7800,11.5400,11.6200,578299,6756118.0000,1245
20240802,605303,6.8200,6.6900,6.8200,6.6500,6.6800,2976400,20014925.0000,4541
20240802,605305,24.4500,24.3200,24.3400,23.5100,23.5500,1995178,47611996.0000,6496
20240802,605318,15.3300,15.1800,15.9300,15.1800,15.8300,2067500,32481190.0000,3385
20240802,605319,16.8500,16.8100,16.8100,16.3400,16.3900,1530600,25251685.0000,4995
20240802,605333,23.5600,23.5800,23.5800,22.8300,22.8700,2326300,53804748.0000,10992
20240802,605336,11.2600,11.0800,11.1600,10.8800,10.8800,2921410,32141683.0000,4169
20240802,605337,9.5800,9.5300,9.7000,9.5000,9.5200,2115645,20343380.0000,4365
20240802,605338,13.5800,13.5600,13.8000,13.4600,13.7000,1414300,19364928.0000,3077
20240802,605339,15.2400,15.4500,15.4500,15.1500,15.1900,443800,6771838.0000,1733
20240802,605358,24.1400,23.7900,24.4000,23.5500,23.6500,10809352,258501465.0000,24014
20240802,605365,15.1700,15.0700,15.4000,14.9100,14.9300,1302400,19711431.0000,6199
20240802,605366,5.3600,5.3400,5.4200,5.3000,5.3100,2744720,14716760.0000,5948
20240802,605368,13.0900,13.1400,13.6000,13.1400,13.5100,5782388,77781007.0000,9218
20240802,605369,28.0400,27.9100,29.1400,27.8000,28.4000,1069300,30691955.0000,4560
20240802,605376,22.5100,22.3900,23.0700,22.0500,22.5200,5268472,118926440.0000,17052
20240802,605377,12.1700,12.1000,12.4300,12.0000,12.1400,2848770,34943427.0000,5674
20240802,605378,15.3100,15.3100,15.3500,14.9800,14.9900,1562947,23694421.0000,4915
20240802,605388,5.2600,5.2500,5.3500,5.2200,5.2300,2550320,13480481.0000,5586
20240802,605389,19.8400,19.7200,19.9300,19.5600,19.6300,679000,13402951.0000,2537
20240802,605398,20.0000,19.8800,20.1000,19.5600,19.6300,730112,14523550.0000,2694
20240802,605399,11.3400,11.2600,11.2700,10.9600,11.0100,3327259,37065277.0000,5338
20240802,605488,12.4000,12.3200,12.5200,12.2200,12.2200,1671400,20675023.0000,5177
20240802,605499,233.6900,232.3700,236.8500,231.5000,234.9400,718918,169099061.0000,5247
20240802,605500,6.2900,6.2700,6.3200,6.2200,6.2500,956299,5996274.0000,2344
20240802,605507,17.0100,17.0000,17.7100,16.8400,17.4100,4830420,84201882.0000,11672
20240802,605555,16.9500,16.8400,17.0100,16.4500,16.4700,3565536,59550983.0000,8818
20240802,605566,15.0300,15.0500,15.1800,14.8900,14.9400,405500,6097045.0000,1235
20240802,605567,7.6100,7.5900,7.7100,7.5500,7.6000,1515100,11567412.0000,2383
20240802,605577,14.6000,14.6100,14.8400,14.4200,14.4800,4905100,71931613.0000,11885
20240802,605580,8.4900,8.4800,8.5100,8.2800,8.3800,2297400,19252612.0000,4063
20240802,605588,40.1300,39.4800,40.1000,38.7000,38.7600,1964600,77444956.0000,6601
20240802,605589,19.5500,19.4900,19.8300,19.2000,19.3000,5917264,115406954.0000,12324
20240802,605598,19.3500,19.5000,19.5000,18.5900,18.6900,1664400,31477623.0000,3892
20240802,605599,11.1400,11.0800,11.1600,10.8200,11.1200,3961600,43471991.0000,7807
20240802,688001,23.0900,22.7400,23.2000,22.3600,22.4300,1069071,24326525.0000,2726
20240802,688002,27.3800,27.1300,27.6800,26.6600,26.7200,5661925,153727229.0000,11256
20240802,688003,33.6800,33.2700,33.7700,32.6400,32.7700,896779,29756414.0000,2126
20240802,688004,10.8200,10.6200,10.8600,10.5200,10.5300,836185,8949662.0000,1929
20240802,688005,22.5400,22.4000,23.0400,22.0700,22.2500,6662573,149554034.0000,11194
20240802,688006,17.0000,16.9400,17.1000,16.6200,16.7000,1799899,30331448.0000,3745
20240802,688007,15.6500,15.4900,15.7400,15.2800,15.3100,3269471,50784837.0000,6167
20240802,688008,59.2600,58.3300,58.4600,56.5100,56.6000,22472464,1287598888.0000,44957
20240802,688009,5.9700,5.9700,6.0800,5.9000,5.9400,25547684,152627671.0000,14792
20240802,688010,15.1100,15.0400,15.1200,14.5400,14.5500,589330,8721307.0000,1264
20240802,688011,13.9200,13.6700,14.0300,13.5500,13.5500,820946,11340157.0000,1938
20240802,688012,158.4400,156.6000,162.4500,156.3200,158.6000,7253556,1160297799.0000,24935
20240802,688013,14.5900,14.5900,14.8500,14.4300,14.4400,443029,6494745.0000,1137
20240802,688015,19.2600,19.0100,20.6000,18.8600,19.5000,6306179,124503852.0000,7034
20240802,688016,98.8900,98.1700,101.2800,97.6200,98.0000,1963536,194817936.0000,6996
20240802,688017,79.8000,78.9800,79.8500,76.6300,76.8900,3491981,273117568.0000,11209
20240802,688018,112.5500,111.4800,114.9500,109.5100,110.3100,2283321,255204929.0000,11487
20240802,688019,115.1000,113.5500,115.5600,109.7300,110.3000,1247417,140026738.0000,5475
20240802,688020,35.6900,34.9800,35.6500,33.6900,33.7300,1827161,63494371.0000,3232
20240802,688021,8.6600,8.6100,8.7600,8.4700,8.5100,689997,5956311.0000,1463
20240802,688022,12.9700,12.7500,13.0200,12.5000,12.5200,2886045,36693607.0000,3973
20240802,688023,29.5500,29.5400,29.8000,28.7400,28.7500,2180459,63855193.0000,6129
20240802,688025,35.0400,34.4600,35.1300,33.6800,33.7900,1441229,49589142.0000,4329
20240802,688026,11.6300,11.4800,11.8800,11.3400,11.4000,2930926,34054322.0000,3757
20240802,688027,164.8000,163.7000,167.6500,160.8300,161.1000,1404449,230181683.0000,5559
20240802,688028,15.3600,15.3100,15.4900,15.0200,15.0800,1291493,19685555.0000,2313
20240802,688029,59.8800,59.4500,61.8000,59.3300,59.4700,1981417,119795630.0000,5482
20240802,688030,10.6000,10.6200,10.6500,10.3300,10.3300,736422,7756187.0000,1745
20240802,688031,33.4400,32.8900,33.6300,32.0000,32.0200,1309379,42888244.0000,3624
20240802,688032,131.3600,130.0500,132.2900,127.6000,128.1900,1114613,144270093.0000,3992
20240802,688033,5.6000,5.6100,5.8200,5.5800,5.6600,13925332,79255249.0000,10418
20240802,688035,29.0100,29.0000,29.0000,27.9300,28.0000,1410850,40043517.0000,2786
20240802,688036,77.6200,77.7700,78.8600,75.8300,75.9400,5087040,390657143.0000,18301
20240802,688037,71.8000,70.8000,71.9900,68.2000,68.3500,6044897,422384425.0000,14433
20240802,688038,9.3400,9.3000,9.3500,9.0700,9.1100,1379590,12723398.0000,3149
20240802,688039,22.4900,22.2800,22.7200,21.6400,21.6600,1516263,33677250.0000,2835
20240802,688041,79.6600,78.2000,79.4200,77.5700,77.9700,13109015,1029558555.0000,30438
20240802,688045,29.5300,28.7700,29.5900,28.3900,28.7200,1357671,39330576.0000,2891
20240802,688046,11.3600,11.4000,11.8800,11.2100,11.3700,4305779,50078112.0000,4372
20240802,688047,103.3800,101.9400,105.6800,100.9700,102.9000,5352683,553068806.0000,15279
20240802,688048,31.4400,30.9700,31.3000,29.9700,30.0000,2022459,62014421.0000,5100
20240802,688049,23.4000,23.0600,23.1500,22.1700,22.2800,3393938,77029468.0000,7191
20240802,688050,79.1400,78.7800,80.9400,78.3600,79.6500,2329040,185819344.0000,7138
20240802,688051,17.3300,17.1700,17.2600,16.5300,16.5900,533367,9003062.0000,1600
20240802,688052,108.2300,107.0000,107.9000,101.7200,102.5000,1595555,167502759.0000,5656
20240802,688053,23.0800,22.9600,23.5000,22.1200,22.1700,2217565,50576411.0000,4090
20240802,688055,2.9200,2.8900,2.9500,2.8600,2.8600,3913240,11344282.0000,4826
20240802,688056,21.3100,21.4000,21.5900,20.8600,20.8600,444284,9458843.0000,927
20240802,688057,9.7100,9.6500,9.7600,9.5800,9.6100,444691,4299411.0000,950
20240802,688058,20.2600,20.1000,20.4600,19.8600,20.0000,707959,14291760.0000,1849
20240802,688059,43.2000,43.2000,43.8900,42.3800,42.5500,604141,26101394.0000,1862
20240802,688060,29.9800,29.7800,30.2300,29.0400,29.0700,349837,10341943.0000,883
20240802,688061,25.3500,25.0900,25.3500,24.2600,24.3000,771140,19104577.0000,1727
20240802,688062,23.9600,24.0000,25.2300,23.6100,23.9800,3647609,89135648.0000,11531
20240802,688063,41.0800,40.8100,42.0400,40.6600,40.9900,2489466,102808246.0000,7075
20240802,688065,38.5000,38.4900,39.5800,38.1800,38.7000,1855990,72302759.0000,5838
20240802,688066,17.8400,17.6700,18.4800,17.0100,17.3900,23760064,422227439.0000,26913
20240802,688067,14.0000,14.0000,14.2100,13.8000,13.8100,584518,8216068.0000,1758
20240802,688068,26.0000,25.8300,26.9800,25.8100,26.4000,1147232,30494146.0000,2095
20240802,688069,13.3800,13.4100,13.5800,13.3100,13.4300,240191,3232244.0000,674
20240802,688070,29.7900,29.3600,32.9900,29.2500,31.5800,3246370,100526623.0000,5711
20240802,688071,20.4400,20.0600,20.0800,18.9900,19.0700,1414037,27719125.0000,2903
20240802,688072,133.8200,132.5000,136.9600,130.6000,131.8000,3236400,433058533.0000,11650
20240802,688073,30.2500,30.1600,31.4500,30.0800,30.3600,811545,25062086.0000,1779
20240802,688075,33.4700,33.3100,33.8300,33.1100,33.2200,481944,16180015.0000,1232
20240802,688076,69.1000,68.7000,71.4100,66.8800,67.5000,6203960,429876096.0000,17259
20240802,688077,14.6800,14.6400,14.7200,14.3600,14.3600,690382,10056713.0000,1687
20240802,688078,21.9000,21.6800,22.1800,21.3300,21.3700,586794,12765151.0000,1314
20240802,688079,7.0100,6.9600,7.0200,6.8000,6.8100,2845889,19634592.0000,4060
20240802,688080,25.5100,25.4900,25.6400,24.2000,24.2000,1615046,40174865.0000,4200
20240802,688081,9.4800,9.4900,9.4900,9.1300,9.1600,1185519,11068901.0000,1577
20240802,688082,92.0000,90.5000,92.4900,89.4900,89.6100,1192234,108408810.0000,4840
20240802,688083,70.5400,69.7000,71.8600,68.5000,68.7400,1097635,77062619.0000,4177
20240802,688084,39.0000,38.8300,39.0700,37.0800,37.1300,1084302,41305336.0000,3007
20240802,688085,17.0600,17.3000,17.7800,17.0000,17.2200,1441550,25097151.0000,2273
20240802,688087,26.3800,26.3800,26.4800,26.0100,26.1900,415949,10932132.0000,904
20240802,688088,27.0900,26.8100,26.9900,25.9100,25.9500,3208728,84776541.0000,7076
20240802,688089,15.5200,15.3400,16.0600,15.2100,15.4200,4370626,68559325.0000,8034
20240802,688090,41.0900,40.9500,40.9900,39.8900,40.1800,2164001,87298007.0000,3675
20240802,688091,23.3300,23.4000,23.7900,22.8000,22.8300,2631124,61350280.0000,5550
20240802,688092,20.0000,19.9500,20.0300,19.3800,19.5300,757621,14950448.0000,1757
20240802,688093,16.4400,16.3300,16.9000,16.2400,16.5400,973925,16254536.0000,2292
20240802,688095,42.5000,41.9900,42.7800,40.8800,40.9900,1077572,45077911.0000,3614
20240802,688096,5.0000,4.9700,5.0400,4.8800,4.9000,1510861,7485666.0000,1547
20240802,688097,21.3300,21.0500,21.3200,20.6100,20.7200,2201517,46122666.0000,3908
20240802,688098,4.1100,4.1200,4.2200,4.0800,4.1400,3104961,12951291.0000,2448
20240802,688099,66.7300,65.8800,66.6500,63.7800,64.2100,3049546,198425974.0000,11801
20240802,688100,39.2000,38.5500,39.6500,38.4100,39.1500,1488165,58107235.0000,4624
20240802,688101,11.7200,11.6800,11.8000,11.5800,11.6600,788623,9227385.0000,1396
20240802,688102,8.6000,8.5700,8.5800,8.3000,8.3200,8685649,73233359.0000,8192
20240802,688103,35.6000,35.0900,36.6700,35.0900,35.5600,1514166,54506978.0000,3001
20240802,688105,20.5000,20.4000,21.1100,20.3700,20.5200,1009179,21009980.0000,2889
20240802,688106,18.9200,18.7600,18.8600,18.2800,18.3400,3221839,59901373.0000,5576
20240802,688107,23.5700,23.2800,23.5300,22.5600,22.6000,3109026,71755900.0000,7772
20240802,688108,8.2600,8.2500,8.5100,8.1600,8.1800,5149652,42969038.0000,7734
20240802,688109,28.1500,28.1800,28.4800,27.4100,27.5600,1272086,35522220.0000,2158
20240802,688110,19.8400,19.5200,19.9200,19.0300,19.1000,6795160,131730568.0000,11808
20240802,688111,202.8000,199.8800,205.5000,199.2900,200.1500,3598289,725116126.0000,14530
20240802,688112,24.4100,24.1000,24.5300,23.7400,23.8100,1035704,24904488.0000,2185
20240802,688113,26.0300,26.0300,26.1100,24.8000,25.0500,181829,4633929.0000,529
20240802,688114,43.7700,43.5300,45.0500,43.5100,43.7300,1211367,53625764.0000,4176
20240802,688115,20.7400,20.9200,20.9200,20.0400,20.1300,711462,14561337.0000,1194
20240802,688116,21.4800,21.3000,21.7400,20.9300,20.9800,5340704,113942857.0000,9779
20240802,688117,22.7000,22.6800,23.8000,22.5000,22.7500,3332178,77247535.0000,7775
20240802,688118,13.8300,13.7700,13.9100,13.3500,13.4000,1707829,23253894.0000,3137
20240802,688119,3.3200,3.3100,3.3300,3.2800,3.2800,2469842,8156720.0000,1771
20240802,688120,146.8700,144.0100,150.8900,142.1300,143.1200,2676245,389050418.0000,13038
20240802,688121,11.5100,11.4300,11.6200,11.2600,11.2900,1080380,12329614.0000,2037
20240802,688122,37.4700,37.2500,38.1200,36.9400,37.4500,4487360,169156218.0000,9395
20240802,688123,53.0800,52.0000,52.5000,50.3800,50.5900,3791139,194650285.0000,10480
20240802,688125,30.0600,29.9000,30.7900,29.5200,30.0100,501305,15145358.0000,1303
20240802,688126,15.6100,15.4000,15.8000,15.3400,15.5000,15457276,240492551.0000,17420
20240802,688127,18.9300,18.6000,18.8000,17.8300,17.8900,6542099,119749867.0000,11532
20240802,688128,16.7800,16.6200,16.9000,16.3800,16.4400,1422111,23601596.0000,2786
20240802,688129,12.0300,12.0500,12.1000,11.7500,11.8100,514098,6137914.0000,1207
20240802,688130,19.8200,19.5600,19.8400,19.1400,19.2100,936595,18272809.0000,2197
20240802,688131,23.1600,23.1600,24.1500,22.6100,22.9100,4454207,104741496.0000,9080
20240802,688132,17.3400,17.2800,17.4300,17.0000,17.2100,1038107,17855715.0000,1818
20240802,688133,16.5400,16.4900,17.3800,16.3800,16.7800,3364178,57157868.0000,3794
20240802,688135,16.4700,16.2500,16.3200,15.7300,15.7900,3407808,54690824.0000,4349
20240802,688136,16.1700,16.1700,16.7500,16.1200,16.2400,901281,14842442.0000,2505
20240802,688137,30.7300,30.8100,31.8700,30.3700,31.3600,299204,9401900.0000,681
20240802,688138,19.0400,18.7300,18.9400,18.1800,18.2900,2640803,49031064.0000,5348
20240802,688139,31.2400,31.0300,32.2800,30.9000,31.8000,2988396,95357166.0000,8674
20240802,688141,16.3300,16.2000,16.6900,15.6200,15.7800,4261054,68621530.0000,8515
20240802,688143,20.4100,20.3000,20.6800,19.7800,19.8700,1894856,38294269.0000,4463
20240802,688146,29.8000,29.5600,29.8900,29.0100,29.0100,1003439,29563423.0000,3499
20240802,688147,25.3400,25.0400,25.3600,24.2800,24.3400,1475283,36490340.0000,3641
20240802,688148,4.1900,4.1400,4.2300,4.1000,4.1200,4656877,19442821.0000,5761
20240802,688150,17.2900,17.1300,17.3100,16.6000,16.6500,2113281,35853888.0000,5999
20240802,688151,12.2400,12.1700,12.3300,11.9500,11.9800,829579,10053026.0000,1920
20240802,688152,35.9900,35.9400,36.8300,35.1000,35.1600,1459442,52651452.0000,4141
20240802,688153,34.6100,34.1800,34.6800,33.2900,33.4000,1500672,50843211.0000,5441
20240802,688155,35.9200,35.9200,36.9200,35.2600,36.3300,556204,20217667.0000,1426
20240802,688156,12.3900,12.2500,12.7600,12.2500,12.4800,1139678,14293056.0000,1415
20240802,688157,37.0000,36.5600,37.5000,36.3400,36.3500,627215,23149574.0000,2162
20240802,688158,10.6300,10.4500,10.5500,10.2400,10.2500,7901354,82168975.0000,10877
20240802,688159,30.4600,29.7100,29.7300,28.5700,28.5900,1916462,55771920.0000,4467
20240802,688160,38.6900,38.0200,38.3700,36.7600,36.9900,1667151,62530945.0000,4104
20240802,688161,20.4300,20.2100,20.9500,20.2000,20.2700,623381,12840376.0000,1744
20240802,688162,18.9100,18.8300,18.9800,18.4500,18.4900,615591,11531936.0000,1329
20240802,688163,12.8400,12.7200,13.2300,12.7200,12.8000,821126,10674177.0000,1152
20240802,688165,7.9200,7.8000,8.1600,7.7200,7.7500,7018666,55609041.0000,5605
20240802,688166,26.2700,26.0100,27.5400,26.0000,26.3000,9506930,255374260.0000,17209
20240802,688167,53.6200,52.8700,53.6000,51.0300,51.1500,1333955,69791531.0000,4332
20240802,688168,25.2600,25.0100,25.2200,24.5500,24.5500,327325,8150713.0000,968
20240802,688169,302.8800,301.5800,304.5800,292.1900,292.9100,1321362,392244465.0000,7821
20240802,688170,21.1900,20.9700,21.1100,20.6000,20.6000,1209279,25106690.0000,1665
20240802,688171,14.2800,14.1800,14.3000,13.8100,13.9000,735319,10323347.0000,1688
20240802,688172,15.7500,15.6700,15.8100,15.3400,15.3800,2106814,32818517.0000,4750
20240802,688173,11.0200,10.8500,10.9700,10.4000,10.4700,4400086,47301497.0000,8365
20240802,688175,14.4300,14.3600,14.5000,14.0000,14.0300,711560,10116288.0000,1550
20240802,688176,5.2000,5.2000,5.3200,5.1600,5.2200,4800699,25264311.0000,5126
20240802,688177,21.5500,21.1400,22.6400,21.1400,21.5700,3022283,66327646.0000,7380
20240802,688178,10.1800,10.1900,10.2400,9.8400,9.9300,719855,7229412.0000,1517
20240802,688179,10.1000,10.0800,10.2800,9.8200,9.8800,2622774,26412074.0000,3401
20240802,688180,29.8800,29.8800,30.3100,28.9600,29.1400,6007863,178556433.0000,11076
20240802,688181,17.5900,17.5000,17.7200,17.0900,17.1500,1268131,22117326.0000,2835
20240802,688182,11.9800,11.8600,11.9800,11.4700,11.5100,3674871,43030616.0000,5697
20240802,688183,23.8300,23.0000,23.3500,22.3100,22.4600,11024149,251195379.0000,21277
20240802,688184,12.4800,12.4000,12.5100,12.2100,12.2100,200418,2476148.0000,368
20240802,688185,40.9000,40.9300,42.1500,40.6200,40.7000,1405162,58228902.0000,3664
20240802,688186,9.6400,9.5200,9.6700,9.3900,9.4100,1936799,18460441.0000,2482
20240802,688187,56.8800,56.6600,57.4400,55.4900,56.0500,4235372,237712373.0000,13439
20240802,688188,144.5200,143.7200,145.0400,139.6200,140.9700,1163020,165042179.0000,5784
20240802,688189,5.8700,5.8700,6.0700,5.8400,5.9100,4902154,29326742.0000,3440
20240802,688190,66.1300,65.8000,65.8000,64.5700,64.7300,207025,13497296.0000,907
20240802,688191,16.1400,15.9800,15.9800,14.9000,14.9000,2501488,38546517.0000,2589
20240802,688192,39.3400,38.8800,41.1600,38.8000,39.8500,1798869,72388102.0000,4600
20240802,688193,26.4000,26.0600,26.9800,26.0600,26.2600,269292,7175013.0000,1070
20240802,688195,23.8600,23.6000,23.6000,22.4800,22.6400,4390276,101147032.0000,6349
20240802,688196,20.4300,20.6000,20.7400,20.2300,20.4200,458834,9395317.0000,1076
20240802,688197,34.1100,33.8500,35.8000,33.5000,35.0000,628775,22113152.0000,1658
20240802,688198,100.0000,99.8300,101.3000,99.3600,100.1800,125529,12591744.0000,517
20240802,688199,13.0800,12.9600,13.1300,12.6200,12.6900,1303964,16757385.0000,2118
20240802,688200,95.3500,94.8000,95.6000,89.1000,89.1000,1186710,109031845.0000,5549
20240802,688201,7.6300,7.5700,7.6400,7.3100,7.3700,6708012,50152143.0000,7673
20240802,688202,31.5800,31.5000,33.4200,31.1700,31.8300,5414087,176687351.0000,9821
20240802,688203,8.2200,8.1200,8.3200,8.0100,8.0700,871692,7147069.0000,1171
20240802,688205,26.9000,26.5900,26.6600,25.6200,25.6600,1428968,37363705.0000,3333
20240802,688206,15.8500,15.8100,15.9900,15.3800,15.4500,4357860,68310373.0000,9177
20240802,688207,11.9700,12.0300,12.0300,11.5800,11.6200,3755610,44190592.0000,4056
20240802,688208,25.3800,25.4200,27.0300,25.4100,25.6700,11163518,292106782.0000,28004
20240802,688209,11.3100,11.2100,11.3200,10.8100,10.8300,4337307,48009324.0000,7202
20240802,688210,19.3800,19.2700,19.5000,18.9600,19.0000,1196779,22953964.0000,2556
20240802,688211,24.2800,24.0700,24.2800,23.9600,23.9600,124725,3010745.0000,350
20240802,688212,43.6800,43.5300,45.3700,43.0200,43.2000,858026,37799962.0000,2904
20240802,688213,52.8400,52.0600,52.9000,51.5200,51.6400,3195363,166851076.0000,13258
20240802,688215,17.0900,17.0400,17.2700,16.6900,16.8000,241139,4104553.0000,738
20240802,688216,17.8900,17.6500,17.9400,16.8500,16.8700,2403382,41663642.0000,4583
20240802,688217,14.8700,14.9800,15.1100,14.2700,14.3400,1580403,23280061.0000,3967
20240802,688218,16.3200,16.1600,16.3400,15.8300,15.9000,2018533,32509288.0000,2504
20240802,688219,7.6500,7.6200,7.6600,7.4500,7.4900,2203255,16657702.0000,3227
20240802,688220,37.6600,37.2600,38.0800,36.5000,36.6600,2193502,81959177.0000,6771
20240802,688221,5.3200,5.2700,5.5800,5.2700,5.4000,5030005,27517120.0000,4847
20240802,688222,10.3100,10.2200,10.7000,10.1900,10.3100,5940583,62359879.0000,9050
20240802,688223,7.1600,7.0900,7.1800,6.9700,7.0200,35745793,252205703.0000,17727
20240802,688225,12.1000,12.2000,12.2000,11.3800,11.4400,3184753,37278935.0000,3557
20240802,688226,15.3100,15.1600,15.3100,14.6500,14.6800,2054654,30729438.0000,4478
20240802,688227,11.6700,11.8200,11.8200,11.2400,11.2500,980066,11221347.0000,2034
20240802,688228,36.4000,35.9100,36.5800,34.8900,34.9000,1010901,36045948.0000,2556
20240802,688229,27.2600,26.7900,27.4000,26.6000,27.0000,333113,9004824.0000,1166
20240802,688230,35.0500,34.6200,35.0000,33.4100,33.4800,709381,24212652.0000,1926
20240802,688231,14.0300,13.8500,14.1000,13.6700,13.7300,1028778,14304993.0000,2087
20240802,688232,20.5000,20.5000,20.6900,20.0300,20.0500,1719693,35033706.0000,5912
20240802,688233,18.3600,18.1500,18.4000,17.5000,17.5200,3428570,61634567.0000,7251
20240802,688234,54.6000,54.0100,54.9000,52.8000,52.9900,3755808,201665285.0000,10211
20240802,688235,129.7000,128.8400,132.6800,128.4100,129.1800,1455751,190712898.0000,5795
20240802,688236,12.7500,12.7000,13.2800,12.6900,12.7700,3167341,41019958.0000,7667
20240802,688237,19.9700,19.8100,20.2600,19.5100,19.5700,789947,15742218.0000,1646
20240802,688238,4.6200,4.5600,4.8300,4.5400,4.6500,8525006,40330107.0000,7868
20240802,688239,36.3100,36.0500,36.8800,34.7000,34.8800,5554245,198359601.0000,11923
20240802,688244,25.1600,25.0000,25.3300,23.3800,23.5300,643299,15664162.0000,1668
20240802,688246,20.5300,20.0000,20.7900,19.8800,19.9800,1054246,21493204.0000,2097
20240802,688247,8.7600,8.6900,9.1200,8.6900,8.8500,3393266,30430927.0000,4545
20240802,688248,27.0400,26.8500,27.2200,26.0900,26.2600,2418012,64222290.0000,4004
20240802,688249,15.2100,15.1500,15.3200,15.0000,15.0300,6232174,94506091.0000,9265
20240802,688251,12.3700,12.2000,12.4300,12.0800,12.0800,532720,6521012.0000,1195
20240802,688252,17.1900,16.7800,17.1000,16.4900,16.5700,6485285,108316670.0000,7163
20240802,688253,33.8200,33.4400,34.7000,32.8100,34.3000,3833040,129343265.0000,8758
20240802,688255,19.5800,19.4100,19.6600,18.8200,18.9000,644222,12413009.0000,1564
20240802,688256,258.0000,250.8800,260.4900,242.8800,245.1000,9828538,2446560657.0000,40292
20240802,688257,14.5400,14.4100,14.6900,14.3200,14.3700,771166,11190613.0000,1980
20240802,688258,23.5500,23.4300,23.5300,22.8200,22.9100,1839321,42601239.0000,3492
20240802,688259,41.3000,41.0900,41.3300,39.5500,39.6600,1347402,54502650.0000,3710
20240802,688260,13.9000,13.6500,13.9300,13.1800,13.2400,2816181,38127542.0000,4308
20240802,688261,41.5100,40.7100,41.0300,38.7400,39.0000,3150724,125696543.0000,6240
20240802,688262,18.6900,18.3100,18.5800,17.7200,17.7800,10104926,183517688.0000,14504
20240802,688265,22.8600,22.8600,23.1500,22.3400,22.4100,163803,3724095.0000,443
20240802,688266,53.8500,53.5300,56.2600,53.5100,53.6100,2162613,118784539.0000,6373
20240802,688267,20.5100,20.6700,20.6700,20.2300,20.2800,409612,8343718.0000,1229
20240802,688268,50.2800,50.0000,50.0100,48.0100,48.2600,687204,33682849.0000,2106
20240802,688269,22.8900,22.9000,23.0200,22.4000,22.4200,617597,14003697.0000,1612
20240802,688270,27.3200,27.0000,28.2900,25.9000,26.1300,12395924,334183797.0000,19819
20240802,688271,112.1500,111.5500,115.6800,111.5500,113.3000,2605664,297589229.0000,8839
20240802,688272,14.7900,14.7900,15.0000,14.5100,14.6300,750232,11053071.0000,1393
20240802,688273,19.2900,19.2400,19.7100,19.0600,19.2300,436709,8504933.0000,1303
20240802,688275,28.2700,28.0800,28.3000,27.6500,27.6500,684398,19184373.0000,1982
20240802,688276,29.8900,29.1400,30.5900,29.1400,29.5300,2956982,89035689.0000,6366
20240802,688277,7.4300,7.4300,7.6100,7.3100,7.3300,3187601,23801133.0000,3422
20240802,688278,47.9000,48.0000,50.1600,47.7400,49.1000,1998767,98535152.0000,6104
20240802,688279,112.3000,110.0500,111.5000,104.0000,105.1100,798887,85070795.0000,4361
20240802,688280,4.0800,4.1400,4.2100,4.0100,4.0100,5972285,24548259.0000,5909
20240802,688281,88.6900,88.3000,88.9500,85.6000,86.7500,692120,60205052.0000,3016
20240802,688282,22.5600,22.6100,22.8000,22.2400,22.4000,242652,5474582.0000,373
20240802,688283,22.9200,22.6600,23.2700,22.0800,22.1900,755765,17119508.0000,1718
20240802,688285,6.8900,6.8300,6.8500,6.6800,6.7000,1700719,11507460.0000,1349
20240802,688286,43.3400,43.1500,43.1500,40.6000,40.6500,1172537,48963795.0000,3129
20240802,688287,5.6500,5.6000,5.7200,5.4600,5.4800,16976904,94569749.0000,10357
20240802,688288,15.0100,14.9100,15.0600,14.1500,14.1500,2746019,40062708.0000,4689
20240802,688289,19.1900,19.1000,19.3900,18.9600,19.0400,3417153,65353224.0000,6879
20240802,688290,30.3400,30.2500,30.6300,29.3000,30.0000,636928,19020183.0000,1792
20240802,688291,15.9300,15.7500,15.8800,15.4000,15.4000,554494,8676357.0000,1350
20240802,688292,14.6800,14.6100,14.6400,14.0000,14.0600,1937597,27711020.0000,3796
20240802,688293,29.5200,29.5200,30.9400,29.3600,29.5200,567834,17157768.0000,1674
20240802,688295,18.7100,18.5200,19.1300,18.5100,18.6200,1856191,34996790.0000,3657
20240802,688296,9.2000,9.1700,9.2700,9.0100,9.0200,842974,7680421.0000,2087
20240802,688297,33.1300,32.5800,33.9900,32.4400,32.6600,3785806,125421024.0000,8023
20240802,688298,29.3900,29.3900,31.3000,29.2200,30.5000,4352795,132248315.0000,7451
20240802,688299,11.8800,11.8000,11.8900,11.4600,11.5000,3188019,37095874.0000,2129
20240802,688300,49.1200,48.2500,48.5900,47.1500,47.1500,2441560,116902026.0000,8040
20240802,688301,104.6000,104.3600,107.3900,102.3700,103.2600,738345,77286522.0000,3402
20240802,688302,26.0600,25.8300,27.2000,25.5100,25.9600,1221314,32392500.0000,2420
20240802,688303,19.7800,19.6900,19.8700,19.4100,19.4600,3454311,67902497.0000,7388
20240802,688305,64.5100,64.0200,64.7700,62.1400,62.2400,665015,42103124.0000,2001
20240802,688306,4.0500,4.0100,4.0400,3.9400,3.9500,6214233,24832958.0000,4680
20240802,688307,21.0400,20.9100,21.1400,20.3100,20.4300,1016627,21093815.0000,2164
20240802,688308,17.8900,17.8800,18.0500,17.2200,17.2700,1631446,28636437.0000,2835
20240802,688309,12.2400,12.1800,12.2800,12.0300,12.0500,146622,1782919.0000,480
20240802,688310,10.5000,10.4500,10.7800,10.3300,10.3600,2788094,29418508.0000,6639
20240802,688311,20.6000,20.4000,20.9800,19.8300,19.8500,5545779,112657327.0000,8426
20240802,688312,19.9300,19.7500,19.9700,19.4500,19.5100,672707,13222631.0000,1693
20240802,688313,9.5300,9.4000,9.5200,9.1100,9.1700,7598975,70862092.0000,9826
20240802,688314,18.3800,18.2600,18.6300,18.1600,18.2400,363333,6691604.0000,922
20240802,688315,10.5400,10.4600,10.8800,10.4600,10.5600,3230179,34679285.0000,6586
20240802,688316,28.3500,28.3500,28.6500,27.3500,27.5900,653450,18341630.0000,1627
20240802,688317,14.6800,14.6900,15.2300,14.5900,14.8000,2682440,40110068.0000,4017
20240802,688318,88.3200,87.9400,90.6900,84.9100,85.3000,5458512,476147110.0000,14769
20240802,688319,9.2100,9.2300,9.7900,9.1100,9.4500,2859933,27341119.0000,3577
20240802,688320,21.2400,21.2400,21.2900,20.5600,20.5900,1020595,21315678.0000,2054
20240802,688321,17.7300,17.7300,18.8700,17.6000,17.9800,6639229,122157151.0000,12227
20240802,688322,26.8900,26.6800,26.7900,25.3900,25.4800,4548700,118117249.0000,8603
20240802,688323,9.7500,9.6900,9.8200,9.4600,9.4600,1189888,11416857.0000,1822
20240802,688325,36.7700,36.0400,36.4600,35.2200,35.3100,2253646,80647496.0000,3675
20240802,688326,69.8300,68.8700,69.5400,66.9100,67.0200,1594591,108703975.0000,5155
20240802,688327,10.8300,10.6700,10.8600,10.5200,10.5200,9421966,100488821.0000,7587
20240802,688328,13.1800,13.0500,13.1700,12.6200,12.6700,2071452,26748076.0000,3608
20240802,688329,14.0700,13.9900,14.1800,13.5200,13.9000,378532,5305049.0000,849
20240802,688330,19.5500,19.4500,19.6000,19.2600,19.3000,827278,16089830.0000,1481
20240802,688331,26.4700,26.4500,28.2800,26.2000,26.6600,4502233,122859864.0000,13869
20240802,688332,52.3700,51.8800,52.1700,50.1100,50.3900,863734,44162630.0000,2270
20240802,688333,52.0800,51.9700,53.4000,51.0000,51.1500,1617380,84396718.0000,4237
20240802,688334,14.7500,14.6500,14.7000,14.5100,14.5700,879477,12857425.0000,1301
20240802,688335,8.2300,8.2000,8.3000,8.1200,8.1800,257358,2114889.0000,434
20240802,688336,18.1600,18.1500,18.5000,18.0100,18.1100,2184143,39920557.0000,6536
20240802,688337,26.4000,26.3100,26.8000,25.6700,25.9000,1636665,42974387.0000,4150
20240802,688338,22.1800,22.1000,22.6700,22.0000,22.1000,787216,17602377.0000,1385
20240802,688339,21.1400,21.1400,21.1400,20.5000,20.5800,1347208,28035833.0000,2659
20240802,688343,29.2000,28.9400,29.2000,27.9900,28.0500,5139726,146863958.0000,9205
20240802,688345,15.5600,15.5700,15.8400,15.3600,15.5100,389963,6106114.0000,886
20240802,688347,36.8800,36.4500,36.8300,35.3000,35.4800,7255257,261186109.0000,12144
20240802,688348,49.6600,49.0000,49.6600,47.4400,47.9000,3039754,147175949.0000,6961
20240802,688349,24.7600,24.6600,24.8100,24.4300,24.7000,1943589,47804603.0000,5290
20240802,688350,10.9400,11.0500,11.0800,10.8000,10.8700,714372,7825485.0000,1034
20240802,688351,21.7500,21.6000,22.7600,21.5200,22.0300,2060502,46057498.0000,5938
20240802,688352,10.7500,10.6200,10.7300,10.3200,10.3400,6190949,65125016.0000,9553
20240802,688353,16.6200,16.6200,16.7300,16.4100,16.4800,461709,7659474.0000,837
20240802,688355,12.6500,12.5000,12.6400,12.2500,12.3300,661876,8241778.0000,1196
20240802,688356,55.6900,55.6000,57.9800,55.0100,55.0100,264687,14974889.0000,950
20240802,688357,20.8800,20.8300,20.9700,20.2300,20.2800,570207,11723140.0000,1499
20240802,688358,25.9400,25.9600,26.4700,25.2400,25.4800,800410,20635458.0000,2223
20240802,688359,29.6000,25.5600,29.3700,25.5600,27.8300,1593025,44958793.0000,4148
20240802,688360,11.1300,11.0000,11.1300,10.8000,10.9000,742171,8155761.0000,1284
20240802,688361,55.8100,55.0200,55.8800,54.1100,54.5000,5501877,302003328.0000,13795
20240802,688362,19.8800,19.5500,19.7900,18.7400,18.8100,5231543,100283190.0000,10826
20240802,688363,61.3900,61.1400,62.6000,61.1400,61.8500,1724553,107127947.0000,5299
20240802,688365,6.0300,5.9800,6.0800,5.8400,5.8500,3870157,23097381.0000,5345
20240802,688366,60.4900,59.8900,61.8000,59.8100,60.1200,271013,16466623.0000,1023
20240802,688367,12.3800,12.4200,12.7000,12.0000,12.0800,927161,11446835.0000,1761
20240802,688368,58.6100,57.6800,58.4100,56.2300,56.6000,575463,32964567.0000,2144
20240802,688369,15.6300,15.5100,15.6300,15.0400,15.1100,1672669,25648587.0000,3415
20240802,688370,16.0600,16.0600,16.1500,15.9400,15.9400,204054,3270263.0000,464
20240802,688371,9.0900,8.9800,9.1300,8.8600,8.9000,1625228,14607922.0000,4198
20240802,688372,41.1200,40.5300,40.9700,39.8300,40.5000,1650949,66634396.0000,4553
20240802,688373,4.4600,4.4700,4.7600,4.4100,4.4200,8581252,39247901.0000,7321
20240802,688375,44.1700,43.8000,44.7700,42.9200,43.1000,1266591,55435280.0000,4698
20240802,688376,25.4200,25.3000,25.5000,24.5800,24.6400,568994,14210073.0000,1195
20240802,688377,12.4000,12.2800,12.4500,12.0500,12.1500,1335064,16339887.0000,2148
20240802,688378,19.8500,19.6600,19.8900,19.0200,19.0900,1580868,30753610.0000,3940
20240802,688379,13.3300,13.2300,13.4300,13.1300,13.1700,510259,6779172.0000,759
20240802,688380,17.6800,17.6600,17.7500,16.9200,17.0300,4120772,71375235.0000,8964
20240802,688381,19.8500,19.5600,19.7900,18.9900,19.0400,3340344,64696382.0000,6209
20240802,688382,7.6200,7.8300,8.3000,7.6800,7.7200,10292308,82083802.0000,12381
20240802,688383,47.2000,46.8800,47.1500,45.0200,45.1000,831991,38327145.0000,3174
20240802,688385,33.0800,32.6500,33.2300,31.7000,31.8500,6709143,217983958.0000,12996
20240802,688386,26.3800,26.1800,26.5800,25.7700,25.9500,286404,7511142.0000,841
20240802,688387,5.2400,5.2100,5.3400,5.1700,5.1700,12891114,67605261.0000,8509
20240802,688388,9.5200,9.4500,9.5700,9.3300,9.3600,3996331,37824823.0000,7161
20240802,688389,15.3200,15.2800,15.7000,15.2200,15.2400,2451021,37806255.0000,6186
20240802,688390,60.3000,59.5000,61.0900,58.7000,59.5000,2693381,160364654.0000,8107
20240802,688391,27.9900,27.7300,28.2900,26.8200,27.0000,533855,14619590.0000,1234
20240802,688392,35.5100,35.3400,35.6900,34.4100,34.5200,352259,12323041.0000,1449
20240802,688393,15.0800,15.0700,15.3000,14.7100,14.7400,610303,9185565.0000,1145
20240802,688395,13.8800,13.8700,13.9300,13.5300,13.6000,394915,5431192.0000,781
20240802,688396,40.1400,39.7000,40.4300,39.2100,39.3900,4924617,196012141.0000,11058
20240802,688398,14.3900,14.3200,14.5500,14.0300,14.1300,1384524,19842891.0000,2935
20240802,688399,76.4500,76.0000,78.4500,75.7500,77.8000,456547,35442644.0000,1312
20240802,688400,14.9100,14.8400,14.9900,14.4000,14.4300,1879506,27570114.0000,3613
20240802,688401,23.1700,22.8000,22.9800,22.1600,22.2000,1829174,41329852.0000,3036
20240802,688403,8.0500,8.0100,8.0300,7.5200,7.5500,16273185,125223450.0000,16102
20240802,688408,62.9400,62.0200,62.9000,59.3900,59.8600,2850180,172285814.0000,10552
20240802,688409,39.7900,39.4000,40.0000,38.1200,38.2800,2583626,100645320.0000,6414
20240802,688410,11.3200,11.3600,11.9000,11.1700,11.4100,3299008,38451868.0000,4872
20240802,688416,30.0200,29.6500,29.7300,28.3300,28.3700,1373842,40034762.0000,3976
20240802,688418,16.4700,16.4700,16.7900,15.8600,15.8600,7142157,116561465.0000,9146
20240802,688419,29.2900,28.9000,29.0000,27.7500,27.8100,1155199,32855822.0000,3329
20240802,688420,19.4000,19.4000,19.5500,19.1800,19.2000,129575,2506376.0000,337
20240802,688425,3.7800,3.7600,3.8100,3.7500,3.7600,19327059,73040475.0000,10588
20240802,688426,22.6000,22.6800,24.5100,22.3900,24.3900,2239278,52553384.0000,2766
20240802,688428,9.2700,9.2500,9.6600,9.1700,9.1800,4143037,38999426.0000,4439
20240802,688429,16.7700,16.7300,17.7800,16.5000,16.8600,1323040,22801757.0000,1974
20240802,688432,9.8100,9.6800,9.8100,9.5100,9.5300,2631203,25480110.0000,5391
20240802,688433,17.8800,17.5200,17.8200,17.0600,17.1100,1275202,22177648.0000,2984
20240802,688435,23.0700,22.7800,23.1200,22.2500,22.3100,586930,13312422.0000,1624
20240802,688439,56.8700,56.5000,57.5400,55.4000,55.4800,1789557,100801407.0000,4975
20240802,688443,32.3900,32.2100,33.2500,32.1900,32.3900,932729,30603073.0000,2439
20240802,688448,19.4800,19.3800,19.6800,19.1800,19.2100,651694,12637552.0000,1232
20240802,688450,21.0700,20.9300,21.2800,20.5000,20.5000,386792,8090088.0000,856
20240802,688455,8.5200,8.4700,8.5200,8.2600,8.2800,665235,5560913.0000,943
20240802,688456,31.2000,31.0000,31.0000,29.6000,29.8400,740560,22542082.0000,1281
20240802,688458,25.7900,25.7100,25.8900,24.8200,24.9300,996318,25318785.0000,2035
20240802,688459,8.3400,8.2900,8.3400,8.1400,8.1700,825110,6795023.0000,912
20240802,688466,11.5200,11.5200,11.5700,11.3500,11.3500,231687,2654347.0000,465
20240802,688468,6.2200,6.1800,6.3600,6.1600,6.2300,3658035,23057497.0000,4602
20240802,688469,3.9700,3.9500,3.9800,3.9100,3.9200,24991631,98415325.0000,11470
20240802,688472,9.1400,9.1000,9.2200,9.0500,9.1100,11299230,103306048.0000,11581
20240802,688475,28.2100,28.0200,28.4400,27.8000,27.8700,1937275,54364830.0000,6768
20240802,688478,28.8800,28.4500,28.8700,27.7100,27.8100,1969662,55720233.0000,4319
20240802,688479,15.6000,15.6100,15.6600,15.2900,15.3300,438617,6786426.0000,1013
20240802,688480,25.2300,25.2200,25.2200,24.6800,24.8100,396979,9889693.0000,1290
20240802,688484,33.1700,32.5100,33.1500,31.6800,31.7700,4018501,130125898.0000,10821
20240802,688485,8.0600,8.0100,8.1500,7.9300,7.9800,622446,4994032.0000,779
20240802,688486,53.4100,53.0100,53.1500,50.2500,51.0000,991009,51088943.0000,2554
20240802,688488,8.9900,9.0200,9.6200,8.9500,9.2000,5772233,53649073.0000,6789
20240802,688489,24.9200,24.5000,25.1500,24.2000,24.3300,416699,10273998.0000,834
20240802,688496,8.2500,8.2000,8.2700,7.9200,7.9400,2169652,17503448.0000,3755
20240802,688498,113.3600,109.0000,111.2900,105.0000,105.3900,2651286,285518392.0000,9606
20240802,688499,19.1000,18.9900,19.4000,18.7800,18.8500,1248142,23799932.0000,2509
20240802,688500,31.8000,31.7900,32.1800,31.0900,31.9800,666972,21187646.0000,944
20240802,688501,12.7900,12.7100,12.8500,12.3400,12.3700,665364,8361647.0000,1887
20240802,688502,95.9000,95.0900,95.3200,91.7700,92.4600,530861,49729643.0000,2041
20240802,688503,27.5500,27.5500,27.5600,26.8600,26.9900,1545770,41992855.0000,3892
20240802,688505,6.6300,6.6500,6.8300,6.6300,6.6700,2674907,17981245.0000,2418
20240802,688506,172.0900,172.1200,185.0900,169.6200,178.2700,1269024,228410154.0000,5860
20240802,688507,48.8600,48.2100,49.3400,47.1000,47.1700,1179836,56777859.0000,2857
20240802,688508,35.9000,35.5300,36.0000,34.0700,34.1100,3548065,124374285.0000,7184
20240802,688509,3.1200,3.0900,3.1000,2.9800,2.9900,9499971,28940841.0000,5518
20240802,688510,16.4200,16.3100,16.6900,16.1100,16.2000,3217783,52738125.0000,8326
20240802,688511,15.7900,15.5900,15.9300,15.4900,15.5200,1407143,22123018.0000,2417
20240802,688512,7.6800,7.6000,7.6500,7.3100,7.3500,4928962,36953107.0000,6523
20240802,688513,31.0100,30.8500,32.8600,30.7400,32.0100,1020503,32773968.0000,2993
20240802,688515,67.0000,65.9000,66.5200,63.8000,63.8400,1624661,106051744.0000,5088
20240802,688516,37.9400,37.9200,38.6500,36.7700,36.8400,5149305,193577321.0000,12408
20240802,688517,13.0000,12.9000,13.1400,12.8000,12.8400,1533423,19878096.0000,3186
20240802,688518,15.0500,15.0000,15.0800,14.3900,14.4400,7492119,110138381.0000,7811
20240802,688519,20.3400,20.0700,20.4100,19.4000,19.4000,2003319,39677625.0000,5203
20240802,688520,37.7500,37.7300,39.3900,37.5200,38.1600,1862923,72131089.0000,4809
20240802,688521,33.8300,33.2100,33.7200,32.2700,32.4500,7029073,231753544.0000,14482
20240802,688522,49.9000,49.4900,50.0000,48.0800,48.1200,3603664,176815985.0000,7649
20240802,688523,19.5200,19.1300,20.4400,18.7200,18.8000,7894896,153451354.0000,10466
20240802,688525,56.7100,55.5800,56.7200,53.8700,53.9100,17031160,938107708.0000,34164
20240802,688526,13.6700,13.6300,13.9000,13.5500,13.6100,1151099,15856192.0000,2511
20240802,688528,7.4400,7.4400,7.4400,7.2800,7.3100,410144,3020700.0000,797
20240802,688529,11.9100,11.8800,11.9400,11.6200,11.6500,917964,10846111.0000,1525
20240802,688530,18.9400,18.8000,18.9200,18.3900,18.4100,1896631,35359243.0000,2482
20240802,688531,42.1500,41.9300,42.1900,40.6800,40.9000,995220,41298159.0000,2372
20240802,688533,23.6600,23.4000,23.6400,22.8000,22.9200,1330541,30884708.0000,3541
20240802,688535,65.5900,64.4900,65.0000,62.3000,62.7800,1561375,99490435.0000,4087
20240802,688536,92.3800,91.4800,91.7000,87.2000,87.5800,1595419,142637623.0000,6204
20240802,688538,2.0600,2.0500,2.0800,2.0400,2.0500,29236480,60313385.0000,9885
20240802,688539,26.2100,25.9800,27.0800,25.6000,25.8700,1354293,35804583.0000,2278
20240802,688543,42.7400,42.5700,43.8300,42.3100,42.8200,2218077,95796061.0000,4844
20240802,688548,8.8400,8.8400,8.8400,8.3400,8.4700,4368369,37654619.0000,4777
20240802,688549,6.6200,6.5200,6.6400,6.4200,6.4300,7168251,46797805.0000,4440
20240802,688550,22.2500,22.1500,22.8000,22.0100,22.0800,2396633,53610614.0000,6199
20240802,688551,29.4100,28.8500,29.3500,28.6000,28.6800,646598,18692565.0000,2061
20240802,688552,17.3100,17.2200,17.4900,17.0200,17.0900,4098516,70715402.0000,6550
20240802,688553,11.8500,11.7900,12.1500,11.7900,11.9400,1259387,15133281.0000,2430
20240802,688556,11.9500,11.8700,12.0500,11.6800,11.7400,8437675,100104770.0000,10639
20240802,688557,15.8800,15.8400,15.9400,15.5500,15.5500,387592,6099249.0000,648
20240802,688558,17.9200,17.9200,17.9200,17.3900,17.4800,725709,12816583.0000,1229
20240802,688559,32.4200,32.3300,33.4600,31.9500,32.0000,4589085,150355534.0000,6913
20240802,688560,10.4800,10.4900,10.5800,10.2700,10.3700,1891173,19721829.0000,3010
20240802,688561,24.2400,24.0300,24.5000,23.5900,23.7100,4008162,96596170.0000,7389
20240802,688562,15.7300,15.5500,16.1300,15.3000,15.3400,5078382,79466464.0000,6534
20240802,688563,52.2000,51.8800,52.8300,51.0400,51.1600,867719,44998260.0000,2733
20240802,688565,5.4100,5.3900,5.4100,5.2200,5.2400,1175919,6255193.0000,1191
20240802,688566,21.1100,21.0600,21.7500,20.9700,21.0900,1148361,24572517.0000,2283
20240802,688567,9.5300,9.4200,9.5900,9.2800,9.3100,4474373,42187197.0000,7362
20240802,688568,32.4700,32.2500,33.1200,31.8600,32.0200,4651478,150755720.0000,10443
20240802,688569,21.4200,21.2100,21.5000,20.8300,20.8600,1105277,23388253.0000,1836
20240802,688570,19.1700,19.0800,19.2000,18.8100,18.8200,564777,10719403.0000,1223
20240802,688571,4.9900,4.9700,5.0300,4.9200,4.9300,1691703,8418783.0000,2486
20240802,688573,18.7000,18.6700,18.7500,18.2200,18.3400,448451,8306441.0000,579
20240802,688575,18.7100,18.7000,19.5400,18.6200,19.0200,3642443,69777769.0000,9497
20240802,688576,59.8200,59.5600,60.2900,58.8300,58.9900,354386,21102282.0000,793
20240802,688577,33.1800,32.9900,33.4300,31.7200,31.8600,583400,18984442.0000,1878
20240802,688578,52.0900,52.2600,53.2700,51.1100,51.2200,3908921,203309106.0000,12281
20240802,688579,7.7800,7.8300,7.9200,7.6200,7.6300,4130921,32110881.0000,5649
20240802,688580,25.2900,25.2600,25.8600,24.8300,24.9000,405209,10306221.0000,1018
20240802,688581,50.3800,50.2000,52.0000,50.0000,50.3000,432287,22035721.0000,1420
20240802,688582,30.8700,30.5800,31.1800,30.3200,30.6600,3319198,101862504.0000,6686
20240802,688584,15.7700,15.6100,15.6900,15.3100,15.3100,1845672,28648974.0000,2180
20240802,688585,5.0800,5.0400,5.1300,5.0100,5.0600,1322162,6715557.0000,2116
20240802,688586,9.6900,9.6100,9.8800,9.5600,9.5800,9342990,90772665.0000,13665
20240802,688588,6.7700,6.7100,6.8200,6.5700,6.6000,2851260,19127680.0000,4154
20240802,688589,25.1900,24.7600,25.1500,24.1300,24.1500,1868625,45998233.0000,3310
20240802,688590,11.6900,11.5500,11.6900,11.1500,11.2200,6040970,69012820.0000,10655
20240802,688591,19.3300,18.9900,19.1200,18.5000,18.6500,2676519,50506029.0000,3239
20240802,688592,39.8500,38.7100,39.9500,38.1200,38.2000,755954,29414349.0000,1851
20240802,688593,9.7100,9.6800,9.7100,9.3500,9.3800,1913878,18254006.0000,2097
20240802,688595,28.0400,27.9400,27.9400,26.6300,26.7600,2165150,58922177.0000,5703
20240802,688596,29.4000,29.1100,29.4900,27.4400,27.6000,4209225,118568068.0000,6893
20240802,688597,7.5800,7.5300,7.8200,7.5300,7.6600,3568271,27523005.0000,4642
20240802,688598,16.9300,16.7800,17.1200,16.5800,16.6200,4197445,70739261.0000,7317
20240802,688599,17.0300,16.8900,17.1500,16.6600,16.7200,15253373,257829138.0000,15748
20240802,688600,12.5100,12.4300,12.9300,12.2100,12.5100,1046891,13167137.0000,1693
20240802,688601,42.1000,41.4800,41.7100,39.5800,39.7500,4143218,168392182.0000,7820
20240802,688602,7.1700,7.1400,7.3100,7.1100,7.1200,3887521,27968352.0000,3249
20240802,688603,50.4900,49.9100,50.8000,49.3100,49.5900,706067,35359649.0000,1741
20240802,688606,52.6400,52.0900,53.2900,51.0200,51.3000,292302,15256703.0000,1057
20240802,688607,11.3200,11.3100,11.4500,11.1500,11.1800,787443,8909783.0000,1462
20240802,688608,171.6800,169.7900,171.9800,166.7000,168.2700,989786,167870720.0000,5479
20240802,688609,8.3400,8.2900,8.3400,8.0300,8.0800,10674373,87446053.0000,8969
20240802,688610,29.4700,29.4700,29.7000,28.8200,28.8300,258846,7543026.0000,786
20240802,688611,25.8800,25.5800,25.9300,24.8000,25.4000,347165,8757837.0000,934
20240802,688612,23.6100,22.9400,23.1000,22.0100,22.3400,2767225,62101285.0000,5183
20240802,688613,12.9700,12.8800,13.2400,12.8000,12.8500,1709933,22259624.0000,2092
20240802,688616,8.6100,8.5600,8.8400,8.4100,8.4700,1211690,10482632.0000,2661
20240802,688617,323.6700,319.9200,341.6900,319.0800,332.5100,716196,239908719.0000,4209
20240802,688618,22.4000,22.1300,22.2200,21.1200,21.1700,1346036,29124223.0000,2728
20240802,688619,6.8500,6.8700,6.8900,6.6500,6.6700,1363049,9201290.0000,1836
20240802,688620,7.7600,7.6700,7.7600,7.5000,7.5100,3185755,24293837.0000,2785
20240802,688621,37.2300,37.0200,39.6000,37.0200,37.3900,2169611,83300521.0000,5892
20240802,688622,16.4900,16.2500,16.4900,15.9100,16.4500,351414,5688744.0000,784
20240802,688623,53.9500,53.8800,53.9600,53.2300,53.3300,45374,2428932.0000,198
20240802,688625,33.6200,33.1300,33.8800,33.0000,33.0300,117624,3922806.0000,437
20240802,688626,27.9100,27.7000,28.6800,27.5100,27.8600,951216,26931812.0000,2257
20240802,688627,49.5200,47.7000,50.0000,47.3500,47.8300,959599,46768855.0000,2359
20240802,688628,29.7000,29.3500,30.0900,28.9000,29.1000,1058242,31203966.0000,2740
20240802,688629,30.0000,29.4900,30.0000,28.0100,28.4500,7678078,221679639.0000,9533
20240802,688630,60.3100,59.5000,60.3800,57.3100,57.4000,1357121,79936365.0000,4164
20240802,688631,65.0100,63.9000,70.1900,62.8500,67.7800,9348899,624725727.0000,18869
20240802,688633,20.4200,20.4200,20.5800,20.0300,20.2200,366994,7455630.0000,711
20240802,688636,23.2200,22.8800,23.7800,21.9800,22.1000,4891499,111452273.0000,9872
20240802,688638,28.1900,28.1200,28.3600,27.5000,27.9600,180403,5037729.0000,338
20240802,688639,42.6800,42.2400,44.3800,42.1100,43.8400,2955769,129261802.0000,9218
20240802,688646,26.9100,26.6900,27.1000,26.1300,26.3400,719086,19115902.0000,1365
20240802,688648,23.5600,23.3900,23.4800,22.5800,22.6000,2713542,62216633.0000,3069
20240802,688651,27.9500,27.7100,28.4800,27.2900,27.3500,1444406,40209888.0000,2676
20240802,688652,43.2600,42.6000,43.2600,41.5300,41.6900,1483081,63111807.0000,3593
20240802,688653,12.8300,12.8000,12.8000,12.3100,12.5700,2475583,31145901.0000,2762
20240802,688655,9.0800,8.9700,9.0800,8.7000,8.7700,1674511,14876221.0000,2595
20240802,688656,22.7200,22.7800,23.0700,22.2400,22.4900,174180,3973267.0000,476
20240802,688657,34.0000,33.5200,34.1700,33.0800,33.1600,231787,7795325.0000,694
20240802,688658,19.5600,19.5600,19.8100,18.8100,18.9000,3503142,67753117.0000,5952
20240802,688659,5.5400,5.5500,5.5900,5.3700,5.4500,2277451,12556012.0000,2870
20240802,688660,3.1700,3.1500,3.1800,3.1100,3.1200,4979673,15668922.0000,3221
20240802,688661,28.0900,27.6000,28.0400,26.7900,26.9100,1309293,35907453.0000,2876
20240802,688662,23.5200,23.3500,23.4600,22.5200,22.6000,906690,20845427.0000,2602
20240802,688663,20.8200,20.8000,20.9600,20.0400,20.1300,1725393,35362486.0000,3594
20240802,688665,24.8500,24.5700,25.2700,24.2000,24.3900,787029,19470830.0000,1895
20240802,688667,36.8000,36.5900,36.8800,35.7200,35.7200,250982,9119306.0000,842
20240802,688668,40.3000,39.4700,41.2200,38.4000,38.5200,6262890,246740080.0000,9750
20240802,688669,10.4200,10.5300,10.5300,10.1000,10.2000,807914,8370650.0000,1112
20240802,688670,11.2600,11.3200,12.6600,11.2200,11.7700,1876090,22438965.0000,3739
20240802,688671,18.7200,18.6500,18.7900,18.1400,18.2000,614192,11350826.0000,993
20240802,688676,39.6200,39.5700,39.7900,38.0400,38.4700,5770966,223782675.0000,19262
20240802,688677,32.4200,32.3900,33.5700,32.1400,32.2400,936413,30707376.0000,2894
20240802,688678,9.5500,9.5500,9.5500,9.2100,9.2200,2471004,23135758.0000,3355
20240802,688679,6.8100,6.7900,6.9300,6.6200,6.7000,741665,5023068.0000,1290
20240802,688680,29.4200,29.3700,29.8900,28.6300,28.7700,1578573,46127033.0000,4047
20240802,688681,8.9700,8.9500,8.9900,8.7800,8.8100,930859,8289514.0000,1456
20240802,688682,34.7000,34.1000,35.8600,33.4400,33.9700,2289782,78857099.0000,4059
20240802,688683,15.2900,15.0000,15.3500,14.9000,14.9700,182779,2768705.0000,546
20240802,688685,23.6800,23.3200,24.1400,22.6800,23.6100,1447454,34394389.0000,3468
20240802,688686,58.7200,58.0200,58.8800,56.0900,56.2000,935612,53416601.0000,3507
20240802,688687,23.4500,23.1400,24.2400,23.1400,23.4700,2193040,52137704.0000,4453
20240802,688689,20.7200,20.7400,20.7400,19.5300,19.6100,1637209,32854384.0000,3430
20240802,688690,18.3000,18.2500,18.7200,18.1600,18.2000,2663429,49114452.0000,5077
20240802,688691,53.9300,53.8500,53.9500,51.4300,51.4300,1751964,91732470.0000,4019
20240802,688692,224.3500,220.6000,221.8800,212.6700,213.0500,999934,215747111.0000,3529
20240802,688693,35.6100,34.0800,35.2600,33.1000,33.3000,4260990,145660754.0000,7195
20240802,688695,30.2600,29.7600,30.1400,29.1000,29.1100,1019262,30174025.0000,1738
20240802,688696,65.4700,64.9900,66.3900,64.0200,64.2000,451754,29302658.0000,1741
20240802,688697,15.5600,15.3800,15.6700,15.0700,15.1300,2163241,33132134.0000,3210
20240802,688698,23.3800,23.1400,23.2500,22.8500,23.1000,1527297,35171577.0000,3235
20240802,688699,30.8600,30.4500,30.5500,29.3000,29.3300,1166002,34878036.0000,2747
20240802,688700,24.9300,24.6300,25.0500,23.9800,24.0500,1745151,42630102.0000,3762
20240802,688701,4.9500,4.9200,4.9600,4.8200,4.8200,1285986,6286041.0000,1449
20240802,688702,44.6400,43.5000,44.3000,42.3000,42.4300,1665798,71780442.0000,4694
20240802,688707,9.2400,9.0900,9.1500,8.8100,8.8300,9795068,88025044.0000,10985
20240802,688709,19.1800,18.9500,19.0300,18.3000,18.3100,3691719,68905204.0000,4111
20240802,688711,15.2900,15.1400,15.1700,14.6000,14.6200,3997770,59603605.0000,5772
20240802,688716,18.9700,19.0400,19.1700,18.6900,18.6900,538851,10185572.0000,1039
20240802,688717,75.5000,75.0000,78.8800,71.8800,72.4300,3463915,257248904.0000,9486
20240802,688718,8.5800,8.5800,8.6700,8.3400,8.3700,515907,4377967.0000,997
20240802,688719,24.5300,24.2600,24.6000,23.7900,23.8100,394534,9550412.0000,945
20240802,688720,42.4300,41.4300,41.8100,39.8000,39.8100,2369287,96844077.0000,4608
20240802,688722,10.4600,10.2600,10.5500,10.2600,10.3900,664686,6950850.0000,648
20240802,688728,12.0800,11.9100,12.1100,11.7500,11.7900,6365883,75836949.0000,10628
20240802,688733,14.2900,14.2100,14.3300,13.8200,13.8700,1422165,20085812.0000,3107
20240802,688737,14.8900,14.7900,14.9500,14.6600,14.7000,922052,13654879.0000,1689
20240802,688739,24.0200,23.9300,24.4800,23.9300,24.2500,1596374,38821873.0000,3530
20240802,688766,76.7000,75.3500,75.6900,71.6600,71.9200,2267140,165874059.0000,8716
20240802,688767,24.7600,24.7600,25.2300,24.6200,24.8200,487019,12144281.0000,992
20240802,688768,24.9700,24.8700,25.6800,23.9600,24.1300,733404,18190012.0000,1552
20240802,688772,15.5100,15.3700,15.7500,15.0200,15.1500,7303166,111982690.0000,9962
20240802,688776,49.6400,49.4500,50.2000,48.1000,48.2200,1007185,49379758.0000,3503
20240802,688777,37.6000,37.1100,37.8800,36.8100,36.9700,7605004,284621494.0000,12401
20240802,688778,30.3600,30.0700,30.5300,29.7000,29.7200,1369148,41223774.0000,4130
20240802,688779,4.6800,4.6600,4.7600,4.6300,4.6500,13105475,61531648.0000,8837
20240802,688786,21.1800,21.2300,21.3600,20.5300,20.6600,434477,9087102.0000,920
20240802,688787,51.2000,50.2800,51.1900,48.5300,48.5500,1819132,90413781.0000,4708
20240802,688788,24.8400,24.7800,24.9600,24.2100,24.2800,512531,12577507.0000,1137
20240802,688789,59.7100,59.7300,59.7300,56.2100,56.7400,1357445,78248410.0000,4827
20240802,688793,33.0000,32.9900,35.2000,32.5400,34.0500,3154685,107969183.0000,6177
20240802,688798,46.6100,46.1400,46.1400,44.2700,44.4000,2847610,128463121.0000,9523
20240802,688799,39.6000,39.4300,40.4100,39.3300,39.3400,336175,13406262.0000,784
20240802,688800,25.6300,25.4200,25.5800,24.4800,24.6500,1854388,46419767.0000,4864
20240802,688819,22.3500,22.2300,22.4800,21.9300,22.0000,1641181,36414241.0000,5696
20240802,688981,49.1100,48.6100,49.2200,48.1000,48.4200,19364443,938769737.0000,32169
