tradingday,secucode,preclose,open,high,low,close,vol,amount,deals
20240923,000001,9.9000,9.8900,10.0900,9.8700,10.0400,89690755,897428029.5200,55966
20240923,000002,6.8900,6.7800,7.0000,6.7700,6.9300,152980740,1058509856.2900,65737
20240923,000004,14.6000,16.0600,16.0600,16.0600,16.0600,1317300,21155838.0000,954
20240923,000006,4.4200,4.3400,4.4100,4.3100,4.3400,32269038,140588064.9200,10639
20240923,000007,5.4500,5.5000,5.8700,5.4400,5.6600,11310656,63756284.3600,7723
20240923,000008,2.0100,2.0100,2.0300,1.9900,2.0100,16152240,32398834.4000,3199
20240923,000009,7.4100,7.4200,7.4900,7.3500,7.4000,6462635,47948404.6500,10235
20240923,000010,1.7500,1.7500,1.7900,1.7300,1.7700,13843700,24454411.0000,3899
20240923,000011,8.0500,7.9900,8.1100,7.9500,8.0400,7721898,62013902.9600,8357
20240923,000012,4.8900,4.8700,4.9200,4.8500,4.8500,6997148,34120796.7000,9236
20240923,000014,9.1600,8.9700,9.2500,8.9200,9.1800,10273920,93989901.8000,9777
20240923,000016,2.6200,2.6900,2.8800,2.6100,2.8800,73740228,204064993.6400,18224
20240923,000017,5.2600,5.2100,5.3600,5.2100,5.2800,10380306,54805039.6200,10260
20240923,000019,5.8700,5.8600,5.8900,5.7500,5.8200,6198022,35900311.4200,11783
20240923,000020,13.3500,13.4200,13.9000,12.8800,13.5500,19768310,264408188.1000,29636
20240923,000021,13.1800,13.2000,13.4100,13.0700,13.1600,25121901,332915499.2000,30444
20240923,000025,14.0300,14.0600,14.1000,13.9600,14.0200,2633960,36946458.8500,4951
20240923,000026,8.9100,8.8900,8.9400,8.8500,8.9300,1456500,12977706.0000,2057
20240923,000027,5.5400,5.5400,5.6000,5.5000,5.5900,13671436,76144553.1700,11815
20240923,000028,24.4700,24.4600,25.0200,24.3800,24.7900,2999900,74273393.9200,8535
20240923,000029,12.0000,12.0000,12.3800,11.9500,12.2700,4926791,60109932.7700,10833
20240923,000030,4.3600,4.3600,4.4200,4.3300,4.3700,5579640,24406963.2000,8155
20240923,000031,2.5000,2.4900,2.5500,2.4600,2.5200,23394469,58924126.5900,12556
20240923,000032,13.4600,13.3300,13.6000,13.2400,13.4300,12711738,171012610.5800,24688
20240923,000034,24.6800,24.7500,25.1800,24.3500,24.4200,23005796,568900218.7600,39041
20240923,000035,4.1000,4.0900,4.1300,4.0700,4.0900,9542810,39123294.9000,9796
20240923,000036,3.1700,3.1900,3.2000,3.1500,3.2000,8187136,26024025.3800,7275
20240923,000037,7.1700,7.1200,7.2200,7.0900,7.1900,4350701,31208474.1800,5908
20240923,000039,7.0000,7.0300,7.1700,7.0000,7.0800,16656288,118321606.3200,26309
20240923,000040,1.2600,1.2200,1.2400,1.2000,1.2000,68572100,82734309.0000,8535
20240923,000042,3.8600,3.8100,3.8900,3.7500,3.8700,8689400,33381969.0000,9752
20240923,000045,8.1800,8.1100,8.1500,8.0400,8.0700,7130700,57657438.0000,9297
20240923,000048,13.2400,13.2300,13.2700,13.1300,13.2200,1243887,16438678.2100,3615
20240923,000049,20.7400,20.7000,21.6100,20.4800,20.8600,7416002,156577161.2000,17815
20240923,000050,6.2500,6.2500,6.4200,6.2000,6.3400,24342516,154268073.1100,30226
20240923,000055,3.3300,3.3300,3.3700,3.2900,3.3600,2874120,9598233.6000,3925
20240923,000056,1.8000,1.7800,1.8100,1.7600,1.7900,18021700,32139521.0000,6112
20240923,000058,6.1200,6.1800,6.3200,6.0300,6.1800,34114900,211463332.0000,28019
20240923,000059,3.8000,3.8000,3.8500,3.7600,3.8200,6730770,25657141.7000,8416
20240923,000060,4.1400,4.1400,4.1900,4.1200,4.1800,32353819,134869193.9300,31002
20240923,000061,5.5200,5.5000,5.5200,5.4500,5.5200,4651300,25553783.0000,9191
20240923,000062,30.7600,32.0000,33.8400,31.0100,31.8000,178227743,5809895743.8600,338611
20240923,000063,24.1600,24.4900,25.2500,24.3900,24.9000,93792149,2345331322.5800,126981
20240923,000065,8.3500,8.3500,8.4200,8.2700,8.3800,4117377,34420766.7100,8256
20240923,000066,8.4800,8.4700,8.6200,8.4100,8.5100,26531164,226660129.1400,27645
20240923,000068,3.1000,3.1100,3.1200,3.0200,3.0800,25359401,77735926.0400,8100
20240923,000069,2.0200,2.0100,2.0400,1.9900,2.0200,45936402,92839972.0400,12402
20240923,000070,4.1200,4.1500,4.1800,4.0900,4.1000,9421402,38998196.3200,2395
20240923,000078,2.1400,2.1500,2.1600,2.1300,2.1500,8507017,18297365.5500,4307
20240923,000088,4.3400,4.3500,4.3800,4.3000,4.3700,5524735,24033506.5300,7577
20240923,000089,5.9900,6.0000,6.0200,5.9800,5.9800,4852500,29096163.0000,4817
20240923,000090,3.4000,3.3800,3.4300,3.3600,3.4100,12765300,43397668.0000,14876
20240923,000096,8.4500,8.4600,8.8500,8.4200,8.8400,6509976,56577490.6000,5712
20240923,000099,14.2100,14.2000,14.3900,13.9700,14.1100,27231000,386971069.0000,37299
20240923,000100,3.7400,3.7300,3.7800,3.7100,3.7300,123704761,463625484.8200,44517
20240923,000151,10.2200,10.1000,10.1700,9.9700,10.1200,11590467,116706005.0200,11055
20240923,000153,5.0600,5.0700,5.1100,5.0500,5.0600,3278720,16642501.8000,7436
20240923,000155,9.3400,9.2800,9.3700,9.2200,9.2600,4654600,43230615.0000,6968
20240923,000156,6.0800,6.0800,6.1600,6.0500,6.1300,6476800,39609211.0000,9342
20240923,000157,5.9700,5.9900,6.1200,5.9700,6.1000,51462972,312357013.7100,38540
20240923,000158,10.7500,11.4800,11.8300,11.3000,11.8300,152693358,1778664372.4200,106240
20240923,000159,5.7500,5.8000,6.1500,5.7600,6.0000,13743796,81919601.2200,11620
20240923,000166,4.2400,4.2400,4.2600,4.2100,4.2400,44651903,189292582.6400,25035
20240923,000301,7.1400,7.1300,7.2000,7.0800,7.1500,5166969,36972951.3600,7129
20240923,000333,66.0600,66.4600,67.8900,66.2000,67.6000,39162141,2643088027.5700,115897
20240923,000338,12.4800,12.4900,12.7000,12.4400,12.6100,39399987,497487816.6700,51849
20240923,000400,30.4300,30.3000,30.9400,30.1300,30.3100,7183754,219108625.2000,21511
20240923,000401,4.4200,4.4200,4.4600,4.3700,4.4500,6128027,27128679.8800,9884
20240923,000402,2.2700,2.2500,2.2900,2.2200,2.2600,25468874,57460689.5000,10629
20240923,000403,20.8600,20.7100,21.2000,19.9800,20.0500,9363822,190374845.5100,30512
20240923,000404,6.2000,6.1900,6.2300,6.1100,6.1600,7370900,45471166.0000,12833
20240923,000407,2.6900,2.7000,2.7000,2.6700,2.6800,5349901,14339976.6800,5143
20240923,000408,24.3600,24.2600,24.4100,23.8300,23.9100,6577527,158159571.2000,14716
20240923,000409,7.5800,7.6700,7.7500,7.5400,7.5900,14641430,111679230.5700,26205
20240923,000410,6.3000,6.2400,6.2700,6.1900,6.2200,5565900,34611615.0000,4848
20240923,000411,9.0300,9.0500,9.1100,9.0300,9.0700,1073581,9740557.0700,2629
20240923,000413,0.3700,0.3700,0.3700,0.3700,0.3700,0,0.0000,0
20240923,000415,2.2100,2.2100,2.2600,2.1900,2.2500,50795630,113446140.4600,23035
20240923,000417,4.2100,4.2100,4.2400,4.1800,4.2300,7220420,30492763.1500,7580
20240923,000419,4.4000,4.3800,4.4100,4.3400,4.3700,3818500,16696280.0000,6135
20240923,000420,2.7900,2.8000,2.8100,2.7700,2.7900,11389400,31824309.7200,5372
20240923,000421,4.6000,4.5800,4.6600,4.5500,4.6200,9771000,45043043.0000,5239
20240923,000422,11.4900,11.4500,11.6900,11.3500,11.3800,11555175,132912530.9500,17014
20240923,000423,47.2800,47.5000,48.7000,47.1900,47.6400,5130062,245134710.1100,20246
20240923,000425,6.5500,6.5000,6.6700,6.5000,6.6000,60038001,396733164.7500,42814
20240923,000426,10.4500,10.4200,10.6200,10.2900,10.3100,29141684,304382863.9000,35847
20240923,000428,2.8900,2.8900,2.9200,2.8600,2.8900,7196400,20795979.0000,5621
20240923,000429,10.9100,10.9100,10.9300,10.7200,10.7600,9618900,103952941.0000,13758
20240923,000430,5.4700,5.5000,5.5000,5.4200,5.4600,3091400,16873682.0000,3603
20240923,000488,3.3100,3.3100,3.3600,3.2800,3.3500,7889558,26352967.7200,8168
20240923,000498,4.9200,4.9100,4.9800,4.8900,4.9700,4797239,23709154.8800,6099
20240923,000501,7.2000,7.1800,7.2000,7.1000,7.1100,3513401,25056598.1200,5195
20240923,000503,7.5800,7.6200,7.7100,7.3500,7.4800,20074702,149893502.0400,20220
20240923,000504,6.9200,6.9600,7.0600,6.8800,6.9100,6243126,43427133.1400,7091
20240923,000505,6.0300,5.9800,6.0300,5.8000,5.8500,29375630,172309788.2300,22280
20240923,000506,1.3300,1.3200,1.3700,1.3200,1.3300,54934137,73875796.2100,7665
20240923,000507,4.4100,4.4100,4.4500,4.3900,4.4400,3602406,15944080.6200,4799
20240923,000509,2.5800,2.5800,2.6400,2.5500,2.6000,20724900,53925654.0000,9040
20240923,000510,2.9600,2.9500,3.0000,2.9300,2.9700,5610800,16614510.0000,5981
20240923,000513,35.4200,35.4200,36.0300,35.0600,35.1600,3459677,122464096.1900,13022
20240923,000514,3.7100,3.5000,3.8600,3.5000,3.7300,78694444,288239206.1400,43853
20240923,000516,4.1300,4.1500,4.1700,4.1000,4.1100,20006560,82484536.7000,16000
20240923,000517,1.9900,1.9800,1.9900,1.9500,1.9800,20463300,40360463.0000,9160
20240923,000518,1.9700,1.9800,1.9900,1.9700,1.9800,9691501,19180488.9800,3351
20240923,000519,11.7100,11.7500,12.2400,11.7500,12.1700,38963872,470623210.3200,40341
20240923,000520,2.2300,2.2400,2.3200,2.2100,2.2800,29912927,67989932.5600,7570
20240923,000521,9.6200,9.6300,9.9000,9.3200,9.3800,35879310,341672968.4200,37487
20240923,000523,2.4600,2.4600,2.4700,2.4500,2.4600,4278284,10516873.2000,3427
20240923,000524,8.5100,8.4400,8.5500,8.4000,8.4900,5689200,48169897.0000,5927
20240923,000525,8.4100,8.3000,8.7500,8.3000,8.5200,11784326,100717287.9400,4013
20240923,000526,49.2000,49.1600,50.2300,48.5100,49.1000,2043965,101072196.6500,10854
20240923,000528,10.4600,10.3800,10.6000,10.3500,10.4500,11843311,124047578.5100,28027
20240923,000529,4.9800,4.9900,5.0600,4.9300,4.9300,4815900,24012198.0000,8947
20240923,000530,3.6900,3.6600,3.7000,3.6200,3.6600,7198700,26294449.0000,9107
20240923,000531,4.5700,4.5800,4.5900,4.5500,4.5600,1467018,6705528.3000,2153
20240923,000532,11.0000,10.8800,10.9400,10.7300,10.8300,9401300,101809966.0000,12211
20240923,000533,3.2300,3.2300,3.2400,3.1900,3.1900,5578120,17909021.8000,9434
20240923,000534,9.2300,9.2500,9.2800,9.1500,9.2200,1635276,15049078.9600,3642
20240923,000536,3.0800,3.0300,3.0300,2.7800,2.7800,341417804,981548677.9200,128380
20240923,000537,7.9700,7.9200,8.0100,7.9000,7.9300,1910500,15203268.0000,4329
20240923,000538,50.2100,50.1800,50.7500,50.1000,50.2200,6514904,327961215.5200,23121
20240923,000539,4.2600,4.2500,4.3400,4.2400,4.3200,13248890,57088337.9800,12893
20240923,000541,4.5300,4.5300,4.5700,4.5000,4.5600,6679798,30350429.2700,9797
20240923,000543,7.5500,7.5400,8.0000,7.5100,7.8500,31608242,247112094.1100,34835
20240923,000544,7.0000,7.0100,7.0600,6.9700,7.0100,2752001,19326170.0000,5606
20240923,000545,1.8100,1.8000,1.8600,1.7800,1.8200,12562582,22845351.4200,3918
20240923,000546,5.0900,4.9900,5.0500,4.8800,4.9800,42611001,210765658.9100,21718
20240923,000547,6.2500,6.2500,6.3500,6.2400,6.2600,16287932,102321634.6000,14435
20240923,000548,4.0200,4.0100,4.0400,3.9900,4.0400,3568505,14359924.1100,4896
20240923,000550,21.1100,21.0100,21.5500,20.8900,21.2000,10438781,221524137.0700,31145
20240923,000551,8.6100,8.5600,8.6900,8.5000,8.6100,3476750,29907302.0000,7753
20240923,000552,2.3000,2.3000,2.3500,2.2900,2.3400,53604403,124836391.4900,13989
20240923,000553,4.3400,4.3800,4.3800,4.2900,4.3100,2581810,11141983.0600,5893
20240923,000554,4.9800,4.9500,4.9900,4.9300,4.9800,4400210,21843456.7000,4534
20240923,000555,8.5800,8.6600,8.7600,8.6000,8.6700,13817000,120037230.0000,22088
20240923,000557,4.0000,3.9600,4.0100,3.9600,4.0000,6014144,24038995.5600,7343
20240923,000558,2.3200,2.3200,2.3300,2.2900,2.3100,11798703,27231091.4000,6455
20240923,000559,4.9500,4.9500,5.0000,4.9000,4.9300,13716549,67921992.5900,16154
20240923,000560,2.8200,2.7100,2.8400,2.6800,2.7600,329134020,909577802.3400,82053
20240923,000561,7.0400,7.1200,7.2000,6.9400,7.1500,50661358,358432604.3800,52358
20240923,000563,2.8100,2.8100,2.8300,2.7900,2.8200,27659400,77724750.0000,15952
20240923,000564,1.8200,1.8000,1.8400,1.7500,1.7800,394308244,704181680.3500,39081
20240923,000565,4.3700,4.3500,4.4300,4.3000,4.3500,12135244,52871827.7200,12667
20240923,000566,3.9600,3.7900,3.8300,3.6200,3.6500,168637688,624667224.3300,62129
20240923,000567,4.6300,4.6300,4.6300,4.5300,4.5500,7821657,35736438.0300,10112
20240923,000568,101.3700,101.3700,104.8000,101.3700,102.3500,11036004,1139868738.5200,49022
20240923,000570,4.4100,4.3900,4.4400,4.3500,4.4300,6920042,30455050.8000,4608
20240923,000571,3.0100,3.0100,3.1000,3.0000,3.0900,8786546,26887102.2200,4716
20240923,000572,3.0800,3.1000,3.1100,3.0600,3.0800,11936000,36842417.0000,5810
20240923,000573,2.2700,2.2700,2.2900,2.2400,2.2900,7500847,17038393.6900,6842
20240923,000576,5.4500,5.4500,5.5100,5.4100,5.4800,1678300,9174938.0000,4978
20240923,000581,16.2400,16.2100,16.3300,16.0700,16.1400,4418809,71441904.3400,9612
20240923,000582,6.9900,6.9900,7.0700,6.9700,7.0600,3923468,27642151.1100,5131
20240923,000584,2.1000,2.1200,2.2000,2.0700,2.1300,24626800,52857416.0000,4533
20240923,000586,7.5000,7.5000,7.6700,7.5000,7.5800,8814006,66933078.4000,12793
20240923,000589,4.3300,4.3200,4.3800,4.3100,4.3600,12250274,53357786.6200,9923
20240923,000590,5.5100,5.5100,5.6700,5.5100,5.5500,7031100,39221651.0000,6557
20240923,000591,4.0900,4.1000,4.1300,4.0700,4.1100,13686201,56202033.3000,12242
20240923,000592,1.4700,1.4600,1.4900,1.4500,1.4800,19711287,29025572.8900,4339
20240923,000593,4.5200,4.5300,4.5700,4.4900,4.5600,2622000,11908407.0000,4571
20240923,000595,6.0900,5.8600,6.7000,5.7500,6.7000,116734760,729581072.3800,65279
20240923,000596,144.5100,144.9800,149.9900,144.6600,145.6300,2279517,335689561.2100,16107
20240923,000597,4.1100,4.1200,4.1800,4.1200,4.1400,12247373,50728375.1400,14658
20240923,000598,6.0700,6.1300,6.2500,5.9500,6.2200,34483970,211903175.1600,51275
20240923,000599,3.6700,3.6700,3.8300,3.5800,3.8000,41255324,154101766.3700,28402
20240923,000600,4.3200,4.3300,4.4200,4.3000,4.4000,16896284,74060400.7600,18625
20240923,000601,3.4700,3.4600,3.5000,3.4200,3.4900,3571768,12362285.9600,4750
20240923,000603,10.7900,10.7000,10.9900,10.6600,10.8000,11675400,126457557.3500,20966
20240923,000605,4.4300,4.4300,4.4400,4.3800,4.4300,1597880,7054624.8000,3521
20240923,000607,3.0800,3.0600,3.1200,3.0600,3.1000,5306001,16413307.0600,8811
20240923,000608,1.5600,1.5500,1.5900,1.5400,1.5500,13804200,21519627.6000,5074
20240923,000609,1.8800,1.8800,1.8800,1.8300,1.8500,3136500,5822343.0000,426
20240923,000610,11.3700,11.2900,11.4600,11.2000,11.3400,5633900,63751534.0000,6117
20240923,000612,5.4900,5.4200,5.4500,5.3300,5.3600,32156664,172895345.1200,25989
20240923,000615,1.9300,2.0300,2.0300,2.0300,2.0300,2628400,5335652.0000,372
20240923,000617,5.1200,5.1300,5.1700,5.1000,5.1400,24917270,128001181.3200,24503
20240923,000619,4.0600,4.0200,4.4500,4.0100,4.2500,17967255,75787559.8500,14639
20240923,000620,1.4500,1.4200,1.4300,1.3800,1.4000,68182900,95613564.0000,10833
20240923,000622,1.7100,1.7100,1.7200,1.6300,1.6500,4039436,6726022.1200,638
20240923,000623,12.9100,12.9100,12.9800,12.8800,12.9200,4007620,51817584.0000,8107
20240923,000625,12.0000,11.9400,12.1000,11.9300,12.0000,68643132,825824337.4600,61555
20240923,000626,4.2500,4.2500,4.3000,4.2100,4.2900,2909700,12389910.0000,5590
20240923,000627,2.6800,2.5500,2.7000,2.4200,2.5100,344458781,867472806.5300,90621
20240923,000628,40.7900,40.1500,41.0100,39.3000,39.7700,22565356,902025048.6700,54283
20240923,000629,2.2900,2.2900,2.3100,2.2700,2.2800,36200243,82762569.0400,9608
20240923,000630,3.1700,3.1500,3.1900,3.1300,3.1500,153293505,483968596.4800,58585
20240923,000631,2.3300,2.3200,2.3500,2.3000,2.3400,6473002,15072232.6600,6566
20240923,000632,2.6800,2.6800,2.7700,2.6700,2.7400,8859986,24164914.6400,8482
20240923,000633,4.1500,4.1000,4.3500,4.1000,4.2300,13430000,56533255.0000,12884
20240923,000635,5.8400,5.8500,5.9500,5.7700,5.9300,2851300,16773731.0000,5184
20240923,000636,12.8000,12.7500,13.0600,12.7100,12.7700,6554980,84357576.8000,15405
20240923,000637,3.0900,3.1000,3.1000,3.0500,3.0600,1124613,3454958.0400,958
20240923,000638,3.7800,3.7700,3.8300,3.7500,3.8200,8893811,33731751.0200,7541
20240923,000639,2.3100,2.3000,2.3300,2.2800,2.3100,8431100,19432253.0000,4833
20240923,000650,5.2700,5.2600,5.3200,5.2500,5.3000,9880069,52238775.6400,11392
20240923,000651,41.0700,41.0700,41.6300,40.9400,41.4300,26690513,1106013411.8900,58324
20240923,000652,3.1500,3.1500,3.1700,3.1300,3.1500,6882358,21677272.1200,7285
20240923,000655,5.1600,5.1200,5.2100,5.1100,5.2000,2045601,10544138.1200,3844
20240923,000656,1.1900,1.1900,1.2200,1.1800,1.2100,87354525,104719455.0000,4756
20240923,000657,7.8100,7.8200,7.9500,7.6700,7.8600,21704660,170300071.5800,29704
20240923,000659,2.3000,2.3100,2.4100,2.2600,2.4000,35890492,85026652.6800,9304
20240923,000661,80.0500,80.4200,80.9900,79.6900,79.8500,2818948,225992171.0100,11933
20240923,000663,4.4900,4.5000,4.7500,4.4800,4.6100,13426502,61997930.1400,11742
20240923,000665,3.5900,3.6000,3.7800,3.5400,3.6600,32863881,119957802.3300,19711
20240923,000668,6.6600,6.6500,6.6500,6.4100,6.4400,7529051,48861736.5200,4810
20240923,000669,1.3400,1.3400,1.3500,1.3300,1.3300,3155300,4207559.0000,290
20240923,000670,4.3900,4.4200,4.6700,4.4000,4.5800,32764265,148864227.9500,22301
20240923,000672,6.1100,6.1300,6.1600,6.0800,6.1100,1890222,11558756.2000,3505
20240923,000676,6.2800,6.3600,6.5100,6.3000,6.3400,128079358,818631106.6700,93650
20240923,000677,2.5400,2.5200,2.5500,2.4800,2.5200,14476600,36352016.0000,4478
20240923,000678,4.9800,4.9500,5.0800,4.7400,5.0400,50457871,249470444.6800,29942
20240923,000679,3.1700,3.1300,3.2100,3.1300,3.1700,11445500,36346390.0000,6084
20240923,000680,7.1900,7.1200,7.2900,7.1200,7.1400,14137710,101487501.7800,17180
20240923,000681,10.9000,10.8800,11.0800,10.8500,11.0500,6467563,71171100.6900,12386
20240923,000682,10.4500,10.3700,10.5500,10.2800,10.4400,8318540,86809458.6000,15249
20240923,000683,5.0900,5.1200,5.1500,5.0600,5.1000,26169840,133807309.0000,27644
20240923,000685,7.2400,7.2400,7.2700,7.2100,7.2400,3843672,27846943.5600,7826
20240923,000686,5.9500,5.9500,5.9800,5.9100,5.9300,8008240,47547430.4000,9846
20240923,000688,9.2700,9.3700,9.4400,9.2600,9.3600,2264400,21145501.0000,5441
20240923,000690,3.9200,3.9200,3.9700,3.9000,3.9600,17833600,70468169.0000,11897
20240923,000691,4.0500,4.0500,4.1400,4.0200,4.1200,5915600,24197004.0000,5560
20240923,000692,2.8500,2.8600,2.8900,2.8000,2.8800,2971100,8483378.0000,1497
20240923,000695,9.9300,9.9000,9.9200,9.7200,9.8000,1159700,11341178.0000,1705
20240923,000697,5.6500,5.6300,5.6800,5.5700,5.6100,5716000,32140070.0000,6879
20240923,000698,2.6800,2.6800,2.6800,2.6400,2.6500,5532120,14680125.0000,6116
20240923,000700,5.6100,5.5800,5.6400,5.5600,5.6000,6171122,34502951.7600,8612
20240923,000701,3.5400,3.5300,3.8900,3.5100,3.7700,50618200,192050009.0600,34366
20240923,000702,4.8000,4.7700,4.8500,4.6700,4.8000,20266804,96717613.2000,11250
20240923,000703,5.5000,5.4700,5.5400,5.4400,5.4700,6854542,37595972.7400,9460
20240923,000705,6.9500,6.9500,7.6500,6.9300,7.6500,26815411,202162659.5000,11922
20240923,000707,6.3800,6.3700,6.4700,6.3300,6.4300,3815300,24480128.0000,6662
20240923,000708,10.5000,10.4800,10.7200,10.4400,10.6300,8614158,91387293.0800,21381
20240923,000709,1.7100,1.7000,1.7400,1.7000,1.7300,39989177,68828718.1700,8340
20240923,000710,7.0600,7.0700,7.2300,7.0700,7.1300,6756100,48352618.0000,11324
20240923,000711,1.6600,1.6500,1.6700,1.5800,1.5800,14446790,23188812.7000,1165
20240923,000712,9.8300,9.9800,10.2400,9.8600,10.1000,65173264,656549220.6200,75030
20240923,000713,5.6100,5.5900,5.6500,5.5600,5.6400,5904584,33100225.3200,9975
20240923,000715,4.9600,4.9700,4.9900,4.8900,4.9100,3944186,19414215.5500,6717
20240923,000716,3.5700,3.5700,3.5900,3.5400,3.5600,5876138,20893826.9000,5653
20240923,000717,1.7700,1.7600,1.9500,1.7300,1.9500,82189908,154087121.0600,13858
20240923,000718,1.8000,1.8000,1.8500,1.7900,1.8400,25883221,47354274.6400,9415
20240923,000719,10.6500,10.6900,10.8000,10.3600,10.4400,10141922,106703126.4700,15439
20240923,000720,2.5500,2.5500,2.7700,2.4600,2.6300,26104482,67616394.9400,9435
20240923,000721,6.6500,6.5700,6.8000,6.5600,6.7100,13381020,89616414.0000,11455
20240923,000722,8.7000,8.5500,8.6200,8.4400,8.4900,8237800,70196551.0000,7174
20240923,000723,4.0400,4.0200,4.0700,4.0100,4.0500,13512000,54569726.0000,13570
20240923,000725,3.7800,3.7900,3.8200,3.7500,3.8000,214047225,813038485.4700,70057
20240923,000726,5.3400,5.3400,5.3500,5.3000,5.3300,2159200,11508028.0000,3982
20240923,000727,1.9100,1.9200,1.9600,1.9100,1.9400,68121228,132327480.3200,16387
20240923,000728,6.4700,6.4700,6.5300,6.4400,6.4900,20205479,131010279.4500,22387
20240923,000729,9.2600,9.2600,9.3700,9.1600,9.2000,10786781,99889558.4800,22185
20240923,000731,6.5100,6.5000,6.5900,6.4800,6.5200,1723560,11276502.5600,4849
20240923,000733,32.6300,32.8400,33.3000,32.5300,32.5900,4331100,142606165.0000,11816
20240923,000735,4.7300,4.7100,4.7700,4.6800,4.6900,9245198,43533776.6200,13015
20240923,000736,9.7100,9.4100,10.6800,9.4100,10.6800,53594330,543349491.2600,34128
20240923,000737,8.6200,8.5700,8.6500,8.4400,8.4600,55704300,474224285.0000,53190
20240923,000738,17.8800,17.8700,18.1600,17.8100,17.9200,4268718,76981409.0000,12099
20240923,000739,14.4100,14.5300,14.6500,14.1200,14.1700,6506200,93216675.0000,18337
20240923,000750,3.0200,3.0100,3.0300,2.9900,3.0000,46185626,138997921.7000,10735
20240923,000751,2.5800,2.5800,2.6000,2.5600,2.5700,6859250,17655208.5000,5699
20240923,000752,6.6500,6.7100,6.7200,6.6200,6.6800,1247651,8330122.6500,455
20240923,000753,2.7400,2.7300,2.7600,2.7200,2.7600,6635312,18235737.7600,3973
20240923,000755,4.0600,4.0300,4.0800,4.0200,4.0500,8821700,35779273.0000,8247
20240923,000756,14.0800,14.1400,14.3300,14.0800,14.1300,3823800,54103718.0000,9097
20240923,000757,2.8800,2.8600,2.9600,2.8600,2.9200,9808000,28521434.0000,9572
20240923,000758,4.0900,4.0800,4.1200,4.0600,4.0700,14969200,61083958.0000,12553
20240923,000759,3.1300,3.1000,3.2100,3.0900,3.1800,18849281,59621493.7400,10980
20240923,000761,2.4000,2.4000,2.5000,2.3700,2.4400,15918100,38534751.0000,10225
20240923,000762,18.0100,17.8900,18.0800,17.8500,17.9900,4580022,82338734.2000,7763
20240923,000766,13.8600,13.9300,14.0300,13.7000,13.7300,9505700,131476377.0000,11277
20240923,000767,2.2100,2.2200,2.2400,2.1900,2.2300,5958503,13224145.6600,4054
20240923,000768,22.3600,22.2800,22.9800,22.2100,22.5100,15919785,361039565.8000,37625
20240923,000776,12.3700,12.3700,12.5300,12.3000,12.4600,22570100,280748581.3000,30875
20240923,000777,12.9700,12.9600,13.1100,12.9000,13.0700,4473540,58315411.4000,7374
20240923,000778,3.0400,3.0500,3.0800,3.0300,3.0700,19225758,58776335.3800,10419
20240923,000779,7.1500,7.1000,7.1900,6.9800,7.0200,11916439,84190866.7800,8517
20240923,000782,4.0700,4.1000,4.1000,4.0400,4.0500,1438300,5829681.0000,2196
20240923,000783,4.9900,5.0000,5.0200,4.9600,4.9900,26313766,131368435.2200,17511
20240923,000785,2.2900,2.3000,2.3000,2.2700,2.2900,13807485,31536846.8500,10305
20240923,000786,24.3300,24.3300,25.1300,24.1700,25.0200,10407379,258650128.9400,22380
20240923,000788,5.1500,5.1600,5.2200,5.1500,5.1900,3497312,18126670.0400,7397
20240923,000789,4.3400,4.3500,4.3700,4.3100,4.3300,3023810,13090420.7000,4778
20240923,000790,3.3900,3.4000,3.4400,3.3800,3.4200,4154598,14190210.8600,4675
20240923,000791,5.7800,5.7000,5.7800,5.5900,5.6100,25892600,146400306.6000,20425
20240923,000792,14.4900,14.3800,14.6500,14.3800,14.4800,19788360,287791870.4000,18271
20240923,000793,1.3400,1.3400,1.4600,1.3000,1.4200,206517985,284996202.9000,29152
20240923,000795,5.2500,5.2700,5.3100,5.2100,5.2600,5576402,29343432.4800,10759
20240923,000796,3.1000,3.0900,3.1000,3.0600,3.0700,2601000,7999157.0000,552
20240923,000797,2.7000,2.6800,2.7400,2.6500,2.6900,36996326,99841242.1000,27335
20240923,000798,6.3900,6.3200,6.3500,6.2600,6.3000,3328400,20949354.0000,7612
20240923,000799,37.8000,37.7600,38.5800,37.7600,37.8500,8468190,322620127.1700,26350
20240923,000800,8.1100,8.1200,8.1700,8.0500,8.1500,8921501,72337542.0900,18571
20240923,000801,8.1300,8.1100,8.2800,8.0800,8.2200,13428400,110403657.0000,19801
20240923,000802,4.9900,4.9700,5.2300,4.9700,5.2000,6819428,35020598.4800,7784
20240923,000803,3.4000,3.4200,3.4500,3.3300,3.4200,14715176,50018605.1200,11088
20240923,000807,12.5500,12.4000,12.6200,12.3000,12.3800,32940449,409317139.4400,39966
20240923,000809,2.0000,2.0000,2.0100,1.9700,2.0000,977500,1943967.0000,175
20240923,000810,8.9500,8.9900,9.2300,8.9100,9.1900,64321400,586855103.2100,65524
20240923,000811,8.3000,8.3500,8.4300,8.2700,8.4100,7797252,65168262.3500,14127
20240923,000812,3.5900,3.6000,3.6000,3.5500,3.5800,5344600,19138156.0000,8468
20240923,000813,2.4300,2.5000,2.5400,2.4400,2.4500,17912858,44270678.0000,12789
20240923,000815,8.3200,8.1000,8.3900,8.0900,8.1800,59079120,484259078.0300,53034
20240923,000816,1.7900,1.7900,1.8100,1.7800,1.7900,14234000,25491323.0000,5941
20240923,000818,14.8800,14.9000,15.3000,14.8000,14.9400,10745979,161913878.6800,23491
20240923,000819,15.2000,15.5000,15.5000,15.0800,15.1200,1656500,25134285.0000,2653
20240923,000820,2.5100,2.5000,2.5300,2.4500,2.5000,7029750,17500968.4800,3920
20240923,000821,9.8300,9.8500,9.9200,9.7300,9.7900,6284000,61553628.0000,11866
20240923,000822,4.8100,4.8100,4.8500,4.7700,4.8300,2879100,13860966.0000,3739
20240923,000823,7.4400,7.4300,7.6100,7.4100,7.5800,6437501,48682706.5600,12864
20240923,000825,3.0100,3.0200,3.0700,2.9900,3.0500,22071549,66972263.5800,13839
20240923,000826,1.5100,1.5100,1.5400,1.4800,1.5300,17418503,26391661.5300,3858
20240923,000828,8.7800,8.7700,8.8300,8.7200,8.8300,3256300,28649768.0000,3416
20240923,000829,8.9800,9.0500,9.0800,8.7000,8.8100,36335790,323075460.2800,38294
20240923,000830,9.8600,9.9000,10.0000,9.8100,9.9300,13023275,129515951.3200,23482
20240923,000831,22.5800,22.5100,22.7400,22.2900,22.3500,6474017,145493033.3400,13244
20240923,000833,4.9500,4.9500,5.0100,4.8900,4.9800,5032362,24884862.2000,7081
20240923,000837,6.9200,6.9000,6.9300,6.8300,6.8900,5822500,40034558.6900,7650
20240923,000838,2.2700,2.3000,2.3100,2.2300,2.2700,17172200,38982072.0000,10190
20240923,000839,2.3600,2.3600,2.3700,2.3100,2.3300,22696238,52996325.1600,4748
20240923,000848,6.9900,6.9900,7.0700,6.9700,7.0100,4683824,32894032.4000,8380
20240923,000850,3.4500,3.4500,3.5200,3.3600,3.4500,32352106,111621930.8800,11581
20240923,000851,2.6500,2.6100,2.6300,2.5200,2.5200,50514160,129080994.1200,10478
20240923,000852,5.1700,5.1500,5.1900,5.1400,5.1700,2256043,11658952.0100,4258
20240923,000856,6.0900,6.1100,6.1200,6.0100,6.1100,3079400,18672318.0000,4740
20240923,000858,110.2800,110.9100,113.7900,110.4000,112.2900,20371180,2298355085.4400,87208
20240923,000859,3.3300,3.3300,3.3500,3.2900,3.3200,14597910,48520775.3000,8586
20240923,000860,14.5900,14.5900,14.8800,14.5600,14.6100,7971467,117187784.7500,10748
20240923,000862,4.2900,4.2800,4.3800,4.2600,4.3400,5617498,24344881.2500,7100
20240923,000863,3.3100,3.3000,3.3900,3.2600,3.3900,19503600,65099373.0000,10201
20240923,000868,4.3200,4.3200,4.3400,4.2600,4.2900,13909610,59773438.8000,11224
20240923,000869,20.4200,20.4200,20.6500,20.2500,20.3200,769500,15728276.0000,2845
20240923,000875,4.4800,4.4800,4.5700,4.4600,4.5500,20228650,91807968.5000,17596
20240923,000876,8.2800,8.2000,8.3300,8.1700,8.2400,9052176,74736302.6800,13533
20240923,000877,4.3400,4.3100,4.3100,4.2200,4.2600,8081300,34386921.0000,8435
20240923,000878,11.5000,11.4000,11.5900,11.3800,11.4100,24037184,275469749.3100,31697
20240923,000880,8.5400,8.4900,8.5600,8.4500,8.4800,7447240,63345124.0300,17970
20240923,000881,5.8400,5.8100,5.9100,5.8000,5.8800,3611860,21196369.4000,8041
20240923,000882,1.1600,1.1500,1.2200,1.1400,1.1800,132120757,155491706.6600,8702
20240923,000883,4.4900,4.4900,4.5900,4.4600,4.5600,26591716,120987547.9600,20751
20240923,000885,10.6300,10.6000,10.6700,10.5400,10.6200,1601255,16981167.2500,2725
20240923,000886,4.3800,4.3600,4.3900,4.3200,4.3200,9462000,41105990.0000,5007
20240923,000887,11.7800,11.7300,11.9200,11.6900,11.8100,6354281,75045488.1000,16022
20240923,000888,11.4000,11.3400,11.4400,11.1800,11.4000,8904481,101159103.9700,10781
20240923,000889,1.7100,1.6900,1.7100,1.6500,1.6700,10952480,18324667.8000,1085
20240923,000890,2.6000,2.5800,2.6400,2.5700,2.6300,8077400,21135429.0000,5337
20240923,000892,2.5800,2.5700,2.6200,2.5500,2.6200,10303200,26693604.0000,9246
20240923,000893,14.8200,14.7900,15.4000,14.7100,15.1700,6751600,102660332.0000,10682
20240923,000895,23.5500,23.6000,23.9500,23.2700,23.3800,7253000,170647240.0000,18206
20240923,000897,2.1000,2.0800,2.1000,2.0600,2.0900,22677541,47265885.6900,9315
20240923,000898,1.8500,1.8500,1.8700,1.8300,1.8600,22725979,41960354.0600,7759
20240923,000899,7.4000,7.4300,7.5600,7.3500,7.5000,8483419,63502397.8100,10224
20240923,000900,3.4200,3.4100,3.4300,3.4000,3.4200,5853928,19997387.7400,4463
20240923,000901,9.0800,9.0300,9.3100,9.0100,9.2200,30621236,281595449.2700,32703
20240923,000902,11.3900,11.3400,11.5300,11.1800,11.2900,7660762,86869352.0800,20385
20240923,000903,2.2400,2.1800,2.2200,2.0800,2.1500,156895603,335592991.8100,37194
20240923,000905,5.5100,5.5100,5.5700,5.4900,5.5600,3236201,17892800.5500,3820
20240923,000906,4.4300,4.4200,4.4600,4.4000,4.4400,9811497,43447340.8000,15038
20240923,000908,4.1500,3.9400,3.9600,3.9400,3.9400,11199490,44126384.6000,3617
20240923,000909,3.3800,3.3500,3.4600,3.3500,3.4300,3256900,11100475.0000,730
20240923,000910,6.1200,6.1200,6.1800,6.0800,6.1100,973100,5963234.0000,1979
20240923,000911,6.7800,6.8800,6.8800,6.6600,6.7400,5039299,34179256.2400,7931
20240923,000912,3.8400,3.8600,3.9200,3.8200,3.9100,7939701,30787985.9000,9582
20240923,000913,16.9500,16.8600,17.2300,16.4500,16.5000,10535261,176588964.9900,27718
20240923,000915,25.2000,25.2000,25.9700,24.9900,25.1000,5015319,127475125.8800,18605
20240923,000917,4.8500,4.8500,4.8900,4.8200,4.8800,9949782,48397838.8800,11710
20240923,000919,5.7700,5.7600,5.8400,5.7600,5.8200,2022500,11770377.0000,3830
20240923,000920,7.7200,7.7200,7.7400,7.6300,7.6900,1886090,14496536.3000,5657
20240923,000921,27.3000,27.2500,28.4500,27.1000,27.5800,16604167,462945298.6200,42792
20240923,000922,8.8000,8.7700,8.9800,8.7300,8.9000,7176527,63783361.1700,10388
20240923,000923,12.5000,12.4700,12.5700,12.3600,12.4200,7392006,92030782.7600,17949
20240923,000925,5.4800,5.5000,5.6800,5.4400,5.5500,13335100,74283388.2000,8900
20240923,000926,1.9200,1.9200,1.9400,1.8800,1.9100,33277464,63675187.6400,6284
20240923,000927,2.3200,2.3200,2.3400,2.3100,2.3200,10637800,24692844.0000,5334
20240923,000928,5.2600,5.2600,5.2800,5.2200,5.2600,9573700,50315816.0000,11772
20240923,000929,5.6200,5.6300,5.9200,5.6100,5.8500,4787100,27516831.0000,6498
20240923,000930,4.6700,4.6900,4.7100,4.6600,4.6900,7180400,33634233.0000,13127
20240923,000931,4.0200,4.0400,4.0800,4.0200,4.0500,9168296,37094504.8800,13903
20240923,000932,3.4200,3.4000,3.4800,3.3900,3.4600,56559313,194745690.5500,24572
20240923,000933,15.0800,14.9100,15.1000,14.6200,14.8400,34388984,512077907.8900,63248
20240923,000935,11.0000,11.0600,11.1000,10.9400,11.0200,2640488,29062515.3600,6607
20240923,000936,5.3300,5.3300,5.4200,5.3100,5.4100,12499989,67285364.7100,13704
20240923,000937,5.6300,5.6300,5.7000,5.6200,5.6600,18560188,105164618.7000,17584
20240923,000938,18.7900,18.7700,19.1800,18.6600,18.8700,30494403,578593856.0200,41341
20240923,000948,18.5400,20.0300,20.3900,18.7200,19.1900,145497026,2890411373.1800,212479
20240923,000949,3.0700,3.0500,3.1100,3.0500,3.0800,13408826,41356113.0800,8771
20240923,000950,4.6900,4.7100,4.7300,4.6600,4.6700,6284000,29494452.0000,6062
20240923,000951,14.5400,14.5600,14.6900,14.4500,14.5500,6237736,91022930.7800,17428
20240923,000952,4.9200,4.9500,5.0100,4.9100,4.9600,2801544,13905223.3600,4711
20240923,000953,3.4100,3.4800,3.7500,3.4700,3.7500,32085100,117319714.0000,18946
20240923,000955,3.4600,3.3900,3.3900,3.3000,3.3400,21897070,73074908.1000,11614
20240923,000957,8.9700,8.9200,9.0800,8.8900,9.0400,14352500,129507225.0000,20975
20240923,000958,3.4000,3.3900,3.4100,3.3700,3.4000,10870998,36890406.2400,11275
20240923,000959,2.6300,2.6200,2.6800,2.6100,2.6700,20244804,53472311.6300,14691
20240923,000960,13.4700,13.3700,13.5800,13.2700,13.3100,13937886,186696433.4600,25418
20240923,000962,10.1700,10.1300,10.2900,10.1100,10.2400,4266324,43534335.7400,7511
20240923,000963,27.5500,27.7200,28.3000,27.6500,28.0800,8844507,248069228.6700,25499
20240923,000965,2.8100,2.7600,3.0000,2.7400,2.9300,60773584,177212540.2200,23545
20240923,000966,3.9900,4.0000,4.0400,3.9800,4.0300,6730100,27040808.0000,6506
20240923,000967,3.8100,3.8100,3.8600,3.7900,3.8600,7291793,27942609.0700,8586
20240923,000968,5.5900,5.5600,5.6500,5.5400,5.6400,3743301,21009921.6200,6597
20240923,000969,8.0900,8.0800,8.1700,8.0400,8.0600,6775084,54747280.4400,14894
20240923,000970,8.1200,8.1100,8.1500,8.0500,8.0900,3791715,30702196.3500,8023
20240923,000972,2.4500,2.4800,2.4900,2.4000,2.4200,22240982,54163501.7200,7585
20240923,000973,3.7600,3.7800,3.8300,3.7600,3.8200,6578000,25008016.0000,7817
20240923,000975,16.6600,16.8500,17.3000,16.8100,17.0000,30187854,514546171.0500,39994
20240923,000977,32.3700,32.0200,32.7900,32.0200,32.2100,33179683,1075816770.0100,55978
20240923,000978,5.6200,5.5900,5.6400,5.5400,5.5900,2642700,14743538.0000,3970
20240923,000980,1.4700,1.4600,1.5000,1.4500,1.4900,74773761,110407977.2800,12737
20240923,000981,1.0300,1.0200,1.0800,1.0100,1.0500,194488199,203506492.5100,15385
20240923,000983,7.5100,7.4800,7.6500,7.4700,7.6400,21301941,161685866.9200,21378
20240923,000985,13.7400,13.7000,13.8700,13.4100,13.7000,2409599,32905965.4100,3863
20240923,000987,5.1200,5.1200,5.1600,5.0900,5.1100,10306504,52812372.9300,14413
20240923,000988,28.2300,28.2700,28.5700,28.0200,28.3500,8777370,248998771.8000,17149
20240923,000989,6.3900,6.4000,6.4300,6.3900,6.3900,1853060,11870582.6000,747
20240923,000990,6.3900,6.3800,6.4300,6.3600,6.4000,4157100,26572547.0000,6979
20240923,000993,8.0000,7.9800,8.0300,7.9100,7.9400,3274438,26081379.3600,4550
20240923,000995,10.4000,10.2000,11.3800,10.1300,10.6100,16266202,174101654.4000,18755
20240923,000997,13.0500,13.0000,13.1800,12.9100,12.9400,10181295,132595447.4000,22722
20240923,000998,9.2700,9.2800,9.3400,9.2000,9.2200,8882215,82167144.8600,14587
20240923,000999,38.0400,37.7700,38.8800,37.6800,38.0000,7977534,305880067.4100,24745
20240923,001201,13.9500,13.8500,14.0200,13.7000,13.7000,1925665,26632261.1900,6343
20240923,001202,10.7400,10.7500,11.0200,10.5200,10.9500,1113700,12162074.0000,2558
20240923,001203,7.4000,7.3700,7.4500,7.3200,7.3800,4073050,30124299.0000,8466
20240923,001205,14.6300,14.6300,14.9900,14.4800,14.8000,596840,8819172.8000,1984
20240923,001206,11.6700,11.7500,11.7800,11.5500,11.6800,1467684,17165247.9200,4738
20240923,001207,12.8100,12.9200,12.9400,12.7300,12.8900,999700,12863412.0000,3171
20240923,001208,7.9500,7.9200,8.0600,7.8900,7.9700,4913600,39233859.5700,10482
20240923,001209,11.6400,11.6000,11.6900,11.4900,11.5400,1344036,15588992.2600,1699
20240923,001210,11.0100,11.0100,11.1400,10.9400,11.0900,667848,7400061.1600,1532
20240923,001211,14.2000,14.1600,14.7900,14.0600,14.2900,1321700,19048028.0000,3267
20240923,001212,18.1800,18.1900,18.5300,18.0000,18.4400,1032473,18926387.6000,2968
20240923,001213,3.7200,3.7100,3.7300,3.6900,3.7100,5935400,22018893.0000,7182
20240923,001215,23.0500,23.0800,23.4900,22.9500,23.0800,1999200,46283187.0000,6513
20240923,001216,11.5800,11.4700,11.6900,11.4400,11.5900,2229578,25836253.8000,4748
20240923,001217,8.7600,8.7400,8.8100,8.7000,8.7300,1339900,11722383.0000,3981
20240923,001218,13.1100,13.1000,13.2400,13.0600,13.2000,304310,4011818.3000,1324
20240923,001219,10.7600,10.7800,10.8800,10.5200,10.7000,2518447,27056653.5800,8618
20240923,001222,10.3000,10.2500,10.4300,10.2100,10.3600,602300,6225447.4000,1643
20240923,001223,30.2500,30.0300,30.5600,29.7300,30.3000,299500,9056798.0000,833
20240923,001225,28.5400,28.6600,28.7100,28.0300,28.2000,372600,10540298.0000,941
20240923,001226,20.3800,20.4300,20.6500,20.2500,20.4000,524400,10722325.0000,2665
20240923,001227,2.1300,2.1300,2.1600,2.1200,2.1500,24966313,53534616.6900,7145
20240923,001228,17.4200,17.2800,18.8800,17.0700,18.0200,2161935,38670072.8900,5229
20240923,001229,23.3500,23.1700,23.7700,23.0500,23.6700,1594700,37433056.0000,4901
20240923,001230,13.9000,13.8900,13.9600,13.7500,13.8800,379660,5263557.8000,1090
20240923,001231,13.4800,13.4800,13.5800,13.2700,13.4000,486100,6544431.0000,1425
20240923,001234,14.5300,14.5300,14.6500,14.4100,14.4900,627800,9128201.0000,1938
20240923,001236,11.4400,10.7600,10.8500,10.3000,10.3000,58177537,608150396.4800,69385
20240923,001238,21.4300,21.4300,21.5700,21.1300,21.2200,319779,6829294.0900,1081
20240923,001239,13.9900,14.0000,14.1600,13.8400,13.9100,3481920,48543773.6000,7099
20240923,001255,19.3800,19.3400,19.6000,19.1500,19.2300,543500,10520606.0000,1750
20240923,001256,13.7500,13.7500,13.8400,13.5500,13.6200,506974,6923106.1000,1650
20240923,001258,5.7400,5.7400,5.7700,5.7100,5.7400,1917500,11009470.0000,3992
20240923,001259,18.8500,18.7200,19.0100,18.7200,18.8500,616600,11640466.0000,1392
20240923,001260,13.0800,12.9900,13.1800,12.8600,13.1300,862384,11253911.8800,2352
20240923,001266,18.4500,18.4600,18.6000,18.2000,18.4400,1066300,19658078.0000,4028
20240923,001267,4.9200,4.8800,4.9300,4.8200,4.8300,8381200,40653685.0000,9637
20240923,001268,15.1100,15.0700,15.2000,14.9600,15.0700,444500,6712843.0000,1638
20240923,001269,22.0900,22.0700,22.2500,21.8400,21.8400,1299741,28541142.8900,5578
20240923,001270,27.5100,27.4500,28.3200,27.1500,27.8000,2622894,73155194.2400,8542
20240923,001277,31.4200,31.6600,31.8400,30.7100,30.8900,2898157,90628082.6500,5993
20240923,001278,14.7300,14.6200,14.7200,14.2000,14.5500,8348096,120442408.5600,13442
20240923,001282,17.1000,17.1000,17.2400,16.8500,17.0300,716864,12236129.4400,2933
20240923,001283,33.3200,33.0200,34.0800,32.6800,33.6300,1441040,47939686.2000,6423
20240923,001286,9.0000,8.9700,9.4000,8.9600,9.3100,24898293,230788706.0400,42115
20240923,001287,15.7100,15.7900,16.1400,15.5900,15.8500,13579973,215652774.3200,25285
20240923,001288,24.0100,23.9700,24.5000,23.6600,24.1000,650300,15698479.7100,2118
20240923,001289,13.7200,13.7100,14.0200,13.6700,13.9500,2827600,39347841.1300,8281
20240923,001296,15.3400,15.4000,15.5800,15.2500,15.3300,1520604,23374430.3000,4155
20240923,001298,24.6800,24.7000,25.3400,24.0800,25.1100,21196406,525366432.8000,49815
20240923,001299,10.7200,10.8300,10.8300,10.6500,10.7200,493000,5289282.0000,1495
20240923,001300,10.0900,10.1200,10.2100,10.0100,10.1500,1931200,19525681.0000,5370
20240923,001301,40.4500,40.3300,40.8300,39.4200,39.7000,1131520,45070636.2000,4988
20240923,001306,40.3600,40.3600,40.9000,39.9900,40.5200,459714,18650906.9400,1794
20240923,001308,17.9000,17.9500,18.2300,17.8800,17.9200,1332353,23999861.7600,4354
20240923,001309,63.5800,63.4100,64.3200,62.5100,62.5100,2114234,133605487.4200,10172
20240923,001311,19.7900,19.6200,20.0600,19.6200,19.7100,941016,18680712.7500,3281
20240923,001313,6.2600,6.2900,6.8900,6.2900,6.8900,13747397,93307027.8700,14714
20240923,001314,35.9300,35.9400,36.1700,35.1400,35.2700,3770200,134136487.0000,13535
20240923,001316,25.2700,25.2200,25.4800,25.1300,25.2600,476300,12045486.0000,2174
20240923,001317,21.7400,21.7400,22.1100,21.4000,21.8300,1260400,27495983.0000,3078
20240923,001318,9.7500,9.7100,9.8700,9.6500,9.6700,1505700,14698070.0000,4236
20240923,001319,18.0900,17.8200,18.5000,17.6600,18.4900,9683835,176449198.1000,16115
20240923,001322,7.2900,7.2800,7.4000,7.1900,7.3500,1910660,13989012.7000,5909
20240923,001323,28.4200,28.3200,28.8200,28.2500,28.4200,325786,9304944.0100,1859
20240923,001324,14.4800,14.3800,14.6000,14.3200,14.4600,533000,7707462.0000,1338
20240923,001326,29.7800,29.7800,29.9800,29.5900,29.7300,230719,6879642.3400,903
20240923,001328,23.2300,23.0300,23.9700,23.0300,23.6700,1106932,26099156.4400,3840
20240923,001330,4.0700,4.0700,4.1100,4.0300,4.0800,6231300,25429772.0000,7275
20240923,001331,9.4000,9.3900,9.4600,9.3100,9.4300,507048,4766544.6800,1772
20240923,001332,26.8600,26.8000,27.1900,26.5900,26.6400,860925,23124652.2000,3856
20240923,001333,15.6000,15.5600,15.7200,15.5000,15.5400,231746,3608066.4800,862
20240923,001336,15.3400,15.2300,15.4600,15.1100,15.3100,455800,6986096.0000,1449
20240923,001337,21.5300,21.6900,22.3700,21.6200,21.9600,6952600,153116482.2500,15043
20240923,001338,9.0000,8.9500,9.1000,8.9100,8.9300,3425900,30729209.0200,9793
20240923,001339,30.6600,30.9800,31.8300,30.4000,31.1400,20878068,651832799.1000,45332
20240923,001358,18.9400,19.0000,19.1300,18.7000,18.8900,596300,11300998.4000,1442
20240923,001359,18.9000,18.7500,19.0400,18.7100,18.8900,1243239,23515193.2000,1800
20240923,001360,12.1100,12.1000,12.1700,12.0000,12.0100,648300,7825609.0000,1772
20240923,001366,9.9500,9.9700,10.0700,9.5100,9.6600,3948743,38515470.6300,4750
20240923,001367,24.7700,24.6800,25.1600,24.0000,24.4900,926876,22730845.2800,3003
20240923,001368,17.1400,17.1500,17.3500,17.0100,17.1500,385051,6618633.6900,1657
20240923,001373,23.8700,23.6300,24.1000,23.4700,23.6400,1080800,25580770.0000,3307
20240923,001376,14.6800,14.7400,14.8500,14.5700,14.6900,968388,14261780.1200,3763
20240923,001378,20.1700,20.1700,20.3400,20.0700,20.2300,293110,5921169.0500,1018
20240923,001379,21.7400,21.8000,22.1500,21.6600,21.8500,5547657,121360570.4400,15390
20240923,001380,14.5000,14.5000,14.7100,14.4000,14.5000,1015550,14755421.5800,2510
20240923,001387,12.8800,12.8400,12.9600,12.6800,12.7100,1925448,24654981.1000,4301
20240923,001389,33.5200,33.7000,34.2400,33.3400,33.4500,1858546,62825596.4000,5198
20240923,001696,11.9200,11.8700,11.9500,11.5600,11.6300,58432200,685760567.0000,60813
20240923,001872,19.0300,18.8900,19.0300,18.7200,18.9200,2822200,53423912.0000,12173
20240923,001896,3.4700,3.4800,3.5200,3.4400,3.5000,7514200,26213153.0000,5501
20240923,001914,8.9700,8.8800,9.1500,8.8500,9.0500,9686000,87539013.5800,17952
20240923,001965,11.8300,11.9200,12.1500,11.6600,11.9800,17762305,211841280.3300,22778
20240923,001979,9.5800,9.4800,9.7700,9.4400,9.6500,50545860,488089373.4900,34765
20240923,002001,18.8900,18.8500,19.0100,18.7300,18.8200,10806667,203908773.8100,23507
20240923,002003,12.4800,12.4900,12.6500,12.3700,12.4800,6393489,79783438.7600,17909
20240923,002004,3.9900,3.9900,4.0000,3.9500,3.9600,7547263,29973776.9800,11818
20240923,002005,1.3700,1.3700,1.3700,1.3400,1.3500,10349518,14025277.2600,701
20240923,002006,10.6900,10.6900,10.8600,10.6200,10.6800,1775200,19027256.0000,4769
20240923,002007,14.1500,14.1500,14.2700,14.0700,14.1000,4034321,57054150.8300,8808
20240923,002008,18.6900,18.6100,18.8800,18.5000,18.7300,8415550,157800765.9900,13389
20240923,002009,10.1400,10.0700,10.2500,10.0200,10.1900,4757473,48344055.3200,9163
20240923,002010,3.5900,3.5800,3.6100,3.5700,3.5900,7806650,28049703.0000,12005
20240923,002011,10.2900,9.9900,10.2100,9.8100,9.8500,14798791,146818193.2600,22854
20240923,002012,3.7800,3.7900,3.7900,3.6600,3.7200,9248100,34377850.0000,6754
20240923,002014,8.3400,8.3400,8.4500,8.3200,8.3900,1329500,11167690.0000,3037
20240923,002015,6.3400,6.3700,6.4700,6.3200,6.4300,10420645,66842345.4400,13294
20240923,002016,6.1700,6.1700,6.1700,6.1700,6.1700,0,0.0000,0
20240923,002017,9.2500,9.2500,10.1800,9.0500,9.4700,54678200,526095511.4600,44189
20240923,002019,10.1500,10.1600,10.3000,10.0900,10.1000,4745400,48373367.0000,11994
20240923,002020,10.5800,10.5900,10.7500,10.5600,10.5600,5998884,63723598.2800,14316
20240923,002021,1.5700,1.5700,1.6000,1.5400,1.5700,34735656,54442856.6500,4766
20240923,002022,5.7100,5.7000,5.7200,5.5000,5.5500,12044800,67001069.0000,14490
20240923,002023,8.2300,8.2000,8.3100,8.1700,8.2400,5631400,46521089.0000,13189
20240923,002024,1.4100,1.4100,1.4300,1.3900,1.3900,15907864,22348697.7400,1623
20240923,002025,44.1600,43.9800,45.1000,43.8500,44.3100,2380700,106109181.0000,9886
20240923,002026,7.5500,7.5000,7.6000,7.4600,7.5600,2464900,18568650.0000,6813
20240923,002027,5.5500,5.5400,5.7000,5.5200,5.6000,121208736,681086291.9200,64718
20240923,002028,67.4700,67.4100,68.7500,66.5000,66.7300,6154849,415889863.7500,23845
20240923,002029,4.9400,4.9200,4.9800,4.9200,4.9700,2148120,10669827.2000,3849
20240923,002030,5.0600,5.0900,5.1300,5.0300,5.0700,10636423,53929275.0200,15242
20240923,002031,2.6900,2.6400,2.8400,2.5600,2.7400,243019382,649181545.2500,79101
20240923,002032,52.9500,52.7800,53.7800,52.7800,53.3300,926457,49335494.3500,5322
20240923,002033,8.2700,8.2700,8.3100,8.2200,8.2400,3280060,27083879.6000,3925
20240923,002034,13.1600,13.1400,13.2200,13.0800,13.1500,1030800,13572383.0000,3870
20240923,002035,6.4700,6.4600,6.6000,6.4100,6.5200,19426421,126889712.4800,24861
20240923,002036,6.8000,6.7500,6.9600,6.6500,6.8300,67549353,461306773.1000,62883
20240923,002037,6.7700,6.7100,6.9900,6.6100,6.8700,13976797,95373191.4200,13771
20240923,002038,6.3400,6.4400,6.4800,6.3500,6.3800,6513595,41824374.8000,7090
20240923,002039,14.3400,14.4000,14.7100,14.3500,14.5800,3666900,53477864.0000,6520
20240923,002040,5.4600,5.4800,5.5700,5.4200,5.5500,3013902,16607548.3300,5049
20240923,002041,8.0100,8.0000,8.0300,7.8500,7.8900,4340400,34355922.0000,8175
20240923,002042,2.9900,2.9900,3.0100,2.9300,2.9800,10948800,32586046.0000,7699
20240923,002043,9.8500,9.8500,10.0400,9.7900,9.8700,5045480,49916750.2000,11268
20240923,002044,3.3500,3.3600,3.4000,3.3400,3.3800,19184500,64661314.0000,12029
20240923,002045,11.2000,11.1400,11.3600,11.0000,11.1000,18987100,211699066.3200,27644
20240923,002046,9.2200,9.1900,9.3000,9.1400,9.2600,4204528,38895752.7100,7082
20240923,002047,1.4700,1.4700,1.4900,1.4500,1.4900,10872653,16021488.6400,2834
20240923,002048,12.0500,12.0500,12.1700,11.9800,12.0200,2926831,35311359.8700,8388
20240923,002049,46.0600,45.9200,46.6000,45.7300,45.8700,4548634,209525647.9000,12949
20240923,002050,17.9000,17.8700,18.0500,17.4200,17.5600,36437670,642932746.3300,50418
20240923,002051,6.6600,6.7000,6.7100,6.6200,6.6800,3674120,24510424.8000,9399
20240923,002052,1.9200,1.9200,1.9600,1.8200,1.8200,23414400,43783060.0000,2774
20240923,002053,9.9200,9.9000,10.0600,9.8500,9.9000,4574300,45403803.0000,11685
20240923,002054,4.5600,4.5600,4.6000,4.5100,4.5400,1513396,6896975.8800,3216
20240923,002055,5.2700,5.2800,5.4800,5.2300,5.4000,21187597,114546638.8300,15037
20240923,002056,11.2300,11.2100,11.4000,11.1400,11.1600,7990170,89738350.0300,17250
20240923,002057,5.9300,5.9000,6.0100,5.8600,5.9600,3613125,21461139.7500,3872
20240923,002058,8.0000,8.1700,8.3000,8.0000,8.1800,5562395,45316833.1000,7461
20240923,002059,4.7100,4.6900,4.7500,4.6600,4.7200,6545800,30831461.0000,7840
20240923,002060,3.1600,3.1800,3.1800,3.1200,3.1700,6733200,21267233.0000,8248
20240923,002061,3.3700,3.3800,3.3900,3.3400,3.3900,10421474,35157376.5800,10693
20240923,002062,3.2600,3.3100,3.3100,3.2500,3.2600,3203400,10462848.0000,4752
20240923,002063,4.7200,4.7100,4.7800,4.7000,4.7700,19613454,93057280.4500,19208
20240923,002064,6.7000,6.7100,6.8200,6.6700,6.7200,14156563,95608439.4400,18828
20240923,002065,4.7000,4.7000,4.8000,4.6900,4.7400,26164474,124419142.9800,24289
20240923,002066,8.3800,8.3300,8.3400,8.1400,8.1600,10046750,82368614.8400,9645
20240923,002067,2.7000,2.6900,2.7300,2.6700,2.7000,8558000,23160928.0000,4928
20240923,002068,5.3200,5.3200,5.4300,5.2600,5.3600,9669400,51709823.0000,18879
20240923,002069,2.5600,2.5500,2.5800,2.5300,2.5800,4727802,12072503.1600,2755
20240923,002072,4.4200,4.3600,4.3800,4.1000,4.2200,13902901,59009058.2000,10305
20240923,002073,6.7200,6.7200,6.8100,6.6500,6.6700,10337222,69390923.4400,15876
20240923,002074,18.0800,18.0700,18.2200,17.9100,18.0500,6791236,122802309.4300,11635
20240923,002075,4.6100,4.5800,4.6800,4.5100,4.6400,40945200,189099462.2000,14318
20240923,002076,1.5900,1.5700,1.5900,1.5400,1.5700,30152900,47170067.0000,7068
20240923,002077,10.8200,10.8100,11.0300,10.7600,10.9300,7098100,77380292.0000,11343
20240923,002078,11.9000,11.8900,12.3100,11.8900,12.2000,16328228,199098122.5400,30832
20240923,002079,8.0700,8.0100,8.1100,7.9700,8.0500,15070483,121005649.7800,14583
20240923,002080,9.5100,9.5000,9.6300,9.4800,9.5000,6285700,59964979.0000,11214
20240923,002081,2.9200,2.9200,2.9400,2.9000,2.9300,5124400,14999099.0000,4201
20240923,002082,4.0200,4.0200,4.0600,3.9500,4.0500,2838100,11419801.0000,6217
20240923,002083,4.2000,4.1900,4.2500,4.1800,4.2300,3383586,14302570.9200,6686
20240923,002084,2.4300,2.4400,2.4600,2.4100,2.4400,5941262,14521308.2400,6632
20240923,002085,12.0000,11.9000,12.0800,11.7400,11.8000,64487945,765800680.6500,58002
20240923,002086,1.8400,1.8500,1.9800,1.8300,1.8900,12836500,24515065.0000,3453
20240923,002088,9.9200,9.9100,10.0000,9.8200,9.8500,929660,9189357.0000,3095
20240923,002090,7.2000,7.2200,7.2700,7.1600,7.2300,3632200,26267139.5000,6687
20240923,002091,6.6300,6.6300,6.7200,6.5900,6.6300,6079010,40422656.6000,10947
20240923,002092,3.3700,3.3700,3.4400,3.3600,3.4200,8435493,28712211.6700,1376
20240923,002093,6.0400,6.0400,6.1600,6.0300,6.0700,11440100,69746168.0000,17645
20240923,002094,2.1700,2.1600,2.1900,2.1300,2.1700,9898500,21441466.0000,7968
20240923,002095,12.6500,12.7000,12.7800,12.5500,12.6100,5438276,68597962.9500,12770
20240923,002096,11.6900,11.7000,11.7000,11.0400,11.0900,9587205,107789541.7000,21641
20240923,002097,5.3500,5.3300,5.4500,5.3200,5.4300,8806922,47655341.8200,13121
20240923,002098,6.9500,6.9600,7.0300,6.8500,6.8800,1353000,9339711.0000,4453
20240923,002099,5.1800,5.2400,5.2700,5.1700,5.2400,3712800,19415279.0000,7383
20240923,002100,5.8000,5.7800,5.9000,5.7500,5.8400,16480761,96326245.0600,13815
20240923,002101,10.2400,10.2600,10.3600,10.1900,10.2600,2922100,30027530.0000,10045
20240923,002102,2.2500,2.2600,2.2700,2.2200,2.2500,13750700,30854873.0000,8915
20240923,002103,5.1100,5.1000,5.1500,5.0700,5.1300,5486800,28104424.0000,9736
20240923,002104,5.5200,5.5300,5.5900,5.5000,5.5100,20506640,113758381.0000,23141
20240923,002105,3.9800,4.0000,4.0200,3.9500,3.9700,2951088,11741853.6000,5428
20240923,002106,7.5200,7.5000,7.6600,7.4500,7.5900,9909196,75263366.5000,17449
20240923,002107,3.5800,3.5900,3.6300,3.5600,3.6100,2285298,8233360.8000,3932
20240923,002108,2.9900,3.0000,3.0100,2.9600,3.0000,6456668,19278082.3200,3663
20240923,002109,2.4400,2.4300,2.4600,2.4100,2.4500,4403600,10726645.0000,5287
20240923,002110,2.6100,2.6100,2.6600,2.5900,2.6300,8384820,21989253.0000,5931
20240923,002111,9.1000,9.0700,9.1900,9.0700,9.0900,2985574,27231559.9100,8582
20240923,002112,9.3200,9.3000,9.3600,9.0300,9.1400,13293651,121674508.5000,23209
20240923,002114,4.8400,4.8000,4.8700,4.7800,4.8400,5128401,24788089.8200,11842
20240923,002115,4.5000,4.5200,4.6100,4.4800,4.5800,22519129,102905592.8300,20408
20240923,002116,8.5900,8.6000,8.6000,8.4800,8.5600,4233742,36116215.2600,4339
20240923,002117,6.3000,6.2900,6.3200,6.2300,6.2500,2234200,14024500.0000,3692
20240923,002119,10.3700,10.3700,10.4500,10.2900,10.3400,4711900,48892743.0000,6087
20240923,002120,7.6500,7.6500,7.7500,7.5400,7.5900,20400954,155366918.1800,31678
20240923,002121,3.5100,3.5100,3.5600,3.4800,3.5600,12551600,44270391.0000,9090
20240923,002122,2.0500,2.0500,2.1300,2.0200,2.1100,43683827,91260728.7000,15434
20240923,002123,7.1000,7.1100,7.4700,7.0600,7.3500,75490379,550330300.5900,55843
20240923,002124,2.1200,2.1100,2.1200,2.0700,2.1000,17195338,36062819.0600,2725
20240923,002125,8.5000,8.4600,8.5700,8.4200,8.4600,4531314,38479873.4500,9584
20240923,002126,16.6100,16.6100,16.9300,16.5000,16.6700,6107826,102518867.1900,14090
20240923,002127,2.6300,2.6400,2.6600,2.6000,2.6600,19525450,51574883.5000,10953
20240923,002128,16.2200,16.1700,16.4200,16.0500,16.1300,10491003,169939429.7200,28964
20240923,002129,7.5400,7.4800,7.5600,7.4300,7.5100,32815344,246496896.8900,22124
20240923,002130,10.7300,10.7000,11.2900,10.6600,11.0600,97584427,1082949057.1700,125672
20240923,002131,1.4600,1.4500,1.4700,1.4400,1.4400,35137600,50932656.8200,4912
20240923,002132,2.2500,2.2700,2.2700,2.2200,2.2300,8744521,19524153.6200,5203
20240923,002133,2.1300,2.1300,2.1400,2.0900,2.1200,7537000,15959259.0000,5642
20240923,002134,7.6300,7.6400,8.0400,7.5500,7.8100,7313500,57525873.0000,10082
20240923,002135,3.6000,3.6200,3.6300,3.5700,3.5800,2663000,9559846.0000,5053
20240923,002136,8.5200,8.5200,8.5900,8.4600,8.5400,637600,5446510.0000,1732
20240923,002137,5.0100,5.0200,5.0600,4.9800,5.0200,6742872,33857902.0000,13874
20240923,002138,22.7400,22.6800,23.4300,22.5100,22.9600,8282600,191191891.0000,20585
20240923,002139,9.0800,9.1000,9.3000,9.0500,9.2100,12575500,115724046.0000,22126
20240923,002140,6.5200,6.5200,6.5600,6.4600,6.5200,1770900,11534784.0000,4432
20240923,002141,1.2800,1.2200,1.2200,1.2200,1.2200,2455000,2995100.0000,372
20240923,002142,19.2100,19.1900,20.1000,19.1800,19.8600,51762649,1023322262.3200,67190
20240923,002144,8.4400,8.4400,8.5100,8.3800,8.5000,2130600,18041580.0000,2719
20240923,002145,3.3600,3.3700,3.4000,3.3300,3.3600,17283120,58237915.0500,13482
20240923,002146,1.2500,1.2300,1.2500,1.2200,1.2300,56300000,69328933.0000,7829
20240923,002148,5.0100,5.0100,5.0100,4.7800,4.9100,62817403,307411647.6000,53903
20240923,002149,12.7000,12.6100,12.8400,12.6100,12.6800,1567900,19965023.0000,2324
20240923,002150,13.8800,13.8800,13.9900,13.5000,13.5500,6132200,83900650.0000,14881
20240923,002151,23.1700,22.8700,23.2800,22.8200,23.0700,6208384,143021467.4100,13471
20240923,002152,9.4700,9.4700,9.6200,9.4300,9.5500,18614301,177765360.5500,28673
20240923,002153,5.7500,5.7900,5.8800,5.7200,5.8000,14181967,82447781.3800,20631
20240923,002154,3.3100,3.3000,3.3600,3.2900,3.3200,21506900,71528782.0000,16170
20240923,002155,15.4800,15.6000,15.9200,15.5400,15.6400,28462261,446823932.8800,41098
20240923,002156,18.2700,18.2100,18.6400,18.0800,18.2400,28999300,533032543.4000,40277
20240923,002157,2.5900,2.5700,2.6600,2.5600,2.6100,38621900,101367817.0000,8338
20240923,002158,15.8400,15.8600,15.9500,15.6100,15.8200,3435156,54106501.3900,10864
20240923,002159,12.8700,12.8900,12.9800,12.7300,12.8600,1761000,22638864.0000,4466
20240923,002160,3.1000,3.0900,3.1100,3.0600,3.0800,8950500,27545160.0000,12289
20240923,002161,4.0300,4.0600,4.0900,4.0000,4.0700,5614500,22795657.0000,9055
20240923,002162,2.9600,2.9300,2.9400,2.8800,2.9100,18444700,53623026.0000,7660
20240923,002163,5.9900,5.9500,6.0300,5.9200,6.0100,9128000,54593738.0000,6490
20240923,002164,3.8800,3.8900,3.9100,3.8500,3.8700,3814900,14792144.0000,5973
20240923,002165,3.2400,3.2400,3.2600,3.2200,3.2400,5308200,17201815.0000,2812
20240923,002166,6.9400,7.0000,7.1200,6.9600,6.9700,23029249,162056620.6000,21305
20240923,002167,5.0700,5.0700,5.1300,5.0200,5.0900,14344000,73058115.7800,13266
20240923,002168,2.3800,2.2600,2.2600,2.2600,2.2600,482800,1091128.0000,184
20240923,002169,4.4200,4.3800,4.4500,4.3600,4.4000,10208300,44906615.0000,12277
20240923,002170,5.8500,5.9000,5.9100,5.7800,5.8000,6215900,36331767.0000,12870
20240923,002171,5.5900,5.5800,5.7000,5.5800,5.6000,7564662,42558603.4400,10609
20240923,002172,2.4300,2.4400,2.4600,2.4100,2.4200,14439250,35061499.5000,6155
20240923,002173,6.2700,6.2000,6.3400,6.1700,6.2600,10840300,67996912.0000,7303
20240923,002174,7.3700,7.3700,7.4500,7.3300,7.3900,8357013,61782258.4600,14805
20240923,002175,1.7500,1.7400,1.8200,1.7200,1.7800,26376800,46669892.4000,8097
20240923,002176,6.4100,6.4100,6.5200,6.3500,6.4400,16152968,104131794.8800,19597
20240923,002177,3.3700,3.3400,3.4200,3.3100,3.3900,26292500,88717395.0000,19170
20240923,002178,3.6000,3.6300,3.7400,3.5800,3.6500,39752131,145657329.4200,16694
20240923,002179,36.8200,36.6000,37.6900,36.5800,36.8700,6875442,255766555.2600,23347
20240923,002180,23.9100,24.0000,24.9700,23.9500,24.2500,16076398,392712413.8600,53328
20240923,002181,3.2400,3.2400,3.2900,3.2200,3.2800,6444712,21022383.2400,9758
20240923,002182,8.9100,8.8800,9.0000,8.8300,8.9000,5164360,46044678.0000,9793
20240923,002183,3.2400,3.2000,3.5600,3.1600,3.4300,153651353,522218521.6500,52797
20240923,002184,9.0100,9.0500,9.4200,8.8100,9.2300,24798876,224026032.9200,33171
20240923,002185,7.3900,7.3800,7.4900,7.3300,7.4200,14336089,106531960.6500,17196
20240923,002186,8.5700,8.5700,8.7200,8.5200,8.6700,3080000,26615371.0000,4320
20240923,002187,4.3300,4.3200,4.3200,4.2800,4.3000,2707900,11629045.0000,5419
20240923,002188,4.0900,4.0800,4.1300,4.0400,4.0800,4744500,19409995.0000,5081
20240923,002189,16.2200,16.2400,16.3300,15.7600,15.9800,16564180,265359730.5200,22506
20240923,002190,13.7000,13.6900,14.0700,13.6100,13.9800,2855800,39806507.0000,6092
20240923,002191,3.3900,3.3800,3.4200,3.3300,3.3600,10397815,34971141.2700,6527
20240923,002192,28.7700,28.6500,29.0400,28.5100,28.7800,4212895,121382083.2200,7055
20240923,002193,3.8900,3.8900,4.0000,3.8300,3.9500,6123500,24220564.0000,4837
20240923,002194,8.5900,8.5300,8.7500,8.4900,8.5800,28776369,248368802.3900,31865
20240923,002195,2.2300,2.2400,2.2900,2.2300,2.2800,72001476,163051876.4700,19612
20240923,002196,4.3000,4.2700,4.3700,4.2600,4.3500,7640900,33155820.0000,11947
20240923,002197,3.2500,3.2300,3.2800,3.2200,3.2400,7326501,23850612.2600,1512
20240923,002198,5.9000,5.9100,6.0000,5.8700,5.9300,1650200,9810184.0000,1286
20240923,002199,5.8100,5.8200,5.9200,5.7100,5.8400,10415646,60838467.6400,8573
20240923,002200,4.7800,4.7800,4.8300,4.7700,4.7800,460800,2211149.0000,160
20240923,002201,3.9800,3.9700,4.0200,3.9700,3.9700,3378112,13472112.8800,6984
20240923,002202,8.2100,8.2200,8.2500,8.1200,8.1600,24837160,203115561.5300,33995
20240923,002203,8.2200,8.2400,8.2700,8.0900,8.1000,5177369,42290272.2100,8051
20240923,002204,4.0600,4.0300,4.0600,4.0100,4.0400,9892600,39902196.0000,13255
20240923,002205,6.8300,6.8000,6.8600,6.7300,6.7600,7568400,51368684.0000,6621
20240923,002206,3.5800,3.6000,3.6200,3.5500,3.5700,4830200,17305307.0000,7945
20240923,002207,4.8600,4.8700,4.9900,4.7100,4.9300,19313968,93868176.9600,15324
20240923,002208,5.0300,5.0300,5.0300,5.0300,5.0300,0,0.0000,0
20240923,002209,7.6400,7.6500,7.7400,7.5800,7.6800,1803500,13861716.0000,4420
20240923,002210,1.5400,1.5300,1.5400,1.5000,1.5100,16678957,25310068.0700,4335
20240923,002211,2.4900,2.4900,2.5100,2.4400,2.4700,6160901,15241331.4800,4919
20240923,002212,4.3700,4.4400,4.5700,4.3800,4.5100,37996407,170836086.0900,27457
20240923,002213,9.4400,9.4300,10.2000,9.3600,9.7600,8222800,80754299.0000,16113
20240923,002214,10.2000,10.2200,10.2400,10.1000,10.1200,1443580,14670717.8000,3644
20240923,002215,7.7700,7.7500,7.9000,7.7300,7.8100,11570000,90409869.0000,16463
20240923,002216,9.3900,9.3900,9.4600,9.2100,9.2400,2783559,25895603.7000,5639
20240923,002217,1.3000,1.2900,1.3100,1.2400,1.2500,64554700,81824345.0000,5959
20240923,002218,2.9000,2.8800,2.9000,2.8500,2.8800,6997200,20154785.0000,7193
20240923,002219,1.8100,1.8100,1.8300,1.7800,1.7900,33575502,60665832.6000,7454
20240923,002221,8.2400,8.2200,8.3000,8.1700,8.2200,1844500,15174147.0000,3549
20240923,002222,21.9700,21.8000,22.3500,21.7000,22.1000,10643081,234241716.0300,20191
20240923,002223,31.0200,31.0300,31.3600,30.2000,30.4900,9222586,281261021.1400,25846
20240923,002224,3.8000,3.7600,3.8300,3.7600,3.7900,2590000,9829489.0000,4091
20240923,002225,3.2000,3.2000,3.2200,3.1700,3.1800,9575200,30556713.0000,7657
20240923,002226,3.7900,3.7800,3.8900,3.7300,3.7900,32585501,123693041.5600,17931
20240923,002227,8.6000,8.4800,8.8000,8.3800,8.6900,14179682,121732752.7800,13697
20240923,002228,2.5200,2.5000,2.5400,2.5000,2.5200,5187600,13065712.0000,5998
20240923,002229,8.7800,8.7700,9.3400,8.6600,9.0300,44721400,404673561.5500,49991
20240923,002230,34.6900,34.6900,35.3800,34.6300,34.8100,20131748,704323144.5300,43773
20240923,002231,4.6200,4.6300,5.0000,4.6300,4.7400,78247314,374199605.6300,54557
20240923,002232,16.2900,16.4000,17.9200,16.2300,17.9200,75795650,1297910416.1200,115322
20240923,002233,6.5500,6.5300,6.7200,6.5100,6.6900,6487843,42997187.2400,6009
20240923,002234,7.3400,7.2800,7.4000,7.2700,7.2900,1348200,9863366.0000,2287
20240923,002235,4.3000,4.2800,4.3700,4.2300,4.3500,19238600,83144408.0000,19988
20240923,002236,13.9700,13.9800,14.3100,13.9100,14.0800,29534184,417242372.4700,44063
20240923,002237,9.3000,9.3300,9.5900,9.3000,9.4500,19158906,180801073.1600,25950
20240923,002238,7.2800,7.2500,7.5300,7.2200,7.4400,8944100,66237179.0000,15933
20240923,002239,2.3600,2.3500,2.3700,2.3300,2.3500,16544882,38887379.1200,9650
20240923,002240,10.9900,10.9900,11.0700,10.8400,10.8600,7416172,81043003.2000,15482
20240923,002241,18.6400,18.6600,19.2000,18.4900,18.6300,50646972,953831766.2600,78882
20240923,002242,9.1300,9.0800,9.2500,9.0800,9.2400,2673850,24606178.5200,4433
20240923,002243,5.9100,5.9100,5.9300,5.8200,5.8300,9992500,58695259.0000,11209
20240923,002244,8.7200,8.6300,8.8500,8.5700,8.7000,28832000,251176751.0000,23416
20240923,002245,7.0300,7.0100,7.0800,6.9600,7.0100,8351600,58577819.0000,14839
20240923,002246,8.6200,8.5000,8.7500,8.4500,8.6100,17763400,152413967.0000,13306
20240923,002247,1.5000,1.5000,1.5200,1.4800,1.5100,9482700,14266057.0000,2951
20240923,002248,5.9900,5.9700,5.9700,5.8800,5.9300,6355300,37665470.0000,4995
20240923,002249,4.8100,4.8100,4.8600,4.7800,4.8100,10749200,51812339.9000,18438
20240923,002250,4.5500,4.5400,4.6200,4.5000,4.5100,8158300,37118883.0000,11284
20240923,002251,2.5600,2.5500,2.5600,2.5100,2.5200,8418607,21318957.5700,1827
20240923,002252,6.5800,6.5900,6.6300,6.4800,6.5100,19807671,129519372.0900,20260
20240923,002253,9.9100,9.9100,10.0800,9.8500,9.9900,4564400,45599038.0000,9017
20240923,002254,8.1700,8.1600,8.2400,8.1200,8.1800,3282887,26811679.9200,6963
20240923,002255,4.1900,4.2000,4.2400,4.1700,4.2000,2928100,12306253.0000,5089
20240923,002256,1.6600,1.6700,1.6800,1.6300,1.6500,20752700,34231888.0000,4431
20240923,002258,6.8500,6.8500,6.9000,6.8100,6.8800,2225400,15267349.0000,4067
20240923,002259,2.5400,2.5300,2.5300,2.4100,2.4100,2996900,7265052.0000,596
20240923,002261,13.8700,14.0900,15.2600,14.0300,14.6600,250081389,3696536073.8200,296148
20240923,002262,24.0200,23.9300,24.3000,23.7200,23.8300,3303826,79019624.4300,11881
20240923,002263,1.9000,1.9000,1.9400,1.8900,1.9000,5966300,11367336.0000,2788
20240923,002264,4.4700,4.4700,4.5000,4.4200,4.4400,5559901,24754493.4300,9973
20240923,002265,9.0600,9.0600,9.3500,8.9200,9.2700,11273518,103391499.9800,15032
20240923,002266,2.7600,2.7600,2.7700,2.7300,2.7400,12696610,34946015.3000,9580
20240923,002267,6.5300,6.5500,6.5900,6.4800,6.5900,6783484,44433218.5200,9612
20240923,002268,12.8500,12.9900,14.1400,12.9900,14.1400,23080952,314324857.5400,29792
20240923,002269,1.3800,1.3700,1.3800,1.3600,1.3600,45073900,61635266.0000,5007
20240923,002270,14.8800,14.8600,15.0600,14.6700,14.8200,9238408,137253662.9600,38739
20240923,002271,10.4000,10.3200,10.6000,10.2500,10.4600,32717457,341812729.7200,31071
20240923,002272,4.6900,4.6400,4.9000,4.5700,4.7500,30619059,145535287.3000,19777
20240923,002273,15.6800,15.6900,16.4000,15.4800,15.8300,27914100,448077950.0000,59757
20240923,002274,6.8400,6.8700,6.8900,6.8000,6.8800,5126460,35138374.4000,9124
20240923,002275,13.2500,13.3900,13.3900,13.2200,13.2400,1346699,17895340.7200,5666
20240923,002276,6.5300,6.4900,6.5900,6.4900,6.5100,6539364,42708041.0000,12433
20240923,002277,2.2300,2.2200,2.2400,2.2000,2.2200,13868900,30777308.0000,9079
20240923,002278,4.2600,4.2600,4.2800,4.2200,4.2800,4633250,19761436.0000,7110
20240923,002279,5.1100,5.0400,5.5800,5.0300,5.2600,93864457,496241921.5200,65736
20240923,002281,26.8200,26.7700,27.6200,26.5400,26.8700,22203418,602533401.9900,62978
20240923,002282,5.8700,5.8300,5.9000,5.8200,5.8500,2432300,14241608.0000,5742
20240923,002283,3.9900,4.0000,4.0300,3.9700,4.0200,9322314,37297985.4200,10531
20240923,002284,6.6800,6.6300,7.3500,6.6300,7.3400,43644050,311970307.6400,33962
20240923,002285,1.9900,1.9500,1.9900,1.9200,1.9700,74976880,146655919.0000,12341
20240923,002286,5.9500,5.9700,5.9900,5.9100,5.9400,2904600,17268699.9600,8179
20240923,002287,18.5200,18.5200,18.8000,18.3900,18.4500,617100,11424285.0000,3203
20240923,002289,2.9700,2.9600,3.1200,2.9500,3.1200,1518750,4656861.0000,357
20240923,002290,10.6900,10.6900,10.9200,10.4500,10.7800,1088200,11732259.0000,3267
20240923,002291,4.5700,4.6000,4.8600,4.5500,4.7600,95794968,451562745.4400,59396
20240923,002292,5.3300,5.3200,5.3900,5.3000,5.3400,15191500,81238298.6000,14024
20240923,002293,6.2000,6.1800,6.2500,6.1300,6.1700,3190067,19692504.1400,6411
20240923,002294,31.6900,31.6900,31.9500,30.9500,31.1000,5721306,178792818.5600,21878
20240923,002295,4.9700,5.0200,5.0800,4.9700,5.0600,3633640,18319738.0000,5807
20240923,002296,7.4500,7.4200,7.6400,7.4200,7.5600,8199802,62128505.1800,14317
20240923,002297,5.5300,5.5200,5.6300,5.5000,5.6200,5247500,29301703.0000,9095
20240923,002298,4.1100,4.0900,4.1300,3.9700,4.0500,60879291,245593543.7300,47980
20240923,002299,10.7500,10.6800,10.8300,10.5500,10.5700,7149700,76163291.0000,12084
20240923,002300,4.5300,4.5200,4.5700,4.5100,4.5200,2854139,12934786.6400,4339
20240923,002301,4.8100,4.7900,4.8900,4.7500,4.8700,5134386,24875587.9600,8904
20240923,002302,5.4800,5.4300,5.4700,5.3900,5.4300,29169284,158320137.6000,23053
20240923,002303,2.6500,2.6300,2.7100,2.6200,2.6600,13811604,36901232.6800,16802
20240923,002304,73.7400,73.6700,75.0700,73.5300,74.0400,4146043,308679660.3600,14768
20240923,002305,1.6300,1.6100,1.6900,1.5800,1.6400,106559286,173731043.4700,15966
20240923,002306,2.3900,2.4100,2.4300,2.3600,2.4200,6417800,15414579.0000,3767
20240923,002307,2.8900,2.8800,2.8900,2.8500,2.8700,6418160,18415012.6000,3575
20240923,002308,0.3700,0.3700,0.3700,0.3700,0.3700,0,0.0000,0
20240923,002309,2.5000,2.5000,2.5900,2.3800,2.3800,30617500,75328948.0000,4032
20240923,002310,1.2500,1.2300,1.2700,1.2300,1.2500,41809000,52130197.0000,3325
20240923,002311,35.1600,35.0700,36.0500,34.8100,34.9200,5377125,190272109.2000,20399
20240923,002312,7.8200,7.8000,8.0800,7.7500,7.9000,59305550,469080439.5000,61929
20240923,002313,6.5500,6.7800,6.8500,6.4500,6.5400,41668100,276449015.9600,49138
20240923,002314,2.0700,2.0600,2.1000,2.0500,2.0900,15108046,31400987.6100,10108
20240923,002315,23.4200,23.3700,24.2300,23.2500,23.8300,6628903,157742108.7000,16823
20240923,002316,2.6700,2.6600,2.6600,2.6200,2.6300,8259838,21762276.9400,1793
20240923,002317,10.8900,10.9800,11.0700,10.8500,10.8800,8941480,97764153.4000,16216
20240923,002318,18.5000,18.4800,18.7800,18.1000,18.1600,4799247,88077499.5900,15001
20240923,002319,8.4600,8.4700,8.5200,8.3200,8.3500,2176000,18267198.0000,3608
20240923,002320,4.8200,4.8200,4.8400,4.7800,4.7900,6395800,30692373.5000,8575
20240923,002321,1.7900,1.8000,1.8100,1.7600,1.7900,12920395,22998772.6500,2343
20240923,002322,13.8900,13.8800,14.2300,13.6900,13.7700,3576805,49917929.6000,9324
20240923,002323,1.1400,1.1400,1.2500,1.1200,1.2500,197987616,241303062.7100,17740
20240923,002324,7.0900,7.0900,7.1500,7.0100,7.0400,3571728,25204317.5600,5209
20240923,002326,7.6300,7.6300,7.6800,7.5500,7.5700,4170100,31704553.0000,9085
20240923,002327,7.3300,7.3000,7.4600,7.3000,7.3800,4124100,30455867.0000,7308
20240923,002328,4.2800,4.3100,4.3100,4.2500,4.2900,2539830,10879464.4000,4213
20240923,002329,2.7100,2.7000,2.7400,2.6700,2.7200,8092400,21947451.0000,6680
20240923,002330,3.6800,3.6900,3.6900,3.6500,3.6600,2985500,10943193.0000,5805
20240923,002331,6.5900,6.6000,6.6800,6.5500,6.6700,6341521,42091268.5800,10295
20240923,002332,11.3700,11.4000,11.5500,11.3300,11.5000,5318935,60860762.9500,15223
20240923,002333,4.9300,4.9500,4.9500,4.8900,4.9000,1352400,6638737.0000,2322
20240923,002334,5.5200,5.5100,5.5800,5.4800,5.5300,4115901,22781696.5100,6948
20240923,002335,18.8500,18.8900,19.0300,18.4000,18.4700,7108270,132609907.9000,17392
20240923,002336,2.9100,2.9100,2.9600,2.8100,2.8200,5369100,15503306.0000,1844
20240923,002337,3.8700,3.8300,3.8800,3.8300,3.8400,3794000,14596575.0000,6521
20240923,002338,26.7100,26.3000,26.5500,25.9800,26.2300,9097005,238265014.0000,21351
20240923,002339,5.4500,5.4400,6.0000,5.4100,6.0000,26608469,158039534.4400,12423
20240923,002340,5.6500,5.6400,5.6900,5.6000,5.6200,27127400,152926940.0000,23488
20240923,002342,2.9500,2.9500,2.9700,2.9300,2.9600,5070800,14985775.0000,1842
20240923,002343,5.1000,5.1100,5.1700,5.0600,5.1300,9262160,47531323.0000,10540
20240923,002344,3.1500,3.1500,3.1600,3.1200,3.1600,4750716,14922122.0800,5888
20240923,002345,4.4700,4.4700,4.5300,4.3300,4.3600,18313400,80394850.0000,12180
20240923,002346,7.2500,7.2000,7.3000,7.1700,7.2100,914900,6609032.0000,2736
20240923,002347,3.5700,3.5600,3.6000,3.5300,3.6000,6231500,22288236.0000,11179
20240923,002348,2.2800,2.3100,2.3100,2.2600,2.3000,5207404,11901081.0400,2098
20240923,002349,6.6400,6.6700,6.7400,6.6200,6.7000,5201400,34870120.0000,10105
20240923,002350,4.8100,4.8600,4.8900,4.8000,4.8700,4322496,21010148.4700,7552
20240923,002351,9.6700,9.8800,10.0300,9.6100,9.6400,19338235,189256289.8900,27323
20240923,002352,37.5600,37.5300,38.2000,37.3600,37.5600,12632650,476509536.8000,34353
20240923,002353,28.3400,28.2400,28.8800,28.0600,28.6500,7790272,222960697.4800,28253
20240923,002354,2.5900,2.6100,2.6800,2.5600,2.6500,59108941,156040781.7600,26171
20240923,002355,4.5100,4.4900,4.6800,4.4900,4.6500,21906400,100801577.0000,15987
20240923,002356,2.7100,2.7000,2.8500,2.6800,2.7600,13956666,38569526.5500,3686
20240923,002357,5.0600,5.0300,5.1000,5.0000,5.0800,5145500,26028603.0000,4717
20240923,002358,3.2700,3.2400,3.2800,3.2200,3.2700,17140830,55632531.3600,7049
20240923,002360,4.1800,4.1800,4.2200,4.1400,4.1900,1272600,5317178.0000,1954
20240923,002361,2.9800,2.9900,3.0200,2.9600,3.0100,5639900,16893582.9600,4988
20240923,002362,15.5400,15.6700,15.9400,15.4300,15.6500,5128901,80425819.6100,13681
20240923,002363,5.7800,5.7700,5.8400,5.7400,5.8100,2725080,15779691.6000,6558
20240923,002364,6.2100,6.2100,6.2600,6.1100,6.1300,5505200,34002545.0000,10480
20240923,002365,6.9300,6.9300,6.9700,6.9100,6.9200,1231750,8538905.5000,2630
20240923,002366,3.0400,3.0500,3.0800,3.0200,3.0400,9260500,28192863.0000,4185
20240923,002367,5.3700,5.3800,5.4200,5.3400,5.3500,2328200,12491265.0000,5881
20240923,002368,15.7000,15.7300,16.2000,15.6800,15.8500,27940114,444575566.0100,45199
20240923,002369,4.4700,4.6600,4.8700,4.5400,4.7100,130595612,609916707.8600,82653
20240923,002370,2.6500,2.6800,2.7200,2.6600,2.6900,21161700,56978570.0000,14554
20240923,002371,293.4200,291.2900,295.0000,281.5000,283.8600,5675417,1628089419.2600,36975
20240923,002372,10.5900,10.5500,10.7600,10.5100,10.6100,6845711,72812438.5900,15346
20240923,002373,7.4200,7.4700,7.6800,7.4000,7.6200,18629006,141080857.3600,18938
20240923,002374,1.7100,1.7200,1.7300,1.6900,1.7200,7230320,12386413.2000,3646
20240923,002375,3.1500,3.1300,3.1600,3.1100,3.1300,6389523,19999985.3800,9540
20240923,002376,5.6300,5.6000,5.7500,5.5900,5.6900,8432910,48034917.2600,14826
20240923,002377,1.7300,1.7400,1.7400,1.7100,1.7200,6635100,11453800.0000,2825
20240923,002378,5.7300,5.6800,5.7800,5.6400,5.7700,8506990,48871367.0000,15340
20240923,002379,4.7600,4.7400,4.8700,4.7400,4.7700,4945100,23639434.0000,5645
20240923,002380,15.8400,15.8000,16.1300,15.7500,15.9500,3543100,56615251.0000,10862
20240923,002381,6.0700,6.0600,6.1000,6.0100,6.0700,1754700,10634919.0000,4347
20240923,002382,4.3300,4.3300,4.4300,4.3000,4.4000,6427310,28160570.7200,9760
20240923,002383,6.0600,6.0300,6.1900,6.0000,6.1400,28744300,175885969.0000,27963
20240923,002384,19.2300,19.2400,19.9800,18.9400,19.4400,31267012,612738922.9600,66704
20240923,002385,3.9200,3.9000,3.9100,3.8300,3.8500,35344892,136563337.2800,26092
20240923,002386,3.6400,3.6400,3.6900,3.6300,3.6800,4567570,16752006.8000,5009
20240923,002387,5.9900,6.0200,6.1000,5.9400,6.0400,13532033,81694877.2700,11538
20240923,002388,3.9100,3.9000,4.0200,3.8500,3.8700,47828322,188109399.4700,42177
20240923,002389,13.1800,13.1600,13.6900,13.1100,13.5700,15944113,215037133.8500,21187
20240923,002390,2.9600,2.9600,2.9900,2.9400,2.9500,6775294,20057398.7300,6640
20240923,002391,4.4600,4.4500,4.4700,4.4100,4.4600,1081100,4802885.4800,2399
20240923,002392,3.0100,3.0100,3.0300,2.9900,3.0100,6566600,19760485.0000,6432
20240923,002393,14.3800,14.3400,14.5200,14.3000,14.4300,998189,14389820.6100,2534
20240923,002394,5.8700,5.8700,5.9000,5.8400,5.8900,1401801,8228965.8600,3093
20240923,002395,12.7900,12.7700,12.8400,12.6000,12.6500,3601445,45743286.3000,4706
20240923,002396,13.9700,13.9300,14.2800,13.9000,14.1300,6704750,94911726.0000,15351
20240923,002397,1.9400,1.9500,1.9500,1.9200,1.9200,6793154,13147766.2200,3180
20240923,002398,3.3000,3.3000,3.3100,3.2700,3.3000,3148712,10386241.4800,4001
20240923,002399,9.1500,9.1800,9.2400,9.0100,9.1100,2861843,26059310.6300,8281
20240923,002400,4.7200,4.7100,4.7400,4.6900,4.7200,13055027,61606037.6400,10438
20240923,002401,14.3600,14.3000,14.4200,14.0800,14.2300,10074228,143649478.7000,24601
20240923,002402,9.0100,9.0500,9.2600,8.9800,9.1200,8225550,75288000.0000,13414
20240923,002403,6.6300,6.5700,6.7200,6.5700,6.7100,6786400,45237720.0000,12369
20240923,002404,5.1900,5.1900,5.2700,5.1500,5.2400,3444700,17968547.0000,6801
20240923,002405,6.8600,6.8800,7.5500,6.7700,7.5500,112292423,816169033.0600,67926
20240923,002406,4.9000,4.9000,4.9200,4.8500,4.8700,7612502,37192498.7200,4916
20240923,002407,9.5000,9.5600,9.6400,9.4200,9.4500,7381932,70118385.4400,11508
20240923,002408,4.6200,4.6100,4.6700,4.5900,4.6700,6897325,32051152.2500,8325
20240923,002409,48.7900,48.6200,49.0000,46.8500,46.9300,9347123,445430471.4600,35247
20240923,002410,9.3700,9.3100,9.6500,9.3000,9.5900,27764629,264860816.1300,46336
20240923,002412,5.0500,5.0500,5.1500,5.0400,5.1300,4337188,22176484.6000,5765
20240923,002413,3.4900,3.4800,3.5600,3.4600,3.5400,15420103,54391625.6200,12770
20240923,002414,5.9000,5.8900,5.9600,5.8700,5.9200,15382900,91083941.1200,17672
20240923,002415,25.3400,25.3300,25.5600,25.2600,25.3500,17657690,448645675.0100,33353
20240923,002416,9.4200,9.4700,9.5700,9.2500,9.2900,9929458,93291178.5700,15069
20240923,002418,1.9400,1.9500,2.0000,1.9100,1.9600,22534000,44205239.0000,6352
20240923,002419,4.1300,4.1100,4.1600,4.1000,4.1500,5293850,21863837.0000,5880
20240923,002420,4.7500,4.8100,5.2200,4.8100,5.1100,30783162,156380046.8200,21910
20240923,002421,2.4300,2.4300,2.4400,2.3900,2.4200,25046200,60616496.0000,9687
20240923,002422,26.9300,26.7300,27.0400,25.9600,26.1300,22845674,602556384.9300,58588
20240923,002423,7.4100,7.4100,7.4300,7.3500,7.3800,12731932,94038729.4400,15502
20240923,002424,3.2700,3.2700,3.2900,3.2300,3.2500,10032700,32712085.0000,2231
20240923,002425,2.3900,2.2700,2.2700,2.2700,2.2700,544300,1235561.0000,314
20240923,002426,1.7000,1.7000,1.7500,1.6800,1.7200,94306250,162069498.0000,16111
20240923,002427,2.8600,2.8700,2.8900,2.8300,2.8800,3664371,10456890.9500,4082
20240923,002428,10.9500,10.9000,11.3800,10.6900,11.2500,27692691,307580208.8000,23539
20240923,002429,4.4100,4.4000,4.5100,4.3800,4.4500,13061186,58223663.2000,17333
20240923,002430,16.7000,16.6500,17.1400,16.5500,16.7300,4447300,74846126.0000,12461
20240923,002431,1.5600,1.5600,1.5700,1.5400,1.5600,6341300,9887049.0000,2567
20240923,002432,39.7600,39.8700,40.2000,39.5200,39.9500,3255099,129817557.3400,12037
20240923,002434,4.8800,4.8800,4.9300,4.8300,4.9100,5269000,25771693.0000,8467
20240923,002436,8.1400,8.1200,8.3100,8.0600,8.1800,17705533,145409653.7600,15367
20240923,002437,1.8400,1.8300,1.8500,1.8300,1.8400,13942200,25647380.0000,3759
20240923,002438,9.3600,9.3700,9.4900,9.2800,9.3900,2184900,20550876.0000,3059
20240923,002439,13.1100,13.1800,13.5400,13.0600,13.3400,21136126,282817878.4400,30964
20240923,002440,5.4300,5.4500,5.4900,5.3800,5.4800,1840801,10028707.9200,4123
20240923,002441,6.2000,6.1500,6.2200,6.1500,6.1800,2123254,13126454.7200,4603
20240923,002442,4.0300,4.0100,4.0500,3.9800,4.0100,4075500,16343167.0000,7640
20240923,002443,5.1800,5.1600,5.2100,5.1500,5.1700,1701500,8801973.0000,2590
20240923,002444,28.2100,28.2500,28.7400,27.6200,27.8800,11090775,309717498.0000,33776
20240923,002445,1.6700,1.6700,1.7400,1.6600,1.7100,37597650,63928525.4000,8362
20240923,002446,5.4500,5.4700,5.6200,5.4700,5.5400,28235688,157198183.2200,17541
20240923,002448,5.2100,5.2000,5.2700,5.1800,5.2400,3649800,19094275.0000,6235
20240923,002449,6.5800,6.6000,6.7200,6.5600,6.6700,6916996,46043148.4000,9772
20240923,002451,5.2200,5.2200,5.3200,5.1600,5.1900,9001886,46965309.9200,9861
20240923,002452,7.1600,7.1300,7.2500,7.0500,7.1000,6365498,45258795.8800,9690
20240923,002453,3.9800,3.9000,4.3800,3.8500,4.1900,81249611,335090910.7100,67793
20240923,002454,5.3900,5.4100,5.4600,5.3700,5.4400,2442252,13236137.8400,4711
20240923,002455,6.5900,6.5800,6.6700,6.5300,6.6300,8704500,57632088.0700,16513
20240923,002456,8.1500,8.2100,8.4000,8.1100,8.2500,121673538,1008893436.8800,77924
20240923,002457,7.9900,7.9700,7.9700,7.8800,7.8800,8585400,67926273.0000,7324
20240923,002458,7.8600,7.8400,7.9200,7.7900,7.8400,2531800,19880046.0000,3396
20240923,002459,9.9000,9.8800,9.9900,9.7600,9.9200,33768724,333522655.0200,36236
20240923,002460,25.4900,25.4600,25.8500,25.2600,25.5800,13421234,343211922.3300,23200
20240923,002461,8.3600,8.3500,8.4100,8.1300,8.1700,6438914,52949998.1000,16643
20240923,002462,10.4300,10.4000,10.5200,10.3000,10.4800,1533300,16022362.0000,4034
20240923,002463,32.1500,32.0700,33.1000,31.7100,32.1700,30770931,1001735652.3500,64925
20240923,002465,8.5700,8.6200,8.8300,8.6000,8.6800,28206770,246454641.2000,31622
20240923,002466,24.9400,24.7700,25.2000,24.6000,24.9300,25864794,645582708.7500,40413
20240923,002467,3.3500,3.3800,3.4500,3.3500,3.4100,35976232,122587146.7200,28380
20240923,002468,10.3800,10.3000,10.4000,10.1400,10.1700,11856545,121637328.7400,25840
20240923,002469,4.7700,4.7900,4.8100,4.7300,4.7600,2061998,9824254.6600,3694
20240923,002470,1.3300,1.3300,1.3400,1.3200,1.3300,15989900,21233629.0000,2967
20240923,002471,1.9800,1.9800,2.0000,1.9700,1.9800,8904775,17629509.7400,3082
20240923,002472,21.2600,21.2500,21.4100,20.9800,21.3200,6016217,127669058.2600,18623
20240923,002474,4.6500,4.6900,5.0500,4.6100,4.8400,59435300,286413615.7300,55425
20240923,002475,36.6000,36.1600,37.4200,36.0200,36.4800,31380333,1153690715.2600,68924
20240923,002476,3.5700,3.6200,3.6200,3.5200,3.5400,3636400,12914723.0000,4480
20240923,002478,4.3600,4.3600,4.4300,4.3400,4.4200,5560900,24439004.0000,4657
20240923,002479,3.7800,3.7800,3.8200,3.7600,3.8200,6663200,25294181.0000,8879
20240923,002480,4.0700,4.0600,4.1100,4.0000,4.0600,10233742,41546220.6800,8225
20240923,002481,4.0800,4.0800,4.1100,4.0500,4.0600,5017900,20423072.0000,6776
20240923,002482,1.5200,1.5300,1.5300,1.5000,1.5100,7318300,11065365.0000,1246
20240923,002483,4.1900,4.1600,4.2100,4.1500,4.1900,4682802,19601729.3300,7583
20240923,002484,12.2700,12.3000,12.4500,12.1400,12.3600,6070560,74616468.9200,17054
20240923,002485,2.8400,2.8000,2.8500,2.8000,2.8200,215800,610070.0000,68
20240923,002486,1.7100,1.7200,1.8000,1.7100,1.7600,19175000,33642218.0000,8217
20240923,002487,18.1500,18.0900,18.1300,17.2600,17.3500,16407405,288694352.9800,34220
20240923,002488,7.7400,7.7500,7.8600,7.3400,7.3700,24595500,185936046.0000,20681
20240923,002489,2.6800,2.6800,2.7000,2.6600,2.6600,12488000,33389170.0000,12755
20240923,002490,1.9100,1.9200,1.9400,1.8900,1.9200,5343294,10243119.5500,1139
20240923,002491,3.2500,3.2700,3.3800,3.2600,3.3200,14407176,47961733.7200,13271
20240923,002492,4.3600,4.3500,4.4200,4.3000,4.3700,5955397,25964979.9300,5370
20240923,002493,8.4900,8.4300,8.5500,8.4000,8.4900,11660550,98884997.5000,12892
20240923,002494,2.9600,2.9500,3.0400,2.9500,3.0200,5729600,17233697.0000,5724
20240923,002495,1.4600,1.4700,1.4900,1.4600,1.4800,11941940,17585193.8000,4948
20240923,002496,2.0200,2.0200,2.1800,2.0100,2.1500,34740251,73599734.9900,11510
20240923,002497,8.2300,8.2500,8.3000,8.1400,8.1600,8623701,70635269.2100,14380
20240923,002498,2.8700,2.8700,2.9000,2.8600,2.8700,8253050,23733007.0000,8657
20240923,002500,4.9500,4.9600,4.9700,4.8900,4.9100,17808290,87749307.3000,19520
20240923,002501,1.0300,1.0300,1.1100,1.0300,1.0800,94861587,100492345.2200,5126
20240923,002506,1.7800,1.7900,1.8000,1.7700,1.7800,27163800,48489674.0000,8655
20240923,002507,12.1900,12.1400,12.5800,12.1200,12.4000,11148300,138577679.5000,14412
20240923,002508,18.7300,18.6700,18.9200,18.5000,18.6500,4534400,84680749.8400,10210
20240923,002510,3.7700,3.7700,3.8000,3.7500,3.7900,9403400,35570938.0000,9912
20240923,002511,6.1500,6.1600,6.2300,6.1200,6.1500,4227600,26061903.0000,7311
20240923,002512,3.4500,3.4700,3.5800,3.4400,3.4800,72363300,253054031.0000,35757
20240923,002513,3.4600,3.4600,3.5100,3.4200,3.5100,4354700,15169585.0000,4175
20240923,002514,4.4000,4.3900,4.4100,4.2500,4.2600,33968730,146016630.2000,23652
20240923,002515,4.1000,4.1000,4.1200,4.0100,4.0200,6650660,27027789.4000,5365
20240923,002516,3.7900,3.7700,3.8200,3.7700,3.8100,6311200,23941970.0000,7495
20240923,002517,9.2500,9.2400,9.3200,9.1000,9.1800,31110390,285914710.4000,28355
20240923,002518,15.4200,15.4300,15.5400,15.2400,15.2800,2878700,44170673.0000,8819
20240923,002519,4.3400,4.3600,4.4400,4.3300,4.4000,16083410,70799076.9000,15397
20240923,002520,4.0100,3.9600,4.0500,3.9100,4.0100,54076996,215484972.7000,25861
20240923,002521,9.4100,9.4200,9.7300,9.4200,9.6100,3582699,34413568.3600,5426
20240923,002522,3.0400,3.0500,3.0700,3.0300,3.0600,6213000,18962157.0000,7748
20240923,002523,2.2700,2.2700,2.2900,2.2400,2.2900,20438654,46250800.0400,9176
20240923,002524,3.3600,3.3800,3.4200,3.3400,3.3600,9657842,32559160.1200,13088
20240923,002526,2.1200,2.1100,2.1300,2.1000,2.1100,14450200,30534594.0000,5349
20240923,002527,6.0700,6.0500,6.1400,6.0100,6.1300,9857773,60018945.8400,17527
20240923,002528,2.2800,2.2900,2.3100,2.2200,2.2700,34770725,78803559.7700,6832
20240923,002529,5.8200,5.8000,5.9900,5.6800,5.9600,18958100,111553356.0000,15223
20240923,002530,6.3400,6.3200,6.3900,6.2800,6.3800,5778980,36748163.4000,7470
20240923,002531,6.7600,6.7000,6.7900,6.6600,6.7000,9157750,61533139.0000,11331
20240923,002532,6.8100,6.7700,6.9400,6.7100,6.7700,49994241,340998878.4400,51294
20240923,002533,8.5200,8.5100,8.6000,8.4000,8.4300,6659181,56570873.6900,11322
20240923,002534,9.1500,9.1900,9.1900,9.0100,9.1000,2456097,22353147.7300,8624
20240923,002535,3.2200,3.2200,3.2400,3.1900,3.2300,6556570,21124091.7000,8039
20240923,002536,8.9100,8.8700,8.9900,8.8400,8.9300,4365600,38990085.0000,10914
20240923,002537,4.9800,4.9800,5.0500,4.9400,5.0400,8502100,42544760.0000,13598
20240923,002538,4.6900,4.7000,4.7100,4.6400,4.6800,4340900,20308746.0000,7604
20240923,002539,6.9900,6.9700,7.0900,6.9400,6.9700,6333621,44339932.1600,15389
20240923,002540,4.9700,4.9300,5.0200,4.9300,4.9700,5146800,25613764.0000,8517
20240923,002541,11.2000,11.0500,11.3800,10.8500,10.9200,9221880,101666218.9700,18252
20240923,002542,1.5200,1.5100,1.5300,1.4800,1.5200,19864303,29967639.5300,3224
20240923,002543,8.6800,8.6400,8.8400,8.6100,8.7200,3494443,30405075.1000,7316
20240923,002544,16.5400,16.8000,17.5100,16.6600,16.8300,10511662,179121979.4000,19845
20240923,002545,5.7900,5.7700,5.8200,5.7500,5.8000,3269200,18938082.0000,7161
20240923,002546,3.1700,3.1500,3.1700,3.1100,3.1200,5671900,17773728.4000,7481
20240923,002547,2.6800,2.7000,2.9500,2.6900,2.9500,34469914,99633276.3000,8781
20240923,002548,3.5600,3.5700,3.6100,3.5300,3.5700,5156480,18410709.8000,6581
20240923,002549,5.7100,5.6100,6.2800,5.5200,6.2800,46271741,275307969.5200,31188
20240923,002550,4.9100,4.9400,4.9800,4.9100,4.9400,7863512,38871377.9200,13364
20240923,002551,2.4800,2.5000,2.5000,2.4400,2.4600,14807611,36407609.8400,7529
20240923,002552,10.5100,10.5000,10.9600,10.4600,10.8000,2999997,32188260.5700,5448
20240923,002553,8.5300,8.5200,8.6200,8.4200,8.5800,4023726,34374513.2200,8522
20240923,002554,2.2800,2.2800,2.2900,2.2400,2.2500,16357000,36927493.0000,4165
20240923,002555,13.6200,13.6100,13.6900,13.1400,13.1900,47993687,643372379.5300,51463
20240923,002556,4.5200,4.4500,4.5300,4.4500,4.5000,6187200,27820414.0000,7301
20240923,002557,27.2900,27.3300,27.9900,27.0600,27.3100,8536997,235099685.2100,25582
20240923,002558,9.4000,9.4000,9.4800,9.3000,9.3200,18448282,173096090.8000,22557
20240923,002559,6.9300,6.9100,7.0200,6.8900,6.9900,7584500,52820526.0000,11485
20240923,002560,5.1400,5.1000,5.1600,5.1000,5.1400,2448600,12575627.0000,5258
20240923,002561,7.3000,7.2500,7.3000,7.2000,7.2500,5747273,41699236.7100,4767
20240923,002562,3.2500,3.2400,3.2800,3.2300,3.2600,9620100,31277431.0000,8138
20240923,002563,4.6500,4.6500,4.7000,4.6100,4.6300,17014700,79063112.0000,17619
20240923,002564,2.8700,2.8600,2.8700,2.8400,2.8500,4929900,14064238.0000,973
20240923,002565,2.4900,2.4900,2.5200,2.4700,2.5000,14859050,37150179.0000,7756
20240923,002566,5.9800,5.9900,6.0800,5.9800,6.0500,2985700,18014842.0000,4480
20240923,002567,4.5900,4.5600,4.6300,4.5400,4.5700,21966457,100503488.4900,14777
20240923,002568,17.1400,17.0200,17.2900,16.6200,16.6800,5724480,97025733.8000,11287
20240923,002569,6.3900,6.3900,6.5600,6.3400,6.4400,689000,4430278.0000,437
20240923,002570,2.5400,2.5400,2.5700,2.5100,2.5200,21261089,53749752.4300,13105
20240923,002571,4.0100,4.0200,4.0300,3.9600,4.0200,4330100,17322096.0000,6511
20240923,002572,13.2200,13.2200,13.5800,13.1200,13.3600,8178010,109737766.9600,17672
20240923,002573,3.3000,3.2900,3.3200,3.2700,3.3100,2327200,7685188.0000,3441
20240923,002574,3.9800,4.0100,4.0100,3.9600,3.9800,2638300,10527032.0000,4639
20240923,002575,4.5700,4.5600,4.5700,4.4900,4.5600,3981400,18034095.0000,6023
20240923,002576,11.2800,11.3000,11.4000,11.1800,11.2900,1650900,18666790.0000,4407
20240923,002577,12.4500,12.4800,12.6600,12.3800,12.4100,5919600,74036649.0000,15372
20240923,002578,2.4900,2.4800,2.5000,2.4700,2.4800,5571610,13853942.9000,4309
20240923,002579,6.6000,6.6500,6.7600,6.5600,6.6800,13657460,91287379.2000,18190
20240923,002580,6.4500,6.3800,6.5400,6.3600,6.5100,8685736,56261497.7700,8749
20240923,002581,8.1500,8.2500,8.3400,8.1200,8.2100,2191900,18053009.0000,4233
20240923,002582,4.6200,4.6100,4.6400,4.5600,4.6000,3341100,15328878.0000,5874
20240923,002583,4.3300,4.7600,4.7600,4.7600,4.7600,15024086,71514649.3600,3604
20240923,002584,6.2500,6.2000,6.2700,6.1200,6.1800,18432427,114239920.5900,16905
20240923,002585,4.2800,4.2800,4.3900,4.2200,4.2900,8598600,36970084.0000,16511
20240923,002586,1.7400,1.7600,1.7700,1.7000,1.7300,4266300,7341849.0000,433
20240923,002587,5.2800,5.3000,5.4500,5.2500,5.3700,12151000,65367426.0000,7227
20240923,002588,6.6200,6.6300,6.7400,6.6000,6.6100,6652900,44244142.0000,14014
20240923,002589,2.3500,2.3500,2.3900,2.3000,2.3100,25395191,59229458.2100,10042
20240923,002590,12.2800,12.1100,12.4900,11.9300,12.3800,32973100,404393692.0000,52463
20240923,002591,4.1800,4.1800,4.2700,4.1400,4.2300,9662000,40732929.0000,8605
20240923,002592,4.0400,4.0300,4.0600,4.0100,4.0100,1123400,4531278.0000,437
20240923,002593,2.6200,2.6200,2.6400,2.5900,2.6300,5503129,14411395.6900,5472
20240923,002594,256.1000,255.9500,256.9600,248.7900,250.0000,10758273,2712153559.7900,55370
20240923,002595,42.1300,41.9500,42.6500,41.8000,42.1000,1905485,80232111.2500,9521
20240923,002596,1.7800,1.7500,1.7700,1.7000,1.7700,38461810,66880209.4200,11964
20240923,002597,21.7900,21.6800,22.6800,21.5700,22.5300,8469271,189472564.1200,23387
20240923,002598,7.0400,7.0000,7.0700,6.9600,7.0500,1783100,12548507.0000,4154
20240923,002599,4.7200,4.7000,4.8000,4.6700,4.7600,6759480,32105920.0000,7824
20240923,002600,6.3200,6.2100,6.3600,6.0900,6.1200,185170093,1145066181.5500,117792
20240923,002601,16.6400,16.5800,17.2000,16.5700,17.0800,19644923,334392032.1700,30755
20240923,002602,3.2200,3.2200,3.2700,3.1900,3.2200,60230800,194825694.0000,24195
20240923,002603,14.6600,14.6400,14.8600,14.5600,14.6000,6243318,91628841.7200,11414
20240923,002605,19.3400,19.1700,19.6000,18.9100,19.3300,8073140,155497933.3100,17348
20240923,002606,8.7800,8.7000,8.8300,8.4900,8.5400,15090700,130040378.0000,27172
20240923,002607,2.0400,2.0200,2.2400,2.0200,2.1400,831349427,1805417202.5800,168909
20240923,002608,6.6400,6.6300,6.8300,6.6200,6.7800,10419513,70390652.1400,13299
20240923,002609,6.8400,6.8200,7.0000,6.8000,6.9400,7060400,48844539.0000,14697
20240923,002611,5.1600,5.1200,5.2300,5.1200,5.2000,17799880,92411039.0000,28449
20240923,002612,12.8400,12.8100,12.9200,12.6100,12.7000,2935209,37333673.7400,6764
20240923,002613,3.3300,3.3200,3.3600,3.3000,3.3400,6171180,20611724.4000,6671
20240923,002614,5.4400,5.4100,5.4700,5.3900,5.4400,2096593,11386189.0600,4747
20240923,002615,6.8200,6.7900,6.9000,6.7000,6.7900,6590575,44756959.7500,10833
20240923,002616,3.8200,3.8100,3.8300,3.7700,3.8000,2965700,11280364.0000,3596
20240923,002617,5.0400,5.0500,5.0800,4.9800,5.0000,17068782,85728909.9000,17110
20240923,002620,2.5500,2.5700,2.6000,2.5300,2.5900,5513200,14229612.0000,5364
20240923,002622,1.5500,1.5900,1.6600,1.5500,1.6500,65143210,104532107.6000,25161
20240923,002623,14.0800,14.0700,14.1200,13.8900,13.9100,1104200,15417684.0000,2441
20240923,002624,7.7200,7.8000,8.2200,7.7700,8.0300,63170077,508619877.1200,58698
20240923,002625,19.0700,19.1600,19.3500,19.0000,19.1000,18977296,363813424.6000,32040
20240923,002626,12.9300,13.0000,13.1100,12.8600,12.9000,1876300,24322111.5000,4560
20240923,002627,4.5200,4.5000,4.5300,4.4800,4.5200,1764543,7963875.3600,3665
20240923,002628,2.1500,2.1500,2.1600,2.1300,2.1400,5360700,11494688.0000,1716
20240923,002629,1.7800,1.7800,1.8100,1.7600,1.8000,10567150,18861894.5000,4497
20240923,002630,2.4400,2.4300,2.5000,2.4300,2.4600,13964560,34417249.0000,6082
20240923,002631,3.8300,3.8200,3.9600,3.7600,3.8500,7583800,29383288.0000,7127
20240923,002632,6.8400,6.8400,6.9000,6.7600,6.7700,11669700,79521907.0000,11672
20240923,002633,7.2700,7.3900,7.3900,7.0800,7.2400,3892400,27902069.0000,4129
20240923,002634,2.7600,2.7900,2.8100,2.7300,2.7600,4207000,11594570.0000,5720
20240923,002635,13.4400,12.9900,13.1600,12.8200,12.9600,19251274,249856767.0500,37997
20240923,002636,6.7100,6.6500,6.8100,6.6300,6.7300,4261900,28720166.0000,11248
20240923,002637,7.8600,7.8600,8.3400,7.7900,8.1800,3180159,25490132.2800,3060
20240923,002638,1.7800,1.7800,1.8300,1.7600,1.8300,9471302,17107975.6400,4263
20240923,002639,5.1100,5.1000,5.1500,5.0700,5.1200,4388900,22485376.0000,4764
20240923,002640,1.7300,1.7300,1.8800,1.6600,1.8300,229173726,405805900.0400,53328
20240923,002641,3.8600,3.8700,3.8800,3.8200,3.8400,5240833,20159224.7200,7390
20240923,002642,5.9600,5.9800,6.1100,5.9000,6.0500,30740182,184847966.9000,29773
20240923,002643,7.8900,7.9100,8.0300,7.8700,7.9600,6455200,51428262.0000,12730
20240923,002644,6.3700,6.3900,7.0100,6.3500,7.0100,8465241,58216543.4100,6008
20240923,002645,6.1300,6.1000,6.3300,6.0800,6.2400,7368600,45858465.0000,14495
20240923,002646,8.4700,8.4500,8.6000,8.4200,8.5100,3344059,28483404.3500,6394
20240923,002647,4.4800,4.4600,4.6400,4.3800,4.4600,33595965,151589635.5000,15855
20240923,002648,14.9200,14.8700,15.1600,14.8300,14.9300,10614772,159598340.9300,18713
20240923,002649,8.7900,8.8700,9.1800,8.8000,8.9800,44616829,401884988.9800,54321
20240923,002650,2.2300,2.2400,2.2900,2.1200,2.1300,8346400,18341765.0000,1676
20240923,002651,4.8200,4.8200,4.8800,4.7800,4.8500,4726417,22885810.9400,8479
20240923,002652,2.6300,2.6600,2.8400,2.6300,2.7200,18715500,51110690.8000,8639
20240923,002653,32.6600,32.6000,32.9600,31.5300,31.7300,5289100,169033442.0000,21617
20240923,002654,9.0700,9.0600,9.1700,8.9700,9.0700,14493472,131502151.3200,14769
20240923,002655,9.3900,9.4600,9.6300,9.3200,9.5600,5887200,56109818.0000,8775
20240923,002656,1.1200,1.0600,1.0600,1.0600,1.0600,1127900,1195574.0000,130
20240923,002657,11.4700,11.5500,11.5500,11.3600,11.4200,6433000,73656639.0000,11726
20240923,002658,5.4600,5.4700,5.4900,5.4000,5.4700,2077787,11342813.7800,3689
20240923,002659,3.8800,4.2600,4.2700,3.8800,3.9200,54070419,216671049.5700,46077
20240923,002660,7.3200,7.2800,7.3700,7.2100,7.3000,7645000,55912865.0000,14411
20240923,002661,8.1300,8.1300,8.1700,8.0500,8.1000,2146489,17393241.0100,6070
20240923,002662,2.6400,2.6300,2.6800,2.6000,2.6700,10591075,28124936.5000,7575
20240923,002663,1.3500,1.3500,1.3700,1.3400,1.3700,6711232,9119185.1300,1829
20240923,002664,11.3800,11.3700,11.4700,11.3100,11.4200,1155480,13178996.0000,3165
20240923,002666,3.5200,3.5600,3.5900,3.5000,3.5800,5761902,20509900.1600,9910
20240923,002667,6.3000,6.2500,6.2600,5.9600,6.1300,17023282,104107886.8600,13774
20240923,002668,9.7700,9.7800,10.0000,9.5800,9.6100,24874302,242717497.8700,25274
20240923,002669,7.8200,7.7900,7.8800,7.7200,7.8200,2911700,22729012.0000,5659
20240923,002670,8.9700,8.9400,9.0000,8.9000,8.9600,18542800,165930640.0000,14025
20240923,002671,3.5200,3.5400,3.5500,3.4900,3.5300,3664400,12914333.0000,5930
20240923,002672,3.4400,3.4600,3.4600,3.3600,3.4100,2932100,9977907.0000,4043
20240923,002673,6.4200,6.4200,6.4500,6.3800,6.4000,17557930,112520958.2000,16463
20240923,002674,7.8700,7.8500,7.9400,7.8300,7.9300,903000,7140710.0000,1689
20240923,002675,11.6900,11.6800,11.9000,11.6300,11.6800,2375180,27872021.4000,4731
20240923,002676,3.9800,4.0100,4.0200,3.9600,3.9800,5017700,19992046.0000,6264
20240923,002677,6.4900,6.4900,6.5700,6.4500,6.4900,1464880,9537941.9400,3104
20240923,002678,3.4700,3.4500,3.6800,3.4000,3.5900,7984211,28341941.2700,8424
20240923,002679,6.8000,6.7500,6.9300,6.7500,6.8700,1991500,13683097.0000,4016
20240923,002681,3.9500,3.9300,3.9500,3.8300,3.8500,86622589,335837958.6800,34575
20240923,002682,3.5100,3.5200,3.5700,3.4700,3.5600,13581550,48026103.0000,10773
20240923,002683,20.6100,20.7100,20.7100,20.3000,20.3500,3487550,71276581.0000,11872
20240923,002685,3.1600,3.1200,3.1900,3.1100,3.1400,34153562,107531175.9200,24474
20240923,002686,4.7600,4.7600,5.2400,4.7600,5.2400,38383919,195632507.7200,22162
20240923,002687,3.7600,3.7500,3.8200,3.7300,3.8000,2787653,10581524.6300,2088
20240923,002688,3.5100,3.5000,3.5400,3.4900,3.5000,3155600,11092156.0000,6552
20240923,002689,2.7400,2.7200,2.7900,2.6500,2.7400,39991458,109002840.0200,12628
20240923,002690,12.2500,12.2500,12.3700,12.1300,12.3200,3538583,43502493.7500,7026
20240923,002691,4.9500,4.9000,5.0100,4.8400,4.9200,6098763,30010214.8500,3991
20240923,002692,3.5900,3.5700,3.6100,3.5300,3.5900,15368677,54808379.0300,15113
20240923,002693,9.2300,10.1500,10.1500,10.1500,10.1500,4526400,45942960.0000,1405
20240923,002694,3.2800,3.2500,3.2800,3.1700,3.1700,2903500,9340888.0000,3363
20240923,002695,6.2900,6.3000,6.3200,6.2100,6.2500,2222620,13900955.8000,5246
20240923,002696,3.8700,3.8900,3.9600,3.8600,3.9200,3354620,13144378.2000,4912
20240923,002697,4.3000,4.3000,4.3300,4.2800,4.3100,6515963,28040383.9000,8807
20240923,002698,11.8400,11.7900,11.9200,11.7100,11.8700,7268025,85847994.7000,11725
20240923,002700,9.4900,9.4900,9.4900,9.0300,9.1100,3153600,28781904.0000,867
20240923,002701,4.2400,4.2200,4.2400,4.1500,4.1600,13123360,54946202.0000,11637
20240923,002702,3.1700,3.1700,3.2000,3.1300,3.1400,7148735,22608645.9500,6011
20240923,002703,10.4100,10.3800,10.5700,10.3700,10.5200,9093300,95327397.0000,9402
20240923,002705,13.3900,13.4900,13.6000,13.2500,13.3100,4928060,65882385.6000,14322
20240923,002706,5.9600,5.9500,6.0100,5.9200,5.9800,9581337,57222559.7100,11980
20240923,002707,6.1400,6.1100,6.1900,6.0600,6.0700,11970800,73224563.0000,14966
20240923,002708,7.1400,6.7900,6.9400,6.5000,6.8300,23108600,157101235.0000,21907
20240923,002709,12.9600,12.9500,13.3000,12.8600,13.0800,22346447,293320451.5700,29472
20240923,002712,3.6100,3.6300,3.6600,3.5800,3.6300,11948480,43350150.2000,12209
20240923,002713,2.4300,2.4500,2.4800,2.3700,2.4200,18754813,45306485.6600,11905
20240923,002714,35.9300,35.4000,36.2900,35.1500,35.6300,17898688,641402519.7300,47532
20240923,002715,9.5000,9.5300,10.4500,9.3600,10.4500,6090550,61275395.5000,7818
20240923,002716,2.9200,2.8900,2.9800,2.8900,2.9300,35272320,103589447.6000,15297
20240923,002717,1.6700,1.6000,1.8400,1.5700,1.8400,399335801,697721223.8000,79933
20240923,002718,8.9800,8.9800,9.1100,8.8600,9.0500,757900,6844171.0000,1624
20240923,002719,5.7200,5.7300,5.8200,5.6800,5.7900,3723013,21518905.7200,4868
20240923,002721,2.5000,2.4900,2.5200,2.4200,2.4600,3026971,7446890.9500,542
20240923,002722,12.0400,13.0000,13.2400,12.4500,13.2400,24094571,313916443.1500,31838
20240923,002723,4.9400,4.9600,5.0000,4.8700,4.9500,5426300,26855082.0000,6822
20240923,002724,4.2000,4.2400,4.3400,4.1800,4.2800,4677860,19999089.6000,8915
20240923,002725,7.7800,7.7500,7.9400,7.7100,7.8700,3409000,26715387.0000,6233
20240923,002726,6.2900,6.2800,6.3200,6.2200,6.2500,6603200,41340119.0000,6900
20240923,002727,11.5100,11.4700,11.5700,11.2800,11.3300,6849800,77995329.0000,12494
20240923,002728,6.9900,6.9800,7.0800,6.9800,7.0400,3883094,27350540.0800,6270
20240923,002729,10.5200,10.5000,10.5800,10.3500,10.4500,5520994,57738416.0700,13237
20240923,002730,6.2600,6.2400,6.3300,6.1800,6.3200,2845100,17832812.0000,5679
20240923,002731,7.4400,7.4400,7.4700,7.3600,7.3900,2271655,16821771.1000,4260
20240923,002732,13.8900,13.8400,13.8700,13.6500,13.7100,663600,9111987.0000,1997
20240923,002733,10.5400,10.5700,10.6200,10.4500,10.5200,1507459,15892610.6800,4603
20240923,002734,6.7500,6.7500,6.7700,6.6600,6.7100,1880500,12608511.0000,6124
20240923,002735,7.9000,7.8500,8.0200,7.8200,7.9100,4837278,38355041.7200,9864
20240923,002736,8.9400,8.9500,9.1500,8.9000,9.0700,19134450,173330404.5000,24170
20240923,002737,18.5400,18.5500,18.7900,18.3300,18.3900,4043740,74949090.8900,10686
20240923,002738,28.3100,28.0700,28.5500,27.7500,28.2900,8553017,241658543.8200,16701
20240923,002739,9.1200,9.1200,9.2300,9.0800,9.1300,10230703,93628110.6400,9983
20240923,002741,11.2200,11.2900,11.3500,11.0700,11.1100,3186400,35655274.0000,7758
20240923,002742,2.4100,2.4500,2.5300,2.4500,2.5300,1431900,3602512.0000,170
20240923,002743,3.6100,3.6300,3.6600,3.6000,3.6300,3105100,11267348.0000,3864
20240923,002745,6.9200,6.9100,7.0300,6.8700,6.9600,7420470,51657789.0900,12918
20240923,002746,5.2600,5.2600,5.2900,5.2200,5.2400,3039600,15950019.5000,4232
20240923,002747,12.0100,12.0300,12.0800,11.8700,11.8900,5174837,61716562.5600,10430
20240923,002748,5.7900,5.7900,5.8800,5.7900,5.8400,567600,3310094.0000,407
20240923,002749,12.0500,11.9700,12.1300,11.5600,11.5900,4788516,56440549.7700,11152
20240923,002750,2.0500,2.0300,2.0900,2.0200,2.0500,6884400,14199121.0000,1514
20240923,002752,4.3300,4.3200,4.3800,4.2900,4.3500,4215900,18284548.4000,7665
20240923,002753,5.3900,5.3900,5.4200,5.3200,5.3700,2186675,11752847.0000,5122
20240923,002755,10.2000,10.3100,10.4400,10.1600,10.2000,3387921,34790897.3500,12101
20240923,002756,30.6900,30.6900,30.9400,30.2600,30.5600,5444346,166978743.2000,13709
20240923,002757,11.4700,11.4800,11.5600,11.4200,11.4800,3459700,39716218.0000,7088
20240923,002758,7.2300,7.1800,7.2900,7.1700,7.2300,2175313,15725059.8600,3700
20240923,002759,5.6900,5.6400,5.7600,5.6300,5.6900,3416600,19448944.0000,6686
20240923,002760,12.9700,13.0000,13.0800,12.8400,12.8900,610800,7913569.0000,1869
20240923,002761,7.6400,7.6000,7.8100,7.5300,7.7100,21866845,167541042.6500,13822
20240923,002762,5.5400,5.4800,5.5400,5.4200,5.4300,10784700,59011183.0000,6913
20240923,002763,5.9000,5.8900,5.9300,5.8500,5.8700,1069600,6300898.0000,1960
20240923,002765,4.7900,4.8000,4.8300,4.7300,4.7700,4760200,22745031.0000,8952
20240923,002766,4.1100,4.1000,4.5200,4.1000,4.5200,45102062,196948557.2400,29883
20240923,002767,11.2400,11.1400,11.3300,11.1100,11.2300,2073200,23328311.0000,2315
20240923,002768,17.8100,17.9200,17.9700,17.7300,17.9100,680500,12160234.0000,2370
20240923,002769,5.1000,5.0600,5.1500,5.0400,5.1000,4055200,20641560.0000,6837
20240923,002771,17.4700,17.3000,17.9500,17.0100,17.6800,19489410,342912817.2000,30971
20240923,002772,6.0200,6.0300,6.0400,5.9800,5.9900,2441700,14659099.0000,5078
20240923,002773,16.7800,16.7800,17.0500,16.6900,16.7400,3114635,52399161.2000,11211
20240923,002774,5.4400,5.3900,5.4800,5.3900,5.4300,1454200,7912796.0000,3821
20240923,002775,2.4600,2.4400,2.5900,2.3700,2.5200,16591756,41654185.3600,8445
20240923,002777,13.4200,13.5000,13.9200,13.3000,13.7500,23227368,317388889.0300,42872
20240923,002778,9.5400,9.5400,9.6000,9.4200,9.5100,1361500,12929109.2000,2153
20240923,002779,29.0200,28.7200,29.5600,28.5100,29.4900,616600,17971122.0000,2380
20240923,002780,8.8300,8.8200,8.9300,8.7600,8.8900,2211300,19588331.0000,3716
20240923,002782,9.9800,10.0000,10.1900,9.9300,10.1300,3589964,36319447.0400,9121
20240923,002783,7.1100,7.0900,7.1500,7.0800,7.1300,1952600,13912192.8600,2331
20240923,002785,24.5200,24.4400,24.9400,24.4300,24.7200,1433005,35339708.6000,2142
20240923,002786,9.6400,9.3700,10.6000,9.2800,10.0500,131406474,1303288768.6600,138831
20240923,002787,6.4700,6.4700,6.5300,6.3600,6.3800,2643200,16950273.0000,6587
20240923,002788,7.1300,7.1300,7.1800,7.0700,7.1400,2475700,17640400.0000,6087
20240923,002789,8.6100,8.5500,8.6400,8.4900,8.5700,890800,7629539.0000,2402
20240923,002790,6.4100,6.3900,6.5200,6.3300,6.4500,2186720,14096939.8000,5649
20240923,002791,21.9000,21.6100,22.5000,21.5000,22.0100,2963100,65319778.0000,10940
20240923,002792,10.9000,10.9000,11.0500,10.7700,10.8400,16707579,182079433.5000,19183
20240923,002793,3.4700,3.4800,3.5300,3.4500,3.5000,7377930,25725618.7000,8994
20240923,002795,3.3500,3.3400,3.4100,3.3200,3.3900,6627988,22372439.0400,6596
20240923,002796,8.7700,8.7900,8.9900,8.7300,8.7500,9152700,80804812.0000,14008
20240923,002797,5.2600,5.2600,5.2900,5.2300,5.2400,31343283,164617400.0900,24388
20240923,002798,3.1700,3.1400,3.2100,3.1300,3.1500,2941945,9289741.3000,5126
20240923,002799,7.0800,7.0300,7.1100,6.8000,6.8200,11605220,80097557.3200,8780
20240923,002800,9.3200,9.2700,10.0500,9.2200,9.7300,7826060,75589120.0400,6027
20240923,002801,18.2800,18.2800,18.5000,17.9100,18.0100,1307895,23606932.1500,5271
20240923,002802,8.1900,8.1500,8.2100,8.0100,8.0900,1916580,15544799.5000,4737
20240923,002803,10.9600,11.3600,11.7300,10.8200,11.1700,35857800,403038050.1500,44823
20240923,002805,9.8900,9.8200,10.2100,9.7800,10.0000,8712780,87238405.4000,12615
20240923,002806,8.6000,8.5500,8.8300,8.5500,8.7600,7470400,65297885.0000,7367
20240923,002807,3.4500,3.4400,3.5100,3.4400,3.5000,23366780,81385900.8000,11308
20240923,002808,1.9800,1.9700,2.0400,1.9400,1.9600,10634200,21072893.0000,2384
20240923,002809,6.6100,6.6200,6.6900,6.5600,6.6500,1120370,7404211.4000,1791
20240923,002810,11.0800,11.0400,11.2200,10.9500,11.0900,2510460,27808924.4000,4433
20240923,002811,6.7200,6.7000,7.1000,6.6200,6.8200,5137050,35164436.0000,9113
20240923,002812,24.6000,24.5800,24.9400,24.4200,24.4700,9055809,222978993.9100,21899
20240923,002813,21.6600,21.6500,22.8500,21.4300,22.3700,2143700,47552785.0000,6264
20240923,002815,7.5300,7.5000,7.7100,7.4900,7.6100,7995499,61051157.3700,12851
20240923,002816,10.8600,10.7800,11.4500,10.5900,11.1800,7932900,87858545.0000,8638
20240923,002817,5.1900,5.1900,5.2300,5.1600,5.1900,1177705,6117801.1000,2948
20240923,002818,11.6100,11.6000,11.6000,11.3900,11.4600,1300179,14915161.9500,3896
20240923,002819,24.8900,24.8900,25.3900,24.6500,24.8900,11799700,294341582.0000,23841
20240923,002820,7.1000,7.1000,7.1300,7.0300,7.0400,1533060,10841864.8000,2848
20240923,002821,63.7500,65.8000,66.5000,63.2400,63.3100,5246376,340075922.6400,18723
20240923,002822,2.0400,2.0000,2.0800,1.9600,2.0400,11352161,22972706.4400,2065
20240923,002823,11.9800,11.8300,12.1700,11.5600,11.9500,17493702,208338733.1200,25707
20240923,002824,12.3200,12.2100,12.4200,12.1800,12.2400,1958593,24064331.0900,3154
20240923,002825,6.2300,6.2300,6.2700,6.1500,6.1700,2046734,12678840.6200,5476
20240923,002826,7.6600,7.6200,7.8000,7.6200,7.7300,1888400,14607692.0000,4595
20240923,002827,25.6800,25.3400,25.7500,25.2000,25.4600,7108450,180885512.0000,15079
20240923,002828,7.3100,7.3300,7.3700,7.2600,7.3500,2519400,18476000.0000,2280
20240923,002829,16.0200,15.8600,16.4200,15.7300,16.3200,15923760,256687501.0500,36257
20240923,002830,9.4500,9.4500,9.5500,9.3400,9.4200,518800,4896358.0000,1412
20240923,002831,20.5800,20.5700,21.1600,20.4600,20.4700,3135685,65166912.1900,11655
20240923,002832,16.8000,16.7700,17.1800,16.7600,16.8300,3514833,59638112.0400,8974
20240923,002833,14.2200,14.2200,14.4200,14.1200,14.2000,1607176,22858976.9200,4564
20240923,002835,13.2900,13.2500,13.6700,13.1800,13.4400,3162624,42586158.5600,10414
20240923,002836,6.0100,6.0100,6.1300,5.9100,6.0400,2143500,12978365.0000,5151
20240923,002837,20.9300,20.9300,21.2900,20.6800,20.8000,6322021,132302494.4600,15967
20240923,002838,8.6600,8.6600,8.7200,8.5100,8.5500,1670500,14360975.0000,4475
20240923,002839,3.6600,3.6500,3.7100,3.6400,3.7000,13166558,48579533.6400,8061
20240923,002840,9.9800,9.9700,10.1200,9.8600,9.8900,5270413,52415112.5900,13800
20240923,002841,31.3900,31.3500,31.4900,29.8000,30.1900,5740526,174049651.9700,21648
20240923,002842,5.1300,5.1900,5.1900,5.0800,5.1800,2811800,14519563.1500,6200
20240923,002843,11.4600,11.4600,12.6100,11.2100,12.2000,15792153,189980426.9100,17877
20240923,002845,10.9900,11.0300,11.7200,10.9200,11.3700,14903729,169901157.7600,17388
20240923,002846,6.2200,6.2100,6.2600,6.1400,6.2400,1973920,12302594.0000,2738
20240923,002847,42.1400,42.1500,43.2400,42.1500,42.4600,1723109,73475387.9400,8475
20240923,002848,7.1100,7.1000,7.3000,6.9300,7.1300,18904539,134148962.2200,14694
20240923,002849,10.1900,10.2500,10.3500,10.0600,10.1800,1520705,15494217.2500,4556
20240923,002850,74.3400,73.8300,74.7400,73.0000,73.9500,1458236,107982921.3400,8186
20240923,002851,22.2500,22.2200,22.6500,22.0000,22.4100,3670831,82297617.0000,11672
20240923,002852,6.4200,6.4000,6.4400,6.3500,6.3800,2760264,17621126.4200,5327
20240923,002853,6.9500,6.9500,7.0300,6.8700,6.9700,1601400,11155461.0000,3643
20240923,002855,17.1400,17.3800,18.8500,17.2200,18.8500,11712874,217284572.1200,11667
20240923,002856,7.1700,7.0600,7.6000,6.9800,7.3000,13855342,100724311.5300,14289
20240923,002857,9.9100,9.9000,10.1400,9.8000,10.0800,2319900,23289365.0000,3967
20240923,002858,9.5600,9.5900,9.6700,9.4500,9.5000,1725400,16465344.0000,5109
20240923,002859,15.6900,15.7200,16.2000,15.6600,15.8700,2805990,44784195.7000,9425
20240923,002860,7.1100,7.1000,7.1300,7.0100,7.0800,2112506,14949732.3600,4799
20240923,002861,11.2400,11.2200,11.3000,10.7700,11.1500,11930680,131868625.1600,13575
20240923,002862,14.1200,14.0500,14.6100,14.0200,14.5200,3355075,48252827.2200,6725
20240923,002863,3.6400,3.6500,3.6800,3.6100,3.6600,5191575,18975754.0000,8620
20240923,002864,22.7900,22.8100,23.1100,22.7500,22.8200,883840,20245410.4800,1826
20240923,002865,35.3500,35.1800,35.4800,34.8000,34.8800,4704599,164678422.6000,17051
20240923,002866,12.9800,13.0400,14.2700,12.7500,13.8800,28315734,384358960.6200,40403
20240923,002867,10.5700,10.5600,10.7200,10.4800,10.5000,5569925,58899835.2500,11248
20240923,002868,11.3400,11.3800,12.4700,11.2100,12.4700,1751150,20984748.0000,3272
20240923,002869,22.1800,22.1000,23.3600,22.1000,22.8000,13965600,318527460.3400,34852
20240923,002870,29.2800,29.3300,29.3800,28.9300,29.2200,679269,19822890.6600,2355
20240923,002871,8.0400,7.9600,8.1800,7.8600,8.1800,6912070,55522810.6400,6139
20240923,002872,3.6200,3.6200,3.6300,3.6000,3.6300,945100,3422697.0000,226
20240923,002873,7.8600,7.8600,7.9700,7.7800,7.8600,4084200,32107662.8000,6311
20240923,002875,12.0600,12.2100,13.2700,12.0800,13.0600,15148018,192603980.6300,17804
20240923,002876,18.4000,18.4000,18.7800,18.2000,18.6100,2020118,37579862.5500,5356
20240923,002877,6.5200,6.5300,6.5900,6.4600,6.5300,4229300,27613794.0000,8747
20240923,002878,9.8700,9.8400,10.2900,9.7300,10.1300,8738156,87514057.3500,12695
20240923,002879,11.6800,11.6100,11.8900,11.5900,11.7100,806831,9464223.3900,2814
20240923,002880,23.6600,23.6600,23.8800,23.5400,23.6000,442283,10480556.8600,1810
20240923,002881,20.3800,20.2200,20.6000,20.2100,20.3300,3347462,68386500.6600,8142
20240923,002882,13.3600,13.3600,13.5200,13.2700,13.3900,2732798,36718425.2200,4331
20240923,002883,8.4900,8.4500,8.5000,8.4000,8.5000,2124500,17974404.0000,3741
20240923,002884,19.0100,19.0000,19.0000,18.6500,18.7100,1538360,28905819.5200,6661
20240923,002885,11.3300,11.3000,11.4800,11.1300,11.2300,11559380,130020379.1200,22877
20240923,002886,12.5100,12.4700,12.6000,12.3900,12.4700,2047200,25589747.0000,4257
20240923,002887,5.5600,5.5200,5.5700,5.5000,5.5400,1272100,7049688.0000,1951
20240923,002888,13.7300,13.7200,13.9700,13.3800,13.7300,5014900,68671625.7000,8636
20240923,002889,16.3500,16.0900,16.8800,16.0300,16.6700,15217945,251946613.5300,22340
20240923,002890,8.2000,8.2000,8.2700,8.1000,8.2300,519742,4255405.6200,1240
20240923,002891,20.3900,20.3300,20.6500,20.0000,20.1300,2037550,41300004.0000,8930
20240923,002892,9.2900,9.2200,9.5800,9.1000,9.1200,43680749,405724948.1600,39424
20240923,002893,8.6300,8.5700,8.6700,8.5600,8.6600,3373740,29102614.6000,3401
20240923,002895,17.2800,17.2900,17.6000,17.0800,17.1900,4518130,78038886.8800,18190
20240923,002896,25.2100,25.1200,25.3300,24.7400,24.9400,2406376,60092454.0400,7593
20240923,002897,32.2500,32.3500,33.1100,32.0800,32.7700,4021066,131598388.5600,8315
20240923,002898,9.1500,9.2800,9.5400,9.1200,9.1700,4953791,45808768.6500,9708
20240923,002899,13.8200,13.6700,14.0000,13.3400,13.7800,3576186,49285176.3600,7516
20240923,002900,8.0300,8.0800,8.1600,8.0100,8.1000,1116850,9046365.0000,3574
20240923,002901,26.3200,26.5900,26.9000,26.0000,26.2000,1520724,40082653.6800,6665
20240923,002902,17.8600,17.5100,17.5800,16.9700,17.0500,16014003,275701431.5000,26689
20240923,002903,14.3400,14.2600,14.4800,14.2000,14.4300,2145650,30839217.9900,3539
20240923,002905,5.6400,5.6500,5.6900,5.5700,5.6500,2123080,11988261.2000,3945
20240923,002906,24.5600,24.3700,24.9000,24.3200,24.6200,4531227,111496598.9400,12467
20240923,002907,11.5500,11.6800,11.7700,11.5600,11.5800,1540900,17947547.0000,5341
20240923,002908,7.7700,7.8000,7.9000,7.6200,7.7300,20078277,155260077.8800,17137
20240923,002909,3.8900,3.9400,3.9400,3.8000,3.8900,4998888,19432236.3200,8634
20240923,002910,6.3400,6.3200,6.4800,6.2500,6.4800,2833700,18140857.0000,4900
20240923,002911,9.9800,9.9100,9.9800,9.8500,9.9300,2612195,25881513.3600,8640
20240923,002912,16.8800,17.1700,17.3400,16.9500,17.1700,4572406,78560664.3800,11051
20240923,002913,22.1800,22.2000,22.6200,22.0200,22.0300,1692000,37641423.0000,5498
20240923,002915,8.9100,8.9100,8.9600,8.8300,8.8500,3242600,28846643.0000,2985
20240923,002916,89.4600,89.5300,90.9500,87.7100,87.7900,6803511,603821739.4100,37030
20240923,002917,7.6000,7.6000,7.6500,7.5300,7.5800,1985800,15093507.0000,5981
20240923,002918,7.1600,7.1600,7.3800,7.1000,7.1900,5133056,37197497.8000,8999
20240923,002919,12.2900,12.2500,12.3400,12.0500,12.0600,6010038,72962421.2200,8528
20240923,002920,94.1900,93.6500,96.5700,93.1100,95.1000,4929781,468041179.3200,21734
20240923,002921,9.0200,9.0600,9.2100,8.9700,9.1100,1112230,10131218.7000,2970
20240923,002922,18.8000,18.6800,19.1500,18.6000,18.6500,9254500,173861852.0000,22350
20240923,002923,8.0900,8.0600,8.1200,7.9000,7.9100,1559520,12445557.3600,3303
20240923,002925,11.4800,11.4900,11.9000,11.4200,11.7200,5880863,68775476.4000,12446
20240923,002926,6.5800,6.5900,6.6300,6.5300,6.5400,9370000,61554253.0000,11218
20240923,002927,10.1700,10.1200,10.2700,10.0300,10.1900,1795200,18307233.0000,3575
20240923,002928,5.2700,5.2500,5.2900,5.1800,5.2000,7847850,40989409.5000,8554
20240923,002929,24.5700,24.4800,25.2500,24.3800,24.8100,4126438,102791481.6800,11587
20240923,002930,9.3200,9.2800,9.4000,9.2400,9.3300,1670332,15547992.0200,3933
20240923,002931,8.0900,8.0400,8.2100,7.9900,8.1700,3027084,24615956.7600,7557
20240923,002932,15.5000,15.5800,15.6500,15.4000,15.4600,835920,12939778.1600,2694
20240923,002933,24.9300,24.9100,24.9100,24.0500,24.1000,3680800,89756162.0000,6732
20240923,002935,13.1600,13.1700,13.2700,12.9000,12.9900,9769894,127837761.9200,13133
20240923,002936,1.6300,1.6300,1.6500,1.6200,1.6400,35683125,58410803.7600,6670
20240923,002937,16.0500,16.0500,16.3100,15.9100,16.1500,2338220,37593995.2000,7005
20240923,002938,32.1900,32.1900,33.0200,31.6100,31.6400,11041198,353849658.2600,34049
20240923,002939,6.8700,6.8600,6.8900,6.7900,6.8200,25272565,172757532.6500,14694
20240923,002940,12.5400,12.5400,12.8000,12.4000,12.4400,930300,11634569.0000,3649
20240923,002941,9.1900,9.1600,9.2400,9.0800,9.1500,6776700,62137484.0000,6582
20240923,002942,11.2800,11.2800,11.3400,11.1200,11.1700,770796,8642961.0400,2391
20240923,002943,18.7300,18.7500,18.7500,18.2100,18.4400,6626279,122031427.4900,13263
20240923,002945,9.7200,9.7200,9.7500,9.6300,9.6600,4284000,41526530.0000,9743
20240923,002946,9.5500,9.5000,9.5500,9.3400,9.3800,3875784,36568492.1300,11493
20240923,002947,29.1600,28.9500,30.2800,28.7500,29.4400,5309115,157575425.4600,15809
20240923,002948,3.0800,3.0800,3.1500,3.0700,3.1500,25422086,79236587.1200,14520
20240923,002949,9.2700,9.1800,9.7500,9.1400,9.6800,4072042,38902637.6000,7344
20240923,002950,7.1300,7.1500,7.1900,7.0400,7.0900,3901450,27640300.5000,9279
20240923,002951,5.3100,5.3200,5.3900,5.2400,5.3100,373000,1971317.0000,249
20240923,002952,20.4100,20.3000,20.4300,19.7300,20.1200,6084025,122216073.0000,18009
20240923,002953,7.3300,7.3300,7.3900,7.2800,7.3100,2172800,15903386.8000,6244
20240923,002955,20.6200,20.6300,20.9800,20.4400,20.7000,1233765,25600806.5000,4536
20240923,002956,10.6500,10.6900,10.8100,10.6400,10.6900,1360900,14572454.2000,4545
20240923,002957,11.3700,11.4000,11.5000,11.3000,11.4200,2150900,24552645.0000,3091
20240923,002958,2.3800,2.3700,2.4200,2.3600,2.4200,31230000,74955977.0000,9026
20240923,002959,36.5900,36.5900,37.0700,36.0300,36.7800,1145432,42080102.0600,4529
20240923,002960,8.9300,8.9300,8.9800,8.8300,8.9100,3713250,33089204.7200,8375
20240923,002961,11.2800,11.1300,11.1600,10.8700,10.9400,6779300,74398185.0000,12090
20240923,002962,12.6500,12.6500,12.8500,12.5600,12.7300,5555320,70817351.0000,8932
20240923,002963,9.6100,9.6800,9.6800,9.4800,9.6200,1267200,12152542.0000,3577
20240923,002965,23.3800,23.4300,23.5000,23.0400,23.1100,2108600,49008038.0000,3831
20240923,002966,6.8900,6.8800,7.0200,6.8600,6.9700,31402414,218440644.8400,29756
20240923,002967,12.4600,12.3600,12.6000,12.3600,12.5200,4602200,57494949.0000,7193
20240923,002968,8.9700,8.8900,9.1400,8.8700,9.0800,2917100,26383709.0000,7802
20240923,002969,2.6700,2.6700,2.7000,2.6600,2.6800,4335000,11615528.0000,3231
20240923,002970,32.7800,32.0100,33.2600,31.4000,32.0400,5322522,171333159.7400,17210
20240923,002971,14.3000,14.4000,14.6500,14.1500,14.4900,1266120,18280264.8000,3095
20240923,002972,9.3000,9.2200,9.4200,9.1700,9.1900,2099740,19406463.8000,4365
20240923,002973,7.7000,7.6700,7.7600,7.6000,7.6900,639800,4910035.0000,1548
20240923,002975,23.5000,23.3200,24.1500,23.0200,23.7400,1243600,29554070.0000,3978
20240923,002976,19.2200,19.2200,19.8700,19.0900,19.6300,905500,17683932.2000,3125
20240923,002977,23.7700,23.5800,24.3000,23.5800,24.0300,1046060,25170609.0000,2982
20240923,002978,24.1200,24.1800,24.4300,23.9300,24.1400,1050900,25428036.0000,3926
20240923,002979,18.6600,18.4900,18.7900,18.3200,18.4900,5077161,94010252.2600,13564
20240923,002980,22.9600,21.6000,22.1900,21.5100,21.9800,5714082,124669954.3600,13457
20240923,002981,18.1600,18.1700,19.0600,17.9900,18.9700,5585001,104661566.9900,11640
20240923,002982,14.4000,14.4100,14.6000,14.2000,14.2900,1490980,21406876.0000,5184
20240923,002983,16.5500,16.4800,16.8000,16.0500,16.7700,4745442,78121026.8700,7297
20240923,002984,23.2400,23.2000,23.5000,22.9000,23.1300,5229830,121028254.9000,15632
20240923,002985,17.2000,17.1900,17.4800,17.1500,17.3800,1358801,23599098.7100,4670
20240923,002986,10.4800,10.5300,10.5300,10.2800,10.3000,1770311,18297148.9000,2595
20240923,002987,11.0000,11.0300,11.1000,10.8800,10.9400,12087946,132929304.9000,21205
20240923,002988,13.5500,13.6200,13.7300,13.4700,13.6200,1058300,14411122.0000,3936
20240923,002989,17.8700,17.5500,17.9000,17.1800,17.6200,4539881,79491551.2400,9285
20240923,002990,19.3900,20.4900,20.8000,19.7000,19.9700,14215029,286846235.2300,30429
20240923,002991,52.5100,53.1900,53.4600,51.6100,52.2300,1489914,78089611.3900,6435
20240923,002992,39.5300,39.5300,40.0000,38.1100,38.4400,1739884,67624667.7700,5858
20240923,002993,23.7100,23.7300,24.2500,23.4600,23.7500,2664375,63624684.8500,9265
20240923,002995,13.3400,13.2000,13.4600,13.1500,13.3200,1826900,24333440.2000,5837
20240923,002996,5.1600,5.1500,5.2500,5.1200,5.2400,3843220,20029840.2000,8271
20240923,002997,29.2500,29.3300,29.9500,28.9500,29.5700,5546136,163308654.8600,19414
20240923,002998,4.9900,4.9700,5.0500,4.9500,4.9700,3246100,16205589.0000,3907
20240923,002999,5.1100,5.0800,5.1400,5.0700,5.1000,2675780,13653121.6000,4428
20240923,003000,10.1900,10.2700,11.2000,10.2100,10.5000,9438810,100016724.8500,18680
20240923,003001,21.2200,20.7100,21.4400,20.5000,21.0300,1678441,35327507.6000,6253
20240923,003002,13.6100,13.6100,13.7300,13.0000,13.7000,4024360,54212586.4000,6689
20240923,003003,7.3300,7.3500,7.3900,7.2600,7.3800,1239600,9118160.0000,2464
20240923,003004,22.4700,22.6000,23.4200,22.0100,22.2800,5171670,115828948.5600,12367
20240923,003005,23.8000,23.2800,23.4500,22.8500,23.0500,8960900,207123179.0000,26416
20240923,003006,22.8400,22.8000,23.1500,22.6200,22.8800,1500123,34322497.7200,7942
20240923,003007,24.1900,24.3500,24.4500,23.8200,24.2000,2276576,55190576.6600,8288
20240923,003008,16.2100,16.1000,16.4700,15.9600,16.2800,1416760,23093485.8000,4804
20240923,003009,34.6000,34.7800,35.2600,34.5700,34.8600,959400,33560126.0000,4046
20240923,003010,11.6100,11.5400,11.7400,11.4500,11.6500,1997397,23207653.7700,5170
20240923,003011,11.9000,11.8100,12.0200,11.8000,11.9700,456540,5448613.6000,1223
20240923,003012,5.3000,5.2600,5.3700,5.2300,5.3200,3405300,18095199.0000,6155
20240923,003013,11.9600,11.9100,12.0500,11.8100,12.0100,956100,11426480.0000,2370
20240923,003015,11.0600,11.0500,11.4500,10.9100,11.3400,36094009,407086865.4300,51300
20240923,003016,6.2200,6.2300,6.2300,6.0900,6.1200,1544300,9473187.0000,2682
20240923,003017,15.3400,15.3500,15.4800,15.1600,15.3000,439180,6743629.8000,1703
20240923,003018,7.4400,7.4500,8.0900,7.3800,7.7400,5345515,41539961.6500,8235
20240923,003019,23.2000,23.1900,23.2900,22.5600,22.6800,2420970,55378967.5100,8620
20240923,003020,17.0500,17.0400,17.1300,16.6600,16.7500,688280,11600734.8000,2150
20240923,003021,34.8100,34.6900,35.2800,34.4300,34.6100,1514236,52599108.2800,5130
20240923,003022,12.6200,12.5900,12.6800,12.4600,12.5400,2276760,28562833.1000,8643
20240923,003023,15.2100,15.1700,15.3600,15.1600,15.2400,1051330,16015968.7000,3551
20240923,003025,12.1600,12.1400,12.1600,11.9600,11.9900,3085287,37154543.9200,9286
20240923,003026,29.4400,29.0600,29.3000,28.4200,28.4700,6888441,198532595.4900,17219
20240923,003027,11.7300,11.7000,11.7500,11.5300,11.7000,1232900,14391736.0000,3459
20240923,003028,28.7500,28.7300,28.9500,28.4000,28.5300,407100,11656571.0000,1616
20240923,003029,17.7900,17.8400,18.7600,17.7700,18.2900,10008500,181628265.0000,21371
20240923,003030,13.0200,13.0900,13.1400,12.8500,13.0900,423800,5530093.0000,814
20240923,003031,34.8800,34.7500,36.1800,34.5700,35.6200,2281541,80985176.2300,7915
20240923,003032,8.3700,8.3900,9.0200,8.3700,8.5600,30289200,262243496.0000,27544
20240923,003033,23.5700,23.4500,24.0200,23.3800,23.8100,1342600,31958314.0000,3696
20240923,003035,4.0100,4.0400,4.0400,3.9800,3.9900,6002600,24058272.0000,5671
20240923,003036,7.9300,7.8100,8.0200,7.7400,7.8100,6635448,52056268.5000,7143
20240923,003037,5.1200,5.1200,5.2000,5.0700,5.1500,3251600,16707120.0000,5782
20240923,003038,12.0500,11.9900,12.2300,11.9100,12.0400,2088549,25231836.2600,6634
20240923,003039,10.8300,10.7400,10.8900,10.7400,10.7900,1136262,12291039.9800,3252
20240923,003040,9.8400,9.9000,9.9800,9.7500,9.9100,3833600,37970448.0000,9188
20240923,003041,10.3400,10.3700,10.3900,10.2400,10.3600,293040,3029204.0000,591
20240923,003042,11.5200,11.5200,11.9000,11.5000,11.6000,2836286,32982023.2000,7661
20240923,003043,40.0400,39.3100,39.3900,38.1400,39.0600,2767501,107693701.4700,7871
20240923,003816,3.9600,3.9600,4.1100,3.9500,4.0700,165613912,670655986.6400,71175
20240923,300001,17.2600,17.2100,17.3800,17.0900,17.2200,6659029,114503354.1400,15696
20240923,300002,9.1300,9.1200,9.2000,8.9400,8.9700,33463737,303220405.7800,39260
20240923,300003,9.0800,9.0800,9.1800,9.0100,9.0600,14493800,131584440.6500,18923
20240923,300004,4.2100,4.2000,4.2100,4.1400,4.1900,5449200,22804066.0000,6276
20240923,300005,5.0100,5.0000,5.0800,4.9100,5.0000,13772593,68993952.1400,8808
20240923,300006,2.7600,2.7600,2.7600,2.6800,2.7100,22730122,61581177.8900,5833
20240923,300007,12.7000,12.5300,12.7500,12.4600,12.6500,6689557,84488177.9000,7577
20240923,300008,3.5300,3.5100,3.5600,3.5000,3.5300,16373850,57891839.5000,4681
20240923,300009,7.5900,7.6500,7.7300,7.5800,7.6100,8021147,61192659.4000,9269
20240923,300010,2.7100,2.7100,2.7900,2.6900,2.7000,38909979,106445335.3000,11975
20240923,300011,6.2600,6.2000,6.2000,6.0200,6.1200,21301600,129794316.0000,10009
20240923,300012,10.5300,10.5500,10.6200,10.3800,10.4200,10175759,106626309.9100,16459
20240923,300013,2.2000,2.2000,2.3700,2.1800,2.3500,12390200,28050667.0000,1908
20240923,300014,31.6500,31.5700,31.9500,31.3000,31.3300,12879538,406106390.4200,31398
20240923,300015,9.7400,9.7200,9.8300,9.6100,9.6400,42135399,408208337.8400,35482
20240923,300016,4.8400,4.8400,4.9300,4.8300,4.8500,7792932,37919420.8800,11459
20240923,300017,6.7500,6.7600,6.8600,6.7200,6.7700,26791425,182023865.7300,29365
20240923,300018,4.8900,4.8900,4.9000,4.8100,4.8300,4638200,22490733.0000,8570
20240923,300019,10.8500,10.8400,11.0100,10.8100,10.8900,1876700,20505106.0400,2951
20240923,300020,1.7700,1.7600,1.7900,1.7300,1.7400,28169260,49480733.2000,3430
20240923,300021,3.0900,3.0900,3.1100,3.0600,3.0900,6371500,19650110.8000,6049
20240923,300022,3.7100,3.7100,3.8000,3.6400,3.7300,10991000,40738805.0000,4361
20240923,300024,9.2700,9.2700,9.3400,9.2200,9.2400,7804405,72346426.2500,9751
20240923,300025,8.2900,8.2500,8.4300,8.1700,8.3600,3714200,31031165.0000,5836
20240923,300026,3.1200,3.1300,3.1600,3.1200,3.1500,18496400,58110142.0000,11429
20240923,300027,1.9500,1.9500,1.9800,1.9300,1.9700,73333834,143605537.6400,19344
20240923,300029,3.7900,3.7500,3.8400,3.7500,3.8100,1368300,5179987.0000,533
20240923,300030,5.4200,5.2600,5.2600,4.9200,5.0400,52082169,262452992.8800,26442
20240923,300031,14.4500,14.3200,14.5300,14.3000,14.3000,6348500,91484233.0000,11247
20240923,300032,3.3100,3.3200,3.3700,3.2600,3.3300,15395500,51193455.0000,9686
20240923,300033,103.0500,102.9600,103.8100,102.2000,102.5800,4323601,445549096.6200,17340
20240923,300034,12.9300,12.9000,13.0200,12.8700,12.9000,5117293,66290170.7000,8868
20240923,300035,7.9400,7.9100,8.0300,7.8500,7.9200,5067200,40221482.0000,10745
20240923,300036,13.3500,13.3800,13.6700,13.2000,13.4900,10553500,142193709.0000,13542
20240923,300037,29.3400,29.3400,30.0600,29.1300,29.6200,3699987,109957388.5900,13397
20240923,300039,5.0400,5.0600,5.1100,5.0300,5.0800,6548066,33259657.9800,8058
20240923,300040,5.1000,5.1400,5.1500,5.0600,5.0800,10354381,52819839.9100,12832
20240923,300041,7.0800,7.0700,7.1300,7.0500,7.0700,3103560,22011424.2000,2082
20240923,300042,15.5900,15.5500,15.8400,15.4300,15.6400,2544903,39894111.9800,7217
20240923,300043,2.4400,2.4300,2.4500,2.4100,2.4200,18793312,45548835.0400,6387
20240923,300044,3.9400,3.9200,3.9900,3.9000,3.9400,14290880,56441564.6000,7407
20240923,300045,15.9000,15.8100,16.4800,15.8100,16.1800,21840940,354703057.8000,33866
20240923,300046,15.3000,15.0800,15.4200,14.9700,15.0900,12506400,189651298.0000,18889
20240923,300047,8.7100,8.9400,9.3600,8.4800,8.5400,131934550,1179401776.1400,92747
20240923,300048,4.3300,4.3100,4.3400,4.2700,4.3200,4045380,17394698.8000,7614
20240923,300049,36.2000,36.2000,36.5900,34.7300,34.9300,4047199,142522258.3200,14783
20240923,300050,4.1300,4.1400,4.3800,4.0100,4.2100,98984150,413456660.5800,51660
20240923,300051,6.6800,6.6500,6.7300,6.5600,6.5900,5586600,36902730.0000,6348
20240923,300052,10.9000,10.8900,10.9400,10.7700,10.8200,4352498,47158950.3400,7620
20240923,300053,9.3100,9.3100,9.5500,9.2600,9.3900,20987618,197740643.3800,25208
20240923,300054,18.5000,18.4100,18.8400,18.3100,18.3800,4409700,81682729.0000,14693
20240923,300055,3.8800,3.8800,3.9200,3.8300,3.8600,3868938,14940883.9200,4020
20240923,300056,7.6800,7.7100,8.1100,7.5600,8.0100,14586666,115277920.3900,8659
20240923,300057,3.9600,3.9600,4.0100,3.9300,3.9800,6503036,25898273.3900,6123
20240923,300058,5.2700,5.2700,5.3300,5.2300,5.2700,23675135,125185912.7300,18230
20240923,300059,10.7600,10.7700,10.8300,10.6800,10.7300,109417714,1176058978.1800,61823
20240923,300061,7.0100,6.9900,7.9000,6.8200,7.4900,159318639,1150505678.9300,108505
20240923,300062,4.8600,4.8000,4.8700,4.7900,4.8200,6302560,30390651.4000,4762
20240923,300063,4.1900,4.1900,4.2200,4.1400,4.1700,23852550,99683956.5000,8707
20240923,300065,6.2600,6.2600,6.4000,6.2500,6.3700,12157903,77206378.0500,14141
20240923,300066,3.1000,3.0800,3.1200,3.0600,3.0900,6782352,20917759.1600,4696
20240923,300067,4.0200,4.0100,4.0100,3.8000,3.8300,106911901,413566861.1300,36439
20240923,300068,11.1600,11.2000,12.3600,11.1800,11.9900,181679791,2167852447.9800,159340
20240923,300069,11.4300,11.3600,11.7600,11.1700,11.5000,3990400,45689073.0000,4910
20240923,300070,3.1900,3.1700,3.2100,3.1500,3.1900,15334800,48836580.0000,9423
20240923,300071,2.4900,2.4600,2.5100,2.4400,2.4800,22751340,56301918.5700,6824
20240923,300072,2.0800,2.0700,2.1400,2.0400,2.0800,45243007,93985996.3200,13778
20240923,300073,29.5900,29.4800,30.1400,28.9800,29.1300,14472850,427443644.5700,25242
20240923,300074,3.1800,3.1900,3.2200,3.1500,3.1800,6974500,22239971.0000,6793
20240923,300075,11.9800,11.9800,12.2500,11.9100,12.0700,11064261,133784736.9200,13274
20240923,300076,4.0500,4.0100,4.0700,3.8700,3.9300,28156308,110687680.5800,10278
20240923,300077,9.6400,9.6900,10.2900,9.6400,10.2400,39007791,392744413.3400,53541
20240923,300078,2.4200,2.4300,2.4400,2.4000,2.4300,18164920,44122377.8000,4991
20240923,300079,4.2100,4.2100,4.2700,4.1500,4.2000,25116670,106117871.1100,19119
20240923,300080,2.9200,2.9300,2.9800,2.8400,2.8600,27864325,80504847.8500,10472
20240923,300081,4.5400,4.5200,4.6300,4.5100,4.5600,16036300,73348980.0000,13577
20240923,300082,4.7600,4.7200,4.8200,4.6800,4.7800,5628814,26824431.5000,7541
20240923,300083,5.7000,5.7100,5.7800,5.6300,5.6600,15887900,90588209.0000,15525
20240923,300084,5.2300,5.2300,5.2400,5.1100,5.1500,4754720,24489528.8000,2263
20240923,300085,12.3100,12.7500,14.1800,11.6800,13.1800,173387192,2192429409.1500,147598
20240923,300086,3.8200,3.8400,3.8600,3.7600,3.7700,17040120,64744412.8000,5734
20240923,300087,6.3100,6.3100,6.3200,6.1800,6.2300,12392702,77238991.5800,8933
20240923,300088,4.5900,4.6300,4.7600,4.5500,4.6700,81851844,383413855.0400,52016
20240923,300091,1.4900,1.4700,1.4900,1.4500,1.4800,22984500,33715179.0000,5049
20240923,300092,8.9100,8.9300,9.0100,8.8300,8.9500,2199300,19682115.0000,3196
20240923,300093,11.0600,11.0600,11.2500,10.9500,11.1400,8335161,92654366.8300,14037
20240923,300094,2.8300,2.8000,2.8100,2.7600,2.7700,34353720,95475540.6000,12934
20240923,300095,5.4100,5.4100,5.5000,5.3500,5.4200,2288734,12459957.2400,3775
20240923,300096,2.7800,2.7500,2.7900,2.6800,2.7200,13095046,35552114.9000,2459
20240923,300097,5.4600,5.4400,5.5500,5.3400,5.5000,8464482,46333645.1400,11400
20240923,300098,3.6600,3.7200,3.8300,3.6800,3.7700,79083053,297871714.6400,28217
20240923,300099,4.6400,4.6200,4.7000,4.5800,4.6700,5742700,26753887.0000,8469
20240923,300100,12.7000,12.8000,12.9600,12.6000,12.6200,9776900,124813845.7800,17279
20240923,300101,12.3900,12.4400,13.0500,12.3500,12.7900,8813168,112290696.0800,14447
20240923,300102,6.0700,6.0600,6.2300,6.0300,6.1700,24002616,147043172.2400,13270
20240923,300103,5.1100,5.1000,5.1700,4.9800,5.0300,5232000,26448785.0000,2328
20240923,300105,5.2900,5.2800,5.3700,5.2500,5.3500,5590100,29840724.0000,6834
20240923,300106,6.4200,6.3900,6.4100,6.2600,6.3000,13124700,82910542.0000,12606
20240923,300107,8.1100,8.0900,8.2500,7.9700,8.1900,21694374,176127339.4000,14205
20240923,300108,1.8400,1.8600,1.8900,1.8200,1.8500,14637806,27113968.1000,1976
20240923,300109,9.9000,9.9000,10.0500,9.7600,9.8200,4016300,39777334.0000,4662
20240923,300110,2.8400,2.8400,2.8700,2.8300,2.8400,9719565,27662573.6000,3653
20240923,300111,2.1200,2.1100,2.1400,2.1100,2.1200,7470600,15892414.0000,2465
20240923,300112,7.0500,7.0100,7.2200,6.9700,7.1700,8327637,59260249.7000,11236
20240923,300113,10.4600,10.5200,10.7100,10.4200,10.5800,10529252,111557975.3200,20334
20240923,300115,10.4500,10.4600,10.6600,10.2800,10.4000,18181600,190889614.0000,14724
20240923,300117,1.3700,1.3600,1.3900,1.2600,1.3500,45997356,61086841.5900,4489
20240923,300118,9.0500,9.0300,9.0900,8.9300,8.9500,12500110,112332775.5000,15478
20240923,300119,11.4100,11.3100,11.4700,11.2700,11.2900,1450100,16436919.0000,4371
20240923,300120,5.1200,5.0900,5.1800,5.0500,5.1600,23580695,121074412.1500,13855
20240923,300121,7.0700,7.0400,7.0700,6.8400,6.9400,6023558,41670679.2000,3450
20240923,300122,20.7100,20.8000,21.1200,20.7100,20.8100,13466150,281331667.0000,23364
20240923,300123,4.3700,4.3700,4.4800,4.3500,4.4300,14617360,64858150.8000,9757
20240923,300124,44.0600,44.1500,44.2900,43.2800,43.4500,9038202,394373129.1400,24660
20240923,300125,4.0800,4.5000,4.9000,4.4100,4.9000,49361495,229744763.2500,15972
20240923,300126,4.2300,4.2500,4.2800,4.1700,4.2200,2432800,10292896.0000,3427
20240923,300127,13.1700,13.1000,13.2500,13.1000,13.1400,837200,11031842.0000,2249
20240923,300128,3.2500,3.2600,3.3000,3.2300,3.2700,8728234,28573517.5200,4189
20240923,300129,6.4800,6.4500,6.5200,6.3300,6.3600,7307300,46879082.0000,13469
20240923,300130,16.0500,16.0000,16.1900,15.8800,15.8900,18151696,290733490.9900,32175
20240923,300131,4.9500,4.9600,5.0300,4.8400,4.9400,41269100,204162419.0000,20310
20240923,300132,3.6300,3.6200,3.6700,3.5400,3.5500,4146300,14909731.0000,5342
20240923,300133,5.0000,4.9800,5.0700,4.9500,5.0000,27873449,139977665.4700,20481
20240923,300134,8.8700,8.6400,9.1900,8.5900,8.6700,64426842,569449604.9700,50443
20240923,300135,2.4300,2.4300,2.4400,2.3900,2.4100,11217400,27102787.0000,4658
20240923,300136,18.1400,18.1700,18.3700,17.8300,17.8800,14135420,255449321.6000,17954
20240923,300137,3.6500,3.6500,3.6800,3.6200,3.6500,2954533,10780489.0500,5274
20240923,300138,7.1000,7.1400,7.2200,7.1000,7.1700,4813881,34439663.7200,5273
20240923,300139,12.9900,13.0200,13.3800,12.8300,12.8500,45875010,599611066.9000,44376
20240923,300140,4.5100,4.5100,4.5600,4.4600,4.5200,6916370,31264550.8000,10556
20240923,300141,7.7400,7.6700,7.7700,7.6200,7.7100,2288100,17646406.0000,2406
20240923,300142,9.9600,10.0400,10.0800,9.9000,9.9000,9724400,96955216.0000,14338
20240923,300143,7.2100,7.2500,7.3500,7.1700,7.2500,6573702,47755719.1400,10270
20240923,300144,7.0700,7.0700,7.1700,7.0200,7.0500,21201543,150223521.4900,15410
20240923,300145,2.2400,2.2500,2.2500,2.2200,2.2300,8062420,18019101.6000,3547
20240923,300146,11.0300,11.0300,11.0600,10.8000,10.8400,7878606,85787342.0400,11127
20240923,300147,6.2000,6.3500,6.4400,6.2000,6.3100,50784073,321451306.8500,34289
20240923,300148,2.7100,2.7100,2.7600,2.7000,2.7200,23027700,62910970.0000,15865
20240923,300149,4.2800,4.6800,5.1400,4.6800,5.1400,42514598,211754026.4500,20634
20240923,300150,3.1700,3.1600,3.1700,3.1100,3.1300,11654300,36586040.0000,16220
20240923,300151,13.6200,13.5700,13.8500,13.1900,13.2000,3980635,53663315.7000,7341
20240923,300152,1.8700,1.8700,1.8700,1.8000,1.8600,16056713,29558635.0500,5490
20240923,300153,5.9500,5.9900,6.0400,5.9400,5.9700,4938700,29555798.0000,6162
20240923,300154,4.8800,4.8900,4.8900,4.8100,4.8500,1853600,8981256.0000,3930
20240923,300155,3.7100,3.7000,3.8500,3.6300,3.7200,29391456,109727917.2800,15561
20240923,300157,2.2200,2.2300,2.2400,2.1800,2.2300,18033954,39830011.7800,7346
20240923,300158,3.2400,3.2500,3.2800,3.2200,3.2600,11519000,37549677.0000,4682
20240923,300159,2.2100,2.2200,2.2700,2.2000,2.2200,44747000,99729301.0000,9570
20240923,300160,4.3300,4.3400,4.3800,4.3100,4.3600,4313000,18796650.0000,3614
20240923,300161,19.0700,19.1400,19.3500,18.9300,19.0200,3020500,57820911.9900,8433
20240923,300162,5.7100,5.7200,5.8500,5.6700,5.7700,11937600,68856512.0000,16869
20240923,300163,1.5600,1.5500,1.5800,1.5300,1.5400,15191500,23549280.0000,1455
20240923,300164,3.4100,3.3900,3.4300,3.3800,3.4000,9631602,32787744.8000,2817
20240923,300165,2.6500,2.6200,2.6900,2.5900,2.6800,26502500,70066706.0000,11385
20240923,300166,6.4900,6.5000,6.6200,6.4400,6.5500,25521300,166998305.0000,32079
20240923,300167,1.5600,1.5700,1.6000,1.5300,1.5600,14115000,22044570.0000,1633
20240923,300168,5.2500,5.2100,5.3200,5.1900,5.2600,14623342,76975793.8200,14298
20240923,300169,5.7600,5.7800,5.7900,5.5900,5.6600,29160655,165184452.4500,13209
20240923,300170,6.6800,6.6600,6.8000,6.6100,6.7300,32501220,218193052.4000,25324
20240923,300171,9.7800,9.7900,9.8900,9.6400,9.6500,3653291,35550663.0600,6136
20240923,300172,4.4500,4.3300,4.4800,4.3300,4.4000,14874500,65267141.7000,5426
20240923,300173,3.3100,3.3000,3.3800,3.2900,3.3200,7166400,23906090.0000,6305
20240923,300174,12.0100,12.0500,12.1300,11.9200,11.9900,1293983,15562142.3400,2217
20240923,300175,4.5900,4.6000,4.6700,4.5000,4.6400,17564000,80906717.0000,14761
20240923,300176,5.4300,5.2400,5.4000,5.0200,5.0800,22568800,114954837.0000,17878
20240923,300177,6.4700,6.3900,6.9900,6.3900,6.8800,72110750,489007983.0000,38165
20240923,300179,6.4600,6.5000,6.5200,6.4100,6.4700,857600,5547914.0000,1608
20240923,300180,4.0300,4.0200,4.0500,3.9700,4.0100,40684670,163199625.2900,18930
20240923,300181,11.7400,11.7400,11.8500,11.5500,11.5800,13011800,151911780.0000,20814
20240923,300182,4.0100,3.9800,4.0500,3.9700,4.0000,39094943,156616532.2700,11069
20240923,300183,12.5300,12.5000,14.0000,12.4500,13.4100,24950904,332294967.0700,46520
20240923,300184,5.9000,5.9300,6.1300,5.8000,6.0200,220993559,1322074641.3000,114925
20240923,300185,1.8000,1.8000,1.8100,1.7800,1.7900,15943003,28605610.3700,4654
20240923,300187,4.2000,4.1900,4.2300,4.1500,4.1700,3116609,13055144.6200,5616
20240923,300188,11.0400,11.1000,12.0300,11.0200,11.8800,41588732,482610760.4500,49234
20240923,300189,2.1500,2.1200,2.1400,2.0900,2.1300,28222870,59591302.3000,9223
20240923,300190,2.8300,2.8200,2.8400,2.7900,2.8300,3078200,8676237.0000,2532
20240923,300191,11.7400,11.7400,11.9100,11.6300,11.8500,913500,10791867.0000,1505
20240923,300192,10.1500,10.0800,10.5800,10.0000,10.2000,15103600,156254374.0000,17864
20240923,300193,7.4700,7.4800,7.5300,7.4000,7.5300,2766621,20719575.5000,5225
20240923,300194,3.7100,3.7200,3.7700,3.7100,3.7400,9742900,36521063.0000,9939
20240923,300195,4.1000,4.0900,4.1600,4.0500,4.1100,5681000,23397730.0000,5649
20240923,300196,9.6300,9.6400,9.6500,9.5200,9.5400,996300,9532897.0000,2210
20240923,300197,1.3900,1.3700,1.4100,1.3400,1.4000,71676959,98315927.6500,7836
20240923,300198,1.3100,1.3000,1.3300,1.3000,1.3200,17829400,23448127.0000,3622
20240923,300199,9.1000,9.1600,9.2600,9.0600,9.0800,7779800,71000918.0000,6780
20240923,300200,6.8500,6.7900,7.0400,6.6800,6.8700,11625792,79184017.8300,11177
20240923,300201,3.2000,3.1600,3.1900,3.1200,3.1500,17213382,54077712.6600,6283
20240923,300203,10.5700,10.5100,10.7400,10.4500,10.6000,3297687,35012513.4500,9580
20240923,300204,6.1900,6.2500,6.3600,6.2100,6.2800,5527590,34733724.3000,7823
20240923,300205,4.8900,4.9000,5.1200,4.7100,5.0400,18042500,89123657.0000,4951
20240923,300206,8.9800,8.9600,9.0700,8.8700,8.9100,2659300,23752258.0000,7788
20240923,300207,15.4400,15.5200,15.7500,15.3500,15.5000,18861648,294308097.3600,29764
20240923,300208,1.7800,1.7700,1.8300,1.7400,1.7900,13370150,23725463.0000,2240
20240923,300209,3.9200,4.0000,4.0100,3.6700,3.8700,14206300,54567869.0000,3934
20240923,300210,7.9800,7.8400,7.9500,7.5500,7.6400,24262786,185902238.6000,17525
20240923,300211,5.4700,5.4900,5.6400,5.4200,5.5900,8570900,47659460.0000,13577
20240923,300212,15.4000,15.3900,15.6600,15.2000,15.5300,15292072,237111112.4400,22310
20240923,300213,6.0800,6.1500,6.3300,6.1300,6.1500,22671902,140492044.4200,20350
20240923,300214,4.3600,4.3300,4.4100,4.3200,4.3400,1220200,5307432.0000,1496
20240923,300215,4.4200,4.4300,4.4500,4.3700,4.3900,5391100,23763184.0000,6809
20240923,300217,3.6600,3.6400,3.6800,3.6200,3.6500,9058600,33054534.0000,6002
20240923,300218,13.4200,13.5500,13.7300,13.3500,13.6700,2339800,31883241.0000,7757
20240923,300219,5.6500,5.6100,5.7800,5.5700,5.7100,11006300,62738361.0000,12172
20240923,300220,6.4900,6.5500,6.5900,6.4500,6.5200,2007640,13122260.4000,2927
20240923,300221,5.2000,5.2100,5.5100,5.1800,5.3800,20055170,108346095.0000,18988
20240923,300222,5.8500,5.8500,5.9000,5.8000,5.8600,5850300,34228056.5300,7497
20240923,300223,43.7700,43.7000,44.2500,43.0600,43.0900,3273800,142643412.3800,11816
20240923,300224,8.2600,8.2000,8.3600,8.2000,8.2200,2990900,24707604.0000,4789
20240923,300225,6.0700,5.9500,5.9900,5.8100,5.8500,24262212,142314526.8200,13800
20240923,300226,15.6500,15.6500,15.8200,15.5500,15.7400,4303541,67649024.3800,9672
20240923,300227,5.1300,5.1500,5.3200,5.1200,5.2800,12402210,65119526.6000,11347
20240923,300228,5.5600,5.5500,5.6100,5.4900,5.5400,6677836,37159041.5200,3943
20240923,300229,11.9800,11.8700,12.2200,11.8700,12.0600,26658278,321106745.9000,34641
20240923,300230,3.1900,3.1800,3.2200,3.1700,3.2100,6359901,20347739.2200,6501
20240923,300231,8.0200,8.0700,8.2000,7.8500,8.1900,23768774,191521154.1000,14947
20240923,300232,5.2100,5.2000,5.3300,5.1600,5.2900,12453407,65787907.7500,13961
20240923,300233,10.7300,10.7700,11.0300,10.7500,10.8700,3701549,40298531.1400,9753
20240923,300234,3.6700,3.6800,3.7000,3.6300,3.6700,2059900,7550517.0000,1964
20240923,300235,8.2000,8.2000,8.3300,8.1100,8.2400,5404500,44610703.5000,9600
20240923,300236,27.1200,27.1500,27.5000,26.8000,26.8000,1977079,53493833.4500,6318
20240923,300237,1.3000,1.3000,1.3100,1.2800,1.3000,17544635,22632003.8000,2561
20240923,300238,9.7200,9.6900,9.8000,9.5000,9.5500,10921400,105161016.1400,12958
20240923,300239,4.5700,4.5700,4.5900,4.4900,4.5200,4593400,20804586.0000,3562
20240923,300240,5.4800,5.4800,5.5900,5.4300,5.5700,7911697,43813057.3500,14188
20240923,300241,3.9300,3.9200,3.9900,3.8700,3.9400,16620820,65659590.2000,21535
20240923,300242,2.2900,2.3000,2.3100,2.2700,2.2800,22153300,50759555.0000,6501
20240923,300243,7.3000,7.3400,7.3800,7.2400,7.3200,2289550,16782772.5000,4464
20240923,300244,8.9600,9.0200,9.1600,8.9700,9.0200,7725544,69926629.8500,14928
20240923,300245,6.3300,6.2900,6.2900,6.1000,6.2000,20096400,124319393.0000,11829
20240923,300246,6.0400,6.0600,6.1600,6.0100,6.0800,2607000,15898494.0000,4546
20240923,300247,2.4500,2.4500,2.4800,2.4200,2.4400,14655900,35758786.0000,5703
20240923,300248,7.0100,6.9800,7.1300,6.9800,7.0500,7510107,53048282.8800,12300
20240923,300249,6.6600,6.6000,6.7700,6.6000,6.7500,11692265,78544655.7500,16327
20240923,300250,12.7200,12.8000,13.3200,12.5800,13.2400,24362822,318695990.0000,23740
20240923,300251,6.6600,6.6600,6.6900,6.6000,6.6200,12752059,84624585.2100,11764
20240923,300252,6.7700,6.8200,6.9800,6.7500,6.8100,20199550,138423974.5000,25279
20240923,300253,5.3700,5.3900,5.4400,5.3300,5.4000,16557402,89378188.8500,14405
20240923,300254,7.5200,7.5200,7.6400,7.4800,7.5100,3664544,27686293.6400,5504
20240923,300255,10.1400,10.1600,10.3500,9.9100,9.9700,13956324,140696718.5600,16881
20240923,300256,2.3600,2.3900,2.3900,2.2500,2.2900,114905600,263624038.0000,33819
20240923,300257,7.4500,7.4600,7.5400,7.3800,7.4200,4569144,33996767.2400,9326
20240923,300258,7.0700,7.0100,7.1000,6.9800,7.0600,2144200,15133539.0000,3929
20240923,300259,2.5000,2.5000,2.5100,2.4700,2.4800,3816400,9506963.0000,4258
20240923,300260,17.5000,17.3900,17.9500,17.1500,17.6300,14665668,256464263.1700,27137
20240923,300261,5.2900,5.3400,5.4300,5.2800,5.3800,8638100,46345363.9300,7189
20240923,300263,5.3800,5.3800,5.4400,5.3400,5.4200,4096900,22138371.0000,7675
20240923,300264,4.3100,4.2900,4.3900,4.2500,4.3000,14234000,61378265.0000,10637
20240923,300265,6.3900,6.3900,6.4600,6.3600,6.4300,7853900,50554910.0000,5778
20240923,300266,1.4600,1.4400,1.4700,1.4200,1.4500,15030700,21644349.0000,2576
20240923,300267,2.1800,2.1900,2.2200,2.1900,2.1900,15031000,33122963.0000,7703
20240923,300268,6.3400,6.2800,6.3800,6.2800,6.2900,362060,2290670.0000,249
20240923,300269,2.8400,2.8200,2.9200,2.7600,2.9000,23835537,68234509.9300,11656
20240923,300270,5.4500,5.5900,5.8000,5.5800,5.6800,26167600,148382210.0000,13548
20240923,300271,4.9000,4.9600,4.9700,4.8200,4.9100,14345300,70398971.0000,15654
20240923,300272,4.9700,4.9500,5.1400,4.9100,5.0700,16259599,81994018.6700,9889
20240923,300274,78.8000,78.5700,79.0400,75.3000,76.7800,20255885,1554265738.0300,64296
20240923,300275,10.3600,10.3200,10.4800,10.0900,10.4400,3091400,32112350.0000,6332
20240923,300276,3.3700,3.3600,3.3800,3.3300,3.3500,10871697,36525553.7200,4346
20240923,300277,7.7500,7.6400,7.7600,7.3900,7.6700,25908605,196083277.7500,18166
20240923,300278,3.0700,3.0500,3.0600,3.0100,3.0300,10237300,31043974.0000,4582
20240923,300279,4.3400,4.3600,4.4200,4.3300,4.4100,7838470,34437829.3000,13629
20240923,300280,12.0000,11.8500,12.4600,11.8500,12.3600,10283400,125426835.0000,16061
20240923,300281,4.3700,4.3600,4.4300,4.3200,4.4000,8410100,36916944.0000,14015
20240923,300283,4.5700,4.5700,4.6100,4.5300,4.5700,4535100,20723751.0000,7029
20240923,300284,6.0300,6.0200,6.0900,5.9500,6.0200,16862992,101844624.1600,14002
20240923,300285,14.5000,14.4700,14.6900,14.3500,14.3800,4305400,62351453.0000,10834
20240923,300286,15.2200,15.2200,15.4500,15.0500,15.1700,1326350,20229024.5000,4786
20240923,300287,2.9500,2.9000,3.0000,2.8200,2.8800,123434600,357063093.3200,35900
20240923,300288,11.2400,11.2400,11.3500,11.1500,11.2500,4076118,45894839.7600,6826
20240923,300289,4.0300,4.0200,4.0800,3.9500,3.9700,5019700,20037345.0000,6129
20240923,300290,9.4900,9.4300,9.6900,9.3500,9.4600,37613802,357263002.6500,25803
20240923,300291,3.9900,3.9900,4.0400,3.9500,4.0200,9979959,40024421.1800,9259
20240923,300292,3.4200,3.4100,3.4800,3.3800,3.4300,31592100,108595785.0000,10033
20240923,300293,16.4700,16.2000,16.2700,15.7100,16.1700,32031852,513359489.2100,39003
20240923,300294,30.6000,30.5300,30.9000,30.0000,30.1300,2430695,73675690.4000,8091
20240923,300295,10.5400,10.3900,11.0300,10.3000,10.9900,31133060,335178305.7300,29244
20240923,300296,3.9100,3.9300,3.9700,3.8900,3.9300,16807212,66143578.1200,12626
20240923,300298,23.6200,23.6500,24.0800,23.3800,23.5100,1398400,33017617.0000,4916
20240923,300299,3.8500,3.8600,3.9500,3.8000,3.9000,21572053,84033952.1700,17686
20240923,300300,1.4800,1.4700,1.5100,1.4500,1.4700,17909480,26324634.6000,1802
20240923,300301,1.2000,1.2000,1.2100,1.1800,1.1900,8180300,9717007.0000,686
20240923,300302,10.6500,10.5600,11.0900,10.5400,11.0900,34550900,376048668.0000,32888
20240923,300303,4.8200,4.8200,4.8800,4.7700,4.8000,16559800,79935369.0000,18934
20240923,300304,5.5200,5.5100,5.6300,5.4700,5.5700,7881500,43926727.0000,10837
20240923,300305,4.5600,4.5600,4.6100,4.5100,4.5800,2958500,13504864.0000,5579
20240923,300306,9.4500,9.4200,9.5500,9.3500,9.4700,2287100,21656256.0000,4864
20240923,300307,5.3300,5.3000,5.3800,5.2800,5.3500,7329800,39192135.0000,9140
20240923,300308,109.0000,108.1800,111.2100,107.4900,108.9000,12615349,1383375272.3400,51466
20240923,300310,5.2800,5.1800,5.6400,5.1600,5.3700,240508389,1300929086.8500,117854
20240923,300311,3.8500,3.9300,4.2000,3.7200,4.0300,136554818,542654561.2800,66566
20240923,300313,5.5500,5.5500,5.5700,5.5100,5.5300,2151700,11915997.0000,918
20240923,300314,9.8000,9.8100,10.1700,9.7000,10.0600,5651650,56802855.5000,7856
20240923,300315,4.1700,4.1700,4.2100,4.1500,4.1600,32080572,133851905.6800,16507
20240923,300316,21.6400,21.6400,21.8800,21.3900,21.4000,7877800,170216631.0000,16445
20240923,300317,3.0900,3.0900,3.1200,3.0700,3.1000,7657855,23754508.5000,4967
20240923,300318,4.7800,4.8000,4.8100,4.7500,4.7700,4207200,20084503.0000,5616
20240923,300319,8.1800,8.2100,8.4800,8.1600,8.3200,16457239,137649558.3100,19861
20240923,300320,8.0100,8.2000,8.2800,7.9500,8.0700,9460818,76268317.4200,14102
20240923,300321,13.6800,13.6000,13.8900,13.4300,13.8100,897900,12369046.0000,2887
20240923,300322,9.3800,9.5000,9.5600,9.3100,9.4000,28024011,265015923.2900,26971
20240923,300323,4.0600,4.0600,4.1300,4.0200,4.0700,11171100,45569445.0000,15061
20240923,300324,2.3000,2.3100,2.3600,2.2600,2.3300,86588100,201333643.0000,16064
20240923,300326,4.0400,4.0500,4.1200,4.0300,4.0500,4702197,19142886.6700,6537
20240923,300327,17.2700,17.2200,17.5800,17.1600,17.3400,2172748,37772058.7300,5385
20240923,300328,5.7600,5.6400,5.6900,5.4800,5.4900,46685945,260016807.8700,22338
20240923,300329,4.1500,4.0800,4.1900,4.0600,4.1200,6399200,26379643.0000,5037
20240923,300331,16.3200,16.0000,16.1700,15.7700,16.0100,10506100,167959536.1100,15959
20240923,300332,4.2500,4.2500,4.2900,4.2100,4.2500,4880300,20712553.0000,5875
20240923,300333,5.7200,5.6900,5.9300,5.5800,5.6000,35884858,205184766.6600,19240
20240923,300334,5.1200,5.1000,5.1000,5.0000,5.0600,4390600,22161222.0000,5715
20240923,300335,3.8100,3.8000,3.8300,3.7600,3.8100,3409715,12985090.5500,5170
20240923,300337,7.7500,7.7500,7.9600,7.6300,7.6800,38928499,302949603.2200,28344
20240923,300338,2.3600,2.3500,2.5400,2.3400,2.4200,30862400,75510340.0000,4692
20240923,300339,22.1900,22.5000,23.5900,22.2800,22.3600,92168494,2099260587.3500,121166
20240923,300340,7.3600,7.3000,7.4800,7.2700,7.3200,6083740,44816351.0000,8361
20240923,300341,9.7100,9.6300,9.9700,9.2200,9.8800,23187495,223629388.4000,19321
20240923,300342,12.1000,12.0800,12.4000,12.0300,12.2200,12934739,158159362.1700,15727
20240923,300343,3.9900,4.0000,4.1000,3.9200,4.0000,26805847,107536287.7700,13686
20240923,300344,3.4400,3.4200,3.5400,3.3000,3.4000,42118496,144235217.4800,26115
20240923,300345,6.4400,6.6300,6.9800,6.2500,6.3800,13068607,86396219.6200,9762
20240923,300346,26.8100,26.6000,26.7800,26.1400,26.2600,8809110,232866333.3000,16663
20240923,300347,50.1800,51.3600,51.9000,49.4500,49.8000,6232072,316559699.1500,17941
20240923,300348,7.9000,7.9000,8.0200,7.8100,7.9200,18168050,144121968.0000,13724
20240923,300349,10.4400,10.4000,10.5100,10.3300,10.4200,3509400,36636651.0000,5934
20240923,300350,4.3500,4.3600,4.3900,4.3000,4.3600,5333760,23215882.0000,4080
20240923,300351,13.7000,13.8500,14.1000,13.6200,14.0100,9951494,138390451.0000,15566
20240923,300352,3.7000,3.8300,4.0900,3.8000,3.8800,65941482,259633714.0600,39948
20240923,300353,8.2300,8.5900,9.8700,8.5900,9.2500,67679711,614583284.0500,44689
20240923,300354,28.1900,28.0200,28.5000,27.6000,28.0300,1004100,28061814.0000,3630
20240923,300355,2.3000,2.3100,2.3100,2.2600,2.2700,15147600,34554562.0000,5845
20240923,300357,16.7200,16.7400,16.9400,16.4800,16.5600,3117892,51967071.3600,9277
20240923,300358,5.9300,5.9100,5.9500,5.7700,5.8000,7811492,45649441.9600,8270
20240923,300359,4.2300,4.2400,4.3500,4.2100,4.2600,13338650,57198082.5000,5513
20240923,300360,13.4100,13.4000,13.5600,13.2100,13.2600,5121200,68251379.8000,10594
20240923,300363,11.4200,12.1000,12.2500,11.4600,11.4800,15192032,179383173.2300,31592
20240923,300364,16.5000,16.5300,16.8900,16.3800,16.6200,20636632,343022728.4400,29460
20240923,300365,4.7700,4.7600,4.8600,4.7200,4.7900,9014000,43284536.0000,11053
20240923,300366,7.8600,7.9500,7.9500,7.7400,7.7600,29688489,231785481.5400,33444
20240923,300368,2.4600,2.4700,2.4900,2.4400,2.4700,7259036,17902461.9200,1434
20240923,300369,5.8100,5.7600,6.2600,5.7500,6.1200,74392579,447655919.5800,37959
20240923,300370,1.8500,1.8500,1.9300,1.8100,1.8900,32647000,61111684.0000,5431
20240923,300371,7.9400,7.9400,8.0300,7.8800,7.9700,3675948,29271184.6000,2863
20240923,300373,33.4000,33.3500,33.8900,33.3400,33.5000,3629501,122216105.1600,12741
20240923,300374,12.9700,12.9700,13.1500,12.8000,12.9100,5514200,71227254.0000,5789
20240923,300375,3.9600,3.9600,4.0200,3.9300,3.9900,8615500,34269204.0000,10573
20240923,300376,2.3800,2.3800,2.4100,2.3600,2.3700,12312823,29337564.9700,2027
20240923,300377,6.2900,6.2300,6.2800,6.1700,6.2000,31478496,195588458.1600,26297
20240923,300378,17.3300,17.4800,17.6600,17.2100,17.4400,13751628,239632931.3800,25416
20240923,300379,10.2600,10.2600,10.6800,10.1200,10.2000,70586331,732404717.5500,55432
20240923,300380,17.9500,17.8600,19.1200,17.5100,18.6500,15768214,292166292.4000,23596
20240923,300381,5.7000,5.7500,5.7900,5.6600,5.7100,4796900,27462495.0000,8947
20240923,300382,6.8600,7.0000,7.9400,6.9600,7.6800,53062916,395205416.7700,30573
20240923,300383,8.0800,8.0500,8.1500,8.0300,8.0700,11441500,92633541.0000,16683
20240923,300384,13.2600,13.2700,13.3500,13.1300,13.3000,1675200,22208338.0000,4353
20240923,300385,3.4600,3.4400,3.5200,3.4300,3.4800,2996300,10418412.0000,3510
20240923,300386,9.4400,9.3900,9.6500,9.1800,9.5300,30964084,293242458.6800,42828
20240923,300387,6.4600,6.4800,6.5200,6.4000,6.4500,4153400,26790838.0000,7551
20240923,300388,5.4500,5.4600,5.5300,5.3500,5.5100,3668852,19996109.9200,5261
20240923,300389,8.9400,8.9400,9.0700,8.8600,8.9200,2266100,20319809.0000,6775
20240923,300390,15.9400,15.9000,16.0500,15.7700,15.8900,5794300,92134194.1700,16154
20240923,300391,3.4400,3.4400,3.7300,3.4400,3.6300,25360576,91099342.3500,13016
20240923,300393,5.7800,5.7300,5.8000,5.6500,5.7700,20098500,114827546.8700,10955
20240923,300394,73.4000,73.0600,76.0000,72.4900,73.8700,10649346,794273092.9200,48879
20240923,300395,29.0300,29.0000,30.1200,28.9700,29.4500,3370859,100183478.0900,13719
20240923,300396,13.1800,13.2200,13.3900,13.1300,13.2600,3250550,43038909.5000,9142
20240923,300397,7.7500,7.7300,8.0200,7.7000,7.9400,8725286,68999887.7600,10980
20240923,300398,10.8200,10.7600,10.9400,10.6500,10.7500,5859030,63279691.6000,9454
20240923,300399,12.0600,11.9800,12.3600,11.6700,12.3600,17228160,208033728.6000,19194
20240923,300400,11.4900,11.5400,11.8400,11.4400,11.7200,9799812,114512313.2800,10351
20240923,300401,12.7200,12.6300,12.6300,12.4200,12.4700,16271650,203370571.0000,18084
20240923,300402,11.9400,11.8400,12.0300,11.8000,12.0000,1599000,19086199.0000,4597
20240923,300403,6.2900,6.2500,6.3100,6.2200,6.2600,5387550,33737773.5000,8204
20240923,300404,7.0500,7.2800,7.3600,7.1100,7.1500,9195639,66409793.3500,13465
20240923,300405,3.7000,3.7000,3.7700,3.6600,3.7200,4062430,15109906.6000,5376
20240923,300406,11.3000,11.2700,11.4800,11.1500,11.2000,3608042,40576078.5900,9163
20240923,300407,8.1300,8.0900,8.2100,8.0300,8.0800,4764800,38601961.0000,4254
20240923,300408,29.6500,29.6000,30.1500,29.5000,29.8900,7248443,217125997.2600,23826
20240923,300409,9.1200,9.1600,9.2700,9.0800,9.1700,5624600,51620018.0000,13281
20240923,300410,4.5500,4.6100,4.7400,4.5100,4.7000,10865596,50549897.2000,8226
20240923,300411,9.6800,9.7300,9.8000,9.5700,9.6800,8377400,81366380.0000,12172
20240923,300412,3.2700,3.3200,3.3600,3.2500,3.2800,13972300,46359016.0000,12930
20240923,300413,19.0100,18.9500,19.1000,18.8300,18.8700,6525042,123700084.0200,12757
20240923,300414,6.4600,6.4600,6.6500,6.3800,6.6200,5518760,36337464.4000,6941
20240923,300415,18.0500,18.0800,18.4500,17.9100,18.1100,3901200,71091563.0000,10045
20240923,300416,9.5400,9.5100,9.8700,9.4400,9.7600,10150210,98406014.8000,9847
20240923,300417,8.0400,8.0300,8.0900,7.9200,8.0700,2339120,18790852.6000,4159
20240923,300418,27.2000,27.0200,27.3700,26.6700,26.7100,22104058,595823397.4700,38897
20240923,300419,4.8100,4.7700,4.8600,4.7700,4.8300,13861800,66867502.0000,8552
20240923,300420,2.1000,2.1000,2.1100,2.0800,2.0900,5417650,11353216.6000,2620
20240923,300421,8.1600,8.1800,8.2100,8.0800,8.1500,5141380,41828701.8000,4833
20240923,300422,3.7200,3.7200,3.7500,3.6600,3.7300,3874553,14412002.9300,5122
20240923,300423,5.2300,5.2000,5.2900,5.1600,5.2200,6126300,32024042.0000,6852
20240923,300424,11.0400,11.0300,11.2500,10.9100,11.1400,5329799,59469132.8900,9389
20240923,300425,3.9600,3.9500,4.0100,3.9200,4.0000,4928026,19578082.8200,3122
20240923,300426,7.1300,7.0500,7.2300,7.0100,7.1400,5841301,41628515.0900,5508
20240923,300427,4.4400,4.4000,4.4800,4.3700,4.3900,2875500,12684695.0000,789
20240923,300428,13.7200,13.7200,13.9100,13.6000,13.6300,2742320,37616592.2000,7490
20240923,300429,9.4500,9.3500,9.4500,9.1600,9.1600,15353000,142053656.0000,12276
20240923,300430,10.2100,10.1600,10.3200,10.0800,10.1500,5263900,53671381.1700,7956
20240923,300432,6.5200,6.5200,6.8000,6.4700,6.6700,15972650,106718436.4500,21346
20240923,300433,15.3500,15.3500,15.6000,15.1300,15.1700,22412654,343586975.2600,40831
20240923,300434,6.9500,6.9900,7.0100,6.9100,6.9400,2639880,18349586.6000,2003
20240923,300435,9.5400,9.6400,9.6400,9.4700,9.5800,1148700,10993825.0000,1593
20240923,300436,18.4200,18.8000,18.9100,18.0000,18.0800,5874139,107347644.1100,12618
20240923,300437,7.7200,7.7200,7.7700,7.6300,7.7000,1278800,9845326.0000,2041
20240923,300438,22.2300,22.1500,23.2600,22.1400,22.9700,43843095,1002931196.0500,75237
20240923,300439,8.9000,8.9000,8.9500,8.8100,8.9300,2146040,19093521.0000,5145
20240923,300440,5.3000,5.2700,5.3200,5.2000,5.2800,5211800,27436337.0000,9472
20240923,300441,6.1700,6.1800,6.2000,6.1300,6.1800,5354100,33045474.6000,8634
20240923,300442,23.2900,23.2000,23.3400,22.7200,22.7900,8070301,186181084.5100,15568
20240923,300443,15.0000,14.9100,15.0400,14.6800,14.7300,3782758,55940367.5000,8082
20240923,300444,5.6600,5.6000,5.8500,5.6000,5.8000,26697129,152814827.4300,12093
20240923,300445,13.3000,13.3000,13.6800,13.1800,13.5800,1572040,21145156.6000,4295
20240923,300446,11.4700,11.4800,11.5800,11.3100,11.4100,6140700,70422449.0000,13870
20240923,300447,10.5000,10.5000,10.7800,10.4600,10.6400,2609210,27789409.7000,5523
20240923,300448,4.6600,4.6800,4.7000,4.6100,4.6300,17541809,81672160.9400,13296
20240923,300449,4.9700,5.0000,5.0100,4.8800,4.9200,8036000,39683756.0000,4670
20240923,300450,13.0300,13.0300,13.4700,12.9000,13.1500,25524068,335994716.2100,35455
20240923,300451,3.3800,3.3800,3.4500,3.3500,3.4100,45427184,154879617.2200,27034
20240923,300452,10.3600,10.3600,10.4400,10.3100,10.3400,1230452,12749138.1200,2995
20240923,300453,6.1100,6.1200,6.2200,6.0500,6.2000,3534860,21663094.6700,7651
20240923,300454,44.1000,43.9900,44.9900,43.5800,44.1400,2533323,112607160.3800,10574
20240923,300455,9.9900,9.9900,10.3200,9.9500,10.1500,9834700,100011779.0000,12063
20240923,300456,14.3900,14.5100,14.6900,14.3700,14.4400,11498048,166568120.4100,11259
20240923,300457,13.3700,13.4100,14.3300,13.2600,14.0000,21634724,301227722.6100,20963
20240923,300458,20.3100,20.2400,20.5900,20.0500,20.1000,9319406,188722255.5200,19540
20240923,300459,3.5000,3.5000,3.5300,3.4600,3.4900,53894898,188691704.5200,18705
20240923,300460,9.7300,9.7300,9.7500,9.5200,9.5200,15174000,145473912.0000,12477
20240923,300461,16.3400,16.2300,16.5300,16.1000,16.3900,2640600,43207865.0000,5824
20240923,300462,7.7800,7.8200,8.0000,7.6800,7.9200,5808700,45783917.0000,11605
20240923,300463,11.3500,11.3000,11.4300,11.2200,11.2500,3064039,34614793.5700,7459
20240923,300464,3.6800,3.6800,3.7700,3.6100,3.7400,12861000,47804670.0000,9629
20240923,300465,7.6400,7.6800,7.7800,7.5400,7.6800,12855800,98716935.0000,17397
20240923,300466,6.3300,6.2500,6.4900,6.2300,6.4300,18009100,114667863.3200,15065
20240923,300467,12.2000,12.2200,12.3600,12.1500,12.2800,1827200,22423745.0000,4355
20240923,300468,8.9500,8.9900,9.1700,8.8700,9.0200,18873000,170928625.3300,22880
20240923,300469,14.9300,14.6200,15.5400,14.2100,15.3000,37267389,557513970.5700,31312
20240923,300470,31.2000,31.1500,31.4400,30.5400,30.7500,957662,29483908.4400,3752
20240923,300471,8.2700,8.2600,8.3600,8.2000,8.2500,2788952,23064188.0400,3163
20240923,300472,5.3400,5.2900,5.3700,5.2600,5.2800,5938800,31501347.0000,7274
20240923,300473,15.7200,15.8000,16.1600,15.6300,15.9300,8785800,140532055.0000,14547
20240923,300474,53.1500,53.2800,53.9800,53.0000,53.1600,2742265,146581802.0500,10490
20240923,300475,23.5100,23.4200,23.8500,23.0100,23.1100,6645658,154961501.2100,22357
20240923,300476,27.0700,26.8000,27.9800,26.5800,27.1400,19333909,529927521.2600,47978
20240923,300477,2.3400,2.3400,2.4600,2.3200,2.4200,36696689,87742254.2200,9645
20240923,300478,7.0700,7.1100,7.1600,7.0300,7.1300,2003790,14271233.7000,2473
20240923,300479,14.5600,14.4700,14.9500,14.4100,14.8700,8005700,118030610.0000,13203
20240923,300480,10.8900,10.8900,11.0500,10.7000,11.0000,2940265,32141299.8500,6900
20240923,300481,12.1800,12.0900,12.2800,12.0700,12.1300,2007650,24452940.5000,3288
20240923,300482,19.3800,19.6000,19.6600,19.2400,19.2700,2863200,55416386.0000,10270
20240923,300483,6.7000,6.7500,6.7900,6.5900,6.7900,2279700,15325457.0000,4426
20240923,300484,10.7900,10.8600,10.9900,10.6600,10.9000,6029400,65567529.0000,13760
20240923,300485,6.2900,6.3000,6.3900,6.2700,6.2900,2011460,12697744.0000,5142
20240923,300486,4.9400,4.9000,4.9600,4.8800,4.9100,6021302,29629933.8400,2990
20240923,300487,41.6000,41.6000,42.4200,41.0900,41.7900,2307294,96465136.1500,8679
20240923,300488,18.0500,18.1700,18.1700,17.8700,17.9300,278500,5007055.0000,1075
20240923,300489,19.9400,19.9400,20.5300,19.6900,20.3000,3093450,62304080.0000,5513
20240923,300490,6.3800,6.3500,6.4300,6.3100,6.3700,5084008,32420408.0400,8781
20240923,300491,13.0400,13.0300,13.1400,12.9000,12.9600,2194400,28483924.0000,5947
20240923,300492,62.6700,61.8600,66.9900,61.3800,64.2200,983074,63752026.7400,4468
20240923,300493,8.7700,8.7700,8.9400,8.6300,8.7900,9192175,81128297.2500,6815
20240923,300494,8.7000,8.6600,8.8100,8.6000,8.7300,8475300,73960970.2000,12537
20240923,300496,32.9300,32.9200,37.1500,32.6600,36.3000,29301900,1033113587.4000,76440
20240923,300497,7.8800,7.9200,8.1000,7.8000,7.9700,4905992,39015518.1600,8290
20240923,300498,15.7100,15.6500,15.9000,15.4900,15.5200,24750839,386901425.9500,34794
20240923,300499,9.0900,9.0500,9.3700,9.0200,9.1900,5158587,47510906.3700,5794
20240923,300500,9.6200,9.6200,9.6500,9.4300,9.5400,2686160,25656450.6000,5184
20240923,300501,11.1300,11.1300,11.3100,11.0400,11.2600,1100900,12377256.0000,3109
20240923,300502,95.7600,94.9600,97.9800,94.6000,95.2500,13134127,1265892219.8700,54742
20240923,300503,12.1700,12.1100,12.2300,12.0200,12.1200,6144200,74626732.0000,10214
20240923,300504,12.2900,12.2800,12.7800,12.1500,12.5500,11597200,145694168.8200,15556
20240923,300505,10.6500,10.5600,10.7800,10.4700,10.6700,3528664,37559369.9600,8890
20240923,300506,2.0900,2.0900,2.2900,2.0900,2.2200,29061109,64220842.4800,4854
20240923,300507,5.0400,5.0400,5.1100,5.0000,5.0800,6536974,33166990.1800,3234
20240923,300508,19.2000,19.0500,21.9100,18.8300,20.5000,3277460,65717439.3600,8258
20240923,300509,4.8200,4.8200,4.8600,4.7400,4.8200,2082000,10010850.0000,3930
20240923,300510,3.7800,3.7100,3.8000,3.6500,3.7800,52871311,197674763.2300,36787
20240923,300511,2.9100,2.9300,2.9500,2.8900,2.9200,10375845,30237711.9500,4177
20240923,300512,5.6600,5.6600,5.7300,5.5800,5.6800,2578500,14660147.0000,3829
20240923,300513,7.7700,7.7700,7.8100,7.6500,7.6800,6665400,51513127.9200,6371
20240923,300514,11.6600,11.6000,11.8400,11.5200,11.6100,1748233,20367335.8000,5725
20240923,300515,8.8900,8.9400,9.0400,8.8200,8.9800,1432900,12831603.0000,4044
20240923,300516,28.1800,28.1700,28.8400,28.0400,28.8000,2623700,74967223.5000,4808
20240923,300517,8.1000,8.0600,8.1700,7.6200,7.6300,5864523,46083433.3900,4784
20240923,300518,8.5300,8.5000,8.5300,8.3000,8.4200,6238540,52428596.4000,7535
20240923,300519,10.5300,10.6600,10.6800,10.5000,10.6100,1151200,12202445.0000,2858
20240923,300520,14.1900,14.2100,14.3900,14.1100,14.2600,4670513,66678388.0600,10045
20240923,300521,10.1800,10.1800,10.2900,10.0800,10.2300,1151740,11787421.4000,1733
20240923,300522,9.4400,9.5200,9.9700,9.4000,9.9700,6021740,58634847.7000,6977
20240923,300523,15.2700,15.2400,15.6500,15.1700,15.4700,1795050,27757020.5000,4357
20240923,300525,12.1400,12.1200,12.2300,12.0400,12.0800,5020563,60924716.9800,10419
20240923,300527,6.5100,6.5100,6.5600,6.4800,6.5200,6933192,45218086.7200,7649
20240923,300528,6.4200,6.3900,6.4700,6.3200,6.4500,3184386,20460058.5200,3044
20240923,300529,24.3200,24.4000,24.7500,23.9600,23.9600,3930485,95527857.8500,13690
20240923,300530,14.8800,14.9000,15.0900,14.7400,14.8900,1051285,15662834.1000,2725
20240923,300531,10.9700,11.0500,11.4400,10.9000,11.3100,17856600,201056128.0000,26776
20240923,300532,9.2800,9.1900,9.3700,9.1800,9.2600,7673286,71095375.0800,14902
20240923,300533,13.3400,13.3200,13.5200,13.2200,13.4500,2680803,35943412.5400,8645
20240923,300534,7.0500,7.0500,7.2000,7.0000,7.1900,4103400,29304549.0000,5641
20240923,300535,11.1900,11.2000,11.3800,11.1400,11.2800,1169842,13173937.8800,2976
20240923,300536,5.0900,5.1800,5.5000,5.0300,5.0600,25692778,134798297.1300,9083
20240923,300537,14.5300,14.4500,14.6700,14.3000,14.5300,4016431,58289915.1500,5813
20240923,300538,13.8800,13.8100,13.9200,13.6000,13.6900,4106270,56298054.6000,5947
20240923,300539,7.6500,7.6500,7.7300,7.5200,7.7100,1855100,14195101.0000,4156
20240923,300540,18.0500,18.0700,18.7000,17.9100,18.4500,1476850,27109708.5000,1997
20240923,300541,8.8100,8.8300,8.9200,8.7200,8.8200,13450374,118688493.1000,16964
20240923,300542,11.7100,11.6600,11.9600,11.6500,11.7300,9090300,106986164.0000,12252
20240923,300543,7.4900,7.5100,7.6600,7.3800,7.5800,5274600,39942571.0000,12589
20240923,300545,22.6800,22.7400,23.1500,22.5100,22.6900,2312000,52872869.0000,6411
20240923,300546,12.0500,12.0800,12.2900,11.8600,12.2400,8877120,107705531.8000,18264
20240923,300547,13.3500,13.3400,13.4800,13.2400,13.3700,2332400,31132286.0000,4594
20240923,300548,17.1200,17.1000,17.5400,16.8800,17.3200,5329500,92490126.2000,9627
20240923,300549,12.6900,12.6900,12.8000,12.5100,12.7500,979300,12445852.0000,2978
20240923,300550,11.0100,11.0100,11.0700,10.5800,10.6900,4688600,50310134.0000,7233
20240923,300551,7.8000,7.5100,7.7900,7.2800,7.6300,60347773,456114431.4000,44488
20240923,300552,26.1200,26.2500,27.4900,26.1500,27.0200,12271000,329789833.0000,33825
20240923,300553,18.8700,18.8700,19.0500,18.7400,18.8700,588807,11134952.8100,1853
20240923,300554,17.8700,17.9000,18.1400,17.6200,17.9300,1789300,32161240.0000,5091
20240923,300555,6.2000,6.2100,6.2500,6.1800,6.2200,513800,3189474.0000,245
20240923,300556,15.8400,15.8500,16.1300,15.6000,15.8000,5257643,83544404.6900,9913
20240923,300557,22.6500,22.6400,23.4000,22.3300,23.0300,3396403,77761905.9500,7282
20240923,300558,36.2300,36.5200,36.6800,34.3500,34.4400,10864220,383168393.4000,29986
20240923,300559,8.0100,8.1900,8.3300,8.0300,8.1500,10857958,88945715.5800,16374
20240923,300560,12.2800,12.1200,12.4100,11.9200,12.1300,25182110,306188734.1000,32518
20240923,300561,11.0000,10.5800,10.9900,10.3400,10.6000,38344031,407356595.2200,36998
20240923,300562,11.2600,11.2700,11.3800,10.8700,11.0000,29361300,324633900.5000,35552
20240923,300563,25.4200,25.6000,27.7200,25.4300,26.7500,22768409,610726514.1400,49666
20240923,300564,8.4500,8.4400,8.5100,8.2500,8.4600,2246260,18902128.0000,4325
20240923,300565,10.3100,10.2800,10.4700,10.1700,10.2900,4301942,44414264.9600,6257
20240923,300566,13.3800,13.3000,13.5200,13.1800,13.2000,4927200,65763367.0000,10487
20240923,300567,47.0300,46.5000,46.8900,44.3000,44.4800,5073100,230539284.0000,16920
20240923,300568,6.8300,6.8100,6.8900,6.7300,6.8300,16226598,110631450.8600,18537
20240923,300569,3.9400,3.9600,3.9700,3.9200,3.9300,3572840,14085187.6000,3611
20240923,300570,27.1600,27.0500,27.7800,26.9600,27.4700,5617200,154525501.0000,12877
20240923,300571,19.3400,19.1700,19.7700,19.1700,19.5400,1523900,29764686.0000,4319
20240923,300572,11.2000,11.2500,11.2600,11.0000,11.1100,1995100,22236752.0000,2520
20240923,300573,68.0600,68.0800,68.5700,65.4000,65.4600,5637757,375142446.2700,28016
20240923,300575,5.4900,5.5000,5.5000,5.4000,5.4100,2283725,12397678.5000,4329
20240923,300576,30.6500,30.5000,30.8900,29.7800,29.9600,9968152,300307928.8100,19488
20240923,300577,20.3000,20.3400,20.6800,19.8700,19.9600,1263215,25488211.5500,4998
20240923,300578,13.1200,12.9600,13.3600,12.9600,13.2200,3457900,45771558.0000,6721
20240923,300579,20.2000,20.2700,20.5000,20.0000,20.3500,4958300,100600921.5000,12114
20240923,300580,12.6100,12.5900,12.6700,12.3500,12.6500,6288541,78729495.8700,11138
20240923,300581,7.0800,7.0000,7.1400,6.9500,7.0300,4795009,33852439.3700,4330
20240923,300582,9.1300,9.1200,9.1800,8.9800,9.1500,4493950,40920357.5000,7491
20240923,300583,15.2300,14.9500,15.1300,14.6000,14.8500,5560501,82681312.8000,12844
20240923,300584,18.1000,18.2200,18.3200,17.9100,18.1700,3806950,69076061.5000,10700
20240923,300585,11.1300,11.1800,11.2500,11.0300,11.2400,3347900,37405451.0000,3979
20240923,300586,6.0400,6.0100,6.0900,5.9800,5.9900,3204977,19290159.3800,1876
20240923,300587,3.6900,3.7000,3.7300,3.5500,3.5600,17418938,63007501.9000,12231
20240923,300588,9.0000,9.0000,9.4600,8.8300,9.1200,23581477,216318737.2500,23373
20240923,300589,10.2100,10.0900,10.2500,10.0900,10.1400,2168470,22085800.3000,2158
20240923,300590,10.2300,10.2000,10.4300,10.0800,10.2200,17760720,182517090.3000,24485
20240923,300591,3.1100,3.0900,3.1800,3.0900,3.1600,7839600,24571952.0000,4531
20240923,300592,10.5200,10.5100,10.9900,10.4400,10.7600,4909927,52600253.0500,8817
20240923,300593,8.8500,8.8700,8.9800,8.8000,8.8000,2939060,26072433.2000,5130
20240923,300594,13.4300,13.4000,13.6400,13.2600,13.4900,985500,13277879.0000,1736
20240923,300595,13.5600,13.5900,13.8000,13.3500,13.3800,4114500,55668029.8000,9748
20240923,300596,22.3800,22.3800,22.7800,22.2400,22.4100,1172884,26397335.5800,5162
20240923,300597,7.3300,7.2800,7.5900,7.2800,7.4800,14083130,105394566.1900,14904
20240923,300598,36.0200,35.4900,35.8900,34.5000,34.9000,31347197,1100498325.7800,62428
20240923,300599,4.8500,4.8700,4.9000,4.8000,4.8700,1612900,7833331.0000,2578
20240923,300600,5.6600,5.6400,5.7100,5.6100,5.6400,2151300,12167038.0000,879
20240923,300601,13.2900,13.3800,13.4700,13.2100,13.2500,5868252,78108747.8400,12718
20240923,300602,13.8100,13.8100,14.1500,13.6400,13.8000,12377100,172226111.5900,19740
20240923,300603,7.4300,7.4000,7.6100,7.3500,7.5300,10177927,76495138.7700,11931
20240923,300604,27.9900,27.8000,28.1200,27.1700,27.2400,9420778,258939595.8800,24387
20240923,300605,10.3300,10.1700,10.6300,10.1400,10.2400,15969136,164863557.5000,19038
20240923,300606,17.4800,17.6000,18.0000,17.2200,17.9500,7773700,138429064.0000,17208
20240923,300607,9.5700,9.5800,9.6800,9.5200,9.6500,2031236,19565413.8000,3349
20240923,300608,9.5500,9.7000,9.7600,9.4400,9.5000,19436820,186672882.4500,16234
20240923,300609,22.7800,22.8500,23.5000,22.4200,23.0100,5041356,116367642.4000,9005
20240923,300610,7.8300,7.9000,7.9000,7.7400,7.8000,1484000,11606207.0000,3839
20240923,300611,8.0800,8.0400,8.1700,7.9800,8.0600,2657700,21482966.0000,8127
20240923,300612,12.9800,13.0500,13.1700,12.8400,13.0800,1763625,23026259.5000,4945
20240923,300613,31.3200,31.3300,31.6700,31.0400,31.1000,1524336,47639187.0700,5526
20240923,300614,8.1000,8.1200,8.2100,7.9800,8.1600,1179429,9585090.9300,2691
20240923,300615,9.2900,9.2800,10.8500,9.2800,9.9900,18553504,189030347.0000,20606
20240923,300616,9.7700,9.7500,9.9200,9.6800,9.8700,1986604,19523049.4400,3762
20240923,300617,22.0100,22.0100,22.2800,21.8300,22.1500,392065,8648259.5500,1129
20240923,300618,21.5700,21.7600,21.7900,21.3400,21.3800,1858126,39988323.4000,5516
20240923,300619,22.7000,22.5500,23.3600,22.3200,22.7700,4061910,93308689.3000,6519
20240923,300620,31.0400,31.0000,31.6500,30.6000,31.1300,3609201,112869549.9800,13153
20240923,300621,7.3100,7.2600,7.3600,7.2100,7.2700,1440200,10498921.0000,2325
20240923,300622,24.4000,23.9600,24.5800,23.5100,23.8000,19321117,462377874.1500,50052
20240923,300623,17.0500,17.0600,17.2200,16.6600,16.6700,9361216,157691555.1600,18239
20240923,300624,39.2900,39.1400,39.9000,38.8500,38.9500,4928109,193444541.4800,18503
20240923,300625,9.3700,9.3900,9.4500,9.2900,9.4000,989600,9281995.0000,2841
20240923,300626,8.0000,7.9500,8.0000,7.7500,8.0000,7779100,61124888.0000,6449
20240923,300627,28.5900,28.3600,29.0500,28.3300,28.8600,3681017,106074455.3600,10217
20240923,300628,35.3500,35.4200,36.2500,35.3300,35.7100,3817283,136384098.1200,15979
20240923,300629,15.3800,15.2900,15.5500,15.1900,15.3700,1667259,25666049.6700,2245
20240923,300630,7.5300,7.6100,7.9500,7.6100,7.8000,25468514,199117279.4400,16339
20240923,300631,16.6600,16.8300,16.9700,16.6000,16.7200,2999776,50305065.0200,3938
20240923,300632,8.8600,8.8200,9.3900,8.7700,9.0900,4314012,39314667.2700,5837
20240923,300633,25.6400,25.8000,26.3500,25.0400,25.1100,4619481,117545666.8700,18512
20240923,300634,14.0500,14.2000,14.4500,14.0000,14.2300,15579700,222246726.8100,22156
20240923,300635,8.7100,8.6100,8.8500,8.3800,8.8200,14633246,125799937.8600,14022
20240923,300636,6.8600,6.9300,6.9900,6.8600,6.9000,2471570,17094126.0000,5773
20240923,300637,8.6100,8.5600,8.5800,8.3400,8.3900,11425287,96447447.2800,9539
20240923,300638,10.4600,10.4500,10.8500,10.4100,10.6500,19745295,211161569.8200,29911
20240923,300639,5.0400,5.0600,5.1300,5.0100,5.0600,8826239,44683318.8000,12560
20240923,300640,4.0300,4.0300,4.0900,4.0000,4.0200,3415500,13800802.0000,3985
20240923,300641,16.7900,16.7900,17.0900,16.7600,16.8700,12489700,211334278.0000,24032
20240923,300642,11.8200,11.8100,11.8800,11.5800,11.6500,2569880,30061409.6000,4152
20240923,300643,9.8000,9.7500,10.2900,9.7500,10.1400,6452300,64817345.0000,12411
20240923,300644,16.1400,16.1700,16.3300,15.9800,16.1600,2321000,37535239.0000,6873
20240923,300645,12.9500,12.8100,12.9100,12.6200,12.6800,9388320,119495535.0000,10235
20240923,300647,5.0800,5.0200,5.2400,4.8800,5.0900,33527560,169204521.2000,15403
20240923,300648,17.8400,17.5000,18.2900,17.4500,18.2000,4132700,74870849.0000,9142
20240923,300649,8.8600,8.8500,8.9500,8.7500,8.9100,1208400,10735749.0000,2293
20240923,300650,8.9800,8.7000,8.9200,8.5800,8.8200,7264700,63815949.0000,14623
20240923,300651,10.7700,10.7700,10.9000,10.7100,10.8300,829640,8974867.8000,1922
20240923,300652,18.5000,18.4800,18.5500,18.0400,18.5000,1503077,27577741.8700,4354
20240923,300653,18.0500,18.0400,18.2200,17.6500,17.7000,1453900,25914960.5000,3011
20240923,300654,7.9300,7.8900,8.0500,7.8300,7.9700,5937800,47260810.0000,7116
20240923,300655,6.4600,6.4200,6.4900,6.3300,6.3900,10385836,66394052.5500,7816
20240923,300656,17.9600,17.9000,18.0500,17.5000,18.0200,1800277,32197191.7500,2921
20240923,300657,13.3800,13.2000,13.3200,12.8100,13.0200,9768404,127985652.6500,10278
20240923,300658,4.4300,4.4200,4.4800,4.3700,4.4700,3475278,15401730.1400,5920
20240923,300659,13.2600,13.4500,13.9700,13.2700,13.5200,12438488,169027305.5200,23107
20240923,300660,23.0800,22.9200,23.1300,22.6600,22.8200,1443920,32997745.6000,4990
20240923,300661,67.6700,67.6000,68.1500,65.1800,65.1900,1856706,123292923.3100,10808
20240923,300662,12.9900,13.0000,13.3300,12.8100,13.0300,7497603,98437912.7200,12495
20240923,300663,11.1200,11.2900,12.0900,11.0100,11.7300,58793164,683684509.1900,49824
20240923,300664,4.1300,4.1000,4.1600,4.0800,4.1400,4579150,18864117.5000,2729
20240923,300665,4.9600,4.9700,5.0200,4.9100,4.9700,2758440,13718715.0000,2758
20240923,300666,43.9200,44.5000,45.1600,44.0000,44.0000,4206670,187380574.8000,12394
20240923,300667,15.0100,14.8600,15.2200,14.5600,14.6200,6922275,101965049.5000,6973
20240923,300668,16.8700,16.7500,16.7800,16.3300,16.6500,1136207,18724759.8700,1574
20240923,300669,12.3500,12.3000,12.4500,12.2200,12.3600,592050,7302061.0000,739
20240923,300670,5.3700,5.3200,5.5900,5.2700,5.5200,14341100,77802845.6000,7707
20240923,300671,25.2700,25.2400,25.5300,25.0100,25.1800,2132420,53903978.0000,5629
20240923,300672,42.6100,42.6100,43.0800,41.9500,42.1100,2362482,100344720.2800,7146
20240923,300673,11.5300,11.4300,11.6500,11.3800,11.4500,1608800,18494691.0000,6466
20240923,300674,11.1800,11.2100,11.3500,11.0700,11.1700,15594985,174224083.3800,22100
20240923,300675,11.7300,11.7000,11.7600,11.5200,11.7100,2734600,31936670.0000,4041
20240923,300676,34.3900,35.2900,35.4800,34.3100,34.4300,1977147,68640517.9700,6966
20240923,300677,21.4100,21.4600,21.8800,21.1400,21.4000,10282964,221054875.2900,25279
20240923,300678,21.6200,21.6000,22.1000,21.4900,21.8700,7164500,156491613.0000,15481
20240923,300679,33.3100,33.3900,35.0600,33.3900,34.0400,12145315,418144159.0500,30200
20240923,300680,15.4300,15.3300,15.6500,15.3000,15.4500,2663600,41266287.0000,4725
20240923,300681,12.5700,12.5000,12.7100,12.4000,12.5200,2649850,33341646.0000,5952
20240923,300682,8.6600,8.6100,8.7300,8.4700,8.5200,9414405,80790237.6000,17409
20240923,300683,20.2900,20.3000,20.8000,20.3000,20.4600,664700,13667512.0000,2832
20240923,300684,14.5100,14.5300,14.7900,14.3000,14.6100,7805800,114014794.0000,17392
20240923,300685,17.9300,18.0000,18.1600,17.5500,17.7800,3759999,66892030.4000,9850
20240923,300686,7.3600,7.3700,7.4700,7.2500,7.3800,12792126,94422510.4800,14616
20240923,300687,13.2000,13.3700,13.5800,13.1500,13.3200,15595366,208518335.5000,25002
20240923,300688,21.9600,21.5700,22.0600,21.5000,21.7400,1724960,37680228.8000,2704
20240923,300689,13.8700,13.9000,14.4000,13.8000,14.3200,2035470,29031306.4000,4460
20240923,300690,16.4800,16.4900,16.5800,16.2400,16.2900,2946850,48312588.5000,11157
20240923,300691,15.8700,15.7000,16.3600,15.4800,16.3300,11504777,183573748.9300,15588
20240923,300692,4.2400,4.2300,4.2500,4.1900,4.2000,2114380,8925537.2000,2096
20240923,300693,21.0900,21.0800,21.1900,20.6300,20.7100,6565550,136460942.0000,16308
20240923,300694,7.5600,7.5500,7.7100,7.4900,7.6000,1687100,12850145.0000,3504
20240923,300695,34.6100,34.6100,34.8300,34.4000,34.6300,118900,4110269.0000,455
20240923,300696,11.7400,11.8800,11.9300,11.6100,11.8400,2946520,34865414.6000,5417
20240923,300697,9.7700,9.7500,9.8100,9.6300,9.7500,2935566,28618414.7200,5745
20240923,300698,30.3900,30.3100,30.8500,30.1900,30.6400,407200,12466876.0000,1419
20240923,300699,26.3600,26.4000,26.5300,25.8100,25.8100,4549220,119000248.0000,12574
20240923,300700,5.6400,5.6400,5.6800,5.5200,5.5600,3760778,20985363.0600,4944
20240923,300701,7.3000,7.3200,7.4000,7.2100,7.3700,2446725,17994531.2500,5954
20240923,300702,13.9400,13.9100,14.0100,13.6800,13.7400,1525448,21043630.4400,4836
20240923,300703,7.2800,7.2100,7.3500,7.2100,7.2600,2101600,15309294.0000,3742
20240923,300705,18.0600,18.1400,18.4900,17.8900,18.1000,5490953,100161414.2700,17291
20240923,300706,17.0700,16.9800,17.2300,16.9400,17.1100,955600,16323151.0000,2554
20240923,300707,10.1800,10.1000,10.3000,10.0400,10.1300,4197000,42601169.0000,6806
20240923,300708,7.8100,7.8100,7.9400,7.7500,7.9100,6887300,54293901.0000,8921
20240923,300709,29.1400,28.9600,29.6600,28.5600,28.7000,16008200,464847897.5000,42515
20240923,300710,14.9400,14.9400,15.2800,14.8300,15.0000,2186800,32966321.0000,7072
20240923,300711,14.3700,14.3700,17.2000,14.3700,15.7100,30231077,485798592.8900,38651
20240923,300712,18.1000,18.0600,18.2500,17.8200,17.9500,599500,10800433.0000,2268
20240923,300713,12.9400,12.8700,13.0800,12.7400,12.9600,3659533,47352550.6900,7417
20240923,300715,5.9200,5.9100,5.9900,5.8700,5.9800,1764000,10473049.0000,3143
20240923,300716,8.5800,8.5200,8.7400,8.3700,8.4200,8772860,74696642.2000,6996
20240923,300717,12.6500,12.6500,12.7000,12.4000,12.5000,1189800,14890079.0000,2844
20240923,300718,12.9200,12.9300,13.0500,12.7500,12.8500,4425548,56977766.2000,7588
20240923,300719,14.3100,14.3100,14.4900,14.1400,14.2800,5984151,85814002.8000,12751
20240923,300720,12.4100,12.2500,13.6000,12.0300,13.2100,6079684,78256012.3200,7947
20240923,300721,10.4400,10.4100,10.5400,10.3100,10.4600,1865550,19497645.2500,4861
20240923,300722,19.0800,19.0800,19.3500,19.0200,19.1000,3805882,73051365.1900,6014
20240923,300723,12.9000,12.8500,13.1100,12.8300,12.9100,2356000,30536457.0000,9922
20240923,300724,43.7000,43.7100,44.0600,42.9100,42.9900,4606900,199473329.1200,15331
20240923,300725,25.0400,26.1000,27.0900,25.9200,26.0600,7171105,188830801.7400,13302
20240923,300726,23.0800,22.6100,22.9700,22.5000,22.6700,7842998,178074695.3400,17609
20240923,300727,20.4000,20.3000,20.6500,20.2500,20.5300,727594,14911702.3800,1705
20240923,300729,13.7200,13.7000,13.8800,13.6100,13.8500,1771017,24431301.9100,3389
20240923,300730,10.1400,9.9100,10.5000,9.6900,10.1600,25218143,253288559.1000,20947
20240923,300731,13.5100,13.4000,13.9600,13.2500,13.5800,2478000,33708946.0000,4933
20240923,300732,6.2300,6.2400,6.2800,6.1400,6.2500,3732367,23266371.5800,3880
20240923,300733,9.0900,9.0600,9.2000,8.9900,9.1400,2050220,18690815.8000,6102
20240923,300735,17.1200,17.7500,20.3000,17.4700,19.1400,71859929,1368175497.8700,89855
20240923,300736,8.4100,8.4400,8.5500,8.2500,8.3000,8697685,72718668.4300,10256
20240923,300737,4.1100,4.0900,4.1500,4.0300,4.0800,8732500,35690696.0000,10036
20240923,300738,9.0500,9.0300,9.1100,8.9900,9.0100,17444782,157797247.0000,15029
20240923,300739,10.6000,10.5600,10.7600,10.4500,10.6800,2772619,29600442.8900,7075
20240923,300740,9.8500,9.8500,10.0000,9.7100,9.8100,5382089,52834808.4200,10686
20240923,300741,14.3400,14.2800,14.4500,14.1600,14.2700,814700,11664756.0000,2857
20240923,300743,11.5300,11.5200,11.6700,11.4200,11.5500,1002504,11594045.0400,4160
20240923,300745,13.6900,13.5600,14.0800,13.4000,13.6900,4953500,67804472.0000,8676
20240923,300746,12.6900,11.4000,12.3500,10.8800,11.0600,45779833,526386000.1900,55220
20240923,300747,13.8500,13.8900,14.0600,13.7600,13.9600,3562045,49708278.0000,8166
20240923,300748,10.3000,10.2700,10.4000,10.2100,10.2400,5427737,55805723.6000,11476
20240923,300749,5.1900,5.1800,5.2500,5.1300,5.2200,1681800,8728461.0000,3065
20240923,300750,185.6000,186.6600,189.4300,185.5000,188.2000,15792549,2968348168.2200,70683
20240923,300751,71.9900,71.9800,72.3500,69.0000,69.1500,3250434,228026187.8200,19348
20240923,300752,13.3000,13.2900,13.3000,12.9000,13.0700,7975843,104318017.0100,21428
20240923,300753,11.0100,11.0900,11.1700,10.8800,11.0600,1970519,21784599.9300,5249
20240923,300755,11.7000,11.6600,12.0700,11.6000,11.7000,2745414,32374542.2300,5666
20240923,300756,11.6200,11.6800,11.7700,11.4100,11.4800,1469500,16959372.0000,2493
20240923,300757,81.0000,80.5000,83.9800,80.0000,80.0600,4413800,360743193.2000,15144
20240923,300758,9.9500,9.9500,10.1200,9.8600,9.9800,9428705,94440549.6000,19423
20240923,300759,21.5500,22.6200,22.8000,21.1200,21.3500,34895267,763478358.3500,61432
20240923,300760,227.8800,227.9600,229.4400,221.6600,222.3400,5130692,1151450549.7800,32574
20240923,300761,17.2700,17.0800,17.6400,16.9700,17.4800,5196527,90239412.5800,15444
20240923,300762,12.8300,12.8300,13.4100,12.8000,13.0400,20190302,264717478.2000,23295
20240923,300763,61.5400,61.5400,61.7600,58.8500,59.0200,9780928,585909221.0600,34214
20240923,300765,22.6300,22.8800,22.9900,21.9500,22.0800,3801668,85356009.2400,9807
20240923,300766,10.1300,10.1900,10.4600,10.0700,10.3300,18480983,190442715.5800,23382
20240923,300767,8.0700,8.0300,8.1600,7.9600,8.0200,3002083,24150262.3200,6216
20240923,300768,12.8800,12.9100,13.0500,12.6900,12.7300,9424150,120955002.3900,16175
20240923,300769,22.4700,22.4400,24.1900,22.2300,23.0500,14450471,336335865.9600,26125
20240923,300770,34.4100,34.3900,35.0500,34.1900,34.5600,1508400,52425765.0000,4876
20240923,300771,8.4600,8.3900,8.5700,8.3900,8.5400,3670643,31273233.3600,9528
20240923,300772,9.4700,9.4500,9.4900,9.2000,9.2100,9549944,88847950.4600,17296
20240923,300773,11.9700,11.9600,12.1900,11.8500,12.1000,13971100,168648736.0000,21866
20240923,300774,7.0900,7.1400,7.1500,6.9800,7.0500,2769800,19499400.0000,5747
20240923,300775,19.9400,19.9300,20.2500,19.8300,19.9400,6384140,127774227.6000,12767
20240923,300776,42.4300,42.4300,42.6000,41.0800,41.2000,2287100,95723294.6000,6157
20240923,300777,20.8200,20.7800,21.1100,20.4500,20.5200,2727600,56513421.2400,5775
20240923,300778,9.4000,9.1700,9.3000,8.9500,8.9900,6528206,59151347.2100,6440
20240923,300779,53.3800,53.0200,53.6000,51.9400,52.3400,3370040,177136498.0000,9522
20240923,300780,12.4300,12.4100,12.5100,12.2800,12.4100,2113500,26243121.0000,5034
20240923,300781,39.9900,40.0300,41.8000,39.6200,41.2700,7957016,324512987.0000,20289
20240923,300782,61.2200,60.9900,61.9000,60.6400,60.8000,3717967,227233841.4500,14071
20240923,300783,16.7200,16.6500,17.0300,16.5800,16.7000,6422121,107684924.2400,16357
20240923,300784,45.0600,44.9800,45.4600,44.7700,45.2400,771000,34789418.0000,2560
20240923,300785,17.5800,17.3300,18.5000,17.0500,18.0400,14647257,258704540.4400,32150
20240923,300786,10.8800,10.4200,10.6400,10.1500,10.5500,14283744,148273959.4400,12369
20240923,300787,10.5200,10.5000,10.6800,10.3700,10.5000,3164680,33306286.0000,8915
20240923,300788,23.3300,23.3900,23.5000,23.1400,23.2600,2263000,52820909.0000,7994
20240923,300789,11.8200,11.8100,12.0000,11.7000,11.7700,1228060,14535587.0000,3579
20240923,300790,12.1000,12.0700,12.2800,12.0100,12.1300,3145500,38182569.9000,7894
20240923,300791,24.1500,24.0200,24.2600,23.0200,23.4500,2103759,49569096.6100,6903
20240923,300792,15.5200,15.4500,15.8000,15.3300,15.6500,1985626,30965220.5500,5662
20240923,300793,12.1900,12.1900,12.3900,12.0300,12.0900,8084800,98510243.0000,10346
20240923,300795,13.1400,13.1700,13.4200,12.9800,13.2100,968725,12833262.7500,2509
20240923,300796,10.1700,10.1700,10.2700,10.0700,10.1400,4549380,46292216.9200,5180
20240923,300797,9.8000,9.6400,9.9600,9.4400,9.8300,12940064,125610399.8600,11275
20240923,300798,4.9000,4.9200,4.9400,4.8200,4.9100,3246000,15901915.0000,6057
20240923,300800,8.6500,8.6100,8.7800,8.5100,8.7600,1400550,12112241.5000,2928
20240923,300801,12.7200,12.8100,12.8100,12.5700,12.6100,683299,8657679.2600,1827
20240923,300802,13.4700,13.5500,13.6400,13.3000,13.3200,1649829,22083391.7000,3095
20240923,300803,36.4400,36.3700,36.9600,35.9000,36.6300,7373000,269744800.4700,16914
20240923,300804,19.8000,20.5800,20.5800,19.7200,19.7800,205300,4084080.4400,571
20240923,300805,6.6500,6.6600,6.7300,6.5600,6.7200,3686900,24642796.0000,6688
20240923,300806,9.5500,9.4900,9.6200,9.3600,9.3700,7875906,74370973.3400,7353
20240923,300807,25.2600,25.4400,26.5000,25.0000,26.1200,5225311,135454045.6700,15001
20240923,300808,16.4900,16.4900,16.8600,16.3000,16.6000,1044700,17384465.0000,1798
20240923,300809,18.0800,18.1700,18.4800,17.9200,18.4200,2009480,36625039.8000,3185
20240923,300810,15.4400,15.3200,15.8400,15.0600,15.6600,1735400,26836180.0000,5595
20240923,300811,37.4600,37.4600,37.9000,37.0200,37.2200,1570979,58586400.6100,6409
20240923,300812,17.0600,17.1800,17.3900,16.9500,17.2400,2206040,38082223.8000,3522
20240923,300813,16.0300,16.0900,16.2500,15.9200,16.1000,883300,14202937.0000,2512
20240923,300814,22.9300,22.8200,23.3800,22.6000,22.8900,1687528,38916571.4800,5118
20240923,300815,11.0100,11.0000,11.0900,10.9200,11.0900,1322696,14617582.2000,2748
20240923,300816,17.7500,17.6700,18.1000,17.5800,17.9000,1080586,19326338.2000,2352
20240923,300817,10.1700,10.1100,10.2000,10.0400,10.0900,3902025,39427491.0000,3807
20240923,300818,22.0400,22.0000,22.2600,21.7700,21.8200,1107195,24336011.5000,3001
20240923,300819,10.3900,10.4000,10.5000,10.2600,10.4800,955900,9972166.0000,2747
20240923,300820,35.4300,35.4000,35.7000,34.6500,34.7900,2106650,73957484.7500,5251
20240923,300821,6.2000,6.2100,6.2500,6.1400,6.1600,2520397,15562206.5500,7101
20240923,300822,9.0800,9.2400,9.2500,8.9800,9.1600,2803372,25676909.5400,7331
20240923,300823,10.5100,10.4700,10.5400,10.2800,10.3600,2412460,25107723.8000,3746
20240923,300824,7.1300,7.1200,7.2000,7.0700,7.1300,1458650,10403752.5000,2936
20240923,300825,8.3600,8.3600,8.4400,8.2700,8.3700,4055471,33918676.6900,4428
20240923,300826,11.7100,11.6800,11.8100,11.4900,11.7300,2337982,27362138.8600,3547
20240923,300827,34.8900,35.2000,35.2400,33.0300,34.1800,11249738,381664058.1600,28668
20240923,300828,10.8300,10.8100,10.9400,10.6500,10.8700,1614672,17490465.9200,2184
20240923,300829,12.4500,12.3100,12.6100,12.3000,12.5100,1019460,12699160.8000,3361
20240923,300830,6.1600,6.1300,6.2200,5.9900,6.0400,18179870,110638639.7000,10778
20240923,300831,11.4300,11.3800,11.4600,11.0700,11.1200,5685738,63830455.4100,10889
20240923,300832,68.5100,68.4300,68.4900,66.9000,67.6500,1979575,133873522.1300,11479
20240923,300833,35.7200,35.8800,36.2400,35.4700,35.7300,270650,9701321.0000,1444
20240923,300834,16.5300,16.4500,16.6300,16.3700,16.3700,192900,3180904.0000,527
20240923,300835,22.2400,22.0800,22.5000,21.9000,22.2700,2046300,45468227.0000,6629
20240923,300836,32.9300,32.8000,33.1300,31.8100,32.6400,1235340,40121469.5000,3153
20240923,300837,16.8200,16.8400,17.0000,16.6900,16.8800,296800,5015319.0000,815
20240923,300838,9.7300,9.6400,9.8200,9.6400,9.8100,618100,6034741.0000,1285
20240923,300839,5.8100,5.7900,5.9100,5.7600,5.8800,2946100,17234726.0000,5194
20240923,300840,7.8200,7.8300,7.8500,7.7000,7.7800,5150900,40107183.0000,5632
20240923,300841,45.0000,45.0800,45.7500,44.8700,44.9800,1054443,47699833.7800,4144
20240923,300842,30.8200,30.8300,31.2900,30.4600,30.8900,2916940,89937482.8000,8865
20240923,300843,21.6500,21.6500,22.5000,21.5100,22.1600,5007600,111338761.9700,16538
20240923,300844,24.8500,24.8000,24.9900,24.2100,24.9300,803620,19905173.8000,2247
20240923,300845,10.5700,10.7200,10.8600,10.4000,10.7600,4733196,50682155.4600,10703
20240923,300846,9.3300,9.4000,9.4000,9.1300,9.1800,12777380,117652144.8200,16451
20240923,300847,14.0500,13.9800,14.2500,13.7900,14.2500,6570800,92497383.0000,7829
20240923,300848,12.7600,12.8200,12.8500,12.6200,12.7800,447902,5699536.2600,1268
20240923,300849,12.0900,11.9900,12.1400,11.7400,12.0900,1346050,16185431.0000,2122
20240923,300850,13.9800,13.9200,14.0800,13.8200,13.8600,3732544,51891185.0500,8626
20240923,300851,24.3500,24.3500,24.6200,23.9100,24.6200,1005200,24349131.0000,2197
20240923,300852,20.4300,20.4400,20.8000,20.2000,20.5800,1027940,21192209.6000,3193
20240923,300853,11.5600,11.5600,13.5200,11.3900,12.5800,9170480,113758161.6000,19730
20240923,300854,10.1100,10.1300,10.2300,9.9800,10.0900,1414700,14298747.6800,4204
20240923,300855,19.5500,19.4100,19.8200,19.2000,19.3200,1654565,32181763.5500,5148
20240923,300856,23.4800,23.4400,23.9800,23.3000,23.6900,2968903,70383739.4000,7387
20240923,300857,45.3700,45.4000,47.2500,44.9200,45.4500,8564050,393681961.6200,36839
20240923,300858,13.5900,13.5000,13.7200,13.5000,13.5000,507400,6889952.0000,991
20240923,300859,28.1200,28.1200,28.6800,27.8200,28.2400,8019730,226139146.7000,13772
20240923,300860,20.7400,20.8000,20.9200,20.4200,20.6000,1179830,24418234.8000,3584
20240923,300861,16.6000,16.5600,16.7300,16.4200,16.5100,1477357,24412869.6300,4658
20240923,300862,18.9900,18.8800,20.1000,18.7800,19.6500,2537612,49530756.0000,3258
20240923,300863,40.3700,40.4000,42.2000,40.1800,42.1600,2298189,95687168.8300,5167
20240923,300864,18.1200,18.0500,18.1800,17.8600,18.0500,355771,6411824.6100,1081
20240923,300865,13.3800,13.3900,13.5400,13.2000,13.4600,918600,12312170.0000,3154
20240923,300866,67.8700,67.6800,70.0000,67.3100,69.5500,4001822,277363511.1600,20012
20240923,300867,11.2000,11.2000,11.2800,11.0500,11.0800,1109300,12370264.0000,1610
20240923,300868,16.0900,16.1700,16.8000,15.9000,16.4800,4521200,74446152.0000,11399
20240923,300869,12.4300,12.4500,12.6200,12.4100,12.4500,1256200,15692752.0000,3522
20240923,300870,39.2500,39.0100,39.8500,38.8100,38.8900,1295599,50702253.5700,4949
20240923,300871,8.0200,8.0400,8.1500,7.8900,7.9500,1327200,10608702.4100,3188
20240923,300872,10.7700,10.7500,10.9300,10.6600,10.8000,3953315,42732413.8900,8415
20240923,300873,13.3500,13.3500,13.7600,13.2100,13.5800,1642880,22259326.0000,4214
20240923,300875,23.7400,23.0300,24.2000,23.0300,23.7100,6801620,159830320.1000,11565
20240923,300876,13.6800,13.8600,13.8600,13.5700,13.7300,311650,4261461.5000,927
20240923,300877,10.3100,10.3100,10.4700,10.2800,10.3300,843432,8753515.1600,2356
20240923,300878,13.7000,13.7800,13.9400,13.6200,13.7200,688900,9498316.0000,2012
20240923,300879,12.8600,12.8100,12.8800,12.6000,12.6500,2632817,33482439.5800,6171
20240923,300880,17.4700,17.5000,17.7400,17.3000,17.3600,2438724,42601301.3600,6098
20240923,300881,22.3100,22.3000,23.4900,22.1300,23.2500,1984940,45743448.1000,4877
20240923,300882,12.2800,12.2600,12.4300,12.1700,12.2100,1225424,15052997.0800,3875
20240923,300883,3.9900,3.9800,4.0400,3.9500,4.0000,2568300,10287703.0000,2105
20240923,300884,9.0700,9.5300,9.8900,9.2100,9.4300,20738625,197263311.2500,22419
20240923,300885,7.9400,7.9000,7.9500,7.7900,7.8600,3798000,29858790.5000,2689
20240923,300886,17.4000,17.3800,17.4700,16.9300,16.9800,1250781,21386799.1900,2747
20240923,300887,6.5000,6.3900,6.5100,6.3600,6.4200,16065597,103443040.1200,12023
20240923,300888,24.1300,24.1100,24.2400,23.8500,23.9200,1067597,25593821.4900,4981
20240923,300889,10.6800,10.7100,11.1700,10.6700,11.0800,4053700,44727984.0000,5862
20240923,300890,23.8400,23.8500,24.4100,23.7200,24.0000,2729048,65792357.3800,4839
20240923,300891,6.8800,6.8700,6.9200,6.7900,6.8900,1951600,13419971.0000,2264
20240923,300892,16.2200,15.9800,16.6900,15.8100,16.2500,5650800,91696711.0000,10975
20240923,300893,26.7800,26.6500,27.2000,26.5800,26.7700,684721,18344901.6000,3758
20240923,300894,11.6800,11.6400,11.7800,11.4500,11.5800,8043100,93357269.3400,11255
20240923,300895,26.3200,25.8500,26.8500,25.8000,26.1500,5334687,139775406.0700,11321
20240923,300896,138.2700,137.0300,140.3700,136.6200,138.2800,1297950,179560448.2400,8716
20240923,300897,17.1900,17.2400,17.5000,17.1500,17.1900,541664,9364906.2800,1483
20240923,300898,15.7200,15.6400,15.8300,15.5000,15.5900,1105300,17267115.0000,2368
20240923,300899,17.0500,17.0200,17.2400,16.8900,16.9900,557500,9504532.0000,1744
20240923,300900,14.8500,14.8200,14.9500,14.7000,14.7600,2575340,38175286.8000,4921
20240923,300901,6.8100,6.8900,7.1100,6.8000,7.0900,5216551,36377442.9600,4463
20240923,300902,15.1900,15.1900,15.3800,15.0600,15.1800,594889,9045833.0100,1490
20240923,300903,6.3300,6.3300,6.4500,6.2400,6.4100,6305411,40194734.0000,8473
20240923,300904,35.8700,35.6000,36.0000,35.1000,35.2300,572100,20274229.0000,2521
20240923,300905,24.1200,23.5200,23.9900,23.0000,23.7100,10716248,252611284.0400,24824
20240923,300906,18.0400,17.9800,18.2500,17.9000,18.1200,375300,6806422.8800,1081
20240923,300907,16.8100,16.7500,17.0500,16.6900,16.7900,585700,9860866.0000,2803
20240923,300908,22.5400,22.3500,22.8400,22.1100,22.1600,768327,17248415.3300,2854
20240923,300909,18.2200,18.1100,18.6500,17.9200,18.4200,2943041,53892438.6300,9220
20240923,300910,35.5300,35.5300,36.1900,35.0000,35.2500,1596169,56339351.3600,5734
20240923,300911,20.2100,20.1100,20.3700,20.0800,20.2100,553150,11186274.9000,1794
20240923,300912,10.0500,10.0400,10.0800,9.7700,9.8500,4892410,48317173.5900,4755
20240923,300913,26.1300,26.1600,27.2000,25.9100,26.6300,3849630,102812233.4000,12782
20240923,300915,24.9500,24.7700,25.1800,24.7700,24.7800,202500,5048498.0000,1064
20240923,300916,20.4800,20.4500,20.8700,20.3100,20.4300,1302175,26818392.7500,5269
20240923,300917,34.2600,33.0000,34.9000,32.9000,34.5800,14163456,484070030.9000,32466
20240923,300918,7.3000,7.3500,7.3500,7.2300,7.2600,1944600,14173509.0000,2272
20240923,300919,28.0000,27.8400,28.1600,27.4400,27.4800,4273487,118234587.3500,11697
20240923,300920,12.7700,12.7500,12.8800,12.6000,12.7200,575700,7344482.0000,1567
20240923,300921,17.8500,17.8500,18.3500,17.6500,17.9200,2803072,50556595.6000,4447
20240923,300922,11.4400,11.4400,11.8000,11.3600,11.5800,3250802,37777331.2600,7017
20240923,300923,17.9300,18.1500,18.1500,17.7100,17.8400,1221757,21841959.1600,4525
20240923,300925,13.9400,14.0000,16.7300,13.7100,16.7300,91938863,1406951559.2700,79527
20240923,300926,18.3100,18.1600,18.5500,18.1200,18.2400,1602991,29354346.1000,3636
20240923,300927,16.1700,15.8000,16.0900,15.4000,15.5500,9289445,145310795.2400,13340
20240923,300928,27.3200,27.3200,28.5000,27.0000,28.3800,1342600,37514494.0000,4177
20240923,300929,6.9100,6.9300,6.9900,6.8600,6.9000,1016953,7045567.2400,1893
20240923,300930,18.8800,19.0000,19.0600,18.6700,18.8200,821388,15483782.6000,3167
20240923,300931,4.9700,4.9700,5.0100,4.9100,4.9500,1631200,8092496.0000,1705
20240923,300932,10.1800,10.1800,10.2500,10.0300,10.0500,2449400,24794184.8000,5585
20240923,300933,5.5200,5.5200,5.5800,5.5000,5.5600,4130899,22890455.4400,5281
20240923,300935,16.4000,16.3300,16.8000,16.2500,16.6900,2230020,36966721.2000,6629
20240923,300936,32.5000,32.1500,32.7700,31.8000,32.1600,1975800,63816656.0000,4631
20240923,300937,18.4500,18.4500,18.6700,18.1800,18.2500,918644,16919850.2000,1458
20240923,300938,16.4800,16.4500,16.6000,16.2600,16.4800,649685,10710527.7000,1640
20240923,300939,24.2800,24.1100,24.6600,23.9200,24.2700,1206800,29395307.0000,4193
20240923,300940,12.1900,12.2500,12.3100,12.0600,12.0700,1177200,14320150.0000,2966
20240923,300941,15.1100,15.1100,15.4000,14.9700,15.2500,7187961,109614177.7900,13372
20240923,300942,6.6100,6.6400,6.6400,6.4100,6.4400,4931100,31867427.0000,9109
20240923,300943,10.2900,10.2700,10.4300,10.1500,10.2200,2047100,20988712.0000,5270
20240923,300945,8.2100,8.1500,8.3700,8.1100,8.2000,6082300,50031548.0000,5498
20240923,300946,22.0400,22.0400,22.1400,21.7100,21.9200,385220,8432900.8000,1237
20240923,300947,13.7800,13.6100,13.8300,13.2900,13.6000,6253900,84701923.9500,10396
20240923,300948,8.9900,8.8700,9.1000,8.7300,8.9300,3729789,33235292.0900,3345
20240923,300949,24.9500,25.1300,25.1900,24.6100,24.8300,521100,12990490.0000,1821
20240923,300950,11.8500,11.8500,12.0100,11.7500,11.9200,1030486,12294089.7000,3261
20240923,300951,24.1000,24.0500,24.7000,23.9100,24.2700,1278270,31182686.2000,3698
20240923,300952,16.4000,16.4000,16.5400,16.1800,16.2300,338017,5522840.9300,966
20240923,300953,46.0700,46.2800,46.6000,45.5100,45.6100,588030,27047367.7000,3150
20240923,300955,11.2900,11.3200,11.4200,11.2100,11.3200,554500,6273096.0000,1451
20240923,300956,14.2900,14.2800,14.6300,14.0700,14.3900,7159187,103237041.4500,17053
20240923,300957,39.8800,39.5900,40.2800,39.3000,39.3500,2128792,84212420.6600,8544
20240923,300958,9.7800,9.7200,9.8300,9.6000,9.7200,1965464,19068747.0400,2370
20240923,300959,24.4000,24.4300,24.7300,24.0600,24.3800,536900,13160741.0000,1824
20240923,300960,18.0400,18.0200,18.2500,17.7500,18.1600,1457868,26347338.6000,5658
20240923,300961,6.7500,6.7300,6.8000,6.6500,6.7100,1864900,12534636.0000,3250
20240923,300962,12.7100,12.4500,12.5000,12.2800,12.4500,2160905,26801685.9500,4677
20240923,300963,6.9900,7.0100,7.0500,6.9200,6.9500,2061254,14378869.5600,5457
20240923,300964,31.0400,31.0000,31.3000,30.5300,30.6700,1216300,37679986.0000,3662
20240923,300965,23.1600,23.0700,23.3100,23.0000,23.1400,172600,3999586.0000,288
20240923,300966,13.8200,13.9800,14.1400,13.7800,13.9300,1580286,22085248.7400,4512
20240923,300967,9.0200,9.0000,9.1000,8.9400,9.0300,1465200,13224356.0000,3435
20240923,300968,8.3200,8.3100,8.5000,8.2200,8.4200,9430594,79320255.1800,13097
20240923,300969,54.3900,54.0000,56.1400,52.9900,55.2500,2371400,129312878.4000,10339
20240923,300970,10.8600,10.8800,10.9600,10.8000,10.8500,645900,7024453.0000,1590
20240923,300971,16.8300,16.8600,16.9600,16.6300,16.7700,1069445,17960260.4000,2644
20240923,300972,30.2600,29.9500,30.2500,29.5200,29.6400,644930,19238486.7000,3072
20240923,300973,25.9600,25.9500,26.5000,25.4300,25.8300,3028864,78237680.2900,10647
20240923,300975,7.7000,7.7100,8.0900,7.6000,7.9400,27211043,214716483.5600,33162
20240923,300976,40.6400,40.7200,41.2300,39.5600,39.6000,1264560,50761511.2000,5927
20240923,300977,14.9000,14.7600,14.9100,14.5200,14.7300,2386200,35207721.0000,3826
20240923,300978,8.9700,8.9700,9.2600,8.8900,9.0900,3933100,35752591.0000,9257
20240923,300979,64.7200,64.8300,66.1100,64.7800,65.8300,1346739,88528149.2000,8497
20240923,300980,13.5400,13.4600,13.5400,13.2600,13.3600,998502,13365934.6400,1842
20240923,300981,9.5300,9.4800,9.5400,9.3800,9.4500,2371308,22395363.3600,5926
20240923,300982,15.5500,15.5300,15.6300,15.4000,15.4100,1108980,17168318.4000,2964
20240923,300983,15.5600,15.5600,15.6000,15.1700,15.4000,1001219,15327672.3100,2630
20240923,300984,18.5700,18.1900,18.8100,18.1900,18.5800,185800,3442484.0000,627
20240923,300985,15.3100,15.2800,15.4200,15.1300,15.2000,1584173,24168873.6300,2791
20240923,300986,7.3700,7.3900,7.4800,7.2900,7.4100,1690379,12537230.3900,3119
20240923,300987,11.9000,11.9000,12.0100,11.7700,11.9200,1382800,16461916.0000,4188
20240923,300988,15.1800,15.2000,15.2800,14.9200,15.0800,1220367,18473646.7400,3718
20240923,300989,11.3000,11.3000,11.3200,11.1500,11.2600,2152890,24217993.0000,2193
20240923,300990,29.3800,28.0000,30.5600,27.3000,30.4100,11724406,338304368.0400,24626
20240923,300991,12.9600,12.9800,13.2600,12.7600,13.0300,3189887,41753659.7900,8614
20240923,300992,13.9700,13.8700,14.4000,13.8700,14.2100,992600,14083795.0000,3013
20240923,300993,8.1500,8.1700,8.8300,8.1300,8.7700,10867506,93859413.1700,16198
20240923,300994,8.9900,8.9500,9.0500,8.8700,8.8900,1596932,14278277.0000,3996
20240923,300995,12.7000,12.6400,12.9200,12.5500,12.8000,669391,8575151.7100,2027
20240923,300996,14.9700,15.0500,15.1900,14.7000,14.8800,3417871,51189483.8400,7823
20240923,300997,9.7500,9.7800,9.8500,9.5400,9.5500,2680905,25844283.0000,4680
20240923,300998,12.6100,12.6900,14.6000,12.5300,13.7300,7472200,100658790.9900,13244
20240923,300999,25.5700,25.3900,25.4400,24.7800,24.8300,9622322,239943424.2800,22894
20240923,301000,12.0000,12.0100,12.2900,11.7700,11.8100,1540600,18330781.4000,5386
20240923,301001,18.1400,19.0100,19.1300,17.9000,18.3300,2512300,46143588.0000,5793
20240923,301002,14.2700,14.2600,14.5000,14.1800,14.3000,718350,10319401.7000,2607
20240923,301003,18.5800,18.5800,18.7800,18.2600,18.5300,403670,7456368.5000,1718
20240923,301004,91.2000,90.6900,91.2000,88.1800,89.5100,437300,39034124.0000,2713
20240923,301005,22.0000,21.9000,22.4700,21.6700,22.0000,1720100,37774454.7000,3387
20240923,301006,12.2800,12.3000,12.8300,11.9600,12.4900,5891125,72673887.6200,7488
20240923,301007,11.4400,11.4500,11.7100,11.3500,11.6000,3537305,40852253.8700,5354
20240923,301008,14.4900,14.5000,14.5700,14.2500,14.4300,470204,6777891.8400,1492
20240923,301009,7.1200,7.1900,7.1900,7.0500,7.1000,1336969,9499566.2100,2684
20240923,301010,11.0500,11.0200,11.1100,10.8900,10.9700,824400,9057405.0000,1965
20240923,301011,14.7200,14.7600,15.5700,14.5700,14.9700,4084611,61699947.7000,8582
20240923,301012,18.2800,18.2500,18.5600,18.1500,18.3400,3353560,61455796.2000,8826
20240923,301013,9.5500,9.5800,9.8500,9.5300,9.7200,8038107,78177440.1800,11419
20240923,301015,20.7700,20.6900,20.9600,19.7000,19.7700,2820177,56921916.7100,10081
20240923,301016,17.2100,17.2100,17.6300,16.9700,17.3500,3752950,64859511.8000,11008
20240923,301017,9.7500,9.6700,9.7600,9.5700,9.6100,5262928,50786402.9000,5477
20240923,301018,18.2000,18.1000,18.3100,17.8200,17.9600,1461404,26395536.2400,5306
20240923,301019,12.3800,12.3100,12.4200,12.2700,12.3500,195572,2414207.4500,661
20240923,301020,16.1600,16.1400,16.2500,15.9400,16.1600,699200,11298196.0000,1983
20240923,301021,17.1400,17.1600,17.2500,16.5100,16.7800,5269538,88980480.0600,10956
20240923,301022,17.2300,17.2800,17.5300,17.0100,17.4200,733600,12752856.0000,2390
20240923,301023,32.9000,33.1700,33.2000,32.5000,32.6800,911935,29867713.9500,4222
20240923,301024,18.4700,18.5000,18.7600,18.3600,18.5800,607200,11287489.0000,1654
20240923,301025,8.1200,8.1000,8.2200,8.0500,8.1100,2181300,17756184.0000,5645
20240923,301026,25.0100,24.9700,25.1400,24.4100,24.8300,1160509,28847691.8200,3384
20240923,301027,7.6600,7.7000,7.7000,7.5300,7.6500,3998658,30450746.5400,3948
20240923,301028,8.6500,8.6600,8.6900,8.4400,8.5000,3295714,28083171.5700,7917
20240923,301029,16.9900,16.9800,16.9900,16.6000,16.6800,3647970,61041419.8600,8547
20240923,301030,21.0500,20.9000,21.2500,20.3900,20.4800,5388192,111415576.7000,11614
20240923,301031,70.3900,70.3900,74.5800,69.8000,73.4500,923432,66981361.3600,6291
20240923,301032,6.5100,6.4900,6.5500,6.4300,6.5100,1597026,10374722.1300,4467
20240923,301033,38.6100,38.6200,38.9800,38.0700,38.4300,219615,8451238.2100,1217
20240923,301035,37.8900,37.5200,38.0900,37.5000,37.9100,828188,31275854.2000,2753
20240923,301036,27.9300,27.6600,28.3400,27.3600,28.3300,6006519,167601000.1600,12728
20240923,301037,8.3900,8.3600,8.5000,8.3000,8.3800,841420,7061750.4000,1862
20240923,301038,14.0700,14.0500,14.1200,13.8800,14.0500,1995342,27947372.4800,5028
20240923,301039,9.0900,9.0900,9.1800,8.9800,9.0700,7932270,72031564.8000,14180
20240923,301040,10.2800,10.2300,10.3100,10.0400,10.0700,2033700,20648704.0000,3045
20240923,301041,19.3700,19.3000,19.7300,19.1300,19.4000,2568030,50100974.8000,5292
20240923,301042,28.3100,28.1400,28.8000,28.1200,28.2800,572200,16292411.0000,2326
20240923,301043,22.5500,22.5900,22.7500,22.3500,22.6100,181200,4092640.0000,691
20240923,301045,15.8500,15.9700,16.0000,15.5000,15.7800,1073970,16967766.9500,3466
20240923,301046,17.1700,17.1700,17.2000,16.9200,16.9900,946200,16082300.0000,2958
20240923,301047,57.6300,58.1800,58.8900,57.5600,57.7300,525209,30544022.6400,2966
20240923,301048,8.0000,7.9200,8.0600,7.9100,7.9300,3995300,31867481.0000,3183
20240923,301049,18.7200,18.9400,19.6500,18.5100,19.5300,3309292,63802941.0000,7893
20240923,301050,30.6800,30.4500,30.9500,30.1100,30.1300,2477436,75888930.0000,6888
20240923,301051,23.5400,23.5300,23.8700,23.0100,23.0700,823680,19188175.4000,2346
20240923,301052,21.0000,21.0000,21.0000,20.3300,20.6900,7293037,150116341.3600,12464
20240923,301053,17.3500,17.1600,17.5500,17.0200,17.2900,689237,11953682.4500,2016
20240923,301055,10.6700,10.6700,10.8800,10.5800,10.6900,478340,5131234.5000,1778
20240923,301056,6.1800,6.1800,6.2600,6.1100,6.1900,1712688,10625402.2000,4365
20240923,301057,11.7000,11.6800,11.7800,11.3400,11.3800,3270272,37947163.6600,3376
20240923,301058,8.3800,8.2300,8.3800,8.1500,8.2800,5971488,49299442.1000,5046
20240923,301059,7.8700,7.9100,8.0000,7.2400,7.9000,826326,6520024.0600,2354
20240923,301060,8.2000,8.2800,8.4100,8.1600,8.3300,6144561,50943740.1200,13316
20240923,301061,50.3700,50.3000,50.6800,49.0600,49.4300,1062086,52716650.8000,5307
20240923,301062,8.7300,8.6800,9.8500,8.6800,9.7100,9821816,93203937.2600,13200
20240923,301063,13.2500,13.2900,13.3600,13.1500,13.2500,885800,11746747.5400,2731
20240923,301065,17.2600,17.4600,17.4600,17.0200,17.1500,887500,15309226.0000,3266
20240923,301066,8.1600,8.1700,8.2300,8.0600,8.0800,3455628,28088779.9000,4700
20240923,301067,19.6400,19.6700,20.1500,19.3800,19.8600,2441000,48525474.0000,5455
20240923,301068,19.1600,19.1700,19.3500,18.3800,18.6900,726840,13635812.9000,2034
20240923,301069,11.3500,11.3400,11.3600,10.6900,10.7800,5997678,66040311.2100,9717
20240923,301070,38.8700,38.4100,39.6900,37.6000,39.1500,1013400,39343019.0000,2615
20240923,301071,22.0300,22.0000,22.2000,21.6400,21.6400,1296420,28400687.8000,2760
20240923,301072,16.8100,16.6600,17.0300,16.5900,17.0100,1215160,20553779.6200,3372
20240923,301073,14.8400,14.8300,15.1000,14.7000,14.7500,3653857,54431865.2400,7351
20240923,301075,16.6000,16.7300,17.0900,16.4600,16.8500,1154600,19464641.0000,2846
20240923,301076,15.5800,15.5500,15.7500,15.4400,15.5400,903319,14058171.0000,3160
20240923,301077,15.8000,15.7300,15.9400,15.5800,15.7100,452900,7148200.0000,1640
20240923,301078,5.6700,5.6800,5.8500,5.6100,5.7500,34780169,199964009.5400,26891
20240923,301079,13.5600,13.5900,13.6000,13.2800,13.3700,3889114,52176545.8300,11206
20240923,301080,31.5300,32.0000,32.7200,31.6200,31.8300,1009150,32432030.0000,3791
20240923,301081,6.4500,6.4600,6.5100,6.3800,6.4900,1309613,8474355.9900,2707
20240923,301082,8.0900,8.0800,8.1700,7.9900,8.0000,2016820,16249330.0000,3280
20240923,301083,11.2800,11.3100,11.4100,11.2000,11.2500,1166128,13191136.9200,3666
20240923,301085,40.8000,41.2900,43.5800,41.2900,42.5800,5831831,248170251.5900,13972
20240923,301086,32.9400,32.9600,33.5500,32.3500,33.1600,1013350,33501189.5000,3004
20240923,301087,30.4800,30.4700,30.8500,30.0500,30.1200,664500,20132720.0000,3574
20240923,301088,10.4800,10.4800,10.5400,10.4000,10.4300,352744,3689919.4800,1214
20240923,301089,26.3100,26.5000,26.7800,26.2100,26.2900,1460053,38603733.7000,4090
20240923,301090,6.3500,6.3000,6.6500,6.1400,6.5600,35495326,225226391.8700,23240
20240923,301091,28.8400,28.5900,29.0000,27.7600,28.0000,13263485,375567475.9700,26451
20240923,301092,20.1200,19.7000,20.1000,19.7000,19.8300,772700,15369639.0000,2463
20240923,301093,19.5100,19.5000,19.6600,19.2600,19.3600,473700,9191925.0000,2135
20240923,301095,34.8500,34.8500,37.3000,34.6200,36.1000,4352963,157851148.8800,13193
20240923,301096,34.2700,35.1500,35.6200,34.1400,34.1900,3487113,121786262.9900,12956
20240923,301097,32.4000,32.5600,32.7600,31.9800,32.3300,87100,2818963.0000,366
20240923,301098,7.1800,7.2200,7.2800,7.1200,7.2300,1014000,7310035.0000,1911
20240923,301099,29.0800,29.6300,30.8800,29.2000,30.5500,3593920,108723714.1000,10342
20240923,301100,12.0800,12.0700,12.2000,11.9300,12.0200,493200,5943850.0000,1517
20240923,301101,21.3200,21.3000,21.5300,20.8500,21.0000,3652370,77232184.5000,8865
20240923,301102,8.0300,8.0200,8.7200,7.7800,8.3100,14733254,119487353.5600,20168
20240923,301103,17.1800,17.3200,17.5100,17.1600,17.2500,962150,16645477.0000,2413
20240923,301105,22.5400,22.3200,22.7500,22.3200,22.5300,228100,5150907.0000,1007
20240923,301106,27.9600,28.0600,28.4900,27.6600,27.8000,687000,19201051.0000,2401
20240923,301107,20.7200,20.7200,21.3700,20.5600,20.7300,294400,6106409.0000,1321
20240923,301108,21.4800,21.4100,21.8800,21.1500,21.5100,288000,6233447.0000,775
20240923,301109,13.8100,13.8900,13.8900,13.7100,13.8500,504870,6978950.3000,2181
20240923,301110,25.6900,25.6900,26.1900,25.2800,26.1000,1056138,27354289.2200,4634
20240923,301111,13.1600,13.1800,13.3300,13.1100,13.2000,828200,10953301.0000,2074
20240923,301112,18.3400,18.4100,18.4900,18.1300,18.3000,769800,14094703.0000,2883
20240923,301113,18.5200,18.5000,18.7000,18.2600,18.3500,219300,4056693.0000,727
20240923,301115,12.2300,12.2000,12.3200,12.1100,12.1300,2030000,24762635.4300,3135
20240923,301116,9.9100,9.9000,9.9300,9.7300,9.7500,1441600,14132077.0000,4703
20240923,301117,24.8000,24.9300,25.3500,24.3800,25.0500,3279790,81838686.5000,13239
20240923,301118,14.5500,14.3700,14.8700,14.3100,14.5800,1284400,18763197.0000,4209
20240923,301119,16.9100,17.4700,17.8000,17.1700,17.2400,2067970,35917631.0500,4813
20240923,301120,7.6200,7.5700,7.6800,7.5300,7.5500,1675350,12707034.0000,3549
20240923,301121,33.3900,33.3000,33.6100,32.6600,32.6800,1424600,47219516.0000,3557
20240923,301122,15.6500,15.6000,15.7300,15.4000,15.5900,1397027,21730486.6300,3415
20240923,301123,14.9800,15.3000,15.5000,15.0300,15.1800,4727363,72142889.6700,13124
20240923,301125,8.2200,8.2200,8.3000,8.1300,8.2200,1152880,9472441.2000,2557
20240923,301126,8.7800,8.8300,8.9100,8.7700,8.8200,1883798,16647324.2600,3141
20240923,301127,8.0700,8.0600,8.0600,7.8800,7.9000,3005563,23880324.9200,4212
20240923,301128,41.6400,41.5000,41.9800,40.7800,41.2400,1856970,76704771.4000,5110
20240923,301129,17.6700,17.7300,17.9300,17.5000,17.8000,1657440,29445883.2000,3918
20240923,301130,22.6600,22.8700,22.8700,22.4400,22.4900,437700,9874877.0000,1970
20240923,301131,27.8000,27.9900,28.1600,27.6100,28.0700,392884,10985228.2800,1546
20240923,301132,21.9000,21.7000,22.2500,21.5100,21.9100,2951488,64809914.1600,10705
20240923,301133,18.9200,18.9200,19.1100,18.7100,19.0000,535300,10157808.0000,1945
20240923,301135,18.0100,18.0100,18.2500,17.7900,18.1100,645090,11651824.9000,2242
20240923,301136,10.8100,10.7100,10.8800,10.5900,10.7700,5672740,61032153.8000,10464
20240923,301137,15.7400,15.3000,15.3400,14.7900,15.3300,8503586,127747135.6900,10330
20240923,301138,22.0200,21.9000,22.2800,21.5900,22.0900,994983,21950643.3600,3089
20240923,301139,18.4700,18.4100,18.8800,18.1300,18.5700,2180416,40471625.5600,5571
20240923,301141,26.3800,26.2100,27.2000,26.1000,26.4000,2196340,58455659.4000,4595
20240923,301148,15.3300,15.0900,15.9900,14.9600,15.5000,1660987,25623912.5600,3131
20240923,301149,8.0100,8.0100,8.0700,7.9200,7.9800,1980200,15828900.0000,2794
20240923,301150,17.0000,16.9400,17.0700,16.7900,16.9500,889034,15064870.8100,3353
20240923,301151,13.3900,13.3900,13.4700,13.2100,13.2800,1433500,19063873.0000,2373
20240923,301152,24.8700,24.8900,25.1500,24.5300,24.8600,1740100,43262274.0000,4109
20240923,301153,21.4800,21.7600,21.9600,21.0800,21.3300,16983025,364626585.2700,36347
20240923,301155,36.9800,36.9800,36.9900,35.9100,36.1400,1569305,56907608.0200,6263
20240923,301156,11.1000,11.2500,11.2500,11.0700,11.1500,601610,6723525.6000,1299
20240923,301157,28.9800,29.0200,29.2100,28.5600,28.9700,377898,10957237.8000,1637
20240923,301158,11.3700,11.4500,11.5000,11.3000,11.3800,518700,5916938.0000,1117
20240923,301159,26.8700,26.8700,27.4000,26.5000,27.1000,2040100,55065336.0000,5127
20240923,301160,37.9000,38.1500,40.4800,37.8000,39.6600,3506766,139133269.9900,7467
20240923,301161,14.3300,14.3300,14.8000,14.1500,14.5800,2309000,33368502.7000,7436
20240923,301162,31.0300,30.7600,31.6600,30.5800,30.7100,1440293,44896143.7800,7971
20240923,301163,17.4300,17.3300,17.5000,17.1900,17.1900,428200,7411864.0000,1268
20240923,301165,31.0600,31.0900,31.9400,30.7500,30.8800,2764669,86465311.7500,10774
20240923,301166,25.4200,25.5500,25.6800,24.4300,25.3200,528300,13432947.0000,2154
20240923,301167,11.2600,11.2000,11.2000,10.9200,11.0100,2499900,27580114.0000,4302
20240923,301168,23.5800,23.6500,23.7200,23.3900,23.5000,758800,17840267.0000,2706
20240923,301169,30.6600,30.7000,30.9800,30.3100,30.7500,4207000,129215009.6100,9329
20240923,301170,18.6000,18.6000,18.8400,18.3500,18.7600,458900,8584306.0000,1557
20240923,301171,12.8400,12.8400,13.0800,12.7500,12.9700,9453738,122529009.3600,15940
20240923,301172,22.9900,23.1100,23.8600,23.1100,23.6100,2756328,64979978.3200,5450
20240923,301175,4.2700,4.2600,4.2800,4.2400,4.2500,4145900,17664650.0000,6047
20240923,301176,15.9700,15.8800,16.1900,15.6600,15.9200,1588300,25394630.0000,6224
20240923,301177,17.7800,17.7000,17.9500,17.6100,17.6200,720674,12778753.6000,3024
20240923,301178,20.8000,21.0200,21.1800,20.5000,20.5900,2452800,50826266.2000,6595
20240923,301179,14.8300,14.7200,14.9500,14.6000,14.6400,1160160,17107977.0000,3925
20240923,301180,12.4000,12.3800,12.6400,12.2500,12.3900,2898300,36126742.0000,8391
20240923,301181,18.0500,18.0000,18.4100,17.6000,18.3900,559700,10201865.0000,1314
20240923,301182,19.7800,19.4900,20.5600,19.2700,20.0900,4502200,90260447.0000,7012
20240923,301183,32.1000,32.1000,34.6000,31.9200,33.2300,4836659,161017803.6300,12301
20240923,301185,14.8900,15.0000,15.8800,14.6700,15.6100,12856083,198824804.7100,21690
20240923,301186,27.6000,27.6000,27.9000,27.3000,27.5000,256800,7102205.0000,994
20240923,301187,19.7800,19.8600,20.0500,19.5100,19.7100,1939476,38374799.0800,7699
20240923,301188,11.7400,11.7400,11.8800,11.5200,11.6000,2787753,32484351.9800,7598
20240923,301189,19.3100,19.3100,19.5500,19.1700,19.4000,567400,11006454.0000,1833
20240923,301190,13.1500,13.1700,13.2100,12.7500,12.8700,1862900,23980001.0000,3442
20240923,301191,63.4600,63.0500,64.7000,62.3000,64.6700,2332057,149384145.1500,7294
20240923,301192,14.7000,14.7000,14.7900,14.2100,14.3800,596350,8629788.5000,2138
20240923,301193,13.3000,13.2600,13.4200,13.2100,13.2300,268500,3562542.8000,877
20240923,301195,25.3300,25.2800,25.7200,25.0900,25.3400,778391,19772709.8600,2969
20240923,301196,28.1800,28.0600,28.4200,27.9500,27.9700,350700,9871490.0000,1561
20240923,301197,11.4800,11.4200,11.6500,11.3200,11.5800,1820500,20918316.0000,2849
20240923,301198,7.5100,7.4900,7.5800,7.4200,7.5100,1766876,13266085.7200,1910
20240923,301199,21.1600,21.0900,21.3200,20.8800,21.1500,499268,10555730.4000,1673
20240923,301200,27.2200,27.0100,27.3700,26.8400,27.0500,368400,9983298.0000,1710
20240923,301201,16.8500,17.2000,17.3700,16.8700,16.9800,1104786,18904310.6400,2702
20240923,301202,24.5400,24.3300,24.9200,24.1800,24.4400,850200,20940921.0000,2914
20240923,301203,23.9700,23.9000,24.3500,23.7500,24.3100,184200,4460311.0000,850
20240923,301205,52.1300,52.1000,53.9600,51.6400,52.1500,2184727,115518498.4900,11346
20240923,301206,23.2000,23.4800,23.5000,23.1300,23.4000,259250,6046098.0000,1125
20240923,301207,15.7700,15.7800,16.0000,15.6400,15.6900,2129340,33540453.7000,7361
20240923,301208,26.4000,26.2600,26.7500,25.9700,26.4200,2994820,79032302.2000,7748
20240923,301209,19.8700,19.7800,20.1900,19.7800,19.9000,845100,16885977.0000,1909
20240923,301210,24.8900,24.8100,25.0800,24.6200,24.9300,343300,8553442.0000,1319
20240923,301211,13.9200,14.0900,14.3000,13.9800,14.0300,2125879,30036223.0600,2722
20240923,301212,16.9800,16.9000,17.1600,16.8100,16.8500,554700,9407982.0000,1276
20240923,301213,28.9000,28.7300,30.5000,28.4200,29.9400,3110400,92362322.8200,6741
20240923,301215,5.0500,5.0400,5.0900,5.0200,5.0600,4885770,24699751.5000,4681
20240923,301216,9.2500,9.2500,9.2900,9.1600,9.1900,1096650,10106882.0000,2387
20240923,301217,8.6600,8.6600,8.8000,8.5700,8.6700,2339111,20306362.4800,5309
20240923,301218,17.8900,17.8000,18.2500,17.7000,18.0400,1850610,33370494.7000,5216
20240923,301219,34.8600,34.6300,35.2500,34.2200,34.2500,2394459,83044438.5300,8885
20240923,301220,22.8800,22.8800,23.0900,22.7700,22.9900,240600,5526915.0000,576
20240923,301221,31.2100,31.6000,37.4500,31.5000,37.4500,9649158,338310015.4200,18087
20240923,301222,19.9100,19.9100,20.1500,19.6100,19.6100,441600,8744538.0000,1692
20240923,301223,14.0900,14.0200,14.1600,14.0200,14.1500,141748,2000750.8000,335
20240923,301225,22.0600,22.0000,22.4800,21.8700,22.3000,478307,10599882.7500,1588
20240923,301226,16.7700,16.6900,16.9200,16.5200,16.7200,2291599,38314592.3200,7018
20240923,301227,14.6100,14.4900,14.7800,14.4400,14.4600,606884,8849003.0800,1699
20240923,301228,11.0400,10.6000,10.8800,10.4700,10.8700,11422982,121676509.0200,16841
20240923,301229,16.7700,16.8300,16.9900,16.6000,16.8600,663784,11178429.7100,2509
20240923,301230,18.7900,19.4200,19.7100,18.9300,18.9300,3115722,60262850.8600,9600
20240923,301231,15.1600,15.0800,15.2800,14.9800,15.0800,1623675,24570576.2500,4055
20240923,301232,21.6300,21.5900,22.0000,21.4000,21.9200,1079700,23553393.0000,3106
20240923,301233,32.8800,32.8800,33.4000,32.6000,33.2500,359000,11904145.0000,1656
20240923,301234,21.0500,21.0700,21.3500,20.8200,20.8800,597000,12565371.0000,2168
20240923,301235,15.9100,15.9100,16.1800,15.8100,15.9600,412900,6578927.0000,1548
20240923,301236,36.3000,36.9000,38.4800,36.5000,36.8100,73125821,2729528847.6600,126664
20240923,301237,18.5000,18.6200,18.7900,18.4100,18.5700,208200,3882958.0000,657
20240923,301238,12.8900,12.8000,13.0600,12.7200,12.8800,3897900,50402610.0000,7363
20240923,301239,29.2000,29.4000,29.5200,28.8900,29.0700,930689,27102305.2200,4311
20240923,301246,10.8600,10.9900,11.0600,10.8600,10.8900,2361800,25836743.0000,6669
20240923,301248,12.2200,12.2400,12.6600,12.1300,12.3800,3317350,41131401.5000,5824
20240923,301251,24.4400,24.2200,24.9300,24.1300,24.4000,1513600,37115714.0000,4733
20240923,301252,22.2000,22.2000,22.4700,21.9300,22.2400,476260,10606867.3500,1399
20240923,301255,25.0000,25.0000,25.1700,24.7300,24.9100,411600,10287958.0000,1205
20240923,301256,5.9700,5.9800,6.0000,5.8700,5.9400,1166200,6922328.0000,2324
20240923,301257,24.4000,25.2500,25.6000,24.7900,24.9900,4145843,104464589.0300,10284
20240923,301258,20.2500,20.1900,20.4600,20.1300,20.2700,487700,9899833.0000,1815
20240923,301259,27.7200,27.8500,27.9400,26.4700,26.5900,1574090,42291488.1000,3065
20240923,301260,11.8100,11.8600,11.8900,11.7000,11.7800,1330300,15688716.0000,4479
20240923,301261,31.3000,31.1000,31.5600,30.8100,30.9800,947972,29470446.1300,2946
20240923,301262,20.7000,20.6100,21.0000,20.6100,20.7200,801384,16657674.6400,3744
20240923,301263,12.2800,12.2800,12.3200,12.1300,12.2100,1003520,12258084.6000,1581
20240923,301265,7.6400,7.6800,7.7200,7.6000,7.7000,775221,5947245.7700,1535
20240923,301266,27.1500,27.1200,27.4700,26.9600,27.1100,875400,23806248.0000,1832
20240923,301267,16.2700,16.3500,16.4300,16.0800,16.1800,2140252,34669517.1200,7092
20240923,301268,13.4500,13.5800,13.6000,13.2800,13.4500,903007,12151078.8000,3131
20240923,301269,74.4300,73.8500,74.8200,73.1100,73.1100,788432,58342652.7800,4548
20240923,301270,25.5200,25.5200,25.9500,25.2100,25.6900,1756608,45078535.9200,4946
20240923,301272,29.8300,29.6400,30.0500,29.3000,29.5500,251484,7459128.8000,821
20240923,301273,13.8300,13.8300,14.0400,13.7100,13.7800,441600,6116620.0000,1311
20240923,301276,17.2700,17.1700,17.4900,17.1300,17.3100,506721,8774839.9100,1347
20240923,301277,11.8400,11.9400,12.1500,11.8600,11.9000,2533100,30400742.1000,7437
20240923,301278,30.2300,30.2300,30.4300,29.8000,30.0000,1044950,31351119.9000,4139
20240923,301279,16.2000,16.2000,16.2600,15.9900,16.1000,789497,12733541.5500,2534
20240923,301280,33.0300,33.0300,33.8800,32.8400,33.4500,478666,16039661.3800,2072
20240923,301281,18.9400,19.1500,19.2900,18.9600,19.0700,493600,9438947.0000,1592
20240923,301282,18.0300,17.9300,18.4400,17.6400,18.0000,7753220,139166150.5200,17916
20240923,301283,21.4100,21.4600,21.6300,21.2400,21.4300,253308,5438862.8000,992
20240923,301285,21.5100,21.6800,22.2500,21.4800,21.7300,1487600,32446653.0000,2832
20240923,301286,28.7900,28.8200,29.0700,28.4100,28.7700,301700,8686359.0000,1398
20240923,301287,22.8200,22.7200,23.0700,22.7200,22.9800,189800,4349659.0000,688
20240923,301288,12.7500,12.7100,12.8600,12.5200,12.7500,2644035,33608370.2500,5082
20240923,301289,35.8400,35.6200,36.0900,35.4900,35.5100,426300,15237894.0000,1078
20240923,301290,18.6500,18.6800,18.8500,18.5700,18.6800,266991,4987485.1500,1131
20240923,301291,30.5700,30.5800,30.8500,29.8000,29.9000,2133352,64460694.5600,8924
20240923,301292,11.3500,11.3000,11.4900,11.2200,11.3900,1560700,17793677.0000,2882
20240923,301293,30.8000,30.6800,31.1000,30.6000,30.8100,2086833,64389613.0600,9312
20240923,301295,17.1500,17.1600,17.4600,17.1300,17.1700,618176,10672705.7100,1547
20240923,301296,6.7500,6.7300,6.8700,6.7300,6.8000,1424542,9692714.6000,3565
20240923,301297,20.8300,20.2000,20.3000,19.6300,20.0100,14051694,280419862.6000,20564
20240923,301298,11.5000,11.5800,11.6300,11.3800,11.4200,832600,9544929.0000,2844
20240923,301299,36.9200,36.6000,37.2800,36.5000,36.8000,386900,14297621.0000,2123
20240923,301300,21.0900,21.0900,21.2100,20.7100,20.9700,632500,13275569.0000,2168
20240923,301301,10.5300,10.5000,10.6300,10.4200,10.4300,10210800,107158693.0000,19900
20240923,301302,13.6300,13.6900,13.9500,13.4700,13.8400,2410290,33168405.6000,7710
20240923,301303,10.3800,10.3800,10.8000,10.3200,10.6400,1405287,14839999.0000,2077
20240923,301305,14.8900,14.9100,15.1000,14.7400,15.0400,808078,12099386.8600,2601
20240923,301306,29.0600,29.0000,29.5800,28.6800,29.1200,1603093,46939392.1600,4782
20240923,301307,17.6200,17.3900,18.3300,16.9900,18.3300,6554100,116948512.0000,12108
20240923,301308,64.0200,63.5000,64.8000,63.3800,63.4400,2251595,144016794.6000,9378
20240923,301309,20.3000,20.2000,20.3900,20.0500,20.2100,227828,4615503.2400,887
20240923,301310,19.1200,19.0200,19.2200,18.9100,18.9300,661160,12593666.0000,1857
20240923,301311,16.4800,16.1800,16.5600,16.0800,16.3500,7258734,118182799.5400,8889
20240923,301312,35.3200,35.3500,35.8300,35.0300,35.4500,1709080,60645502.8000,4694
20240923,301313,17.9700,17.9800,18.1300,17.7300,17.8700,1321678,23726232.5600,2979
20240923,301314,29.0600,29.6000,29.6700,29.0700,29.3000,518760,15272626.0000,1645
20240923,301315,32.1500,32.1200,32.4000,31.6300,31.8200,2224800,71191410.0000,7808
20240923,301316,14.5300,14.5300,14.8000,14.2500,14.5800,10274053,149768801.8200,19361
20240923,301317,15.2600,15.2600,15.3600,14.9100,15.0400,360000,5427043.0000,1183
20240923,301318,23.9000,23.8600,25.0000,23.5800,24.5300,2495585,60829159.4000,10204
20240923,301319,23.5000,23.5600,23.8800,23.3200,23.5100,522515,12341668.6200,2404
20240923,301320,12.8000,12.7800,12.8700,12.6100,12.6200,1359516,17256138.7600,3004
20240923,301321,12.8000,12.8000,12.9900,12.4900,12.7900,2530000,32169986.0000,3911
20240923,301322,17.6700,17.5500,17.8100,17.5500,17.7400,378860,6697847.8000,1481
20240923,301323,27.0800,26.9500,27.0800,26.5800,26.6800,456376,12213553.3200,1656
20240923,301325,30.0500,29.9000,30.3500,29.8500,29.9600,1799261,54074622.9000,4322
20240923,301326,30.6100,30.5000,31.1000,29.9800,30.5500,2052427,62683652.0100,6569
20240923,301327,66.9000,66.6800,67.3400,64.6000,64.6900,787958,51599884.7200,4588
20240923,301328,30.3300,30.4400,31.2500,30.1500,30.5600,777586,23935690.7000,2743
20240923,301329,15.5100,15.4700,15.7800,15.3400,15.5500,1133800,17695383.0000,3036
20240923,301330,20.9700,21.1400,21.4800,20.9000,21.2800,3114568,66295593.0900,9036
20240923,301331,21.2100,21.1200,21.8000,21.1200,21.3000,538304,11544329.0400,1584
20240923,301332,8.4200,8.4000,8.5200,8.3800,8.4200,1327600,11203373.0000,2946
20240923,301333,37.6800,39.1100,41.0000,38.1200,38.3700,1911340,75358873.4000,6507
20240923,301335,17.0900,17.0000,17.2200,16.7700,16.8400,237900,4028321.0000,792
20240923,301336,26.5100,26.4300,26.8700,26.3100,26.8400,186300,4971126.0000,924
20240923,301337,26.4400,26.0800,26.9500,25.5000,26.0000,6955553,181823285.8000,12436
20240923,301338,25.1400,25.0800,25.3600,24.6100,24.6100,916640,22871010.6000,3207
20240923,301339,17.5300,17.6800,17.7900,17.3300,17.4600,3156525,55414062.8700,8642
20240923,301345,55.9700,55.5700,57.1400,54.1700,54.7400,1037516,57494025.6500,5699
20240923,301348,19.9800,20.1000,20.3800,19.8000,20.1500,2912882,58635979.7800,8441
20240923,301349,22.5600,22.4300,22.9800,22.4000,22.4500,1426770,32310728.8000,3637
20240923,301353,21.4600,21.6700,21.6900,21.2000,21.2600,188564,4051185.2000,743
20240923,301355,9.6800,9.8000,9.8000,9.6300,9.6400,942861,9154814.1300,1031
20240923,301356,12.7900,12.7000,12.9000,12.5700,12.7500,672849,8561313.7300,2217
20240923,301357,23.1100,23.0600,25.4300,22.9200,24.4400,3087540,74920674.8000,8649
20240923,301358,26.9100,26.8400,27.2200,26.5300,26.9000,2672759,71964984.1000,9582
20240923,301359,18.0200,17.8600,18.2600,17.8600,18.1400,633071,11468488.7100,2375
20240923,301360,44.4600,44.2700,44.2700,42.4800,42.5000,1969030,84682224.0300,5430
20240923,301361,22.1700,22.0100,22.3500,21.6700,21.7600,1542400,33827364.0000,4054
20240923,301362,30.2000,30.2000,30.5000,30.1100,30.1800,130293,3943526.6900,623
20240923,301363,27.0400,27.1400,27.1400,26.5100,26.9000,575145,15455112.7000,2974
20240923,301365,10.2000,10.1900,10.2700,10.0600,10.1900,828750,8434572.0000,2579
20240923,301366,28.5700,28.4700,29.7600,28.2500,29.2900,3678089,107017457.8000,6543
20240923,301367,64.0100,64.5000,64.7000,62.6800,62.9200,376250,23844753.8000,2292
20240923,301368,32.6300,32.5400,32.8000,32.1800,32.4100,2207568,71601876.0800,7900
20240923,301369,44.0200,43.1700,43.9900,42.8000,43.5200,1445700,62614328.0000,3998
20240923,301370,9.1300,9.1300,9.2000,9.0500,9.0700,2882100,26291284.0000,4326
20240923,301371,28.9200,29.0000,30.0000,28.5900,29.7500,2014790,59092177.3000,5959
20240923,301372,18.0500,18.0900,18.1500,17.8200,18.0400,412931,7429239.3800,1210
20240923,301373,19.8100,19.8100,20.0300,19.7100,20.0300,173264,3456154.5200,568
20240923,301376,16.6800,16.8100,16.8200,16.5300,16.5800,572600,9521467.0000,2334
20240923,301377,14.9900,15.0500,15.2500,14.9500,15.1300,887266,13433248.3100,2777
20240923,301378,23.7500,25.2000,25.7900,23.0000,23.2500,13291324,321179685.8100,25398
20240923,301379,15.6800,15.4600,15.7900,15.4100,15.5400,1339130,20866124.1800,4497
20240923,301380,31.3300,31.3400,31.7100,31.1000,31.3800,468000,14721352.0000,2007
20240923,301381,22.1600,22.4200,22.4200,21.8200,21.9400,902700,19865779.0000,4023
20240923,301382,20.2100,20.1500,22.8500,19.6800,22.4000,21872200,464066101.4300,29639
20240923,301383,27.0500,27.5000,28.0700,26.8600,26.9000,5326491,146035066.3300,11884
20240923,301386,17.3100,17.2700,17.5200,17.0600,17.1600,573846,9919691.6600,1546
20240923,301387,25.9600,26.0100,26.7000,25.6800,26.1000,1268566,33300139.8200,4438
20240923,301388,17.1900,17.1600,17.3900,16.9200,17.0000,1093360,18712849.6800,2937
20240923,301389,11.8500,11.8800,12.1000,11.7500,11.9700,2221590,26619518.5000,5684
20240923,301390,25.5400,25.6600,25.8800,25.0300,25.1700,473900,11983890.0000,1528
20240923,301391,28.1500,28.1400,28.8800,28.0200,28.6400,1228634,35162657.7000,5603
20240923,301392,39.1300,38.9200,39.6700,38.8100,39.2000,1310272,51562713.5800,4054
20240923,301393,33.8500,34.9300,35.3000,34.2000,34.8000,1137283,39489890.0900,4276
20240923,301395,9.0700,9.0400,9.1400,9.0000,9.0800,888004,8062787.7000,2404
20240923,301396,18.9400,19.1100,19.1700,18.6700,18.7800,1083340,20466600.0000,3210
20240923,301397,20.0100,19.9900,20.2000,19.8400,20.0200,326956,6556959.9000,1065
20240923,301398,33.0200,32.8200,33.3900,32.5100,33.1200,703600,23242565.0000,2719
20240923,301399,17.1400,16.9000,17.2900,16.7300,16.9300,379495,6468891.6500,1506
20240923,301408,9.5200,9.5000,9.5800,9.4300,9.5400,1618984,15409353.3600,2236
20240923,301413,34.4000,34.2000,34.4700,33.7100,33.8800,602962,20501139.3900,1861
20240923,301418,28.5300,28.5300,28.8500,28.3900,28.4700,466400,13360522.0000,1515
20240923,301419,22.6300,22.7200,24.1900,22.7200,23.6000,2911392,68499604.0000,7171
20240923,301421,37.4700,36.1700,40.7400,36.1700,39.2900,17915285,688749973.5400,45360
20240923,301428,24.1300,24.1700,24.7300,24.0200,24.4400,1224667,29916250.5800,3466
20240923,301429,13.4800,13.4000,13.6100,13.3000,13.3300,458800,6149087.0000,1438
20240923,301439,10.8300,10.8200,10.9500,10.7800,10.8500,756200,8220933.0000,2216
20240923,301446,17.6600,17.7900,17.7900,17.4400,17.6300,684770,12075847.0000,1256
20240923,301448,17.3800,17.1800,17.5000,17.1100,17.1500,492129,8503656.3600,1638
20240923,301456,17.7000,17.8500,17.8500,17.4800,17.5500,916860,16145971.3900,2044
20240923,301459,31.5100,31.2200,31.8300,31.1600,31.5800,199726,6298335.0300,820
20240923,301468,19.5700,19.6900,19.8800,19.5600,19.8000,512631,10119566.1700,1202
20240923,301469,19.5800,19.5800,20.2000,19.5000,19.7900,599845,11893658.4000,1391
20240923,301486,33.2000,33.0500,33.6100,32.5700,32.6900,1678900,55610826.0000,4261
20240923,301487,15.2500,15.2400,15.6400,15.1500,15.2700,11010288,169475937.3000,15918
20240923,301488,45.3700,44.9500,48.2900,44.7000,48.1900,2727340,127809442.6000,9300
20240923,301489,58.6000,58.0000,59.2800,57.0000,57.0500,1205078,69790698.8400,4187
20240923,301498,50.4100,50.3700,50.7100,49.0800,49.3700,1329234,66159438.5600,5567
20240923,301499,19.3800,19.5700,19.7900,19.0200,19.7600,874319,17168382.5400,2101
20240923,301500,16.1600,16.0300,16.4500,15.8200,16.3000,1771200,28807362.0000,5771
20240923,301502,37.1800,37.3500,38.3500,37.2200,37.7700,1153765,43611634.6800,2856
20240923,301503,26.0200,25.9000,26.4300,25.5600,26.1500,493900,12910778.0000,1635
20240923,301505,20.7500,20.7500,20.7900,20.3000,20.4000,1031300,21176701.1000,1895
20240923,301507,11.0100,11.0100,11.1300,10.9700,11.0200,1819209,20119946.4500,2668
20240923,301508,29.4400,29.2500,30.2800,29.0100,29.6900,2763219,82109265.3400,6611
20240923,301509,24.5800,25.3600,27.7700,25.3300,26.5200,4682958,123873199.4600,11655
20240923,301510,19.2700,19.2700,19.5000,19.1100,19.2000,1865649,36022929.0500,6882
20240923,301511,11.5700,11.5000,11.7800,11.3000,11.3900,19220757,222064968.5200,18192
20240923,301512,33.5100,33.6200,33.9000,33.1100,33.1500,275800,9245585.0000,863
20240923,301515,15.5800,15.6300,15.8400,15.5200,15.6000,484700,7611293.0000,1285
20240923,301516,14.2100,14.1700,14.4500,14.0300,14.3700,2691705,38354634.8600,5937
20240923,301517,39.1000,38.8500,39.9700,38.8300,39.3500,1640300,64563226.0000,5635
20240923,301518,13.6900,13.6900,13.8300,13.5800,13.6100,369400,5055809.0000,1111
20240923,301519,11.2200,11.1900,11.3400,11.1500,11.1700,909200,10205929.0000,1757
20240923,301520,34.6000,36.7200,39.9400,36.5000,37.5800,3567844,134951635.0600,8385
20240923,301525,49.1100,48.9300,49.2900,46.4700,47.0500,1639972,77892582.6700,6456
20240923,301526,3.3600,3.3000,3.3400,3.2500,3.2600,35136997,115151821.6200,9825
20240923,301528,33.7400,33.6600,34.2500,33.5000,33.9100,316648,10742076.2000,1137
20240923,301529,29.8600,29.8600,29.8600,28.8200,29.6600,1460582,42800961.3700,3471
20240923,301533,22.0100,21.9000,22.1300,21.7000,21.8900,564800,12397226.0000,1480
20240923,301536,28.7500,28.9500,33.4400,28.8000,31.6300,8247370,258470465.2000,16276
20240923,301538,61.6900,61.9700,64.0900,60.8900,62.8900,1140031,71725832.4800,7129
20240923,301539,16.1000,16.1000,16.2500,15.9200,16.0600,1009946,16238101.3000,2370
20240923,301548,39.0700,39.0700,39.3000,37.9900,38.1900,537200,20676566.9500,2418
20240923,301550,35.5000,35.0000,35.7800,34.9500,35.2400,1426452,50389596.5200,4075
20240923,301552,39.9500,39.8900,40.7800,39.7000,40.6200,1196663,48288633.6000,4428
20240923,301555,22.6100,22.5800,22.6300,22.1700,22.3300,794608,17732625.9000,2221
20240923,301558,7.0700,7.1000,7.2800,7.0500,7.2000,5295901,38074251.2500,5380
20240923,301559,14.0800,14.2000,14.2600,13.9700,14.0800,513623,7252177.8400,1586
20240923,301565,16.6100,16.5900,16.9100,16.5000,16.8200,2901868,48594251.7600,5016
20240923,301566,14.8400,14.8700,15.2700,14.7000,15.0000,2344854,35234998.6600,4862
20240923,301567,39.6600,40.0300,40.1000,39.3000,39.6300,725500,28794542.0000,1880
20240923,301568,25.4200,25.4200,25.8400,25.1600,25.5100,952361,24420391.7600,1969
20240923,301571,32.6500,32.6000,33.5500,32.4100,32.8400,6370558,210197258.9200,17549
20240923,301577,45.1100,44.6500,45.9900,44.6000,45.6000,581300,26466227.0000,2789
20240923,301578,41.0800,40.5100,40.6000,39.7400,39.9000,2898084,116185817.8700,7437
20240923,301580,47.2400,47.1500,47.6900,46.8000,46.9800,872548,41264261.7600,3338
20240923,301586,36.0100,36.0000,36.5000,35.6700,36.1600,3506378,126604216.9800,8961
20240923,301587,20.1800,20.0800,20.5000,20.0200,20.2900,763750,15503157.5000,1937
20240923,301588,17.3800,17.4400,17.6500,17.2000,17.3100,764118,13257985.1000,3005
20240923,301589,155.5000,154.9100,156.5600,152.5200,152.8800,498664,76650570.6400,3039
20240923,301591,28.0300,28.0500,28.7500,27.9300,28.4900,818030,23255076.6000,2910
20240923,301596,57.0000,57.2800,58.0800,56.4200,57.4700,836200,47974815.0000,3695
20240923,301600,47.4800,46.9200,51.8900,46.5300,50.0100,7118839,349627370.3700,19725
20240923,301603,34.5200,34.3500,35.0300,34.1900,34.7900,1348325,46789947.6500,4018
20240923,301606,25.9200,25.8500,27.3300,25.8500,26.8000,5044279,135383087.6400,13377
20240923,301607,31.2800,31.1800,31.6300,30.8700,31.4900,4567078,142953417.4800,11736
20240923,301608,50.0600,49.2000,52.3700,48.5000,51.3000,4687077,235977253.3200,13997
20240923,301611,27.8500,27.4300,27.9800,26.8000,27.5200,12251952,336315510.5400,20733
20240923,302132,40.1300,40.0000,40.4300,39.8300,39.8500,3480500,139702172.9500,8465
20240923,600000,8.5100,8.5300,8.6500,8.4600,8.6300,30023895,257517875.0000,29757
20240923,600004,8.7100,8.7100,8.7600,8.6700,8.7300,4440735,38741641.0000,7129
20240923,600006,5.7900,5.7600,6.0400,5.7600,5.9300,45628671,270562730.0000,35148
20240923,600007,24.6000,24.6000,25.3400,24.3400,25.2800,3685539,92600245.0000,13504
20240923,600008,2.8000,2.8000,2.8300,2.8000,2.8300,40209870,113322589.0000,19814
20240923,600009,31.0000,31.0000,31.1700,30.8600,31.0200,3791613,117590232.0000,13126
20240923,600010,1.3900,1.3900,1.4000,1.3800,1.4000,57753171,80378101.0000,6413
20240923,600011,6.4600,6.4400,6.7200,6.4200,6.6500,75130808,497377236.0000,46192
20240923,600012,14.3900,14.3900,14.9000,14.3100,14.8200,3944200,57953977.0000,10214
20240923,600015,6.1900,6.2000,6.4500,6.1700,6.4300,50723143,322324946.0000,42974
20240923,600016,3.4300,3.4400,3.5200,3.4300,3.5000,171931407,598936998.0000,58643
20240923,600017,2.6200,2.6300,2.6400,2.6100,2.6400,10120058,26602185.0000,8426
20240923,600018,5.6000,5.6200,5.7300,5.5800,5.7000,26966752,153100403.0000,29979
20240923,600019,5.6100,5.6100,5.7600,5.6000,5.7200,60803482,345960144.0000,38838
20240923,600020,3.5900,3.5900,3.6100,3.5600,3.6000,11119087,39910603.0000,11055
20240923,600021,8.1000,8.1000,8.3000,8.0900,8.2900,19291418,159033153.0000,23718
20240923,600022,1.2300,1.2300,1.2400,1.2200,1.2400,19278484,23743994.0000,3709
20240923,600023,5.6800,5.6800,6.0300,5.6700,5.9400,60439972,357354980.0000,61967
20240923,600025,10.2400,10.4800,10.5400,10.2600,10.4800,25732189,268942313.0000,38550
20240923,600026,13.2000,13.1000,13.2900,12.9100,13.0700,19546174,256918556.0000,34569
20240923,600027,5.1000,5.0800,5.3500,5.0800,5.2800,69581459,366205070.0000,43765
20240923,600028,6.3800,6.4000,6.5400,6.3500,6.4800,85530303,552285041.0000,63616
20240923,600029,5.3900,5.3700,5.3700,5.2600,5.2800,32695988,173041022.0000,16651
20240923,600030,19.2900,19.3200,19.4700,19.1700,19.3100,53651089,1037305241.0000,55005
20240923,600031,15.8500,15.8400,16.3100,15.8300,16.2400,50809804,820830016.0000,67548
20240923,600032,6.7000,6.6700,6.7700,6.6600,6.7200,3128200,21035850.0000,8118
20240923,600033,3.2200,3.2200,3.2700,3.2000,3.2400,14954430,48421375.0000,14220
20240923,600035,3.7200,3.7200,3.7500,3.7100,3.7400,6134700,22915613.0000,7139
20240923,600036,30.9400,30.8500,31.4900,30.8400,31.3900,34460872,1076332365.0000,66976
20240923,600037,5.9100,5.8900,6.0000,5.8600,5.9900,9506301,56593151.0000,12650
20240923,600038,34.8700,34.5700,35.0800,34.5600,34.7300,2130814,74299945.0000,7804
20240923,600039,5.6600,5.6500,5.8500,5.6000,5.7800,21313917,122652127.0000,16134
20240923,600048,8.0500,7.9600,8.2000,7.9300,8.0800,135316631,1096672372.0000,82452
20240923,600050,4.4900,4.4900,4.5200,4.4700,4.4900,106985014,480488479.0000,51268
20240923,600051,5.3000,5.2900,5.3000,5.2500,5.2900,1194300,6310622.0000,2856
20240923,600052,3.5600,3.6200,3.7600,3.5900,3.6900,13219458,48524596.0000,10896
20240923,600053,13.8700,13.0800,13.4100,12.4800,13.3000,19523110,254808378.0000,26472
20240923,600054,10.4200,10.4600,10.4600,10.3600,10.4000,1766000,18391679.0000,2998
20240923,600055,12.0700,12.1700,12.2500,12.0100,12.1400,1814376,22034495.0000,4948
20240923,600056,9.7700,9.7700,9.8600,9.7500,9.7800,3680400,36019542.0000,6129
20240923,600057,4.8400,4.8200,4.9000,4.8100,4.8800,10867026,52841958.0000,19434
20240923,600058,6.2600,6.2200,6.2800,6.2100,6.2400,5280510,32961580.0000,9885
20240923,600059,7.7200,7.7200,7.7900,7.7000,7.7900,4402600,34147353.0000,5891
20240923,600060,16.7400,16.7600,17.3700,16.6000,17.1200,12268830,210250841.0000,33102
20240923,600061,5.9600,5.9500,6.0100,5.9200,5.9400,12457416,73968221.0000,15886
20240923,600062,20.6900,20.7000,20.9500,20.4300,20.6600,6609583,136314314.0000,21784
20240923,600063,3.2200,3.2000,3.2300,3.1900,3.2100,6302330,20247127.0000,6223
20240923,600064,5.7200,5.7200,5.7900,5.7000,5.7600,9120988,52510935.0000,13277
20240923,600066,22.7800,22.7000,23.4700,22.6100,22.8500,19812451,453831484.0000,46297
20240923,600067,1.8600,1.8400,1.8800,1.8300,1.8600,9641600,17867486.0000,3837
20240923,600070,1.6500,1.5900,1.6300,1.5700,1.5700,12302432,19423079.0000,2007
20240923,600071,17.6600,17.5900,17.6200,17.2000,17.4300,3933747,68484903.0000,5416
20240923,600072,11.5900,11.3800,11.6800,11.3000,11.5400,20576919,236752732.0000,21658
20240923,600073,6.0200,5.9900,6.0400,5.9400,5.9700,4714836,28194571.0000,10808
20240923,600075,3.7600,3.7500,3.7600,3.7100,3.7300,3996072,14898979.0000,7268
20240923,600076,1.4500,1.4500,1.5600,1.4300,1.5000,25514300,38323878.0000,7300
20240923,600078,4.9600,4.9700,5.0100,4.9300,4.9400,3390000,16837289.0000,3355
20240923,600079,16.0600,16.0800,16.3100,16.0100,16.0900,15647300,252375122.0000,36680
20240923,600080,5.7800,5.7800,5.8600,5.7500,5.7600,945000,5467275.0000,1504
20240923,600081,8.2600,8.2500,9.0900,8.2200,9.0900,11363000,101268129.0000,10211
20240923,600082,2.5000,2.4900,2.4900,2.3800,2.4100,66328102,160691314.0000,19042
20240923,600083,2.0800,2.0800,2.0800,2.0000,2.0100,4421228,8993652.0000,962
20240923,600084,4.8100,4.8100,4.8100,4.6600,4.6900,4196600,19862993.0000,3379
20240923,600085,31.8800,31.8000,32.1000,31.3100,31.3500,9096943,287286825.0000,20125
20240923,600088,13.5200,13.5000,13.7800,13.4900,13.6000,4395004,59894146.0000,11114
20240923,600089,12.0400,12.0000,12.0900,11.9400,11.9600,16003739,192066140.0000,18814
20240923,600094,3.4300,3.3800,3.4100,3.3200,3.3300,21142229,70845081.0000,10501
20240923,600095,6.0400,6.0500,6.0500,6.0000,6.0200,10371509,62492877.0000,6045
20240923,600096,18.5100,18.4800,19.0100,18.4400,18.6700,23799485,446403165.0000,44405
20240923,600097,7.2800,7.2400,7.3400,7.2200,7.3100,2008401,14674710.0000,2891
20240923,600098,5.5000,5.5400,5.6800,5.5100,5.6300,12808084,72120212.0000,15480
20240923,600099,7.6000,7.5100,7.5800,7.4000,7.4300,6627505,49435911.0000,11389
20240923,600100,5.1000,5.0800,5.2300,5.0500,5.1900,42280693,218564723.0000,42497
20240923,600101,7.1800,7.1200,7.2400,7.0300,7.1000,25166898,179546149.0000,16930
20240923,600103,1.7500,1.7500,1.7700,1.7300,1.7600,15303678,26828924.0000,4487
20240923,600104,11.8600,11.8000,11.9500,11.7700,11.8900,10120612,120232914.0000,20249
20240923,600105,3.5800,3.6100,3.6400,3.5700,3.6300,18754110,67876514.0000,15089
20240923,600106,4.7500,4.6100,4.7900,4.5300,4.5400,66236400,306855317.0000,35236
20240923,600107,3.9800,3.9700,3.9900,3.8000,3.8200,14847210,57381902.0000,10845
20240923,600108,2.3600,2.3700,2.3700,2.3400,2.3500,9014401,21212201.0000,4457
20240923,600109,7.1600,7.1400,7.1900,7.1000,7.1500,11213831,80123065.0000,10750
20240923,600110,2.7100,2.7100,2.7500,2.6800,2.7300,12815362,34940286.0000,10482
20240923,600111,16.6400,16.5700,16.7700,16.5400,16.5400,8571249,142502274.0000,12674
20240923,600113,7.8800,7.9000,7.9100,7.8300,7.8400,1461625,11494720.0000,3162
20240923,600114,13.8900,13.7900,14.0300,13.3200,13.3400,36812791,501402697.0000,36939
20240923,600115,3.5400,3.5400,3.5400,3.4800,3.4800,33910136,118631449.0000,18584
20240923,600116,6.5600,6.5800,6.6300,6.5300,6.5600,5336703,35057619.0000,6623
20240923,600117,1.9900,1.9900,2.0200,1.9700,2.0200,1953857,3900303.0000,1180
20240923,600118,20.4900,20.4200,21.1600,20.4200,20.9500,8200412,171143823.0000,16824
20240923,600119,6.3600,6.3500,6.3500,6.2500,6.2900,5902460,37055678.0000,3890
20240923,600120,3.5800,3.5700,3.6000,3.5600,3.5800,8461298,30282543.0000,8646
20240923,600121,3.1200,3.1200,3.1600,3.1000,3.1500,8147962,25494800.0000,4796
20240923,600123,7.9500,7.9300,8.1500,7.9100,8.0800,10407527,83679071.0000,17239
20240923,600125,5.1900,5.1900,5.2100,5.1600,5.2000,7503500,38932756.0000,11309
20240923,600126,3.4100,3.4200,3.4600,3.3900,3.4300,11845900,40548343.0000,11871
20240923,600127,6.3900,6.3400,6.3700,6.2600,6.3100,13899500,87700433.0000,8047
20240923,600128,6.8300,6.7800,6.8200,6.6600,6.6900,5657939,37971713.0000,8344
20240923,600129,21.1000,21.1000,21.7900,20.9500,21.0300,11913902,254353669.0000,29285
20240923,600130,3.6900,4.0600,4.0600,4.0600,4.0600,11305600,45900736.0000,2464
20240923,600131,16.8200,16.6500,16.9500,16.3300,16.3900,6601179,109352688.0000,12473
20240923,600132,53.3200,53.2900,54.2000,53.1100,53.1100,2173815,116684028.0000,10304
20240923,600133,8.5700,8.4600,8.4900,8.2100,8.2400,48933076,406660611.0000,34777
20240923,600135,5.2100,5.2200,5.3700,5.1500,5.2900,11280600,59049555.0000,15197
20240923,600136,1.3200,1.3100,1.3300,1.3100,1.3100,2758713,3626077.0000,331
20240923,600137,11.5000,11.4400,11.6100,11.3700,11.5400,508700,5864934.0000,1441
20240923,600138,9.0700,9.0800,9.1200,9.0200,9.1000,3767800,34250721.0000,4976
20240923,600141,17.7700,17.7900,18.1600,17.6900,17.8000,9454113,169440017.0000,23845
20240923,600143,7.2700,7.2300,7.2600,7.1300,7.2100,13541169,97563953.0000,23909
20240923,600148,14.4000,14.0200,15.1900,13.6500,15.1900,16525809,240212755.0000,20029
20240923,600149,3.5200,3.5900,3.6300,3.4500,3.4800,12848800,45289987.0000,7091
20240923,600150,33.8800,33.3100,34.3500,33.2900,33.9000,60445006,2053892585.0000,79901
20240923,600151,5.1500,5.1100,5.1700,5.0800,5.0900,14651633,74910090.0000,10158
20240923,600152,5.0500,5.0500,5.2100,5.0400,5.1400,14273100,73208757.0000,16971
20240923,600153,7.5300,7.5000,7.5900,7.4800,7.5100,12954122,97574296.0000,12329
20240923,600155,6.1400,6.1200,6.1600,6.0700,6.0900,15435182,94304293.0000,9616
20240923,600156,3.8600,3.8000,4.1500,3.7600,4.0000,39653013,155887448.0000,18097
20240923,600157,1.0600,1.0500,1.0700,1.0500,1.0600,285746388,302341643.0000,16478
20240923,600158,6.7400,6.7300,6.8000,6.7100,6.7500,6077800,41106299.0000,8814
20240923,600159,2.4500,2.3500,2.4200,2.2900,2.4200,85090505,200185255.0000,28073
20240923,600160,16.9000,16.8000,17.1000,16.5100,16.6200,27525361,461353941.0000,40969
20240923,600161,20.5800,20.6500,20.8800,20.4700,20.5000,9993044,206318841.0000,25278
20240923,600162,1.3400,1.3400,1.3500,1.3200,1.3300,14461377,19329090.0000,3844
20240923,600163,4.2600,4.2500,4.3700,4.2200,4.3500,8733800,37649437.0000,10318
20240923,600165,2.1000,2.0400,2.0600,2.0000,2.0000,13238400,26604613.0000,2193
20240923,600166,2.2900,2.2900,2.3100,2.2700,2.2900,40489877,92712614.0000,11192
20240923,600167,5.1700,5.1700,5.2100,5.1500,5.1900,2005560,10397532.0000,2739
20240923,600168,3.6900,3.6900,3.7200,3.6600,3.7100,1572960,5811918.0000,2340
20240923,600169,1.8200,1.8300,1.8400,1.8200,1.8300,8108849,14827443.0000,3384
20240923,600170,1.9400,1.9500,1.9600,1.9300,1.9500,42815903,83401300.0000,11158
20240923,600171,20.7900,20.4000,20.6100,20.0700,20.0700,55509870,1124713189.0000,93173
20240923,600172,2.0300,2.0300,2.0600,2.0100,2.0400,10771280,21999973.0000,4172
20240923,600173,3.7400,3.7100,3.7600,3.6800,3.7300,4746600,17677096.0000,7953
20240923,600176,9.2800,9.2800,9.4800,9.2600,9.3000,12308034,114784616.0000,20876
20240923,600177,6.5500,6.5400,6.6300,6.5200,6.6100,14359296,94702745.0000,21012
20240923,600178,9.0900,8.9900,9.3000,8.8200,9.1600,32347566,293718123.0000,28878
20240923,600179,2.1200,2.1300,2.1500,2.1100,2.1400,11772022,25082130.0000,4993
20240923,600180,3.5800,3.5700,3.6200,3.5400,3.6100,4599900,16552153.0000,5729
20240923,600182,12.3300,12.3200,12.3900,12.2500,12.3600,567400,7015325.0000,807
20240923,600183,16.8800,16.8000,17.2100,16.6100,16.7300,16240191,274466303.0000,39259
20240923,600184,8.3300,8.2500,8.6100,8.2500,8.5600,6227963,52799403.0000,9688
20240923,600185,4.8900,4.8400,4.9000,4.8200,4.8600,13517821,65704192.0000,6878
20240923,600186,3.1100,3.1000,3.1600,3.0800,3.1200,20840602,65180937.0000,15643
20240923,600187,3.2500,3.2500,3.5800,3.2400,3.5300,323519175,1128965136.0000,111575
20240923,600188,13.4300,13.3900,14.0700,13.3500,13.9900,33749554,467660775.0000,50215
20240923,600189,6.6900,6.6900,7.0900,6.6200,7.0300,11779612,81347768.0000,10995
20240923,600190,1.4700,1.4700,1.4700,1.4700,1.4700,0,0.0000,0
20240923,600191,4.8200,4.8300,4.8300,4.7500,4.7700,1580600,7554626.0000,2655
20240923,600192,5.2300,5.2000,5.3500,5.0600,5.3000,33048719,172113057.0000,21051
20240923,600193,2.2500,2.2600,2.2700,2.1900,2.2100,30298964,67407399.0000,18295
20240923,600195,5.6700,5.6600,5.7500,5.6300,5.6900,6191487,35211637.0000,9737
20240923,600196,22.3300,22.5000,22.5400,22.2300,22.3500,5519431,123365607.0000,15874
20240923,600197,14.2600,14.2600,14.4600,14.2300,14.2500,2898499,41529491.0000,5297
20240923,600198,7.7300,8.5000,8.5000,8.5000,8.5000,8932637,75927415.0000,2748
20240923,600199,10.5900,10.5100,10.7700,10.5100,10.6900,9399006,100284740.0000,11976
20240923,600200,8.3400,8.3400,8.5800,8.2900,8.5100,11337000,95767063.0000,13724
20240923,600201,5.8000,5.8100,5.8800,5.7700,5.7900,7477024,43409093.0000,8256
20240923,600202,3.7700,3.7400,3.7600,3.6700,3.7200,9127501,33952173.0000,7996
20240923,600203,6.4500,6.7500,7.1000,6.7000,7.1000,115304294,805753167.0000,70144
20240923,600206,8.9700,8.9000,8.9700,8.7100,8.9300,7454800,66206575.0000,13420
20240923,600207,3.7800,3.7500,3.7500,3.6900,3.7100,16388856,60796999.0000,10345
20240923,600208,1.8200,1.8200,1.8400,1.8000,1.8300,53752410,97964515.0000,12439
20240923,600210,4.9200,4.9000,4.9800,4.8900,4.9300,7754640,38269869.0000,10434
20240923,600211,31.8600,31.8800,32.3100,31.8000,31.9200,1453020,46493284.0000,5178
20240923,600212,4.5300,4.5300,4.6600,4.5200,4.5500,4309000,19652055.0000,4227
20240923,600213,6.3600,6.3600,6.3600,6.3600,6.3600,0,0.0000,0
20240923,600215,5.4600,5.4600,5.4700,5.3800,5.4200,3674300,19959072.0000,6694
20240923,600216,14.7100,14.7000,14.7700,14.3500,14.4400,24729410,359268086.0000,32649
20240923,600217,4.3800,4.3700,4.5700,4.3300,4.5200,18894184,84554996.0000,17535
20240923,600218,6.5000,6.5000,6.6700,6.4600,6.6600,3762843,24771393.0000,6102
20240923,600219,3.7300,3.7200,3.7900,3.7100,3.7800,104694154,393508487.0000,58912
20240923,600221,1.0400,1.0300,1.0400,1.0200,1.0300,56147725,57914318.0000,3930
20240923,600222,4.3200,4.4800,4.7400,4.4200,4.5800,31086262,142290253.0000,23039
20240923,600223,6.1900,6.2000,6.2500,6.1200,6.2400,5515337,34269347.0000,11705
20240923,600225,1.7900,1.9700,1.9700,1.9100,1.9700,55435801,109021914.0000,14137
20240923,600226,1.8400,1.8400,1.8500,1.8200,1.8200,9426830,17245454.0000,2586
20240923,600227,1.6400,1.6400,1.6400,1.5800,1.5900,29525327,47145148.0000,8826
20240923,600228,4.6900,4.6900,4.7600,4.6400,4.7300,5846500,27559072.0000,10253
20240923,600229,6.4500,6.5500,6.5500,6.3900,6.4600,2391300,15429351.0000,5698
20240923,600230,9.3900,9.4200,9.4500,9.3400,9.3800,1069840,10058761.0000,1949
20240923,600231,1.4500,1.4500,1.5100,1.4300,1.4800,6805520,10006808.0000,1417
20240923,600232,4.4500,4.4700,4.5200,4.4500,4.4600,1707290,7652108.0000,4359
20240923,600233,15.6000,15.6100,16.0000,15.3800,15.4300,11525224,180183769.0000,26765
20240923,600234,2.9200,2.9200,3.0700,2.9000,3.0500,4235000,12871906.0000,788
20240923,600235,4.4800,4.4900,4.5100,4.4500,4.4900,2762634,12376819.0000,3679
20240923,600236,6.1900,6.2000,6.3000,6.1700,6.2200,9098750,56782762.0000,14657
20240923,600237,5.0300,5.0800,5.0900,5.0000,5.0600,25589298,128838254.0000,22310
20240923,600238,6.8700,6.8900,6.9400,6.8100,6.8800,3522200,24193361.0000,5061
20240923,600239,2.0000,1.9900,2.0400,1.9700,2.0300,27186985,54702183.0000,10264
20240923,600241,5.8100,5.8100,6.3900,5.7900,6.3900,16940840,106030569.0000,11517
20240923,600243,3.5200,3.5200,3.6100,3.4800,3.5600,11642600,41268695.0000,12271
20240923,600246,6.0300,5.9900,6.2100,5.9700,6.0200,18870392,114837030.0000,10551
20240923,600248,3.5400,3.5500,3.5600,3.5200,3.5500,10518845,37299673.0000,11225
20240923,600249,3.9000,3.8900,3.9100,3.8400,3.8500,8995166,34764665.0000,7748
20240923,600250,7.9500,7.9000,8.1200,7.7700,7.9600,15784400,125356442.0000,12614
20240923,600251,6.3900,6.4000,6.8600,6.3700,6.7500,16962141,113040660.0000,10897
20240923,600252,1.9200,1.9100,1.9300,1.9000,1.9100,13854600,26481155.0000,4401
20240923,600255,1.7200,1.7200,1.7300,1.7100,1.7200,7256325,12482006.0000,2594
20240923,600256,5.8100,5.7500,5.9500,5.7200,5.9100,43135265,252834057.0000,21463
20240923,600257,4.4000,4.3600,4.3800,4.3000,4.3100,16966051,73488997.0000,9376
20240923,600258,11.4300,11.4000,11.5500,11.3300,11.3700,7023588,80355352.0000,12092
20240923,600259,24.2100,23.9800,24.4100,23.8800,23.9300,1469600,35368458.0000,4433
20240923,600261,2.4300,2.4200,2.4500,2.4200,2.4500,3441863,8381117.0000,3221
20240923,600262,16.1400,15.9600,16.3900,15.8800,16.3400,4427500,71626385.0000,7583
20240923,600265,12.8400,12.8700,13.0900,12.7300,12.9000,283900,3679819.0000,432
20240923,600266,4.4700,4.4200,4.5400,4.3700,4.4900,44259640,198134829.0000,23641
20240923,600267,7.0400,7.0700,7.1200,7.0200,7.0300,4230861,29855474.0000,7834
20240923,600268,6.0000,6.0000,6.1300,5.9400,6.0700,31618096,191189654.0000,33545
20240923,600269,4.1400,4.1500,4.2100,4.1200,4.1900,11607149,48443425.0000,16861
20240923,600271,8.2800,8.2900,8.5100,8.2600,8.4200,17615415,148475319.0000,21639
20240923,600272,10.5500,10.5300,10.5400,10.3300,10.3600,13422900,139313625.0000,18557
20240923,600273,7.0400,7.0300,7.1200,6.9600,6.9800,6270138,44002057.0000,14386
20240923,600276,42.7100,42.8800,43.4800,42.5200,42.7100,28475378,1219950847.0000,66536
20240923,600278,5.7900,5.7700,5.7800,5.6000,5.6400,4037800,22876815.0000,5969
20240923,600279,3.6200,3.6200,3.6300,3.5800,3.6100,2420150,8720165.0000,3149
20240923,600280,2.6600,2.6100,2.6500,2.5500,2.6300,44659000,116535466.0000,14548
20240923,600281,2.9600,2.9500,2.9900,2.9000,2.9900,13165900,38794434.0000,5492
20240923,600282,4.1100,4.1000,4.1700,4.0800,4.1500,17025614,70180287.0000,21566
20240923,600283,7.7800,7.7500,7.8200,7.7300,7.7900,1572040,12241636.0000,3186
20240923,600284,5.0400,5.0400,5.0800,5.0100,5.0600,3071205,15509212.0000,4205
20240923,600285,19.0700,19.1600,19.4100,18.7400,18.8100,7875000,149530027.0000,25270
20240923,600287,2.9900,2.9900,3.0000,2.9500,2.9600,4475300,13321806.0000,708
20240923,600288,6.9900,7.0200,7.0400,6.9000,6.9900,7550619,52760225.0000,13732
20240923,600289,1.3000,1.3000,1.3700,1.2900,1.3700,3895809,5235277.0000,542
20240923,600292,4.8300,4.8200,4.9700,4.7800,4.9600,5757461,28197991.0000,7734
20240923,600293,2.4200,2.4100,2.4400,2.3900,2.4100,4831300,11654461.0000,2639
20240923,600295,8.3800,8.3500,8.5200,8.3000,8.3900,4922542,41425143.0000,12746
20240923,600298,32.7500,32.7300,32.9600,32.1500,32.2500,6157577,199703805.0000,17132
20240923,600299,9.7500,9.7600,9.8600,9.6900,9.7400,5104822,49937344.0000,15715
20240923,600300,2.3600,2.3500,2.3700,2.3400,2.3700,11327005,26713830.0000,4277
20240923,600301,14.7900,14.7000,14.8000,14.3800,14.4800,6045200,88136006.0000,17840
20240923,600302,3.8000,3.8000,3.8400,3.7500,3.8000,5328600,20265250.0000,6062
20240923,600303,2.3300,2.3100,2.3700,2.2800,2.2900,8427000,19497282.0000,1116
20240923,600305,6.9800,6.9700,7.0200,6.9400,6.9600,3521256,24555325.0000,6719
20240923,600307,1.2500,1.2500,1.2600,1.2300,1.2500,19388600,24165984.0000,2455
20240923,600308,3.0600,3.0700,3.1000,3.0500,3.0900,3342500,10302881.0000,3837
20240923,600309,75.6700,75.7300,76.6700,75.1000,75.6500,10078796,764279877.0000,34035
20240923,600310,3.4100,3.4000,3.4200,3.3700,3.3900,7589200,25743735.0000,5796
20240923,600312,19.0100,18.8700,19.5200,18.8700,19.0600,11050140,212061138.0000,30658
20240923,600313,5.2900,5.3100,5.3400,5.2700,5.3100,5309594,28138017.0000,4130
20240923,600315,14.2500,14.2200,14.4600,14.1600,14.2000,3093806,44177883.0000,7419
20240923,600316,20.1900,20.1000,20.5000,20.0500,20.2900,5582717,113578468.0000,16297
20240923,600318,6.1800,6.1800,6.2400,5.9500,6.0200,56910852,343842612.0000,31702
20240923,600319,3.5800,3.5600,3.7400,3.5600,3.6800,5498699,20215117.0000,5738
20240923,600320,3.3400,3.3400,3.3700,3.3300,3.3500,16953594,56787812.0000,20036
20240923,600322,1.4300,1.4100,1.4600,1.4000,1.4400,34520290,49435158.0000,6069
20240923,600323,18.8700,18.9400,19.1000,18.6100,18.7500,5360672,100804135.0000,17261
20240923,600325,5.4800,5.4300,5.5800,5.3900,5.5200,30675125,169013604.0000,25044
20240923,600326,5.3400,5.2900,5.3900,5.2200,5.3100,59247685,313964705.0000,31299
20240923,600327,3.2400,3.2300,3.2500,3.2000,3.2300,5821828,18764407.0000,7926
20240923,600328,7.0500,7.0500,7.0700,6.9700,6.9900,5405050,37846442.0000,13335
20240923,600329,27.1000,27.1000,27.4300,26.9600,27.1700,2381900,64658204.0000,7855
20240923,600330,5.9100,5.9000,5.9700,5.8400,5.9200,6664268,39477850.0000,8954
20240923,600331,6.0800,6.0600,6.1000,5.9000,5.9300,21113600,126239201.0000,14828
20240923,600332,25.0400,25.0100,25.2500,24.8000,24.9100,6837025,170499276.0000,13687
20240923,600333,3.8700,3.8800,3.9300,3.8400,3.9300,5017706,19530839.0000,5608
20240923,600335,5.3700,5.3800,5.4400,5.3100,5.4300,9388471,50705754.0000,14700
20240923,600336,5.4700,5.3000,5.4600,5.2800,5.3000,42849735,228727974.0000,40568
20240923,600337,1.2600,1.2600,1.2800,1.2200,1.2800,20652880,26000006.0000,5235
20240923,600338,9.0500,9.0100,9.1300,8.9500,9.0000,7419307,66928381.0000,10001
20240923,600339,2.8700,2.8700,2.9000,2.8500,2.8900,19497881,56126568.0000,13436
20240923,600340,1.0700,1.0600,1.0700,1.0400,1.0600,51318600,54251346.0000,4342
20240923,600343,8.0300,7.9600,8.2300,7.9600,8.1500,12115472,98011265.0000,14032
20240923,600345,16.2300,16.1800,16.3800,15.9500,16.0600,11321714,182582669.0000,19437
20240923,600346,12.5300,12.5300,12.5900,12.4200,12.4500,7082194,88380513.0000,13507
20240923,600348,6.8300,6.8400,6.9700,6.8000,6.9100,15616328,107866690.0000,14102
20240923,600350,8.6500,8.6600,8.6600,8.4100,8.4600,17303130,147413406.0000,25534
20240923,600351,5.2700,5.2800,5.3300,5.2800,5.3100,4932243,26150094.0000,6245
20240923,600352,8.9100,8.9100,8.9700,8.8600,8.8900,9456635,84262175.0000,21173
20240923,600353,5.1100,5.1100,5.2300,5.0600,5.1800,10847351,56058573.0000,8602
20240923,600354,4.7600,4.7300,4.7900,4.7300,4.7800,5062820,24107037.0000,6903
20240923,600355,3.3000,3.3200,3.4000,3.2400,3.2900,54191800,179425334.0000,22651
20240923,600356,6.2400,6.2400,6.2900,6.2000,6.2700,1903649,11894179.0000,3474
20240923,600358,2.9500,2.9600,3.2500,2.9500,3.1400,61207996,192392822.0000,23644
20240923,600359,5.9500,5.9500,5.9500,5.8700,5.9200,2960801,17466642.0000,3964
20240923,600360,3.1800,3.2100,3.3400,3.2000,3.2700,39646426,130417681.0000,11332
20240923,600361,3.4900,3.4900,3.5400,3.4600,3.5000,18167400,63718082.0000,16938
20240923,600362,19.8600,19.8000,20.1300,19.7500,19.8900,17856633,355695049.0000,39654
20240923,600363,22.7000,22.7500,23.2900,21.9800,22.0500,8966921,201593986.0000,13275
20240923,600365,2.4800,2.4800,2.4900,2.4500,2.4500,2647100,6538789.0000,712
20240923,600366,5.5700,5.5600,5.6300,5.4900,5.5100,5748802,31809260.0000,11718
20240923,600367,8.9000,8.9900,8.9900,8.8300,8.9200,1977800,17618073.0000,5523
20240923,600368,3.2600,3.2700,3.3000,3.2500,3.2900,6597459,21672014.0000,5019
20240923,600369,3.6100,3.6200,3.6300,3.5800,3.6100,19809092,71481625.0000,12155
20240923,600370,1.3800,1.3800,1.4200,1.3500,1.4100,18402160,25546014.0000,5799
20240923,600371,6.5200,6.5200,6.5400,6.4500,6.4800,1483708,9627273.0000,3743
20240923,600372,10.5500,10.5000,10.6500,10.5000,10.5900,12739486,135066910.0000,18145
20240923,600373,13.4800,13.4800,13.6800,13.1800,13.2300,9064200,121166810.0000,21114
20240923,600375,5.2700,5.1300,5.2700,5.1200,5.1700,5558000,28766021.0000,1947
20240923,600376,2.3600,2.3100,2.3700,2.2700,2.3400,21920976,51041221.0000,8958
20240923,600377,13.6400,13.8000,13.8000,13.5000,13.7200,5472000,74881489.0000,14734
20240923,600378,25.6700,25.4600,25.8000,25.3800,25.4800,870240,22231941.0000,4509
20240923,600379,9.0300,9.1500,9.5900,9.1100,9.2900,23640727,220095390.0000,22592
20240923,600380,9.5600,9.5500,9.7200,9.5400,9.5900,10432016,100373111.0000,20450
20240923,600381,2.6500,2.6600,2.6900,2.5800,2.6000,5709900,15017220.0000,1647
20240923,600382,3.4200,3.4000,3.4500,3.4000,3.4500,1647400,5653912.0000,2049
20240923,600383,4.0800,4.0000,4.1200,3.9800,4.0100,209871401,849946146.0000,50250
20240923,600386,3.3100,3.3000,3.3600,3.2600,3.3600,17482700,58107639.0000,20718
20240923,600387,2.5800,2.6000,2.6000,2.5400,2.5600,1085000,2793209.0000,464
20240923,600388,10.7300,10.7300,10.8900,10.6700,10.8100,2736702,29624948.0000,4996
20240923,600389,12.7200,12.7200,12.8200,12.5000,12.5100,2488937,31429920.0000,8039
20240923,600390,4.1500,4.1500,4.1700,4.1200,4.1400,14826999,61470570.0000,15926
20240923,600391,14.9800,14.9500,15.3400,14.8900,15.2600,3622812,55057800.0000,9161
20240923,600392,7.9200,7.9100,7.9800,7.8500,7.8800,8436325,66731530.0000,13157
20240923,600395,4.7400,4.7500,4.8500,4.7200,4.8300,9202002,44123220.0000,9131
20240923,600396,2.2800,2.2800,2.2900,2.2500,2.2700,16431300,37338690.0000,6386
20240923,600397,1.9400,1.9300,1.9700,1.9000,1.9600,10293400,19973666.0000,4211
20240923,600398,5.3800,5.3700,5.6500,5.3600,5.5800,45945608,256426866.0000,38934
20240923,600399,5.0100,5.0100,5.0600,4.9100,4.9200,31339049,155940400.0000,20371
20240923,600400,2.0800,2.0800,2.0900,2.0600,2.0700,6803100,14137161.0000,4318
20240923,600403,2.4600,2.4700,2.4900,2.4300,2.4800,4626500,11408128.0000,4956
20240923,600405,3.5500,3.5500,3.6500,3.5500,3.6300,14387001,52020816.0000,11070
20240923,600406,25.7400,25.6200,26.0300,25.5800,25.6400,11659810,299601555.0000,31471
20240923,600408,1.5100,1.5100,1.6400,1.5100,1.5800,20638060,32447237.0000,5282
20240923,600409,4.6600,4.6500,4.6900,4.6300,4.6700,13420961,62522154.0000,17114
20240923,600410,4.3300,4.3300,4.5400,4.2700,4.4600,72730825,322529915.0000,53610
20240923,600415,8.6700,8.6900,8.7300,8.5000,8.5600,22268345,190973539.0000,26333
20240923,600416,9.0400,9.0500,9.1600,8.9500,8.9700,7930880,71764110.0000,15104
20240923,600418,21.8600,21.9900,22.0800,21.1600,21.7400,78944355,1713247893.0000,87070
20240923,600419,7.0100,6.9700,7.0800,6.9600,7.0500,1692730,11901755.0000,3136
20240923,600420,10.0500,10.0600,10.2500,9.9800,10.1600,8893100,90188092.0000,19814
20240923,600421,6.6900,6.6700,6.6700,6.2500,6.3700,7043200,44945183.0000,6438
20240923,600422,12.2600,12.2800,12.4600,12.0300,12.1000,10024900,122177383.0000,22791
20240923,600423,2.2600,2.2600,2.2900,2.2500,2.2700,3593600,8165004.0000,2452
20240923,600425,3.1300,3.1200,3.1300,3.1100,3.1300,5403700,16877875.0000,3248
20240923,600426,20.5600,20.5000,20.9500,20.4100,20.5500,11623737,240524115.0000,25658
20240923,600428,5.7300,5.7100,5.8500,5.7000,5.8300,17137101,99609551.0000,23868
20240923,600429,3.7200,3.7100,3.7400,3.6700,3.7100,3060500,11339183.0000,6169
20240923,600433,2.6300,2.6400,2.6600,2.6200,2.6600,4802091,12710270.0000,3892
20240923,600435,8.9600,8.9800,9.3600,8.9600,9.0800,30184706,276360037.0000,27338
20240923,600436,201.0000,201.0000,202.8700,197.5100,197.7700,1174083,234737442.0000,7520
20240923,600438,17.8100,17.8100,17.8300,17.3900,17.4300,18416794,323225562.0000,30029
20240923,600439,2.4500,2.4300,2.4500,2.3400,2.3800,38442020,91088291.0000,10058
20240923,600444,11.5700,11.5700,11.6200,11.4300,11.5200,2634900,30320608.0000,4849
20240923,600446,9.7300,9.7200,10.0300,9.7000,9.8400,16330065,161101979.0000,19648
20240923,600448,2.0800,2.0700,2.1100,2.0700,2.0800,10314320,21520865.0000,3926
20240923,600449,10.4500,10.4300,10.7400,10.3100,10.6700,17073856,180755682.0000,25632
20240923,600452,8.9300,8.8900,8.9600,8.6500,8.7000,8153565,71551311.0000,9269
20240923,600455,17.0600,17.0200,17.2800,16.6800,16.7700,2951300,49940964.0000,5598
20240923,600456,25.9600,25.9000,26.1000,25.4900,25.6700,3672800,94427746.0000,12881
20240923,600458,8.9100,8.9200,8.9700,8.7900,8.8200,3852927,34156589.0000,9369
20240923,600459,12.2700,12.2200,12.3600,12.0900,12.1400,4564098,55721880.0000,8481
20240923,600460,18.0000,17.8700,18.0600,17.6900,17.7200,14726100,262398063.0000,28056
20240923,600461,8.5000,8.4800,8.7200,8.4200,8.7000,11424732,98119767.0000,18763
20240923,600462,1.4600,1.4700,1.4700,1.3900,1.3900,12626800,17839930.0000,1233
20240923,600463,10.0200,9.5500,9.8700,9.2200,9.6000,18521437,177584886.0000,16367
20240923,600467,1.5500,1.5500,1.5500,1.5300,1.5500,18182600,28024278.0000,3741
20240923,600468,3.9000,3.8700,3.9200,3.8700,3.8900,6032640,23477065.0000,5883
20240923,600469,5.6400,5.6400,5.7100,5.5900,5.6600,4938900,27967288.0000,8084
20240923,600470,4.0900,4.0600,4.0900,4.0300,4.0300,3530600,14297913.0000,6361
20240923,600475,8.2100,8.2200,8.2700,8.1700,8.2000,1627171,13356588.0000,4436
20240923,600476,12.9800,12.9500,13.0800,12.8100,12.9500,6236401,80742738.0000,11951
20240923,600477,2.1900,2.1900,2.2000,2.1700,2.1800,7486549,16356797.0000,4758
20240923,600478,3.1900,3.1800,3.2500,3.1600,3.2100,10968299,35189805.0000,14285
20240923,600479,9.3000,9.3000,9.5000,9.2900,9.5000,5072960,47897789.0000,8618
20240923,600480,7.7300,7.7000,7.8500,7.6700,7.8200,10152492,79108108.0000,18861
20240923,600481,3.5000,3.5000,3.5400,3.4600,3.5100,12971967,45384722.0000,11491
20240923,600482,21.0000,21.0000,21.3700,20.8200,20.8500,10860826,229069643.0000,25690
20240923,600483,9.0500,9.0300,9.1800,8.9700,9.0900,11922729,108539701.0000,19867
20240923,600486,47.0700,46.9700,47.4000,46.6100,46.8100,1113414,52277115.0000,5614
20240923,600487,14.6300,14.6800,14.8300,14.3600,14.4300,23143712,336584956.0000,49583
20240923,600488,3.7800,3.7800,3.8500,3.7600,3.8300,4279931,16354733.0000,7729
20240923,600489,13.0300,13.1100,13.5200,13.1100,13.3100,69329742,923474840.0000,71758
20240923,600490,2.8200,2.9000,3.0500,2.7500,2.8400,226459266,655966688.0000,70062
20240923,600491,2.5300,2.5200,2.5600,2.5100,2.5500,10323000,26188789.0000,9200
20240923,600493,4.2600,4.2700,4.2900,4.2600,4.2900,2241300,9586095.0000,3219
20240923,600495,3.4000,3.4000,3.4200,3.3600,3.3800,10984829,37107684.0000,3950
20240923,600496,2.3900,2.4000,2.4100,2.3900,2.3900,5092040,12207194.0000,5984
20240923,600497,4.7900,4.7900,4.8200,4.7300,4.7400,32165400,153273254.0000,20262
20240923,600498,14.3800,14.6500,14.9200,14.4600,14.7800,24813600,366082912.0000,35971
20240923,600499,7.0300,7.0000,7.0700,6.9200,6.9300,8343099,58221352.0000,12678
20240923,600500,3.7100,3.6800,3.7300,3.6600,3.6800,11384804,42000125.0000,13620
20240923,600501,15.2600,15.1200,15.5200,15.1100,15.2600,16020001,245748812.0000,28011
20240923,600502,4.1200,4.1300,4.1600,4.1000,4.1500,10560246,43696504.0000,14816
20240923,600503,1.8100,1.8000,1.8200,1.7800,1.8000,17880346,32180199.0000,4618
20240923,600505,8.5700,8.4600,8.5800,8.3700,8.4900,9636000,81750528.0000,9035
20240923,600506,10.9100,10.9000,11.0800,10.8200,10.9600,2703900,29614324.0000,2980
20240923,600507,3.6100,3.5900,3.6200,3.5700,3.6200,4286088,15440542.0000,3632
20240923,600508,10.9600,10.9300,11.2100,10.9300,11.1300,3061200,33974948.0000,6613
20240923,600509,4.9700,4.9600,5.0200,4.9300,5.0000,7819000,39004402.0000,7774
20240923,600510,3.6700,3.6600,3.7100,3.6300,3.6800,7389400,27104826.0000,9248
20240923,600511,27.6500,27.6500,28.2400,27.6000,28.1700,6294882,176131047.0000,16770
20240923,600512,1.9300,1.9300,1.9300,1.9100,1.9200,3421900,6575544.0000,986
20240923,600513,8.0700,8.1100,8.2000,8.0500,8.1400,2312500,18817497.0000,5671
20240923,600515,3.1200,3.1300,3.1300,3.0900,3.1000,17984819,55803045.0000,10078
20240923,600516,3.9800,3.9700,4.0400,3.9400,4.0000,31562528,126161696.0000,14742
20240923,600517,4.4000,4.4100,4.4300,4.3100,4.3300,13752700,59917302.0000,22030
20240923,600518,1.7200,1.7200,1.7300,1.7100,1.7100,45948288,78807217.0000,7779
20240923,600519,1263.9200,1268.0000,1293.5000,1260.6600,1261.5400,4554969,5809791682.0000,33647
20240923,600520,17.5200,17.3500,18.1000,17.0000,17.9500,16494901,292460250.0000,24947
20240923,600521,15.7200,15.8000,15.9400,15.5300,15.6800,8226047,128946937.0000,24362
20240923,600522,13.0700,13.0500,13.1000,12.7900,12.8400,34703969,448313411.0000,43615
20240923,600523,9.9000,9.9200,10.8900,9.8700,10.8900,17790111,189560774.0000,13329
20240923,600525,4.4500,4.4500,4.5900,4.3900,4.4400,16143751,72111090.0000,7028
20240923,600526,3.7100,3.7100,3.7300,3.6800,3.7200,3119302,11584086.0000,5840
20240923,600527,1.3700,1.3700,1.3800,1.3600,1.3700,2856420,3917067.0000,672
20240923,600528,6.7700,6.7300,6.8000,6.7000,6.7900,6470961,43743754.0000,10308
20240923,600529,25.0300,25.0500,25.5300,24.8800,25.0400,5185862,130524208.0000,18375
20240923,600530,2.5600,2.5600,2.6000,2.4900,2.5200,4663400,11821344.0000,2084
20240923,600531,5.8300,5.8100,5.8900,5.7900,5.8400,20302700,118548452.0000,22570
20240923,600533,1.9000,1.8800,1.9000,1.8500,1.8900,10169200,19128941.0000,5891
20240923,600535,13.9500,13.9500,14.0500,13.7200,13.7300,9357102,129540085.0000,16711
20240923,600536,36.5000,36.0100,36.4700,34.6800,34.8200,43343190,1532872249.0000,99670
20240923,600537,2.2300,2.2300,2.2600,2.2000,2.2300,14517380,32291572.0000,10694
20240923,600538,3.1600,3.1500,3.1800,3.1100,3.1300,2488500,7822883.0000,3993
20240923,600539,3.8400,3.8500,3.9400,3.8200,3.9400,4218401,16448742.0000,4746
20240923,600540,3.4400,3.4200,3.4700,3.4100,3.4700,3388950,11663825.0000,4813
20240923,600543,6.7100,6.3900,6.4600,6.0400,6.2900,58386603,359279147.0000,29878
20240923,600545,1.3800,1.3800,1.4200,1.3600,1.4000,25290500,35011793.0000,4690
20240923,600546,11.3000,11.2700,11.5000,11.2100,11.4700,14672100,167100662.0000,22308
20240923,600547,26.3000,26.6000,27.0000,26.4800,26.6800,26388216,705803023.0000,38012
20240923,600548,9.4700,9.4000,9.4600,9.3600,9.3900,2905200,27338329.0000,6338
20240923,600549,17.5900,17.5400,17.7400,17.4800,17.5500,9356245,164687935.0000,22945
20240923,600550,11.1200,11.6800,12.2300,11.4900,12.2300,157878311,1901016773.0000,116619
20240923,600551,7.9500,7.9500,8.0600,7.9200,8.0000,3044696,24364165.0000,7805
20240923,600552,10.8000,10.6600,10.8200,10.4500,10.4600,78493658,829513869.0000,72128
20240923,600556,3.5000,3.4800,3.5500,3.4500,3.5100,14689858,51516032.0000,18812
20240923,600557,12.1700,12.1700,12.3500,12.1100,12.1500,5039100,61563515.0000,10583
20240923,600558,3.2600,3.2300,3.2600,3.2100,3.2300,8988751,29024096.0000,7458
20240923,600559,17.2200,17.2400,17.6100,17.2000,17.2400,14909500,259235702.0000,28711
20240923,600560,12.3300,12.3300,12.3500,12.1000,12.1500,3726400,45436078.0000,6552
20240923,600561,4.2900,4.2800,4.3300,4.2300,4.3100,8042100,34519143.0000,7394
20240923,600562,12.6700,12.6800,12.9000,12.6000,12.7800,4354770,55777651.0000,12208
20240923,600563,85.5200,86.1700,87.5800,84.6100,86.2700,1911678,164435368.0000,11596
20240923,600566,24.1400,24.0400,24.5300,24.0000,24.1400,6317062,152775260.0000,19023
20240923,600567,1.4000,1.4000,1.4200,1.3900,1.4100,10123383,14286099.0000,1601
20240923,600568,1.2200,1.2100,1.2300,1.1900,1.2100,4137300,4998890.0000,380
20240923,600569,1.3600,1.3600,1.4300,1.3300,1.4000,16154676,22306131.0000,2879
20240923,600570,16.6300,16.6400,16.7100,16.4100,16.4300,13561375,224157746.0000,26335
20240923,600571,9.1400,9.1000,9.2800,9.0000,9.1800,20327000,186372670.0000,25004
20240923,600572,4.0400,4.0300,4.0900,4.0300,4.0500,12368351,50205573.0000,10301
20240923,600573,9.2200,9.1800,9.3000,9.1300,9.1500,1905900,17557547.0000,4944
20240923,600575,3.2500,3.2600,3.3400,3.2300,3.3200,22487745,74256306.0000,16423
20240923,600576,4.7600,4.7300,4.8400,4.6500,4.7000,19694300,93154320.0000,15608
20240923,600577,4.1000,4.1100,4.1800,4.0900,4.1200,33292974,137619457.0000,40182
20240923,600578,3.0600,3.0800,3.1600,3.0700,3.1400,22150284,69335177.0000,19762
20240923,600579,5.3600,5.3200,5.3300,5.2400,5.2900,9150100,48342693.0000,8460
20240923,600580,10.1900,10.1900,10.2800,10.0800,10.1200,11153877,113241551.0000,19552
20240923,600581,2.5900,2.5800,2.7900,2.5600,2.7200,40894446,109686501.0000,11841
20240923,600582,5.3300,5.3300,5.3800,5.2900,5.3500,20462720,109429024.0000,28010
20240923,600583,4.8500,4.8600,4.9000,4.8100,4.8700,14505980,70716015.0000,15531
20240923,600584,28.0600,28.0600,28.6000,27.7200,27.7900,24387765,684141106.0000,54882
20240923,600585,19.8700,19.8100,20.0700,19.7900,20.0700,12484045,249140170.0000,25529
20240923,600586,4.9000,4.8900,4.9300,4.8600,4.9000,6451378,31601116.0000,6747
20240923,600587,15.7400,15.8600,16.0300,15.6500,15.9000,3668390,58185829.0000,14017
20240923,600588,8.7600,8.7600,8.8600,8.6900,8.7500,13176936,115799384.0000,22180
20240923,600589,2.5500,2.5100,2.8100,2.5000,2.8100,70416601,189524422.0000,28085
20240923,600590,3.7600,3.8000,3.9100,3.7000,3.8400,27207794,103617218.0000,19297
20240923,600592,8.2400,8.1900,8.2700,8.1300,8.1900,3839582,31442543.0000,3133
20240923,600593,16.4400,16.3400,16.6100,16.1800,16.4000,1721622,28270451.0000,3931
20240923,600594,3.0900,3.0900,3.1300,3.0800,3.1200,6638406,20627467.0000,8033
20240923,600595,2.3800,2.3700,2.4100,2.3600,2.3800,22606169,53904320.0000,15797
20240923,600596,6.9700,6.9700,7.0000,6.8800,6.9000,4595700,31859766.0000,7926
20240923,600597,7.6300,7.6300,7.6700,7.5400,7.5800,3822868,28997687.0000,7466
20240923,600598,13.2500,13.2700,13.3000,12.7100,12.9000,27740447,357897666.0000,46346
20240923,600599,11.9200,11.6000,12.2300,11.4200,11.6600,2684900,31684395.0000,2393
20240923,600600,57.5300,57.4500,58.5400,56.8900,56.9100,4381527,252249655.0000,18764
20240923,600601,2.7500,2.7500,2.7900,2.7300,2.7400,71516910,197145584.0000,15935
20240923,600602,10.4900,10.4000,10.5300,10.2500,10.4600,29044477,301734849.0000,47827
20240923,600603,5.1700,5.1800,5.3000,5.1400,5.1900,7333463,38361214.0000,2100
20240923,600604,3.7400,3.7000,3.7200,3.6500,3.6900,8490000,31280454.0000,10380
20240923,600605,25.5000,25.7000,26.6600,25.3500,26.3500,2891813,75538027.0000,5665
20240923,600606,1.4700,1.4500,1.4800,1.4400,1.4600,71565521,104521665.0000,12163
20240923,600608,2.7300,2.7200,2.7800,2.7100,2.7300,989265,2716373.0000,283
20240923,600609,3.8300,3.8200,3.8500,3.7900,3.8200,5859600,22372888.0000,10927
20240923,600610,3.4000,3.4800,3.7400,3.4200,3.7400,15294074,55157275.0000,11126
20240923,600611,6.4800,6.4000,6.7300,6.4000,6.7300,267600221,1760567194.0000,134608
20240923,600612,53.3700,53.1700,54.3000,52.2300,52.3200,2209917,117499722.0000,9583
20240923,600613,5.2100,5.1900,5.2900,5.1900,5.2500,3248400,17050491.0000,6750
20240923,600615,8.6800,8.7400,8.7400,8.5700,8.6300,884000,7622809.0000,1786
20240923,600616,4.5700,4.5600,4.6300,4.5400,4.6100,3892631,17892820.0000,6251
20240923,600617,2.1800,2.1700,2.2000,2.1500,2.1900,6208407,13535255.0000,3182
20240923,600618,7.3700,7.3900,7.4900,7.3400,7.4800,3305210,24598461.0000,7045
20240923,600619,7.1700,6.6800,7.8900,6.4500,7.8900,184944150,1282036712.0000,121993
20240923,600620,4.6800,4.6700,4.7200,4.5900,4.6800,4158064,19323240.0000,8615
20240923,600621,12.6000,12.6200,12.6400,12.4600,12.5500,10086135,126586037.0000,13721
20240923,600622,1.8800,1.8800,1.9100,1.8400,1.8900,24638876,46155737.0000,8913
20240923,600623,5.7300,5.7100,5.7500,5.6800,5.7200,6211300,35533770.0000,12247
20240923,600624,3.2000,3.1900,3.2200,3.1400,3.1800,10140046,32289288.0000,10458
20240923,600626,3.2900,3.2800,3.2800,3.1900,3.2100,23229100,74863106.0000,20461
20240923,600628,5.9600,5.9600,5.9800,5.8900,5.9200,2084900,12372707.0000,4786
20240923,600629,4.4200,4.3900,4.4300,4.3500,4.4000,8154700,35949369.0000,10267
20240923,600630,7.3100,7.3000,7.3700,7.2700,7.3400,6538561,47916327.0000,10777
20240923,600633,8.0900,8.0900,8.2500,8.0500,8.2000,8974295,73465787.0000,8606
20240923,600635,2.8600,2.8600,2.8900,2.8400,2.8800,24741371,70950526.0000,10562
20240923,600636,7.7200,7.7300,7.8500,7.6300,7.7700,6897800,53601657.0000,11125
20240923,600637,6.2800,6.3000,6.3300,6.2500,6.3200,10637679,67083926.0000,17464
20240923,600638,3.9900,3.9600,4.0100,3.9200,3.9800,7872920,31251911.0000,11024
20240923,600639,9.7900,9.7400,9.8700,9.7100,9.8600,5116488,50230498.0000,9641
20240923,600640,9.7200,9.7300,9.8700,9.7100,9.7700,4673029,45749194.0000,10792
20240923,600641,9.6100,9.6900,10.0500,9.5300,9.9000,10534373,103513272.0000,15830
20240923,600642,7.2800,7.2700,7.6700,7.2500,7.6300,31507698,238138385.0000,29099
20240923,600643,4.1000,4.0900,4.1100,4.0500,4.0800,6716932,27428266.0000,10435
20240923,600644,5.4100,5.3900,5.4200,5.3600,5.4100,2747510,14832331.0000,2826
20240923,600645,18.0500,18.1000,18.2900,17.7600,17.8400,8848900,158999579.0000,15646
20240923,600648,8.9600,8.9000,8.9900,8.8600,8.9900,2989100,26759148.0000,5932
20240923,600649,3.3000,3.2600,3.3400,3.2400,3.3100,24204742,79975590.0000,14493
20240923,600650,10.4300,10.3100,10.5400,10.1900,10.4500,22677600,234858878.0000,33258
20240923,600651,2.9000,2.9000,2.9400,2.8700,2.9200,10209151,29736245.0000,7726
20240923,600653,1.2700,1.2700,1.3200,1.2600,1.3100,33297005,43137171.0000,4511
20240923,600654,2.1500,2.1400,2.2500,2.1300,2.2200,15760187,34760228.0000,5090
20240923,600655,5.0900,5.0800,5.1200,5.0600,5.1000,4697860,23944683.0000,6998
20240923,600657,3.1600,3.1200,3.3700,3.1200,3.2700,42087105,137447825.0000,22953
20240923,600658,4.3800,4.0500,4.6900,3.9400,3.9700,146544467,608453244.0000,72178
20240923,600660,52.2000,52.3900,52.6100,51.7100,52.3000,9318683,485214195.0000,34836
20240923,600661,10.6100,10.5800,11.1000,10.5400,10.7300,11428500,124358680.0000,20351
20240923,600662,3.9900,4.0200,4.0800,3.9900,4.0100,15707506,63433381.0000,15259
20240923,600663,8.1600,8.1000,8.2400,8.0500,8.1500,4710945,38326196.0000,12566
20240923,600664,3.0300,3.0300,3.0900,3.0300,3.0700,19099183,58606177.0000,19278
20240923,600665,2.6600,2.6000,2.6300,2.5300,2.6200,41505400,107789456.0000,21218
20240923,600666,1.4000,1.4000,1.4000,1.3800,1.3800,21079901,29242135.0000,3105
20240923,600667,5.1500,5.1600,5.2200,5.1200,5.1700,13736355,71053296.0000,17124
20240923,600668,8.2900,8.2900,8.3100,8.2300,8.2500,1642428,13572904.0000,2425
20240923,600671,6.4600,6.4600,6.6600,6.4300,6.4800,565300,3701797.0000,364
20240923,600673,6.3400,6.3200,6.3600,6.2500,6.2700,5691778,35811169.0000,11456
20240923,600674,17.2000,17.1700,17.7700,17.1600,17.7200,19885255,349829086.0000,30437
20240923,600675,2.6300,2.6300,2.6700,2.6100,2.6500,15868698,41966548.0000,9527
20240923,600676,3.1700,3.1600,3.2200,3.1000,3.1900,12789250,40528247.0000,14785
20240923,600678,4.9900,4.9800,5.0600,4.9400,5.0200,7797854,39024971.0000,3641
20240923,600679,9.5500,9.4700,9.5200,9.3200,9.4300,4708201,44250299.0000,6296
20240923,600681,3.2500,3.2400,3.2600,3.2300,3.2500,1911528,6214213.0000,2171
20240923,600682,5.2500,5.2200,5.2600,5.1700,5.2600,12363704,64483804.0000,11291
20240923,600683,4.0500,3.9100,4.1600,3.8600,4.0100,37902645,151722436.0000,16193
20240923,600684,2.9200,2.9400,2.9400,2.8600,2.9100,12590641,36537593.0000,8308
20240923,600685,23.1500,22.7000,23.2300,22.6700,22.8200,6814481,156316648.0000,15164
20240923,600686,10.9000,10.8800,11.3600,10.7900,11.1600,81845801,906830804.0000,100470
20240923,600688,2.5200,2.5300,2.5400,2.5100,2.5300,10213279,25771109.0000,7130
20240923,600689,7.0400,6.9900,7.1100,6.9700,7.0600,3106733,21882370.0000,4614
20240923,600690,27.2300,27.2900,28.1600,27.2200,27.4800,36610817,1010245495.0000,70619
20240923,600691,1.7900,1.7800,1.8200,1.7200,1.7700,61087316,108294339.0000,15867
20240923,600692,5.4000,5.3500,5.3800,5.2700,5.3400,12078524,64331727.0000,11692
20240923,600693,2.9400,2.9300,2.9400,2.9000,2.9300,4471700,13050346.0000,2806
20240923,600694,15.1600,15.0700,15.2400,14.6800,14.8300,5662329,84652360.0000,9171
20240923,600696,6.4200,6.4200,7.0600,6.3900,7.0600,28833786,198863354.0000,28774
20240923,600697,9.5700,9.5600,9.6000,9.5000,9.5500,691500,6609327.0000,1875
20240923,600698,4.1500,4.1700,4.5700,4.1200,4.5700,62824759,278245213.0000,25148
20240923,600699,14.0600,14.0000,14.4700,13.9200,14.3000,15633410,222756855.0000,26160
20240923,600702,42.4900,42.4800,43.5000,42.4800,42.6100,5773072,247940421.0000,18468
20240923,600703,9.7300,9.7200,9.8100,9.6400,9.7700,14949823,145845821.0000,18849
20240923,600704,4.1100,4.1100,4.1400,4.1000,4.1200,14711600,60607289.0000,14354
20240923,600705,2.4000,2.3800,2.4100,2.3600,2.3900,63387308,151259689.0000,17068
20240923,600706,8.2500,8.3200,8.4200,8.1300,8.3500,4020160,33377293.0000,7138
20240923,600707,5.9000,5.8800,6.0500,5.8500,5.9500,18393182,109717599.0000,25057
20240923,600708,1.9000,1.8800,1.9100,1.8500,1.8800,23299000,43832953.0000,6223
20240923,600710,8.2700,8.2700,8.4200,8.2200,8.3000,10129669,84192073.0000,17982
20240923,600711,3.5800,3.5700,3.6200,3.5500,3.5600,40578356,145498224.0000,7222
20240923,600712,3.5700,3.5600,3.5800,3.5300,3.5600,6451000,22938524.0000,5251
20240923,600713,4.2000,4.2000,4.2300,4.1900,4.2200,3168800,13336316.0000,5524
20240923,600714,7.0200,7.0200,7.0400,6.9600,6.9800,1596600,11176486.0000,5355
20240923,600715,1.8500,1.8500,1.8600,1.8200,1.8300,12530598,22990105.0000,1726
20240923,600716,2.7700,2.7700,2.7800,2.6800,2.7500,24069695,66048052.0000,9029
20240923,600717,4.1900,4.1800,4.2300,4.1700,4.2200,14731299,62074695.0000,16485
20240923,600718,8.8700,8.8800,9.0200,8.8400,8.8900,14895200,132956345.0000,22339
20240923,600719,6.8000,6.1200,6.6600,6.1200,6.1300,82976421,517416579.0000,71625
20240923,600720,8.2100,8.2100,8.2500,8.1000,8.2300,4251800,34806411.0000,7830
20240923,600721,5.6900,6.2500,6.2600,6.1500,6.2600,19764400,123595079.0000,12165
20240923,600722,3.7100,3.7000,3.7300,3.6800,3.7200,2232400,8292338.0000,4383
20240923,600724,3.5800,3.5900,3.6000,3.5400,3.5800,3983500,14209291.0000,6327
20240923,600725,2.3100,2.3000,2.3300,2.2900,2.3300,5158800,11924820.0000,3006
20240923,600726,1.9700,1.9700,2.0000,1.9600,1.9900,7429174,14750855.0000,2578
20240923,600727,6.0500,6.0500,6.0900,6.0000,6.0600,5672000,34363012.0000,7127
20240923,600728,3.9200,3.9500,4.0000,3.9200,3.9800,21410652,85104753.0000,21991
20240923,600729,18.4000,18.3800,18.8500,18.3700,18.4600,2916220,54174602.0000,7207
20240923,600730,4.3600,4.3500,4.4800,4.3200,4.3700,15203400,66851965.0000,9051
20240923,600731,4.8400,4.8200,4.8600,4.7700,4.8000,2638020,12681106.0000,5809
20240923,600732,7.5400,7.5300,7.5900,7.4300,7.4500,14994003,112306119.0000,15431
20240923,600733,6.4600,6.4000,6.5800,6.3800,6.5000,130082352,846952329.0000,63305
20240923,600734,2.9400,2.9300,3.0400,2.9200,2.9500,21562022,64032240.0000,5253
20240923,600735,3.6400,3.6300,3.8100,3.6200,3.7400,11854800,44148459.0000,9158
20240923,600736,4.1200,4.1100,4.1500,4.0800,4.1300,6688825,27591330.0000,8787
20240923,600737,8.6600,8.7000,8.8400,8.6000,8.7000,31975814,279345928.0000,46044
20240923,600738,3.6100,3.6000,3.6000,3.5600,3.5800,4397700,15725745.0000,4389
20240923,600739,8.1800,8.1700,8.2000,8.1100,8.1500,7841100,63993238.0000,15006
20240923,600740,3.5300,3.5100,3.5400,3.5000,3.5300,6356375,22394715.0000,6369
20240923,600741,15.9700,15.9900,16.1500,15.7900,15.8600,11978346,190653397.0000,30397
20240923,600742,7.5400,7.5800,7.6700,7.5000,7.6400,6070162,46247130.0000,11066
20240923,600743,1.2800,1.2700,1.2800,1.2500,1.2600,27582369,34798800.0000,3182
20240923,600744,2.8200,2.8100,2.8300,2.7900,2.8100,9709628,27294664.0000,3839
20240923,600745,24.9000,24.9000,25.2500,24.6900,24.8500,6571610,164139876.0000,14377
20240923,600746,6.0900,6.0500,6.0700,5.9800,6.0200,2487551,14969471.0000,4891
20240923,600748,2.6000,2.5800,2.6300,2.5600,2.6200,10713331,27865998.0000,7768
20240923,600749,10.1200,10.1800,10.2500,10.0000,10.1800,3130600,31788445.0000,3078
20240923,600750,19.4900,19.4900,19.8700,19.2400,19.3900,5089654,99246077.0000,17137
20240923,600751,2.2000,2.2000,2.2100,2.1900,2.2000,8870300,19517345.0000,4609
20240923,600753,5.6900,5.6800,5.7700,5.5800,5.6100,3589200,20259634.0000,3866
20240923,600754,23.1800,23.0200,23.5300,22.8800,23.2100,6006700,140165328.0000,17648
20240923,600755,5.7400,5.7700,5.8100,5.6900,5.7800,9034157,51963573.0000,11687
20240923,600756,10.8300,10.8300,10.9700,10.7400,10.8500,13675300,148561113.0000,16614
20240923,600757,8.3900,8.3700,8.5000,8.1500,8.2000,11829400,98011551.0000,20081
20240923,600758,2.7600,2.7600,2.7800,2.7100,2.7800,5573000,15344047.0000,3923
20240923,600759,2.0300,2.0300,2.0500,2.0100,2.0200,12307982,24987430.0000,1986
20240923,600760,38.6000,38.5000,39.2000,38.4000,38.5200,6759045,261820727.0000,20924
20240923,600761,18.2700,18.2100,18.5300,18.0900,18.2800,10663850,194775327.0000,15996
20240923,600763,43.2800,43.5100,43.5900,42.2600,42.4500,4739906,202815813.0000,14635
20240923,600764,20.9600,20.9500,21.3000,20.8800,21.0100,2326526,48952306.0000,7823
20240923,600765,15.9800,15.9300,16.1700,15.8900,15.9700,6964408,111844771.0000,14506
20240923,600768,7.4100,7.4300,7.4500,7.3000,7.4400,2421195,17913550.0000,3924
20240923,600769,7.1200,7.0000,7.0300,6.7800,6.7900,8898064,61141661.0000,5717
20240923,600770,2.4000,2.4000,2.6400,2.3800,2.6400,26580794,67963655.0000,9683
20240923,600771,16.7500,16.6900,17.1700,16.6500,16.6700,3655287,61702136.0000,8298
20240923,600773,10.9500,10.9500,11.0100,10.7000,10.9400,5158650,56262621.0000,6601
20240923,600774,6.4900,6.5500,6.5600,6.4500,6.5100,2409900,15636450.0000,4104
20240923,600775,7.6600,7.7500,7.9500,7.6600,7.8700,27747318,217290176.0000,30684
20240923,600776,9.6900,10.3700,10.6600,10.2100,10.6600,50913453,538470140.0000,40482
20240923,600777,1.7700,1.7700,1.8100,1.7600,1.7900,35266255,63099177.0000,2497
20240923,600778,4.3600,4.3100,4.3600,4.2100,4.3400,3503200,15053135.0000,2386
20240923,600779,33.9000,33.7500,34.4900,33.7100,34.1800,4668769,159342371.0000,16209
20240923,600780,5.0900,5.0800,5.1300,5.0300,5.0900,3899300,19788915.0000,6752
20240923,600782,2.6100,2.6000,2.6700,2.5900,2.6500,24247453,63956294.0000,15920
20240923,600783,10.1800,10.1000,10.2000,10.0600,10.1100,2162400,21890371.0000,5999
20240923,600784,4.8200,4.8100,4.9000,4.7900,4.8700,3831095,18613546.0000,6729
20240923,600785,9.1300,9.1300,9.2200,9.0600,9.1300,3619701,33110079.0000,9431
20240923,600787,4.3700,4.3700,4.4100,4.3400,4.4100,6193140,27175946.0000,8842
20240923,600789,6.8100,6.8400,6.9100,6.8100,6.8500,22673120,155514892.0000,20220
20240923,600790,3.2800,3.2700,3.3000,3.2500,3.2900,4514783,14808172.0000,5095
20240923,600791,3.6600,3.5500,3.8000,3.5500,3.7100,23349200,85694341.0000,18969
20240923,600792,3.0500,3.0500,3.0600,3.0400,3.0600,5046900,15399212.0000,5305
20240923,600793,8.8600,8.8600,9.1200,8.8000,9.0400,1390200,12541301.0000,2068
20240923,600794,3.0100,3.0100,3.0100,2.9800,2.9900,5943500,17767004.0000,5673
20240923,600795,4.8900,4.9000,5.0600,4.8700,4.9900,109525212,547376924.0000,58486
20240923,600796,4.0900,4.1000,4.1200,4.0500,4.1000,1669800,6835261.0000,3046
20240923,600797,4.9100,4.9200,5.0000,4.9000,4.9600,11273301,55853176.0000,15066
20240923,600798,2.6200,2.6200,2.6300,2.5700,2.5800,8368400,21615213.0000,3664
20240923,600800,2.0600,2.0700,2.1100,2.0300,2.0900,6336799,13153919.0000,2745
20240923,600801,10.1700,10.1300,10.2400,10.1100,10.2000,3942837,40143281.0000,9753
20240923,600802,2.7800,2.7800,2.8200,2.7600,2.8100,3016800,8445726.0000,4068
20240923,600803,17.9000,17.9300,18.1900,17.8600,18.0200,4349625,78510509.0000,11193
20240923,600804,1.5200,1.5300,1.5500,1.4400,1.4400,47564200,69240875.0000,5589
20240923,600805,3.4800,3.4600,3.5100,3.4100,3.5000,4720260,16373552.0000,2999
20240923,600807,2.8000,2.7700,2.7700,2.7200,2.7400,9452411,25894558.0000,4363
20240923,600808,1.8300,1.8300,1.8500,1.8200,1.8500,14422300,26521327.0000,6897
20240923,600809,154.2300,154.4100,160.5600,154.4100,154.4800,6465506,1015447425.0000,37423
20240923,600810,6.2500,6.3000,6.3000,6.1100,6.1500,4865665,30024580.0000,7476
20240923,600811,1.3400,1.3300,1.4500,1.3000,1.3900,276447440,375684535.0000,37571
20240923,600812,4.5500,4.5600,4.6000,4.5300,4.5700,5046160,23043687.0000,10347
20240923,600814,5.8700,5.8800,5.9000,5.8300,5.8600,2675732,15674322.0000,5428
20240923,600815,1.9800,1.9900,2.0000,1.9600,1.9900,4836400,9577073.0000,2703
20240923,600816,2.3700,2.3700,2.3800,2.3400,2.3500,15862400,37383282.0000,7287
20240923,600817,9.1600,9.1500,9.2600,9.1400,9.2000,4944700,45497071.0000,9950
20240923,600818,13.2100,13.2100,13.2200,12.7400,12.7600,10078305,130201648.0000,17613
20240923,600819,4.4000,4.4100,4.4500,4.3700,4.4400,6161092,27229526.0000,9174
20240923,600820,5.3300,5.3400,5.3800,5.3100,5.3700,21227915,113650342.0000,25546
20240923,600821,5.0600,5.0600,5.0900,5.0200,5.0500,4785700,24151053.0000,4600
20240923,600822,8.0500,8.0500,8.0500,7.8100,7.8200,8613726,67834145.0000,6815
20240923,600824,3.0600,3.0500,3.0600,3.0300,3.0300,3459800,10514844.0000,3089
20240923,600825,4.1400,4.0900,4.2800,4.0300,4.1600,54587451,225879117.0000,35980
20240923,600826,5.5600,5.5600,5.5800,5.4800,5.5500,5437280,30028990.0000,5510
20240923,600827,7.7200,7.6800,7.7400,7.6000,7.6200,5432700,41587901.0000,10031
20240923,600828,2.5000,2.5000,2.5100,2.4500,2.4800,10168390,25106008.0000,7748
20240923,600829,5.2300,5.2300,5.2500,5.1800,5.2100,8487900,44281003.0000,6110
20240923,600830,8.6300,8.6300,8.6400,8.2500,8.2800,21320739,178264707.0000,23102
20240923,600831,2.0700,2.0700,2.0800,2.0200,2.0300,9656600,19743354.0000,1664
20240923,600833,10.7000,10.7400,10.7700,10.6400,10.6700,810900,8665224.0000,1963
20240923,600834,6.7900,6.7900,6.8100,6.7500,6.7900,3093803,20966760.0000,3448
20240923,600835,10.9000,10.8900,11.0200,10.8200,10.9200,2724194,29774287.0000,8461
20240923,600837,8.7700,8.7700,8.7700,8.7700,8.7700,0,0.0000,0
20240923,600838,6.9500,6.7300,6.9400,6.5000,6.5600,40402994,268263922.0000,28625
20240923,600839,5.0500,5.0500,5.0900,4.9900,5.0100,179836052,906640048.0000,93518
20240923,600841,3.7100,3.6800,3.7700,3.6400,3.7300,12568973,46698193.0000,12188
20240923,600843,7.0200,6.9700,7.0500,6.9100,6.9200,21430180,149085332.0000,17758
20240923,600844,2.3600,2.3400,2.3700,2.3200,2.3500,6176400,14498983.0000,2483
20240923,600845,28.5100,29.4300,29.4400,28.2400,28.2900,8324890,238619829.0000,26416
20240923,600846,7.0600,7.0600,7.1000,7.0300,7.0800,2280904,16125407.0000,4830
20240923,600847,7.6300,7.7100,7.8600,7.6200,7.7200,6328393,48891626.0000,8694
20240923,600848,8.8400,8.8100,8.9300,8.7600,8.8700,3730020,33018522.0000,11159
20240923,600850,17.7500,17.7100,17.8800,17.5900,17.7000,5834802,103589103.0000,10186
20240923,600851,4.8000,4.8100,4.8400,4.7900,4.8100,2782702,13396799.0000,5326
20240923,600853,3.0500,3.0500,3.0500,3.0200,3.0400,3816076,11600483.0000,3658
20240923,600854,3.9800,3.9500,4.0500,3.9500,4.0100,5834100,23358196.0000,9393
20240923,600855,9.1700,9.1400,9.2800,9.1400,9.2100,6049200,55733313.0000,9955
20240923,600857,5.3600,5.3600,5.4400,5.2800,5.4000,2198387,11820001.0000,3414
20240923,600858,4.1800,4.0000,4.3400,3.9500,4.2000,32963128,134985166.0000,21725
20240923,600859,12.0200,11.9800,12.0800,11.8900,11.9800,11163653,134159393.0000,9662
20240923,600860,7.7700,7.7500,7.7900,7.7000,7.7300,2258210,17457347.0000,4911
20240923,600861,13.5400,13.4300,13.7200,13.4300,13.4800,2242900,30389052.0000,5655
20240923,600862,17.4300,17.3300,17.7500,17.3000,17.5400,6725498,118550200.0000,14523
20240923,600863,4.1700,4.1600,4.3200,4.1500,4.2900,70618338,301068588.0000,42050
20240923,600864,4.8200,4.8200,4.8300,4.7800,4.7900,10953500,52594812.0000,8104
20240923,600865,6.2400,6.2400,6.3000,6.2200,6.2500,676000,4224700.0000,1438
20240923,600866,4.8500,4.8500,4.8800,4.8200,4.8500,12057881,58351652.0000,11992
20240923,600867,7.0700,7.1000,7.1400,7.0300,7.0600,6456513,45665139.0000,8354
20240923,600868,1.7900,1.7900,1.8000,1.7700,1.7900,10078302,17975785.0000,3329
20240923,600869,3.5200,3.5200,3.5700,3.4500,3.4600,15096900,52788765.0000,10422
20240923,600871,1.7200,1.7200,1.7400,1.7100,1.7200,30272267,52254467.0000,9526
20240923,600872,17.1600,17.1400,17.4300,16.9000,17.0100,8734779,149739850.0000,18551
20240923,600873,8.8300,8.8800,9.0500,8.8400,8.9500,11293265,101209315.0000,21107
20240923,600874,4.8600,4.8400,4.9000,4.8300,4.8900,4279300,20821393.0000,7031
20240923,600875,12.4700,12.4700,12.7400,12.3800,12.6600,14184441,179252163.0000,21753
20240923,600876,8.3500,8.5000,8.5000,8.3000,8.3600,1802100,15056242.0000,2919
20240923,600877,11.3400,11.1500,11.3900,10.9300,10.9900,25465500,280990164.0000,34826
20240923,600879,7.1700,7.1800,7.2800,7.1400,7.2200,23869564,172718300.0000,21455
20240923,600880,3.6500,3.6500,3.7400,3.6100,3.6900,10772800,39661331.0000,8177
20240923,600881,1.0600,1.0700,1.1700,1.0600,1.1700,168313762,189614001.0000,13578
20240923,600882,12.4400,12.4600,12.9300,12.3300,12.6700,4705772,59572278.0000,13106
20240923,600883,5.4300,5.4000,5.5100,5.3900,5.4600,1194400,6524472.0000,1581
20240923,600884,7.0300,7.0000,7.1100,6.9500,6.9700,6748000,47294991.0000,14185
20240923,600885,27.1000,27.0100,27.4300,26.8100,27.0000,5172258,140078564.0000,17876
20240923,600886,15.3300,15.3300,15.9300,15.2700,15.8000,31107449,489296148.0000,54641
20240923,600887,21.9800,21.9800,22.3800,21.8400,21.8900,35847923,789265521.0000,54274
20240923,600888,6.4700,6.4300,6.5300,6.4200,6.4800,5213330,33822589.0000,8387
20240923,600889,4.9500,4.9500,4.9500,4.8600,4.9000,11002801,53950228.0000,5377
20240923,600892,4.1300,4.1300,4.1600,4.0600,4.0600,6485700,26567516.0000,4498
20240923,600893,34.2000,34.0500,34.9600,34.0000,34.1300,9543394,329700793.0000,25853
20240923,600894,10.3700,10.3900,10.3900,10.1400,10.2900,4376844,44742542.0000,9109
20240923,600895,20.7900,19.9000,20.5400,19.0100,20.0300,119151877,2352937464.0000,164697
20240923,600897,13.0900,13.1300,13.1800,13.0500,13.1200,1756860,23067034.0000,4512
20240923,600898,1.7900,1.8100,1.8400,1.7000,1.7200,10698043,18974804.0000,2103
20240923,600900,28.1500,28.1500,28.4300,27.9800,28.2000,47904951,1353258731.0000,69934
20240923,600901,4.3200,4.3200,4.5200,4.3100,4.4700,62812827,278730465.0000,38286
20240923,600903,6.2700,6.2800,6.3200,6.2300,6.3100,2684920,16848347.0000,4269
20240923,600905,4.0900,4.1000,4.1000,4.0700,4.0900,54508772,222823150.0000,21650
20240923,600906,5.8100,5.8000,5.8100,5.7400,5.7700,13085800,75543934.0000,12637
20240923,600908,4.9000,4.8800,4.9800,4.8800,4.9600,13152276,64991542.0000,12876
20240923,600909,4.3800,4.3900,4.4200,4.3500,4.4000,20697770,90839670.0000,19322
20240923,600916,7.8100,7.8200,7.9100,7.7400,7.8500,17769300,139205511.0000,16160
20240923,600917,5.3000,5.3000,5.3400,5.2700,5.3100,1659900,8809467.0000,3547
20240923,600918,5.5500,5.5400,5.5800,5.5100,5.5500,9124500,50552001.0000,8798
20240923,600919,7.5100,7.5300,7.6600,7.4900,7.6300,103181090,784090402.0000,55865
20240923,600925,4.9300,4.9300,4.9900,4.9100,4.9700,5100319,25254971.0000,10618
20240923,600926,12.1300,12.1000,12.4400,12.0700,12.3500,22813585,281003299.0000,33875
20240923,600927,12.5700,12.5300,12.5400,12.1900,12.2200,6262000,77031079.0000,15565
20240923,600928,2.9600,2.9700,3.0300,2.9500,3.0100,14688269,44014724.0000,7172
20240923,600929,5.0900,5.0800,5.1100,5.0500,5.0800,3415200,17363888.0000,6017
20240923,600933,12.5600,12.5100,12.8900,12.3200,12.3500,6075400,76109573.0000,15738
20240923,600935,2.0600,2.0600,2.0800,2.0500,2.0700,2781300,5745959.0000,2374
20240923,600936,2.3200,2.2800,2.3200,2.2600,2.3000,17441459,39985201.0000,5814
20240923,600938,26.7700,26.7200,27.2500,26.7100,27.0800,27293067,737417824.0000,48495
20240923,600939,2.2500,2.2300,2.2400,2.2000,2.2200,5868700,13003644.0000,2054
20240923,600941,101.4000,100.9600,101.7000,100.8600,101.0500,5394560,545445880.0000,25723
20240923,600955,12.5700,12.4800,12.7000,12.3700,12.4000,799068,9968378.0000,1926
20240923,600956,6.6800,6.7100,6.7400,6.6300,6.7000,3044635,20394385.0000,8201
20240923,600958,8.5800,8.5600,8.6000,8.4700,8.5500,23981029,204657662.0000,31519
20240923,600959,2.7700,2.7500,2.7600,2.7300,2.7600,16238476,44612314.0000,12767
20240923,600960,2.6900,2.6900,2.7200,2.6800,2.7100,5325100,14394669.0000,5432
20240923,600961,7.0300,6.9900,7.1600,6.9800,7.0900,12376200,87652544.0000,19920
20240923,600962,11.5500,11.4500,11.6500,11.3800,11.5500,1368600,15717378.0000,2516
20240923,600963,3.9100,3.9100,4.0900,3.8800,4.0100,36073731,144614032.0000,16313
20240923,600965,3.4300,3.4500,3.4500,3.3700,3.3900,7565647,25781357.0000,7711
20240923,600966,3.7400,3.7400,3.8000,3.7000,3.7800,6987887,26345362.0000,6244
20240923,600967,6.5900,6.5900,6.6400,6.5600,6.6000,5589128,36937646.0000,10245
20240923,600968,3.8500,3.8700,3.9300,3.8300,3.8900,29612512,115179645.0000,28865
20240923,600969,5.2300,5.2600,5.2800,5.1900,5.2700,3971800,20811209.0000,6242
20240923,600970,8.7300,8.7300,9.0000,8.6700,8.8900,13240221,117831187.0000,23398
20240923,600971,8.6100,8.6200,8.9600,8.5900,8.9200,12330951,108890371.0000,17912
20240923,600973,3.3600,3.3800,3.4400,3.3600,3.4100,8282468,28284985.0000,7797
20240923,600975,5.1800,5.1300,5.2200,5.1200,5.1300,17383860,89733905.0000,13808
20240923,600976,41.8800,41.8300,42.6300,41.2600,41.4600,777851,32480683.0000,2969
20240923,600977,9.9500,9.9400,10.0300,9.8800,9.9700,4711873,46925692.0000,7928
20240923,600979,2.9500,2.9500,2.9800,2.9200,2.9700,12230490,36113129.0000,8386
20240923,600980,13.2100,13.1300,13.2500,13.0900,13.2200,1287934,16975577.0000,4332
20240923,600981,1.8100,1.8000,1.8000,1.7300,1.7800,27459000,48522677.0000,7156
20240923,600982,3.3300,3.3400,3.3500,3.3100,3.3200,3262400,10854841.0000,2277
20240923,600983,6.8800,6.8900,6.9200,6.8400,6.9000,752400,5187116.0000,1628
20240923,600984,2.2000,2.2100,2.2200,2.1700,2.2100,5077410,11155775.0000,3254
20240923,600985,13.8400,13.8400,14.5000,13.7700,14.2800,16535457,235565017.0000,33755
20240923,600986,4.1300,4.1300,4.1600,4.0900,4.1500,13838560,57268282.0000,13103
20240923,600987,7.1100,7.1000,7.2400,7.0900,7.2300,5373205,38586351.0000,8130
20240923,600988,17.9000,18.0800,18.7700,17.9900,18.5600,54067926,1000263408.0000,99664
20240923,600989,14.7200,14.7300,14.8300,14.5500,14.6800,12321521,181475666.0000,24145
20240923,600990,15.8800,15.9900,17.3000,15.9300,16.4400,13067741,216897175.0000,19403
20240923,600992,14.3200,14.1800,14.3200,13.8800,14.0700,7119700,99906960.0000,12105
20240923,600993,21.5200,21.5000,21.9500,21.5000,21.6400,3902424,84519025.0000,15288
20240923,600995,8.7100,8.6800,8.9100,8.6300,8.8700,7315744,64305304.0000,11393
20240923,600996,7.5700,7.4800,7.6200,7.4800,7.5100,7440694,56095402.0000,6450
20240923,600997,6.0100,6.0200,6.0900,5.9800,6.0800,5377700,32549761.0000,10981
20240923,600998,4.4900,4.5700,4.6700,4.5200,4.5900,23400172,107640945.0000,19584
20240923,600999,15.0500,15.0400,15.1400,14.8900,15.0700,9572115,143881593.0000,18984
20240923,601000,4.7500,4.7500,4.8700,4.7100,4.8400,23413358,113019623.0000,24129
20240923,601001,14.3700,14.4500,14.8200,14.2900,14.5900,10168173,148727419.0000,21903
20240923,601002,3.0400,3.0700,3.0800,3.0200,3.0600,4579900,13979673.0000,4991
20240923,601003,2.5100,2.4900,2.5400,2.4800,2.5300,5779641,14513599.0000,2668
20240923,601005,1.0400,1.0400,1.0900,1.0300,1.0600,73870802,78201167.0000,4301
20240923,601006,6.0200,6.0100,6.1300,6.0100,6.1100,55449845,337493011.0000,34701
20240923,601007,6.2000,6.2100,6.2100,6.1500,6.1800,1723700,10643498.0000,3629
20240923,601008,3.3500,3.3500,3.3600,3.3300,3.3400,4908000,16422337.0000,4077
20240923,601009,10.2800,10.2100,10.2700,10.1300,10.2200,24312995,248267781.0000,30165
20240923,601010,1.7000,1.7000,1.7100,1.6900,1.7100,4738900,8056836.0000,2368
20240923,601011,1.6300,1.6200,1.6600,1.6100,1.6500,17215602,28246569.0000,5261
20240923,601012,12.8000,12.7700,12.8700,12.7100,12.7300,55858362,712384070.0000,65655
20240923,601015,2.7900,2.7900,2.8100,2.7700,2.7900,6511882,18168196.0000,5895
20240923,601016,2.6900,2.6900,2.7100,2.6800,2.6900,20406045,55021538.0000,9802
20240923,601018,3.2700,3.2700,3.3100,3.2600,3.3000,16359700,53906327.0000,11327
20240923,601019,11.7700,11.7700,12.0100,11.5400,11.5700,6940300,81668407.0000,19685
20240923,601020,10.6900,10.6500,10.8100,10.5900,10.6200,24950620,266773645.0000,23275
20240923,601021,49.5000,49.2600,50.0500,48.9700,49.4000,3522012,174475774.0000,14502
20240923,601022,7.2300,7.2000,7.3800,7.1800,7.2900,4410983,32176747.0000,5670
20240923,601028,12.4500,12.5100,13.2400,12.4700,12.9000,27315622,353617884.0000,32366
20240923,601033,12.2900,12.2800,12.3700,12.2100,12.3100,2042818,25149879.0000,3957
20240923,601038,16.7500,16.7800,17.0500,16.6100,16.6600,4482500,75347631.0000,12291
20240923,601058,13.8500,13.9800,14.1300,13.8500,13.8800,25417586,354894833.0000,29057
20240923,601059,12.7000,12.7000,12.7100,12.5000,12.5700,11242900,141305059.0000,17364
20240923,601061,6.9700,6.9400,6.9500,6.8400,6.8900,8001700,55099685.0000,10268
20240923,601065,8.2200,8.2200,8.2700,8.1800,8.2200,1723200,14173047.0000,3814
20240923,601066,19.8700,19.9500,19.9700,19.6600,19.7800,6329667,125291363.0000,13490
20240923,601068,3.8700,3.8600,3.8900,3.8300,3.8500,6183300,23833465.0000,10746
20240923,601069,10.8200,10.8800,11.5200,10.8600,11.3600,19832000,223038732.0000,24263
20240923,601077,4.8400,4.8400,4.9400,4.8400,4.9200,36474083,178647830.0000,34189
20240923,601083,8.4000,8.3900,8.4600,8.3300,8.4100,1814499,15255952.0000,2476
20240923,601086,3.6700,3.6500,3.6900,3.6300,3.6500,4303900,15707284.0000,5329
20240923,601088,38.5000,38.3300,39.4900,38.2100,39.1000,16307843,636217425.0000,50099
20240923,601089,14.4000,14.4500,14.5800,14.3700,14.4100,1062900,15368597.0000,4673
20240923,601096,4.6300,4.5000,4.5900,4.3500,4.4800,116889695,520299047.0000,59501
20240923,601098,12.7600,12.7700,12.9300,12.6300,12.6700,6999400,89256308.0000,20261
20240923,601099,3.1900,3.1900,3.2100,3.1700,3.1900,84233696,268644211.0000,17726
20240923,601100,52.2600,52.9800,53.1800,51.8900,52.7500,3284704,172865002.0000,16295
20240923,601101,8.1700,8.2000,8.4700,8.1400,8.3900,11341991,94321164.0000,25048
20240923,601106,2.3100,2.3100,2.3200,2.2900,2.3100,11640800,26875804.0000,5917
20240923,601107,4.4200,4.4300,4.5500,4.4000,4.5200,6359901,28544756.0000,11756
20240923,601108,6.5800,6.5900,6.6000,6.5300,6.5600,20035450,131436803.0000,16432
20240923,601111,6.3000,6.2700,6.2900,6.1700,6.2000,46769420,290218160.0000,28788
20240923,601113,2.9200,2.9300,2.9900,2.9100,2.9600,7148500,21155630.0000,5158
20240923,601116,7.5500,7.5000,7.5900,7.4700,7.4900,1714600,12869895.0000,3789
20240923,601117,6.3100,6.3100,6.5500,6.2700,6.4800,51890263,334287982.0000,38732
20240923,601118,5.0200,4.9400,4.9800,4.8800,4.9300,30449791,150291306.0000,33043
20240923,601121,5.3600,5.3600,5.3700,5.2800,5.3600,2683300,14283927.0000,4332
20240923,601126,17.7700,17.7900,18.0800,17.4200,17.4800,6493784,114572268.0000,16137
20240923,601127,75.5500,75.6000,78.6600,75.1800,77.8200,37610996,2915371719.0000,101223
20240923,601128,6.1900,6.1600,6.2800,6.1500,6.2400,18247830,113733798.0000,21709
20240923,601133,9.1600,9.1100,9.7300,9.0700,9.4200,5764678,54594158.0000,7486
20240923,601136,17.2700,17.2800,17.3500,17.1500,17.1700,13828509,238491794.0000,16893
20240923,601137,13.7400,13.7100,13.9500,13.5300,13.5500,9987349,136905565.0000,15705
20240923,601138,18.8600,18.6500,19.1500,18.5400,18.7100,77052617,1453569652.0000,102238
20240923,601139,6.2100,6.2100,6.3400,6.1900,6.3400,8527000,53561220.0000,13353
20240923,601155,10.3600,10.2700,10.5400,10.1800,10.3600,16624421,172618044.0000,21267
20240923,601156,15.1300,15.0800,15.3800,14.9300,15.2100,6402599,97452206.0000,20363
20240923,601158,4.2700,4.2800,4.2900,4.2500,4.2700,6181391,26385729.0000,7734
20240923,601162,2.7400,2.7100,2.7700,2.6600,2.7300,441507907,1198927794.0000,84802
20240923,601163,13.5400,13.5300,13.6200,13.3300,13.3700,3287745,44243870.0000,6214
20240923,601166,16.2500,16.2200,16.6200,16.1600,16.5600,42725218,703072336.0000,48595
20240923,601168,15.7300,15.6500,16.0000,15.5700,15.6300,25952233,407870029.0000,53105
20240923,601169,4.9800,4.9900,5.1200,4.9500,5.1100,73996570,374728419.0000,47866
20240923,601177,6.8700,6.8700,6.9200,6.8000,6.8800,1659800,11400233.0000,3756
20240923,601179,7.1300,7.1200,7.2800,7.1100,7.1300,33221865,238524887.0000,32315
20240923,601186,6.9600,6.9500,7.0400,6.9200,6.9800,28445100,198622600.0000,21438
20240923,601187,4.5000,4.4800,4.5500,4.4800,4.5400,9672350,43750576.0000,5595
20240923,601188,2.9500,2.9500,2.9700,2.9300,2.9500,8700900,25677959.0000,2682
20240923,601198,8.1700,8.1900,8.2500,8.1300,8.1800,17344617,142114006.0000,13292
20240923,601199,5.2400,5.2300,5.2600,5.2000,5.2500,2269850,11876891.0000,3179
20240923,601200,7.4000,7.4100,7.4100,7.3500,7.3800,3310303,24413044.0000,6847
20240923,601208,6.9200,6.9200,6.9900,6.8400,6.8600,7895076,54413589.0000,4541
20240923,601211,14.7000,14.7000,14.7000,14.7000,14.7000,0,0.0000,0
20240923,601212,2.6900,2.6800,2.7300,2.6700,2.7200,39981100,108355431.0000,28547
20240923,601216,3.6000,3.5700,3.6100,3.5700,3.5800,22382417,80269608.0000,17839
20240923,601218,2.6800,2.6900,2.6900,2.6600,2.6800,4543510,12173541.0000,3197
20240923,601222,7.0200,7.0100,7.0200,6.8500,6.8600,17806200,122928788.0000,24203
20240923,601225,23.4900,23.5600,24.1000,23.4300,23.9500,17353872,414289479.0000,39884
20240923,601226,4.6400,4.6100,4.6700,4.6100,4.6400,2330200,10814721.0000,4462
20240923,601228,3.0300,3.0500,3.0800,3.0300,3.0700,16759100,51365608.0000,12632
20240923,601229,6.9000,6.9300,7.0600,6.8900,7.0500,31354632,219416068.0000,30057
20240923,601231,13.2200,13.2600,13.4600,13.1100,13.2400,10382524,138047593.0000,23073
20240923,601233,10.3000,10.2000,10.3800,10.1500,10.2500,19637954,201626227.0000,25232
20240923,601236,6.8000,6.8400,6.8700,6.7600,6.7700,9782541,66424089.0000,11999
20240923,601238,7.3400,7.3400,7.3900,7.3100,7.3600,6708240,49370869.0000,8354
20240923,601279,3.2500,3.2500,3.3400,3.2300,3.3300,7892378,26063484.0000,10695
20240923,601288,4.5400,4.5300,4.6300,4.5200,4.6200,314067992,1440471519.0000,80631
20240923,601298,8.1200,8.1200,8.2200,8.0300,8.1800,12629600,102873535.0000,18837
20240923,601311,7.4000,7.3700,7.4900,7.3400,7.3600,6464020,47738121.0000,14822
20240923,601318,44.1500,44.1300,44.4000,43.8600,44.0900,29524048,1302373909.0000,52219
20240923,601319,6.0500,6.0400,6.1300,5.9900,6.1200,46696964,283808144.0000,50901
20240923,601326,3.1500,3.1500,3.1900,3.1400,3.1600,10282434,32604875.0000,14369
20240923,601328,6.5900,6.5800,6.7200,6.5400,6.6800,115546665,767844521.0000,55484
20240923,601330,5.4600,5.4500,5.5100,5.4400,5.5000,1716500,9394986.0000,3296
20240923,601333,3.1900,3.1900,3.2100,3.1600,3.1700,29187296,93006525.0000,20230
20240923,601336,32.7900,32.6600,33.5700,32.6100,33.2400,12191135,404090481.0000,34389
20240923,601339,4.5500,4.5000,4.6000,4.5000,4.6000,2108600,9646404.0000,4711
20240923,601360,7.1200,7.1100,7.1900,7.0500,7.1000,42803838,305147667.0000,32055
20240923,601366,5.0300,5.0100,5.0500,5.0000,5.0500,2582636,12985955.0000,4040
20240923,601368,4.1500,4.1300,4.1700,4.1300,4.1700,1905200,7911393.0000,4124
20240923,601369,7.5500,7.5500,7.6300,7.4500,7.5000,4387554,32968662.0000,10643
20240923,601375,3.5100,3.5100,3.5200,3.4800,3.4800,18667100,65189522.0000,15248
20240923,601377,5.2200,5.2300,5.2500,5.2000,5.2300,19441290,101548656.0000,17492
20240923,601388,2.1200,2.1200,2.1300,2.1000,2.1100,9616200,20314612.0000,4547
20240923,601390,5.1800,5.1600,5.2300,5.1400,5.1800,46481027,241065382.0000,23609
20240923,601398,5.6700,5.6600,5.7400,5.6200,5.7200,227037687,1292978895.0000,66974
20240923,601399,2.6500,2.6500,2.6600,2.5900,2.6000,23505600,61527247.0000,15678
20240923,601456,9.6700,9.7300,9.7300,9.6000,9.6500,13586773,131321699.0000,10366
20240923,601500,4.3700,4.3700,4.4200,4.3400,4.3900,14177520,62148915.0000,11661
20240923,601512,6.5900,6.3700,6.5800,6.3700,6.5300,1754800,11449340.0000,3854
20240923,601515,2.3300,2.3400,2.3900,2.3000,2.3600,29197204,68669028.0000,19692
20240923,601518,2.3000,2.3000,2.3200,2.2800,2.3100,6518780,15032853.0000,4697
20240923,601519,5.8600,5.8200,5.9000,5.8100,5.8400,8703400,50965060.0000,10446
20240923,601528,4.4900,4.4700,4.5500,4.4700,4.5300,8509287,38472685.0000,8549
20240923,601555,6.2300,6.2300,6.2400,6.1600,6.1900,25535042,158261516.0000,23358
20240923,601566,6.6500,6.6400,6.7500,6.6100,6.6800,1510700,10087977.0000,3835
20240923,601567,32.5200,32.5100,33.1600,32.1000,32.4100,6753967,219496433.0000,21237
20240923,601568,3.7300,3.7200,3.7500,3.6900,3.7100,6031780,22405347.0000,8316
20240923,601577,6.7300,6.7300,6.9000,6.7200,6.8800,20200231,137861206.0000,16117
20240923,601579,9.0000,9.0400,9.1300,8.9900,9.0600,3329492,30219796.0000,7267
20240923,601588,1.4400,1.4300,1.4400,1.4100,1.4300,15290500,21806275.0000,3752
20240923,601595,17.8800,17.6900,18.0500,17.5500,17.6100,5556368,98350299.0000,11519
20240923,601598,4.6400,4.6400,4.7300,4.6200,4.7000,21206665,99419511.0000,26091
20240923,601599,2.9700,2.9900,2.9900,2.9400,2.9600,6799200,20127517.0000,7289
20240923,601600,7.0600,6.9900,7.0800,6.9100,7.0000,110779046,775797565.0000,80020
20240923,601601,30.2800,30.2300,30.9200,30.1000,30.7100,19957713,610038974.0000,41799
20240923,601606,9.1800,9.1300,9.2900,9.1300,9.2600,4998000,46149394.0000,6271
20240923,601607,18.9100,18.9000,19.0000,18.4000,18.4700,8108416,150420037.0000,24918
20240923,601608,3.3900,3.3800,3.3900,3.3500,3.3700,12985200,43721923.0000,13690
20240923,601609,4.8800,4.8800,4.9200,4.8500,4.8700,3984637,19432920.0000,7945
20240923,601611,6.9200,6.9200,7.0100,6.8700,6.9800,9680427,67396919.0000,13504
20240923,601615,8.3600,8.3500,8.3900,8.1000,8.1100,22730410,186543398.0000,25871
20240923,601616,2.7600,2.7400,2.7900,2.7300,2.7800,8350700,23112253.0000,7804
20240923,601618,2.6700,2.6600,2.7000,2.6500,2.6800,47323800,126479617.0000,14339
20240923,601619,2.7200,2.7100,2.7300,2.6900,2.7000,7936300,21466301.0000,4115
20240923,601628,34.9900,35.0000,35.6800,34.6600,35.5300,9488512,335734191.0000,29210
20240923,601633,24.0900,24.0900,24.4400,23.9000,24.1000,9932244,240041449.0000,26226
20240923,601636,4.8100,4.7900,4.8400,4.7300,4.7400,24996400,119261615.0000,15619
20240923,601658,4.7100,4.7100,4.7800,4.6800,4.7600,83463489,395712899.0000,43345
20240923,601665,4.3000,4.3100,4.4000,4.2900,4.3900,21806719,94957743.0000,22116
20240923,601666,8.4100,8.4000,8.6600,8.3400,8.5900,36285473,309671865.0000,40514
20240923,601668,4.9100,4.9100,4.9800,4.8800,4.9500,119134769,588731400.0000,50062
20240923,601669,4.4800,4.4600,4.5300,4.4500,4.5000,70169035,315535291.0000,22923
20240923,601677,12.3500,12.2700,12.4400,12.2000,12.2400,11800211,145206125.0000,23853
20240923,601678,3.1800,3.1800,3.2200,3.1500,3.2000,8298661,26495434.0000,7585
20240923,601686,5.3100,5.3000,5.3400,5.2900,5.3300,976138,5189467.0000,1899
20240923,601688,13.0000,13.0600,13.1600,12.9600,13.0800,36150837,472413298.0000,37131
20240923,601689,36.4300,36.6800,37.3000,36.0700,36.3900,11925973,437655515.0000,26994
20240923,601696,8.9000,8.9100,8.9500,8.8400,8.8900,8802386,78334613.0000,9917
20240923,601698,14.3200,14.2100,14.5500,14.2100,14.5000,12225500,176620490.0000,23648
20240923,601699,13.8100,13.7700,14.0100,13.7000,13.8700,11404174,158395017.0000,22629
20240923,601700,3.7200,3.7300,3.7400,3.6800,3.7100,5598250,20729041.0000,7011
20240923,601702,14.7800,14.6900,14.9400,14.6000,14.7500,3170057,46928568.0000,12953
20240923,601717,11.3100,11.3100,11.6200,11.2600,11.4400,21213759,243296866.0000,36919
20240923,601718,2.3800,2.3800,2.3900,2.3700,2.3900,10056683,23968782.0000,4407
20240923,601727,3.8100,3.7800,3.8000,3.7300,3.7700,30514847,114919356.0000,21530
20240923,601728,6.0200,5.9800,6.1000,5.9500,6.0600,62526094,377330172.0000,59477
20240923,601766,6.8500,6.8400,7.0600,6.8000,7.0200,102322788,713293065.0000,57508
20240923,601777,3.9400,3.9100,4.0100,3.8800,3.9100,21018200,82698922.0000,14867
20240923,601778,2.3100,2.3100,2.3100,2.2500,2.2600,34758934,78765329.0000,15035
20240923,601788,14.6600,14.6000,14.7200,14.5500,14.6400,10931605,160040468.0000,14592
20240923,601789,3.4000,3.4200,3.4300,3.3900,3.4100,4522000,15430020.0000,3822
20240923,601798,5.1300,5.0800,5.1200,5.0300,5.0700,5272500,26708345.0000,6955
20240923,601799,130.4300,130.1600,133.5000,129.7000,131.3300,1449500,190444545.0000,8148
20240923,601800,7.2600,7.2600,7.3400,7.2300,7.3200,22057553,160994673.0000,20030
20240923,601801,5.9500,5.9500,5.9900,5.8500,5.8600,13999900,82844379.0000,17959
20240923,601808,13.3500,13.3500,13.4900,13.3200,13.4400,4028371,54062949.0000,11977
20240923,601811,13.7100,13.5900,13.7800,13.4300,13.5800,2386746,32391626.0000,10060
20240923,601816,5.3300,5.3500,5.4100,5.3200,5.3800,88871256,477356446.0000,35624
20240923,601818,3.0900,3.0900,3.1500,3.0700,3.1400,114460055,356917423.0000,34497
20240923,601825,6.8600,6.8600,6.9900,6.8500,6.9500,25261688,174877287.0000,24765
20240923,601827,7.7700,7.6900,7.8000,7.5800,7.7600,3881400,29863063.0000,6514
20240923,601828,2.1700,2.1600,2.1900,2.1300,2.1800,15736720,34091951.0000,9150
20240923,601838,13.4000,13.4000,13.7800,13.3500,13.7800,17416615,237593664.0000,24615
20240923,601857,7.9100,7.9100,8.0900,7.8600,8.0100,96586603,772046984.0000,72540
20240923,601858,16.7900,16.7900,17.1400,16.6900,16.7900,3150058,53301543.0000,8810
20240923,601860,2.4200,2.4100,2.4400,2.4000,2.4400,27066583,65619375.0000,11668
20240923,601865,15.1600,15.1600,15.1700,14.8000,14.8200,12030639,179911224.0000,24481
20240923,601866,2.1300,2.1200,2.1500,2.1100,2.1200,28885033,61571188.0000,12105
20240923,601868,2.0500,2.0400,2.0600,2.0300,2.0400,87437596,178873801.0000,12872
20240923,601869,22.5500,22.6900,22.8900,22.4900,22.5300,1446500,32769025.0000,5286
20240923,601872,6.6900,6.6800,6.8400,6.5900,6.7700,35725217,240202033.0000,33996
20240923,601877,18.5800,18.5900,18.6400,18.3400,18.3700,6539539,120685661.0000,19334
20240923,601878,11.0600,11.0600,11.0800,10.9600,11.0000,23901024,263287354.0000,16269
20240923,601880,1.2300,1.2300,1.2600,1.2300,1.2500,49596169,61901983.0000,6438
20240923,601881,11.1900,11.2300,11.3600,11.1500,11.2900,44273709,498786563.0000,42458
20240923,601882,18.8100,18.8000,18.9600,18.4800,18.5200,1289142,24034955.0000,3939
20240923,601886,4.5100,4.5000,4.5200,4.4600,4.5100,6608981,29721529.0000,13203
20240923,601888,54.3100,54.2800,54.7800,53.7200,54.3000,9268723,503887936.0000,29963
20240923,601890,6.6000,6.5900,6.6900,6.5600,6.6300,10782550,71556469.0000,8298
20240923,601898,12.9300,12.9000,13.4800,12.8600,13.2400,20595171,272964378.0000,44783
20240923,601899,15.8800,15.8800,16.0000,15.6800,15.8200,136737176,2166292149.0000,113014
20240923,601900,12.6600,12.6900,12.7400,12.3400,12.5500,6177500,77595546.0000,10081
20240923,601901,6.9400,6.9500,7.0200,6.9000,6.9800,37868778,263956938.0000,20705
20240923,601908,2.1200,2.1100,2.1500,2.1000,2.1300,13052121,27681108.0000,9506
20240923,601916,2.5300,2.5300,2.5600,2.5100,2.5500,82828112,210525198.0000,19125
20240923,601918,7.1200,7.0800,7.6300,7.0700,7.4100,37882127,280703294.0000,45197
20240923,601919,12.9800,12.9900,13.3600,12.9100,13.2500,103594034,1368942616.0000,98191
20240923,601921,7.7100,7.7000,7.7900,7.6300,7.7100,19814800,152831388.0000,18721
20240923,601928,10.8400,10.8300,10.9400,10.5500,10.6500,13445897,143998108.0000,24554
20240923,601929,1.1100,1.1000,1.2100,1.0900,1.1800,242080913,279489779.0000,22178
20240923,601933,2.2800,2.2700,2.2800,2.2500,2.2500,56647722,128004107.0000,14833
20240923,601939,7.2300,7.2200,7.3600,7.1800,7.3400,87917935,640928521.0000,48652
20240923,601949,5.8000,5.7600,5.8300,5.7400,5.8000,6153700,35620693.0000,11817
20240923,601952,9.4800,9.4800,9.4900,9.1600,9.2600,7840381,72746383.0000,16440
20240923,601956,4.2700,4.2700,4.2900,4.2200,4.2500,2584009,10985514.0000,4889
20240923,601958,9.9100,9.9100,9.9900,9.8500,9.8800,9997534,99004025.0000,19902
20240923,601963,6.7300,6.7400,6.9500,6.7300,6.9300,7562356,51997209.0000,11242
20240923,601965,16.3700,16.2900,16.4500,16.0500,16.2400,2563646,41637271.0000,7768
20240923,601966,16.4000,16.3800,16.5100,16.2100,16.2900,9874903,161429807.0000,15115
20240923,601968,4.3200,4.3200,4.6600,4.2900,4.4700,9419400,41990225.0000,7435
20240923,601969,5.6000,5.5800,5.5900,5.4600,5.5100,11402000,62828175.0000,10600
20240923,601975,2.8400,2.8300,2.8600,2.8200,2.8400,39365919,111683675.0000,13625
20240923,601985,9.9900,9.9700,10.1900,9.9100,10.1200,88589255,892058102.0000,82308
20240923,601988,4.6400,4.6300,4.7100,4.6000,4.6900,129778378,605436434.0000,47265
20240923,601989,4.5000,4.4000,4.5400,4.3800,4.4900,223485487,1001843109.0000,85434
20240923,601990,7.4700,7.4900,7.5400,7.4600,7.4800,7761849,58164702.0000,12079
20240923,601991,2.4600,2.4600,2.5500,2.4500,2.5300,92869932,233499591.0000,31121
20240923,601992,1.3600,1.3600,1.3800,1.3600,1.3800,18644500,25546605.0000,7139
20240923,601995,28.7300,28.7600,28.9100,28.5000,28.6800,6577050,188871908.0000,16837
20240923,601996,1.6700,1.6700,1.7000,1.6600,1.6900,6108500,10267355.0000,3006
20240923,601997,4.7500,4.7500,4.8100,4.7500,4.7900,18779705,89869970.0000,9690
20240923,601998,5.8800,5.8800,6.0200,5.8300,6.0100,35174679,209302793.0000,31588
20240923,601999,5.4700,5.4900,5.4900,5.4100,5.4800,2096400,11449801.0000,4318
20240923,603000,18.1400,18.1100,18.6200,18.0200,18.3500,13764090,253088681.0000,24409
20240923,603001,3.9900,3.9900,4.0300,3.9300,3.9700,2295106,9113053.0000,3219
20240923,603002,4.3400,4.3500,4.3900,4.3000,4.3900,12492300,54556988.0000,5353
20240923,603003,3.9400,3.9600,4.0700,3.9100,4.0300,3547800,14236796.0000,1347
20240923,603004,16.2300,16.2000,16.2900,16.0200,16.1500,3255700,52568953.0000,6651
20240923,603005,17.5100,17.3000,17.8500,17.2200,17.6500,20512934,361416077.0000,31324
20240923,603006,8.9800,8.9900,9.1200,8.8600,9.1000,1799200,16268934.0000,4420
20240923,603007,6.5100,6.3400,6.6800,6.2400,6.6000,21419171,137543096.0000,6570
20240923,603008,14.1200,14.0500,14.6300,14.0200,14.4300,3870300,55681842.0000,9548
20240923,603009,18.1000,18.0300,18.2300,17.3500,17.4100,9090900,160606333.0000,20038
20240923,603010,8.4400,8.3900,8.4600,8.3400,8.4000,855100,7166952.0000,1783
20240923,603011,5.5000,5.4800,5.5400,5.4300,5.5100,3515848,19333974.0000,6139
20240923,603012,4.1700,4.1600,4.1800,4.1400,4.1500,2434473,10123468.0000,3254
20240923,603013,13.0700,13.0200,13.2300,12.8700,13.1700,1588290,20837350.0000,6731
20240923,603015,6.4700,6.4500,6.5300,6.3800,6.4500,2910800,18767616.0000,7633
20240923,603016,16.2400,15.9100,17.8600,15.8500,17.8600,8458596,144281828.0000,11585
20240923,603017,7.5200,7.5800,7.5800,7.4000,7.4600,1670000,12457085.0000,5178
20240923,603018,6.2600,6.2500,6.2900,6.1900,6.2700,7106500,44438417.0000,6704
20240923,603019,36.5900,36.3600,37.3000,36.3000,36.3600,22422096,825736777.0000,46549
20240923,603020,6.2600,6.2800,6.3000,6.2100,6.2600,926200,5795987.0000,2605
20240923,603021,2.7200,2.7300,2.7900,2.7100,2.7600,6626900,18239648.0000,6376
20240923,603022,6.2200,6.2500,6.2700,6.1800,6.2300,1298600,8087004.0000,2316
20240923,603023,1.9200,1.9100,1.9300,1.8900,1.9000,4847055,9277507.0000,807
20240923,603025,10.8400,10.8900,11.1100,10.7700,10.8800,4435547,48503487.0000,11744
20240923,603026,26.2200,26.1600,26.7900,26.0000,26.4300,1572664,41621440.0000,6589
20240923,603027,10.6300,10.6300,10.7400,10.5000,10.5700,8612974,91522013.0000,13375
20240923,603028,5.9400,5.8400,5.9000,5.6000,5.9000,5309361,30825312.0000,5544
20240923,603029,13.4600,13.2200,13.4600,13.1600,13.3500,2308100,30721918.0000,4050
20240923,603030,1.8700,1.8600,1.8700,1.8200,1.8300,6880633,12665460.0000,1812
20240923,603031,21.6000,21.4300,21.7800,21.3800,21.7100,638910,13806363.0000,2339
20240923,603032,13.9300,14.0800,14.0900,13.6300,13.7300,7516900,103768061.0000,13430
20240923,603033,12.7000,12.9200,12.9900,12.3600,12.9500,8604563,109647464.0000,10762
20240923,603035,12.4400,12.4200,12.5100,12.2800,12.3000,2599100,32124480.0000,6904
20240923,603036,9.0100,9.0100,9.0800,8.9700,9.0400,821300,7421830.0000,1104
20240923,603037,11.4200,11.4200,11.7000,11.3200,11.6400,2832000,32814266.0000,5929
20240923,603038,7.7000,7.7100,7.8700,7.6700,7.6900,4971076,38499667.0000,9258
20240923,603039,28.7700,28.8600,29.4300,28.7000,29.0800,787600,22945490.0000,3190
20240923,603040,19.5800,19.3200,19.6800,19.3200,19.5100,536300,10440686.0000,2374
20240923,603041,8.9300,8.8800,8.9100,8.8200,8.8800,522040,4623961.0000,892
20240923,603042,10.1600,10.2700,10.3500,10.1500,10.2200,8151821,83589979.0000,14768
20240923,603043,13.3000,13.3300,13.4200,13.2300,13.3000,947780,12617573.0000,2601
20240923,603045,9.4200,9.4700,9.5500,9.3300,9.4400,1594540,15075334.0000,4681
20240923,603048,12.3200,12.2500,12.3900,12.1400,12.3500,366409,4504443.0000,1239
20240923,603050,22.1400,22.3000,22.3400,21.8000,22.0600,973995,21562654.0000,4064
20240923,603051,24.9700,24.6800,24.9500,24.0000,24.8100,2326300,57349923.0000,6018
20240923,603052,25.9700,25.8900,26.4300,25.7600,26.0800,517727,13548474.0000,1411
20240923,603053,8.1200,8.1000,8.2200,8.0900,8.1800,1983700,16203286.0000,3921
20240923,603055,9.5300,9.6000,9.6800,9.4800,9.5500,2457060,23535403.0000,8613
20240923,603056,12.4000,12.4000,12.6000,12.3700,12.4600,3693500,46140817.0000,10269
20240923,603057,15.6900,15.5000,15.8300,15.4500,15.5300,776162,12093307.0000,2898
20240923,603058,7.0200,6.9600,7.0400,6.9000,7.0000,2862797,19929429.0000,4528
20240923,603059,18.5000,18.6700,18.7600,18.3100,18.5800,444300,8209053.0000,1089
20240923,603060,5.7000,5.6600,5.7000,5.6200,5.6300,4463985,25236389.0000,4568
20240923,603061,56.0700,55.9800,56.6000,55.6400,55.7000,322400,18054934.0000,1392
20240923,603062,27.8200,27.6600,29.1000,27.6100,28.2700,870464,24709268.0000,2320
20240923,603063,11.2000,11.2000,11.3800,11.0900,11.1600,5204100,58472666.0000,12514
20240923,603065,7.1500,7.1700,7.2000,7.0900,7.1200,1554900,11088449.0000,3782
20240923,603066,9.0100,9.0200,9.2000,8.9700,9.0900,3454700,31380076.0000,6019
20240923,603067,10.0800,10.2000,10.2000,9.9800,10.0100,4029140,40502253.0000,9142
20240923,603068,19.5700,19.5700,21.0000,19.5700,19.9200,9981159,201381969.0000,23241
20240923,603069,15.2900,15.2900,15.4300,15.1500,15.2000,2912700,44459385.0000,3326
20240923,603070,10.3400,10.4100,10.4100,10.1500,10.1800,775677,7927669.0000,2165
20240923,603071,10.4900,10.4800,10.5600,10.4600,10.4900,806100,8469764.0000,2553
20240923,603073,12.7100,12.7200,12.8300,12.5500,12.8200,508633,6484544.0000,1297
20240923,603075,16.5000,16.5000,16.7400,16.3100,16.4500,550580,9088074.0000,1743
20240923,603076,18.8200,18.7200,19.0700,18.7200,18.9100,334140,6323378.0000,1262
20240923,603077,1.6800,1.6800,1.6900,1.6700,1.6700,28495362,47774723.0000,6621
20240923,603078,11.6100,11.6100,11.7000,11.5000,11.5900,2106299,24474571.0000,3121
20240923,603079,10.3600,10.4600,10.4900,10.3200,10.3600,1460200,15192255.0000,4276
20240923,603080,13.4600,13.3900,13.4700,13.3000,13.3800,1472800,19711776.0000,2437
20240923,603081,8.8000,8.8500,8.9000,8.7700,8.8000,1144741,10106157.0000,1547
20240923,603082,26.7100,26.7000,27.3500,26.4500,26.9600,1286840,34708911.0000,3259
20240923,603083,26.2100,26.2200,28.8300,25.8000,28.8300,43860387,1242089299.0000,76836
20240923,603085,7.7300,7.7600,7.7600,7.6200,7.7100,4853879,37321561.0000,9390
20240923,603086,3.7100,3.7100,3.7300,3.6600,3.6800,2167360,8004427.0000,4236
20240923,603087,38.0500,38.2300,38.5900,37.8000,37.9300,3272285,124894140.0000,9701
20240923,603088,5.9900,5.9900,6.0000,5.9100,5.9700,2506200,14938429.0000,4205
20240923,603089,7.0900,7.1100,7.1600,7.0200,7.1300,919845,6547235.0000,2165
20240923,603090,13.5200,13.5300,13.5900,13.3500,13.4000,1573400,21194646.0000,2798
20240923,603091,41.8700,39.2000,39.2000,35.9100,37.9800,11434310,427606813.0000,34527
20240923,603093,9.7800,9.6900,9.7300,9.5500,9.6100,5854537,56316111.0000,11902
20240923,603095,13.8800,13.9300,14.0600,13.7700,13.9900,682000,9525571.0000,2890
20240923,603096,14.9300,14.8400,15.0600,14.8000,14.9300,700838,10478657.0000,2597
20240923,603097,18.6000,18.8900,18.8900,18.2200,18.3200,2867100,52974071.0000,8895
20240923,603098,7.3800,7.3900,7.4300,7.2900,7.3000,3077400,22596536.0000,7542
20240923,603099,24.1600,24.1800,24.2800,23.6000,23.9400,7271500,174263790.0000,18181
20240923,603100,16.1500,16.0100,16.4000,15.9600,16.0300,2043810,32951736.0000,5655
20240923,603101,4.5300,4.4800,4.5300,4.4100,4.4300,1936800,8615173.0000,3165
20240923,603102,29.0700,29.0800,29.2300,28.8200,28.9200,208200,6034860.0000,1063
20240923,603103,9.9300,9.9300,10.0100,9.8100,9.8500,2464740,24404349.0000,6283
20240923,603105,7.2000,7.2000,7.2800,7.1000,7.1200,4325900,31011227.0000,6123
20240923,603106,4.7800,4.7900,5.2600,4.7100,5.2600,22822447,116942501.0000,17530
20240923,603107,15.1300,15.1300,15.2200,14.9800,15.1700,1235227,18695284.0000,2140
20240923,603108,13.9800,13.8000,13.8500,13.5000,13.6500,18952000,259461196.0000,29923
20240923,603109,12.8200,12.8500,12.9000,12.7400,12.8200,924300,11861292.0000,2716
20240923,603110,8.9900,9.0500,9.1900,8.9100,9.0100,2874980,26048474.0000,6968
20240923,603111,5.0400,5.0400,5.0600,4.9800,5.0400,4226873,21204876.0000,5578
20240923,603112,11.5300,11.5300,11.6700,11.3000,11.3500,3333900,38119194.0000,9331
20240923,603113,4.5400,4.5200,4.5600,4.4900,4.5400,3760900,17029276.0000,6388
20240923,603115,10.7400,10.6300,10.8700,10.5700,10.7900,1185851,12721583.0000,3830
20240923,603116,4.0900,4.1000,4.1200,4.0800,4.1100,1554315,6382641.0000,3277
20240923,603117,4.2200,4.2200,4.3900,4.2100,4.3600,7901796,33941265.0000,3304
20240923,603118,6.6400,6.6000,7.0800,6.6000,6.8900,39011468,267774963.0000,43943
20240923,603119,13.2700,13.4000,13.4700,13.1200,13.4000,1284885,17169357.0000,2727
20240923,603121,6.7400,6.7700,7.2900,6.6700,7.0300,11720046,82194707.0000,15118
20240923,603122,5.5900,5.6100,5.6200,5.5200,5.5600,7696900,42847623.0000,6922
20240923,603123,6.6000,6.6000,6.7400,6.4800,6.6300,29630329,196380923.0000,30837
20240923,603125,15.0500,14.9800,15.1000,14.8400,14.8700,868725,12953468.0000,1931
20240923,603126,5.0300,5.0600,5.0600,4.9900,5.0300,2939500,14746856.0000,2547
20240923,603127,13.6500,14.1100,14.2700,13.6100,13.6500,17201450,238880710.0000,32675
20240923,603128,5.1600,5.1700,5.2100,5.1500,5.1900,6047241,31351843.0000,10136
20240923,603129,149.2900,148.9500,152.5000,144.3600,145.0400,1408858,206699518.0000,9218
20240923,603130,17.0300,16.9900,17.3500,16.9900,17.2000,339340,5843125.0000,795
20240923,603131,12.8300,12.7600,13.4600,12.7000,13.1000,9888595,129813915.0000,14335
20240923,603132,10.6500,10.5400,10.7500,10.4400,10.5200,1856829,19554457.0000,7305
20240923,603135,8.0500,8.0500,8.0900,8.0100,8.0600,861840,6946318.0000,2179
20240923,603136,9.8700,9.8500,9.9300,9.7700,9.8600,1987035,19589593.0000,3920
20240923,603137,9.3700,9.3000,9.4400,9.2700,9.4200,402700,3784248.0000,855
20240923,603138,12.6800,12.7200,13.0500,12.3800,12.4400,8785851,110651746.0000,17347
20240923,603139,11.4500,11.3900,11.6500,11.3900,11.5100,954409,10995487.0000,2323
20240923,603150,23.2300,23.0800,23.2100,22.8600,22.9500,298200,6858219.0000,938
20240923,603151,8.6900,8.6900,8.8500,8.6300,8.7900,805130,7068177.0000,1620
20240923,603153,15.9100,15.8700,15.9400,15.7500,15.7900,1818840,28762340.0000,4263
20240923,603155,11.1000,11.1600,11.1600,10.9200,10.9900,1837955,20260631.0000,4456
20240923,603156,18.6100,18.5800,18.8300,18.4700,18.5400,2415837,44919547.0000,7695
20240923,603158,6.5100,6.4900,6.5800,6.4400,6.5500,4245484,27750359.0000,7816
20240923,603159,9.2100,9.2400,9.3000,9.1500,9.2300,362140,3338182.0000,888
20240923,603160,56.5400,56.4800,57.4700,55.7200,55.8700,2450825,138175271.0000,12603
20240923,603161,8.3700,8.3600,8.4800,8.2500,8.4500,1950258,16407576.0000,4682
20240923,603162,8.0100,8.0000,8.0900,7.9500,7.9700,1870050,14973602.0000,5715
20240923,603163,21.6100,21.4600,21.8600,21.4300,21.6000,228450,4948543.0000,663
20240923,603165,9.8600,9.8400,9.9600,9.8000,9.9300,828000,8200889.0000,2020
20240923,603166,4.6300,4.6300,4.7300,4.5900,4.7100,4207900,19726655.0000,8173
20240923,603167,7.1600,7.1600,7.2000,7.1300,7.1800,2585700,18543384.0000,3787
20240923,603168,6.2500,6.2500,6.2700,6.1200,6.1600,4378355,27020130.0000,5296
20240923,603169,4.2800,4.2700,4.3100,4.2400,4.2700,5726100,24435224.0000,10026
20240923,603170,10.9500,10.9200,11.1200,10.8800,11.0400,1095100,12080815.0000,3243
20240923,603171,23.3600,23.2900,23.6000,23.1500,23.4600,2528100,59251549.0000,9514
20240923,603172,12.2400,12.2700,12.3300,12.0000,12.0300,3055660,37012353.0000,4995
20240923,603173,17.3400,17.3700,17.5200,17.0100,17.1200,986000,16928158.0000,2170
20240923,603176,4.1300,4.1200,4.1900,4.1200,4.1400,3971648,16484798.0000,5605
20240923,603177,6.7900,6.7800,6.8900,6.6600,6.8000,1398700,9523083.0000,3658
20240923,603178,18.5800,18.5000,19.0800,18.2900,18.8800,2522245,47354157.0000,8431
20240923,603179,39.2400,39.0300,40.2400,38.9700,39.1900,2794200,110569372.0000,11601
20240923,603180,15.9900,15.9100,16.2800,15.8500,16.1000,658138,10601057.0000,1668
20240923,603181,8.4500,8.5200,8.7800,8.4500,8.5900,3338121,28722452.0000,8544
20240923,603182,10.5100,10.5100,10.5800,10.3900,10.5700,642553,6767438.0000,1342
20240923,603183,3.1100,3.1100,3.1300,3.0800,3.1200,4981656,15486048.0000,2446
20240923,603185,12.1700,12.1400,12.2500,11.9700,12.0600,5205352,62964066.0000,15184
20240923,603186,20.8300,20.8400,21.5400,20.5800,21.0100,4121100,87118336.0000,14517
20240923,603187,9.1600,9.1000,9.2400,9.0700,9.1100,2598604,23771864.0000,4900
20240923,603188,2.7700,2.7700,2.9100,2.6900,2.6900,27452900,76326018.0000,8055
20240923,603189,14.3100,14.2000,15.3500,13.7000,15.1000,41061116,605847040.0000,60628
20240923,603190,18.9300,18.7700,18.9700,18.6500,18.8800,909300,17091637.0000,2075
20240923,603191,11.3600,11.3600,11.8300,11.2100,11.5300,11027367,126434096.0000,14352
20240923,603192,13.2100,13.2000,13.3500,13.1200,13.2000,854570,11317637.0000,2687
20240923,603193,17.2500,17.0500,18.1700,17.0400,17.9500,2826285,50493359.0000,7306
20240923,603195,64.9300,64.8300,66.5100,64.4000,66.2500,2484933,164009774.0000,12598
20240923,603196,8.3300,8.2800,8.4100,8.0500,8.1200,5042800,41223546.0000,5042
20240923,603197,32.1800,32.0800,32.5000,31.2600,31.9600,3466484,110612360.0000,9520
20240923,603198,51.8000,51.2500,53.7100,51.2500,53.0200,5860993,310293056.0000,21890
20240923,603199,33.1000,32.8200,33.1000,32.3500,32.6900,1009000,32985157.0000,4917
20240923,603200,17.8800,17.7600,18.0300,17.7100,17.8300,1611142,28837180.0000,2282
20240923,603201,13.4600,13.3400,13.7500,13.1400,13.4800,2062697,27894151.0000,4376
20240923,603203,17.7300,17.8000,19.5000,17.6500,19.2600,8791147,168347593.0000,13994
20240923,603206,12.8800,13.0000,13.3000,12.9200,13.1000,9683293,126700627.0000,17229
20240923,603207,21.7600,21.5000,22.1000,21.1800,21.2100,7693556,165588267.0000,16169
20240923,603208,16.0900,16.0000,16.5000,15.8100,16.2500,484665,7873018.0000,1523
20240923,603209,13.7200,13.6200,13.9000,13.5500,13.6200,630572,8617063.0000,2874
20240923,603211,13.1100,13.1100,13.3000,13.0100,13.1900,1750600,23081461.0000,4903
20240923,603212,9.7100,9.6900,9.9200,9.5900,9.6300,10700998,103604177.0000,16252
20240923,603213,7.5700,7.5600,7.6000,7.4200,7.4700,1245702,9342727.0000,3713
20240923,603214,12.0400,11.6200,12.3300,11.5500,12.1800,7556059,90536973.0000,12964
20240923,603215,13.4600,13.4500,13.5900,13.2300,13.3000,1033300,13824249.0000,2973
20240923,603216,8.9000,8.9000,8.9800,8.8000,8.9400,571624,5104547.0000,1447
20240923,603217,12.5000,12.5000,12.7100,12.4200,12.5900,499136,6282386.0000,1542
20240923,603218,10.6700,10.6700,10.6800,10.4500,10.4800,8237135,86835873.0000,18743
20240923,603219,12.7500,12.6700,12.8800,11.9200,12.0000,4873443,59667789.0000,8495
20240923,603220,17.5800,17.5900,18.4300,17.4500,17.9800,18061781,325068129.0000,34797
20240923,603221,8.1300,8.1300,8.1500,8.0100,8.1100,1646400,13277921.0000,4040
20240923,603222,5.3200,5.3300,5.3500,5.2700,5.3100,9573680,50744991.0000,11198
20240923,603223,8.9000,8.6800,8.7000,8.0100,8.0100,10389817,84403677.0000,12561
20240923,603225,9.6600,9.7700,9.7900,9.5600,9.5900,6689673,64673716.0000,17386
20240923,603226,3.0500,3.0500,3.1000,3.0100,3.0800,1984982,6095103.0000,1812
20240923,603227,7.1300,7.1200,7.1900,7.0900,7.1500,3775900,26956059.0000,8090
20240923,603228,22.9900,23.0300,23.5200,22.7900,22.8600,12846758,297228901.0000,40453
20240923,603229,6.5900,6.6400,6.6800,6.5800,6.6100,2616876,17315675.0000,6312
20240923,603230,10.1800,10.1900,10.2900,10.1200,10.1500,1571653,16041584.0000,5068
20240923,603231,14.3200,14.3500,14.3500,14.1100,14.1700,676103,9628220.0000,1455
20240923,603232,10.6000,10.8000,10.9800,10.5000,10.8200,11514960,124453169.0000,21406
20240923,603233,12.4800,12.4800,12.5400,12.1500,12.1700,8817666,108113793.0000,15522
20240923,603235,25.5200,25.5000,25.6500,25.1000,25.2700,368900,9344606.0000,1927
20240923,603236,42.3000,40.9000,41.7400,39.2000,39.3000,9542267,382679539.0000,28622
20240923,603237,15.4900,15.4900,15.6400,15.1200,15.2000,914997,13985444.0000,2673
20240923,603238,9.2400,9.2700,9.4400,9.1800,9.2200,949005,8805169.0000,1931
20240923,603239,11.6800,11.6300,11.8200,11.5400,11.7000,1699600,19827671.0000,4783
20240923,603255,24.9400,24.9500,25.3800,24.7800,25.1000,350504,8784805.0000,859
20240923,603256,6.4900,6.5200,6.6000,6.4000,6.5300,4133700,26976168.0000,11022
20240923,603258,16.1800,16.0800,16.3000,15.8600,15.9400,3908600,62889934.0000,7944
20240923,603259,40.5800,43.0000,43.7900,41.4400,41.7500,103603589,4411876039.0000,182372
20240923,603260,50.1500,50.1500,50.3000,49.1100,49.6600,968716,48116268.0000,4734
20240923,603261,24.3000,24.3000,24.6200,24.0900,24.3700,973700,23773307.0000,2808
20240923,603266,14.1600,14.1600,14.4500,14.0400,14.3600,2047500,29353146.0000,6369
20240923,603267,29.4100,29.3600,29.8000,29.2000,29.6400,1828642,54119901.0000,5144
20240923,603268,12.7000,12.6100,12.7500,12.4100,12.5900,767500,9645318.0000,1019
20240923,603269,7.1900,7.1500,7.2300,7.1100,7.1300,1981000,14162071.0000,4613
20240923,603270,15.9300,15.9400,16.2400,15.8500,16.1300,835714,13458519.0000,2186
20240923,603272,8.5000,8.5500,8.5900,8.4100,8.5800,611640,5220922.0000,1269
20240923,603273,15.7100,15.6000,15.9200,15.4500,15.8700,2031778,31916835.0000,5132
20240923,603275,24.6900,24.5900,24.8200,24.3900,24.7500,390281,9635641.0000,1049
20240923,603276,11.7900,11.7800,11.8800,11.7500,11.7900,612790,7236799.0000,786
20240923,603277,24.6200,24.3500,24.8500,24.0400,24.0500,919400,22400632.0000,3491
20240923,603278,5.1800,5.1800,5.2500,5.1400,5.2000,4993800,26022003.0000,5637
20240923,603279,15.8800,15.8500,16.3600,15.7900,16.0300,3036504,48825232.0000,6936
20240923,603280,18.5100,18.3900,18.5800,18.2800,18.5000,554300,10210128.0000,1887
20240923,603281,23.5600,23.5300,23.6700,23.2800,23.2800,431843,10099549.0000,1555
20240923,603282,13.4300,13.3200,13.7000,13.1900,13.7000,2384496,32191739.0000,4199
20240923,603283,53.8900,53.4300,54.7400,52.3000,52.7300,4536200,241572202.0000,16066
20240923,603285,18.4800,18.3900,18.6100,18.3800,18.5200,1269824,23476942.0000,2399
20240923,603286,15.7900,15.6600,16.5000,15.5000,16.2300,9041593,144972634.0000,17955
20240923,603288,35.9200,36.0400,36.6800,35.6600,36.2800,11744345,427659135.0000,32901
20240923,603289,7.1600,7.1600,7.2000,7.1100,7.1800,1033900,7405239.0000,1939
20240923,603290,67.7200,67.4400,68.1500,67.0300,67.2100,1989660,134356199.0000,8633
20240923,603291,9.3400,9.2600,9.3900,9.2400,9.3600,774799,7232741.0000,2494
20240923,603296,45.5100,45.8800,46.7500,45.0200,45.6600,4204614,192808116.0000,16716
20240923,603297,54.1300,53.4700,54.3000,52.4000,52.7900,1148130,60873330.0000,5388
20240923,603298,18.3500,18.1900,18.6800,18.1100,18.1900,5656563,103580486.0000,13661
20240923,603299,9.9000,9.8800,10.0500,9.8600,9.9800,5932500,59138709.0000,13982
20240923,603300,4.2300,4.2100,4.2400,4.0500,4.1600,32936417,135765536.0000,14305
20240923,603301,19.9200,19.8000,20.0900,19.5000,19.6300,956847,18850224.0000,4142
20240923,603303,10.0000,9.9400,10.0500,9.8500,9.9300,1195000,11884093.0000,3439
20240923,603305,8.8000,8.8200,8.9700,8.7000,8.8300,6571436,58206138.0000,11247
20240923,603306,17.8100,17.8300,17.8300,17.3500,17.5100,13842450,242536614.0000,26198
20240923,603307,27.1300,27.1800,27.3800,26.9300,27.1400,217200,5903125.0000,837
20240923,603308,9.8200,9.7800,9.9200,9.7200,9.7900,3954252,38898245.0000,7588
20240923,603309,9.8300,9.8400,9.9700,9.7600,9.8300,2540100,24994633.0000,6165
20240923,603310,15.1100,15.1200,15.2000,14.9600,15.0100,2648335,39896279.0000,4730
20240923,603311,7.9200,7.9300,7.9800,7.8600,7.9100,624490,4937537.0000,1485
20240923,603312,28.1200,27.8800,28.2400,27.7400,27.9200,1206592,33619089.0000,2755
20240923,603313,5.5000,5.4900,5.6000,5.4000,5.5200,7730735,42654216.0000,10525
20240923,603315,8.5300,8.5300,8.6100,8.4400,8.4600,1197233,10177114.0000,3348
20240923,603316,4.1900,4.6100,4.6100,4.4600,4.6100,21013560,96765687.0000,3645
20240923,603317,8.8800,8.8500,9.0000,8.8000,8.8200,4543224,40287265.0000,8784
20240923,603318,5.6300,5.6300,5.6600,5.5800,5.6300,2281595,12833424.0000,3981
20240923,603319,15.1800,15.2000,15.2800,15.0000,15.2000,1418400,21536280.0000,3384
20240923,603320,12.1600,12.0600,12.2500,12.0100,12.0900,1121109,13595847.0000,4011
20240923,603321,5.6400,5.6800,5.6800,5.5700,5.6200,1230200,6910577.0000,2481
20240923,603322,24.2800,23.9000,24.3700,23.9000,24.2000,2578100,62282177.0000,6197
20240923,603323,4.2500,4.2400,4.3500,4.2400,4.3400,21023878,90455356.0000,15909
20240923,603324,21.0700,21.0000,21.2900,20.6000,20.8700,2332220,49009073.0000,7210
20240923,603325,59.0800,59.0200,59.5700,58.5200,59.1800,190139,11203832.0000,1088
20240923,603326,5.3200,5.3300,5.4000,5.2300,5.2900,10787082,57457802.0000,5862
20240923,603327,10.6100,10.7100,11.1200,10.5600,10.8100,11181668,121791916.0000,19153
20240923,603328,7.5100,7.5100,7.6900,7.3900,7.6200,17592800,133765771.0000,27074
20240923,603329,10.7900,10.7400,11.0900,10.7400,10.9600,1766100,19299611.0000,3815
20240923,603330,4.4700,4.4800,4.5200,4.3800,4.4100,3692000,16383503.0000,4645
20240923,603331,8.0800,8.1000,8.1800,8.0300,8.0800,891685,7235073.0000,2574
20240923,603332,6.9000,6.9000,6.9900,6.8400,6.8800,1386582,9553643.0000,3590
20240923,603333,3.1300,3.1200,3.1600,3.1000,3.1500,5690035,17871929.0000,8048
20240923,603335,4.0300,3.9900,4.0700,3.9800,4.0500,2811369,11314131.0000,4155
20240923,603336,3.4000,3.4200,3.4500,3.3300,3.3900,20478849,68997205.0000,18047
20240923,603337,25.7000,25.3200,26.0900,25.0500,25.1900,2454167,62514215.0000,11181
20240923,603338,51.1600,51.0000,52.2500,50.4600,50.8400,3109232,158673950.0000,14311
20240923,603339,9.3600,9.3500,9.4800,9.3000,9.4200,1041292,9811133.0000,2155
20240923,603341,35.8200,36.2500,36.8800,35.4500,35.4700,3322355,119485984.0000,9025
20240923,603344,18.4600,18.4100,19.1000,18.3400,18.8600,1766366,33217584.0000,6097
20240923,603345,71.4800,71.4500,72.9900,70.5500,70.7000,2503499,179130576.0000,11369
20240923,603348,20.4100,20.3500,20.6400,20.1500,20.4200,1758100,35945895.0000,5089
20240923,603350,25.4600,25.2000,25.7400,25.2000,25.5100,1463395,37295788.0000,4889
20240923,603351,19.6300,19.4500,20.0600,19.4500,19.8400,851700,16836717.0000,2893
20240923,603353,11.0100,11.0800,11.0800,10.9100,11.0200,812500,8937356.0000,2618
20240923,603355,21.0200,20.9500,21.2900,20.8300,21.1200,1100400,23207364.0000,4230
20240923,603356,12.0900,11.8400,11.9700,11.5900,11.9700,2990290,35173210.0000,3585
20240923,603357,7.6800,7.6800,7.7100,7.6200,7.6700,2832848,21730014.0000,4175
20240923,603358,29.1800,29.1900,30.2200,28.7000,29.4800,2996895,88458838.0000,6577
20240923,603359,3.3900,3.3600,3.4200,3.3300,3.3500,4730500,15924565.0000,6236
20240923,603360,12.6300,12.5700,12.7000,12.4000,12.5900,2612681,32798153.0000,4277
20240923,603363,3.4500,3.4600,3.4700,3.3700,3.3700,19871032,67650227.0000,4047
20240923,603365,11.2200,11.3300,11.4600,11.2000,11.3300,1445535,16412193.0000,2785
20240923,603366,3.8300,3.8900,3.9000,3.7800,3.8200,5080102,19384712.0000,7935
20240923,603367,11.8300,11.8800,11.9700,11.8200,11.8500,1752858,20815036.0000,5082
20240923,603368,14.9900,14.9300,15.0800,14.9200,14.9900,3429844,51429930.0000,6194
20240923,603369,37.6200,37.5000,38.7200,37.4800,38.2700,6114101,234358018.0000,25808
20240923,603373,25.0600,25.0500,25.4300,24.9200,25.1500,827839,20874243.0000,2985
20240923,603375,30.6800,30.6700,30.9600,30.4600,30.6900,921154,28269515.0000,3214
20240923,603377,1.4200,1.4100,1.4200,1.3700,1.4100,6402900,8957549.0000,1078
20240923,603378,6.2400,5.8400,6.0700,5.7600,5.8800,10558908,62488128.0000,12483
20240923,603379,27.8000,27.8500,28.0100,27.2000,27.2100,4123242,113516618.0000,14704
20240923,603380,20.5400,20.4700,20.7900,20.3500,20.5800,1001700,20619248.0000,4332
20240923,603381,19.6200,19.6500,19.7300,19.4300,19.4300,1648000,32226995.0000,3586
20240923,603383,26.4500,26.1000,26.9500,26.1000,26.5100,5794217,153963465.0000,15366
20240923,603385,4.9600,4.9400,5.0200,4.9100,4.9800,1526347,7582848.0000,4636
20240923,603386,10.2700,10.2700,10.4000,10.1800,10.2600,2905860,29894256.0000,5018
20240923,603387,6.9900,6.9700,7.0400,6.9300,6.9500,2094293,14595260.0000,6112
20240923,603388,1.8100,1.8000,1.8500,1.7900,1.8100,5041677,9169882.0000,733
20240923,603389,6.4400,6.2900,6.3500,6.0700,6.1600,19088800,118061328.0000,14035
20240923,603390,7.6000,7.5700,7.8300,7.5100,7.7900,10125604,78428779.0000,11352
20240923,603391,35.3200,35.3900,35.7000,35.1200,35.2500,899801,31855641.0000,2335
20240923,603392,70.6000,70.6000,70.8500,69.0000,69.2400,1739533,121297701.0000,6389
20240923,603393,30.3700,30.4900,31.2500,30.0200,31.0000,2469527,76191476.0000,8683
20240923,603396,22.9200,22.8800,23.0800,22.6100,22.8300,1812400,41423865.0000,7460
20240923,603398,15.1300,14.9800,15.0400,13.7000,13.9100,17546477,249819101.0000,27070
20240923,603399,6.1700,6.1400,6.4200,6.0700,6.3000,20970207,131295292.0000,21719
20240923,603408,10.3400,10.3800,10.4400,10.2600,10.3500,2409000,24941131.0000,7861
20240923,603416,28.8700,28.7900,29.0800,28.2100,28.5300,1024165,29217720.0000,5191
20240923,603421,6.1200,6.0000,6.7300,5.7000,6.5400,90690619,570677843.0000,74947
20240923,603429,3.5000,3.5000,3.5200,3.4300,3.5100,4769740,16630022.0000,5671
20240923,603439,11.9300,11.9700,13.1200,11.6800,13.1200,17555500,218259581.0000,22385
20240923,603444,202.2000,200.0000,206.8800,199.2200,200.1100,1016247,205957003.0000,6724
20240923,603456,12.3200,12.6700,12.7200,12.2400,12.2400,14071520,175519145.0000,23021
20240923,603458,5.1800,5.1500,5.2400,5.0800,5.1600,8615572,44292211.0000,11729
20240923,603466,6.6800,6.6500,6.7700,6.5800,6.7200,8343064,55885470.0000,10242
20240923,603477,15.6500,15.5500,15.9100,15.4800,15.5900,5084719,79654645.0000,15740
20240923,603486,41.1100,41.0000,42.6600,40.8000,42.1400,5592335,235144098.0000,20402
20240923,603488,7.5900,7.4300,7.4900,7.2200,7.2200,5536700,40726899.0000,3144
20240923,603489,16.5200,16.5300,16.6300,15.9800,16.0100,3151594,50997736.0000,11365
20240923,603496,19.9200,19.9600,21.9100,19.8200,21.9100,16933774,355802291.0000,28236
20240923,603499,15.9200,15.9200,16.6600,15.9200,16.3300,5134644,83770336.0000,10750
20240923,603500,5.3100,5.3700,5.3700,5.2000,5.2600,3098222,16310265.0000,3884
20240923,603501,84.4800,84.0100,84.9300,82.7000,82.7000,8054657,673240553.0000,32853
20240923,603505,23.0400,23.0200,23.9600,22.7600,23.6900,3378433,79330152.0000,8362
20240923,603506,7.4500,7.3400,7.5300,7.3200,7.4900,3133300,23323052.0000,4569
20240923,603507,20.5200,20.3700,20.6500,19.9800,20.0300,2166936,43746736.0000,7655
20240923,603508,17.1800,17.3400,18.2200,17.3300,17.7700,7471055,133567633.0000,17464
20240923,603511,10.2400,10.1600,10.6400,10.1600,10.5700,1974000,20659201.0000,2883
20240923,603515,14.2900,14.1800,14.8100,14.1800,14.7800,2637526,38592489.0000,7148
20240923,603516,24.5300,24.6100,25.4400,24.2500,24.7200,8108701,203084726.0000,23629
20240923,603517,12.4200,12.4400,12.6400,12.3000,12.3100,7758843,96443257.0000,12431
20240923,603518,6.2500,6.2500,6.3300,6.2200,6.3000,2221920,13972320.0000,4936
20240923,603519,9.4200,9.3300,9.5400,9.2500,9.4000,2660100,24885152.0000,4064
20240923,603520,7.4100,7.4400,7.6300,7.3800,7.4800,4028385,30288419.0000,8855
20240923,603527,6.9800,6.9800,7.0600,6.9000,7.0100,2768460,19435024.0000,6416
20240923,603528,6.0400,6.0500,6.2500,6.0100,6.2000,16453700,101412990.0000,15705
20240923,603529,32.1600,31.9100,32.6800,31.5600,32.4500,3920150,126682094.0000,15678
20240923,603530,20.8800,20.8400,21.5600,20.6500,21.0200,3664065,77655367.0000,12820
20240923,603533,15.5700,15.5800,15.7300,15.4100,15.5100,3808200,59241707.0000,11801
20240923,603535,8.4900,8.4500,8.5900,8.4000,8.5100,674802,5756087.0000,1539
20240923,603536,8.1900,8.1900,8.3600,8.1900,8.3200,17536349,145097452.0000,26794
20240923,603538,10.0100,10.0900,10.2700,10.0400,10.0800,2101027,21265950.0000,5129
20240923,603551,9.2600,9.2700,9.3000,9.2000,9.2400,809800,7487609.0000,2011
20240923,603556,44.9600,44.6900,46.3700,44.6000,45.0900,2118833,95998906.0000,10687
20240923,603557,2.0000,1.9900,2.0200,1.9700,1.9800,2746000,5460380.0000,408
20240923,603558,9.5000,9.5200,9.6500,9.4000,9.5900,2515501,24096873.0000,4478
20240923,603559,8.4900,8.0700,8.9100,8.0700,8.0700,19565275,166209029.0000,7006
20240923,603565,7.1300,7.1500,7.3300,7.1200,7.2700,7280274,52765141.0000,12126
20240923,603566,11.0800,11.0700,11.2600,11.0100,11.0600,1503700,16700906.0000,4890
20240923,603567,10.0200,10.0300,10.1200,9.9000,9.9100,2353800,23493373.0000,5386
20240923,603568,17.4100,17.4000,17.5800,17.2900,17.4000,2610084,45588401.0000,7232
20240923,603569,6.2300,6.2000,6.5200,6.1900,6.3700,8163388,51993163.0000,12385
20240923,603577,6.8200,6.7800,6.8700,6.7500,6.8000,2488074,16921250.0000,7674
20240923,603578,10.8300,10.8100,10.9100,10.7200,10.8700,552108,5967143.0000,818
20240923,603579,11.9800,11.9400,12.0500,11.8400,11.8900,1469466,17520354.0000,4100
20240923,603580,17.1900,17.2500,18.4800,17.0700,17.6500,6338300,112615020.0000,11649
20240923,603583,15.5000,15.3600,15.6200,15.2000,15.2700,4200624,64489320.0000,14039
20240923,603585,10.3600,10.6100,10.9100,10.3000,10.8900,2122640,22604371.0000,4826
20240923,603586,11.5700,11.5600,11.7800,11.4500,11.6000,3895994,45197939.0000,4336
20240923,603587,10.3200,10.2500,10.3600,10.2500,10.2900,686635,7081454.0000,1361
20240923,603588,4.2800,4.2700,4.2900,4.2100,4.2400,15978276,67920409.0000,14889
20240923,603589,36.7200,36.6700,37.4900,36.6600,36.7800,2994200,110968121.0000,11835
20240923,603590,20.1700,20.2000,20.4800,20.0700,20.1500,787800,15985119.0000,1983
20240923,603595,14.5800,14.5700,14.9200,14.3600,14.7300,1352700,19897569.0000,4828
20240923,603596,39.1600,39.1600,40.4000,38.8800,39.0600,4248119,168183410.0000,18055
20240923,603598,11.7400,11.7800,11.8800,11.6600,11.8100,5307100,62553851.0000,11462
20240923,603599,9.6500,9.6500,9.7700,9.5900,9.6200,2059568,19890618.0000,3768
20240923,603600,9.6100,9.6000,9.7200,9.4800,9.4900,1356300,12963596.0000,4719
20240923,603601,2.6700,2.6600,2.6800,2.6200,2.6200,8359101,22120314.0000,6523
20240923,603602,11.7600,11.7000,12.0700,11.7000,11.9600,2117370,25291565.0000,3751
20240923,603605,81.3900,81.0500,81.4900,78.7900,79.0000,5365696,427175547.0000,22819
20240923,603606,46.3700,46.3800,46.5800,45.2400,45.3800,5388076,247304148.0000,15385
20240923,603607,14.2300,14.0000,14.2000,13.6100,14.1700,14670201,204445969.0000,25671
20240923,603608,3.0600,3.0800,3.1400,3.0300,3.1200,1116100,3439226.0000,551
20240923,603609,6.6700,6.6400,6.7300,6.6300,6.6700,1698900,11332662.0000,4482
20240923,603610,7.8600,7.8700,7.9100,7.7800,7.8700,1201248,9439849.0000,2993
20240923,603611,15.3800,15.3000,15.7600,15.2600,15.6000,2513574,39215880.0000,5761
20240923,603612,9.9700,9.9200,10.0500,9.8200,9.8900,5766800,57195528.0000,12735
20240923,603613,19.8700,19.8700,19.8700,19.0600,19.0900,12502104,242154330.0000,17451
20240923,603615,11.9500,11.8600,12.1000,11.7600,12.0800,1723700,20586106.0000,3854
20240923,603616,2.8100,2.7900,2.8400,2.7900,2.8200,3750100,10569256.0000,4717
20240923,603617,5.0300,5.0800,5.0800,4.9900,5.0400,3079680,15519043.0000,6736
20240923,603618,4.2500,4.2200,4.2800,4.2100,4.2500,3812000,16190470.0000,7733
20240923,603619,17.6700,17.7600,18.1400,17.6100,17.9000,5065200,90694387.0000,10084
20240923,603626,8.3000,8.3800,8.5600,8.1300,8.1800,111788254,930376247.0000,89977
20240923,603628,11.9500,11.9400,12.0300,11.8600,11.9600,4221300,50369493.0000,7345
20240923,603629,14.1800,14.3000,15.0000,14.0300,14.4200,7173100,104038862.0000,17342
20240923,603630,9.3800,9.3900,9.4500,9.2900,9.3300,800330,7483805.0000,2426
20240923,603633,5.8700,5.8200,5.9800,5.8100,5.8800,3939949,23275120.0000,10512
20240923,603636,9.1300,9.4000,9.9500,9.1300,9.1500,53013347,498813911.0000,54313
20240923,603637,5.9300,5.9000,5.9800,5.8600,5.9600,1182000,7006884.0000,2592
20240923,603638,14.8300,14.7800,14.8900,14.7000,14.7400,831377,12270436.0000,3366
20240923,603639,10.5800,10.5600,10.6700,10.5300,10.6200,421232,4473611.0000,1017
20240923,603648,7.7700,7.7700,7.8100,7.7100,7.7600,2174300,16890811.0000,4740
20240923,603650,25.5900,25.6000,25.7200,25.1700,25.4900,3429413,87333156.0000,8356
20240923,603655,12.9800,13.0000,13.0700,12.7500,12.9700,604801,7831425.0000,1717
20240923,603656,9.5500,9.5500,9.6800,9.4800,9.6000,787400,7542306.0000,1886
20240923,603657,10.1300,10.0100,10.2400,10.0100,10.1500,968600,9837536.0000,2795
20240923,603658,38.6800,38.5800,38.9000,38.1100,38.1800,1830614,70220916.0000,8586
20240923,603659,10.5200,10.5500,10.9300,10.4700,10.6700,18879354,202493676.0000,28520
20240923,603660,5.0600,5.1100,5.1600,5.0500,5.1300,9062760,46425091.0000,14451
20240923,603661,30.5200,30.4800,30.7000,30.0300,30.1000,386385,11705417.0000,2080
20240923,603662,25.6200,25.5500,26.1500,25.3200,25.6700,11865944,303929095.0000,27390
20240923,603663,13.2100,13.1900,13.4600,13.1400,13.2300,7952524,106105702.0000,11072
20240923,603665,13.1400,13.4000,13.6400,13.0000,13.4800,2951500,39249367.0000,7501
20240923,603666,14.7600,14.7000,14.8600,14.4500,14.6000,4797444,70018854.0000,12208
20240923,603667,12.5400,12.5800,12.7000,12.2800,12.5200,3215583,40290991.0000,5726
20240923,603668,11.6500,11.5900,11.7300,11.5700,11.6500,3030509,35267944.0000,4583
20240923,603669,4.2700,4.2700,4.3400,4.1700,4.2200,3633644,15426692.0000,2756
20240923,603676,7.4800,7.4700,7.5300,7.3500,7.4100,1336000,9907657.0000,4484
20240923,603677,10.4600,10.3900,10.6500,10.2300,10.5600,2243000,23333504.0000,3735
20240923,603678,19.6800,19.6400,19.9500,19.0700,19.2300,3867669,75045317.0000,9697
20240923,603679,10.3100,10.4400,10.7800,10.2800,10.7600,6439580,68136934.0000,7781
20240923,603680,7.1500,7.1300,7.1900,7.0800,7.1600,1608500,11494646.0000,4306
20240923,603681,10.0400,10.0800,10.1500,9.9600,10.0700,1238100,12474779.0000,2917
20240923,603682,3.7800,3.7700,3.8000,3.7400,3.7700,2695200,10142171.0000,4203
20240923,603683,7.2100,7.1800,7.5000,7.1300,7.4600,9392714,69131243.0000,10461
20240923,603685,10.5300,10.4500,10.6800,10.4000,10.5700,548200,5807708.0000,1466
20240923,603686,7.3400,7.3100,7.3800,7.2300,7.3300,2476000,18166484.0000,2618
20240923,603687,5.8700,5.8800,5.9400,5.8000,5.9100,3291200,19371123.0000,7053
20240923,603688,21.9200,21.9400,22.0900,21.5800,21.6000,4546306,98990690.0000,14957
20240923,603689,7.9500,7.9500,8.1100,7.9000,8.1000,2469160,19802838.0000,6032
20240923,603690,17.7500,17.6500,17.8800,17.4200,17.4300,3437064,60334835.0000,5927
20240923,603693,8.4000,8.3700,8.4400,8.3200,8.4000,1727560,14502603.0000,3247
20240923,603696,6.6100,6.5900,6.8400,6.5900,6.7000,2975369,20022037.0000,3284
20240923,603697,5.7100,5.6700,5.7500,5.6600,5.7200,1035496,5910647.0000,2848
20240923,603698,13.0600,13.0000,13.1100,12.9500,12.9900,2080780,27115153.0000,5511
20240923,603699,18.1000,18.0900,18.3000,17.9600,18.2000,3044724,55262896.0000,12616
20240923,603700,9.1700,9.1200,9.2200,9.1000,9.1100,1721256,15736356.0000,1633
20240923,603701,11.1900,11.1900,11.1900,10.6200,10.8200,3089714,33450353.0000,5193
20240923,603703,8.8800,8.8800,8.8900,8.5000,8.5800,6180540,53529837.0000,4853
20240923,603706,13.8500,13.8400,13.8400,13.3100,13.4800,2648600,35963522.0000,3818
20240923,603707,12.8000,12.8900,12.9500,12.5000,12.5700,5688445,72153202.0000,19341
20240923,603708,7.7900,7.7600,7.8200,7.7000,7.8200,3393200,26372667.0000,4552
20240923,603709,8.1600,8.2000,8.2800,8.1000,8.1800,864212,7086888.0000,1608
20240923,603711,10.5400,10.5400,10.6500,10.4600,10.5200,1123730,11830369.0000,3900
20240923,603712,14.1400,14.5800,15.2200,14.4400,14.8700,20646749,306435789.0000,37855
20240923,603713,43.2900,43.9500,44.3500,42.9000,43.4700,726500,31830345.0000,3932
20240923,603716,5.7100,5.7900,6.0700,5.7600,5.8100,11428600,67365552.0000,11557
20240923,603717,4.9200,4.9700,4.9800,4.8900,4.9000,2000620,9867042.0000,2121
20240923,603718,6.0800,6.0800,6.1100,5.9900,6.0000,4204681,25356188.0000,5723
20240923,603719,10.3200,10.3600,10.3900,10.1800,10.2200,2924600,30061904.0000,7745
20240923,603721,20.7800,20.6400,20.8700,20.4500,20.5000,5820767,120044923.0000,15371
20240923,603722,35.4900,36.5000,37.2000,33.4400,34.0000,1529000,53435317.0000,4167
20240923,603725,5.6000,5.5700,5.7000,5.5600,5.6800,3192764,18020932.0000,4124
20240923,603726,12.5100,12.5600,12.6100,12.3800,12.3900,2698780,33567795.0000,5376
20240923,603727,9.4000,9.3600,9.5000,9.3300,9.3500,3085408,28974991.0000,8650
20240923,603728,35.7000,35.4300,35.6500,34.6700,34.8500,5437200,190600170.0000,19431
20240923,603729,11.7500,11.7500,11.8900,11.5900,11.6400,2068599,24247410.0000,5712
20240923,603730,9.4300,9.4100,9.5300,9.3300,9.3800,1958910,18426547.0000,5642
20240923,603733,15.1100,15.1100,15.3700,15.0100,15.1500,2276500,34578977.0000,7895
20240923,603737,29.0200,28.9000,30.3000,28.5500,29.3200,4758891,140785579.0000,14049
20240923,603738,11.9700,11.9800,12.1000,11.8400,12.0100,4351019,52241087.0000,4167
20240923,603739,10.3400,10.4500,10.6300,10.3300,10.3500,3230700,33750352.0000,8500
20240923,603755,21.8000,22.0500,22.1000,21.2000,22.1000,442200,9528085.0000,1148
20240923,603757,18.3300,18.3100,18.4200,17.9800,18.1300,494500,8970547.0000,2027
20240923,603758,6.6400,6.6300,6.7000,6.5900,6.6700,1480963,9876226.0000,2023
20240923,603759,5.5800,5.6000,5.6500,5.5500,5.6200,1041780,5844485.0000,2126
20240923,603766,6.9900,6.9900,7.1100,6.9200,6.9500,20760900,145988094.0000,21842
20240923,603767,9.8200,9.8300,9.8700,9.7200,9.8600,1864300,18292443.0000,4111
20240923,603768,12.3900,12.2800,12.8000,12.2200,12.6500,8003500,100328799.0000,12227
20240923,603773,16.1100,16.1100,16.2700,15.8000,15.8700,3947940,63231555.0000,8738
20240923,603776,9.4600,9.4300,9.5600,9.3900,9.4600,1552900,14701474.0000,3542
20240923,603777,8.5400,8.5300,8.6000,8.4700,8.4900,1318600,11236423.0000,3169
20240923,603778,2.9000,2.9100,2.9100,2.8200,2.8400,17674200,50221825.0000,6474
20240923,603779,8.5000,8.6000,8.6000,8.3400,8.4300,4369595,36912472.0000,4540
20240923,603786,51.4000,51.3300,53.2800,51.0000,52.2600,1594668,83717806.0000,8171
20240923,603787,9.9100,9.7300,9.9100,9.7300,9.7800,2776007,27204108.0000,6222
20240923,603788,11.2900,11.3600,11.4000,11.2200,11.3700,1119600,12687572.0000,4048
20240923,603789,6.6400,6.6000,6.7300,6.5300,6.6800,4458600,29578956.0000,5742
20240923,603790,8.5000,8.5100,8.5600,8.4400,8.4800,866060,7359695.0000,2363
20240923,603797,3.1100,3.1000,3.1300,3.0800,3.1100,2781296,8643271.0000,2103
20240923,603798,7.0800,7.0700,7.1200,7.0200,7.0800,1136890,8040564.0000,2746
20240923,603799,21.9600,21.8800,22.0500,21.7100,21.7200,15787111,344775101.0000,26593
20240923,603800,16.9800,16.8200,16.8200,16.1700,16.2200,2635031,43055633.0000,5327
20240923,603801,9.4600,9.4100,9.9000,9.3400,9.5700,7127578,68770642.0000,13412
20240923,603803,5.4600,5.5000,5.6900,5.4600,5.5900,7563400,42385891.0000,12115
20240923,603806,13.9100,13.8800,13.9900,13.4800,13.5500,18562417,254712732.0000,30649
20240923,603808,6.0100,6.0000,6.0500,5.9100,5.9500,1880955,11210221.0000,3273
20240923,603809,6.9800,7.0600,7.0600,6.9000,6.9700,2835648,19816022.0000,6448
20240923,603810,7.8600,7.8600,8.0000,7.7500,7.9300,3086600,24412331.0000,4103
20240923,603811,6.2900,6.2900,6.3400,6.2100,6.2300,2419380,15133550.0000,5396
20240923,603813,8.8300,8.8400,9.0400,8.7600,8.8900,713800,6368844.0000,1795
20240923,603815,5.5400,5.5000,5.5700,5.4700,5.4900,2885800,15900536.0000,2908
20240923,603816,22.6000,22.5900,23.6500,22.5000,23.2100,5773712,134145134.0000,24958
20240923,603817,4.6400,4.6300,4.6700,4.5900,4.6600,3373400,15638436.0000,4695
20240923,603818,2.1600,2.1600,2.2100,2.1300,2.1900,12382513,26968354.0000,12045
20240923,603819,7.8400,7.8000,8.2300,7.7500,7.8500,1757620,13910323.0000,3116
20240923,603822,25.7800,25.9200,27.8600,25.7000,27.5000,1746500,47478592.0000,3777
20240923,603823,8.3400,8.3100,8.4000,8.2300,8.3100,3558366,29665183.0000,9546
20240923,603825,8.9100,8.8500,8.9800,8.7700,8.8000,15716900,139259303.0000,17304
20240923,603826,26.7700,26.7700,27.6000,26.5600,27.3500,2151540,58442815.0000,8166
20240923,603828,1.7400,1.7100,1.7600,1.6700,1.6800,13305439,22727310.0000,1405
20240923,603829,13.1500,13.1100,13.1400,12.8600,12.9900,1935007,25154060.0000,6318
20240923,603833,44.5500,44.5100,47.2600,44.1100,46.8300,4493960,208710654.0000,19256
20240923,603836,10.8200,10.7900,11.9000,10.7200,11.9000,2937000,33948361.0000,4250
20240923,603838,3.9400,3.9400,4.0000,3.9300,3.9300,2821500,11177601.0000,3790
20240923,603839,4.3000,4.3100,4.4000,4.2700,4.3400,3375700,14562156.0000,6995
20240923,603843,2.4400,2.4600,2.4600,2.3900,2.4100,4317880,10462951.0000,2187
20240923,603848,11.7300,11.7900,11.8500,11.7000,11.7500,751700,8853913.0000,952
20240923,603855,14.9700,14.9800,15.3200,14.8800,15.0900,1690270,25621332.0000,7148
20240923,603856,9.9200,9.9000,9.9500,9.8100,9.8800,438235,4329423.0000,1318
20240923,603858,15.1700,15.1800,15.2600,15.0300,15.0300,2357439,35629979.0000,7236
20240923,603859,14.0700,14.1500,14.7700,14.1500,14.5000,7512724,109307160.0000,15661
20240923,603860,25.2300,25.0800,25.3200,24.7600,25.1600,1731300,43291551.0000,3226
20240923,603861,7.7400,7.7100,7.7700,7.5600,7.6100,3139200,23951328.0000,6911
20240923,603863,25.0100,25.0100,25.9900,24.6900,25.4500,5593700,141576682.0000,10011
20240923,603866,5.1100,5.1100,5.1600,5.0800,5.1300,6069489,31147153.0000,11726
20240923,603867,19.2000,19.2300,19.3400,18.9700,19.1000,640040,12226362.0000,1784
20240923,603868,34.9900,34.9800,35.2700,34.1700,34.3000,502000,17350020.0000,2716
20240923,603869,4.5500,4.5500,4.5600,4.5000,4.5200,1039545,4701447.0000,578
20240923,603871,18.9900,19.1100,20.2000,19.1100,19.5400,10519158,206590204.0000,22841
20240923,603876,8.7000,8.7000,8.7200,8.4100,8.4400,6959160,59320379.0000,12753
20240923,603877,11.1500,11.1300,11.2400,11.0500,11.1900,1111000,12367825.0000,2065
20240923,603878,4.8800,4.8700,4.9700,4.8400,4.9400,4983886,24431371.0000,6530
20240923,603879,2.4400,2.4300,2.5500,2.3900,2.4900,3197978,7968209.0000,792
20240923,603880,3.3900,3.4000,3.5000,3.3900,3.4200,3071567,10571876.0000,2361
20240923,603881,13.5500,13.6000,13.6000,13.2000,13.2400,8178715,109259274.0000,15584
20240923,603882,26.9800,27.0000,27.5000,26.6300,26.6800,2705075,73034745.0000,10470
20240923,603883,14.1800,14.3500,14.4600,13.6100,13.6900,83977950,1171409404.0000,92639
20240923,603885,10.2300,10.1500,10.2000,9.9200,10.0200,12891817,129486579.0000,15656
20240923,603886,11.6700,11.6900,11.7200,11.4400,11.5000,1066500,12315616.0000,3646
20240923,603887,6.1000,6.0400,6.2600,6.0100,6.1000,8234607,50561604.0000,8490
20240923,603888,19.7600,19.7600,20.1000,19.6500,19.8900,4332317,86452584.0000,11580
20240923,603889,6.2200,6.2300,6.3200,6.1800,6.3000,2947192,18401800.0000,5476
20240923,603890,9.0100,8.9500,9.2800,8.8400,9.0500,43732269,396974544.0000,40613
20240923,603893,49.5100,49.2100,50.2000,49.0200,49.6700,1660473,82665021.0000,9099
20240923,603895,16.0000,16.0000,16.2000,15.8200,15.9000,672218,10741212.0000,2166
20240923,603896,18.9600,18.9500,19.2000,18.8500,18.9300,1034230,19686871.0000,2803
20240923,603897,17.0000,16.9900,17.2200,16.8800,17.0200,2416782,41267989.0000,7424
20240923,603898,7.3300,7.3400,7.5800,7.0500,7.5000,4153858,30589412.0000,3442
20240923,603899,25.6700,25.6400,26.7400,25.5300,26.4900,5068399,133136230.0000,13119
20240923,603900,5.2800,5.1900,5.4000,5.1100,5.2200,30627890,160312616.0000,19017
20240923,603901,5.7800,5.7400,5.8100,5.6900,5.7100,4499800,25861361.0000,6290
20240923,603903,5.4800,5.4800,5.5300,5.4500,5.5200,1128876,6211894.0000,1610
20240923,603906,6.7300,6.7500,6.8600,6.7000,6.7500,4078600,27579444.0000,9066
20240923,603908,18.0800,18.1200,18.1500,17.8900,18.0500,427020,7704041.0000,1346
20240923,603909,6.9900,7.0100,7.0200,6.9000,6.9800,1672064,11671500.0000,3147
20240923,603912,5.7800,5.7500,5.8600,5.7400,5.8100,4103792,23845586.0000,8261
20240923,603915,8.0000,7.9900,8.1200,7.9200,8.0500,5669089,45504284.0000,11619
20240923,603916,6.5700,6.5800,6.6300,6.5000,6.6200,2618180,17191492.0000,3001
20240923,603917,10.1300,10.1500,10.2700,10.0000,10.2400,1478100,15056855.0000,2667
20240923,603918,9.8000,9.8400,10.7700,9.7700,10.3700,46405475,474136980.0000,67459
20240923,603919,16.3800,16.3900,16.7500,16.3400,16.4600,2357377,38963784.0000,6899
20240923,603920,20.2200,19.7000,20.6500,19.2500,19.8600,15633351,312958711.0000,36654
20240923,603922,15.2000,15.1900,15.1900,14.3100,14.3700,1772380,25589935.0000,5320
20240923,603926,7.4300,7.4300,7.5400,7.4000,7.4900,810520,6067320.0000,2579
20240923,603927,16.5600,16.6500,16.7300,16.4100,16.4800,11847321,196367578.0000,21834
20240923,603928,7.1600,7.1600,7.1700,7.0700,7.0700,932260,6614146.0000,1551
20240923,603929,20.1800,20.3600,20.8400,20.1900,20.6200,2826300,58197055.0000,8345
20240923,603931,17.0100,16.8500,17.1500,16.7200,16.9600,1571800,26659970.0000,3681
20240923,603933,12.0400,12.0300,12.1900,11.8700,12.0800,1860500,22482817.0000,7187
20240923,603936,6.7400,7.4000,7.4000,6.9800,6.9900,35122540,248851481.0000,43740
20240923,603937,7.7000,7.6100,7.7100,7.5700,7.6500,1634400,12456586.0000,1979
20240923,603938,9.6600,9.6600,9.7800,9.5600,9.6000,1190432,11468771.0000,4050
20240923,603939,18.6600,18.5800,18.7800,17.9800,18.0200,9220528,168079699.0000,22431
20240923,603948,15.3200,15.4800,15.4800,15.1200,15.4100,334400,5132853.0000,1288
20240923,603949,9.4500,9.4500,9.5900,9.3700,9.5200,1071329,10182854.0000,3326
20240923,603950,11.2500,11.2600,11.3000,11.0400,11.1700,1102420,12345780.0000,3107
20240923,603955,7.2000,7.2500,7.3100,7.1000,7.1700,1938740,13979391.0000,4080
20240923,603956,4.3600,4.3700,4.4100,4.3300,4.3900,2659000,11668186.0000,4541
20240923,603958,9.4900,9.4800,10.4000,9.4000,10.0900,23337854,231444642.0000,24359
20240923,603959,1.8400,1.8200,1.8800,1.8000,1.8000,13710338,25153498.0000,2256
20240923,603960,16.7700,16.8700,17.1000,16.6400,16.9100,4539999,76567259.0000,10452
20240923,603963,2.7800,2.7500,2.7900,2.6800,2.7000,3331800,9108130.0000,1520
20240923,603966,6.5300,6.4600,6.6200,6.4600,6.5200,3439060,22521835.0000,7463
20240923,603967,8.2300,8.2300,8.3000,8.1500,8.2800,1188180,9808895.0000,3258
20240923,603968,8.4500,8.4000,8.5700,8.3600,8.4200,1053000,8868762.0000,2636
20240923,603969,4.1700,4.1400,4.2900,4.1300,4.2200,6874565,28953157.0000,7379
20240923,603970,11.6900,11.6600,11.8000,11.6000,11.7600,1726473,20238194.0000,4748
20240923,603976,13.6000,13.6000,13.6900,13.4500,13.5100,375000,5086610.0000,1033
20240923,603977,9.3600,9.3800,9.3900,9.3000,9.3200,1193588,11148949.0000,2646
20240923,603978,10.5700,10.5700,10.7800,10.3400,10.6800,4706150,49867978.0000,5847
20240923,603979,42.0200,41.6500,42.1700,40.9100,41.1100,7196784,298182250.0000,31417
20240923,603980,3.2700,3.2800,3.2900,3.2500,3.2700,2376400,7764925.0000,3216
20240923,603982,7.1300,7.1000,7.2600,7.0500,7.2400,1808760,13020532.0000,4199
20240923,603983,21.1200,21.1100,21.3900,20.9400,21.3200,1111047,23528700.0000,4301
20240923,603985,9.0200,9.0100,9.1800,8.9100,9.0900,4928212,44796880.0000,11753
20240923,603986,65.2900,65.2900,66.4600,64.8400,65.1300,7621567,499567401.0000,33943
20240923,603987,5.8300,5.8300,5.8900,5.7900,5.8200,2679169,15623013.0000,6401
20240923,603988,11.4500,11.4500,12.6000,11.2100,12.6000,27894362,335097614.0000,23755
20240923,603989,11.8400,11.8400,12.1600,11.7500,12.0900,2370814,28571236.0000,6815
20240923,603990,8.4400,8.4400,9.1100,8.3000,8.8500,19894369,172173700.0000,16356
20240923,603991,45.8300,45.9000,47.0000,44.2200,44.9600,1485900,67045457.0000,3463
20240923,603992,16.0500,16.0400,16.0900,15.5000,15.6900,1493320,23454581.0000,4247
20240923,603993,7.4400,7.3900,7.5500,7.3500,7.3900,121124070,898437536.0000,82924
20240923,603995,15.7900,15.7000,16.0000,15.6300,15.9200,1395395,22161729.0000,6116
20240923,603997,11.5000,11.5100,12.2300,11.4900,11.8300,15292857,181606101.0000,24413
20240923,603998,9.8300,9.8400,10.0200,9.7900,9.8700,4208900,41569401.0000,10511
20240923,603999,4.8300,4.8500,4.8600,4.7500,4.7900,4009700,19231085.0000,8110
20240923,605001,5.0300,5.0300,5.0800,5.0200,5.0600,2699820,13634937.0000,5185
20240923,605003,14.7700,14.7000,14.9900,14.6600,14.8500,189325,2808441.0000,549
20240923,605005,14.8500,14.4500,14.9700,14.4500,14.9000,763360,11342083.0000,2793
20240923,605006,4.2400,4.2400,4.2600,4.1400,4.1500,1997920,8378104.0000,2445
20240923,605007,11.0500,11.1500,12.1600,11.0100,11.6000,7170803,83879497.0000,11602
20240923,605008,11.4800,11.3600,11.4800,11.3400,11.3700,477000,5437966.0000,1543
20240923,605009,34.4300,34.4500,36.2000,34.2500,35.8300,1527908,54592489.0000,6762
20240923,605011,20.2600,20.0000,20.0500,19.5700,19.8600,5838916,115600348.0000,14644
20240923,605016,16.3300,16.3000,16.4800,15.7600,15.8400,1621390,25992576.0000,3873
20240923,605018,7.0400,7.0100,7.1200,6.9800,7.1100,1213500,8586545.0000,3408
20240923,605020,15.0500,14.9800,15.2300,14.8100,14.8200,2236676,33494710.0000,7494
20240923,605028,12.2100,12.2100,12.2900,12.1700,12.2100,234300,2864125.0000,593
20240923,605033,9.9700,10.0300,10.1800,9.8800,10.0500,751037,7567934.0000,1856
20240923,605050,7.9600,7.9000,8.4000,7.9000,8.2800,3636500,29853489.0000,5057
20240923,605055,4.2000,4.1800,4.3200,4.1500,4.2000,2134422,9011379.0000,4192
20240923,605056,9.6300,9.6300,9.7000,9.5600,9.6000,1346600,12959494.0000,3605
20240923,605058,16.9700,16.8400,17.1700,16.7500,17.0200,1015964,17313632.0000,4310
20240923,605060,11.7500,11.7000,11.8000,11.6200,11.6600,511699,5995689.0000,1268
20240923,605066,5.1000,5.1000,5.1100,5.0000,5.0400,4444250,22444437.0000,6540
20240923,605068,11.5100,11.5600,11.6900,11.4200,11.6000,781200,9060597.0000,2059
20240923,605069,5.6400,5.6400,5.6800,5.5400,5.6500,2186100,12290298.0000,2903
20240923,605077,12.2800,12.2900,12.4700,12.2000,12.2300,651828,8017279.0000,1611
20240923,605080,14.3200,14.2200,14.4900,14.2000,14.3300,875420,12549007.0000,3524
20240923,605081,10.5900,10.7200,10.7200,10.1200,10.2000,5310900,54685528.0000,7367
20240923,605086,17.4800,19.2300,19.2300,18.2200,19.2300,4172500,79807810.0000,4205
20240923,605088,17.1100,17.1200,17.3500,16.9600,17.0200,997300,17090830.0000,2937
20240923,605089,17.3900,17.3100,17.6500,17.2900,17.3600,366622,6394275.0000,1691
20240923,605090,24.4400,24.4000,24.9400,24.2200,24.8300,2156340,53330138.0000,7245
20240923,605098,32.1600,32.1600,33.0000,31.9900,32.0200,1208950,39244909.0000,5390
20240923,605099,19.1300,19.0000,19.4000,18.9600,19.0900,1012992,19367980.0000,3981
20240923,605100,10.6300,10.6600,10.7500,10.5500,10.7400,1483856,15836126.0000,2559
20240923,605108,16.0000,16.0000,16.1500,15.8100,16.0700,904600,14495739.0000,2470
20240923,605111,26.5800,26.5800,27.0700,26.4900,26.7600,6469072,173548887.0000,17743
20240923,605116,20.1800,20.2800,20.5900,20.1100,20.1200,1418700,28785952.0000,6701
20240923,605117,92.2100,91.0000,91.0000,82.9900,82.9900,13168549,1129222898.0000,54247
20240923,605118,13.8700,13.9100,14.0600,13.7000,13.8700,1656100,23088167.0000,4636
20240923,605122,8.8500,8.8500,8.9200,8.7100,8.7800,843060,7439097.0000,1211
20240923,605123,45.1400,44.8800,45.4900,44.6000,44.8100,496659,22347153.0000,3120
20240923,605128,25.4800,25.3000,25.9400,25.0800,25.5500,882748,22568872.0000,3333
20240923,605133,18.1300,18.1400,18.3900,17.7600,17.9600,2855500,51326490.0000,5869
20240923,605136,6.0200,6.0200,6.0300,5.9300,6.0000,4443800,26596952.0000,8027
20240923,605138,4.8000,4.8100,4.8300,4.7800,4.8100,857612,4118246.0000,1884
20240923,605151,15.4200,15.3500,15.3800,15.0800,15.2300,1042600,15842310.0000,1916
20240923,605155,8.0900,8.1200,8.1700,8.0500,8.1200,916387,7449140.0000,1961
20240923,605158,6.2100,6.2100,6.5700,6.2100,6.5300,6542800,42366582.0000,7742
20240923,605162,6.0900,6.0900,6.1500,6.0400,6.1200,1162700,7103151.0000,2896
20240923,605166,8.9000,8.8600,9.0100,8.8000,8.8600,1831527,16333386.0000,5194
20240923,605167,7.9500,7.9600,8.0400,7.8600,7.9000,1544700,12282183.0000,4251
20240923,605168,24.9500,24.9800,26.4900,24.9700,25.9300,6485074,167193580.0000,15102
20240923,605169,8.5700,8.5200,8.7000,8.3800,8.4600,4450736,37883430.0000,7066
20240923,605177,16.4700,16.5900,16.5900,16.3700,16.4300,478000,7886881.0000,1764
20240923,605178,15.2900,15.0100,15.1700,14.8000,15.0900,5564100,83325515.0000,8505
20240923,605179,8.6600,8.6600,8.7100,8.5700,8.5800,1135800,9790353.0000,3786
20240923,605180,10.4200,10.4300,10.4900,10.3200,10.3700,957649,9952630.0000,3419
20240923,605183,15.2600,15.2100,15.3800,15.0900,15.1700,1143298,17424068.0000,5070
20240923,605186,17.1900,17.3100,17.5000,17.0500,17.2100,1419400,24577799.0000,4900
20240923,605188,6.2200,6.2300,6.2500,6.1500,6.1600,1925400,11933224.0000,3642
20240923,605189,11.3700,11.2200,11.4400,11.2200,11.3900,451700,5141342.0000,1897
20240923,605196,7.3200,7.3400,7.5900,7.2600,7.5400,9174600,68689104.0000,15718
20240923,605198,20.5500,20.8900,22.6100,20.5500,21.2700,5700119,124393083.0000,14149
20240923,605199,10.5700,10.6400,11.0000,10.5200,10.9300,7443630,80604613.0000,12056
20240923,605208,6.0000,5.9900,6.0200,5.9000,5.9900,2048005,12238391.0000,5449
20240923,605218,18.2300,18.1000,18.1400,17.5900,17.6100,12693685,225614688.0000,20341
20240923,605222,14.6700,14.6700,14.7200,14.3600,14.4900,1471600,21336463.0000,6041
20240923,605228,7.8500,7.8100,7.9200,7.7300,7.8800,1905645,14986367.0000,4776
20240923,605255,10.2900,10.2800,10.4800,10.1900,10.4700,968200,10064909.0000,2013
20240923,605258,24.2100,24.2100,24.6500,24.0500,24.3500,1369686,33418960.0000,6177
20240923,605259,12.2800,12.1900,12.4400,12.1400,12.3400,285438,3511471.0000,1205
20240923,605266,18.3900,18.4000,18.5000,17.8600,17.9800,3077019,55754941.0000,7001
20240923,605268,7.0800,7.0200,7.2000,6.9900,7.0800,2727407,19382546.0000,4211
20240923,605277,11.2600,11.2800,11.3900,11.1400,11.2800,2596984,29352950.0000,3570
20240923,605286,20.9900,20.9700,21.0600,20.6700,20.7000,805300,16760171.0000,3167
20240923,605287,10.8000,10.8400,10.8600,10.6700,10.6800,987960,10627671.0000,1733
20240923,605288,29.2200,29.2600,29.5000,28.9500,29.2400,205293,5998869.0000,934
20240923,605289,19.3300,19.3000,19.9800,19.0100,19.7600,1748000,34401859.0000,4685
20240923,605296,25.9100,25.5100,26.3500,25.0700,25.1400,2339612,59654424.0000,8603
20240923,605298,7.5700,7.5300,7.9300,7.4700,7.5400,1115687,8448522.0000,1995
20240923,605299,6.7100,6.6900,6.7300,6.5600,6.5700,1497900,9927328.0000,3175
20240923,605300,10.5200,10.4400,10.5200,10.3300,10.3500,639398,6650701.0000,1004
20240923,605303,6.0300,6.0400,6.1400,6.0000,6.1300,1157865,7058221.0000,2370
20240923,605305,22.6200,22.4200,22.8700,22.2700,22.4800,1547952,34892397.0000,6527
20240923,605318,16.0800,16.1000,16.1900,15.7000,16.0700,1539700,24571056.0000,3063
20240923,605319,16.4000,16.5100,16.5100,16.0400,16.4500,916900,15015114.0000,3604
20240923,605333,24.4900,24.6300,25.4900,24.3200,24.4400,3326000,82418880.0000,13689
20240923,605336,9.5200,9.5300,9.6100,9.4500,9.5800,677770,6480306.0000,1151
20240923,605337,8.3300,8.2700,8.4400,8.2600,8.3700,1672523,13969892.0000,4023
20240923,605338,13.1600,13.1400,13.3600,13.0600,13.2000,1228300,16269399.0000,4556
20240923,605339,14.4300,14.3900,14.5800,14.3700,14.5700,304300,4394047.0000,1053
20240923,605358,18.3100,18.3300,18.7300,18.1500,18.4400,4087315,75404181.0000,10656
20240923,605365,13.4500,13.4900,13.5700,13.2200,13.4100,809900,10889997.0000,3466
20240923,605366,4.9200,4.9000,4.9900,4.8700,4.9400,1291664,6367863.0000,2905
20240923,605368,12.5000,12.4500,12.4600,12.2100,12.2500,4065601,50082828.0000,9255
20240923,605369,27.8000,27.7500,27.8800,26.9300,27.4300,595333,16253305.0000,2982
20240923,605376,21.3400,21.0800,21.6200,21.0800,21.3000,3177600,67911156.0000,9761
20240923,605377,11.1500,11.1200,11.3600,11.0600,11.2700,1820073,20530441.0000,4392
20240923,605378,14.3000,14.2800,14.3500,14.0800,14.2900,1082440,15417626.0000,3936
20240923,605388,4.5700,4.5700,4.6100,4.5000,4.5300,2565315,11672194.0000,4675
20240923,605389,16.8300,16.8300,16.9600,16.6900,16.8400,241920,4073175.0000,1095
20240923,605398,16.5700,17.4400,18.1100,16.9400,17.1000,14703309,255023007.0000,28971
20240923,605399,9.8300,9.8200,9.8800,9.6900,9.8800,841376,8248119.0000,1931
20240923,605488,10.9700,10.9900,11.1400,10.8700,11.0400,1604995,17713419.0000,5581
20240923,605499,227.0400,227.0900,227.8500,221.8100,224.9600,829781,186119532.0000,6571
20240923,605500,6.0200,6.0200,6.1200,5.9700,6.0800,1205840,7303557.0000,2329
20240923,605507,18.0800,18.0000,18.2100,17.6500,17.7800,2578500,46004176.0000,10020
20240923,605555,16.1400,16.1600,16.3900,16.0200,16.0500,2144159,34640442.0000,7693
20240923,605566,13.9200,13.9200,14.0900,13.8100,13.9000,185891,2592127.0000,564
20240923,605567,7.6100,7.6000,7.6800,7.5600,7.6000,1101129,8376363.0000,3367
20240923,605577,12.3000,12.2800,12.4200,12.2000,12.2900,2005600,24705834.0000,5793
20240923,605580,7.7500,7.7200,7.8200,7.6700,7.7600,523080,4064548.0000,1445
20240923,605588,34.7800,34.1900,35.2800,34.1900,34.8600,1954000,68241340.0000,5583
20240923,605589,17.4000,17.3200,17.6000,17.2200,17.4000,3048225,53050051.0000,7022
20240923,605598,16.7700,16.8400,17.2000,16.4000,16.4700,1123240,18571844.0000,2508
20240923,605599,9.7600,9.7300,9.8900,9.6800,9.8000,1633204,16024174.0000,3678
20240923,688001,21.7800,21.4500,22.0500,21.3900,21.5300,705328,15272532.0000,2424
20240923,688002,26.8000,26.9900,27.3500,26.4100,26.6300,4263596,114412113.0000,8567
20240923,688003,29.0800,29.2000,30.3000,28.8900,29.5000,812475,24165696.0000,1516
20240923,688004,10.1800,10.2400,11.1100,10.0700,10.6300,3518474,37563522.0000,4230
20240923,688005,19.3900,19.3800,19.7000,19.2000,19.3800,3698574,72072862.0000,5667
20240923,688006,14.0100,13.9800,14.2000,13.8400,13.9400,1681217,23528295.0000,3534
20240923,688007,12.0000,11.9900,12.2800,11.9200,12.1100,3000320,36385849.0000,5316
20240923,688008,49.5900,49.2900,49.9600,48.4600,48.5000,7588199,372609217.0000,17823
20240923,688009,4.8200,4.8000,4.8900,4.7600,4.8400,14786891,71683829.0000,13863
20240923,688010,13.0400,13.1000,13.2800,12.9400,13.0300,238107,3120330.0000,641
20240923,688011,11.6900,11.7000,12.1000,11.4800,11.8900,624428,7421271.0000,1388
20240923,688012,120.5100,121.0000,121.1800,116.6100,117.3000,6306444,743785727.0000,25765
20240923,688013,14.3600,14.3700,14.6200,14.3200,14.4600,279507,4047869.0000,915
20240923,688015,14.7300,14.6800,14.9200,14.5100,14.6100,539371,7938912.0000,922
20240923,688016,80.0500,80.0700,80.8700,79.3400,79.8100,798584,63841664.0000,2475
20240923,688017,60.3400,60.3400,60.6700,58.9600,58.9700,1774664,105560920.0000,5698
20240923,688018,89.7600,89.7600,91.5900,88.7500,89.9200,1410591,126850927.0000,7923
20240923,688019,106.3300,105.9700,107.7400,103.3000,105.0500,777063,81659427.0000,3965
20240923,688020,27.0900,27.0900,27.8700,26.7000,27.5400,541453,14849467.0000,1483
20240923,688021,7.5000,7.5100,7.7000,7.4400,7.5600,831297,6285877.0000,1240
20240923,688022,8.3900,8.3900,8.4800,8.2600,8.3400,1765191,14812257.0000,3354
20240923,688023,29.8000,30.0000,31.9300,29.6600,31.4000,4722022,147078826.0000,9902
20240923,688025,30.8800,30.8200,31.3200,30.4600,30.8200,887737,27496601.0000,2961
20240923,688026,10.4300,10.4300,10.5500,10.2400,10.2500,1128038,11673918.0000,2504
20240923,688027,155.8800,155.8800,158.0000,154.2300,154.5000,542798,84784681.0000,2288
20240923,688028,13.7400,13.7400,13.8600,13.6000,13.6200,818160,11189795.0000,1722
20240923,688029,57.8200,57.8800,58.4500,56.6100,56.9400,1373419,78584833.0000,4931
20240923,688030,10.1800,10.1200,10.4000,10.0900,10.2400,1101714,11339060.0000,1715
20240923,688031,26.5800,26.5100,26.9800,25.9900,26.5000,1226976,32580500.0000,4429
20240923,688032,127.9800,126.7000,128.4500,120.8000,121.3800,1408937,173894945.0000,5098
20240923,688033,4.6700,4.6700,4.7100,4.6100,4.6300,4861846,22635256.0000,4642
20240923,688035,25.5800,30.5500,30.7000,28.3200,29.1000,10403555,305624115.0000,11952
20240923,688036,84.4300,86.2200,89.5000,84.7300,89.1000,10839735,952651405.0000,27017
20240923,688037,60.2400,60.7000,61.4700,58.5300,58.6800,3683431,219928574.0000,9289
20240923,688038,8.7600,8.8400,8.9700,8.7000,8.8800,1903966,16899037.0000,3342
20240923,688039,20.3600,20.4000,20.6300,19.9000,20.3800,1492073,30357515.0000,3704
20240923,688041,75.9200,75.1100,76.3500,74.6300,75.5100,7143629,539367219.0000,17799
20240923,688045,21.0400,20.9800,21.2800,20.7100,21.0100,532505,11207857.0000,1553
20240923,688046,11.1100,11.3900,11.4400,10.9200,11.0200,1901163,21218798.0000,3745
20240923,688047,89.5300,89.5100,91.8600,89.2800,89.6900,1422145,128439323.0000,5291
20240923,688048,23.7300,23.7500,24.2000,23.4500,24.1000,1519425,36358080.0000,3539
20240923,688049,20.1500,20.2400,20.5700,20.0000,20.1400,1720554,34958991.0000,4241
20240923,688050,74.0400,74.4500,74.9200,70.8600,71.5200,1988743,143424444.0000,6787
20240923,688051,15.1400,15.2200,15.4300,14.9300,15.3200,287532,4386125.0000,877
20240923,688052,84.2400,83.2200,83.9200,80.5600,82.8800,945202,77750226.0000,3942
20240923,688053,16.7800,16.8200,17.0100,16.6000,16.7300,542343,9116798.0000,1611
20240923,688055,2.5500,2.5500,2.5900,2.5300,2.5500,2697502,6922632.0000,2830
20240923,688056,20.9200,20.3600,21.0600,20.3000,20.8100,426756,8835669.0000,1076
20240923,688057,9.3000,9.2900,9.3500,9.2200,9.3100,222681,2070725.0000,534
20240923,688058,17.3800,17.6400,18.0000,17.3400,17.6500,1113306,19687850.0000,2714
20240923,688059,39.0000,38.9400,39.2500,38.4000,38.5400,333202,12904689.0000,995
20240923,688060,26.3600,26.3600,26.8900,26.1300,26.4900,163955,4345800.0000,584
20240923,688061,21.1700,21.3600,21.5000,20.9000,21.1400,351318,7430373.0000,786
20240923,688062,20.3800,20.5100,21.1600,20.0600,20.2200,1941655,39945728.0000,7122
20240923,688063,32.9000,32.8800,33.4800,32.6700,32.8800,3622592,119244841.0000,8326
20240923,688065,33.0000,32.6700,33.5000,32.6200,32.8000,860738,28481555.0000,2900
20240923,688066,12.4900,12.5400,12.7800,12.3300,12.6000,4744117,59769659.0000,8864
20240923,688067,12.8300,12.7900,13.0400,12.7400,12.9500,338935,4374594.0000,887
20240923,688068,23.0800,23.2800,23.2900,23.0600,23.0800,223062,5160471.0000,425
20240923,688069,13.2500,13.2400,13.3700,13.1000,13.1400,198021,2615506.0000,616
20240923,688070,23.5300,23.1100,23.7000,23.0000,23.3700,282022,6604123.0000,877
20240923,688071,15.6700,15.7100,16.4700,15.5400,16.0000,1300796,20854837.0000,2434
20240923,688072,110.8000,110.9800,110.9800,103.2800,103.4500,3580035,378699566.0000,13988
20240923,688073,29.3000,29.8800,29.9500,29.2500,29.2500,236913,7006881.0000,544
20240923,688075,31.5600,31.4100,31.7900,31.0400,31.2300,333371,10392915.0000,499
20240923,688076,53.7400,53.5900,54.7700,52.6000,52.8000,2916020,155717383.0000,10992
20240923,688077,13.9400,13.8700,14.1100,13.8600,13.9100,372444,5201508.0000,1111
20240923,688078,21.5800,21.5000,21.8800,21.3000,21.5700,621831,13467899.0000,1811
20240923,688079,6.1200,6.1000,6.2000,6.0500,6.1100,1537969,9415717.0000,2272
20240923,688080,23.3400,23.3000,24.0200,23.0900,23.8300,1427589,33944035.0000,3565
20240923,688081,8.7100,8.6400,8.8600,8.5300,8.7600,599972,5250308.0000,1255
20240923,688082,80.1200,80.1400,80.6900,77.2100,77.6600,1293539,101440548.0000,6093
20240923,688083,68.3000,69.4000,69.4000,67.1300,67.5000,703010,47810721.0000,3109
20240923,688084,34.5200,34.5100,35.1000,33.8100,34.1400,162559,5571719.0000,429
20240923,688085,16.4500,16.4000,16.6500,15.7100,15.8200,2303766,36863918.0000,3838
20240923,688087,24.5000,24.5100,24.9600,24.2600,24.7000,253850,6272666.0000,755
20240923,688088,24.2300,24.1700,24.7500,24.0700,24.3900,2099663,51392291.0000,4782
20240923,688089,14.7000,14.7400,15.4800,14.6800,15.2200,2767267,41997775.0000,4240
20240923,688090,42.5800,42.5000,42.6600,41.2900,42.4800,1910318,80030990.0000,3082
20240923,688091,27.1600,27.0600,27.5600,25.8500,25.9500,2116030,55480438.0000,3269
20240923,688092,17.1000,17.1200,17.3300,16.9100,17.1600,367448,6322014.0000,1106
20240923,688093,14.0300,14.1600,14.4200,13.9400,14.0600,990445,14051980.0000,2599
20240923,688095,49.1800,49.1800,51.3600,48.8600,50.1200,1540713,77509120.0000,6106
20240923,688096,4.9700,4.9900,5.0300,4.9400,5.0200,809499,4045919.0000,886
20240923,688097,19.2900,19.5000,19.6700,19.1100,19.2500,1267020,24571482.0000,3435
20240923,688098,3.6800,3.7000,3.7300,3.6500,3.6700,886184,3263168.0000,750
20240923,688099,49.3300,49.1700,50.2500,48.7000,49.3000,2969696,147128811.0000,11291
20240923,688100,34.0000,34.0500,34.9000,33.6200,33.7100,747489,25481434.0000,3249
20240923,688101,11.3000,11.2200,11.3700,11.2100,11.2600,373916,4216732.0000,924
20240923,688102,6.9800,7.0100,7.0700,6.9100,6.9300,2261244,15787969.0000,2081
20240923,688103,27.4700,27.5800,28.1300,27.4300,27.6000,504020,13957067.0000,991
20240923,688105,17.3500,17.4400,17.6200,16.8500,16.9600,1083024,18507016.0000,2537
20240923,688106,14.7700,14.7700,14.9800,14.5800,14.8600,1421633,21090773.0000,2844
20240923,688107,17.4700,17.4100,17.5800,17.2000,17.3000,969715,16885946.0000,3494
20240923,688108,8.8000,8.8500,8.9400,8.6800,8.6900,3676163,32257077.0000,5473
20240923,688109,25.2700,25.3900,25.4800,24.9600,25.2100,411976,10422810.0000,1255
20240923,688110,14.2200,14.2200,14.4400,14.0800,14.1400,4073878,57921759.0000,7735
20240923,688111,184.9000,184.2000,188.5700,183.2400,184.3300,2772363,515023130.0000,10979
20240923,688112,20.9700,21.0900,21.1700,20.3600,20.4000,801285,16575195.0000,1789
20240923,688113,23.2900,23.5000,23.8400,23.2700,23.8400,146698,3462121.0000,550
20240923,688114,36.1800,36.5800,37.0000,35.7800,35.9600,1195015,43480375.0000,4818
20240923,688115,21.5000,21.5000,21.5000,21.5000,21.5000,0,0.0000,0
20240923,688116,19.6000,19.5600,20.2100,19.4300,19.5900,3050230,60471348.0000,5358
20240923,688117,28.0000,28.1000,28.1000,24.1500,24.6000,6438565,161526566.0000,10763
20240923,688118,12.1300,12.3100,12.4800,12.1300,12.2800,2093745,25832254.0000,3779
20240923,688119,2.9900,2.9900,2.9900,2.9700,2.9800,830453,2473128.0000,492
20240923,688120,122.0000,121.3700,122.2100,118.0000,118.6700,1990444,237539361.0000,8113
20240923,688121,9.3400,9.3300,9.4100,9.2500,9.2900,851850,7939508.0000,1836
20240923,688122,32.9600,32.8500,33.5300,32.6200,33.3300,4356594,144046836.0000,9085
20240923,688123,43.0000,42.9500,43.9000,42.2400,42.5800,1689830,72900826.0000,5946
20240923,688125,24.8600,25.2900,25.4000,24.4600,24.7700,215295,5304108.0000,404
20240923,688126,13.6700,13.7200,14.0300,13.5300,13.8500,5457553,75194918.0000,7317
20240923,688127,14.6800,14.6400,15.0500,14.4100,14.6700,2696141,39880357.0000,5349
20240923,688128,15.6400,15.6300,15.8300,15.4900,15.6500,1009208,15812976.0000,1917
20240923,688129,11.2800,11.2900,11.3900,11.1900,11.2700,177846,2010506.0000,427
20240923,688130,16.8500,16.7900,16.9900,16.5100,16.7700,505034,8449519.0000,1030
20240923,688131,23.8600,24.8500,25.0000,23.6800,23.8000,2023103,48508258.0000,6936
20240923,688132,12.2800,12.2000,12.5400,12.1800,12.4800,784249,9705971.0000,1562
20240923,688133,14.6200,14.8000,14.8500,14.4700,14.5300,1133904,16585875.0000,2085
20240923,688135,12.5000,12.3900,12.6600,12.2000,12.5000,794579,9930190.0000,1519
20240923,688136,13.9300,14.0700,14.2000,13.9300,14.0200,319264,4484447.0000,1019
20240923,688137,29.7100,30.0700,30.0700,29.2000,29.6700,74376,2198625.0000,200
20240923,688138,16.5400,16.5100,16.7500,16.2000,16.5100,1198575,19815757.0000,3339
20240923,688139,24.5400,24.5500,24.8400,23.9600,24.0100,3409039,82483152.0000,8616
20240923,688141,14.1400,14.1400,14.2900,13.9000,13.9000,1766830,24840204.0000,4425
20240923,688143,17.6300,17.6500,18.3400,17.4900,18.0000,1110074,20075474.0000,2410
20240923,688146,25.0500,24.9900,25.1800,24.6100,24.8800,512481,12745476.0000,1443
20240923,688147,18.6300,18.5000,18.8200,18.3500,18.4000,1283686,23859368.0000,3452
20240923,688148,3.5400,3.5800,3.6000,3.5000,3.5200,3127617,11076042.0000,3994
20240923,688150,15.3700,15.5300,15.6300,15.1600,15.1800,2608125,40025788.0000,4705
20240923,688151,13.0500,13.0800,13.2600,13.0000,13.1100,1217242,15946703.0000,1516
20240923,688152,39.1700,38.0000,38.4900,36.8000,36.8700,2146995,80451450.0000,4802
20240923,688153,26.4500,26.6800,26.6800,25.9000,25.9300,1851304,48496393.0000,7033
20240923,688155,33.8200,33.5900,34.9900,33.2900,34.9600,1026241,35128880.0000,2252
20240923,688156,10.3300,10.2800,10.3800,10.0500,10.2900,654193,6676648.0000,976
20240923,688157,35.9800,35.9800,36.2700,35.0300,35.5000,363818,12923410.0000,1096
20240923,688158,9.7000,9.6700,9.9000,9.6100,9.8100,5477700,53770682.0000,8222
20240923,688159,22.8100,22.9900,23.0500,22.1700,22.3300,2716119,61221304.0000,5298
20240923,688160,32.0900,32.0900,32.4300,31.6200,31.8900,548629,17520054.0000,1823
20240923,688161,21.2600,21.3300,21.8900,21.1700,21.4200,1053784,22721620.0000,3361
20240923,688162,15.7500,15.7500,15.9400,15.4500,15.8500,448302,7087835.0000,940
20240923,688163,15.2400,15.1400,15.4600,15.0300,15.1800,1124787,17091565.0000,1686
20240923,688165,7.4000,7.3800,7.5000,7.3500,7.4800,1052241,7829055.0000,1308
20240923,688166,24.2800,24.4300,24.7000,23.9100,24.1500,5327686,129584474.0000,7695
20240923,688167,40.7000,40.5700,41.2600,40.0900,40.4900,1214477,49345596.0000,4073
20240923,688168,26.8100,26.9500,27.4100,26.6800,27.0000,538874,14587040.0000,1598
20240923,688169,236.3600,237.0000,243.8800,231.5000,233.6900,2148962,508088856.0000,11674
20240923,688170,19.7000,19.7200,19.8300,19.4300,19.5200,582313,11412861.0000,1552
20240923,688171,11.9900,12.0200,12.3600,11.8900,12.1300,406720,4919632.0000,1091
20240923,688172,12.1600,12.2100,12.3300,12.0400,12.0600,1144608,13900037.0000,2994
20240923,688173,8.0300,8.0200,8.1400,7.8700,7.9500,2233732,17887147.0000,4627
20240923,688175,11.1200,11.0500,11.2800,10.9600,11.2200,708202,7906635.0000,1123
20240923,688176,5.0800,5.1200,5.1300,5.0400,5.0500,1723617,8757518.0000,2532
20240923,688177,18.6900,18.9600,19.1000,18.0000,18.4000,2173631,40011983.0000,4962
20240923,688178,8.5100,8.5000,8.6400,8.4200,8.5700,432617,3700824.0000,824
20240923,688179,9.8900,9.8900,10.0000,9.7600,9.8000,1429269,14072329.0000,2683
20240923,688180,23.6500,23.7200,23.9000,23.1200,23.1400,3281135,76886837.0000,7889
20240923,688181,15.5800,15.5800,15.7400,15.1700,15.6400,684597,10679516.0000,1702
20240923,688182,11.0500,11.0600,11.4300,10.9500,11.1600,2421520,27279229.0000,4144
20240923,688183,17.0200,17.1700,17.7000,16.6600,17.0100,6924428,118897696.0000,18609
20240923,688184,11.0800,11.1100,11.1500,10.9800,11.0500,160935,1783215.0000,292
20240923,688185,40.5900,41.1400,41.2300,39.4600,39.6400,1569788,62846913.0000,4764
20240923,688186,9.1400,9.1500,9.1700,9.0800,9.1300,980593,8948218.0000,1880
20240923,688187,41.5100,41.4700,42.9900,41.1400,42.6200,3412342,145388795.0000,12115
20240923,688188,166.0000,165.8500,166.5000,155.6300,157.1100,1655126,263398567.0000,9260
20240923,688189,5.6400,5.6600,5.6900,5.6100,5.6600,1322060,7485246.0000,1781
20240923,688190,60.4500,60.7000,62.1500,59.7200,62.0700,316926,19438263.0000,1240
20240923,688191,14.5000,14.4200,14.6900,14.0300,14.1600,850320,12112447.0000,1966
20240923,688192,33.3500,33.7200,34.2100,33.0800,33.5800,1927528,65060412.0000,5464
20240923,688193,23.4400,23.5000,23.7800,23.3000,23.6100,141497,3337209.0000,506
20240923,688195,21.4700,21.4400,21.8400,21.1800,21.4800,1816311,39287606.0000,3673
20240923,688196,19.4400,19.4200,19.7900,19.2800,19.4300,161321,3148938.0000,514
20240923,688197,31.0700,30.8500,31.5500,29.8400,29.9000,495275,15143345.0000,1268
20240923,688198,95.7000,96.3600,96.6200,95.5700,96.0000,53679,5155485.0000,276
20240923,688199,11.3100,11.2900,11.4300,11.1500,11.3300,827025,9353259.0000,1023
20240923,688200,76.3800,76.2900,77.3500,75.5000,76.0400,440788,33649868.0000,1867
20240923,688201,6.6000,6.6000,6.8900,6.4600,6.7700,9781733,65716042.0000,11644
20240923,688202,24.2400,25.3000,25.3800,24.2900,24.4800,2845514,70589073.0000,5002
20240923,688203,8.0000,8.2700,8.2700,7.9700,7.9900,639762,5135833.0000,1086
20240923,688205,30.7100,30.5400,31.3000,29.2200,29.3600,2286177,68858738.0000,4586
20240923,688206,12.9200,12.9200,13.0100,12.6500,12.8100,2443992,31306302.0000,4814
20240923,688207,10.3700,10.2700,10.6600,10.2500,10.4700,3407195,35838629.0000,4639
20240923,688208,23.5100,23.6200,24.3100,23.4000,23.9900,3349693,80343561.0000,8587
20240923,688209,10.1800,10.1800,10.3600,10.0600,10.1100,2449099,24943981.0000,6279
20240923,688210,18.7100,18.0000,18.2900,17.1100,17.4900,3576272,63116986.0000,7155
20240923,688211,25.1100,24.9100,25.3700,24.7900,25.0800,107070,2694654.0000,366
20240923,688212,32.0000,32.0100,33.9500,32.0100,33.3800,2208509,73249343.0000,6693
20240923,688213,42.0100,42.4500,43.1300,41.6000,41.9200,1946819,82203114.0000,7172
20240923,688215,15.0900,15.2400,15.3600,14.8800,15.2200,216940,3294457.0000,591
20240923,688216,14.4300,14.3100,14.7500,14.1300,14.4600,790384,11457850.0000,2194
20240923,688217,13.6500,13.6700,13.8600,13.4600,13.6200,528684,7225909.0000,1678
20240923,688218,12.7000,12.7000,12.8500,12.5300,12.6700,826786,10511957.0000,1424
20240923,688219,6.7200,6.6500,6.7400,6.6400,6.6800,862918,5762901.0000,1211
20240923,688220,29.2500,29.3000,29.6300,29.1100,29.3000,1703039,50016921.0000,5547
20240923,688221,4.6100,4.6800,4.7000,4.5500,4.6300,1742453,8096915.0000,2363
20240923,688222,8.5000,8.6000,8.7600,8.5200,8.5300,3670233,31542357.0000,5147
20240923,688223,6.4000,6.4000,6.4000,6.2200,6.2700,20717687,130168255.0000,12417
20240923,688225,11.4500,11.4500,12.0300,11.2600,11.5300,1540117,17924146.0000,2044
20240923,688226,15.3800,15.3800,15.6500,14.9500,15.0400,2626921,40203678.0000,4671
20240923,688227,11.0300,11.0300,11.2700,10.9100,11.1700,609315,6791703.0000,1454
20240923,688228,28.9800,28.6000,29.7500,28.6000,29.3100,831780,24404580.0000,2358
20240923,688229,33.6600,33.4300,33.9900,33.0000,33.7000,417644,13988054.0000,1114
20240923,688230,28.1300,27.9300,28.3900,27.8700,28.0500,188633,5307511.0000,571
20240923,688231,11.4300,11.4300,11.5200,11.3700,11.4300,398355,4562459.0000,863
20240923,688232,19.7900,19.6800,20.2500,19.6800,19.9600,780874,15606019.0000,2923
20240923,688233,14.0000,14.1400,14.1800,13.8300,13.9600,1524401,21343346.0000,3960
20240923,688234,45.8800,46.1000,46.3100,44.7700,45.8800,2212134,100848946.0000,5589
20240923,688235,152.0000,152.9000,153.8800,145.4100,146.1400,1635802,241558597.0000,8097
20240923,688236,10.4800,10.5800,10.6800,10.4300,10.5000,1051477,11082626.0000,2920
20240923,688237,15.6500,15.6800,15.9400,15.4900,15.6800,265231,4155976.0000,634
20240923,688238,3.9100,4.0000,4.1500,3.9100,3.9500,7288103,29226432.0000,6129
20240923,688239,27.5000,27.4900,27.5900,27.0200,27.0300,802975,21911438.0000,1942
20240923,688244,22.9000,23.2000,23.3000,22.4000,22.9000,776277,17776358.0000,1797
20240923,688246,16.0600,16.0300,16.4900,15.9200,16.3600,654468,10665970.0000,1861
20240923,688247,7.6500,7.8000,8.2000,7.6600,7.6600,2391827,18758543.0000,4156
20240923,688248,26.4000,26.4400,26.6500,26.1300,26.3500,1812568,48039343.0000,4510
20240923,688249,14.1300,14.1200,14.1200,13.6500,13.8800,4348633,60223393.0000,6058
20240923,688251,13.3900,13.4700,13.7400,13.3100,13.5000,942065,12721276.0000,2040
20240923,688252,14.4800,14.4800,14.5600,14.0700,14.1400,3240928,46253484.0000,8026
20240923,688253,36.8300,36.4800,37.1200,35.3800,35.6000,1375683,49363205.0000,3419
20240923,688255,16.5600,16.5300,16.7600,16.4900,16.5800,490612,8129213.0000,949
20240923,688256,208.8700,211.5200,220.5000,210.0000,212.6100,6129867,1322572932.0000,24405
20240923,688257,13.4800,13.3300,13.8000,13.3000,13.6200,501182,6824757.0000,1201
20240923,688258,23.1900,23.1900,23.3900,22.8000,22.8800,1914385,44022399.0000,3342
20240923,688259,26.8100,26.8000,28.2500,26.0000,27.4000,1736840,47497443.0000,3546
20240923,688260,11.9400,12.0200,12.7000,11.8600,12.6000,4629549,57612811.0000,7675
20240923,688261,28.3600,28.3600,28.7000,28.0100,28.5000,1187522,33797002.0000,3135
20240923,688262,14.2000,14.2000,14.5200,13.9700,14.3400,3043867,43511921.0000,5355
20240923,688265,20.5300,20.7800,20.9400,20.4800,20.4800,124859,2588422.0000,300
20240923,688266,55.9000,56.4100,56.6500,55.0600,56.1600,1449534,81390159.0000,4931
20240923,688267,16.4500,16.5900,16.6000,16.1400,16.4300,531458,8684911.0000,1538
20240923,688268,39.6100,39.6100,40.0000,38.9700,39.4400,941702,37161330.0000,2278
20240923,688269,21.1100,21.1100,21.5500,20.8900,21.1300,357395,7580563.0000,740
20240923,688270,19.8500,19.8700,20.0900,19.4500,19.4600,2870644,56494061.0000,5725
20240923,688271,94.9000,94.7600,95.2200,92.8100,92.8100,2014604,188160062.0000,7138
20240923,688272,13.0800,13.0800,13.1800,12.8300,12.9400,287599,3731308.0000,544
20240923,688273,20.1300,19.9900,20.2900,19.8000,19.9400,410756,8232867.0000,1059
20240923,688275,24.5100,24.4600,24.8700,24.3700,24.4100,499960,12258115.0000,1800
20240923,688276,21.9000,21.8900,22.3600,21.6600,21.7300,1672778,36695282.0000,4455
20240923,688277,6.2700,6.2800,6.3600,6.2300,6.2900,1210918,7624986.0000,1542
20240923,688278,60.8800,60.8800,61.2600,59.6000,59.9900,1515393,91413762.0000,5262
20240923,688279,106.3700,106.4700,108.7200,105.3000,106.2700,289896,31034623.0000,1460
20240923,688280,3.6600,3.6500,3.7100,3.5900,3.6100,1968210,7145303.0000,2311
20240923,688281,65.9600,65.7900,67.6200,65.1400,66.6500,734935,49047372.0000,2878
20240923,688282,21.7900,21.6100,22.1300,21.6100,22.0000,86011,1889441.0000,138
20240923,688283,17.0800,16.9300,17.2500,16.8600,17.0200,116214,1985145.0000,359
20240923,688285,6.0000,5.9800,6.0500,5.9500,6.0300,602888,3627343.0000,627
20240923,688286,32.5300,32.8200,32.8500,31.9200,32.3400,394275,12788179.0000,1535
20240923,688287,3.6300,3.6600,3.8000,3.6000,3.7600,6360217,23607507.0000,3173
20240923,688288,12.0600,12.0600,12.4000,11.7800,12.2400,1266987,15445247.0000,3080
20240923,688289,17.0300,16.9500,17.1200,16.4400,16.4800,3488686,58099046.0000,7644
20240923,688290,26.3400,27.0000,27.0000,24.7700,24.7800,871598,22065395.0000,2448
20240923,688291,14.3900,14.3800,14.6200,14.2300,14.4200,203242,2941578.0000,465
20240923,688292,13.3100,13.3800,13.6100,13.2100,13.4300,2170756,29183672.0000,4801
20240923,688293,25.0000,25.1900,25.5900,24.5800,24.6100,611113,15279269.0000,1317
20240923,688295,16.9000,16.7000,16.9400,16.5200,16.5600,710385,11842801.0000,1731
20240923,688296,8.0800,8.1200,8.2000,7.9900,8.1200,572530,4658014.0000,1280
20240923,688297,28.2000,28.0800,28.8300,28.0600,28.3400,1370434,39088485.0000,2720
20240923,688298,26.9300,26.9400,27.0000,26.1700,26.1700,1476185,39063184.0000,3061
20240923,688299,11.7300,11.6800,11.9500,11.6100,11.7600,1685166,19869856.0000,2546
20240923,688300,38.3500,38.0200,38.8500,37.8800,38.0900,1381744,52841342.0000,5666
20240923,688301,87.5400,87.9900,87.9900,82.5100,82.5100,862729,72595523.0000,4109
20240923,688302,30.3600,30.9700,31.6000,28.2300,28.3000,4029279,119094395.0000,7991
20240923,688303,19.2400,19.1900,19.2700,18.6400,18.8400,5633320,106149033.0000,12170
20240923,688305,57.8000,57.5000,58.3800,57.0100,57.6300,353671,20353888.0000,1135
20240923,688306,3.7700,3.7700,3.8000,3.7500,3.7700,2865068,10824495.0000,2707
20240923,688307,17.3800,17.2800,17.5800,17.1000,17.4200,322858,5625997.0000,948
20240923,688308,14.3000,14.3000,14.3600,14.0700,14.1300,1405134,19931204.0000,3031
20240923,688309,10.6700,10.6200,10.7600,10.4900,10.6500,220185,2346952.0000,464
20240923,688310,9.4200,9.4200,9.5400,9.1700,9.4500,2616831,24352791.0000,2872
20240923,688311,17.3500,17.4300,17.5500,17.0700,17.1000,1100749,19034333.0000,1930
20240923,688312,20.4000,20.2300,20.5500,20.0600,20.2400,478631,9697116.0000,744
20240923,688313,8.3200,8.3100,8.4800,8.2200,8.3900,3762120,31612253.0000,4669
20240923,688314,22.8500,22.9700,23.0600,22.3000,22.7300,418588,9526135.0000,1449
20240923,688315,9.1100,9.1700,9.3600,9.0500,9.1300,2198457,20136376.0000,5201
20240923,688316,24.1000,24.0000,24.3900,23.8500,24.0800,432240,10421162.0000,1357
20240923,688317,14.2600,14.4000,14.4000,14.1900,14.2800,620315,8841356.0000,810
20240923,688318,91.4800,91.0300,92.0000,88.9200,89.3500,2828949,255931278.0000,7687
20240923,688319,8.1900,8.2400,8.3000,8.1100,8.1500,551342,4513723.0000,992
20240923,688320,22.1800,22.0100,22.3800,21.7000,22.0100,1089985,24017986.0000,1599
20240923,688321,15.2800,15.3500,15.5900,15.1500,15.2600,1444367,22150572.0000,3838
20240923,688322,21.9500,21.8500,22.3000,21.3800,21.5300,2310333,50222983.0000,4827
20240923,688323,9.1700,9.2700,9.4200,9.0900,9.2100,1019462,9405897.0000,1186
20240923,688325,30.1800,30.0200,30.4100,29.7900,29.8000,376198,11320285.0000,896
20240923,688326,61.6000,61.0000,65.5000,60.9900,64.5000,1269301,80323819.0000,3834
20240923,688327,7.7200,7.9000,7.9000,7.6800,7.7400,10620939,82667765.0000,10965
20240923,688328,11.7300,11.8400,11.9000,11.5800,11.7300,1063119,12532483.0000,2315
20240923,688329,12.0100,12.0200,12.2900,11.9600,12.1100,327524,3970927.0000,757
20240923,688330,19.9800,20.0100,20.1000,19.8600,19.9600,759545,15182318.0000,2148
20240923,688331,22.9500,22.8100,23.8500,22.3700,22.5900,3194640,73641792.0000,11741
20240923,688332,44.6600,44.6600,45.6300,44.2700,45.0900,418373,18886394.0000,1424
20240923,688333,37.7600,37.6000,39.0200,37.4300,38.5000,2764225,106551062.0000,6796
20240923,688334,14.7100,14.6500,14.8300,14.5600,14.6600,1200026,17640047.0000,1815
20240923,688335,7.4800,7.5800,7.6300,7.4400,7.5500,167609,1266018.0000,345
20240923,688336,18.2300,18.3700,18.3700,16.5000,16.7800,4873668,84399310.0000,10299
20240923,688337,24.6100,24.6700,24.8800,23.6600,23.9800,564494,13642255.0000,1710
20240923,688338,20.0800,20.0100,20.2100,19.9400,20.0100,357571,7168104.0000,573
20240923,688339,19.1300,19.1100,19.2100,18.7300,18.8400,1295350,24499021.0000,2761
20240923,688343,21.4600,21.3600,21.4900,20.8200,20.9700,3093225,65299654.0000,6262
20240923,688345,13.0700,13.1500,13.2600,12.9200,13.0800,287743,3770111.0000,732
20240923,688347,27.5100,27.6000,27.9500,27.4800,27.5700,2980913,82599664.0000,5223
20240923,688348,42.2000,41.5000,42.1500,40.7300,40.8500,2101455,86593922.0000,6448
20240923,688349,22.7600,22.8800,22.8800,21.9400,21.9400,1447040,32170629.0000,4896
20240923,688350,9.4900,9.6000,9.6300,9.4100,9.5900,258593,2472619.0000,549
20240923,688351,16.8000,17.1800,17.1800,16.4000,16.4500,2280325,38032166.0000,9048
20240923,688352,8.3400,8.3400,8.4600,8.2600,8.3000,3262735,27218676.0000,5267
20240923,688353,15.1900,15.1300,15.3700,14.9700,15.3100,476646,7260160.0000,826
20240923,688355,13.2400,13.1300,13.3000,13.0300,13.2300,498944,6590091.0000,1158
20240923,688356,45.5700,46.3000,46.6400,45.3500,45.5600,215079,9868454.0000,890
20240923,688357,19.3800,19.4100,19.4400,19.1400,19.4000,274408,5305246.0000,606
20240923,688358,19.3600,19.3500,19.5200,19.1700,19.3300,282406,5469484.0000,991
20240923,688359,25.7100,25.6900,25.6900,24.7200,25.1600,965784,24240748.0000,2223
20240923,688360,11.7500,11.7000,11.8000,11.5800,11.6300,1096511,12794205.0000,3091
20240923,688361,49.2200,48.6200,49.0700,46.7700,47.4800,3974054,189156653.0000,10327
20240923,688362,16.4900,16.6300,16.9400,16.3100,16.7800,2547332,42552234.0000,5539
20240923,688363,45.6600,45.9800,46.1900,45.3800,45.4000,790211,36132629.0000,2675
20240923,688365,5.7400,5.6800,5.9400,5.6200,5.8400,6932592,40193891.0000,7159
20240923,688366,58.8500,58.6500,58.7900,55.5400,56.0200,763979,43504656.0000,2628
20240923,688367,11.3100,11.3400,11.4800,11.2500,11.3700,290404,3309035.0000,776
20240923,688368,48.5800,48.1200,48.9700,47.8000,47.8300,280291,13498256.0000,1197
20240923,688369,12.7600,12.8000,13.0900,12.6200,12.8500,2073073,26752364.0000,4309
20240923,688370,15.5600,15.5100,15.6900,15.4400,15.6000,117487,1832575.0000,394
20240923,688371,9.1700,9.0900,9.3700,9.0600,9.1100,1392657,12760476.0000,3437
20240923,688372,36.2600,36.1600,38.4200,35.8000,37.8500,1972762,74462838.0000,4959
20240923,688373,3.7100,3.7300,3.7700,3.6800,3.6900,2580299,9579799.0000,3254
20240923,688375,33.9200,33.6700,35.2800,33.6700,34.5900,1344871,46760069.0000,4436
20240923,688376,26.5000,26.6000,26.6000,25.6100,25.6900,809795,21026543.0000,1916
20240923,688377,10.6200,10.6900,11.2000,10.4500,10.7500,3108422,34066573.0000,2991
20240923,688378,13.3500,13.3300,13.6800,13.1900,13.4000,1962411,26423032.0000,5277
20240923,688379,13.8800,13.9500,14.1000,13.8200,13.9500,398540,5568158.0000,1094
20240923,688380,17.2100,17.2100,17.3400,16.8200,16.8600,3926147,66787615.0000,5146
20240923,688381,14.8300,14.7600,15.0000,14.6200,14.7500,922204,13640296.0000,2493
20240923,688382,7.5000,7.5200,7.6700,7.0700,7.0800,6021531,43826085.0000,8755
20240923,688383,39.0600,39.3400,39.7200,38.4200,38.7400,472756,18369727.0000,2236
20240923,688385,24.2700,24.2800,24.5000,23.6700,23.6800,4033201,96644298.0000,8496
20240923,688386,24.2900,24.2400,24.4300,23.9800,24.2100,124026,2999044.0000,392
20240923,688387,5.4100,5.4500,5.5000,5.3800,5.4400,9811822,53432487.0000,13394
20240923,688388,8.3800,8.3600,8.4600,8.2900,8.3500,3291513,27517743.0000,5168
20240923,688389,12.4600,12.4400,12.6400,12.3600,12.5400,2618727,32720424.0000,6614
20240923,688390,42.1000,42.0000,42.6800,40.8600,40.9900,6515943,270999132.0000,14742
20240923,688391,25.1100,25.3900,25.3900,24.9100,25.1100,233133,5865096.0000,526
20240923,688392,28.2400,28.2200,28.7200,27.7800,27.9400,444926,12529564.0000,1475
20240923,688393,14.3000,14.2300,14.4700,14.2200,14.3400,222584,3203894.0000,496
20240923,688395,12.9100,13.0100,13.1200,12.8900,12.9600,237400,3087241.0000,691
20240923,688396,34.3600,34.2800,34.5500,33.9100,34.1500,1758918,60120576.0000,5221
20240923,688398,11.5100,11.6000,11.6500,11.4100,11.4900,679111,7809246.0000,1149
20240923,688399,79.8000,79.3000,80.7800,79.0500,80.1500,332531,26606655.0000,1139
20240923,688400,16.1800,16.0900,16.4300,15.9600,16.1500,1730928,27962043.0000,3741
20240923,688401,19.1100,18.9600,19.4200,18.7300,18.9900,1664117,31776536.0000,2447
20240923,688403,6.5500,6.5500,6.6100,6.4600,6.5100,2679487,17509020.0000,3331
20240923,688408,66.9000,66.8000,67.5200,63.4000,64.0000,2462205,158776080.0000,8628
20240923,688409,32.3400,32.2800,32.5000,31.3200,31.3200,1862274,59176462.0000,4462
20240923,688410,7.8000,7.8000,7.9100,7.7300,7.8200,1981400,15514344.0000,3362
20240923,688416,20.8400,20.9400,21.2000,20.5700,20.8700,813636,17030737.0000,3461
20240923,688418,14.4200,14.4400,15.0800,14.2900,14.6300,4271343,63255495.0000,5032
20240923,688419,21.5100,21.3600,21.6500,21.0600,21.1400,451650,9619550.0000,1359
20240923,688420,17.9500,18.2900,18.2900,17.8800,18.1900,74424,1348303.0000,304
20240923,688425,3.3700,3.3700,3.3900,3.3500,3.3800,9020335,30457108.0000,5907
20240923,688426,16.6200,16.5000,17.0500,16.3700,16.5800,361552,6054597.0000,768
20240923,688428,11.3300,11.3100,11.4200,9.9000,9.9800,14282208,148171303.0000,17422
20240923,688429,18.8600,19.0600,19.0600,17.0600,17.1500,1399743,24842178.0000,2406
20240923,688432,8.7900,8.7900,8.9000,8.6600,8.8500,1186976,10492305.0000,2832
20240923,688433,14.5500,14.6700,14.7300,14.3000,14.3400,482974,6996783.0000,1433
20240923,688435,19.8700,20.0100,20.1500,19.7600,19.9900,555543,11086896.0000,1590
20240923,688439,42.1700,42.1000,42.6600,41.9100,42.1000,817808,34544746.0000,2321
20240923,688443,22.4800,22.4700,22.7700,22.1700,22.4400,1131895,25426105.0000,4379
20240923,688448,15.5300,15.3900,15.7000,15.3000,15.4200,370194,5734866.0000,963
20240923,688450,17.8300,17.9500,18.2500,17.6300,17.9500,106540,1923593.0000,323
20240923,688455,8.0600,8.0500,8.2500,7.9700,8.1000,356454,2896879.0000,566
20240923,688456,26.9500,27.0000,27.0000,25.9400,26.6100,546088,14455509.0000,1199
20240923,688458,20.6500,20.6300,20.9300,20.4900,20.4900,284339,5863317.0000,643
20240923,688459,8.3000,8.2200,8.5000,8.2000,8.2200,535260,4432163.0000,584
20240923,688466,10.6500,10.5400,10.7900,10.5400,10.7000,184464,1969875.0000,456
20240923,688468,5.4000,5.3800,5.4700,5.3800,5.4100,1694352,9180435.0000,3388
20240923,688469,3.4500,3.4200,3.4300,3.3500,3.3600,30661943,103418903.0000,11945
20240923,688472,11.2500,11.1800,11.3500,10.7900,10.9000,20703614,227213201.0000,23895
20240923,688475,25.0800,24.9700,25.5400,24.8700,25.1800,1210844,30501583.0000,3338
20240923,688478,21.7400,21.7000,21.8700,21.0200,21.1000,1341081,28727637.0000,2554
20240923,688479,14.3100,14.2100,14.4800,14.2100,14.3900,215000,3094840.0000,632
20240923,688480,22.7200,22.7200,22.8400,22.3900,22.5200,231818,5242585.0000,752
20240923,688484,25.7400,25.7600,26.0500,25.4800,25.5200,2077032,53322482.0000,5750
20240923,688485,8.1000,8.0400,8.1200,8.0100,8.0700,328612,2651377.0000,489
20240923,688486,42.7100,41.8800,41.9000,39.4300,40.4800,1037208,42041605.0000,2521
20240923,688488,6.6700,6.7500,6.8400,6.6000,6.6600,4297133,28723924.0000,8643
20240923,688489,27.9100,27.7700,27.9200,26.6700,26.8400,1415911,38400830.0000,2945
20240923,688496,6.4200,6.4200,6.5600,6.3200,6.4300,1820679,11743708.0000,3359
20240923,688498,87.8500,86.4900,89.8700,85.8100,86.7300,2113799,186346099.0000,6761
20240923,688499,17.3700,17.3100,17.6500,17.1500,17.2700,918142,15948719.0000,1807
20240923,688500,30.1200,30.1300,30.3900,29.3500,29.9200,497749,14830150.0000,917
20240923,688501,10.7000,10.6700,10.8500,10.5800,10.7400,785624,8438490.0000,1526
20240923,688502,73.7000,72.9700,73.2500,70.1000,70.8000,821422,58896442.0000,2580
20240923,688503,24.9100,24.7300,25.1900,24.1500,24.4400,1819671,44434775.0000,4638
20240923,688505,6.5000,6.5200,6.7200,6.4500,6.4600,1849759,12111313.0000,2852
20240923,688506,157.9900,158.9600,158.9600,152.9000,154.4500,1004892,155534785.0000,3919
20240923,688507,41.3200,41.3200,43.1400,40.4100,42.9600,843901,35328396.0000,2185
20240923,688508,29.5200,29.4400,30.0700,29.1100,29.6300,834734,24789569.0000,2415
20240923,688509,2.9100,2.8900,2.9400,2.8700,2.9200,7173089,20895259.0000,4827
20240923,688510,13.1400,12.9700,13.2400,12.9000,13.1000,1549876,20334820.0000,4129
20240923,688511,9.8900,9.9900,10.0500,9.8000,9.9600,884839,8814133.0000,2162
20240923,688512,6.3000,6.3200,6.4200,6.2300,6.3300,2298405,14594444.0000,2977
20240923,688513,32.6900,32.6500,32.9000,31.6800,32.2600,428267,13733494.0000,1290
20240923,688515,52.5200,52.6000,55.7300,51.9900,54.7500,1122610,60770011.0000,3041
20240923,688516,33.6000,33.3000,33.8600,33.2300,33.4000,3419192,114483850.0000,7468
20240923,688517,11.7800,11.7800,12.0400,11.7200,11.9300,1353574,16105278.0000,2634
20240923,688518,11.7300,11.6300,11.9100,11.5900,11.8100,2959270,34881271.0000,4512
20240923,688519,17.3800,17.3100,17.7300,17.0000,17.3800,783679,13661040.0000,2703
20240923,688520,32.1300,32.1300,32.5800,31.2700,31.3200,1538164,48773365.0000,3589
20240923,688521,25.3500,25.3000,25.6900,24.7200,24.7900,2754198,69204050.0000,6698
20240923,688522,37.6300,37.3500,38.0900,36.6000,36.9400,1624917,60406767.0000,3372
20240923,688523,15.7400,15.7500,16.0500,15.6300,15.6600,1161691,18400023.0000,1862
20240923,688525,40.8000,40.8000,41.4900,40.2200,40.4000,6799386,277362843.0000,15797
20240923,688526,11.3300,11.3200,11.4800,11.1900,11.2600,871737,9834705.0000,1961
20240923,688528,6.7500,6.7700,6.9700,6.6600,6.9300,529119,3650303.0000,938
20240923,688529,10.8700,10.8200,10.9900,10.7400,10.8600,375378,4093192.0000,510
20240923,688530,14.6200,14.6300,14.8900,14.3400,14.3600,1069786,15492585.0000,1444
20240923,688531,38.7900,38.5500,39.0000,38.1000,38.5500,615600,23738110.0000,1433
20240923,688533,21.9600,22.0200,23.5300,21.8300,23.0600,2280938,52028491.0000,4469
20240923,688535,47.4900,47.3000,48.1400,46.6800,47.2000,823411,38953016.0000,3174
20240923,688536,70.4000,69.8000,70.5500,67.8800,68.0900,1190739,82271706.0000,3961
20240923,688538,2.0600,2.0600,2.0700,2.0200,2.0300,29162639,59447086.0000,9254
20240923,688539,19.7800,19.6200,19.8100,19.5200,19.6400,446791,8781929.0000,1279
20240923,688543,35.2900,35.0400,36.0200,35.0000,35.6100,642168,22925058.0000,1442
20240923,688548,7.1100,7.0800,7.1600,7.0700,7.0900,1032524,7350176.0000,1434
20240923,688549,5.0700,5.0700,5.1000,5.0400,5.0400,4006253,20281910.0000,2698
20240923,688550,18.4800,18.5700,18.7900,18.3400,18.5400,1527269,28336600.0000,4388
20240923,688551,23.5300,23.5600,23.7700,23.3000,23.5400,369568,8716861.0000,1028
20240923,688552,12.7000,12.7100,13.0400,12.6600,12.8400,866812,11147758.0000,1181
20240923,688553,10.0700,10.1100,10.2200,10.0400,10.0500,709076,7157406.0000,1448
20240923,688556,9.5600,9.5600,9.6300,9.4500,9.4700,3975313,37807836.0000,4296
20240923,688557,14.7800,14.7800,15.0000,14.6800,14.8600,213232,3177748.0000,650
20240923,688558,15.2000,15.2000,15.4300,15.1100,15.2600,277283,4226958.0000,655
20240923,688559,26.4000,26.1400,26.5900,25.8200,25.8400,1955691,51043108.0000,2968
20240923,688560,10.4500,10.4100,10.6100,10.3200,10.5800,1285721,13485985.0000,1921
20240923,688561,21.4400,21.4400,22.0900,21.3300,21.8800,2975000,65133247.0000,5924
20240923,688562,12.5500,12.5900,12.8700,12.5000,12.5500,1249343,15833776.0000,1918
20240923,688563,45.5800,45.4000,45.6000,44.6100,44.9900,339135,15274526.0000,1178
20240923,688565,4.2700,4.2400,4.3200,4.2100,4.2600,598108,2554202.0000,630
20240923,688566,18.9100,18.8000,19.1600,18.6500,18.7100,675140,12706235.0000,1378
20240923,688567,8.8000,8.7900,8.9000,8.6500,8.6800,3613774,31558497.0000,6669
20240923,688568,28.5200,28.4500,28.8600,27.6800,27.9400,3951674,111516350.0000,8127
20240923,688569,17.9800,17.8100,18.5300,17.7200,18.3600,500108,9137870.0000,993
20240923,688570,14.8300,14.8800,15.0100,14.7300,14.9200,475481,7086871.0000,686
20240923,688571,4.8000,4.8000,4.8200,4.7700,4.7900,1508319,7234330.0000,2855
20240923,688573,12.8900,12.9900,13.0500,12.7500,12.8100,572425,7373549.0000,1436
20240923,688575,20.5000,20.8100,20.8600,20.1200,20.4500,2248888,45714879.0000,9212
20240923,688576,53.5400,53.5400,54.3000,52.7800,53.5600,350419,18777764.0000,905
20240923,688577,27.9900,27.8900,28.7900,27.3100,27.6700,376868,10474796.0000,1144
20240923,688578,40.9800,41.1000,41.3500,39.8200,40.3300,3569968,144205965.0000,12047
20240923,688579,7.2500,7.2600,7.4700,7.2000,7.4000,3832124,28295207.0000,4999
20240923,688580,20.8900,20.8900,21.2600,20.7000,20.8100,231869,4846681.0000,672
20240923,688581,48.2000,48.5000,48.6900,47.7300,48.4600,292312,14093441.0000,804
20240923,688582,32.3700,32.0900,32.6100,31.3000,31.6500,2298490,73070650.0000,4064
20240923,688584,12.8700,12.9100,12.9800,12.8300,12.8500,431229,5561988.0000,714
20240923,688585,5.1000,5.1300,5.1600,5.0500,5.0900,860147,4393679.0000,1280
20240923,688586,7.4500,7.4300,7.5200,7.4000,7.4200,3140359,23352501.0000,5436
20240923,688588,7.0400,7.0600,7.2700,7.0100,7.1500,4380004,31494741.0000,8241
20240923,688589,18.3300,18.4300,18.6500,18.2500,18.4600,732678,13518046.0000,1708
20240923,688590,10.0500,10.1500,10.3800,9.9400,10.1800,6134840,62644053.0000,7579
20240923,688591,15.8000,15.9100,16.0000,15.6300,15.8100,1200214,19027797.0000,1790
20240923,688592,29.1300,29.0000,30.4900,28.6900,30.0200,498442,14781545.0000,1226
20240923,688593,9.2200,9.2400,10.1000,9.2400,9.7800,6562420,64499379.0000,5367
20240923,688595,23.0800,23.1700,23.7100,22.8200,23.2800,1722471,40283418.0000,3977
20240923,688596,24.6200,24.7500,25.0900,23.8200,23.8500,2362360,57359024.0000,5364
20240923,688597,7.6600,7.6400,7.8400,7.5900,7.7400,1596546,12355098.0000,4186
20240923,688598,14.7900,14.7600,14.9500,14.6500,14.8000,3486403,51656383.0000,4893
20240923,688599,16.1000,16.0900,16.2000,15.9100,16.0400,8668328,138858971.0000,10749
20240923,688600,12.2700,12.5600,12.5600,12.1200,12.1500,288262,3532075.0000,554
20240923,688601,32.2500,32.2500,32.9900,31.8200,32.7200,2291279,74862016.0000,3717
20240923,688602,5.9700,5.9900,6.0400,5.9200,5.9900,1252283,7515660.0000,1111
20240923,688603,58.2800,58.7600,59.3900,57.3100,58.5600,373262,21824732.0000,773
20240923,688606,56.0500,55.5800,56.7400,55.4100,55.4800,209174,11645535.0000,1060
20240923,688607,10.1400,10.1500,10.2900,10.0100,10.1100,630984,6409021.0000,1394
20240923,688608,144.7700,144.9500,151.6500,143.5000,149.5000,1438101,213229176.0000,7359
20240923,688609,8.4100,8.4900,8.7600,8.4100,8.4800,26519453,226712044.0000,23448
20240923,688610,26.6500,26.7600,27.1200,26.6600,26.8800,82188,2209737.0000,231
20240923,688611,27.5000,27.5000,28.0600,27.1200,27.8700,691557,19199263.0000,1209
20240923,688612,18.2900,18.2000,18.2100,17.7100,17.7800,1532456,27376270.0000,2455
20240923,688613,13.0800,13.1700,13.1700,12.9500,13.0600,863768,11251684.0000,1454
20240923,688616,7.2700,7.2700,7.3600,7.1900,7.2300,962234,6992244.0000,1648
20240923,688617,335.3800,333.0000,336.5700,321.1500,321.8600,685255,223884096.0000,4092
20240923,688618,17.2800,17.3200,17.7200,17.1500,17.5500,470135,8242538.0000,1338
20240923,688619,5.9000,5.8900,6.0000,5.7800,5.9100,1135404,6717680.0000,1960
20240923,688620,6.5700,6.5300,6.6900,6.5000,6.6200,851173,5648107.0000,897
20240923,688621,29.3000,30.3000,30.5800,29.1000,29.2200,2936998,87520595.0000,6891
20240923,688622,17.4500,17.5600,18.5800,17.3400,18.3300,704721,12847472.0000,1194
20240923,688623,45.8800,45.9400,48.4900,45.9300,47.3800,216315,10261069.0000,718
20240923,688625,30.0700,30.0700,30.4700,29.7500,29.8300,200445,6002413.0000,460
20240923,688626,22.1100,21.8700,22.2500,21.7100,21.8500,331284,7262608.0000,1210
20240923,688627,38.6000,38.2500,38.8800,37.8700,38.2000,439821,16892763.0000,1639
20240923,688628,27.7000,27.3800,27.6300,26.8300,27.1200,549179,14894071.0000,1415
20240923,688629,18.5000,18.5000,20.0000,18.3400,19.5600,12487732,242533154.0000,21163
20240923,688630,50.1900,49.9900,50.7400,48.3500,48.4800,1279862,63240817.0000,3781
20240923,688631,49.3800,49.3800,50.4900,48.8000,49.4500,1484471,73988166.0000,4021
20240923,688633,16.9500,17.0300,17.0900,16.7800,17.0700,273740,4630184.0000,464
20240923,688636,18.9900,18.4800,18.4800,16.8400,17.0100,4633571,80722463.0000,7913
20240923,688638,21.2000,21.4000,21.4300,21.0700,21.1300,139003,2949322.0000,358
20240923,688639,27.1200,27.1100,27.5400,26.5200,26.6000,1899539,51182581.0000,6769
20240923,688646,23.0700,23.0700,23.1500,22.8100,22.8500,355700,8161443.0000,713
20240923,688648,18.0200,18.0100,18.0800,17.7400,17.8100,539309,9654280.0000,692
20240923,688651,24.6000,24.6100,25.3800,24.4600,24.9300,542323,13513706.0000,994
20240923,688652,37.2000,37.4900,37.5900,35.2600,35.4300,1212218,43948874.0000,2975
20240923,688653,10.1700,10.2100,10.5900,10.0000,10.3300,2115043,21980973.0000,2322
20240923,688655,8.4800,8.4900,8.6300,8.3800,8.5400,1146825,9808686.0000,2395
20240923,688656,21.8400,21.5000,22.2600,21.3200,22.1500,225896,4973757.0000,911
20240923,688657,28.6100,28.2200,29.2000,28.1800,28.7600,219395,6339072.0000,724
20240923,688658,15.3100,15.3100,15.7500,15.1700,15.3000,3524920,54503701.0000,7336
20240923,688659,5.2400,5.2600,5.3000,5.1500,5.2300,1100734,5746940.0000,2318
20240923,688660,3.0500,3.0300,3.0500,3.0100,3.0200,2505166,7589169.0000,2465
20240923,688661,20.7200,20.7600,21.1300,20.4500,20.7000,800897,16636180.0000,2462
20240923,688662,20.6100,20.5500,21.0400,20.3300,20.6300,352623,7298696.0000,1301
20240923,688663,16.3700,16.3600,16.6500,16.1900,16.4200,894069,14732219.0000,2255
20240923,688665,24.8800,24.8500,25.8800,24.6100,25.3100,656288,16707217.0000,1404
20240923,688667,30.6500,30.6600,31.7900,30.1300,30.2200,276812,8483995.0000,1086
20240923,688668,32.3800,32.5800,32.7600,31.7700,31.7900,2025305,65255348.0000,5236
20240923,688669,9.5500,9.4500,9.6700,9.4400,9.5300,371647,3553015.0000,869
20240923,688670,9.5100,9.4900,9.6600,9.4100,9.5500,566031,5409650.0000,930
20240923,688671,14.3600,14.3300,14.4400,14.1400,14.2100,357129,5122469.0000,664
20240923,688676,29.0900,29.0000,30.3300,28.8400,28.9000,5376767,158107654.0000,14805
20240923,688677,26.1200,26.1200,26.4900,25.7600,25.8400,566881,14739796.0000,1846
20240923,688678,8.7000,8.6100,8.8500,8.6100,8.7100,1398972,12220300.0000,2738
20240923,688679,6.2100,6.2100,6.2900,6.1400,6.2500,459955,2867730.0000,893
20240923,688680,23.4900,23.4800,23.7700,23.1200,23.2100,831517,19442378.0000,2360
20240923,688681,8.9800,8.9900,9.0800,8.8900,9.0100,879645,7907339.0000,2115
20240923,688682,24.9000,24.9000,25.3800,24.7100,24.9400,406129,10192341.0000,1225
20240923,688683,12.9800,12.7900,13.1600,12.6600,12.7000,490848,6315226.0000,840
20240923,688685,28.0800,28.2200,28.4000,27.5600,28.0100,957390,26671846.0000,3175
20240923,688686,43.3200,43.1000,44.2600,42.7600,43.4600,613501,26795923.0000,2994
20240923,688687,19.6200,19.6200,20.2800,19.4300,19.8000,2481115,49325396.0000,4447
20240923,688689,16.1800,16.1100,16.4300,15.9800,16.2200,612763,9942130.0000,1755
20240923,688690,13.3800,13.6800,13.8300,13.2900,13.5000,2558075,34673751.0000,5429
20240923,688691,33.0300,33.0200,33.6800,32.5800,33.2300,821568,27266722.0000,2003
20240923,688692,248.0100,248.2200,259.2500,245.0900,249.0100,844567,212795507.0000,4115
20240923,688693,22.4900,22.4800,22.7600,22.1000,22.4500,752467,16920164.0000,1657
20240923,688695,24.6000,24.6000,25.7800,24.5900,24.9000,1373694,34581569.0000,3132
20240923,688696,51.8500,51.6000,52.9200,51.2300,52.1000,460437,24037881.0000,2072
20240923,688697,13.0700,13.1000,13.1700,12.9300,13.0400,771735,10074868.0000,1785
20240923,688698,22.2500,22.2500,22.5500,21.9700,22.0500,994968,22148518.0000,3226
20240923,688699,23.2200,22.5800,23.1500,22.3100,22.6500,1382252,31555101.0000,2238
20240923,688700,17.4000,17.7400,17.7400,16.9900,17.0600,2229740,38268786.0000,6126
20240923,688701,4.1300,4.1500,4.1800,4.0800,4.1300,1179268,4878040.0000,1241
20240923,688702,33.2300,32.8700,33.6300,32.5900,33.0000,662457,21990862.0000,2526
20240923,688707,8.0000,7.9700,8.1000,7.8900,7.9200,3477746,27781313.0000,4867
20240923,688709,13.6600,13.7000,13.8400,13.5600,13.7600,1354321,18616519.0000,1820
20240923,688710,23.4100,24.5000,25.1500,23.6000,23.6000,5805290,141942382.0000,8030
20240923,688711,11.9000,11.9000,12.1000,11.7200,11.8200,1840530,21874160.0000,4555
20240923,688716,15.9600,16.2100,16.2200,15.7600,15.8500,326721,5198172.0000,579
20240923,688717,58.4800,57.9700,59.1700,54.3400,55.0200,2264680,127252436.0000,7920
20240923,688718,7.6600,7.6600,7.8300,7.5900,7.7200,479426,3696337.0000,873
20240923,688719,20.7200,20.5600,20.9500,20.3400,20.7100,110481,2294765.0000,366
20240923,688720,29.2700,29.2300,29.6500,28.7100,28.8400,776496,22650080.0000,2258
20240923,688721,25.0400,25.0000,25.2500,24.7200,25.1500,1438708,36061909.0000,2629
20240923,688722,9.7700,9.7600,9.8600,9.7000,9.7500,308794,3019787.0000,448
20240923,688728,10.6300,10.5700,10.7200,10.3500,10.3500,7005634,73188783.0000,10717
20240923,688733,13.2200,13.1900,13.4200,13.0200,13.1300,1256822,16593694.0000,3168
20240923,688737,12.0500,12.0300,12.1700,11.9400,12.0100,777751,9379297.0000,1669
20240923,688739,22.5500,22.5400,22.7300,22.3500,22.3700,619539,13942824.0000,1772
20240923,688766,57.3400,56.7800,58.5300,56.3500,56.9500,1934615,110572503.0000,7060
20240923,688767,24.7500,24.6700,24.9100,24.6400,24.7600,142698,3536025.0000,421
20240923,688768,23.3300,23.5800,23.6600,23.0600,23.1400,398168,9272770.0000,1077
20240923,688772,13.4900,13.5000,13.6000,13.1400,13.1700,5391899,71689537.0000,8836
20240923,688776,36.2500,36.2500,36.7600,35.9800,36.3000,787603,28710772.0000,3259
20240923,688777,38.0500,38.4500,39.6000,38.0000,38.7200,7985778,312016691.0000,15370
20240923,688778,25.9800,26.0000,26.1600,25.3800,25.4000,1267352,32532204.0000,3869
20240923,688779,4.2800,4.2700,4.3300,4.2300,4.2800,8222506,35170478.0000,5858
20240923,688786,18.6000,18.7100,18.9700,18.5300,18.7700,273601,5150824.0000,658
20240923,688787,42.7100,42.6800,43.3000,41.8400,42.5500,700435,29925546.0000,2146
20240923,688788,21.6600,21.7900,22.0500,21.5200,21.8100,306830,6694660.0000,521
20240923,688789,62.4100,61.9000,64.0000,60.0600,60.4000,1071038,65857400.0000,5146
20240923,688793,31.5500,31.5500,31.5500,30.6000,31.0500,419044,12990865.0000,1220
20240923,688798,40.3100,40.3500,41.4800,40.0200,40.3700,1008307,40987943.0000,3789
20240923,688799,39.0000,39.4800,39.4800,38.0500,38.2500,319676,12337708.0000,838
20240923,688800,19.8500,20.0000,20.1400,19.4800,19.8500,938429,18664184.0000,3086
20240923,688819,27.3800,27.7300,27.7500,27.0800,27.4500,2113751,58038738.0000,7445
20240923,688981,43.8600,43.9800,44.0500,43.3700,43.4300,9443665,411933389.0000,18190
