tradingday,secucode,preclose,open,high,low,close,vol,amount,deals
20250211,000001,11.4300,11.4000,11.4700,11.3700,11.4200,84452003,963865614.9500,52353
20250211,000002,7.4200,7.4600,7.5400,7.2200,7.2400,173609054,1268761109.8100,88602
20250211,000004,13.9700,14.2500,14.5900,13.6700,13.7000,27032195,379106749.7400,41475
20250211,000006,7.2800,7.2800,7.3500,7.0200,7.0400,30369731,215991561.0000,15415
20250211,000007,6.9100,6.9000,6.9000,6.6900,6.7300,6652300,44914830.0000,6171
20250211,000008,2.7800,2.8000,2.8200,2.7200,2.7500,61359520,168531173.0000,28609
20250211,000009,8.5400,8.5600,8.6600,8.3600,8.4200,22898508,192611301.3500,23336
20250211,000010,2.9800,3.0000,3.0000,2.9200,2.9300,16749500,49205335.0000,6183
20250211,000011,8.4800,8.5200,8.5400,8.3200,8.3500,3228400,26984159.0000,4052
20250211,000012,5.0300,5.0500,5.0500,4.9800,5.0100,10780381,53918642.0600,9529
20250211,000014,10.7400,10.6900,10.8600,10.3800,10.4500,6267562,65690648.4800,7554
20250211,000016,4.9600,4.9800,5.0800,4.8700,4.8900,109631808,543435388.0800,50791
20250211,000017,5.9400,5.9900,6.1200,5.9000,6.0600,24091731,145439498.9300,23759
20250211,000019,6.6400,6.6600,6.6800,6.5800,6.6100,4274210,28309698.8000,8459
20250211,000020,13.4200,13.4200,13.5800,13.2500,13.3500,2540600,33948226.0000,5798
20250211,000021,20.5300,20.3800,20.4000,20.0300,20.1000,53642364,1082734018.5300,68428
20250211,000025,16.5000,16.4800,17.4000,16.3200,16.8800,15142289,256932408.7600,29915
20250211,000026,10.3700,10.4000,10.5500,10.3600,10.4900,5676378,59322234.6000,9400
20250211,000027,6.2300,6.2600,6.2600,6.1800,6.2400,11534234,71661332.0500,8609
20250211,000028,26.3500,26.4500,26.4600,26.0000,26.2300,3400845,89025694.6500,7323
20250211,000029,15.5700,15.6700,15.9100,15.1200,15.2500,11544557,177441297.2900,23846
20250211,000030,5.3700,5.3700,5.4500,5.3300,5.4300,13754850,74118932.3200,15643
20250211,000031,2.8000,2.8200,2.8400,2.7200,2.7300,18533201,50858789.7200,12247
20250211,000032,20.1100,19.7300,21.7300,19.5000,20.2900,102553420,2100425010.8500,128516
20250211,000034,43.8700,43.8700,46.4900,43.3500,43.7000,164315314,7355762850.4300,274122
20250211,000035,4.5800,4.5900,4.5900,4.4800,4.5200,30141152,136027308.0000,19064
20250211,000036,4.0800,4.1100,4.1600,4.0100,4.0900,28292838,115294933.8100,16655
20250211,000037,7.9400,7.9700,7.9700,7.7900,7.8100,5552400,43470968.0000,6505
20250211,000039,8.0500,8.0700,8.2800,8.0600,8.1400,41530000,339053020.1400,39824
20250211,000040,0.8600,0.8600,0.8600,0.8600,0.8600,0,0.0000,0
20250211,000042,5.5500,5.5800,5.7600,5.5500,5.6600,20131900,113655395.0000,14088
20250211,000045,10.9700,10.9500,11.0000,10.8500,10.9100,5499301,59959479.9200,9473
20250211,000048,15.7200,15.7700,15.8500,15.2100,15.3000,5762825,88696952.0000,10846
20250211,000049,23.6700,23.7400,23.8400,23.4200,23.7400,3877466,91637816.8500,11083
20250211,000050,9.0300,9.0700,9.1000,8.9400,9.0600,14748420,133093410.4400,24482
20250211,000055,4.1400,4.1500,4.1800,4.1100,4.1500,9679850,40171185.5000,4825
20250211,000056,3.0800,3.1400,3.3900,3.1000,3.3900,193342882,636170126.8100,59773
20250211,000058,8.3400,8.3500,8.3700,8.1100,8.1600,10792500,88179927.0000,14205
20250211,000059,4.7800,4.7700,4.8200,4.6500,4.7400,18255701,85992424.6500,17373
20250211,000060,4.8000,4.8000,4.8500,4.7800,4.8100,41538782,199881720.4400,25230
20250211,000061,7.0200,7.0900,7.1700,6.9500,7.0000,9202430,64692653.8000,16032
20250211,000062,24.6800,25.0000,25.7900,24.8200,24.8600,76127297,1920649440.0400,149128
20250211,000063,42.2500,42.0100,42.3100,41.4100,41.6300,159099342,6642569758.1400,228950
20250211,000065,9.8000,9.9200,9.9200,9.7300,9.7900,6760666,66050137.9100,8558
20250211,000066,16.0500,16.1000,16.1000,15.3000,15.3600,226464555,3509921562.5800,262467
20250211,000068,3.6200,3.6200,3.6300,3.5200,3.5300,16255861,57571834.7400,10664
20250211,000069,2.5400,2.5500,2.5600,2.4500,2.4700,43489200,107729850.0000,16305
20250211,000070,5.8200,5.8100,5.9500,5.7800,5.8500,10061696,58877922.7200,3051
20250211,000078,2.5400,2.5400,2.5400,2.4700,2.5000,17846324,44503251.1600,6312
20250211,000088,4.7400,4.7500,4.7600,4.7200,4.7500,6797573,32194364.7100,8825
20250211,000089,6.8400,6.8600,6.8700,6.8300,6.8600,8937900,61204201.0000,9512
20250211,000090,4.0000,4.0100,4.0200,3.9300,3.9400,14848216,58689611.2000,14077
20250211,000096,12.1800,12.1900,12.3500,12.0300,12.2600,7582900,92411086.8000,5428
20250211,000099,25.3900,25.3000,26.2300,24.8000,25.5400,51282401,1309410586.3600,101982
20250211,000100,5.0500,5.0500,5.0500,4.9500,4.9600,323897514,1617564717.4400,108013
20250211,000151,14.1000,14.0600,14.1200,13.8500,13.8700,5209027,72561250.7600,7621
20250211,000153,6.1900,6.2100,6.2200,6.1000,6.1500,6944740,42656037.8000,8104
20250211,000155,11.2400,11.2400,11.2500,10.9700,11.0000,21534900,238022295.0000,17919
20250211,000156,7.7000,8.0800,8.4700,7.8900,8.4700,83010285,684314587.2200,52079
20250211,000157,7.0900,7.1100,7.1700,7.0500,7.0900,42133562,299055355.8500,31574
20250211,000158,24.6600,24.6600,26.2800,24.1000,24.1500,394848124,9922927991.9500,594600
20250211,000159,5.7600,5.7400,5.8000,5.6000,5.6600,14423500,81596057.0000,8987
20250211,000166,5.1800,5.1700,5.1800,5.0900,5.1300,57683233,295528214.1600,31632
20250211,000301,8.7400,8.7600,8.9500,8.7100,8.8400,12839871,113180866.8400,15672
20250211,000333,73.0100,73.4400,73.8600,72.6100,73.7000,30044016,2200715457.0100,76883
20250211,000338,14.0900,14.1200,14.7800,14.0200,14.4000,149006454,2150438566.3800,108246
20250211,000400,25.3100,25.3400,25.3400,24.7100,25.1400,17141609,428906682.1000,32682
20250211,000401,5.0300,5.0600,5.0700,4.8800,4.9600,12427575,61312579.2200,17772
20250211,000402,3.1900,3.2000,3.2300,3.0800,3.1000,33062308,103013085.5800,11966
20250211,000403,21.7400,21.6900,21.7300,21.4200,21.4700,4561940,98178047.2200,8058
20250211,000404,7.3400,7.3400,7.4000,7.3000,7.3300,10276450,75434288.1400,15161
20250211,000407,3.3400,3.3400,3.3400,3.2800,3.3300,8419107,27883793.1600,7108
20250211,000408,31.9700,32.0000,32.4200,31.8100,31.8600,8861512,283934163.4400,21233
20250211,000409,10.1100,10.0100,10.1400,9.8500,9.9500,27139596,271357345.1100,23266
20250211,000410,6.8700,6.8500,6.8800,6.7400,6.7600,12573301,85208625.4900,9887
20250211,000411,10.7200,10.6800,10.7800,10.5700,10.7400,3274920,35013772.6000,6869
20250211,000415,3.6300,3.6300,3.6500,3.5500,3.5800,89264082,319155660.5000,37471
20250211,000417,5.7400,5.8000,5.8000,5.6400,5.7100,14368300,81781028.0000,18040
20250211,000419,6.0400,6.0400,6.1000,5.8700,5.8900,49308133,291854705.0200,35382
20250211,000420,3.5900,3.5900,3.6000,3.4900,3.5600,42460502,149859827.0400,24303
20250211,000421,6.3500,6.3500,6.3800,6.2200,6.2400,18888002,118141494.1200,12765
20250211,000422,12.0400,12.0400,12.1000,11.8500,12.0600,16912800,202016964.0000,21960
20250211,000423,58.6500,58.6500,58.8600,58.2400,58.3600,3842061,224640619.7400,18294
20250211,000425,7.8600,7.8500,7.9100,7.7800,7.8700,47050253,368990829.4700,43573
20250211,000426,12.9200,12.9800,13.1500,12.8100,12.8700,25765016,333778558.8400,22206
20250211,000428,3.2600,3.2900,3.3000,3.2000,3.2500,15086507,48686512.7100,13358
20250211,000429,12.3000,12.3200,12.6600,12.3000,12.6300,22328752,279319497.4300,34117
20250211,000430,6.8500,6.8400,6.8400,6.6700,6.7400,13232967,89021879.8800,13342
20250211,000488,2.6300,2.6300,2.6800,2.5600,2.5800,36313355,93809826.8000,17582
20250211,000498,5.7400,5.7200,5.7500,5.6600,5.7100,10020100,56990304.0000,10964
20250211,000501,8.6000,8.6600,8.7000,8.5300,8.5700,13028207,111934264.9200,15443
20250211,000503,11.9800,11.8400,11.8800,11.2900,11.4000,50722000,580364974.0000,47607
20250211,000504,9.5300,9.5300,9.5800,9.3300,9.3300,3220145,30252984.3800,5073
20250211,000505,6.0800,6.1000,6.1100,6.0000,6.0500,4767102,28806881.0700,5413
20250211,000506,4.4100,4.5300,4.6300,4.5000,4.6300,31427500,144427225.7900,6177
20250211,000507,5.0600,5.0700,5.1100,5.0500,5.0800,7515482,38176179.7200,4552
20250211,000509,3.4200,3.4200,3.4400,3.3600,3.4200,9898600,33582528.0000,9325
20250211,000510,3.7900,3.7800,3.7800,3.6900,3.7200,9433597,35112590.8800,8476
20250211,000513,36.4200,36.4500,36.5000,35.9700,36.0000,4626714,167047259.0000,13629
20250211,000514,4.2100,4.2200,4.2700,4.1100,4.1500,11166377,46305835.7800,9581
20250211,000516,5.3400,5.3500,5.3500,5.1800,5.2000,22767173,118883114.4500,20821
20250211,000517,2.0200,2.0200,2.0500,1.9700,1.9900,32821800,65316925.0000,13989
20250211,000518,2.6300,2.6300,2.6400,2.5500,2.5800,22455007,57661437.9300,7959
20250211,000519,15.1600,15.1500,15.2000,14.8500,14.8700,22217127,331627580.5300,34202
20250211,000520,4.9200,4.9300,5.0000,4.8600,4.9100,32542815,159882496.5800,20926
20250211,000521,8.0100,8.0300,8.1000,7.9500,8.0100,22826902,183189708.4300,17879
20250211,000523,3.0500,3.0600,3.0700,2.9900,3.0100,15488820,46563613.2000,9189
20250211,000524,9.8100,9.8100,9.8200,9.6800,9.7600,6723700,65501903.0000,8325
20250211,000525,5.8100,5.8000,5.8000,5.7100,5.7500,14197591,81689205.4800,4299
20250211,000526,47.7800,48.0000,49.5000,46.5800,47.0300,7690610,371521621.0200,22233
20250211,000528,11.0100,10.9800,11.1800,10.8100,11.0900,40804866,448545947.5000,44701
20250211,000529,5.8500,5.8300,5.8600,5.7700,5.8200,3247900,18852670.0000,3959
20250211,000530,5.8800,5.8500,6.0000,5.8200,5.8700,48347582,285781770.4200,19452
20250211,000531,6.2900,6.3000,6.3800,6.2200,6.3700,9263147,58717501.1100,5411
20250211,000532,18.9800,18.2000,18.4800,17.6000,17.7600,67774807,1220789795.7100,97112
20250211,000533,6.2400,6.2400,6.6000,6.1800,6.5000,123947501,795267376.4200,83167
20250211,000534,15.2500,15.1500,15.4100,14.9300,15.3200,8779896,133489675.3700,12839
20250211,000536,5.3900,5.3800,5.3800,5.0800,5.1200,229236528,1186216493.4700,147428
20250211,000537,8.6400,8.6100,8.6100,8.4400,8.4500,14214403,120592814.9800,13454
20250211,000538,57.2800,57.2900,57.3300,56.3100,56.3800,10844186,613904950.8000,29460
20250211,000539,4.4800,4.5000,4.5000,4.4200,4.4600,12569264,55917782.8000,13122
20250211,000541,6.1400,6.1200,6.2900,6.1100,6.2400,31923608,198345921.2500,26262
20250211,000543,7.1100,7.1100,7.1300,7.0600,7.1100,25617994,181574657.0000,24449
20250211,000544,8.5300,8.5100,8.5800,8.4700,8.5800,3762030,32101996.5200,7253
20250211,000545,2.2400,2.2400,2.2500,2.1800,2.2000,16059100,35301536.0000,7390
20250211,000546,4.8900,4.8900,4.9000,4.7700,4.8200,14478800,69680063.5600,8690
20250211,000547,7.3800,7.3800,7.3900,7.2400,7.3000,16884483,122950246.9900,19586
20250211,000548,5.4000,5.4000,5.4200,5.3200,5.3800,5992944,32141175.9600,8228
20250211,000550,24.1600,24.1500,24.3400,23.7000,23.8400,6286800,149979770.0000,18089
20250211,000551,12.1200,12.1000,12.1600,11.9800,12.1200,4374933,52768167.1100,9686
20250211,000552,2.6300,2.6400,2.6500,2.6000,2.6300,34917936,91559353.6800,12816
20250211,000553,6.0300,6.0300,6.0500,5.8300,5.9200,7336972,43213306.1900,8119
20250211,000554,5.9800,5.9800,6.0100,5.9400,5.9900,9185168,54885825.9600,6454
20250211,000555,11.9800,11.9800,11.9800,11.6000,11.7700,23934400,281030480.1800,32886
20250211,000557,5.2700,5.3100,5.3100,5.1700,5.2300,10792100,56290141.0000,12602
20250211,000558,3.5000,3.5000,3.5500,3.3900,3.5000,83708062,289105027.4200,45930
20250211,000559,6.3700,6.3600,6.3900,6.2900,6.3500,18312629,115981916.4600,20655
20250211,000560,3.2000,3.2300,3.2500,3.1500,3.1600,98498950,312542909.2000,30914
20250211,000561,8.3500,8.3100,8.3200,8.1700,8.2000,11119097,91253400.4300,11015
20250211,000563,3.6800,3.6700,3.6800,3.6100,3.6500,54741362,199227911.2800,26808
20250211,000564,2.9500,3.0100,3.0600,2.9400,2.9700,927184992,2777098972.0800,235641
20250211,000565,5.5600,5.6000,5.6000,5.4500,5.4800,3299700,18098863.0000,4410
20250211,000566,4.8400,4.8500,5.0500,4.7400,4.8600,38958449,189743756.1400,32382
20250211,000567,6.5800,6.5400,6.6100,6.3500,6.4400,25156023,161417607.1000,29075
20250211,000568,115.7100,115.9500,116.4500,113.6800,114.2800,8184639,935901931.9900,34611
20250211,000570,5.1300,5.1200,5.2100,5.0700,5.1800,10967806,56354728.0200,8844
20250211,000571,3.6600,3.6600,3.8000,3.6000,3.7400,18997168,70409012.9700,12618
20250211,000572,4.2800,4.2800,4.2900,4.1400,4.1600,41459100,173083375.0000,24499
20250211,000573,4.2900,4.2600,4.3600,4.2200,4.3200,66491883,285959026.6100,26438
20250211,000576,7.8700,7.8400,7.8400,7.6700,7.7600,5843700,45219871.0000,8345
20250211,000581,18.2300,18.3000,18.4000,18.0900,18.2900,5440900,99006968.0000,11655
20250211,000582,8.3400,8.3400,8.6400,8.3000,8.5000,30148971,257154141.2400,27062
20250211,000584,2.7700,2.9100,2.9100,2.7700,2.9100,60611872,175354131.0400,8341
20250211,000586,10.1700,10.1400,10.1700,9.9300,10.0600,7355390,73832840.8000,13385
20250211,000589,4.8800,4.8800,4.9300,4.8300,4.8900,26351976,128426109.5800,9921
20250211,000590,7.4200,7.3900,7.4700,7.2100,7.2700,3616900,26346123.0000,5028
20250211,000591,4.6300,4.6500,4.6500,4.5600,4.5800,28794972,132014024.3600,16377
20250211,000592,2.9800,2.9600,3.0100,2.8900,2.9100,106871071,312359841.6100,26146
20250211,000593,5.6000,5.6100,5.6300,5.5300,5.5700,3910835,21778600.6000,4609
20250211,000595,6.0200,6.1000,6.1400,5.8000,5.8200,37133100,218049215.0000,36250
20250211,000596,157.3000,157.3300,158.5000,153.1100,153.5900,3196010,493555323.2200,17653
20250211,000597,5.3400,5.3200,5.3300,5.2100,5.2600,20670110,108380407.8600,22510
20250211,000598,7.0800,7.1000,7.1400,7.0500,7.0800,14770389,104733987.2400,15051
20250211,000599,4.5900,4.5600,4.5900,4.4700,4.5100,11267715,50821456.3100,10724
20250211,000600,5.4800,5.4700,5.5000,5.3800,5.4600,29940511,162902870.7000,21619
20250211,000601,4.1300,4.1700,4.2400,4.1600,4.1900,10186039,42707162.6600,8240
20250211,000603,14.0400,14.2100,14.3300,13.9900,14.0300,12913697,182751676.0100,18297
20250211,000605,7.7400,7.7700,7.7700,7.5700,7.6300,7151440,54555237.4000,7677
20250211,000607,4.1000,4.1100,4.3200,4.0400,4.2000,37597998,156912387.8200,32444
20250211,000608,2.2400,2.2600,2.2800,2.1700,2.2000,18156102,39950353.9600,10571
20250211,000609,2.4900,2.4900,2.5100,2.4400,2.4500,4946600,12214030.0000,1025
20250211,000610,12.5700,12.5500,12.5500,12.2600,12.3100,12206400,150556395.0000,17238
20250211,000612,7.2600,7.2500,7.3700,7.2100,7.2600,40960767,298680935.6400,23663
20250211,000615,3.4500,3.4300,3.4400,3.3600,3.3700,13969800,47424112.0000,3379
20250211,000617,6.8400,6.8300,6.8400,6.7100,6.7700,59308012,400596683.8800,45781
20250211,000619,6.3300,6.3300,6.4400,6.1600,6.2000,14295610,88903987.9000,10622
20250211,000620,1.9400,1.9500,1.9700,1.8800,1.9100,95562578,181509474.4100,23970
20250211,000622,2.1000,2.1000,2.1900,2.0900,2.1500,7956933,16975351.6300,1110
20250211,000623,16.9200,17.0600,17.3500,17.0100,17.1800,16638625,285546821.1800,26210
20250211,000625,14.1800,14.2800,14.2800,13.6500,13.6800,242608423,3350383445.1400,218286
20250211,000626,5.8800,5.8500,5.8500,5.6600,5.7200,11968977,68510756.4200,9876
20250211,000627,4.0700,4.0700,4.1400,3.9800,4.0600,137678902,558628838.0800,52970
20250211,000628,60.9600,60.0900,60.0900,58.1000,58.1300,18077677,1061763922.5000,50506
20250211,000629,2.8500,2.8500,2.8600,2.7900,2.8000,79245122,222479054.1100,22780
20250211,000630,3.4000,3.4100,3.4500,3.3800,3.4000,187757409,640633191.0300,56099
20250211,000631,3.1000,3.1100,3.1200,3.0100,3.0400,17498300,53139869.0000,9675
20250211,000632,3.7200,3.7300,3.7800,3.6200,3.6400,9090501,33253683.6500,8165
20250211,000633,4.8200,4.8400,4.8600,4.7200,4.8000,6808540,32462330.8000,7580
20250211,000635,8.0500,8.0600,8.0600,7.7800,7.8400,4465821,35004482.4100,5600
20250211,000636,15.2900,15.2600,15.3900,15.1300,15.3200,15663155,239192695.4000,22737
20250211,000637,3.7800,3.8000,3.8200,3.7100,3.7600,4265429,15959319.4600,2960
20250211,000638,5.2500,5.2500,5.2600,5.1100,5.1700,9136228,47105517.3600,8311
20250211,000639,3.3300,3.3400,3.3800,3.2400,3.2800,30627716,100609501.1600,18211
20250211,000650,5.7300,5.7300,5.7300,5.6600,5.6900,14305315,81361573.2000,10648
20250211,000651,43.8800,43.9700,44.1400,43.4500,43.6600,29179656,1275546261.9200,64429
20250211,000652,4.0100,4.0000,4.0200,3.9400,3.9900,11107593,44132641.1000,10618
20250211,000655,6.4400,6.4900,6.4900,6.3800,6.4200,5765001,36993369.4100,11254
20250211,000656,1.5200,1.5300,1.5700,1.5100,1.5400,90782934,139809847.0200,6541
20250211,000657,9.7100,9.7100,9.7500,9.5900,9.6300,12512708,120719121.1200,16424
20250211,000659,2.8200,2.8500,3.0400,2.8000,2.9000,51123291,149281545.6900,17469
20250211,000661,96.9000,96.9000,96.9800,94.9000,95.6800,3390016,323708945.8500,14517
20250211,000663,5.4900,5.5000,5.5100,5.3600,5.4300,5562400,30036910.0000,6878
20250211,000665,4.3300,4.3100,4.3300,4.2200,4.3100,25942222,110778007.0500,21883
20250211,000668,6.3500,6.3900,6.4300,6.0800,6.1400,7565400,46669122.0000,5671
20250211,000669,2.1800,2.1900,2.2500,2.1600,2.2000,14593249,32115111.7300,2181
20250211,000670,7.6100,7.6100,7.6200,7.3500,7.4000,57489601,426613413.2900,51358
20250211,000672,7.2500,7.2900,7.3100,7.1600,7.1900,7683800,55451665.2000,14127
20250211,000676,9.4100,9.3900,9.3900,9.1800,9.2200,56855881,526072121.5600,60061
20250211,000677,4.1500,4.1500,4.1800,4.0100,4.0600,23597576,95663431.2700,19295
20250211,000678,6.9200,6.9200,6.9400,6.7400,6.7900,18294900,124694374.0000,15139
20250211,000679,6.3400,6.3800,6.9000,6.3300,6.5300,29213072,191762474.0300,19132
20250211,000680,9.9200,9.9000,9.9700,9.6400,9.7300,28886904,281927735.7100,33825
20250211,000681,26.5100,25.5500,25.9800,25.0100,25.2600,139801987,3563137151.3100,214703
20250211,000682,9.7900,9.7700,9.7800,9.5200,9.5400,28659638,274693516.2400,27388
20250211,000683,5.5300,5.5600,5.5700,5.4500,5.4900,52617679,289024555.3000,26716
20250211,000685,8.7700,8.8200,8.8600,8.7800,8.8500,9503140,83824854.4000,14124
20250211,000686,8.0200,8.0200,8.0300,7.8700,7.9600,16044697,127153295.6100,18717
20250211,000688,12.5100,12.5300,12.5600,12.2900,12.4200,5559500,69043214.0000,10252
20250211,000690,4.2600,4.2600,4.2700,4.2100,4.2500,19356200,81982956.0000,10930
20250211,000691,3.2000,3.2100,3.2300,3.1300,3.1800,15249501,48288376.1500,8086
20250211,000692,3.5400,3.5400,3.5500,3.4500,3.4900,6061200,21110969.0000,3284
20250211,000695,9.8000,9.8500,9.8800,9.6400,9.7300,2980701,28942038.8000,5290
20250211,000697,7.9300,7.9000,7.9300,7.7100,7.8100,6673900,52002809.0000,7698
20250211,000698,3.4500,3.4500,3.4600,3.3600,3.4200,7969900,27094923.0000,9746
20250211,000700,7.1000,7.0700,7.1000,6.9700,7.0100,14302200,100344390.0000,14836
20250211,000701,4.9300,4.9300,4.9600,4.8100,4.8700,12043300,58352452.0000,15914
20250211,000702,7.2600,7.2600,7.2900,7.0000,7.0500,10488337,74120593.5000,10096
20250211,000703,6.2400,6.2500,6.2600,6.1700,6.2200,10165301,63019660.1700,11639
20250211,000705,7.9200,7.9400,7.9600,7.8400,7.8900,4568600,36019346.0000,6327
20250211,000707,7.1500,7.1300,7.1600,7.0400,7.0800,5566406,39384866.3600,3329
20250211,000708,11.7300,11.7000,11.8300,11.6500,11.8000,11270614,132603696.5700,21994
20250211,000709,2.2100,2.2000,2.2100,2.1600,2.1700,62109835,135211794.5200,28026
20250211,000710,10.5500,11.6100,11.6100,11.2000,11.5500,56657339,656522960.5900,28842
20250211,000711,1.6900,1.6900,1.7700,1.6700,1.7500,61800304,106299430.9600,4358
20250211,000712,13.7500,13.7600,15.1300,13.4600,14.8000,107985050,1584559797.4300,93594
20250211,000713,7.4600,7.4200,7.4600,7.3300,7.3800,11558943,85205653.7900,10013
20250211,000715,6.7300,6.7600,6.7600,6.5200,6.7300,12779900,85060573.0000,20610
20250211,000716,7.2600,7.2100,7.5500,7.0500,7.3600,101172391,738650558.2400,72362
20250211,000717,2.7300,2.7600,2.7700,2.6600,2.6900,50127124,134705301.3200,20582
20250211,000718,2.3400,2.3500,2.3600,2.2800,2.3000,28129460,64696399.7000,15387
20250211,000719,11.2700,11.3100,11.6000,11.1900,11.5400,15363390,175437205.9400,23193
20250211,000720,3.1600,3.1700,3.1800,3.0600,3.0900,8321000,25724723.0000,7977
20250211,000721,9.0100,9.1000,9.1000,8.8400,8.9100,27107900,241707338.0000,30950
20250211,000722,9.7800,9.7700,9.7800,9.6400,9.6500,5335398,51614951.1500,7284
20250211,000723,4.3500,4.3500,4.3600,4.2600,4.3200,36469100,156794566.4800,22405
20250211,000725,4.5100,4.5100,4.5200,4.4800,4.5000,289481236,1303333681.8200,83352
20250211,000726,6.3100,6.3300,6.3500,6.2800,6.3300,5047431,31863567.9100,7179
20250211,000727,2.8600,2.8400,2.9000,2.7900,2.8600,139081902,396575505.5800,46017
20250211,000728,8.3700,8.3700,8.3700,8.2300,8.3100,31537048,261148076.5600,30038
20250211,000729,11.1100,11.1900,11.2300,11.0100,11.0800,15399972,170401017.7600,25783
20250211,000731,7.3300,7.3200,7.3300,7.2400,7.3000,6391201,46564329.2700,4387
20250211,000733,42.6000,42.6000,42.6000,41.6100,42.0900,8840077,370564605.0300,20449
20250211,000735,6.3400,6.3400,6.3600,6.1700,6.2100,20189009,125502231.4200,16538
20250211,000736,6.8200,6.8400,6.8700,6.5700,6.5800,29283049,194104960.8100,35477
20250211,000737,9.4800,9.5300,10.4300,9.4800,9.9000,165930634,1663778560.9900,98307
20250211,000738,20.2500,20.2200,20.2800,19.9100,19.9800,8949168,178920683.6400,18534
20250211,000739,15.5100,15.4700,15.4800,15.2700,15.3700,5930003,90945249.8600,13099
20250211,000750,4.2300,4.2400,4.2500,4.1500,4.1900,69753524,291714641.5100,37911
20250211,000751,2.9000,2.8900,2.9100,2.8600,2.8800,11831129,34066627.7300,5417
20250211,000752,8.3300,8.3000,8.5000,8.1300,8.1600,3363700,27760028.0000,1771
20250211,000753,4.3800,4.3800,4.3800,4.2600,4.3300,43662900,187985758.0000,25208
20250211,000755,4.8100,4.8000,5.0200,4.7700,4.9000,28624970,140637271.6500,18797
20250211,000756,15.6900,15.6000,15.6000,15.3200,15.3500,17075201,262842015.3400,20965
20250211,000757,4.0600,4.0600,4.0600,3.9800,4.0100,7197590,28848434.1000,7265
20250211,000758,5.0600,5.0500,5.0900,5.0300,5.0600,20552382,103913469.2200,13823
20250211,000759,8.4600,8.5900,8.6400,8.2600,8.3000,87533036,733416375.6600,90022
20250211,000761,3.4400,3.4600,3.4800,3.3400,3.3600,22331400,75433764.0000,13888
20250211,000762,21.2000,21.1500,21.3500,20.8200,20.9700,7298700,152786536.0000,14558
20250211,000766,15.2000,15.2200,15.2500,14.9800,15.0300,10236800,154358674.0000,12060
20250211,000767,2.5900,2.6000,2.6000,2.5500,2.5700,18379042,47145638.7300,11334
20250211,000768,25.8200,25.8000,25.8100,25.3100,25.3800,18156304,461963417.4100,27005
20250211,000776,15.8900,15.9800,15.9800,15.7200,15.8200,23634430,373487444.7000,35113
20250211,000777,17.8100,17.7900,17.7900,17.4000,17.6500,9691020,170119080.7800,13018
20250211,000778,3.6000,3.6000,3.6100,3.5400,3.5600,30019130,107083288.7700,15396
20250211,000779,8.8000,8.9000,8.9200,8.7100,8.7700,19895808,175311199.9900,14517
20250211,000782,4.4800,4.5000,4.5000,4.4100,4.4500,6840407,30349375.8800,8519
20250211,000783,6.5700,6.5700,6.5800,6.4600,6.5300,38832178,252695889.7800,28370
20250211,000785,3.8000,4.1800,4.1800,4.1800,4.1800,42642029,178243681.2200,11707
20250211,000786,29.4000,29.3500,30.0400,29.3500,29.4300,13085077,386746624.0900,24589
20250211,000788,6.2100,6.2100,6.2100,6.0600,6.0900,14488600,88334636.0000,12796
20250211,000789,5.0900,5.1000,5.1100,5.0200,5.0800,5324293,26910525.0500,6221
20250211,000790,3.8900,3.8900,3.9200,3.7900,3.8300,10345307,39635242.5000,9063
20250211,000791,6.1100,6.1000,6.1300,6.0700,6.0800,10340878,62984066.5800,12199
20250211,000792,16.6900,16.6900,16.7300,16.4400,16.4700,30841161,509797295.8400,30392
20250211,000793,2.7200,2.8300,2.8600,2.7200,2.7600,155454102,432391585.5400,42295
20250211,000795,12.1500,12.1500,12.1600,11.8400,11.9100,65764200,784620159.9800,66814
20250211,000796,3.8000,3.8000,3.8300,3.7100,3.7400,26341013,98589712.1600,14747
20250211,000797,2.7700,2.7900,2.8000,2.7100,2.7300,21758062,59574212.6200,6607
20250211,000798,7.1300,7.1200,7.1600,6.9900,7.0400,4254901,29940722.0100,6972
20250211,000799,45.8500,46.1100,46.1500,44.8000,44.8900,5422800,244238349.0200,16494
20250211,000800,8.3100,8.2800,8.3200,8.1300,8.2300,13794100,113273503.0000,17161
20250211,000801,16.1600,15.9900,16.8800,15.6000,16.1800,83675445,1349667729.6800,116190
20250211,000802,5.9300,5.8900,5.9100,5.7200,5.7800,38900604,225126055.7800,16683
20250211,000803,5.3000,5.3100,5.3300,5.1100,5.1100,9111244,47122433.7200,9237
20250211,000807,16.8100,16.8000,17.0800,16.5800,16.7400,40889973,687784089.5800,57991
20250211,000809,3.0800,3.0800,3.0800,2.9900,3.0200,7269850,21968064.4800,914
20250211,000810,14.8300,14.7000,14.7800,14.4000,14.4600,68115094,989285088.8900,89374
20250211,000811,11.8300,11.7800,12.3100,11.5000,12.2100,42972458,512219342.6800,43605
20250211,000812,4.8500,4.8500,4.9400,4.7900,4.8800,28830442,140420460.2000,17488
20250211,000813,3.2500,3.2600,3.2700,3.1600,3.1900,41051800,130754999.6800,21599
20250211,000815,11.5000,11.3300,11.5800,11.1800,11.2400,51734486,587376217.6500,45978
20250211,000816,3.0800,3.0800,3.3300,2.9800,3.1600,145642654,458077022.2500,67566
20250211,000818,24.5900,27.0500,27.0500,25.8200,27.0500,87324498,2330933969.0200,76694
20250211,000819,16.2800,16.3100,16.3700,15.9500,16.1000,3255754,52353682.7000,4031
20250211,000820,3.2500,3.2700,3.2800,3.0700,3.1000,22921005,71697403.2500,12245
20250211,000821,12.8700,12.8800,13.0400,12.6900,12.9400,17733819,227698950.6700,24493
20250211,000822,5.3100,5.3100,5.3200,5.2400,5.2600,6805250,35816610.5000,5664
20250211,000823,11.0500,11.0200,11.1500,10.9500,11.0000,18391255,203327874.5800,26665
20250211,000825,3.4700,3.4700,3.4900,3.4100,3.4400,22462305,76981069.6000,17660
20250211,000826,2.0100,2.0300,2.0400,1.9500,1.9700,38023160,74903420.8000,11143
20250211,000828,10.3100,10.3200,10.6900,10.2000,10.4600,14392981,150576795.1900,18378
20250211,000829,11.6500,11.7000,11.8500,11.3500,11.5600,41649710,481240515.9000,51466
20250211,000830,11.6900,11.6600,11.9300,11.6500,11.8800,23992118,283067216.5300,25167
20250211,000831,30.1200,30.0800,30.5300,29.9000,30.2300,27847661,843334176.6600,46615
20250211,000833,12.1100,12.0800,12.3800,11.8200,12.2000,55582575,674741888.6000,57410
20250211,000837,10.6600,10.5900,10.8000,10.5100,10.7900,56498330,604057801.9700,57559
20250211,000838,2.5600,2.5900,2.6200,2.4600,2.4700,22549903,56285455.6500,9035
20250211,000839,3.1900,3.1900,3.1900,3.0900,3.1100,60244988,187897295.7200,18139
20250211,000848,8.9200,8.9100,8.9800,8.6900,8.7000,9308896,81510618.5500,13670
20250211,000850,4.1800,4.1800,4.2000,4.1500,4.1800,8661451,36124578.1800,10674
20250211,000851,2.9300,2.8900,2.9100,2.8400,2.8600,22576241,64809582.8600,4738
20250211,000852,6.4200,6.3900,6.5200,6.3700,6.4900,26377623,169871402.8200,19900
20250211,000856,11.8700,11.8700,12.6400,11.2700,11.5000,95596018,1138275923.7100,93473
20250211,000858,127.5300,127.6000,128.0700,125.7200,126.2600,17600170,2221320156.4800,72714
20250211,000859,5.3300,5.3500,5.3500,5.1900,5.2500,18424369,96518512.4000,20336
20250211,000860,17.3300,17.4500,17.4900,17.0100,17.2200,9758830,167550994.7000,13638
20250211,000862,5.1000,5.0800,5.1200,5.0400,5.0800,5895502,29920590.9400,8737
20250211,000863,3.9500,4.0200,4.0400,3.8900,3.9200,23527318,92349561.3800,16386
20250211,000868,6.7400,6.7500,7.0300,6.5100,6.5800,99733378,667906087.7200,79646
20250211,000869,21.7400,21.8500,21.8900,21.5400,21.6600,1045314,22610586.5500,3487
20250211,000875,5.2600,5.2700,5.3400,5.2200,5.3100,31999380,168815201.8500,22010
20250211,000876,8.7600,8.7800,8.7900,8.6200,8.6400,19172314,166009615.3000,18347
20250211,000877,5.6200,5.6200,5.6400,5.4800,5.5500,10518383,58227876.7900,13116
20250211,000878,13.0500,13.0300,13.4600,13.0000,13.2200,55000956,729030281.1900,51135
20250211,000880,20.2600,20.1700,21.1500,19.6800,19.7800,25496761,518159467.4700,47384
20250211,000881,7.1100,7.1500,7.2500,7.0600,7.2100,11189061,80065015.3100,14201
20250211,000882,2.7600,2.7900,2.9400,2.7700,2.8400,505522979,1439911072.8300,136951
20250211,000883,4.7600,4.7600,4.8000,4.7400,4.7700,28445268,135504562.6800,16109
20250211,000885,12.5600,12.5500,12.5800,12.4000,12.5600,3736660,46664142.9000,9132
20250211,000886,6.5300,6.5700,6.7700,6.4900,6.5500,27091384,178835796.5800,18883
20250211,000887,15.1200,15.1200,16.2000,14.9500,15.7100,92392490,1432760965.2500,83648
20250211,000888,12.8100,12.8100,12.8600,12.6300,12.7500,7706800,98076617.0000,11827
20250211,000889,2.4600,2.4600,2.4800,2.4000,2.4800,18132500,44250512.6000,2597
20250211,000890,3.4000,3.4000,3.7400,3.2900,3.7400,38602468,136687723.6000,16880
20250211,000892,3.4900,3.5000,3.5300,3.4200,3.5000,27820800,96398167.0000,22965
20250211,000893,21.2300,21.2700,22.0800,20.9200,21.9200,12988415,281004675.7600,24685
20250211,000895,25.0500,25.0600,25.1400,24.7200,24.7900,13344826,331453875.9200,33134
20250211,000897,2.3500,2.3700,2.3800,2.3000,2.3200,28817561,66930540.9000,9940
20250211,000898,2.4500,2.4500,2.4700,2.3900,2.4100,35695166,86109404.9500,17939
20250211,000899,8.3200,8.3000,8.3400,8.2000,8.2700,7582200,62580186.0000,11281
20250211,000900,4.2400,4.2500,4.2600,4.2000,4.2500,10081103,42658871.6500,7084
20250211,000901,11.3500,11.3500,11.3500,11.1700,11.2400,13680453,153659971.4800,21533
20250211,000902,12.3900,12.4200,12.7800,12.3500,12.6400,13243528,166573470.5200,21787
20250211,000903,3.2900,3.3500,3.6200,3.2100,3.4400,323763295,1114600826.3700,133342
20250211,000905,7.0200,7.0000,7.2600,6.9200,7.2400,40806798,291650491.3600,19453
20250211,000906,6.1700,6.1600,6.1900,6.0600,6.1200,8397958,51311285.1100,7060
20250211,000908,4.2300,4.2900,4.4400,4.2500,4.4400,24356797,105712046.8100,5565
20250211,000909,5.8500,5.8600,5.9500,5.7300,5.8800,5875772,34354203.6400,2189
20250211,000910,7.6100,7.6100,7.6600,7.4000,7.5400,3128563,23552187.5600,5798
20250211,000911,7.2900,7.3200,7.3300,7.1500,7.1800,3872701,27839244.1700,4317
20250211,000912,4.5400,4.5400,4.5800,4.5000,4.5700,14061690,63919863.5700,8590
20250211,000913,19.4500,19.5700,20.3400,19.3600,20.1200,9658041,192456272.6000,26166
20250211,000915,27.6600,27.6700,27.8500,27.3800,27.8000,2916285,80639262.3000,7989
20250211,000917,7.5900,7.6100,7.6800,7.4100,7.6000,64114000,483020013.0000,51967
20250211,000919,6.7000,6.6900,6.7100,6.6000,6.6500,6885196,45687577.4400,6665
20250211,000920,8.7700,8.7900,8.7900,8.6700,8.7300,3513610,30617111.1000,6798
20250211,000921,29.5800,29.8800,30.3200,29.8000,29.8900,12338417,370841321.1000,27674
20250211,000922,11.3200,11.3500,11.3500,11.1300,11.1700,5789111,64770999.6900,7283
20250211,000923,14.4100,14.4300,14.5100,14.3500,14.4700,5999212,86540607.0400,11231
20250211,000925,8.1300,7.9800,8.2700,7.8000,7.8500,63753223,506504533.4200,60922
20250211,000926,2.3500,2.3800,2.4000,2.2800,2.3000,32690580,75518913.2000,12443
20250211,000927,2.6100,2.6200,2.6300,2.5700,2.5900,38878200,100597887.0000,21603
20250211,000928,6.3600,6.3700,6.3800,6.2600,6.3200,14006629,88260183.7000,15015
20250211,000929,6.6200,6.6500,6.7000,6.4700,6.5500,4148100,27102336.0000,4253
20250211,000930,5.4300,5.4300,5.4400,5.3400,5.3900,9422550,50605146.0000,12053
20250211,000931,4.8500,4.8400,4.8700,4.7400,4.8000,8157187,39021827.4900,11202
20250211,000932,4.5700,4.5500,4.5700,4.4100,4.4500,106048831,473958846.9700,45768
20250211,000933,17.9500,17.9400,18.5000,17.9400,18.4000,38336683,703445687.6400,44342
20250211,000935,14.5500,14.5400,14.5400,14.2500,14.3800,4249401,60944583.6200,9939
20250211,000936,7.8200,7.8000,7.8400,7.7000,7.7400,32335200,250652155.0000,31698
20250211,000937,6.0100,6.0200,6.0200,5.9700,5.9900,8906259,53384426.5700,7343
20250211,000938,28.5000,28.2300,29.3000,28.1600,28.5000,135722533,3890775477.2500,188444
20250211,000948,18.3300,18.1800,18.3200,17.7100,18.0000,24898452,448262742.2300,38164
20250211,000949,4.2200,4.2100,4.3600,4.1300,4.3200,87276028,370508749.8500,33886
20250211,000950,5.3000,5.3100,5.3200,5.2200,5.2400,14103500,73964931.0000,11654
20250211,000951,18.1700,18.1100,18.4600,17.8300,17.9600,16038378,288914660.3000,24497
20250211,000952,5.8300,5.8300,5.8500,5.6900,5.7600,5133660,29413928.6000,5807
20250211,000953,5.6800,5.6800,5.7000,5.5200,5.5400,8685200,48186579.0000,7932
20250211,000955,4.4100,4.4100,4.4500,4.3300,4.4100,11045012,48353047.2800,12675
20250211,000957,11.9600,12.0100,12.0100,11.8000,11.8700,14266584,169268999.0400,17914
20250211,000958,6.5200,6.5200,6.5200,6.2100,6.2300,147665398,930619485.2000,78211
20250211,000959,3.1100,3.1200,3.1200,3.0500,3.0700,23134796,71030555.3700,16578
20250211,000960,14.9100,14.9000,15.0100,14.7800,14.8000,21619105,321481880.7900,22279
20250211,000962,15.0800,15.0100,15.2500,14.9500,15.1400,17136100,258588329.0000,19736
20250211,000963,34.7100,34.7100,34.9800,34.4800,34.7100,6598020,229136408.4000,16682
20250211,000965,3.0300,3.0300,3.0400,2.9500,2.9700,17359900,51617528.0000,11661
20250211,000966,4.4800,4.4800,4.5100,4.4200,4.4700,17450217,77710558.9900,12243
20250211,000967,4.7900,4.7900,4.8600,4.7100,4.8300,13694563,65627242.0500,15344
20250211,000968,6.2800,6.3000,6.3400,6.2500,6.3100,8089782,50873105.5200,8925
20250211,000969,12.1000,12.0700,12.0900,11.9300,11.9900,24116558,289035310.8700,25371
20250211,000970,11.2000,11.2000,11.2900,11.1200,11.1400,12301023,137506571.5900,19543
20250211,000972,3.6500,3.5000,3.6500,3.3400,3.3700,54700496,187247543.4600,21993
20250211,000973,6.1100,6.1300,6.2600,6.0300,6.1700,50189903,309142066.4600,40863
20250211,000975,17.6900,17.9900,18.5400,17.9500,18.1700,42378197,771350269.8700,66287
20250211,000977,60.8200,60.2000,64.3300,60.2000,62.9000,191793852,11912082920.8100,395556
20250211,000978,6.2100,6.1800,6.2600,6.1000,6.1400,8105548,49741514.4000,9076
20250211,000980,2.3300,2.3300,2.3700,2.2400,2.2500,155682814,352295712.2600,41964
20250211,000981,2.3200,2.3300,2.3500,2.2400,2.2800,529368720,1208791799.9200,114787
20250211,000983,7.2800,7.2700,7.3000,7.1700,7.2000,35207556,253810022.0700,19900
20250211,000985,20.4200,20.3800,20.6800,19.9300,20.4200,2199400,44392476.0000,5756
20250211,000987,6.8200,6.8500,6.8500,6.7000,6.7900,21267397,143832834.5400,19865
20250211,000988,40.8200,40.9900,42.6700,40.3100,41.5000,50134457,2072860417.5700,96718
20250211,000989,8.0400,8.0300,8.0400,7.9600,7.9700,6184382,49362287.5400,2029
20250211,000990,7.5900,7.6000,7.6100,7.4800,7.6000,7775682,58693915.5000,11205
20250211,000993,8.5200,8.5000,8.6500,8.4400,8.5700,5911220,50519778.0500,7718
20250211,000995,14.5100,14.6000,14.6200,14.1000,14.1400,11370677,161522471.5500,15482
20250211,000997,20.8100,20.9800,22.7800,20.9800,22.3800,47698677,1045073778.8400,68384
20250211,000998,10.4600,10.4600,10.4600,10.3100,10.3500,15245480,157875733.2800,14963
20250211,000999,43.8200,43.8800,45.0700,43.2100,44.8900,13856532,616887505.7100,36093
20250211,001201,14.6700,14.6600,14.6800,14.4100,14.4300,2553234,36938099.1600,4452
20250211,001202,14.2800,14.4200,14.5500,14.1600,14.4700,2304250,33109002.0000,4958
20250211,001203,8.6800,8.6800,8.7200,8.5500,8.6200,4779110,41110299.6000,8968
20250211,001205,18.0900,18.1700,18.2200,17.8800,18.1300,3218396,58192246.8400,4083
20250211,001206,20.6700,20.5600,21.1400,20.3900,20.9500,5346496,111710306.9200,15584
20250211,001207,21.1900,21.1900,21.1900,20.8900,21.0100,2858474,59972880.7800,6488
20250211,001208,10.0000,9.9300,10.0600,9.9000,10.0100,13311508,132866126.7600,27150
20250211,001209,16.7600,17.2400,17.2900,16.7800,16.9600,5678540,96489768.2000,12643
20250211,001210,14.2500,14.2200,14.2900,14.1000,14.1700,1305641,18519486.7800,2998
20250211,001211,24.0000,24.1400,24.7600,24.0000,24.7400,2234300,54521686.0000,6746
20250211,001212,23.2500,23.2200,23.5800,22.8800,23.1800,1444700,33545815.4000,3402
20250211,001213,4.0500,4.0500,4.0600,4.0100,4.0400,13917400,56162951.0000,10991
20250211,001215,29.6000,29.6000,29.7800,29.0600,29.4000,2816800,82807968.0000,6737
20250211,001216,12.8000,12.8000,12.8200,12.6500,12.7800,1816938,23130543.0200,5079
20250211,001217,10.7700,10.8000,10.8000,10.5500,10.6900,7059200,75059276.0000,7371
20250211,001218,16.4000,16.4200,17.1000,16.3400,16.6600,2318047,38780165.7100,4240
20250211,001219,13.4500,13.4200,13.5100,13.3000,13.3700,3256552,43590914.8700,5743
20250211,001222,16.7200,16.7100,16.9400,16.6300,16.8000,3437500,57627274.8000,6662
20250211,001223,50.7500,50.7500,51.4000,49.2500,49.5500,2133000,107215866.0000,7730
20250211,001225,34.0300,33.9800,34.9600,33.7700,34.7600,1919100,66076479.0000,3765
20250211,001226,29.0900,29.1000,29.2900,28.9700,29.2300,812600,23674810.0000,2544
20250211,001227,2.4000,2.3900,2.4100,2.3800,2.4000,54432319,130537779.9400,16004
20250211,001228,21.2900,21.3800,21.4400,21.2100,21.3200,855300,18235197.0000,1761
20250211,001229,38.8700,38.6000,38.6000,37.4400,37.5200,8371350,317198975.0800,18961
20250211,001230,17.7000,17.6800,17.8600,17.6600,17.8300,1168320,20749655.2000,2768
20250211,001231,17.6400,17.6600,17.7000,17.3500,17.4800,1657299,28913658.5000,3213
20250211,001234,17.3000,17.3000,17.4700,17.0900,17.2600,910200,15709158.0000,2394
20250211,001236,10.0500,10.0000,10.0500,9.8200,9.9800,11482336,113916208.1600,21429
20250211,001238,30.9900,31.0300,31.2800,30.6200,30.6700,459600,14207284.0000,1597
20250211,001239,14.6500,14.6400,14.6800,14.4700,14.5400,2113300,30749054.2200,3605
20250211,001255,30.7800,30.7800,30.9400,30.3000,30.7500,1588999,48623368.6100,4517
20250211,001256,17.5300,17.5200,17.6500,17.4000,17.5100,1142476,19965716.7000,3650
20250211,001258,6.5200,6.5100,6.6200,6.4400,6.5800,12903393,84301756.9400,15446
20250211,001259,23.2400,23.2400,23.4500,23.0100,23.3200,1146608,26650058.9200,2876
20250211,001260,17.2800,17.3000,17.7200,17.3000,17.5600,1889684,33089217.7600,4812
20250211,001266,25.3000,24.9800,25.4400,24.6000,24.9900,6249980,156356586.0000,17050
20250211,001267,9.2400,9.2400,9.4400,9.2100,9.3800,18416550,171926235.5000,21952
20250211,001268,19.3200,19.5700,19.7700,19.1300,19.2100,1827096,35347586.2900,4012
20250211,001269,24.6000,24.4800,24.6200,23.8600,24.0400,1837780,44192259.0000,5698
20250211,001270,30.5200,30.8900,31.3100,29.8700,30.9300,9239576,283044148.6600,27184
20250211,001277,37.6600,37.6600,38.2300,37.2300,38.1700,2141150,81026206.7200,6254
20250211,001278,17.2400,17.1200,17.6200,17.0100,17.3500,3111300,53935101.0000,5798
20250211,001279,40.6000,40.5900,41.0900,40.3100,40.6300,2006800,81651019.0000,5966
20250211,001282,26.1900,25.9700,26.5800,25.6300,26.4300,7370692,192880881.5100,16329
20250211,001283,65.4500,65.4000,65.4000,62.3800,63.8400,2274600,143592130.6500,7222
20250211,001286,9.1700,9.1800,9.2000,9.1200,9.1500,10730337,98227686.5100,15492
20250211,001287,21.3600,21.3700,21.3800,20.9100,21.0200,13888522,292558117.8800,25194
20250211,001288,29.9000,29.8000,30.1100,29.6100,29.8800,929121,27746197.9900,3095
20250211,001289,16.0800,16.0400,16.2300,15.9600,16.1500,3831313,61757786.1000,11555
20250211,001296,18.8100,18.7000,19.0900,18.5700,18.9600,6189083,116871409.3600,7743
20250211,001298,25.7500,25.7000,25.7000,25.2000,25.2300,3476396,88313035.6400,10538
20250211,001299,13.0200,13.0200,13.6700,12.8600,13.3500,4756100,63231047.0000,7578
20250211,001300,12.0700,12.0600,12.0600,11.8300,11.9400,2838100,33825356.0000,6886
20250211,001301,53.3500,53.2900,53.5000,51.4000,52.6500,8208931,428241895.9400,37060
20250211,001306,70.6400,69.9100,74.5300,69.2900,72.6000,5137922,367901006.3200,18181
20250211,001308,25.1000,25.0400,25.3200,24.7600,24.9000,8040948,201245312.0600,19991
20250211,001309,104.9000,104.0000,105.4400,102.1100,102.7100,4999171,515064026.8500,20266
20250211,001311,26.3700,26.9100,29.0100,26.7600,28.6200,8736167,242019117.8400,22206
20250211,001313,9.0100,8.9200,9.2300,8.8500,9.0400,8988232,81552883.6000,8911
20250211,001314,51.9600,52.2900,53.9000,51.7600,52.4200,10867708,571230891.1600,37077
20250211,001316,29.5800,29.7200,29.7400,29.2900,29.6300,598874,17644181.1600,2344
20250211,001317,28.8400,28.8600,30.5000,28.5500,29.6800,4121700,121271810.0000,9101
20250211,001318,11.4000,11.4500,11.4900,11.2200,11.3500,3087200,34939064.0000,8081
20250211,001319,27.8600,27.5500,28.3800,27.2500,28.2800,9407710,261011596.3400,17630
20250211,001322,7.7300,7.7500,7.8200,7.6400,7.7400,4157508,32020915.1500,7565
20250211,001323,34.5400,34.5400,35.6000,34.4000,35.4200,1618500,56484392.0000,5909
20250211,001324,18.0000,17.9900,17.9900,17.7000,17.8100,1934100,34402313.0000,3691
20250211,001326,32.7600,32.8000,33.2700,32.3000,33.1200,1259090,41376290.7200,3537
20250211,001328,34.6000,34.8100,35.0000,34.1700,34.3700,1000274,34440875.4800,3458
20250211,001330,5.3400,5.3200,5.4300,5.1600,5.2400,59866425,314114017.5400,50774
20250211,001331,11.1200,11.1000,11.1400,10.9800,11.1100,1682300,18635296.7600,3897
20250211,001332,34.6300,34.7800,34.9300,34.4200,34.7500,710725,24650715.7500,3047
20250211,001333,18.0300,18.0800,18.2500,17.9300,18.2300,811929,14686280.8000,1989
20250211,001336,19.3700,19.6400,19.6400,19.2000,19.4500,932000,18028726.1200,2651
20250211,001337,23.1600,23.6000,24.0600,23.1500,23.3300,23604100,555343529.0000,36429
20250211,001338,10.8600,10.8800,11.0000,10.7900,10.9300,8441600,91978825.0000,13674
20250211,001339,43.4000,42.8400,47.7000,42.8400,44.5100,23338140,1040740927.2000,58327
20250211,001356,15.2500,15.1000,15.3500,14.7000,14.7100,31855818,474107500.8500,40700
20250211,001358,22.3100,22.1900,22.3400,22.0200,22.2700,613476,13605035.6800,1811
20250211,001359,26.9200,27.1100,27.9800,26.6000,27.1900,3600921,98015335.1500,7658
20250211,001360,13.6000,13.6000,13.7100,13.4500,13.6500,1420100,19328736.0000,3088
20250211,001366,11.0600,11.0600,11.1800,10.9100,11.0600,2867322,31534449.2000,4298
20250211,001367,27.2700,27.2200,27.4300,26.5200,27.2500,821409,22255454.3800,2957
20250211,001368,22.5900,22.4000,22.4700,21.8000,22.0300,8196069,180898187.8000,13337
20250211,001373,29.0900,29.2100,29.4300,28.9300,29.3500,1117500,32650333.0000,3689
20250211,001376,13.8600,13.8700,13.8900,13.6600,13.7500,4492600,61656121.0000,7312
20250211,001378,22.4100,22.4200,22.7900,22.1500,22.4500,1888600,42374742.7200,3227
20250211,001379,22.3600,22.3500,22.3500,21.9000,22.0000,2565900,56520795.0000,5985
20250211,001380,26.0800,26.2000,26.3000,25.6600,25.8800,4305468,111463728.4800,10305
20250211,001387,14.2000,14.2000,14.5200,14.0200,14.2400,3353554,47728452.8300,7276
20250211,001389,59.3800,59.0100,59.0500,57.8800,58.3500,4103660,239368915.9000,13588
20250211,001391,7.2700,7.2700,7.2800,7.1300,7.1700,89927158,644621855.0500,53696
20250211,001395,42.6700,41.5200,41.9900,40.5800,40.6800,7948634,326666293.9400,20067
20250211,001696,25.6000,25.5900,27.1600,24.9100,26.2000,101923033,2654675558.0900,191361
20250211,001872,20.2000,20.1900,20.4500,20.1800,20.2500,3554300,72159928.0000,8894
20250211,001896,4.0300,4.0300,4.0300,3.9500,3.9900,15056500,59878591.0000,8217
20250211,001914,9.7800,9.8000,9.8500,9.5100,9.6300,8743417,84090628.1500,17077
20250211,001965,12.2200,12.2400,12.4400,12.1100,12.1900,30071357,367930419.8600,35799
20250211,001979,9.8400,9.8400,9.8700,9.5800,9.6100,84634914,816679675.0500,88923
20250211,002001,22.1800,22.1600,22.5400,22.0900,22.3500,20296734,453166899.8900,32663
20250211,002003,13.9400,13.9400,14.2600,13.9100,14.2200,10526488,148793836.5800,20334
20250211,002004,3.9400,3.9600,3.9700,3.8800,3.9500,31299806,122888008.6400,17861
20250211,002005,1.7100,1.7100,1.7400,1.6900,1.7000,9174418,15708588.6000,1107
20250211,002006,17.8400,17.7500,17.7500,17.4200,17.6800,12308007,216656161.9200,18759
20250211,002007,16.6000,16.6000,16.6000,16.3700,16.4600,8574127,141093278.4700,13285
20250211,002008,27.1800,27.2500,27.3600,26.8500,27.1100,26126384,708520189.5600,43222
20250211,002009,15.5100,15.4700,16.0100,15.4700,15.5200,44333300,695080449.0000,54043
20250211,002010,4.7600,4.7800,4.8500,4.6500,4.7700,55414488,263235504.2100,30475
20250211,002011,11.4000,11.4500,11.6400,11.3200,11.5500,17746556,204026005.9200,20006
20250211,002012,4.9700,4.9800,5.0500,4.9000,4.9500,7034522,34846867.2200,8118
20250211,002014,10.3900,10.4000,10.6200,10.3900,10.6100,4777660,50298036.4000,10435
20250211,002015,7.7800,7.7800,7.8100,7.5900,7.6900,18352100,140511658.0000,18099
20250211,002016,6.8200,7.5000,7.5000,7.5000,7.5000,4714400,35358000.0000,1456
20250211,002017,11.0000,10.9300,11.0400,10.8100,10.9600,12660150,138575555.1900,21233
20250211,002019,10.9900,11.0200,11.0200,10.7500,10.8200,9685700,104732462.2900,16232
20250211,002020,12.2700,12.2900,12.3200,11.9900,12.2100,17377608,210376918.6800,23555
20250211,002021,2.6500,2.6600,2.6700,2.5800,2.6100,33560754,87404179.8900,9541
20250211,002022,6.1400,6.1500,6.1900,6.0000,6.0400,5401561,32666342.8800,5901
20250211,002023,10.4500,10.4500,10.4500,10.2900,10.4100,11789100,122270634.0000,17108
20250211,002024,2.0200,2.0100,2.0200,1.9800,1.9900,27563831,54910452.6900,3674
20250211,002025,46.9100,46.9000,46.9100,45.7200,45.9900,3129812,144064248.1900,11865
20250211,002026,10.4900,10.4700,10.5000,10.3200,10.4400,6486300,67554845.0000,11348
20250211,002027,6.6400,6.6500,6.7100,6.5600,6.6800,123003406,818276427.6100,63436
20250211,002028,77.1900,77.1900,78.4700,77.0200,77.6100,2781889,216566935.6200,15392
20250211,002029,6.3200,6.3300,6.3500,6.2500,6.2900,6972600,43795262.0000,12242
20250211,002030,5.9000,5.8700,5.8900,5.7400,5.7900,20484626,118473698.5100,18491
20250211,002031,7.5600,7.5500,8.3200,7.5100,8.3200,438888073,3547115764.6000,246172
20250211,002032,51.2800,51.3300,51.9500,51.2000,51.7200,2886982,149436797.5700,11448
20250211,002033,8.9000,8.8000,8.8500,8.6800,8.7600,22377318,195360909.0200,20341
20250211,002034,14.8600,14.8600,15.1200,14.8600,15.1000,2284580,34223358.2000,6139
20250211,002035,7.1100,7.1100,7.1500,7.0500,7.1300,16017019,113690390.1900,9522
20250211,002036,12.2900,13.5200,13.5200,12.9000,13.5200,320104352,4294171637.9100,152295
20250211,002037,7.7800,7.7800,7.7800,7.6000,7.6300,6195364,47331042.6800,8063
20250211,002038,7.2100,7.2100,7.2100,7.0400,7.0900,15575564,110255118.5700,13800
20250211,002039,14.3300,14.3500,14.5000,14.3400,14.4800,4175996,60271285.2000,5670
20250211,002040,6.6900,6.7000,6.8400,6.7000,6.7500,7376980,49959036.6000,5254
20250211,002041,11.2600,11.1900,11.1900,10.9100,11.0300,17813925,196278111.2500,19073
20250211,002042,5.3100,5.3000,5.3200,5.1800,5.2800,40967852,214833420.5600,15971
20250211,002043,10.6200,10.6600,10.6600,10.4100,10.6000,9593002,100907104.9400,15156
20250211,002044,5.4300,5.5500,5.5500,5.1400,5.2400,251832168,1315502859.4600,118346
20250211,002045,19.6700,19.7500,20.4000,18.9600,19.2200,83513960,1645106560.3700,105870
20250211,002046,13.9400,13.9300,13.9300,13.6800,13.7500,15977339,219621773.4100,16120
20250211,002047,2.7400,2.7400,2.8100,2.7200,2.7500,27459701,75670780.7500,10405
20250211,002048,12.7100,12.7800,12.8000,12.6100,12.7400,5100182,64706207.9400,10599
20250211,002049,63.9900,63.7000,64.9900,63.0300,63.8300,21432251,1372420129.9200,58720
20250211,002050,34.1400,33.7800,35.1000,33.5400,33.9000,141743981,4848153513.1900,207752
20250211,002051,7.8700,7.8700,7.9100,7.7600,7.9000,8906181,69738985.4000,12770
20250211,002052,5.2200,4.9600,4.9600,4.9600,4.9600,3042600,15091296.0000,591
20250211,002053,11.6000,11.5700,11.6700,11.4700,11.5600,4737800,54675548.0000,6940
20250211,002054,6.1800,6.1800,6.2200,6.0900,6.1500,4487156,27492215.8400,6750
20250211,002055,6.3400,6.4500,6.7200,6.2300,6.4500,83057780,539165707.6900,70735
20250211,002056,13.0700,13.0700,13.0900,12.9300,12.9900,9911800,128617259.0000,15389
20250211,002057,7.6200,7.6200,7.6600,7.5600,7.6500,9309061,70947003.0400,12518
20250211,002058,10.0500,10.0500,10.1000,9.6700,9.8000,3787500,36960853.0000,6686
20250211,002059,5.5700,5.6900,5.7300,5.4700,5.5000,61263261,341288333.5600,46105
20250211,002060,3.5700,3.5900,3.6100,3.5600,3.6000,15584058,55844628.0400,13921
20250211,002061,3.9300,3.9400,3.9400,3.8700,3.9100,22523709,87744902.1000,18716
20250211,002062,5.3000,5.3000,5.5300,5.2000,5.4300,22608420,121624565.3000,11616
20250211,002063,6.5800,6.5000,6.6200,6.3500,6.4900,123376626,800584090.5600,69059
20250211,002064,8.0400,8.0600,8.1400,7.9500,8.0800,22496255,181242945.0400,23909
20250211,002065,9.2000,8.9500,8.9700,8.6800,8.7000,264486978,2323632973.5800,192678
20250211,002066,11.4100,11.3900,11.4300,11.1900,11.3600,4301766,48633017.5000,7212
20250211,002067,4.1100,4.0800,4.3800,4.0600,4.2500,195658926,827003517.6400,67069
20250211,002068,10.3500,10.3000,10.4000,10.1300,10.3600,14815855,152309650.5600,16146
20250211,002069,3.8200,3.8200,3.8400,3.7100,3.7300,6407095,23984614.2800,6130
20250211,002072,4.8700,4.8800,4.9000,4.7300,4.7800,4076301,19458406.7600,4246
20250211,002073,8.8600,8.8400,8.9300,8.7000,8.8900,31068970,274349906.6600,35679
20250211,002074,22.0800,22.0000,22.0100,21.7300,21.7800,12007760,261877177.8100,22793
20250211,002075,6.1300,6.0400,6.2100,5.8800,6.1100,97702773,588253099.2500,52156
20250211,002076,3.3900,3.4200,3.5700,3.3100,3.3700,110592348,375760738.6400,43625
20250211,002077,14.9800,14.9600,14.9600,14.6700,14.7700,18347567,271052184.2200,34637
20250211,002078,13.8000,13.8800,14.4300,13.8100,14.3700,26428324,375174797.3800,38800
20250211,002079,10.5000,10.5000,10.5000,10.3000,10.3700,13444903,139288434.0500,20393
20250211,002080,12.4600,12.5000,12.5000,12.2600,12.3400,12950641,159637808.3800,14525
20250211,002081,3.5000,3.5100,3.5200,3.4400,3.4800,14326553,49651244.9100,10219
20250211,002082,6.4700,6.4500,6.4800,6.2900,6.3300,5677300,36031747.0000,6878
20250211,002083,4.9000,4.9000,4.9100,4.8400,4.8800,12067334,58784889.6100,6668
20250211,002084,3.0000,3.0100,3.0300,2.9800,3.0000,7947297,23819929.1000,6303
20250211,002085,18.9100,18.9200,19.6900,18.5400,18.9500,130434378,2487629469.9600,170940
20250211,002086,2.4400,2.4400,2.6700,2.3500,2.5500,211362966,525745685.2800,58648
20250211,002088,12.1200,12.1100,12.2100,12.0600,12.1900,2398043,29100112.1900,6084
20250211,002090,9.5900,9.4900,9.4900,9.2600,9.3800,33778037,315325786.9200,32302
20250211,002091,7.2100,7.2500,7.2500,7.1300,7.1900,11520453,82573333.5200,16264
20250211,002092,4.6400,4.6500,4.6600,4.5900,4.6400,14171400,65618792.9900,2347
20250211,002093,8.6200,8.6200,8.6400,8.4600,8.5100,28388007,242196739.6900,32998
20250211,002094,5.8600,5.9000,6.0300,5.6400,5.8500,83698947,482519432.6500,70427
20250211,002095,19.5200,19.4500,19.5200,19.0500,19.3200,10072559,193780433.1700,21363
20250211,002096,10.9900,11.0300,11.0700,10.7900,10.8600,7665900,83462889.3500,13847
20250211,002097,7.3600,7.3800,7.3800,7.2000,7.3500,17870890,130270972.2400,18034
20250211,002098,9.0100,9.0000,9.4000,8.8900,9.0700,9025706,82348199.4600,11095
20250211,002099,5.1300,5.1600,5.1900,5.0000,5.0500,9059200,45707013.0000,12151
20250211,002100,6.2400,6.2500,6.2600,6.1500,6.1700,23300100,143986567.0000,19128
20250211,002101,12.1400,12.1400,12.1900,11.9700,12.0600,5504212,66255556.7600,10555
20250211,002102,2.6500,2.6700,2.7100,2.6400,2.6800,53509935,143214859.2900,23120
20250211,002103,10.8000,10.8100,11.5800,10.7200,11.2600,98445969,1093100093.9200,100929
20250211,002104,7.0600,7.0500,7.0800,6.9700,7.0500,9767100,68659374.2000,13868
20250211,002105,5.3900,5.4100,5.4200,5.3000,5.3300,3734800,19926186.0000,6936
20250211,002106,11.4300,11.3900,11.4400,11.3000,11.3700,12495899,142102720.1800,18403
20250211,002107,4.7600,4.7900,4.7900,4.6400,4.7200,4690720,22024175.6000,7618
20250211,002108,3.4900,3.5000,3.5200,3.4200,3.4800,21162235,73131200.8200,15276
20250211,002109,3.3100,3.3300,3.3500,3.2400,3.3300,14821350,48862711.5000,11783
20250211,002110,3.4300,3.4200,3.4200,3.3300,3.3700,18625600,62630776.0000,26170
20250211,002111,10.8100,10.7800,10.8200,10.6600,10.7800,5239700,56338250.8000,9268
20250211,002112,13.7800,13.6700,14.3400,13.6000,13.9500,43974250,613069540.0900,45458
20250211,002114,6.1400,6.1300,6.2000,6.0500,6.0900,11962701,73202706.0900,11686
20250211,002115,7.4500,7.3800,8.2000,7.3100,8.1900,256801209,1994997159.6800,173395
20250211,002116,10.0000,10.0000,10.0400,9.9100,9.9800,4366300,43503884.0000,6534
20250211,002117,13.2000,13.1000,13.8000,12.8800,13.4900,62955501,834962142.2900,49171
20250211,002119,19.0500,18.8600,18.8800,18.4100,18.4700,36368327,675675191.0400,56484
20250211,002120,7.5400,7.5400,7.5500,7.4400,7.4900,18327081,137125201.0500,21050
20250211,002121,4.3200,4.3100,4.3100,4.2300,4.2600,15514900,65948057.0000,12581
20250211,002122,4.9200,4.9000,5.2500,4.8500,5.0500,452915668,2315437141.8900,214678
20250211,002123,15.6100,16.0000,17.1700,15.0000,17.1700,114256586,1877000020.5900,97047
20250211,002124,2.8300,2.8600,2.8800,2.8200,2.8300,32298520,91692024.4000,4674
20250211,002125,10.9300,10.8700,10.9200,10.7400,10.8400,12877160,139115767.2000,17739
20250211,002126,22.3300,22.2800,22.6200,21.8500,22.2800,29475276,654499776.6300,45756
20250211,002127,4.9300,4.9300,5.0500,4.8600,4.9900,68985071,343053260.0200,33213
20250211,002128,18.9600,18.9800,19.2000,18.8800,19.1300,13149245,250445781.5800,23158
20250211,002129,9.0800,9.0800,9.1000,8.8300,8.9000,50236019,447424876.4800,47609
20250211,002130,23.9000,24.2000,25.4700,24.1000,25.2100,199919649,4951699853.8900,275331
20250211,002131,4.5400,4.7500,4.9500,4.5200,4.7100,2100621294,9997831333.4500,851107
20250211,002132,2.8300,2.8300,2.8500,2.7800,2.8100,18309175,51304111.5000,10936
20250211,002133,2.5600,2.5700,2.5900,2.4900,2.5200,14741641,37195720.3200,8886
20250211,002134,19.5100,19.3800,19.4900,18.8500,19.1300,7746450,147801246.0000,12834
20250211,002135,4.3700,4.3800,4.4700,4.3100,4.4300,13894511,61170439.0600,10790
20250211,002136,9.8500,9.8500,9.8600,9.6900,9.7900,2191100,21387974.0000,4270
20250211,002137,8.8100,8.7700,9.2300,8.7200,9.1700,113535750,1023983479.7500,104277
20250211,002138,32.1100,32.3500,32.4800,31.6300,32.0800,10864538,347899655.0500,25232
20250211,002139,15.0300,15.0000,15.1600,14.8000,15.0500,55238589,829225904.5600,56448
20250211,002140,9.4700,9.4900,9.5000,9.2500,9.4400,5136330,48144559.2000,11256
20250211,002141,1.5900,1.5800,1.5800,1.5400,1.5500,10248800,15947152.0000,1043
20250211,002142,25.2800,25.3000,25.3900,25.1000,25.2600,20226199,510422129.1300,31014
20250211,002144,10.4300,10.4600,10.5200,10.2500,10.4700,3469221,36124250.6600,4409
20250211,002145,4.3600,4.3600,4.3800,4.2600,4.3100,41651696,178946332.2300,28670
20250211,002146,1.5900,1.6000,1.6100,1.5400,1.5500,110518593,171965969.1500,24350
20250211,002148,7.5000,7.4500,7.5000,7.3300,7.3800,41110360,304420506.6000,35850
20250211,002149,18.3600,18.3600,19.2200,18.1000,18.8900,23666500,444083546.5000,31967
20250211,002150,13.1100,13.0800,13.1300,12.9300,12.9700,5280320,68612857.4000,6376
20250211,002151,26.4700,26.4800,26.7400,26.0800,26.4200,8137894,214472654.7400,21000
20250211,002152,12.5400,12.4100,12.4800,12.2500,12.3000,55931644,690198828.8100,54644
20250211,002153,7.9600,7.9000,7.9000,7.6100,7.6800,36805583,283449326.4200,41084
20250211,002154,4.3400,4.3400,4.3500,4.2600,4.3300,31952501,137498147.1900,15010
20250211,002155,18.3400,18.7000,19.1300,18.4900,18.5000,99367780,1866019627.8900,99413
20250211,002156,30.1300,29.9800,30.0000,29.2100,29.4300,67988929,2003308264.4800,117242
20250211,002157,2.8300,2.8300,2.8400,2.7700,2.7800,58536552,163085202.6300,13808
20250211,002158,18.4600,18.4200,18.7500,18.3000,18.7400,5591804,103452132.4100,9723
20250211,002159,14.5400,14.5400,14.5700,14.2600,14.4200,3131600,44980936.5000,4511
20250211,002160,3.9300,3.9200,3.9600,3.8900,3.9500,15763201,62023166.9400,15252
20250211,002161,5.9500,5.9300,6.0600,5.8500,6.0500,30188667,180496750.9900,22895
20250211,002162,3.6700,3.6800,3.7100,3.5800,3.6300,14902476,53866858.8000,16144
20250211,002163,8.9200,8.9200,9.3200,8.8500,8.9500,30831000,277452036.0000,30387
20250211,002164,6.0300,6.0600,6.5000,6.0300,6.1900,84929260,532610031.6000,78480
20250211,002165,4.6500,4.6700,4.7000,4.5800,4.6600,31194848,144674793.8000,15038
20250211,002166,7.9300,7.9200,7.9300,7.7600,7.8600,9694459,75849732.3800,12912
20250211,002167,8.0000,7.9800,8.0200,7.9000,7.9700,25855703,205939582.7600,20372
20250211,002168,2.5300,2.5200,2.5300,2.4800,2.4900,6453105,16101455.4100,1160
20250211,002169,6.1100,6.1300,6.3500,6.0100,6.3200,24747204,153400458.2400,18493
20250211,002170,8.4600,8.4700,8.6000,8.4400,8.5400,15296895,130356532.4000,14145
20250211,002171,8.3800,8.4200,8.4800,8.0900,8.1400,19873292,163132678.2800,22395
20250211,002172,3.4200,3.4100,3.4600,3.3800,3.4000,20617481,70257248.4000,14339
20250211,002173,10.0100,10.2600,10.4600,9.8300,9.9200,121650415,1242298565.9900,105924
20250211,002174,10.1200,10.1200,10.2200,9.8900,10.0900,28622272,287493158.0800,33972
20250211,002175,5.8100,5.9000,5.9300,5.5000,5.6100,302033454,1700203103.9200,166038
20250211,002176,7.3500,7.3400,7.3600,7.1900,7.2200,24926776,180073344.1600,25399
20250211,002177,5.0600,5.0400,5.0400,4.9500,5.0000,41829452,208695004.7200,33361
20250211,002178,6.6000,6.6000,6.6000,6.3700,6.4800,34023477,220212986.4200,35116
20250211,002179,38.4700,38.6500,38.6500,37.9500,38.1200,12039419,458858998.6300,34920
20250211,002180,27.6800,27.6700,27.7400,27.1800,27.4100,11001424,302273257.1200,24354
20250211,002181,6.0400,6.0500,6.6400,5.9200,6.6400,153632846,969776736.8600,103672
20250211,002182,11.7900,11.7800,11.8000,11.6300,11.7400,19812381,231528501.0100,18351
20250211,002183,4.5500,4.5800,4.5900,4.4000,4.4500,46371000,205934824.0000,28004
20250211,002184,13.9000,13.9000,13.9000,13.5400,13.6600,23852734,325899619.9900,35023
20250211,002185,11.7700,11.7700,11.7900,11.5200,11.5400,61390848,710647191.6200,65202
20250211,002186,11.0200,11.0400,11.0800,10.7500,10.8300,5748301,62357608.8700,9632
20250211,002187,7.8600,7.9800,7.9900,7.7100,7.7500,58063663,455180015.2800,43886
20250211,002188,4.6200,4.6300,4.6800,4.5100,4.5800,7280100,33270718.9500,8343
20250211,002189,21.4500,21.9100,22.6800,21.2200,21.2200,27222350,597749544.0500,45576
20250211,002190,17.5200,17.6000,17.7100,17.2000,17.3900,7254424,126159321.0200,15469
20250211,002191,4.0800,4.0900,4.2000,4.0400,4.1600,31857929,131709663.7400,21104
20250211,002192,32.1800,32.0700,32.1900,31.4200,31.6400,4945428,156391459.8800,11021
20250211,002193,6.4600,6.4900,6.5000,6.2600,6.3200,19341546,122485790.3400,13020
20250211,002194,11.8800,11.8500,12.4400,11.6700,12.2100,49036335,594050717.9400,66771
20250211,002195,4.9900,4.9900,5.0900,4.8100,4.8800,624849041,3076203072.2900,271442
20250211,002196,6.1900,6.1700,6.2700,6.1100,6.1700,25249500,155971853.0000,23395
20250211,002197,4.4100,4.4500,4.4700,4.3300,4.4200,21391096,94529505.8400,5414
20250211,002198,7.2200,7.2900,7.2900,7.0500,7.0900,7129100,50558797.0000,5063
20250211,002199,7.3800,7.5000,7.5400,7.1500,7.1800,24479403,177584866.9500,29814
20250211,002200,5.3800,5.4100,5.4300,5.2500,5.3100,1520000,8072420.5000,575
20250211,002201,5.3000,5.2900,5.3900,5.2200,5.3200,10749880,57097000.3200,10480
20250211,002202,9.3100,9.3200,9.3400,9.1300,9.2400,33072282,304301299.0900,38223
20250211,002203,10.4100,10.4000,10.4500,9.9900,10.1000,22659366,230309287.7200,18518
20250211,002204,5.0300,5.0200,5.0600,4.9800,5.0600,20087547,100822970.2400,22599
20250211,002205,9.5000,9.5900,9.6300,9.1300,9.5300,11242920,104964121.5600,18394
20250211,002206,4.3400,4.3400,4.4700,4.2900,4.3800,29262988,127448222.4000,22741
20250211,002207,5.3000,5.3500,5.4300,5.2400,5.4000,10425902,55517445.5600,6516
20250211,002208,6.9600,6.9500,7.0100,6.7200,6.7600,15366760,104297226.6000,16877
20250211,002209,10.5100,10.5000,10.6700,10.3400,10.6400,8412600,88494228.0000,12138
20250211,002210,2.2700,2.2700,2.2800,2.1900,2.2300,75351976,167118276.0600,18682
20250211,002211,3.7100,3.7100,3.7300,3.6200,3.6900,18547301,67898112.6500,13915
20250211,002212,8.9200,9.0000,9.8000,8.5600,8.8600,216487873,1958469283.0900,167638
20250211,002213,17.8400,17.5800,17.8900,16.4500,16.5800,62067205,1048733983.6900,82499
20250211,002214,10.7400,10.7400,10.7800,10.2300,10.3800,11699164,121511005.6700,16230
20250211,002215,10.0700,10.0700,10.2500,9.7800,10.1900,29324832,293020545.9200,22500
20250211,002216,11.5300,11.6100,11.6400,11.3700,11.4600,4436643,50754856.2200,7028
20250211,002217,2.1500,2.1400,2.2600,2.1300,2.2600,43812351,97778658.7500,4114
20250211,002218,3.5400,3.5300,3.5300,3.4500,3.4800,27985900,97280834.0000,14265
20250211,002219,2.6600,2.6700,2.6700,2.5800,2.6000,53129732,138431174.0200,20302
20250211,002221,9.6600,9.7100,9.7700,9.5200,9.6600,14355527,138189909.2800,14726
20250211,002222,35.8500,35.8600,37.6800,35.3400,37.0600,28678247,1048247656.7600,58874
20250211,002223,35.5900,35.5900,35.6000,34.5100,35.0500,14410320,503309613.7400,35670
20250211,002224,4.4000,4.4000,4.4300,4.3400,4.4000,6187900,27097459.0000,7294
20250211,002225,5.5000,5.6100,5.6500,5.3400,5.4700,22435200,122418537.0000,15197
20250211,002226,5.5700,5.5600,5.5900,5.4400,5.5200,19837360,109205003.4000,27019
20250211,002227,10.8500,10.9000,10.9000,10.6800,10.7800,3869900,41615519.0000,8475
20250211,002228,3.0700,3.0700,3.0800,3.0400,3.0700,11618840,35569958.4000,9064
20250211,002229,13.3800,13.6000,13.9500,13.2100,13.3500,100269947,1361182831.9300,113049
20250211,002230,55.0400,54.9200,55.0400,53.8000,53.9100,82880178,4507529027.7900,179938
20250211,002231,5.9500,5.9200,5.9800,5.8300,5.9000,11261240,66161878.2000,12173
20250211,002232,20.7500,20.5000,20.7400,20.2100,20.2800,18430839,376615970.3100,39011
20250211,002233,7.6300,7.6600,7.6800,7.5500,7.6500,6229500,47452394.0000,11633
20250211,002234,8.4600,8.4800,8.5100,8.2200,8.2800,5600167,46481541.1000,6731
20250211,002235,5.7400,5.7300,5.8800,5.6300,5.7800,46570325,268038035.7500,36394
20250211,002236,16.4000,16.3000,16.9500,16.2200,16.7800,78055679,1302494607.7200,104396
20250211,002237,11.3900,11.3100,11.5000,11.1200,11.1800,35766979,402432304.0000,37689
20250211,002238,8.4000,8.3000,8.6100,8.2100,8.4900,22125323,186324280.3600,28303
20250211,002239,3.1900,3.1900,3.2000,3.1500,3.1800,79186270,251499559.2700,34311
20250211,002240,13.6400,13.6000,13.6000,13.1400,13.2500,11461191,152398207.9800,19008
20250211,002241,29.2700,29.3300,29.5200,28.8000,29.1000,91822147,2676164057.8800,130428
20250211,002242,10.0500,10.1100,10.1400,9.9500,10.0300,4269805,42706746.0800,7165
20250211,002243,8.9000,8.9300,8.9300,8.6600,8.7700,21074900,184300029.0000,20841
20250211,002244,9.2200,9.3000,9.3700,9.0900,9.2100,35884069,331249162.7800,32584
20250211,002245,12.1400,12.1900,12.2500,11.9700,12.0700,60474600,730244920.0000,69154
20250211,002246,10.1100,10.1100,10.1100,9.8400,9.8600,11603400,115341993.0000,14798
20250211,002247,2.7600,2.7600,2.7700,2.6800,2.7100,23036000,62397986.0000,11718
20250211,002248,8.4900,8.4800,9.3400,8.3800,8.8000,52041804,466488929.3900,46363
20250211,002249,5.9700,5.9900,6.0100,5.9200,6.0000,46208717,276298091.6600,30123
20250211,002250,6.8500,6.8200,7.0400,6.7100,6.8900,51200602,349784522.0100,52507
20250211,002251,4.0800,4.0700,4.1000,4.0200,4.0400,17068437,69096533.5900,3734
20250211,002252,7.0800,7.0900,7.0900,7.0100,7.0400,22041660,155112111.6000,21405
20250211,002253,13.5700,13.7700,14.1200,13.1200,13.1700,40044092,542613395.9000,55927
20250211,002254,9.1900,9.2000,9.2100,8.9700,9.0900,9257906,83717127.8900,12255
20250211,002255,6.2100,6.2100,6.2300,6.0700,6.2100,23197300,142396692.0000,24065
20250211,002256,2.5300,2.5300,2.5300,2.4800,2.4800,42011100,104823424.0000,16723
20250211,002258,8.4500,8.4700,8.4800,8.3200,8.4600,8219655,68971912.7000,11323
20250211,002259,2.5400,2.5600,2.5800,2.5300,2.5400,5475600,13960339.0000,1278
20250211,002261,24.7200,27.1900,27.1900,27.1900,27.1900,55606841,1511950006.7900,36893
20250211,002262,22.5900,22.7400,22.7400,22.2300,22.4300,6509599,145640294.5400,15599
20250211,002263,2.5100,2.5200,2.5500,2.4700,2.5200,30416475,76358616.2700,12012
20250211,002264,6.3500,6.4000,6.4400,6.2800,6.3800,19493800,123976547.0000,16788
20250211,002265,30.7700,30.7700,30.7800,28.5000,28.9300,85647485,2509236251.1800,163481
20250211,002266,3.1400,3.1600,3.1600,3.1200,3.1500,25255926,79235849.5400,22098
20250211,002267,7.8100,7.8400,7.8600,7.7900,7.8200,4901713,38333374.6400,8723
20250211,002268,17.9400,17.8500,18.0500,17.6000,17.8200,14644496,261178556.6100,26149
20250211,002269,2.1800,2.1900,2.2300,2.1300,2.1500,140471000,303100681.0000,37630
20250211,002270,16.3200,16.3400,16.4400,16.0800,16.3300,5189966,84259274.6300,9558
20250211,002271,12.3800,12.4000,12.4200,12.1400,12.2100,24550250,299448423.6000,30408
20250211,002272,9.3500,9.2500,9.2900,8.9900,9.0000,50105770,454922843.6100,60268
20250211,002273,23.3200,23.3700,23.7900,23.3200,23.4200,43632242,1026192156.4300,67822
20250211,002274,8.0500,8.0400,8.1300,8.0100,8.1000,15558303,125727645.6800,14204
20250211,002275,13.8600,13.9400,13.9500,13.7400,13.8400,2721100,37584269.5000,8524
20250211,002276,8.7000,8.6900,8.7700,8.6600,8.7300,24526347,213782437.3100,20589
20250211,002277,5.1200,5.1700,5.2200,5.0900,5.1600,96158586,495703756.8800,58079
20250211,002278,5.6200,5.6000,5.6500,5.5400,5.6400,10113467,56661202.3000,10005
20250211,002279,7.4400,7.3000,7.3900,7.1200,7.2200,74515326,538248384.7300,50603
20250211,002281,49.6400,49.6400,50.4400,48.8100,49.7500,33082148,1643179290.9600,77347
20250211,002282,8.3500,8.4200,8.4600,8.1000,8.1000,23165598,190664042.5200,12643
20250211,002283,5.7300,5.7000,5.7100,5.6200,5.6900,19795200,112214767.0000,15420
20250211,002284,9.2600,9.5500,9.6800,9.0800,9.1500,66259157,614114817.9800,80045
20250211,002285,2.5900,2.6100,2.6200,2.5000,2.5100,32399104,81757557.2400,13568
20250211,002286,7.7200,7.7200,7.7500,7.5300,7.5900,7205300,54876431.0000,9243
20250211,002287,21.6200,21.6000,21.6500,21.2300,21.4300,785228,16779828.0400,2942
20250211,002289,3.9000,3.9000,4.0100,3.8800,4.0000,3431601,13609896.9600,1070
20250211,002290,17.6800,17.6000,17.9700,17.3900,17.6400,4759318,84012008.7000,8302
20250211,002291,6.9900,7.0100,7.6900,6.8300,7.3900,204296873,1480936453.5000,150706
20250211,002292,10.4900,10.5000,10.8500,10.4500,10.6100,161910746,1725316742.9800,130347
20250211,002293,7.5800,7.5600,7.6100,7.4900,7.5900,3611980,27297878.0000,6588
20250211,002294,29.9600,30.0700,30.1300,29.3700,29.6000,4516100,133411413.0000,13342
20250211,002295,7.6000,7.6500,7.7400,7.4800,7.6300,6553451,49990625.0700,6624
20250211,002296,10.9400,10.9400,11.3800,10.8000,11.2800,40142928,448302369.4800,47616
20250211,002297,6.6100,6.6100,6.6100,6.4700,6.5300,8597500,56043520.0000,9674
20250211,002298,5.3900,5.3400,5.4400,5.2200,5.3700,31413932,167895553.9200,28443
20250211,002299,14.2300,14.2900,14.3000,14.0400,14.2500,5773309,81809687.9300,12434
20250211,002300,5.3800,5.4100,5.4100,5.3000,5.3400,4728504,25218731.4800,7415
20250211,002301,7.5800,7.6800,7.9700,7.5500,7.9300,57515285,444253936.1600,49258
20250211,002302,6.3500,6.3500,6.3800,6.2600,6.3200,13670000,86159148.0000,16688
20250211,002303,3.4800,3.4800,3.4800,3.4100,3.4600,18748700,64456053.0000,16428
20250211,002304,77.5800,77.6300,77.7500,77.0200,77.1600,3037369,234372775.4900,10958
20250211,002305,1.6800,1.6800,1.7000,1.6100,1.6200,71089217,115744064.1800,14734
20250211,002306,2.7400,2.7600,2.7700,2.6300,2.6300,95151901,254285056.6300,38435
20250211,002307,3.6300,3.6300,3.7000,3.5800,3.6900,27852936,101477399.4500,10210
20250211,002309,2.4000,2.4000,2.4100,2.3500,2.3800,8563900,20274127.0000,1393
20250211,002310,1.7700,1.7600,1.8100,1.7400,1.7800,43482434,77444320.5200,3469
20250211,002311,47.8400,47.9300,49.0800,47.9000,48.3100,6445789,313080670.4900,21377
20250211,002312,13.9700,14.0000,14.0700,13.6100,13.7200,77900030,1069862091.6600,95583
20250211,002313,10.0600,9.9800,11.0700,9.8000,11.0700,36639750,376077845.5200,35444
20250211,002314,2.3300,2.3300,2.3600,2.2800,2.3000,21306700,48976565.0000,12248
20250211,002315,49.0900,48.6600,50.4000,48.1000,49.6200,19339281,952313259.4200,56406
20250211,002316,3.4700,3.4700,3.5500,3.4600,3.5300,11981780,42038240.8000,2317
20250211,002317,11.4200,11.4200,11.4200,11.1300,11.1400,20528917,229562259.2400,20442
20250211,002318,23.6600,23.6000,24.2400,23.6000,24.0500,5512361,132613764.6000,16851
20250211,002319,11.6000,11.6100,11.6700,11.3600,11.4700,3453500,39596284.0000,5178
20250211,002320,6.3600,6.3700,6.4200,6.3100,6.3600,13511284,85791600.7700,12255
20250211,002321,2.4700,2.4700,2.4900,2.3900,2.4200,32586089,78685978.4900,10806
20250211,002322,14.0200,13.9100,14.0700,13.7400,13.8600,8888211,123515776.1200,11286
20250211,002323,1.7700,1.7700,1.7800,1.7000,1.7300,59891506,103691420.2300,16540
20250211,002324,9.7100,9.7400,9.7500,9.4900,9.6500,11908558,114057515.0200,16382
20250211,002326,8.6800,8.7000,8.7200,8.4800,8.5900,9109486,77942026.0200,13814
20250211,002327,8.7500,8.7500,8.8200,8.7100,8.7800,3168400,27745042.0000,5903
20250211,002328,6.2100,6.1900,6.3800,6.1400,6.3000,34314617,214970340.2300,24669
20250211,002329,3.4400,3.4500,3.4800,3.3300,3.3600,21038515,70772055.5100,16989
20250211,002330,4.5200,4.5100,4.5500,4.4400,4.5200,9525600,42853002.0000,10415
20250211,002331,8.3600,8.3200,8.4300,8.2400,8.2700,13098180,109164790.6000,19895
20250211,002332,10.1500,10.1500,10.1600,9.9800,10.0100,16753185,168074413.7600,14961
20250211,002333,5.5900,5.6000,5.6200,5.5100,5.6000,5146800,28576940.0000,5346
20250211,002334,8.0200,8.0300,8.4200,7.9200,8.3700,80395984,657013366.9500,60724
20250211,002335,33.8400,34.8000,36.0000,34.1800,34.6900,61511353,2155996930.1400,106115
20250211,002336,5.4700,5.4800,5.5000,5.2800,5.2900,2926029,15683307.2500,1607
20250211,002337,5.4300,5.4400,5.4800,5.3500,5.4500,17128803,92749348.4400,16770
20250211,002338,41.3000,41.2000,41.4800,40.2300,40.7300,6076254,248506096.8700,15930
20250211,002339,7.2900,7.2600,7.2800,7.1300,7.2300,29895801,215300259.0200,36965
20250211,002340,6.6300,6.6400,6.6400,6.5200,6.5400,53118762,348052401.0400,36319
20250211,002342,3.2700,3.2600,3.2800,3.2100,3.2300,13149700,42495153.0000,12100
20250211,002343,6.7000,6.6900,6.7500,6.5400,6.6700,18595661,123611876.4200,19191
20250211,002344,4.4400,4.4500,4.4600,4.3500,4.4300,22853800,100409403.0000,21110
20250211,002345,5.3900,5.4000,5.7600,5.4000,5.6600,53050696,299335965.1900,39792
20250211,002346,11.2700,11.2800,11.4000,11.1600,11.3800,9520000,107525190.0000,9992
20250211,002347,7.7200,7.7200,7.8100,7.5800,7.7500,58678805,452744075.6600,51925
20250211,002348,3.4300,3.4500,3.7700,3.4500,3.7700,126800109,472997258.2700,40690
20250211,002349,7.6600,7.6800,7.6800,7.5000,7.5600,12309443,92889542.6500,15079
20250211,002350,6.4800,6.5000,6.5500,6.3700,6.4900,9877029,63614862.4100,19238
20250211,002351,17.4800,17.6600,17.8800,17.2300,17.3500,22547487,393304958.6700,32695
20250211,002352,40.4700,40.4700,40.6800,40.1800,40.4200,14914831,603293724.0500,35531
20250211,002353,37.6500,37.6500,37.8500,37.3000,37.6600,7374850,276919692.5000,20738
20250211,002354,8.0500,8.1000,8.7000,7.8600,8.1600,611553952,5053557597.1100,470916
20250211,002355,7.3800,7.3900,7.4200,7.1600,7.2900,34335700,249303922.0000,31735
20250211,002356,3.3000,3.3000,3.3100,3.2100,3.2400,9868300,31913428.0000,6363
20250211,002357,7.4900,7.5200,7.5200,7.3500,7.4800,5214760,38732759.8000,4961
20250211,002358,5.0000,5.0000,5.0100,4.9200,4.9900,34762300,172492264.0000,26944
20250211,002360,5.0300,5.0500,5.0600,5.0000,5.0400,5212696,26216726.9200,2492
20250211,002361,5.2000,5.1700,5.2000,5.1000,5.1200,39282500,201523141.0000,30404
20250211,002362,27.3700,27.2800,27.9000,26.2800,26.2800,26729111,721682181.3000,45899
20250211,002363,7.1300,7.1500,7.1900,7.0900,7.1400,8430270,60107936.7000,14114
20250211,002364,13.4700,13.3800,14.8200,13.2900,14.4700,132412088,1923298766.1000,116624
20250211,002365,8.4900,8.5200,8.5300,8.3400,8.4300,2041950,17160322.0000,4994
20250211,002366,5.1100,5.1100,5.1400,5.0000,5.0700,39889388,201269006.5200,28240
20250211,002367,7.0500,7.0100,7.0300,6.9200,6.9700,12631083,88131313.6800,17860
20250211,002368,26.5200,26.2100,27.2000,25.7400,26.6600,23139610,612470879.1200,47362
20250211,002369,8.0100,8.0100,8.8000,7.8100,8.1100,197033904,1622510946.0000,146253
20250211,002370,3.5500,3.5300,3.5600,3.4500,3.5000,30917448,107742309.4900,24272
20250211,002371,405.9800,404.0000,406.9900,398.1500,401.6800,5296405,2126877115.5000,33081
20250211,002372,12.2000,12.2000,12.2000,11.9700,12.0300,8517755,102479756.0000,14160
20250211,002373,10.0400,10.1000,10.1000,9.8000,9.9300,30720672,304714654.2200,35839
20250211,002374,2.6900,2.7200,2.7200,2.6100,2.6300,17115500,45124619.0000,9227
20250211,002375,3.9000,3.9000,3.9600,3.8500,3.9000,14508900,56542736.0000,12726
20250211,002376,7.0000,7.0000,7.2000,6.9000,7.1200,27792194,196344630.9600,30887
20250211,002377,3.1000,3.1000,3.1100,3.0200,3.0300,22443904,68211892.0800,10079
20250211,002378,6.8600,6.8600,6.8800,6.7800,6.8200,10024430,68241187.4000,14132
20250211,002379,10.2900,10.2600,10.5200,10.2600,10.3000,24278108,252353722.0800,20194
20250211,002380,23.4700,23.4700,23.4900,22.5000,22.7800,20587204,472806107.2000,50151
20250211,002381,6.7600,6.7600,6.8200,6.7200,6.7900,5480100,37063987.0000,5716
20250211,002382,5.0100,5.0100,5.0300,4.9300,4.9700,6511346,32287955.2300,9529
20250211,002383,8.1700,8.1600,8.2000,7.9900,8.0600,18594400,150079471.0000,24188
20250211,002384,33.0000,32.8800,33.8000,32.1100,33.3800,71673073,2354188813.3100,99726
20250211,002385,4.2200,4.2000,4.2100,4.1300,4.1500,44181450,183476339.0000,26930
20250211,002386,4.3600,4.4900,4.5200,4.3700,4.4200,26661135,117898657.6700,13781
20250211,002387,10.7000,10.7300,11.0000,10.4700,10.6500,43243688,462105570.9800,47121
20250211,002388,3.4600,3.4600,3.5000,3.4000,3.4900,15300818,52638036.9200,3215
20250211,002389,18.0400,18.0300,18.4200,17.8100,18.2000,17304466,314055836.9100,26893
20250211,002390,4.2300,4.2300,4.2700,4.1400,4.1600,31647237,132248234.5500,29278
20250211,002391,5.0400,5.0500,5.0600,5.0000,5.0400,3200590,16088938.7000,2923
20250211,002392,4.6400,4.6300,4.6500,4.5500,4.6200,11679782,53695248.5800,10202
20250211,002393,17.4800,17.5300,17.5300,17.2900,17.4200,1267236,22019896.5600,4272
20250211,002394,7.9300,7.8800,8.0000,7.8100,7.9700,15326354,120902664.5300,11739
20250211,002395,17.2900,17.3000,17.4400,17.0900,17.3100,4589900,79210315.0000,8848
20250211,002396,20.7900,20.6500,21.2800,20.4700,20.9600,31387697,654967786.6800,55493
20250211,002397,3.5200,3.5200,3.8700,3.5000,3.8700,89523008,326973690.6400,42400
20250211,002398,5.5400,5.4700,5.9000,5.2300,5.5100,129271120,704820281.8300,62523
20250211,002399,10.4800,10.5200,10.5200,10.2600,10.3600,3307500,34190037.0000,8254
20250211,002400,9.1500,9.1400,10.0700,8.9500,9.8300,472353637,4511512691.5000,270940
20250211,002401,16.1700,16.1700,16.2400,15.8300,16.0500,7429577,119394732.5100,14714
20250211,002402,19.1200,19.1400,19.1600,18.8000,18.8400,53472798,1012575190.8500,64096
20250211,002403,18.2100,18.1800,19.0000,18.0100,18.7700,50550683,935734783.9500,80743
20250211,002404,6.2900,6.3000,6.3300,6.2200,6.3300,7151600,44865434.0000,9933
20250211,002405,9.9500,10.1200,10.1500,9.7400,9.7800,75686689,742909371.2700,71969
20250211,002406,6.9600,6.9600,7.1900,6.8500,6.9100,39815039,277451224.5200,33538
20250211,002407,11.9800,12.0000,12.0100,11.7600,11.8300,12891150,152385845.4000,19950
20250211,002408,4.8900,4.9100,4.9100,4.8200,4.8600,15857056,77027306.0500,11696
20250211,002409,61.9100,61.6600,62.0000,60.6100,61.1300,6465045,394849155.7000,20203
20250211,002410,13.1700,13.1500,13.2200,12.9000,13.0300,65373587,853236220.1000,60604
20250211,002412,6.1400,6.1600,6.1700,6.0600,6.1200,4596200,28020997.0000,7182
20250211,002413,4.7100,4.8500,5.0800,4.8200,4.8900,122643020,602174005.5300,61090
20250211,002414,7.2700,7.3000,7.4000,7.1700,7.2500,54788739,399166238.4600,58981
20250211,002415,31.0500,31.1000,31.5800,30.8900,31.2200,58968657,1847552660.8500,94998
20250211,002416,13.9200,14.1000,14.2800,13.6600,14.0500,80829423,1129123654.1000,102198
20250211,002418,3.0800,3.0800,3.2400,3.0000,3.1200,164977203,511388444.3600,66725
20250211,002419,5.1700,5.2300,5.2800,5.1400,5.1900,21529650,111726514.5000,19739
20250211,002420,5.9900,5.9700,6.0900,5.9500,6.0800,16192200,97762963.0000,11844
20250211,002421,3.9200,3.8600,3.8800,3.7500,3.8100,158979124,606586471.2000,60195
20250211,002422,28.4000,28.4000,28.5000,27.5800,27.7500,17615306,490326901.6300,32684
20250211,002423,13.8900,13.8800,13.8900,13.5300,13.6400,42982669,585855405.8700,50840
20250211,002424,4.0400,4.0200,4.0300,3.9500,3.9800,16034200,63871466.0000,4071
20250211,002425,2.2600,2.2700,2.2700,2.2100,2.2200,20827940,46409079.8000,2378
20250211,002426,3.0800,3.1100,3.3900,3.0800,3.3900,369008188,1209039602.3200,75252
20250211,002427,3.5900,3.6000,3.6000,3.5200,3.5700,10869887,38550986.1100,9746
20250211,002428,19.9100,19.9100,19.9200,19.5600,19.6200,23648336,465211399.5400,38591
20250211,002429,5.5700,5.5800,5.5900,5.4500,5.4900,79815583,438301938.7300,36122
20250211,002430,21.0700,21.0800,21.1500,20.5600,21.0400,5754483,120161791.5000,12758
20250211,002431,2.1100,2.1300,2.1400,2.0600,2.0800,21635546,44986938.1800,7657
20250211,002432,43.2400,43.3600,44.2400,42.4800,43.5100,15697324,679269295.0700,44734
20250211,002434,6.5500,6.6000,6.6100,6.5200,6.5900,13055300,85617410.0000,16240
20250211,002436,11.9700,11.8100,11.8800,11.6600,11.7000,61801855,725385694.5000,60967
20250211,002437,2.6200,2.6200,2.6200,2.5600,2.5800,51294500,132231597.0000,15069
20250211,002438,12.3200,12.2900,12.3100,12.0800,12.2400,6512200,79339401.0000,9373
20250211,002439,17.9600,17.6200,17.8500,17.0900,17.3800,56291350,979950926.5600,60690
20250211,002440,6.8900,6.8800,7.0200,6.8600,6.9900,6955220,48342298.6000,7513
20250211,002441,8.5500,8.6000,9.4100,8.5600,9.4100,29339933,265224892.7100,19955
20250211,002442,5.6700,5.7000,5.7000,5.5800,5.6800,10113268,57053618.5600,14557
20250211,002443,6.0200,6.0300,6.0400,5.9800,6.0000,5253172,31539447.9800,4033
20250211,002444,31.0600,31.0600,31.3200,30.7100,31.0900,11098440,343602903.6700,32101
20250211,002445,2.5100,2.5000,2.5600,2.4600,2.5300,75827200,190818104.8000,19952
20250211,002446,6.3800,6.3800,6.3800,6.2400,6.3000,21099637,132748238.0700,27853
20250211,002448,8.0600,8.0900,8.3100,7.6500,7.6600,127852694,1013654933.5600,87019
20250211,002449,10.9100,10.9000,11.1000,10.8500,10.9100,72872501,798148603.8900,75841
20250211,002451,6.5700,6.5700,6.6600,6.5000,6.6500,9009302,59360600.2200,11601
20250211,002452,7.6700,7.6400,7.6700,7.5500,7.6100,9529500,72472960.0000,7706
20250211,002453,5.4800,5.4800,5.4800,5.2900,5.3500,18845800,100633520.0000,21847
20250211,002454,7.0500,7.0700,7.0800,6.9700,7.0200,5418350,37953490.0000,8562
20250211,002455,7.8600,7.8800,7.8800,7.7000,7.7400,9465873,73318284.7500,11150
20250211,002456,14.3500,14.0800,14.0800,13.7000,13.7300,366763424,5082320884.1200,358953
20250211,002457,12.1800,12.2200,12.2300,11.9400,11.9600,11951900,144049344.0000,16003
20250211,002458,8.8700,8.8900,8.9200,8.7200,8.7700,8468180,74242586.2000,11909
20250211,002459,13.4200,13.4200,13.4600,12.8500,12.9000,58632007,761551288.7100,79840
20250211,002460,35.8800,35.7800,35.7800,34.4300,34.5000,29447748,1022099899.9500,67790
20250211,002461,9.2500,9.2800,9.3600,9.1800,9.2200,5904699,54673108.7300,14736
20250211,002462,12.9600,12.9200,12.9600,12.7500,12.8500,2379300,30525401.0000,5237
20250211,002463,39.1900,39.0700,40.0000,39.0000,39.5900,48911796,1937938352.8600,93940
20250211,002465,11.3900,11.3500,11.4400,11.1400,11.3200,35281413,398242471.5800,36574
20250211,002466,32.5800,32.5800,32.5800,31.3900,31.4400,23618542,748500951.9300,56674
20250211,002467,7.1100,7.0200,7.0300,6.7000,6.7100,236321896,1602690316.2700,141893
20250211,002468,10.7600,10.7400,10.9200,10.6500,10.8700,13901543,150171891.6800,24459
20250211,002469,7.6000,7.5900,7.6300,7.4600,7.5700,21605750,163171344.5000,23067
20250211,002470,1.9900,2.0000,2.0300,1.9500,2.0100,97336509,193867833.0000,20050
20250211,002471,2.7000,2.7000,2.7100,2.6200,2.6500,19624945,51951762.5500,11869
20250211,002472,36.7300,36.5000,37.0800,36.0500,36.2400,27567766,1003028256.9900,43703
20250211,002474,6.8700,6.8100,6.8400,6.6200,6.7200,39264901,263722227.7500,38365
20250211,002475,42.6600,42.6800,42.9700,41.8800,42.2300,43863664,1855163677.6200,88181
20250211,002476,4.5000,4.5200,4.5300,4.4300,4.5200,10833722,48584494.8800,11096
20250211,002478,5.1800,5.1900,5.2000,5.1500,5.1900,6492476,33575871.9200,6106
20250211,002479,4.7500,4.7600,4.7800,4.7100,4.7600,8664770,41030704.5000,12428
20250211,002480,5.5300,5.5100,5.5300,5.2500,5.3200,25307408,134827102.3200,18227
20250211,002481,5.4000,5.4200,5.4300,5.2600,5.3100,20495942,108850323.8600,19103
20250211,002482,2.0600,2.0700,2.0800,2.0100,2.0400,34111998,69187699.9600,13145
20250211,002483,6.1400,6.1700,6.2600,6.1000,6.2400,26820200,166066501.2000,21389
20250211,002484,21.8700,22.0000,23.0500,21.7500,22.5600,58240560,1310925692.1800,90457
20250211,002485,2.7500,2.7600,2.7700,2.7100,2.7400,1760200,4813649.0000,616
20250211,002486,2.4800,2.4900,2.5100,2.4200,2.4800,21291300,52435936.0000,9316
20250211,002487,20.1200,20.0000,20.1200,19.7200,19.7700,10861095,215678914.6000,21750
20250211,002488,10.9600,10.9100,11.2800,10.8100,11.1400,15071205,167096766.0800,15540
20250211,002489,3.5000,3.5200,3.5600,3.4800,3.5500,53732253,189211647.5900,28207
20250211,002490,3.3300,3.3000,3.3700,3.2800,3.3200,10473100,34842771.0000,2300
20250211,002491,4.9200,4.8800,4.9700,4.8400,4.9200,28716646,141061083.8600,25708
20250211,002492,5.0400,5.0500,5.1000,5.0100,5.0200,5387700,27122293.0000,4185
20250211,002493,9.0200,9.0100,9.0500,8.9200,9.0000,13349653,120066305.9500,19493
20250211,002494,4.2600,4.2800,4.2800,4.1900,4.2600,11612224,49232722.0400,10422
20250211,002495,2.4800,2.5100,2.5200,2.4200,2.4700,42040762,103230250.4700,17291
20250211,002496,1.7000,1.7200,1.7400,1.6400,1.6600,55729220,92416867.0000,15250
20250211,002497,13.0200,13.0300,13.1600,12.8700,12.9500,14273256,184879381.1600,22239
20250211,002498,3.3200,3.3300,3.3300,3.2700,3.3100,16470735,54227031.5500,17113
20250211,002500,6.2400,6.2400,6.2600,6.1200,6.1900,25161775,155175313.0000,22974
20250211,002501,1.7700,1.7700,1.7800,1.7000,1.7200,98188904,168641429.8800,23442
20250211,002506,2.6300,2.6500,2.6600,2.5600,2.5800,82390700,212931437.0000,36888
20250211,002507,13.3700,13.4100,13.4300,13.1000,13.1800,17759668,234245156.1000,19350
20250211,002508,21.0400,21.0400,21.1500,20.8200,21.0300,4545834,95154807.6100,11494
20250211,002510,5.8500,5.8500,5.8600,5.7200,5.7900,38471256,222301159.1000,31779
20250211,002511,6.7700,6.7800,6.7900,6.6700,6.7100,6517408,43663548.5200,10297
20250211,002512,5.0800,5.0800,5.1000,4.9400,5.0300,62654140,315169281.8000,48122
20250211,002513,4.6000,4.6000,4.6200,4.4600,4.5200,7714100,34757465.0000,7704
20250211,002514,7.9400,7.9800,7.9800,7.7200,7.8100,32740470,255631806.1500,21969
20250211,002515,4.5000,4.5000,4.5300,4.4300,4.4500,13189816,58803966.2000,7886
20250211,002516,5.1900,5.2300,5.2700,5.1700,5.2200,16694991,87153992.1100,17349
20250211,002517,15.6500,15.6000,15.8500,15.4500,15.5200,45239728,707636176.1000,58556
20250211,002518,25.0000,24.9600,25.8600,24.7300,25.4000,41308752,1042633795.6400,65836
20250211,002519,5.1900,5.2400,5.2400,5.1000,5.1200,58052152,298683813.8400,37838
20250211,002520,7.1200,6.8900,7.1100,6.7600,6.9600,118366858,819389750.4100,84646
20250211,002521,9.4500,9.4500,9.4600,9.2700,9.3300,3072400,28663387.0000,3073
20250211,002522,4.0600,4.0700,4.3000,4.0200,4.1400,21927359,90878795.8100,14971
20250211,002523,3.4700,3.4700,3.4800,3.3900,3.4300,49316971,168551930.8200,28049
20250211,002524,3.8200,3.8600,3.8700,3.7200,3.7700,8739700,32881353.0000,8442
20250211,002526,4.3600,4.3300,4.4700,4.2200,4.3000,244464543,1059884570.8900,122762
20250211,002527,10.1500,10.1500,10.1500,10.1500,10.1500,0,0.0000,0
20250211,002528,2.6300,2.6500,2.6800,2.5700,2.6300,29494939,77331612.3800,6880
20250211,002529,7.1500,7.1300,7.3000,6.9500,7.2500,18149425,129426435.2400,22991
20250211,002530,12.0000,11.9100,12.1600,11.7600,11.9000,136417585,1631727446.5600,129239
20250211,002531,7.3900,7.3900,7.3900,7.2600,7.2900,23345594,170386652.3200,14862
20250211,002532,8.8300,8.8800,9.1700,8.8500,9.0200,49431985,447702205.6700,50741
20250211,002533,9.7100,9.6900,9.7100,9.5300,9.6400,9243647,88752890.7600,15671
20250211,002534,12.9000,12.9200,12.9300,12.6400,12.8600,13342104,170634796.5800,20862
20250211,002535,3.9700,3.9700,3.9800,3.9100,3.9500,11372271,44779200.7400,11565
20250211,002536,13.4200,13.3500,13.5000,13.1400,13.2600,33682660,446796704.8800,42297
20250211,002537,5.9000,5.9000,5.9100,5.8000,5.8600,11919922,69650020.6800,14570
20250211,002538,5.7500,5.7300,5.7800,5.6800,5.7600,11519698,66061963.8300,10395
20250211,002539,7.7700,7.7900,7.8600,7.7000,7.8300,10604359,82513495.8400,15546
20250211,002540,6.0300,6.0300,6.2800,6.0200,6.1600,19473985,120351502.6000,20890
20250211,002541,15.9500,15.9500,16.0300,15.3600,15.7500,5299980,82516178.8000,12290
20250211,002542,4.1000,4.3000,4.3200,4.0300,4.0600,253293019,1059640822.7900,147184
20250211,002543,11.1400,11.1500,11.6100,11.1000,11.3900,20127315,228501547.2300,23843
20250211,002544,20.9400,20.9400,21.2600,20.4000,21.0000,9031700,188106511.0000,17315
20250211,002545,7.0500,7.0500,7.0700,6.9500,7.0400,11441650,80220069.0000,15253
20250211,002546,4.7300,4.7100,4.7400,4.6500,4.7400,20114900,94724368.0000,19563
20250211,002547,4.6700,4.6700,4.6900,4.5600,4.6200,57907501,267446383.6100,45353
20250211,002548,3.9600,3.9600,3.9800,3.8900,3.9200,20519100,80328254.0000,12847
20250211,002549,6.4800,6.4800,6.5100,6.3700,6.4800,13549497,87237779.7100,12157
20250211,002550,5.7900,5.8000,5.8100,5.6200,5.6500,20366700,115238198.0000,24084
20250211,002551,3.3500,3.3400,3.3500,3.2600,3.3100,15047908,49592625.3400,14354
20250211,002552,15.4500,15.5500,17.0000,15.4700,16.5100,36516026,596689359.2200,41617
20250211,002553,15.1500,15.0300,15.1400,14.7700,14.8100,18941431,281784719.3500,27306
20250211,002554,2.5600,2.5800,2.6000,2.5300,2.5500,10127000,25866708.0000,5876
20250211,002555,16.1200,16.1200,16.2000,15.8900,16.0100,47747955,764827778.3500,60282
20250211,002556,5.6400,5.6500,5.6500,5.5500,5.6100,10371169,57969940.9200,13395
20250211,002557,27.4700,27.5900,27.5900,26.9500,27.2200,5794661,157329898.5700,15541
20250211,002558,14.9700,14.9700,15.2700,14.7600,15.0500,45627524,685103262.0800,56096
20250211,002559,9.9100,9.9200,9.9300,9.7400,9.7900,26822000,262703352.0000,25593
20250211,002560,6.7500,6.6900,6.8400,6.6500,6.8100,37644403,254898779.1900,36527
20250211,002561,8.7500,8.7800,8.8200,8.6000,8.7100,10114191,88148836.7100,13534
20250211,002562,4.4500,4.4000,4.7000,4.3100,4.5600,62455991,282063651.8400,51445
20250211,002563,6.4100,6.4100,6.4500,6.2900,6.3500,11089966,70706191.3500,21433
20250211,002564,4.2000,4.2200,4.2200,4.1300,4.1800,6084900,25312950.0000,1271
20250211,002565,3.1700,3.1600,3.1800,3.1100,3.1300,22784490,71324323.3000,15903
20250211,002566,6.9700,7.0100,7.0100,6.9100,6.9500,2111400,14673211.0000,4619
20250211,002567,4.9500,4.9700,4.9700,4.8900,4.9200,32246886,158447964.6400,13787
20250211,002568,23.4400,23.5000,23.7000,22.8900,22.9500,8310267,191624184.1600,17612
20250211,002569,8.2900,8.2300,8.3400,7.9200,7.9800,1144100,9280634.0000,904
20250211,002570,4.4400,4.4500,4.4700,4.3100,4.3700,49888997,217195097.0400,26386
20250211,002571,4.6800,4.6500,4.9400,4.6500,4.7000,44922240,213852839.6000,24408
20250211,002572,16.2300,16.4000,16.4000,16.0000,16.1900,8939117,144174626.0600,17800
20250211,002573,4.0400,4.0000,4.0300,3.9100,3.9500,22909079,90409614.7400,15030
20250211,002574,4.7400,4.7700,4.8300,4.7200,4.7800,9842133,47009319.0100,9232
20250211,002575,8.0700,7.9000,8.1400,7.7500,7.8500,44956906,355331813.9200,26788
20250211,002576,15.9800,16.0000,16.1400,15.8200,15.8900,13217001,210752987.8900,21407
20250211,002577,23.3500,23.5200,25.6900,23.1300,25.6900,32367152,797616164.7300,45521
20250211,002578,3.1600,3.1600,3.2000,3.1300,3.1700,28548204,90356996.6400,15851
20250211,002579,8.8100,8.8300,8.8700,8.7300,8.7900,26032000,228925674.0000,29212
20250211,002580,8.9600,8.9200,8.9600,8.8300,8.8800,17725120,157297913.8000,10926
20250211,002581,10.8300,10.8000,10.8400,10.4100,10.6000,7760200,81823315.0000,10535
20250211,002582,9.2300,9.3900,9.9500,9.1700,9.8900,103090417,983965731.1300,96501
20250211,002583,14.5800,14.4900,14.7800,14.0000,14.0100,201336598,2864715535.6000,232362
20250211,002584,8.1700,8.1200,8.1400,7.9700,8.0000,30873250,247656486.5000,18134
20250211,002585,5.1500,5.1700,5.1800,5.0100,5.0900,17757015,89807113.5700,20360
20250211,002586,2.1500,2.1600,2.1600,2.0700,2.1300,7018672,14777228.9200,1209
20250211,002587,6.4600,6.5000,6.5100,6.3700,6.4200,21848110,140103100.0000,24847
20250211,002588,7.2500,7.2500,7.3100,7.1900,7.2700,10417072,75437853.4000,10627
20250211,002589,2.9700,2.9700,2.9700,2.9000,2.9300,18682070,54654674.1000,9244
20250211,002590,13.1900,13.2100,13.3000,12.9900,13.0700,8328800,108901511.0000,12890
20250211,002591,5.2900,5.2900,5.3200,5.1400,5.2400,9945200,51752981.0000,10112
20250211,002592,5.1700,5.1300,5.1800,5.0900,5.1000,3284900,16807243.0000,1399
20250211,002593,5.2800,5.3500,5.8100,5.1900,5.6400,177826791,982930824.4300,102963
20250211,002594,330.1300,339.3000,340.3000,326.0100,329.9000,28036356,9315885530.0500,128851
20250211,002595,49.1900,48.9900,49.7600,48.9000,49.4700,1709500,84337362.7600,8871
20250211,002596,3.4200,3.4300,3.5100,3.3800,3.4400,49125572,168924593.2600,16359
20250211,002597,23.6600,23.6600,23.8900,23.4700,23.5700,5512388,130075032.2900,13164
20250211,002598,9.7800,9.7600,9.8400,9.7200,9.8300,7901400,77367116.0000,11610
20250211,002599,9.5400,9.5400,9.6500,9.1000,9.1100,108916541,1014225075.9700,83167
20250211,002600,9.8000,9.7600,9.9400,9.7000,9.7900,288599396,2832995777.6800,196852
20250211,002601,17.9900,18.0400,18.1700,17.9300,18.1000,10753717,194123766.9200,21434
20250211,002602,5.5800,5.7300,5.7400,5.5000,5.5300,140060229,783661672.0100,29672
20250211,002603,14.9000,14.9000,14.9100,14.5000,14.6400,19972809,292396772.9700,29205
20250211,002605,30.1700,30.3500,31.4500,30.1400,30.5000,18603034,570888645.9200,43604
20250211,002606,9.6300,9.6100,9.7100,9.5100,9.6800,7930900,76200826.0000,11931
20250211,002607,3.7600,3.6500,3.8600,3.6100,3.7000,655168472,2421672423.3800,193402
20250211,002608,7.4500,7.4500,7.4700,7.3900,7.4200,11096454,82336562.4000,12867
20250211,002609,8.6300,8.5800,8.7300,8.4800,8.6200,12390457,106768102.2000,19981
20250211,002611,12.3700,12.3300,12.4700,12.1000,12.2300,104911883,1285116245.9700,91721
20250211,002612,15.8000,15.9000,15.9500,15.6000,15.7000,5440763,85429289.3200,10271
20250211,002613,4.2500,4.2600,4.3200,4.2300,4.2600,40201528,171572979.3400,27454
20250211,002614,6.7300,6.7800,6.9300,6.6900,6.7500,14352052,97096882.8700,15581
20250211,002615,8.3300,8.3300,8.3600,8.2400,8.3200,8458580,70129526.8100,13380
20250211,002616,4.9000,4.9000,4.9200,4.8200,4.8900,6744900,32795871.0000,8109
20250211,002617,7.9100,7.8800,8.2500,7.7700,8.2500,250435036,2022151242.5500,180744
20250211,002620,3.3500,3.3900,3.4300,3.2600,3.3400,12371093,41078372.6900,12448
20250211,002622,2.9500,2.9400,2.9600,2.8500,2.8600,24583500,70646962.0000,13464
20250211,002623,15.5500,15.5500,15.5500,15.3000,15.4000,1277900,19629307.0000,2555
20250211,002624,11.3400,11.3000,11.5200,11.1400,11.3000,32904257,371712976.8800,39706
20250211,002625,42.9400,42.8600,42.8600,41.3600,42.0300,30011005,1260425542.0000,62203
20250211,002626,14.6600,14.6600,14.7200,14.4100,14.5400,3400302,49271410.0800,9526
20250211,002627,5.0800,5.0900,5.0900,5.0100,5.0400,5089503,25629725.0300,7925
20250211,002628,4.5900,4.5900,4.5900,4.4000,4.4800,36286102,161657224.8400,23733
20250211,002629,4.7300,4.8300,4.8700,4.6700,4.7500,41446650,197115418.5000,26180
20250211,002630,4.3700,4.2000,4.5000,4.2000,4.3800,148077518,646780716.1900,46031
20250211,002631,4.1300,4.1900,4.1900,4.0200,4.0800,13464943,54742137.8500,13009
20250211,002632,8.7500,8.7500,9.3500,8.6600,8.9400,37379401,336848132.1200,47820
20250211,002633,11.3200,11.3200,11.4100,11.2100,11.3300,2218100,25050019.0000,4547
20250211,002634,3.6700,3.6900,3.7400,3.6000,3.7100,19124200,70165406.0000,16180
20250211,002635,16.2000,16.2000,16.5000,16.1100,16.3600,16312167,266030023.3100,26421
20250211,002636,8.8800,8.8700,8.9100,8.7600,8.8200,28138001,248627890.6800,39608
20250211,002637,9.8900,9.8500,10.1600,9.7700,10.0600,7805912,77871096.2400,10775
20250211,002638,2.3400,2.3500,2.3600,2.2800,2.3100,32356390,74449151.9000,13017
20250211,002639,7.0200,7.0100,7.0800,6.8800,7.0100,28692400,200276429.0000,29520
20250211,002640,4.8000,4.8100,4.8400,4.6400,4.7100,211756227,999134949.9100,106019
20250211,002641,4.3900,4.3900,4.4100,4.3100,4.3600,10305800,44762662.4000,8170
20250211,002642,8.1300,8.1600,8.1600,7.9200,8.0500,45361310,364826496.2600,44617
20250211,002643,10.8500,10.8400,10.8400,10.5100,10.6900,16585591,176549355.7400,20431
20250211,002644,8.0500,8.0500,8.0500,7.9500,8.0100,2958300,23630988.0000,4080
20250211,002645,7.0000,7.0600,7.0700,6.8500,6.9400,7243616,50003063.8800,9341
20250211,002646,9.8100,9.8200,9.8800,9.6300,9.7100,6501522,63328303.9700,9097
20250211,002647,5.8700,5.9900,6.1600,5.7400,6.1200,34368957,206993658.2200,11784
20250211,002648,20.0900,20.2000,21.2000,20.1800,21.0400,37333541,781506158.1400,54181
20250211,002649,14.0900,13.9500,14.2800,13.7600,14.0000,33875354,473492414.1600,52031
20250211,002650,4.6400,4.6600,4.6600,4.4600,4.5200,4980600,22564152.0000,1644
20250211,002651,6.9400,6.9100,6.9600,6.8300,6.9200,9008000,62098474.9700,18068
20250211,002652,3.0600,3.0500,3.0600,2.9800,3.0200,12393500,37230652.0000,6446
20250211,002653,32.0400,31.9800,32.1500,30.4000,30.8000,5909251,182215976.5700,16706
20250211,002654,12.8300,12.7700,12.9300,12.5700,12.5800,36629300,464314987.0000,41995
20250211,002655,13.7000,13.6800,13.9200,13.5400,13.7700,23650320,324640385.8000,40139
20250211,002656,2.1800,2.2700,2.2900,2.0800,2.1000,51466600,112857446.7800,5822
20250211,002657,21.3500,21.5000,22.2700,20.8100,21.9500,53453485,1165460086.7000,69586
20250211,002658,6.6600,6.6600,6.9100,6.6000,6.8700,12748369,86578981.3000,11057
20250211,002659,5.1800,5.1500,5.2300,5.0100,5.0600,27600500,140663805.0000,17056
20250211,002660,11.1700,11.1000,11.3800,10.8600,11.0000,31799860,351035695.9400,30787
20250211,002661,9.9900,10.0000,10.1000,9.9000,10.0000,5552966,55456380.3400,6987
20250211,002662,3.8600,3.8600,3.8600,3.8000,3.8300,15640100,59822303.0000,14712
20250211,002663,1.9500,1.9600,1.9600,1.9000,1.9200,19777059,37887098.0400,8270
20250211,002664,16.9000,16.8800,17.8900,16.8000,17.6100,34665311,603492672.9000,32971
20250211,002666,4.8500,4.8200,4.8200,4.7500,4.7800,19647496,93808320.0200,10184
20250211,002667,10.1900,10.1500,10.2100,10.0100,10.0700,8493500,85681036.0000,13138
20250211,002668,12.2100,12.2500,12.5600,12.2500,12.4200,20178767,250165614.8700,27610
20250211,002669,9.8400,9.8800,10.0000,9.8200,9.9100,5856200,57998778.0000,9756
20250211,002670,14.2200,14.2200,14.9900,13.9400,14.5200,107852404,1559113168.0600,107329
20250211,002671,4.8000,4.8200,4.8400,4.7000,4.7200,10219600,48457932.0000,12297
20250211,002672,4.1300,4.1700,4.2000,4.0600,4.0900,3843600,15711865.0000,6863
20250211,002673,7.9900,7.9900,8.0200,7.8700,7.9600,44389433,352427671.4500,31360
20250211,002674,9.9000,9.9100,10.1900,9.8700,9.9100,12274099,122512380.1500,12272
20250211,002675,13.5500,13.5500,13.6300,13.3400,13.5700,7264107,98210306.7100,17904
20250211,002676,6.1800,6.1900,6.2200,6.0500,6.0800,12809150,78102394.0000,13476
20250211,002677,7.5000,7.5100,7.5300,7.4300,7.4600,5418210,40449642.0000,5480
20250211,002678,4.7500,4.7500,4.7700,4.6300,4.7100,6899990,32362550.5000,8894
20250211,002679,8.4700,8.4700,8.5300,8.3000,8.3700,1939140,16230696.6000,4570
20250211,002681,7.8400,7.8400,8.1300,7.7800,7.9300,270613663,2157035743.1200,170685
20250211,002682,4.4100,4.4200,4.4300,4.3100,4.3700,16407050,71259744.0000,16671
20250211,002683,25.9800,26.0000,26.2500,25.1900,25.2800,7403046,188478932.5300,21980
20250211,002685,6.8500,6.8500,7.1900,6.7300,7.1400,96706685,675966550.3400,79516
20250211,002686,5.5800,5.5800,5.5900,5.4900,5.5700,6379800,35361297.0000,9709
20250211,002687,4.5100,4.5000,4.5400,4.4900,4.5400,6899279,31137629.1800,7044
20250211,002688,4.4700,4.4600,4.4800,4.4100,4.4500,8034900,35683576.0000,8387
20250211,002689,4.0700,4.0700,4.1400,4.0000,4.0600,41980454,170532451.8800,33203
20250211,002690,14.8100,14.7900,14.8100,14.6000,14.6200,4615860,67674128.2000,10468
20250211,002691,10.3200,10.0400,11.3500,9.5300,11.3500,77944862,821208436.3000,88448
20250211,002692,4.7500,4.7400,4.7700,4.6800,4.7200,28955100,136443054.0000,21594
20250211,002693,15.6200,16.3000,16.4900,15.2000,15.2800,61441526,972722735.9000,101485
20250211,002694,4.5700,4.5600,4.6100,4.4200,4.4400,7856216,35026756.2000,8281
20250211,002695,9.1700,9.2900,9.4100,9.0800,9.1000,25684305,236322450.0500,39593
20250211,002696,5.2500,5.2200,5.2800,5.1400,5.1800,3533110,18310373.7000,5102
20250211,002697,5.4500,5.5000,5.5100,5.3700,5.4300,34438800,186793716.0000,34635
20250211,002698,19.1400,19.1100,19.3200,18.7700,18.9600,29590806,561971559.9700,29925
20250211,002700,10.3400,10.4000,10.5300,10.3200,10.4800,2088702,21840750.9000,996
20250211,002701,4.9700,4.9800,5.0300,4.9200,5.0100,22018744,109584304.8200,17041
20250211,002702,4.2700,4.3100,4.3400,4.1600,4.2300,20285250,85368282.0000,19148
20250211,002703,13.7700,13.4900,13.4900,12.9600,12.9700,57947462,761288422.6500,62671
20250211,002705,15.1600,15.2500,15.4100,15.0400,15.2900,7105653,108078183.9000,15780
20250211,002706,7.1400,7.1600,7.1800,7.0800,7.1600,24970125,178087215.1500,26046
20250211,002707,7.3700,7.3700,7.4400,7.2300,7.3000,19490534,142211399.6000,16543
20250211,002708,11.0000,10.9100,11.1400,10.8300,10.9400,28517800,312317080.0000,32185
20250211,002709,19.6600,19.6700,19.6700,18.8600,19.0000,41787459,795541141.3100,83932
20250211,002712,6.0000,5.9600,6.4400,5.8600,6.2300,69037763,422434074.9400,71319
20250211,002713,4.3200,4.3600,4.4100,4.2200,4.2500,16177067,69461378.5100,10821
20250211,002714,36.5800,36.5900,36.7500,36.1800,36.2400,31359971,1140191301.0500,56292
20250211,002715,14.8800,15.0500,16.1000,14.9900,15.2200,7334600,113001945.5000,14056
20250211,002716,3.7200,3.7500,3.8100,3.7100,3.7300,98237176,368651912.5200,37168
20250211,002717,3.4800,3.4900,3.5100,3.3700,3.3900,235030597,802556801.6800,88608
20250211,002718,14.5800,14.3500,14.6100,14.2200,14.6000,6974150,100444851.0000,8775
20250211,002719,7.9000,7.9700,8.0300,7.7400,7.8100,4924200,38597637.6000,7804
20250211,002721,2.5300,2.5400,2.6600,2.5100,2.6300,46460774,119944991.1800,5393
20250211,002722,15.1000,15.0900,15.1000,14.8700,14.9600,3487900,52107653.0000,7661
20250211,002723,7.6600,7.6700,7.8500,7.5000,7.7800,14246080,109308161.0000,9487
20250211,002724,5.1200,5.1400,5.1700,5.0100,5.0600,5813140,29366380.6000,10069
20250211,002725,12.5500,12.5000,12.5700,12.3400,12.3500,8384763,104090089.0500,12295
20250211,002726,6.4000,6.4200,6.4400,6.3000,6.3200,10353977,65558087.0400,9003
20250211,002727,12.8100,12.8100,12.8500,12.5800,12.6900,4652593,58911724.5000,8336
20250211,002728,8.5000,8.5000,8.5100,8.3200,8.3400,11677715,97578007.0600,8757
20250211,002729,15.4500,15.4700,15.8400,15.2600,15.6200,27208604,422302623.2800,30492
20250211,002730,22.1000,21.9500,23.0000,20.8500,22.2100,67246572,1460274922.2800,120207
20250211,002731,9.6600,9.7000,9.9700,9.6900,9.8800,8220404,81003166.5400,10784
20250211,002732,15.6700,15.7000,16.0400,15.6500,15.8300,2530500,40133014.0000,5292
20250211,002733,16.2100,16.2200,16.2700,15.9700,16.0500,15910400,256407628.2800,28717
20250211,002734,8.6800,8.7800,8.8900,8.6400,8.7000,9191656,80254898.5000,15298
20250211,002735,9.3700,9.3300,9.3700,9.2100,9.2500,6480352,60003718.6800,8077
20250211,002736,10.6400,10.6600,10.6800,10.5400,10.6200,15503379,164370464.4500,24539
20250211,002737,18.3000,18.3100,18.3300,18.1200,18.2500,5192639,94442749.1000,8563
20250211,002738,36.3000,36.3000,36.4000,35.3300,35.4000,16743247,596380894.3600,42199
20250211,002739,11.6500,11.8100,11.8700,11.5100,11.7200,68609561,803527968.4800,61202
20250211,002741,16.7400,16.7500,17.2200,16.4300,16.9300,46015666,779109620.3800,75087
20250211,002742,3.6700,3.7000,3.7900,3.6100,3.7100,6112000,22533008.0000,1834
20250211,002743,6.0900,6.0800,6.1000,5.9800,6.0700,11699600,70575752.0000,12289
20250211,002745,8.3100,8.3200,8.3600,8.1800,8.3200,17207765,142206021.4000,25989
20250211,002746,5.8600,5.8400,5.8500,5.7400,5.7800,11316025,65411669.0000,9276
20250211,002747,20.4500,20.4700,20.7200,20.1800,20.5200,48906381,1001652302.3500,73766
20250211,002748,7.7900,7.7500,7.7700,7.6800,7.7600,1054000,8146992.0000,468
20250211,002749,13.7500,13.7600,13.9800,13.4800,13.8700,2421800,33304558.9800,4890
20250211,002750,1.5400,1.6200,1.6200,1.5500,1.6200,13690900,22141307.0000,1902
20250211,002752,5.8500,5.8400,5.9200,5.7700,5.8900,11801856,68964073.4900,15376
20250211,002753,6.4200,6.4200,6.4500,6.3400,6.3900,2539700,16200715.0000,4796
20250211,002755,13.5200,13.5000,13.5000,12.8500,13.0200,7306900,95485346.0000,13568
20250211,002756,37.1900,37.0200,37.0900,35.2200,35.7800,16197769,580442042.9600,45597
20250211,002757,18.2200,17.7900,18.1400,17.6000,17.6500,37072048,660433992.7000,48615
20250211,002758,8.8900,8.9200,8.9500,8.8200,8.9100,3653631,32452986.5100,6377
20250211,002759,8.1800,8.2300,8.3000,7.7800,7.8300,24217967,191175913.4800,25982
20250211,002760,17.0900,17.0900,17.1200,16.9000,17.0800,2206600,37486969.0000,3463
20250211,002761,8.7300,8.7400,9.0500,8.5600,8.7800,36179925,317089681.2700,43867
20250211,002762,5.6500,5.6600,5.7400,5.5400,5.6000,15035099,84323586.4200,13704
20250211,002763,6.7600,6.7600,6.9500,6.6900,6.9100,8783700,60002662.6000,6399
20250211,002765,10.5400,10.4800,10.7200,10.3200,10.5900,77868182,820978792.7600,81467
20250211,002766,6.5900,6.6300,6.7600,6.4600,6.5000,37648300,246158794.0000,37632
20250211,002767,14.8900,14.8700,15.1300,14.6300,14.9200,9498127,141007131.1900,16064
20250211,002768,23.6300,23.6100,23.9000,23.3600,23.8700,2870908,67835575.2400,8395
20250211,002769,7.1500,7.2000,7.2000,7.0200,7.1000,5741100,40586604.0000,9158
20250211,002771,19.1200,18.9000,19.5000,18.5100,19.0000,23590593,450550473.2600,38936
20250211,002772,7.3100,7.3000,7.3300,7.2300,7.3100,4481926,32626523.7600,7831
20250211,002773,19.8400,19.9100,19.9700,19.7100,19.9100,4441388,88241812.8900,12670
20250211,002774,7.5300,7.5500,7.5500,7.4000,7.4700,3552500,26514209.0000,5833
20250211,002775,3.8100,3.9000,4.0400,3.8100,3.8100,54035382,210932916.5700,34181
20250211,002777,21.1900,20.6500,21.0400,20.0000,20.1000,35897373,730156933.3100,54610
20250211,002778,19.0500,19.0000,19.1400,18.2400,18.3800,4766680,88311077.7200,8461
20250211,002779,102.2000,100.7000,105.8500,100.5000,104.5000,5170925,534151528.0800,17372
20250211,002780,11.5900,11.6600,11.7400,11.4100,11.4500,3630915,41818964.2500,7533
20250211,002782,13.4800,13.5100,13.6000,13.3600,13.5100,8273960,111624185.7000,15977
20250211,002783,7.9000,7.8900,7.9700,7.8000,7.9100,8397840,66200950.4000,8265
20250211,002785,29.9900,30.0000,30.6600,29.1900,30.6500,6882900,206004221.0000,9686
20250211,002786,9.8000,9.8100,9.8300,9.5800,9.6000,12741600,122896982.0000,19423
20250211,002787,8.4500,8.4600,8.4900,8.2800,8.3000,9303517,77431969.8000,9214
20250211,002788,8.3600,8.3600,8.3900,8.2800,8.3900,3005448,25036109.8200,4919
20250211,002789,7.7800,7.8300,7.8700,7.5200,7.7000,6716720,51230329.1000,8661
20250211,002790,7.4600,7.4600,7.5000,7.4000,7.4400,3474472,25904574.3600,4667
20250211,002791,23.0500,23.0000,23.0500,22.5500,22.6600,4278183,97082787.3800,10052
20250211,002792,15.2200,15.2400,15.3200,15.0100,15.1100,12679627,192091686.0100,16967
20250211,002793,3.9000,3.8900,3.8900,3.7800,3.7900,11617850,44217860.4000,5941
20250211,002795,4.9700,4.9500,4.9800,4.7500,4.8600,24020498,116727506.4800,24517
20250211,002796,12.7300,12.6200,12.7200,12.4100,12.6400,10064026,126585157.5600,16258
20250211,002797,8.0600,8.0600,8.1300,7.9100,8.0300,161978840,1298122977.0800,92788
20250211,002798,3.9800,3.9800,4.0100,3.8600,3.9400,8059360,31552002.0100,10522
20250211,002799,8.3800,8.3500,8.5500,8.2600,8.4700,14280105,119767628.9800,14559
20250211,002800,10.6100,10.6800,10.6800,10.4600,10.5700,2896648,30550705.6800,5955
20250211,002801,31.7500,31.3200,31.3200,30.2200,30.4500,6092548,186825487.8400,13083
20250211,002802,12.5000,12.5900,12.7200,12.2100,12.4000,4154101,51410327.8200,7013
20250211,002803,14.0500,14.0200,14.1200,13.8800,13.9500,9373000,130843274.0000,14311
20250211,002805,11.8300,11.8000,11.8300,11.5200,11.7100,4486100,52243935.2000,9451
20250211,002806,12.6000,12.6000,12.6600,12.3600,12.5000,4176410,52101527.6200,9947
20250211,002807,4.2700,4.2600,4.3500,4.2500,4.3300,40510217,174751537.2500,20775
20250211,002808,3.0700,3.1500,3.1500,2.9600,3.0600,13894544,42194471.2000,3919
20250211,002809,8.5600,8.6300,8.6300,8.5100,8.5800,2245900,19211401.6000,3188
20250211,002810,12.5500,12.5400,12.5400,12.3700,12.4700,3569138,44392159.6600,6700
20250211,002811,10.0400,10.0100,10.0300,9.6500,9.7500,10721984,104595899.6000,9370
20250211,002812,30.7900,30.9900,31.4900,30.3500,30.5300,11342032,347820782.5500,26393
20250211,002813,24.2800,24.5600,24.5900,23.9200,24.0500,2336700,56295216.0000,6855
20250211,002815,11.7400,11.6800,12.0300,11.6400,11.9500,65656510,775536963.7400,64327
20250211,002816,14.4000,14.5300,14.5400,13.8000,13.8500,5923400,82637457.7600,8143
20250211,002817,6.6300,6.6500,6.6500,6.5000,6.5700,4315487,28260434.6700,4531
20250211,002818,13.4500,13.6300,13.8500,13.3300,13.6000,4046222,55101280.2000,10181
20250211,002819,30.2200,29.8000,30.0600,29.1100,29.6000,10999730,325011782.0000,20695
20250211,002820,11.8600,12.0000,12.0800,11.6000,11.7300,12513300,146976897.0000,18358
20250211,002821,83.3100,83.3400,83.4700,81.5200,81.9000,3090703,254251625.6000,13422
20250211,002822,3.6200,3.6500,3.8000,3.5900,3.7800,10651254,39808721.5000,2160
20250211,002823,15.5900,15.5300,15.6600,15.4300,15.5400,9588258,149137763.0700,11031
20250211,002824,17.9900,17.9000,17.9100,17.4500,17.4600,10862273,191617730.3300,24147
20250211,002825,8.2500,8.2400,8.3300,8.2000,8.3100,7064082,58317915.4800,10627
20250211,002826,11.3300,11.2900,11.3500,11.1500,11.3400,2985500,33508068.0000,5346
20250211,002827,25.4600,25.3500,25.4700,24.7500,24.8700,5262150,131264521.0000,8430
20250211,002828,8.7800,8.8000,8.9500,8.6600,8.7400,5310000,46403247.0000,5540
20250211,002829,19.4800,19.5000,19.5200,19.0500,19.1900,6288208,120825456.5600,16391
20250211,002830,13.4600,13.4600,13.6400,13.3300,13.4700,1207600,16219052.0000,3016
20250211,002831,26.9200,26.9100,27.0800,26.4700,26.8200,3618400,96729965.0000,17301
20250211,002832,19.0200,19.0800,19.1200,18.8200,19.0600,7136600,135357539.0000,11593
20250211,002833,17.1800,17.2000,17.2200,17.0300,17.2200,2983955,51141412.5800,6822
20250211,002835,21.5200,23.4900,23.6700,23.0200,23.6700,13834254,325709228.6400,15571
20250211,002836,8.0700,8.0700,8.2700,8.0000,8.1100,5167964,41818392.6000,8703
20250211,002837,41.2900,41.2100,42.3600,40.6000,41.2800,21503187,891166224.7500,48380
20250211,002838,12.1300,12.1400,12.1500,12.0000,12.0900,3391600,40923620.0000,6414
20250211,002839,4.2400,4.2400,4.2800,4.2300,4.2600,30063655,127856129.5100,14600
20250211,002840,11.5300,11.5700,11.6500,11.2400,11.3200,12333648,139870494.0200,14563
20250211,002841,40.4600,40.6600,41.0800,39.7900,40.0000,8235639,331594009.6900,28644
20250211,002842,6.7600,6.7800,6.7900,6.6700,6.7300,2290231,15400969.3200,4582
20250211,002843,27.4400,27.0000,27.1900,25.7500,25.9100,26629432,701555903.9400,37841
20250211,002845,16.0700,16.0400,16.3200,16.0300,16.0500,12597460,203415319.0000,23662
20250211,002846,8.9900,8.9900,9.3800,8.9100,9.3400,20182148,185923477.5300,28939
20250211,002847,52.3000,52.5400,53.7300,52.0800,53.3500,3611980,191228736.0000,20212
20250211,002848,6.7800,6.9200,6.9400,6.5000,6.6300,12657600,83755631.0000,10211
20250211,002849,16.9400,17.0700,17.1700,16.6600,17.1100,7971525,134905609.2000,18891
20250211,002850,129.0000,129.0000,140.9300,128.0000,136.6000,8909231,1192069739.3600,34688
20250211,002851,60.5000,60.5100,62.1500,59.8800,60.9000,30919402,1886137780.8900,87588
20250211,002852,8.4500,8.4300,8.4500,8.3100,8.3800,7098990,59364013.5000,9484
20250211,002853,11.5200,11.5800,11.6800,11.3000,11.3300,5237450,59873029.0000,8285
20250211,002855,19.6700,19.9600,20.0000,19.3900,19.6600,6527350,128309285.0000,14580
20250211,002856,9.3100,9.4500,9.4500,9.0800,9.2000,4072237,37405058.9200,4752
20250211,002857,14.1600,14.2000,14.3000,13.9500,14.1300,2319300,32633447.0000,6431
20250211,002858,12.8100,12.8200,12.9900,12.5100,12.6800,20787800,263955745.0000,28660
20250211,002859,20.0700,20.0800,20.4300,19.8900,20.3600,4490300,90599546.0000,11409
20250211,002860,10.1600,10.1400,10.1800,10.0300,10.1000,3278900,33118297.9800,4331
20250211,002861,17.9300,17.3300,17.7800,16.5000,17.1100,45849259,787599290.9200,60200
20250211,002862,36.1400,36.8000,38.5000,35.8000,37.2000,20154116,744396448.6500,43381
20250211,002863,4.8800,4.8900,4.9100,4.8300,4.8600,9218411,44827085.4700,10080
20250211,002864,27.4900,27.7100,27.7100,27.0400,27.2800,2695932,73328199.6700,5441
20250211,002865,65.9800,65.9000,65.9200,59.6000,60.2700,19037489,1169766987.5500,59725
20250211,002866,16.2600,16.3200,16.3200,16.0100,16.0700,5771040,93112085.9000,13071
20250211,002867,12.3600,12.3700,13.2800,12.3700,12.9000,18351063,236120258.2200,32083
20250211,002868,16.2900,16.1600,16.3900,15.9000,16.1100,1610600,25838243.0000,4657
20250211,002869,29.2600,29.2800,29.2800,28.6100,28.8300,7106750,205481091.0000,15579
20250211,002870,32.6800,32.8100,35.9500,32.4000,35.9500,9660253,336141955.3500,15145
20250211,002871,9.9000,9.9100,9.9600,9.8000,9.8900,1774450,17516857.5800,4898
20250211,002872,3.8700,3.8500,3.8600,3.8100,3.8300,5719300,21926835.0000,1383
20250211,002873,9.7400,9.7500,9.7500,9.5700,9.6100,2744111,26382177.6900,4102
20250211,002875,12.9200,13.0000,13.0000,12.5000,12.5300,7526100,94853380.0000,11086
20250211,002876,27.5000,27.5100,27.6500,27.0700,27.3600,3469800,94917800.6000,9037
20250211,002877,9.0800,9.1000,9.1500,8.9200,8.9800,12662139,114153100.3100,15720
20250211,002878,17.6200,17.6800,19.3800,17.6700,19.3800,46663317,861509759.8400,49579
20250211,002879,17.0100,17.1800,17.6200,16.6000,16.7100,25287602,431830083.8000,40808
20250211,002880,27.0300,27.0000,27.0700,26.6600,26.7900,795880,21349366.4000,2644
20250211,002881,58.9200,64.8100,64.8100,64.8100,64.8100,3678628,238411880.6800,1532
20250211,002882,16.6000,16.5700,16.5700,16.3100,16.4000,3456200,56607098.0000,8019
20250211,002883,11.1500,11.1500,11.1600,10.9200,10.9700,2587544,28471945.6800,3771
20250211,002884,17.7700,17.7700,18.1500,17.6700,17.9500,3255551,58241839.8400,6734
20250211,002885,13.4000,13.4600,13.6500,13.2200,13.5600,10667286,143909611.5400,17309
20250211,002886,17.9000,17.8500,18.0800,17.6500,17.8000,11208345,199586928.7000,17745
20250211,002887,7.2500,7.3100,7.3100,7.1300,7.2200,2881692,20699448.8000,4090
20250211,002888,19.4800,19.5600,19.5900,19.0600,19.1500,4678315,90259387.7300,12503
20250211,002889,20.6500,20.6700,20.8000,20.3900,20.5300,3819664,78572992.1200,7433
20250211,002890,10.6300,10.6200,10.6200,10.4100,10.5900,761484,8003180.3600,2083
20250211,002891,37.2300,37.2300,38.1000,37.0000,37.6800,7222466,271250875.6800,19001
20250211,002892,17.9200,17.8600,18.2800,17.6100,18.0600,45253951,816624677.8600,55540
20250211,002893,9.8500,9.8500,9.9400,9.6100,9.7300,3896738,37799887.3200,4633
20250211,002895,21.6500,21.6300,21.8300,21.3700,21.7400,5736516,123897318.8800,14732
20250211,002896,63.0200,62.5000,68.3300,62.0100,67.3900,22572086,1490132038.1100,56078
20250211,002897,45.4000,45.7100,45.8100,44.4200,44.6500,10636148,476137526.6400,23279
20250211,002898,10.4800,10.5000,10.5400,10.2800,10.3800,1769160,18325415.4000,3750
20250211,002899,27.3900,27.3900,27.5700,25.8600,25.9100,13889050,366872262.4200,25128
20250211,002900,10.1900,10.1900,10.2000,9.9400,10.0000,2164750,21653524.5000,5064
20250211,002901,35.4300,35.4300,35.4600,34.6600,34.8100,2049054,71542381.2900,9382
20250211,002902,21.7300,21.6900,22.0000,21.4300,21.6500,11804072,255992654.7600,25274
20250211,002903,17.6300,17.6400,18.1300,17.3500,17.4700,7933300,139689189.0000,16922
20250211,002905,8.0600,8.1100,8.5500,7.8800,8.3500,26202417,214270512.0300,28848
20250211,002906,34.8000,34.6500,35.5500,33.7800,34.6000,24669325,852680635.3700,56375
20250211,002907,12.9600,12.9600,13.0000,12.7500,12.8800,2083266,26744776.8600,5389
20250211,002908,9.4600,9.4000,9.5300,9.2700,9.4400,13186058,124034611.2800,21540
20250211,002909,5.4400,5.4300,5.4600,5.3700,5.4400,5851189,31668846.4300,8099
20250211,002910,8.1000,8.0400,8.2600,7.9800,8.2500,6695969,54691712.1600,8063
20250211,002911,11.2700,11.3000,11.5500,11.2700,11.5200,5250355,60132088.5900,11831
20250211,002912,28.4400,27.8500,29.0100,27.5200,28.4400,10726951,303538840.7200,20183
20250211,002913,29.0800,28.8600,29.4500,28.4700,28.7500,7863072,227235868.1500,22571
20250211,002915,13.9300,13.8600,14.1300,13.7200,13.9400,15626650,217537110.9000,19440
20250211,002916,129.2000,129.1800,138.0000,128.1000,135.8200,8703282,1168535747.5900,38091
20250211,002917,15.6900,15.7100,15.9800,15.3500,15.6000,54539783,853511994.8800,72324
20250211,002918,9.5600,9.6000,9.6200,9.3600,9.4700,9316755,87942302.8700,8022
20250211,002919,17.1700,17.2000,17.2800,16.8200,16.8900,7561040,128317126.4000,10417
20250211,002920,130.0000,129.9600,131.9900,124.3600,126.5800,14641694,1862950299.0600,54799
20250211,002921,12.3000,12.3300,12.9000,12.2200,12.4100,3715719,46082879.7700,6172
20250211,002922,18.2100,18.1900,18.2400,17.8600,18.0300,18390623,331265606.5000,30557
20250211,002923,10.4100,10.5800,10.5800,10.2100,10.2600,6394224,65917423.1400,8880
20250211,002925,15.4400,15.6800,16.0800,15.3700,15.9000,19666841,310711933.8300,33109
20250211,002926,8.3700,8.3700,8.3800,8.2200,8.3000,20718565,171408135.2000,24526
20250211,002927,13.3900,13.4700,14.7300,13.2400,14.7300,28384328,403946528.7400,38959
20250211,002928,6.8200,6.8200,6.8300,6.5700,6.6700,19980742,133133359.5000,25582
20250211,002929,39.0200,40.9800,42.9200,40.5100,42.9200,31865067,1354352194.7900,31316
20250211,002930,10.3900,10.3900,10.4600,10.1800,10.2800,3870726,39680542.9800,5146
20250211,002931,16.8600,16.7600,16.8400,16.2600,16.2900,6251479,102695518.4900,11706
20250211,002932,19.1300,19.2900,19.2900,18.8200,18.8200,1678564,31880386.4400,5314
20250211,002933,33.4200,33.4300,33.4300,32.8000,32.9400,4445165,146692275.8500,11084
20250211,002935,16.2800,16.2400,16.4000,15.9000,16.2100,6862001,110915658.6800,9642
20250211,002936,2.0200,2.0300,2.0400,2.0100,2.0200,101157992,204571394.1300,24889
20250211,002937,18.3700,18.4100,18.5800,18.1600,18.4600,6902070,127153314.6000,16020
20250211,002938,42.3500,42.1200,42.7900,41.9100,42.4600,11028810,467477724.5200,34741
20250211,002939,8.0100,8.0200,8.0300,7.8900,7.9700,19785750,156998156.0000,19930
20250211,002940,13.7500,13.7800,13.7800,13.5000,13.6300,1499117,20386757.0000,2814
20250211,002941,11.3400,11.3400,11.5300,11.1700,11.4700,11758141,133303831.9900,14527
20250211,002942,15.3200,15.3800,15.6900,15.2000,15.6000,4011363,62270029.0500,4590
20250211,002943,19.3600,19.3100,19.3800,19.1100,19.1600,1946124,37353033.6400,3184
20250211,002945,16.2200,16.1000,16.8000,15.8800,16.1600,61347973,996786090.6600,86752
20250211,002946,13.8600,13.8600,14.2100,13.6500,14.0100,7421690,103453020.5000,17815
20250211,002947,34.8200,34.8000,34.9900,34.3800,34.6500,4860629,168460415.1800,12222
20250211,002948,3.8800,3.9800,4.0800,3.9700,4.0700,99850123,402898949.9800,42374
20250211,002949,18.0100,18.0200,18.0500,17.3600,17.7700,4273300,75473256.0000,7557
20250211,002950,9.5900,9.5900,9.6000,9.2400,9.2900,11422350,106631712.5000,12941
20250211,002951,6.2500,6.2900,6.5500,6.2100,6.3300,1323850,8420815.0000,1085
20250211,002952,22.4800,22.4900,22.6600,22.2000,22.2500,4807650,107623057.0000,10742
20250211,002953,11.2000,11.1100,11.2000,11.0200,11.1400,22295591,247376227.4100,24894
20250211,002955,25.9300,26.0000,26.2500,25.5000,25.8900,6411125,166111477.5000,14467
20250211,002956,17.1100,17.1200,17.7500,16.8200,16.9000,6811784,116530277.5200,13732
20250211,002957,16.5500,16.5500,16.8400,16.3300,16.7400,11543010,192699459.8600,21660
20250211,002958,2.9900,3.0100,3.0300,2.9900,3.0100,62033270,186612963.4000,18019
20250211,002959,43.2300,43.4700,43.5900,42.9000,43.0400,1673203,72168866.1900,5097
20250211,002960,11.7000,11.6700,11.8900,11.5000,11.7700,11242511,131157524.4400,19534
20250211,002961,14.6000,14.6000,14.6300,14.3300,14.5000,3499519,50597484.1000,8819
20250211,002962,16.7300,16.7400,17.2300,16.6800,17.1400,18780819,319453994.1000,36771
20250211,002963,11.6400,11.6900,11.6900,11.4200,11.5300,2410800,27721091.0000,4676
20250211,002965,49.2100,48.5000,51.5000,48.5000,50.2000,19077590,951098323.5000,42876
20250211,002966,7.6000,7.6200,7.7900,7.6200,7.7700,113099100,872753474.1400,51664
20250211,002967,18.8100,18.7200,19.1300,18.6100,18.9500,6976681,131694541.0300,19612
20250211,002968,9.2700,9.3100,9.3100,9.1000,9.2200,2567120,23554889.8000,4628
20250211,002969,3.3500,3.3500,3.3800,3.3100,3.3700,14733548,49294909.3600,11918
20250211,002970,49.6500,49.9900,50.9600,48.3800,48.6500,6414625,317154327.0000,20709
20250211,002971,19.6300,19.5000,19.5500,19.0900,19.1000,2859820,54996354.1000,5987
20250211,002972,11.0500,11.0000,11.0800,10.9000,11.0400,2600440,28606883.4000,6703
20250211,002973,12.5900,12.4600,12.9300,12.4600,12.8800,7025500,89277620.0000,9678
20250211,002975,33.0300,32.9000,33.1700,32.4900,32.8800,2218300,72849301.0000,7368
20250211,002976,22.9100,23.0700,23.1400,22.4800,22.6800,1444296,32768389.4800,5114
20250211,002977,27.2200,27.3000,27.3000,26.8100,27.0100,977136,26397097.5200,3282
20250211,002978,29.6600,29.8200,29.9000,29.4900,29.7000,1465780,43424893.2800,4936
20250211,002979,39.5800,39.2600,40.9400,39.0000,39.2000,21118235,839332113.3900,43513
20250211,002980,26.3800,26.4400,26.4400,26.0800,26.2400,809888,21215148.6800,4206
20250211,002981,24.1000,24.3000,25.4000,24.0800,24.7000,4819220,118975207.0000,14369
20250211,002982,17.8600,17.8600,17.9000,17.5000,17.7600,2200388,38870123.2400,5787
20250211,002983,19.6400,19.6300,19.7000,19.3000,19.4100,1941293,37660379.6900,5804
20250211,002984,25.0300,25.0400,25.5800,24.7800,25.3900,18129204,457092147.4300,27283
20250211,002985,22.7800,22.7300,22.7300,22.3800,22.6800,2125653,47927112.8100,5900
20250211,002986,11.8600,11.8600,12.0400,11.8500,11.9000,3783868,45031178.4200,3060
20250211,002987,16.5800,16.4900,16.5500,15.9600,16.2100,41638794,673724020.8100,76216
20250211,002988,21.7100,21.5600,21.8800,21.2200,21.6800,8504913,183227311.9900,9790
20250211,002989,24.9000,24.8000,26.2900,24.7200,25.5500,6391671,163453513.1600,9481
20250211,002990,26.0700,25.9000,26.2800,25.7000,25.9200,4392729,114106971.1300,12350
20250211,002991,84.5200,85.3000,85.8000,80.5500,81.0700,1102900,90785007.0000,6591
20250211,002992,59.4900,59.3900,59.3900,57.7800,58.5800,1894813,110672599.1800,8025
20250211,002993,40.4400,40.0400,40.8000,39.5000,39.9600,3156571,126345235.1900,10446
20250211,002995,21.3200,21.6900,23.4500,21.6500,23.4500,9536540,219448299.0000,12892
20250211,002996,6.7200,6.7000,6.9100,6.7000,6.7300,12676628,85778419.6400,12175
20250211,002997,38.9300,38.9300,39.2700,38.5900,39.0000,3863459,150422172.9100,9377
20250211,002998,6.4400,6.4400,6.4800,6.3800,6.4500,2679200,17215934.0000,4350
20250211,002999,6.3400,6.3300,6.3300,6.2100,6.3000,9492020,59545188.6000,8754
20250211,003000,11.9000,12.0000,12.0800,11.8400,11.9800,8413700,100562001.0000,16153
20250211,003001,44.3900,43.9200,43.9800,41.7200,42.4900,2998637,127065053.3100,9534
20250211,003002,23.0000,22.9700,23.0200,22.5100,22.6600,1985200,45146694.0000,4324
20250211,003003,10.2500,10.2800,10.3300,10.1700,10.2500,4794400,49081809.0000,6896
20250211,003004,27.0200,26.9900,27.8900,26.4100,27.1600,2152027,58061313.1200,6408
20250211,003005,40.0100,38.5200,41.6800,37.2200,38.0200,18928058,734361763.6800,47398
20250211,003006,23.3700,23.3900,23.7800,22.8600,23.0700,2386100,55620332.0000,9654
20250211,003007,33.8600,33.0000,33.8500,32.7300,32.8900,9565200,317573606.5000,29662
20250211,003008,19.5000,19.6600,19.9500,19.5500,19.7000,1873070,36910233.0000,4486
20250211,003009,39.1400,39.1200,40.5700,38.5100,40.0200,2895723,115625183.3000,9491
20250211,003010,31.7600,31.5800,33.2900,31.5800,31.9400,7075289,229887170.4800,21693
20250211,003011,15.3700,15.4700,15.5500,15.1700,15.5100,1861340,28600923.8000,4175
20250211,003012,6.1300,6.1400,6.1600,6.0600,6.1000,5213865,31726738.8500,8255
20250211,003013,14.1300,14.1300,14.2400,14.0600,14.2000,2445524,34577856.3200,5357
20250211,003015,15.8600,15.6800,16.1000,15.5200,15.6300,35511136,559435587.7300,43864
20250211,003016,7.4000,7.4000,7.4100,7.2400,7.3200,3795300,27703084.0000,5622
20250211,003017,20.3100,20.2500,20.8800,20.2300,20.4500,2501365,51362459.1500,4684
20250211,003018,9.7500,9.7500,9.7900,9.6900,9.7500,1686200,16426166.0000,4660
20250211,003019,24.7400,24.7000,24.8500,24.5000,24.6500,2989950,73765318.3000,6461
20250211,003020,18.3600,18.3200,18.4400,18.0900,18.2000,748892,13625533.9400,2847
20250211,003021,113.8200,111.4600,122.6800,111.0000,118.2900,15103263,1771713268.5600,57339
20250211,003022,14.0600,14.0500,14.0600,13.7700,13.8700,5870329,81378496.8400,11465
20250211,003023,18.1900,18.1800,18.2400,18.0700,18.1600,1786070,32414580.5000,2804
20250211,003025,15.0700,15.0200,15.4900,14.8500,15.1500,7735008,116831048.4300,10680
20250211,003026,32.6600,32.6200,32.6500,31.9400,32.1400,2454100,78963969.3000,8208
20250211,003027,15.1800,15.1600,15.2600,14.9600,15.0700,2268883,34165595.3400,4521
20250211,003028,39.2200,39.4200,39.7700,38.8300,39.6500,1614800,63659805.9800,4888
20250211,003029,24.8700,24.8900,25.2600,23.9300,24.2500,11540024,281115191.0300,25114
20250211,003030,16.1000,16.2300,16.2400,15.8200,16.1200,3826029,61285330.1000,7691
20250211,003031,50.1000,49.9500,50.2100,48.9000,49.5900,1582841,78315910.1500,6732
20250211,003032,8.9900,9.2800,9.6900,8.9900,9.2500,53303290,494801289.8100,65049
20250211,003033,31.1300,31.5500,34.2400,31.5500,34.2400,6813950,230600080.5000,8385
20250211,003035,4.2900,4.2900,4.3100,4.2300,4.2600,12632200,53677620.0000,10173
20250211,003036,13.9300,13.8600,14.0900,13.7300,13.8900,2222500,30862111.0000,4116
20250211,003037,6.2900,6.2900,6.3000,6.1100,6.1900,7120400,43921115.5900,6401
20250211,003038,17.2600,17.2700,17.4000,16.9200,17.0600,2194408,37479572.6000,4456
20250211,003039,12.7500,12.7500,12.8500,12.6600,12.7800,3349177,42750969.9700,8002
20250211,003040,15.1500,15.0000,15.0100,14.5300,14.5800,24521130,359715841.9000,32659
20250211,003041,26.4400,26.6600,27.6500,26.2000,26.4400,1964712,52328968.4000,4852
20250211,003042,16.2500,16.1800,16.4600,16.0000,16.0900,8793530,142446698.1000,10390
20250211,003043,42.2800,42.2800,42.6800,41.9000,42.4600,865700,36676993.0000,2903
20250211,003816,3.6800,3.6800,3.7000,3.6600,3.6700,107163481,393915666.8600,39594
20250211,300001,23.9800,23.8500,24.7500,23.8500,24.1200,22228493,539314805.7600,39282
20250211,300002,14.2900,14.1900,14.2100,13.8000,13.9300,148804355,2079634298.2800,126636
20250211,300003,11.8400,11.9200,12.0700,11.6000,11.7100,41395593,486567542.4300,42433
20250211,300004,6.6500,6.6500,6.6800,6.4700,6.5500,7860200,51395405.0000,7562
20250211,300005,7.0300,7.0700,7.0700,6.8900,6.9300,10780500,74749079.0000,7378
20250211,300006,3.9300,3.9200,3.9500,3.8200,3.8800,32498695,125513895.6000,19903
20250211,300007,28.8300,28.7900,29.4800,27.9600,28.4400,45713163,1307968721.1200,72196
20250211,300008,4.7800,4.7600,4.7600,4.6600,4.7100,37959789,178258310.3000,19708
20250211,300009,8.6900,8.7200,8.7400,8.5500,8.5800,13065954,112375140.5000,16191
20250211,300010,8.4400,8.2800,9.2100,8.1000,8.5100,354843818,3040039888.1500,183580
20250211,300011,7.6700,7.6600,7.7500,7.4900,7.6000,11560700,87705597.0000,11589
20250211,300012,12.9900,12.9800,12.9900,12.7300,12.8600,19170800,245482330.0000,23730
20250211,300013,3.3600,3.3700,3.3700,3.2600,3.3300,8900000,29437114.0000,1687
20250211,300014,43.9600,43.9800,44.0400,42.9000,43.1500,28138675,1215637581.7100,61415
20250211,300015,13.3400,13.3200,13.3200,12.9500,12.9600,81995775,1068783112.6500,72491
20250211,300016,6.7700,6.7300,6.7700,6.6000,6.6100,14183700,94607179.5000,12413
20250211,300017,13.4800,13.4700,14.3900,13.4000,13.7400,408721813,5662215164.2400,288896
20250211,300018,7.1300,7.1000,7.1400,7.0200,7.1000,9362500,66240258.0000,11423
20250211,300019,15.0400,15.0200,15.4000,14.8000,15.3100,10286002,155654589.5000,14879
20250211,300020,3.2500,3.2400,3.3400,3.2000,3.2900,32275900,105434351.0000,5398
20250211,300021,4.3700,4.3600,4.3700,4.2800,4.3600,14417300,62244657.0000,11352
20250211,300022,5.8400,5.8700,5.9700,5.7000,5.8900,23612461,137812769.0200,17633
20250211,300024,20.2400,20.1500,20.1800,19.7300,19.8900,76300243,1517223954.1400,97826
20250211,300025,9.2700,9.2000,9.3400,8.9400,9.0600,29672610,269284044.4900,24332
20250211,300026,3.7500,3.7600,3.7700,3.6700,3.6900,33512960,123708874.0000,22248
20250211,300027,2.7100,2.7100,2.7500,2.6400,2.7200,134704294,362335871.0000,37790
20250211,300029,4.6700,4.6700,4.8000,4.5800,4.7700,3673200,17224482.0000,1721
20250211,300030,6.1600,6.2300,6.2300,5.9800,6.0300,9859100,59547149.0000,12614
20250211,300031,20.4900,20.3800,20.6800,20.1500,20.4500,21646300,442107909.0000,31471
20250211,300032,4.8000,4.7800,4.8200,4.7100,4.7700,15650300,74651600.0000,15712
20250211,300033,321.1900,316.8100,325.0000,311.8800,319.2700,14436782,4603868363.6600,65393
20250211,300034,15.5100,15.5100,15.5200,15.2600,15.4100,8660700,133024887.1100,16410
20250211,300035,15.0300,15.0200,15.0300,14.6200,14.8000,26218729,386365700.2300,39317
20250211,300036,18.3600,18.1800,18.1900,17.7600,17.9300,19065612,342085583.0000,25401
20250211,300037,34.5600,34.5000,34.5000,33.7500,34.1900,9433148,320784420.2800,27124
20250211,300039,6.4400,6.4400,6.4500,6.2900,6.3400,23558917,149249820.2700,25931
20250211,300040,6.0400,6.0200,6.0700,5.9000,5.9700,23282626,138568136.6000,19375
20250211,300041,8.4300,8.4400,8.4400,8.2800,8.3200,10519310,87505956.8000,8276
20250211,300042,22.2000,21.9400,22.3000,21.4000,21.9400,16300550,354738715.0000,33062
20250211,300043,4.2300,4.2300,4.4300,4.1900,4.3300,163207900,702364619.3400,67819
20250211,300044,6.8500,6.9000,6.9000,6.6500,6.7200,56014404,376204069.3800,46816
20250211,300045,21.5500,21.5000,21.5000,20.9200,21.0100,22525700,475335995.0000,39908
20250211,300046,35.0900,35.0100,35.0300,33.8200,34.0700,15060650,515818235.2200,37002
20250211,300047,14.6500,14.2900,14.4500,13.9700,14.0000,81610933,1152886311.4200,67716
20250211,300048,5.1000,5.1000,5.1100,5.0200,5.0500,7993688,40352845.4000,9930
20250211,300049,35.9500,35.6600,35.9800,34.9400,35.2500,8033600,283499489.0600,17368
20250211,300050,6.1000,6.3800,6.5800,6.0500,6.0500,77584341,486493929.4600,48254
20250211,300051,7.0200,6.9900,7.0300,6.8000,6.8800,5702100,39203075.0000,8214
20250211,300052,18.9700,18.8800,18.8800,18.2200,18.3300,20887911,384757577.1500,32224
20250211,300053,14.0200,14.0000,14.0000,13.6100,13.7500,23490546,322709215.3000,29039
20250211,300054,26.8800,26.9000,26.9100,26.3800,26.4300,10345117,274323012.3100,20177
20250211,300055,5.2300,5.2200,5.2300,5.0800,5.1300,10053225,51441880.8500,8986
20250211,300056,14.4100,14.3000,15.4800,14.2900,15.1800,26794064,399584276.8100,18442
20250211,300057,6.3000,6.0000,6.1200,5.8000,5.8800,123123315,731948644.7600,59335
20250211,300058,10.2000,10.1000,10.5200,9.9500,10.3000,365569484,3732647517.5600,204991
20250211,300059,24.3400,24.2900,24.2900,23.7800,23.9400,406732156,9745085023.0900,349758
20250211,300061,14.2500,13.8800,14.1400,13.5700,13.8500,53117234,735680070.0200,58018
20250211,300062,5.3000,5.3000,5.3300,5.2000,5.2400,6908620,36135206.4000,6315
20250211,300063,10.3700,10.2900,11.6900,10.0900,11.0800,172837887,1863849402.5300,112361
20250211,300065,8.8800,8.8800,8.8800,8.8800,8.8800,0,0.0000,0
20250211,300066,4.1200,4.1100,4.1300,4.0400,4.0700,12897400,52387522.0000,11653
20250211,300067,5.9200,5.7600,6.2200,5.6200,5.9400,191055240,1133535183.4800,88418
20250211,300068,15.5300,15.5400,15.6000,15.0200,15.1000,36532865,554187612.1400,53361
20250211,300069,13.4100,13.4100,13.4100,13.4100,13.4100,0,0.0000,0
20250211,300070,4.9200,4.9300,4.9300,4.8300,4.8800,24335673,118330521.3600,17248
20250211,300071,6.4100,6.5000,7.0500,6.2000,6.7500,237040631,1561059734.7500,107429
20250211,300072,3.4900,3.4500,3.4900,3.3700,3.3900,41515569,140905721.8400,21560
20250211,300073,40.4000,40.4300,40.5500,39.5100,40.0600,10658100,425802969.7400,28195
20250211,300074,4.5400,4.5000,4.5000,4.3700,4.4200,33879800,149581005.1900,30365
20250211,300075,17.3600,17.1800,17.3000,16.8600,17.0600,23638220,402895594.5300,32016
20250211,300076,7.3000,7.3200,7.3700,7.1400,7.1700,16235300,117458500.0000,11274
20250211,300077,25.0400,24.8800,24.9800,24.2000,24.2300,43576904,1063084260.0400,84637
20250211,300078,3.9400,4.2500,4.5000,4.0200,4.1000,314816415,1330450612.1300,93610
20250211,300079,6.6400,6.5100,6.5500,6.2500,6.4500,132919220,848867805.7200,81669
20250211,300080,4.1900,4.1700,4.2000,4.0400,4.1100,18504001,75592296.0600,21140
20250211,300081,8.2200,8.1700,8.2100,7.9500,7.9600,48126915,385376306.4600,29866
20250211,300082,6.3600,6.3500,6.3800,6.2300,6.3100,6079940,38285655.4000,9677
20250211,300083,6.8100,6.7900,6.8100,6.6700,6.7500,28962276,194496651.5400,27252
20250211,300084,5.8000,5.8000,5.8000,5.6800,5.7000,5371560,30675613.4000,4590
20250211,300085,42.9900,42.6000,43.5000,41.3300,42.2700,52872809,2243755737.0000,116379
20250211,300086,5.0000,5.0200,5.0400,4.8700,4.9100,12688850,62359823.0000,13835
20250211,300087,10.7900,10.7400,10.7800,10.4100,10.5400,23992456,253146576.9200,26820
20250211,300088,6.6700,6.6600,6.7400,6.6000,6.6200,55761250,371287716.5000,37374
20250211,300091,2.2800,2.2700,2.2800,2.1800,2.2000,47386135,104427567.6500,16949
20250211,300092,12.0600,12.1000,12.1500,11.9400,12.0600,4951500,59682514.0000,6833
20250211,300093,13.7400,13.7400,13.8800,13.2800,13.3600,18140564,243945308.3000,24948
20250211,300094,3.7300,3.7300,3.7500,3.6300,3.6600,38417592,140493568.3200,17123
20250211,300095,6.7000,6.6800,6.8200,6.5900,6.8000,9126415,61486868.8500,10049
20250211,300096,3.6000,3.6500,3.9000,3.5700,3.6200,29339705,109459642.9000,6141
20250211,300097,5.2500,5.2300,5.2900,5.1700,5.2400,9997369,52272026.6200,2861
20250211,300098,5.9100,5.9000,5.9400,5.7500,5.8300,93172957,542879951.4100,56151
20250211,300099,6.3800,6.3600,6.3900,6.2700,6.3200,10793400,68151769.0000,9788
20250211,300100,38.1700,38.0000,38.8600,37.4700,37.5000,26916477,1024016018.3200,50515
20250211,300101,19.0300,18.8800,18.8800,18.4800,18.6500,16788554,313074472.4800,31553
20250211,300102,11.5900,11.5700,11.8500,11.3100,11.4000,32755384,375946219.9300,21657
20250211,300103,6.6100,6.5400,6.6000,6.4100,6.4700,6236600,40527770.5000,6496
20250211,300105,7.0000,6.9800,7.0000,6.8500,6.9200,8672234,59845744.2800,8859
20250211,300106,8.9000,8.9500,8.9900,8.6800,8.8000,8153838,71464074.7400,8275
20250211,300107,9.3500,9.3300,9.4500,9.1600,9.2800,14742300,137115497.2800,18486
20250211,300108,1.1500,1.1500,1.1700,1.1000,1.1200,64740614,73088322.1800,9189
20250211,300109,14.7700,14.7600,14.7800,14.3500,14.5300,9849390,142504877.2000,12170
20250211,300110,3.3400,3.3300,3.3500,3.2500,3.2800,16058100,52514261.0000,9266
20250211,300111,3.4800,3.4800,3.4800,3.3600,3.3900,23881800,80989575.0000,10995
20250211,300112,9.2600,9.2500,9.3400,9.1500,9.3100,7528525,69773758.2500,10999
20250211,300113,20.6600,20.5200,21.7100,19.7500,20.3000,112331098,2310568178.8100,143278
20250211,300115,22.2200,22.0900,23.1600,22.0100,22.6900,179334380,4067652692.2200,185013
20250211,300117,1.0100,1.0200,1.0200,0.9600,0.9700,42370000,41692270.0000,5050
20250211,300118,11.7700,11.8200,11.8400,11.4500,11.5100,22041628,254696022.1600,26081
20250211,300119,16.4300,16.4400,16.5900,16.2600,16.5200,6315298,103780804.1400,13785
20250211,300120,9.6600,9.6100,9.6400,9.4000,9.4100,21487282,202886882.0300,22822
20250211,300121,12.2300,12.2800,12.3000,11.9700,12.1200,9861372,119268713.8800,12879
20250211,300122,25.8100,25.7800,25.7900,25.1500,25.2000,17612824,445694486.3000,29723
20250211,300123,6.0600,6.1300,6.2000,6.0000,6.0400,41107666,249784142.1200,33231
20250211,300124,68.2800,68.3100,69.6400,67.7000,68.4700,39770234,2727206542.9100,95464
20250211,300125,5.9000,5.8100,6.0600,5.7400,6.0600,16805096,99288013.1400,7065
20250211,300126,5.7900,5.7900,5.8000,5.6600,5.7400,4085100,23312208.0000,5154
20250211,300127,27.2500,27.1500,27.2900,26.7300,26.8300,9142500,246321097.0000,20499
20250211,300128,5.2500,5.2100,5.2400,5.1300,5.2200,27696786,143789846.4800,11129
20250211,300129,7.0700,7.0800,7.1000,6.9600,7.0000,10097131,70587561.7400,7557
20250211,300130,23.5000,23.4100,23.5800,22.9000,23.2900,17361375,402048860.8300,29498
20250211,300131,8.5200,8.5000,8.6400,8.3200,8.5100,70545800,596979436.0000,44773
20250211,300132,5.3800,5.3800,5.3800,5.2500,5.3200,10914831,57891235.6600,12134
20250211,300133,8.0400,7.9500,8.0300,7.7400,7.9100,134486758,1057566767.2500,67261
20250211,300134,12.7100,12.6900,12.7300,12.3400,12.4500,19403875,242187024.5300,27976
20250211,300135,4.2700,4.2700,4.2900,4.1700,4.2400,25890940,109067116.8000,14914
20250211,300136,25.1200,25.1000,25.2400,24.7900,25.1300,18007752,450772002.3600,28970
20250211,300137,5.8900,5.9100,5.9900,5.8600,5.9200,5854140,34645736.6000,1195
20250211,300138,8.6300,8.6300,8.6700,8.5200,8.6500,4000681,34400770.6500,4902
20250211,300139,17.7800,18.2000,20.9900,18.2000,18.8000,81756610,1570658732.9500,80964
20250211,300140,6.0100,6.0200,6.0400,5.9100,5.9600,7451300,44271026.0000,9863
20250211,300141,9.2600,9.3100,9.3100,9.1000,9.1600,5935950,54385140.0000,8714
20250211,300142,12.2500,12.2300,12.2400,11.9000,11.9500,23537385,281886151.4400,28846
20250211,300143,9.6200,9.5300,9.5300,9.2200,9.3900,10131522,94652442.8800,14722
20250211,300144,9.1800,9.1900,9.2100,8.9600,9.0500,31679002,286199211.7000,35510
20250211,300145,3.7100,3.6900,3.8100,3.6600,3.7600,96366405,360388200.0600,28361
20250211,300146,11.7500,11.8100,11.8400,11.5900,11.6400,9676399,112644945.3800,15277
20250211,300147,10.5500,10.5200,10.5700,10.1100,10.1300,34720398,354973413.4300,31016
20250211,300148,4.2500,4.2100,4.2400,4.1400,4.2000,45162624,188952071.8000,21500
20250211,300149,6.8500,6.8900,6.9000,6.6500,6.7300,17532601,117802674.7600,18932
20250211,300150,5.3500,5.3400,5.3400,5.2200,5.3000,23399302,123543819.6400,19340
20250211,300151,16.8600,16.8600,17.2000,16.7000,16.9700,9328659,157921125.1500,13625
20250211,300152,5.1600,5.1600,5.1600,5.0000,5.0900,44260680,223877772.6000,23194
20250211,300153,16.4900,16.5500,17.0100,16.2300,16.3000,35105257,583013212.2600,70364
20250211,300154,10.1300,10.1100,10.1100,9.9000,10.0500,10748504,107613581.0400,14052
20250211,300155,5.0400,5.0600,5.0900,4.9200,4.9700,10968016,54485177.7500,14042
20250211,300157,3.1200,3.1500,3.1600,3.0400,3.0600,22545000,69159573.0000,13599
20250211,300158,4.1700,4.1700,4.1800,4.0500,4.0800,23460394,95601329.5800,19140
20250211,300159,2.4400,2.4400,2.4500,2.3500,2.3700,92035400,217983962.0000,26809
20250211,300160,5.5200,5.5100,5.5300,5.4500,5.4800,6076000,33257812.0000,7576
20250211,300161,28.8800,28.8900,30.4900,28.7000,29.9100,10485500,310011944.7000,19755
20250211,300162,7.6000,7.5800,7.7200,7.5000,7.5700,13256300,100760903.0000,15695
20250211,300163,2.5800,2.5800,2.5800,2.5200,2.5500,9789500,24904571.0000,1326
20250211,300164,4.3700,4.3800,4.4200,4.3400,4.3900,25054048,109440443.7600,8761
20250211,300165,3.1000,3.1000,3.1100,3.0400,3.0600,6577420,20170112.0000,1370
20250211,300166,12.3900,12.4000,13.5900,12.2600,13.1400,246097439,3168592653.2700,192479
20250211,300167,2.5100,2.5100,2.5600,2.4800,2.5400,20586100,51928893.0000,3466
20250211,300168,9.4400,9.2000,9.2200,8.6800,8.7100,130793378,1154547554.9700,73145
20250211,300169,7.6500,7.6900,7.9800,7.4800,7.6200,23618200,180692442.0000,20951
20250211,300170,21.6000,20.6700,23.3000,19.8300,21.0200,312061127,6659664461.7200,299286
20250211,300171,13.4800,13.4900,13.5500,13.1700,13.3000,6882500,91336786.0000,11465
20250211,300172,5.1500,5.1500,5.1600,5.0700,5.1100,12566790,64121352.3500,6952
20250211,300173,6.2900,6.2300,6.2600,6.0800,6.1200,47292814,289783447.6200,25034
20250211,300174,15.6200,15.6700,15.8700,15.3900,15.8500,11061737,173565491.9100,13621
20250211,300175,5.6900,5.7400,5.7400,5.5100,5.5400,14093600,78217956.0000,10125
20250211,300176,7.2500,7.2600,7.2800,7.1000,7.1700,9559614,68287876.9600,8523
20250211,300177,11.8200,11.8500,11.9300,11.6200,11.6500,50121545,589244910.1500,48099
20250211,300179,10.0800,10.0500,10.0800,9.8100,10.0200,16463600,163885445.0000,25663
20250211,300180,6.7300,6.6800,6.7000,6.5300,6.5700,48315569,317790256.5900,36266
20250211,300181,14.6200,14.6500,14.6800,14.2900,14.4200,14596526,209912566.6000,21785
20250211,300182,6.9500,6.9500,7.1400,6.7200,6.8500,302838286,2100226874.9000,105443
20250211,300183,17.6500,17.3000,17.3000,16.7000,16.9700,15132900,256308607.0000,29116
20250211,300184,11.1400,11.0300,11.0300,10.6000,10.6300,120567323,1292512940.7000,82998
20250211,300185,2.5500,2.5500,2.5600,2.4900,2.5100,55782505,139969432.5000,23505
20250211,300187,5.1000,5.1000,5.1100,5.0100,5.0600,4282500,21615019.0000,5415
20250211,300188,15.6700,15.4500,15.5000,15.1400,15.1800,36855700,562599485.2700,38643
20250211,300189,3.9300,3.9000,3.9500,3.8200,3.8800,68929902,266891938.7200,30381
20250211,300190,3.2500,3.2800,3.2800,3.1400,3.1900,9891004,31410826.5600,9786
20250211,300191,13.7600,13.7800,13.9300,13.6800,13.7500,3510100,48365648.0000,4148
20250211,300192,18.6900,18.3400,22.4300,18.0300,20.8000,84464850,1738299784.6400,74721
20250211,300193,9.6500,9.6500,9.7200,9.4900,9.6900,10819800,103880111.0000,11980
20250211,300194,4.5400,4.5400,4.5500,4.4500,4.4800,19679682,88132804.5800,12791
20250211,300195,6.1400,6.1000,6.2400,5.9700,6.0800,16349400,99407662.0000,16710
20250211,300196,10.6300,10.6000,10.6500,10.4800,10.5400,2640900,27839072.0000,4692
20250211,300197,2.3100,2.3300,2.3500,2.2300,2.2400,64115000,144076335.5000,13394
20250211,300198,2.1400,2.1500,2.1700,2.0500,2.0900,39267170,81643559.6000,12456
20250211,300199,12.6700,12.5100,12.6600,12.2200,12.2800,25262557,311380001.2500,18612
20250211,300200,9.0000,8.9600,9.0000,8.8500,8.9400,5553100,49483109.0000,6472
20250211,300201,5.4000,5.3900,5.3900,5.2500,5.2900,29829000,158121171.0000,19608
20250211,300203,17.6500,17.6400,17.6900,17.0600,17.1000,10047000,172812959.0000,19336
20250211,300204,7.3800,7.3600,7.4200,7.2600,7.3200,5015000,36674280.0000,8321
20250211,300205,4.9600,4.9600,5.3400,4.9200,5.0700,10170500,52450481.0000,3415
20250211,300206,12.8900,12.9200,13.2700,12.6800,12.7800,32293170,418777321.3500,43254
20250211,300207,23.3100,23.2700,23.3300,22.9000,23.1000,26700969,615802034.5200,53736
20250211,300208,2.1100,2.0800,2.0800,1.9900,2.0200,18064955,36618041.1000,4019
20250211,300209,4.8300,4.8300,4.8600,4.7300,4.7800,6237800,29721426.0000,1806
20250211,300210,10.9500,10.7800,10.8500,10.5600,10.6600,13800120,147406914.6000,14990
20250211,300211,9.7900,9.7900,10.3400,9.6600,9.6900,38034560,377599453.3700,28352
20250211,300212,25.3000,24.8800,24.9800,24.3000,24.3800,29166656,717049911.1500,50419
20250211,300213,8.4600,8.4000,8.6700,8.2700,8.5400,30405700,257329500.0000,19198
20250211,300214,6.7900,6.7300,6.7800,6.3200,6.5200,30603576,197817642.4000,19127
20250211,300215,6.0400,6.0400,6.0900,5.9400,6.0100,6493503,38830481.9400,7776
20250211,300217,4.7800,4.8200,4.8300,4.6900,4.7400,23665800,112031549.0000,14584
20250211,300218,16.1600,16.1400,16.9900,15.9900,16.9800,12996550,216074966.4000,16130
20250211,300219,7.3900,7.3700,7.4600,7.3000,7.4100,12880083,95129735.2000,15371
20250211,300220,14.5800,14.4500,17.5000,14.4500,17.5000,13816980,227376971.8800,12354
20250211,300221,6.7200,6.6800,6.7200,6.6100,6.6800,15788802,105265512.3400,16968
20250211,300222,11.8700,11.9000,12.1800,11.6600,11.9600,59719030,713560466.9000,48708
20250211,300223,78.3900,77.1000,80.0000,76.0000,76.1900,28189126,2184967631.6200,79205
20250211,300224,13.7300,13.6300,13.8100,13.4500,13.6900,34306600,467311727.7400,40458
20250211,300225,7.2400,7.2300,7.2400,7.0800,7.1000,6368500,45342983.0000,7110
20250211,300226,26.8700,26.5500,26.6000,25.8100,26.4100,18470726,484511364.2500,40908
20250211,300227,8.7200,8.6900,9.3200,8.5800,9.0300,38225309,345317706.9700,39053
20250211,300228,7.3400,7.3300,7.3900,7.2200,7.3700,15635269,114145609.3600,13369
20250211,300229,29.1500,27.9800,29.4900,27.4400,27.6800,169648108,4789965476.1500,224142
20250211,300230,4.5500,4.5400,4.5500,4.4700,4.5300,10852200,48868924.0000,9298
20250211,300231,12.7900,12.7400,12.7400,12.4000,12.5100,32049147,401528988.2200,34000
20250211,300232,7.9100,8.1500,8.4400,8.0000,8.1100,128463441,1057249681.8700,94179
20250211,300233,13.2900,13.3000,13.3300,13.0500,13.1200,10618000,139520720.0000,11845
20250211,300234,4.8000,4.8100,4.8200,4.7200,4.7700,4750722,22564689.7200,5885
20250211,300235,13.3400,12.9800,13.1000,12.4500,12.6500,41105378,521131522.5400,43060
20250211,300236,37.9600,38.0000,38.0900,37.2900,37.5700,3093284,115968070.0000,10427
20250211,300237,2.1800,2.2000,2.2100,2.1100,2.1400,42077780,89816953.4000,10928
20250211,300238,12.8900,12.8600,12.8600,12.5600,12.6500,4819107,60910772.4100,6244
20250211,300239,5.6800,5.6500,5.9700,5.5700,5.8100,20642358,119157440.4200,16579
20250211,300240,6.6400,6.6400,6.6500,6.4800,6.5500,7062800,46090192.0000,8882
20250211,300241,5.7100,5.7000,5.7500,5.6300,5.7000,18503100,105417347.0000,18147
20250211,300242,5.1000,5.1000,5.5100,4.9500,5.3400,116755900,606916341.0000,67570
20250211,300243,9.8700,9.8400,9.9300,9.7000,9.7700,4817398,46979833.5700,5478
20250211,300244,14.8800,14.5800,14.5800,13.8000,13.9400,84438254,1184791402.6900,88020
20250211,300245,14.9100,14.8000,14.8000,14.4400,14.4900,34131612,497140925.8000,36092
20250211,300246,6.9000,6.9500,6.9600,6.7800,6.8600,4280276,29267455.5600,6854
20250211,300247,3.8600,3.8600,3.8800,3.7600,3.7900,17366900,65835960.0000,13052
20250211,300248,12.0900,11.9700,12.4900,11.5100,11.9200,33934520,404529192.0800,30263
20250211,300249,13.5500,13.2300,13.8500,13.2300,13.3700,70912982,956636834.0800,60505
20250211,300250,17.1600,16.9800,17.7600,16.6900,17.0100,28738804,494014334.3800,32860
20250211,300251,16.7500,17.5500,20.1000,17.3500,20.1000,379904099,7059102329.7400,289862
20250211,300252,10.5500,10.8000,12.6000,10.6300,11.3000,147168571,1696960254.3800,143447
20250211,300253,10.0100,9.9000,9.9400,9.4400,9.6500,222270648,2140494663.6500,138099
20250211,300254,9.3100,9.3900,9.4200,9.1400,9.1600,8975819,82598836.4400,8351
20250211,300255,19.4000,19.3600,19.3700,18.6100,18.6600,18613832,350454354.4000,19107
20250211,300256,4.4000,4.4800,4.6100,4.3500,4.5200,160155501,719631615.0600,71827
20250211,300257,9.8900,9.8800,9.8800,9.6100,9.7900,8637302,83980625.3000,9845
20250211,300258,9.6900,9.6700,9.7200,9.5700,9.6500,8979700,86521503.0000,9561
20250211,300259,3.5800,3.5800,3.5800,3.5200,3.5500,8393177,29701935.6100,11177
20250211,300260,25.2400,25.1800,25.1800,24.6600,24.9500,7174341,178334281.7000,16999
20250211,300261,6.9900,6.9800,6.9900,6.7200,6.9000,29667200,202972897.0000,27081
20250211,300263,7.2800,7.2800,7.2900,7.1500,7.2000,16187800,116647924.5400,9545
20250211,300264,6.1300,6.1000,6.1000,5.9400,5.9700,22892700,137135882.0000,18024
20250211,300265,8.2500,8.2400,8.3200,8.1300,8.3100,10946750,90338934.5000,12827
20250211,300266,2.8200,2.8500,2.8500,2.7200,2.7600,33372300,91951821.0000,10790
20250211,300267,2.8500,2.8300,2.9000,2.7700,2.7800,50210926,141792969.3600,13875
20250211,300268,7.0700,7.1000,7.3600,7.0000,7.1500,1783500,12841436.0000,961
20250211,300269,4.3500,4.3500,4.3600,4.2600,4.3100,17085200,73516808.0000,17049
20250211,300270,8.3300,8.2500,8.2900,8.0700,8.1400,21169666,172593984.9600,26274
20250211,300271,8.9800,9.6500,10.7000,9.2300,9.5400,198271477,1919963586.2500,132353
20250211,300272,6.1800,6.1800,6.2000,6.0500,6.1400,6065184,37060486.2400,8233
20250211,300274,72.1300,71.6100,71.7800,70.7100,70.8100,28068888,1993261912.6600,68216
20250211,300275,14.0000,14.1000,14.1000,13.7100,13.8200,7386886,102118844.4600,12809
20250211,300276,11.5500,11.4300,11.5400,11.0100,11.2000,186784405,2080166453.0900,151665
20250211,300277,13.6000,13.2800,13.2800,12.8600,12.9100,27140209,353105952.9400,22804
20250211,300278,6.2800,6.2700,6.2700,6.1200,6.2000,52447200,324134486.0000,27230
20250211,300279,6.6800,6.6500,6.7000,6.5800,6.6500,9180528,61035280.3600,10965
20250211,300280,19.6500,19.5600,20.4100,19.1500,19.8200,25891401,512982660.6800,43453
20250211,300281,5.9400,5.9500,5.9700,5.8300,5.9100,9618500,56552138.0000,12494
20250211,300283,5.7700,5.7500,5.7700,5.6300,5.7100,5773688,32840793.7200,8607
20250211,300284,10.9800,10.9300,11.1400,10.6700,10.8100,42990252,465550325.8100,41226
20250211,300285,17.5300,17.5300,17.5500,17.1500,17.2200,10197300,175957095.0000,18363
20250211,300286,20.2600,20.1400,20.3200,19.8500,20.2500,3779401,75962573.2400,8194
20250211,300287,5.9800,5.9000,6.6600,5.6200,6.1100,359551714,2177798298.5500,154977
20250211,300288,17.1200,16.6400,16.6400,16.2000,16.3200,27787700,455681407.0000,34820
20250211,300289,5.0900,5.1200,5.1200,4.9500,5.0100,5029400,25144942.0000,6946
20250211,300290,22.0000,21.5700,21.5800,20.8000,20.8400,49792741,1051372642.0300,55376
20250211,300291,5.4000,5.3900,5.5000,5.2900,5.4400,37270595,201021268.8600,26954
20250211,300292,5.5600,5.5200,5.5400,5.4300,5.4700,63680700,348294164.0000,35266
20250211,300293,23.6700,23.6000,23.6000,23.1200,23.1500,9219300,214477670.0000,18667
20250211,300294,29.3200,29.3400,29.3500,29.0300,29.1400,3698768,107756976.6900,9370
20250211,300295,17.0900,17.1000,17.2600,16.6000,16.7700,7278400,122156881.0000,9944
20250211,300296,6.7800,6.8000,7.0900,6.6900,7.0600,333408886,2316495089.3200,172210
20250211,300298,23.6800,23.8700,23.9100,23.1000,23.2800,4693300,109582759.0000,12849
20250211,300299,6.6800,6.6100,7.0000,6.5000,6.8500,99536056,665565876.3800,62887
20250211,300300,2.9700,2.9600,2.9900,2.9200,2.9400,14221690,41881022.6000,2768
20250211,300301,1.8600,1.8600,1.8600,1.8300,1.8500,6448520,11900255.8000,785
20250211,300302,16.4600,16.2500,16.6000,15.9200,16.1400,27103078,438926188.7500,27637
20250211,300303,7.1200,7.1100,7.1300,6.9900,7.0800,45254788,319449780.8500,41424
20250211,300304,8.6600,8.6300,8.7100,8.5000,8.6900,18770363,161518568.5000,15613
20250211,300305,5.7000,5.6800,5.7100,5.5700,5.6700,3737749,20962438.9300,5149
20250211,300306,12.3700,12.3500,13.2600,12.2100,12.6200,14086631,180080335.1600,19557
20250211,300307,8.8300,8.8000,8.9300,8.5700,8.8600,94611171,826928744.9600,55034
20250211,300308,110.6200,111.0200,113.8800,109.6000,111.5000,43879471,4927359418.5200,128590
20250211,300310,8.0100,7.9800,8.0300,7.8000,7.8200,50919682,400513212.6000,41459
20250211,300311,6.6000,6.6000,6.6200,6.3700,6.4500,30249291,195088796.9100,24949
20250211,300313,5.4600,5.4600,5.4600,5.3500,5.3800,2929600,15771985.0000,1141
20250211,300314,11.5300,11.5300,11.5400,11.3100,11.4300,2977312,33929165.4000,4813
20250211,300315,6.1000,6.0400,6.0800,5.9500,6.0100,127393873,765814908.7300,64582
20250211,300316,32.0800,31.9500,32.0800,31.4000,31.5300,9175796,289485181.0200,19985
20250211,300317,3.7300,3.7300,3.8100,3.6300,3.6800,25341225,93706289.0100,19738
20250211,300318,5.9400,5.9400,5.9400,5.8300,5.8700,5795638,33975471.6800,5596
20250211,300319,12.6800,12.6800,12.7000,12.4200,12.6400,26636331,334746197.4300,34263
20250211,300320,9.7100,9.7000,9.7000,9.5400,9.6100,8713719,83800686.5900,12105
20250211,300321,23.5400,23.7400,24.9500,23.0300,24.7000,3974653,97033394.0300,5594
20250211,300322,14.6600,14.6600,14.6800,14.1000,14.2700,34113527,485958840.4800,35316
20250211,300323,8.3300,8.3400,8.6700,8.2700,8.3700,92244928,779307785.9400,86944
20250211,300324,3.8000,3.8000,3.9300,3.7100,3.8200,178350361,681337041.7700,55454
20250211,300326,7.8400,7.8000,7.8000,7.5000,7.5800,21032253,159198937.6200,16284
20250211,300327,24.8600,24.9000,24.9200,24.4600,24.5800,6849923,168616491.2400,16556
20250211,300328,8.2400,8.2800,8.2900,8.0900,8.2200,26566170,217063390.3000,27513
20250211,300329,6.0900,6.0900,6.1500,5.9100,6.0000,5388562,32204801.3800,5499
20250211,300331,21.2700,21.2700,21.5800,20.9300,21.1600,7034274,148996797.5800,12027
20250211,300332,5.0700,5.0700,5.0800,4.9700,5.0000,9336932,46666157.6800,5825
20250211,300333,15.7000,15.5900,16.3900,15.1800,15.9200,62800346,1000720400.0700,63004
20250211,300334,6.0000,6.0000,6.0200,5.8500,5.9400,3622100,21375288.0000,4381
20250211,300335,5.0100,5.0000,5.0100,4.9300,4.9600,7398300,36679605.0000,8957
20250211,300337,12.1600,12.2400,12.2500,11.9200,11.9300,22572440,270849534.0000,24078
20250211,300338,3.9800,3.9500,4.1700,3.8500,4.0100,15686150,62564892.5000,4226
20250211,300339,60.9400,59.6800,60.8800,58.6200,58.6200,100124983,5949321198.0300,218524
20250211,300340,10.1500,10.1600,10.2000,9.9100,9.9600,4576700,45629795.0000,6951
20250211,300341,19.0000,19.0900,20.4700,18.5000,19.9100,32282988,635572627.3100,57887
20250211,300342,17.7300,17.7300,17.9900,17.4300,17.7700,15362155,271733237.5000,23456
20250211,300343,5.9600,5.9700,5.9800,5.8200,5.8900,22010762,129374383.9300,17866
20250211,300344,6.6100,6.5700,6.6100,6.3400,6.3600,89304943,574942257.8900,68341
20250211,300345,5.6600,5.6700,6.0300,5.5900,5.9300,19421019,113554115.7200,17511
20250211,300346,38.7600,38.6900,38.6900,37.6500,37.9200,15083074,571848761.5100,36413
20250211,300347,54.6800,54.6800,54.6800,52.9600,53.0000,12594074,672687762.8200,33411
20250211,300348,14.7200,14.5700,14.5700,14.0700,14.1300,58099322,826558895.3800,64404
20250211,300349,13.6300,13.6100,13.9300,13.5200,13.8100,12009400,164862836.0000,15868
20250211,300350,5.5400,5.5500,5.5700,5.4200,5.4800,12734700,69551016.0000,11769
20250211,300351,17.7500,17.7600,18.1000,17.5000,17.8800,15344573,273180766.6900,21360
20250211,300352,6.7800,6.6800,7.0800,6.4300,6.5800,178166395,1185510017.1800,101706
20250211,300353,12.9100,12.8500,13.1200,12.6500,12.8400,26023799,335253708.1200,22387
20250211,300354,40.5100,40.3300,40.8600,39.8500,40.1900,4117900,166134696.0000,11860
20250211,300355,5.1200,5.1000,5.1300,4.9700,5.0100,66450440,332844562.4000,37892
20250211,300357,20.6300,20.6100,20.6800,20.1500,20.2900,5448609,110665347.8800,13237
20250211,300358,7.1100,7.0900,7.1000,6.9600,7.0000,7729500,54145059.0000,9964
20250211,300359,5.8000,5.7900,5.8900,5.5900,5.6900,35720309,204287792.8800,23056
20250211,300360,17.1700,17.1500,17.7000,16.9800,17.5000,21019549,365122702.9600,27188
20250211,300363,17.4800,17.4800,17.4800,16.8500,17.0500,9065234,154329098.6100,19734
20250211,300364,28.0700,27.6100,30.0000,27.1000,28.7000,94703370,2672629460.4900,130666
20250211,300365,6.4200,6.3900,6.4400,6.2400,6.3800,19635596,124335607.5200,23148
20250211,300366,10.4900,10.3500,10.4500,10.1200,10.3300,30600665,314277070.9800,42500
20250211,300368,4.5400,4.5400,4.5600,4.4900,4.5000,8333700,37672050.0000,2669
20250211,300369,8.3500,8.2800,8.4300,8.0900,8.2600,29750296,244964913.0000,27711
20250211,300370,3.3000,3.3300,3.3500,3.1800,3.2100,52179569,168009114.9000,21126
20250211,300371,10.1100,10.1100,10.1400,9.9600,10.0700,1959054,19681366.1600,4452
20250211,300373,44.5000,44.4800,44.5100,43.5100,44.0600,7155380,314056978.4400,22302
20250211,300374,17.6900,17.6100,17.6500,17.2700,17.4300,8132700,141746544.2000,11926
20250211,300375,4.9800,4.9700,4.9800,4.8900,4.9100,14622510,71895552.9000,14367
20250211,300376,3.6600,3.6600,3.6700,3.6000,3.6100,12427900,44994800.0000,2807
20250211,300377,31.2800,31.0000,32.2700,29.8900,31.1700,148127704,4613995683.9800,206210
20250211,300378,36.7800,35.8600,44.1400,35.7000,41.6800,54167018,2166360464.9000,86543
20250211,300379,17.1500,17.0200,17.1600,16.4000,16.6500,47475362,789615166.7800,56128
20250211,300380,56.2200,56.0000,56.9500,54.5400,55.0800,11363086,634445348.4600,29167
20250211,300381,7.4200,7.4200,7.4800,7.2900,7.3500,5459800,40135071.0000,6385
20250211,300382,13.3200,13.2400,13.5000,12.9500,13.0300,38457201,506443978.8500,40580
20250211,300383,16.8500,16.7600,17.8000,16.3000,16.3400,172062050,2895862540.9900,157745
20250211,300384,18.8200,18.8000,19.4000,18.6800,19.1700,16854079,321505501.8400,29140
20250211,300385,4.9400,4.9500,4.9800,4.7700,4.8800,5559044,26898409.4000,4950
20250211,300386,16.4800,16.3000,16.6100,16.1100,16.2100,20117340,328475189.0000,32869
20250211,300387,8.8900,8.8700,8.8700,8.6700,8.7600,9685057,84663273.6300,6624
20250211,300388,7.4300,7.4300,7.4900,7.3300,7.3800,4792869,35359242.4200,6347
20250211,300389,11.9300,12.0000,12.0800,11.7500,11.9900,6834006,81502909.9800,11347
20250211,300390,23.0100,22.9600,22.9900,22.3200,22.4500,13620993,306444515.9600,23338
20250211,300391,4.8300,4.9500,4.9900,4.6700,4.8900,31374650,150693697.5000,26528
20250211,300393,6.1300,6.1300,6.1400,5.9200,5.9700,16290692,97354243.1400,21364
20250211,300394,91.7300,92.7000,94.9900,91.2000,93.5700,25788046,2412428502.6800,85659
20250211,300395,38.2800,38.1300,38.1300,36.6500,36.7700,10562400,391011906.0000,27269
20250211,300396,15.7600,15.6900,15.8500,15.5200,15.6000,5954000,93261697.0000,7891
20250211,300397,12.0400,11.9600,11.9600,11.7400,11.8000,12956538,153314459.5200,13893
20250211,300398,16.6700,16.6700,16.6700,16.3500,16.5000,10817971,178075825.3300,15527
20250211,300399,24.7800,24.7200,24.8500,24.0600,24.2700,13580412,331458765.3700,30160
20250211,300400,17.4600,17.3800,17.5700,17.2800,17.4100,5454300,94931195.0000,10165
20250211,300401,14.3900,14.3900,14.4900,14.1800,14.3200,7772470,111305448.2000,8080
20250211,300402,14.7900,14.8200,14.8200,14.6000,14.6900,2148400,31514330.0000,5077
20250211,300403,13.7500,13.5400,14.3000,13.4300,13.9900,78704801,1090662990.5500,58388
20250211,300404,9.3200,9.2600,9.7800,9.1100,9.5200,30551867,289465803.8300,36351
20250211,300405,4.9500,4.9500,4.9800,4.8200,4.9200,9707884,47353885.8000,9078
20250211,300406,14.4900,14.4900,14.8200,14.2300,14.5900,12541248,182589740.7500,21410
20250211,300407,10.8200,10.8300,10.8700,10.6500,10.8400,4564100,49031521.0000,8088
20250211,300408,38.3400,38.1800,38.9800,37.9800,38.3800,10489869,403259218.1500,23758
20250211,300409,14.3400,14.3500,14.4700,14.0700,14.4100,29830848,426303532.1700,33842
20250211,300410,5.4900,5.5400,5.5400,5.3400,5.4500,8831200,47709942.0000,13035
20250211,300411,13.4500,13.4500,13.7700,13.1000,13.4000,18074691,241901375.2700,24312
20250211,300412,5.3700,5.3500,5.3500,5.2000,5.2400,22976380,120293437.0000,17174
20250211,300413,28.4900,28.4800,29.3500,28.1600,29.0100,13195916,380690860.3000,30857
20250211,300414,8.3500,8.3900,8.4000,8.2200,8.3400,4524670,37723954.5000,6951
20250211,300415,21.7600,21.6700,21.7500,21.3600,21.5000,9765700,209822866.0000,18104
20250211,300416,11.8200,11.8200,11.8800,11.6000,11.7500,9683060,113424491.3400,14314
20250211,300417,12.7000,12.7300,12.9200,12.6000,12.7200,4730120,60337469.0000,7119
20250211,300418,43.2800,42.7900,42.7900,41.3900,41.4000,84128018,3532552806.9800,145918
20250211,300419,5.0900,5.0700,5.1200,4.9500,5.0900,18990580,95755644.0000,5559
20250211,300420,3.0600,3.0800,3.0900,2.9800,3.0100,43919174,132157098.7000,19310
20250211,300421,13.0000,12.9200,13.1000,12.8100,13.0400,17297712,224522572.6400,20137
20250211,300422,4.3500,4.3600,4.3800,4.2400,4.2800,13387981,57328159.4400,6449
20250211,300423,7.5400,7.5500,7.5500,7.3500,7.4200,7105030,52735218.5400,6622
20250211,300424,16.2600,16.1500,16.2700,15.8800,16.0900,8069500,129407039.0000,13821
20250211,300425,5.3000,5.2900,5.3800,5.1900,5.2900,20949200,110488340.0000,15312
20250211,300426,10.5600,10.5500,10.6800,10.3300,10.4400,7713300,80427742.0000,9273
20250211,300427,6.2000,6.2000,6.2000,6.0500,6.1500,15877361,96754856.6600,13278
20250211,300428,16.9300,16.9300,17.0300,16.5700,16.6400,5520498,92058119.4200,8346
20250211,300429,12.3100,12.2900,12.3000,12.0300,12.0700,15241021,184615951.9500,21671
20250211,300430,17.7800,17.4800,17.8500,17.2800,17.5000,18689880,328026250.8000,20286
20250211,300432,18.1500,17.9700,17.9800,17.4900,17.5500,36903882,650461387.4300,37415
20250211,300433,27.6600,27.5800,28.7700,27.4500,28.2900,62831754,1771837952.4200,97857
20250211,300434,9.5100,9.4100,9.4500,9.1500,9.2100,16877589,155570995.9100,21104
20250211,300435,12.2200,12.2600,12.7700,12.1300,12.6700,13072315,163933277.0800,15496
20250211,300436,33.3200,33.3200,33.3200,31.5800,31.8500,5463900,174945421.0000,9704
20250211,300437,8.2900,8.3900,8.3900,8.1000,8.1700,4752300,38810754.0000,6033
20250211,300438,27.5800,27.5500,27.5700,26.9000,27.1100,9502334,257177178.1800,23443
20250211,300439,10.7800,10.7800,10.8000,10.6300,10.7400,3808559,40721480.3000,6344
20250211,300440,8.2900,8.2600,8.3100,8.0600,8.2200,12490358,102258633.5200,10613
20250211,300441,8.9900,8.9800,9.4800,8.8200,9.4400,42037535,387595013.0800,26963
20250211,300442,61.2900,60.4000,61.6600,56.8000,58.0500,55009294,3266644625.2800,117187
20250211,300443,20.6000,20.5200,20.5500,19.9700,20.0900,7947300,159794434.0000,14300
20250211,300444,6.9900,6.9800,6.9900,6.8600,6.9400,13618340,94123613.4000,10793
20250211,300445,17.7000,17.6600,17.7800,17.4300,17.6500,2619540,46052292.2000,7455
20250211,300446,17.8500,17.7700,17.8200,17.3800,17.5600,14916655,261518674.1300,22841
20250211,300447,13.2300,13.2200,13.2500,13.0100,13.1500,3537800,46426660.0000,7804
20250211,300448,7.9900,7.8500,8.5000,7.6800,8.1600,79038281,638861319.3400,44193
20250211,300449,8.8400,8.9200,9.0700,8.7500,8.8500,10368100,92721360.0000,9770
20250211,300450,20.5300,20.4700,20.4700,20.0300,20.1600,20686442,417093604.9500,28811
20250211,300451,5.9400,6.2900,6.3000,5.5700,5.7500,337968354,1976723792.8200,138584
20250211,300452,12.2300,12.1900,12.2700,12.0000,12.0700,2248529,27147026.0000,3267
20250211,300453,7.8400,7.8900,7.9300,7.7800,7.9100,5445510,42802764.3000,9191
20250211,300454,78.1800,77.0000,78.4800,75.4300,75.9300,12531948,962145073.4300,43251
20250211,300455,13.6800,13.6800,13.8000,13.4700,13.6800,9946800,135435859.0000,18565
20250211,300456,18.1100,18.1800,18.1800,17.7200,17.7500,15468295,275693320.3000,23320
20250211,300457,19.3400,19.4000,20.6800,19.0300,20.4700,34349463,682931000.5200,47348
20250211,300458,53.3700,52.4000,54.4500,51.5500,51.9500,68175478,3598264252.5100,152159
20250211,300459,6.6000,6.6500,6.7600,6.4000,6.5000,419849095,2747019131.7500,169665
20250211,300460,12.6000,12.6100,12.6900,12.3000,12.3200,7436100,92251342.0000,12209
20250211,300461,19.5500,19.3900,19.6400,19.0900,19.3400,2311500,44650034.7500,6957
20250211,300462,10.1800,10.3400,10.3900,10.1100,10.1800,5642000,57524471.0000,10034
20250211,300463,12.9300,12.9300,13.0200,12.7400,12.8400,5067689,64987387.8700,9705
20250211,300464,5.3100,5.3500,5.3500,5.1900,5.2500,15085900,78982883.0000,13864
20250211,300465,19.2400,19.0100,19.1800,18.5100,18.6400,42977800,809131859.5200,58308
20250211,300466,7.9900,7.9400,7.9800,7.7900,7.8600,10297100,80721854.0000,11505
20250211,300467,19.6400,19.3300,21.0100,18.8900,19.8700,32132086,635923447.8800,37471
20250211,300468,17.2700,17.1000,17.3000,16.8300,16.9700,28718304,488616006.1600,43423
20250211,300469,27.9900,28.0100,29.6300,27.6900,28.8800,20083516,580049490.6000,19620
20250211,300470,35.8300,35.7700,35.8800,35.1700,35.2600,3288631,116115043.4400,9210
20250211,300471,9.1200,9.0900,9.5500,8.9300,9.3200,11337043,104934964.8100,15229
20250211,300472,8.0600,8.0600,8.2000,7.8500,8.1100,25738560,207527614.6000,16660
20250211,300473,23.4200,23.3200,23.5300,23.0500,23.1600,4409000,102216247.0000,7578
20250211,300474,93.6400,93.5200,93.6300,90.4500,91.4900,15821672,1449090541.7600,55605
20250211,300475,31.6900,31.6900,31.7500,30.8900,31.0000,21421013,667505420.5200,36833
20250211,300476,51.2600,51.4100,56.2100,51.1300,54.3000,55586752,2987288026.7800,129568
20250211,300477,2.9000,2.9000,2.9100,2.8200,2.8600,19437914,55320779.8800,6208
20250211,300478,10.1300,9.9400,12.1600,9.8000,12.1600,21810678,251499642.2800,10926
20250211,300479,21.8300,21.3300,22.1600,20.9800,21.3900,20795300,447273545.2400,30622
20250211,300480,15.3700,15.1400,15.3600,14.6000,14.7900,14982097,223198553.4400,19396
20250211,300481,15.1000,15.0600,15.0900,14.9000,15.0400,3639900,54521988.0000,5574
20250211,300482,23.0000,23.0400,23.0800,22.5100,22.6900,7047071,159966203.4600,13439
20250211,300483,8.7400,8.7200,8.8300,8.5500,8.6100,4308480,37185661.0000,7553
20250211,300484,22.2500,22.2600,22.2600,21.7000,21.8600,10705348,234691948.9600,22372
20250211,300485,7.2300,7.2200,7.2800,7.1000,7.1300,3887504,27791166.2400,8539
20250211,300486,7.1900,7.1600,7.1700,7.0100,7.1000,10550100,74532459.0700,10937
20250211,300487,48.4700,48.2000,48.2300,47.1300,47.3300,4074624,193201523.0900,10734
20250211,300488,32.3400,31.9800,32.5300,31.0600,32.2500,5985949,191246379.8300,17040
20250211,300489,55.3600,55.5100,55.5100,54.0100,54.5200,4043760,220788397.6000,13197
20250211,300490,7.9600,8.0100,8.0900,7.8000,7.9000,8583719,67977254.1000,12440
20250211,300491,16.7500,16.7900,16.8500,16.4300,16.6800,6802600,113274155.0000,17313
20250211,300492,70.9000,70.9000,72.1500,68.5200,70.5000,1220530,85691292.4000,4565
20250211,300493,28.6500,28.6500,30.5000,28.4200,28.7800,115477115,3379559140.6400,155524
20250211,300494,14.3400,13.9800,14.2400,13.6200,13.8000,61698117,855548188.4400,48198
20250211,300496,71.1000,71.1000,72.3300,68.7100,69.0300,33989109,2376594285.3400,95558
20250211,300497,8.9000,8.9100,8.9700,8.6900,8.7100,7939060,69481138.8400,6375
20250211,300498,16.1500,16.1500,16.1600,15.8800,15.9100,39069448,624419009.5100,28926
20250211,300499,17.9500,17.8400,18.0700,17.5000,17.5300,31004149,549821274.5700,38129
20250211,300500,10.6400,10.8200,10.8200,10.3900,10.5600,3016800,31661012.0000,6102
20250211,300501,13.7300,13.7100,13.8100,13.4800,13.7100,1965599,26751566.5400,4238
20250211,300502,114.5600,115.0700,117.5500,113.7700,115.5500,20875427,2416848594.9400,75252
20250211,300503,22.9400,22.9000,23.1900,22.3600,22.4300,25702946,581989032.8200,40169
20250211,300504,16.4600,16.4500,16.5900,16.2000,16.4000,6180200,101409470.0000,12027
20250211,300505,15.4000,15.4000,15.4800,15.1500,15.3200,8229155,125814669.4500,12707
20250211,300506,2.9600,2.9900,2.9900,2.8500,2.8700,8246434,23775391.4400,1905
20250211,300507,7.3800,7.4100,7.4900,7.3200,7.3700,35702329,263499840.5400,31147
20250211,300508,29.4800,29.5000,29.5900,29.0200,29.3500,2032971,59548089.8600,6437
20250211,300509,8.3600,8.3200,8.4400,8.2200,8.3800,6479877,53969869.9800,8445
20250211,300510,4.2100,4.2000,4.2200,4.1400,4.1800,11599079,48381194.9300,12988
20250211,300511,3.6500,3.6300,3.6500,3.5200,3.5500,14411925,51201022.7500,8946
20250211,300512,7.3400,7.3200,7.4200,7.2400,7.3400,3225250,23597131.5000,5782
20250211,300513,9.2500,9.1700,9.3200,9.1100,9.1800,7280828,66844806.2800,12441
20250211,300514,15.3300,15.3400,15.5400,15.1900,15.4600,5258900,80764503.0000,9255
20250211,300515,15.3900,15.3500,15.5400,15.0900,15.3500,13403386,205356183.6700,23816
20250211,300516,33.5600,33.7400,33.7600,33.0400,33.3100,1120300,37257641.5000,3552
20250211,300517,9.1100,9.1100,9.1100,8.9400,9.0000,1684580,15144803.4000,3497
20250211,300518,12.3800,12.4000,12.4800,12.1200,12.3500,4084524,50188405.0800,6455
20250211,300519,13.8000,13.8000,13.8500,13.5000,13.5800,1614900,21939017.0000,3721
20250211,300520,26.1900,26.1700,26.2000,25.4100,25.6200,18818560,483241299.4000,27965
20250211,300521,21.8000,21.7600,22.8800,21.4100,22.3000,5660400,125509118.0000,12662
20250211,300522,13.5700,13.5100,14.3400,13.1200,14.1700,19792549,271907351.2500,17857
20250211,300523,21.1000,21.0000,21.0500,20.3100,20.8500,5717961,118396762.5200,14745
20250211,300525,15.8400,15.9300,16.0300,15.5200,15.8400,22267617,350628605.3400,33744
20250211,300527,8.1100,8.1300,8.1300,7.9700,8.0100,12793565,102494057.7400,12895
20250211,300528,9.1500,9.2300,9.2900,8.9500,9.1800,21324158,194613470.1500,20831
20250211,300529,27.1200,27.1500,27.2300,26.4500,26.5300,7368083,196112477.3300,18564
20250211,300530,17.1000,17.1000,17.1100,16.6200,16.8100,2063449,34592860.2400,5372
20250211,300531,14.9100,14.8600,14.9000,14.6200,14.7200,7812500,115173578.0000,12981
20250211,300532,12.6200,12.5600,12.9900,12.4100,12.9200,27664640,351815236.4600,28287
20250211,300533,23.8900,23.7300,24.4700,23.2800,23.7500,6790550,161978898.0000,16560
20250211,300534,8.6700,8.6400,8.6700,8.4200,8.5100,7187475,61055039.7500,9556
20250211,300535,14.0800,14.0800,14.1100,13.8100,14.0000,1215000,16921312.7100,2336
20250211,300536,6.2400,6.1900,6.3500,6.0700,6.3300,7902215,48734102.8000,3067
20250211,300537,17.7000,17.6800,17.7000,17.3200,17.4400,5565482,96995176.6200,8931
20250211,300538,15.2900,15.2900,15.3500,15.0100,15.1100,2857400,43113836.0000,7098
20250211,300539,12.5800,12.5000,12.5200,12.3000,12.3700,6384300,78935431.0000,11106
20250211,300540,25.9500,25.9500,26.1500,25.7000,26.1100,3177200,82550850.0000,5563
20250211,300541,13.1500,13.0000,13.3400,12.8100,13.0700,35624726,464216669.0400,42477
20250211,300542,21.8500,21.8800,21.9000,21.2700,21.4600,10190794,219161894.3400,22798
20250211,300543,11.2100,11.1800,11.3500,11.1200,11.2500,13362923,150153765.5300,16836
20250211,300545,32.5800,32.5800,32.6400,31.9900,32.1800,3300125,106107971.0000,8220
20250211,300546,19.1300,19.1800,19.4300,18.7700,19.0500,9124870,173816204.2000,14334
20250211,300547,27.8000,28.1100,28.4200,26.9800,27.2800,23474720,645230925.6000,49146
20250211,300548,56.7500,56.7500,62.5800,56.0000,59.2000,28216146,1676590879.6400,85567
20250211,300549,17.8200,17.8200,17.8900,17.4300,17.6500,2894900,50990198.0000,7647
20250211,300550,14.8200,14.8500,14.9000,14.2900,14.6000,5518278,80111171.3000,7514
20250211,300551,10.3700,10.3200,10.3500,10.0800,10.1600,14249000,144688581.0000,19964
20250211,300552,36.2300,35.5100,35.7900,34.9200,35.0600,11197509,394989012.5100,23391
20250211,300553,33.7900,33.2900,34.1600,32.7800,32.9900,3262590,108586858.7000,12277
20250211,300554,21.7100,21.7500,21.7800,21.3800,21.4900,2535400,54499863.0000,5702
20250211,300555,8.5000,8.5300,8.5300,8.3000,8.4500,3188100,26838583.0000,1480
20250211,300556,22.3600,22.3000,24.7900,21.8800,23.3100,33429233,787438650.7400,42344
20250211,300557,31.5400,31.5800,32.0200,31.1600,31.7200,2896770,91559640.6000,5979
20250211,300558,59.0000,58.6000,58.8300,52.5800,52.8100,15462564,842494666.9000,40356
20250211,300559,13.2500,13.0100,13.8400,12.8000,13.0500,16145016,213611653.1400,17069
20250211,300560,14.5300,14.4700,14.5400,14.2300,14.4100,6334020,91148452.0000,13120
20250211,300561,53.4000,53.1500,56.3000,52.5200,54.0900,46360132,2556229044.7900,107846
20250211,300562,14.9300,14.8900,15.5400,14.8100,15.0300,28055164,426045094.7600,42685
20250211,300563,48.4900,48.6300,51.8200,48.5200,50.0200,20064073,1009620024.2600,55417
20250211,300564,12.8900,12.9700,13.1800,12.5700,12.7300,2854900,36275004.4000,5660
20250211,300565,12.8700,12.7900,12.8900,12.6400,12.7100,5402930,68690030.7000,8436
20250211,300566,21.1800,21.1200,21.2000,20.7000,20.7700,17304606,360689435.5200,27159
20250211,300567,65.8700,65.5000,66.1800,64.2000,64.7400,4286859,279205870.5500,17204
20250211,300568,10.1300,10.1300,10.6400,9.9900,10.6200,74592827,770490352.5600,58530
20250211,300569,4.6200,4.6100,4.6200,4.5400,4.5700,8226315,37561695.4500,6206
20250211,300570,100.5500,100.1300,107.8800,99.6900,104.8600,21001495,2201379208.7800,74822
20250211,300571,32.4100,31.9200,35.6400,31.1900,33.8000,30459699,1016091786.8800,49027
20250211,300572,18.2000,18.2200,18.6800,17.8300,18.2400,7983604,145170413.6000,13132
20250211,300573,73.1500,73.0000,73.2300,71.2100,71.9300,4904650,352493206.9200,19405
20250211,300575,6.1300,6.1400,6.2200,6.0800,6.1400,9463327,58245673.8000,6586
20250211,300576,47.4800,47.4700,47.4700,46.3500,46.6300,7046483,329512129.9400,17500
20250211,300577,24.3300,24.3400,24.4000,23.6500,23.8200,2421948,57764932.9200,5717
20250211,300578,22.8600,22.7900,23.2000,21.8600,22.1200,19491240,434218080.6800,26230
20250211,300579,30.8700,30.5000,30.6600,29.7000,30.1900,8410750,253675228.0000,23599
20250211,300580,28.5600,28.5000,29.2200,27.9100,29.0900,28525864,817580517.6400,48664
20250211,300581,10.7300,10.7300,10.7400,10.4500,10.5000,8784476,92433102.8600,11831
20250211,300582,14.3100,14.2700,14.3800,14.0100,14.1600,6621262,93919499.6400,6929
20250211,300583,20.7600,20.5100,23.2900,20.5100,22.6700,9471547,209326257.5300,12937
20250211,300584,20.6800,20.6200,20.7000,20.3100,20.3300,1786450,36453814.0000,3392
20250211,300585,16.1800,16.1800,16.8500,16.0600,16.2000,9152800,150086878.0000,16693
20250211,300586,8.6400,8.5500,9.2000,8.4000,9.1300,31496548,279009675.2800,23822
20250211,300587,4.3700,4.3900,4.4100,4.3000,4.3600,19377248,84240758.5900,12440
20250211,300588,16.1900,15.7900,15.9400,15.3000,15.5300,21816279,339023055.1700,26751
20250211,300589,12.2100,12.2000,12.2000,12.0200,12.1400,3676994,44467708.7600,4769
20250211,300590,17.0500,16.1900,16.8500,15.7100,16.5200,52513736,850233969.0700,71640
20250211,300591,4.3000,4.2900,4.3400,4.1600,4.2900,16500719,69957493.8300,11623
20250211,300592,14.2100,14.1400,14.2000,13.8200,14.1000,13168040,184136289.2000,16390
20250211,300593,10.8900,10.8700,10.8700,10.6000,10.7300,7930552,84930177.6000,15381
20250211,300594,17.9000,17.8800,18.0500,17.4800,17.5900,2942500,51952645.0000,5503
20250211,300595,17.6000,17.6500,17.7300,17.0900,17.2200,9029175,155828088.5800,18822
20250211,300596,30.4900,30.3800,30.4600,30.0300,30.4100,5404875,163447410.3600,11806
20250211,300597,9.4900,9.4300,9.4900,9.3100,9.3900,6467600,60897312.0000,7754
20250211,300598,54.1800,53.8200,53.8200,52.1400,52.6000,12868208,677994222.6200,36495
20250211,300599,7.1100,7.1800,7.1800,6.8800,6.9800,3537250,24645685.5000,4473
20250211,300600,7.1400,7.1500,7.2800,7.1300,7.1400,1701528,12221535.4400,865
20250211,300601,15.9100,15.9000,15.9400,15.4100,15.5200,11569063,180003275.9500,20022
20250211,300602,20.8300,20.7800,20.8900,20.4800,20.5200,17883547,368730770.1000,27101
20250211,300603,13.3400,13.0000,14.6000,12.5800,13.3500,138847624,1840681473.2600,104198
20250211,300604,46.2400,46.1800,46.1800,44.7600,45.3000,21407342,966712686.5400,51285
20250211,300605,13.5400,13.3700,13.6000,13.2300,13.3900,5220895,69881087.0000,11647
20250211,300606,18.9100,18.9500,19.0400,18.6100,18.7600,3143150,58913802.5000,5730
20250211,300607,32.8400,32.5000,35.5000,31.5700,35.5000,83631724,2756336220.1500,123354
20250211,300608,14.2800,13.7900,13.9700,13.3500,13.5800,40665682,553107644.2600,42609
20250211,300609,28.3900,29.0000,29.5700,27.4000,27.7600,8414302,237063797.4000,18310
20250211,300610,10.1700,10.1500,10.2500,10.1000,10.1800,2836819,28855972.4200,5861
20250211,300611,12.2900,12.3600,12.6700,12.2900,12.6700,10710207,133418771.4900,16357
20250211,300612,17.7500,17.4100,17.8500,17.2500,17.5500,17653600,308780049.0000,23341
20250211,300613,72.9300,71.8800,71.9300,68.6800,68.8900,21423814,1503322692.7700,57879
20250211,300614,9.6900,9.7300,9.7800,9.4900,9.5600,2354240,22543617.8000,4191
20250211,300615,13.1300,13.1300,13.4900,12.9800,13.3000,20316022,269154710.9400,27538
20250211,300616,13.1000,13.1700,13.7700,13.0300,13.1800,13045860,175170451.2000,22457
20250211,300617,30.6600,30.6800,31.6700,30.2500,31.3000,6590920,204483748.7500,11626
20250211,300618,34.2500,34.2600,34.4300,33.5800,33.6400,5426185,182947704.6300,12762
20250211,300619,23.6500,23.7600,23.8200,23.0200,23.3500,1619100,37639738.0000,4504
20250211,300620,49.7200,49.5700,50.1500,48.8500,49.2000,11300500,559853938.5000,36136
20250211,300621,9.3700,9.4200,9.4300,9.1600,9.2400,3478500,32113538.0000,5304
20250211,300622,51.9800,52.1000,53.5600,51.1400,51.2100,21582519,1128725811.9900,58556
20250211,300623,34.8500,34.8800,34.8800,33.8800,34.0600,20413870,696655321.5100,44747
20250211,300624,81.1500,79.1100,80.6800,76.4200,76.6300,31572734,2463576740.5000,88979
20250211,300625,11.7600,11.7600,11.8500,11.6300,11.7800,1425600,16720602.0000,3003
20250211,300626,9.7000,9.7300,9.7600,9.5300,9.6700,3584880,34492443.4100,5628
20250211,300627,44.5800,44.6200,45.2000,43.7000,44.2500,8910644,395005231.1300,23395
20250211,300628,42.2500,42.1400,42.7000,41.7300,42.3700,9041216,381916381.6000,24636
20250211,300629,21.1200,21.0100,21.5900,20.7200,21.2100,6637721,140349345.8000,11126
20250211,300630,2.7800,2.7200,2.8800,2.6800,2.7800,54298928,150377981.1000,15159
20250211,300631,21.8400,21.7900,22.1500,21.5200,21.6300,1696500,36860068.0000,3143
20250211,300632,13.4400,14.0900,15.6600,13.7500,14.4200,54885209,805356334.8600,63979
20250211,300633,31.3300,31.4100,31.4900,30.3900,31.1900,6799219,210274171.3800,17873
20250211,300634,29.8800,28.8400,35.8600,28.5300,34.2200,123054420,4025040714.7600,151748
20250211,300635,10.3400,10.3500,10.4000,10.0500,10.1700,3732800,37898985.0000,4571
20250211,300636,8.1000,8.1600,8.1600,7.9600,8.0200,3733580,29889412.6000,4730
20250211,300637,9.6400,9.6400,9.6900,9.4600,9.5100,5038400,47945509.0000,7869
20250211,300638,36.0100,36.8300,40.5900,36.2000,36.6000,143917479,5480586415.2900,215499
20250211,300639,6.0900,6.1300,6.3900,6.0100,6.0200,16493074,101761982.1200,13458
20250211,300640,6.1400,6.1400,6.5700,6.0800,6.5400,37751168,238502593.3200,23016
20250211,300641,26.6300,26.5600,26.5600,25.8700,25.8900,24787177,644983291.4200,38637
20250211,300642,14.8900,14.9600,15.1300,14.6400,14.7000,3980620,58953428.4000,5177
20250211,300643,12.7300,12.7600,12.8500,12.5900,12.6600,2631400,33364847.0000,6303
20250211,300644,22.9800,22.9800,22.9900,22.4800,22.8700,3212350,72852821.5900,7303
20250211,300645,16.3200,16.1500,16.9100,16.0000,16.4900,9543299,156468577.0100,19089
20250211,300647,6.5500,6.6000,6.6500,6.3700,6.4000,16785066,108102694.7800,15005
20250211,300648,23.1400,23.1400,23.2400,22.7100,22.9000,1887500,43110598.0000,5815
20250211,300649,11.4300,11.4400,12.1000,11.1900,11.5900,6568955,76765167.8500,9431
20250211,300650,12.3100,12.3100,12.3100,12.1500,12.2400,4005830,48986211.9000,8067
20250211,300651,13.7900,13.8400,13.8600,13.5000,13.5600,4285600,58204258.0000,7047
20250211,300652,35.3700,35.9500,38.2500,35.3600,36.1600,10085051,369447776.0200,18895
20250211,300653,21.1200,21.1200,21.1500,20.6800,20.7300,2114975,43926252.2500,4304
20250211,300654,13.0900,12.8100,13.2000,12.5600,12.7500,45269398,582483287.3900,36419
20250211,300655,9.1400,9.1400,9.1900,8.9200,8.9500,18633535,167276725.7300,23393
20250211,300656,24.6000,24.5800,24.5800,23.9400,24.2000,2234444,53949260.6400,6481
20250211,300657,26.3200,26.2600,27.0700,25.6500,25.6600,72550544,1909667824.9500,91685
20250211,300658,5.6800,5.6900,5.7900,5.6200,5.6800,4071620,23157321.0000,4075
20250211,300659,18.5200,18.3400,18.3700,17.8800,18.0500,7760027,140445154.7400,17139
20250211,300660,48.8000,48.7500,50.7300,48.4800,49.6600,21421895,1063544446.4800,50406
20250211,300661,91.1000,91.0000,91.1600,89.0000,90.5800,6635212,597364956.0600,28480
20250211,300662,23.7000,24.4100,24.8900,23.5100,24.2400,9598100,231899037.0000,27631
20250211,300663,19.0500,18.9000,18.9000,18.1800,18.4000,37390294,689182620.8200,56520
20250211,300664,5.2200,5.2200,5.2300,5.1400,5.2000,10545650,54500618.0000,5205
20250211,300665,7.0200,7.0300,7.1000,6.9300,7.0200,3971600,27781480.0000,5232
20250211,300666,71.2600,71.2700,71.2800,69.3200,69.4400,6060369,422023424.9400,19957
20250211,300667,18.2800,18.3000,18.3000,17.7200,17.8500,4971000,88893321.0000,8397
20250211,300668,19.3300,19.3300,19.3300,18.4000,18.6100,2869600,53495814.0000,3575
20250211,300669,21.3600,21.3400,21.4000,20.8900,21.2600,1554200,32877075.0000,2831
20250211,300670,6.1400,6.1300,6.1600,6.0200,6.1100,5152700,31345456.0000,5747
20250211,300671,35.7800,35.7000,35.7000,34.6000,34.7000,6488604,226237619.6200,15041
20250211,300672,74.3000,73.5000,74.2000,71.4300,73.0500,12373240,897730899.7700,36412
20250211,300673,18.0900,18.0900,18.6500,17.9500,18.2300,13816270,253046431.3000,16194
20250211,300674,24.3700,23.9600,24.0900,22.8900,24.0800,69424560,1630023709.4500,79763
20250211,300675,15.1300,15.1400,15.2000,14.8600,14.9600,2999000,44840631.0000,4664
20250211,300676,54.1800,52.9800,52.9800,50.6400,50.9900,15931604,820532005.5600,41954
20250211,300677,27.1800,27.1400,27.1800,26.4600,26.5400,11495743,306832342.0500,28774
20250211,300678,38.1100,37.9200,37.9200,36.9000,37.1700,15091752,562604505.9000,31881
20250211,300679,67.0000,68.0000,68.8500,65.2800,67.1200,9598539,643659120.3700,26905
20250211,300680,30.5500,30.5500,31.2200,29.7300,30.8800,19472076,598344386.0100,35942
20250211,300681,32.7600,32.7500,34.2600,32.0000,32.9200,20227273,669593066.5000,33327
20250211,300682,12.2400,12.1800,12.1800,11.6800,12.0100,26760047,319277755.4600,42883
20250211,300683,24.0100,23.9700,24.0400,23.4500,23.4800,1388700,32761618.0000,4019
20250211,300684,26.1900,26.1600,26.4600,25.6100,25.6500,15010200,389073811.6400,33313
20250211,300685,22.4200,22.4800,23.5800,21.9600,23.0800,13825784,315596483.1500,28243
20250211,300686,9.3400,9.3800,9.6300,9.3300,9.4600,8942700,84679545.0000,17285
20250211,300687,21.8900,21.5700,26.2700,21.3200,23.4800,56015377,1320527794.1600,79706
20250211,300688,35.4300,35.1100,37.9600,34.1800,34.8300,34386928,1239988784.5200,52370
20250211,300689,28.4700,28.4000,29.6800,28.0100,29.2300,1818860,52929260.9000,3673
20250211,300690,22.8600,22.7500,22.9600,22.3600,22.6100,3285650,74176541.0000,7972
20250211,300691,22.0900,21.6500,21.7700,21.2200,21.3200,14882712,319425425.8400,26060
20250211,300692,5.8700,5.8700,5.9000,5.7400,5.7900,6026142,34840091.1600,5710
20250211,300693,28.5600,28.5600,28.6900,27.7200,27.8500,16865697,472756784.0700,31560
20250211,300694,15.4500,15.5000,15.9900,15.2100,15.7200,18420865,288116810.9000,28783
20250211,300695,47.5800,47.8200,52.4400,46.7900,52.1100,2675873,134448485.9500,6270
20250211,300696,15.2500,15.2400,15.2900,15.0100,15.0700,2825834,42640094.0600,6759
20250211,300697,14.1600,14.1700,14.7600,13.9100,14.4700,30933031,446957527.5700,39485
20250211,300698,42.2300,42.9000,45.1800,41.6100,43.5000,10966624,475702027.8300,17918
20250211,300699,32.3000,32.3900,32.4800,31.6900,32.0100,10651612,340338339.7100,23861
20250211,300700,8.7700,8.7700,8.7900,8.5200,8.5400,7493596,64462211.8400,6848
20250211,300701,10.0800,10.1500,10.4400,10.0200,10.4100,13955604,143485925.5500,19262
20250211,300702,17.6800,17.8300,18.4500,17.5000,18.0200,3592355,64447250.9600,8745
20250211,300703,16.0200,16.0600,16.4700,15.7100,16.3600,22386100,360202243.0000,22772
20250211,300705,16.2900,16.2800,16.3000,15.7900,15.8900,26502954,421944608.6600,35085
20250211,300706,23.7000,23.7100,23.7100,23.1500,23.2200,3877040,90283294.0000,9077
20250211,300707,15.2300,15.2300,15.2400,14.8700,15.0900,5212345,78379850.7000,9284
20250211,300708,13.9700,13.9100,14.5100,13.7400,14.4100,67348721,961611495.3800,54379
20250211,300709,42.7500,42.6200,42.6400,41.8300,41.9400,7278724,306676111.0000,16905
20250211,300710,18.2000,18.2000,18.2900,17.7800,18.0200,2606640,46817592.6000,6298
20250211,300711,25.2100,25.1500,25.4700,24.7000,24.9500,9871084,246765230.1400,13952
20250211,300712,25.0500,24.9900,25.1400,24.5900,24.6400,1601700,39602117.0000,4386
20250211,300713,15.9500,15.9600,16.0700,15.6300,15.6900,2469569,38870802.7700,6222
20250211,300715,8.4200,8.4200,8.4200,8.0300,8.2600,6893100,56299283.0000,7048
20250211,300716,12.1300,12.2600,12.3000,11.8700,12.1600,3653600,43988383.0000,6290
20250211,300717,14.9400,14.9400,15.0500,14.8000,15.0100,1263000,18844314.0000,2574
20250211,300718,68.0000,67.0000,74.8800,66.7900,72.5000,48089873,3422108702.9600,130146
20250211,300719,17.6000,17.5400,17.6500,17.1500,17.4100,5474650,95083843.0000,9975
20250211,300720,19.1200,19.0200,19.1500,18.7200,18.9800,2201540,41645835.0000,3999
20250211,300721,12.9700,13.0000,13.0200,12.7800,12.9100,2588064,33244814.8900,5714
20250211,300722,27.6100,27.6500,27.6600,27.1600,27.1600,3673384,100375069.9500,9113
20250211,300723,17.3000,17.4000,17.6000,16.8500,17.2400,5753600,98706110.0000,11931
20250211,300724,65.9800,65.6800,65.7700,64.0300,64.6200,9683035,625076790.0700,30363
20250211,300725,38.6200,38.4000,39.2200,37.3200,38.0800,16072457,614972080.6500,40515
20250211,300726,30.4100,30.4100,30.5000,29.8200,30.0400,2935700,88110466.0000,9668
20250211,300727,31.0100,30.8900,31.6700,30.3600,31.5000,3977750,123787241.5000,10879
20250211,300729,16.7000,16.7000,16.8300,16.4800,16.5600,6582753,109221261.7600,9522
20250211,300730,13.6000,13.6400,13.6400,13.1500,13.1600,15288550,203048897.5600,23566
20250211,300731,25.1100,25.4900,25.7000,24.5000,24.5500,9728257,243190279.4500,23859
20250211,300732,6.7900,6.8000,6.8100,6.6400,6.7200,5194916,34792671.0600,7351
20250211,300733,15.1800,15.5300,15.7300,15.0100,15.1800,14768404,225327322.8800,16671
20250211,300735,34.3800,34.4000,35.0300,33.0300,33.8500,49788954,1697225008.8600,97735
20250211,300736,10.3200,10.3700,10.5200,10.1100,10.3800,6364200,65568911.0000,10324
20250211,300737,4.9300,4.9300,4.9500,4.7700,4.8300,13849523,66644443.2300,15328
20250211,300738,15.6300,15.4900,15.4900,14.9900,15.0700,131082326,1996915083.5200,121286
20250211,300739,14.4600,14.4000,14.4300,14.1800,14.3000,11932878,170719275.6700,19031
20250211,300740,12.1400,12.1400,12.2000,11.8700,11.9900,6378300,76250159.0000,6615
20250211,300741,15.6600,15.6600,15.7500,15.4200,15.7300,1937098,30172600.9200,6447
20250211,300743,16.7900,16.8100,17.1100,16.5400,17.0500,4963441,83892581.5300,9505
20250211,300745,17.9000,18.0200,18.1500,17.7500,17.8100,4808134,86285712.2000,9959
20250211,300746,11.4700,11.5100,11.7200,11.1700,11.3300,6074100,68947497.0000,11775
20250211,300747,19.5200,19.5800,19.7300,19.2600,19.5500,8234958,160659631.1000,14398
20250211,300748,21.1600,21.0500,21.1200,20.6900,20.7900,29703400,619578819.6200,33924
20250211,300749,6.8400,6.8400,7.0400,6.7500,6.9000,6560820,45063768.0000,6178
20250211,300750,258.4500,260.4400,260.5000,251.0600,251.8000,24791980,6268157349.5100,125724
20250211,300751,96.1400,96.3000,96.3200,93.3500,94.0600,2662725,250667728.3600,12955
20250211,300752,19.1800,19.4000,19.6400,19.0100,19.0900,6946393,133842673.2800,14665
20250211,300753,22.4000,21.9300,22.1000,21.2900,21.3800,16124195,348116517.1600,25899
20250211,300755,18.6900,18.7200,18.7500,18.2500,18.6200,4361900,80465162.5900,10089
20250211,300756,16.7900,16.8100,17.0000,16.7000,16.8700,2749034,46343350.3400,5204
20250211,300757,179.7700,179.7700,184.7700,178.5900,179.8000,4382170,793307326.8400,20111
20250211,300758,13.7300,13.6900,15.0900,13.3300,14.7900,53316005,761584672.9200,42802
20250211,300759,26.7700,26.7100,26.7200,25.8100,25.8800,22168584,577784830.7600,37864
20250211,300760,254.0500,254.6500,257.8500,252.2200,252.6700,5978428,1523071463.6300,32779
20250211,300761,18.7200,18.7300,18.8100,18.2600,18.3000,7401780,136114818.4900,16657
20250211,300762,23.8200,23.6300,24.0700,23.1200,23.5000,27039416,635296812.0900,39853
20250211,300763,54.0400,53.8900,53.9900,52.5200,52.9800,7182589,380159603.6400,24115
20250211,300765,29.1400,29.1500,29.4600,28.8000,29.2900,4459512,129952142.0500,9132
20250211,300766,47.9300,50.4800,57.5200,47.9100,52.0700,177170453,9471847076.6900,334293
20250211,300767,10.3000,10.1900,11.1400,9.9700,10.8800,19253216,204042607.0000,19991
20250211,300768,21.4000,20.9000,21.4500,20.3600,20.8800,20283338,422579599.5900,35327
20250211,300769,35.1000,35.1900,35.2000,33.9200,34.1400,8509595,291090141.3500,23942
20250211,300770,41.3900,41.4100,42.2500,41.0800,42.0700,3101882,129439391.3700,11930
20250211,300771,11.2600,11.3700,11.3700,11.1500,11.2300,4512489,50617686.6900,9981
20250211,300772,12.7500,12.7900,12.8300,12.2000,12.3600,13677250,168772740.8400,22337
20250211,300773,18.7000,18.6200,18.8900,18.2200,18.6500,20079658,372205465.3000,26898
20250211,300774,8.9600,8.9900,9.2500,8.8800,9.1800,5026300,45724962.0000,6712
20250211,300775,23.1900,23.2400,23.3400,22.8800,23.0700,6186024,142433289.9700,13759
20250211,300776,64.6000,64.2200,64.4600,62.3500,63.0100,3663831,230995455.1500,13047
20250211,300777,28.7800,28.8000,29.0900,28.3000,28.8700,7247851,207561416.4600,15853
20250211,300778,10.8200,10.8500,10.9100,10.6000,10.6900,3618905,38650034.8300,6856
20250211,300779,93.0600,92.4600,93.0000,91.2300,92.6000,2085292,192195165.1300,8261
20250211,300780,15.4900,15.5000,15.5800,15.1600,15.2400,3923900,59970169.0000,8605
20250211,300781,67.9300,66.6400,69.6900,65.6800,66.8200,9699776,651173522.5200,27102
20250211,300782,84.9000,84.9100,85.0000,82.8800,82.9500,7619730,634100030.3600,28294
20250211,300783,30.8000,31.0200,31.2300,29.8300,29.9100,12483077,375782008.7800,37633
20250211,300784,57.9000,58.1800,58.1800,57.1800,57.6700,952669,54918656.4700,2904
20250211,300785,40.3800,40.3100,42.1100,39.1200,40.8700,26752423,1088796289.3000,53855
20250211,300786,14.1200,14.0800,14.5500,13.8300,14.5400,17237140,246560500.1300,24378
20250211,300787,13.3700,13.3700,13.4000,13.2100,13.3400,2975228,39559846.5200,7613
20250211,300788,36.2000,35.8000,39.4500,35.5100,38.0500,18261308,680340641.3400,30305
20250211,300789,17.2600,17.0100,18.7000,16.8500,18.0300,12116761,216413428.9500,22382
20250211,300790,31.0900,30.1100,30.2500,28.5000,29.3500,97295558,2857562066.3600,141140
20250211,300791,25.3700,25.3800,25.5000,24.5700,24.9700,1819813,45330187.7100,5650
20250211,300792,28.7700,28.9900,33.8000,28.6000,32.8900,55506077,1719445777.1200,88239
20250211,300793,19.6400,19.8100,19.8800,19.2500,19.3100,29251342,571263363.5100,35336
20250211,300795,21.1000,20.8500,21.1200,20.4500,20.9000,11476004,238367407.7300,16623
20250211,300796,10.5300,10.5500,10.5800,10.2500,10.5000,6052860,63170134.2800,4879
20250211,300797,12.2300,12.2100,12.2500,12.0800,12.1400,2661150,32292650.5000,4903
20250211,300798,7.3100,7.2300,7.2600,7.0300,7.1000,25425000,180748090.0000,30493
20250211,300800,10.7900,10.7900,10.8300,10.6300,10.7400,1534400,16458126.0000,3131
20250211,300801,16.2000,16.1900,16.2000,15.9600,16.1400,1753449,28227682.3500,3936
20250211,300802,18.6900,18.5900,18.6900,18.3900,18.4300,3268334,60465134.8400,7440
20250211,300803,99.0300,98.0400,99.0500,96.2600,97.7000,14052901,1369555032.3200,48915
20250211,300804,24.2600,24.2700,24.2900,23.9000,24.1600,396543,9555375.9300,1441
20250211,300805,12.1400,12.0200,12.3800,11.7700,12.0300,27935399,334991196.0300,45211
20250211,300806,18.1700,18.1000,18.7700,17.7000,18.2300,16479846,300707557.9200,25849
20250211,300807,37.3500,37.8200,37.9200,36.6500,36.8100,4425400,163579514.0000,16432
20250211,300808,26.9600,26.9600,28.3300,26.2900,27.8300,5347300,146546586.2300,6295
20250211,300809,34.0100,34.2200,35.1800,33.6200,34.6700,8224278,282775498.7800,19640
20250211,300810,20.3600,20.3700,20.5000,20.0000,20.0900,1548340,31180289.6000,4324
20250211,300811,52.3500,52.1400,52.4000,51.2200,51.3400,4692833,241792045.0100,13632
20250211,300812,21.4400,21.4400,21.4900,21.0100,21.1000,3249800,68796126.2000,8348
20250211,300813,19.2600,19.3000,19.3000,18.7200,19.0000,1780061,33812897.6200,3778
20250211,300814,36.0300,36.0000,36.0000,35.3600,35.4800,5849200,208510985.0000,14463
20250211,300815,15.5400,15.5300,15.5300,15.2600,15.4800,3007064,46305402.8800,5723
20250211,300816,25.2900,25.0300,27.2200,25.0300,26.8400,6306900,165584766.0000,11231
20250211,300817,16.4800,16.5900,16.7900,16.2100,16.6000,11719937,193624704.5200,22780
20250211,300818,26.7400,26.5400,26.7200,25.7800,25.8000,2193645,57035271.0500,4881
20250211,300819,13.2500,13.3000,13.3400,13.0600,13.2200,1248700,16472704.5000,3298
20250211,300820,54.5600,54.5800,54.7300,53.1100,53.7800,1972261,105622279.8100,7500
20250211,300821,7.8200,7.8400,8.5200,7.7300,8.4800,33031439,270847112.4900,31822
20250211,300822,26.5900,26.9500,28.9000,26.6100,26.7500,31684684,877836204.3100,46021
20250211,300823,13.9800,14.0000,14.0000,13.7400,13.8800,2007660,27770255.4000,4297
20250211,300824,9.3600,9.3800,9.4300,9.2100,9.3300,4223450,39232600.0000,6492
20250211,300825,12.4900,12.5500,12.5900,12.2600,12.2700,21657550,268543302.0000,22061
20250211,300826,17.5700,17.6800,17.8000,17.3000,17.4000,4189578,73193640.7300,4104
20250211,300827,36.4300,36.0200,36.3200,35.5000,36.1500,14089813,505483728.3700,36855
20250211,300828,15.3400,15.4900,16.3000,15.4800,16.1800,11865034,188860591.9200,23616
20250211,300829,16.1700,16.2100,16.2100,15.9100,16.1900,2224403,35765946.5000,3419
20250211,300830,9.9300,9.8400,10.1600,9.5200,9.8000,40206400,392601378.0000,27999
20250211,300831,15.8500,15.8500,15.8700,15.5000,15.5200,8912400,138933828.0000,10316
20250211,300832,62.4500,62.5200,63.7300,62.0000,62.9800,3405991,214298608.9600,12726
20250211,300833,42.3000,42.2100,42.2100,41.4500,41.8700,1061724,44292706.4400,2746
20250211,300834,19.8300,19.8300,19.8800,19.6800,19.7900,621400,12273596.0000,1807
20250211,300835,40.6100,40.6200,42.6500,40.3000,41.8800,7730220,322919586.7500,20870
20250211,300836,47.5100,47.9000,48.0000,46.1900,47.4700,1103953,51975758.9200,4537
20250211,300837,20.5100,20.5300,20.5900,19.9500,20.1300,2050000,41278338.0000,3583
20250211,300838,14.9500,14.9500,15.0600,14.7200,14.9300,3892900,57961100.0000,4335
20250211,300839,7.3700,8.8400,8.8400,8.8400,8.8400,8889502,78583197.6800,2063
20250211,300840,26.2900,26.2000,27.4700,25.4200,26.0500,47608600,1256397100.9800,64831
20250211,300841,53.2000,53.2000,53.4000,52.2900,52.8000,1877166,98687857.8000,6041
20250211,300842,45.0100,44.8900,44.9000,43.3400,43.5300,4032589,176820211.5900,10049
20250211,300843,34.1800,34.4500,35.6800,33.6600,35.6800,23098812,810355104.1900,59529
20250211,300844,33.0700,33.2600,33.9900,32.5700,33.0800,1135877,37482935.3400,3042
20250211,300845,13.6800,13.7000,13.9000,13.4800,13.7300,5382520,73877095.8200,9426
20250211,300846,22.2200,21.5000,26.5200,20.4700,22.3100,213928258,4880179080.0300,267325
20250211,300847,17.4000,17.4000,17.4200,17.1700,17.3000,3319383,57394448.4000,6736
20250211,300848,17.0100,17.0100,17.1600,16.6600,16.9500,2101003,35370794.0600,4517
20250211,300849,13.9800,14.0500,14.7600,13.9800,14.3000,8771132,125424477.7600,7445
20250211,300850,20.5400,20.5600,21.1700,20.3400,20.7400,9405760,195332697.8900,21166
20250211,300851,27.5000,27.4600,27.8500,27.2500,27.5200,599800,16482148.0000,1891
20250211,300852,35.5100,35.4700,40.5800,34.9100,38.5000,14653698,554730902.6000,30010
20250211,300853,22.0700,21.9000,22.4800,21.5400,22.0800,14039937,308040963.8900,23245
20250211,300854,13.4000,13.4300,13.5000,13.2800,13.4100,1059500,14189907.0000,3092
20250211,300855,22.3500,22.4800,22.4900,21.9200,21.9900,4778540,105295252.8000,10115
20250211,300856,25.6800,25.6800,25.8000,25.2500,25.3600,2586251,65692231.4200,5429
20250211,300857,94.5800,94.9300,96.6600,91.9100,94.7800,12128652,1147999542.5700,35711
20250211,300858,13.9500,13.9500,14.0600,13.7200,13.8600,2521170,34875094.1000,3071
20250211,300859,35.4200,35.3800,35.6100,34.4100,35.3500,5549632,194751430.8000,17384
20250211,300860,29.2500,29.2800,29.2800,28.6000,28.9200,5762803,166406034.9600,12203
20250211,300861,19.5600,19.5200,19.6000,19.1400,19.4000,4119789,79437951.5400,9884
20250211,300862,25.9000,25.8900,25.9300,25.4000,25.7400,3164140,81166711.0000,6644
20250211,300863,46.0200,46.1600,48.7600,46.1200,46.3200,8642474,407735278.7800,24450
20250211,300864,20.7500,20.6000,20.8700,20.5600,20.7800,987815,20449537.4300,3101
20250211,300865,24.4300,24.7300,24.7300,23.9000,23.9600,2045300,49172104.0000,6763
20250211,300866,107.3600,106.9700,111.1100,106.5200,110.4700,4380643,480154392.6100,21072
20250211,300867,13.1100,13.1200,13.1300,12.9500,13.0500,1465000,19067463.0000,2880
20250211,300868,28.2200,28.1700,28.7800,27.7900,28.5500,2047467,58034213.7800,5063
20250211,300869,14.1500,14.1500,14.2000,13.8300,13.9900,4300262,59988257.6000,9424
20250211,300870,126.2000,126.1900,127.6000,120.1000,121.1500,3978116,492147970.9700,18797
20250211,300871,11.7400,11.6900,12.0900,11.4800,11.8500,5051896,59479692.8400,9101
20250211,300872,16.5700,16.8800,17.4700,16.4000,16.9800,32686991,554873929.4400,38713
20250211,300873,17.6700,17.6300,18.0000,17.5600,17.9800,3621200,64496788.8000,5893
20250211,300875,28.0700,28.0200,28.3500,27.3700,27.7100,3385330,93927204.6500,10348
20250211,300876,27.9600,27.8100,28.7000,27.8000,28.3400,1604100,45361294.0000,2793
20250211,300877,14.4400,14.4400,14.5000,14.2300,14.4700,1069550,15389601.0000,2196
20250211,300878,15.1400,15.1200,15.1600,14.8000,14.9100,1581891,23553305.7300,3015
20250211,300879,16.7100,16.7400,16.7500,16.4600,16.6600,6619834,109787668.4800,6647
20250211,300880,22.5200,22.5700,22.8500,22.1800,22.6700,5997826,135279008.9200,9847
20250211,300881,31.1400,31.1000,32.2600,30.4000,31.5900,2924680,91743322.4000,7189
20250211,300882,15.7000,15.7500,15.7600,15.3800,15.5900,2600612,40440810.5200,4228
20250211,300883,5.5900,5.6000,5.6900,5.4900,5.6700,12132000,67908573.0000,8120
20250211,300884,12.0100,11.9400,12.2200,11.7600,12.0300,12774520,152425456.7000,15865
20250211,300885,12.1100,12.1100,12.1500,11.9300,12.1000,3577196,43112565.5400,5678
20250211,300886,20.7500,20.7000,21.9300,20.2800,21.8000,3883119,82604854.2700,7310
20250211,300887,8.0600,8.0300,8.0400,7.8800,8.0000,8547513,67895962.9300,11944
20250211,300888,36.9000,37.0900,38.7600,37.0000,38.2400,6516449,248672349.6600,21830
20250211,300889,14.5300,14.5000,14.9500,14.5000,14.6600,2998100,44116822.0000,4742
20250211,300890,29.3700,29.4200,30.1800,29.0000,29.8300,4990055,147659868.5400,11861
20250211,300891,8.4800,8.4800,8.4800,8.3400,8.4200,2553400,21411109.9900,3010
20250211,300892,32.4700,32.2500,32.5500,31.5000,31.9100,3827800,121878227.0000,11085
20250211,300893,31.1300,31.1100,31.1500,30.4400,30.7700,1093554,33580843.2200,4155
20250211,300894,14.2000,14.3000,14.3600,14.0100,14.0700,9327300,131848852.0000,13015
20250211,300895,37.6900,36.3400,37.9900,35.5000,36.9600,15166800,556955700.9900,37775
20250211,300896,177.9400,178.1000,178.9800,173.6900,174.1800,2465740,430943517.3900,13364
20250211,300897,24.1100,24.5900,24.5900,23.8300,23.9800,1367797,32910087.7300,3643
20250211,300898,24.8800,25.0000,25.2100,24.4800,24.8900,6318000,156848525.0000,14457
20250211,300899,22.3200,22.3000,22.6000,22.0100,22.5300,1377500,30749879.0000,3549
20250211,300900,20.6000,20.5000,20.6100,20.2300,20.4000,4598500,93686852.4000,7404
20250211,300901,10.8400,10.8800,10.9800,10.5600,10.7500,4731400,50854066.0000,8022
20250211,300902,18.3000,18.2800,18.2900,17.8900,18.0200,4158500,74823117.2000,6071
20250211,300903,8.3700,8.3600,8.3700,8.2000,8.3000,9193300,75944520.8000,13112
20250211,300904,51.9900,52.7800,52.9800,51.2000,52.0000,1318100,68271227.0000,4994
20250211,300905,26.8000,26.6800,26.6900,26.2500,26.2900,3270200,86310967.0000,6237
20250211,300906,25.8900,25.9600,25.9700,25.6100,25.8700,1156173,29782268.2100,2728
20250211,300907,22.5200,22.5700,22.5800,22.2400,22.5300,1124044,25166108.6400,3573
20250211,300908,30.9400,30.9700,31.2400,30.5100,30.6300,1299108,39849600.5200,2958
20250211,300909,24.7300,24.7000,24.9700,24.5200,24.8800,2933200,72658945.0000,6637
20250211,300910,48.2900,48.4200,48.8800,47.5600,48.3500,1480026,71163214.2000,6060
20250211,300911,33.3800,33.1100,34.3300,31.8000,32.2300,6541665,213726471.4800,10911
20250211,300912,12.9900,12.9600,13.0900,12.6000,12.8900,2199800,28151576.0000,4139
20250211,300913,56.9200,57.1400,59.5000,56.5600,57.8000,15961149,930162800.6900,52213
20250211,300915,31.4900,31.6900,31.6900,30.9000,31.2800,624400,19447468.0000,2044
20250211,300916,32.4700,32.6000,33.2000,31.8600,32.1500,5742641,186018380.1000,11247
20250211,300917,48.9600,49.1500,49.4500,47.4300,47.9000,5309600,254209685.0000,15579
20250211,300918,11.4400,12.0000,13.1100,11.9000,12.4500,41568432,520904318.2500,37472
20250211,300919,35.4700,35.7400,36.5700,34.8800,35.5400,12514462,446062444.9000,30802
20250211,300920,19.7000,20.0300,20.0300,19.3300,19.4600,1110578,21640526.6400,2304
20250211,300921,31.1200,30.3600,32.3200,29.9000,31.0000,16621642,513107012.1500,30319
20250211,300922,14.7400,14.7600,14.7600,14.5100,14.6000,2473750,36094788.5000,5864
20250211,300923,20.8200,20.8500,20.9100,20.5800,20.7700,766700,15897392.0000,2274
20250211,300925,31.2900,30.3700,31.2900,28.9800,29.2500,78725536,2338908527.0300,105707
20250211,300926,25.1700,25.1000,25.1500,24.7600,24.9000,7486719,186369162.1900,17378
20250211,300927,18.1900,18.1100,19.4000,18.0900,19.0900,6928385,130469211.7400,10238
20250211,300928,34.9500,35.4500,35.6200,34.3800,35.1600,2139700,74952840.0000,5219
20250211,300929,9.1800,9.2000,9.2400,8.9900,9.1800,1696380,15429442.8000,3144
20250211,300930,26.8200,26.8900,26.9500,26.2800,26.3500,1252084,33113115.6800,3248
20250211,300931,6.9500,6.9600,6.9700,6.8500,6.9000,3275415,22601780.2500,3895
20250211,300932,13.8500,13.8500,14.0600,13.6100,13.9500,3617190,49948468.6000,4611
20250211,300933,7.6300,7.5300,7.6000,7.3600,7.5100,34066154,254353997.8300,36231
20250211,300935,25.1000,25.3100,25.5000,24.7500,25.0900,2537198,63690392.4600,6284
20250211,300936,39.8100,39.8500,39.9900,39.3300,39.5300,1494400,59238115.0000,4577
20250211,300937,32.2200,31.0100,31.0100,29.6700,29.8600,15039539,453362079.5600,25936
20250211,300938,32.7400,32.3800,32.4500,31.5400,31.8600,5130992,163757509.3700,6709
20250211,300939,32.9300,33.4900,33.4900,32.6100,32.8200,2509850,82599041.5000,5973
20250211,300940,15.3000,15.3100,15.4500,15.0100,15.0900,3138360,47431384.2000,6474
20250211,300941,26.0600,26.0000,26.9700,25.6700,26.8100,22179189,585557616.6900,38074
20250211,300942,8.8300,8.8300,8.8600,8.6300,8.7200,4076100,35501862.0000,6286
20250211,300943,13.7100,13.7100,13.7500,13.5200,13.6100,5759850,78449947.5000,10238
20250211,300945,11.4500,11.7000,12.4500,11.6900,12.3600,39308051,475903275.6200,40281
20250211,300946,27.6600,27.4300,27.7200,27.0800,27.5100,1030550,28198958.3000,3785
20250211,300947,18.7500,18.9100,19.1400,18.4500,18.5800,5560295,103708042.9500,10047
20250211,300948,9.9100,9.9400,9.9700,9.7500,9.8500,1746042,17166201.6400,2646
20250211,300949,40.8000,40.7700,42.5800,40.1000,41.5900,4609327,190518961.6800,14819
20250211,300950,17.1200,17.1900,17.2800,16.8800,17.2300,2727600,46661091.5000,6158
20250211,300951,30.5400,30.4000,30.5400,30.1100,30.4000,1748962,53066708.2000,6670
20250211,300952,24.7100,25.7000,29.0000,25.7000,27.0800,17956450,493686508.6300,35121
20250211,300953,134.1500,130.8800,138.1400,129.0000,132.3600,7698283,1027141591.3700,24201
20250211,300955,16.2800,16.2800,16.3500,15.8000,15.9400,1678944,26732560.3200,4208
20250211,300956,23.5700,23.9000,24.4200,22.9400,23.0500,18351171,433404795.6500,31618
20250211,300957,41.5800,41.7700,41.8800,41.1200,41.3800,3616872,149527365.3600,10296
20250211,300958,11.7600,11.7400,11.8400,11.5900,11.7000,1998230,23297458.5000,3225
20250211,300959,46.0800,45.0000,45.6800,44.5700,44.9600,7348673,330806920.0000,18205
20250211,300960,23.4300,23.6300,23.6300,22.9800,23.0800,1549600,35778059.0000,5513
20250211,300961,10.2600,10.2600,10.3000,10.0400,10.1800,5405207,54748373.1200,8812
20250211,300962,15.4900,15.4900,15.5700,15.2700,15.4000,1929300,29649445.0000,3084
20250211,300963,9.2300,9.2300,9.2800,9.1000,9.1900,4144246,37995813.0400,5034
20250211,300964,38.5300,38.6400,38.6800,37.8700,38.1800,1343100,51262579.0000,5216
20250211,300965,35.2300,35.3500,35.3800,34.5300,34.6300,252800,8780223.0000,526
20250211,300966,16.9500,16.9200,16.9800,16.5000,16.6900,1492416,24825244.1200,3908
20250211,300967,12.1900,12.2600,12.3600,12.0200,12.1000,3896092,47177360.4400,7289
20250211,300968,19.7900,19.5700,19.5700,19.0300,19.1600,19203234,369754814.5400,26101
20250211,300969,103.4900,103.6100,106.8600,102.6000,105.3900,2041400,213566813.0000,5557
20250211,300970,12.3800,12.3700,12.4300,12.1800,12.2700,1650400,20219111.0000,3163
20250211,300971,21.2300,21.2400,21.4300,20.9300,21.1700,1793800,37878330.0000,3863
20250211,300972,99.1300,98.9000,100.9000,96.9700,97.5500,1494347,148242143.9700,8043
20250211,300973,39.1200,39.2000,41.3000,38.8000,39.5200,3745821,149780768.2600,11433
20250211,300975,11.9900,12.0000,12.2300,11.7600,12.0400,30707015,368310569.8000,34063
20250211,300976,74.7200,73.9800,73.9800,71.2000,71.3000,2885380,207708105.6000,9851
20250211,300977,18.3500,18.4500,18.4500,17.9200,18.0100,2132600,38485869.0000,5286
20250211,300978,11.4400,11.4400,11.5300,11.2500,11.3500,4409500,50048963.0000,8039
20250211,300979,68.8400,68.8700,69.1900,67.9800,68.4400,2602221,178434619.6700,13513
20250211,300980,25.3500,25.3600,26.7900,24.8100,25.9200,11612580,300553213.9600,13548
20250211,300981,12.9700,12.9300,12.9600,12.6900,12.8100,3256417,41622160.3100,5906
20250211,300982,17.5800,17.5400,17.6000,17.2400,17.3000,2381880,41231446.4000,4838
20250211,300983,16.9500,16.9600,17.0400,16.6500,16.7400,484909,8129256.4200,1277
20250211,300984,70.3500,68.9100,75.8800,66.7300,73.0000,4211069,306485735.9200,10319
20250211,300985,17.0800,17.1800,17.2300,16.7100,16.9500,2301100,38864242.7700,4799
20250211,300986,14.6000,14.5900,14.6000,13.9000,13.9900,6071413,85694594.7400,12977
20250211,300987,16.1800,16.0600,16.4000,15.8500,16.1900,10710039,172664577.5700,19381
20250211,300988,19.5000,19.4100,19.8600,19.1600,19.6700,6388837,125126502.9000,12603
20250211,300989,14.7000,14.6300,14.6900,14.4100,14.5800,2565116,37205207.0500,3688
20250211,300990,42.0000,42.0000,46.0000,42.0000,44.8400,7065080,316320208.0300,17296
20250211,300991,21.7100,21.7200,22.0500,21.3100,21.4900,8108096,175430411.8000,18212
20250211,300992,23.2100,23.3300,23.5800,22.7500,22.8800,2059031,47488803.0600,3396
20250211,300993,10.8600,10.8500,10.8900,10.6200,10.8600,5118624,55107248.4600,7495
20250211,300994,11.7400,11.7300,11.8100,11.5200,11.6700,1861240,21660872.2000,5187
20250211,300995,17.3700,17.3400,17.3700,17.1200,17.2500,1013427,17464717.4000,2940
20250211,300996,26.2500,25.9000,27.1700,24.8300,26.7300,31630575,821803600.6900,45318
20250211,300997,14.9300,15.0100,15.2000,14.6400,14.7000,4015182,59396338.1000,7245
20250211,300998,15.4400,15.3900,15.4400,15.0600,15.1500,1453100,22041111.0000,3922
20250211,300999,31.3800,31.3800,31.4700,30.8200,31.0800,6072738,188531923.9800,18413
20250211,301000,39.0100,38.5000,39.6800,37.8500,37.8800,19332922,747632593.6000,34641
20250211,301001,36.9500,37.0000,39.3000,36.4800,39.0300,10926800,415893443.0000,22206
20250211,301002,17.3400,17.3400,17.5000,17.0700,17.1200,880805,15109677.9500,2391
20250211,301003,22.8200,22.8500,23.0300,22.7000,22.9000,914799,20913297.2800,2357
20250211,301004,113.1200,113.0200,114.8100,112.3100,113.6900,531700,60566620.6400,2920
20250211,301005,29.6000,29.5200,29.5500,28.8600,29.1100,2887537,84031049.2000,6854
20250211,301006,14.3200,14.3300,14.3500,14.1000,14.3300,1125400,16057435.0000,2465
20250211,301007,20.7400,20.5500,22.5000,20.0700,21.6200,25846911,551923428.0700,35248
20250211,301008,20.2200,20.2200,20.3200,20.0100,20.0900,989180,19897110.0000,2827
20250211,301009,11.2100,11.2400,11.3000,11.0000,11.1000,5768800,63898103.0000,10253
20250211,301010,19.1500,19.1400,19.3100,18.6700,18.9800,4304783,81157658.4000,9774
20250211,301011,31.4800,31.4900,32.5000,30.6600,31.7700,11642835,367718108.9300,20864
20250211,301012,25.4800,25.4800,25.7600,25.0400,25.4200,5313956,134878335.2400,9168
20250211,301013,12.5300,12.4900,12.5200,12.3000,12.4000,8262996,102293665.4000,11674
20250211,301015,23.9100,23.9000,24.0100,23.3700,23.6400,2612262,61561622.0600,8314
20250211,301016,22.3300,22.3000,22.3500,21.9500,21.9700,2447958,54002980.2600,4665
20250211,301017,12.5800,12.4200,12.4800,12.0400,12.1900,6380955,77904112.2500,11502
20250211,301018,40.0500,39.5000,41.4800,38.8900,39.0200,10256820,409839354.8400,20293
20250211,301019,17.2600,17.3000,17.3600,17.1400,17.2500,1300441,22402041.2200,2091
20250211,301020,19.4000,19.4200,19.4900,19.1100,19.3700,1098975,21160815.7500,3726
20250211,301021,28.8000,28.4700,29.9600,28.4700,29.7700,9684773,286041774.2200,22476
20250211,301022,22.2600,22.1800,22.3400,21.8500,22.0400,1355898,29832464.3200,4891
20250211,301023,53.4100,53.1000,53.9400,52.6000,53.7300,1466450,78229646.5000,5640
20250211,301024,23.7200,23.7100,23.7400,22.8100,23.0200,903712,20867021.7000,2427
20250211,301025,10.4300,10.4400,10.4700,10.1900,10.3800,6038200,62366580.0000,16080
20250211,301026,28.0200,28.1100,29.9200,27.7800,29.2000,3360400,97354337.0000,6686
20250211,301027,16.0300,15.9700,16.0000,15.6600,15.8400,3161100,49988628.0000,3294
20250211,301028,11.1500,11.1600,11.2000,11.0000,11.1600,3685400,40919448.4000,9144
20250211,301029,27.0600,27.0000,27.3900,26.5200,27.0000,6895460,185638970.6000,16878
20250211,301030,22.8000,22.8000,22.9400,21.8000,21.8100,16775800,370808271.1600,27015
20250211,301031,118.4100,117.7100,119.6000,116.1300,118.3300,538700,63358526.0000,3795
20250211,301032,9.9000,9.8900,9.8900,9.7300,9.8400,2867900,28091709.0000,5063
20250211,301033,47.2400,47.6200,47.8000,46.6300,47.3600,548300,25918355.0000,2010
20250211,301035,47.5800,47.3300,48.4800,47.2000,48.0000,642600,30705216.0000,3609
20250211,301036,41.4900,41.9000,42.4400,41.2600,41.9300,3975741,165882361.2400,9981
20250211,301037,11.2800,11.1900,11.4400,11.0600,11.3500,2418948,27177742.5000,3357
20250211,301038,18.8900,18.9100,18.9900,18.5000,18.6000,1690980,31567802.7000,3645
20250211,301039,9.1500,9.1300,9.1700,8.9500,9.0000,14372808,129578082.0800,16303
20250211,301040,13.3000,13.2800,13.4700,13.0600,13.4500,2520200,33457177.0000,4613
20250211,301041,25.7200,25.7100,25.8800,25.3400,25.7600,2697102,69114602.0400,8296
20250211,301042,39.0000,38.7200,38.7900,38.0000,38.3800,1835098,70461439.2400,6248
20250211,301043,28.4000,28.5300,28.5600,28.0000,28.2400,681624,19206347.4000,2737
20250211,301045,23.6800,23.6500,24.2500,23.3200,23.9400,2788300,66435734.0000,5504
20250211,301046,20.6600,20.6700,20.7500,20.1500,20.2600,1371200,27812402.0000,3482
20250211,301047,63.4700,63.3800,63.4500,62.1800,62.6800,679374,42525805.9200,2859
20250211,301048,8.9700,8.9600,8.9700,8.8000,8.9500,3548300,31558001.0000,4373
20250211,301049,22.9000,22.9000,24.8800,22.4100,23.9500,4788020,112378967.5300,10178
20250211,301050,52.3800,52.5000,55.2000,51.3000,54.6400,14279841,766040412.0800,38878
20250211,301051,28.1000,28.1100,28.1600,27.7700,28.0400,643590,18008478.4000,2025
20250211,301052,30.8100,30.9900,32.4700,29.8100,31.8000,17905795,563181261.5700,43842
20250211,301053,22.1800,22.1000,22.1900,21.8900,22.0900,474200,10433181.0000,2025
20250211,301055,15.1600,15.1200,15.1900,14.8200,15.0000,1164200,17406511.0000,2895
20250211,301056,8.6800,8.7100,8.7100,8.5300,8.6300,1492700,12818731.0000,3699
20250211,301057,13.3300,13.3500,13.4400,13.1800,13.2800,1024354,13584198.7400,1983
20250211,301058,10.4500,10.4500,10.4500,10.2300,10.3400,6049500,62345489.0000,7975
20250211,301059,11.1200,11.1800,11.2900,11.0300,11.2400,2790732,31179645.9600,5783
20250211,301060,10.6600,10.6000,10.6000,10.3100,10.3400,14118373,146686112.4800,23094
20250211,301061,81.2900,81.2000,81.7800,79.6100,81.1000,1302240,105052252.1300,4255
20250211,301062,11.0300,11.0000,11.0500,10.7700,10.8600,11190805,121746363.6100,7226
20250211,301063,17.0000,17.0000,17.0700,16.7700,16.9000,914700,15435816.0000,2600
20250211,301065,19.4100,19.4100,19.4700,19.0800,19.3100,889550,17105108.5000,2415
20250211,301066,15.0100,15.1600,17.2900,15.0100,16.3800,29459497,471673386.6300,38479
20250211,301067,31.4000,31.5000,33.3300,31.2100,33.2300,12363280,402439401.7400,31117
20250211,301068,29.9200,30.1000,30.8300,29.6000,30.1400,941087,28520516.4600,2227
20250211,301069,14.9500,14.9300,14.9300,14.6100,14.7700,4897840,72003438.6000,8246
20250211,301070,60.3400,59.1000,59.1800,56.3000,56.5800,2953472,169144547.0000,5773
20250211,301071,34.7800,34.5600,34.9600,33.8900,34.7000,11481145,394971228.4500,26729
20250211,301072,20.3900,20.3900,20.3900,19.9500,20.1300,980831,19690585.0700,2579
20250211,301073,21.1300,21.4000,21.5100,20.6300,21.0600,5398150,112990055.5000,11655
20250211,301075,19.5100,19.6600,19.7500,19.1700,19.3800,753800,14559839.0000,2009
20250211,301076,34.7300,34.2400,35.7800,33.9000,35.1000,11116606,387968094.0100,20362
20250211,301077,28.0900,28.0000,28.0900,27.3900,27.7900,1685900,46732864.0000,3317
20250211,301078,13.2000,13.3300,13.5000,12.7600,12.8100,34220597,444182639.2300,41223
20250211,301079,16.1200,16.1600,16.1800,15.9100,16.1700,2464112,39556372.2200,4631
20250211,301080,55.2200,55.1700,56.5600,54.3400,55.0300,1532665,84872711.6500,5501
20250211,301081,9.5600,9.4800,9.9800,9.4800,9.8600,4481531,43917448.2200,6092
20250211,301082,14.7700,14.5500,14.8500,14.4100,14.7500,10561940,154537388.2000,12965
20250211,301083,14.8800,14.8000,14.8100,14.5500,14.6000,2581754,37749926.1200,5272
20250211,301085,74.6500,73.0000,74.3800,72.3000,72.6300,6137315,448380258.7000,17685
20250211,301086,51.0600,51.0800,51.2700,50.5500,50.8500,982500,50012689.5000,4170
20250211,301087,34.6600,34.8000,34.8800,33.9700,34.3500,1258790,43125532.8000,5736
20250211,301088,13.2000,13.2000,13.3200,13.0500,13.2700,2577100,33988468.0000,4942
20250211,301089,28.6000,28.5900,28.5900,27.8000,27.9300,2331500,65255214.0000,6046
20250211,301090,6.8900,6.9000,7.0200,6.8000,6.9500,6247000,43122159.0000,11029
20250211,301091,47.7800,47.4700,49.5000,46.0000,47.7800,13305244,634613372.5700,41886
20250211,301092,24.0200,24.0600,24.1000,23.7200,23.9300,596700,14255228.0000,1502
20250211,301093,25.2400,25.5000,26.5000,25.1800,25.2200,3785326,97198668.7200,8894
20250211,301095,55.0900,55.9500,56.8000,54.2000,55.0900,8509100,472454859.0000,29786
20250211,301096,37.1700,36.9700,37.5000,36.5800,36.8100,2679540,98806999.3200,5353
20250211,301097,39.5800,39.5800,39.7000,38.6100,39.1000,454700,17756001.0800,1755
20250211,301098,8.2000,8.2400,8.2400,8.0900,8.1700,2677193,21804795.4000,3658
20250211,301099,44.9500,45.0000,45.8000,44.7000,45.0700,3707478,167353788.1800,11737
20250211,301100,16.8100,16.6900,16.9000,16.4100,16.5300,995300,16438355.7600,2542
20250211,301101,48.2500,48.7400,48.7400,46.5100,46.7000,11097157,525200481.0200,28035
20250211,301102,12.0900,12.0800,12.4400,11.8200,12.1800,11428740,139082164.9800,18882
20250211,301103,20.3300,20.3400,20.3900,19.8200,20.1200,1232050,24655630.8200,3276
20250211,301105,29.7800,29.7900,29.8900,29.4000,29.7500,384900,11408941.0000,1684
20250211,301106,30.0100,30.0100,30.3200,29.5900,29.6900,832320,24767903.4000,3470
20250211,301107,27.9300,28.1000,28.3300,27.7000,27.9800,977461,27345009.8000,3736
20250211,301108,26.4700,26.4700,26.9800,26.3500,26.8800,864099,23094056.6500,2041
20250211,301109,17.0100,17.0100,17.0900,16.8700,17.0300,1721950,29300798.0000,4029
20250211,301110,60.7600,61.2100,63.3000,60.5100,62.9900,7634863,474694961.7200,18746
20250211,301111,16.3300,16.3300,16.3400,15.9000,16.0000,2597700,41572194.0000,4222
20250211,301112,25.1300,25.2000,25.2700,24.6500,24.9300,1577400,39157958.0000,4782
20250211,301113,25.0300,24.9600,25.2200,24.6000,24.8000,461000,11416266.0000,1466
20250211,301115,14.1200,14.1400,14.1500,13.9900,14.0500,877400,12316816.0000,1774
20250211,301116,12.0200,12.1600,12.2000,11.7500,11.8700,4825225,57264382.1300,9426
20250211,301117,36.6700,36.3000,36.8000,35.6100,36.0000,3328000,120305985.0000,12702
20250211,301118,18.1500,18.1200,18.2800,17.8500,18.0000,1419357,25533327.0000,3103
20250211,301119,31.3000,31.5500,31.9300,30.7300,31.4500,1484180,46467801.0000,3710
20250211,301120,8.9100,8.9000,8.9000,8.7000,8.8000,4263569,37382988.7900,7221
20250211,301121,52.9900,53.2300,53.9800,52.5000,52.6500,2843758,150486014.6800,10978
20250211,301122,20.2900,20.2900,21.0500,20.0400,20.6800,2699800,55378213.8000,5956
20250211,301123,22.9500,23.0900,23.7200,22.7100,23.5100,14005200,327305038.4500,26897
20250211,301125,12.0900,12.1000,12.1500,11.8900,12.0100,2054935,24623515.8100,4236
20250211,301126,11.1500,11.1400,11.1800,10.9300,11.0000,2568900,28260310.0000,4096
20250211,301127,16.1300,16.3500,16.9300,15.8600,16.7200,18935040,312683610.2000,20294
20250211,301128,61.8400,62.0700,62.1400,60.0100,60.9100,3649600,221616914.0000,11993
20250211,301129,25.1300,25.1300,25.1400,24.4000,24.5500,2746540,67729641.6000,7675
20250211,301130,27.7500,27.8000,27.9900,27.4500,27.9000,1382100,38348104.0000,2657
20250211,301131,36.1300,36.3500,36.4400,35.6000,35.9400,778590,27937938.8000,2640
20250211,301132,28.7300,28.7300,28.8600,28.2600,28.6000,2223648,63459295.4000,6244
20250211,301133,22.8500,22.9300,22.9800,22.5700,22.7900,948709,21563353.1100,2383
20250211,301135,24.9600,24.9600,25.1700,24.6600,24.8300,1116100,27700619.0000,2808
20250211,301136,11.8800,11.8500,11.8700,11.6000,11.7500,3495100,40949675.0000,6098
20250211,301137,17.6400,17.5700,17.6200,17.3600,17.4500,2065800,36054226.0000,4411
20250211,301138,27.9000,27.9000,27.9900,27.4600,27.6500,1008300,27852810.0000,3070
20250211,301139,24.8000,24.6100,25.2600,24.2000,24.7000,7375225,182885519.5000,15334
20250211,301141,39.8700,39.7200,40.6000,39.2900,39.6300,2741800,108679825.4000,6279
20250211,301148,18.7900,18.7900,18.8900,18.5600,18.7900,852200,15955850.0000,2169
20250211,301149,10.3600,10.3600,10.3900,10.2400,10.3900,2736379,28240568.9600,3968
20250211,301150,21.1100,21.1200,21.1700,20.6200,20.8400,2510813,52417174.8300,6882
20250211,301151,15.5600,15.5700,15.5700,15.3200,15.4000,1432100,22037032.0000,2710
20250211,301152,29.3400,29.2000,29.2800,28.4800,28.6100,2206400,63312520.0000,5024
20250211,301153,27.9900,27.7200,28.0900,27.0400,27.5200,6826624,187243940.2000,18492
20250211,301155,56.2800,55.9100,56.4000,53.9000,54.1200,4202931,229486140.5500,15072
20250211,301156,13.4000,13.4000,13.5500,13.2500,13.3100,1005020,13446068.6600,2077
20250211,301157,55.8000,54.0900,57.6000,53.5600,57.4800,6453906,360208500.0600,15677
20250211,301158,14.6800,14.6800,14.7300,14.4900,14.6200,1869700,27287459.3800,4815
20250211,301159,37.7000,37.0900,38.7000,36.8000,37.0100,7206925,270165794.6200,13159
20250211,301160,72.4400,70.0000,79.0000,69.7000,76.4200,7636883,571542664.8700,16763
20250211,301161,21.0600,21.0000,21.0800,20.7500,20.9500,4072000,85132469.0000,8315
20250211,301162,48.7000,48.4700,48.7000,46.5100,46.5600,4498760,211971428.4000,14229
20250211,301163,22.0300,22.0300,22.2300,21.7900,21.9200,1514024,33229141.5200,3337
20250211,301165,67.9900,67.8600,68.3600,66.8700,67.1000,5394968,364647530.4800,24372
20250211,301166,29.1000,29.4000,29.5800,28.7900,28.9200,904500,26253366.0000,2724
20250211,301167,13.4900,13.5100,13.5800,13.3300,13.4900,1473818,19873948.4200,2960
20250211,301168,29.5800,29.4500,29.5000,28.8300,29.0700,1540200,44714566.0000,3625
20250211,301169,43.6600,42.8800,43.6800,42.3200,42.9500,2757400,118460026.0000,7573
20250211,301170,24.0600,24.0800,24.2000,23.7300,24.0500,985200,23590073.0300,3135
20250211,301171,36.0700,35.5000,35.5000,34.0200,34.3800,42693908,1478468183.2500,66885
20250211,301172,29.1200,28.9000,29.3800,28.5000,28.8000,3431639,98918291.2400,8080
20250211,301175,5.2500,5.2400,5.2500,5.1500,5.1900,13583240,70356243.4000,14726
20250211,301176,18.2400,18.3000,18.3900,17.9600,18.0500,2404000,43440216.0000,6787
20250211,301177,24.6300,24.7100,25.3200,24.4000,25.3000,3995400,99982805.0000,12586
20250211,301178,30.9200,30.6200,31.1500,30.1000,30.5600,3752860,114846546.8000,9318
20250211,301179,18.7700,18.7500,18.7500,18.3700,18.5200,3543348,65586984.9200,6861
20250211,301180,14.8100,15.1200,15.1600,14.6800,14.8900,5880649,87901857.5500,14652
20250211,301181,21.9600,21.9100,22.2700,21.6300,22.0200,1202079,26314147.3900,3085
20250211,301182,36.7900,36.3300,37.0800,36.0100,36.0400,4974400,181257178.0000,14049
20250211,301183,57.0000,56.8700,57.5600,56.2300,56.4200,4698600,267295296.0000,15531
20250211,301185,19.5200,19.2300,20.0000,19.1600,19.5200,7338200,143166618.0000,12021
20250211,301186,46.7900,46.8000,50.6000,46.1000,49.3500,3934722,190632489.4900,8612
20250211,301187,39.4200,39.1700,39.2600,38.0800,38.3800,3232460,124318166.6000,8386
20250211,301188,16.3000,16.3600,16.6500,16.0000,16.5000,3867100,63256593.0000,7749
20250211,301189,25.3800,25.5000,25.6000,25.0300,25.1500,1349800,34061503.0000,4084
20250211,301190,15.6200,15.5800,15.6900,15.4300,15.6700,1210300,18889252.0000,2434
20250211,301191,98.4000,97.6000,99.9900,95.1200,96.8200,2709421,263076507.5400,11380
20250211,301192,22.3200,22.3900,22.4600,22.0200,22.3500,1932255,42995958.0500,6071
20250211,301193,16.4500,16.4700,16.5400,16.1000,16.1900,1032320,16804863.6000,1715
20250211,301195,34.8000,34.8000,34.9000,34.2500,34.5500,2181390,75326075.3900,7768
20250211,301196,35.5800,35.8900,36.1000,35.4500,35.6300,1158682,41499581.5400,3770
20250211,301197,16.0600,16.0000,16.0000,15.7200,15.8200,2127300,33659796.0000,3988
20250211,301198,11.8900,11.7800,11.8900,11.5900,11.7100,6855438,80069288.5600,7733
20250211,301199,35.2000,35.1300,35.2000,34.3400,34.8000,4280671,148491288.9800,9904
20250211,301200,39.1200,38.9100,40.5000,38.7600,40.3700,2803300,111152322.0000,6542
20250211,301201,19.9400,20.0000,20.0500,19.5000,19.6900,1032900,20298552.8000,2906
20250211,301202,39.6100,39.2100,41.0800,38.7200,40.9600,11764149,472658043.9400,24575
20250211,301203,31.5700,31.4100,31.6000,31.1000,31.2600,592700,18552306.0000,1634
20250211,301205,79.2200,79.0000,80.2800,78.1000,78.8000,4160880,329967648.8000,18738
20250211,301206,25.8400,25.8000,25.8600,25.6300,25.7800,768250,19771676.0000,2086
20250211,301207,19.0100,18.9800,19.0600,18.4600,18.7000,5212950,97132146.5000,9732
20250211,301208,42.3000,41.8600,43.3200,40.3600,41.4800,13557200,565433588.5200,25459
20250211,301209,31.8400,31.9400,33.0300,31.6900,32.9700,2246661,73110499.3300,5213
20250211,301210,42.3000,42.5100,42.9300,41.5400,41.9300,1172697,49183048.2100,4215
20250211,301211,19.4100,19.3000,19.3700,18.7400,18.8200,7862725,148731025.1400,13578
20250211,301212,21.9100,21.9100,22.2000,21.5800,21.8800,862500,18767806.0000,1925
20250211,301213,48.8600,48.8000,50.3300,47.8000,48.5100,3220495,158773942.6300,6904
20250211,301215,6.5500,6.4900,6.5500,6.2000,6.2300,38693405,242344619.4500,38185
20250211,301216,10.1800,10.1800,10.2200,10.0600,10.2000,2519886,25531101.0600,5352
20250211,301217,11.0900,11.1100,11.1200,10.8600,11.1000,7156100,78776895.0000,13121
20250211,301218,23.8600,23.8700,25.2000,23.3000,24.4700,8825900,215286657.0000,19663
20250211,301219,46.7800,46.8900,46.9000,46.1100,46.4600,2430828,112754733.2200,7400
20250211,301220,58.3600,60.5000,70.0300,58.9500,70.0300,8928900,580492923.1200,10760
20250211,301221,53.3100,53.6300,53.9600,51.0500,51.4700,5698600,296771988.0000,15212
20250211,301222,26.5700,26.6000,26.6000,26.1300,26.4100,737800,19420666.0000,2005
20250211,301223,16.3900,16.3900,16.4900,16.3300,16.4200,560242,9189614.7800,1499
20250211,301225,27.9200,27.9200,28.1700,27.5600,27.7200,644799,17915000.2300,2087
20250211,301226,25.4800,25.3000,25.4300,24.8800,25.1000,2530600,63473298.0000,6632
20250211,301227,17.3500,17.3700,17.4000,16.9500,17.1200,882400,15080251.2400,2715
20250211,301228,15.1300,15.1800,15.3800,14.8000,15.1200,2927200,43982024.0000,7271
20250211,301229,21.8000,21.8500,21.8500,21.3300,21.4600,1303628,27961343.2800,3220
20250211,301230,32.7400,31.8000,32.5800,31.2000,32.1700,7735716,247761733.4200,17228
20250211,301231,19.3100,19.3200,19.7700,18.7800,19.2700,4479800,86359568.0100,11322
20250211,301232,26.1300,26.1000,26.1300,25.5100,25.7200,1066660,27414829.0000,2542
20250211,301233,47.8000,47.8100,48.7900,47.3100,48.1800,1198600,57682073.0000,3790
20250211,301234,26.9000,27.0200,27.2700,26.6700,26.9900,1117200,30069782.0000,2295
20250211,301235,20.3900,20.4000,20.4000,19.9600,20.1600,1257700,25309906.0000,3469
20250211,301236,75.9900,72.8800,74.4600,70.0500,70.3000,118482998,8487091487.9300,239130
20250211,301237,23.6900,23.7200,23.9600,23.3300,23.6900,463411,10913389.2300,1602
20250211,301238,15.6400,15.6400,15.6700,15.3300,15.4500,4221142,65138275.1400,8273
20250211,301239,45.1800,45.7500,46.5200,44.3000,45.7500,3015250,137303626.0000,13354
20250211,301246,13.8700,13.8600,14.1500,13.5600,14.1500,5092712,70339138.7300,9168
20250211,301248,19.3500,19.8600,20.7400,19.3200,19.4000,27487595,547220331.7500,28375
20250211,301251,34.7400,34.6900,36.8800,33.8100,36.5000,11913300,425752492.0000,28972
20250211,301252,36.8500,36.8500,38.3500,36.5000,38.2900,9389427,352808552.5900,16429
20250211,301255,34.6900,34.6700,34.8500,34.1500,34.3300,2004550,68923792.3000,5016
20250211,301256,7.8500,7.8600,7.8600,7.7100,7.8000,2727700,21193365.0000,4668
20250211,301257,28.2900,28.3100,28.4000,27.7400,27.9100,1092900,30530068.0000,2865
20250211,301258,24.6000,24.5800,24.7900,24.1100,24.3100,1011000,24576752.0000,2974
20250211,301259,49.6000,49.5900,55.4300,48.1800,51.8800,13526022,701772270.6000,18017
20250211,301260,14.3100,14.3300,14.3800,14.0600,14.1500,2267000,32104537.0000,6157
20250211,301261,59.1500,59.0000,64.3000,58.1800,63.2300,8963390,544254318.9000,18696
20250211,301262,27.3100,28.5000,28.7000,27.3100,28.1100,8972414,250663326.7500,19230
20250211,301263,16.5100,16.5100,17.0000,16.3000,16.9300,5840883,97365228.4100,7894
20250211,301265,9.1200,9.1200,9.1200,8.9800,9.0300,1766900,15949782.0000,3370
20250211,301266,35.8500,35.7000,36.5000,35.0500,36.1200,4636481,165674658.7300,11502
20250211,301267,18.6100,18.8800,18.9100,18.2700,18.4200,6480550,119837792.5000,15928
20250211,301268,15.8000,15.8900,15.9500,15.4500,15.6900,2618996,40792915.0000,7142
20250211,301269,119.5400,118.7800,120.8300,116.2500,117.0000,5201580,614055617.5600,22415
20250211,301270,36.7400,36.6900,38.3800,36.1000,37.3000,4302420,159914540.4000,10086
20250211,301272,34.9900,35.1000,35.3800,34.4300,34.9900,573950,19945931.5000,2054
20250211,301273,20.6200,20.6200,20.7700,20.2600,20.5000,763538,15620209.6600,2372
20250211,301276,20.1100,20.1100,20.2800,20.0600,20.1200,1277700,25703269.5700,2537
20250211,301277,14.6000,14.6000,14.6100,14.3500,14.4800,3375330,48707324.0000,6418
20250211,301278,34.8000,35.0000,35.2400,34.5100,34.6000,1083150,37680819.6000,3085
20250211,301279,22.1600,22.1600,22.3800,21.8000,22.0200,1188300,26145358.0000,2953
20250211,301280,47.2000,47.0000,47.3700,46.3300,46.8300,1599100,74672956.5000,5575
20250211,301281,30.1000,30.1100,30.1200,29.5200,29.7800,1795900,53296159.0000,5545
20250211,301282,22.9800,23.0000,23.0800,22.6700,22.9500,3088800,70756276.0000,9964
20250211,301283,26.0800,26.0800,26.2600,25.9000,26.2400,645700,16881353.5100,1478
20250211,301285,30.0100,29.9400,30.2600,29.4500,29.6700,2919000,86887700.6800,5302
20250211,301286,32.8500,32.9600,32.9600,32.0000,32.4000,802700,25924733.0000,2558
20250211,301287,30.8100,30.7600,31.4400,30.7000,31.0000,942100,29207559.0000,2293
20250211,301288,13.3100,13.2700,13.4500,12.7800,12.9000,3643700,47083496.0000,6233
20250211,301289,47.6700,47.9100,52.9800,47.1200,50.6300,4129857,205065699.1000,9810
20250211,301290,23.7300,23.8000,23.8500,23.5000,23.6600,583426,13769008.3200,2046
20250211,301291,45.7500,45.7500,46.0700,44.4600,45.9700,6058562,274577888.5200,19195
20250211,301292,13.4200,13.4400,13.5500,13.2100,13.3200,1394317,18530684.7600,3570
20250211,301293,50.4200,49.9200,50.2800,49.1500,49.2400,14340750,711563577.4000,38417
20250211,301295,21.6600,21.7900,21.7900,21.3700,21.5600,782760,16828794.6000,2448
20250211,301296,9.9000,9.8600,9.9300,9.7600,9.8200,3055984,29958451.1000,4087
20250211,301297,44.1000,43.8100,43.9500,42.8900,43.2000,8083298,349754356.0500,22621
20250211,301298,14.4000,14.3800,14.4400,14.2000,14.2900,1564400,22360587.0000,3808
20250211,301299,89.7800,85.8000,88.2800,82.3000,83.2500,9527668,816456406.5000,30116
20250211,301300,27.7500,27.8300,27.8600,27.3800,27.6200,655100,18042700.0000,2167
20250211,301301,12.9400,12.9500,13.0500,12.6800,12.9000,27212100,348764680.9000,30527
20250211,301302,24.2900,24.3000,24.3800,23.6600,23.7200,7061261,168446437.7000,17998
20250211,301303,15.2800,15.1800,15.2000,14.6800,14.7100,5156800,76563552.0000,10041
20250211,301305,17.8000,17.8200,17.8600,17.5200,17.7100,1237900,21794706.0000,3400
20250211,301306,45.9800,44.7000,46.4900,43.5000,43.9900,7947179,355661312.1400,17119
20250211,301307,21.4700,21.4000,21.4100,21.0300,21.0800,3493300,73825055.0000,8157
20250211,301308,88.3900,88.0200,88.2000,85.6900,85.9100,5873903,508317910.7600,21677
20250211,301309,25.1100,25.1600,25.1600,24.8800,25.0100,756900,18922456.0000,2680
20250211,301310,31.3600,31.3700,31.7900,31.0600,31.5500,5751561,181196032.0100,14669
20250211,301311,18.4600,18.3800,18.4500,18.1400,18.3700,2242500,40960024.0000,5748
20250211,301312,47.9800,47.9800,48.4800,47.4100,47.7700,2539680,121843288.7000,7823
20250211,301313,26.4900,26.2000,29.7800,25.5500,27.4000,20241103,560730862.3800,40181
20250211,301314,37.6400,37.5100,38.0900,37.2200,37.7200,709440,26662498.6000,2856
20250211,301315,63.1200,63.2800,63.2800,61.0400,61.7400,6716818,416588703.6400,23828
20250211,301316,27.2400,26.4200,26.7700,25.5200,26.1800,42598339,1110162792.5100,65878
20250211,301317,20.2800,20.2300,20.3700,19.8700,20.2300,1034800,20774785.0000,2458
20250211,301318,36.9400,36.2400,36.2400,35.1300,35.5200,8398861,298115587.4800,19924
20250211,301319,31.8400,31.7300,31.9800,31.3100,31.5600,946280,29808515.7000,3673
20250211,301320,16.1400,16.1400,16.2300,15.9600,16.1100,2598900,41840885.0000,6631
20250211,301321,15.1800,15.1000,15.6000,15.0000,15.6000,3496060,53572948.8800,8320
20250211,301322,22.5700,22.5700,22.7800,22.0800,22.2600,920370,20444498.2000,2734
20250211,301323,40.3400,39.9800,41.4800,39.9800,41.2000,1829515,74922269.1000,4674
20250211,301325,57.8800,58.0000,58.4400,56.8800,57.1800,6220331,358103466.2000,20080
20250211,301326,80.4900,80.5000,83.6600,78.5900,78.8600,1485803,120179863.4800,5505
20250211,301327,72.9600,73.0400,73.4400,71.7200,72.5200,712600,51562188.3000,4253
20250211,301328,45.1900,45.5000,46.3600,44.4700,45.7200,5584770,254832861.2000,13709
20250211,301329,24.1100,23.8700,24.2900,23.4100,23.9800,8935495,212232867.1200,12223
20250211,301330,29.5500,29.5500,30.0200,29.0600,29.6900,4629020,137105052.4000,11954
20250211,301331,24.0000,24.0900,24.9500,23.7600,24.0600,1630980,39573494.6000,4694
20250211,301332,10.1500,10.1300,10.2400,10.0800,10.2100,4852619,49320191.6100,7668
20250211,301333,51.6000,51.4300,52.2900,49.7200,50.2700,733900,36857125.0000,3304
20250211,301335,23.5000,23.5800,24.2000,23.2700,24.1900,6279005,149498206.6400,12503
20250211,301336,60.6100,63.8900,67.5000,59.1000,63.7100,4645245,296582405.0300,12302
20250211,301337,31.3300,31.1600,31.4000,30.8200,30.8600,2874400,89462222.0000,7313
20250211,301338,33.2900,33.2700,33.2700,32.7400,33.1200,1023540,33779884.6000,3694
20250211,301339,21.4500,21.4500,21.5100,21.0300,21.1700,5820458,123613710.9200,15944
20250211,301345,68.3500,68.4100,70.9800,68.3000,70.3000,1809968,126266867.3000,7318
20250211,301348,25.7900,25.8100,25.8400,25.3100,25.3800,3885057,98764640.6600,10605
20250211,301349,36.0300,36.0400,36.0400,34.5900,34.6700,1113350,38834435.0000,3168
20250211,301353,28.1800,28.2200,28.6500,28.1400,28.3600,1109147,31442880.9000,3192
20250211,301355,11.7700,11.7800,11.8300,11.7000,11.7200,2935052,34465391.4400,4030
20250211,301356,17.7900,17.7900,20.0700,17.7900,18.7100,3995372,76141143.5000,8963
20250211,301357,31.0100,31.0000,31.0000,30.4000,30.4400,1486520,45473512.0000,4942
20250211,301358,41.0000,40.9800,41.0000,39.8300,40.3100,9779797,393636698.2900,28426
20250211,301359,24.0600,24.0000,24.2800,23.8600,24.1700,1197900,28864240.0000,4237
20250211,301360,53.7700,54.2200,59.0000,52.8000,55.6600,4270576,239556813.4700,11480
20250211,301361,30.0700,29.8800,29.9800,29.3500,29.4200,3973900,117566260.0000,8304
20250211,301362,39.2400,39.2400,39.8900,39.0800,39.6600,485003,19154936.2800,1993
20250211,301363,32.0100,32.0100,32.5600,30.9000,32.5100,3318418,105146551.9900,9519
20250211,301365,15.1700,15.1900,15.1900,14.7500,14.9500,1882350,28017090.0000,5118
20250211,301366,48.8000,48.5000,48.9600,47.9400,48.2800,4883180,236733207.6000,14022
20250211,301367,64.2200,64.3500,64.5500,63.0000,63.2600,509865,32289037.3500,2839
20250211,301368,64.5800,64.2100,67.4100,63.1600,67.3100,14865766,973554221.2000,41609
20250211,301369,58.1700,57.8000,57.9900,56.1000,56.2000,2388766,136040353.5800,8407
20250211,301370,11.7300,11.6200,11.6200,11.2100,11.2600,12439138,140660358.3300,14867
20250211,301371,35.0900,35.1300,35.1500,34.4000,34.7500,1604472,55531073.4000,4170
20250211,301372,20.6200,20.6200,20.7800,20.1900,20.4500,831100,16926454.0000,2271
20250211,301373,26.5600,26.6600,26.6600,26.3300,26.4900,572100,15139554.0000,1780
20250211,301376,19.6100,19.5900,19.7100,19.1600,19.2800,2015200,38865742.0000,5826
20250211,301377,22.8800,22.8800,22.8800,22.3300,22.7300,4787400,108264706.0000,12743
20250211,301378,33.3300,32.9800,35.9800,32.1100,34.6500,9423391,322813988.6900,21401
20250211,301379,23.3000,23.4300,24.5000,23.0100,24.3500,14272281,340096661.7500,29220
20250211,301380,54.3600,53.3300,54.1200,52.5100,53.1200,5744243,305540563.6500,14679
20250211,301381,23.1000,23.1100,23.1100,22.6000,22.7300,4256000,96763884.0000,8206
20250211,301382,36.0000,35.5500,35.7500,33.7000,35.1800,23029666,797926520.6400,41642
20250211,301383,60.0800,60.0000,61.1600,58.1200,58.5800,8215697,486523905.6500,21028
20250211,301386,20.8600,20.8800,20.9000,20.5300,20.7400,1057400,21845974.0000,2842
20250211,301387,37.6200,38.2000,40.6600,37.5100,37.6500,8079863,310115734.9400,23456
20250211,301388,24.2900,24.4400,24.4400,23.6200,23.7700,2535100,60410747.0000,5328
20250211,301389,18.1900,18.2000,18.3900,17.9700,18.1000,6096412,110727357.4000,12764
20250211,301390,33.7000,33.6900,34.7700,33.2400,34.4500,1893368,64525821.5600,5305
20250211,301391,40.6900,40.6900,40.7300,39.9100,40.4700,1050400,42396532.4000,3435
20250211,301392,74.6400,78.1400,86.0000,73.0100,83.4000,8115796,652405248.7000,21164
20250211,301393,42.4900,42.2400,42.5100,41.6300,41.8000,724779,30384505.3200,2536
20250211,301395,11.7000,11.6800,11.7500,11.6000,11.7100,1097758,12816389.2200,2550
20250211,301396,32.8000,32.5000,32.5500,31.3200,31.6600,5203174,165407852.8200,7286
20250211,301397,29.6000,29.5900,30.4900,29.4100,30.0300,3123890,93784370.0000,9161
20250211,301398,51.4900,51.6300,51.7800,50.5500,51.0000,1346600,68574367.0000,3941
20250211,301399,27.6800,27.6500,28.0500,27.3100,28.0500,6349796,176009815.6600,13696
20250211,301408,11.5500,11.5000,11.5600,11.3000,11.3600,3860600,43904578.0000,6550
20250211,301413,88.2400,86.8000,94.7000,84.6400,85.4800,7655659,686906588.7800,22237
20250211,301418,34.4600,34.4300,34.4800,34.0000,34.4300,963035,32935267.6000,2613
20250211,301419,33.2000,33.3000,33.4500,32.6200,32.8600,2220278,72882734.6000,5485
20250211,301421,50.1900,50.2000,51.2000,49.3800,49.8000,4166500,208780072.0000,13704
20250211,301428,40.4700,39.8800,40.6600,39.1900,39.5900,7849580,313182946.3200,17722
20250211,301429,16.9900,17.0800,17.1500,16.7000,16.7700,1794023,30133124.2500,4118
20250211,301439,18.6000,18.6000,21.2700,18.5100,20.3600,39263151,775485882.5300,56140
20250211,301446,20.8900,20.9800,20.9900,20.6200,20.7300,927866,19224301.2800,2461
20250211,301448,21.4000,21.4000,21.4400,21.1000,21.2900,886780,18836548.4000,2784
20250211,301456,25.1600,24.9000,25.0000,24.5100,24.6900,1735651,42799848.2100,3444
20250211,301458,36.0000,35.8400,36.5000,34.9400,35.9800,11606617,414511199.7800,28836
20250211,301459,44.0400,43.8800,44.1800,43.2700,43.9000,1004500,43994690.0000,3425
20250211,301468,21.4200,21.4100,21.4900,21.3100,21.4900,708995,15179912.8000,1972
20250211,301469,24.4000,24.3800,24.7400,24.0500,24.1500,775033,18723501.0500,1733
20250211,301486,49.9400,49.9400,50.2100,49.3200,49.4800,5620900,279204215.0000,18708
20250211,301487,20.4400,20.5500,20.5500,19.8500,19.9800,9649316,192940681.2000,22486
20250211,301488,67.5100,70.3700,70.6000,66.0800,66.6600,6912614,471171459.6400,17439
20250211,301489,64.2700,64.2100,65.2800,63.7600,64.3800,2769700,178875912.0800,8137
20250211,301498,90.9800,91.1900,96.0400,90.1200,94.6000,3167238,299336789.6500,13764
20250211,301499,27.0400,27.0000,27.0900,26.5500,26.7400,1753471,46927000.8500,5216
20250211,301500,18.2200,18.2300,19.9700,18.1200,19.4500,9252083,176775179.9400,14754
20250211,301502,39.4700,39.6800,39.7000,39.0000,39.4900,913428,36003556.0300,2417
20250211,301503,41.5800,40.9900,41.7500,40.2600,41.2500,3201762,131615036.9400,9429
20250211,301505,24.2900,24.3400,24.3400,23.8100,23.9800,1247570,29904201.6000,2697
20250211,301507,12.7400,12.7600,12.7700,12.5400,12.6500,2900200,36566152.4900,5940
20250211,301508,34.0400,34.4500,34.4900,33.6800,33.7300,2756600,93508413.2000,6712
20250211,301509,26.3900,26.3700,26.3700,25.6600,25.8400,1723604,44532853.4600,4268
20250211,301510,29.2500,29.0700,31.7000,28.3500,30.5800,21907600,658365197.9200,44193
20250211,301511,14.2300,14.1900,14.1900,13.7300,14.0800,17468672,243360939.6400,31310
20250211,301512,48.7400,48.8000,50.0000,47.7000,48.2300,4128572,202169001.0600,10675
20250211,301515,18.9500,19.0300,19.0300,18.6200,18.8200,946100,17752524.0000,2058
20250211,301516,16.9600,16.9300,16.9300,16.7000,16.7200,3899708,65436834.9400,6935
20250211,301517,51.4400,51.5000,52.4400,50.5500,51.4100,2632700,135541143.0000,7823
20250211,301518,16.8900,16.9900,16.9900,16.7100,16.8800,964375,16216819.2500,2309
20250211,301519,13.3900,13.4300,13.4300,13.2200,13.2900,1547500,20547101.0000,3023
20250211,301520,40.1200,40.0100,40.0900,39.5100,39.7100,537599,21331229.3100,1768
20250211,301522,35.9300,35.9400,36.2500,35.6200,36.0500,3474379,125223565.1200,9354
20250211,301525,64.3600,64.0200,64.4000,63.2500,63.8500,897581,57119870.4700,3038
20250211,301526,3.4900,3.4900,3.5000,3.4100,3.4300,21213200,72797645.0000,15155
20250211,301528,40.7800,40.8200,40.9600,40.1300,40.3600,458448,18490939.5600,1487
20250211,301529,30.5400,30.3400,30.7000,30.0600,30.3400,673800,20378163.0000,1803
20250211,301533,31.4200,31.4200,32.1000,30.7700,31.3500,2510012,78815437.5400,6061
20250211,301536,89.0400,94.2000,97.9400,87.9900,89.2800,20343349,1904924012.9000,64572
20250211,301538,74.4900,74.6000,77.9800,73.9000,77.4300,1466781,112602151.8400,5503
20250211,301539,18.8600,18.8700,18.8700,18.5600,18.7000,1163209,21717183.0300,3198
20250211,301548,43.6600,43.5000,43.6800,42.1000,42.6700,1302160,55451163.6500,4233
20250211,301550,112.4000,109.0000,120.0000,109.0000,113.0000,6331688,724594415.9200,22188
20250211,301551,61.9200,61.0000,73.2200,60.0000,68.7500,14230348,933059584.5300,45272
20250211,301552,55.5300,55.3800,55.8800,54.6000,55.6900,1200222,66378051.1600,4515
20250211,301555,24.3800,24.3800,24.3800,23.8500,23.9000,1241468,29762497.9200,3750
20250211,301556,102.5500,100.6600,104.6800,96.6900,97.2200,2890439,291647447.1800,10231
20250211,301558,9.2400,9.3400,9.3700,9.1200,9.1600,20567831,189368680.1800,17690
20250211,301559,15.2400,15.3000,15.3000,15.1200,15.1900,1219855,18518579.4700,3813
20250211,301565,21.4300,21.4000,21.7500,21.1200,21.4600,4024871,86134802.1900,8491
20250211,301566,16.0000,16.0100,16.0100,15.7000,15.8200,7387300,116939872.0000,11698
20250211,301567,43.0900,43.1800,49.0000,42.6000,45.4000,3847003,177175015.3600,11661
20250211,301568,42.3000,42.2000,42.9300,41.4200,41.5000,7433526,313378950.7200,15200
20250211,301571,43.3800,43.2400,43.2400,42.5300,42.6700,1643345,70244415.8500,4723
20250211,301577,59.8100,59.7500,59.7600,58.8200,59.4000,875644,51886548.2400,3195
20250211,301578,51.7200,51.7400,52.7700,51.5100,51.8000,1921442,100051576.9700,5986
20250211,301580,56.6600,57.3200,59.5900,57.0000,58.4900,1607131,93894857.1800,5359
20250211,301581,54.0700,54.1900,55.1000,53.1100,54.2300,2086881,112842079.2700,6929
20250211,301585,42.6700,42.6700,42.9600,42.0200,42.8900,1751794,74519573.1400,5917
20250211,301586,54.8400,54.3000,55.2000,53.3500,54.1900,1201284,64856971.8200,4241
20250211,301587,23.8000,23.9600,24.0000,23.4500,23.5700,1283358,30220848.0900,3226
20250211,301588,20.9300,20.9300,20.9300,20.5600,20.7100,1207797,24985526.1200,2043
20250211,301589,178.6900,178.7800,178.7800,174.8000,176.5000,930143,163480562.6300,4617
20250211,301591,39.6800,39.5500,39.6800,38.6200,38.8000,1912019,74333744.5900,5898
20250211,301592,142.8300,143.4900,150.0000,142.5000,149.8300,2988781,440736188.1800,12708
20250211,301596,159.0100,156.0000,161.2800,151.5000,153.6800,5317301,825663265.6700,21032
20250211,301598,75.2600,75.1300,77.5000,73.5000,73.8000,2566356,191572111.6800,10700
20250211,301600,187.7600,191.0200,194.7100,181.1100,181.5000,2707049,505376913.1300,13942
20250211,301601,32.0900,31.9700,31.9800,31.5100,31.5900,3741293,118397070.9900,10250
20250211,301602,23.8000,23.5000,23.7700,23.0200,23.2300,13789829,321947976.5600,31072
20250211,301603,43.9500,43.7500,44.9700,43.5000,44.4700,3125022,138735011.9300,8139
20250211,301606,42.9200,42.9200,45.4900,42.3900,44.4900,6857726,301022568.8200,18012
20250211,301607,38.1400,38.7700,39.2500,38.0000,38.1100,1959410,75536185.3200,5384
20250211,301608,76.4000,76.0000,77.0800,75.4000,76.6500,2939664,224372875.4200,11580
20250211,301611,60.8700,61.1100,61.1500,59.1000,60.2400,3867763,232812309.8500,12243
20250211,301613,60.3000,60.6200,61.5000,59.8100,60.8300,2008471,121769897.2000,6284
20250211,301617,48.5900,48.4500,49.1600,47.9100,48.8000,2443627,118518785.4300,6532
20250211,301618,86.5600,87.0000,89.9300,85.3000,87.5200,1813000,159159454.7800,7805
20250211,301622,69.3500,69.3600,70.3600,68.5500,68.7000,3848143,266659318.8900,12620
20250211,301626,105.0000,103.9400,108.7000,103.1800,108.7000,2211593,234939293.8800,8611
20250211,301628,98.9700,98.1500,102.6000,96.9600,98.9900,4779727,477813343.9900,22193
20250211,301631,125.9000,125.3100,126.3000,124.3200,124.9800,953175,119301980.5000,4879
20250211,301633,87.6500,87.5000,88.0800,86.6000,87.6000,732676,63994549.9600,3205
20250211,302132,70.9000,71.0100,71.8000,69.7400,70.0000,10252343,723596723.0800,29271
20250211,600000,10.2700,10.2900,10.3800,10.2300,10.3000,34651727,356843470.0000,38541
20250211,600004,9.3300,9.3400,9.3500,9.2700,9.2800,13535720,125756782.0000,14455
20250211,600006,8.0300,8.6700,8.6700,7.8200,7.9000,253573162,2114596937.0000,163680
20250211,600007,23.5100,23.4300,23.8700,23.4100,23.7300,2253301,53410547.0000,7787
20250211,600008,3.1500,3.1500,3.1600,3.1100,3.1300,80672066,252446564.0000,24784
20250211,600009,33.4800,33.4800,33.5400,33.0100,33.0300,8680747,287579609.0000,19983
20250211,600010,1.8900,1.8900,1.8900,1.8500,1.8600,370609230,690815417.0000,43382
20250211,600011,6.4400,6.4400,6.4500,6.3800,6.3900,30193400,193297533.0000,20147
20250211,600012,15.2400,15.2800,15.4600,15.1500,15.1600,9554518,145752305.0000,20985
20250211,600015,7.3300,7.3500,7.3900,7.3200,7.3500,41477180,305052381.0000,39594
20250211,600016,4.1500,4.1600,4.1800,4.1400,4.1500,143283850,595339760.0000,40368
20250211,600017,3.0300,3.0400,3.0500,3.0200,3.0400,26727700,81175891.0000,17526
20250211,600018,5.7600,5.7700,5.8200,5.7300,5.7600,24453795,141074067.0000,23627
20250211,600019,6.9000,6.9000,6.9900,6.8600,6.8900,58163845,402213978.0000,45776
20250211,600020,4.0700,4.0700,4.1000,4.0500,4.0800,10272892,41847935.0000,10090
20250211,600021,8.7800,8.7800,8.8000,8.6800,8.7100,28058641,244594380.0000,19936
20250211,600022,1.4600,1.4500,1.4600,1.4200,1.4300,60053977,86003975.0000,13489
20250211,600023,5.3000,5.3000,5.3300,5.2500,5.2700,40013225,211384485.0000,28882
20250211,600025,8.9300,8.9400,8.9500,8.8000,8.8100,38395800,339792358.0000,37955
20250211,600026,12.6700,12.7000,13.1300,12.6600,12.8000,55102412,711476818.0000,63591
20250211,600027,5.0600,5.0600,5.0600,4.9700,4.9900,67353184,336585869.0000,40574
20250211,600028,6.1100,6.1200,6.1600,6.0900,6.1100,119112534,729128028.0000,51755
20250211,600029,5.9500,5.9500,5.9800,5.7400,5.7800,119022747,689995779.0000,68212
20250211,600030,28.1500,28.1100,28.1300,27.8300,27.9700,89039231,2488585227.0000,96602
20250211,600031,16.9900,16.9800,17.0600,16.8400,16.8800,49263129,833681769.0000,67846
20250211,600032,7.2700,7.2700,7.3100,7.1500,7.2100,5376500,38705684.0000,8890
20250211,600033,3.7100,3.7200,3.7900,3.7100,3.7900,29913202,112456854.0000,23143
20250211,600035,4.3400,4.3500,4.3700,4.3400,4.3600,11147656,48575031.0000,10017
20250211,600036,40.6000,40.7500,41.0400,40.6400,40.9800,45777119,1872296623.0000,71346
20250211,600037,7.7000,7.7100,7.9000,7.6000,7.8100,28014941,216720203.0000,33053
20250211,600038,37.5000,37.4000,37.4400,36.8500,37.1000,5675063,210426317.0000,14359
20250211,600039,6.9800,6.9700,7.0600,6.9400,6.9700,26021929,181836301.0000,19520
20250211,600048,8.4700,8.5000,8.5200,8.2700,8.2900,109561782,913880385.0000,64878
20250211,600050,5.4600,5.4000,5.6200,5.3900,5.4800,747572448,4114109464.0000,238443
20250211,600051,6.7200,6.7200,6.7600,6.6600,6.7400,2808501,18841824.0000,2764
20250211,600052,4.7400,4.7400,4.9500,4.6900,4.8000,16581712,79731338.0000,11463
20250211,600053,14.0600,14.0600,14.1400,13.6300,13.7600,4672500,64310089.0000,8534
20250211,600054,11.3700,11.4000,11.8400,11.2800,11.7800,16394713,190339745.0000,17788
20250211,600055,16.4100,16.4500,16.5500,16.0100,16.1400,9313276,150481889.0000,18565
20250211,600056,11.0500,11.0300,11.0300,10.8600,10.8900,13578671,148027548.0000,13516
20250211,600057,6.0100,6.0300,6.1400,5.9800,6.1000,19778540,119984521.0000,16243
20250211,600058,7.1100,7.1100,7.1500,7.0000,7.0300,6992484,49239891.0000,10352
20250211,600059,8.4900,8.5000,8.5100,8.3900,8.4000,9005300,75930170.0000,11997
20250211,600060,22.9500,22.9500,23.2500,22.7100,23.2000,10778834,247996062.0000,28072
20250211,600061,7.3600,7.3600,7.3600,7.2300,7.2900,19556560,142286311.0000,23896
20250211,600062,19.5600,19.6000,19.6100,19.3700,19.5500,10147400,197616368.0000,18673
20250211,600063,3.9700,3.9600,3.9700,3.9000,3.9700,18503832,72913687.0000,13385
20250211,600064,7.3200,7.3300,7.3700,7.2000,7.2400,15668000,113592092.0000,19003
20250211,600066,26.9900,26.9200,27.3000,26.8300,26.9300,17331055,468114998.0000,50320
20250211,600067,2.6000,2.6000,2.6500,2.5300,2.5600,15189700,38962372.0000,8790
20250211,600070,1.3500,1.3500,1.4200,1.3500,1.4200,23328923,32785069.0000,2932
20250211,600071,24.6200,24.3400,24.7600,24.2000,24.5700,6028396,148027157.0000,10124
20250211,600072,12.5300,12.5300,12.5400,12.3000,12.3900,14872500,183828191.0000,16274
20250211,600073,6.5700,6.5900,6.6100,6.4500,6.5100,9641722,62699169.0000,13827
20250211,600075,4.4900,4.5000,4.5100,4.4400,4.4800,8683354,38829810.0000,10386
20250211,600076,2.0900,2.1000,2.1200,2.0400,2.0600,17105201,35259929.0000,7178
20250211,600078,5.8600,5.8400,5.8700,5.7400,5.7700,6980900,40344075.0000,5278
20250211,600079,21.3500,21.3500,21.5700,21.1400,21.4500,11951870,255288323.0000,18888
20250211,600080,7.7900,7.7900,8.0200,7.7400,7.9500,13347164,105391064.0000,14018
20250211,600081,11.8900,13.0800,13.0800,12.7000,13.0800,54354283,709819351.0000,37051
20250211,600082,2.9900,2.9900,3.0200,2.9500,3.0000,6303700,18818591.0000,4659
20250211,600083,0.9200,0.9200,0.9200,0.9200,0.9200,0,0.0000,0
20250211,600084,5.2300,5.2500,5.2800,5.1100,5.1400,2898214,14908951.0000,4220
20250211,600085,37.8600,37.8500,37.9000,37.4600,37.5500,5967454,224223846.0000,15437
20250211,600088,17.7800,17.8000,18.0500,17.4700,17.9500,10696148,190085436.0000,15489
20250211,600089,12.3400,12.3200,12.3600,12.1800,12.2100,36279726,443675539.0000,28945
20250211,600094,3.2400,3.2600,3.2800,3.1100,3.1600,24379800,76896045.0000,16437
20250211,600095,6.9800,6.9800,6.9800,6.8300,6.9200,20512392,141357816.0000,18699
20250211,600096,22.1700,22.1800,22.4700,22.1200,22.3500,23825243,531273427.0000,34524
20250211,600097,9.5000,9.5900,9.5900,9.3000,9.3600,3143600,29464639.0000,5355
20250211,600098,6.2000,6.2200,6.2300,6.1500,6.2000,11331100,70123988.0000,17774
20250211,600099,9.6000,9.6400,9.9000,9.5500,9.7300,4836200,47157737.0000,9075
20250211,600100,7.7500,7.7600,7.7600,7.5400,7.6200,84429741,643206376.0000,58512
20250211,600101,8.8200,8.8100,8.8100,8.6700,8.7300,14035135,122335270.0000,13918
20250211,600103,2.3400,2.3400,2.3500,2.3000,2.3200,44779370,103933972.0000,16484
20250211,600104,18.1800,18.2000,19.7900,17.6300,19.0100,171853575,3191712841.0000,159338
20250211,600105,5.4300,5.4400,5.6600,5.3200,5.5600,101900244,559147639.0000,72753
20250211,600106,5.9800,5.9900,6.3400,5.8800,6.2400,53423775,327652910.0000,24972
20250211,600107,4.6400,4.6400,4.6600,4.5100,4.5300,8223374,37499477.0000,5783
20250211,600108,2.8700,2.8700,2.8700,2.8200,2.8500,16816129,47856592.0000,6281
20250211,600109,8.8900,8.9000,8.9100,8.7100,8.8100,43725017,384235235.0000,33172
20250211,600110,4.0600,4.0800,4.1000,3.9600,4.0100,22805766,91001526.0000,21265
20250211,600111,23.2600,23.1900,23.3600,22.9500,23.1000,44503540,1027214813.0000,59874
20250211,600113,13.7600,13.8000,13.8500,13.5100,13.7300,3461725,47401051.0000,5345
20250211,600114,20.3400,20.2600,21.2100,20.0000,20.7800,51457280,1065090981.0000,88048
20250211,600115,3.8500,3.8400,3.8600,3.7400,3.7500,73508848,277332029.0000,35076
20250211,600116,6.8500,6.8600,6.8700,6.7800,6.8400,8447511,57567630.0000,9223
20250211,600117,2.2500,2.2300,2.3900,2.1900,2.2800,40337196,92221518.0000,15639
20250211,600118,27.4800,27.3900,28.8000,27.1300,27.8900,24438102,681305426.0000,48935
20250211,600119,8.8800,8.9000,8.9100,8.5900,8.6300,6487800,56360577.0000,7372
20250211,600120,7.4600,7.5000,8.2100,7.4600,8.2100,459103077,3654235334.0000,247372
20250211,600121,3.9500,3.9400,3.9600,3.8500,3.8900,17762800,68927584.0000,12310
20250211,600123,7.8600,7.8700,7.9000,7.7800,7.8200,8764491,68561797.0000,8883
20250211,600125,5.7900,5.8000,5.8200,5.7500,5.8200,12130290,70202087.0000,11236
20250211,600126,7.6100,8.3700,8.3700,8.3700,8.3700,7917081,66265968.0000,2506
20250211,600127,6.6200,6.6000,6.6100,6.5300,6.5500,8468601,55511063.0000,5804
20250211,600128,9.5500,9.6200,9.8500,9.5800,9.7000,37184004,360482651.0000,25656
20250211,600129,20.2200,20.3400,20.3400,19.8500,19.8600,12344500,246338792.0000,20610
20250211,600130,3.8800,3.8700,3.8800,3.7300,3.7400,56924800,215321453.0000,41562
20250211,600131,19.7300,19.6000,19.6000,19.1300,19.2200,12341098,237542633.0000,21790
20250211,600132,55.9000,55.9200,57.4500,55.9000,56.8700,7488538,424865740.0000,20694
20250211,600133,9.7300,9.7300,9.7600,9.5000,9.5500,23581515,225368916.0000,23839
20250211,600135,6.7600,6.8200,6.8900,6.6800,6.8400,7411983,50288137.0000,9454
20250211,600136,2.0400,2.0400,2.0500,1.9900,2.0200,5934700,11923866.0000,882
20250211,600137,15.3000,15.3100,15.3500,15.1100,15.3000,1312612,19963631.0000,2878
20250211,600138,10.1200,10.1500,10.1700,10.0300,10.0600,10191257,102643861.0000,12069
20250211,600141,21.6200,21.6200,22.1800,21.3000,22.0300,20923800,455955408.0000,32865
20250211,600143,10.3600,10.2600,10.5000,10.0800,10.1300,114314755,1169466084.0000,91746
20250211,600148,19.4900,19.4800,21.4400,19.0000,20.6800,10818195,222886312.0000,18777
20250211,600149,4.5200,4.5400,4.5400,4.4100,4.5100,7084092,31665486.0000,5666
20250211,600150,33.5900,33.5300,33.5300,33.0600,33.2000,29731087,987297195.0000,51118
20250211,600151,7.1600,7.1600,7.1700,6.9800,7.0500,13686125,96325225.0000,17506
20250211,600152,5.9300,5.9300,5.9600,5.8300,5.9500,8603902,50689392.0000,12342
20250211,600153,9.5600,9.5700,9.6200,9.4800,9.5500,14616457,139741959.0000,21892
20250211,600155,7.7700,7.7300,7.7600,7.5300,7.6100,75875493,578182761.0000,43082
20250211,600156,4.9200,4.9100,4.9600,4.8300,4.8700,8130451,39597187.0000,7048
20250211,600157,1.6500,1.6500,1.6600,1.6000,1.6200,710065170,1148517625.0000,72630
20250211,600158,8.1200,8.1500,8.1600,7.9600,8.0600,23952772,192520457.0000,33570
20250211,600159,2.4900,2.5000,2.5100,2.4200,2.4400,14501002,35430521.0000,8218
20250211,600160,24.8200,24.8800,25.3000,24.5300,24.9700,25126423,626946695.0000,32244
20250211,600161,20.8400,20.8100,20.8500,20.5400,20.6200,10443929,215433027.0000,23372
20250211,600162,1.8800,1.8800,1.9000,1.8300,1.8500,27087453,50063515.0000,8678
20250211,600163,5.3500,5.3500,5.4300,5.2800,5.3400,14780448,78885029.0000,15695
20250211,600165,3.1500,3.1000,3.3100,3.0900,3.3100,18657428,60507515.0000,2964
20250211,600166,2.4600,2.4700,2.4800,2.4100,2.4300,81360656,197720152.0000,24018
20250211,600167,5.5900,5.5800,5.6000,5.5300,5.5700,1974500,10994299.0000,4045
20250211,600168,4.4200,4.4200,4.4400,4.3900,4.4300,4811849,21232377.0000,7766
20250211,600169,2.5900,2.5900,2.6100,2.5500,2.5900,31237606,80781604.0000,16362
20250211,600170,2.5700,2.5700,2.5800,2.5300,2.5500,80232215,204268153.0000,28539
20250211,600171,38.8700,38.7000,38.7100,37.6100,37.9700,42801679,1627368779.0000,104711
20250211,600172,4.1400,4.1400,4.1700,4.0100,4.0700,55008960,223522047.0000,23425
20250211,600173,4.7300,4.7400,4.9700,4.7000,4.8200,23144900,112077655.0000,17234
20250211,600176,11.3300,11.3100,11.5400,11.1700,11.5000,29173198,332674920.0000,45095
20250211,600177,8.0300,8.1000,8.2300,8.1000,8.2100,36059423,294871488.0000,33925
20250211,600178,12.8900,12.7700,13.6900,12.6000,12.9000,61879079,817156026.0000,75939
20250211,600179,2.7200,2.7200,2.7300,2.6500,2.6900,26088781,69809242.0000,11610
20250211,600180,4.2200,4.2300,4.2400,4.1400,4.1800,7309200,30499439.0000,6945
20250211,600182,16.2000,16.1700,16.2000,15.8100,15.9400,2999083,47920306.0000,3012
20250211,600183,28.8400,28.9500,29.5000,28.6800,29.0500,28993173,844152172.0000,62423
20250211,600184,11.2500,11.2500,11.3000,11.0400,11.1400,9929100,110789642.0000,14907
20250211,600185,6.1800,6.2000,6.2300,6.0500,6.1100,25655619,156431286.0000,15886
20250211,600186,6.7800,6.5300,7.4600,6.3600,7.4600,558946111,3940613899.0000,311729
20250211,600187,3.2000,3.2000,3.2100,3.1000,3.1200,43171930,134837383.0000,20932
20250211,600188,13.3400,13.3400,13.4200,13.2300,13.2600,19382380,257766757.0000,25588
20250211,600189,7.6000,7.5500,7.5900,7.4400,7.4600,12132832,90771788.0000,10139
20250211,600190,1.4100,1.4100,1.4200,1.3600,1.3900,24703985,34163718.0000,2426
20250211,600191,8.7100,8.5700,8.5700,8.2700,8.3400,30951690,258805934.0000,21521
20250211,600192,5.8800,5.8800,5.9300,5.7400,5.8200,5253344,30418880.0000,7969
20250211,600193,3.5900,3.9500,3.9500,3.7000,3.9500,36055808,140941740.0000,13536
20250211,600195,6.4900,6.4900,6.5400,6.3800,6.4800,10852046,70018306.0000,10315
20250211,600196,25.4300,25.4900,25.4900,25.0100,25.2400,15430360,388921755.0000,33993
20250211,600197,15.8900,15.9300,15.9600,15.6600,15.7300,3704399,58317369.0000,6621
20250211,600198,9.2700,9.2700,9.2700,9.0600,9.1100,42270200,386442872.0000,49494
20250211,600199,11.8100,11.8600,11.8900,11.5400,11.5600,10675770,123873090.0000,13842
20250211,600200,9.4400,9.3700,9.4100,9.2200,9.2400,10045001,93204658.0000,11450
20250211,600201,6.6200,6.6200,6.6500,6.5200,6.5500,13016860,85333536.0000,9912
20250211,600202,4.7800,4.7800,4.7900,4.7000,4.7600,12251100,58219168.0000,9239
20250211,600203,9.9500,9.9300,10.5800,9.8300,10.2200,87602100,894781120.0000,94136
20250211,600206,17.4800,17.4800,17.6500,17.1100,17.3100,61797901,1073826995.0000,85051
20250211,600207,4.5700,4.5900,4.6100,4.4700,4.5200,37742721,170398312.0000,26043
20250211,600208,3.0900,3.1000,3.1000,3.0000,3.0300,83155307,252071353.0000,32124
20250211,600210,6.6300,6.6200,6.6400,6.5100,6.5800,19790301,129683838.0000,21804
20250211,600211,36.5000,36.5000,36.6600,36.0200,36.3900,2172324,78731391.0000,6794
20250211,600212,8.1400,8.1200,8.1700,7.7800,7.9800,17804399,141711109.0000,17473
20250211,600215,8.5800,8.5000,8.6000,8.3800,8.4100,19367040,163876302.0000,15916
20250211,600216,15.5100,15.4800,15.7000,15.3900,15.5400,13385426,208296166.0000,27727
20250211,600217,4.9700,4.9600,4.9800,4.8500,4.8800,50455380,246408996.0000,26183
20250211,600218,8.0300,8.0300,8.1700,7.9500,8.1400,9551186,77157741.0000,11863
20250211,600219,4.0800,4.0800,4.1000,4.0400,4.0500,92146301,374655071.0000,43387
20250211,600221,1.6100,1.6100,1.6200,1.5700,1.5900,344013533,545182891.0000,43423
20250211,600222,5.4900,5.4900,5.5000,5.4100,5.4400,11132302,60445402.0000,11395
20250211,600223,7.1800,7.1300,7.2400,7.0600,7.2000,13092593,93443178.0000,15005
20250211,600225,0.2700,0.2500,0.2700,0.2400,0.2500,176385346,44160915.0000,15451
20250211,600226,2.8400,2.8400,2.8600,2.7500,2.7700,35679821,99483384.0000,7748
20250211,600227,2.3700,2.3600,2.3800,2.2600,2.2700,36999500,84415490.0000,13838
20250211,600228,5.5500,5.6200,5.6300,5.3200,5.3800,39772731,213718616.0000,34042
20250211,600229,7.2300,7.2100,7.3600,7.1500,7.3400,11592553,84221155.0000,13007
20250211,600230,11.2200,11.1600,11.2000,11.0700,11.1300,2430900,27018713.0000,4062
20250211,600231,1.8100,1.8200,1.8300,1.7500,1.7800,18279360,32482089.0000,6450
20250211,600232,5.6900,5.7200,5.7600,5.6300,5.6700,4383000,24925266.0000,6167
20250211,600233,13.6700,13.6500,13.7500,13.6100,13.7100,11707612,160197828.0000,18647
20250211,600234,5.8400,5.7700,6.0800,5.7700,5.8500,2179401,12974736.0000,1127
20250211,600235,5.9400,5.9500,5.9800,5.8600,5.9100,4313200,25493304.0000,5179
20250211,600236,6.3400,6.3500,6.3800,6.2900,6.3100,8116900,51335792.0000,9776
20250211,600237,7.1100,7.1300,7.1900,7.0900,7.1100,25366900,180961277.0000,18817
20250211,600238,6.0900,6.1100,6.1300,5.9100,5.9800,18987500,113721448.0000,13315
20250211,600239,2.6300,2.6400,2.6500,2.5500,2.5700,23893691,61436080.0000,9073
20250211,600241,7.1000,7.1000,7.1600,6.9400,7.0100,2734500,19137557.0000,4400
20250211,600243,3.3300,3.3800,3.4000,3.2000,3.2100,28998200,93728756.0000,19092
20250211,600246,5.7700,5.9700,5.9700,5.5700,5.6000,64346484,365489056.0000,52192
20250211,600248,4.2700,4.2800,4.3000,4.2000,4.2400,20076030,84936489.0000,18217
20250211,600249,5.4000,5.4200,5.4300,5.3100,5.3900,9512802,51028997.0000,10389
20250211,600250,9.2700,9.3300,9.3300,9.1100,9.1700,7198200,66010927.0000,11187
20250211,600251,7.1300,7.1300,7.1300,7.0700,7.1200,5068136,35941365.0000,3423
20250211,600252,2.4400,2.4400,2.4600,2.3800,2.4100,38756900,93247150.0000,16552
20250211,600255,3.9900,3.9900,4.2900,3.9600,4.2200,530383908,2207582768.0000,192982
20250211,600256,6.2000,6.2000,6.2300,6.1400,6.1800,43920595,271339827.0000,22181
20250211,600257,4.9400,4.9500,4.9800,4.8500,4.8700,13865886,67630854.0000,8902
20250211,600258,13.1300,13.2100,13.2700,12.9700,13.1300,14468671,189169777.0000,21625
20250211,600259,30.2900,30.2400,30.5800,30.0700,30.1900,5511390,166957344.0000,10844
20250211,600261,3.7000,3.7300,3.8300,3.6600,3.6800,91551051,341715373.0000,29227
20250211,600262,19.3000,19.4000,19.6600,19.1000,19.3100,4201191,81148699.0000,8789
20250211,600265,17.9100,17.9100,17.9100,17.4600,17.5500,629311,11100889.0000,1354
20250211,600266,4.8900,4.9100,4.9400,4.8400,4.9000,39610085,193674799.0000,17803
20250211,600267,8.8700,8.8500,8.8700,8.7700,8.8100,11058398,97404873.0000,18475
20250211,600268,7.1600,7.1600,7.2300,7.1300,7.2100,11013308,79118928.0000,16063
20250211,600269,5.1900,5.2000,5.2700,5.1800,5.2600,18539840,97138656.0000,18516
20250211,600271,9.4700,9.5000,9.5200,9.2800,9.4500,20194827,189774443.0000,25780
20250211,600272,15.1100,15.0000,15.0000,14.5600,14.6800,15781801,231790910.0000,25529
20250211,600273,7.8200,7.8100,7.8900,7.7500,7.8700,16701021,130631552.0000,19541
20250211,600276,44.8800,45.0000,45.1000,44.0500,44.1900,31067830,1376208094.0000,72252
20250211,600278,6.8900,6.8900,6.9500,6.8200,6.8800,6162155,42291461.0000,8255
20250211,600279,5.0000,5.5000,5.5000,5.5000,5.5000,6453232,35492776.0000,2158
20250211,600280,3.5900,3.6000,3.6500,3.5300,3.5300,38289300,136262638.0000,23465
20250211,600281,3.4900,3.5300,3.5400,3.3900,3.4200,6758925,23101603.0000,6031
20250211,600282,4.5000,4.4900,4.6100,4.4800,4.5300,29796769,135592847.0000,27184
20250211,600283,9.6500,9.6000,10.1300,9.5500,9.8800,16158420,159162861.0000,17418
20250211,600284,6.1800,6.2000,6.2000,6.1200,6.1500,6403705,39376563.0000,8165
20250211,600285,21.4200,21.3900,21.4800,21.0100,21.1000,9693969,204990374.0000,22061
20250211,600287,4.5400,4.5400,4.5900,4.4800,4.5600,2075800,9431904.0000,609
20250211,600288,9.6900,9.6800,9.8200,9.4800,9.6500,22280848,216024990.0000,32120
20250211,600289,3.2900,3.4500,3.4500,3.3600,3.4500,9933358,34188837.0000,1778
20250211,600292,12.8000,13.0000,13.0000,12.3700,12.5900,25091230,316309743.0000,29840
20250211,600293,3.2500,3.2600,3.2600,3.1800,3.2500,19429100,62611471.0000,7468
20250211,600295,9.6100,9.6200,9.7100,9.5300,9.5800,7199395,69022673.0000,13684
20250211,600298,36.3800,36.4500,36.6000,36.0000,36.4000,5081586,184447516.0000,15934
20250211,600299,11.2700,11.2800,11.8000,11.2800,11.6400,18876291,218504365.0000,29085
20250211,600300,3.4700,3.4700,3.4700,3.3700,3.4100,54215200,184718173.0000,25843
20250211,600301,17.9800,17.9300,18.0400,17.6600,17.7800,8096247,144135182.0000,14851
20250211,600302,4.9900,5.0100,5.0900,4.8600,4.9800,5398600,26575534.0000,5193
20250211,600303,2.9500,2.9600,2.9700,2.9100,2.9400,6145603,18045847.0000,1193
20250211,600305,7.6000,7.6100,7.6400,7.4800,7.5400,6814386,51250103.0000,10661
20250211,600307,1.5800,1.5900,1.6000,1.5200,1.5300,46600212,71818598.0000,10130
20250211,600308,3.5600,3.5400,3.5700,3.5200,3.5500,11017784,39024068.0000,5619
20250211,600309,71.3000,71.0200,71.2400,70.5600,71.1600,14777907,1048583834.0000,44904
20250211,600310,4.1400,4.1500,4.1500,4.0600,4.1200,24420320,99994071.0000,19516
20250211,600312,16.7000,16.7000,16.7500,16.1700,16.5100,37156843,608898646.0000,50401
20250211,600313,6.6700,6.6400,6.7100,6.5700,6.6600,20869500,138457623.0000,16624
20250211,600315,15.9800,16.0200,16.0600,15.7100,15.9600,4910714,77898746.0000,9671
20250211,600316,33.8500,33.6800,34.4900,33.4900,33.7100,16636000,565638809.0000,41206
20250211,600318,8.5000,8.4500,8.4900,8.3300,8.4000,18397015,154281280.0000,24237
20250211,600319,5.1200,5.1300,5.1300,4.9900,5.0600,3367400,16972433.0000,3036
20250211,600320,3.9000,3.9000,3.9100,3.8500,3.8800,18051309,69872926.0000,18138
20250211,600322,2.3400,2.3300,2.3900,2.2600,2.2800,34708872,79695408.0000,12045
20250211,600323,22.0200,22.0100,22.3000,22.0000,22.0600,4855796,107322119.0000,11750
20250211,600325,5.5000,5.5200,5.5400,5.4100,5.4400,28068600,152802175.0000,17810
20250211,600326,6.2500,6.2600,6.2600,6.0700,6.1100,38274238,234075810.0000,21092
20250211,600327,5.2000,5.2400,5.2600,5.0800,5.1600,44305400,227937328.0000,41962
20250211,600328,7.5000,7.5000,7.5200,7.4200,7.5100,12548000,93777510.0000,14838
20250211,600329,32.3500,32.3500,32.4500,32.0100,32.3200,3655184,117960573.0000,12237
20250211,600330,7.1900,7.1900,7.2000,7.0400,7.1100,15789175,112121138.0000,20642
20250211,600331,7.7700,7.7500,7.7700,7.3400,7.4100,32569316,243931345.0000,18480
20250211,600332,27.2300,27.2300,27.2600,26.9400,27.0900,5784017,156400026.0000,13220
20250211,600333,4.8200,4.8100,4.8400,4.7300,4.7500,10384575,49412834.0000,10567
20250211,600335,6.7600,6.7200,6.7400,6.6200,6.6400,24517672,163130165.0000,22868
20250211,600336,6.9700,7.0000,7.0600,6.8800,6.9700,12587700,87462847.0000,12956
20250211,600337,1.8100,1.8100,1.8500,1.7800,1.7900,36141103,65162536.0000,10395
20250211,600338,10.6600,10.6600,10.7300,10.4400,10.5400,16988880,178701580.0000,20582
20250211,600339,3.5000,3.5000,3.5100,3.4400,3.4700,28289150,98082561.0000,17833
20250211,600340,2.4800,2.5000,2.5300,2.3800,2.4000,135921601,327696169.0000,35656
20250211,600343,10.9900,10.9700,11.1000,10.8600,11.0200,8521185,93646457.0000,9634
20250211,600345,24.1300,24.0400,24.7800,23.8000,24.2200,8462350,205070923.0000,16437
20250211,600346,15.4200,15.3900,15.6500,15.3500,15.4800,13064236,202341535.0000,25543
20250211,600348,6.7900,6.7900,6.8000,6.7200,6.7600,17153224,115727065.0000,13052
20250211,600350,9.6100,9.5800,9.8600,9.5800,9.7000,14897777,145340804.0000,19984
20250211,600351,6.1900,6.2100,6.2100,6.1300,6.1600,6395800,39338273.0000,7065
20250211,600352,9.6600,9.6500,9.7400,9.5500,9.6700,20345538,196224434.0000,28327
20250211,600353,7.7100,7.6800,7.6900,7.5600,7.6000,14676800,111657247.0000,15735
20250211,600354,6.0600,6.0400,6.1000,5.9900,6.0500,21494562,130104203.0000,13975
20250211,600355,3.9800,3.7400,3.8700,3.6800,3.7100,106921783,399900828.0000,63870
20250211,600356,7.8800,7.8800,7.9900,7.8500,7.9800,4522839,35846206.0000,6921
20250211,600358,3.6300,3.6400,3.7300,3.5600,3.6800,43336700,157806538.0000,19924
20250211,600359,6.5400,6.5500,6.6000,6.4600,6.5600,5762322,37649853.0000,4509
20250211,600360,5.2200,5.2000,5.3500,5.1900,5.2400,24836193,130762582.0000,7598
20250211,600361,3.8500,3.8500,3.8700,3.8000,3.8300,26219613,100130610.0000,21625
20250211,600362,21.7700,21.8100,22.3000,21.8000,21.9700,36180666,796193520.0000,45594
20250211,600363,50.7400,50.7400,51.0200,49.3600,49.9900,14103051,706564699.0000,30365
20250211,600365,2.7100,2.6900,2.7500,2.6800,2.7000,2403688,6504435.0000,571
20250211,600366,8.5000,8.4900,8.6900,8.3800,8.4600,30547182,259482598.0000,34056
20250211,600367,13.4200,13.3000,13.4200,13.2200,13.3100,12559110,167113489.0000,17535
20250211,600368,4.3600,4.3200,4.4900,4.2900,4.4400,55571080,243464554.0000,28861
20250211,600369,4.5500,4.5600,4.5600,4.4700,4.5300,37680431,169929834.0000,22501
20250211,600370,1.8200,1.8200,1.8200,1.7700,1.7900,16068302,28683274.0000,6824
20250211,600371,9.1900,9.1600,9.2400,9.0700,9.0900,8494151,77609269.0000,6103
20250211,600372,11.8400,11.8500,11.8600,11.6800,11.7200,16969458,198849052.0000,25857
20250211,600373,12.0200,12.0200,12.1700,11.8800,12.1100,19181895,230496672.0000,24104
20250211,600375,5.9500,5.9300,6.1400,5.9200,6.0000,4531160,27374874.0000,1645
20250211,600376,2.4300,2.4400,2.4700,2.3600,2.3700,22091300,52764239.0000,6644
20250211,600377,14.0700,14.0800,14.3500,14.0800,14.1700,7859101,111776500.0000,17263
20250211,600378,28.1300,28.1800,28.2800,27.5200,27.8100,3129800,86740190.0000,9342
20250211,600379,9.4200,9.4500,9.6100,9.3500,9.4500,4435840,41955596.0000,8489
20250211,600380,11.1300,11.1800,11.1900,10.9900,11.1100,12254982,135492514.0000,19996
20250211,600381,3.9400,3.9300,3.9400,3.7400,3.7400,13971500,53389947.0000,3562
20250211,600382,4.6200,4.6200,4.6400,4.5200,4.5600,6165804,28013836.0000,6661
20250211,600383,4.7300,4.7600,4.7800,4.5800,4.5900,73148063,338262331.0000,29641
20250211,600386,4.5000,4.5200,4.5200,4.4000,4.4700,13072702,58143693.0000,17578
20250211,600387,2.8000,2.9400,2.9400,2.9400,2.9400,368900,1084566.0000,114
20250211,600388,12.2200,12.2800,12.6900,12.2300,12.6200,17953388,224687218.0000,22315
20250211,600389,13.9700,14.0100,14.0100,13.7200,13.9000,4928632,68122193.0000,8814
20250211,600390,6.3000,6.3000,6.3100,6.1600,6.2200,55022520,341677828.0000,30102
20250211,600391,18.8300,18.7500,18.8900,18.5100,18.7200,6303673,117898311.0000,14830
20250211,600392,11.2800,11.3300,11.4400,11.1800,11.2300,31488966,355042151.0000,31759
20250211,600395,5.0200,5.0200,5.0300,4.9600,4.9800,11756200,58606890.0000,7450
20250211,600396,2.6900,2.7000,2.7000,2.6500,2.6600,9768302,25996217.0000,2882
20250211,600397,4.6100,4.6000,4.7400,4.5600,4.6400,46452502,215415498.0000,33732
20250211,600398,7.8900,7.9300,8.0900,7.8200,7.9900,47877869,381947296.0000,36921
20250211,600399,5.6400,5.6500,5.6600,5.5500,5.5800,25651600,143137978.0000,21152
20250211,600400,2.3900,2.4000,2.4100,2.3300,2.3600,29394597,69163171.0000,9332
20250211,600403,2.8700,2.8900,2.9100,2.8000,2.8300,7774040,22062409.0000,9873
20250211,600405,5.1400,5.1500,5.1500,5.0300,5.0500,17027748,86243430.0000,18815
20250211,600406,23.2200,23.2200,23.2500,22.9200,23.0600,22186212,510686445.0000,42532
20250211,600408,1.9800,1.9800,2.0400,1.9200,1.9400,25592600,49854587.0000,9124
20250211,600409,5.4100,5.3900,5.5400,5.3400,5.4700,32514850,177001339.0000,22559
20250211,600410,10.0300,9.7000,9.9700,9.5000,9.5600,239139842,2313469163.0000,189107
20250211,600415,13.3800,13.4000,13.6000,13.2400,13.5400,40255183,541588899.0000,43098
20250211,600416,10.7700,10.7500,10.7600,10.5600,10.6500,10368673,110281326.0000,15257
20250211,600418,42.7000,43.1000,44.8000,42.3000,43.0800,89571537,3866885453.0000,140560
20250211,600419,8.9000,8.9400,9.1000,8.8000,8.9800,6752857,60316227.0000,9473
20250211,600420,11.6600,11.6900,11.7100,11.4900,11.6200,10677913,123562619.0000,18749
20250211,600421,6.6400,6.6700,6.7400,6.2700,6.4100,10054400,64316365.0000,9453
20250211,600422,16.2300,16.8900,17.8500,16.8500,17.8500,38433152,669128488.0000,48732
20250211,600423,3.1900,3.1900,3.2100,3.1200,3.1600,29748527,93582509.0000,11172
20250211,600425,3.8500,3.8600,3.8600,3.7900,3.8300,13238770,50516942.0000,10223
20250211,600426,21.1000,21.1300,21.5500,21.0200,21.3400,14070318,300131893.0000,24236
20250211,600428,6.5700,6.5600,6.6100,6.5200,6.5400,27876707,182602257.0000,27801
20250211,600429,4.2500,4.2500,4.2800,4.1800,4.2300,7825800,32994771.0000,8439
20250211,600433,3.2600,3.2600,3.2800,3.2200,3.2700,15549306,50609364.0000,11312
20250211,600435,10.6400,10.5500,10.6300,10.3100,10.3600,19114400,198383471.0000,26620
20250211,600436,206.9500,206.7400,206.9000,203.0000,203.4500,2204405,450069264.0000,13131
20250211,600438,22.1200,22.0400,22.2400,21.1800,21.3900,56120465,1203770482.0000,89359
20250211,600439,3.5900,3.5200,3.5600,3.4400,3.5000,41850341,145780856.0000,25949
20250211,600444,15.7000,15.5900,15.7400,15.5000,15.6200,1403800,21834431.0000,3497
20250211,600446,16.4700,16.4500,16.5800,16.0600,16.2700,23969553,390987581.0000,36698
20250211,600448,2.8700,2.8700,2.8900,2.8300,2.8900,9766061,27928390.0000,7788
20250211,600449,14.6400,14.6400,14.6400,14.3000,14.3500,8165511,117496482.0000,15719
20250211,600452,9.5800,9.6000,9.6300,9.3900,9.4900,11609184,109875581.0000,12280
20250211,600455,23.1000,23.0800,23.4500,22.8900,23.2500,1865295,43302984.0000,5616
20250211,600456,30.4300,30.4300,30.5900,29.9600,30.0500,4364216,131524405.0000,12596
20250211,600458,12.4000,12.3700,12.4800,12.1500,12.2300,3986100,48769868.0000,10492
20250211,600459,13.9600,14.0100,14.1200,13.9800,14.0300,6465914,90829432.0000,11136
20250211,600460,26.8100,26.8200,26.8300,26.2500,26.3200,26816633,708290270.0000,51049
20250211,600461,9.3400,9.3400,9.4100,9.3200,9.3700,8836700,82688322.0000,11331
20250211,600462,1.4900,1.4800,1.4900,1.4400,1.4600,8688009,12695036.0000,1030
20250211,600463,10.1900,10.1600,10.3800,9.9100,9.9900,5502278,55188900.0000,7213
20250211,600467,2.3000,2.3100,2.3400,2.2500,2.2700,32805400,74418833.0000,10460
20250211,600468,4.3400,4.3400,4.5400,4.3100,4.4500,31384264,138314479.0000,25533
20250211,600469,6.1900,6.1900,6.1900,6.1100,6.1800,4257394,26193271.0000,6824
20250211,600470,5.6300,5.6000,5.6300,5.5200,5.6000,11741400,65405968.0000,14397
20250211,600475,9.0500,9.0700,9.0700,8.9600,9.0500,4218963,38030315.0000,11629
20250211,600476,17.1600,16.9100,16.9100,16.4000,16.4600,17345800,288638003.0000,34008
20250211,600477,2.6500,2.7000,2.9200,2.6300,2.9200,97922856,272167161.0000,21829
20250211,600478,4.3200,4.2900,4.3100,4.2200,4.2700,17445338,74102840.0000,16203
20250211,600479,10.5100,10.5300,10.7600,10.4300,10.5500,8526488,89998574.0000,9022
20250211,600480,14.4400,14.5500,14.7400,14.0600,14.5400,39447869,569138048.0000,48406
20250211,600481,6.1000,6.1400,6.1400,5.8500,5.9400,81658530,484470276.0000,45123
20250211,600482,23.8900,23.9000,24.0400,23.6700,23.7300,14575289,347182773.0000,26217
20250211,600483,9.1800,9.1800,9.2400,9.1100,9.1400,11608980,106286656.0000,10270
20250211,600486,52.9700,53.0300,53.2200,52.2300,52.6400,3200964,168304174.0000,11131
20250211,600487,16.0200,16.0000,16.1500,15.8600,16.0600,55457705,887648365.0000,52211
20250211,600488,4.3300,4.3400,4.3400,4.2700,4.3200,5756150,24752627.0000,9568
20250211,600489,13.9600,14.2000,14.3500,13.9800,14.0200,84890457,1200779148.0000,81653
20250211,600490,3.4500,3.4800,3.8000,3.4800,3.6700,175418612,643078114.0000,67375
20250211,600491,3.7400,3.7400,3.8000,3.6900,3.7100,19302200,72079171.0000,7606
20250211,600493,5.4500,5.4700,5.5100,5.4000,5.4600,4399801,23951402.0000,3606
20250211,600495,3.9800,4.0000,4.0800,3.9700,4.0000,20407026,81866803.0000,20388
20250211,600496,2.9800,2.9900,3.0400,2.9500,3.0100,24028560,72038221.0000,14280
20250211,600497,5.6700,5.6800,5.7100,5.6400,5.6800,58633978,332776524.0000,30013
20250211,600498,21.0800,21.4800,22.2200,21.1600,21.3900,76774249,1656115229.0000,110217
20250211,600499,8.1300,8.1300,8.1500,7.8600,7.9800,17150264,136490202.0000,18763
20250211,600500,3.8800,3.8800,3.8800,3.8200,3.8600,17539726,67449835.0000,14433
20250211,600501,18.7100,18.6300,18.7000,18.1800,18.2500,7105500,130450410.0000,12021
20250211,600502,4.5600,4.5600,4.6100,4.5400,4.5700,20535159,93771521.0000,14063
20250211,600503,2.6300,2.6500,2.6500,2.5500,2.5900,51933400,134225685.0000,21161
20250211,600505,10.3200,10.3000,10.3100,10.0600,10.2100,6279006,63740518.0000,9444
20250211,600506,18.2800,18.3200,18.4500,17.9900,18.1500,9976800,181585374.0000,16741
20250211,600507,4.2700,4.2000,4.2200,4.1000,4.1800,30162675,125806570.0000,16309
20250211,600508,12.6400,12.6600,12.6700,12.5000,12.5900,3581815,44967360.0000,7423
20250211,600509,6.3100,6.3400,6.3400,6.2000,6.2300,17145400,106801553.0000,12296
20250211,600510,4.8000,4.8300,4.8400,4.7100,4.7500,7152900,33977150.0000,7203
20250211,600511,31.8700,31.8100,31.9500,31.6100,31.8300,2499509,79333535.0000,8856
20250211,600512,2.3600,2.3600,2.3800,2.3300,2.3700,19411600,45734778.0000,8611
20250211,600513,10.0800,10.0300,10.0800,9.8800,9.9400,8629100,85617528.0000,11115
20250211,600515,3.6900,3.7000,3.7100,3.6200,3.6400,37723141,137581995.0000,18174
20250211,600516,4.7000,4.6800,4.7100,4.6100,4.6600,19614690,91086893.0000,16286
20250211,600517,5.2700,5.2500,5.2600,5.1000,5.1600,22538681,116090079.0000,22738
20250211,600518,2.3600,2.3600,2.3700,2.3000,2.3100,255394904,591900902.0000,44890
20250211,600519,1431.5100,1434.9500,1435.9600,1415.9000,1418.0000,2357283,3348668867.0000,19266
20250211,600520,33.7000,34.1300,35.4000,33.8000,35.2100,22518930,782194829.0000,56000
20250211,600521,15.7400,15.7300,15.8000,15.3100,15.4100,19487940,300480046.0000,28247
20250211,600522,13.9500,13.9600,13.9700,13.7500,13.8300,50615624,699968600.0000,48539
20250211,600523,13.3600,13.5000,13.7800,13.3000,13.3400,12453415,167501612.0000,16788
20250211,600525,5.0900,5.1000,5.1300,5.0500,5.0700,8487220,43121786.0000,8556
20250211,600526,4.8200,4.8200,4.9100,4.6900,4.7500,17420500,82909061.0000,15901
20250211,600527,2.2700,2.2800,2.3000,2.2200,2.2600,48793012,109564533.0000,15294
20250211,600528,7.7300,7.7500,7.7500,7.6600,7.7300,8068728,62144874.0000,16187
20250211,600529,24.5000,24.4900,24.4900,24.1300,24.2400,6962539,168939684.0000,13215
20250211,600530,4.8200,4.7800,4.9600,4.7500,4.8800,29852302,145437167.0000,28190
20250211,600531,6.8500,6.9000,6.9600,6.8500,6.9000,22961900,158470509.0000,22819
20250211,600533,2.3700,2.3700,2.3900,2.2900,2.3200,15046413,34911122.0000,7641
20250211,600535,15.0600,15.0700,15.1400,14.9700,15.0700,9514037,143402831.0000,20660
20250211,600536,50.7400,50.2400,50.2400,49.1900,49.2300,34073999,1690045991.0000,88569
20250211,600537,3.3400,3.3400,3.3800,3.2100,3.3100,52755506,173538769.0000,21591
20250211,600538,5.3500,5.3500,5.4200,5.2200,5.2500,14211500,75759585.0000,10210
20250211,600539,8.1200,8.1000,8.7500,7.9800,8.5700,23267912,197202148.0000,31052
20250211,600540,4.0900,4.1000,4.1100,4.0100,4.0500,6580370,26612420.0000,6321
20250211,600543,5.0600,5.0500,5.0900,4.9900,5.0300,7803400,39200122.0000,5702
20250211,600545,2.7500,2.7600,2.8700,2.6700,2.8400,142004398,396610865.0000,47201
20250211,600546,11.1400,11.1400,11.2100,11.0200,11.0600,13799327,152872613.0000,17596
20250211,600547,26.2000,26.4900,26.9800,26.1400,26.1900,68325195,1811581292.0000,97173
20250211,600548,11.7700,11.7900,12.0500,11.7400,11.8700,6797907,81011674.0000,13379
20250211,600549,20.0900,20.0600,20.1700,19.8500,19.9200,16267348,325558944.0000,21236
20250211,600550,8.0100,7.9900,8.0400,7.8600,7.9600,35374270,280600520.0000,31187
20250211,600551,8.5300,8.5300,8.7500,8.4600,8.7100,5894760,50779362.0000,12510
20250211,600552,12.3400,12.3900,12.7500,12.2700,12.5300,45782614,573677248.0000,53923
20250211,600556,5.7400,5.7400,6.2500,5.6500,5.9500,273879159,1610939380.0000,176630
20250211,600557,13.6700,13.6600,13.6800,13.4100,13.5700,6043472,81747997.0000,10731
20250211,600558,4.4200,4.4400,4.5200,4.3800,4.5000,23689889,105183960.0000,18230
20250211,600559,18.7100,18.7200,18.8400,18.3400,18.3800,18577490,342922661.0000,28403
20250211,600560,16.1300,16.1000,16.2600,16.0000,16.1900,6820200,110223158.0000,11960
20250211,600561,5.7700,5.7800,5.8200,5.7200,5.7900,4060514,23439320.0000,4949
20250211,600562,19.9200,19.9200,19.9900,19.4200,19.5300,8825635,173776682.0000,20275
20250211,600563,118.3700,119.1100,125.4400,117.5000,124.0900,2610555,318765830.0000,15955
20250211,600566,26.8800,26.7700,27.5300,26.5000,27.3700,9681100,260974372.0000,20588
20250211,600567,1.8000,1.7900,1.8000,1.7600,1.7800,96783009,171461468.0000,13903
20250211,600568,1.3200,1.3100,1.3200,1.2900,1.3000,6851800,8911323.0000,875
20250211,600569,1.9100,1.9300,1.9300,1.8500,1.8700,29069100,54464205.0000,6967
20250211,600570,30.7600,30.7600,32.3500,30.1200,31.2000,98905778,3080113595.0000,144582
20250211,600571,14.4000,14.1800,14.6400,13.9500,14.2600,41966426,601059657.0000,39272
20250211,600572,4.5600,4.5500,4.5600,4.4900,4.5400,19880620,89797558.0000,15202
20250211,600573,10.6300,10.6200,10.6700,10.5300,10.6300,1789010,18951874.0000,4885
20250211,600575,3.2700,3.2800,3.3000,3.2500,3.2900,49765805,163029494.0000,21738
20250211,600576,7.6400,7.6000,7.9800,7.6000,7.7000,18723397,146000690.0000,23825
20250211,600577,7.1000,7.1100,7.1700,7.0200,7.1500,124452738,882782172.0000,59844
20250211,600578,3.4300,3.4300,3.4500,3.4100,3.4200,19246500,65917548.0000,16649
20250211,600579,9.2500,9.3800,9.8800,9.1800,9.3900,74821328,708826445.0000,74662
20250211,600580,27.1100,26.3000,28.1500,25.6600,27.2100,210456103,5679311432.0000,279923
20250211,600581,3.2300,3.2000,3.2300,3.1300,3.1600,20848920,65796765.0000,12407
20250211,600582,5.9100,5.9100,5.9600,5.8900,5.9300,38525421,228109018.0000,28405
20250211,600583,5.2900,5.3000,5.3500,5.2600,5.2800,37256201,197173375.0000,26073
20250211,600584,41.5300,41.5300,41.6500,40.4200,40.6000,59632909,2427921492.0000,114903
20250211,600585,24.0600,24.0500,24.2500,23.8500,24.0200,8095549,194561496.0000,25493
20250211,600586,5.2500,5.2600,5.2800,5.1600,5.2100,13962709,72526389.0000,8633
20250211,600587,16.4400,16.5000,16.5000,16.2300,16.3600,5848742,95601235.0000,10989
20250211,600588,14.6200,14.2000,15.2100,13.9400,14.8800,210348817,3047490967.0000,203384
20250211,600589,4.4700,4.4600,4.5700,4.1600,4.3800,214157759,936306676.0000,84016
20250211,600590,5.0300,5.0300,5.0500,4.9300,4.9900,14033137,69863036.0000,11911
20250211,600592,11.3100,11.2400,11.3000,11.1500,11.2500,13159620,147530988.0000,20428
20250211,600593,30.8300,30.8000,31.1100,29.7600,29.8900,7329501,220654118.0000,22220
20250211,600594,3.7000,3.7000,3.7100,3.6000,3.6500,10241500,37227027.0000,8532
20250211,600595,3.6000,3.5800,3.7400,3.5200,3.6900,143329138,525611282.0000,88624
20250211,600596,8.1900,8.2200,8.7500,8.0700,8.6700,40582792,345558885.0000,36213
20250211,600597,8.2500,8.2700,8.2900,8.1600,8.2100,7403700,60672974.0000,8442
20250211,600598,14.2800,14.2800,14.3200,14.1500,14.3000,11562809,164703202.0000,17797
20250211,600599,10.6000,10.5200,10.6100,10.3500,10.3600,2015300,20966543.0000,1965
20250211,600600,69.3600,69.6400,69.6400,68.2000,68.5900,4238573,291258544.0000,16565
20250211,600601,5.5300,5.5000,5.5100,5.3200,5.4100,228936532,1236159423.0000,97045
20250211,600602,17.2100,16.6600,18.1800,16.6200,17.0000,173050334,3005984043.0000,174920
20250211,600603,10.2200,10.2300,10.5000,10.1100,10.2400,7626951,78717830.0000,3600
20250211,600604,4.8300,4.8400,4.8900,4.7200,4.7900,15664421,74695469.0000,16147
20250211,600605,35.9700,36.0000,39.0000,35.6000,38.1200,7073642,269845562.0000,11726
20250211,600606,1.9600,1.9700,1.9800,1.8900,1.9100,75036027,143823178.0000,20571
20250211,600608,2.8600,2.8800,2.9500,2.8400,2.9400,2608255,7531538.0000,881
20250211,600609,7.6800,7.5700,7.6700,7.3400,7.3800,53669601,398333998.0000,41156
20250211,600610,4.2700,4.3000,4.3000,4.1500,4.1900,11822500,49465001.0000,13768
20250211,600611,6.9600,6.9100,6.9200,6.7100,6.7400,75259280,508808812.0000,54795
20250211,600612,50.9900,51.0500,54.4800,51.0500,53.1900,5363334,284647695.0000,17589
20250211,600613,6.8700,6.8500,6.8900,6.7200,6.8000,5652120,38289581.0000,8154
20250211,600615,12.1900,12.2000,12.2000,11.9500,12.0600,3602000,43335188.0000,5913
20250211,600616,5.4600,5.4800,5.4900,5.3500,5.4000,10181050,54910295.0000,10245
20250211,600617,2.5000,2.5200,2.5200,2.4600,2.4900,12720520,31593327.0000,7596
20250211,600618,11.1000,10.9400,10.9400,10.4800,10.6600,27796000,295846642.0000,28076
20250211,600619,12.0800,12.0000,12.0000,11.7600,11.8500,28720400,340662671.0000,34730
20250211,600620,5.5900,5.5900,5.5900,5.4000,5.4700,5512450,30086055.0000,7367
20250211,600621,14.8500,14.8500,14.8800,14.6100,14.7900,18451550,271820315.0000,26035
20250211,600622,3.3400,3.3500,3.4000,3.2300,3.2600,55602895,181782753.0000,29516
20250211,600623,6.8800,6.9000,6.9400,6.8000,6.9400,12580199,86537394.0000,16295
20250211,600624,6.9000,7.2000,7.5900,7.0200,7.3200,106647900,777558376.0000,71306
20250211,600626,3.8700,3.8500,3.8700,3.7900,3.8500,16184307,61934407.0000,14778
20250211,600628,8.1200,8.1900,8.2200,8.0300,8.1000,17135904,138862944.0000,21966
20250211,600629,8.9900,9.0700,9.2600,8.8000,8.8300,43100315,387675222.0000,34058
20250211,600630,9.4400,9.4600,9.5300,9.3200,9.5200,19093688,180025738.0000,14711
20250211,600633,14.9500,16.4500,16.4500,16.4500,16.4500,8413720,138405694.0000,4635
20250211,600635,4.0300,4.0000,4.0200,3.8900,3.9400,46915794,184581288.0000,28318
20250211,600636,8.4500,8.4500,8.5600,8.2500,8.3000,15129952,126529511.0000,20273
20250211,600637,8.3000,8.2500,8.2800,8.0300,8.1700,53535217,434666466.0000,52609
20250211,600638,5.1800,5.1800,5.2100,5.0600,5.1200,5448626,27783355.0000,7021
20250211,600639,10.8300,10.8300,10.8500,10.6600,10.7500,4604100,49393331.0000,8984
20250211,600640,13.6200,13.6600,13.7200,13.4000,13.4800,13588401,183481344.0000,27171
20250211,600641,15.6800,15.6200,15.7600,15.1800,15.1900,10844600,165864694.0000,15252
20250211,600642,8.5700,8.5900,8.7100,8.4900,8.5100,20109085,172142763.0000,26162
20250211,600643,5.1300,5.1200,5.1500,5.0100,5.0400,11174203,56388729.0000,14533
20250211,600644,6.3400,6.3800,6.3800,6.2700,6.3300,4079900,25751304.0000,6534
20250211,600645,21.7000,21.6400,21.6700,21.3000,21.4800,7171472,153848012.0000,16478
20250211,600648,11.6200,11.6200,11.6900,11.4500,11.5700,3736306,43141700.0000,8903
20250211,600649,4.3100,4.3200,4.3400,4.1800,4.2300,22004408,92821212.0000,16815
20250211,600650,15.2100,15.2100,15.2400,14.8100,14.9100,12450084,185869794.0000,22441
20250211,600651,4.3200,4.3200,4.3500,4.2300,4.2600,21721600,92700901.0000,19717
20250211,600653,2.2400,2.2400,2.2600,2.1800,2.2000,42569247,93721985.0000,14426
20250211,600654,3.6400,3.7000,3.8300,3.6400,3.6500,256901189,955080394.0000,123772
20250211,600655,5.7500,5.7500,5.8300,5.7200,5.7800,20878603,120492318.0000,17995
20250211,600657,4.6000,4.6000,4.6100,4.4600,4.5400,31002953,139818865.0000,21129
20250211,600658,4.4000,4.4200,4.4700,4.2700,4.4600,19284000,83953507.0000,13880
20250211,600660,58.3500,58.3600,58.4800,57.0100,57.2000,13604866,784018050.0000,43734
20250211,600661,11.7200,11.7400,11.9000,11.5000,11.6400,10900901,127275428.0000,16416
20250211,600662,5.3400,5.3800,5.4600,5.2800,5.4500,14051281,75614967.0000,19169
20250211,600663,9.1400,9.2000,9.2000,8.9600,9.0800,6375680,57605037.0000,13283
20250211,600664,3.9100,3.9100,3.9100,3.8000,3.8500,77742250,298285414.0000,39054
20250211,600665,3.0300,3.0500,3.0800,2.9300,2.9500,16278468,48253517.0000,11475
20250211,600666,2.7600,3.0400,3.0400,2.8000,3.0400,473128730,1410674764.0000,102670
20250211,600667,7.1600,7.1300,7.1700,7.0500,7.0800,30590009,216459144.0000,29017
20250211,600668,10.2100,10.1900,10.2300,10.1400,10.1700,1907057,19416740.0000,3343
20250211,600671,10.0000,9.8900,10.1000,9.7800,9.8600,1189057,11784655.0000,686
20250211,600673,11.0800,11.0100,11.4600,10.9100,11.3500,50184235,561553505.0000,47088
20250211,600674,15.5200,15.5200,15.6700,15.5000,15.6100,18887982,294650995.0000,27017
20250211,600675,2.8000,2.8100,2.8300,2.7300,2.7500,19769728,54432405.0000,11272
20250211,600676,4.5700,4.5800,4.7200,4.4600,4.6000,24988334,114019322.0000,18714
20250211,600678,6.8000,6.8000,6.8400,6.6300,6.6900,14053753,93704800.0000,15000
20250211,600679,13.2200,13.2500,13.2500,12.8900,13.2000,15900650,207750996.0000,21355
20250211,600681,3.3500,3.3500,3.3600,3.3200,3.3600,7081020,23674583.0000,5042
20250211,600682,6.8100,6.8200,6.8600,6.6700,6.7500,10624301,71521466.0000,15359
20250211,600683,3.9500,3.9600,3.9800,3.8500,3.8800,9340200,36201932.0000,9183
20250211,600684,3.3700,3.3800,3.4000,3.2900,3.3100,9861822,32749200.0000,8698
20250211,600685,23.6700,23.6000,23.6100,23.2000,23.2800,7459840,174196694.0000,13983
20250211,600686,15.0700,15.0500,15.1700,14.5600,14.6300,40659401,599026525.0000,44484
20250211,600688,3.0100,3.0200,3.1000,3.0000,3.0900,61695291,189174918.0000,35310
20250211,600689,11.0700,11.0000,11.8200,10.9500,11.6100,14917824,170700337.0000,18091
20250211,600690,27.1000,27.2900,27.4900,26.9100,26.9800,34927228,947171859.0000,54777
20250211,600691,2.2200,2.2300,2.2300,2.1600,2.2000,13883700,30292824.0000,6260
20250211,600692,9.1900,9.2000,9.3800,8.8300,8.9500,11652593,104277500.0000,11689
20250211,600693,6.1600,6.1600,6.2000,6.0000,6.0200,65945800,399737061.0000,47165
20250211,600694,27.1500,27.3800,27.3800,25.7900,25.9900,8231982,217759448.0000,21766
20250211,600696,9.9600,10.0500,10.4200,9.5100,9.5600,22331400,217113078.0000,33226
20250211,600697,11.6700,11.7500,11.7500,11.4000,11.4800,4051399,46604357.0000,7860
20250211,600698,5.8600,6.0500,6.4500,5.8500,5.8700,115100905,714378606.0000,61898
20250211,600699,19.6400,19.5600,19.6800,19.1800,19.3000,40852231,791444948.0000,62048
20250211,600702,55.7700,55.7500,56.2000,54.5500,54.7100,5149877,282722685.0000,16198
20250211,600703,12.1800,12.1800,12.2000,11.9800,12.0600,31979038,385632661.0000,35227
20250211,600704,4.9400,4.9600,4.9700,4.9000,4.9600,41255054,203672357.0000,28767
20250211,600705,3.6100,3.5900,3.6100,3.5300,3.5500,77299300,274192885.0000,29738
20250211,600706,9.8100,9.7800,9.9900,9.6000,9.7000,8989900,87175609.0000,17349
20250211,600707,8.3400,8.3300,8.3800,8.2000,8.2400,35063227,290201912.0000,27707
20250211,600708,3.7200,3.7200,3.7200,3.3800,3.4100,70088041,243297089.0000,20352
20250211,600710,9.1400,9.1200,9.3500,9.1200,9.2300,16277524,149881041.0000,28292
20250211,600711,4.9500,4.9600,5.0700,4.9300,5.0100,61639565,309044414.0000,16489
20250211,600712,6.0800,6.1000,6.1400,5.9100,5.9500,14874701,88644395.0000,12570
20250211,600713,4.9800,4.9900,4.9900,4.9200,4.9400,9671900,47775564.0000,9957
20250211,600714,10.4900,10.4800,10.5000,10.3000,10.3300,11505725,119333622.0000,10679
20250211,600715,2.1100,2.1000,2.1500,2.0900,2.1100,22519100,47659266.0000,2675
20250211,600716,3.4800,3.4800,3.5200,3.3700,3.4100,9591900,32688001.0000,7887
20250211,600717,4.6600,4.6800,4.6900,4.6300,4.6600,16380204,76249859.0000,14906
20250211,600718,11.1200,11.1200,11.5600,10.8800,11.2200,78257784,884820815.0000,75935
20250211,600719,6.5600,6.5800,6.6100,6.4200,6.4600,8609400,55635687.0000,7097
20250211,600720,8.6100,8.6400,8.6400,8.5000,8.5600,4885804,41709089.0000,7990
20250211,600721,6.9900,6.9500,6.9900,6.8200,6.8700,12941394,89020288.0000,16494
20250211,600722,5.8400,5.8100,5.8500,5.6700,5.7100,24426000,140217561.0000,13460
20250211,600724,5.1800,5.1700,5.1900,5.0300,5.1000,15907435,80792924.0000,11708
20250211,600725,3.2200,3.2200,3.2400,3.1500,3.1700,24842739,78755494.0000,11542
20250211,600726,2.2500,2.2400,2.2500,2.2000,2.2200,19808784,43965115.0000,5709
20250211,600727,7.4600,7.4500,7.4500,7.3500,7.4100,8255000,60962400.0000,9586
20250211,600728,5.2000,5.1900,5.2300,5.0800,5.1600,66639787,343302118.0000,56580
20250211,600729,28.9700,29.0000,29.2900,28.6200,28.8300,2469300,71403116.0000,8736
20250211,600730,6.9600,6.9600,6.9700,6.7900,6.9100,20780604,142635959.0000,21446
20250211,600731,6.1100,6.1400,6.2000,6.0800,6.2000,7143371,43961612.0000,10733
20250211,600732,12.8000,12.7000,12.8000,11.8300,12.0400,90707395,1096914820.0000,78510
20250211,600733,9.1300,9.0600,9.0800,8.8200,8.8500,190742184,1699375367.0000,119651
20250211,600734,4.2800,4.2600,4.2700,4.1000,4.1100,120483011,501233280.0000,50165
20250211,600735,4.9500,4.8600,4.9500,4.7400,4.7800,36282177,173919433.0000,20203
20250211,600736,5.5700,5.5900,5.9400,5.4500,5.7700,49256507,279894859.0000,31343
20250211,600737,9.5500,9.5900,9.7400,9.5400,9.7400,26502792,256247658.0000,23099
20250211,600738,4.8700,4.9000,4.9100,4.7400,4.8000,24621310,117811396.0000,22144
20250211,600739,10.1800,10.6500,11.2000,10.5100,11.2000,45151682,493655704.0000,34809
20250211,600740,3.8500,3.8400,3.8600,3.7800,3.8400,14205324,54138579.0000,11159
20250211,600741,18.1300,18.1800,18.1800,17.5000,17.6500,20640972,365290867.0000,39216
20250211,600742,9.1600,9.1200,9.1800,9.0700,9.1100,6229894,56794730.0000,12281
20250211,600743,2.0500,2.0500,2.0800,2.0000,2.0100,32316416,65253539.0000,11292
20250211,600744,3.0800,3.0800,3.0900,3.0200,3.0400,18207786,55346638.0000,8425
20250211,600745,36.0000,35.9900,36.0500,35.3000,35.6200,19668811,700675395.0000,40820
20250211,600746,7.1700,7.2300,7.5000,7.1500,7.4700,11688539,85847847.0000,12660
20250211,600748,3.4800,3.4900,3.5000,3.3700,3.3900,10243431,34869787.0000,8656
20250211,600749,10.9200,10.9000,10.9500,10.7700,10.8800,4114700,44608977.0000,5683
20250211,600750,22.1800,22.1600,22.5300,22.0700,22.4300,6798629,152058485.0000,19821
20250211,600751,2.6200,2.6300,2.6400,2.5600,2.5900,29192188,75453070.0000,18273
20250211,600753,5.8200,5.8800,5.9100,5.5900,5.6600,5395209,30530932.0000,4734
20250211,600754,26.1600,26.3700,26.4000,25.7000,25.9100,7372960,190853085.0000,15462
20250211,600755,6.3600,6.3600,6.4000,6.3100,6.3800,14643758,93101111.0000,10114
20250211,600756,17.6300,17.3600,18.0000,16.9200,17.3000,53612863,934353117.0000,64858
20250211,600757,8.9300,8.9300,9.1800,8.8700,9.1400,16264711,146650913.0000,25965
20250211,600758,3.6100,3.6000,3.6500,3.5700,3.6400,16254061,58757109.0000,15483
20250211,600759,2.2500,2.2600,2.2700,2.2100,2.2300,88678290,197976674.0000,23704
20250211,600760,48.1800,48.0100,48.0100,47.1100,47.2000,11556823,549179485.0000,28507
20250211,600761,17.2800,17.2500,17.9400,17.2400,17.5500,21814410,383338410.0000,32450
20250211,600763,44.2000,44.2100,44.2100,42.7400,42.9700,8194135,353355983.0000,22625
20250211,600764,27.1800,27.0000,27.1600,26.0300,26.2600,6110700,161415569.0000,14724
20250211,600765,18.7200,18.7100,18.7400,18.2500,18.3100,23113990,424851821.0000,34846
20250211,600768,9.4800,9.4800,9.5200,9.4000,9.4900,1828803,17323225.0000,2932
20250211,600769,9.9100,9.9100,9.9900,9.7200,9.9300,5026801,49509348.0000,7162
20250211,600770,4.5700,4.5700,4.5800,4.4300,4.4700,20744300,92774899.0000,20460
20250211,600771,18.1000,18.1000,18.1000,17.7700,17.9100,5223910,93339374.0000,10722
20250211,600773,10.8300,10.8100,11.0000,10.6300,10.7100,7981000,85439355.0000,9525
20250211,600774,7.5600,7.5800,7.6100,7.4500,7.5200,3016716,22604383.0000,5797
20250211,600775,10.5000,10.3000,10.3400,10.1100,10.2200,30561499,312107539.0000,36428
20250211,600776,11.6900,11.6600,12.2000,11.5100,11.9100,29240303,346596223.0000,41014
20250211,600777,2.6800,2.7000,2.7600,2.7000,2.7100,74701831,203495392.0000,5230
20250211,600778,6.9200,6.9800,7.0500,6.7000,6.7200,30735200,208467855.0000,20451
20250211,600779,47.5400,47.4500,47.8800,46.0700,46.4000,4746152,220850548.0000,14481
20250211,600780,5.4100,5.4100,5.4200,5.2900,5.3600,9719400,51880301.0000,9827
20250211,600782,3.8000,3.8000,3.8200,3.7200,3.8100,49897840,188385119.0000,30363
20250211,600783,12.6400,12.6400,12.6800,12.3800,12.5300,4093472,51094827.0000,7362
20250211,600784,6.0500,6.0300,6.0800,5.9900,6.0200,6766933,40761229.0000,7492
20250211,600785,12.8500,12.9000,12.9000,11.9900,12.1500,39489523,487047914.0000,45993
20250211,600787,6.2000,6.2500,6.4500,6.1800,6.3000,77713437,490648176.0000,64792
20250211,600789,10.2700,10.2000,10.2100,9.9300,10.0000,115368934,1157186783.0000,86902
20250211,600790,3.6500,3.6500,3.6600,3.6100,3.6300,11448735,41514023.0000,9519
20250211,600791,4.2800,4.3000,4.3200,4.2000,4.2500,4986700,21133468.0000,4902
20250211,600792,3.3300,3.3300,3.3500,3.2700,3.2800,7878700,25892743.0000,5322
20250211,600793,20.1600,20.2800,21.0000,19.8300,20.4300,13104043,267310701.0000,29602
20250211,600794,3.5700,3.5800,3.5800,3.5200,3.5300,8232169,29079607.0000,5612
20250211,600795,4.1600,4.1700,4.1800,4.1100,4.1300,117029994,484196500.0000,35413
20250211,600796,5.9000,5.9300,5.9400,5.7900,5.8600,8873600,51764511.0000,9150
20250211,600797,8.4000,8.4000,9.0000,8.1000,8.1600,202255258,1697673793.0000,121401
20250211,600798,3.0100,3.0100,3.0200,2.9800,3.0100,7400100,22213284.0000,5653
20250211,600800,3.0600,3.0800,3.1000,3.0000,3.0600,16626000,50524229.0000,17338
20250211,600801,12.2800,12.3000,12.3900,12.1800,12.2600,5928200,72702502.0000,11263
20250211,600802,4.1000,4.1000,4.1900,4.0200,4.1700,8181580,33698897.0000,7331
20250211,600803,19.0600,19.0600,19.3000,19.0400,19.1400,6899353,132133160.0000,18539
20250211,600804,1.8500,1.8600,1.8800,1.7700,1.7900,48396700,87871714.0000,4917
20250211,600805,4.4600,4.4700,4.5000,4.3900,4.4200,7103210,31426064.0000,8776
20250211,600807,3.1700,3.2200,3.2500,3.1000,3.1300,62563153,197405428.0000,27856
20250211,600808,3.3700,3.3700,3.4000,3.1800,3.1900,148211532,479887499.0000,43828
20250211,600809,176.3900,176.3900,178.2000,174.7300,175.0000,4137082,728898578.0000,24227
20250211,600810,7.4000,7.4000,7.4200,7.2800,7.4000,5278843,38747703.0000,7210
20250211,600811,2.0200,2.0200,2.0300,1.9400,1.9500,196653388,385036265.0000,46300
20250211,600812,6.3500,6.3500,6.3700,6.1100,6.1800,84319063,523282062.0000,67285
20250211,600814,7.9200,8.1600,8.2700,8.0100,8.0300,43441778,353286252.0000,43676
20250211,600815,2.6400,2.6400,2.6800,2.6000,2.6300,14867900,38875937.0000,9687
20250211,600816,3.4000,3.4000,3.4100,3.2900,3.3100,48216927,160336746.0000,20976
20250211,600817,11.8300,11.8500,12.2200,11.7800,12.0700,6145600,73895285.0000,10550
20250211,600818,11.4900,11.6200,11.6300,11.2500,11.3300,4332500,49082644.0000,8177
20250211,600819,5.6500,5.6700,5.7000,5.5600,5.6500,8157300,45801587.0000,10240
20250211,600820,6.3700,6.3900,6.4300,6.3600,6.4100,27371194,175016026.0000,23298
20250211,600821,5.7300,5.7000,5.7300,5.4900,5.5700,61020082,339453573.0000,25789
20250211,600822,10.0200,10.0200,10.0900,9.9200,9.9900,6649700,66464477.0000,8547
20250211,600824,4.8400,4.9500,4.9500,4.8200,4.8500,86013135,419089057.0000,38716
20250211,600825,6.6500,6.6800,6.7200,6.4900,6.6800,30931960,204250011.0000,26114
20250211,600826,8.6700,8.6600,8.7000,8.4000,8.4600,16918180,143726861.0000,29036
20250211,600827,9.9500,10.0600,10.1400,9.9600,10.1200,20753347,208764479.0000,24720
20250211,600828,3.6900,3.7100,3.7200,3.6000,3.6400,13303149,48324574.0000,16605
20250211,600829,7.7700,7.7700,7.7800,7.5700,7.7000,9585300,73443553.0000,15016
20250211,600830,10.2600,10.2800,10.2800,10.0000,10.0200,12372410,124382688.0000,15062
20250211,600831,2.6700,2.6600,2.6800,2.6100,2.6700,5265016,13881777.0000,1153
20250211,600833,13.4100,13.4700,13.4700,13.1700,13.2100,4949050,65481526.0000,5739
20250211,600834,8.3300,8.3000,8.3700,8.1700,8.2300,3722507,30637098.0000,5742
20250211,600835,18.2200,18.3400,18.3400,17.8900,17.9600,12713431,229055273.0000,21800
20250211,600837,10.4100,10.4100,10.4100,10.4100,10.4100,0,0.0000,0
20250211,600838,8.8300,8.6200,8.8300,8.6100,8.6900,15994086,139119592.0000,14768
20250211,600839,11.5700,11.8800,12.0000,11.0100,11.1000,926127840,10633048073.0000,793995
20250211,600841,5.0200,5.0300,5.3300,4.8900,5.0000,22280500,112108127.0000,21178
20250211,600843,12.4200,12.4300,12.8000,12.1800,12.3000,47583201,591535228.0000,66448
20250211,600844,2.6800,2.6900,2.7000,2.6100,2.6300,9985800,26314033.0000,7118
20250211,600845,30.6300,30.6000,31.1600,30.3500,30.6300,29406659,903380535.0000,54514
20250211,600846,8.9700,8.8700,9.1300,8.7200,9.0500,30653332,274741666.0000,27247
20250211,600847,9.0200,9.1200,9.1200,8.7500,8.8800,2179500,19330419.0000,2961
20250211,600848,9.9100,9.9400,9.9900,9.6900,9.7600,5437634,53045830.0000,12236
20250211,600850,24.5300,24.4600,25.4500,24.0600,24.9900,23353841,579503732.0000,43139
20250211,600851,6.6600,6.6200,6.6500,6.4700,6.4800,13400700,87099203.0000,11470
20250211,600853,3.8000,3.7900,3.8200,3.7100,3.7500,20427125,76467593.0000,15324
20250211,600854,4.7800,4.8000,4.8000,4.7000,4.7700,7351795,34816469.0000,9417
20250211,600855,11.5100,11.4200,11.4900,11.3100,11.3600,7923600,90197187.0000,16873
20250211,600857,8.7200,8.8200,8.8800,8.5000,8.6500,6837800,59297042.0000,8253
20250211,600858,5.5000,5.4800,5.4800,5.3200,5.3700,28453300,152569525.0000,12381
20250211,600859,13.6400,13.6900,13.6900,13.4700,13.5300,16862391,228132926.0000,16589
20250211,600860,10.4300,10.3800,10.7300,10.2800,10.6500,11343200,119882025.0000,12499
20250211,600861,18.6800,18.7700,18.8700,18.2700,18.3400,2682402,49398617.0000,11213
20250211,600862,24.9300,24.9000,24.9000,24.4900,24.6300,7385236,181977846.0000,16477
20250211,600863,4.1300,4.1300,4.1300,4.1300,4.1300,0,0.0000,0
20250211,600864,6.6900,6.6800,6.7000,6.5600,6.6400,39703660,262906686.0000,26197
20250211,600865,9.2000,9.2500,9.3300,9.0100,9.0800,13569523,123447630.0000,19246
20250211,600866,6.6800,6.6800,6.7200,6.6200,6.7000,17664406,117691755.0000,21133
20250211,600867,7.8400,7.8600,7.8800,7.6900,7.7200,11703982,90505487.0000,14001
20250211,600868,2.8200,2.8200,2.8300,2.7400,2.7800,71066110,196657932.0000,20667
20250211,600869,4.5900,4.5700,4.5900,4.5000,4.5600,23953958,108592170.0000,23021
20250211,600871,1.9900,2.0000,2.0000,1.9600,1.9700,57987596,114472401.0000,20071
20250211,600872,21.2200,21.2200,21.3300,20.6700,20.7300,12099602,252020818.0000,24817
20250211,600873,9.8900,9.9000,10.1100,9.8200,10.0800,23935584,239302355.0000,29336
20250211,600874,5.7800,5.7700,5.8700,5.7600,5.8000,12675544,73565090.0000,17090
20250211,600875,15.0100,15.0100,15.0500,14.8500,14.9100,12864384,192135698.0000,23387
20250211,600876,9.3100,9.3100,9.3500,9.2200,9.2700,1470200,13624389.0000,3752
20250211,600877,13.3300,13.3700,13.3800,13.1300,13.1600,10017182,132314101.0000,16026
20250211,600879,8.8900,8.8600,9.1300,8.7800,8.9600,52760228,473928923.0000,44845
20250211,600880,5.0400,5.0400,5.2800,4.9600,5.1600,82868959,423866119.0000,50839
20250211,600881,1.9800,1.9700,1.9800,1.8900,1.9200,186709566,359562258.0000,35324
20250211,600882,17.8700,17.8900,17.9800,17.4600,17.6900,4707464,83049646.0000,10590
20250211,600883,7.1000,7.0900,7.1400,6.9700,7.0100,3111800,21829560.0000,4409
20250211,600884,7.3600,7.3200,7.3400,7.1500,7.2300,24462698,176084262.0000,23107
20250211,600885,33.2200,33.2000,33.3400,32.7700,33.0800,6961111,229687590.0000,22565
20250211,600886,14.1600,14.1700,14.2300,14.0600,14.1200,33088586,467312552.0000,39494
20250211,600887,27.1300,27.1500,27.2100,26.8800,26.9500,35131073,947584880.0000,59211
20250211,600888,7.0500,7.0500,7.0500,6.9800,7.0300,9690890,68012084.0000,11484
20250211,600889,19.9500,19.7200,20.6600,19.6800,19.7900,39155104,784571754.0000,60802
20250211,600892,3.4500,3.5000,3.5200,3.3100,3.3600,29486400,98938594.0000,20139
20250211,600893,38.7800,38.7800,38.8700,38.0000,38.2800,12726121,486746999.0000,25957
20250211,600894,12.1800,12.1900,12.3100,12.0300,12.1400,11678360,142139058.0000,17795
20250211,600895,26.7000,26.7100,26.7500,26.2000,26.2900,25419430,670634879.0000,44661
20250211,600897,14.5700,14.5800,14.5900,14.4800,14.5500,1559026,22663391.0000,4526
20250211,600900,27.9100,27.9800,27.9800,27.7000,27.9000,90138630,2507433419.0000,103470
20250211,600901,5.1500,5.1500,5.2000,5.1300,5.1500,36405060,187936231.0000,29051
20250211,600903,6.7100,6.7000,6.7100,6.6200,6.6800,7615520,50722229.0000,8313
20250211,600905,4.2700,4.2700,4.2700,4.2300,4.2500,73308459,311198389.0000,30601
20250211,600906,6.9500,6.9300,6.9700,6.8300,6.9100,17160616,118174334.0000,16273
20250211,600908,5.7100,5.7200,5.8000,5.7200,5.7900,20211269,116440574.0000,16492
20250211,600909,5.8600,5.8700,5.8800,5.7600,5.8300,32526395,188815979.0000,24451
20250211,600916,8.6400,8.6800,9.5000,8.6700,9.4900,137380871,1273211131.0000,93312
20250211,600917,5.8700,5.8800,5.9000,5.8400,5.8900,2714457,15951757.0000,3535
20250211,600918,6.4900,6.4900,6.5000,6.4000,6.4500,16840599,108429375.0000,18275
20250211,600919,9.5200,9.5200,9.6100,9.5000,9.5600,85067672,812463545.0000,45426
20250211,600925,5.0700,5.0800,5.1000,5.0700,5.0900,10542753,53586910.0000,10405
20250211,600926,14.6600,14.6500,14.7900,14.6500,14.7500,35627391,524704686.0000,37968
20250211,600927,13.0600,13.0900,13.0900,12.8600,12.9700,2671828,34582902.0000,7381
20250211,600928,3.5500,3.5400,3.5700,3.5300,3.5600,18492645,65674157.0000,12166
20250211,600929,5.4000,5.4100,5.4200,5.3500,5.4100,8741200,47084306.0000,9793
20250211,600933,18.5000,17.8000,17.9800,17.3600,17.7000,25158164,444099023.0000,33487
20250211,600935,2.4500,2.4700,2.4700,2.4100,2.4300,12655600,30700685.0000,7361
20250211,600936,3.4800,3.4500,3.4700,3.3900,3.4300,24858600,85187869.0000,22856
20250211,600938,27.0500,27.1500,27.5300,27.1500,27.5000,49511355,1357647517.0000,66887
20250211,600939,2.9400,2.9300,2.9800,2.8600,2.8900,13090511,37786697.0000,7509
20250211,600941,110.0000,109.7700,111.6700,109.0000,109.7900,17838833,1968890625.0000,65671
20250211,600955,14.3000,14.2600,14.5800,14.2400,14.4900,1997094,28803187.0000,3923
20250211,600956,7.5300,7.5300,7.5500,7.4300,7.5000,3765700,28146302.0000,7292
20250211,600958,10.0200,10.0200,10.0300,9.8600,9.9500,36153487,358913011.0000,40318
20250211,600959,3.3900,3.3900,3.4100,3.3300,3.4000,51509633,173470853.0000,27472
20250211,600960,3.4200,3.4300,3.4400,3.3500,3.3900,9533100,32228291.0000,11134
20250211,600961,8.5100,8.5200,8.6900,8.5200,8.5600,17346135,149142722.0000,19026
20250211,600962,13.6900,13.6800,13.8900,13.4000,13.5000,2720299,36896709.0000,3849
20250211,600963,5.0200,5.0600,5.1300,4.9700,5.0400,23596263,119512896.0000,18180
20250211,600965,4.2700,4.2600,4.3100,4.1900,4.2500,8057643,34085843.0000,7861
20250211,600966,4.8600,4.8700,4.9100,4.7500,4.8300,9229600,44346186.0000,10092
20250211,600967,10.1900,10.1000,10.2700,9.9600,10.0500,43258607,436736180.0000,48538
20250211,600968,4.0000,4.0100,4.1000,4.0000,4.0800,75646330,307271762.0000,36643
20250211,600969,6.1700,6.1800,6.1900,6.0700,6.1200,5099340,31179043.0000,6264
20250211,600970,9.3500,9.3700,9.3700,9.2600,9.3400,11093600,103175600.0000,13558
20250211,600971,8.8000,8.8100,8.8400,8.7400,8.8200,5342947,46970240.0000,7275
20250211,600973,4.8700,4.9000,5.0000,4.8700,4.9600,97482008,481572184.0000,56320
20250211,600975,5.9600,5.9300,5.9700,5.8700,5.8800,19498966,114932288.0000,8956
20250211,600976,42.6400,42.6600,42.7000,41.9000,41.9100,1385100,58325133.0000,4281
20250211,600977,11.1000,11.1400,11.1700,10.9200,11.1500,27922733,308699553.0000,32969
20250211,600979,5.1400,5.1800,5.6500,5.1600,5.2800,258675528,1397638010.0000,124626
20250211,600980,16.1100,16.1200,16.1200,15.9500,16.0200,1934465,30998782.0000,4630
20250211,600981,2.6800,2.6600,2.6700,2.5900,2.6100,31682800,82791764.0000,11780
20250211,600982,4.1200,4.1400,4.1600,4.0800,4.1500,23074600,94968622.0000,15874
20250211,600983,9.4600,9.4600,9.5400,9.4100,9.5000,5128116,48628672.0000,9764
20250211,600984,3.4000,3.4100,3.4100,3.3200,3.3400,11203067,37424859.0000,10537
20250211,600985,13.5600,13.5600,13.6600,13.5200,13.5700,17623286,239272957.0000,17088
20250211,600986,8.1300,8.4000,8.4000,7.7400,7.7800,281604691,2247862494.0000,167476
20250211,600987,6.9000,6.9100,6.9900,6.8400,6.9800,12309760,85280085.0000,14244
20250211,600988,19.7900,20.1500,20.9800,20.1000,20.1700,99636832,2036935486.0000,119528
20250211,600989,16.5200,16.5200,16.8200,16.4300,16.8100,25703040,428284302.0000,48204
20250211,600990,24.4800,24.3100,24.3100,23.3900,23.5300,8649945,204860506.0000,18017
20250211,600992,14.3700,14.3100,14.3700,14.1000,14.1800,4825500,68543312.0000,7883
20250211,600993,25.4200,25.3700,25.4100,25.0000,25.3100,6203275,156217571.0000,15782
20250211,600995,9.9700,9.9800,10.0200,9.9000,10.0000,7770753,77386285.0000,13842
20250211,600996,9.2500,9.2000,9.3300,8.9000,9.0800,31598503,286532823.0000,40168
20250211,600997,6.6700,6.6900,6.8900,6.6600,6.6800,9519200,64318784.0000,11381
20250211,600998,5.0300,5.0300,5.0600,4.9900,5.0500,19575304,98393927.0000,18828
20250211,600999,18.5800,18.5700,18.5900,18.3100,18.4600,15303562,282183201.0000,31193
20250211,601000,4.3400,4.3400,4.4100,4.3300,4.3300,53520198,233767135.0000,20725
20250211,601001,12.8800,12.8600,13.0300,12.7100,12.7500,10993200,140656418.0000,15589
20250211,601002,4.5600,4.5600,4.5800,4.4700,4.5300,7950807,35864629.0000,11644
20250211,601003,3.1000,3.0200,3.1500,2.9300,2.9700,49368897,148029109.0000,17976
20250211,601005,1.4400,1.4400,1.4500,1.4000,1.4000,106023201,149625115.0000,13683
20250211,601006,6.5800,6.5700,6.7100,6.5600,6.6600,100866889,671287990.0000,51204
20250211,601007,6.8500,6.8600,6.8700,6.7600,6.8300,5209700,35440396.0000,7943
20250211,601008,3.7800,3.7800,3.8200,3.7700,3.8000,9876080,37468635.0000,7359
20250211,601009,10.5000,10.5100,10.6400,10.5100,10.6000,35717134,378401010.0000,37307
20250211,601010,2.8100,2.8300,2.9600,2.7500,2.8800,117843100,335141176.0000,34680
20250211,601011,2.7300,2.7300,2.7400,2.6600,2.6900,51539100,138232282.0000,13596
20250211,601012,16.0300,16.0800,16.1400,15.5800,15.6800,98180582,1543449901.0000,105054
20250211,601015,3.1700,3.1700,3.1900,3.0800,3.1400,14376623,44874870.0000,11243
20250211,601016,3.0900,3.0900,3.1000,3.0600,3.0900,42504537,130901587.0000,20856
20250211,601018,3.6400,3.6400,3.6600,3.6200,3.6300,23030621,83811605.0000,18465
20250211,601019,11.0500,11.0900,11.3700,11.0300,11.3100,8241733,92633919.0000,19170
20250211,601020,14.0200,14.2000,14.4800,14.1100,14.2300,47695280,681221207.0000,49668
20250211,601021,52.0300,52.0500,52.1000,50.0900,50.8700,8355647,423673391.0000,26719
20250211,601022,7.9500,7.9200,7.9800,7.9100,7.9300,6764100,53725565.0000,10288
20250211,601028,13.5000,13.6500,13.9100,13.5200,13.5600,28720200,393879392.0000,27324
20250211,601033,13.7500,13.7500,13.8700,13.6700,13.8300,3798662,52295686.0000,5764
20250211,601038,14.3800,14.3300,14.3800,14.1800,14.2700,7007001,99913749.0000,9298
20250211,601058,15.5500,15.4700,15.8900,15.4300,15.7000,46741171,734687240.0000,47225
20250211,601059,14.0600,14.0500,14.0600,13.8100,13.9200,14566500,202470778.0000,20724
20250211,601061,7.3900,7.3900,7.4300,7.3600,7.3800,11976528,88534677.0000,16448
20250211,601065,8.7700,8.7800,8.7800,8.7100,8.7600,4219600,36912948.0000,4239
20250211,601066,24.8700,24.8900,24.9200,24.4700,24.6500,11253600,276903381.0000,20373
20250211,601068,4.3600,4.3900,4.4000,4.2400,4.3100,11177900,47922064.0000,12918
20250211,601069,13.0000,13.1900,13.3100,13.0400,13.0900,18893615,248978991.0000,26603
20250211,601077,5.8400,5.8500,5.9500,5.8400,5.9400,63030555,373051438.0000,42438
20250211,601083,9.4000,9.4400,9.4500,9.3500,9.4100,4350736,40850517.0000,8864
20250211,601086,4.9200,4.9800,4.9800,4.8000,4.8600,13961400,67731558.0000,25205
20250211,601088,38.5900,38.5400,38.9700,38.3800,38.5500,24355584,940113918.0000,41127
20250211,601089,15.5700,15.5700,15.5900,15.4000,15.5000,1696900,26280227.0000,5290
20250211,601096,4.2700,4.2600,4.2700,4.2100,4.2600,13429937,56878604.0000,10776
20250211,601098,13.3100,13.3200,13.8800,13.2700,13.7800,18115511,246517116.0000,36238
20250211,601099,4.1600,4.1500,4.1800,4.0800,4.1300,190149057,782525163.0000,63126
20250211,601100,65.1500,64.1900,66.3000,64.1500,66.0700,9852556,646257736.0000,33118
20250211,601101,7.7400,7.7500,7.7900,7.6500,7.6800,7058201,54299173.0000,11666
20250211,601106,2.7600,2.7800,2.7900,2.7100,2.7400,28931740,79033847.0000,16784
20250211,601107,4.9900,4.9900,5.0300,4.9700,5.0200,9924109,49698355.0000,12376
20250211,601108,7.9300,7.9400,7.9400,7.8000,7.8900,37564982,294981551.0000,26998
20250211,601111,7.2200,7.2100,7.2400,7.0400,7.0700,94617393,670284204.0000,59124
20250211,601113,4.0100,4.0100,4.0300,3.9500,4.0300,21380001,85253524.0000,15184
20250211,601116,10.3400,10.5000,10.8000,10.2200,10.6300,16993384,178271663.0000,24476
20250211,601117,7.4700,7.4800,7.4900,7.4000,7.4500,33799233,251394527.0000,27716
20250211,601118,5.2700,5.2900,5.3400,5.2600,5.3000,23674696,125729125.0000,21315
20250211,601121,6.3300,6.4000,6.4400,6.3400,6.3700,8204200,52328890.0000,7173
20250211,601126,15.9700,15.9800,16.0500,15.6800,15.8400,9708018,153488097.0000,19695
20250211,601127,132.7700,130.8900,132.5000,125.0000,125.2000,53430034,6790497296.0000,194436
20250211,601128,7.2800,7.2800,7.3900,7.2800,7.3000,36106478,264337366.0000,26449
20250211,601133,11.5700,11.5700,11.6400,11.4200,11.5200,3820089,43930867.0000,6948
20250211,601136,20.6100,20.6200,20.6300,20.2700,20.4500,19011404,388345426.0000,31342
20250211,601137,20.3000,20.3500,21.2600,20.0600,21.1900,46319038,967184644.0000,67816
20250211,601138,21.7200,21.8000,22.2200,21.7300,21.7700,153306095,3363606157.0000,192129
20250211,601139,6.6500,6.6500,6.6700,6.6100,6.6400,11160390,74061851.0000,10507
20250211,601155,11.7500,11.7600,11.7900,11.4000,11.4200,13827905,159013751.0000,19523
20250211,601156,14.9300,14.9400,14.9900,14.7000,14.8800,24717015,366497448.0000,30263
20250211,601158,4.6900,4.7000,4.7900,4.6500,4.7000,12388834,58277967.0000,11228
20250211,601162,4.4000,4.4000,4.4100,4.2900,4.3400,249797317,1081810066.0000,102008
20250211,601163,15.1500,15.1300,15.3800,15.0700,15.2700,4993600,75980843.0000,9544
20250211,601166,20.3500,20.3600,20.5400,20.2900,20.3500,43490163,886753997.0000,51913
20250211,601168,17.6600,17.7500,17.9700,17.6100,17.7800,36268574,645244964.0000,46261
20250211,601169,5.8700,5.8800,5.9500,5.8800,5.9500,74858933,443435548.0000,39073
20250211,601177,9.1800,9.1700,9.4800,9.1100,9.2700,7460700,69121030.0000,11254
20250211,601179,7.1400,7.1400,7.1700,7.0700,7.1100,30779100,218858188.0000,32109
20250211,601186,8.5700,8.5700,8.5800,8.4600,8.5100,35052882,298141436.0000,31533
20250211,601187,5.4900,5.4900,5.6300,5.4800,5.6000,20872528,116252036.0000,15994
20250211,601188,3.4800,3.4800,3.4800,3.4000,3.4300,17932731,61451778.0000,12141
20250211,601198,11.1900,11.1500,11.2000,10.9800,11.1200,36428744,403870668.0000,34392
20250211,601199,5.3300,5.3400,5.3600,5.2900,5.3400,4146300,22079950.0000,5335
20250211,601200,7.8700,7.8900,7.8900,7.8000,7.8400,7097438,55622365.0000,12485
20250211,601208,8.2400,8.2400,8.2600,8.0700,8.1800,19158937,156053097.0000,21363
20250211,601211,17.7400,17.7100,17.7100,17.2700,17.4700,62643607,1091819365.0000,61674
20250211,601212,2.9000,2.9200,2.9400,2.8900,2.9000,59071500,172032786.0000,20342
20250211,601216,5.4700,5.4300,5.8400,5.3000,5.6300,271038231,1501606928.0000,101360
20250211,601218,3.1800,3.1900,3.1900,3.1300,3.1600,8393218,26431240.0000,6742
20250211,601222,6.8000,6.8200,6.8200,6.7200,6.7800,12674660,85667237.0000,18420
20250211,601225,21.2000,21.2100,21.4100,20.9400,21.2000,33542124,708109929.0000,60404
20250211,601226,6.8600,6.8800,6.9000,6.7500,6.8300,10462200,71169868.0000,15988
20250211,601228,3.2500,3.2600,3.2800,3.2300,3.2500,22037930,71651421.0000,13788
20250211,601229,9.1000,9.0500,9.2400,9.0500,9.1900,37122501,340420863.0000,30049
20250211,601231,15.8900,15.8700,16.0100,15.7600,15.8700,13939350,221426068.0000,27628
20250211,601233,12.2300,12.2300,12.3100,12.1500,12.2800,23263130,284648774.0000,21805
20250211,601236,8.2200,8.2200,8.2300,8.0700,8.1300,20451370,166072263.0000,20757
20250211,601238,9.2700,9.2900,9.3000,9.0300,9.0800,33251318,303136081.0000,39779
20250211,601279,3.8500,3.8300,3.8600,3.7600,3.8100,11725900,44496445.0000,16101
20250211,601288,5.0200,5.0200,5.1100,5.0100,5.1100,482172342,2450542461.0000,109721
20250211,601298,8.8700,8.8700,9.0500,8.8500,9.0400,11553251,103956226.0000,15744
20250211,601311,8.1900,8.1900,8.2300,8.0600,8.1200,12335272,99914577.0000,21198
20250211,601318,50.9000,51.2000,51.2400,50.3700,50.5200,38184400,1931993468.0000,65540
20250211,601319,7.0100,7.0000,7.0300,6.9400,6.9500,40839422,284809333.0000,42534
20250211,601326,3.2300,3.2300,3.2600,3.2100,3.2300,16633487,53800163.0000,11124
20250211,601328,7.1200,7.1400,7.2000,7.1300,7.1900,129636994,929777914.0000,50818
20250211,601330,6.2800,6.2900,6.3300,6.2400,6.3100,4480600,28162232.0000,6948
20250211,601333,3.2800,3.2800,3.2900,3.2500,3.2600,32064819,104683571.0000,14762
20250211,601336,48.1800,48.1100,48.2000,47.1000,47.2900,15452607,734723564.0000,31909
20250211,601339,5.3000,5.3100,5.3400,5.2700,5.3300,6519981,34617110.0000,10085
20250211,601360,14.0500,13.7000,13.7100,13.0900,13.1400,436804336,5858406385.0000,429056
20250211,601366,5.0000,5.0200,5.0300,4.9400,4.9600,6483144,32187578.0000,3055
20250211,601368,4.6800,4.6900,4.7100,4.6400,4.7000,5639200,26371523.0000,6195
20250211,601369,8.0300,8.0500,8.1500,8.0000,8.1400,12006771,97033004.0000,19437
20250211,601375,4.2000,4.1900,4.2000,4.1300,4.1700,37649800,156683821.0000,21622
20250211,601377,6.1500,6.1700,6.1700,6.0800,6.1200,33238904,203017840.0000,23782
20250211,601388,2.4400,2.4500,2.4600,2.4000,2.4200,18329100,44270305.0000,7739
20250211,601390,5.9600,5.9700,5.9800,5.8800,5.9100,59396407,350993873.0000,36761
20250211,601398,6.6700,6.6800,6.8200,6.6800,6.8200,394195410,2664073222.0000,118820
20250211,601399,3.0000,2.9900,2.9900,2.9300,2.9500,35039647,103407774.0000,25506
20250211,601456,11.5200,11.5900,11.8000,11.4700,11.6000,81135973,943709924.0000,70983
20250211,601500,5.5500,5.5800,5.7500,5.4900,5.6800,84717661,477083804.0000,44385
20250211,601512,7.6000,7.6100,7.6200,7.4800,7.4900,3462962,26046862.0000,3353
20250211,601515,3.3300,3.3300,3.3500,3.2100,3.2800,30382939,99050371.0000,20220
20250211,601518,2.7300,2.7200,2.7500,2.7200,2.7300,13168620,35981096.0000,5475
20250211,601519,9.3300,9.3000,9.4400,9.0800,9.2800,69575500,642841853.0000,65217
20250211,601528,5.4300,5.4300,5.6100,5.4300,5.5300,33138025,182467050.0000,24673
20250211,601555,7.7600,7.7700,7.8100,7.6600,7.7800,43374576,335064170.0000,33158
20250211,601566,8.2500,8.2500,8.3200,8.1800,8.2900,2883285,23824715.0000,5347
20250211,601567,28.0800,28.0800,28.2600,27.3600,28.1300,10127684,282731174.0000,24584
20250211,601568,4.1300,4.1300,4.2400,4.1100,4.1400,19767380,82230991.0000,17577
20250211,601577,8.9500,8.9500,9.0800,8.9500,9.0500,18254475,165034333.0000,19186
20250211,601579,10.5000,10.5000,10.5700,10.3700,10.4300,4579300,47862678.0000,9046
20250211,601588,1.8200,1.8200,1.8300,1.7600,1.8000,22652701,40395875.0000,6282
20250211,601595,26.9700,26.9200,28.3000,26.4900,27.5300,14232320,387169251.0000,29798
20250211,601598,5.1800,5.1900,5.2200,5.1800,5.2200,16242145,84496127.0000,16122
20250211,601599,3.8300,3.8400,4.0700,3.7600,3.9500,62392527,244262044.0000,39652
20250211,601600,7.8800,7.8600,7.9700,7.8100,7.8500,125674256,990395203.0000,66682
20250211,601601,32.3700,32.4000,32.4700,31.8900,32.1400,22270932,715969280.0000,35086
20250211,601606,12.6900,13.0600,13.5000,12.5400,12.5700,62746316,817303402.0000,69463
20250211,601607,20.1600,20.1600,20.2500,20.0200,20.1500,9157272,184497841.0000,15399
20250211,601608,4.1500,4.1400,4.1600,4.0800,4.1200,30365245,124897394.0000,26784
20250211,601609,6.1600,6.1600,6.2000,6.1100,6.1700,12765247,78515772.0000,19608
20250211,601611,8.2000,8.2000,8.2000,8.1400,8.1900,11608000,94757442.0000,11586
20250211,601615,10.9500,10.9600,11.0000,10.5800,10.6900,37576486,402094115.0000,38608
20250211,601616,4.1500,4.1700,4.1800,4.1000,4.1600,25814900,107107421.0000,21149
20250211,601618,3.1500,3.1500,3.1600,3.1100,3.1400,56030065,175330482.0000,23285
20250211,601619,3.3400,3.3400,3.3500,3.3000,3.3200,14903900,49415546.0000,12399
20250211,601628,40.2900,40.4100,40.4200,39.5800,39.7500,9352074,372915711.0000,28576
20250211,601633,25.8100,25.8100,25.9200,24.9300,25.1100,23795345,599652269.0000,53714
20250211,601636,5.8900,5.8900,5.8900,5.7400,5.7700,18935400,109646067.0000,12046
20250211,601658,5.2500,5.2600,5.3100,5.2400,5.2700,203664768,1073288463.0000,70146
20250211,601665,5.7300,5.7100,5.9200,5.6900,5.8200,52027537,301802941.0000,40100
20250211,601666,9.0400,9.0400,9.0800,9.0100,9.0300,16275846,147124238.0000,13407
20250211,601668,5.5300,5.5400,5.5500,5.4800,5.4900,173083025,952640249.0000,54961
20250211,601669,5.1400,5.1300,5.1500,5.0700,5.0900,51493108,262127203.0000,29673
20250211,601677,12.3200,12.2800,12.4200,12.2800,12.3400,14700356,181359908.0000,19769
20250211,601678,3.9100,3.9000,3.9400,3.8600,3.9300,23674583,92362837.0000,15232
20250211,601686,5.4100,5.4100,5.4600,5.3800,5.4600,2500507,13562416.0000,3098
20250211,601688,17.4600,17.4600,17.5900,17.2900,17.5200,49391566,861139735.0000,57617
20250211,601689,69.8900,68.7300,70.8000,68.1600,69.6900,35588873,2473728088.0000,84337
20250211,601696,10.8900,10.8900,10.9000,10.6800,10.8400,24742553,266620300.0000,23812
20250211,601698,21.5100,21.3800,21.7900,20.9300,21.4500,39045400,834150108.0000,61124
20250211,601699,12.7200,12.7000,12.7700,12.4500,12.5200,15723994,197360183.0000,15826
20250211,601700,4.4700,4.4800,4.4900,4.3900,4.4400,8126700,35976852.0000,8036
20250211,601702,19.3600,19.3500,19.6500,19.2300,19.4300,6806451,132399820.0000,16948
20250211,601717,12.8900,12.8600,13.1800,12.8500,13.0600,29928125,388853373.0000,32007
20250211,601718,2.6700,2.7100,2.7300,2.6600,2.7100,48104240,129574571.0000,21658
20250211,601727,8.0000,7.9900,7.9900,7.7600,7.7800,296914729,2320190860.0000,192490
20250211,601728,7.6000,7.5800,8.0700,7.5100,7.8000,471841456,3671997648.0000,214674
20250211,601766,7.4800,7.4600,7.4900,7.3700,7.4000,54665257,404821393.0000,42639
20250211,601777,7.6900,7.7700,7.7800,7.3800,7.4700,102504313,771475521.0000,51448
20250211,601778,2.7900,2.7900,2.8200,2.7500,2.7800,39550000,109768658.0000,18128
20250211,601788,17.8200,17.8100,17.8200,17.5600,17.6700,27216305,480946295.0000,30408
20250211,601789,4.8600,4.8500,5.0000,4.7300,4.8900,106034630,514065327.0000,48783
20250211,601798,6.5400,6.5400,6.5800,6.4100,6.4800,6526793,42130560.0000,8562
20250211,601799,134.2800,135.0300,137.7700,134.2900,135.4800,795032,107924503.0000,5288
20250211,601800,9.5800,9.5900,9.6000,9.4600,9.4800,26958684,255924973.0000,29622
20250211,601801,7.8800,7.8400,8.0800,7.8000,8.0600,36643509,291220485.0000,45329
20250211,601808,14.6500,14.7400,14.7500,14.6300,14.6900,6633500,97374660.0000,17585
20250211,601811,14.5800,14.5100,15.1400,14.4100,15.0300,6406966,94847231.0000,17881
20250211,601816,5.6600,5.6700,5.6800,5.5500,5.5500,139407620,779020119.0000,48245
20250211,601818,3.7500,3.7500,3.7800,3.7400,3.7500,114279742,429301210.0000,39267
20250211,601825,8.0600,8.0500,8.2200,8.0500,8.1700,27214114,221939926.0000,23598
20250211,601827,7.9600,7.9600,8.1300,7.9400,8.1000,10862200,87609318.0000,16791
20250211,601828,3.1700,3.2000,3.2200,3.1200,3.1700,24136855,76329393.0000,18499
20250211,601838,16.4600,16.5000,16.8300,16.4900,16.6700,36507973,609620700.0000,46165
20250211,601857,8.2300,8.2500,8.3500,8.2300,8.2900,147938177,1225927515.0000,67840
20250211,601858,21.4200,21.4200,21.5800,21.0900,21.4300,7504152,160026955.0000,18629
20250211,601860,2.7700,2.7800,2.7900,2.7600,2.7900,48237004,133964629.0000,15670
20250211,601865,21.4100,21.4100,21.5900,20.4000,20.5300,26695316,552946953.0000,46547
20250211,601866,2.4600,2.4600,2.4700,2.4300,2.4500,55445513,135536734.0000,21192
20250211,601868,2.2700,2.2700,2.2800,2.2500,2.2800,179766446,406979603.0000,30246
20250211,601869,39.5200,39.3900,41.1900,38.9900,39.2600,14315606,568517149.0000,39305
20250211,601872,6.9800,6.9700,7.1900,6.9400,7.1200,74000754,527880177.0000,52968
20250211,601877,21.8100,21.8000,21.8600,21.5500,21.7400,7830027,169651935.0000,19360
20250211,601878,11.8100,11.8100,11.8200,11.6100,11.6900,51213584,597898677.0000,38813
20250211,601880,1.6100,1.6200,1.6200,1.5800,1.5900,73705414,117660545.0000,12865
20250211,601881,14.4700,14.4600,14.4900,14.2000,14.2800,36806531,526021956.0000,40818
20250211,601882,21.3300,21.3300,21.3900,20.9400,21.1100,2257700,47541811.0000,6715
20250211,601886,5.5100,5.5200,5.7400,5.4900,5.6200,14939714,83954868.0000,19139
20250211,601888,62.0500,62.1000,62.3300,60.8900,60.9700,13430300,822547087.0000,37189
20250211,601890,7.8600,7.8600,7.8700,7.7800,7.8300,11289900,88253396.0000,14237
20250211,601898,11.1400,11.1600,11.2600,11.0500,11.0800,19225621,213785584.0000,30847
20250211,601899,16.8700,17.0400,17.5800,16.9200,17.2800,292526186,5070661925.0000,199942
20250211,601900,15.9900,15.9400,16.2600,15.8100,16.0400,9802713,157299601.0000,24728
20250211,601901,8.1200,8.1200,8.1300,8.0100,8.0600,37200868,299508649.0000,31003
20250211,601908,2.8600,2.8800,2.8900,2.7700,2.8100,33015687,92461522.0000,18527
20250211,601916,2.9000,2.9000,2.9200,2.8900,2.9100,98664511,286843619.0000,24700
20250211,601918,7.0800,7.0700,7.1000,6.9400,7.0000,29127740,204120290.0000,24560
20250211,601919,14.3700,14.4700,14.6900,14.4600,14.6300,104397249,1523108153.0000,80500
20250211,601921,7.8300,7.8300,8.2200,7.7500,8.0900,39913307,318931170.0000,36278
20250211,601928,11.1700,11.1300,11.4300,11.0900,11.3700,20252895,228517678.0000,31229
20250211,601929,2.1600,2.2000,2.3500,2.1100,2.2400,597660771,1320473283.0000,141608
20250211,601933,5.5700,5.6000,5.6200,5.3600,5.4000,313566134,1703212759.0000,166458
20250211,601939,8.3000,8.3100,8.5900,8.3000,8.5900,196404721,1665693985.0000,107807
20250211,601949,7.4500,7.4500,7.5000,7.2800,7.4600,24784300,183280767.0000,27521
20250211,601952,9.5600,9.5500,9.6000,9.4800,9.5900,6470650,61809592.0000,9032
20250211,601956,4.9600,4.9900,4.9900,4.9300,4.9500,5056140,25048571.0000,7225
20250211,601958,10.6300,10.6300,10.7200,10.5500,10.5800,17048148,180938768.0000,21452
20250211,601963,8.7900,8.8200,8.9700,8.7800,8.9500,11736898,104594632.0000,16082
20250211,601965,18.2400,18.2400,18.5900,18.1800,18.3000,7881922,144750709.0000,22901
20250211,601966,18.0100,18.0200,18.4600,17.7800,18.1800,16763462,303433990.0000,28262
20250211,601968,4.8000,4.8100,4.8100,4.7400,4.7900,4807200,22941543.0000,5940
20250211,601969,6.9100,6.9100,6.9400,6.8000,6.8900,9722430,66652407.0000,14756
20250211,601975,3.1700,3.1700,3.2000,3.1600,3.1800,93753724,297780391.0000,25423
20250211,601985,9.7800,9.7800,9.8600,9.7500,9.8400,87709176,860961815.0000,48148
20250211,601988,5.2700,5.2800,5.3800,5.2700,5.3800,207721547,1111412193.0000,78877
20250211,601989,4.5800,4.5800,4.5900,4.5200,4.5300,69060901,313288992.0000,32167
20250211,601990,8.6300,8.6300,8.6500,8.5000,8.5900,24920280,213350072.0000,20142
20250211,601991,2.7600,2.7700,2.7800,2.7400,2.7700,65756845,181471667.0000,21453
20250211,601992,1.7400,1.7400,1.7500,1.6900,1.7100,49282357,84106768.0000,18121
20250211,601995,32.4200,32.3300,32.4200,31.9200,32.1500,11003937,353392800.0000,22573
20250211,601996,2.1100,2.1100,2.1400,2.0600,2.0800,15234700,31735807.0000,7308
20250211,601997,5.8400,5.8500,5.8700,5.8400,5.8500,29434609,172316893.0000,15769
20250211,601998,6.4700,6.4800,6.5300,6.4600,6.4800,87650787,568591686.0000,37945
20250211,601999,6.9700,6.9900,7.0300,6.8500,7.0100,7555865,52398467.0000,11519
20250211,603000,24.1400,23.9800,24.0900,23.6800,23.8500,26970047,642986843.0000,46857
20250211,603001,5.2200,5.2300,5.2300,5.0900,5.1100,5905068,30323659.0000,8233
20250211,603002,6.1200,6.0500,6.1600,5.9700,6.0700,54079901,327398590.0000,41853
20250211,603003,5.1200,5.3500,5.3500,5.1500,5.1900,7067110,37064838.0000,2656
20250211,603004,21.4800,21.5000,22.4300,21.2000,22.3300,9678890,211768792.0000,18933
20250211,603005,31.3800,32.0000,33.7300,32.0000,32.6500,81848255,2686006637.0000,143110
20250211,603006,11.4800,11.3900,11.5500,11.3500,11.3800,1578400,18001572.0000,2628
20250211,603007,10.1600,10.2400,10.6700,10.1900,10.1900,13547110,141638052.0000,8574
20250211,603008,16.3900,16.4700,16.5900,16.3800,16.4800,4971900,82030579.0000,8940
20250211,603009,50.1900,50.2000,51.7300,49.4000,51.0500,12991199,659364346.0000,29776
20250211,603010,10.0700,10.0900,10.1200,9.9100,10.0200,1994200,19948859.0000,3620
20250211,603011,7.3400,7.3600,7.3800,7.2000,7.2700,12185500,88647398.0000,15779
20250211,603012,5.5600,5.5600,5.6000,5.5000,5.5300,15567200,86267868.0000,12098
20250211,603013,15.4000,15.4200,15.4300,15.1900,15.3800,2379432,36383341.0000,7025
20250211,603015,12.5800,12.5000,12.7400,12.3800,12.6900,38914853,491177277.0000,48481
20250211,603016,35.3600,35.5000,36.8900,35.3800,35.8800,2458800,88515927.0000,6998
20250211,603017,8.4400,8.4000,8.4600,8.3400,8.4600,2499300,20993259.0000,4920
20250211,603018,9.3200,9.3000,9.4300,9.1900,9.2700,12403848,115175704.0000,12063
20250211,603019,76.5100,76.0000,77.0000,74.2500,74.9600,86006410,6477556906.0000,242523
20250211,603020,8.3200,8.2300,8.6600,8.2300,8.6200,14931800,127686018.0000,12156
20250211,603021,4.3700,4.4000,4.4200,4.2200,4.3000,14893460,63613175.0000,13257
20250211,603022,7.9500,8.0000,8.0200,7.9100,7.9700,1823857,14515166.0000,3173
20250211,603023,2.8400,2.8300,2.8800,2.8300,2.8500,5079758,14501891.0000,945
20250211,603025,15.5000,15.5000,15.5500,15.1000,15.2400,8027141,122308560.0000,16763
20250211,603026,34.2300,34.2300,34.2600,33.3500,33.5300,2975970,99782673.0000,9224
20250211,603027,11.7700,11.7600,11.8200,11.5200,11.5900,9539488,110652995.0000,13110
20250211,603028,6.4400,6.4600,6.4600,6.2900,6.3300,3561630,22532922.0000,5034
20250211,603029,19.2200,19.0800,19.1400,18.6500,18.7800,5423855,102065914.0000,7674
20250211,603030,2.6000,2.6300,2.6900,2.5600,2.5800,24462912,63380406.0000,11450
20250211,603031,29.7600,29.3900,29.6000,28.5500,28.6700,4324858,124873432.0000,6642
20250211,603032,14.2000,14.1000,14.2000,13.9200,13.9900,2851500,39890102.0000,5025
20250211,603033,13.1600,13.5000,13.6000,13.0900,13.5300,8697735,116328202.0000,12326
20250211,603035,14.3500,14.3300,14.3500,14.2200,14.3000,4164300,59457815.0000,4677
20250211,603036,16.5200,16.5900,16.6000,15.7800,16.1600,6604100,105972597.0000,6711
20250211,603037,15.8000,15.7000,15.9600,15.6200,15.6900,8945833,140665763.0000,11706
20250211,603038,16.8600,16.8600,16.8800,16.2200,16.3000,13440700,219442532.0000,27841
20250211,603039,67.5800,66.0000,74.3400,65.6600,68.8600,8602839,596835635.0000,29471
20250211,603040,25.5700,25.6800,26.0200,25.4000,25.7200,2663160,68394881.0000,6978
20250211,603041,11.3900,11.3900,11.4300,11.2700,11.3100,971700,10993774.0000,1592
20250211,603042,13.9200,14.0300,14.2000,13.6800,14.0000,30890926,432824420.0000,48677
20250211,603043,15.5200,15.5500,15.6100,15.2900,15.4200,3874360,59608992.0000,11007
20250211,603045,15.4200,15.2900,15.9900,15.2200,15.9300,11245054,176253554.0000,11791
20250211,603048,15.7500,15.7500,15.7500,15.4500,15.5300,2220200,34499852.0000,4152
20250211,603050,21.3300,21.2400,21.4000,20.9600,21.1100,1491641,31529923.0000,2823
20250211,603051,25.3000,25.3000,25.3600,24.7500,24.8900,1400035,34850849.0000,2971
20250211,603052,39.0400,39.1700,41.6600,38.8300,39.7300,2540628,101341502.0000,5891
20250211,603053,9.3300,9.3300,9.3500,9.2300,9.3000,3277400,30424308.0000,5012
20250211,603055,10.6100,10.6400,10.7100,10.5200,10.7000,6124920,65070325.0000,12550
20250211,603056,13.9600,13.9600,14.2000,13.9000,14.1900,5175567,72895636.0000,9334
20250211,603057,17.3000,17.3700,17.4700,17.0400,17.1300,2183300,37470885.0000,7310
20250211,603058,9.3900,9.3800,9.4600,9.3000,9.3800,5973800,56002772.0000,8885
20250211,603059,21.5000,21.4700,21.5500,21.1200,21.5200,819325,17523242.0000,1932
20250211,603060,7.3000,7.3000,7.3100,7.1900,7.2400,3358908,24295951.0000,4903
20250211,603061,78.7400,78.9800,79.5000,76.6300,76.7500,1208000,93676581.0000,4937
20250211,603062,37.4800,37.2300,37.9500,37.2300,37.8000,657888,24783271.0000,2389
20250211,603063,29.5400,29.8400,31.7500,29.6300,30.4100,44711770,1377929028.0000,89925
20250211,603065,7.7500,7.7100,7.7900,7.6600,7.6900,2525200,19433416.0000,3080
20250211,603066,11.5400,11.5400,11.6500,11.4100,11.5900,11853184,136969197.0000,13885
20250211,603067,12.8300,13.0000,14.1100,12.9000,14.1100,26846360,368563079.0000,19094
20250211,603068,41.0400,40.4600,40.6000,38.8800,39.9800,16132800,640632014.0000,39876
20250211,603069,18.2800,18.2500,18.5600,18.0600,18.1000,4559300,83092167.0000,5701
20250211,603070,14.2500,14.2100,14.7300,14.0500,14.5100,14103800,203649783.0000,22420
20250211,603071,12.7000,12.7100,12.7400,12.5800,12.7400,1853700,23471452.0000,2561
20250211,603072,35.3500,35.3600,35.6800,34.9600,35.0000,8712062,306747151.0000,21624
20250211,603073,15.4600,15.4800,15.5700,15.3600,15.4700,946330,14615193.0000,1812
20250211,603075,19.6900,19.7700,20.0400,19.6200,19.8700,2071491,41127168.0000,5365
20250211,603076,23.1600,23.2900,23.2900,22.7900,22.9700,739640,16965194.0000,2803
20250211,603077,1.9600,1.9600,1.9700,1.9300,1.9400,60070420,116546130.0000,13926
20250211,603078,18.2100,18.1100,18.3000,17.7400,17.9700,18895801,339842816.0000,30339
20250211,603079,14.0400,14.0700,14.0800,13.7800,13.9800,3567200,49645425.0000,7603
20250211,603080,16.1200,16.1200,16.2900,16.0800,16.1700,1883500,30434069.0000,2934
20250211,603081,12.4500,12.4500,12.9400,12.4000,12.9100,8328936,105969455.0000,9484
20250211,603082,40.0800,39.8800,40.9900,39.6100,40.2600,5851087,235982342.0000,14240
20250211,603083,42.7700,42.8000,42.8100,41.9000,42.0400,16833201,712075235.0000,46304
20250211,603085,10.4200,10.4100,10.7100,10.2400,10.4900,15721200,164168510.0000,21705
20250211,603086,4.4700,4.4700,4.4800,4.4000,4.4600,13531313,60112385.0000,8403
20250211,603087,44.7300,44.9500,44.9500,43.7500,43.7700,6039433,265915771.0000,16730
20250211,603088,9.5100,9.5400,9.6200,9.4600,9.5600,17897740,170759212.0000,18926
20250211,603089,10.1600,10.2000,10.2000,9.9700,10.0600,7681677,77042740.0000,6289
20250211,603090,20.3200,20.5000,20.6000,19.6300,19.7600,6390842,128124274.0000,14980
20250211,603091,44.5800,44.5100,44.6500,43.8000,43.9500,843700,37171820.0000,2510
20250211,603093,12.3300,12.3200,12.3200,12.0800,12.2500,4142685,50485728.0000,11149
20250211,603095,24.5300,24.0100,24.8800,23.6300,23.8000,12600617,304417245.0000,23040
20250211,603096,21.2100,21.2000,21.2000,20.6100,21.0800,3712170,77355008.0000,14429
20250211,603097,21.8800,21.8800,21.9000,21.6000,21.8700,1672400,36423236.0000,4470
20250211,603098,9.5300,9.5300,9.5600,9.3300,9.3900,5290000,49655708.0000,8024
20250211,603099,35.8900,35.9200,36.2000,34.8000,35.1100,9194800,323702232.0000,25792
20250211,603100,20.4600,20.4300,20.5900,20.1200,20.5900,7816832,158980830.0000,14076
20250211,603101,7.6200,7.6800,7.9500,7.6000,7.6600,11323589,87587001.0000,11934
20250211,603102,35.3400,35.4100,36.9400,35.2800,36.1200,899200,32386990.0000,3359
20250211,603103,13.5600,13.6000,13.6200,13.2800,13.5400,8016200,107848759.0000,18590
20250211,603105,8.6300,8.7600,8.7600,8.5200,8.6100,9267905,79615723.0000,12820
20250211,603106,9.4700,9.4000,10.1400,9.4000,9.7700,66068165,641798591.0000,75422
20250211,603107,16.6000,16.6100,18.2600,16.4300,18.2600,9726050,172161413.0000,9114
20250211,603108,20.0000,20.0000,20.8100,19.2000,19.9700,87423497,1769342678.0000,91832
20250211,603109,18.2500,18.0900,18.4900,18.0200,18.2000,3022380,55032518.0000,6791
20250211,603110,18.3300,17.7500,18.7200,16.6700,17.9000,42989244,755286858.0000,53797
20250211,603111,6.9500,6.9200,7.1800,6.9100,7.1800,45467900,321357893.0000,43319
20250211,603112,12.6400,12.6400,12.6700,12.4100,12.4600,2604697,32528326.0000,5413
20250211,603113,5.7100,5.7100,5.7900,5.6100,5.7000,6387500,36288808.0000,8208
20250211,603115,13.6100,13.5800,13.6800,13.5300,13.6200,1521170,20710533.0000,3895
20250211,603116,5.7800,5.8100,5.8500,5.6800,5.7300,7219000,41326865.0000,7391
20250211,603117,5.8100,5.8400,5.8500,5.5900,5.6200,20937314,118342195.0000,15012
20250211,603118,10.6200,10.5900,10.7400,10.4600,10.4700,51406166,543161061.0000,64142
20250211,603119,31.0800,31.0800,31.8800,30.4200,30.9100,14749073,457178469.0000,23725
20250211,603121,14.4800,14.5500,14.6200,14.0900,14.2600,15739066,225294483.0000,17523
20250211,603122,7.7100,7.6200,7.6700,7.5000,7.5300,9501127,71832284.0000,12748
20250211,603123,8.1800,8.1900,8.2000,8.0100,8.0900,11513778,93004903.0000,16923
20250211,603125,19.6100,19.6200,19.6500,19.4200,19.5900,1265185,24697769.0000,3570
20250211,603126,6.1700,6.1500,6.7900,6.1200,6.7900,28522400,186755939.0000,15348
20250211,603127,18.6200,18.6200,18.6200,18.2000,18.4300,9562467,175811232.0000,20377
20250211,603128,6.0400,6.0400,6.0500,5.8900,5.9800,19501769,116039801.0000,17346
20250211,603129,201.3000,201.2800,216.9300,200.0000,212.0100,2004100,421281249.0000,12536
20250211,603130,22.4900,22.6400,24.7400,22.4800,24.7400,5781838,138083232.0000,7225
20250211,603131,19.0000,19.0000,19.0000,18.6500,18.7400,5676079,106493763.0000,9362
20250211,603132,11.4500,11.4600,11.7700,11.3900,11.5300,4874450,56464360.0000,12418
20250211,603135,9.7300,9.7400,9.7900,9.6500,9.6700,5248960,50867396.0000,6390
20250211,603136,11.6200,11.6700,11.6900,11.4700,11.6600,2410775,27953786.0000,3748
20250211,603137,11.6000,11.6200,11.6600,11.5000,11.6200,2762679,31968054.0000,3704
20250211,603138,17.0000,16.5000,16.8200,16.1000,16.4100,20140633,331086244.0000,25292
20250211,603139,14.9600,15.0000,15.0000,14.6900,14.7700,881017,13013779.0000,1970
20250211,603150,33.4000,33.0700,33.7800,31.4900,31.8000,9822172,318033107.0000,16205
20250211,603151,11.0600,11.0800,11.1600,10.8900,10.9000,2046400,22428217.0000,2977
20250211,603153,18.8800,18.8000,18.9500,18.6700,18.9100,3922160,73607476.0000,9603
20250211,603155,14.2700,14.2500,14.2500,13.8400,13.9400,4642543,64808279.0000,6934
20250211,603156,21.2600,21.2600,21.3900,21.1500,21.3300,2335884,49688431.0000,7232
20250211,603158,8.8500,8.8400,8.9400,8.7600,8.8600,23198407,204946684.0000,29769
20250211,603159,16.1600,16.0100,16.1000,15.6600,15.8400,1239080,19687333.0000,2649
20250211,603160,82.0100,82.0200,82.0200,80.2500,80.6500,6584737,531683249.0000,22351
20250211,603161,11.2200,11.2500,11.5400,11.1500,11.3300,4325576,48838096.0000,6443
20250211,603162,8.9600,8.9400,8.9800,8.8500,8.9200,4383373,38980330.0000,10453
20250211,603163,27.5500,27.4800,27.8900,27.4300,27.6500,916275,25312368.0000,2466
20250211,603165,12.7200,12.7300,13.1600,12.6800,12.9100,6819472,88090801.0000,8468
20250211,603166,10.6000,10.6300,11.0500,10.3500,10.3800,58624778,621363422.0000,56620
20250211,603167,8.3500,8.3400,8.4100,8.3100,8.3900,5273800,44105330.0000,8901
20250211,603168,7.0600,7.0700,7.1200,6.8800,6.9200,5579660,38589866.0000,6243
20250211,603169,5.5300,5.5300,5.5500,5.4400,5.5000,10698100,58599456.0000,15097
20250211,603170,14.3200,14.4300,14.4500,13.9900,14.0300,2727788,38709450.0000,5946
20250211,603171,38.0400,37.9400,39.7800,37.2100,38.7900,8011992,308106638.0000,27300
20250211,603172,13.9600,14.0700,14.2700,13.8000,13.9200,1656119,23129695.0000,3332
20250211,603173,22.8700,22.8700,23.1000,22.6400,23.0400,1772400,40619171.0000,5473
20250211,603176,5.0400,5.1600,5.1600,4.9700,5.0400,3046800,15291291.0000,4601
20250211,603177,7.8900,7.8600,7.9200,7.7200,7.8400,5690613,44407011.0000,6051
20250211,603178,18.5200,18.5500,18.6100,18.2100,18.3500,3047200,55830112.0000,6156
20250211,603179,50.4500,50.3000,50.6000,49.5200,50.2800,4952463,247935498.0000,19547
20250211,603180,20.1000,20.2600,20.2600,19.4000,19.5200,1886300,37038236.0000,4370
20250211,603181,11.1200,11.1200,11.1500,11.0000,11.0800,1952339,21589951.0000,3954
20250211,603182,12.0800,12.1100,12.1500,11.9600,12.1000,958700,11565862.0000,1842
20250211,603183,3.9200,3.9300,3.9500,3.8800,3.9300,6175796,24128531.0000,5804
20250211,603185,17.0900,17.1000,17.1400,16.5800,16.7100,9653845,161333219.0000,20721
20250211,603186,26.6100,25.9000,26.1500,25.2200,25.4300,9906900,253167860.0000,14970
20250211,603187,11.3700,11.3500,11.5700,11.3300,11.4300,5541062,63526894.0000,6343
20250211,603188,3.7600,3.7600,3.7800,3.6700,3.7000,9707539,35952223.0000,6897
20250211,603189,17.8400,17.4800,17.6600,17.0800,17.2200,24567732,424937832.0000,37955
20250211,603190,22.6000,22.5800,22.6500,22.3000,22.4300,1147800,25711785.0000,1942
20250211,603191,14.8500,14.7500,14.7800,14.3600,14.4500,17873252,260239516.0000,18925
20250211,603192,16.1500,16.1100,16.2600,16.0600,16.1800,999910,16139464.0000,3347
20250211,603193,29.4100,28.7100,29.0000,27.9200,28.0800,5024801,142570661.0000,13697
20250211,603194,37.3000,37.1000,37.8500,37.0200,37.4300,6305441,236209689.0000,14984
20250211,603195,72.0900,72.2000,72.6000,71.8000,72.2000,1439191,103879868.0000,6896
20250211,603196,13.6300,13.6500,13.7000,13.4300,13.6100,2441799,33120090.0000,5461
20250211,603197,45.0200,46.9700,48.1700,44.7000,45.0000,21336123,985784870.0000,51397
20250211,603198,53.2600,53.2500,53.4000,51.6600,51.8500,5899600,307776592.0000,18202
20250211,603199,34.1600,34.1700,34.2300,33.6300,34.0400,2503700,84753963.0000,5449
20250211,603200,28.3700,28.3000,28.8800,28.1800,28.6900,7789295,222709585.0000,16960
20250211,603201,17.6000,17.7000,17.7300,17.4500,17.6200,958936,16831124.0000,3195
20250211,603203,24.3200,24.2900,24.3200,24.0200,24.1400,1755799,42399524.0000,5022
20250211,603205,37.5700,37.3700,39.4000,37.1100,39.0600,5011941,192929608.0000,14278
20250211,603206,17.6300,17.2900,17.6600,17.1200,17.4300,8133200,140880242.0000,20596
20250211,603207,28.4900,28.7700,29.7500,28.2200,28.8300,6512559,189602114.0000,14120
20250211,603208,17.4600,17.4700,17.4700,17.0000,17.1900,1480032,25480031.0000,2229
20250211,603209,14.8100,14.9000,14.9000,14.6700,14.7900,1506860,22238441.0000,4894
20250211,603211,18.6600,18.9500,19.2700,18.5900,18.6600,30245900,572462210.0000,51423
20250211,603212,10.8000,10.7600,10.7800,10.5400,10.6600,6196900,65931262.0000,8643
20250211,603213,9.3700,9.3800,9.4600,9.1300,9.3100,4237100,39130201.0000,4706
20250211,603214,24.2900,24.6000,24.8800,23.6100,24.0900,8758041,213123504.0000,25024
20250211,603215,17.1200,17.1200,17.4500,17.0900,17.1700,11212400,193446453.0000,15856
20250211,603216,11.1700,11.2000,11.4900,11.1500,11.3500,3670195,41489834.0000,5098
20250211,603217,17.0200,17.0200,17.0800,16.8300,17.0700,1111254,18869979.0000,2719
20250211,603218,12.4100,12.4100,12.5200,12.2800,12.3700,6679172,82575738.0000,12553
20250211,603219,15.7000,15.5300,15.6900,15.3300,15.6400,6733581,104521882.0000,11003
20250211,603220,25.0800,25.3200,25.3200,24.0300,24.1700,63127944,1560274336.0000,93612
20250211,603221,9.8000,9.8000,9.8200,9.6500,9.7600,3260600,31757663.0000,4957
20250211,603222,6.9200,6.9000,6.9700,6.7800,6.8700,5668800,38851828.0000,5998
20250211,603223,9.2200,9.2300,9.2900,9.1300,9.2200,5413193,49720892.0000,3914
20250211,603225,11.8300,11.8500,11.8900,11.6300,11.8700,13396119,157663369.0000,15784
20250211,603226,5.6900,5.7000,5.8600,5.6600,5.7600,3168981,18213759.0000,3689
20250211,603227,8.4500,8.4500,8.4500,8.3300,8.3700,7341200,61512046.0000,8557
20250211,603228,32.7300,32.6000,33.9800,32.5000,33.2800,36188931,1205996986.0000,64395
20250211,603229,9.0000,9.0900,9.1300,8.8200,8.9700,14760255,132286611.0000,19623
20250211,603230,12.3800,12.3800,12.5100,12.3100,12.4800,3317900,41232467.0000,7659
20250211,603231,16.2200,16.2100,16.3600,16.1200,16.3100,1676064,27216987.0000,2220
20250211,603232,14.9800,14.8400,15.0000,14.5800,14.7900,9221670,136190461.0000,21316
20250211,603233,14.6800,14.5300,14.6200,14.3200,14.4300,9499580,137303552.0000,15196
20250211,603235,26.3100,26.4900,26.8000,26.1200,26.7700,844091,22371658.0000,2761
20250211,603236,87.9000,88.0000,94.0000,87.1900,90.4200,27653925,2506066211.0000,89146
20250211,603237,18.1100,18.1500,18.1600,17.8900,17.9300,1219478,21922803.0000,2191
20250211,603238,12.9400,13.0200,13.3300,12.9000,13.0300,5291010,68945321.0000,11202
20250211,603239,14.1100,14.1000,14.1300,13.9100,14.1200,3092100,43353748.0000,5398
20250211,603255,30.2800,30.3100,30.6200,30.0600,30.2000,822900,24936641.0000,2358
20250211,603256,9.0600,9.0500,9.0600,8.9200,9.0200,5231400,47009293.0000,8516
20250211,603258,23.0000,22.7700,23.0300,22.5300,22.7500,4598200,104688963.0000,13899
20250211,603259,58.6000,58.8000,58.8600,57.5000,57.5100,24211491,1400739814.0000,58618
20250211,603260,53.6000,53.9000,56.6000,53.4300,55.3500,3726375,204666632.0000,14388
20250211,603261,23.5900,23.7900,23.9900,22.9000,22.9300,2876500,66692305.0000,7503
20250211,603266,16.8000,16.7900,16.7900,16.5700,16.6900,2154260,35855161.0000,5007
20250211,603267,37.2000,37.2000,37.2000,36.4500,36.6100,2284900,83727945.0000,7322
20250211,603268,38.4500,38.5000,39.1700,37.8600,38.8500,1762800,67929311.0000,5031
20250211,603269,11.7100,11.7500,11.8700,11.4200,11.7400,14102307,164345758.0000,22012
20250211,603270,24.0100,24.0100,26.4100,23.6000,26.4100,19026986,487223107.0000,22238
20250211,603272,15.1600,15.3900,15.4000,14.8600,15.1800,1200835,18159654.0000,2611
20250211,603273,18.7200,18.5700,18.7200,18.3300,18.4900,5193040,95966561.0000,8269
20250211,603275,35.7400,35.7500,36.0000,35.5200,35.5700,1290800,46125038.0000,3844
20250211,603276,14.4000,14.6700,14.6700,14.0000,14.1600,3648997,52340704.0000,6009
20250211,603277,25.6600,25.5200,26.3500,25.5200,25.8900,1524700,39578145.0000,5067
20250211,603278,9.9800,10.2000,10.9800,10.0000,10.3800,65121465,683921016.0000,45653
20250211,603279,16.8800,16.8500,17.0500,16.6100,16.7300,4794579,80433006.0000,9830
20250211,603280,22.9700,22.9700,23.2900,22.7100,23.2800,4969590,114319686.0000,8289
20250211,603281,24.2400,24.2300,24.3300,23.8600,24.0700,1418699,34052864.0000,5093
20250211,603282,15.3400,15.4400,15.4400,15.2000,15.3400,810351,12399726.0000,2084
20250211,603283,62.8800,62.8000,62.8000,61.5900,61.8000,6380841,395303675.0000,17472
20250211,603285,22.8500,22.8600,23.0700,22.7000,22.7800,1153223,26299804.0000,2485
20250211,603286,23.3900,24.2000,25.7300,23.5600,25.7300,24758516,608068909.0000,39787
20250211,603288,41.7600,41.7700,42.0000,40.7300,40.8200,9476006,388956257.0000,34082
20250211,603289,8.9500,8.9100,9.1000,8.8700,9.0700,5851873,52667101.0000,7080
20250211,603290,90.4500,90.4700,90.6500,88.6300,88.8800,3061140,272784006.0000,11929
20250211,603291,14.0100,13.8200,14.0300,13.2400,13.2700,8352700,111839482.0000,10550
20250211,603296,77.7100,77.7000,82.2800,77.6900,81.4300,10965438,887785201.0000,39551
20250211,603297,113.8800,112.3300,115.0000,107.0000,108.1900,4529174,496300067.0000,18092
20250211,603298,19.3400,19.2900,20.4800,19.2300,20.1200,18959798,377082300.0000,28928
20250211,603299,10.8900,10.8600,10.9300,10.7600,10.9000,7226000,78411963.0000,12568
20250211,603300,7.2400,7.9600,7.9600,7.8000,7.9600,363894758,2895795367.0000,44287
20250211,603301,21.7800,21.7800,21.9000,21.5100,21.6700,2065773,44706729.0000,7310
20250211,603303,11.7400,11.7400,11.9100,11.6400,11.8900,1603069,18956249.0000,3392
20250211,603305,17.9400,17.8700,17.9200,17.2800,17.6300,30808001,541163625.0000,42389
20250211,603306,36.5500,36.1900,36.5600,35.5800,36.3600,9405529,340120706.0000,18746
20250211,603307,34.9400,34.8800,35.1000,34.4500,35.0000,1254700,43647416.0000,3298
20250211,603308,19.8600,19.8500,20.7500,19.5500,20.4400,23400209,474323101.0000,42761
20250211,603309,12.0100,11.9400,11.9900,11.7600,11.8500,2818374,33363253.0000,8645
20250211,603310,18.1000,18.0800,18.5800,18.0300,18.4200,3755047,69102593.0000,5151
20250211,603311,11.1700,11.0900,11.2500,11.0500,11.1400,5248600,58476621.0000,5587
20250211,603312,34.4600,34.4600,35.1800,34.0300,34.8500,2267369,78453715.0000,4246
20250211,603313,6.7100,6.7300,6.7800,6.6000,6.6300,6035733,40121663.0000,5202
20250211,603315,11.2500,11.2800,11.6200,11.1300,11.3700,13084863,148287817.0000,16417
20250211,603316,4.9300,4.9500,4.9500,4.7800,4.8500,4318360,20850241.0000,4143
20250211,603317,13.4000,13.4000,13.4600,13.1400,13.3800,4654967,61872018.0000,14327
20250211,603318,6.7500,6.7500,6.7900,6.6400,6.7400,6483698,43509760.0000,8059
20250211,603319,27.4800,27.5000,28.9200,27.2700,27.9000,14533673,409047462.0000,21997
20250211,603320,16.6900,16.6100,16.8500,16.5000,16.7600,9355082,156571366.0000,13351
20250211,603321,7.4900,7.4900,7.4900,7.3700,7.4000,2135600,15827588.0000,3777
20250211,603322,41.6100,41.6500,41.8600,39.5400,40.0000,16546672,664279730.0000,28009
20250211,603323,5.2900,5.2800,5.3300,5.2600,5.2900,33231501,175981645.0000,18519
20250211,603324,26.6500,26.6500,26.9300,26.3000,26.6500,1994440,53129374.0000,4602
20250211,603325,77.0300,77.0800,81.3000,77.0800,79.6500,721442,57367330.0000,2796
20250211,603326,6.6100,6.6400,6.7500,6.6100,6.6700,5525038,36871971.0000,5513
20250211,603327,12.7800,12.9400,13.2400,12.8100,12.8200,13557580,175947012.0000,25771
20250211,603328,10.6100,10.5700,10.6900,10.5000,10.6100,16802500,178023272.0000,21838
20250211,603329,13.0800,13.1000,13.1700,12.9400,13.1400,2006900,26203707.0000,3692
20250211,603330,7.0700,7.0800,7.7800,7.0400,7.7800,21223600,157712618.0000,13800
20250211,603331,9.5600,9.5600,9.5600,9.4300,9.5100,1832200,17373508.0000,3041
20250211,603332,10.0300,9.8500,9.9000,9.7200,9.8000,8354504,81750442.0000,7560
20250211,603333,5.0100,4.9600,5.1900,4.9600,5.0400,24084900,122157723.0000,20342
20250211,603335,4.5600,4.5800,4.6100,4.5000,4.5800,6513000,29590382.0000,7539
20250211,603336,4.6400,4.6100,4.6500,4.5200,4.5400,14148101,64378198.0000,9203
20250211,603337,32.6000,32.5300,35.5000,32.2000,34.4000,6160919,211418508.0000,19384
20250211,603338,67.9500,67.5100,69.1000,66.2000,66.7500,4776000,322655113.0000,18595
20250211,603339,12.4800,12.4500,12.6200,12.2200,12.4800,5711244,70837888.0000,8068
20250211,603341,47.2700,47.3000,48.5000,47.0000,48.0100,5234855,251492179.0000,14441
20250211,603344,24.5900,24.5400,25.1500,24.1000,24.8700,3688500,91163567.0000,8242
20250211,603345,76.4200,76.4000,76.4300,75.2000,75.4400,3001207,226689319.0000,10462
20250211,603348,24.1000,24.0100,24.1000,23.6300,23.6800,5290147,125725251.0000,11418
20250211,603350,34.6300,34.8000,34.8200,34.1800,34.2700,1818310,62500749.0000,5062
20250211,603351,24.1000,24.1700,24.1800,23.8600,24.0700,359484,8632963.0000,1091
20250211,603353,15.1200,15.1500,15.2700,14.9400,15.0100,2576740,38705765.0000,4517
20250211,603355,23.4500,23.5900,24.5800,23.4600,24.3800,5676284,137226744.0000,14639
20250211,603356,13.3600,13.3600,13.5500,13.0900,13.3500,4684055,62369626.0000,5817
20250211,603357,9.0500,9.0300,9.0400,8.9700,9.0200,4354740,39212365.0000,5512
20250211,603358,33.6100,33.7000,33.7200,32.8200,33.3800,2389900,79316081.0000,6052
20250211,603359,4.8400,4.8300,4.8800,4.6800,4.7000,13600220,64241520.0000,8148
20250211,603360,24.2700,24.4700,26.2200,24.0300,25.4000,18048343,458378474.0000,23502
20250211,603363,3.3600,3.3600,3.3700,3.2900,3.3200,10416859,34533871.0000,2011
20250211,603365,15.7000,15.7000,15.8300,15.4200,15.5100,1002700,15623015.0000,2116
20250211,603366,11.7900,11.8500,12.9700,11.4000,12.9700,123007936,1544008704.0000,122704
20250211,603367,13.4700,13.4300,13.4600,13.3300,13.3800,2470260,33056326.0000,4774
20250211,603368,17.7500,17.7400,17.7400,17.5400,17.6900,5064179,89208608.0000,10794
20250211,603369,43.7900,43.7900,43.9500,43.1000,43.5800,5362229,232551956.0000,17157
20250211,603373,31.0900,31.3100,31.9000,30.6900,31.1000,2089132,65245881.0000,5550
20250211,603375,37.4400,37.5000,37.5200,36.9100,37.3000,1368900,50990716.0000,3831
20250211,603377,2.2200,2.2300,2.2300,2.1800,2.2200,7506600,16535670.0000,1035
20250211,603378,6.4800,6.5000,6.7000,6.3900,6.4200,7470605,48497086.0000,8603
20250211,603379,40.3900,40.5000,41.8200,40.0000,41.5300,7596486,311557873.0000,19627
20250211,603380,26.0900,26.0800,26.6600,26.0000,26.3500,4882339,128633081.0000,12065
20250211,603381,21.7500,21.7800,21.7800,21.5200,21.6300,1053378,22760151.0000,1864
20250211,603383,41.2700,41.1000,41.5500,40.1300,41.1000,8265418,337620725.0000,26227
20250211,603385,6.6600,6.6600,6.7000,6.5900,6.6700,2552186,16971967.0000,5014
20250211,603386,11.4500,11.4500,11.4700,11.3000,11.3600,5725580,65113096.0000,12907
20250211,603387,8.3800,8.4000,8.4000,8.2400,8.3000,4320872,35830953.0000,7460
20250211,603388,2.7200,2.7500,2.8600,2.6900,2.8600,8859880,24839486.0000,1857
20250211,603389,5.4800,5.5200,5.5500,5.3800,5.4100,7241600,39428837.0000,7283
20250211,603390,12.3000,12.0000,12.7500,11.3200,11.6000,63781268,757556168.0000,71223
20250211,603391,40.4300,40.3300,40.3300,40.0000,40.1400,983045,39466956.0000,2472
20250211,603392,67.4000,67.4100,67.5800,65.8800,66.1600,3902362,258394042.0000,12775
20250211,603393,29.4800,29.4800,29.7400,29.3500,29.6000,2885736,85276638.0000,9245
20250211,603395,48.2100,47.9500,48.4000,47.4100,47.8000,3523236,168523238.0000,10763
20250211,603396,27.2700,27.2200,27.2600,26.5600,26.8000,2038200,54551106.0000,4602
20250211,603398,16.9600,17.0200,17.2600,16.5100,16.5500,12933540,216058245.0000,26495
20250211,603399,9.2000,9.1900,9.2200,8.9500,9.0000,10125827,91223174.0000,13054
20250211,603408,13.1300,13.1300,13.6300,13.0500,13.3500,4962963,66185817.0000,9232
20250211,603416,47.7200,47.2300,48.8400,47.0500,47.4300,2702717,129501143.0000,6832
20250211,603421,7.1900,7.1200,7.1700,7.0200,7.1600,14884940,105772366.0000,24179
20250211,603429,7.1600,7.1000,7.3500,7.0600,7.1100,7593460,54452198.0000,7611
20250211,603439,13.1500,13.1600,13.1600,12.9000,12.9600,4281785,55507072.0000,7510
20250211,603444,228.4700,228.0500,233.6000,226.6600,228.7600,1486603,341527174.0000,9100
20250211,603456,13.8800,13.8200,13.8300,13.5700,13.5900,9866415,134399212.0000,15300
20250211,603458,6.1600,6.2000,6.2000,6.0600,6.0700,5262365,32064059.0000,5417
20250211,603466,9.7000,9.8900,10.6700,9.8000,10.6700,62461646,633164148.0000,69771
20250211,603477,16.8100,16.8000,16.8600,16.1800,16.2500,13390979,219288683.0000,23300
20250211,603486,49.4700,50.0000,50.5000,49.1800,49.7500,9966541,496583371.0000,34346
20250211,603488,8.1800,8.1700,8.1900,8.0400,8.1400,3038700,24591515.0000,4252
20250211,603489,23.1500,23.0000,23.0900,22.6200,22.8900,2850312,64951600.0000,7989
20250211,603496,28.9800,28.0000,29.5100,27.6400,27.7600,65068024,1851936758.0000,106474
20250211,603499,32.1200,31.8300,32.0200,31.3500,31.5300,3221200,101976159.0000,6060
20250211,603500,7.1800,7.1600,7.1600,7.0400,7.1200,8683628,61498505.0000,6441
20250211,603501,118.3400,120.1000,123.3900,119.8000,123.0000,36131369,4374274066.0000,107361
20250211,603505,24.2400,24.2500,24.3300,23.9000,24.0200,3731288,89640797.0000,8566
20250211,603506,9.1000,9.1000,9.1900,8.9900,9.1200,2389500,21709037.0000,2935
20250211,603507,22.7700,22.7900,22.7900,22.4000,22.5400,2895030,65267684.0000,5169
20250211,603508,23.9100,23.9500,24.1800,23.6100,24.1100,6594238,157498990.0000,17234
20250211,603511,13.2800,13.3900,14.6100,13.2100,14.6100,14980056,206268587.0000,14890
20250211,603515,16.6500,16.7000,16.7400,16.3300,16.3600,1891108,31082731.0000,5031
20250211,603516,53.9700,55.1000,55.8700,52.9100,53.3300,11011027,596096281.0000,22552
20250211,603517,15.6400,15.6400,15.7700,15.3000,15.4900,13017900,201627014.0000,17716
20250211,603518,9.7600,9.7300,9.8600,9.5800,9.6000,12459276,120792026.0000,13185
20250211,603519,12.0100,12.0100,12.1600,11.9300,12.0800,2617120,31484866.0000,5506
20250211,603520,8.6700,8.7000,8.7000,8.5100,8.6000,7591642,65167492.0000,6459
20250211,603527,9.7000,9.7200,9.7600,9.5800,9.7300,9270340,89714088.0000,11337
20250211,603528,9.1200,9.1400,9.1400,8.8200,8.8800,30010988,267019426.0000,33688
20250211,603529,39.0700,39.1300,39.6900,38.5800,38.8300,3566493,138958873.0000,12917
20250211,603530,26.6000,26.5700,27.2500,26.5500,26.6100,2541089,68078380.0000,8082
20250211,603533,23.0100,22.8000,23.1200,22.4500,22.7100,17076978,388311645.0000,41533
20250211,603535,12.4200,12.4500,12.6600,12.4100,12.6000,5835475,73276013.0000,6817
20250211,603536,11.1100,11.2200,11.2900,10.9700,11.1400,11798440,131026211.0000,20473
20250211,603538,13.2000,13.2000,13.2000,12.9300,13.0900,2892076,37675254.0000,7170
20250211,603551,10.8200,10.8300,10.8400,10.6100,10.7700,1799098,19307244.0000,3866
20250211,603556,35.1800,35.1800,35.3000,34.5400,35.1500,4315230,150788656.0000,15199
20250211,603557,2.2000,2.2000,2.2400,2.1900,2.2200,6179252,13688301.0000,1172
20250211,603558,10.7500,10.7800,10.9300,10.7000,10.9200,3705900,40164091.0000,8508
20250211,603559,7.6400,7.6800,7.8700,7.5600,7.7200,3027877,23401826.0000,2105
20250211,603565,9.0600,9.0400,9.1400,8.9200,9.0100,8233446,74124199.0000,13937
20250211,603566,12.4700,12.4700,12.5200,12.2200,12.3500,3228555,39730768.0000,6633
20250211,603567,11.1800,11.2100,11.2200,10.9800,11.0400,4465500,49282251.0000,6282
20250211,603568,20.4000,20.3500,20.4700,20.0000,20.1600,3679289,74113238.0000,10905
20250211,603569,7.4200,7.4500,7.4500,7.2700,7.3400,4764100,34895955.0000,4660
20250211,603577,8.6000,8.6500,8.6500,8.4900,8.6300,4365250,37393658.0000,10416
20250211,603578,13.0500,12.9900,13.0000,12.7800,12.8800,2570654,33049105.0000,3787
20250211,603579,15.2400,15.0800,15.3500,14.8800,15.2600,3683445,55662906.0000,6723
20250211,603580,18.8500,18.8000,18.8300,18.3200,18.3600,3571900,66063092.0000,7524
20250211,603583,31.4200,31.1200,33.2800,31.0600,32.6200,27812371,900515883.0000,55078
20250211,603585,13.3300,13.3300,13.8200,13.1500,13.4800,3934500,52822680.0000,3828
20250211,603586,14.7900,14.8400,14.8800,14.5000,14.6700,2355300,34483439.0000,5156
20250211,603587,12.1800,12.1800,12.2400,12.1300,12.2400,3118596,38059267.0000,4891
20250211,603588,5.2200,5.2300,5.2400,5.1300,5.2000,16039765,82918332.0000,17657
20250211,603589,36.1000,36.0900,36.1100,35.5200,35.6600,4253600,151733700.0000,12437
20250211,603590,23.9200,23.9200,23.9700,23.5100,23.7800,709000,16791568.0000,1710
20250211,603595,18.9800,18.9800,19.5400,18.7200,19.2400,7116400,136370094.0000,16365
20250211,603596,59.2200,59.0000,59.5800,56.2800,57.4900,18156181,1045576576.0000,51364
20250211,603598,20.8400,20.6300,22.9200,20.1700,22.9200,66333847,1462368010.0000,90323
20250211,603599,11.5300,11.5300,11.9300,11.3900,11.8900,9803871,114253423.0000,13830
20250211,603600,12.4100,12.3500,12.7700,12.2800,12.5200,7571800,94734079.0000,10567
20250211,603601,3.4600,3.4600,3.5100,3.4200,3.4600,15638641,54229018.0000,9653
20250211,603602,17.9200,17.9200,18.8800,17.4100,18.4700,21253577,386003724.0000,38170
20250211,603605,83.7100,83.7200,84.2200,83.0600,83.1500,2855758,238247299.0000,11814
20250211,603606,49.8600,49.8600,49.9800,48.3000,49.7000,12348446,606576739.0000,35637
20250211,603607,17.9900,17.7800,19.7500,17.5900,18.4300,15700926,290336762.0000,20638
20250211,603608,3.6500,3.6500,3.8300,3.6200,3.8300,5202220,19767030.0000,1281
20250211,603609,7.5700,7.5700,7.6000,7.4300,7.5200,5053065,37808619.0000,10662
20250211,603610,11.5600,11.7300,12.7200,11.6500,12.7200,13548868,165951957.0000,10937
20250211,603611,18.2600,18.2000,18.7700,18.1800,18.6500,7062223,130301958.0000,12146
20250211,603612,16.6100,16.7600,17.0000,16.4400,16.8800,39951583,669351018.0000,57742
20250211,603613,26.6200,26.6000,28.5400,26.3200,27.5800,23435211,644226559.0000,35621
20250211,603615,22.2100,22.1000,22.7000,21.7000,22.5100,3441500,76404886.0000,6025
20250211,603616,3.7000,3.7000,3.7200,3.5700,3.6300,10829771,39203342.0000,7588
20250211,603617,7.7200,7.7300,7.8800,7.5700,7.6600,30090588,231596778.0000,24123
20250211,603618,6.4700,6.4000,6.5500,6.1300,6.3100,62861467,393827982.0000,44254
20250211,603619,19.2300,19.2300,19.4300,19.2300,19.3500,8509317,164446397.0000,11982
20250211,603626,8.4000,8.4800,8.4900,8.2400,8.3200,17225503,143194971.0000,23370
20250211,603628,12.8000,12.8100,12.8500,12.5700,12.6600,4216938,53311243.0000,6720
20250211,603629,24.7500,24.5000,24.5000,23.6000,23.8000,26897090,642183346.0000,40901
20250211,603630,12.6000,12.6000,13.3900,12.4900,12.9800,7319160,93903443.0000,11912
20250211,603633,8.4400,8.4700,9.2700,8.4500,8.6500,39079173,341088269.0000,39295
20250211,603636,14.6900,14.3000,16.1600,13.8200,14.8100,125275163,1863300079.0000,132577
20250211,603637,8.9100,8.9600,9.0500,8.7700,8.8200,8368564,74080544.0000,7096
20250211,603638,18.0100,17.9900,18.1500,17.9000,18.0200,4069884,73269015.0000,11791
20250211,603639,12.6100,12.5800,12.6400,12.4700,12.6300,1254440,15771729.0000,2383
20250211,603648,9.7400,9.7300,9.7800,9.6600,9.7800,4861403,47313517.0000,6101
20250211,603650,35.0600,35.0100,35.0600,34.5000,34.6100,4525585,157024622.0000,12086
20250211,603655,24.7300,24.5600,24.7500,23.9500,24.4000,1604761,38834744.0000,2945
20250211,603656,19.8500,19.7500,19.8500,19.4600,19.6400,4781700,94035337.0000,12030
20250211,603657,14.5400,14.5500,14.5700,14.2400,14.3700,2041900,29283514.0000,4945
20250211,603658,41.7700,41.7300,41.8800,40.9500,41.1300,2524814,104018158.0000,8991
20250211,603659,15.6900,15.6600,15.6700,15.0100,15.2100,35128251,533974272.0000,46595
20250211,603660,7.7700,7.7000,8.5500,7.5700,8.5500,39272232,327411146.0000,20094
20250211,603661,29.6500,29.7300,29.7700,29.2200,29.7500,1317616,38862170.0000,4207
20250211,603662,81.1300,80.1400,83.4800,79.5000,82.4000,24204035,1976384742.0000,71576
20250211,603663,18.2300,18.2400,18.4000,18.0600,18.1500,6923096,125994058.0000,10506
20250211,603665,15.6000,15.6500,16.7400,15.4900,16.4000,6394248,104029110.0000,7596
20250211,603666,29.1700,28.8100,32.0900,28.5600,31.5400,26136919,791749667.0000,39673
20250211,603667,44.1200,43.8100,44.4400,42.2000,43.0000,57920912,2503770912.0000,127663
20250211,603668,11.2900,11.3000,11.3300,11.1200,11.1500,4482673,50121764.0000,3963
20250211,603669,5.6000,5.6100,5.6400,5.4100,5.4600,13802115,75841883.0000,12470
20250211,603676,9.9400,9.9400,9.9600,9.7800,9.9200,2252000,22192650.0000,6915
20250211,603677,14.2100,14.2800,14.3400,14.1500,14.2800,2652900,37829280.0000,6056
20250211,603678,28.0400,27.9700,28.0100,27.0300,27.1900,9137480,250203858.0000,15251
20250211,603679,13.5800,13.5900,13.6500,13.3100,13.3300,3595000,48093958.0000,8571
20250211,603680,8.4100,8.4100,8.4400,8.2600,8.3500,2609732,21775063.0000,6569
20250211,603681,13.5100,13.5200,13.5400,13.3900,13.4700,1522800,20496042.0000,3584
20250211,603682,5.4900,5.5200,5.5800,5.2900,5.3500,30531930,163921047.0000,15633
20250211,603683,10.2400,10.2600,10.6000,10.1000,10.3600,21472952,223358819.0000,25027
20250211,603685,12.5100,12.5800,12.5800,12.3400,12.3800,906038,11228619.0000,1869
20250211,603686,11.1700,11.1900,11.8000,11.0000,11.5500,51687368,590036526.0000,44823
20250211,603687,6.9400,6.9600,7.1200,6.8300,6.9600,19373252,134504900.0000,22239
20250211,603688,27.1800,27.1700,27.2100,26.5200,26.7300,5294208,141441135.0000,11547
20250211,603689,8.5700,8.5800,8.6200,8.5500,8.5900,2431440,20864963.0000,4093
20250211,603690,24.8300,24.8500,24.9200,24.2600,24.7000,7528616,184826391.0000,15904
20250211,603693,10.1100,10.0600,10.1400,10.0000,10.1100,2736870,27547524.0000,6407
20250211,603696,8.5400,8.5400,8.6000,8.3700,8.4800,3807768,32164102.0000,5886
20250211,603697,9.5700,9.5700,9.8500,9.5000,9.5400,3867120,37250696.0000,7916
20250211,603698,16.7900,16.7800,16.8200,16.4300,16.4800,3886340,64407916.0000,8773
20250211,603699,27.2500,26.8600,28.1400,26.8600,28.1000,6418791,177208788.0000,17637
20250211,603700,10.1300,10.1600,10.2200,10.0900,10.1300,1374660,13943999.0000,3458
20250211,603701,14.5000,14.5900,14.9600,14.4600,14.5000,2547336,37294556.0000,5249
20250211,603703,11.9400,11.9100,13.1200,11.8500,12.8500,38809056,489422363.0000,25514
20250211,603706,18.3900,18.4900,18.4900,18.2400,18.3100,926200,16963789.0000,2648
20250211,603707,13.9700,13.9600,14.2600,13.8700,14.1800,7494442,105552565.0000,19944
20250211,603708,10.5700,10.6200,10.6700,10.2800,10.5800,10587399,110887891.0000,20619
20250211,603709,11.6000,11.7600,11.7700,11.4200,11.4900,1476428,16984813.0000,2546
20250211,603711,14.8300,14.8500,14.9000,14.5200,14.5700,5984099,87409027.0000,7827
20250211,603712,17.4300,17.4200,17.4200,17.0700,17.1200,13934481,238973783.0000,19900
20250211,603713,50.7000,50.7700,50.8000,49.0100,49.4900,1807382,89631664.0000,6229
20250211,603716,9.4400,9.6000,10.3800,9.0100,9.1300,61173638,597315923.0000,57885
20250211,603717,8.2100,8.2000,8.2400,7.9100,7.9300,12094146,96513132.0000,12932
20250211,603718,7.3600,7.3700,7.4100,7.2300,7.3100,5458026,39762764.0000,7549
20250211,603719,13.9300,14.0300,14.2000,13.8200,13.8500,15888414,221769067.0000,20273
20250211,603721,28.4800,28.0200,28.9900,27.7000,28.3200,8794400,248904475.0000,20893
20250211,603722,45.0000,45.1500,46.0000,44.5500,45.0000,1028800,46472386.0000,2465
20250211,603725,6.6400,6.6400,6.6900,6.5600,6.6200,3887496,25662384.0000,4113
20250211,603726,16.4200,16.4400,16.4400,16.2600,16.3500,1637000,26761599.0000,3448
20250211,603727,12.8300,12.8300,12.9000,12.7300,12.8400,4506100,57779407.0000,7501
20250211,603728,75.6000,74.8500,78.6000,74.3200,75.2900,23078440,1762134964.0000,66044
20250211,603729,17.8900,17.5600,18.2400,17.5100,17.5800,16990380,303307480.0000,34345
20250211,603730,9.1800,9.1600,9.2300,9.0000,9.0500,5643741,51150416.0000,9891
20250211,603733,20.9700,21.1100,21.6500,20.8500,21.5000,7207700,153251397.0000,21222
20250211,603737,42.3800,42.4500,42.7700,40.8000,41.3200,2784474,114641236.0000,11097
20250211,603738,15.7400,15.7600,16.1300,15.6000,15.8200,13324888,211087084.0000,20807
20250211,603739,12.6300,12.5700,12.6800,12.3100,12.4200,3139540,38935368.0000,5496
20250211,603755,26.3000,26.3000,26.4700,25.8000,26.3300,631500,16493142.0000,1959
20250211,603757,20.1900,20.2000,20.2000,19.9500,20.0700,985328,19741291.0000,2739
20250211,603758,9.9900,9.9100,10.0600,9.7700,10.0000,9867200,98156198.0000,15021
20250211,603759,7.1900,7.1900,7.2100,7.0800,7.1900,6254432,44728732.0000,6006
20250211,603766,9.6800,9.7200,10.5000,9.6400,10.2400,50177950,506067199.0000,51619
20250211,603767,12.1100,12.1200,12.1400,11.9500,12.0400,3617040,43497347.0000,6768
20250211,603768,12.4100,12.3400,12.5000,12.2300,12.3600,2236370,27556572.0000,4898
20250211,603773,25.6600,25.2000,26.0000,25.1500,25.3400,5182950,132214777.0000,9680
20250211,603776,13.9500,14.0000,14.0900,13.6800,13.8800,7472001,103399531.0000,12078
20250211,603777,16.0300,16.0300,16.3000,15.6800,16.1500,37902500,606098327.0000,52197
20250211,603778,3.2700,3.4800,3.6000,3.4100,3.6000,15475350,55065892.0000,4301
20250211,603779,7.9800,8.0000,8.0100,7.7600,7.7900,15778844,123124017.0000,13066
20250211,603786,71.5400,71.0000,72.0000,69.6400,71.5000,1801364,128082953.0000,8455
20250211,603787,10.5300,10.5100,10.5500,10.3700,10.4700,2055200,21466550.0000,4853
20250211,603788,14.9900,15.0700,15.0700,14.8300,14.9000,2278100,33972215.0000,5315
20250211,603789,6.8400,6.9000,6.9600,6.6100,6.6900,10756847,72219470.0000,15923
20250211,603790,12.7000,12.8200,12.8500,12.5400,12.7600,2065650,26277961.0000,4058
20250211,603797,4.0800,4.0800,4.0800,4.0300,4.0800,3289724,13348547.0000,3516
20250211,603798,9.1900,9.2800,9.8800,9.1500,9.5200,15746946,150498457.0000,16317
20250211,603799,30.3100,30.2000,30.2800,29.7700,29.9100,22489685,672307801.0000,44698
20250211,603800,26.1500,26.0100,26.1000,25.7100,25.9900,3361000,86926559.0000,4314
20250211,603801,11.7000,11.8000,11.8500,11.6400,11.6900,6265959,73550823.0000,12016
20250211,603803,12.6100,12.8700,13.8700,12.7400,13.8700,115428736,1561611484.0000,106191
20250211,603806,15.0800,15.0500,15.0700,14.5400,14.6800,24869563,365300891.0000,33866
20250211,603808,7.2200,7.2300,7.3200,7.1400,7.2800,8682800,62684098.0000,8664
20250211,603809,16.2700,16.1600,17.9000,16.1600,17.5900,74469953,1284876063.0000,62884
20250211,603810,10.7400,10.7500,10.8000,10.6300,10.7300,2555660,27376582.0000,5241
20250211,603811,8.1000,8.0600,8.1300,8.0500,8.1100,3043887,24628498.0000,5650
20250211,603813,10.3000,10.3400,10.4500,9.9200,10.1000,2107215,21286871.0000,3089
20250211,603815,6.5000,6.4600,6.5400,6.3500,6.4000,6981200,44721850.0000,4322
20250211,603816,28.0600,28.2200,28.2300,27.5800,27.8800,3594767,100086071.0000,13048
20250211,603817,5.8200,5.8200,5.8200,5.7600,5.8000,2820200,16324982.0000,4156
20250211,603818,2.9200,2.9200,2.9500,2.8300,2.8600,16858142,48268465.0000,11269
20250211,603819,13.1700,13.0600,13.3400,12.7700,13.2400,3835888,50021892.0000,5604
20250211,603822,50.4800,50.4500,50.9000,49.3100,49.8300,1264900,63219660.0000,3420
20250211,603823,9.4900,9.4900,9.5200,9.3600,9.5100,3657800,34564009.0000,7439
20250211,603825,13.6000,13.4600,13.8400,13.3700,13.5000,17981617,243888275.0000,26708
20250211,603826,20.1600,20.1800,20.2000,19.7000,19.8500,4006504,79474755.0000,6946
20250211,603828,3.2200,3.1800,3.2500,3.1600,3.1700,5378505,17190051.0000,826
20250211,603829,14.0000,13.9900,14.1700,13.8500,14.1500,1691100,23721265.0000,3402
20250211,603833,63.4900,63.6400,63.7000,61.2000,61.5900,3329200,206412283.0000,13565
20250211,603836,12.6200,12.6200,12.6800,12.4000,12.4700,1363400,17011773.0000,2894
20250211,603838,5.4800,5.4700,5.6000,5.3200,5.3700,4766500,25613539.0000,6476
20250211,603839,5.7400,5.7600,5.8000,5.6300,5.7100,2424500,13800626.0000,5039
20250211,603843,3.4800,3.4500,3.4900,3.3700,3.3800,13405140,45607044.0000,4699
20250211,603848,14.2500,14.3400,14.5600,13.9700,14.0500,3315600,47200291.0000,6066
20250211,603855,20.1300,20.2500,20.7000,20.0600,20.5000,3245545,66267230.0000,6359
20250211,603856,11.1800,11.1800,11.2600,11.0500,11.1600,1583530,17639272.0000,2641
20250211,603858,15.1500,15.1700,15.2000,14.9400,15.0000,3883899,58241480.0000,8398
20250211,603859,35.9400,35.8500,36.3000,34.6000,35.4400,17786753,628038564.0000,37698
20250211,603860,30.6200,30.6000,30.6000,29.7700,29.9900,1737300,52177213.0000,4820
20250211,603861,9.3300,9.3400,9.3500,9.2000,9.3300,11524457,106986588.0000,15178
20250211,603863,18.6200,18.6200,18.7800,17.8700,17.9600,6040300,108987179.0000,10384
20250211,603866,5.9200,5.9500,5.9700,5.8300,5.9000,28818560,169897068.0000,28337
20250211,603867,25.1500,25.2800,25.2800,24.8800,25.1600,1469229,36812429.0000,2480
20250211,603868,35.7200,35.8800,35.9900,35.3200,35.7100,1347200,48025807.0000,4156
20250211,603869,6.0100,6.0200,6.0200,5.9100,5.9300,1581945,9389254.0000,834
20250211,603871,17.1000,17.0800,17.1600,16.5800,17.0700,13261350,223919775.0000,21405
20250211,603876,8.8100,8.7900,8.8400,8.6700,8.7300,7649754,66654507.0000,11546
20250211,603877,14.9900,14.9700,15.0800,14.8000,14.9000,1994502,29748860.0000,5270
20250211,603878,5.5000,5.4800,5.5000,5.3900,5.4400,7383416,40095593.0000,4834
20250211,603879,3.5400,3.5300,3.6200,3.4300,3.5800,6154295,21581420.0000,1612
20250211,603880,4.8500,4.8000,5.0900,4.8000,5.0800,13294290,65980565.0000,9292
20250211,603881,24.7000,23.8200,27.1700,23.6100,25.6200,118203270,2992562491.0000,148393
20250211,603882,33.1000,33.1000,34.7900,32.5800,33.0000,30685536,1024639781.0000,61687
20250211,603883,16.7400,16.7000,16.7300,16.3600,16.4100,15175238,249620057.0000,17460
20250211,603885,13.1500,13.1600,13.1900,12.4700,12.6900,21461422,271224085.0000,31042
20250211,603886,13.6500,13.6900,13.7400,13.5800,13.7000,1351400,18435511.0000,4143
20250211,603887,16.3800,16.2000,16.7900,16.0900,16.2300,60937808,998662505.0000,62314
20250211,603888,24.3000,24.1500,24.5800,23.9000,24.4200,11594950,281180162.0000,28281
20250211,603889,6.3900,6.4100,6.4500,6.3700,6.4400,6077605,38933377.0000,8426
20250211,603890,13.5600,13.6400,13.8900,13.5200,13.5600,39105232,534529313.0000,59583
20250211,603893,193.1900,188.2000,193.0000,182.8300,185.5500,19905496,3717278749.0000,99447
20250211,603895,24.2100,24.1000,24.2500,23.8000,23.9700,2599426,62361121.0000,4186
20250211,603896,20.4900,20.5000,20.5000,20.1400,20.2500,2415050,48910664.0000,4232
20250211,603897,24.0300,24.0200,24.0200,23.6700,23.8200,3061000,72871212.0000,7242
20250211,603898,8.7900,8.7900,9.0100,8.7500,8.8000,2500699,22079649.0000,4143
20250211,603899,28.7200,28.7100,28.7300,28.2200,28.3400,3955900,112223830.0000,9879
20250211,603900,5.7300,5.7600,6.3000,5.7300,6.3000,10405260,63763060.0000,7165
20250211,603901,9.9500,10.2000,10.8000,9.9700,10.6300,46640421,486429545.0000,48439
20250211,603903,6.7500,6.7500,6.7900,6.6100,6.6800,3115527,20756980.0000,2877
20250211,603906,10.3400,10.3600,10.3800,10.0800,10.1200,10710460,108516991.0000,16077
20250211,603908,23.4700,23.3700,23.8600,23.3400,23.4800,1124940,26441452.0000,2811
20250211,603909,9.2900,9.2400,9.2900,9.1000,9.2000,1195105,10954622.0000,3008
20250211,603912,9.2100,9.1800,9.2800,9.0600,9.1500,46293344,423541592.0000,48939
20250211,603915,14.2700,14.2600,14.7500,14.2600,14.7500,36140048,525493229.0000,52878
20250211,603916,7.5200,7.5100,7.5200,7.4200,7.5100,2951020,22056476.0000,4406
20250211,603917,11.8000,11.7600,11.8100,11.5700,11.6500,2817200,32793512.0000,5040
20250211,603918,15.9200,16.4400,17.5100,16.1600,17.0800,108592395,1848217764.0000,99219
20250211,603919,18.5700,18.5900,18.7400,18.2500,18.4200,3124038,57475480.0000,8824
20250211,603920,36.9600,37.2100,37.4400,36.3600,36.9000,30348778,1120878983.0000,68012
20250211,603922,25.1700,25.1700,26.0000,24.9000,25.8700,5517140,140353990.0000,8834
20250211,603926,9.6500,9.7000,9.7800,9.6200,9.7600,2668261,25907001.0000,4530
20250211,603927,22.7700,22.6500,22.9700,22.3100,22.6200,16818444,380327259.0000,32568
20250211,603928,10.9300,10.9200,10.9500,10.7500,10.7800,17097440,184991784.0000,14023
20250211,603929,29.7100,29.6900,32.2800,29.6900,31.1700,9826300,304541124.0000,23825
20250211,603931,23.5700,23.5000,23.7300,23.2100,23.5500,1815300,42671927.0000,4324
20250211,603933,17.1100,17.0200,17.1100,16.5000,16.7300,6577936,110025376.0000,13540
20250211,603936,8.2000,8.2100,8.3500,8.0900,8.2500,18010680,148340247.0000,20435
20250211,603937,9.1600,9.1800,9.2500,9.0700,9.1600,2569999,23485478.0000,3099
20250211,603938,10.9100,10.9400,11.0800,10.7600,11.0400,2364820,25799310.0000,4822
20250211,603939,23.8900,23.9100,23.9500,23.2300,23.4800,5737644,134742003.0000,17653
20250211,603948,18.5400,18.6200,18.8700,18.3700,18.6600,1336400,24889722.0000,2070
20250211,603949,12.8000,12.8400,13.1000,12.4000,12.4500,2627200,32925192.0000,5435
20250211,603950,20.0000,19.8000,20.8800,19.6600,20.3900,7443235,150992237.0000,17061
20250211,603955,19.2800,19.4000,20.1600,19.1800,20.1000,13963155,275196880.0000,28729
20250211,603956,5.7800,6.0000,6.3600,5.9300,6.3600,17034034,104783457.0000,13091
20250211,603958,14.6100,14.7600,15.3300,14.1500,14.2100,18078700,264319570.0000,34307
20250211,603959,4.1200,4.1000,4.1200,3.9700,4.0500,10436216,42075417.0000,3443
20250211,603960,20.2500,20.3000,20.3300,19.9800,20.0000,5958833,119689301.0000,10286
20250211,603963,1.1800,1.1800,1.1800,1.1800,1.1800,0,0.0000,0
20250211,603966,8.0700,8.1300,8.2400,8.0100,8.2400,6921915,55926513.0000,9725
20250211,603967,9.9200,9.9500,10.0300,9.8700,10.0300,2864340,28518087.0000,5082
20250211,603968,9.7500,9.7500,9.8600,9.6700,9.8300,2192591,21470690.0000,3594
20250211,603969,6.6600,6.6300,6.6600,6.4800,6.5100,16513030,107898888.0000,11172
20250211,603970,14.2900,14.3100,14.3100,14.0400,14.2500,2335220,33107007.0000,3336
20250211,603976,17.0900,17.0900,17.1000,16.8300,16.8900,835200,14113378.0000,2218
20250211,603977,11.3900,11.3900,11.5200,11.1000,11.4000,11350100,128440826.0000,17954
20250211,603978,14.1900,14.2500,14.2900,13.7700,13.8100,4855300,67438287.0000,8340
20250211,603979,41.6000,41.7200,43.0600,41.7200,42.3700,10165964,432988061.0000,28993
20250211,603980,4.6200,4.6200,4.6800,4.6000,4.6600,17855817,82901660.0000,16948
20250211,603982,8.4200,8.4200,8.4900,8.2500,8.3200,3951000,32870797.0000,8389
20250211,603983,30.4200,30.3900,31.3000,30.3000,31.1600,2452175,75787559.0000,8225
20250211,603985,12.3800,12.6800,13.6100,12.3900,12.5900,34913888,447505092.0000,55440
20250211,603986,134.6300,134.6000,136.3800,131.9900,134.0000,20152162,2699171403.0000,79305
20250211,603987,7.5300,7.5500,7.5500,7.4400,7.5300,3529850,26460620.0000,7764
20250211,603988,23.1600,23.5300,24.6800,22.9500,23.0500,11537500,272716582.0000,22121
20250211,603989,16.1500,16.1200,16.6300,16.0300,16.2800,11696700,190589396.0000,20471
20250211,603990,13.0000,12.9500,13.2400,12.7200,12.7500,33939515,437946519.0000,33912
20250211,603991,59.8500,59.9300,65.8400,58.5800,65.8400,5423484,339427021.0000,12523
20250211,603992,18.6100,19.5900,19.8000,18.8600,18.9200,3392712,64867521.0000,8473
20250211,603993,7.4900,7.4700,7.5700,7.4000,7.4300,189787466,1418431627.0000,105569
20250211,603995,19.5000,19.5900,19.6100,19.1900,19.5900,3313300,64264083.0000,9141
20250211,603997,12.1200,12.1300,12.1500,11.5400,11.6200,12295050,144568399.0000,17363
20250211,603998,9.6900,9.7000,9.7100,9.4600,9.5400,7581779,72223458.0000,11754
20250211,603999,6.4600,6.5000,6.5400,6.3500,6.5200,12737200,82205769.0000,18941
20250211,605001,6.9300,6.9800,6.9800,6.7200,6.7600,10372670,70329728.0000,11175
20250211,605003,17.7600,17.7900,18.2500,17.5000,18.2100,1558900,27856142.0000,3021
20250211,605005,16.4300,16.4500,16.5500,16.2700,16.4100,1113700,18222173.0000,3548
20250211,605006,6.3700,6.4100,6.4900,6.2600,6.4400,24518318,157086766.0000,21629
20250211,605007,12.6800,12.6800,12.7000,12.5300,12.6900,1187610,15004471.0000,2808
20250211,605008,11.2700,11.2700,11.3500,11.1500,11.2700,1889120,21231371.0000,3638
20250211,605009,39.0000,39.0000,39.1900,38.7100,39.0900,823435,32077022.0000,3697
20250211,605011,22.6500,22.5600,23.1000,22.1800,22.6400,6553700,148340379.0000,11489
20250211,605016,16.6000,17.1300,18.2600,17.1300,18.2600,18496045,331000127.0000,16722
20250211,605018,12.3900,12.2700,12.3300,11.8600,12.2200,13227000,160132421.0000,25074
20250211,605020,21.9200,22.0100,22.0400,21.3300,21.3800,7568170,163750599.0000,17329
20250211,605028,17.1000,17.0300,17.0900,16.8500,17.0500,1393500,23639863.0000,3085
20250211,605033,20.3500,20.2800,20.2800,19.7000,19.8600,8194164,162974939.0000,12542
20250211,605050,10.2500,10.2500,10.3000,10.1700,10.2100,1724200,17639850.0000,2668
20250211,605055,5.4900,5.4000,5.4500,5.2600,5.2600,14977329,79503301.0000,11249
20250211,605056,14.0300,14.0900,14.3800,13.7300,14.0300,4739800,66050035.0000,10614
20250211,605058,22.5700,22.6400,22.6600,22.2500,22.4800,3899096,87655625.0000,9076
20250211,605060,19.2300,19.2800,19.5000,18.8900,18.9500,3933400,74988735.0000,9402
20250211,605066,6.2700,6.2600,6.3600,6.2100,6.3500,11603450,73076026.0000,13950
20250211,605068,13.9000,13.9000,14.1400,13.7700,13.9900,2222800,30931523.0000,4259
20250211,605069,9.0100,9.0000,9.1300,8.6000,8.6900,22397853,196581666.0000,22235
20250211,605077,14.4500,14.5500,14.8000,14.4200,14.7600,3383274,49462174.0000,5856
20250211,605080,28.6000,28.5400,30.3100,28.3300,30.1000,4503140,132790046.0000,16255
20250211,605081,9.7400,9.7500,9.8500,9.4400,9.5800,3379454,32261576.0000,4725
20250211,605086,29.0600,28.9200,31.5000,28.1500,30.9800,7573280,227676676.0000,18432
20250211,605088,27.4600,27.4500,29.5200,27.3300,29.2200,8698134,250369707.0000,15844
20250211,605089,24.2000,24.2000,24.4800,23.8300,24.0900,1038126,25025957.0000,2726
20250211,605090,26.6600,26.6600,26.8200,26.3900,26.6400,3951040,105026500.0000,9466
20250211,605098,37.1700,37.0000,38.4000,36.5000,37.8500,3582220,135218624.0000,9176
20250211,605099,21.2000,21.1700,21.3200,20.9700,21.2200,940100,19888540.0000,2787
20250211,605100,14.1900,14.1000,14.3000,13.9600,14.1000,3326484,46821461.0000,7154
20250211,605108,22.0400,22.0900,22.1000,21.3800,21.4500,2073300,44957341.0000,4494
20250211,605111,33.6600,33.5100,33.5600,32.9400,33.1700,9978686,331145506.0000,25463
20250211,605116,20.2600,20.3200,20.3600,19.8500,20.1600,1321900,26423390.0000,4802
20250211,605117,94.8900,94.6000,96.2000,94.4100,95.5000,6317445,603706517.0000,23959
20250211,605118,19.6500,19.5500,19.6900,19.3400,19.4600,5638400,109770105.0000,9751
20250211,605122,11.2600,11.2200,11.4500,11.0800,11.4400,2458118,27710630.0000,3262
20250211,605123,52.7200,52.8300,55.5400,52.0200,54.6200,3340615,181168876.0000,11214
20250211,605128,39.6400,39.5000,39.5000,38.2000,39.3100,1738846,67621915.0000,4789
20250211,605133,26.2400,26.0000,26.1800,25.2000,25.9600,4949267,126805684.0000,9975
20250211,605136,7.8400,7.9200,7.9400,7.7500,7.8500,13366500,104664528.0000,17170
20250211,605138,5.8300,5.8600,5.8600,5.7100,5.7900,2051700,11804420.0000,3644
20250211,605151,16.4800,16.5000,17.5500,16.3100,17.0100,3263500,55344100.0000,5460
20250211,605155,10.7200,10.7300,10.7800,10.6400,10.7200,2338580,25017779.0000,4972
20250211,605158,9.5800,9.5300,9.5700,9.2900,9.3700,7281430,68285327.0000,9744
20250211,605162,6.9800,6.9900,7.0200,6.9200,7.0200,5954412,41551717.0000,5634
20250211,605166,11.4300,11.4500,11.5100,11.3400,11.4800,3130550,35766130.0000,7743
20250211,605167,9.6100,9.6100,9.6400,9.4600,9.6000,2901300,27717384.0000,4165
20250211,605168,33.8900,33.6000,34.4500,33.2000,34.0200,7689967,259958761.0000,19743
20250211,605169,10.0300,10.0400,10.0900,9.9400,10.0500,1988785,19926731.0000,5306
20250211,605177,18.2200,18.3000,18.3000,18.0500,18.1400,849300,15394474.0000,1625
20250211,605178,17.2100,17.0000,17.6500,17.0000,17.5300,3563080,62246300.0000,6117
20250211,605179,19.5600,19.8700,19.9500,19.1100,19.3100,11525358,223002531.0000,24821
20250211,605180,13.1700,13.2400,13.2600,12.8700,13.1100,1954228,25558592.0000,3945
20250211,605183,16.9800,16.9600,17.1900,16.8800,17.0400,2388400,40671194.0000,5475
20250211,605186,23.0800,23.0800,23.7000,22.3600,22.4400,9526622,217222170.0000,16867
20250211,605188,7.2100,7.2300,7.2700,7.0500,7.1600,4954700,35315373.0000,8085
20250211,605189,12.7100,12.7100,12.7800,12.6300,12.7300,1020480,12950563.0000,1861
20250211,605196,12.1600,12.1300,12.7300,12.1100,12.6200,8580000,106910089.0000,12113
20250211,605198,29.4500,29.4100,30.2400,29.2700,29.7200,951400,28264566.0000,3270
20250211,605199,17.8600,17.7000,18.7000,17.1400,18.0200,25986300,459438800.0000,42125
20250211,605208,7.7700,7.8600,8.3000,7.8600,7.9600,22661582,181486783.0000,23787
20250211,605218,24.4300,24.5000,26.8700,24.4200,25.4000,18173215,474817408.0000,36394
20250211,605222,15.4200,15.3600,15.4900,15.2500,15.4400,2192900,33617308.0000,4096
20250211,605228,10.9800,10.8000,11.3200,10.4800,10.6600,13862600,148303787.0000,17005
20250211,605255,14.1400,14.0600,14.1700,13.8400,13.9300,4211878,58842830.0000,6374
20250211,605258,32.2500,32.1900,32.2700,31.7800,31.9800,2844300,91152550.0000,8132
20250211,605259,15.7500,15.7500,15.8400,15.6000,15.8200,1038108,16310751.0000,2790
20250211,605266,22.6000,22.5000,22.5000,21.8100,21.8100,3133639,69015278.0000,6757
20250211,605268,8.2700,8.2700,8.3400,8.2000,8.3200,3219795,26672750.0000,4575
20250211,605277,15.9500,15.9400,16.9000,15.8100,16.5000,42170195,691667575.0000,46964
20250211,605286,31.7000,31.6300,32.7700,31.5300,32.3300,1886100,60783088.0000,6000
20250211,605287,12.2100,12.2400,12.2400,12.0200,12.0800,1932300,23378379.0000,2662
20250211,605288,36.2600,36.2600,36.6000,36.0900,36.4900,1080780,39296122.0000,2766
20250211,605289,25.6500,25.7600,28.1800,25.4100,26.5000,8387634,222951396.0000,13877
20250211,605296,25.3600,25.3300,25.3300,24.7500,24.8100,3776460,94087032.0000,10570
20250211,605298,12.9700,12.9700,13.0100,12.4700,12.5300,1777513,22489010.0000,4734
20250211,605299,9.7800,9.8800,10.2900,9.3500,9.5100,25660900,249649737.0000,35859
20250211,605300,14.2800,14.2000,14.4600,13.5000,13.7300,12630699,175466784.0000,16122
20250211,605303,8.2700,8.3000,8.3600,8.1200,8.2500,1588600,13078675.0000,2981
20250211,605305,27.9700,27.8100,27.8700,27.4400,27.6000,3431281,94743348.0000,8861
20250211,605318,21.5200,21.9800,22.2800,20.5800,21.5800,3285499,70036265.0000,5229
20250211,605319,27.0700,26.8000,26.9900,26.4200,26.5900,2016700,53849695.0000,5896
20250211,605333,37.6000,37.8300,37.8800,35.3100,35.5500,6347975,230875449.0000,15946
20250211,605336,13.4600,13.4900,14.0200,13.4100,13.8500,11573720,159525939.0000,14991
20250211,605337,11.2400,11.2800,11.3600,11.0300,11.1100,7064091,78557134.0000,8674
20250211,605338,18.4600,18.4500,18.4700,17.9800,18.0000,5081307,92053875.0000,10892
20250211,605339,17.0000,16.9500,17.0500,16.7200,16.7400,1432028,24094576.0000,2224
20250211,605358,24.9600,24.9600,25.0000,24.3100,24.4100,6079144,148675521.0000,16641
20250211,605365,15.6100,15.6300,15.6800,15.5000,15.6700,2028400,31635865.0000,6451
20250211,605366,5.5900,5.6000,5.6300,5.5000,5.5600,4273848,23672515.0000,3927
20250211,605368,10.8600,10.8800,10.9600,10.8400,10.9400,4083389,44564890.0000,6296
20250211,605369,29.8600,29.9700,30.0600,29.4700,29.9700,803668,23906213.0000,2736
20250211,605376,29.4200,29.3600,29.8800,28.8200,29.8600,3798457,111049676.0000,10894
20250211,605377,12.5800,12.6700,12.7900,12.6200,12.7400,4493846,57169503.0000,6182
20250211,605378,21.9300,21.8500,23.4000,21.6000,22.8500,13184672,298607462.0000,27969
20250211,605388,6.2000,6.2000,6.2500,6.0700,6.1300,3649700,22306726.0000,6366
20250211,605389,25.4600,25.2000,27.4700,25.0000,26.3800,4253073,110829606.0000,7247
20250211,605398,40.8800,44.9700,44.9700,44.9700,44.9700,2347161,105551830.0000,2441
20250211,605399,11.4700,11.5000,11.5300,11.2500,11.4300,2064969,23451706.0000,3735
20250211,605488,34.3600,33.7200,37.8000,33.7200,37.8000,8149237,298126682.0000,14196
20250211,605499,222.0000,222.0000,226.9500,219.2000,223.5500,3811374,851128698.0000,26856
20250211,605500,7.2700,7.2500,7.2800,7.2000,7.2600,1301881,9421768.0000,2642
20250211,605507,20.0300,20.0800,20.3900,19.7300,20.3300,3555900,71285480.0000,9532
20250211,605555,26.4500,26.4000,26.8100,26.1000,26.2200,12222993,322561435.0000,23384
20250211,605566,19.2500,19.3100,19.6800,19.0200,19.3200,1820000,35296537.0000,2846
20250211,605567,9.2000,9.2000,9.2000,8.8400,8.8900,8669900,77467775.0000,8327
20250211,605577,14.5800,14.6000,14.7700,14.3200,14.7100,6509988,94763008.0000,13542
20250211,605580,11.0800,11.0700,11.1500,10.7900,10.9000,3244601,35319517.0000,4414
20250211,605588,43.7200,43.3300,44.2300,43.1000,43.1500,1587900,68843233.0000,4750
20250211,605589,25.1000,25.1500,25.8000,24.9300,25.6000,11959498,304455332.0000,23823
20250211,605598,22.1300,22.0400,22.0500,21.7000,21.7300,1825417,39820045.0000,3964
20250211,605599,10.8400,10.8800,11.9200,10.8500,11.9200,25096029,294951302.0000,20180
20250211,688001,30.9000,30.7800,32.8800,30.4100,32.5000,5623916,180132889.0000,9565
20250211,688002,54.4200,54.1400,55.5900,52.7000,54.8500,9030133,489963551.0000,21198
20250211,688003,48.2200,48.3300,48.9500,47.3600,48.9500,4802723,231962343.0000,8397
20250211,688004,18.2800,18.2100,18.5300,17.8800,17.9500,3569177,64863647.0000,4834
20250211,688005,33.5200,33.6100,33.7000,32.8100,33.3300,7043727,233790088.0000,15220
20250211,688006,18.6600,18.6700,18.7700,18.2700,18.4200,2918664,53708221.0000,4658
20250211,688007,16.2500,16.5300,17.0900,16.2900,16.3300,21156901,352991914.0000,27193
20250211,688008,72.6100,72.2000,72.5100,70.6600,71.7800,30507498,2179454872.0000,53170
20250211,688009,5.8300,5.8500,5.8600,5.7500,5.7600,23317706,134855317.0000,21459
20250211,688010,39.3000,38.6300,40.9000,38.6300,40.0100,2560878,102820230.0000,6689
20250211,688011,17.0300,17.2500,17.2500,16.5400,16.6700,714407,11937746.0000,1465
20250211,688012,191.1600,191.1600,191.2300,186.1100,187.4100,6984109,1311589078.0000,23783
20250211,688013,19.1800,19.3700,19.4200,18.9400,19.1500,631838,12073081.0000,1569
20250211,688015,19.7700,19.7500,19.8900,19.4700,19.6300,1264539,24804679.0000,2141
20250211,688016,108.6900,108.6900,109.2900,106.5000,106.6400,1302789,139555032.0000,3983
20250211,688017,168.5300,166.0000,175.8000,164.1100,167.0000,8919930,1514293360.0000,27881
20250211,688018,257.0100,256.0000,260.9000,250.1000,258.9800,4518165,1158659455.0000,17796
20250211,688019,154.0100,154.0000,154.0000,150.1000,150.4800,1464331,221004434.0000,5771
20250211,688020,34.8500,35.1800,35.1800,34.2000,34.6300,690563,23888558.0000,1610
20250211,688021,10.8500,10.8500,10.9000,10.6500,10.8700,1007796,10850678.0000,2040
20250211,688022,13.8300,13.6300,13.7800,13.3000,13.4200,5420816,72877297.0000,6738
20250211,688023,80.6400,75.0300,79.2000,70.8100,71.0500,21564075,1619397192.0000,35084
20250211,688025,49.5600,49.5800,49.5800,48.8000,49.3400,1531515,75398568.0000,4382
20250211,688026,13.7800,13.7000,13.8500,13.4000,13.6100,2655015,36026503.0000,4092
20250211,688027,289.0200,290.5200,292.0000,284.9800,288.8000,1885463,543585518.0000,8182
20250211,688028,21.2600,21.2000,21.2300,20.7700,20.9600,5342851,112057858.0000,7292
20250211,688029,69.8800,69.9800,70.3500,68.6000,68.9500,1460144,100799938.0000,5230
20250211,688030,17.6500,17.5800,17.7000,17.1900,17.3300,3036306,52656178.0000,5557
20250211,688031,56.0000,54.9000,57.5000,53.2000,55.2400,8110405,445607263.0000,19812
20250211,688032,107.9200,107.9100,107.9100,105.2000,105.8800,1075976,113945965.0000,3972
20250211,688033,5.8800,5.8800,5.8900,5.7500,5.8200,7628461,44259262.0000,5158
20250211,688035,40.2200,40.1400,40.2000,39.4000,39.7300,2711874,108044744.0000,4569
20250211,688036,107.0700,106.5500,107.6600,102.7000,103.0100,9958569,1038440771.0000,33793
20250211,688037,88.5000,86.5000,89.9200,84.5600,86.9700,9556233,828116059.0000,22908
20250211,688038,14.8800,14.8900,15.1000,14.6800,14.8400,7187164,106995461.0000,8739
20250211,688039,40.5800,37.6200,39.8400,36.2800,36.6300,13418094,509668083.0000,16804
20250211,688041,142.3000,142.4800,143.6700,137.5300,140.0000,26601503,3719734380.0000,66758
20250211,688045,35.3400,35.1300,35.3400,34.6400,34.7700,638303,22228613.0000,1968
20250211,688046,14.9000,14.8600,15.3100,14.5800,14.9400,4469839,66810215.0000,5244
20250211,688047,138.6900,138.3300,139.1800,133.6000,135.1600,5522700,749472734.0000,16286
20250211,688048,55.8000,55.8200,58.8800,53.3300,55.9000,13794489,770455101.0000,24040
20250211,688049,51.6800,51.2000,52.6900,50.3000,51.6400,10246527,528518186.0000,18298
20250211,688050,96.6300,96.7800,101.0000,95.0200,99.8600,2668899,262764636.0000,9197
20250211,688051,24.1000,23.7100,24.6700,23.3100,23.7300,2007675,48223815.0000,4199
20250211,688052,153.3100,156.8700,157.8300,149.1100,155.4400,2618994,402744643.0000,9667
20250211,688053,26.9300,27.1400,27.2500,25.9600,26.0600,2501767,65567591.0000,5393
20250211,688055,4.0400,4.0300,4.0800,3.9600,3.9900,7995786,31906869.0000,10132
20250211,688056,32.1300,32.2000,32.6400,31.3300,31.5200,470771,14874069.0000,1235
20250211,688057,11.3400,11.3400,11.3800,11.2000,11.2800,636414,7177724.0000,1123
20250211,688058,41.5000,39.0400,40.1000,37.3000,37.3000,7029429,269847197.0000,9149
20250211,688059,49.0400,49.0000,49.3900,48.2100,48.5800,577407,28027788.0000,1553
20250211,688060,39.8600,39.7500,40.7900,38.8000,39.9100,538795,21226393.0000,1482
20250211,688061,30.8100,30.8700,32.8500,30.8700,30.9600,2912584,92987912.0000,4731
20250211,688062,16.7600,16.8100,16.8100,16.1100,16.1500,4991486,81111654.0000,12101
20250211,688063,40.7100,40.7300,40.8900,39.9200,40.3300,3400995,136800805.0000,7448
20250211,688065,43.8300,44.0300,44.0800,43.2000,43.3100,2444938,106329739.0000,6658
20250211,688066,20.5900,20.6100,20.9400,19.9900,20.3700,13673160,279120841.0000,20206
20250211,688067,19.1700,19.2700,19.3800,19.0700,19.1900,1201027,23093197.0000,2580
20250211,688068,66.4000,65.7400,65.9000,64.0100,64.2200,1502670,97570531.0000,4216
20250211,688069,14.8300,14.8500,14.9400,14.5400,14.5700,752099,11004590.0000,925
20250211,688070,40.3200,40.3200,40.8800,39.7600,40.4000,897575,36211681.0000,2465
20250211,688071,39.0400,38.5800,39.0200,37.3000,38.3800,2588679,98631072.0000,4559
20250211,688072,159.8800,159.5000,161.9100,156.1800,159.8100,3956474,631485375.0000,15377
20250211,688073,54.3500,53.6600,54.2900,50.6600,51.0000,2781788,145347742.0000,5338
20250211,688075,39.1700,39.0000,39.2100,38.5400,38.6100,359981,13934335.0000,962
20250211,688076,51.2800,51.2100,51.3200,49.6700,49.8000,4721391,235842112.0000,9467
20250211,688077,24.1700,24.2700,24.2800,23.6700,23.7000,3073120,73579782.0000,4393
20250211,688078,34.7800,36.0600,41.7400,36.0600,41.7400,8040033,315606949.0000,7755
20250211,688079,9.3700,9.3100,9.8000,9.3000,9.5800,8270298,79003470.0000,10023
20250211,688080,48.3000,47.0000,47.9900,45.1600,47.0200,8832593,410080256.0000,13682
20250211,688081,19.1500,19.1500,19.2700,18.4100,18.5100,1503896,27976261.0000,1831
20250211,688082,103.0800,102.6400,103.0500,101.2300,101.7700,1625646,165689238.0000,6142
20250211,688083,94.7100,94.1000,95.1700,91.3600,93.5700,2235474,208048952.0000,6727
20250211,688084,70.1200,68.0100,70.1200,64.3000,69.7500,2904666,195334852.0000,4958
20250211,688085,19.0300,19.0600,19.0600,18.3100,18.8500,1320261,24653347.0000,2522
20250211,688087,31.1900,31.2000,31.2100,30.3000,30.7400,1580617,48512261.0000,3016
20250211,688088,54.2500,53.7100,53.9000,51.8300,53.0000,16743758,879065243.0000,33881
20250211,688089,21.8500,21.7800,21.8900,21.0000,21.0800,3596513,76188803.0000,5167
20250211,688090,43.9600,43.9600,45.1400,42.7100,44.7000,3573169,158334562.0000,6940
20250211,688091,36.4800,36.2300,36.6900,35.4800,35.4900,2160317,77162467.0000,4437
20250211,688092,22.1100,22.0000,22.6900,21.6500,22.3600,2031253,44996195.0000,2980
20250211,688093,20.0500,20.0000,20.5700,19.9200,20.3800,2667145,53995945.0000,5060
20250211,688095,79.4700,78.7000,79.7600,76.0000,77.9000,4584455,356194140.0000,8733
20250211,688096,9.0900,9.1700,9.1800,8.9800,9.1600,1340201,12222166.0000,1485
20250211,688097,28.4300,28.3000,28.4200,27.7000,27.8700,4639865,129849390.0000,8067
20250211,688098,5.7400,5.7300,5.7400,5.6200,5.6500,1536790,8700370.0000,2336
20250211,688099,87.3000,86.8200,87.2900,82.9900,84.3700,18248990,1541873409.0000,49356
20250211,688100,36.4800,36.6400,37.3900,35.8100,37.2000,3135189,115063771.0000,10187
20250211,688101,13.3400,13.3600,13.3600,13.2000,13.2900,1196342,15867495.0000,1178
20250211,688102,9.4000,9.4800,9.5600,9.3000,9.4300,5809318,54728266.0000,6607
20250211,688103,40.0500,39.8000,41.2300,39.1200,40.4700,1800914,72142389.0000,3858
20250211,688105,21.6200,21.7800,21.9600,20.9200,21.1100,2013507,42589059.0000,5114
20250211,688106,17.5500,17.5500,17.6400,17.3800,17.5600,3906742,68219567.0000,5131
20250211,688107,29.8500,29.8500,30.0900,28.8100,29.0000,4424454,128565547.0000,10557
20250211,688108,10.7000,10.7000,10.8700,10.5700,10.7900,9585407,103022859.0000,7259
20250211,688109,29.6000,29.4300,30.7700,27.8400,29.3200,4293756,127254401.0000,6413
20250211,688110,27.6100,27.3400,27.6000,26.8300,27.0100,14034480,380046076.0000,17715
20250211,688111,377.4600,374.0800,388.3300,372.5900,377.9700,7360735,2801572513.0000,28967
20250211,688112,28.4800,28.6000,28.6100,27.9000,28.0500,1578840,44311646.0000,3709
20250211,688113,30.7100,30.7000,31.5000,30.3300,30.8500,679814,21074091.0000,1496
20250211,688114,66.0000,66.0000,66.9900,61.2000,62.8700,10344861,660218721.0000,17509
20250211,688115,39.0200,39.1100,39.5800,38.3900,38.8800,874369,34193707.0000,1618
20250211,688116,41.2000,41.1900,41.6500,40.2300,40.8800,8885010,363354378.0000,13038
20250211,688117,25.3600,25.3000,25.3900,24.8100,25.0500,1159647,29013712.0000,2543
20250211,688118,26.8000,26.3500,28.8000,26.1600,27.6200,7842107,215691324.0000,11562
20250211,688119,3.8700,3.8800,3.8800,3.8000,3.8400,4194691,16066001.0000,3402
20250211,688120,165.1600,165.1000,165.9300,161.1800,164.8000,2908593,476164775.0000,12090
20250211,688121,11.3700,11.3300,11.3700,11.1500,11.2700,1977431,22196843.0000,2135
20250211,688122,43.6400,43.5100,43.5900,42.7200,43.0900,6017698,258439893.0000,13996
20250211,688123,75.7000,72.0100,72.0700,69.6000,70.8000,11719935,827476213.0000,22089
20250211,688125,47.8300,47.8100,48.1200,46.6000,46.9200,656739,30977181.0000,1819
20250211,688126,18.3300,18.3300,18.4400,17.8300,18.1300,21514434,388879496.0000,24179
20250211,688127,29.9800,30.0200,30.6900,29.3800,30.3200,8751794,263812312.0000,16145
20250211,688128,22.0800,22.0000,22.1000,21.8100,22.0400,2599955,57086374.0000,5632
20250211,688129,17.2600,17.2600,17.3800,17.0700,17.2400,800224,13774499.0000,1629
20250211,688130,26.8800,26.8800,27.0100,26.2700,26.4700,1769323,46862352.0000,3174
20250211,688131,41.2500,41.4200,41.6200,40.2300,40.7200,2825501,115129159.0000,7584
20250211,688132,20.4100,20.0800,20.5900,19.3800,19.6600,4642012,91830726.0000,5413
20250211,688133,20.3600,20.3000,20.3500,19.9300,20.2200,1828343,36750055.0000,3293
20250211,688135,19.9200,19.9000,19.9900,18.8100,19.0500,8053285,154327670.0000,12699
20250211,688136,19.0000,18.9000,19.1400,18.6500,18.7400,1266428,23761213.0000,3317
20250211,688137,33.6100,33.2000,33.8800,33.0400,33.5800,368085,12275597.0000,944
20250211,688138,27.1800,27.0100,27.1700,26.2500,26.4100,7373694,196029093.0000,11461
20250211,688139,32.6200,32.7900,33.1000,32.3500,32.5200,4229899,138427831.0000,9086
20250211,688141,37.4100,37.0000,37.6600,36.1900,36.1900,14533435,534186404.0000,19872
20250211,688143,27.5800,27.2500,28.3000,26.7300,26.9900,8688207,238299881.0000,10153
20250211,688146,28.9600,28.9600,28.9900,28.2600,28.4400,2750656,78179630.0000,6065
20250211,688147,27.0400,27.0500,27.0500,26.3100,26.5000,2570787,68167399.0000,5501
20250211,688148,5.1800,5.1200,5.1800,5.0200,5.0700,7044947,35709732.0000,8096
20250211,688150,20.9100,20.9100,20.9700,20.4100,20.5100,3981519,81919903.0000,7275
20250211,688151,18.4900,18.5900,21.5500,18.5900,19.4000,21365833,431375426.0000,17302
20250211,688152,64.1500,64.3400,68.0000,63.1100,65.6700,3297812,216666780.0000,6757
20250211,688153,37.3900,37.5000,37.5000,35.7000,35.9700,5022956,181382383.0000,10055
20250211,688155,40.5800,40.6500,40.7000,39.8800,40.1800,1836086,73673894.0000,2960
20250211,688156,13.8600,13.9500,15.1300,13.7300,14.3900,3462604,49741033.0000,3234
20250211,688157,38.3800,38.4000,38.4700,37.5000,37.9500,515768,19523183.0000,1555
20250211,688158,28.6800,30.0100,34.3000,27.6700,27.9000,172037267,5273875325.0000,141915
20250211,688159,39.1000,38.8100,41.6800,38.1000,38.1000,13205270,523324412.0000,15796
20250211,688160,84.2000,83.3600,90.3000,82.2000,83.0200,3969729,340607280.0000,8884
20250211,688161,26.3000,26.3100,26.5000,25.6000,25.7300,1225497,31635563.0000,3574
20250211,688162,24.6200,24.5400,26.8200,24.2000,26.8000,5942125,152644179.0000,8791
20250211,688163,18.2500,18.3400,18.3400,17.7900,17.9600,943197,16935963.0000,2004
20250211,688165,34.3800,30.8000,32.1900,30.5800,31.7500,45170588,1416266750.0000,40288
20250211,688166,30.4600,30.4600,30.5500,29.4300,29.4400,9980749,296618112.0000,12116
20250211,688167,74.3100,74.0000,86.0000,72.7200,80.1500,8750283,686416006.0000,16227
20250211,688168,49.0000,47.9400,57.8000,47.0900,51.0000,8919171,462380692.0000,10451
20250211,688169,239.1000,240.0000,244.5000,237.5000,239.1800,2854185,688167781.0000,11633
20250211,688170,23.4000,23.4300,23.7000,23.1800,23.2700,1418399,33186233.0000,2382
20250211,688171,19.0500,18.9900,19.0100,18.4000,18.6700,1892856,35244026.0000,3607
20250211,688172,21.0000,21.0000,21.4900,20.3900,20.8300,7236248,150377440.0000,10636
20250211,688173,11.7200,11.7200,11.8400,11.4700,11.5500,8212069,95759311.0000,11537
20250211,688175,18.8600,18.8600,18.8800,18.3100,18.5000,1670272,31007029.0000,3309
20250211,688176,7.2100,7.1800,7.2200,7.1000,7.1100,4273007,30508090.0000,4399
20250211,688177,19.9400,20.5000,20.5000,19.5600,19.8000,1948881,38620410.0000,5020
20250211,688178,15.0700,15.0700,15.6000,15.0200,15.3500,1347263,20715192.0000,1973
20250211,688179,15.5300,15.5000,15.5000,15.1400,15.3600,1668995,25540849.0000,2957
20250211,688180,27.9000,27.8800,28.1600,27.4400,28.0000,5800039,161240159.0000,11517
20250211,688181,31.7000,31.5500,31.7000,30.7000,30.9300,3236982,100196376.0000,4444
20250211,688182,18.6100,18.6500,18.6500,18.0000,18.1100,3591119,65266767.0000,4835
20250211,688183,38.0100,37.9000,39.1300,37.5100,38.1000,8537592,327392969.0000,20346
20250211,688184,13.7300,13.6900,13.9100,13.5100,13.8500,631448,8660926.0000,1039
20250211,688185,63.2600,63.2600,63.5000,62.1000,62.9300,1495821,93927575.0000,4433
20250211,688186,18.2000,18.2000,18.3900,17.9800,18.3500,2591729,47279939.0000,4340
20250211,688187,45.2200,45.3300,45.3400,44.0000,44.2500,5515846,245306752.0000,11593
20250211,688188,204.5000,203.7000,208.2600,202.1100,205.1900,1168035,239951651.0000,5348
20250211,688189,6.7000,6.6800,6.7500,6.5600,6.6400,3193230,21154960.0000,2561
20250211,688190,88.2800,88.0100,88.2800,85.5700,85.7700,1129461,97639236.0000,4040
20250211,688191,19.8600,19.9400,20.7300,19.6200,20.5800,5919252,121008651.0000,8492
20250211,688192,42.9500,43.1000,43.2300,41.3800,41.4000,2439924,102282144.0000,6288
20250211,688193,36.7800,36.8800,36.8800,35.6300,36.1900,272506,9840823.0000,1145
20250211,688195,47.6000,47.8500,48.0000,45.0000,46.0800,7210318,336838979.0000,12550
20250211,688196,37.0600,37.0000,37.1400,36.3000,36.5300,831523,30511981.0000,2041
20250211,688197,32.7100,32.6400,32.9500,32.0400,32.5300,748037,24326264.0000,1655
20250211,688198,108.1200,109.0000,109.0000,105.8600,106.2400,177821,18934988.0000,854
20250211,688199,15.7000,15.7800,15.8000,15.5200,15.7000,1176582,18434456.0000,1975
20250211,688200,118.5900,118.5600,123.9600,116.1100,120.7800,3186402,381509870.0000,13849
20250211,688201,9.7200,9.6300,9.9400,9.3800,9.6700,12435529,119818418.0000,11901
20250211,688202,32.3500,32.4300,32.8500,31.3900,32.4200,4222769,135927734.0000,7340
20250211,688203,10.0700,10.0400,10.0600,9.9000,9.9500,859420,8556962.0000,1234
20250211,688205,102.9000,102.3600,111.7000,101.3000,108.7000,3717873,403025291.0000,8951
20250211,688206,20.3300,20.2900,20.3000,19.7900,19.8800,4135417,82396583.0000,7990
20250211,688207,18.0000,17.8000,17.8000,17.0800,17.1700,15711665,272174863.0000,18629
20250211,688208,44.7300,44.7200,46.2000,43.7200,45.2300,20599558,923648457.0000,33310
20250211,688209,19.0700,19.0900,19.1500,18.5800,18.7500,5704232,106899769.0000,9217
20250211,688210,19.8000,19.6800,19.8200,19.4900,19.6800,3004656,59086748.0000,3513
20250211,688211,29.9100,29.9800,29.9800,29.5300,29.5700,352082,10444178.0000,826
20250211,688212,42.4400,42.4000,42.8000,41.1700,42.3400,1584181,66704746.0000,4530
20250211,688213,85.4800,87.0000,90.4800,86.1000,86.3700,8972490,788666299.0000,22403
20250211,688215,25.8000,25.6000,26.3800,25.5400,26.1200,829700,21538697.0000,2063
20250211,688216,22.0700,22.2500,22.3000,21.5300,21.7300,1329104,28968849.0000,3280
20250211,688217,22.0200,22.2000,22.3500,21.8100,22.0300,1249173,27588920.0000,2033
20250211,688218,23.9800,23.6500,25.4200,23.4100,25.1300,15141327,370726197.0000,15166
20250211,688219,11.1600,11.2400,11.4200,11.1900,11.2600,8484710,95679047.0000,4905
20250211,688220,77.0600,77.0600,81.9100,75.6100,76.6500,7802616,612311912.0000,19993
20250211,688221,10.3300,10.3900,10.5000,10.1600,10.3500,3298165,34014821.0000,3724
20250211,688222,15.8200,15.6500,15.9800,15.1000,15.5700,22564977,351193479.0000,26217
20250211,688223,6.4400,6.4500,6.4600,6.2700,6.3000,64690481,409252020.0000,37243
20250211,688225,23.7500,23.7300,23.7300,22.2200,22.5800,9123055,208111805.0000,12135
20250211,688226,28.5500,28.4500,30.2900,28.2000,29.9300,4272085,125634505.0000,5880
20250211,688227,42.8500,41.0000,49.5000,39.5000,42.8000,8306536,363575903.0000,10309
20250211,688228,67.5500,64.0000,67.5500,61.9800,62.1000,8971625,577179086.0000,15184
20250211,688229,53.6800,53.8800,59.0000,52.1100,52.9000,4460410,248615380.0000,7733
20250211,688230,48.0800,48.3800,48.3900,47.0800,47.1500,1084474,51395457.0000,2623
20250211,688231,14.5700,14.5300,14.7500,14.3900,14.6100,1352636,19666358.0000,1890
20250211,688232,36.2400,35.2000,35.8100,34.3300,34.6200,5343179,186816885.0000,12402
20250211,688233,24.0900,24.1400,24.1400,23.5100,23.6000,3039992,71975727.0000,6285
20250211,688234,58.1400,58.0000,58.0700,56.5800,56.8900,5078705,289584455.0000,11950
20250211,688235,190.2300,189.6000,193.8000,188.8800,192.1800,1618617,310066406.0000,7544
20250211,688236,13.7100,13.8900,13.8900,13.3600,13.4800,1598236,21593766.0000,2879
20250211,688237,23.6500,23.7000,23.7000,23.2000,23.4300,915576,21423936.0000,1958
20250211,688238,5.2900,5.2400,5.3100,5.1500,5.2300,9471657,49355447.0000,7873
20250211,688239,40.6900,40.7000,41.6700,40.6000,41.2200,3045454,125347615.0000,5666
20250211,688244,35.6000,34.5000,42.7200,34.0800,40.5000,11568223,448819116.0000,11433
20250211,688246,31.4200,32.7900,32.9900,30.0100,30.4800,5486204,171671044.0000,6005
20250211,688247,10.6100,10.6300,10.6300,10.3800,10.4600,3221087,33591846.0000,3179
20250211,688248,32.1200,32.2200,32.2200,31.5100,31.8200,2274231,72234332.0000,6157
20250211,688249,24.1400,24.1000,24.1400,23.4000,23.6900,18919056,446672787.0000,22630
20250211,688251,19.1700,19.3000,20.6400,19.3000,20.0000,3658694,73771209.0000,5681
20250211,688252,25.8300,25.7200,25.8200,25.1000,25.4200,6502236,165635038.0000,9638
20250211,688253,32.1700,32.2500,32.4800,31.1600,31.4200,4117470,129635165.0000,7772
20250211,688255,40.6800,41.1400,48.8200,40.5000,48.8200,14495735,650390988.0000,19501
20250211,688256,651.9600,652.0000,696.5000,641.0100,667.8300,9148212,6086293220.0000,42305
20250211,688257,17.5600,17.5900,18.0200,17.4100,17.9400,2594507,46183719.0000,3410
20250211,688258,39.6700,39.0000,41.0000,38.2300,39.8300,7062339,280431862.0000,11554
20250211,688259,38.9800,38.8800,38.8800,37.8100,38.0500,1821833,69330575.0000,3418
20250211,688260,15.9100,15.9600,19.0900,15.8400,19.0900,20715600,381419420.0000,10824
20250211,688261,43.6400,43.5700,43.6600,42.4100,42.7400,2376659,101640557.0000,6248
20250211,688262,30.5100,30.4800,30.4800,29.1800,29.3300,12141332,358786862.0000,21670
20250211,688265,26.4800,26.3800,27.2500,25.8700,27.0500,668764,17811049.0000,1476
20250211,688266,64.2000,64.4100,65.3000,63.4000,64.8800,1680277,108415562.0000,6498
20250211,688267,23.5800,23.6000,23.9800,23.1300,23.8600,929114,21889387.0000,1382
20250211,688268,46.2800,46.2900,46.6000,45.0000,45.3800,2022298,91885410.0000,4475
20250211,688269,24.9800,24.9500,25.0200,24.5700,24.6600,814411,20095641.0000,1808
20250211,688270,37.9000,37.9900,38.2900,36.9000,37.3400,4213364,157487532.0000,8226
20250211,688271,127.9000,129.0000,131.7000,128.0000,130.4800,5229550,682246054.0000,18393
20250211,688272,21.4800,22.0000,25.3800,22.0000,23.3100,9063042,214997500.0000,9034
20250211,688273,24.5100,24.2900,24.6800,24.2900,24.3300,432541,10548231.0000,1087
20250211,688275,49.0000,48.5100,48.5100,46.8100,47.5400,1115064,52823101.0000,3258
20250211,688276,23.8800,23.8800,23.9800,23.3100,23.6500,2244743,52848951.0000,3757
20250211,688277,12.1800,12.0600,12.2000,11.7500,11.9500,11819897,141207503.0000,11025
20250211,688278,79.9000,80.2300,81.7900,79.8800,81.5900,2483581,200941488.0000,7651
20250211,688279,223.0000,220.9600,229.8900,218.0200,228.5500,1389936,313914830.0000,6303
20250211,688280,5.0900,5.1000,5.1300,4.9700,5.0100,6216313,31174176.0000,6012
20250211,688281,85.5000,85.8100,85.8100,82.8600,83.2300,1241615,103618684.0000,4143
20250211,688282,34.2000,34.0100,34.3900,33.9100,34.1000,210386,7172645.0000,345
20250211,688283,27.0000,26.8000,26.9300,26.1300,26.2900,407184,10787804.0000,1067
20250211,688285,7.5900,7.6300,7.6300,7.4600,7.5400,1313842,9883693.0000,1407
20250211,688286,70.6200,70.6200,71.5000,69.0500,69.6600,1367854,95771848.0000,3518
20250211,688287,5.9300,5.9600,5.9700,5.8200,5.8500,2198226,12924310.0000,926
20250211,688288,21.1700,21.2200,21.2200,20.5500,20.8600,3027834,62987407.0000,7348
20250211,688289,21.9600,22.2200,22.2200,21.3000,21.3600,6227945,134211342.0000,8811
20250211,688290,49.2300,49.1300,55.5500,48.5000,53.1500,5242573,273024686.0000,7837
20250211,688291,21.6500,21.7100,22.7800,21.3100,22.4700,2745155,61337391.0000,4757
20250211,688292,24.4800,24.1800,24.2000,23.5200,23.6400,6444006,153135908.0000,8716
20250211,688293,42.0200,41.6000,42.8800,39.1900,41.3900,2133061,87271025.0000,4111
20250211,688295,18.7100,18.6500,18.7000,18.1900,18.2500,2335969,42744051.0000,4815
20250211,688296,12.9600,13.0100,13.2400,12.7500,13.0800,1804128,23414223.0000,4176
20250211,688297,40.3600,39.9800,40.4300,39.4400,39.8800,4776569,190254726.0000,9912
20250211,688298,30.0400,30.0100,30.0300,29.3200,29.7200,2595946,76977681.0000,4932
20250211,688299,15.4800,15.6000,15.6400,14.8500,15.0100,14566250,218707842.0000,14023
20250211,688300,61.6600,61.6000,61.9700,60.5000,61.0500,2782545,170356814.0000,7922
20250211,688301,108.3000,107.9600,108.8100,104.6000,104.6600,1053377,111803234.0000,3732
20250211,688302,31.2300,31.3700,31.3700,30.3000,30.5900,692330,21198625.0000,1937
20250211,688303,22.1700,22.1000,22.2400,21.3000,21.4500,10092927,217138092.0000,18732
20250211,688305,71.9000,72.0000,72.3500,70.7700,71.6900,1300624,93015377.0000,3400
20250211,688306,10.4800,10.4000,10.4300,9.7200,9.8500,56913997,570074205.0000,44001
20250211,688307,27.4700,27.6400,27.7100,27.0000,27.0600,3029342,82415681.0000,6768
20250211,688308,18.0600,18.0500,18.0500,17.6000,17.8300,1498787,26591531.0000,2639
20250211,688309,13.8000,13.8000,13.8900,13.6000,13.8000,447567,6161253.0000,834
20250211,688310,11.5600,11.6400,11.7100,11.4600,11.5100,1365455,15756611.0000,1905
20250211,688311,31.1300,30.8700,31.2000,30.1100,30.5200,1683371,51348380.0000,3257
20250211,688312,29.6900,29.7800,29.9200,29.2200,29.4100,1670544,49239456.0000,3928
20250211,688313,19.3700,19.4000,20.0900,18.9500,19.0000,34250912,666703687.0000,38452
20250211,688314,30.7100,30.7100,30.7100,29.7400,30.0900,369002,11080096.0000,1121
20250211,688315,14.8000,14.8500,14.9000,14.3900,14.7100,7827723,114493117.0000,14073
20250211,688316,70.6400,84.7700,84.7700,84.7700,84.7700,751743,63725254.0000,486
20250211,688317,16.9300,17.0200,17.0300,16.7100,16.8100,987686,16584684.0000,2008
20250211,688318,169.8600,169.0100,169.9800,164.7300,167.1800,3516804,586782505.0000,11743
20250211,688319,11.4100,11.4000,11.5400,11.2300,11.4100,2388125,27119852.0000,3486
20250211,688320,49.7800,49.1800,52.3400,48.7800,52.3300,12227320,621401654.0000,16586
20250211,688321,18.4600,18.4600,18.4600,17.8800,18.1800,3953863,71450299.0000,8985
20250211,688322,59.1000,58.5900,63.8300,58.3000,61.5200,15557445,958849398.0000,24204
20250211,688323,15.0200,14.8000,14.9000,14.0600,14.4000,6283906,90556637.0000,6374
20250211,688325,52.2500,52.2600,52.7900,51.0300,51.9700,935236,48475568.0000,2513
20250211,688326,110.8000,110.4500,110.4500,104.0100,106.0000,3137066,334732925.0000,9435
20250211,688327,16.6700,17.3000,18.5000,16.0000,16.0100,202238208,3500846204.0000,108830
20250211,688328,16.3200,16.3300,16.4500,16.0300,16.3600,2691090,43658610.0000,4236
20250211,688329,16.0400,16.0400,16.3400,15.7900,16.0900,1523210,24500143.0000,2676
20250211,688330,26.8500,26.7400,26.9800,26.5000,26.7000,727936,19424718.0000,1872
20250211,688331,30.2000,30.4700,30.4700,29.3200,29.4900,2971650,88016709.0000,7389
20250211,688332,131.6900,131.6800,133.3000,128.1100,129.7000,4618765,603761225.0000,13746
20250211,688333,53.6100,53.3800,54.6300,52.1800,54.2400,8400551,449732056.0000,16696
20250211,688334,16.5200,16.5200,16.6500,16.3600,16.5300,2432224,40106956.0000,3074
20250211,688335,8.9900,9.0000,9.0100,8.8500,8.9800,608934,5445953.0000,1251
20250211,688336,22.4900,22.5200,22.6500,22.1500,22.3600,1507021,33628573.0000,5217
20250211,688337,37.2000,37.2500,37.2700,35.8800,36.2700,1361922,49323695.0000,5042
20250211,688338,24.6600,24.6600,24.7800,24.1300,24.6500,891169,21814979.0000,1607
20250211,688339,22.8500,22.8600,23.0000,22.4000,22.7100,2494074,56539940.0000,3520
20250211,688343,73.1000,69.7200,71.2000,66.8000,66.8500,40539260,2792951592.0000,64682
20250211,688345,19.2800,19.2700,19.3100,19.0000,19.2000,651525,12445853.0000,1672
20250211,688347,49.0400,49.0100,49.2700,47.5200,47.7200,9452449,453748458.0000,20862
20250211,688348,48.6600,48.6300,48.7000,47.5000,47.9800,1677491,80243665.0000,4618
20250211,688349,27.0900,27.4700,27.4700,26.6200,26.6800,2068283,55584510.0000,5058
20250211,688350,15.3300,14.9800,15.8400,14.7000,14.7300,3855003,58344563.0000,4093
20250211,688351,19.5700,19.6100,19.6700,18.9400,19.1600,2775672,53065109.0000,5460
20250211,688352,12.0600,12.0300,12.0500,11.6800,11.8500,11103457,131216891.0000,12752
20250211,688353,23.3200,23.3200,23.4900,22.8800,23.0900,533916,12311087.0000,1382
20250211,688355,18.6600,18.5200,18.6600,18.4000,18.5800,1398103,25893046.0000,1825
20250211,688356,55.4900,56.0000,56.0000,54.3300,54.6700,259795,14239617.0000,878
20250211,688357,23.0100,23.0200,23.4500,22.8000,23.3100,739960,17141587.0000,1415
20250211,688358,29.4100,29.5000,31.1300,28.9000,30.1000,3923107,117852963.0000,7520
20250211,688359,44.7500,44.3700,46.0100,44.2200,45.8300,928312,42311038.0000,1847
20250211,688360,23.0000,23.0600,24.4700,22.8800,23.5600,6306569,150224025.0000,6122
20250211,688361,97.5600,96.3200,98.0100,93.8000,96.8000,2509811,240926247.0000,9298
20250211,688362,29.7300,29.6900,29.6900,27.9000,28.3100,23044816,654392531.0000,34007
20250211,688363,49.9500,50.0100,50.2100,48.7500,48.9200,2542213,124683151.0000,7442
20250211,688365,17.7400,18.0000,19.7100,17.0400,17.1600,79601797,1450429624.0000,51935
20250211,688366,59.7400,60.0900,60.0900,57.7100,58.6500,645500,37726618.0000,2355
20250211,688367,16.5600,16.6500,16.7500,16.4100,16.6400,905850,15012564.0000,1524
20250211,688368,91.5400,91.6900,91.6900,87.0900,87.2000,1246945,110158069.0000,4391
20250211,688369,30.1000,29.3000,32.1700,27.9000,29.1100,10957375,325403067.0000,10652
20250211,688370,19.2100,19.2300,19.2700,19.0600,19.2100,241859,4641333.0000,439
20250211,688371,16.0900,16.0000,16.1800,15.8700,16.0700,1491269,23819754.0000,3397
20250211,688372,77.0300,76.7000,78.8000,74.8500,75.3000,4704881,360395310.0000,11621
20250211,688373,5.5000,5.4600,5.5600,5.3200,5.4600,9928184,54142139.0000,8553
20250211,688375,50.1400,49.9800,51.7500,49.4800,50.6500,2344616,118827223.0000,5246
20250211,688376,34.3800,34.2900,34.2900,33.6300,33.9000,649542,21972659.0000,1460
20250211,688377,19.9300,19.9300,20.2800,19.1200,19.2900,3432414,66969179.0000,3275
20250211,688378,25.4200,25.6000,26.3000,25.0300,25.8100,6924825,177640463.0000,8116
20250211,688379,21.4100,21.5000,21.5200,20.9600,21.1300,1216846,25726933.0000,2384
20250211,688380,31.0200,31.0500,31.0500,29.9000,30.1700,9374568,283024032.0000,16381
20250211,688381,19.1100,19.1300,19.1500,18.6200,18.7800,2713284,50930440.0000,4284
20250211,688382,13.1400,13.1000,13.4100,12.4700,12.5400,16130915,204821779.0000,14301
20250211,688383,46.8200,46.9700,46.9700,45.8500,46.4300,981585,45317083.0000,2844
20250211,688385,39.5900,39.4500,39.5200,38.6500,38.8600,9358348,364871088.0000,21811
20250211,688386,35.1600,35.2900,35.3000,34.0900,34.5000,849367,29337633.0000,1658
20250211,688387,6.0700,6.0600,6.0600,5.9500,6.0100,17532537,105175805.0000,12020
20250211,688388,15.2100,15.2400,16.0000,14.8800,15.8800,11126820,172793112.0000,12147
20250211,688389,14.9300,15.0000,15.0000,14.7400,14.9300,5148671,76530082.0000,7989
20250211,688390,40.5200,40.4000,40.4000,39.4500,39.5100,4922211,195277523.0000,10021
20250211,688391,30.9500,30.9800,31.1300,30.4200,30.6200,1048428,32079959.0000,2270
20250211,688392,46.4800,46.4500,46.9800,45.3000,46.4100,2513823,116018912.0000,6808
20250211,688393,21.6000,21.4500,21.4500,20.6000,20.8500,3669741,76674338.0000,4772
20250211,688395,18.6500,18.7500,18.8400,18.3700,18.5000,923890,17107159.0000,2021
20250211,688396,47.0500,47.0400,47.0400,46.0500,46.1900,6814277,315858989.0000,13594
20250211,688398,15.2000,15.1900,16.0000,15.1600,15.9300,5139290,80752915.0000,5660
20250211,688399,64.2900,64.4800,65.3200,63.2100,64.1500,483152,31016537.0000,1945
20250211,688400,29.6500,29.7400,32.7700,29.5600,30.1500,25310079,786751377.0000,29799
20250211,688401,28.6300,28.6000,28.6000,27.7500,27.9700,4449390,124722678.0000,6199
20250211,688403,9.0500,9.0400,9.0800,8.8900,8.9800,11390400,102119927.0000,11873
20250211,688408,58.8300,58.9100,59.0000,56.4600,56.6300,6708275,383961532.0000,17297
20250211,688409,54.1200,54.0000,55.2500,52.8800,54.4900,5426929,293290338.0000,12313
20250211,688410,10.9400,10.9600,10.9600,10.5800,10.6900,2776205,29668214.0000,3744
20250211,688411,61.0600,61.0500,61.7200,59.0000,59.6000,6404587,385396793.0000,12324
20250211,688416,48.2000,46.3100,47.2000,44.5700,45.1200,8827840,405719108.0000,13973
20250211,688418,28.7000,28.8100,29.1500,28.2500,28.6500,5426987,155829255.0000,9337
20250211,688419,34.5000,34.5700,35.3900,34.0000,35.1500,1272383,44536561.0000,2943
20250211,688420,21.9500,22.5000,24.3800,22.0000,23.2000,2040545,47192177.0000,3267
20250211,688425,4.1400,4.1500,4.1500,4.0900,4.1300,20662587,85010186.0000,13432
20250211,688426,25.5800,25.7700,26.1000,24.8000,25.8000,1327288,33717604.0000,2346
20250211,688428,12.5200,12.6400,12.7000,12.1900,12.2300,3369829,41586562.0000,6695
20250211,688429,16.5600,16.6600,16.7200,16.0300,16.2500,2351020,38133519.0000,4009
20250211,688432,11.2800,11.3000,11.3000,11.0000,11.1200,5903604,65475079.0000,9363
20250211,688433,25.9800,26.3000,28.0000,25.4100,27.4100,5406349,145880398.0000,9509
20250211,688435,40.2500,39.1000,44.1000,37.5500,39.6300,10387373,424335748.0000,12199
20250211,688439,50.8200,50.7500,50.7500,49.8900,50.0900,2136241,107123404.0000,5014
20250211,688443,25.5600,25.6700,25.6700,24.4400,24.5600,2396999,59260340.0000,5090
20250211,688448,31.0400,30.8300,31.1900,30.1000,30.7300,1274058,39038525.0000,2302
20250211,688449,48.1400,48.0000,48.1300,46.4600,46.5800,9311256,439112794.0000,15792
20250211,688450,23.7500,23.6600,23.6600,23.3100,23.4100,382139,8957859.0000,997
20250211,688455,12.0400,12.0000,12.0000,11.9000,11.9900,593119,7093571.0000,1193
20250211,688456,34.4700,34.4700,34.4700,33.3300,33.5200,2020158,68025511.0000,2994
20250211,688458,36.0400,36.1000,36.1900,34.8300,35.2000,1849106,65168425.0000,3334
20250211,688459,9.6400,9.6200,9.6700,9.5600,9.6500,2157988,20712584.0000,1784
20250211,688466,14.8400,14.9800,15.1400,14.7000,15.0700,634192,9477735.0000,1006
20250211,688468,7.2300,7.2300,7.2400,7.1000,7.1500,3534200,25268999.0000,4142
20250211,688469,4.9100,4.9200,4.9300,4.8000,4.8500,59359937,287335184.0000,27183
20250211,688472,10.8400,10.6900,10.6900,10.2200,10.2300,59934128,620322718.0000,55023
20250211,688475,40.0000,39.5000,39.8000,37.2300,37.6700,10422624,399790070.0000,19714
20250211,688478,30.9800,31.0300,31.0300,30.2200,30.4700,1325164,40383112.0000,2351
20250211,688479,19.9800,20.0000,20.0000,19.0700,19.1900,2478175,47761604.0000,3679
20250211,688480,29.2900,29.2900,29.3900,28.9000,29.0500,452601,13162316.0000,876
20250211,688484,37.3700,37.3700,37.3800,36.1200,36.3600,7713970,280849323.0000,14859
20250211,688485,9.8700,9.9000,9.9000,9.7500,9.8500,1162746,11427406.0000,1503
20250211,688486,125.7500,122.6000,133.9800,119.1000,125.3300,1961699,245478324.0000,6146
20250211,688488,7.8900,7.9000,7.9000,7.7200,7.8000,3962338,30826489.0000,4312
20250211,688489,37.3000,37.6000,37.6000,36.5200,36.7100,786497,28943903.0000,2184
20250211,688496,9.2200,9.2100,9.2200,8.9700,9.1100,3725595,33827677.0000,5066
20250211,688498,137.2900,137.2800,140.6600,134.2500,135.9800,2519322,345938153.0000,8990
20250211,688499,23.6300,23.6000,23.6200,22.9100,23.2100,4731741,109533963.0000,6060
20250211,688500,33.4200,33.4500,35.7500,32.3100,34.7700,4995796,168658148.0000,6629
20250211,688501,14.0500,14.0500,14.1000,13.9600,14.0500,946079,13281684.0000,1762
20250211,688502,272.0500,272.0500,285.8600,267.1000,282.6100,1546276,431731136.0000,7339
20250211,688503,53.5000,53.0000,53.0000,49.2200,51.0400,10874317,548671772.0000,22327
20250211,688505,7.9200,7.9200,7.9200,7.7200,7.8300,2649085,20639105.0000,3258
20250211,688506,178.4700,178.4000,188.9600,173.9100,188.8800,2140730,390289219.0000,8785
20250211,688507,69.3000,68.8800,69.3800,67.0000,67.7600,1999884,136194091.0000,3966
20250211,688508,48.9100,48.7000,48.8000,47.8700,48.4900,3269427,157837368.0000,7730
20250211,688509,4.2200,4.2200,4.2200,4.1300,4.1700,11510955,48066091.0000,8627
20250211,688510,16.5500,17.3700,17.7700,16.9900,17.2700,7966297,137812413.0000,11070
20250211,688511,14.5100,14.4100,14.6000,14.0000,14.2400,2067942,29272355.0000,2798
20250211,688512,10.6000,10.6000,10.6000,10.2000,10.2300,11780146,121289178.0000,12097
20250211,688513,30.7600,30.8000,30.8700,30.1700,30.4100,1348182,40989325.0000,2426
20250211,688515,106.0900,105.9900,109.1900,101.6100,106.9400,3214414,338988683.0000,9797
20250211,688516,43.0000,42.9700,42.9700,41.7300,42.2200,4829658,203220555.0000,10221
20250211,688517,13.9000,13.8900,13.9200,13.8000,13.8800,967704,13412311.0000,1487
20250211,688518,16.4900,16.5000,16.5800,16.1800,16.3100,6925048,112993091.0000,9503
20250211,688519,23.1200,23.0600,23.3700,22.7700,23.0800,2199079,50730117.0000,4290
20250211,688520,38.0400,38.2600,38.4500,37.5100,37.7300,1558724,58803136.0000,3297
20250211,688521,60.0500,60.0800,60.1100,57.5200,58.3600,17508726,1022608248.0000,34245
20250211,688522,58.3100,57.9200,58.3100,56.7000,57.3700,2349296,134631945.0000,7175
20250211,688523,19.7600,19.7600,19.7600,19.2500,19.4200,1713521,33278629.0000,3985
20250211,688525,64.9300,64.6100,64.6900,62.7100,62.7300,17086482,1082056979.0000,32291
20250211,688526,13.7400,13.7300,13.7700,13.4900,13.5200,2276742,30920529.0000,4074
20250211,688528,9.3800,9.4300,9.4400,9.1900,9.2500,1103439,10220389.0000,1397
20250211,688529,17.5800,17.5100,17.6100,17.1300,17.4500,3584295,62216075.0000,3282
20250211,688530,19.0700,19.0500,19.0500,18.7200,18.7900,1708759,32179150.0000,2547
20250211,688531,52.9800,52.9000,52.9000,51.2900,52.5300,1504676,77999794.0000,4060
20250211,688533,35.6900,35.6300,35.7900,34.7700,35.2700,2168318,76242961.0000,5684
20250211,688535,93.6900,92.7300,93.1000,87.7000,87.9000,4966407,444280108.0000,9849
20250211,688536,94.1800,94.1000,94.5700,91.8000,94.5000,2754582,256335568.0000,8405
20250211,688538,2.3100,2.3100,2.3200,2.2600,2.2700,58871149,134078016.0000,20340
20250211,688539,25.7000,25.6800,25.9500,25.4000,25.4700,2192849,56086293.0000,2653
20250211,688543,51.1000,51.0000,51.0200,50.0600,50.2300,2169329,109212346.0000,4574
20250211,688545,28.4300,28.3200,29.9900,28.1500,28.9800,17315594,501977237.0000,25636
20250211,688548,10.5700,10.5900,10.5900,10.1800,10.2900,7196349,74126737.0000,8466
20250211,688549,8.9500,8.9600,8.9700,8.7500,8.7700,14756535,129819346.0000,10938
20250211,688550,32.8400,32.7900,32.8300,32.1800,32.7200,1746904,56849725.0000,4966
20250211,688551,29.1800,29.1000,29.1000,28.5600,28.8300,695474,19998670.0000,1559
20250211,688552,19.3200,19.3400,19.3400,18.7100,18.8000,2782664,52682244.0000,6158
20250211,688553,15.2800,15.3000,15.3600,15.0200,15.0700,2709637,40962495.0000,4678
20250211,688556,10.5700,10.5000,10.5700,10.2800,10.3700,7231237,74967415.0000,8637
20250211,688557,20.6900,20.6900,20.9500,20.4800,20.7600,1359626,28119663.0000,3297
20250211,688558,22.9400,22.9400,22.9400,22.5600,22.8600,573406,13071204.0000,1609
20250211,688559,33.1700,33.1000,33.3600,32.1000,32.5800,3976274,129183022.0000,7368
20250211,688560,12.8600,12.8700,13.0400,12.5900,12.9100,2617516,33418958.0000,3551
20250211,688561,36.2600,35.0200,36.2100,33.6500,33.6500,21179742,736081719.0000,27530
20250211,688562,16.6500,16.5300,16.5300,16.1300,16.2100,3729123,60738698.0000,6199
20250211,688563,54.3600,54.5500,54.6900,53.0300,53.1200,1529409,81910393.0000,4418
20250211,688565,6.4100,6.4300,6.5000,6.3400,6.3800,2018699,12899726.0000,1955
20250211,688566,22.5700,22.5200,22.6000,22.1300,22.2100,965759,21483495.0000,1466
20250211,688567,12.1600,11.9700,12.0900,11.6700,11.9300,15050247,177973674.0000,16608
20250211,688568,61.0500,61.2100,62.5500,59.1000,61.3100,13995242,851443626.0000,25020
20250211,688569,20.5000,20.5500,20.5500,20.2100,20.2900,578760,11762581.0000,1058
20250211,688570,19.6200,19.6800,19.6800,19.3800,19.5400,942143,18385470.0000,1302
20250211,688571,7.4300,7.4300,7.5500,7.3600,7.4300,3452672,25673246.0000,4641
20250211,688573,17.1900,17.3200,17.3200,16.7500,16.9400,1731816,29282234.0000,2135
20250211,688575,16.2800,16.3100,16.3600,16.0600,16.2000,4278952,69149830.0000,5827
20250211,688576,63.4000,63.8800,64.4800,63.3900,63.7000,328599,20965856.0000,1075
20250211,688577,45.9700,45.7100,45.7100,44.1600,45.0700,1172690,52819706.0000,2550
20250211,688578,68.3000,68.4000,70.1700,67.7000,69.8600,4413176,304797058.0000,13941
20250211,688579,10.8700,10.7000,10.7200,10.3800,10.5000,12975245,136733881.0000,14934
20250211,688580,29.9500,30.3000,31.2800,29.7000,30.3700,1785202,54391725.0000,3711
20250211,688581,59.8100,59.9400,59.9400,58.8300,58.9500,441340,26109141.0000,1280
20250211,688582,59.0000,58.2000,59.7900,58.0600,59.2000,6305559,372056606.0000,12845
20250211,688583,111.8000,112.1000,116.0500,109.0000,113.4000,2019054,226856004.0000,6268
20250211,688584,18.1500,18.1000,18.1000,17.3200,17.3700,9308596,163003699.0000,13527
20250211,688585,6.9100,6.8900,6.9200,6.8000,6.8500,1423868,9737444.0000,2046
20250211,688586,9.5100,9.5100,9.5200,9.3600,9.4200,4471167,42091276.0000,6322
20250211,688588,15.3400,15.1100,15.6700,14.8100,15.1200,15864225,240826544.0000,19346
20250211,688589,27.6200,27.6000,27.6000,27.0000,27.2300,2203209,60064383.0000,4009
20250211,688590,20.7900,20.3100,23.8800,19.9000,21.0600,34366364,734797291.0000,44325
20250211,688591,39.9400,39.4000,39.9600,38.1100,38.2200,9072769,352046782.0000,13908
20250211,688592,41.2200,41.0000,42.4100,40.5000,40.5800,983709,40687143.0000,2146
20250211,688593,21.0700,21.0500,21.0500,20.0800,20.6000,6307681,128646145.0000,7253
20250211,688595,39.6300,40.0000,40.0000,38.5000,39.0500,6633993,260812486.0000,13540
20250211,688596,36.8100,36.6500,36.9800,35.7100,36.1500,5173607,187014617.0000,11694
20250211,688597,10.4600,10.4800,10.5500,10.3300,10.4000,3499949,36443186.0000,3571
20250211,688598,22.9400,22.9000,23.0000,22.0200,22.4300,6956459,155299597.0000,9684
20250211,688599,18.4600,18.6000,18.6400,17.7300,17.8900,19610677,351715804.0000,26202
20250211,688600,15.2300,15.2300,15.3300,15.0300,15.1700,1215766,18410992.0000,2114
20250211,688601,44.3400,44.6700,44.6700,43.4400,43.6500,3917558,171663285.0000,5679
20250211,688602,7.0300,7.0500,7.0700,6.9100,6.9900,3318191,23167114.0000,3082
20250211,688603,77.7700,77.0900,77.7000,74.1000,74.9100,929620,69919966.0000,2588
20250211,688605,75.2400,74.5000,74.6700,72.7200,73.3500,4409049,323923012.0000,11012
20250211,688606,70.8200,70.6800,71.8000,70.2700,71.5000,473714,33751198.0000,1856
20250211,688607,15.3500,15.4800,15.5200,15.1500,15.3200,1541325,23647964.0000,2678
20250211,688608,376.6000,372.0000,378.8600,369.0100,373.6000,2338467,873031579.0000,11493
20250211,688609,11.6500,11.7100,11.9800,11.4300,11.6500,29186707,340134956.0000,19519
20250211,688610,38.7100,38.5000,38.7700,37.3700,38.0000,859037,32553783.0000,2034
20250211,688611,37.3300,37.3000,39.9400,36.7200,38.4000,1216638,46641902.0000,2055
20250211,688612,26.2700,26.2800,26.2900,25.3500,25.8500,3510431,90227902.0000,6856
20250211,688613,17.4700,17.4700,17.5300,17.1200,17.3100,965863,16670188.0000,1629
20250211,688615,251.0600,251.1000,258.0000,245.0800,252.8600,1572103,394018703.0000,6604
20250211,688616,10.9000,10.9000,10.9400,10.7600,10.8400,1676598,18172128.0000,3268
20250211,688617,361.8900,362.0000,367.4000,359.1900,360.2000,478617,173488431.0000,2569
20250211,688618,23.8300,23.8300,24.3700,23.4400,23.9600,2606911,62262853.0000,4149
20250211,688619,9.9500,10.5000,10.5000,9.7400,9.9500,5610575,55928529.0000,5899
20250211,688620,21.0100,19.4300,20.1900,18.6600,18.6600,76205447,1464457779.0000,55947
20250211,688621,39.2400,39.1200,39.1200,38.1300,38.3700,2819725,108351116.0000,5253
20250211,688622,70.5800,70.5800,74.7700,70.0800,73.4000,809739,58968553.0000,1819
20250211,688623,53.2800,53.0600,54.3400,53.0600,54.2000,277362,14914668.0000,786
20250211,688625,39.0800,38.8600,38.8600,37.8000,38.0000,421160,16026921.0000,1234
20250211,688626,32.9000,32.9300,33.7500,32.0000,32.9800,1695784,55717147.0000,2506
20250211,688627,90.9100,92.5800,93.5000,86.0100,86.3000,3174388,283056597.0000,9915
20250211,688628,37.1100,37.2700,37.2700,36.3200,36.4400,830334,30372980.0000,1933
20250211,688629,45.8000,45.0100,46.0900,43.3600,43.5500,19536893,869248969.0000,27535
20250211,688630,60.4400,60.8900,62.3000,59.3000,61.0500,3490998,211753768.0000,8328
20250211,688631,111.0300,109.0000,116.6900,106.9900,110.4300,4121208,457111759.0000,12466
20250211,688633,26.4900,26.4800,27.2900,26.3400,26.7400,787006,21117201.0000,1214
20250211,688636,29.7200,29.7200,29.7300,28.7100,28.9400,1616326,46865532.0000,2642
20250211,688638,30.2000,30.1900,30.4500,29.7600,29.9000,348452,10472922.0000,868
20250211,688639,28.5000,28.4000,28.5500,27.8300,27.9900,3152251,88231497.0000,5683
20250211,688646,40.2200,39.8100,39.8200,38.3200,38.6600,2198311,85587783.0000,4130
20250211,688648,25.1000,25.0000,25.1100,24.5000,24.6700,1226690,30294238.0000,2134
20250211,688651,38.2000,38.0000,39.9700,37.3600,39.3200,2203452,85444103.0000,3492
20250211,688652,58.6000,58.7700,58.7700,56.4000,57.1500,2583055,147195147.0000,5562
20250211,688653,15.4000,16.4500,17.0100,15.2800,15.2800,43794649,707737176.0000,32551
20250211,688655,11.7300,11.8300,11.9400,11.6300,11.7300,1947412,22962884.0000,3705
20250211,688656,93.6000,93.4900,93.4900,87.0000,89.2800,764269,68159979.0000,3150
20250211,688657,43.1400,43.1400,43.8600,42.3000,43.6100,1027051,44521704.0000,2400
20250211,688658,15.7100,15.7400,15.8700,15.3200,15.5200,8746841,135404355.0000,13168
20250211,688659,7.1400,7.0800,7.1900,7.0500,7.1300,2412440,17140635.0000,2469
20250211,688660,8.4400,8.4200,8.4300,8.0800,8.1500,26596513,216898813.0000,11413
20250211,688661,40.6300,41.1000,45.6600,41.1000,43.0200,9234026,400744347.0000,19146
20250211,688662,36.7900,36.6600,36.7900,35.5000,36.1500,2444707,87876266.0000,6695
20250211,688663,22.7500,22.7500,22.9800,22.5200,22.9200,1584929,36103426.0000,2927
20250211,688665,37.4700,37.4200,41.2300,36.3500,40.3000,4949913,194087822.0000,6996
20250211,688667,46.0000,45.5700,46.0000,43.9300,44.2900,1000337,44553643.0000,1575
20250211,688668,48.3800,48.8800,49.8500,48.0800,49.0500,8881046,436221802.0000,20107
20250211,688669,15.8000,15.8000,16.2000,15.4800,15.6500,1115263,17461451.0000,1246
20250211,688670,12.8600,12.8100,12.8100,12.4600,12.7000,975475,12279670.0000,1922
20250211,688671,19.0900,19.2000,19.2800,18.8100,19.1400,409053,7798915.0000,868
20250211,688676,36.6600,37.0200,38.1700,36.6700,36.9800,18671335,696738126.0000,28210
20250211,688677,41.2400,41.2400,41.5700,40.3200,40.9700,672902,27590944.0000,1754
20250211,688678,18.6500,18.3800,19.3000,18.3000,18.6400,13335779,250509224.0000,17801
20250211,688679,10.3800,10.3600,10.3900,10.1200,10.3200,1531803,15709563.0000,2450
20250211,688680,32.5000,32.5000,32.5000,31.3000,31.6300,1616898,51088862.0000,3937
20250211,688681,12.5100,12.6900,12.6900,12.4200,12.5300,1028665,12878888.0000,1909
20250211,688682,36.2600,36.3500,36.3500,35.2500,35.7500,674490,23998559.0000,1959
20250211,688683,19.7600,19.8000,19.8800,19.5100,19.7400,475344,9371278.0000,1271
20250211,688685,52.0600,51.0400,54.4800,50.5900,51.7500,10456214,543117812.0000,15848
20250211,688686,91.8000,91.0000,93.9900,89.4000,91.7800,2115619,194080670.0000,5717
20250211,688687,22.9700,22.8500,23.0600,22.3800,22.7500,2118539,47932713.0000,3710
20250211,688689,22.7700,22.8400,22.8900,22.3900,22.6200,1298826,29347000.0000,2832
20250211,688690,18.8200,19.0000,19.0300,18.4200,18.8700,3401107,63583339.0000,5530
20250211,688691,81.0000,80.1900,80.4800,77.3500,77.5800,3184260,248873521.0000,7765
20250211,688692,405.0000,406.0000,414.8800,396.0300,406.6600,714669,290777735.0000,3463
20250211,688693,33.9500,33.9800,33.9800,32.8700,32.9600,1648907,54621794.0000,4057
20250211,688695,33.7700,33.3600,33.7500,32.9000,33.2600,1401079,46572826.0000,2795
20250211,688696,121.7000,122.5000,125.8800,119.7900,120.5100,1325362,161705354.0000,5557
20250211,688697,17.3900,17.4000,17.4600,17.1200,17.3400,1726850,29838289.0000,3274
20250211,688698,54.4600,54.3900,55.3600,53.5000,54.0300,5059984,273984104.0000,8244
20250211,688699,36.8300,36.8500,36.9900,35.8400,35.9900,1055197,38156346.0000,2222
20250211,688700,27.8000,27.6500,27.6500,26.6100,27.1300,5128643,138279885.0000,9890
20250211,688701,6.0700,6.0900,6.1800,5.9900,6.1800,1395542,8501276.0000,1698
20250211,688702,82.9200,83.0000,83.0500,80.3000,81.5400,2774572,225965989.0000,10958
20250211,688707,10.8300,10.8800,10.8900,10.5000,10.6200,6553631,69599659.0000,8292
20250211,688708,59.5300,59.6800,61.9100,58.6300,60.6400,2972105,179740431.0000,5388
20250211,688709,30.3600,29.9000,30.0900,28.8100,29.1500,13207791,385903385.0000,17329
20250211,688710,37.3300,37.5000,37.6000,36.3600,36.4000,1128032,41383575.0000,1969
20250211,688711,17.8400,17.8400,17.8900,17.3300,17.5300,3765397,65790236.0000,4979
20250211,688716,43.5500,43.0000,44.4000,42.3700,42.6100,9271799,398808109.0000,13395
20250211,688717,46.6200,46.6200,46.6200,44.9300,45.1300,3285122,148504071.0000,8013
20250211,688718,10.7100,10.7800,10.7800,10.5600,10.7000,795087,8466497.0000,1209
20250211,688719,27.3000,27.2500,27.8200,26.7100,27.3300,774624,20988537.0000,1683
20250211,688720,41.0000,41.0000,41.0000,41.0000,41.0000,0,0.0000,0
20250211,688721,54.9800,54.6600,55.6900,53.2100,54.8700,2274145,123359299.0000,5512
20250211,688722,13.1600,13.2600,14.2800,13.2400,13.7700,9631010,132779270.0000,9127
20250211,688726,47.9800,48.2000,48.2600,46.1600,47.1300,3160517,147932365.0000,5918
20250211,688728,14.5000,14.5500,14.5700,14.1200,14.1600,17057501,242953006.0000,15213
20250211,688733,20.0400,20.0000,20.0000,19.4500,19.5300,3253897,63870788.0000,4471
20250211,688737,19.6400,19.6800,20.0800,19.3200,19.8900,2768258,54759122.0000,3400
20250211,688739,28.2800,28.2800,28.2800,28.2800,28.2800,0,0.0000,0
20250211,688750,20.8500,20.8800,20.9400,20.5300,20.8000,4402524,91295767.0000,4694
20250211,688758,16.0800,15.9800,15.9800,15.6700,15.6900,4214495,66459583.0000,5043
20250211,688766,115.6900,115.0000,115.0000,107.6600,108.4500,6956349,767870770.0000,18511
20250211,688767,34.0000,34.0000,34.5100,33.5000,33.9800,748196,25298678.0000,1237
20250211,688768,46.4200,46.3700,46.3700,45.2500,45.4800,965199,44127800.0000,2796
20250211,688772,17.0500,17.0500,17.3300,16.9100,16.9800,9904840,169404784.0000,19748
20250211,688776,51.3600,51.1000,53.3300,50.0200,51.3700,2002866,102450609.0000,4995
20250211,688777,58.1600,57.3300,59.8000,56.7600,58.0100,28545518,1664401892.0000,42053
20250211,688778,47.0000,47.0100,49.9900,46.6500,48.2900,5778975,280091777.0000,13597
20250211,688779,5.0500,5.0400,5.0600,4.9500,4.9900,16396083,81611421.0000,13418
20250211,688786,25.9500,26.0000,26.0000,25.4700,25.6100,778277,19947651.0000,1391
20250211,688787,127.5100,126.0400,126.0400,119.1100,119.5600,5748466,700797187.0000,14705
20250211,688788,36.1000,36.1200,36.4900,35.2100,35.4100,929396,32944541.0000,1598
20250211,688789,69.8200,69.7100,70.2000,68.0100,69.1600,1537764,106197386.0000,4997
20250211,688793,29.1200,29.9800,30.5400,28.6400,28.8200,2895620,86109160.0000,3418
20250211,688798,76.6300,76.5000,76.7300,74.0200,74.3600,2442958,182483524.0000,7176
20250211,688799,41.3300,41.3300,41.3900,40.7200,40.7700,852415,34929021.0000,1606
20250211,688800,65.8200,65.0100,71.0000,64.7100,70.4000,7887575,545334261.0000,14780
20250211,688819,26.7500,26.6200,26.7800,26.3200,26.5200,1931825,51091510.0000,5211
20250211,688981,103.8500,103.6000,103.7000,100.3600,100.8600,54448990,5526964300.0000,98456
