日期,时间,代码,名称,开盘,最高,最低,收盘,总手,金额,涨幅,涨幅比
2015-01-05,15:00,sz000002,万 科Ａ,14.39,15.29,14.22,14.91,6560835,9700711424,1.01,7.266187050359712
2015-01-06,15:00,sz000002,万 科Ａ,14.6,14.99,14.05,14.36,3346346,4839616000,-0.55,-3.688799463447351
2015-01-07,15:00,sz000002,万 科Ａ,14.26,14.5,14.0,14.23,2642051,3772150016,-0.13,-0.9052924791086352
2015-01-08,15:00,sz000002,万 科Ａ,14.32,14.37,13.46,13.59,2639394,3629554176,-0.64,-4.497540407589599
2015-01-09,15:00,sz000002,万 科Ａ,13.54,14.22,13.29,13.45,3294584,4521977856,-0.14,-1.030169242089772
2015-01-12,15:00,sz000002,万 科Ａ,13.32,13.32,12.75,13.12,2436341,3180963072,-0.33,-2.453531598513011
2015-01-13,15:00,sz000002,万 科Ａ,13.05,13.38,12.97,13.07,1664609,2187987968,-0.05,-0.3810975609756097
2015-01-14,15:00,sz000002,万 科Ａ,13.07,13.3,12.87,13.1,1646817,2160267008,0.03,0.2295332823259372
2015-01-15,15:00,sz000002,万 科Ａ,13.13,13.83,13.0,13.77,2429686,3265536000,0.67,5.114503816793893
2015-01-16,15:00,sz000002,万 科Ａ,13.77,13.77,13.39,13.52,2129475,2892247296,-0.25,-1.815541031227306
2015-01-19,15:00,sz000002,万 科Ａ,12.5,12.9,12.17,12.17,3603625,4483884032,-1.35,-9.985207100591715
2015-01-20,15:00,sz000002,万 科Ａ,12.2,12.6,12.06,12.35,2914688,3604937984,0.18,1.4790468364831553
2015-01-21,15:00,sz000002,万 科Ａ,12.33,13.2,12.1,13.05,3555294,4554002944,0.7,5.668016194331984
2015-01-22,15:00,sz000002,万 科Ａ,13.02,13.65,12.92,13.58,3224727,4326297088,0.53,4.061302681992337
2015-01-23,15:00,sz000002,万 科Ａ,13.57,14.09,13.3,13.92,3310408,4561752064,0.34,2.503681885125184
2015-01-26,15:00,sz000002,万 科Ａ,13.99,14.0,13.44,13.7,2162685,2957274880,-0.22,-1.5804597701149428
2015-01-27,15:00,sz000002,万 科Ａ,13.67,13.72,12.86,13.18,2804018,3704807680,-0.52,-3.795620437956204
2015-01-28,15:00,sz000002,万 科Ａ,13.11,13.27,12.88,13.0,1561743,2035822976,-0.18,-1.3657056145675266
2015-01-29,15:00,sz000002,万 科Ａ,12.7,13.17,12.62,13.01,1468303,1903300864,0.01,0.0769230769230769
2015-01-30,15:00,sz000002,万 科Ａ,13.09,13.49,12.8,13.12,2096247,2753102080,0.11,0.8455034588777863
2015-02-02,15:00,sz000002,万 科Ａ,12.79,13.39,12.48,12.88,1976760,2560709888,-0.24,-1.829268292682927
2015-02-03,15:00,sz000002,万 科Ａ,12.91,13.13,12.3,12.96,2936871,3721989120,0.08,0.6211180124223602
2015-02-04,15:00,sz000002,万 科Ａ,12.9,13.16,12.77,12.8,1660872,2153609984,-0.16,-1.2345679012345678
2015-02-05,15:00,sz000002,万 科Ａ,13.39,13.53,12.68,12.7,3160360,4154455808,-0.1,-0.78125
2015-02-06,15:00,sz000002,万 科Ａ,12.62,12.62,11.98,12.16,3163186,3875290112,-0.54,-4.251968503937007
2015-02-09,15:00,sz000002,万 科Ａ,12.03,12.33,11.74,12.18,1278024,1545255040,0.02,0.1644736842105263
2015-02-10,15:00,sz000002,万 科Ａ,12.11,12.47,12.05,12.42,1077456,1331389952,0.24,1.9704433497536944
2015-02-11,15:00,sz000002,万 科Ａ,12.5,12.64,12.34,12.41,878328,1095981952,-0.01,-0.0805152979066022
2015-02-12,15:00,sz000002,万 科Ａ,12.41,12.55,12.2,12.47,895267,1109421056,0.06,0.4834810636583401
2015-02-13,15:00,sz000002,万 科Ａ,12.54,13.01,12.33,12.76,1968043,2503342080,0.29,2.3255813953488373
2015-02-16,15:00,sz000002,万 科Ａ,12.66,12.76,12.53,12.64,1308144,1650829952,-0.12,-0.9404388714733544
2015-02-17,15:00,sz000002,万 科Ａ,12.71,12.83,12.62,12.77,1198783,1525915008,0.13,1.0284810126582278
2015-02-25,15:00,sz000002,万 科Ａ,12.77,12.77,12.33,12.4,1498051,1867537024,-0.37,-2.8974158183241974
2015-02-26,15:00,sz000002,万 科Ａ,12.4,12.85,12.35,12.85,1733761,2189347072,0.45,3.629032258064517
2015-02-27,15:00,sz000002,万 科Ａ,12.77,12.97,12.69,12.75,1246318,1594683008,-0.1,-0.7782101167315175
2015-03-02,15:00,sz000002,万 科Ａ,13.02,13.1,12.63,12.77,3225633,4151866880,0.02,0.1568627450980392
2015-03-03,15:00,sz000002,万 科Ａ,12.62,12.63,12.16,12.2,2365535,2928813056,-0.57,-4.463586530931871
2015-03-04,15:00,sz000002,万 科Ａ,12.2,12.38,12.04,12.22,1647137,2005294976,0.02,0.1639344262295081
2015-03-05,15:00,sz000002,万 科Ａ,12.09,12.16,11.81,11.9,1793785,2147302016,-0.32,-2.618657937806874
2015-03-06,15:00,sz000002,万 科Ａ,11.9,12.13,11.88,11.94,1105036,1324128000,0.04,0.3361344537815126
2015-03-09,15:00,sz000002,万 科Ａ,11.8,12.36,11.53,12.22,2044228,2433767936,0.28,2.345058626465661
2015-03-10,15:00,sz000002,万 科Ａ,12.09,12.16,11.97,12.02,1077109,1297837056,-0.2,-1.6366612111292964
2015-03-11,15:00,sz000002,万 科Ａ,12.02,12.2,11.87,11.93,1153733,1388717056,-0.09,-0.7487520798668885
2015-03-12,15:00,sz000002,万 科Ａ,12.06,12.29,11.96,12.22,1818728,2208553984,0.29,2.4308466051969826
2015-03-13,15:00,sz000002,万 科Ａ,12.27,12.4,12.16,12.23,1334069,1637331968,0.01,0.0818330605564648
2015-03-16,15:00,sz000002,万 科Ａ,12.36,12.53,12.26,12.49,1753781,2175852032,0.26,2.125919869174162
2015-03-17,15:00,sz000002,万 科Ａ,12.59,12.74,12.51,12.63,2128349,2687889920,0.14,1.120896717373899
2015-03-18,15:00,sz000002,万 科Ａ,12.65,13.2,12.65,13.14,2895467,3741532672,0.51,4.038004750593824
2015-03-19,15:00,sz000002,万 科Ａ,13.08,13.08,12.76,12.87,2129788,2747447296,-0.27,-2.054794520547945
2015-03-20,15:00,sz000002,万 科Ａ,12.95,13.35,12.78,13.14,3494016,4561069056,0.27,2.097902097902098
2015-03-23,15:00,sz000002,万 科Ａ,13.3,13.65,13.26,13.36,3313611,4458518016,0.22,1.67427701674277
2015-03-24,15:00,sz000002,万 科Ａ,13.37,13.38,12.86,13.05,2656169,3473050112,-0.31,-2.320359281437125
2015-03-25,15:00,sz000002,万 科Ａ,13.04,13.04,12.69,12.78,2073761,2661616896,-0.27,-2.0689655172413794
2015-03-26,15:00,sz000002,万 科Ａ,12.69,13.05,12.57,12.95,2090007,2680421888,0.17,1.330203442879499
2015-03-27,15:00,sz000002,万 科Ａ,13.18,13.35,13.02,13.35,3441589,4549706752,0.4,3.088803088803089
2015-03-30,15:00,sz000002,万 科Ａ,13.4,14.48,13.18,14.24,6361646,8775743488,0.89,6.666666666666667
2015-03-31,15:00,sz000002,万 科Ａ,14.85,14.97,13.65,13.82,7481473,10756473856,-0.42,-2.9494382022471908
2015-04-01,15:00,sz000002,万 科Ａ,13.73,13.86,13.47,13.72,3758034,5137432064,-0.1,-0.723589001447178
2015-04-02,15:00,sz000002,万 科Ａ,13.76,13.92,13.43,13.59,3199246,4366631936,-0.13,-0.9475218658892128
2015-04-03,15:00,sz000002,万 科Ａ,13.41,13.48,13.19,13.45,3565631,4752985088,-0.14,-1.030169242089772
2015-04-07,15:00,sz000002,万 科Ａ,13.48,13.73,13.37,13.72,3753195,5085149184,0.27,2.0074349442379185
2015-04-08,15:00,sz000002,万 科Ａ,13.72,13.92,13.41,13.82,4489815,6141002752,0.1,0.7288629737609329
2015-04-09,15:00,sz000002,万 科Ａ,13.83,14.82,13.51,14.64,7171546,10099958784,0.82,5.933429811866859
2015-04-10,15:00,sz000002,万 科Ａ,14.28,14.47,14.07,14.32,4248942,6067355136,-0.32,-2.185792349726776
2015-04-13,15:00,sz000002,万 科Ａ,14.42,14.62,14.22,14.37,4074305,5872259584,0.05,0.3491620111731843
2015-04-14,15:00,sz000002,万 科Ａ,14.33,14.46,14.0,14.12,3276759,4665718784,-0.25,-1.7397355601948503
2015-04-15,15:00,sz000002,万 科Ａ,14.1,14.18,13.81,13.9,2784022,3903055104,-0.22,-1.5580736543909348
2015-04-16,15:00,sz000002,万 科Ａ,13.84,14.3,13.77,14.3,3346233,4722539008,0.4,2.877697841726619
2015-04-17,15:00,sz000002,万 科Ａ,14.52,14.92,14.31,14.67,5846092,8532837888,0.37,2.5874125874125875
2015-04-20,15:00,sz000002,万 科Ａ,14.78,15.1,14.19,14.21,5933164,8718399488,-0.46,-3.135650988411725
2015-04-21,15:00,sz000002,万 科Ａ,14.16,14.55,14.02,14.48,3743243,5334589952,0.27,1.9000703729767767
2015-04-22,15:00,sz000002,万 科Ａ,14.5,14.92,14.41,14.88,4468763,6569891840,0.4,2.7624309392265194
2015-04-23,15:00,sz000002,万 科Ａ,15.15,15.25,14.65,14.76,4717331,7047245824,-0.12,-0.8064516129032258
2015-04-24,15:00,sz000002,万 科Ａ,14.48,14.7,14.15,14.42,3620661,5206488064,-0.34,-2.303523035230352
2015-04-27,15:00,sz000002,万 科Ａ,14.41,14.7,14.3,14.7,4225620,6143011840,0.28,1.9417475728155336
2015-04-28,15:00,sz000002,万 科Ａ,14.65,14.66,14.11,14.19,3866039,5550367744,-0.51,-3.4693877551020407
2015-04-29,15:00,sz000002,万 科Ａ,14.07,14.43,13.93,14.24,2773328,3925805056,0.05,0.3523608174770966
2015-04-30,15:00,sz000002,万 科Ａ,14.33,14.93,14.21,14.6,5411486,7892158976,0.36,2.528089887640449
2015-05-04,15:00,sz000002,万 科Ａ,14.62,14.79,14.4,14.55,3091768,4513106944,-0.05,-0.3424657534246575
2015-05-05,15:00,sz000002,万 科Ａ,14.61,14.63,13.62,13.77,3285523,4628568064,-0.78,-5.360824742268041
2015-05-06,15:00,sz000002,万 科Ａ,13.83,14.05,13.41,13.56,2521719,3476235776,-0.21,-1.5250544662309369
2015-05-07,15:00,sz000002,万 科Ａ,13.54,13.78,13.48,13.61,1754222,2387226880,0.05,0.3687315634218289
2015-05-08,15:00,sz000002,万 科Ａ,13.7,13.81,13.47,13.8,1978575,2706846976,0.19,1.396032329169728
2015-05-11,15:00,sz000002,万 科Ａ,14.0,14.1,13.81,14.07,3653074,5107136000,0.27,1.956521739130435
2015-05-12,15:00,sz000002,万 科Ａ,14.04,14.04,13.83,13.92,2547328,3543629056,-0.15,-1.0660980810234542
2015-05-13,15:00,sz000002,万 科Ａ,13.93,14.92,13.73,14.7,5805461,8257165824,0.78,5.603448275862069
2015-05-14,15:00,sz000002,万 科Ａ,14.9,15.6,14.53,14.59,7786253,11720036352,-0.11,-0.7482993197278911
2015-05-15,15:00,sz000002,万 科Ａ,14.71,14.78,13.99,14.16,3391408,4843095040,-0.43,-2.9472241261137766
2015-05-18,15:00,sz000002,万 科Ａ,13.99,13.99,13.7,13.84,2365271,3275760896,-0.32,-2.2598870056497176
2015-05-19,15:00,sz000002,万 科Ａ,13.88,14.26,13.8,14.16,2581797,3640507904,0.32,2.312138728323699
2015-05-20,15:00,sz000002,万 科Ａ,14.18,14.38,13.98,14.05,3055941,4322771968,-0.11,-0.7768361581920904
2015-05-21,15:00,sz000002,万 科Ａ,14.08,14.3,13.91,14.15,2540510,3572891904,0.1,0.7117437722419928
2015-05-22,15:00,sz000002,万 科Ａ,14.21,14.58,14.15,14.49,3801245,5470598144,0.34,2.402826855123675
2015-05-25,15:00,sz000002,万 科Ａ,14.53,15.13,14.53,15.02,4465669,6625079808,0.53,3.657694962042788
2015-05-26,15:00,sz000002,万 科Ａ,15.27,15.87,14.86,15.77,6561485,10057210880,0.75,4.993342210386151
2015-05-27,15:00,sz000002,万 科Ａ,15.65,15.85,15.37,15.4,4124448,6427564032,-0.37,-2.346227013316424
2015-05-28,15:00,sz000002,万 科Ａ,15.51,15.64,14.01,14.35,4503202,6732345344,-1.05,-6.8181818181818175
2015-05-29,15:00,sz000002,万 科Ａ,14.35,14.55,13.98,14.35,2845315,4071571968,0.0,0.0
2015-06-01,15:00,sz000002,万 科Ａ,14.38,14.94,14.25,14.88,3100399,4532476928,0.53,3.6933797909407664
2015-06-02,15:00,sz000002,万 科Ａ,15.0,15.01,14.55,14.8,2678691,3954749952,-0.08,-0.5376344086021506
2015-06-03,15:00,sz000002,万 科Ａ,14.83,15.18,14.55,15.05,3013718,4465195008,0.25,1.6891891891891893
2015-06-04,15:00,sz000002,万 科Ａ,15.07,15.35,14.13,14.99,3752067,5585001472,-0.06,-0.3986710963455149
2015-06-05,15:00,sz000002,万 科Ａ,15.15,15.75,15.01,15.57,5641505,8655396864,0.58,3.8692461641094074
2015-06-08,15:00,sz000002,万 科Ａ,15.6,16.22,15.47,16.08,5849614,9285128192,0.51,3.275529865125241
2015-06-09,15:00,sz000002,万 科Ａ,16.16,16.25,15.49,15.66,4257386,6743275008,-0.42,-2.6119402985074625
2015-06-10,15:00,sz000002,万 科Ａ,15.43,15.75,15.35,15.52,2829564,4409969152,-0.14,-0.8939974457215836
2015-06-11,15:00,sz000002,万 科Ａ,15.4,15.52,15.15,15.32,2317570,3547350016,-0.2,-1.2886597938144329
2015-06-12,15:00,sz000002,万 科Ａ,15.35,15.66,15.3,15.48,2467936,3820542976,0.16,1.0443864229765014
2015-06-15,15:00,sz000002,万 科Ａ,15.48,15.5,14.91,14.95,2741810,4150648064,-0.53,-3.423772609819121
2015-06-16,15:00,sz000002,万 科Ａ,14.92,14.93,14.26,14.38,2668429,3899464192,-0.57,-3.812709030100334
2015-06-17,15:00,sz000002,万 科Ａ,14.42,14.6,14.1,14.58,2186123,3142744064,0.2,1.3908205841446457
2015-06-18,15:00,sz000002,万 科Ａ,14.64,14.82,14.15,14.18,2625411,3811568896,-0.4,-2.7434842249657065
2015-06-19,15:00,sz000002,万 科Ａ,14.0,14.21,13.5,13.55,2185683,3036824064,-0.63,-4.442877291960508
2015-06-23,15:00,sz000002,万 科Ａ,13.6,14.3,13.51,14.27,2776475,3861090048,0.72,5.313653136531365
2015-06-24,15:00,sz000002,万 科Ａ,14.28,14.41,14.07,14.38,2161884,3084495104,0.11,0.7708479327259986
2015-06-25,15:00,sz000002,万 科Ａ,14.4,14.76,14.16,14.2,2544738,3689837312,-0.18,-1.2517385257301807
2015-06-26,15:00,sz000002,万 科Ａ,13.96,14.25,12.8,13.43,3070641,4166708992,-0.77,-5.422535211267605
2015-06-29,15:00,sz000002,万 科Ａ,13.85,14.3,12.88,13.69,4207973,5808029184,0.26,1.93596425912137
2015-06-30,15:00,sz000002,万 科Ａ,13.92,14.62,13.6,14.52,4092262,5798870016,0.83,6.06281957633309
2015-07-01,15:00,sz000002,万 科Ａ,14.25,14.72,14.15,14.25,2892502,4193856000,-0.27,-1.859504132231405
2015-07-02,15:00,sz000002,万 科Ａ,14.31,14.43,13.14,14.21,3349160,4662116864,-0.04,-0.2807017543859649
2015-07-03,15:00,sz000002,万 科Ａ,13.93,14.25,13.2,13.7,3154673,4345388032,-0.51,-3.589021815622801
2015-07-06,15:00,sz000002,万 科Ａ,14.93,15.07,13.9,14.88,6165474,8948477952,1.18,8.613138686131387
2015-07-07,15:00,sz000002,万 科Ａ,14.5,15.05,14.16,14.54,4650930,6771615744,-0.34,-2.28494623655914
2015-07-08,15:00,sz000002,万 科Ａ,13.36,14.09,13.09,13.26,7170862,9505575936,-1.28,-8.803301237964236
2015-07-09,15:00,sz000002,万 科Ａ,13.26,14.59,12.81,14.55,6070451,8507279872,1.29,9.728506787330318
2015-07-10,15:00,sz000002,万 科Ａ,14.2,15.82,14.0,14.97,9107701,13818804224,0.42,2.88659793814433
2015-07-13,15:00,sz000002,万 科Ａ,14.6,15.49,14.26,15.1,4687954,6994644992,0.13,0.8684034736138945
2015-07-14,15:00,sz000002,万 科Ａ,14.68,14.93,14.41,14.55,2779623,4080587008,-0.55,-3.642384105960265
2015-07-15,15:00,sz000002,万 科Ａ,14.44,15.11,14.26,14.71,2683554,3950255104,0.16,1.0996563573883162
2015-07-16,15:00,sz000002,万 科Ａ,14.71,14.88,14.43,14.7,1777245,2610989056,-0.01,-0.0679809653297076
2015-07-17,15:00,sz000002,万 科Ａ,14.77,15.21,14.62,15.07,2552673,3797814016,0.37,2.517006802721088
2015-07-20,15:00,sz000002,万 科Ａ,14.97,15.38,14.8,15.35,2961502,4477264896,0.28,1.85799601857996
2015-07-21,15:00,sz000002,万 科Ａ,14.77,14.77,14.5,14.51,1957817,2867110912,-0.84,-5.472312703583062
2015-07-22,15:00,sz000002,万 科Ａ,14.51,14.75,14.1,14.7,2342343,3368836352,0.19,1.3094417643004823
2015-07-23,15:00,sz000002,万 科Ａ,14.54,15.23,14.46,15.16,3373487,5050036224,0.46,3.1292517006802725
2015-07-24,15:00,sz000002,万 科Ａ,15.17,16.0,15.1,15.41,4654227,7251859968,0.25,1.6490765171503958
2015-07-27,15:00,sz000002,万 科Ａ,15.41,15.96,13.95,14.2,3127221,4729531904,-1.21,-7.852044127190136
2015-07-28,15:00,sz000002,万 科Ａ,13.9,14.8,13.76,14.62,2836192,4072797696,0.42,2.9577464788732395
2015-07-29,15:00,sz000002,万 科Ａ,14.6,14.75,14.35,14.6,1641064,2380500992,-0.02,-0.1367989056087551
2015-07-30,15:00,sz000002,万 科Ａ,14.58,14.65,14.08,14.08,1243463,1791243008,-0.52,-3.5616438356164384
2015-07-31,15:00,sz000002,万 科Ａ,13.95,14.24,13.89,14.18,1227839,1729785856,0.1,0.7102272727272727
2015-08-03,15:00,sz000002,万 科Ａ,14.1,14.62,13.96,14.61,1539136,2204305920,0.43,3.0324400564174896
2015-08-04,15:00,sz000002,万 科Ａ,14.61,14.98,14.53,14.79,808632,1187890944,0.18,1.2320328542094456
2015-08-05,15:00,sz000002,万 科Ａ,14.73,14.75,14.4,14.45,761176,1106443008,-0.34,-2.2988505747126435
2015-08-06,15:00,sz000002,万 科Ａ,14.26,14.63,14.14,14.34,509536,733681984,-0.11,-0.7612456747404844
2015-08-07,15:00,sz000002,万 科Ａ,14.47,14.71,14.38,14.6,866518,1264587008,0.26,1.813110181311018
2015-08-10,15:00,sz000002,万 科Ａ,14.69,15.18,14.53,15.07,1686307,2502183936,0.47,3.219178082191781
2015-08-11,15:00,sz000002,万 科Ａ,14.95,15.93,14.84,15.57,2567401,3972850944,0.5,3.3178500331785004
2015-08-12,15:00,sz000002,万 科Ａ,15.2,15.36,14.83,14.93,1445252,2177932032,-0.64,-4.110468850353243
2015-08-13,15:00,sz000002,万 科Ａ,14.9,15.06,14.55,14.88,1163208,1722429056,-0.05,-0.3348961821835231
2015-08-14,15:00,sz000002,万 科Ａ,14.86,15.29,14.81,14.95,1494006,2241605120,0.07,0.4704301075268817
2015-08-17,15:00,sz000002,万 科Ａ,14.78,14.82,14.57,14.76,1273262,1869624064,-0.19,-1.2709030100334449
2015-08-18,15:00,sz000002,万 科Ａ,14.74,14.89,14.1,14.22,1478446,2153134080,-0.54,-3.658536585365853
2015-08-19,15:00,sz000002,万 科Ａ,14.09,14.54,14.03,14.5,999340,1430579968,0.28,1.969057665260197
2015-08-20,15:00,sz000002,万 科Ａ,14.35,14.45,14.22,14.28,842492,1208966016,-0.22,-1.5172413793103448
2015-08-21,15:00,sz000002,万 科Ａ,14.19,14.38,13.85,13.91,1379281,1938894976,-0.37,-2.5910364145658265
2015-08-24,15:00,sz000002,万 科Ａ,13.65,13.68,12.88,13.19,3419757,4519424000,-0.72,-5.176132278936017
2015-08-25,15:00,sz000002,万 科Ａ,12.8,13.42,12.54,13.0,2750627,3615035904,-0.19,-1.4404852160727823
2015-08-26,15:00,sz000002,万 科Ａ,13.3,13.82,13.05,13.25,2346846,3142740992,0.25,1.9230769230769231
2015-08-27,15:00,sz000002,万 科Ａ,13.64,13.68,12.6,13.18,1533563,1996706048,-0.07,-0.5283018867924528
2015-08-28,15:00,sz000002,万 科Ａ,13.31,13.68,13.04,13.58,1374185,1828208000,0.4,3.0349013657056148
2015-08-31,15:00,sz000002,万 科Ａ,13.41,13.8,13.2,13.8,1434213,1932161152,0.22,1.6200294550810015
2015-09-01,15:00,sz000002,万 科Ａ,13.7,14.26,13.26,14.23,1950729,2707269120,0.43,3.1159420289855078
2015-09-02,15:00,sz000002,万 科Ａ,13.77,14.33,13.47,14.22,2294696,3218099968,-0.01,-0.0702740688685874
2015-09-07,15:00,sz000002,万 科Ａ,13.99,14.5,13.5,13.6,1400581,1951782016,-0.62,-4.360056258790436
2015-09-08,15:00,sz000002,万 科Ａ,13.54,13.68,13.3,13.68,651811,880009088,0.08,0.5882352941176471
2015-09-09,15:00,sz000002,万 科Ａ,13.71,14.04,13.59,13.76,834576,1150244992,0.08,0.5847953216374269
2015-09-10,15:00,sz000002,万 科Ａ,13.63,13.79,13.51,13.54,417768,569659008,-0.22,-1.5988372093023258
2015-09-11,15:00,sz000002,万 科Ａ,13.59,13.67,13.4,13.47,313452,424400000,-0.07,-0.51698670605613
2015-09-14,15:00,sz000002,万 科Ａ,13.47,13.54,13.17,13.19,568116,755028992,-0.28,-2.078693392724573
2015-09-15,15:00,sz000002,万 科Ａ,13.19,13.29,12.9,13.02,476738,623857024,-0.17,-1.288855193328279
2015-09-16,15:00,sz000002,万 科Ａ,13.09,13.65,12.91,13.43,707855,938468992,0.41,3.14900153609831
2015-09-17,15:00,sz000002,万 科Ａ,13.35,13.39,13.1,13.1,612529,812204992,-0.33,-2.457185405807893
2015-09-18,15:00,sz000002,万 科Ａ,13.12,13.19,13.04,13.12,344571,452012000,0.02,0.1526717557251908
2015-09-21,15:00,sz000002,万 科Ａ,13.06,13.2,13.06,13.18,471720,620313024,0.06,0.4573170731707316
2015-09-22,15:00,sz000002,万 科Ａ,13.23,13.35,13.18,13.26,451240,598057984,0.08,0.6069802731411229
2015-09-23,15:00,sz000002,万 科Ａ,13.15,13.26,13.1,13.15,320597,422422016,-0.11,-0.8295625942684767
2015-09-24,15:00,sz000002,万 科Ａ,13.2,13.21,13.05,13.09,443596,581283968,-0.06,-0.4562737642585551
2015-09-25,15:00,sz000002,万 科Ａ,13.02,13.09,12.85,12.9,442280,573792000,-0.19,-1.4514896867838043
2015-09-28,15:00,sz000002,万 科Ａ,12.88,12.99,12.78,12.85,412656,530320992,-0.05,-0.3875968992248062
2015-09-29,15:00,sz000002,万 科Ａ,12.75,12.79,12.52,12.6,597878,757134016,-0.25,-1.9455252918287935
2015-09-30,15:00,sz000002,万 科Ａ,12.67,12.81,12.57,12.73,489518,619876992,0.13,1.0317460317460316
2015-10-08,15:00,sz000002,万 科Ａ,13.25,13.32,13.03,13.07,820862,1079570048,0.34,2.670856245090338
2015-10-09,15:00,sz000002,万 科Ａ,13.13,13.28,13.07,13.23,634505,835873984,0.16,1.224177505738332
2015-10-12,15:00,sz000002,万 科Ａ,13.23,13.64,13.21,13.48,784171,1053772992,0.25,1.889644746787604
2015-10-13,15:00,sz000002,万 科Ａ,13.41,13.56,13.35,13.47,568893,766321024,-0.01,-0.0741839762611276
2015-10-14,15:00,sz000002,万 科Ａ,13.32,13.47,13.25,13.28,544904,726780032,-0.19,-1.4105419450631032
2015-10-15,15:00,sz000002,万 科Ａ,13.3,13.56,13.28,13.52,438053,588366016,0.24,1.8072289156626504
2015-10-16,15:00,sz000002,万 科Ａ,13.53,13.75,13.52,13.65,506452,690108032,0.13,0.9615384615384616
2015-10-19,15:00,sz000002,万 科Ａ,13.7,13.7,13.4,13.53,574487,775820032,-0.12,-0.8791208791208791
2015-10-20,15:00,sz000002,万 科Ａ,13.43,13.65,13.42,13.55,407246,550220992,0.02,0.1478196600147819
2015-10-21,15:00,sz000002,万 科Ａ,13.55,13.61,13.2,13.23,558005,750691968,-0.32,-2.3616236162361623
2015-10-22,15:00,sz000002,万 科Ａ,13.23,13.4,13.17,13.35,452334,602537024,0.12,0.90702947845805
2015-10-23,15:00,sz000002,万 科Ａ,13.36,13.8,13.31,13.74,675644,919824000,0.39,2.9213483146067416
2015-10-26,15:00,sz000002,万 科Ａ,13.88,13.97,13.58,13.67,780360,1073356032,-0.07,-0.5094614264919942
2015-10-27,15:00,sz000002,万 科Ａ,13.55,13.72,13.32,13.69,344633,468108992,0.02,0.1463057790782736
2015-10-28,15:00,sz000002,万 科Ａ,13.68,13.83,13.66,13.66,344164,472560992,-0.03,-0.2191380569758948
2015-10-29,15:00,sz000002,万 科Ａ,13.66,13.73,13.54,13.62,278917,380268992,-0.04,-0.2928257686676427
2015-10-30,15:00,sz000002,万 科Ａ,13.7,13.75,13.6,13.67,298317,407328992,0.05,0.3671071953010278
2015-11-02,15:00,sz000002,万 科Ａ,13.61,13.67,13.54,13.56,328989,447193984,-0.11,-0.8046817849305048
2015-11-03,15:00,sz000002,万 科Ａ,13.56,13.7,13.54,13.66,297604,406128992,0.1,0.7374631268436578
2015-11-04,15:00,sz000002,万 科Ａ,13.65,14.1,13.61,14.08,768654,1071494016,0.42,3.074670571010249
2015-11-05,15:00,sz000002,万 科Ａ,14.05,14.58,13.95,14.12,923180,1316862976,0.04,0.2840909090909091
2015-11-06,15:00,sz000002,万 科Ａ,14.11,14.31,14.06,14.21,501764,710838976,0.09,0.6373937677053824
2015-11-09,15:00,sz000002,万 科Ａ,14.21,14.66,14.18,14.4,830504,1202251008,0.19,1.3370865587614356
2015-11-10,15:00,sz000002,万 科Ａ,14.33,14.37,14.2,14.27,524600,749030912,-0.13,-0.9027777777777776
2015-11-11,15:00,sz000002,万 科Ａ,14.21,14.32,14.1,14.17,578612,822609088,-0.1,-0.7007708479327259
2015-11-12,15:00,sz000002,万 科Ａ,14.24,14.25,14.01,14.09,534850,755529984,-0.08,-0.5645730416372619
2015-11-13,15:00,sz000002,万 科Ａ,14.0,14.05,13.83,13.9,383628,534644000,-0.19,-1.34847409510291
2015-11-16,15:00,sz000002,万 科Ａ,13.81,14.0,13.71,14.0,320707,445294016,0.1,0.7194244604316548
2015-11-17,15:00,sz000002,万 科Ａ,14.03,14.3,13.9,14.0,651299,918176000,0.0,0.0
2015-11-18,15:00,sz000002,万 科Ａ,14.07,15.27,14.01,14.67,1753443,2576145920,0.67,4.785714285714286
2015-11-19,15:00,sz000002,万 科Ａ,14.6,14.6,14.18,14.5,886044,1272044160,-0.17,-1.1588275391956373
2015-11-20,15:00,sz000002,万 科Ａ,14.45,14.72,14.37,14.49,732482,1064006016,-0.01,-0.0689655172413793
2015-11-23,15:00,sz000002,万 科Ａ,14.5,14.64,14.32,14.37,629288,911464000,-0.12,-0.8281573498964804
2015-11-24,15:00,sz000002,万 科Ａ,14.37,14.55,14.14,14.5,745686,1068472000,0.13,0.904662491301322
2015-11-25,15:00,sz000002,万 科Ａ,14.42,14.72,14.39,14.56,581818,848024000,0.06,0.4137931034482758
2015-11-26,15:00,sz000002,万 科Ａ,14.55,14.62,14.47,14.5,383748,558000000,-0.06,-0.4120879120879121
2015-11-27,15:00,sz000002,万 科Ａ,14.43,14.65,14.24,14.26,888155,1286416000,-0.24,-1.6551724137931034
2015-11-30,15:00,sz000002,万 科Ａ,14.29,15.25,14.28,15.07,2020009,3029921024,0.81,5.680224403927069
2015-12-01,15:00,sz000002,万 科Ａ,14.99,16.58,14.93,16.58,3750163,6042684928,1.51,10.019907100199072
2015-12-02,15:00,sz000002,万 科Ａ,16.68,18.24,16.54,18.24,6389886,11337756672,1.66,10.012062726176117
2015-12-03,15:00,sz000002,万 科Ａ,18.45,19.33,18.08,19.15,4771236,8914670592,0.91,4.989035087719299
2015-12-04,15:00,sz000002,万 科Ａ,18.9,19.84,18.6,18.98,3768009,7225321472,-0.17,-0.8877284595300261
2015-12-07,15:00,sz000002,万 科Ａ,18.82,18.98,17.67,18.02,2255719,4100197120,-0.96,-5.05795574288725
2015-12-08,15:00,sz000002,万 科Ａ,17.9,18.07,17.4,17.77,1529886,2702009088,-0.25,-1.3873473917869037
2015-12-09,15:00,sz000002,万 科Ａ,17.95,19.55,17.81,19.55,3598519,6732051968,1.78,10.016882386043894
2015-12-10,15:00,sz000002,万 科Ａ,19.59,21.36,19.02,19.54,3067374,6153426944,-0.01,-0.0511508951406649
2015-12-11,15:00,sz000002,万 科Ａ,19.14,20.34,18.78,19.9,2035008,3998320128,0.36,1.842374616171955
2015-12-14,15:00,sz000002,万 科Ａ,19.6,20.48,19.01,20.08,1392193,2747638016,0.18,0.9045226130653266
2015-12-15,15:00,sz000002,万 科Ａ,19.6,21.46,19.6,21.08,1673876,3487965952,1.0,4.9800796812749
2015-12-16,15:00,sz000002,万 科Ａ,20.63,20.99,20.01,20.19,1185363,2410648064,-0.89,-4.222011385199241
2015-12-17,15:00,sz000002,万 科Ａ,20.38,22.21,20.35,22.21,2583392,5616476160,2.02,10.004952947003469
2015-12-18,15:00,sz000002,万 科Ａ,22.4,24.43,21.66,24.43,2238984,5288949760,2.22,9.995497523638
2016-07-04,15:00,sz000002,万 科Ａ,21.99,21.99,21.99,21.99,42663,93815000,-2.44,-9.987720016373313
2016-07-05,15:00,sz000002,万 科Ａ,19.79,19.79,19.79,19.79,1990576,3939350016,-2.2,-10.004547521600728
2016-07-06,15:00,sz000002,万 科Ａ,19.1,20.78,19.1,19.8,10283727,20106487808,0.01,0.0505305709954522
2016-07-07,15:00,sz000002,万 科Ａ,19.1,19.22,18.71,18.82,4300225,8133977088,-0.98,-4.94949494949495
2016-07-08,15:00,sz000002,万 科Ａ,18.6,18.98,18.21,18.75,3124435,5799513088,-0.07,-0.3719447396386822
2016-07-11,15:00,sz000002,万 科Ａ,18.5,18.69,18.23,18.27,2412151,4444566016,-0.48,-2.56
2016-07-12,15:00,sz000002,万 科Ａ,18.27,18.43,17.56,18.12,3064821,5520900096,-0.15,-0.8210180623973727
2016-07-13,15:00,sz000002,万 科Ａ,18.0,18.49,17.85,18.32,2543261,4619085824,0.2,1.1037527593818983
2016-07-14,15:00,sz000002,万 科Ａ,18.14,18.18,17.92,17.96,1675569,3019075072,-0.36,-1.9650655021834065
2016-07-15,15:00,sz000002,万 科Ａ,17.9,18.05,17.86,17.89,1082550,1941770880,-0.07,-0.3897550111358575
2016-07-18,15:00,sz000002,万 科Ａ,17.84,17.84,17.42,17.43,1560004,2740431360,-0.46,-2.57126886528787
2016-07-19,15:00,sz000002,万 科Ａ,17.39,17.39,17.04,17.11,1627752,2792104960,-0.32,-1.835915088927137
2016-07-20,15:00,sz000002,万 科Ａ,16.89,17.42,16.74,17.08,2304922,3931444992,-0.03,-0.1753360607831677
2016-07-21,15:00,sz000002,万 科Ａ,16.91,17.19,16.86,17.02,1444705,2455522048,-0.06,-0.351288056206089
2016-07-22,15:00,sz000002,万 科Ａ,17.17,17.59,17.13,17.39,2339709,4069504000,0.37,2.1739130434782608
2016-07-25,15:00,sz000002,万 科Ａ,17.26,17.79,16.92,17.7,2354339,4116946944,0.31,1.7826336975273145
2016-07-26,15:00,sz000002,万 科Ａ,17.6,17.83,17.52,17.78,1493196,2647747072,0.08,0.4519774011299435
2016-07-27,15:00,sz000002,万 科Ａ,17.78,17.83,16.91,17.42,1476486,2573918976,-0.36,-2.0247469066366706
2016-07-28,15:00,sz000002,万 科Ａ,17.39,17.93,17.21,17.92,1507462,2662313984,0.5,2.8702640642939152
2016-07-29,15:00,sz000002,万 科Ａ,17.05,17.35,16.81,17.14,1986861,3398190080,-0.78,-4.352678571428571
2016-08-01,15:00,sz000002,万 科Ａ,17.01,17.29,16.9,17.17,1273062,2180111104,0.03,0.1750291715285881
2016-08-02,15:00,sz000002,万 科Ａ,17.11,17.7,17.07,17.61,1604209,2808124928,0.44,2.56260920209668
2016-08-03,15:00,sz000002,万 科Ａ,17.55,17.97,17.49,17.88,1515550,2701874176,0.27,1.5332197614991483
2016-08-04,15:00,sz000002,万 科Ａ,17.76,19.67,17.6,19.67,3713465,6982599168,1.79,10.01118568232662
2016-08-05,15:00,sz000002,万 科Ａ,20.33,21.63,19.96,20.95,3800722,7864095232,1.28,6.507371631926792
2016-08-08,15:00,sz000002,万 科Ａ,20.74,22.95,20.55,21.87,3673389,8068063232,0.92,4.391408114558472
2016-08-09,15:00,sz000002,万 科Ａ,22.11,22.29,21.15,21.97,2146892,4681283072,0.1,0.4572473708276178
2016-08-10,15:00,sz000002,万 科Ａ,21.7,21.88,21.0,21.2,2063233,4418913792,-0.77,-3.504779244424215
2016-08-11,15:00,sz000002,万 科Ａ,21.15,21.37,20.64,20.71,1580387,3304482304,-0.49,-2.311320754716981
2016-08-12,15:00,sz000002,万 科Ａ,20.8,22.78,20.52,22.78,3748707,8174349824,2.07,9.99517141477547
2016-08-15,15:00,sz000002,万 科Ａ,23.45,25.06,23.41,25.06,3231106,7854926848,2.28,10.008779631255488
2016-08-16,15:00,sz000002,万 科Ａ,26.51,27.57,26.11,27.57,3334780,9013552128,2.51,10.015961691939346
2016-08-17,15:00,sz000002,万 科Ａ,26.61,27.44,25.36,25.85,3054819,8050573824,-1.72,-6.238665215814291
2016-08-18,15:00,sz000002,万 科Ａ,25.3,27.68,24.51,25.58,4133752,10758881280,-0.27,-1.0444874274661509
2016-08-19,15:00,sz000002,万 科Ａ,25.15,25.32,24.51,24.59,2069911,5134726144,-0.99,-3.870211102423768
2016-08-22,15:00,sz000002,万 科Ａ,24.79,25.56,24.44,24.7,1792252,4483677184,0.11,0.4473363155754371
2016-08-23,15:00,sz000002,万 科Ａ,24.39,25.28,23.83,24.7,1694763,4163383040,0.0,0.0
2016-08-24,15:00,sz000002,万 科Ａ,24.4,24.84,23.75,23.99,1470675,3561540096,-0.71,-2.874493927125506
2016-08-25,15:00,sz000002,万 科Ａ,23.5,23.94,22.71,23.54,1821374,4234198016,-0.45,-1.8757815756565237
2016-08-26,15:00,sz000002,万 科Ａ,23.59,23.59,22.88,22.89,1200024,2780659200,-0.65,-2.76125743415463
2016-08-29,15:00,sz000002,万 科Ａ,22.86,23.25,22.75,22.91,782446,1796320000,0.02,0.0873743993010048
2016-08-30,15:00,sz000002,万 科Ａ,22.95,23.06,22.55,22.66,909262,2072872960,-0.25,-1.0912265386294195
2016-08-31,15:00,sz000002,万 科Ａ,22.68,24.93,22.6,24.93,2383125,5748579840,2.27,10.01765225066196
2016-09-01,15:00,sz000002,万 科Ａ,25.0,25.01,23.19,23.44,2565603,6157514240,-1.49,-5.976734857601283
2016-09-02,15:00,sz000002,万 科Ａ,23.14,24.6,23.01,23.77,1925079,4624433152,0.33,1.4078498293515358
2016-09-05,15:00,sz000002,万 科Ａ,23.6,23.68,23.1,23.44,1028879,2405528064,-0.33,-1.388304585612116
2016-09-06,15:00,sz000002,万 科Ａ,23.4,23.66,23.0,23.32,982128,2280788992,-0.12,-0.5119453924914675
2016-09-07,15:00,sz000002,万 科Ａ,23.54,23.54,23.1,23.27,794539,1853115008,-0.05,-0.2144082332761578
2016-09-08,15:00,sz000002,万 科Ａ,23.23,24.45,23.13,23.62,1424683,3392089088,0.35,1.504082509669102
2016-09-09,15:00,sz000002,万 科Ａ,23.5,23.59,23.01,23.17,884296,2050211968,-0.45,-1.905165114309907
2016-09-12,15:00,sz000002,万 科Ａ,22.6,23.97,22.5,23.5,1379745,3205459968,0.33,1.4242555028053518
2016-09-13,15:00,sz000002,万 科Ａ,23.38,23.68,23.2,23.58,887418,2080192000,0.08,0.3404255319148936
2016-09-14,15:00,sz000002,万 科Ａ,23.35,23.8,23.33,23.58,785574,1852710016,0.0,0.0
2016-09-19,15:00,sz000002,万 科Ａ,23.58,24.0,23.51,23.63,586837,1389732992,0.05,0.2120441051738761
2016-09-20,15:00,sz000002,万 科Ａ,23.63,23.69,23.23,23.62,625656,1469695872,-0.01,-0.0423190859077443
2016-09-21,15:00,sz000002,万 科Ａ,23.55,24.62,23.41,24.62,2227502,5345198080,1.0,4.233700254022015
2016-09-22,15:00,sz000002,万 科Ａ,24.8,27.08,24.41,27.0,3567456,9350013952,2.38,9.66693744922827
2016-09-23,15:00,sz000002,万 科Ａ,26.32,26.55,25.24,25.48,1978383,5106198016,-1.52,-5.62962962962963
2016-09-26,15:00,sz000002,万 科Ａ,25.19,25.35,24.4,24.68,1324173,3272365056,-0.8,-3.139717425431711
2016-09-27,15:00,sz000002,万 科Ａ,24.61,25.69,24.51,25.14,1553417,3918881024,0.46,1.8638573743922204
2016-09-28,15:00,sz000002,万 科Ａ,24.88,26.38,24.33,25.8,1564089,3989435904,0.66,2.6252983293556085
2016-09-29,15:00,sz000002,万 科Ａ,25.68,26.3,25.38,25.99,1282985,3327399936,0.19,0.7364341085271318
2016-09-30,15:00,sz000002,万 科Ａ,25.9,27.45,25.81,26.17,1358409,3600470016,0.18,0.6925740669488265
2016-10-10,15:00,sz000002,万 科Ａ,25.0,25.98,24.66,25.97,1435511,3634603008,-0.2,-0.7642338555598013
2016-10-11,15:00,sz000002,万 科Ａ,25.75,27.41,25.56,26.23,1507286,4017712128,0.26,1.001155179052753
2016-10-12,15:00,sz000002,万 科Ａ,26.0,26.67,25.63,26.6,877754,2296506112,0.37,1.4105985512771635
2016-10-13,15:00,sz000002,万 科Ａ,26.51,27.2,26.3,26.81,1015574,2715384064,0.21,0.7894736842105263
2016-10-14,15:00,sz000002,万 科Ａ,26.92,27.25,26.62,26.84,915143,2462592000,0.03,0.1118985453189108
2016-10-17,15:00,sz000002,万 科Ａ,26.5,26.75,25.73,26.0,929151,2440488960,-0.84,-3.129657228017884
2016-10-18,15:00,sz000002,万 科Ａ,25.9,26.13,25.51,26.0,641773,1659245056,0.0,0.0
2016-10-19,15:00,sz000002,万 科Ａ,26.0,26.48,25.79,25.83,604605,1573933056,-0.17,-0.6538461538461539
2016-10-20,15:00,sz000002,万 科Ａ,25.72,26.69,25.51,25.94,892419,2334841088,0.11,0.4258614014711576
2016-10-21,15:00,sz000002,万 科Ａ,25.7,25.88,25.16,25.25,818704,2081831936,-0.69,-2.6599845797995374
2016-10-24,15:00,sz000002,万 科Ａ,25.25,25.45,25.01,25.24,533196,1346249984,-0.01,-0.0396039603960396
2016-10-25,15:00,sz000002,万 科Ａ,25.2,25.34,24.8,25.01,711492,1779389952,-0.23,-0.9112519809825672
2016-10-26,15:00,sz000002,万 科Ａ,25.0,25.25,24.88,25.17,583825,1463091968,0.16,0.6397441023590564
2016-10-27,15:00,sz000002,万 科Ａ,25.07,25.07,24.7,24.77,436479,1082760960,-0.4,-1.5891934843067144
2016-10-28,15:00,sz000002,万 科Ａ,24.58,25.25,24.5,24.75,631412,1568802944,-0.02,-0.0807428340734759
2016-10-31,15:00,sz000002,万 科Ａ,24.75,25.5,24.51,24.92,548274,1374214144,0.17,0.6868686868686869
2016-11-01,15:00,sz000002,万 科Ａ,25.2,26.1,25.06,25.79,1358772,3476300800,0.87,3.491171749598716
2016-11-02,15:00,sz000002,万 科Ａ,25.45,25.67,24.9,24.9,1017360,2554447872,-0.89,-3.450949980612641
2016-11-03,15:00,sz000002,万 科Ａ,24.77,25.19,24.71,24.87,519229,1295406976,-0.03,-0.1204819277108433
2016-11-04,15:00,sz000002,万 科Ａ,24.84,25.0,24.46,24.59,582099,1434750848,-0.28,-1.1258544431041415
2016-11-07,15:00,sz000002,万 科Ａ,24.47,24.58,24.03,24.16,419893,1016201024,-0.43,-1.748678324522163
2016-11-08,15:00,sz000002,万 科Ａ,24.16,24.49,24.15,24.22,290066,703587968,0.06,0.2483443708609271
2016-11-09,15:00,sz000002,万 科Ａ,24.43,26.64,24.35,26.3,4017161,10484545536,2.08,8.587943848059455
2016-11-10,15:00,sz000002,万 科Ａ,26.0,28.28,25.58,26.56,2430300,6611046912,0.26,0.988593155893536
2016-11-11,15:00,sz000002,万 科Ａ,26.15,26.77,25.7,25.99,958462,2495706880,-0.57,-2.1460843373493974
2016-11-14,15:00,sz000002,万 科Ａ,26.23,26.25,25.31,25.7,878780,2254786048,-0.29,-1.115813774528665
2016-11-15,15:00,sz000002,万 科Ａ,25.6,27.8,25.46,26.94,1485885,3965893120,1.24,4.824902723735409
2016-11-16,15:00,sz000002,万 科Ａ,26.64,27.22,26.09,26.68,827116,2204526080,-0.26,-0.9651076466221232
2016-11-17,15:00,sz000002,万 科Ａ,26.62,27.0,26.31,27.0,595134,1591480064,0.32,1.199400299850075
2016-11-18,15:00,sz000002,万 科Ａ,27.8,29.0,27.51,27.72,1503164,4252380928,0.72,2.666666666666667
2016-11-21,15:00,sz000002,万 科Ａ,27.27,28.25,26.01,27.4,1390655,3795900928,-0.32,-1.1544011544011543
2016-11-22,15:00,sz000002,万 科Ａ,27.04,27.42,26.9,27.3,530389,1441171968,-0.1,-0.364963503649635
2016-11-23,15:00,sz000002,万 科Ａ,27.9,28.07,26.98,27.22,740906,2029094144,-0.08,-0.293040293040293
2016-11-24,15:00,sz000002,万 科Ａ,27.08,27.19,26.7,26.93,412246,1109118976,-0.29,-1.06539309331374
2016-11-25,15:00,sz000002,万 科Ａ,26.79,27.6,26.71,27.2,645946,1759275008,0.27,1.0025993316004456
2016-11-28,15:00,sz000002,万 科Ａ,27.36,27.42,25.48,26.38,1255939,3329672704,-0.82,-3.014705882352941
2016-11-29,15:00,sz000002,万 科Ａ,26.17,26.53,25.9,26.16,780600,2049383936,-0.22,-0.8339651250947688
2016-11-30,15:00,sz000002,万 科Ａ,27.35,27.99,26.77,26.98,1193183,3258832896,0.82,3.134556574923547
2016-12-01,15:00,sz000002,万 科Ａ,26.56,27.3,26.3,26.97,950170,2546519040,-0.01,-0.0370644922164566
2016-12-02,15:00,sz000002,万 科Ａ,26.71,26.85,26.37,26.45,515729,1367269120,-0.52,-1.92806822395254
2016-12-05,15:00,sz000002,万 科Ａ,25.08,25.98,24.86,25.5,689063,1757025024,-0.95,-3.5916824196597354
2016-12-06,15:00,sz000002,万 科Ａ,25.15,25.63,25.15,25.38,356455,903470016,-0.12,-0.4705882352941176
2016-12-07,15:00,sz000002,万 科Ａ,25.35,25.37,24.18,25.14,494623,1230395008,-0.24,-0.9456264775413712
2016-12-08,15:00,sz000002,万 科Ａ,25.1,25.13,24.7,24.74,380550,944276992,-0.4,-1.591089896579157
2016-12-09,15:00,sz000002,万 科Ａ,24.61,25.17,24.37,24.81,481680,1193735040,0.07,0.2829426030719482
2016-12-12,15:00,sz000002,万 科Ａ,24.78,24.78,23.07,23.26,789019,1865280000,-1.55,-6.247480854494156
2016-12-13,15:00,sz000002,万 科Ａ,23.02,23.28,21.86,23.06,484500,1098530944,-0.2,-0.8598452278589854
2016-12-14,15:00,sz000002,万 科Ａ,22.67,22.9,22.2,22.29,412814,931537984,-0.77,-3.3391153512575893
2016-12-15,15:00,sz000002,万 科Ａ,22.15,22.62,21.88,22.33,355628,792478976,0.04,0.1794526693584567
2016-12-16,15:00,sz000002,万 科Ａ,22.12,22.75,22.12,22.46,293976,660796992,0.13,0.5821764442454098
2016-12-19,15:00,sz000002,万 科Ａ,22.0,22.0,21.04,21.1,700484,1497453056,-1.36,-6.055209260908281
2016-12-20,15:00,sz000002,万 科Ａ,21.0,21.0,20.15,20.33,719064,1473705856,-0.77,-3.6492890995260665
2016-12-21,15:00,sz000002,万 科Ａ,20.2,20.7,20.2,20.48,531304,1085458944,0.15,0.7378258730939499
2016-12-22,15:00,sz000002,万 科Ａ,20.3,20.77,20.1,20.61,499717,1023481024,0.13,0.634765625
2016-12-23,15:00,sz000002,万 科Ａ,20.47,20.67,20.25,20.3,324359,662931968,-0.31,-1.5041242115477924
2016-12-26,15:00,sz000002,万 科Ａ,20.21,20.69,20.12,20.65,378124,776896000,0.35,1.7241379310344829
2016-12-27,15:00,sz000002,万 科Ａ,20.65,21.98,20.59,21.42,743304,1584454144,0.77,3.728813559322034
2016-12-28,15:00,sz000002,万 科Ａ,21.24,21.48,21.01,21.2,321517,682433984,-0.22,-1.0270774976657329
2016-12-29,15:00,sz000002,万 科Ａ,21.29,21.32,20.7,20.84,322046,673979008,-0.36,-1.69811320754717
2016-12-30,15:00,sz000002,万 科Ａ,20.88,20.96,20.45,20.55,261150,539244992,-0.29,-1.3915547024952015
2017-01-03,15:00,sz000002,万 科Ａ,20.55,20.88,20.55,20.73,217016,449756992,0.18,0.8759124087591241
2017-01-04,15:00,sz000002,万 科Ａ,20.74,20.95,20.45,20.85,331554,686745024,0.12,0.5788712011577424
2017-01-05,15:00,sz000002,万 科Ａ,20.85,21.23,20.78,20.93,310125,651486016,0.08,0.3836930455635491
2017-01-06,15:00,sz000002,万 科Ａ,20.94,21.04,20.61,20.64,235919,489032000,-0.29,-1.385570950788342
2017-01-09,15:00,sz000002,万 科Ａ,20.6,20.75,20.53,20.66,150954,311672992,0.02,0.0968992248062015
2017-01-10,15:00,sz000002,万 科Ａ,20.67,20.69,20.52,20.58,159171,327766016,-0.08,-0.3872216844143272
2017-01-11,15:00,sz000002,万 科Ａ,20.52,20.63,20.4,20.4,168652,345420992,-0.18,-0.8746355685131195
2017-01-13,15:00,sz000002,万 科Ａ,21.0,22.4,20.9,21.81,1064266,2322227968,1.41,6.911764705882353
2017-01-16,15:00,sz000002,万 科Ａ,21.81,21.81,20.31,21.0,553240,1157107968,-0.81,-3.713892709766162
2017-01-17,15:00,sz000002,万 科Ａ,20.73,20.96,20.39,20.8,321040,663297024,-0.2,-0.9523809523809524
2017-01-18,15:00,sz000002,万 科Ａ,20.67,21.18,20.53,20.92,324772,679288000,0.12,0.576923076923077
2017-01-19,15:00,sz000002,万 科Ａ,20.7,20.88,20.55,20.6,216888,448815008,-0.32,-1.5296367112810707
2017-01-20,15:00,sz000002,万 科Ａ,20.6,20.83,20.54,20.68,215053,444920992,0.08,0.3883495145631068
2017-01-23,15:00,sz000002,万 科Ａ,20.7,20.85,20.7,20.74,156373,324580992,0.06,0.2901353965183753
2017-01-24,15:00,sz000002,万 科Ａ,20.77,20.8,20.65,20.69,159318,330140000,-0.05,-0.2410800385728062
2017-01-25,15:00,sz000002,万 科Ａ,20.68,20.73,20.52,20.61,154647,319264000,-0.08,-0.3866602223296278
2017-01-26,15:00,sz000002,万 科Ａ,20.65,20.77,20.65,20.68,141248,292423008,0.07,0.3396409509946628
2017-02-03,15:00,sz000002,万 科Ａ,20.69,20.79,20.64,20.68,108926,225512000,0.0,0.0
2017-02-06,15:00,sz000002,万 科Ａ,20.68,20.74,20.6,20.71,141028,291579008,0.03,0.1450676982591876
2017-02-07,15:00,sz000002,万 科Ａ,20.59,20.82,20.56,20.64,174076,359724000,-0.07,-0.3380009657170449
2017-02-08,15:00,sz000002,万 科Ａ,20.64,20.71,20.5,20.69,180081,371268000,0.05,0.2422480620155038
2017-02-09,15:00,sz000002,万 科Ａ,20.71,21.35,20.68,20.8,679248,1419378048,0.11,0.5316578057032383
2017-02-10,15:00,sz000002,万 科Ａ,20.78,20.78,20.57,20.66,334926,691827008,-0.14,-0.6730769230769231
2017-02-13,15:00,sz000002,万 科Ａ,20.65,20.85,20.59,20.77,285171,589942016,0.11,0.5324298160696999
2017-02-14,15:00,sz000002,万 科Ａ,20.77,20.98,20.7,20.91,369763,771566976,0.14,0.6740491092922485
2017-02-15,15:00,sz000002,万 科Ａ,20.9,20.9,20.66,20.67,287322,595809024,-0.24,-1.1477761836441895
2017-02-16,15:00,sz000002,万 科Ａ,20.67,20.76,20.59,20.68,171054,353048000,0.01,0.0483792936623125
2017-02-17,15:00,sz000002,万 科Ａ,20.68,20.68,20.52,20.54,198142,407776992,-0.14,-0.6769825918762089
2017-02-20,15:00,sz000002,万 科Ａ,20.55,20.73,20.52,20.61,247483,510716000,0.07,0.3407984420642648
2017-02-21,15:00,sz000002,万 科Ａ,20.72,20.98,20.63,20.98,536856,1120699008,0.37,1.7952450266860749
2017-02-22,15:00,sz000002,万 科Ａ,20.95,20.95,20.79,20.9,225366,470272000,-0.08,-0.3813155386081983
2017-02-23,15:00,sz000002,万 科Ａ,20.94,20.98,20.72,20.79,191637,398327008,-0.11,-0.5263157894736842
2017-02-24,15:00,sz000002,万 科Ａ,20.72,20.77,20.62,20.72,217539,449771008,-0.07,-0.3367003367003366
2017-02-27,15:00,sz000002,万 科Ａ,20.57,20.63,20.48,20.52,293446,602502976,-0.2,-0.9652509652509652
2017-02-28,15:00,sz000002,万 科Ａ,20.52,20.59,20.47,20.53,159762,327716000,0.01,0.0487329434697855
2017-03-01,15:00,sz000002,万 科Ａ,20.55,20.59,20.49,20.5,250601,514166016,-0.03,-0.1461276181198246
2017-03-02,15:00,sz000002,万 科Ａ,20.52,20.54,20.33,20.34,222827,454425984,-0.16,-0.7804878048780488
2017-03-03,15:00,sz000002,万 科Ａ,20.34,20.37,20.12,20.2,170260,344068992,-0.14,-0.688298918387414
2017-03-06,15:00,sz000002,万 科Ａ,20.25,20.39,20.14,20.22,276336,559073984,0.02,0.099009900990099
2017-03-07,15:00,sz000002,万 科Ａ,20.24,20.29,20.18,20.26,181572,367187008,0.04,0.1978239366963402
2017-03-08,15:00,sz000002,万 科Ａ,20.27,20.85,20.26,20.72,657862,1358825856,0.46,2.270483711747285
2017-03-09,15:00,sz000002,万 科Ａ,20.6,20.73,20.35,20.51,246039,504798016,-0.21,-1.0135135135135136
2017-03-10,15:00,sz000002,万 科Ａ,20.52,20.75,20.52,20.6,236308,488180992,0.09,0.4388103364212579
2017-03-13,15:00,sz000002,万 科Ａ,20.65,20.88,20.51,20.71,419235,869278016,0.11,0.5339805825242718
2017-03-14,15:00,sz000002,万 科Ａ,20.81,22.4,20.72,21.57,1209940,2610434048,0.86,4.152583293095123
2017-03-15,15:00,sz000002,万 科Ａ,21.36,21.57,21.0,21.29,506426,1077880064,-0.28,-1.2980992118683357
2017-03-16,15:00,sz000002,万 科Ａ,21.41,21.68,21.13,21.27,516623,1101853056,-0.02,-0.0939408172851103
2017-03-17,15:00,sz000002,万 科Ａ,22.0,22.28,21.5,21.54,789146,1719090944,0.27,1.2693935119887163
2017-03-20,15:00,sz000002,万 科Ａ,21.49,21.49,20.85,21.13,555865,1170268032,-0.41,-1.9034354688950788
2017-03-21,15:00,sz000002,万 科Ａ,21.01,21.34,20.82,21.18,288242,608369024,0.05,0.236630383341221
2017-03-22,15:00,sz000002,万 科Ａ,21.15,21.17,20.95,21.07,243581,512675008,-0.11,-0.5193578847969783
2017-03-23,15:00,sz000002,万 科Ａ,21.08,21.91,20.96,21.45,534906,1144905984,0.38,1.8035121025154248
2017-03-24,15:00,sz000002,万 科Ａ,21.4,21.69,21.3,21.49,384483,825817984,0.04,0.1864801864801865
2017-03-27,15:00,sz000002,万 科Ａ,21.58,21.6,21.1,21.2,394654,842704000,-0.29,-1.3494648673801768
2017-03-28,15:00,sz000002,万 科Ａ,21.2,21.43,21.02,21.27,258551,548747008,0.07,0.330188679245283
2017-03-29,15:00,sz000002,万 科Ａ,21.28,21.29,21.0,21.01,231035,487585984,-0.26,-1.222378937470616
2017-03-30,15:00,sz000002,万 科Ａ,21.0,21.06,20.48,20.53,317640,656689088,-0.48,-2.284626368396002
2017-03-31,15:00,sz000002,万 科Ａ,20.53,20.64,20.51,20.58,153297,315289984,0.05,0.2435460301997077
2017-04-05,15:00,sz000002,万 科Ａ,20.63,21.0,20.55,20.58,851996,1758701952,0.0,0.0
2017-04-06,15:00,sz000002,万 科Ａ,20.63,20.85,20.58,20.79,533712,1105683968,0.21,1.020408163265306
2017-04-07,15:00,sz000002,万 科Ａ,20.79,20.91,20.67,20.8,313906,652368000,0.01,0.0481000481000481
2017-04-10,15:00,sz000002,万 科Ａ,20.72,20.75,20.51,20.6,274599,565963008,-0.2,-0.9615384615384616
2017-04-11,15:00,sz000002,万 科Ａ,20.6,20.7,20.2,20.7,458860,938204096,0.1,0.4854368932038834
2017-04-12,15:00,sz000002,万 科Ａ,20.7,21.57,20.7,21.02,645855,1363421056,0.32,1.5458937198067633
2017-04-13,15:00,sz000002,万 科Ａ,21.0,21.15,20.72,20.94,269101,562838976,-0.08,-0.3805899143672693
2017-04-14,15:00,sz000002,万 科Ａ,20.92,20.92,20.6,20.64,218505,452007008,-0.3,-1.4326647564469914
2017-04-17,15:00,sz000002,万 科Ａ,20.64,20.64,20.37,20.56,163623,335001984,-0.08,-0.3875968992248062
2017-04-18,15:00,sz000002,万 科Ａ,20.56,20.65,20.46,20.47,135988,279288000,-0.09,-0.4377431906614786
2017-04-19,15:00,sz000002,万 科Ａ,20.45,20.62,20.3,20.53,196327,401696000,0.06,0.2931118710307767
2017-04-20,15:00,sz000002,万 科Ａ,20.5,20.75,20.5,20.63,248213,512035008,0.1,0.4870920603994155
2017-04-21,15:00,sz000002,万 科Ａ,20.64,20.75,20.55,20.68,208444,430649984,0.05,0.2423654871546291
2017-04-24,15:00,sz000002,万 科Ａ,20.68,20.69,20.31,20.43,180092,368488992,-0.25,-1.2088974854932302
2017-04-25,15:00,sz000002,万 科Ａ,20.44,20.63,20.4,20.55,136163,279060992,0.12,0.5873715124816447
2017-04-26,15:00,sz000002,万 科Ａ,20.49,20.53,20.34,20.36,186192,379881984,-0.19,-0.9245742092457422
2017-04-27,15:00,sz000002,万 科Ａ,20.32,20.33,19.0,19.76,519118,1018995008,-0.6,-2.9469548133595285
2017-04-28,15:00,sz000002,万 科Ａ,19.38,19.55,19.13,19.5,357431,690772992,-0.26,-1.3157894736842104
2017-05-02,15:00,sz000002,万 科Ａ,19.3,19.37,19.1,19.2,184423,353863008,-0.3,-1.5384615384615383
2017-05-03,15:00,sz000002,万 科Ａ,19.2,19.25,18.83,18.86,269266,511548992,-0.34,-1.7708333333333333
2017-05-04,15:00,sz000002,万 科Ａ,18.9,19.19,18.9,19.02,178467,340627008,0.16,0.8483563096500532
2017-05-05,15:00,sz000002,万 科Ａ,18.95,19.07,18.81,18.89,116550,220659008,-0.13,-0.6834910620399579
2017-05-08,15:00,sz000002,万 科Ａ,18.89,18.96,18.44,18.47,183996,341696992,-0.42,-2.223398623610376
2017-05-09,15:00,sz000002,万 科Ａ,18.43,18.68,18.32,18.62,123564,229216992,0.15,0.8121277747698972
2017-05-10,15:00,sz000002,万 科Ａ,18.62,18.84,18.62,18.67,156075,292340000,0.05,0.2685284640171858
2017-05-11,15:00,sz000002,万 科Ａ,18.67,19.4,18.5,19.24,347254,661590912,0.57,3.053026245313337
2017-05-12,15:00,sz000002,万 科Ａ,19.11,19.45,18.93,19.4,222193,426308000,0.16,0.8316008316008316
2017-05-15,15:00,sz000002,万 科Ａ,19.4,19.47,19.27,19.34,122093,236414000,-0.06,-0.3092783505154639
2017-05-16,15:00,sz000002,万 科Ａ,19.3,19.31,18.87,19.23,189232,360407008,-0.11,-0.5687693898655636
2017-05-17,15:00,sz000002,万 科Ａ,19.13,19.18,19.01,19.14,139247,265876992,-0.09,-0.46801872074883
2017-05-18,15:00,sz000002,万 科Ａ,19.02,19.12,18.97,19.04,104260,198884000,-0.1,-0.522466039707419
2017-05-19,15:00,sz000002,万 科Ａ,19.07,19.19,19.02,19.17,102373,195768992,0.13,0.6827731092436975
2017-05-22,15:00,sz000002,万 科Ａ,19.17,19.17,18.84,19.07,147292,280016000,-0.1,-0.5216484089723527
2017-05-23,15:00,sz000002,万 科Ａ,19.01,19.3,18.92,19.23,202716,387974016,0.16,0.8390141583639223
2017-05-24,15:00,sz000002,万 科Ａ,19.14,19.31,18.92,19.19,189289,362272000,-0.04,-0.2080083203328133
2017-05-25,15:00,sz000002,万 科Ａ,19.15,20.83,19.12,20.5,896979,1815757952,1.31,6.8264721208963
2017-05-26,15:00,sz000002,万 科Ａ,20.3,20.75,20.07,20.55,400658,814867008,0.05,0.2439024390243902
2017-05-31,15:00,sz000002,万 科Ａ,21.49,21.58,20.9,21.26,682330,1447984128,0.71,3.454987834549878
2017-06-01,15:00,sz000002,万 科Ａ,21.1,21.37,20.93,21.09,266365,562161024,-0.17,-0.7996237064910631
2017-06-02,15:00,sz000002,万 科Ａ,21.08,21.3,20.78,20.95,235397,493992000,-0.14,-0.6638217164532955
2017-06-05,15:00,sz000002,万 科Ａ,20.75,21.26,20.71,21.1,285544,602172992,0.15,0.7159904534606205
2017-06-06,15:00,sz000002,万 科Ａ,21.05,21.45,20.83,20.87,492775,1044876032,-0.23,-1.0900473933649288
2017-06-12,15:00,sz000002,万 科Ａ,21.48,22.8,21.48,21.7,944276,2080848000,0.83,3.977000479156685
2017-06-13,15:00,sz000002,万 科Ａ,21.91,22.46,21.5,22.0,471001,1040217984,0.3,1.3824884792626728
2017-06-14,15:00,sz000002,万 科Ａ,21.9,21.9,21.32,21.35,370107,798534016,-0.65,-2.9545454545454546
2017-06-15,15:00,sz000002,万 科Ａ,21.26,21.3,20.82,21.04,233208,489523008,-0.31,-1.4519906323185012
2017-06-16,15:00,sz000002,万 科Ａ,21.05,21.18,20.9,20.94,139298,292396000,-0.1,-0.4752851711026616
2017-06-19,15:00,sz000002,万 科Ａ,20.94,21.07,20.9,20.98,118915,249680000,0.04,0.1910219675262655
2017-06-20,15:00,sz000002,万 科Ａ,20.94,21.27,20.82,21.03,236755,497795008,0.05,0.2383222116301239
2017-06-21,15:00,sz000002,万 科Ａ,21.35,21.43,20.9,21.04,194542,411152992,0.01,0.0475511174512601
2017-06-22,15:00,sz000002,万 科Ａ,21.1,22.3,21.1,21.88,715928,1562558848,0.84,3.9923954372623576
2017-06-23,15:00,sz000002,万 科Ａ,21.84,24.07,21.8,24.07,1251186,2905465088,2.19,10.009140767824496
2017-06-26,15:00,sz000002,万 科Ａ,24.94,26.48,24.55,26.48,1711182,4396209152,2.41,10.012463647694226
2017-06-27,15:00,sz000002,万 科Ａ,26.01,26.03,25.17,25.54,1198380,3059693056,-0.94,-3.5498489425981874
2017-06-28,15:00,sz000002,万 科Ａ,25.38,25.89,24.78,25.0,946320,2391062016,-0.54,-2.11433046202036
2017-06-29,15:00,sz000002,万 科Ａ,25.16,25.42,24.56,25.16,706958,1767700864,0.16,0.64
2017-06-30,15:00,sz000002,万 科Ａ,25.0,25.39,24.64,24.97,595614,1487555840,-0.19,-0.7551669316375199
2017-07-03,15:00,sz000002,万 科Ａ,24.76,25.2,24.36,24.57,452937,1115270016,-0.4,-1.6019223067681216
2017-07-04,15:00,sz000002,万 科Ａ,24.57,24.93,23.52,23.86,740518,1798525952,-0.71,-2.88970288970289
2017-07-05,15:00,sz000002,万 科Ａ,23.94,24.65,23.43,24.54,747827,1802258048,0.68,2.8499580888516345
2017-07-06,15:00,sz000002,万 科Ａ,24.3,24.66,23.95,24.22,474769,1154892032,-0.32,-1.3039934800325998
2017-07-07,15:00,sz000002,万 科Ａ,24.27,25.09,24.03,24.66,583982,1442448000,0.44,1.8166804293971923
2017-07-10,15:00,sz000002,万 科Ａ,24.4,25.38,24.22,24.43,609251,1510227968,-0.23,-0.9326845093268452
2017-07-11,15:00,sz000002,万 科Ａ,24.27,25.1,24.15,24.75,475520,1179892992,0.32,1.3098649201801065
2017-07-12,15:00,sz000002,万 科Ａ,25.7,26.7,25.22,25.46,996895,2583415040,0.71,2.868686868686869
2017-07-13,15:00,sz000002,万 科Ａ,24.91,25.35,24.4,24.43,833370,2064323840,-1.03,-4.045561665357424
2017-07-14,15:00,sz000002,万 科Ａ,24.45,24.83,24.36,24.59,201797,495832000,0.16,0.6549324600900532
2017-07-18,15:00,sz000002,万 科Ａ,25.58,25.8,24.88,25.3,791832,2004962048,0.71,2.887352582350549
2017-07-19,15:00,sz000002,万 科Ａ,24.85,26.06,24.43,25.14,1008070,2526934016,-0.16,-0.6324110671936759
2017-07-20,15:00,sz000002,万 科Ａ,24.85,25.64,24.73,25.35,633677,1598967040,0.21,0.8353221957040573
2017-07-21,15:00,sz000002,万 科Ａ,25.19,25.64,24.65,24.78,477662,1195587968,-0.57,-2.2485207100591715
2017-07-24,15:00,sz000002,万 科Ａ,24.7,24.72,23.38,23.8,835260,2000738048,-0.98,-3.954802259887006
2017-07-25,15:00,sz000002,万 科Ａ,23.6,23.74,23.22,23.26,362654,849636992,-0.54,-2.26890756302521
2017-07-26,15:00,sz000002,万 科Ａ,23.28,23.68,23.23,23.42,307159,719796992,0.16,0.6878761822871883
2017-07-27,15:00,sz000002,万 科Ａ,23.45,23.63,22.94,23.0,426351,991318016,-0.42,-1.7933390264730995
2017-07-28,15:00,sz000002,万 科Ａ,23.0,23.84,23.0,23.63,412507,971980992,0.63,2.7391304347826084
2017-07-31,15:00,sz000002,万 科Ａ,23.52,23.58,23.1,23.37,309424,721126976,-0.26,-1.1002962336013542
2017-08-01,15:00,sz000002,万 科Ａ,23.35,23.55,23.2,23.42,209522,490486016,0.05,0.2139495079161318
2017-08-02,15:00,sz000002,万 科Ａ,23.45,24.12,23.43,23.58,353910,841308992,0.16,0.6831767719897524
2017-08-03,15:00,sz000002,万 科Ａ,23.58,23.58,22.79,23.11,455189,1047660992,-0.47,-1.993214588634436
2017-08-04,15:00,sz000002,万 科Ａ,23.0,23.06,22.71,22.84,296123,676532992,-0.27,-1.1683254002596275
2017-08-07,15:00,sz000002,万 科Ａ,22.82,23.05,22.68,22.71,234091,533908000,-0.13,-0.5691768826619965
2017-08-08,15:00,sz000002,万 科Ａ,22.81,22.81,22.58,22.77,191585,434919008,0.06,0.2642007926023778
2017-08-09,15:00,sz000002,万 科Ａ,22.8,23.08,22.71,22.95,244983,561145024,0.18,0.7905138339920948
2017-08-10,15:00,sz000002,万 科Ａ,22.99,22.99,22.53,22.8,239302,543681024,-0.15,-0.6535947712418301
2017-08-11,15:00,sz000002,万 科Ａ,22.6,22.69,22.0,22.02,344130,768449984,-0.78,-3.421052631578948
2017-08-14,15:00,sz000002,万 科Ａ,22.12,22.25,21.73,21.95,400870,879296000,-0.07,-0.3178928247048138
2017-08-15,15:00,sz000002,万 科Ａ,21.99,22.18,21.86,22.02,247722,544574016,0.07,0.3189066059225512
2017-08-16,15:00,sz000002,万 科Ａ,22.1,22.1,21.75,21.86,229564,501790016,-0.16,-0.7266121707538601
2017-08-17,15:00,sz000002,万 科Ａ,21.9,21.97,21.72,21.92,197748,433006016,0.06,0.2744739249771272
2017-08-18,15:00,sz000002,万 科Ａ,21.88,22.95,21.81,22.82,552724,1242947968,0.9,4.105839416058394
2017-08-21,15:00,sz000002,万 科Ａ,22.7,22.81,22.39,22.62,287832,649571008,-0.2,-0.8764241893076249
2017-08-22,15:00,sz000002,万 科Ａ,22.78,23.4,22.65,23.21,504123,1167245952,0.59,2.608311229000884
2017-08-23,15:00,sz000002,万 科Ａ,23.25,23.3,22.92,23.24,222221,514484000,0.03,0.1292546316242998
2017-08-24,15:00,sz000002,万 科Ａ,23.18,23.32,22.85,23.09,180488,417300000,-0.15,-0.6454388984509466
2017-08-25,15:00,sz000002,万 科Ａ,23.5,23.68,23.14,23.2,483898,1131197952,0.11,0.4763967085318319
2017-08-28,15:00,sz000002,万 科Ａ,23.27,24.42,23.27,24.01,898476,2154998016,0.81,3.4913793103448274
2017-08-29,15:00,sz000002,万 科Ａ,23.38,23.57,22.85,23.36,436613,1015608000,-0.65,-2.707205331112037
2017-08-30,15:00,sz000002,万 科Ａ,23.52,23.58,23.23,23.24,337202,789291008,-0.12,-0.5136986301369862
2017-08-31,15:00,sz000002,万 科Ａ,23.19,23.43,23.01,23.23,298893,694243008,-0.01,-0.0430292598967297
2017-09-01,15:00,sz000002,万 科Ａ,23.26,23.37,22.74,22.88,407080,933710016,-0.35,-1.506672406371072
2017-09-04,15:00,sz000002,万 科Ａ,22.9,23.04,22.69,22.96,268283,614726976,0.08,0.3496503496503496
2017-09-05,15:00,sz000002,万 科Ａ,23.05,23.89,23.05,23.76,539792,1279251968,0.8,3.484320557491289
2017-09-06,15:00,sz000002,万 科Ａ,23.79,24.27,23.5,23.8,361719,865955008,0.04,0.1683501683501683
2017-09-07,15:00,sz000002,万 科Ａ,23.96,26.18,23.96,25.97,1274569,3234473984,2.17,9.117647058823527
2017-09-08,15:00,sz000002,万 科Ａ,25.9,26.28,25.16,25.79,795767,2043297024,-0.18,-0.693107431651906
2017-09-11,15:00,sz000002,万 科Ａ,25.61,26.39,25.03,25.28,582773,1493511040,-0.51,-1.9775106630476929
2017-09-12,15:00,sz000002,万 科Ａ,25.03,25.47,24.82,25.26,442261,1112832000,-0.02,-0.0791139240506329
2017-09-13,15:00,sz000002,万 科Ａ,25.3,26.05,24.99,25.76,467463,1201265024,0.5,1.979414093428345
2017-09-14,15:00,sz000002,万 科Ａ,25.78,28.06,25.55,27.56,1150696,3120331008,1.8,6.987577639751552
2017-09-15,15:00,sz000002,万 科Ａ,27.5,30.22,27.47,29.3,1550495,4549588992,1.74,6.313497822931785
2017-09-18,15:00,sz000002,万 科Ａ,29.01,29.74,27.99,28.04,1063043,3051115776,-1.26,-4.300341296928328
2017-09-19,15:00,sz000002,万 科Ａ,28.27,30.1,28.1,28.77,1196308,3484566016,0.73,2.6034236804564905
2017-09-20,15:00,sz000002,万 科Ａ,28.5,29.55,28.0,28.73,613095,1763105024,-0.04,-0.1390337156760514
2017-09-21,15:00,sz000002,万 科Ａ,28.5,29.06,27.75,28.4,536324,1515969152,-0.33,-1.148625130525583
2017-09-22,15:00,sz000002,万 科Ａ,28.39,28.67,27.52,27.81,423093,1184002944,-0.59,-2.0774647887323945
2017-09-25,15:00,sz000002,万 科Ａ,27.2,27.2,26.1,26.12,722702,1913321984,-1.69,-6.076950737144912
2017-09-26,15:00,sz000002,万 科Ａ,26.12,27.22,26.1,26.76,593044,1585096960,0.64,2.4502297090352223
2017-09-27,15:00,sz000002,万 科Ａ,27.0,27.28,26.52,26.84,367534,990737024,0.08,0.2989536621823617
2017-09-28,15:00,sz000002,万 科Ａ,27.0,27.15,26.4,26.41,262347,699235008,-0.43,-1.602086438152012
2017-09-29,15:00,sz000002,万 科Ａ,26.56,26.8,26.0,26.25,345752,908846976,-0.16,-0.605831124574025
2017-10-09,15:00,sz000002,万 科Ａ,27.45,27.65,26.24,26.47,711736,1923169152,0.22,0.8380952380952381
2017-10-10,15:00,sz000002,万 科Ａ,26.4,26.69,26.19,26.59,367101,970161024,0.12,0.4533434076312807
2017-10-11,15:00,sz000002,万 科Ａ,26.69,27.27,26.47,26.87,425997,1141668992,0.28,1.0530274539300488
2017-10-12,15:00,sz000002,万 科Ａ,26.99,27.2,26.72,27.1,348979,941856000,0.23,0.8559732043170823
2017-10-13,15:00,sz000002,万 科Ａ,27.2,27.58,26.81,26.93,329928,894966016,-0.17,-0.6273062730627307
2017-10-16,15:00,sz000002,万 科Ａ,26.96,26.97,26.13,26.31,315008,833062016,-0.62,-2.302265131823245
2017-10-17,15:00,sz000002,万 科Ａ,26.32,26.52,26.14,26.21,184811,485403008,-0.1,-0.3800836183960471
2017-10-18,15:00,sz000002,万 科Ａ,26.21,26.56,25.61,26.43,334052,870086016,0.22,0.8393742846241892
2017-10-19,15:00,sz000002,万 科Ａ,26.44,26.57,26.01,26.05,202525,532422016,-0.38,-1.4377601210745363
2017-10-20,15:00,sz000002,万 科Ａ,26.0,26.23,25.73,26.16,145915,379609984,0.11,0.4222648752399232
2017-10-23,15:00,sz000002,万 科Ａ,26.17,26.2,25.77,25.93,197527,512608992,-0.23,-0.8792048929663608
2017-10-24,15:00,sz000002,万 科Ａ,25.81,27.2,25.81,27.0,509187,1367035008,1.07,4.126494408021596
2017-10-25,15:00,sz000002,万 科Ａ,27.01,28.0,26.86,27.43,445727,1230082048,0.43,1.5925925925925926
2017-10-26,15:00,sz000002,万 科Ａ,27.3,27.88,26.91,27.53,422766,1159748992,0.1,0.3645643456069996
2017-10-27,15:00,sz000002,万 科Ａ,27.7,28.28,27.26,27.5,447443,1241369984,-0.03,-0.1089720305121685
2017-10-30,15:00,sz000002,万 科Ａ,27.5,29.0,27.41,28.98,676711,1913212032,1.48,5.381818181818182
2017-10-31,15:00,sz000002,万 科Ａ,28.8,29.28,28.28,28.96,463277,1334575872,-0.02,-0.0690131124913733
2017-11-01,15:00,sz000002,万 科Ａ,28.96,30.54,28.73,29.15,622931,1849005952,0.19,0.6560773480662984
2017-11-02,15:00,sz000002,万 科Ａ,29.3,29.48,28.68,29.45,361906,1053595008,0.3,1.0291595197255576
2017-11-03,15:00,sz000002,万 科Ａ,29.23,29.52,28.05,28.19,455428,1305014016,-1.26,-4.278438030560271
2017-11-06,15:00,sz000002,万 科Ａ,28.2,28.27,26.95,27.46,509485,1395554048,-0.73,-2.5895707697765165
2017-11-07,15:00,sz000002,万 科Ａ,27.36,27.95,27.3,27.85,379818,1052691008,0.39,1.4202476329206115
2017-11-08,15:00,sz000002,万 科Ａ,27.75,28.14,27.41,27.64,398661,1105268992,-0.21,-0.7540394973070017
2017-11-09,15:00,sz000002,万 科Ａ,27.52,27.79,27.3,27.67,234126,645091968,0.03,0.1085383502170767
2017-11-10,15:00,sz000002,万 科Ａ,27.6,27.83,27.36,27.51,305912,841979008,-0.16,-0.5782435851102277
2017-11-13,15:00,sz000002,万 科Ａ,27.45,27.49,26.8,27.06,347146,941038016,-0.45,-1.6357688113413305
2017-11-14,15:00,sz000002,万 科Ａ,27.05,28.5,26.7,28.5,735824,2042077952,1.44,5.321507760532151
2017-11-15,15:00,sz000002,万 科Ａ,28.28,28.66,27.91,28.44,541077,1532167936,-0.06,-0.2105263157894736
2017-11-16,15:00,sz000002,万 科Ａ,28.35,29.38,28.32,28.94,574432,1663430016,0.5,1.7580872011251758
2017-11-17,15:00,sz000002,万 科Ａ,28.85,29.6,28.6,28.9,563943,1639436160,-0.04,-0.138217000691085
2017-11-20,15:00,sz000002,万 科Ａ,28.8,29.01,27.48,28.9,395088,1118754944,0.0,0.0
2017-11-21,15:00,sz000002,万 科Ａ,28.54,31.79,28.54,31.79,1081788,3289379072,2.89,10.0
2017-11-22,15:00,sz000002,万 科Ａ,31.9,33.08,31.54,32.5,1052969,3398210048,0.71,2.233406731676628
2017-11-23,15:00,sz000002,万 科Ａ,32.42,32.74,31.02,31.3,580325,1851670016,-1.2,-3.692307692307693
2017-11-24,15:00,sz000002,万 科Ａ,31.18,32.29,30.47,31.8,524343,1653488000,0.5,1.5974440894568689
2017-11-27,15:00,sz000002,万 科Ａ,31.45,32.6,30.59,31.52,521581,1640696064,-0.28,-0.8805031446540881
2017-11-28,15:00,sz000002,万 科Ａ,31.09,31.35,30.1,30.75,405786,1243495040,-0.77,-2.4428934010152283
2017-11-29,15:00,sz000002,万 科Ａ,30.78,33.83,30.28,33.82,897712,2894401024,3.07,9.983739837398376
2017-11-30,15:00,sz000002,万 科Ａ,33.1,33.4,30.68,31.22,1000664,3213854208,-2.6,-7.68775872264932
2017-12-01,15:00,sz000002,万 科Ａ,30.5,32.03,30.5,30.73,557438,1733100032,-0.49,-1.5695067264573992
2017-12-04,15:00,sz000002,万 科Ａ,30.6,31.3,29.9,30.85,379890,1160068992,0.12,0.390497884803124
2017-12-05,15:00,sz000002,万 科Ａ,30.6,31.48,30.2,31.03,564302,1747239936,0.18,0.5834683954619124
2017-12-06,15:00,sz000002,万 科Ａ,30.73,31.2,30.26,30.77,389794,1197517056,-0.26,-0.8378988076055429
2017-12-07,15:00,sz000002,万 科Ａ,30.57,31.9,29.9,29.95,590007,1807842944,-0.82,-2.664933376665583
2017-12-08,15:00,sz000002,万 科Ａ,29.38,29.88,29.05,29.82,588187,1731417984,-0.13,-0.4340567612687813
2017-12-11,15:00,sz000002,万 科Ａ,29.82,29.95,29.3,29.93,502135,1487020032,0.11,0.3688799463447351
2017-12-12,15:00,sz000002,万 科Ａ,29.73,30.36,29.51,29.57,467638,1401462016,-0.36,-1.2028065486134312
2017-12-13,15:00,sz000002,万 科Ａ,29.57,30.1,29.35,29.94,334953,998153024,0.37,1.2512681772066283
2017-12-14,15:00,sz000002,万 科Ａ,29.94,30.37,29.85,30.11,382067,1150697984,0.17,0.5678022712090849
2017-12-15,15:00,sz000002,万 科Ａ,30.12,30.12,29.1,29.11,396229,1165712000,-1.0,-3.3211557622052474
2017-12-18,15:00,sz000002,万 科Ａ,29.11,29.26,28.04,28.46,421286,1207131008,-0.65,-2.2329096530401924
2017-12-19,15:00,sz000002,万 科Ａ,28.66,29.25,28.4,29.16,340084,981539968,0.7,2.459592410400562
2017-12-20,15:00,sz000002,万 科Ａ,29.09,29.1,28.52,28.6,329026,943187008,-0.56,-1.9204389574759944
2017-12-21,15:00,sz000002,万 科Ａ,28.72,30.19,28.63,29.72,595163,1756898048,1.12,3.916083916083916
2017-12-22,15:00,sz000002,万 科Ａ,29.6,30.2,29.57,29.85,342206,1023084992,0.13,0.4374158815612382
2017-12-25,15:00,sz000002,万 科Ａ,30.3,31.33,30.27,30.37,506382,1561915008,0.52,1.742043551088777
2017-12-26,15:00,sz000002,万 科Ａ,30.49,30.8,30.12,30.5,278845,850307008,0.13,0.4280540006585446
2017-12-27,15:00,sz000002,万 科Ａ,30.55,31.09,30.4,30.79,395488,1218291968,0.29,0.9508196721311476
2017-12-28,15:00,sz000002,万 科Ａ,30.4,30.84,29.87,30.7,367316,1117505024,-0.09,-0.2923026956804157
2017-12-29,15:00,sz000002,万 科Ａ,30.75,31.71,30.74,31.06,385307,1204644992,0.36,1.1726384364820848
2018-01-02,15:00,sz000002,万 科Ａ,31.45,32.99,31.45,32.56,683432,2218501888,1.5,4.829362524146812
2018-01-03,15:00,sz000002,万 科Ａ,32.5,33.78,32.23,32.33,646870,2130248960,-0.23,-0.7063882063882064
2018-01-04,15:00,sz000002,万 科Ａ,32.76,33.53,32.1,33.12,529085,1740601984,0.79,2.443550881534179
2018-01-05,15:00,sz000002,万 科Ａ,32.98,35.88,32.8,34.76,843100,2916786944,1.64,4.951690821256038
2018-01-08,15:00,sz000002,万 科Ａ,35.11,36.96,35.11,35.99,830783,2994514944,1.23,3.538550057537399
2018-01-09,15:00,sz000002,万 科Ａ,35.63,36.11,34.95,35.84,478459,1700946944,-0.15,-0.4167824395665462
2018-01-10,15:00,sz000002,万 科Ａ,35.6,36.7,35.5,35.67,453695,1633033856,-0.17,-0.4743303571428571
2018-01-11,15:00,sz000002,万 科Ａ,35.55,35.78,34.54,35.15,402483,1411858944,-0.52,-1.457807681525091
2018-01-12,15:00,sz000002,万 科Ａ,35.1,36.62,35.09,35.55,537013,1927916160,0.4,1.1379800853485065
2018-01-15,15:00,sz000002,万 科Ａ,35.84,38.0,35.61,37.09,757186,2784026880,1.54,4.331926863572433
2018-01-16,15:00,sz000002,万 科Ａ,36.5,40.7,36.4,40.2,978464,3763499008,3.11,8.385009436505797
2018-01-17,15:00,sz000002,万 科Ａ,39.48,40.6,38.3,39.77,812191,3199234048,-0.43,-1.0696517412935325
2018-01-18,15:00,sz000002,万 科Ａ,39.6,40.64,38.9,39.76,558848,2226746880,-0.01,-0.0251445813427206
2018-01-19,15:00,sz000002,万 科Ａ,39.85,41.09,39.25,39.42,548758,2207881984,-0.34,-0.8551307847082495
2018-01-22,15:00,sz000002,万 科Ａ,39.0,39.84,38.51,39.53,406526,1597213056,0.11,0.2790461694571283
2018-01-23,15:00,sz000002,万 科Ａ,40.0,41.51,39.99,40.98,648657,2653177088,1.45,3.6681001770806985
2018-01-24,15:00,sz000002,万 科Ａ,40.7,42.24,40.46,41.13,542629,2236495872,0.15,0.3660322108345534
2018-01-25,15:00,sz000002,万 科Ａ,41.12,41.12,38.8,40.2,648064,2577573888,-0.93,-2.261123267687819
2018-01-26,15:00,sz000002,万 科Ａ,40.0,40.66,39.12,40.04,410062,1640756992,-0.16,-0.3980099502487562
2018-01-29,15:00,sz000002,万 科Ａ,40.38,40.56,38.09,38.57,597862,2338981888,-1.47,-3.6713286713286712
2018-01-30,15:00,sz000002,万 科Ａ,38.0,38.0,36.27,36.36,908234,3355539200,-2.21,-5.729841845994296
2018-01-31,15:00,sz000002,万 科Ａ,36.61,37.76,35.62,37.56,898147,3297773056,1.2,3.3003300330033
2018-02-01,15:00,sz000002,万 科Ａ,37.5,38.04,36.9,37.5,635425,2380069120,-0.06,-0.1597444089456869
2018-02-02,15:00,sz000002,万 科Ａ,36.5,37.9,35.8,37.38,596793,2208197888,-0.12,-0.32
2018-02-05,15:00,sz000002,万 科Ａ,36.8,38.06,36.31,36.99,552634,2046513024,-0.39,-1.043338683788122
2018-02-06,15:00,sz000002,万 科Ａ,35.93,36.1,34.88,35.82,699836,2489126912,-1.17,-3.1630170316301705
2018-02-07,15:00,sz000002,万 科Ａ,36.43,36.58,32.5,32.98,952128,3283015936,-2.84,-7.928531546621999
2018-02-08,15:00,sz000002,万 科Ａ,33.0,33.88,32.49,32.75,580805,1920999040,-0.23,-0.6973923590054579
2018-02-09,15:00,sz000002,万 科Ａ,31.5,31.96,30.2,31.27,724944,2259034880,-1.48,-4.519083969465649
2018-02-12,15:00,sz000002,万 科Ａ,31.43,32.32,31.31,31.9,407654,1297185024,0.63,2.014710585225456
2018-02-13,15:00,sz000002,万 科Ａ,32.28,33.79,32.28,32.73,454668,1500999040,0.83,2.6018808777429467
2018-02-14,15:00,sz000002,万 科Ａ,32.87,33.32,32.17,33.17,270175,884454016,0.44,1.3443324167430493
2018-02-22,15:00,sz000002,万 科Ａ,34.0,34.05,33.33,33.7,302373,1019233984,0.53,1.5978293638830268
2018-02-23,15:00,sz000002,万 科Ａ,33.9,35.1,33.33,34.72,384538,1323486976,1.02,3.0267062314540056
2018-02-26,15:00,sz000002,万 科Ａ,35.07,35.1,33.11,34.18,540655,1832518016,-0.54,-1.555299539170507
2018-02-27,15:00,sz000002,万 科Ａ,34.2,34.28,32.65,32.9,506598,1683176960,-1.28,-3.7448800468110006
2018-02-28,15:00,sz000002,万 科Ａ,32.51,33.23,31.84,32.7,500004,1621986944,-0.2,-0.60790273556231
2018-03-01,15:00,sz000002,万 科Ａ,32.17,33.09,32.02,32.41,336064,1092337024,-0.29,-0.8868501529051988
2018-03-02,15:00,sz000002,万 科Ａ,32.0,32.73,31.51,32.28,322838,1038873024,-0.13,-0.4011107682813947
2018-03-05,15:00,sz000002,万 科Ａ,32.49,33.15,32.07,32.18,373354,1213150848,-0.1,-0.3097893432465923
2018-03-06,15:00,sz000002,万 科Ａ,32.35,33.71,32.01,33.67,581008,1912870016,1.49,4.630205096333126
2018-03-07,15:00,sz000002,万 科Ａ,33.44,33.92,32.8,32.9,387992,1292494976,-0.77,-2.2869022869022877
2018-03-08,15:00,sz000002,万 科Ａ,33.4,33.74,32.85,33.64,351022,1175142016,0.74,2.2492401215805478
2018-03-09,15:00,sz000002,万 科Ａ,33.87,33.91,33.34,33.46,325102,1092070016,-0.18,-0.535077288941736
2018-03-12,15:00,sz000002,万 科Ａ,33.54,33.68,32.35,32.62,606208,1979203840,-0.84,-2.510460251046025
2018-03-13,15:00,sz000002,万 科Ａ,32.59,32.84,32.37,32.48,220920,719092992,-0.14,-0.4291845493562232
2018-03-14,15:00,sz000002,万 科Ａ,32.44,32.95,32.2,32.7,315833,1031091008,0.22,0.6773399014778325
2018-03-15,15:00,sz000002,万 科Ａ,32.5,33.1,32.41,32.66,252215,825259008,-0.04,-0.1223241590214067
2018-03-16,15:00,sz000002,万 科Ａ,32.58,33.35,32.5,32.63,337572,1111490048,-0.03,-0.091855480710349
2018-03-19,15:00,sz000002,万 科Ａ,32.57,32.58,31.52,31.58,366967,1166386048,-1.05,-3.2178976402083976
2018-03-20,15:00,sz000002,万 科Ａ,31.4,31.59,30.75,31.34,290117,903296000,-0.24,-0.7599746675110829
2018-03-21,15:00,sz000002,万 科Ａ,31.47,32.15,31.31,31.66,331725,1055782976,0.32,1.0210593490746651
2018-03-22,15:00,sz000002,万 科Ａ,31.8,31.88,31.04,31.18,235787,739606016,-0.48,-1.5161086544535691
2018-03-23,15:00,sz000002,万 科Ａ,30.02,31.07,29.21,31.07,505125,1527314048,-0.11,-0.3527902501603592
2018-03-26,15:00,sz000002,万 科Ａ,30.76,30.79,29.9,30.33,338288,1021310016,-0.74,-2.3817186997103312
2018-03-27,15:00,sz000002,万 科Ａ,30.89,31.87,30.71,31.02,578853,1803143936,0.69,2.274975272007913
2018-03-28,15:00,sz000002,万 科Ａ,30.51,32.15,30.3,31.33,426728,1341511936,0.31,0.9993552546744036
2018-03-29,15:00,sz000002,万 科Ａ,31.54,34.46,31.03,34.16,999700,3311802112,2.83,9.03287583785509
2018-03-30,15:00,sz000002,万 科Ａ,33.7,33.99,33.17,33.29,572692,1918088960,-0.87,-2.5468384074941453
2018-04-02,15:00,sz000002,万 科Ａ,33.65,34.47,33.32,33.49,531635,1801172992,0.2,0.6007810153199159
2018-04-03,15:00,sz000002,万 科Ａ,33.2,34.1,32.52,33.64,431945,1440337024,0.15,0.4478948939982084
2018-04-04,15:00,sz000002,万 科Ａ,32.3,33.95,32.1,32.8,584509,1927432960,-0.84,-2.4970273483947683
2018-04-09,15:00,sz000002,万 科Ａ,32.7,32.76,30.96,31.62,478119,1510647040,-1.18,-3.597560975609756
2018-04-10,15:00,sz000002,万 科Ａ,31.52,32.18,31.06,32.18,477145,1517031936,0.56,1.7710309930423784
2018-04-11,15:00,sz000002,万 科Ａ,32.15,33.24,31.73,32.61,485930,1578103040,0.43,1.3362336855189558
2018-04-12,15:00,sz000002,万 科Ａ,32.57,32.86,31.75,31.85,335219,1079000064,-0.76,-2.3305734437289174
2018-04-13,15:00,sz000002,万 科Ａ,32.16,32.24,31.03,31.25,351572,1102968064,-0.6,-1.8838304552590264
2018-04-16,15:00,sz000002,万 科Ａ,31.2,31.23,29.56,30.03,528068,1588112000,-1.22,-3.904
2018-04-17,15:00,sz000002,万 科Ａ,30.16,30.55,29.6,29.92,258197,775976000,-0.11,-0.3663003663003663
2018-04-18,15:00,sz000002,万 科Ａ,30.29,30.69,29.74,30.04,328835,989193024,0.12,0.4010695187165776
2018-04-19,15:00,sz000002,万 科Ａ,30.33,30.53,30.03,30.23,256275,776420992,0.19,0.6324900133155792
2018-04-20,15:00,sz000002,万 科Ａ,30.18,30.5,29.92,30.15,254795,769678016,-0.08,-0.2646377770426729
2018-04-23,15:00,sz000002,万 科Ａ,29.88,30.29,29.79,29.91,201714,605310016,-0.24,-0.7960199004975124
2018-04-24,15:00,sz000002,万 科Ａ,29.85,31.1,29.8,30.93,469832,1447944960,1.02,3.4102306920762286
2018-04-25,15:00,sz000002,万 科Ａ,30.65,30.65,29.96,30.12,397684,1199523968,-0.81,-2.6188166828322017
2018-04-26,15:00,sz000002,万 科Ａ,30.3,30.3,28.26,28.5,812262,2348260096,-1.62,-5.378486055776892
2018-04-27,15:00,sz000002,万 科Ａ,28.66,28.75,27.42,28.4,381958,1071392000,-0.1,-0.3508771929824561
2018-05-02,15:00,sz000002,万 科Ａ,28.4,28.66,27.63,27.68,397170,1111292032,-0.72,-2.535211267605634
2018-05-03,15:00,sz000002,万 科Ａ,27.65,27.66,26.56,27.33,542419,1466856960,-0.35,-1.2644508670520231
2018-05-04,15:00,sz000002,万 科Ａ,27.26,27.56,26.81,26.91,425383,1154813952,-0.42,-1.5367727771679474
2018-05-07,15:00,sz000002,万 科Ａ,27.01,27.51,26.72,27.38,408453,1110386944,0.47,1.7465626161278336
2018-05-08,15:00,sz000002,万 科Ａ,27.4,28.86,27.33,28.69,655817,1857899136,1.31,4.784514243973703
2018-05-09,15:00,sz000002,万 科Ａ,28.5,28.5,28.0,28.2,409030,1152921984,-0.49,-1.7079121645172533
2018-05-10,15:00,sz000002,万 科Ａ,28.32,28.53,27.7,28.07,429639,1204132992,-0.13,-0.4609929078014184
2018-05-11,15:00,sz000002,万 科Ａ,28.1,28.19,27.73,27.94,318303,889939008,-0.13,-0.4631278945493409
2018-05-14,15:00,sz000002,万 科Ａ,28.08,28.29,27.87,27.94,350838,984200000,0.0,0.0
2018-05-15,15:00,sz000002,万 科Ａ,28.11,28.15,27.34,27.75,405069,1120665984,-0.19,-0.6800286327845383
2018-05-16,15:00,sz000002,万 科Ａ,27.55,27.75,27.21,27.23,373238,1020835904,-0.52,-1.8738738738738736
2018-05-17,15:00,sz000002,万 科Ａ,27.19,27.22,26.77,26.79,445623,1199275008,-0.44,-1.6158648549394052
2018-05-18,15:00,sz000002,万 科Ａ,26.7,27.15,26.53,27.15,407222,1092945024,0.36,1.3437849944008955
2018-05-21,15:00,sz000002,万 科Ａ,27.23,27.31,26.81,27.07,432446,1167666048,-0.08,-0.294659300184162
2018-05-22,15:00,sz000002,万 科Ａ,27.05,27.05,26.58,26.72,415469,1111277056,-0.35,-1.2929442186922793
2018-05-23,15:00,sz000002,万 科Ａ,26.72,27.17,26.56,26.8,433170,1164157056,0.08,0.2994011976047904
2018-05-24,15:00,sz000002,万 科Ａ,26.8,26.85,26.52,26.65,241610,643574976,-0.15,-0.5597014925373134
2018-05-25,15:00,sz000002,万 科Ａ,26.68,26.91,26.32,26.39,270005,717574016,-0.26,-0.975609756097561
2018-05-28,15:00,sz000002,万 科Ａ,26.39,26.82,26.3,26.5,254594,676788992,0.11,0.4168245547555892
2018-05-29,15:00,sz000002,万 科Ａ,26.3,26.37,25.34,25.6,556052,1428340864,-0.9,-3.39622641509434
2018-05-30,15:00,sz000002,万 科Ａ,25.21,25.21,24.58,24.64,540168,1342439936,-0.96,-3.75
2018-05-31,15:00,sz000002,万 科Ａ,24.77,25.68,24.56,25.59,705892,1768259968,0.95,3.855519480519481
2018-06-01,15:00,sz000002,万 科Ａ,25.39,26.46,25.3,26.0,520770,1355014144,0.41,1.6021883548261038
2018-06-04,15:00,sz000002,万 科Ａ,26.3,27.38,26.28,27.3,789190,2138819968,1.3,5.0
2018-06-05,15:00,sz000002,万 科Ａ,27.29,27.77,26.84,27.49,606841,1658472960,0.19,0.695970695970696
2018-06-06,15:00,sz000002,万 科Ａ,27.3,27.54,26.85,26.99,508162,1378427008,-0.5,-1.8188432157148051
2018-06-07,15:00,sz000002,万 科Ａ,27.07,27.64,26.95,27.39,597535,1637918336,0.4,1.4820303816228233
2018-06-08,15:00,sz000002,万 科Ａ,27.1,27.18,26.55,26.71,388545,1040501632,-0.68,-2.4826579043446517
2018-06-11,15:00,sz000002,万 科Ａ,26.74,27.73,26.68,27.31,526436,1437705856,0.6,2.2463496817671285
2018-06-12,15:00,sz000002,万 科Ａ,27.57,27.83,27.23,27.71,498372,1376049152,0.4,1.4646649578908826
2018-06-13,15:00,sz000002,万 科Ａ,27.41,28.25,27.31,27.64,602843,1680583552,-0.07,-0.2526163839769036
2018-06-14,15:00,sz000002,万 科Ａ,27.48,27.76,27.12,27.37,357604,980418176,-0.27,-0.9768451519536904
2018-06-15,15:00,sz000002,万 科Ａ,27.37,28.3,27.33,27.99,698195,1951841920,0.62,2.26525392765802
2018-06-19,15:00,sz000002,万 科Ａ,27.85,27.85,26.91,27.1,600442,1639680640,-0.89,-3.1797070382279387
2018-06-20,15:00,sz000002,万 科Ａ,26.99,27.29,26.41,26.96,393400,1059357120,-0.14,-0.5166051660516605
2018-06-21,15:00,sz000002,万 科Ａ,26.97,28.5,26.82,27.73,777932,2167319552,0.77,2.8560830860534123
2018-06-22,15:00,sz000002,万 科Ａ,27.5,28.2,27.44,28.1,444366,1235687424,0.37,1.3342949873782908
2018-06-25,15:00,sz000002,万 科Ａ,28.25,28.38,26.41,26.49,615811,1686677760,-1.61,-5.729537366548042
2018-06-26,15:00,sz000002,万 科Ａ,25.82,26.06,24.83,25.54,591809,1503936896,-0.95,-3.586258965647414
2018-06-27,15:00,sz000002,万 科Ａ,25.5,25.51,23.81,24.22,672347,1652394752,-1.32,-5.168363351605325
2018-06-28,15:00,sz000002,万 科Ａ,23.86,24.57,23.5,23.88,462512,1114653824,-0.34,-1.4037985136251032
2018-06-29,15:00,sz000002,万 科Ａ,24.1,24.6,23.89,24.6,352884,859583872,0.72,3.015075376884422
2018-07-02,15:00,sz000002,万 科Ａ,24.5,24.55,22.52,22.8,846203,1981131648,-1.8,-7.317073170731707
2018-07-03,15:00,sz000002,万 科Ａ,23.1,23.48,22.8,23.42,549964,1274023552,0.62,2.719298245614035
2018-07-04,15:00,sz000002,万 科Ａ,23.46,23.75,23.0,23.0,249881,582470208,-0.42,-1.7933390264730995
2018-07-05,15:00,sz000002,万 科Ａ,23.02,23.41,22.85,23.05,267278,619393024,0.05,0.217391304347826
2018-07-06,15:00,sz000002,万 科Ａ,23.34,23.6,22.65,23.21,346930,805107072,0.16,0.6941431670281996
2018-07-09,15:00,sz000002,万 科Ａ,23.37,24.05,23.37,24.01,404626,964798976,0.8,3.4467901766479967
2018-07-10,15:00,sz000002,万 科Ａ,24.2,24.49,23.77,24.15,389259,936534208,0.14,0.5830903790087464
2018-07-11,15:00,sz000002,万 科Ａ,23.48,23.63,23.17,23.46,286052,668956992,-0.69,-2.857142857142857
2018-07-12,15:00,sz000002,万 科Ａ,23.58,24.22,23.47,23.85,384228,916845504,0.39,1.6624040920716114
2018-07-13,15:00,sz000002,万 科Ａ,24.24,24.35,23.64,23.72,407555,976014592,-0.13,-0.5450733752620545
2018-07-16,15:00,sz000002,万 科Ａ,23.59,23.66,22.81,23.15,430694,994746304,-0.57,-2.403035413153457
2018-07-17,15:00,sz000002,万 科Ａ,23.05,23.28,22.65,22.98,313869,718627776,-0.17,-0.734341252699784
2018-07-18,15:00,sz000002,万 科Ａ,23.02,23.05,22.42,22.47,410641,930105280,-0.51,-2.219321148825065
2018-07-19,15:00,sz000002,万 科Ａ,22.7,22.96,22.5,22.68,506949,1154160768,0.21,0.9345794392523364
2018-07-20,15:00,sz000002,万 科Ａ,22.64,23.49,22.02,23.14,610195,1390937728,0.46,2.0282186948853616
2018-07-23,15:00,sz000002,万 科Ａ,22.96,23.9,22.9,23.75,555706,1306045440,0.61,2.6361279170267933
2018-07-24,15:00,sz000002,万 科Ａ,24.04,25.09,24.04,24.38,832814,2055205760,0.63,2.652631578947368
2018-07-25,15:00,sz000002,万 科Ａ,24.38,24.58,24.0,24.18,355182,860631808,-0.2,-0.8203445447087777
2018-07-26,15:00,sz000002,万 科Ａ,24.34,24.51,23.57,23.71,385134,924376000,-0.47,-1.943755169561621
2018-07-27,15:00,sz000002,万 科Ａ,23.55,23.81,23.24,23.32,322827,757327296,-0.39,-1.6448755799240826
2018-07-30,15:00,sz000002,万 科Ａ,23.54,23.7,22.82,23.18,357066,828078784,-0.14,-0.6003430531732418
2018-07-31,15:00,sz000002,万 科Ａ,23.29,23.49,23.06,23.32,354578,825861824,0.14,0.6039689387402933
2018-08-01,15:00,sz000002,万 科Ａ,23.24,23.24,22.21,22.35,673866,1523419136,-0.97,-4.159519725557462
2018-08-02,15:00,sz000002,万 科Ａ,22.34,22.34,21.07,21.38,677777,1457805568,-0.97,-4.340044742729306
2018-08-03,15:00,sz000002,万 科Ａ,21.39,21.54,21.05,21.08,346072,735143808,-0.3,-1.4031805425631432
2018-08-06,15:00,sz000002,万 科Ａ,21.18,21.32,20.52,20.86,315702,662879808,-0.22,-1.0436432637571158
2018-08-07,15:00,sz000002,万 科Ａ,21.15,21.86,20.93,21.86,451653,969166208,1.0,4.793863854266539
2018-08-08,15:00,sz000002,万 科Ａ,21.89,22.29,21.5,21.5,410720,903023808,-0.36,-1.646843549862763
2018-08-09,15:00,sz000002,万 科Ａ,21.5,22.55,21.4,22.48,896200,1997096320,0.98,4.55813953488372
2018-08-10,15:00,sz000002,万 科Ａ,23.0,24.07,22.93,23.18,1201163,2820091648,0.7,3.113879003558719
2018-08-13,15:00,sz000002,万 科Ａ,22.6,23.21,22.46,23.04,489494,1113409920,-0.14,-0.6039689387402933
2018-08-14,15:00,sz000002,万 科Ａ,23.0,23.05,22.05,22.32,486784,1090898816,-0.72,-3.125
2018-08-15,15:00,sz000002,万 科Ａ,22.39,22.58,22.22,22.3,472553,1058911616,-0.02,-0.089605734767025
2018-08-16,15:00,sz000002,万 科Ａ,21.63,23.08,21.61,22.72,490384,1107212544,0.42,1.883408071748879
2018-08-17,15:00,sz000002,万 科Ａ,22.9,23.2,22.64,22.69,424160,969847296,-0.03,-0.1320422535211267
2018-08-20,15:00,sz000002,万 科Ａ,22.93,23.44,22.59,23.35,476133,1101391488,0.66,2.908770383428823
2018-08-21,15:00,sz000002,万 科Ａ,23.39,23.98,23.22,23.91,495846,1173410560,0.56,2.398286937901499
2018-08-22,15:00,sz000002,万 科Ａ,23.91,24.08,23.67,23.92,421833,1007170624,0.01,0.041823504809703
2018-08-23,15:00,sz000002,万 科Ａ,23.0,23.15,22.24,22.82,543058,1235013632,-1.1,-4.598662207357859
2018-08-24,15:00,sz000002,万 科Ａ,22.66,23.01,22.39,22.78,273417,621888000,-0.04,-0.175284837861525
2018-08-27,15:00,sz000002,万 科Ａ,22.98,24.06,22.85,23.91,594341,1403513856,1.13,4.960491659350307
2018-08-28,15:00,sz000002,万 科Ａ,23.8,24.14,23.73,23.88,348101,832284992,-0.03,-0.1254705144291091
2018-08-29,15:00,sz000002,万 科Ａ,23.74,24.4,23.72,23.91,291143,700596416,0.03,0.1256281407035175
2018-08-30,15:00,sz000002,万 科Ａ,23.8,24.18,23.48,23.5,285923,681645376,-0.41,-1.7147636971978253
2018-08-31,15:00,sz000002,万 科Ａ,23.2,24.36,23.18,24.05,428145,1024351424,0.55,2.3404255319148937
2018-09-03,15:00,sz000002,万 科Ａ,23.85,24.57,23.38,23.55,497612,1191131008,-0.5,-2.079002079002079
2018-09-04,15:00,sz000002,万 科Ａ,23.66,24.44,23.41,24.43,437654,1052057088,0.88,3.736730360934183
2018-09-05,15:00,sz000002,万 科Ａ,24.11,24.2,23.41,23.41,546644,1296346112,-1.02,-4.175194433074089
2018-09-06,15:00,sz000002,万 科Ａ,23.32,23.56,22.69,22.81,375368,864994496,-0.6,-2.5630072618539086
2018-09-07,15:00,sz000002,万 科Ａ,22.85,23.65,22.85,23.21,334943,780678400,0.4,1.7536168347216132
2018-09-10,15:00,sz000002,万 科Ａ,23.42,23.85,23.11,23.46,474917,1115789440,0.25,1.0771219302024988
2018-09-11,15:00,sz000002,万 科Ａ,23.39,23.64,23.09,23.34,358358,832895872,-0.12,-0.5115089514066496
2018-09-12,15:00,sz000002,万 科Ａ,23.24,23.3,22.61,22.88,313821,717459904,-0.46,-1.970865467009426
2018-09-13,15:00,sz000002,万 科Ａ,23.31,23.47,22.78,23.1,468837,1080871680,0.22,0.9615384615384616
2018-09-14,15:00,sz000002,万 科Ａ,23.13,23.39,22.81,23.32,334870,775981824,0.22,0.9523809523809524
2018-09-17,15:00,sz000002,万 科Ａ,23.04,23.23,22.72,22.83,255061,584416320,-0.49,-2.1012006861063464
2018-09-18,15:00,sz000002,万 科Ａ,22.65,23.1,22.47,23.0,404634,921475520,0.17,0.7446342531756461
2018-09-19,15:00,sz000002,万 科Ａ,23.03,24.67,22.91,24.17,1317837,3170365952,1.17,5.086956521739131
2018-09-20,15:00,sz000002,万 科Ａ,24.01,24.43,23.8,24.01,521852,1257974016,-0.16,-0.6619776582540339
2018-09-21,15:00,sz000002,万 科Ａ,24.2,26.0,23.93,25.8,1064216,2663500800,1.79,7.455226988754686
2018-09-25,15:00,sz000002,万 科Ａ,24.8,25.12,24.4,24.64,908838,2247254016,-1.16,-4.496124031007752
2018-09-26,15:00,sz000002,万 科Ａ,24.66,25.33,23.89,24.67,845884,2088651904,0.03,0.1217532467532467
2018-09-27,15:00,sz000002,万 科Ａ,24.63,24.78,24.3,24.45,445294,1090622080,-0.22,-0.8917713822456425
2018-09-28,15:00,sz000002,万 科Ａ,24.5,24.9,23.95,24.3,683236,1671576704,-0.15,-0.6134969325153374
2018-10-08,15:00,sz000002,万 科Ａ,22.95,23.2,21.98,22.05,1037914,2339001344,-2.25,-9.25925925925926
2018-10-09,15:00,sz000002,万 科Ａ,22.05,22.12,21.26,21.82,628633,1360687488,-0.23,-1.0430839002267571
2018-10-10,15:00,sz000002,万 科Ａ,21.77,22.03,21.4,21.75,437797,951971008,-0.07,-0.3208065994500458
2018-10-11,15:00,sz000002,万 科Ａ,21.0,21.5,20.81,20.93,709553,1498597248,-0.82,-3.770114942528736
2018-10-12,15:00,sz000002,万 科Ａ,21.14,21.95,21.05,21.8,531382,1141837568,0.87,4.156712852365026
2018-10-15,15:00,sz000002,万 科Ａ,21.78,21.78,21.15,21.47,445515,953879808,-0.33,-1.5137614678899085
2018-10-16,15:00,sz000002,万 科Ａ,21.6,22.06,20.86,21.01,397553,853848704,-0.46,-2.142524452724732
2018-10-17,15:00,sz000002,万 科Ａ,21.35,21.46,20.88,21.22,307507,651794880,0.21,0.9995240361732508
2018-10-18,15:00,sz000002,万 科Ａ,21.1,21.22,20.51,20.59,577959,1199550720,-0.63,-2.9688972667295004
2018-10-19,15:00,sz000002,万 科Ａ,20.61,21.99,20.4,21.56,759809,1618603264,0.97,4.711024769305488
2018-10-22,15:00,sz000002,万 科Ａ,21.88,23.26,21.73,22.82,1008289,2292054528,1.26,5.844155844155844
2018-10-23,15:00,sz000002,万 科Ａ,22.88,22.92,22.05,22.14,509732,1144781696,-0.68,-2.9798422436459244
2018-10-24,15:00,sz000002,万 科Ａ,22.23,23.12,22.1,22.58,513460,1161440000,0.44,1.9873532068654016
2018-10-25,15:00,sz000002,万 科Ａ,22.18,23.5,22.0,23.49,932699,2150598912,0.91,4.030115146147033
2018-10-26,15:00,sz000002,万 科Ａ,23.71,24.75,23.46,23.81,729756,1754616960,0.32,1.362281822051937
2018-10-29,15:00,sz000002,万 科Ａ,24.28,24.33,22.53,22.8,618876,1435756160,-1.01,-4.241915161696766
2018-10-30,15:00,sz000002,万 科Ａ,23.31,23.88,22.65,23.69,602920,1415832320,0.89,3.903508771929825
2018-10-31,15:00,sz000002,万 科Ａ,23.68,24.6,23.3,24.23,565648,1358918272,0.54,2.279442802870409
2018-11-01,15:00,sz000002,万 科Ａ,24.9,25.27,24.28,24.42,617847,1531833856,0.19,0.7841518778373916
2018-11-02,15:00,sz000002,万 科Ａ,25.2,25.25,24.0,24.62,652339,1601122944,0.2,0.819000819000819
2018-11-05,15:00,sz000002,万 科Ａ,24.48,24.48,23.7,24.04,583695,1399713024,-0.58,-2.3558082859463854
2018-11-06,15:00,sz000002,万 科Ａ,24.03,24.4,23.71,24.14,420823,1014339776,0.1,0.4159733777038269
2018-11-07,15:00,sz000002,万 科Ａ,24.18,24.5,23.71,23.85,441458,1062604032,-0.29,-1.2013256006628004
2018-11-08,15:00,sz000002,万 科Ａ,24.15,24.59,23.92,23.99,548200,1330024448,0.14,0.5870020964360587
2018-11-09,15:00,sz000002,万 科Ａ,23.89,24.33,23.53,23.55,369283,877009920,-0.44,-1.8340975406419344
2018-11-12,15:00,sz000002,万 科Ａ,23.41,23.96,23.4,23.88,386742,920396992,0.33,1.4012738853503186
2018-11-13,15:00,sz000002,万 科Ａ,23.48,24.03,23.44,23.94,453424,1079145600,0.06,0.2512562814070351
2018-11-14,15:00,sz000002,万 科Ａ,24.18,24.49,23.96,24.15,618882,1500411136,0.21,0.8771929824561403
2018-11-15,15:00,sz000002,万 科Ａ,24.05,24.4,23.96,24.38,258623,627715200,0.23,0.9523809523809524
2018-11-16,15:00,sz000002,万 科Ａ,24.29,25.1,24.02,24.78,495985,1220586112,0.4,1.6406890894175554
2018-11-19,15:00,sz000002,万 科Ａ,24.7,25.97,24.68,25.97,590566,1518790912,1.19,4.80225988700565
2018-11-20,15:00,sz000002,万 科Ａ,25.78,26.43,25.23,25.65,474151,1221340800,-0.32,-1.2321909896033885
2018-11-21,15:00,sz000002,万 科Ａ,25.38,26.68,25.35,26.03,581654,1517603328,0.38,1.4814814814814816
2018-11-22,15:00,sz000002,万 科Ａ,25.99,25.99,25.28,25.63,300827,768539008,-0.4,-1.536688436419516
2018-11-23,15:00,sz000002,万 科Ａ,25.65,25.65,24.68,24.9,296629,743585600,-0.73,-2.848224736636754
2018-11-26,15:00,sz000002,万 科Ａ,25.03,25.47,24.74,25.19,241090,606367488,0.29,1.1646586345381529
2018-11-27,15:00,sz000002,万 科Ａ,25.2,25.29,24.78,24.95,192492,480638592,-0.24,-0.9527590313616514
2018-11-28,15:00,sz000002,万 科Ａ,25.0,25.88,24.99,25.88,386165,986464320,0.93,3.72745490981964
2018-11-29,15:00,sz000002,万 科Ａ,25.95,26.48,25.0,25.29,393643,1007596608,-0.59,-2.2797527047913446
2018-11-30,15:00,sz000002,万 科Ａ,25.27,25.53,25.03,25.44,192754,487502400,0.15,0.5931198102016607
2018-12-03,15:00,sz000002,万 科Ａ,26.0,26.06,24.81,25.73,608149,1544456960,0.29,1.139937106918239
2018-12-04,15:00,sz000002,万 科Ａ,25.56,25.56,24.86,25.13,509945,1281369856,-0.6,-2.331908278274388
2018-12-05,15:00,sz000002,万 科Ａ,24.81,25.69,24.76,25.3,407176,1033938112,0.17,0.6764822920811778
2018-12-06,15:00,sz000002,万 科Ａ,24.91,25.47,24.9,25.1,243022,611204416,-0.2,-0.7905138339920948
2018-12-07,15:00,sz000002,万 科Ａ,25.12,25.85,25.12,25.34,275278,702826112,0.24,0.9561752988047808
2018-12-10,15:00,sz000002,万 科Ａ,25.12,25.59,24.9,25.0,274636,692420800,-0.34,-1.3417521704814523
2018-12-11,15:00,sz000002,万 科Ａ,24.95,25.98,24.91,25.97,433703,1111642752,0.97,3.88
2018-12-12,15:00,sz000002,万 科Ａ,26.31,26.8,26.14,26.35,484759,1283473920,0.38,1.4632268001540238
2018-12-13,15:00,sz000002,万 科Ａ,26.69,27.47,26.4,27.1,644463,1740981888,0.75,2.846299810246679
2018-12-14,15:00,sz000002,万 科Ａ,26.78,27.11,26.31,26.46,311472,826696576,-0.64,-2.3616236162361623
2018-12-17,15:00,sz000002,万 科Ａ,26.51,26.75,25.94,26.52,321532,845518912,0.06,0.2267573696145124
2018-12-18,15:00,sz000002,万 科Ａ,26.23,26.39,25.34,25.5,413674,1063833024,-1.02,-3.8461538461538463
2018-12-19,15:00,sz000002,万 科Ａ,25.71,26.09,25.15,25.38,290663,743094976,-0.12,-0.4705882352941176
2018-12-20,15:00,sz000002,万 科Ａ,25.45,25.8,24.91,25.3,412249,1038244096,-0.08,-0.3152088258471237
2018-12-21,15:00,sz000002,万 科Ａ,25.17,25.18,23.7,24.25,607919,1466176384,-1.05,-4.150197628458498
2018-12-24,15:00,sz000002,万 科Ａ,23.92,24.08,23.33,23.88,493219,1164770688,-0.37,-1.5257731958762888
2018-12-25,15:00,sz000002,万 科Ａ,23.42,24.22,23.38,23.97,426901,1016225920,0.09,0.3768844221105527
2018-12-26,15:00,sz000002,万 科Ａ,23.84,23.98,23.58,23.8,221987,528531008,-0.17,-0.7092198581560284
2018-12-27,15:00,sz000002,万 科Ａ,24.25,24.56,23.44,23.44,352501,849242304,-0.36,-1.512605042016807
2018-12-28,15:00,sz000002,万 科Ａ,23.67,24.24,23.67,23.82,322810,772703680,0.38,1.621160409556314
2019-01-02,15:00,sz000002,万 科Ａ,23.83,24.09,23.67,23.9,247010,589384576,0.08,0.3358522250209907
2019-01-03,15:00,sz000002,万 科Ａ,23.79,24.5,23.71,24.07,222353,536333312,0.17,0.7112970711297071
2019-01-04,15:00,sz000002,万 科Ａ,23.91,25.0,23.85,24.93,377727,927011712,0.86,3.5729123390112174
2019-01-07,15:00,sz000002,万 科Ａ,25.29,25.53,24.99,25.05,427154,1077909248,0.12,0.4813477737665463
2019-01-08,15:00,sz000002,万 科Ａ,25.05,25.2,24.63,25.0,214382,533604288,-0.05,-0.1996007984031935
2019-01-09,15:00,sz000002,万 科Ａ,25.4,25.88,25.11,25.33,340140,867081408,0.33,1.32
2019-01-10,15:00,sz000002,万 科Ａ,25.22,25.56,25.03,25.11,224649,568952704,-0.22,-0.8685353335965259
2019-01-11,15:00,sz000002,万 科Ａ,25.1,25.54,25.01,25.3,240694,606994688,0.19,0.7566706491437674
2019-01-14,15:00,sz000002,万 科Ａ,25.13,25.3,24.92,25.02,183281,459151808,-0.28,-1.1067193675889329
2019-01-15,15:00,sz000002,万 科Ａ,25.0,25.16,24.32,25.16,368758,914983488,0.14,0.5595523581135092
2019-01-16,15:00,sz000002,万 科Ａ,25.15,25.5,24.83,25.42,267466,676685504,0.26,1.0333863275039743
2019-01-17,15:00,sz000002,万 科Ａ,25.5,25.5,24.94,24.97,245895,618876672,-0.45,-1.770259638080252
2019-01-18,15:00,sz000002,万 科Ａ,25.0,25.76,24.99,25.76,365723,933464192,0.79,3.1637965558670404
2019-01-21,15:00,sz000002,万 科Ａ,25.71,25.95,25.4,25.65,255499,655820672,-0.11,-0.4270186335403726
2019-01-22,15:00,sz000002,万 科Ａ,25.5,26.17,25.23,25.4,379336,974822720,-0.25,-0.9746588693957114
2019-01-23,15:00,sz000002,万 科Ａ,25.35,25.49,25.2,25.31,146847,371890112,-0.09,-0.3543307086614173
2019-01-24,15:00,sz000002,万 科Ａ,25.42,25.54,24.93,25.41,234931,592822912,0.1,0.3951007506914263
2019-01-25,15:00,sz000002,万 科Ａ,25.51,26.35,25.49,26.1,451756,1176479616,0.69,2.715466351829988
2019-01-28,15:00,sz000002,万 科Ａ,26.2,26.62,25.86,26.06,308906,810288768,-0.04,-0.1532567049808429
2019-01-29,15:00,sz000002,万 科Ａ,25.91,26.88,25.87,26.88,368071,974279424,0.82,3.1465848042977744
2019-01-30,15:00,sz000002,万 科Ａ,26.7,27.82,26.63,27.21,592303,1615186944,0.33,1.2276785714285714
2019-01-31,15:00,sz000002,万 科Ａ,27.39,28.15,27.0,27.75,411857,1138512384,0.54,1.9845644983461963
2019-02-01,15:00,sz000002,万 科Ａ,28.15,28.22,26.98,27.68,518543,1415838336,-0.07,-0.2522522522522522
2019-02-11,15:00,sz000002,万 科Ａ,27.27,27.69,26.89,27.67,448513,1222114560,-0.01,-0.0361271676300578
2019-02-12,15:00,sz000002,万 科Ａ,27.45,27.58,26.85,27.4,510238,1387073408,-0.27,-0.9757860498735093
2019-02-13,15:00,sz000002,万 科Ａ,27.35,27.98,27.13,27.77,671739,1849718656,0.37,1.3503649635036497
2019-02-14,15:00,sz000002,万 科Ａ,27.59,27.68,27.17,27.44,548813,1501936256,-0.33,-1.1883327331652862
2019-02-15,15:00,sz000002,万 科Ａ,27.29,27.42,26.5,26.55,622319,1674145024,-0.89,-3.2434402332361514
2019-02-18,15:00,sz000002,万 科Ａ,26.85,27.2,26.67,27.2,689164,1857391104,0.65,2.4482109227871938
2019-02-19,15:00,sz000002,万 科Ａ,27.35,27.39,26.91,27.03,581793,1578093440,-0.17,-0.625
2019-02-20,15:00,sz000002,万 科Ａ,27.0,27.88,26.78,27.63,708069,1946411648,0.6,2.2197558268590454
2019-02-21,15:00,sz000002,万 科Ａ,27.5,27.6,26.81,26.95,616527,1673690880,-0.68,-2.4610930148389434
2019-02-22,15:00,sz000002,万 科Ａ,26.87,26.98,26.25,26.97,616049,1637780608,0.02,0.0742115027829313
2019-02-25,15:00,sz000002,万 科Ａ,27.0,28.67,26.86,28.39,1328512,3693496576,1.42,5.265109380793474
2019-02-26,15:00,sz000002,万 科Ａ,28.46,28.85,27.72,27.79,982519,2772109824,-0.6,-2.113420218386756
2019-02-27,15:00,sz000002,万 科Ａ,27.79,28.5,27.38,28.01,919166,2560423680,0.22,0.791651673263764
2019-02-28,15:00,sz000002,万 科Ａ,27.8,28.55,27.72,27.99,606374,1705080832,-0.02,-0.0714030703320242
2019-03-01,15:00,sz000002,万 科Ａ,28.1,28.54,27.56,28.54,851785,2389355264,0.55,1.9649874955341196
2019-03-04,15:00,sz000002,万 科Ａ,28.8,30.35,28.54,29.7,1414795,4185090560,1.16,4.064470918009811
2019-03-05,15:00,sz000002,万 科Ａ,29.69,30.52,29.47,29.94,835555,2503625216,0.24,0.8080808080808081
2019-03-06,15:00,sz000002,万 科Ａ,30.11,30.2,29.06,29.48,813470,2387231744,-0.46,-1.5364061456245823
2019-03-07,15:00,sz000002,万 科Ａ,29.35,29.35,28.42,28.57,744106,2136856960,-0.91,-3.086838534599728
2019-03-08,15:00,sz000002,万 科Ａ,28.02,28.23,27.02,27.4,837383,2311425536,-1.17,-4.095204760238012
2019-03-11,15:00,sz000002,万 科Ａ,27.0,27.49,26.36,27.45,968609,2604445184,0.05,0.1824817518248175
2019-03-12,15:00,sz000002,万 科Ａ,28.0,28.0,27.2,27.45,796192,2196590592,0.0,0.0
2019-03-13,15:00,sz000002,万 科Ａ,27.4,28.25,26.85,27.81,791460,2189131776,0.36,1.3114754098360657
2019-03-14,15:00,sz000002,万 科Ａ,27.5,28.16,27.23,27.46,575706,1593774080,-0.35,-1.2585400934915498
2019-03-15,15:00,sz000002,万 科Ａ,27.5,28.36,27.37,28.07,778181,2174877952,0.61,2.221412964311726
2019-03-18,15:00,sz000002,万 科Ａ,28.06,29.42,27.76,29.37,984627,2830974464,1.3,4.631278945493409
2019-03-19,15:00,sz000002,万 科Ａ,29.4,30.2,28.95,29.15,769978,2266655232,-0.22,-0.7490636704119851
2019-03-20,15:00,sz000002,万 科Ａ,29.15,29.76,28.65,29.53,618588,1807275648,0.38,1.3036020583190395
2019-03-21,15:00,sz000002,万 科Ａ,29.63,30.14,29.42,29.55,673372,2006633344,0.02,0.0677277345072807
2019-03-22,15:00,sz000002,万 科Ａ,29.38,29.4,28.68,29.19,403115,1170173952,-0.36,-1.2182741116751268
2019-03-25,15:00,sz000002,万 科Ａ,28.84,28.92,28.11,28.16,485411,1382259072,-1.03,-3.528605686879068
2019-03-26,15:00,sz000002,万 科Ａ,28.51,28.96,28.21,28.29,614437,1753983360,0.13,0.4616477272727273
2019-03-27,15:00,sz000002,万 科Ａ,28.55,29.05,28.23,28.95,456424,1311815552,0.66,2.332979851537646
2019-03-28,15:00,sz000002,万 科Ａ,28.8,29.52,28.51,28.8,517324,1500669696,-0.15,-0.5181347150259068
2019-03-29,15:00,sz000002,万 科Ａ,28.8,30.75,28.75,30.72,970329,2903231488,1.92,6.666666666666667
2019-04-01,15:00,sz000002,万 科Ａ,31.02,33.1,31.0,32.07,1078515,3449265408,1.35,4.39453125
2019-04-02,15:00,sz000002,万 科Ａ,32.13,32.48,31.71,31.99,509272,1631797248,-0.08,-0.2494543186778921
2019-04-03,15:00,sz000002,万 科Ａ,31.88,32.52,31.4,32.49,453116,1450033792,0.5,1.562988433885589
2019-04-04,15:00,sz000002,万 科Ａ,32.5,33.12,31.75,32.22,692092,2238381056,-0.27,-0.8310249307479225
2019-04-08,15:00,sz000002,万 科Ａ,32.28,32.8,31.25,31.54,744881,2375321344,-0.68,-2.1104903786468032
2019-04-09,15:00,sz000002,万 科Ａ,32.06,33.6,31.78,33.48,904186,2952702208,1.94,6.150919467343057
2019-04-10,15:00,sz000002,万 科Ａ,32.9,33.2,32.4,32.77,539052,1763295232,-0.71,-2.120669056152927
2019-04-11,15:00,sz000002,万 科Ａ,32.65,33.2,31.41,31.84,573781,1842346240,-0.93,-2.837961550198352
2019-04-12,15:00,sz000002,万 科Ａ,31.57,31.77,30.81,31.09,482436,1504490240,-0.75,-2.355527638190955
2019-04-15,15:00,sz000002,万 科Ａ,31.77,32.0,30.88,30.94,557808,1759310336,-0.15,-0.4824702476680604
2019-04-16,15:00,sz000002,万 科Ａ,30.75,31.68,30.01,31.64,709184,2185563392,0.7,2.262443438914027
2019-04-17,15:00,sz000002,万 科Ａ,31.5,31.5,30.77,30.98,543534,1683838848,-0.66,-2.0859671302149176
2019-04-18,15:00,sz000002,万 科Ａ,30.84,30.84,30.31,30.7,459263,1404300800,-0.28,-0.9038089089735314
2019-04-19,15:00,sz000002,万 科Ａ,30.61,31.51,30.46,31.48,454556,1409527168,0.78,2.5407166123778504
2019-04-22,15:00,sz000002,万 科Ａ,30.97,30.97,29.31,29.51,1254610,3759215104,-1.97,-6.257941550190598
2019-04-23,15:00,sz000002,万 科Ａ,29.4,29.75,29.25,29.51,599063,1768285824,0.0,0.0
2019-04-24,15:00,sz000002,万 科Ａ,29.8,29.81,29.01,29.6,447456,1315291264,0.09,0.3049813622500847
2019-04-25,15:00,sz000002,万 科Ａ,29.41,29.86,29.2,29.39,472220,1392245632,-0.21,-0.7094594594594595
2019-04-26,15:00,sz000002,万 科Ａ,29.1,29.38,28.9,29.08,396883,1155740032,-0.31,-1.0547805375978223
2019-04-29,15:00,sz000002,万 科Ａ,29.01,29.56,29.0,29.35,498386,1461313536,0.27,0.9284731774415406
2019-04-30,15:00,sz000002,万 科Ａ,29.05,29.16,28.38,28.88,503763,1449578240,-0.47,-1.6013628620102214
2019-05-06,15:00,sz000002,万 科Ａ,28.0,28.31,26.7,27.1,700696,1919848832,-1.78,-6.163434903047092
2019-05-07,15:00,sz000002,万 科Ａ,27.46,28.16,27.38,27.98,503032,1399420544,0.88,3.247232472324723
2019-05-08,15:00,sz000002,万 科Ａ,27.42,28.01,27.26,27.39,353879,976776128,-0.59,-2.1086490350250178
2019-05-09,15:00,sz000002,万 科Ａ,27.28,27.49,26.7,27.02,350943,948118208,-0.37,-1.3508579773640017
2019-05-10,15:00,sz000002,万 科Ａ,27.27,28.09,26.83,28.03,471861,1306268288,1.01,3.7379718726868982
2019-05-13,15:00,sz000002,万 科Ａ,27.53,28.08,27.45,28.05,312444,868824128,0.02,0.071352122725651
2019-05-14,15:00,sz000002,万 科Ａ,27.66,28.08,27.4,27.6,343951,955114112,-0.45,-1.6042780748663104
2019-05-15,15:00,sz000002,万 科Ａ,27.85,28.27,27.8,28.02,374566,1051240512,0.42,1.5217391304347827
2019-05-16,15:00,sz000002,万 科Ａ,27.87,28.19,27.82,28.13,307265,861546304,0.11,0.3925767309064953
2019-05-17,15:00,sz000002,万 科Ａ,28.2,28.21,27.3,27.36,326650,902757696,-0.77,-2.737291148240313
2019-05-20,15:00,sz000002,万 科Ａ,27.48,27.64,26.91,27.26,255968,696860608,-0.1,-0.3654970760233917
2019-05-21,15:00,sz000002,万 科Ａ,27.28,27.79,27.2,27.52,265603,731405376,0.26,0.9537784299339692
2019-05-22,15:00,sz000002,万 科Ａ,27.4,27.59,27.1,27.36,204648,560169472,-0.16,-0.5813953488372093
2019-05-23,15:00,sz000002,万 科Ａ,27.2,27.28,26.66,26.72,270740,726962112,-0.64,-2.3391812865497075
2019-05-24,15:00,sz000002,万 科Ａ,26.9,27.05,26.61,26.82,197829,530462400,0.1,0.374251497005988
2019-05-27,15:00,sz000002,万 科Ａ,26.79,27.08,26.3,27.0,251967,674457216,0.18,0.6711409395973155
2019-05-28,15:00,sz000002,万 科Ａ,27.0,27.62,26.84,27.62,409946,1117493888,0.62,2.2962962962962963
2019-05-29,15:00,sz000002,万 科Ａ,27.3,27.42,27.01,27.16,214728,583352704,-0.46,-1.66545981173063
2019-05-30,15:00,sz000002,万 科Ａ,27.11,27.11,26.73,26.92,200526,539117120,-0.24,-0.8836524300441826
2019-05-31,15:00,sz000002,万 科Ａ,26.85,27.07,26.7,26.7,200145,537589184,-0.22,-0.8172362555720655
2019-06-03,15:00,sz000002,万 科Ａ,26.81,27.02,26.28,26.44,317567,842709504,-0.26,-0.9737827715355803
2019-06-04,15:00,sz000002,万 科Ａ,26.47,26.54,26.25,26.3,203260,536198016,-0.14,-0.529500756429652
2019-06-05,15:00,sz000002,万 科Ａ,26.64,27.28,26.63,27.03,576164,1553688576,0.73,2.775665399239544
2019-06-06,15:00,sz000002,万 科Ａ,27.01,27.29,26.92,27.12,333792,905462528,0.09,0.3329633740288568
2019-06-10,15:00,sz000002,万 科Ａ,27.29,28.05,27.17,27.81,527547,1466767232,0.69,2.54424778761062
2019-06-11,15:00,sz000002,万 科Ａ,27.87,28.45,27.85,28.33,449630,1271956352,0.52,1.869830996044588
2019-06-12,15:00,sz000002,万 科Ａ,28.24,28.29,27.81,28.0,269372,753190208,-0.33,-1.1648429226967878
2019-06-13,15:00,sz000002,万 科Ａ,28.0,28.05,27.58,27.83,250431,695293568,-0.17,-0.6071428571428571
2019-06-14,15:00,sz000002,万 科Ａ,28.01,28.29,27.78,27.93,311417,874904896,0.1,0.3593244699964067
2019-06-17,15:00,sz000002,万 科Ａ,27.8,28.2,27.75,27.91,171672,480406912,-0.02,-0.0716075904045829
2019-06-18,15:00,sz000002,万 科Ａ,28.08,28.11,27.4,27.7,219162,605621888,-0.21,-0.7524184879971337
2019-06-19,15:00,sz000002,万 科Ａ,28.2,28.38,27.59,27.73,390157,1090051968,0.03,0.1083032490974729
2019-06-20,15:00,sz000002,万 科Ａ,27.7,28.45,27.63,28.45,577484,1628818560,0.72,2.596465921384782
2019-06-21,15:00,sz000002,万 科Ａ,28.4,28.52,28.12,28.31,492537,1392206976,-0.14,-0.492091388400703
2019-06-24,15:00,sz000002,万 科Ａ,28.12,28.25,28.03,28.13,270128,759269824,-0.18,-0.6358177322500883
2019-06-25,15:00,sz000002,万 科Ａ,28.17,28.25,27.63,27.88,282512,786459328,-0.25,-0.8887308922858158
2019-06-26,15:00,sz000002,万 科Ａ,27.85,27.99,27.71,27.79,184696,514385408,-0.09,-0.3228120516499282
2019-06-27,15:00,sz000002,万 科Ａ,27.89,28.08,27.71,27.84,274067,764027008,0.05,0.1799208348326736
2019-06-28,15:00,sz000002,万 科Ａ,27.86,27.96,27.69,27.81,193978,539292992,-0.03,-0.1077586206896551
2019-07-01,15:00,sz000002,万 科Ａ,28.18,28.67,28.0,28.62,687242,1945304448,0.81,2.912621359223301
2019-07-02,15:00,sz000002,万 科Ａ,28.5,28.93,28.28,28.86,553239,1577593856,0.24,0.8385744234800839
2019-07-03,15:00,sz000002,万 科Ａ,28.71,29.49,28.61,29.17,672625,1963666944,0.31,1.074151074151074
2019-07-04,15:00,sz000002,万 科Ａ,29.22,30.28,29.22,29.55,662801,1976371968,0.38,1.3027082619129242
2019-07-05,15:00,sz000002,万 科Ａ,29.45,29.68,29.13,29.45,351067,1032280512,-0.1,-0.338409475465313
2019-07-08,15:00,sz000002,万 科Ａ,29.5,29.51,28.65,29.15,394474,1147380352,-0.3,-1.0186757215619695
2019-07-09,15:00,sz000002,万 科Ａ,29.15,29.69,29.08,29.15,332848,975825984,0.0,0.0
2019-07-10,15:00,sz000002,万 科Ａ,29.41,29.42,28.91,29.17,177763,517336288,0.02,0.0686106346483704
2019-07-11,15:00,sz000002,万 科Ａ,29.38,29.75,29.18,29.21,318641,937805568,0.04,0.1371271854645183
2019-07-12,15:00,sz000002,万 科Ａ,29.2,29.86,29.11,29.65,333780,989047296,0.44,1.5063334474495036
2019-07-15,15:00,sz000002,万 科Ａ,29.43,30.08,29.2,30.0,465463,1380209152,0.35,1.1804384485666104
2019-07-16,15:00,sz000002,万 科Ａ,29.9,30.4,29.85,30.06,347690,1046147776,0.06,0.2
2019-07-17,15:00,sz000002,万 科Ａ,29.9,30.3,29.82,30.13,232957,701266432,0.07,0.2328675981370592
2019-07-18,15:00,sz000002,万 科Ａ,29.97,30.3,29.84,30.09,264075,793896512,-0.04,-0.1327580484566877
2019-07-19,15:00,sz000002,万 科Ａ,30.7,30.98,30.46,30.71,506322,1556835840,0.62,2.060485211033566
2019-07-22,15:00,sz000002,万 科Ａ,30.71,31.45,30.53,31.1,457614,1423211136,0.39,1.2699446434386192
2019-07-23,15:00,sz000002,万 科Ａ,30.9,31.0,29.63,30.0,596290,1796658048,-1.1,-3.536977491961415
2019-07-24,15:00,sz000002,万 科Ａ,30.0,30.3,29.73,29.97,391729,1173207680,-0.03,-0.1
2019-07-25,15:00,sz000002,万 科Ａ,29.96,30.11,29.6,30.08,334004,996259328,0.11,0.3670337003670337
2019-07-26,15:00,sz000002,万 科Ａ,29.81,30.08,29.7,29.96,319834,956013184,-0.12,-0.3989361702127659
2019-07-29,15:00,sz000002,万 科Ａ,29.92,30.11,29.6,29.7,242600,723040000,-0.26,-0.8678237650200267
2019-07-30,15:00,sz000002,万 科Ａ,29.75,30.09,29.75,29.82,202807,607033728,0.12,0.404040404040404
2019-07-31,15:00,sz000002,万 科Ａ,29.4,29.4,28.51,28.76,687369,1979377664,-1.06,-3.5546613011401744
2019-08-01,15:00,sz000002,万 科Ａ,28.5,28.75,28.19,28.42,361277,1028750592,-0.34,-1.1821974965229485
2019-08-02,15:00,sz000002,万 科Ａ,27.75,28.25,27.68,28.01,435982,1214285184,-0.41,-1.4426460239268122
2019-08-05,15:00,sz000002,万 科Ａ,27.72,27.76,27.0,27.01,430819,1177180288,-1.0,-3.570153516601214
2019-08-06,15:00,sz000002,万 科Ａ,26.65,27.34,26.41,27.02,446789,1202706304,0.01,0.0370233246945575
2019-08-07,15:00,sz000002,万 科Ａ,27.15,27.56,27.05,27.36,366592,1001711680,0.34,1.2583271650629164
2019-08-08,15:00,sz000002,万 科Ａ,27.53,27.8,27.36,27.65,278466,767941312,0.29,1.0599415204678362
2019-08-09,15:00,sz000002,万 科Ａ,27.85,27.85,27.16,27.29,254721,697605312,-0.36,-1.301989150090416
2019-08-12,15:00,sz000002,万 科Ａ,27.31,27.88,27.28,27.77,262532,726706176,0.48,1.7588860388420668
2019-08-13,15:00,sz000002,万 科Ａ,27.62,27.74,27.18,27.33,287658,787625728,-0.44,-1.5844436442203818
2019-08-14,15:00,sz000002,万 科Ａ,27.69,27.74,26.9,27.13,528475,1435516928,-0.2,-0.7317965605561654
2019-08-15,15:00,sz000002,万 科Ａ,26.0,26.43,25.65,26.34,350418,918434432,-0.79,-2.9119056395134537
2019-08-16,15:00,sz000002,万 科Ａ,26.4,26.52,26.16,26.28,358174,944690688,-0.06,-0.2277904328018223
2019-08-19,15:00,sz000002,万 科Ａ,26.9,26.96,26.42,26.88,487359,1303443712,0.6,2.28310502283105
2019-08-20,15:00,sz000002,万 科Ａ,26.78,27.36,26.7,27.17,478734,1301096064,0.29,1.0788690476190477
2019-08-21,15:00,sz000002,万 科Ａ,27.41,27.77,27.25,27.39,438762,1204112128,0.22,0.8097165991902834
2019-08-22,15:00,sz000002,万 科Ａ,27.54,27.55,27.12,27.16,285591,778780544,-0.23,-0.8397225264695144
2019-08-23,15:00,sz000002,万 科Ａ,27.25,27.28,26.9,26.96,374285,1011168768,-0.2,-0.7363770250368188
2019-08-26,15:00,sz000002,万 科Ａ,26.46,26.56,26.2,26.45,472345,1244677504,-0.51,-1.891691394658754
2019-08-27,15:00,sz000002,万 科Ａ,26.62,26.98,26.47,26.52,497275,1326062464,0.07,0.2646502835538752
2019-08-28,15:00,sz000002,万 科Ａ,26.55,26.69,26.36,26.55,266293,706306176,0.03,0.1131221719457013
2019-08-29,15:00,sz000002,万 科Ａ,26.59,26.64,25.86,25.97,562064,1465149824,-0.58,-2.184557438794726
2019-08-30,15:00,sz000002,万 科Ａ,26.22,26.22,25.68,25.8,434934,1125318912,-0.17,-0.6546014632268001
2019-09-02,15:00,sz000002,万 科Ａ,25.75,26.06,25.69,25.89,439523,1138396544,0.09,0.3488372093023256
2019-09-03,15:00,sz000002,万 科Ａ,25.97,26.05,25.61,25.7,454523,1170596864,-0.19,-0.7338740826573967
2019-09-04,15:00,sz000002,万 科Ａ,25.83,26.75,25.73,26.7,908130,2388814336,1.0,3.891050583657588
2019-09-05,15:00,sz000002,万 科Ａ,26.83,27.35,26.65,26.7,780259,2109301760,0.0,0.0
2019-09-06,15:00,sz000002,万 科Ａ,26.88,26.92,26.64,26.89,442330,1184338304,0.19,0.7116104868913857
2019-09-09,15:00,sz000002,万 科Ａ,27.05,27.36,27.01,27.07,510380,1385666048,0.18,0.669393826701376
2019-09-10,15:00,sz000002,万 科Ａ,27.2,27.27,26.98,27.24,388348,1053124096,0.17,0.6280014776505356
2019-09-11,15:00,sz000002,万 科Ａ,27.3,27.33,26.77,26.91,350397,943979712,-0.33,-1.2114537444933922
2019-09-12,15:00,sz000002,万 科Ａ,27.14,27.81,27.13,27.78,895784,2476233472,0.87,3.2329988851727984
2019-09-16,15:00,sz000002,万 科Ａ,27.77,27.77,27.15,27.21,485030,1326898048,-0.57,-2.0518358531317493
2019-09-17,15:00,sz000002,万 科Ａ,27.15,27.16,26.69,26.82,416481,1119881472,-0.39,-1.4332965821389196
2019-09-18,15:00,sz000002,万 科Ａ,26.82,27.22,26.79,26.94,361632,977811520,0.12,0.4474272930648769
2019-09-19,15:00,sz000002,万 科Ａ,27.05,27.07,26.6,26.73,345420,923249088,-0.21,-0.779510022271715
2019-09-20,15:00,sz000002,万 科Ａ,26.89,26.95,26.63,26.8,375726,1005401024,0.07,0.2618780396558174
2019-09-23,15:00,sz000002,万 科Ａ,26.49,26.49,26.0,26.15,603530,1578059520,-0.65,-2.425373134328358
2019-09-24,15:00,sz000002,万 科Ａ,26.24,26.33,26.09,26.13,348238,912369792,-0.02,-0.0764818355640535
2019-09-25,15:00,sz000002,万 科Ａ,26.09,26.24,25.94,26.02,377226,984737088,-0.11,-0.4209720627631075
2019-09-26,15:00,sz000002,万 科Ａ,26.1,26.4,26.02,26.22,513030,1345600000,0.2,0.7686395080707148
2019-09-27,15:00,sz000002,万 科Ａ,26.21,26.21,25.91,26.0,397929,1035915200,-0.22,-0.8390541571319604
2019-09-30,15:00,sz000002,万 科Ａ,25.97,26.14,25.81,25.9,275853,715836288,-0.1,-0.3846153846153846
2019-10-08,15:00,sz000002,万 科Ａ,26.01,26.8,26.01,26.36,846172,2244970240,0.46,1.7760617760617758
2019-10-09,15:00,sz000002,万 科Ａ,26.19,27.02,26.15,26.8,1156158,3098614784,0.44,1.669195751138088
2019-10-10,15:00,sz000002,万 科Ａ,26.85,26.95,26.5,26.62,541049,1442136192,-0.18,-0.6716417910447761
2019-10-11,15:00,sz000002,万 科Ａ,26.74,26.85,26.51,26.81,690326,1847963520,0.19,0.7137490608564989
2019-10-14,15:00,sz000002,万 科Ａ,26.95,27.33,26.84,27.12,1040628,2825413376,0.31,1.1562849682954122
2019-10-15,15:00,sz000002,万 科Ａ,27.19,27.28,26.69,26.77,500297,1346872064,-0.35,-1.2905604719764012
2019-10-16,15:00,sz000002,万 科Ａ,26.97,27.73,26.91,27.07,1003115,2738841344,0.3,1.1206574523720585
2019-10-17,15:00,sz000002,万 科Ａ,27.2,27.65,27.05,27.35,680262,1863059328,0.28,1.0343553749538237
2019-10-18,15:00,sz000002,万 科Ａ,27.5,27.73,26.8,26.96,607699,1656770048,-0.39,-1.4259597806215722
2019-10-21,15:00,sz000002,万 科Ａ,27.08,27.75,27.0,27.64,872102,2397091584,0.68,2.522255192878338
2019-10-22,15:00,sz000002,万 科Ａ,27.74,27.76,27.13,27.36,610048,1666020096,-0.28,-1.0130246020260492
2019-10-23,15:00,sz000002,万 科Ａ,27.25,27.29,26.67,26.78,567453,1524444928,-0.58,-2.1198830409356724
2019-10-24,15:00,sz000002,万 科Ａ,26.75,26.94,26.55,26.66,427847,1144057344,-0.12,-0.4480955937266617
2019-10-25,15:00,sz000002,万 科Ａ,26.81,27.26,26.75,26.97,576900,1557601024,0.31,1.162790697674419
2019-10-28,15:00,sz000002,万 科Ａ,26.96,26.96,26.5,26.88,430973,1154334464,-0.09,-0.3337041156840934
2019-10-29,15:00,sz000002,万 科Ａ,26.86,26.94,26.65,26.67,356020,952604288,-0.21,-0.78125
2019-10-30,15:00,sz000002,万 科Ａ,26.62,26.81,26.6,26.65,363281,970373888,-0.02,-0.0749906261717285
2019-10-31,15:00,sz000002,万 科Ａ,26.65,26.8,26.38,26.53,336242,892565184,-0.12,-0.450281425891182
2019-11-01,15:00,sz000002,万 科Ａ,26.56,26.86,26.19,26.83,626001,1671105792,0.3,1.1307953260459858
2019-11-04,15:00,sz000002,万 科Ａ,26.93,27.04,26.72,26.86,538984,1449249280,0.03,0.1118151323145732
2019-11-05,15:00,sz000002,万 科Ａ,26.9,27.04,26.53,26.88,989568,2661350912,0.02,0.0744601638123603
2019-11-06,15:00,sz000002,万 科Ａ,26.87,26.87,26.42,26.65,674955,1793945088,-0.23,-0.855654761904762
2019-11-07,15:00,sz000002,万 科Ａ,26.61,26.68,26.5,26.57,338402,899446976,-0.08,-0.300187617260788
2019-11-08,15:00,sz000002,万 科Ａ,26.69,26.81,26.57,26.74,485246,1296313984,0.17,0.6398193451260821
2019-11-11,15:00,sz000002,万 科Ａ,26.58,26.59,26.32,26.38,463259,1225718656,-0.36,-1.3462976813762155
2019-11-12,15:00,sz000002,万 科Ａ,26.32,26.53,26.21,26.28,363338,957393728,-0.1,-0.3790750568612585
2019-11-13,15:00,sz000002,万 科Ａ,26.28,26.3,26.0,26.19,346952,906913728,-0.09,-0.3424657534246575
2019-11-14,15:00,sz000002,万 科Ａ,26.23,26.47,26.07,26.39,378340,996571584,0.2,0.7636502481863306
2019-11-15,15:00,sz000002,万 科Ａ,26.44,26.66,26.37,26.49,468115,1243472896,0.1,0.378931413414172
2019-11-18,15:00,sz000002,万 科Ａ,26.4,26.56,26.11,26.42,368123,971790912,-0.07,-0.2642506606266515
2019-11-19,15:00,sz000002,万 科Ａ,26.46,26.77,26.4,26.72,670929,1790181120,0.3,1.1355034065102196
2019-11-20,15:00,sz000002,万 科Ａ,26.75,26.81,26.6,26.65,485753,1298731904,-0.07,-0.2619760479041916
2019-11-21,15:00,sz000002,万 科Ａ,26.55,26.76,26.45,26.75,385674,1028865536,0.1,0.3752345215759849
2019-11-22,15:00,sz000002,万 科Ａ,26.78,27.1,26.69,27.01,669911,1804428800,0.26,0.97196261682243
2019-11-25,15:00,sz000002,万 科Ａ,27.3,28.65,27.3,28.65,1368032,3856258048,1.64,6.071825249907441
2019-11-26,15:00,sz000002,万 科Ａ,28.65,28.7,28.09,28.35,717189,2033217280,-0.3,-1.0471204188481675
2019-11-27,15:00,sz000002,万 科Ａ,28.29,28.39,27.88,28.0,631435,1775378944,-0.35,-1.2345679012345678
2019-11-28,15:00,sz000002,万 科Ａ,28.01,28.01,27.62,27.8,439961,1222840064,-0.2,-0.7142857142857143
2019-11-29,15:00,sz000002,万 科Ａ,27.83,27.85,27.59,27.7,448064,1242373888,-0.1,-0.3597122302158274
2019-12-02,15:00,sz000002,万 科Ａ,27.87,28.12,27.86,28.05,1006843,2823612928,0.35,1.263537906137184
2019-12-03,15:00,sz000002,万 科Ａ,27.97,28.18,27.73,28.0,596981,1673918848,-0.05,-0.17825311942959
2019-12-04,15:00,sz000002,万 科Ａ,27.88,28.0,27.65,27.78,343382,954765824,-0.22,-0.7857142857142858
2019-12-05,15:00,sz000002,万 科Ａ,27.95,27.95,27.61,27.8,373263,1036876672,0.02,0.0719942404607631
2019-12-06,15:00,sz000002,万 科Ａ,27.86,27.88,27.72,27.86,358417,997431104,0.06,0.2158273381294964
2019-12-09,15:00,sz000002,万 科Ａ,27.96,28.35,27.96,28.17,1160606,3267608832,0.31,1.1127063890882989
2019-12-10,15:00,sz000002,万 科Ａ,28.08,28.15,27.73,27.9,685469,1914187776,-0.27,-0.9584664536741214
2019-12-11,15:00,sz000002,万 科Ａ,27.99,28.24,27.95,28.0,985187,2765688832,0.1,0.3584229390681003
2019-12-12,15:00,sz000002,万 科Ａ,28.02,28.17,27.94,28.0,563827,1580712960,0.0,0.0
2019-12-13,15:00,sz000002,万 科Ａ,28.18,28.34,28.13,28.15,1431370,4039464960,0.15,0.5357142857142857
2019-12-16,15:00,sz000002,万 科Ａ,28.25,29.45,28.15,29.45,1896062,5422583808,1.3,4.618117229129663
2019-12-17,15:00,sz000002,万 科Ａ,29.35,31.34,29.19,30.45,1596500,4825522176,1.0,3.395585738539898
2019-12-18,15:00,sz000002,万 科Ａ,30.5,30.96,30.2,30.31,907932,2770950912,-0.14,-0.4597701149425287
2019-12-19,15:00,sz000002,万 科Ａ,30.4,31.33,30.3,31.03,861136,2663619840,0.72,2.375453645661498
2019-12-20,15:00,sz000002,万 科Ａ,31.35,32.25,31.35,31.68,893368,2845286144,0.65,2.094747019013857
2019-12-23,15:00,sz000002,万 科Ａ,31.68,32.19,30.99,31.01,638835,2006994560,-0.67,-2.11489898989899
2019-12-24,15:00,sz000002,万 科Ａ,31.01,31.1,30.09,30.38,754924,2293911040,-0.63,-2.031602708803612
2019-12-25,15:00,sz000002,万 科Ａ,30.4,30.63,30.18,30.29,685037,2082008192,-0.09,-0.2962475312705727
2019-12-26,15:00,sz000002,万 科Ａ,30.5,31.3,30.5,31.12,888790,2758745344,0.83,2.7401782766589635
2019-12-27,15:00,sz000002,万 科Ａ,31.23,31.32,30.81,31.0,703096,2185106944,-0.12,-0.3856041131105398
2019-12-30,15:00,sz000002,万 科Ａ,31.35,31.79,31.02,31.57,915751,2870247936,0.57,1.8387096774193548
2019-12-31,15:00,sz000002,万 科Ａ,31.35,32.45,31.32,32.18,663498,2122966784,0.61,1.932214127336079
2020-01-02,15:00,sz000002,万 科Ａ,32.8,33.6,32.51,32.56,1012130,3342373888,0.38,1.1808576755748912
2020-01-03,15:00,sz000002,万 科Ａ,32.71,32.81,31.78,32.05,805536,2584310016,-0.51,-1.5663390663390664
2020-01-06,15:00,sz000002,万 科Ａ,31.75,31.76,31.25,31.51,876840,2761448704,-0.54,-1.6848673946957875
2020-01-07,15:00,sz000002,万 科Ａ,31.61,31.93,31.35,31.76,577933,1827510912,0.25,0.7933989209774674
2020-01-08,15:00,sz000002,万 科Ａ,31.3,31.77,31.05,31.68,529996,1667143808,-0.08,-0.2518891687657431
2020-01-09,15:00,sz000002,万 科Ａ,32.15,32.48,31.85,32.2,783734,2519927808,0.52,1.6414141414141417
2020-01-10,15:00,sz000002,万 科Ａ,32.0,32.22,31.35,31.46,557443,1762516224,-0.74,-2.298136645962733
2020-01-13,15:00,sz000002,万 科Ａ,31.4,31.78,31.26,31.68,620749,1957169664,0.22,0.6993006993006993
2020-01-14,15:00,sz000002,万 科Ａ,31.55,31.79,31.37,31.39,419712,1322400768,-0.29,-0.9154040404040404
2020-01-15,15:00,sz000002,万 科Ａ,31.3,31.49,30.46,30.49,672944,2071443584,-0.9,-2.867155144950621
2020-01-16,15:00,sz000002,万 科Ａ,30.62,30.93,30.4,30.53,581395,1779302400,0.04,0.1311905542800918
2020-01-17,15:00,sz000002,万 科Ａ,30.62,30.85,30.32,30.46,472219,1442665856,-0.07,-0.2292826727808712
2020-01-20,15:00,sz000002,万 科Ａ,30.5,30.51,29.52,29.87,915637,2730988544,-0.59,-1.936966513460276
2020-01-21,15:00,sz000002,万 科Ａ,29.56,29.86,29.02,29.21,817969,2399809024,-0.66,-2.2095748242383664
2020-01-22,15:00,sz000002,万 科Ａ,29.2,30.34,29.18,30.11,937710,2796437248,0.9,3.0811365970558025
2020-01-23,15:00,sz000002,万 科Ａ,29.7,29.78,28.68,28.98,986948,2884502272,-1.13,-3.7529060112919295
2020-02-03,15:00,sz000002,万 科Ａ,26.09,27.52,26.08,26.63,1530865,4119846144,-2.35,-8.10904071773637
2020-02-04,15:00,sz000002,万 科Ａ,26.9,27.87,26.9,27.62,1036283,2838999552,0.99,3.7176117161096505
2020-02-05,15:00,sz000002,万 科Ａ,27.51,27.98,27.22,27.64,800685,2213431040,0.02,0.0724112961622013
2020-02-06,15:00,sz000002,万 科Ａ,27.75,28.12,27.42,27.9,871869,2412853760,0.26,0.9406657018813316
2020-02-07,15:00,sz000002,万 科Ａ,27.49,27.6,27.21,27.5,713785,1956685440,-0.4,-1.4336917562724014
2020-02-10,15:00,sz000002,万 科Ａ,27.25,28.88,27.12,28.67,911238,2575641088,1.17,4.254545454545455
2020-02-11,15:00,sz000002,万 科Ａ,28.55,29.53,28.55,29.08,685354,2004428800,0.41,1.430066271363795
2020-02-12,15:00,sz000002,万 科Ａ,28.99,29.3,28.85,29.08,417586,1213044736,0.0,0.0
2020-02-13,15:00,sz000002,万 科Ａ,29.48,30.75,29.46,29.95,895698,2704306432,0.87,2.9917469050894088
2020-02-14,15:00,sz000002,万 科Ａ,30.0,30.8,29.97,30.8,1197703,3648835072,0.85,2.8380634390651087
2020-02-17,15:00,sz000002,万 科Ａ,30.94,30.95,29.92,30.42,1022139,3098649856,-0.38,-1.2337662337662338
2020-02-18,15:00,sz000002,万 科Ａ,30.01,30.05,29.52,29.7,785951,2334626816,-0.72,-2.366863905325444
2020-02-19,15:00,sz000002,万 科Ａ,29.72,30.1,29.55,29.65,608207,1812951808,-0.05,-0.1683501683501683
2020-02-20,15:00,sz000002,万 科Ａ,29.51,29.87,29.28,29.85,801996,2370776320,0.2,0.6745362563237773
2020-02-21,15:00,sz000002,万 科Ａ,29.8,29.8,29.0,29.25,1059201,3098548224,-0.6,-2.010050251256281
2020-02-24,15:00,sz000002,万 科Ａ,29.1,29.15,28.42,28.9,949995,2730214144,-0.35,-1.1965811965811968
2020-02-25,15:00,sz000002,万 科Ａ,28.82,29.65,28.8,29.33,1052970,3080948480,0.43,1.4878892733564015
2020-02-26,15:00,sz000002,万 科Ａ,28.85,30.96,28.6,30.11,1654456,5002513920,0.78,2.6593931128537336
2020-02-27,15:00,sz000002,万 科Ａ,30.23,30.26,29.38,29.67,922758,2745257984,-0.44,-1.4613085353703088
2020-02-28,15:00,sz000002,万 科Ａ,29.25,30.6,29.18,29.59,1101299,3303591424,-0.08,-0.2696326255476913
2020-03-02,15:00,sz000002,万 科Ａ,29.9,31.63,29.9,31.13,1375747,4275882240,1.54,5.204460966542751
2020-03-03,15:00,sz000002,万 科Ａ,31.51,31.63,30.43,31.1,942831,2913732864,-0.03,-0.0963700610343719
2020-03-04,15:00,sz000002,万 科Ａ,31.28,32.45,30.74,32.26,1129796,3595379200,1.16,3.729903536977492
2020-03-05,15:00,sz000002,万 科Ａ,31.78,32.7,31.6,32.3,924170,2966840064,0.04,0.1239925604463732
2020-03-06,15:00,sz000002,万 科Ａ,31.81,31.99,30.99,31.13,679528,2124469888,-1.17,-3.6222910216718263
2020-03-09,15:00,sz000002,万 科Ａ,30.6,31.13,30.01,30.55,843613,2579914240,-0.58,-1.8631545133311915
2020-03-10,15:00,sz000002,万 科Ａ,30.6,31.57,30.2,30.8,765993,2358611200,0.25,0.8183306055646482
2020-03-11,15:00,sz000002,万 科Ａ,30.83,31.0,30.36,30.38,563318,1728508544,-0.42,-1.3636363636363635
2020-03-12,15:00,sz000002,万 科Ａ,30.01,30.63,29.6,29.95,593494,1776382592,-0.43,-1.4154048716260696
2020-03-13,15:00,sz000002,万 科Ａ,28.5,29.8,28.2,29.45,732530,2122142592,-0.5,-1.669449081803005
2020-03-16,15:00,sz000002,万 科Ａ,29.46,29.46,28.29,28.54,646614,1868241408,-0.91,-3.089983022071307
2020-03-17,15:00,sz000002,万 科Ａ,28.55,28.86,27.3,28.11,710786,1994660480,-0.43,-1.5066573230553608
2020-03-18,15:00,sz000002,万 科Ａ,27.4,27.64,26.01,26.3,1928696,5201139200,-1.81,-6.438989683386695
2020-03-19,15:00,sz000002,万 科Ａ,25.8,25.93,24.18,25.23,1510079,3777799168,-1.07,-4.068441064638783
2020-03-20,15:00,sz000002,万 科Ａ,25.5,25.94,25.06,25.8,975290,2492385280,0.57,2.2592152199762188
2020-03-23,15:00,sz000002,万 科Ａ,24.84,25.08,24.39,24.55,703781,1736521216,-1.25,-4.844961240310078
2020-03-24,15:00,sz000002,万 科Ａ,25.08,25.16,24.36,24.9,934047,2315905280,0.35,1.4256619144602851
2020-03-25,15:00,sz000002,万 科Ａ,25.35,26.6,25.35,26.5,1497605,3885764352,1.6,6.425702811244979
2020-03-26,15:00,sz000002,万 科Ａ,26.22,26.51,26.0,26.2,576253,1513738496,-0.3,-1.1320754716981132
2020-03-27,15:00,sz000002,万 科Ａ,26.72,27.16,26.42,26.57,834893,2235263744,0.37,1.4122137404580153
2020-03-30,15:00,sz000002,万 科Ａ,26.1,26.73,26.0,26.04,850018,2238199296,-0.53,-1.9947308995107265
2020-03-31,15:00,sz000002,万 科Ａ,26.35,26.42,25.5,25.65,607044,1568993408,-0.39,-1.497695852534562
2020-04-01,15:00,sz000002,万 科Ａ,26.45,26.96,26.25,26.63,1074331,2866233088,0.98,3.820662768031189
2020-04-02,15:00,sz000002,万 科Ａ,26.5,26.94,26.35,26.88,663097,1768779904,0.25,0.938790837401427
2020-04-03,15:00,sz000002,万 科Ａ,26.75,27.18,26.6,26.77,569452,1531608320,-0.11,-0.4092261904761905
2020-04-07,15:00,sz000002,万 科Ａ,27.34,27.42,26.8,27.07,671540,1817212800,0.3,1.1206574523720585
2020-04-08,15:00,sz000002,万 科Ａ,26.9,27.25,26.75,26.96,412513,1113086208,-0.11,-0.4063538973032877
2020-04-09,15:00,sz000002,万 科Ａ,27.1,27.16,26.6,26.69,387262,1036553088,-0.27,-1.0014836795252229
2020-04-10,15:00,sz000002,万 科Ａ,26.84,27.34,26.59,26.88,624603,1685555072,0.19,0.7118771075309105
2020-04-13,15:00,sz000002,万 科Ａ,26.74,27.13,26.61,27.04,432649,1167461376,0.16,0.5952380952380952
2020-04-14,15:00,sz000002,万 科Ａ,27.1,27.75,27.02,27.35,642418,1759852288,0.31,1.146449704142012
2020-04-15,15:00,sz000002,万 科Ａ,27.2,27.23,26.55,26.7,703592,1885375488,-0.65,-2.376599634369287
2020-04-16,15:00,sz000002,万 科Ａ,26.52,26.76,26.4,26.58,502389,1333654656,-0.12,-0.449438202247191
2020-04-17,15:00,sz000002,万 科Ａ,26.78,27.03,26.55,26.72,838133,2246148608,0.14,0.5267118133935289
2020-04-20,15:00,sz000002,万 科Ａ,26.78,26.81,26.05,26.58,850123,2239047168,-0.14,-0.5239520958083832
2020-04-21,15:00,sz000002,万 科Ａ,26.35,26.54,25.75,26.02,790727,2057574272,-0.56,-2.106847253574116
2020-04-22,15:00,sz000002,万 科Ａ,25.82,26.16,25.66,26.13,525407,1362087680,0.11,0.4227517294388931
2020-04-23,15:00,sz000002,万 科Ａ,26.19,26.25,25.9,26.0,450519,1171993088,-0.13,-0.4975124378109453
2020-04-24,15:00,sz000002,万 科Ａ,25.95,25.96,25.53,25.68,497940,1279394304,-0.32,-1.2307692307692308
2020-04-27,15:00,sz000002,万 科Ａ,25.71,26.17,25.56,25.88,710753,1840628608,0.2,0.778816199376947
2020-04-28,15:00,sz000002,万 科Ａ,26.15,26.5,25.77,26.39,779427,2043120512,0.51,1.9706336939721791
2020-04-29,15:00,sz000002,万 科Ａ,26.4,26.98,26.26,26.86,801688,2143185664,0.47,1.7809776430466089
2020-04-30,15:00,sz000002,万 科Ａ,26.9,27.15,26.7,26.8,696878,1875880832,-0.06,-0.2233804914370811
2020-05-06,15:00,sz000002,万 科Ａ,26.2,26.35,25.95,26.26,923064,2409411072,-0.54,-2.014925373134328
2020-05-07,15:00,sz000002,万 科Ａ,26.18,26.18,25.88,25.97,573164,1489177088,-0.29,-1.1043412033511044
2020-05-08,15:00,sz000002,万 科Ａ,26.17,26.37,25.91,26.26,913214,2386804736,0.29,1.1166730843280708
2020-05-11,15:00,sz000002,万 科Ａ,26.2,26.48,26.09,26.41,795067,2094807040,0.15,0.5712109672505713
2020-05-12,15:00,sz000002,万 科Ａ,26.34,26.38,25.83,25.93,776057,2018276608,-0.48,-1.817493373722075
2020-05-13,15:00,sz000002,万 科Ａ,25.81,25.93,25.63,25.93,628098,1616500608,0.0,0.0
2020-05-14,15:00,sz000002,万 科Ａ,25.81,25.83,25.45,25.49,705512,1806027136,-0.44,-1.6968762051677595
2020-05-15,15:00,sz000002,万 科Ａ,25.61,25.7,25.41,25.49,460155,1175647104,0.0,0.0
2020-05-18,15:00,sz000002,万 科Ａ,25.83,26.38,25.8,26.21,1385653,3627067136,0.72,2.824637112593173
2020-05-19,15:00,sz000002,万 科Ａ,26.48,26.5,26.03,26.13,680786,1786477056,-0.08,-0.3052270125906143
2020-05-20,15:00,sz000002,万 科Ａ,26.12,26.13,25.57,25.61,1105354,2837891584,-0.52,-1.9900497512437807
2020-05-21,15:00,sz000002,万 科Ａ,25.69,25.74,25.5,25.58,410363,1051460928,-0.03,-0.1171417415072237
2020-05-22,15:00,sz000002,万 科Ａ,25.51,25.54,25.14,25.16,534241,1351549696,-0.42,-1.6419077404222049
2020-05-25,15:00,sz000002,万 科Ａ,25.23,25.59,24.96,25.46,512761,1300389760,0.3,1.192368839427663
2020-05-26,15:00,sz000002,万 科Ａ,25.58,25.86,25.44,25.83,552781,1420430464,0.37,1.4532600157109192
2020-05-27,15:00,sz000002,万 科Ａ,25.83,26.1,25.7,25.9,555244,1440584192,0.07,0.2710027100271002
2020-05-28,15:00,sz000002,万 科Ａ,25.88,26.56,25.88,26.14,709769,1863217664,0.24,0.9266409266409266
2020-05-29,15:00,sz000002,万 科Ａ,26.12,26.12,25.7,25.7,520783,1345961728,-0.44,-1.6832440703902063
2020-06-01,15:00,sz000002,万 科Ａ,25.98,26.5,25.98,26.4,779004,2049366272,0.7,2.723735408560312
2020-06-02,15:00,sz000002,万 科Ａ,26.37,27.26,26.3,27.24,1020844,2738151168,0.84,3.1818181818181817
2020-06-03,15:00,sz000002,万 科Ａ,27.4,27.96,26.83,26.84,927492,2538104832,-0.4,-1.4684287812041117
2020-06-04,15:00,sz000002,万 科Ａ,27.02,27.13,26.31,26.73,724555,1927951744,-0.11,-0.4098360655737705
2020-06-05,15:00,sz000002,万 科Ａ,26.65,26.72,26.19,26.41,649400,1710519936,-0.32,-1.197156752712308
2020-06-08,15:00,sz000002,万 科Ａ,26.59,26.85,26.42,26.6,709040,1887551616,0.19,0.7194244604316548
2020-06-09,15:00,sz000002,万 科Ａ,26.6,26.85,26.34,26.44,730994,1935524736,-0.16,-0.6015037593984963
2020-06-10,15:00,sz000002,万 科Ａ,26.39,26.41,25.98,26.18,829017,2166680320,-0.26,-0.983358547655068
2020-06-11,15:00,sz000002,万 科Ａ,26.11,26.21,25.82,25.9,650467,1691585024,-0.28,-1.06951871657754
2020-06-12,15:00,sz000002,万 科Ａ,25.54,25.93,25.45,25.71,578495,1489193088,-0.19,-0.7335907335907336
2020-06-15,15:00,sz000002,万 科Ａ,25.5,26.12,25.5,25.6,693731,1792009600,-0.11,-0.4278490859587709
2020-06-16,15:00,sz000002,万 科Ａ,25.88,25.98,25.7,25.82,577040,1489581312,0.22,0.8593750000000001
2020-06-17,15:00,sz000002,万 科Ａ,25.75,25.84,25.62,25.68,454634,1167883136,-0.14,-0.5422153369481022
2020-06-18,15:00,sz000002,万 科Ａ,25.73,26.05,25.72,25.89,733262,1900571904,0.21,0.8177570093457943
2020-06-19,15:00,sz000002,万 科Ａ,25.95,25.99,25.72,25.95,797460,2060655744,0.06,0.2317497103128621
2020-06-22,15:00,sz000002,万 科Ａ,25.88,25.94,25.66,25.69,701394,1808213760,-0.26,-1.001926782273603
2020-06-23,15:00,sz000002,万 科Ａ,25.67,25.68,25.49,25.55,643002,1643546880,-0.14,-0.544959128065395
2020-06-24,15:00,sz000002,万 科Ａ,25.69,26.45,25.67,26.4,1426039,3740397568,0.85,3.326810176125244
2020-06-29,15:00,sz000002,万 科Ａ,26.1,26.25,25.71,25.92,893959,2310930176,-0.48,-1.818181818181818
2020-06-30,15:00,sz000002,万 科Ａ,26.1,26.25,25.88,26.14,714383,1861472384,0.22,0.8487654320987654
2020-07-01,15:00,sz000002,万 科Ａ,26.18,28.5,26.17,28.09,2602748,7124087296,1.95,7.459831675592961
2020-07-02,15:00,sz000002,万 科Ａ,28.0,28.89,27.77,28.39,2134743,6033529856,0.3,1.067995728017088
2020-07-03,15:00,sz000002,万 科Ａ,28.65,29.12,28.14,28.65,1744355,4993062400,0.26,0.9158154279675942
2020-07-06,15:00,sz000002,万 科Ａ,29.3,31.15,29.3,31.02,2301285,6955278848,2.37,8.272251308900524
2020-07-07,15:00,sz000002,万 科Ａ,31.5,32.02,30.0,30.3,1713195,5262391296,-0.72,-2.321083172147002
2020-07-08,15:00,sz000002,万 科Ａ,30.3,30.9,29.65,30.4,1601287,4827351552,0.1,0.33003300330033
2020-07-09,15:00,sz000002,万 科Ａ,30.45,30.63,29.88,30.63,1342454,4058954496,0.23,0.756578947368421
2020-07-10,15:00,sz000002,万 科Ａ,30.02,30.07,28.99,29.17,2098406,6190314496,-1.46,-4.766568723473719
2020-07-13,15:00,sz000002,万 科Ａ,28.92,29.39,28.48,29.2,1804033,5218016768,0.03,0.1028453890983887
2020-07-14,15:00,sz000002,万 科Ａ,29.14,29.5,28.45,28.94,1343018,3889221888,-0.26,-0.8904109589041096
2020-07-15,15:00,sz000002,万 科Ａ,29.0,29.28,28.28,28.28,1154989,3306443776,-0.66,-2.2805805114029023
2020-07-16,15:00,sz000002,万 科Ａ,28.25,28.72,27.52,27.54,1438432,4055153664,-0.74,-2.6166902404526167
2020-07-17,15:00,sz000002,万 科Ａ,27.26,27.64,26.91,27.23,1166350,3177245440,-0.31,-1.1256354393609296
2020-07-20,15:00,sz000002,万 科Ａ,27.39,28.5,27.29,28.3,1132749,3171353344,1.07,3.929489533602644
2020-07-21,15:00,sz000002,万 科Ａ,28.45,28.53,27.84,28.01,776308,2177172224,-0.29,-1.0247349823321554
2020-07-22,15:00,sz000002,万 科Ａ,27.89,28.3,27.65,27.88,882146,2470127104,-0.13,-0.4641199571581578
2020-07-23,15:00,sz000002,万 科Ａ,27.64,27.98,27.11,27.52,991225,2723562496,-0.36,-1.291248206599713
2020-07-24,15:00,sz000002,万 科Ａ,27.35,27.88,26.85,27.03,1160239,3174571008,-0.49,-1.7805232558139534
2020-07-27,15:00,sz000002,万 科Ａ,27.27,27.28,26.33,26.68,943467,2510590208,-0.35,-1.2948575656677763
2020-07-28,15:00,sz000002,万 科Ａ,26.83,27.0,26.62,26.87,619447,1660026240,0.19,0.712143928035982
2020-07-29,15:00,sz000002,万 科Ａ,26.71,27.14,26.51,27.11,926893,2490844416,0.24,0.8931894305917379
2020-07-30,15:00,sz000002,万 科Ａ,27.04,27.1,26.79,26.88,733968,1975837312,-0.23,-0.8483954260420509
2020-07-31,15:00,sz000002,万 科Ａ,26.88,27.23,26.61,26.84,733327,1974226176,-0.04,-0.1488095238095238
2020-08-03,15:00,sz000002,万 科Ａ,27.02,27.35,26.92,27.28,1062237,2878942720,0.44,1.639344262295082
2020-08-04,15:00,sz000002,万 科Ａ,27.4,27.95,27.07,27.74,1246383,3425729024,0.46,1.6862170087976538
2020-08-05,15:00,sz000002,万 科Ａ,27.5,27.56,27.11,27.35,811323,2215309568,-0.39,-1.40591204037491
2020-08-06,15:00,sz000002,万 科Ａ,27.38,27.63,26.99,27.38,827242,2253354496,0.03,0.109689213893967
2020-08-07,15:00,sz000002,万 科Ａ,27.19,27.36,26.9,27.03,664062,1798228224,-0.35,-1.2783053323593865
2020-08-10,15:00,sz000002,万 科Ａ,27.08,27.94,27.05,27.81,1052840,2908314624,0.78,2.885682574916759
2020-08-11,15:00,sz000002,万 科Ａ,27.92,28.44,27.81,27.88,1038365,2917894912,0.07,0.2517080186983099
2020-08-12,15:00,sz000002,万 科Ａ,27.89,28.71,27.8,28.71,1249774,3535287040,0.83,2.977044476327116
2020-08-13,15:00,sz000002,万 科Ａ,28.83,29.06,28.31,28.6,790902,2261412096,-0.11,-0.3831417624521072
2020-08-14,15:00,sz000002,万 科Ａ,27.9,27.9,27.15,27.68,940947,2592380416,-0.92,-3.2167832167832167
2020-08-17,15:00,sz000002,万 科Ａ,27.74,28.65,27.56,28.21,1347817,3808676608,0.53,1.914739884393064
2020-08-18,15:00,sz000002,万 科Ａ,28.21,28.28,27.5,27.7,848392,2355345920,-0.51,-1.8078695498050337
2020-08-19,15:00,sz000002,万 科Ａ,27.64,27.9,27.3,27.44,730576,2011513984,-0.26,-0.9386281588447654
2020-08-20,15:00,sz000002,万 科Ａ,27.35,27.53,27.16,27.48,568975,1555164416,0.04,0.1457725947521866
2020-08-21,15:00,sz000002,万 科Ａ,27.74,27.76,27.21,27.36,515551,1412631552,-0.12,-0.4366812227074235
2020-08-24,15:00,sz000002,万 科Ａ,27.58,27.75,27.1,27.13,566269,1549031040,-0.23,-0.8406432748538011
2020-08-25,15:00,sz000002,万 科Ａ,27.19,27.45,27.12,27.19,489635,1334277376,0.06,0.2211573903427939
2020-08-26,15:00,sz000002,万 科Ａ,27.12,27.43,26.96,27.08,520893,1414456576,-0.11,-0.4045605001838911
2020-08-27,15:00,sz000002,万 科Ａ,27.09,27.17,26.54,26.95,541847,1451853824,-0.13,-0.4800590841949778
2020-08-28,15:00,sz000002,万 科Ａ,27.03,27.74,27.03,27.57,891557,2453608192,0.62,2.300556586270872
2020-08-31,15:00,sz000002,万 科Ａ,27.61,27.85,27.18,27.27,803902,2211848448,-0.3,-1.088139281828074
2020-09-01,15:00,sz000002,万 科Ａ,27.18,27.23,26.93,27.22,524296,1420467840,-0.05,-0.1833516685001833
2020-09-02,15:00,sz000002,万 科Ａ,27.4,27.71,27.13,27.52,730022,2002238848,0.3,1.1021307861866276
2020-09-03,15:00,sz000002,万 科Ａ,27.6,28.2,27.42,27.81,799220,2224433152,0.29,1.0537790697674418
2020-09-04,15:00,sz000002,万 科Ａ,27.56,28.15,27.46,28.07,816186,2279067392,0.26,0.934915498022294
2020-09-07,15:00,sz000002,万 科Ａ,27.95,29.05,27.95,28.43,1432294,4103510528,0.36,1.282508015675098
2020-09-08,15:00,sz000002,万 科Ａ,28.6,29.17,28.16,28.3,964997,2760457216,-0.13,-0.4572634540977841
2020-09-09,15:00,sz000002,万 科Ａ,28.1,28.4,27.65,27.98,645614,1807367808,-0.32,-1.1307420494699647
2020-09-10,15:00,sz000002,万 科Ａ,28.36,29.1,28.36,28.46,954676,2741079808,0.48,1.7155110793423871
2020-09-11,15:00,sz000002,万 科Ａ,28.46,28.46,27.9,28.0,541108,1519932800,-0.46,-1.6163035839775124
2020-09-14,15:00,sz000002,万 科Ａ,28.01,28.3,27.51,27.7,588402,1630471936,-0.3,-1.0714285714285714
2020-09-15,15:00,sz000002,万 科Ａ,27.65,28.09,27.48,27.87,584232,1625514752,0.17,0.6137184115523465
2020-09-16,15:00,sz000002,万 科Ａ,27.92,28.38,27.66,28.19,554701,1560700416,0.32,1.1481880157875852
2020-09-17,15:00,sz000002,万 科Ａ,28.21,28.43,27.95,28.06,565622,1592888064,-0.13,-0.4611564384533522
2020-09-18,15:00,sz000002,万 科Ａ,28.28,29.3,28.08,29.3,1615105,4683407360,1.24,4.419101924447612
2020-09-21,15:00,sz000002,万 科Ａ,29.29,29.56,29.04,29.14,725102,2124799232,-0.16,-0.5460750853242321
2020-09-22,15:00,sz000002,万 科Ａ,28.96,29.38,28.7,28.96,583742,1695439488,-0.18,-0.6177076183939602
2020-09-23,15:00,sz000002,万 科Ａ,29.1,29.2,28.55,28.7,386288,1110921984,-0.26,-0.8977900552486188
2020-09-24,15:00,sz000002,万 科Ａ,28.57,28.65,27.98,28.1,564596,1594343296,-0.6,-2.0905923344947737
2020-09-25,15:00,sz000002,万 科Ａ,28.01,28.35,27.4,27.62,697229,1936770304,-0.48,-1.708185053380783
2020-09-28,15:00,sz000002,万 科Ａ,27.8,28.66,27.76,28.4,669627,1898828544,0.78,2.8240405503258508
2020-09-29,15:00,sz000002,万 科Ａ,28.43,28.77,28.29,28.29,412967,1176464000,-0.11,-0.3873239436619718
2020-09-30,15:00,sz000002,万 科Ａ,28.71,28.71,27.66,28.02,489833,1378172928,-0.27,-0.9544008483563096
2020-10-09,15:00,sz000002,万 科Ａ,28.05,28.29,27.74,28.03,684345,1913388288,0.01,0.0356887937187723
2020-10-12,15:00,sz000002,万 科Ａ,28.16,28.59,28.05,28.31,926244,2621595648,0.28,0.9989297181591152
2020-10-13,15:00,sz000002,万 科Ａ,28.2,28.2,27.87,27.99,588379,1644236416,-0.32,-1.130342635111268
2020-10-14,15:00,sz000002,万 科Ａ,27.85,28.0,27.65,27.78,537838,1492204288,-0.21,-0.7502679528403001
2020-10-15,15:00,sz000002,万 科Ａ,27.61,27.93,27.57,27.7,528975,1467258880,-0.08,-0.2879769618430525
2020-10-16,15:00,sz000002,万 科Ａ,27.7,27.94,27.65,27.86,480962,1337762688,0.16,0.5776173285198556
2020-10-19,15:00,sz000002,万 科Ａ,28.0,28.59,27.67,27.74,1102097,3101786368,-0.12,-0.4307250538406317
2020-10-20,15:00,sz000002,万 科Ａ,27.64,27.64,27.28,27.48,623972,1710112384,-0.26,-0.9372746935832732
2020-10-21,15:00,sz000002,万 科Ａ,27.52,27.63,27.3,27.63,473353,1299443584,0.15,0.5458515283842794
2020-10-22,15:00,sz000002,万 科Ａ,27.51,28.1,27.5,27.99,627002,1748393728,0.36,1.3029315960912051
2020-10-23,15:00,sz000002,万 科Ａ,27.91,28.14,27.75,27.88,579140,1620264832,-0.11,-0.3929974991068239
2020-10-26,15:00,sz000002,万 科Ａ,28.0,28.14,27.82,28.0,593623,1659520768,0.12,0.430416068866571
2020-10-27,15:00,sz000002,万 科Ａ,27.92,28.01,27.42,27.47,597369,1652760064,-0.53,-1.892857142857143
2020-10-28,15:00,sz000002,万 科Ａ,27.45,27.48,26.9,26.92,750400,2032697088,-0.55,-2.002184200946487
2020-10-29,15:00,sz000002,万 科Ａ,26.85,27.47,26.62,27.38,628714,1703222400,0.46,1.7087667161961366
2020-10-30,15:00,sz000002,万 科Ａ,27.6,28.41,27.4,27.55,937181,2612104192,0.17,0.620891161431702
2020-11-02,15:00,sz000002,万 科Ａ,27.66,28.19,27.66,27.95,826286,2312506112,0.4,1.4519056261343013
2020-11-03,15:00,sz000002,万 科Ａ,28.0,28.15,27.81,28.03,617666,1728820864,0.08,0.2862254025044722
2020-11-04,15:00,sz000002,万 科Ａ,28.05,28.25,27.9,28.16,454991,1278442880,0.13,0.463788797716732
2020-11-05,15:00,sz000002,万 科Ａ,28.45,29.36,28.31,29.25,1201195,3472076544,1.09,3.870738636363636
2020-11-06,15:00,sz000002,万 科Ａ,29.34,29.57,29.03,29.46,852880,2503004928,0.21,0.717948717948718
2020-11-09,15:00,sz000002,万 科Ａ,29.72,29.86,29.19,29.57,811185,2391656960,0.11,0.373387644263408
2020-11-10,15:00,sz000002,万 科Ａ,29.7,30.11,29.2,29.33,613770,1818190976,-0.24,-0.8116334122421373
2020-11-11,15:00,sz000002,万 科Ａ,29.37,30.25,29.25,29.77,885211,2642344448,0.44,1.5001704739174906
2020-11-12,15:00,sz000002,万 科Ａ,29.76,29.81,29.38,29.76,459057,1361151488,-0.01,-0.0335908632851864
2020-11-13,15:00,sz000002,万 科Ａ,29.56,29.69,28.83,29.05,660134,1919346176,-0.71,-2.385752688172043
2020-11-16,15:00,sz000002,万 科Ａ,29.39,29.5,29.0,29.2,516576,1509809664,0.15,0.5163511187607573
2020-11-17,15:00,sz000002,万 科Ａ,29.3,30.33,29.29,29.95,980540,2936062720,0.75,2.568493150684932
2020-11-18,15:00,sz000002,万 科Ａ,30.0,31.08,29.75,30.76,1247658,3817213952,0.81,2.7045075125208684
2020-11-19,15:00,sz000002,万 科Ａ,30.55,31.1,30.5,30.91,660882,2038461952,0.15,0.4876462938881665
2020-11-20,15:00,sz000002,万 科Ａ,30.91,31.05,30.44,30.87,453121,1394980736,-0.04,-0.1294079585894532
2020-11-23,15:00,sz000002,万 科Ａ,30.78,31.3,30.63,31.04,665386,2061809152,0.17,0.550696469063816
2020-11-24,15:00,sz000002,万 科Ａ,31.0,31.4,30.6,30.85,493782,1525373952,-0.19,-0.6121134020618557
2020-11-25,15:00,sz000002,万 科Ａ,31.0,31.29,30.6,30.8,525684,1627718016,-0.05,-0.1620745542949757
2020-11-26,15:00,sz000002,万 科Ａ,30.78,31.07,30.12,30.94,584039,1788275584,0.14,0.4545454545454545
2020-11-27,15:00,sz000002,万 科Ａ,31.1,31.9,31.09,31.61,667012,2094793728,0.67,2.165481577246283
2020-11-30,15:00,sz000002,万 科Ａ,31.7,32.73,30.7,30.7,1353477,4289703168,-0.91,-2.878835811452072
2020-12-01,15:00,sz000002,万 科Ａ,30.81,30.96,30.14,30.75,849853,2594740736,0.05,0.1628664495114006
2020-12-02,15:00,sz000002,万 科Ａ,30.89,31.96,30.71,31.13,954561,2996575744,0.38,1.2357723577235773
2020-12-03,15:00,sz000002,万 科Ａ,31.37,31.43,30.55,30.9,533327,1649928192,-0.23,-0.7388371345968519
2020-12-04,15:00,sz000002,万 科Ａ,31.12,31.14,29.94,30.0,812748,2463450624,-0.9,-2.912621359223301
2020-12-07,15:00,sz000002,万 科Ａ,30.05,30.18,29.36,29.41,630086,1864723072,-0.59,-1.9666666666666663
2020-12-08,15:00,sz000002,万 科Ａ,29.45,29.59,29.12,29.18,513261,1504881024,-0.23,-0.7820469228153689
2020-12-09,15:00,sz000002,万 科Ａ,29.4,29.44,28.66,28.66,637035,1846463872,-0.52,-1.782042494859493
2020-12-10,15:00,sz000002,万 科Ａ,28.81,28.96,28.41,28.58,578869,1656053632,-0.08,-0.2791346824842987
2020-12-11,15:00,sz000002,万 科Ａ,28.7,28.72,28.2,28.46,593671,1686650496,-0.12,-0.4198740377886634
2020-12-14,15:00,sz000002,万 科Ａ,28.6,28.99,28.39,28.92,650709,1868221440,0.46,1.6163035839775124
2020-12-15,15:00,sz000002,万 科Ａ,28.76,28.79,28.29,28.55,518014,1475941760,-0.37,-1.2793914246196405
2020-12-16,15:00,sz000002,万 科Ａ,28.65,28.75,28.24,28.6,468666,1337464320,0.05,0.1751313485113835
2020-12-17,15:00,sz000002,万 科Ａ,28.61,28.93,28.3,28.84,519359,1490903424,0.24,0.8391608391608392
2020-12-18,15:00,sz000002,万 科Ａ,28.84,28.85,28.35,28.5,525459,1499697408,-0.34,-1.1789181692094313
2020-12-21,15:00,sz000002,万 科Ａ,28.3,28.43,27.97,28.17,600941,1692331392,-0.33,-1.1578947368421053
2020-12-22,15:00,sz000002,万 科Ａ,28.01,28.52,27.86,28.05,564349,1590342400,-0.12,-0.4259850905218317
2020-12-23,15:00,sz000002,万 科Ａ,28.1,28.15,27.56,27.83,685093,1905753856,-0.22,-0.7843137254901961
2020-12-24,15:00,sz000002,万 科Ａ,27.83,28.04,27.71,27.94,409857,1142911616,0.11,0.3952569169960474
2020-12-25,15:00,sz000002,万 科Ａ,27.95,28.22,27.6,28.1,425877,1190253568,0.16,0.5726556907659269
2020-12-28,15:00,sz000002,万 科Ａ,28.18,28.65,27.86,28.42,583680,1656263424,0.32,1.1387900355871887
2020-12-29,15:00,sz000002,万 科Ａ,28.56,28.86,28.32,28.52,539042,1544401152,0.1,0.3518648838845883
2020-12-30,15:00,sz000002,万 科Ａ,28.47,28.65,28.22,28.38,499718,1417604480,-0.14,-0.4908835904628331
2020-12-31,15:00,sz000002,万 科Ａ,28.29,28.8,28.24,28.7,651991,1862538368,0.32,1.127554615926709
2021-01-04,15:00,sz000002,万 科Ａ,28.4,28.4,27.52,27.78,1468441,4079416832,-0.92,-3.2055749128919864
2021-01-05,15:00,sz000002,万 科Ａ,27.78,27.93,27.1,27.91,1162658,3189607168,0.13,0.4679625629949604
2021-01-06,15:00,sz000002,万 科Ａ,27.8,28.75,27.73,28.75,1048801,2972572672,0.84,3.009673951988535
2021-01-07,15:00,sz000002,万 科Ａ,29.0,29.5,28.39,28.79,1226755,3544224000,0.04,0.1391304347826087
2021-01-08,15:00,sz000002,万 科Ａ,28.98,29.45,28.81,29.34,1028563,3000845568,0.55,1.910385550538381
2021-01-11,15:00,sz000002,万 科Ａ,29.5,30.35,29.27,29.78,1388121,4142482688,0.44,1.499659168370825
2021-01-12,15:00,sz000002,万 科Ａ,29.78,29.8,29.37,29.7,980654,2899071744,-0.08,-0.2686366689053056
2021-01-13,15:00,sz000002,万 科Ａ,29.9,30.22,29.6,29.9,940504,2807916800,0.2,0.6734006734006733
2021-01-14,15:00,sz000002,万 科Ａ,29.93,30.79,29.8,29.99,1216323,3681938176,0.09,0.3010033444816053
2021-01-15,15:00,sz000002,万 科Ａ,30.01,30.73,29.88,29.95,1123372,3399072512,-0.04,-0.1333777925975325
2021-01-18,15:00,sz000002,万 科Ａ,30.2,31.26,29.83,31.26,1258281,3847315200,1.31,4.373956594323873
2021-01-19,15:00,sz000002,万 科Ａ,31.19,32.35,30.72,31.28,1631688,5130232832,0.02,0.0639795265515035
2021-01-20,15:00,sz000002,万 科Ａ,31.07,31.2,30.35,30.5,961434,2946920704,-0.78,-2.493606138107417
2021-01-21,15:00,sz000002,万 科Ａ,30.3,30.7,30.02,30.1,875252,2650781696,-0.4,-1.3114754098360657
2021-01-22,15:00,sz000002,万 科Ａ,29.95,29.95,29.01,29.26,1058090,3114137344,-0.84,-2.7906976744186047
2021-01-25,15:00,sz000002,万 科Ａ,29.26,29.6,28.56,29.36,973749,2825867776,0.1,0.3417634996582365
2021-01-26,15:00,sz000002,万 科Ａ,29.26,30.15,29.15,29.7,816654,2433266432,0.34,1.1580381471389645
2021-01-27,15:00,sz000002,万 科Ａ,29.69,29.95,29.37,29.4,724302,2146772480,-0.3,-1.0101010101010102
2021-01-28,15:00,sz000002,万 科Ａ,29.05,29.07,28.22,28.43,786041,2240534528,-0.97,-3.2993197278911564
2021-01-29,15:00,sz000002,万 科Ａ,28.55,28.65,27.57,27.79,963685,2691727616,-0.64,-2.2511431586352444
2021-02-01,15:00,sz000002,万 科Ａ,27.97,28.12,27.26,28.07,886693,2456621824,0.28,1.0075566750629723
2021-02-02,15:00,sz000002,万 科Ａ,28.19,28.48,27.96,28.34,716108,2021288064,0.27,0.9618810117563236
2021-02-03,15:00,sz000002,万 科Ａ,28.34,28.35,27.78,27.92,589610,1646692736,-0.42,-1.4820042342978124
2021-02-04,15:00,sz000002,万 科Ａ,27.89,28.35,27.43,27.89,665574,1856062464,-0.03,-0.1074498567335243
2021-02-05,15:00,sz000002,万 科Ａ,28.01,29.34,28.01,28.88,1030260,2954837248,0.99,3.549659376120473
2021-02-08,15:00,sz000002,万 科Ａ,29.0,29.76,28.6,29.13,832036,2428055296,0.25,0.8656509695290859
2021-02-09,15:00,sz000002,万 科Ａ,28.99,29.07,28.54,28.75,673567,1934330496,-0.38,-1.304497082046001
2021-02-10,15:00,sz000002,万 科Ａ,28.61,28.98,28.35,28.83,652148,1874968704,0.08,0.2782608695652174
2021-02-18,15:00,sz000002,万 科Ａ,28.95,30.13,28.95,30.01,996922,2956988672,1.18,4.092958723551856
2021-02-19,15:00,sz000002,万 科Ａ,29.7,30.04,29.6,29.84,758574,2260941056,-0.17,-0.56647784071976
2021-02-22,15:00,sz000002,万 科Ａ,29.84,30.33,29.52,29.73,852340,2548985088,-0.11,-0.3686327077747989
2021-02-23,15:00,sz000002,万 科Ａ,29.69,30.05,29.29,30.01,861379,2558687488,0.28,0.9418096199125462
2021-02-24,15:00,sz000002,万 科Ａ,29.92,30.58,29.5,29.99,969948,2915177216,-0.02,-0.0666444518493835
2021-02-25,15:00,sz000002,万 科Ａ,30.49,32.99,30.41,32.99,2595403,8382663680,3.0,10.00333444481494
2021-02-26,15:00,sz000002,万 科Ａ,32.57,34.08,31.62,33.1,2529180,8329307648,0.11,0.3334343740527432
2021-03-01,15:00,sz000002,万 科Ａ,33.1,33.71,32.29,33.35,1280834,4229750784,0.25,0.7552870090634441
2021-03-02,15:00,sz000002,万 科Ａ,33.0,34.6,32.9,33.29,1220149,4110315520,-0.06,-0.1799100449775112
2021-03-03,15:00,sz000002,万 科Ａ,32.95,33.99,32.59,33.5,1164840,3876750336,0.21,0.6308200660859117
2021-03-04,15:00,sz000002,万 科Ａ,33.3,34.1,32.47,32.69,1292857,4282826752,-0.81,-2.417910447761194
2021-03-05,15:00,sz000002,万 科Ａ,32.2,32.69,31.08,31.54,1303283,4141889024,-1.15,-3.517895380850413
2021-03-08,15:00,sz000002,万 科Ａ,31.9,32.2,31.2,31.2,771959,2440558336,-0.34,-1.077996195307546
2021-03-09,15:00,sz000002,万 科Ａ,31.32,31.66,30.71,31.02,943414,2952321536,-0.18,-0.576923076923077
2021-03-10,15:00,sz000002,万 科Ａ,31.17,31.2,30.3,30.69,877517,2695626752,-0.33,-1.0638297872340423
2021-03-11,15:00,sz000002,万 科Ａ,30.76,31.46,30.68,31.15,742679,2305270528,0.46,1.4988595633756925
2021-03-12,15:00,sz000002,万 科Ａ,31.1,32.36,30.66,31.49,901959,2834219008,0.34,1.0914927768860354
2021-03-15,15:00,sz000002,万 科Ａ,31.3,31.88,31.25,31.44,619315,1951738240,-0.05,-0.1587805652588123
2021-03-16,15:00,sz000002,万 科Ａ,31.49,33.16,31.3,32.9,1205423,3904736000,1.46,4.643765903307888
2021-03-17,15:00,sz000002,万 科Ａ,32.65,33.43,32.36,32.71,718970,2355350528,-0.19,-0.5775075987841946
2021-03-18,15:00,sz000002,万 科Ａ,32.6,33.28,32.48,32.7,482135,1580726144,-0.01,-0.0305716906144909
2021-03-19,15:00,sz000002,万 科Ａ,32.5,32.5,30.85,31.2,989922,3114966016,-1.5,-4.587155963302752
2021-03-22,15:00,sz000002,万 科Ａ,30.86,31.74,30.85,31.63,521950,1638045568,0.43,1.3782051282051282
2021-03-23,15:00,sz000002,万 科Ａ,31.61,31.66,31.14,31.42,422660,1324354560,-0.21,-0.663926651912741
2021-03-24,15:00,sz000002,万 科Ａ,31.42,31.5,30.4,30.76,559122,1720137600,-0.66,-2.100572883513686
2021-03-25,15:00,sz000002,万 科Ａ,30.77,30.95,30.4,30.55,361694,1107320192,-0.21,-0.6827048114434331
2021-03-26,15:00,sz000002,万 科Ａ,30.6,30.96,30.52,30.72,428771,1317279872,0.17,0.5564648117839607
2021-03-29,15:00,sz000002,万 科Ａ,30.68,31.33,30.32,31.0,519288,1608545536,0.28,0.9114583333333334
2021-03-30,15:00,sz000002,万 科Ａ,30.99,31.69,30.8,31.37,479099,1496309120,0.37,1.1935483870967742
2021-03-31,15:00,sz000002,万 科Ａ,30.97,30.97,29.73,30.0,1168413,3512092160,-1.37,-4.367229837424291
2021-04-01,15:00,sz000002,万 科Ａ,30.0,30.15,29.57,29.83,525118,1565413888,-0.17,-0.5666666666666667
2021-04-02,15:00,sz000002,万 科Ａ,30.0,30.08,29.65,30.0,381349,1140366080,0.17,0.5698960777740529
2021-04-06,15:00,sz000002,万 科Ａ,30.0,30.0,29.22,29.43,583845,1724509696,-0.57,-1.9
2021-04-07,15:00,sz000002,万 科Ａ,29.5,29.72,29.27,29.7,488440,1441764736,0.27,0.9174311926605504
2021-04-08,15:00,sz000002,万 科Ａ,29.4,29.48,28.98,29.17,630400,1836528768,-0.53,-1.7845117845117844
2021-04-09,15:00,sz000002,万 科Ａ,29.3,29.32,28.73,28.86,528595,1527734272,-0.31,-1.062735687350017
2021-04-12,15:00,sz000002,万 科Ａ,29.01,29.09,28.5,28.59,635227,1826857600,-0.27,-0.9355509355509356
2021-04-13,15:00,sz000002,万 科Ａ,28.7,28.8,28.13,28.29,669694,1899238912,-0.3,-1.049317943336831
2021-04-14,15:00,sz000002,万 科Ａ,28.4,28.85,28.31,28.76,544164,1559705216,0.47,1.661364439731354
2021-04-15,15:00,sz000002,万 科Ａ,28.65,28.89,28.29,28.63,503527,1436503936,-0.13,-0.4520166898470097
2021-04-16,15:00,sz000002,万 科Ａ,28.79,28.87,28.51,28.87,395753,1137450240,0.24,0.8382815228781
2021-04-19,15:00,sz000002,万 科Ａ,28.83,29.07,28.45,29.0,619893,1786257536,0.13,0.4502944232767579
2021-04-20,15:00,sz000002,万 科Ａ,28.8,28.92,28.68,28.73,529774,1524136960,-0.27,-0.9310344827586206
2021-04-21,15:00,sz000002,万 科Ａ,28.58,28.72,28.17,28.65,551734,1570191360,-0.08,-0.2784545770971111
2021-04-22,15:00,sz000002,万 科Ａ,28.82,29.08,28.64,29.02,560026,1619545216,0.37,1.2914485165794063
2021-04-23,15:00,sz000002,万 科Ａ,28.5,28.55,27.92,28.09,1292568,3642929920,-0.93,-3.204686423156444
2021-04-26,15:00,sz000002,万 科Ａ,28.0,28.2,27.6,27.7,859450,2389022464,-0.39,-1.3883944464222144
2021-04-27,15:00,sz000002,万 科Ａ,27.64,27.95,27.5,27.93,511079,1419534464,0.23,0.8303249097472925
2021-04-28,15:00,sz000002,万 科Ａ,27.94,27.98,27.58,27.68,476120,1318472576,-0.25,-0.895094880057286
2021-04-29,15:00,sz000002,万 科Ａ,27.78,27.89,27.5,27.89,623862,1730411520,0.21,0.7586705202312138
2021-04-30,15:00,sz000002,万 科Ａ,28.19,28.47,27.93,28.17,777133,2193592832,0.28,1.003944065973467
2021-05-06,15:00,sz000002,万 科Ａ,27.87,28.15,27.73,27.92,489975,1368795648,-0.25,-0.8874689385871495
2021-05-07,15:00,sz000002,万 科Ａ,27.91,28.35,27.88,28.0,491289,1382769024,0.08,0.2865329512893982
2021-05-10,15:00,sz000002,万 科Ａ,27.99,28.0,27.28,27.54,589667,1620092544,-0.46,-1.6428571428571428
2021-05-11,15:00,sz000002,万 科Ａ,27.31,27.73,27.1,27.62,368855,1011671808,0.08,0.2904865649963689
2021-05-12,15:00,sz000002,万 科Ａ,27.4,27.4,26.88,27.03,810363,2192214784,-0.59,-2.1361332367849384
2021-05-13,15:00,sz000002,万 科Ａ,26.8,26.97,26.69,26.88,550277,1475343360,-0.15,-0.5549389567147613
2021-05-14,15:00,sz000002,万 科Ａ,26.88,27.11,26.62,27.07,624630,1679203328,0.19,0.7068452380952381
2021-05-17,15:00,sz000002,万 科Ａ,27.03,27.4,26.82,27.12,582048,1579929600,0.05,0.1847063169560399
2021-05-18,15:00,sz000002,万 科Ａ,27.18,27.37,26.97,27.29,437485,1188090496,0.17,0.6268436578171092
2021-05-19,15:00,sz000002,万 科Ａ,27.3,27.35,26.7,26.77,515067,1386373248,-0.52,-1.905459875412239
2021-05-20,15:00,sz000002,万 科Ａ,26.66,27.0,26.42,26.97,457498,1226541440,0.2,0.7471049682480388
2021-05-21,15:00,sz000002,万 科Ａ,26.96,26.99,26.5,26.57,495770,1323749760,-0.4,-1.4831294030404154
2021-05-24,15:00,sz000002,万 科Ａ,26.48,26.48,26.11,26.19,729212,1911692416,-0.38,-1.4301844185171246
2021-05-25,15:00,sz000002,万 科Ａ,26.22,26.84,26.15,26.76,721058,1914396800,0.57,2.176403207331042
2021-05-26,15:00,sz000002,万 科Ａ,26.75,27.48,26.71,27.18,817029,2219956224,0.42,1.5695067264573992
2021-05-27,15:00,sz000002,万 科Ａ,27.19,27.36,26.98,27.16,542034,1472407808,-0.02,-0.0735835172921265
2021-05-28,15:00,sz000002,万 科Ａ,27.16,27.43,26.8,26.95,602604,1627551104,-0.21,-0.7731958762886598
2021-05-31,15:00,sz000002,万 科Ａ,26.95,27.03,26.53,26.7,566250,1511447040,-0.25,-0.927643784786642
2021-06-01,15:00,sz000002,万 科Ａ,26.88,26.97,26.47,26.6,609909,1622419840,-0.1,-0.3745318352059925
2021-06-02,15:00,sz000002,万 科Ａ,26.5,27.18,26.31,26.76,853545,2287264256,0.16,0.6015037593984963
2021-06-03,15:00,sz000002,万 科Ａ,26.85,26.97,26.56,26.67,505941,1353546880,-0.09,-0.336322869955157
2021-06-04,15:00,sz000002,万 科Ａ,26.56,26.7,26.18,26.33,714223,1885479296,-0.34,-1.274840644919385
2021-06-07,15:00,sz000002,万 科Ａ,26.12,26.18,25.78,25.94,647452,1676861184,-0.39,-1.4812001519179645
2021-06-08,15:00,sz000002,万 科Ａ,25.99,26.19,25.9,26.06,446764,1164306304,0.12,0.4626060138781804
2021-06-09,15:00,sz000002,万 科Ａ,26.06,26.15,25.86,25.91,389918,1012531072,-0.15,-0.5755947812739831
2021-06-10,15:00,sz000002,万 科Ａ,25.86,26.04,25.6,25.65,538007,1387584768,-0.26,-1.0034735623311464
2021-06-11,15:00,sz000002,万 科Ａ,25.58,25.65,25.17,25.29,758537,1918663040,-0.36,-1.4035087719298245
2021-06-15,15:00,sz000002,万 科Ａ,25.2,25.23,24.6,24.76,899155,2228846080,-0.53,-2.095689996045868
2021-06-16,15:00,sz000002,万 科Ａ,24.75,25.4,24.72,24.96,676068,1693490816,0.2,0.8077544426494345
2021-06-17,15:00,sz000002,万 科Ａ,24.96,25.12,24.77,25.0,440175,1098897024,0.04,0.1602564102564102
2021-06-18,15:00,sz000002,万 科Ａ,24.95,24.95,24.45,24.57,700942,1722492928,-0.43,-1.72
2021-06-21,15:00,sz000002,万 科Ａ,24.5,24.53,24.05,24.2,624705,1513602432,-0.37,-1.505901505901506
2021-06-22,15:00,sz000002,万 科Ａ,24.3,24.47,24.0,24.23,724750,1754346112,0.03,0.1239669421487603
2021-06-23,15:00,sz000002,万 科Ａ,24.25,24.56,24.12,24.5,743960,1809991552,0.27,1.1143210895583986
2021-06-24,15:00,sz000002,万 科Ａ,24.56,24.62,24.23,24.33,601455,1470290944,-0.17,-0.6938775510204082
2021-06-25,15:00,sz000002,万 科Ａ,24.4,24.55,24.3,24.51,478206,1168852224,0.18,0.7398273736128237
2021-06-28,15:00,sz000002,万 科Ａ,24.63,24.66,24.05,24.08,563018,1364565760,-0.43,-1.7543859649122806
2021-06-29,15:00,sz000002,万 科Ａ,24.1,24.22,23.72,23.8,664404,1588927488,-0.28,-1.162790697674419
2021-06-30,15:00,sz000002,万 科Ａ,23.82,23.92,23.5,23.81,498882,1183027456,0.01,0.042016806722689
2021-07-01,15:00,sz000002,万 科Ａ,23.89,25.35,23.85,24.98,1315383,3255497216,1.17,4.91390172196556
2021-07-02,15:00,sz000002,万 科Ａ,24.78,24.78,24.04,24.05,887290,2155246080,-0.93,-3.722978382706165
2021-07-05,15:00,sz000002,万 科Ａ,24.06,24.09,23.55,23.82,605991,1437710080,-0.23,-0.9563409563409564
2021-07-06,15:00,sz000002,万 科Ａ,23.9,24.75,23.76,24.48,844134,2058328704,0.66,2.770780856423174
2021-07-07,15:00,sz000002,万 科Ａ,24.2,24.48,23.97,24.04,598540,1442987008,-0.44,-1.7973856209150323
2021-07-08,15:00,sz000002,万 科Ａ,24.15,24.25,23.71,24.05,589155,1411774592,0.01,0.0415973377703826
2021-07-09,15:00,sz000002,万 科Ａ,23.83,24.29,23.82,24.06,495907,1192140672,0.01,0.0415800415800415
2021-07-12,15:00,sz000002,万 科Ａ,24.29,24.29,23.78,23.82,645788,1547277184,-0.24,-0.997506234413965
2021-07-13,15:00,sz000002,万 科Ａ,23.84,24.14,23.73,23.84,429413,1026027200,0.02,0.0839630562552476
2021-07-14,15:00,sz000002,万 科Ａ,23.81,23.88,23.2,23.21,748482,1753035648,-0.63,-2.6426174496644297
2021-07-15,15:00,sz000002,万 科Ａ,23.21,23.73,23.01,23.52,639812,1498254976,0.31,1.3356311934510987
2021-07-16,15:00,sz000002,万 科Ａ,23.4,24.05,23.35,23.95,643153,1534958976,0.43,1.8282312925170068
2021-07-19,15:00,sz000002,万 科Ａ,23.88,23.89,23.27,23.48,578645,1355079936,-0.47,-1.962421711899791
2021-07-20,15:00,sz000002,万 科Ａ,23.3,23.37,22.9,23.09,552477,1275982208,-0.39,-1.6609880749574104
2021-07-21,15:00,sz000002,万 科Ａ,23.0,23.16,22.65,22.73,690511,1573728256,-0.36,-1.5591165006496317
2021-07-22,15:00,sz000002,万 科Ａ,22.71,23.25,22.62,23.21,711180,1640587776,0.48,2.111746590409151
2021-07-23,15:00,sz000002,万 科Ａ,23.15,23.35,22.85,23.11,522943,1205101184,-0.1,-0.4308487720809996
2021-07-26,15:00,sz000002,万 科Ａ,22.8,22.8,21.25,21.36,1423714,3100431104,-1.75,-7.572479446127217
2021-07-27,15:00,sz000002,万 科Ａ,21.3,21.3,20.09,20.16,1410661,2909955840,-1.2,-5.617977528089887
2021-07-28,15:00,sz000002,万 科Ａ,20.18,20.77,20.14,20.49,1051188,2147044736,0.33,1.636904761904762
2021-07-29,15:00,sz000002,万 科Ａ,20.7,20.85,20.21,20.6,787966,1623275264,0.11,0.5368472425573451
2021-07-30,15:00,sz000002,万 科Ａ,20.39,20.7,20.1,20.66,679988,1392126720,0.06,0.2912621359223301
2021-08-02,15:00,sz000002,万 科Ａ,20.6,21.18,20.1,20.9,834802,1731493120,0.24,1.1616650532429815
2021-08-03,15:00,sz000002,万 科Ａ,20.91,21.23,20.79,20.88,557736,1167380608,-0.02,-0.0956937799043062
2021-08-04,15:00,sz000002,万 科Ａ,20.87,20.87,20.47,20.55,620163,1277452544,-0.33,-1.5804597701149428
2021-08-05,15:00,sz000002,万 科Ａ,20.75,21.49,20.65,20.99,1149843,2425340160,0.44,2.1411192214111923
2021-08-06,15:00,sz000002,万 科Ａ,20.73,21.16,20.33,21.1,636435,1323046784,0.11,0.5240590757503573
2021-08-09,15:00,sz000002,万 科Ａ,21.0,22.76,20.98,22.28,1389081,3081214208,1.18,5.592417061611375
2021-08-10,15:00,sz000002,万 科Ａ,22.19,22.19,21.47,21.86,898607,1954452480,-0.42,-1.8850987432675044
2021-08-11,15:00,sz000002,万 科Ａ,22.6,23.95,22.6,23.11,1940357,4554630656,1.25,5.718206770356816
2021-08-12,15:00,sz000002,万 科Ａ,23.03,23.29,22.64,22.64,860883,1967002368,-0.47,-2.033751622674167
2021-08-13,15:00,sz000002,万 科Ａ,22.59,23.03,22.32,22.79,576712,1311218560,0.15,0.6625441696113075
2021-08-16,15:00,sz000002,万 科Ａ,22.91,23.58,22.77,22.96,823954,1914354816,0.17,0.7459412022817025
2021-08-17,15:00,sz000002,万 科Ａ,22.8,23.87,22.78,23.12,1050423,2457163008,0.16,0.6968641114982579
2021-08-18,15:00,sz000002,万 科Ａ,23.2,23.95,22.75,23.72,927755,2172493568,0.6,2.5951557093425603
2021-08-19,15:00,sz000002,万 科Ａ,23.51,23.7,22.97,23.15,792644,1838800128,-0.57,-2.403035413153457
2021-08-20,15:00,sz000002,万 科Ａ,23.19,23.5,22.42,22.75,820383,1868941824,-0.4,-1.7278617710583155
2021-08-23,15:00,sz000002,万 科Ａ,22.81,22.98,22.68,22.82,411641,939780928,0.07,0.3076923076923077
2021-08-24,15:00,sz000002,万 科Ａ,22.77,23.23,22.63,23.02,746208,1708479488,0.2,0.8764241893076249
2021-08-25,15:00,sz000002,万 科Ａ,22.12,22.12,21.05,21.24,886592,1900600320,-1.78,-7.7324066029539535
2021-08-26,15:00,sz000002,万 科Ａ,21.12,21.49,20.82,20.87,601520,1266424448,-0.37,-1.7419962335216574
2021-08-27,15:00,sz000002,万 科Ａ,20.87,21.13,20.72,20.9,486746,1017770880,0.03,0.1437470052707235
2021-08-30,15:00,sz000002,万 科Ａ,20.0,20.07,19.3,19.43,1707266,3346337024,-1.47,-7.033492822966507
2021-08-31,15:00,sz000002,万 科Ａ,19.28,19.87,19.08,19.8,967395,1880117376,0.37,1.9042717447246524
2021-09-01,15:00,sz000002,万 科Ａ,19.65,21.15,19.54,20.82,1251790,2578218240,1.02,5.151515151515151
2021-09-02,15:00,sz000002,万 科Ａ,20.95,21.5,20.64,21.2,759266,1602797952,0.38,1.8251681075888568
2021-09-03,15:00,sz000002,万 科Ａ,21.1,21.45,20.7,20.93,684516,1441816192,-0.27,-1.2735849056603774
2021-09-06,15:00,sz000002,万 科Ａ,20.77,21.05,20.42,20.55,792302,1633927040,-0.38,-1.815575728619207
2021-09-07,15:00,sz000002,万 科Ａ,20.68,20.76,20.35,20.59,630700,1295608704,0.04,0.194647201946472
2021-09-08,15:00,sz000002,万 科Ａ,20.41,20.7,20.3,20.33,663610,1355179392,-0.26,-1.2627489072365226
2021-09-09,15:00,sz000002,万 科Ａ,20.17,20.39,19.94,20.2,585182,1179987072,-0.13,-0.6394490900147565
2021-09-10,15:00,sz000002,万 科Ａ,20.2,20.63,20.12,20.4,682114,1391976576,0.2,0.99009900990099
2021-09-13,15:00,sz000002,万 科Ａ,20.29,21.3,20.02,21.26,1470444,3065955328,0.86,4.215686274509804
2021-09-14,15:00,sz000002,万 科Ａ,21.13,21.45,20.06,20.13,1607058,3298161664,-1.13,-5.315145813734714
2021-09-15,15:00,sz000002,万 科Ａ,20.0,20.04,19.51,19.58,1033463,2041881856,-0.55,-2.73224043715847
2021-09-16,15:00,sz000002,万 科Ａ,19.57,19.6,19.02,19.02,1100870,2113907968,-0.56,-2.8600612870275794
2021-09-17,15:00,sz000002,万 科Ａ,19.05,19.34,18.93,19.07,705319,1347615616,0.05,0.2628811777076761
2021-09-22,15:00,sz000002,万 科Ａ,18.9,20.25,18.74,20.08,1644899,3250979072,1.01,5.29627687467226
2021-09-23,15:00,sz000002,万 科Ａ,19.9,20.93,19.85,20.55,1455787,2986064896,0.47,2.3406374501992038
2021-09-24,15:00,sz000002,万 科Ａ,20.4,20.78,20.2,20.32,769259,1573373824,-0.23,-1.119221411192214
2021-09-27,15:00,sz000002,万 科Ａ,20.15,20.38,19.71,19.81,693130,1380073600,-0.51,-2.50984251968504
2021-09-28,15:00,sz000002,万 科Ａ,20.32,21.66,20.32,21.08,2103434,4437842944,1.27,6.4109035840484605
2021-09-29,15:00,sz000002,万 科Ａ,21.3,21.5,20.94,21.17,1092349,2317154816,0.09,0.4269449715370019
2021-09-30,15:00,sz000002,万 科Ａ,21.45,21.88,21.09,21.31,1005860,2159365632,0.14,0.6613131790269249
2021-10-08,15:00,sz000002,万 科Ａ,21.48,21.69,21.09,21.24,732687,1562199424,-0.07,-0.328484279680901
2021-10-11,15:00,sz000002,万 科Ａ,21.28,22.51,21.25,22.1,1268994,2804632576,0.86,4.048964218455744
2021-10-12,15:00,sz000002,万 科Ａ,22.0,22.85,21.84,22.3,1272179,2861826304,0.2,0.904977375565611
2021-10-13,15:00,sz000002,万 科Ａ,22.25,22.44,21.71,22.3,751087,1662450816,0.0,0.0
2021-10-14,15:00,sz000002,万 科Ａ,22.2,22.45,21.25,21.3,847737,1836458368,-1.0,-4.484304932735426
2021-10-15,15:00,sz000002,万 科Ａ,21.25,21.47,20.95,21.09,784296,1659579904,-0.21,-0.9859154929577464
2021-10-18,15:00,sz000002,万 科Ａ,21.03,21.08,20.18,20.3,1076032,2201113088,-0.79,-3.745851114272167
2021-10-19,15:00,sz000002,万 科Ａ,20.52,20.74,20.21,20.3,637327,1299648640,0.0,0.0
2021-10-20,15:00,sz000002,万 科Ａ,20.36,20.57,19.91,20.0,914268,1836350336,-0.3,-1.477832512315271
2021-10-21,15:00,sz000002,万 科Ａ,20.2,20.93,19.92,20.73,1623941,3345828096,0.73,3.65
2021-10-22,15:00,sz000002,万 科Ａ,21.06,22.05,21.05,21.33,1514164,3259316992,0.6,2.894356005788712
2021-10-25,15:00,sz000002,万 科Ａ,20.8,21.67,20.22,20.59,1702416,3519256832,-0.74,-3.469292076887013
2021-10-26,15:00,sz000002,万 科Ａ,20.59,20.59,19.72,19.72,1556727,3109672192,-0.87,-4.225352112676056
2021-10-27,15:00,sz000002,万 科Ａ,19.61,19.94,19.28,19.66,948488,1864580864,-0.06,-0.3042596348884381
2021-10-28,15:00,sz000002,万 科Ａ,19.6,19.6,19.0,19.13,1041885,2000450304,-0.53,-2.695829094608342
2021-10-29,15:00,sz000002,万 科Ａ,18.96,19.13,18.05,18.21,2446904,4474612224,-0.92,-4.809200209095661
2021-11-01,15:00,sz000002,万 科Ａ,18.17,18.4,17.97,18.19,1088482,1975554560,-0.02,-0.1098297638660076
2021-11-02,15:00,sz000002,万 科Ａ,18.14,18.29,17.52,17.64,1444316,2575924480,-0.55,-3.023639362286971
2021-11-03,15:00,sz000002,万 科Ａ,17.7,18.09,17.56,18.05,917347,1647494272,0.41,2.324263038548753
2021-11-04,15:00,sz000002,万 科Ａ,18.01,18.14,17.73,18.06,681153,1223281152,0.01,0.0554016620498615
2021-11-05,15:00,sz000002,万 科Ａ,18.0,18.0,17.78,17.82,598992,1070050176,-0.24,-1.32890365448505
2021-11-08,15:00,sz000002,万 科Ａ,18.38,18.6,18.13,18.31,1204523,2211029760,0.49,2.749719416386083
2021-11-09,15:00,sz000002,万 科Ａ,18.26,18.31,17.91,18.22,673429,1222203520,-0.09,-0.4915346805024577
2021-11-10,15:00,sz000002,万 科Ａ,18.37,19.01,17.99,18.98,1695567,3153132800,0.76,4.171240395170143
2021-11-11,15:00,sz000002,万 科Ａ,18.95,20.84,18.89,20.79,3151015,6352745984,1.81,9.536354056902002
2021-11-12,15:00,sz000002,万 科Ａ,20.5,20.5,19.41,19.76,2065924,4100076032,-1.03,-4.954304954304954
2021-11-15,15:00,sz000002,万 科Ａ,19.56,19.59,19.12,19.4,959331,1852352384,-0.36,-1.8218623481781373
2021-11-16,15:00,sz000002,万 科Ａ,19.29,19.57,19.21,19.24,593989,1149085952,-0.16,-0.8247422680412372
2021-11-17,15:00,sz000002,万 科Ａ,19.23,19.53,19.09,19.46,623749,1205064320,0.22,1.1434511434511436
2021-11-18,15:00,sz000002,万 科Ａ,19.35,19.4,18.98,19.09,609995,1168010624,-0.37,-1.9013360739979448
2021-11-19,15:00,sz000002,万 科Ａ,19.01,20.28,18.92,19.9,1308293,2570652928,0.81,4.243059193294918
2021-11-22,15:00,sz000002,万 科Ａ,19.9,19.95,19.19,19.22,877584,1697701632,-0.68,-3.4170854271356785
2021-11-23,15:00,sz000002,万 科Ａ,19.19,19.44,19.1,19.24,563435,1083646208,0.02,0.1040582726326743
2021-11-24,15:00,sz000002,万 科Ａ,19.12,19.38,19.0,19.3,827366,1587246208,0.06,0.3118503118503118
2021-11-25,15:00,sz000002,万 科Ａ,19.22,19.35,19.07,19.22,518123,995473920,-0.08,-0.4145077720207253
2021-11-26,15:00,sz000002,万 科Ａ,19.15,19.15,18.95,18.99,504023,959331072,-0.23,-1.1966701352757545
2021-11-29,15:00,sz000002,万 科Ａ,18.75,18.87,18.35,18.46,718595,1334479872,-0.53,-2.790942601369142
2021-11-30,15:00,sz000002,万 科Ａ,18.44,18.66,18.16,18.26,713092,1305310848,-0.2,-1.0834236186348862
2021-12-01,15:00,sz000002,万 科Ａ,18.26,18.64,18.21,18.47,674515,1243807232,0.21,1.1500547645125958
2021-12-02,15:00,sz000002,万 科Ａ,18.4,19.09,18.22,19.03,1017858,1912007680,0.56,3.0319436924742824
2021-12-03,15:00,sz000002,万 科Ａ,19.03,19.35,18.59,19.27,1095329,2086138496,0.24,1.2611665790856543
2021-12-06,15:00,sz000002,万 科Ａ,19.6,20.15,19.46,19.49,1255709,2480574976,0.22,1.1416709911779968
2021-12-07,15:00,sz000002,万 科Ａ,20.15,20.3,19.7,19.94,1522407,3043922688,0.45,2.308876346844536
2021-12-08,15:00,sz000002,万 科Ａ,19.94,19.98,19.5,19.81,924764,1822115968,-0.13,-0.6519558676028084
2021-12-09,15:00,sz000002,万 科Ａ,19.88,20.6,19.87,20.4,1314339,2670445824,0.59,2.978293791014639
2021-12-10,15:00,sz000002,万 科Ａ,20.2,20.44,20.01,20.16,771890,1556669184,-0.24,-1.1764705882352942
2021-12-13,15:00,sz000002,万 科Ａ,20.08,20.54,19.87,19.9,973553,1956861440,-0.26,-1.2896825396825395
2021-12-14,15:00,sz000002,万 科Ａ,19.91,19.95,19.43,19.5,779669,1527933184,-0.4,-2.010050251256281
2021-12-15,15:00,sz000002,万 科Ａ,19.41,19.77,19.4,19.61,536410,1052614976,0.11,0.5641025641025641
2021-12-16,15:00,sz000002,万 科Ａ,19.51,20.09,19.48,19.79,555017,1099032832,0.18,0.9178990311065782
2021-12-17,15:00,sz000002,万 科Ａ,19.79,19.94,19.53,19.53,526782,1035530880,-0.26,-1.3137948458817583
2021-12-20,15:00,sz000002,万 科Ａ,19.51,19.95,19.51,19.56,689598,1360521088,0.03,0.1536098310291858
2021-12-21,15:00,sz000002,万 科Ａ,19.49,20.67,19.44,20.31,1592632,3232649728,0.75,3.834355828220859
2021-12-22,15:00,sz000002,万 科Ａ,20.29,20.33,19.8,19.86,961985,1921112704,-0.45,-2.2156573116691285
2021-12-23,15:00,sz000002,万 科Ａ,19.87,19.99,19.5,19.65,697226,1371590400,-0.21,-1.0574018126888218
2021-12-24,15:00,sz000002,万 科Ａ,19.65,19.73,19.3,19.64,540676,1054677888,-0.01,-0.0508905852417302
2021-12-27,15:00,sz000002,万 科Ａ,19.79,20.14,19.58,19.62,754744,1497295616,-0.02,-0.1018329938900203
2021-12-28,15:00,sz000002,万 科Ａ,19.52,19.77,19.39,19.68,690467,1353124096,0.06,0.3058103975535168
2021-12-29,15:00,sz000002,万 科Ａ,19.65,19.81,19.36,19.38,582144,1135708800,-0.3,-1.524390243902439
2021-12-30,15:00,sz000002,万 科Ａ,19.35,19.43,19.03,19.12,812212,1557113856,-0.26,-1.3415892672858616
2021-12-31,15:00,sz000002,万 科Ａ,19.14,19.97,19.1,19.76,1159186,2275602688,0.64,3.3472803347280333
