日期,时间,代码,名称,开盘,最高,最低,收盘,总手,金额,涨幅,涨幅比
2015-10-09,15:00,sz000676,智度股份,8.98,8.98,8.98,8.98,8854,7951197.5,0.82,10.049019607843135
2015-10-12,15:00,sz000676,智度股份,9.88,9.88,9.88,9.88,887,876909.25,0.9,10.022271714922049
2015-10-13,15:00,sz000676,智度股份,10.87,10.87,10.87,10.87,936,1018062.437,0.99,10.020242914979756
2015-10-14,15:00,sz000676,智度股份,11.96,11.96,11.96,11.96,1643,1965051.875,1.09,10.02759889604416
2015-10-15,15:00,sz000676,智度股份,13.16,13.16,13.16,13.16,5795,7627509.5,1.2,10.033444816053512
2015-10-16,15:00,sz000676,智度股份,14.48,14.48,14.48,14.48,3349,4849873.5,1.32,10.030395136778116
2015-10-19,15:00,sz000676,智度股份,15.93,15.93,15.93,15.93,2763,4402638.0,1.45,10.013812154696131
2015-10-20,15:00,sz000676,智度股份,17.52,17.52,17.52,17.52,6043,10588072.0,1.59,9.981167608286253
2015-10-21,15:00,sz000676,智度股份,19.27,19.27,19.27,19.27,20242,39008128.0,1.75,9.988584474885846
2015-10-22,15:00,sz000676,智度股份,21.2,21.2,21.2,21.2,124081,263052320.0,1.93,10.015568240788792
2015-10-23,15:00,sz000676,智度股份,23.32,23.32,23.32,23.32,11993,27969564.0,2.12,10.0
2015-10-26,15:00,sz000676,智度股份,25.65,25.65,25.65,25.65,46881,120250584.0,2.33,9.991423670668954
2015-10-27,15:00,sz000676,智度股份,25.99,28.22,24.1,28.22,778029,2049081600.0,2.57,10.019493177387917
2015-10-28,15:00,sz000676,智度股份,26.33,27.99,25.4,25.4,498288,1318012928.0,-2.82,-9.992912827781716
2015-10-29,15:00,sz000676,智度股份,25.4,27.94,24.68,27.94,437648,1162826240.0,2.54,10.0
2015-10-30,15:00,sz000676,智度股份,30.0,30.73,29.4,30.73,424252,1287122432.0,2.79,9.985683607730852
2015-11-02,15:00,sz000676,智度股份,27.66,28.92,27.66,27.66,463894,1296594304.0,-3.07,-9.990237552879922
2015-11-03,15:00,sz000676,智度股份,28.3,28.8,25.53,26.1,438707,1187804544.0,-1.56,-5.639913232104121
2015-11-04,15:00,sz000676,智度股份,25.88,27.5,25.65,27.5,340065,908471168.0,1.4,5.363984674329502
2015-11-05,15:00,sz000676,智度股份,26.9,27.4,24.75,25.94,398872,1036737600.0,-1.56,-5.672727272727273
2015-11-06,15:00,sz000676,智度股份,25.71,28.53,25.36,28.53,283560,781438016.0,2.59,9.984579799537393
2015-11-09,15:00,sz000676,智度股份,30.4,30.99,27.8,28.85,425622,1242230144.0,0.32,1.121626358219418
2015-11-10,15:00,sz000676,智度股份,28.5,29.85,27.42,28.22,260017,739457280.0,-0.63,-2.1837088388214907
2015-11-11,15:00,sz000676,智度股份,27.71,30.32,27.48,28.68,333955,966630656.0,0.46,1.630049610205528
2015-11-12,15:00,sz000676,智度股份,28.28,31.55,27.82,31.55,443629,1340893696.0,2.87,10.00697350069735
2015-11-13,15:00,sz000676,智度股份,31.19,34.68,30.65,32.53,490409,1596783232.0,0.98,3.1061806656101427
2015-11-16,15:00,sz000676,智度股份,30.74,31.95,30.5,31.62,272260,848112128.0,-0.91,-2.7974177682139563
2015-11-17,15:00,sz000676,智度股份,31.98,34.5,31.7,32.11,340834,1126011520.0,0.49,1.549652118912081
2015-11-18,15:00,sz000676,智度股份,31.65,35.32,31.63,35.32,418813,1421198720.0,3.21,9.99688570538773
2015-11-19,15:00,sz000676,智度股份,35.22,38.85,33.98,38.84,462052,1683865984.0,3.52,9.966024915062288
2015-11-20,15:00,sz000676,智度股份,38.0,42.72,37.74,42.72,364374,1487277568.0,3.88,9.989701338825952
2015-11-23,15:00,sz000676,智度股份,43.43,46.72,39.3,39.78,498714,2127282176.0,-2.94,-6.882022471910113
2015-11-24,15:00,sz000676,智度股份,40.01,41.35,38.0,39.78,323936,1275053440.0,0.0,0.0
2015-11-25,15:00,sz000676,智度股份,39.33,41.75,38.41,40.08,284426,1144124160.0,0.3,0.7541478129713424
2015-11-26,15:00,sz000676,智度股份,39.75,40.68,38.0,38.53,245043,959898816.0,-1.55,-3.8672654690618766
2015-11-27,15:00,sz000676,智度股份,38.89,39.99,34.8,36.5,260505,997295616.0,-2.03,-5.26862185310148
2015-11-30,15:00,sz000676,智度股份,35.93,37.78,33.77,37.21,250774,912199808.0,0.71,1.9452054794520544
2015-12-01,15:00,sz000676,智度股份,36.8,36.99,34.63,35.53,174913,628641280.0,-1.68,-4.514915345337275
2015-12-02,15:00,sz000676,智度股份,35.28,38.9,35.02,38.09,268341,996761280.0,2.56,7.205178722206586
2015-12-03,15:00,sz000676,智度股份,37.0,38.6,36.61,38.19,199868,747994176.0,0.1,0.2625360987135731
2015-12-04,15:00,sz000676,智度股份,38.05,39.98,37.5,38.75,220233,855146432.0,0.56,1.4663524482848913
2015-12-07,15:00,sz000676,智度股份,38.7,39.89,37.21,39.59,193829,753093376.0,0.84,2.167741935483871
2015-12-08,15:00,sz000676,智度股份,38.99,43.41,38.63,41.4,266949,1094723712.0,1.81,4.571861581207375
2015-12-09,15:00,sz000676,智度股份,40.74,42.46,38.21,38.91,230542,921409472.0,-2.49,-6.0144927536231885
2015-12-10,15:00,sz000676,智度股份,37.8,38.45,35.68,36.16,260196,957543808.0,-2.75,-7.067591878694424
2015-12-11,15:00,sz000676,智度股份,35.52,37.16,34.58,35.15,166722,596731840.0,-1.01,-2.793141592920354
2015-12-14,15:00,sz000676,智度股份,34.03,34.93,32.66,34.53,158520,535133888.0,-0.62,-1.763869132290185
2015-12-15,15:00,sz000676,智度股份,34.6,36.45,34.6,36.35,145210,514963264.0,1.82,5.270779032725167
2015-12-16,15:00,sz000676,智度股份,35.8,36.19,34.83,34.93,170336,603287296.0,-1.42,-3.90646492434663
2015-12-17,15:00,sz000676,智度股份,35.11,36.4,35.11,35.9,183548,657021120.0,0.97,2.7769825365015746
2015-12-18,15:00,sz000676,智度股份,35.5,37.1,35.2,36.25,184514,670650560.0,0.35,0.9749303621169916
2015-12-21,15:00,sz000676,智度股份,36.9,36.9,34.3,34.87,148786,522460768.0,-1.38,-3.806896551724138
2015-12-22,15:00,sz000676,智度股份,34.5,34.85,33.81,34.36,120437,411644224.0,-0.51,-1.46257527960998
2015-12-23,15:00,sz000676,智度股份,34.4,34.6,32.94,33.26,142739,477044640.0,-1.1,-3.2013969732246803
2016-01-04,15:00,sz000676,智度股份,29.93,29.93,29.93,29.93,8891,26610764.0,-3.33,-10.01202645820806
2016-01-05,15:00,sz000676,智度股份,26.94,26.94,26.94,26.94,11568,31164192.0,-2.99,-9.989976612094887
2016-01-06,15:00,sz000676,智度股份,24.8,28.27,24.8,27.25,244055,653250688.0,0.31,1.1507052709725316
2016-01-07,15:00,sz000676,智度股份,26.0,26.33,24.53,24.53,46353,117242264.0,-2.72,-9.981651376146788
2016-01-08,15:00,sz000676,智度股份,24.53,25.9,22.08,24.91,232263,550566080.0,0.38,1.549123522217693
2016-01-11,15:00,sz000676,智度股份,23.6,24.38,22.42,22.42,115209,268000784.0,-2.49,-9.995985547972705
2016-01-12,15:00,sz000676,智度股份,22.53,22.8,20.51,21.24,158699,340188480.0,-1.18,-5.263157894736842
2016-01-13,15:00,sz000676,智度股份,21.5,22.36,20.28,20.31,131894,283389024.0,-0.93,-4.378531073446328
2016-01-14,15:00,sz000676,智度股份,19.5,21.32,19.31,21.09,145751,297624096.0,0.78,3.840472673559823
2016-01-15,15:00,sz000676,智度股份,20.86,22.79,19.97,21.38,227750,486234784.0,0.29,1.375059269796112
2016-01-18,15:00,sz000676,智度股份,20.65,22.88,20.6,22.71,184147,404469920.0,1.33,6.220767072029934
2016-01-19,15:00,sz000676,智度股份,23.0,24.98,22.74,24.98,174276,415712480.0,2.27,9.995596653456628
2016-01-20,15:00,sz000676,智度股份,25.58,27.48,25.01,26.53,267984,706624448.0,1.55,6.204963971176942
2016-01-21,15:00,sz000676,智度股份,25.8,26.53,23.88,23.88,219853,557437952.0,-2.65,-9.98869204673954
2016-01-22,15:00,sz000676,智度股份,24.0,25.0,23.73,24.6,153384,376400640.0,0.72,3.015075376884422
2016-01-25,15:00,sz000676,智度股份,24.42,25.18,24.0,24.2,138543,338605568.0,-0.4,-1.6260162601626018
2016-01-26,15:00,sz000676,智度股份,23.95,23.95,21.78,21.78,125597,282879264.0,-2.42,-10.0
2016-01-27,15:00,sz000676,智度股份,22.38,23.96,20.43,23.96,208173,465598784.0,2.18,10.009182736455465
2016-01-28,15:00,sz000676,智度股份,23.74,24.74,22.8,23.67,194840,465038144.0,-0.29,-1.210350584307179
2016-01-29,15:00,sz000676,智度股份,23.67,24.9,22.5,24.15,155662,372864224.0,0.48,2.027883396704689
2016-02-01,15:00,sz000676,智度股份,23.88,24.8,23.6,24.12,121601,294000224.0,-0.03,-0.124223602484472
2016-02-02,15:00,sz000676,智度股份,24.8,25.64,24.31,25.29,146116,367926720.0,1.17,4.850746268656716
2016-02-03,15:00,sz000676,智度股份,24.68,24.96,24.02,24.5,128627,314643136.0,-0.79,-3.1237643337287464
2016-02-04,15:00,sz000676,智度股份,24.5,25.2,24.3,24.73,120298,297812512.0,0.23,0.9387755102040816
2016-02-05,15:00,sz000676,智度股份,24.45,25.79,24.45,24.85,131945,333100192.0,0.12,0.4852405984634048
2016-02-15,15:00,sz000676,智度股份,23.65,23.99,22.37,23.55,123359,286212416.0,-1.3,-5.23138832997988
2016-02-16,15:00,sz000676,智度股份,23.78,24.9,23.66,24.6,122819,299788064.0,1.05,4.45859872611465
2016-02-17,15:00,sz000676,智度股份,24.66,26.5,23.75,26.5,194464,481579968.0,1.9,7.723577235772358
2016-02-18,15:00,sz000676,智度股份,26.0,28.45,25.9,27.01,251427,684767872.0,0.51,1.924528301886792
2016-02-19,15:00,sz000676,智度股份,26.7,27.19,25.9,26.35,150900,398336416.0,-0.66,-2.4435394298408
2016-02-22,15:00,sz000676,智度股份,26.52,27.49,26.18,26.92,127399,342435392.0,0.57,2.163187855787476
2016-02-23,15:00,sz000676,智度股份,26.79,26.85,25.56,25.95,115198,300864704.0,-0.97,-3.603268945022288
2016-02-24,15:00,sz000676,智度股份,25.91,27.35,25.62,27.2,162597,432562112.0,1.25,4.816955684007708
2016-02-25,15:00,sz000676,智度股份,27.18,27.18,24.48,24.48,147739,379527008.0,-2.72,-10.0
2016-02-26,15:00,sz000676,智度股份,24.1,24.8,22.5,23.42,127413,302059616.0,-1.06,-4.330065359477124
2016-02-29,15:00,sz000676,智度股份,22.97,23.0,21.08,21.08,115372,247407808.0,-2.34,-9.991460290350128
2016-03-01,15:00,sz000676,智度股份,21.11,21.43,19.55,21.08,102828,213004624.0,0.0,0.0
2016-03-02,15:00,sz000676,智度股份,21.15,22.2,20.65,21.99,114075,245245632.0,0.91,4.3168880455407965
2016-03-03,15:00,sz000676,智度股份,22.04,23.0,21.71,21.91,104601,234030512.0,-0.08,-0.3638017280582082
2016-03-04,15:00,sz000676,智度股份,22.53,24.1,22.53,24.1,230260,551642624.0,2.19,9.995435874030123
2016-03-07,15:00,sz000676,智度股份,24.2,25.26,23.63,24.85,227989,555888256.0,0.75,3.112033195020747
2016-03-08,15:00,sz000676,智度股份,24.2,24.3,22.66,23.94,153010,360809152.0,-0.91,-3.661971830985916
2016-03-09,15:00,sz000676,智度股份,22.8,23.69,22.4,22.4,102457,234820368.0,-1.54,-6.432748538011696
2016-03-10,15:00,sz000676,智度股份,22.15,22.97,21.65,21.74,76617,170858288.0,-0.66,-2.946428571428571
2016-03-11,15:00,sz000676,智度股份,22.22,22.86,21.84,22.16,74883,166723776.0,0.42,1.9319227230910765
2016-03-14,15:00,sz000676,智度股份,22.26,23.49,22.26,22.96,103563,237483984.0,0.8,3.610108303249097
2016-03-15,15:00,sz000676,智度股份,22.68,23.95,22.68,22.95,93292,217319376.0,-0.01,-0.0435540069686411
2016-03-16,15:00,sz000676,智度股份,23.36,23.46,21.79,22.08,91373,204644768.0,-0.87,-3.7908496732026142
2016-03-17,15:00,sz000676,智度股份,22.02,22.98,21.85,22.7,98145,220518560.0,0.62,2.807971014492753
2016-03-18,15:00,sz000676,智度股份,22.79,24.97,22.78,24.97,211849,511744576.0,2.27,10.0
2016-03-21,15:00,sz000676,智度股份,25.45,25.45,24.58,25.41,222777,557817920.0,0.44,1.762114537444934
2016-03-22,15:00,sz000676,智度股份,24.9,27.48,24.62,26.5,236058,612233664.0,1.09,4.289649744195199
2016-03-23,15:00,sz000676,智度股份,26.0,26.19,25.53,25.95,135874,351233024.0,-0.55,-2.0754716981132075
2016-03-31,15:00,sz000676,智度股份,28.0,28.55,26.62,28.55,110025,309961376.0,2.6,10.01926782273603
2016-04-01,15:00,sz000676,智度股份,29.8,30.5,27.01,27.68,245354,715133568.0,-0.87,-3.0472854640980733
2016-04-05,15:00,sz000676,智度股份,26.96,28.39,26.0,27.5,163381,442844192.0,-0.18,-0.6502890173410405
2016-04-06,15:00,sz000676,智度股份,27.3,27.35,26.16,26.6,186203,497607584.0,-0.9,-3.272727272727273
2016-04-07,15:00,sz000676,智度股份,26.5,27.5,26.07,26.08,146247,392288896.0,-0.52,-1.954887218045113
2016-04-08,15:00,sz000676,智度股份,25.7,25.7,24.7,25.13,123224,308818880.0,-0.95,-3.642638036809816
2016-04-11,15:00,sz000676,智度股份,25.35,26.19,25.35,25.58,97003,249425760.0,0.45,1.7906884202148827
2016-04-12,15:00,sz000676,智度股份,25.67,25.71,24.66,25.05,88227,220352480.0,-0.53,-2.071931196247068
2016-04-13,15:00,sz000676,智度股份,25.19,25.87,25.17,25.35,108311,277480800.0,0.3,1.1976047904191618
2016-04-14,15:00,sz000676,智度股份,25.25,25.82,25.25,25.54,91100,232094064.0,0.19,0.7495069033530571
2016-04-15,15:00,sz000676,智度股份,25.48,25.74,25.25,25.5,70174,178447680.0,-0.04,-0.1566170712607674
2016-04-18,15:00,sz000676,智度股份,25.4,25.4,24.48,24.61,73216,181013264.0,-0.89,-3.4901960784313726
2016-04-19,15:00,sz000676,智度股份,24.74,25.27,24.61,24.72,54551,135929984.0,0.11,0.4469727752945957
2016-04-20,15:00,sz000676,智度股份,25.3,25.5,22.4,22.81,123248,290788224.0,-1.91,-7.726537216828479
2016-04-21,15:00,sz000676,智度股份,22.59,22.65,21.8,21.83,85475,189578960.0,-0.98,-4.296361245067953
2016-04-22,15:00,sz000676,智度股份,22.0,22.39,21.5,22.19,56622,125096960.0,0.36,1.6491067338524967
2016-04-25,15:00,sz000676,智度股份,22.2,22.2,21.7,21.9,43395,95051384.0,-0.29,-1.3068949977467328
2016-04-26,15:00,sz000676,智度股份,21.93,22.3,21.86,22.18,49467,109257200.0,0.28,1.2785388127853885
2016-04-27,15:00,sz000676,智度股份,22.22,22.56,22.01,22.16,61152,136293104.0,-0.02,-0.0901713255184851
2016-04-28,15:00,sz000676,智度股份,22.27,22.45,21.41,21.94,49922,109255000.0,-0.22,-0.9927797833935018
2016-04-29,15:00,sz000676,智度股份,21.93,22.33,21.63,21.93,42592,93872792.0,-0.01,-0.0455788514129443
2016-05-03,15:00,sz000676,智度股份,21.99,22.5,21.71,22.39,64534,143863712.0,0.46,2.097583219334245
2016-05-04,15:00,sz000676,智度股份,22.39,22.96,22.22,22.59,79110,178787232.0,0.2,0.8932559178204555
2016-05-05,15:00,sz000676,智度股份,22.35,22.85,22.32,22.68,59539,134630672.0,0.09,0.398406374501992
2016-05-06,15:00,sz000676,智度股份,22.75,22.8,21.2,21.23,90551,198758576.0,-1.45,-6.393298059964726
2016-05-09,15:00,sz000676,智度股份,20.89,20.89,19.5,19.65,74399,148981248.0,-1.58,-7.442298634008479
2016-05-10,15:00,sz000676,智度股份,19.65,19.99,19.39,19.65,46199,90832592.0,0.0,0.0
2016-05-11,15:00,sz000676,智度股份,19.8,19.93,19.13,19.15,42196,82119336.0,-0.5,-2.5445292620865136
2016-05-12,15:00,sz000676,智度股份,19.0,19.0,17.68,18.45,72960,132409648.0,-0.7,-3.655352480417754
2016-05-13,15:00,sz000676,智度股份,18.4,18.68,17.87,18.05,45750,83752416.0,-0.4,-2.168021680216802
2016-05-16,15:00,sz000676,智度股份,17.72,18.29,17.7,18.27,52970,95678416.0,0.22,1.218836565096953
2016-05-17,15:00,sz000676,智度股份,18.37,20.1,18.23,20.1,71069,137045728.0,1.83,10.016420361247947
2016-05-18,15:00,sz000676,智度股份,20.18,21.05,19.12,19.44,156148,316247680.0,-0.66,-3.2835820895522385
2016-05-19,15:00,sz000676,智度股份,19.6,19.89,18.88,19.26,102841,199016288.0,-0.18,-0.9259259259259258
2016-05-20,15:00,sz000676,智度股份,18.8,19.02,18.31,19.02,102345,190378624.0,-0.24,-1.2461059190031152
2016-05-23,15:00,sz000676,智度股份,19.08,19.88,19.0,19.24,88963,171825712.0,0.22,1.1566771819137749
2016-05-24,15:00,sz000676,智度股份,19.0,19.09,18.45,18.51,66471,123908288.0,-0.73,-3.7941787941787934
2016-05-25,15:00,sz000676,智度股份,18.82,18.89,18.23,18.42,56617,105285552.0,-0.09,-0.4862236628849271
2016-05-26,15:00,sz000676,智度股份,18.3,18.75,17.91,18.55,53244,97458712.0,0.13,0.7057546145494028
2016-05-27,15:00,sz000676,智度股份,18.65,18.65,18.18,18.28,43724,80360936.0,-0.27,-1.4555256064690028
2016-06-30,15:00,sz000676,智度股份,20.11,20.11,20.11,20.11,7416,14913576.0,1.83,10.0109409190372
2016-07-01,15:00,sz000676,智度股份,21.8,21.8,20.63,20.93,240693,509529120.0,0.82,4.077573346593734
2016-07-04,15:00,sz000676,智度股份,20.58,20.85,20.17,20.74,131232,269711072.0,-0.19,-0.9077878643096036
2016-07-05,15:00,sz000676,智度股份,20.6,21.45,20.4,20.59,118450,246062992.0,-0.15,-0.7232401157184185
2016-07-06,15:00,sz000676,智度股份,20.41,20.41,19.88,20.1,104899,210827872.0,-0.49,-2.379796017484216
2016-07-07,15:00,sz000676,智度股份,20.2,20.29,19.9,20.16,78846,158590752.0,0.06,0.2985074626865672
2016-07-08,15:00,sz000676,智度股份,20.16,20.16,19.75,19.84,63042,125285584.0,-0.32,-1.5873015873015872
2016-07-11,15:00,sz000676,智度股份,19.89,20.08,19.5,19.57,63508,125982800.0,-0.27,-1.3608870967741935
2016-07-12,15:00,sz000676,智度股份,19.69,19.71,18.88,19.4,72091,139104656.0,-0.17,-0.8686765457332651
2016-07-13,15:00,sz000676,智度股份,19.54,20.19,19.38,20.09,96332,191115984.0,0.69,3.556701030927835
2016-07-14,15:00,sz000676,智度股份,20.21,20.21,19.61,19.8,66534,132041912.0,-0.29,-1.443504230960677
2016-07-15,15:00,sz000676,智度股份,20.08,20.26,19.71,19.73,52713,104899880.0,-0.07,-0.3535353535353535
2016-07-18,15:00,sz000676,智度股份,19.61,19.96,19.6,19.66,42503,83894376.0,-0.07,-0.3547896604156108
2016-07-19,15:00,sz000676,智度股份,19.6,19.66,19.21,19.58,49560,96098080.0,-0.08,-0.4069175991861647
2016-07-20,15:00,sz000676,智度股份,19.59,19.86,19.45,19.49,51768,101726032.0,-0.09,-0.459652706843718
2016-07-21,15:00,sz000676,智度股份,19.52,19.66,19.32,19.63,53049,103458248.0,0.14,0.7183170856849667
2016-07-22,15:00,sz000676,智度股份,19.66,19.71,19.3,19.3,42272,82163888.0,-0.33,-1.6811003565970453
2016-07-25,15:00,sz000676,智度股份,19.26,19.69,18.91,19.6,64708,126136008.0,0.3,1.5544041450777202
2016-07-26,15:00,sz000676,智度股份,19.53,19.63,19.36,19.62,56561,110137592.0,0.02,0.1020408163265306
2016-07-27,15:00,sz000676,智度股份,19.6,19.6,17.8,17.99,89486,166289664.0,-1.63,-8.307849133537207
2016-07-28,15:00,sz000676,智度股份,18.0,18.0,17.1,17.28,70798,123964288.0,-0.71,-3.946637020566981
2016-07-29,15:00,sz000676,智度股份,17.35,17.55,17.13,17.22,40870,70678832.0,-0.06,-0.3472222222222222
2016-08-01,15:00,sz000676,智度股份,17.2,17.2,16.26,16.6,46537,77244736.0,-0.62,-3.6004645760743323
2016-08-02,15:00,sz000676,智度股份,16.65,16.95,16.58,16.81,34020,57226644.0,0.21,1.2650602409638554
2016-08-03,15:00,sz000676,智度股份,16.81,18.3,16.52,18.01,61828,105323008.0,1.2,7.138607971445568
2016-08-04,15:00,sz000676,智度股份,17.6,18.39,17.55,17.82,71023,127250072.0,-0.19,-1.0549694614103275
2016-08-05,15:00,sz000676,智度股份,17.9,17.9,17.38,17.42,39100,68666360.0,-0.4,-2.244668911335578
2016-08-08,15:00,sz000676,智度股份,17.49,17.49,16.96,17.25,36524,62614520.0,-0.17,-0.975889781859931
2016-08-09,15:00,sz000676,智度股份,17.29,17.56,17.21,17.49,36367,63360564.0,0.24,1.391304347826087
2016-08-10,15:00,sz000676,智度股份,17.53,17.53,17.26,17.3,32834,57058044.0,-0.19,-1.0863350485991996
2016-08-11,15:00,sz000676,智度股份,17.3,17.3,16.88,16.92,34106,58141076.0,-0.38,-2.1965317919075145
2016-08-12,15:00,sz000676,智度股份,16.8,17.09,16.73,17.01,29924,50818540.0,0.09,0.5319148936170213
2016-08-15,15:00,sz000676,智度股份,17.05,17.95,17.05,17.69,73333,128902152.0,0.68,3.997648442092887
2016-08-16,15:00,sz000676,智度股份,17.95,18.0,17.55,17.69,57311,101687392.0,0.0,0.0
2016-08-17,15:00,sz000676,智度股份,17.51,17.88,17.43,17.7,41883,74015800.0,0.01,0.0565291124929338
2016-08-18,15:00,sz000676,智度股份,17.74,17.87,17.53,17.63,41242,72972944.0,-0.07,-0.3954802259887005
2016-08-19,15:00,sz000676,智度股份,17.68,17.68,17.41,17.48,34736,60885320.0,-0.15,-0.8508224617129893
2016-08-22,15:00,sz000676,智度股份,17.57,18.85,17.5,17.96,98798,179910128.0,0.48,2.745995423340961
2016-08-23,15:00,sz000676,智度股份,17.99,17.99,17.57,17.75,41652,73771064.0,-0.21,-1.1692650334075725
2016-08-24,15:00,sz000676,智度股份,17.77,17.81,17.57,17.73,29399,52038480.0,-0.02,-0.1126760563380281
2016-08-25,15:00,sz000676,智度股份,17.68,17.7,17.12,17.28,48056,83255096.0,-0.45,-2.538071065989848
2016-08-26,15:00,sz000676,智度股份,17.38,17.86,17.37,17.52,44947,79441920.0,0.24,1.3888888888888888
2016-08-29,15:00,sz000676,智度股份,17.58,17.6,17.37,17.46,34371,60071848.0,-0.06,-0.3424657534246575
2016-08-30,15:00,sz000676,智度股份,17.58,17.69,17.41,17.47,24849,43452352.0,0.01,0.0572737686139748
2016-08-31,15:00,sz000676,智度股份,17.52,17.59,17.32,17.43,25732,44878320.0,-0.04,-0.2289639381797366
2016-09-01,15:00,sz000676,智度股份,17.47,17.5,17.18,17.19,34093,59064204.0,-0.24,-1.376936316695353
2016-09-02,15:00,sz000676,智度股份,17.17,17.26,16.92,17.05,33879,57767968.0,-0.14,-0.8144269924374636
2016-09-05,15:00,sz000676,智度股份,17.06,17.28,17.05,17.1,17992,30871440.0,0.05,0.2932551319648094
2016-09-06,15:00,sz000676,智度股份,17.01,17.28,16.9,17.28,31277,53593152.0,0.18,1.0526315789473684
2016-09-07,15:00,sz000676,智度股份,17.33,18.33,17.17,17.81,88908,157638464.0,0.53,3.0671296296296298
2016-09-08,15:00,sz000676,智度股份,17.58,17.95,17.57,17.65,53995,95767712.0,-0.16,-0.8983717012914094
2016-09-09,15:00,sz000676,智度股份,17.56,17.79,17.4,17.43,34024,59939796.0,-0.22,-1.246458923512748
2016-09-12,15:00,sz000676,智度股份,17.08,17.2,16.76,16.79,40671,69204216.0,-0.64,-3.671830177854274
2016-09-13,15:00,sz000676,智度股份,16.85,17.09,16.85,16.93,22509,38132112.0,0.14,0.8338296605122096
2016-09-14,15:00,sz000676,智度股份,16.9,16.99,16.72,16.76,27304,45954648.0,-0.17,-1.004134672179563
2016-09-19,15:00,sz000676,智度股份,16.76,17.08,16.72,16.93,21441,36296864.0,0.17,1.0143198090692125
2016-09-20,15:00,sz000676,智度股份,18.01,18.62,18.01,18.62,57418,106746776.0,1.69,9.982279976373302
2016-09-21,15:00,sz000676,智度股份,19.0,19.78,18.9,19.47,303809,588708928.0,0.85,4.564983888292159
2016-09-22,15:00,sz000676,智度股份,19.15,21.4,18.94,21.07,295789,583049664.0,1.6,8.217770929635336
2016-09-23,15:00,sz000676,智度股份,20.4,22.09,20.3,20.5,353353,743558080.0,-0.57,-2.705268153773137
2016-09-26,15:00,sz000676,智度股份,20.49,21.49,20.15,20.84,258600,541099136.0,0.34,1.6585365853658538
2016-09-27,15:00,sz000676,智度股份,20.8,21.28,19.99,21.26,216020,448301760.0,0.42,2.015355086372361
2016-09-28,15:00,sz000676,智度股份,21.03,22.04,20.67,20.7,232817,496277440.0,-0.56,-2.634054562558796
2016-09-29,15:00,sz000676,智度股份,20.7,22.68,20.65,22.1,357221,778504512.0,1.4,6.763285024154589
2016-09-30,15:00,sz000676,智度股份,21.8,22.08,21.28,21.59,210004,453367584.0,-0.51,-2.307692307692308
2016-10-10,15:00,sz000676,智度股份,21.68,22.0,21.02,21.84,189827,409621888.0,0.25,1.1579434923575729
2016-10-11,15:00,sz000676,智度股份,21.61,22.48,21.33,22.28,222842,485312512.0,0.44,2.0146520146520146
2016-10-12,15:00,sz000676,智度股份,22.0,22.0,21.25,21.25,182818,394497824.0,-1.03,-4.622980251346499
2016-10-13,15:00,sz000676,智度股份,20.99,21.0,20.52,20.73,181020,375839040.0,-0.52,-2.447058823529412
2016-10-14,15:00,sz000676,智度股份,20.9,20.95,20.55,20.93,113093,235248832.0,0.2,0.964785335262904
2016-10-17,15:00,sz000676,智度股份,20.95,20.98,20.08,20.15,138635,283163040.0,-0.78,-3.7267080745341614
2016-10-18,15:00,sz000676,智度股份,20.4,20.58,20.11,20.56,111590,227893664.0,0.41,2.034739454094293
2016-10-19,15:00,sz000676,智度股份,20.59,21.52,20.38,21.32,221657,466410784.0,0.76,3.696498054474709
2016-10-20,15:00,sz000676,智度股份,21.22,21.52,20.73,20.96,142752,300095616.0,-0.36,-1.6885553470919326
2016-10-21,15:00,sz000676,智度股份,20.8,20.94,19.96,20.33,136949,278634048.0,-0.63,-3.0057251908396947
2016-10-24,15:00,sz000676,智度股份,20.18,20.5,20.02,20.4,76308,154925904.0,0.07,0.3443187407771766
2016-10-25,15:00,sz000676,智度股份,20.41,20.54,20.21,20.4,66428,135300176.0,0.0,0.0
2016-10-26,15:00,sz000676,智度股份,20.4,20.6,20.0,20.1,63750,129090576.0,-0.3,-1.4705882352941175
2016-10-27,15:00,sz000676,智度股份,20.1,20.29,19.93,20.27,68467,137750304.0,0.17,0.845771144278607
2016-10-28,15:00,sz000676,智度股份,20.4,20.41,19.28,19.39,108394,214581168.0,-0.88,-4.341391218549581
2016-10-31,15:00,sz000676,智度股份,19.35,19.35,18.75,19.17,69547,132364248.0,-0.22,-1.1346054667354306
2016-11-01,15:00,sz000676,智度股份,19.2,19.56,18.98,19.47,64998,125590656.0,0.3,1.5649452269170578
2016-11-02,15:00,sz000676,智度股份,19.5,19.5,18.93,18.97,70214,134297488.0,-0.5,-2.5680534155110424
2016-11-03,15:00,sz000676,智度股份,18.85,19.45,18.78,19.13,78338,150019024.0,0.16,0.8434370057986295
2016-11-04,15:00,sz000676,智度股份,19.14,19.87,19.1,19.5,112134,219419696.0,0.37,1.934134866701516
2016-11-07,15:00,sz000676,智度股份,19.35,19.48,19.1,19.17,62593,120390008.0,-0.33,-1.6923076923076923
2016-11-08,15:00,sz000676,智度股份,19.28,19.46,19.16,19.32,51339,99006952.0,0.15,0.7824726134585289
2016-11-09,15:00,sz000676,智度股份,19.05,19.23,18.5,18.69,96954,182852656.0,-0.63,-3.260869565217391
2016-11-10,15:00,sz000676,智度股份,18.88,18.98,18.71,18.88,57811,108858400.0,0.19,1.0165864098448367
2016-11-11,15:00,sz000676,智度股份,18.95,19.45,18.85,19.11,78462,150386656.0,0.23,1.2182203389830508
2016-11-14,15:00,sz000676,智度股份,19.25,19.55,19.06,19.46,81731,158406976.0,0.35,1.831501831501832
2016-11-15,15:00,sz000676,智度股份,19.4,19.45,19.08,19.42,65651,126403640.0,-0.04,-0.2055498458376156
2016-11-16,15:00,sz000676,智度股份,19.4,19.86,19.34,19.73,107760,212013712.0,0.31,1.596292481977343
2017-01-24,15:00,sz000676,智度股份,18.25,19.3,18.25,18.58,145203,273234496.0,-1.15,-5.828687278256462
2017-01-25,15:00,sz000676,智度股份,18.06,18.29,17.3,17.4,109599,193332496.0,-1.18,-6.350914962325081
2017-01-26,15:00,sz000676,智度股份,17.17,17.99,17.11,17.57,54619,96366656.0,0.17,0.9770114942528736
2017-02-03,15:00,sz000676,智度股份,17.79,17.79,17.4,17.41,33093,57980036.0,-0.16,-0.910643141718839
2017-02-06,15:00,sz000676,智度股份,17.38,17.65,17.12,17.61,51700,89733104.0,0.2,1.1487650775416427
2017-02-07,15:00,sz000676,智度股份,17.59,17.59,17.34,17.43,41223,71841784.0,-0.18,-1.0221465076660987
2017-02-08,15:00,sz000676,智度股份,17.45,17.55,17.16,17.54,47578,82617600.0,0.11,0.6310958118187034
2017-02-09,15:00,sz000676,智度股份,17.51,17.85,17.43,17.71,56203,99140032.0,0.17,0.9692132269099202
2017-02-10,15:00,sz000676,智度股份,17.8,18.03,17.5,17.53,61957,110042224.0,-0.18,-1.0163749294184077
2017-02-13,15:00,sz000676,智度股份,17.4,17.67,17.2,17.65,49295,85940888.0,0.12,0.6845407872219054
2017-02-14,15:00,sz000676,智度股份,17.63,17.85,17.55,17.69,38694,68476656.0,0.04,0.2266288951841359
2017-02-15,15:00,sz000676,智度股份,17.69,17.73,17.4,17.41,37401,65539080.0,-0.28,-1.582815149802148
2017-02-16,15:00,sz000676,智度股份,17.23,17.49,17.21,17.31,38282,66215176.0,-0.1,-0.5743825387708213
2017-02-17,15:00,sz000676,智度股份,17.35,18.88,17.23,17.8,109979,197797088.0,0.49,2.8307336799537843
2017-02-20,15:00,sz000676,智度股份,17.78,18.49,17.62,18.23,85523,154856256.0,0.43,2.415730337078652
2017-02-21,15:00,sz000676,智度股份,18.17,18.32,18.05,18.23,49711,90294712.0,0.0,0.0
2017-02-22,15:00,sz000676,智度股份,18.22,18.23,18.0,18.06,43550,78717928.0,-0.17,-0.9325287986834888
2017-02-23,15:00,sz000676,智度股份,18.1,18.25,17.85,17.95,46156,82894912.0,-0.11,-0.6090808416389812
2017-02-24,15:00,sz000676,智度股份,17.95,18.48,17.7,18.32,76231,139056544.0,0.37,2.0612813370473537
2017-02-27,15:00,sz000676,智度股份,18.33,18.36,17.91,17.95,45775,82824944.0,-0.37,-2.019650655021834
2017-02-28,15:00,sz000676,智度股份,17.85,18.1,17.85,18.03,25744,46270296.0,0.08,0.4456824512534819
2017-03-01,15:00,sz000676,智度股份,18.06,18.23,17.94,18.11,36987,66802360.0,0.08,0.4437049362174154
2017-03-02,15:00,sz000676,智度股份,18.25,18.25,17.88,17.88,34778,62590100.0,-0.23,-1.2700165654334623
2017-03-03,15:00,sz000676,智度股份,17.78,17.78,17.51,17.54,41909,73639464.0,-0.34,-1.901565995525727
2017-03-06,15:00,sz000676,智度股份,17.52,17.75,17.5,17.73,29429,52051032.0,0.19,1.0832383124287344
2017-03-07,15:00,sz000676,智度股份,17.71,17.79,17.55,17.69,41162,72555648.0,-0.04,-0.2256063169768754
2017-03-08,15:00,sz000676,智度股份,17.66,18.8,17.66,18.5,140736,257994272.0,0.81,4.578858111927644
2017-03-09,15:00,sz000676,智度股份,18.5,18.71,18.1,18.3,81470,149753648.0,-0.2,-1.0810810810810811
2017-03-10,15:00,sz000676,智度股份,18.21,18.42,18.1,18.21,42288,76964992.0,-0.09,-0.4918032786885246
2017-03-13,15:00,sz000676,智度股份,18.18,18.28,17.87,18.22,43187,78296640.0,0.01,0.0549148819330038
2017-03-14,15:00,sz000676,智度股份,18.22,18.29,17.91,17.92,39692,71667648.0,-0.3,-1.646542261251372
2017-03-15,15:00,sz000676,智度股份,17.9,18.04,17.78,17.89,29124,52153380.0,-0.03,-0.1674107142857142
2017-03-16,15:00,sz000676,智度股份,17.78,18.2,17.78,18.11,40434,73137880.0,0.22,1.2297372833985467
2017-03-17,15:00,sz000676,智度股份,18.18,18.2,17.71,17.72,56965,102156968.0,-0.39,-2.1535063500828278
2017-03-20,15:00,sz000676,智度股份,17.69,17.79,17.61,17.76,33111,58582916.0,0.04,0.2257336343115124
2017-03-21,15:00,sz000676,智度股份,17.8,17.82,17.61,17.75,25051,44419912.0,-0.01,-0.0563063063063063
2017-03-22,15:00,sz000676,智度股份,17.62,17.72,17.23,17.31,47707,83236448.0,-0.44,-2.4788732394366195
2017-03-23,15:00,sz000676,智度股份,17.32,17.48,17.02,17.13,46242,79568616.0,-0.18,-1.0398613518197577
2017-03-24,15:00,sz000676,智度股份,17.1,17.21,16.8,17.15,48231,82043352.0,0.02,0.1167542323409223
2017-03-27,15:00,sz000676,智度股份,17.1,17.28,17.01,17.24,31715,54310724.0,0.09,0.5247813411078718
2017-03-28,15:00,sz000676,智度股份,17.21,17.25,16.99,17.0,26363,45102676.0,-0.24,-1.3921113689095126
2017-03-29,15:00,sz000676,智度股份,17.08,17.12,16.55,16.59,36139,60790304.0,-0.41,-2.411764705882353
2017-03-30,15:00,sz000676,智度股份,16.6,16.68,16.03,16.06,46718,76057944.0,-0.53,-3.194695599758891
2017-03-31,15:00,sz000676,智度股份,16.06,16.17,15.58,15.71,41560,66068960.0,-0.35,-2.179327521793275
2017-04-05,15:00,sz000676,智度股份,15.73,17.17,15.73,16.78,66918,110106336.0,1.07,6.810948440483769
2017-04-06,15:00,sz000676,智度股份,16.95,16.95,16.36,16.43,42163,69678480.0,-0.35,-2.0858164481525625
2017-04-07,15:00,sz000676,智度股份,16.47,16.81,16.22,16.5,35820,58932340.0,0.07,0.426049908703591
2017-04-10,15:00,sz000676,智度股份,16.51,16.85,16.51,16.78,39621,65974944.0,0.28,1.6969696969696972
2017-04-11,15:00,sz000676,智度股份,16.85,17.02,16.33,16.94,46865,78222064.0,0.16,0.9535160905840284
2017-04-12,15:00,sz000676,智度股份,17.08,17.09,16.5,16.54,40595,68108048.0,-0.4,-2.361275088547816
2017-04-13,15:00,sz000676,智度股份,16.54,16.91,16.45,16.7,32334,54029492.0,0.16,0.9673518742442564
2017-04-14,15:00,sz000676,智度股份,16.75,16.75,16.24,16.38,29416,48201840.0,-0.32,-1.916167664670659
2017-04-17,15:00,sz000676,智度股份,16.62,16.63,15.83,16.14,32950,53093572.0,-0.24,-1.465201465201465
2017-04-18,15:00,sz000676,智度股份,16.1,16.2,15.8,15.82,22144,35487040.0,-0.32,-1.982651796778191
2017-04-19,15:00,sz000676,智度股份,15.8,15.93,15.42,15.56,28671,44682256.0,-0.26,-1.643489254108723
2017-04-20,15:00,sz000676,智度股份,15.71,15.79,15.48,15.78,25563,40021436.0,0.22,1.4138817480719794
2017-04-21,15:00,sz000676,智度股份,15.78,15.85,15.54,15.68,17043,26755634.0,-0.1,-0.6337135614702154
2017-04-24,15:00,sz000676,智度股份,15.68,15.73,14.77,14.92,30179,45337900.0,-0.76,-4.846938775510204
2017-04-25,15:00,sz000676,智度股份,15.08,15.11,14.81,14.93,19356,29034876.0,0.01,0.067024128686327
2017-04-26,15:00,sz000676,智度股份,15.29,15.29,14.91,14.93,18433,27786038.0,0.0,0.0
2017-04-27,15:00,sz000676,智度股份,14.9,14.9,13.55,14.42,50193,71511376.0,-0.51,-3.415941058271936
2017-04-28,15:00,sz000676,智度股份,14.43,14.89,14.43,14.6,33123,48611424.0,0.18,1.248266296809986
2017-05-02,15:00,sz000676,智度股份,14.6,15.97,14.5,15.37,54633,83774640.0,0.77,5.273972602739726
2017-05-03,15:00,sz000676,智度股份,15.5,15.53,15.11,15.35,32208,49458732.0,-0.02,-0.1301236174365647
2017-05-04,15:00,sz000676,智度股份,15.55,15.88,15.33,15.58,45599,71432968.0,0.23,1.498371335504886
2017-05-05,15:00,sz000676,智度股份,15.47,16.28,15.47,15.92,57762,92234280.0,0.34,2.1822849807445444
2017-05-08,15:00,sz000676,智度股份,15.92,16.62,15.7,16.07,62607,101563928.0,0.15,0.9422110552763818
2017-05-09,15:00,sz000676,智度股份,16.15,16.19,15.61,15.88,35911,57084392.0,-0.19,-1.1823273179838207
2017-05-10,15:00,sz000676,智度股份,16.07,16.07,15.31,15.5,33236,52141460.0,-0.38,-2.392947103274559
2017-05-11,15:00,sz000676,智度股份,15.51,15.51,14.88,15.38,36505,55544708.0,-0.12,-0.7741935483870968
2017-05-12,15:00,sz000676,智度股份,15.45,16.28,15.31,16.22,68003,108876312.0,0.84,5.461638491547465
2017-05-15,15:00,sz000676,智度股份,16.12,16.44,15.93,16.27,42740,68940824.0,0.05,0.3082614056720099
2017-05-16,15:00,sz000676,智度股份,16.23,16.39,15.9,16.33,34154,55292772.0,0.06,0.3687768899815611
2017-05-17,15:00,sz000676,智度股份,16.36,16.68,16.11,16.22,46686,76808560.0,-0.11,-0.6736068585425597
2017-05-18,15:00,sz000676,智度股份,16.35,16.65,16.16,16.18,36249,59303000.0,-0.04,-0.2466091245376079
2017-05-19,15:00,sz000676,智度股份,16.1,16.26,15.83,15.91,25475,40672596.0,-0.27,-1.668726823238566
2017-05-22,15:00,sz000676,智度股份,15.91,16.11,15.47,15.56,22219,35051516.0,-0.35,-2.1998742928975488
2017-05-23,15:00,sz000676,智度股份,15.65,15.7,14.8,14.84,24878,37994888.0,-0.72,-4.627249357326478
2017-05-24,15:00,sz000676,智度股份,14.82,15.35,14.78,15.06,20903,31473524.0,0.22,1.482479784366577
2017-05-25,15:00,sz000676,智度股份,15.15,15.3,14.9,15.2,20466,30988982.0,0.14,0.9296148738379816
2017-05-26,15:00,sz000676,智度股份,15.2,15.47,15.0,15.02,17764,27042602.0,-0.18,-1.1842105263157896
2017-05-31,15:00,sz000676,智度股份,15.36,15.36,14.96,15.01,19812,30059324.0,-0.01,-0.066577896138482
2017-06-01,15:00,sz000676,智度股份,15.0,15.17,14.62,14.71,21957,32776048.0,-0.3,-1.9986675549633577
2017-06-02,15:00,sz000676,智度股份,14.92,14.92,14.4,14.8,23679,34642796.0,0.09,0.6118286879673691
2017-06-05,15:00,sz000676,智度股份,14.9,15.15,14.81,15.1,21280,31901020.0,0.3,2.027027027027027
2017-06-06,15:00,sz000676,智度股份,15.1,15.16,14.97,15.09,15210,22933758.0,-0.01,-0.0662251655629139
2017-06-07,15:00,sz000676,智度股份,15.09,15.45,15.01,15.43,29516,45107612.0,0.34,2.253147779986746
2017-06-08,15:00,sz000676,智度股份,15.43,15.59,15.18,15.28,23768,36509656.0,-0.15,-0.9721322099805572
2017-06-09,15:00,sz000676,智度股份,15.28,15.49,15.07,15.35,26207,40011768.0,0.07,0.4581151832460732
2017-06-12,15:00,sz000676,智度股份,15.29,15.43,15.03,15.05,17097,25975476.0,-0.3,-1.954397394136808
2017-06-13,15:00,sz000676,智度股份,15.06,15.35,14.93,15.2,30272,45853712.0,0.15,0.9966777408637874
2017-06-14,15:00,sz000676,智度股份,15.26,15.3,15.07,15.18,22896,34817996.0,-0.02,-0.131578947368421
2017-06-15,15:00,sz000676,智度股份,15.18,15.46,15.11,15.46,31924,48994716.0,0.28,1.844532279314888
2017-06-16,15:00,sz000676,智度股份,15.41,15.79,15.32,15.49,41393,64578260.0,0.03,0.1940491591203104
2017-06-19,15:00,sz000676,智度股份,15.5,16.39,15.35,16.28,76827,123223448.0,0.79,5.100064557779213
2017-06-20,15:00,sz000676,智度股份,16.08,16.3,15.9,15.98,50591,81427384.0,-0.3,-1.8427518427518428
2017-06-21,15:00,sz000676,智度股份,16.5,16.5,16.01,16.08,54493,88425912.0,0.1,0.6257822277847309
2017-06-22,15:00,sz000676,智度股份,16.05,16.11,15.5,15.5,46651,73481216.0,-0.58,-3.606965174129354
2017-06-23,15:00,sz000676,智度股份,15.57,15.57,15.0,15.25,31817,48693968.0,-0.25,-1.6129032258064515
2017-06-26,15:00,sz000676,智度股份,15.35,15.45,15.14,15.32,28434,43368596.0,0.07,0.4590163934426229
2017-06-27,15:00,sz000676,智度股份,15.32,15.42,15.11,15.25,26213,40095116.0,-0.07,-0.4569190600522193
2017-06-28,15:00,sz000676,智度股份,15.28,15.29,14.84,14.94,34060,51161492.0,-0.31,-2.0327868852459017
2017-06-29,15:00,sz000676,智度股份,15.06,15.1,14.92,14.98,27910,41882944.0,0.04,0.2677376171352075
2017-06-30,15:00,sz000676,智度股份,14.98,15.0,14.89,14.97,23003,34375360.0,-0.01,-0.0667556742323097
2017-07-03,15:00,sz000676,智度股份,15.07,15.42,14.99,15.35,42082,64118228.0,0.38,2.5384101536406143
2017-07-04,15:00,sz000676,智度股份,15.35,15.44,15.12,15.23,27938,42544568.0,-0.12,-0.7817589576547231
2017-07-05,15:00,sz000676,智度股份,15.2,15.33,15.16,15.25,24837,37889564.0,0.02,0.1313197636244254
2017-07-06,15:00,sz000676,智度股份,15.2,15.25,15.05,15.12,29801,45094496.0,-0.13,-0.8524590163934427
2017-07-07,15:00,sz000676,智度股份,15.09,15.18,14.99,15.05,28016,42206284.0,-0.07,-0.4629629629629629
2017-07-10,15:00,sz000676,智度股份,15.01,15.1,14.7,15.1,39579,58933372.0,0.05,0.3322259136212624
2017-07-11,15:00,sz000676,智度股份,15.05,15.05,14.71,14.72,26067,38734436.0,-0.38,-2.5165562913907285
2017-07-12,15:00,sz000676,智度股份,14.77,14.84,14.48,14.61,23545,34395744.0,-0.11,-0.7472826086956522
2017-07-13,15:00,sz000676,智度股份,14.64,14.64,14.46,14.47,20957,30473766.0,-0.14,-0.9582477754962354
2017-07-14,15:00,sz000676,智度股份,14.47,14.52,14.29,14.29,24743,35507652.0,-0.18,-1.243953006219765
2017-07-17,15:00,sz000676,智度股份,14.29,14.45,12.86,13.61,36055,49856488.0,-0.68,-4.758572428271519
2017-07-18,15:00,sz000676,智度股份,13.66,13.77,13.1,13.51,34279,46142496.0,-0.1,-0.7347538574577517
2017-07-19,15:00,sz000676,智度股份,13.59,14.35,13.34,14.03,35702,49394488.0,0.52,3.84900074019245
2017-07-20,15:00,sz000676,智度股份,13.98,14.09,13.82,13.86,23521,32793150.0,-0.17,-1.2116892373485388
2017-07-21,15:00,sz000676,智度股份,13.94,13.94,13.58,13.61,20648,28297708.0,-0.25,-1.803751803751804
2017-07-24,15:00,sz000676,智度股份,13.69,14.02,13.59,13.74,22149,30616946.0,0.13,0.9551800146950772
2017-07-25,15:00,sz000676,智度股份,13.77,13.79,13.55,13.67,15240,20819582.0,-0.07,-0.5094614264919942
2017-07-26,15:00,sz000676,智度股份,13.67,13.71,13.46,13.53,18430,24968128.0,-0.14,-1.024140453547915
2017-07-27,15:00,sz000676,智度股份,13.55,14.01,13.47,13.83,36411,50264196.0,0.3,2.217294900221729
2017-07-28,15:00,sz000676,智度股份,13.9,13.94,13.73,13.86,25072,34691280.0,0.03,0.2169197396963123
2017-07-31,15:00,sz000676,智度股份,13.84,13.96,13.58,13.66,51787,71127112.0,-0.2,-1.443001443001443
2017-08-01,15:00,sz000676,智度股份,13.62,13.68,13.5,13.57,28320,38472324.0,-0.09,-0.6588579795021963
2017-08-02,15:00,sz000676,智度股份,13.58,14.17,13.53,13.81,45078,62278428.0,0.24,1.7686072218128224
2017-08-03,15:00,sz000676,智度股份,13.83,13.95,13.62,13.72,32764,45169428.0,-0.09,-0.6517016654598118
2017-08-04,15:00,sz000676,智度股份,13.72,13.77,13.48,13.49,28244,38405600.0,-0.23,-1.6763848396501455
2017-08-07,15:00,sz000676,智度股份,13.39,13.62,13.39,13.59,34286,46408324.0,0.1,0.7412898443291327
2017-08-08,15:00,sz000676,智度股份,13.59,13.59,13.38,13.42,32980,44291840.0,-0.17,-1.2509197939661516
2017-08-09,15:00,sz000676,智度股份,13.5,13.73,13.4,13.56,35092,47694692.0,0.14,1.0432190760059614
2017-08-10,15:00,sz000676,智度股份,13.61,13.65,13.4,13.44,24945,33713772.0,-0.12,-0.8849557522123894
2017-08-11,15:00,sz000676,智度股份,13.3,13.47,13.16,13.19,24447,32490388.0,-0.25,-1.860119047619048
2017-08-14,15:00,sz000676,智度股份,13.25,13.44,13.25,13.38,20778,27789954.0,0.19,1.4404852160727823
2017-08-15,15:00,sz000676,智度股份,13.42,13.67,13.33,13.66,34154,46126272.0,0.28,2.092675635276532
2017-08-16,15:00,sz000676,智度股份,13.69,13.96,13.56,13.79,51170,70677368.0,0.13,0.951683748169839
2017-08-17,15:00,sz000676,智度股份,13.8,14.17,13.68,13.95,49820,69275032.0,0.16,1.160261058738216
2017-08-18,15:00,sz000676,智度股份,13.8,14.07,13.77,13.82,28919,40225768.0,-0.13,-0.9318996415770612
2017-08-21,15:00,sz000676,智度股份,13.94,13.94,13.76,13.85,19274,26647512.0,0.03,0.2170767004341534
2017-08-22,15:00,sz000676,智度股份,13.89,13.89,13.6,13.64,27642,37850456.0,-0.21,-1.516245487364621
2017-08-23,15:00,sz000676,智度股份,13.7,13.96,13.58,13.8,33295,45964832.0,0.16,1.1730205278592376
2017-08-24,15:00,sz000676,智度股份,13.8,13.95,13.75,13.85,30357,42010920.0,0.05,0.3623188405797101
2017-08-25,15:00,sz000676,智度股份,13.69,14.03,13.69,14.03,43798,60944340.0,0.18,1.2996389891696751
2017-08-28,15:00,sz000676,智度股份,14.03,14.38,13.94,14.24,42593,60461688.0,0.21,1.496792587312901
2017-08-29,15:00,sz000676,智度股份,14.24,14.29,14.04,14.14,36020,50888176.0,-0.1,-0.7022471910112359
2017-08-30,15:00,sz000676,智度股份,14.14,14.26,13.99,14.0,33573,47358336.0,-0.14,-0.99009900990099
2017-08-31,15:00,sz000676,智度股份,14.03,14.03,13.6,13.7,49481,68235296.0,-0.3,-2.142857142857143
2017-09-01,15:00,sz000676,智度股份,13.72,13.85,13.69,13.83,48864,67278520.0,0.13,0.948905109489051
2017-09-04,15:00,sz000676,智度股份,13.83,14.9,13.77,14.63,119755,173376464.0,0.8,5.784526391901663
2017-09-05,15:00,sz000676,智度股份,14.6,14.8,14.41,14.61,63665,92925272.0,-0.02,-0.1367053998632946
2017-09-06,15:00,sz000676,智度股份,14.57,14.69,14.42,14.58,53771,78241200.0,-0.03,-0.2053388090349076
2017-09-07,15:00,sz000676,智度股份,14.54,14.99,14.4,14.4,76684,112738936.0,-0.18,-1.2345679012345678
2017-09-08,15:00,sz000676,智度股份,14.47,14.59,14.15,14.25,53621,76861352.0,-0.15,-1.0416666666666663
2017-09-11,15:00,sz000676,智度股份,14.31,14.4,14.16,14.36,33946,48565740.0,0.11,0.7719298245614036
2017-09-12,15:00,sz000676,智度股份,14.32,14.78,14.32,14.46,65799,95908728.0,0.1,0.6963788300835655
2017-09-13,15:00,sz000676,智度股份,14.38,14.56,14.33,14.44,35521,51265504.0,-0.02,-0.1383125864453665
2017-09-14,15:00,sz000676,智度股份,14.43,14.49,14.1,14.2,46029,65837348.0,-0.24,-1.662049861495845
2017-09-15,15:00,sz000676,智度股份,14.25,14.26,13.98,14.0,41852,58873616.0,-0.2,-1.4084507042253522
2017-09-18,15:00,sz000676,智度股份,14.1,14.23,13.85,14.21,37631,52868016.0,0.21,1.5
2017-09-19,15:00,sz000676,智度股份,14.21,14.23,14.04,14.06,25171,35610976.0,-0.15,-1.0555946516537649
2017-09-20,15:00,sz000676,智度股份,14.14,14.8,14.03,14.52,69019,99534328.0,0.46,3.2716927453769555
2017-09-21,15:00,sz000676,智度股份,14.5,14.65,14.26,14.35,41018,59102948.0,-0.17,-1.1707988980716253
2017-09-22,15:00,sz000676,智度股份,14.35,14.4,14.13,14.36,30305,43195580.0,0.01,0.0696864111498257
2017-09-25,15:00,sz000676,智度股份,14.35,14.35,13.85,13.89,34744,48935340.0,-0.47,-3.272980501392757
2017-09-26,15:00,sz000676,智度股份,13.89,13.98,13.73,13.86,21352,29560168.0,-0.03,-0.2159827213822894
2017-09-27,15:00,sz000676,智度股份,13.86,13.97,13.81,13.85,14894,20705750.0,-0.01,-0.0721500721500721
2017-09-28,15:00,sz000676,智度股份,13.91,13.91,13.7,13.72,24063,33181440.0,-0.13,-0.9386281588447654
2017-09-29,15:00,sz000676,智度股份,13.77,13.85,13.68,13.72,21056,28953200.0,0.0,0.0
2017-10-09,15:00,sz000676,智度股份,13.83,14.1,13.83,14.05,30530,42676716.0,0.33,2.405247813411078
2017-10-10,15:00,sz000676,智度股份,14.07,14.16,13.89,14.13,29020,40695356.0,0.08,0.5693950177935944
2017-10-11,15:00,sz000676,智度股份,14.21,14.34,14.09,14.17,32954,46806088.0,0.04,0.2830856334041047
2017-10-12,15:00,sz000676,智度股份,14.03,14.25,14.02,14.15,25242,35709164.0,-0.02,-0.1411432604093154
2017-10-13,15:00,sz000676,智度股份,14.15,14.21,13.99,14.2,23014,32511752.0,0.05,0.3533568904593639
2017-10-16,15:00,sz000676,智度股份,14.25,14.5,13.86,13.91,48252,68695312.0,-0.29,-2.0422535211267605
2017-10-17,15:00,sz000676,智度股份,13.82,14.05,13.82,13.88,21921,30487688.0,-0.03,-0.2156721782890007
2017-10-18,15:00,sz000676,智度股份,13.94,14.11,13.83,13.92,29298,41041200.0,0.04,0.2881844380403458
2017-10-19,15:00,sz000676,智度股份,13.93,13.95,13.69,13.73,23469,32367194.0,-0.19,-1.3649425287356325
2017-10-20,15:00,sz000676,智度股份,13.83,13.91,13.65,13.85,13578,18765998.0,0.12,0.8739985433357611
2017-10-23,15:00,sz000676,智度股份,13.89,14.5,13.77,14.19,44804,63392864.0,0.34,2.454873646209386
2017-10-24,15:00,sz000676,智度股份,14.0,14.14,13.98,14.08,25693,36141592.0,-0.11,-0.7751937984496124
2017-10-25,15:00,sz000676,智度股份,14.02,14.15,13.89,14.03,20866,29280486.0,-0.05,-0.3551136363636363
2017-10-26,15:00,sz000676,智度股份,14.02,14.1,13.88,14.05,33090,46267048.0,0.02,0.142551674982181
2017-10-27,15:00,sz000676,智度股份,14.05,14.25,14.0,14.09,33901,47918644.0,0.04,0.2846975088967972
2017-10-30,15:00,sz000676,智度股份,14.11,14.27,13.68,14.0,42473,59333528.0,-0.09,-0.63875088715401
2017-10-31,15:00,sz000676,智度股份,14.1,14.62,14.04,14.59,78706,112732840.0,0.59,4.214285714285714
2017-11-01,15:00,sz000676,智度股份,14.42,14.59,14.3,14.49,62603,90393832.0,-0.1,-0.6854009595613434
2017-11-02,15:00,sz000676,智度股份,14.49,14.58,14.2,14.41,45048,64755748.0,-0.08,-0.5521048999309869
2017-11-03,15:00,sz000676,智度股份,14.48,14.97,14.41,14.57,88923,130971032.0,0.16,1.1103400416377516
2017-11-06,15:00,sz000676,智度股份,14.61,14.7,14.25,14.46,58375,84066480.0,-0.11,-0.7549759780370624
2017-11-07,15:00,sz000676,智度股份,14.47,14.52,14.25,14.34,39625,56808960.0,-0.12,-0.8298755186721992
2017-11-08,15:00,sz000676,智度股份,14.41,14.48,14.21,14.25,46425,66692684.0,-0.09,-0.6276150627615062
2017-11-09,15:00,sz000676,智度股份,14.25,14.95,14.16,14.8,105385,154878832.0,0.55,3.8596491228070176
2017-11-10,15:00,sz000676,智度股份,14.87,15.08,14.57,14.76,85150,125606024.0,-0.04,-0.2702702702702703
2017-11-13,15:00,sz000676,智度股份,14.68,14.72,14.49,14.63,58367,85117744.0,-0.13,-0.8807588075880758
2017-11-14,15:00,sz000676,智度股份,14.82,15.33,14.71,14.83,98227,147091968.0,0.2,1.367053998632946
2017-11-15,15:00,sz000676,智度股份,14.88,14.96,14.39,14.45,63686,92912856.0,-0.38,-2.562373567093729
2017-11-16,15:00,sz000676,智度股份,14.44,14.72,14.37,14.46,48307,70241144.0,0.01,0.0692041522491349
2017-11-17,15:00,sz000676,智度股份,14.37,14.37,13.01,13.01,122219,163682032.0,-1.45,-10.027662517289071
2017-11-20,15:00,sz000676,智度股份,12.75,12.75,11.71,12.2,65434,79073160.0,-0.81,-6.22598001537279
2017-11-21,15:00,sz000676,智度股份,12.15,12.38,12.02,12.22,39345,47964196.0,0.02,0.1639344262295081
2017-11-22,15:00,sz000676,智度股份,12.22,12.22,11.92,11.95,37465,45011888.0,-0.27,-2.20949263502455
2017-11-23,15:00,sz000676,智度股份,11.86,11.95,11.41,11.43,38732,45345900.0,-0.52,-4.351464435146443
2017-11-24,15:00,sz000676,智度股份,11.45,11.98,11.45,11.75,35619,41809500.0,0.32,2.799650043744532
2017-11-27,15:00,sz000676,智度股份,11.65,11.67,11.43,11.49,21960,25334746.0,-0.26,-2.2127659574468086
2017-11-28,15:00,sz000676,智度股份,11.49,11.65,11.4,11.58,22153,25543904.0,0.09,0.7832898172323759
2017-11-29,15:00,sz000676,智度股份,11.6,11.65,11.35,11.48,21135,24178062.0,-0.1,-0.8635578583765112
2017-11-30,15:00,sz000676,智度股份,11.48,11.58,11.39,11.4,16431,18801036.0,-0.08,-0.6968641114982579
2017-12-01,15:00,sz000676,智度股份,11.4,11.64,11.4,11.6,22976,26550100.0,0.2,1.7543859649122806
2017-12-04,15:00,sz000676,智度股份,11.6,11.67,11.52,11.63,17605,20431234.0,0.03,0.2586206896551724
2017-12-05,15:00,sz000676,智度股份,11.55,11.66,10.55,10.84,45353,50401024.0,-0.79,-6.7927773000859855
2017-12-06,15:00,sz000676,智度股份,10.95,11.25,10.9,11.17,29682,32955422.0,0.33,3.044280442804428
2017-12-07,15:00,sz000676,智度股份,11.14,11.47,11.12,11.25,25003,28353640.0,0.08,0.7162041181736795
2017-12-08,15:00,sz000676,智度股份,11.49,11.62,11.36,11.51,26735,30788004.0,0.26,2.311111111111111
2017-12-11,15:00,sz000676,智度股份,11.39,11.66,11.39,11.61,24816,28615124.0,0.1,0.8688097306689836
2017-12-12,15:00,sz000676,智度股份,11.77,11.78,11.45,11.52,26516,30771168.0,-0.09,-0.7751937984496124
2017-12-13,15:00,sz000676,智度股份,11.52,11.58,11.38,11.52,14856,17077410.0,0.0,0.0
2017-12-14,15:00,sz000676,智度股份,11.54,11.54,11.31,11.38,14689,16746655.0,-0.14,-1.215277777777778
2017-12-15,15:00,sz000676,智度股份,11.37,11.55,11.21,11.26,21839,24804608.0,-0.12,-1.054481546572935
2017-12-18,15:00,sz000676,智度股份,11.35,11.49,11.2,11.37,17816,20231142.0,0.11,0.9769094138543518
2017-12-19,15:00,sz000676,智度股份,11.44,11.95,11.39,11.84,51561,60492228.0,0.47,4.133685136323659
2017-12-20,15:00,sz000676,智度股份,11.84,11.84,11.52,11.57,27542,32079896.0,-0.27,-2.2804054054054053
2017-12-21,15:00,sz000676,智度股份,11.61,11.61,11.3,11.44,27064,30955302.0,-0.13,-1.1235955056179776
2017-12-22,15:00,sz000676,智度股份,11.46,11.46,11.3,11.33,16853,19131826.0,-0.11,-0.9615384615384616
2017-12-25,15:00,sz000676,智度股份,11.33,11.45,10.98,11.01,20141,22391360.0,-0.32,-2.824360105913504
2017-12-26,15:00,sz000676,智度股份,11.08,11.12,10.88,11.12,14733,16227525.0,0.11,0.9990917347865576
2017-12-27,15:00,sz000676,智度股份,11.12,11.17,11.03,11.04,16901,18724092.0,-0.08,-0.7194244604316548
2017-12-28,15:00,sz000676,智度股份,10.93,11.12,10.92,10.99,17273,19058590.0,-0.05,-0.4528985507246377
2017-12-29,15:00,sz000676,智度股份,10.97,11.12,10.93,11.12,15773,17448624.0,0.13,1.1828935395814375
2018-01-02,15:00,sz000676,智度股份,11.17,11.29,11.12,11.2,18369,20542230.0,0.08,0.7194244604316548
2018-01-03,15:00,sz000676,智度股份,11.21,11.4,11.16,11.37,27527,31042346.0,0.17,1.5178571428571428
2018-01-04,15:00,sz000676,智度股份,11.46,11.8,11.43,11.53,45748,53235964.0,0.16,1.4072119613016711
2018-01-05,15:00,sz000676,智度股份,11.58,11.58,11.4,11.45,21454,24603970.0,-0.08,-0.6938421509106678
2018-01-08,15:00,sz000676,智度股份,11.46,11.46,11.2,11.36,18826,21258490.0,-0.09,-0.7860262008733625
2018-01-09,15:00,sz000676,智度股份,11.5,11.5,11.29,11.39,18382,20904722.0,0.03,0.2640845070422535
2018-01-10,15:00,sz000676,智度股份,11.35,11.4,11.13,11.15,28328,31914978.0,-0.24,-2.1071115013169446
2018-01-11,15:00,sz000676,智度股份,11.23,11.54,11.07,11.49,32832,37309528.0,0.34,3.0493273542600896
2018-01-12,15:00,sz000676,智度股份,11.49,11.55,11.28,11.3,21294,24238018.0,-0.19,-1.6536118363794603
2018-01-15,15:00,sz000676,智度股份,11.33,11.33,10.97,10.99,22045,24479396.0,-0.31,-2.743362831858407
2018-01-16,15:00,sz000676,智度股份,10.89,11.2,10.88,11.1,21491,23732080.0,0.11,1.0009099181073704
2018-01-17,15:00,sz000676,智度股份,11.11,11.11,10.73,10.95,22415,24392996.0,-0.15,-1.351351351351351
2018-01-18,15:00,sz000676,智度股份,10.95,11.09,10.71,10.79,23378,25450566.0,-0.16,-1.461187214611872
2018-01-19,15:00,sz000676,智度股份,10.82,10.86,10.7,10.71,18434,19885944.0,-0.08,-0.7414272474513438
2018-01-22,15:00,sz000676,智度股份,10.67,11.07,10.62,10.99,33528,36396996.0,0.28,2.6143790849673203
2018-01-23,15:00,sz000676,智度股份,10.87,11.05,10.86,11.03,20092,22060060.0,0.04,0.3639672429481347
2018-01-24,15:00,sz000676,智度股份,11.03,11.32,10.8,11.29,42643,47435432.0,0.26,2.357207615593835
2018-01-25,15:00,sz000676,智度股份,11.29,11.48,11.18,11.18,27439,31018988.0,-0.11,-0.974313551815766
2018-01-26,15:00,sz000676,智度股份,11.15,11.39,11.1,11.37,27124,30637146.0,0.19,1.699463327370304
2018-01-29,15:00,sz000676,智度股份,11.4,11.49,11.1,11.11,23925,26950028.0,-0.26,-2.2867194371152157
2018-01-30,15:00,sz000676,智度股份,11.12,11.75,11.11,11.73,63217,72702896.0,0.62,5.5805580558055805
2018-01-31,15:00,sz000676,智度股份,11.68,12.78,11.61,12.21,150686,183597856.0,0.48,4.092071611253197
2018-02-01,15:00,sz000676,智度股份,11.91,12.25,11.5,11.7,90288,107301072.0,-0.51,-4.176904176904177
2018-02-02,15:00,sz000676,智度股份,11.73,12.33,11.2,12.1,70095,83422192.0,0.4,3.418803418803419
2018-02-05,15:00,sz000676,智度股份,11.91,11.91,11.58,11.78,47619,55969124.0,-0.32,-2.644628099173554
2018-02-06,15:00,sz000676,智度股份,11.42,11.69,11.03,11.1,56192,63683136.0,-0.68,-5.772495755517826
2018-02-07,15:00,sz000676,智度股份,11.36,11.43,10.04,10.6,54462,58813096.0,-0.5,-4.504504504504505
2018-02-08,15:00,sz000676,智度股份,10.6,10.78,10.44,10.59,31132,33045834.0,-0.01,-0.0943396226415094
2018-02-09,15:00,sz000676,智度股份,10.25,10.42,10.02,10.08,38600,39374660.0,-0.51,-4.815864022662889
2018-02-12,15:00,sz000676,智度股份,10.1,10.37,10.02,10.27,27564,28188646.0,0.19,1.8849206349206349
2018-02-13,15:00,sz000676,智度股份,10.36,10.44,10.13,10.13,20163,20711388.0,-0.14,-1.3631937682570594
2018-02-14,15:00,sz000676,智度股份,10.23,10.23,10.07,10.13,11207,11372471.0,0.0,0.0
2018-02-22,15:00,sz000676,智度股份,10.22,10.45,10.18,10.34,16356,16896168.0,0.21,2.073050345508391
2018-02-23,15:00,sz000676,智度股份,10.31,10.61,10.26,10.43,24444,25569126.0,0.09,0.8704061895551257
2018-02-26,15:00,sz000676,智度股份,10.46,10.93,10.4,10.93,38080,40610352.0,0.5,4.793863854266539
2018-02-27,15:00,sz000676,智度股份,10.93,11.35,10.83,11.02,46004,51201444.0,0.09,0.8234217749313815
2018-02-28,15:00,sz000676,智度股份,10.85,11.54,10.85,11.41,52196,59345872.0,0.39,3.539019963702359
2018-03-01,15:00,sz000676,智度股份,11.3,11.57,11.29,11.48,35302,40376420.0,0.07,0.6134969325153374
2018-03-02,15:00,sz000676,智度股份,11.45,11.74,11.26,11.32,32450,37139236.0,-0.16,-1.3937282229965158
2018-03-05,15:00,sz000676,智度股份,11.65,11.67,11.39,11.55,29620,34211212.0,0.23,2.0318021201413425
2018-03-06,15:00,sz000676,智度股份,11.65,11.78,11.46,11.5,36504,42502396.0,-0.05,-0.4329004329004329
2018-03-07,15:00,sz000676,智度股份,11.4,11.75,11.4,11.5,34354,39765316.0,0.0,0.0
2018-03-08,15:00,sz000676,智度股份,11.5,11.93,11.5,11.74,39174,45928556.0,0.24,2.086956521739131
2018-03-09,15:00,sz000676,智度股份,11.73,12.23,11.7,12.16,54718,65742144.0,0.42,3.577512776831346
2018-03-12,15:00,sz000676,智度股份,12.17,12.43,12.06,12.13,55137,67491816.0,-0.03,-0.2467105263157894
2018-03-13,15:00,sz000676,智度股份,12.09,12.27,11.92,12.07,36316,43867100.0,-0.06,-0.4946413849958779
2018-03-14,15:00,sz000676,智度股份,12.08,12.08,11.74,11.76,29032,34471064.0,-0.31,-2.568351284175642
2018-03-15,15:00,sz000676,智度股份,11.7,11.9,11.58,11.86,26267,30895034.0,0.1,0.8503401360544218
2018-03-16,15:00,sz000676,智度股份,11.79,12.69,11.78,12.25,54848,66628068.0,0.39,3.288364249578415
2018-03-19,15:00,sz000676,智度股份,12.4,12.86,12.16,12.62,113372,142226144.0,0.37,3.0204081632653064
2018-03-20,15:00,sz000676,智度股份,12.43,12.48,12.16,12.37,55994,69011256.0,-0.25,-1.9809825673534072
2018-03-21,15:00,sz000676,智度股份,12.32,12.64,12.1,12.1,59664,74239704.0,-0.27,-2.1827000808407435
2018-03-22,15:00,sz000676,智度股份,12.0,12.29,11.8,11.93,43960,52877392.0,-0.17,-1.4049586776859504
2018-03-23,15:00,sz000676,智度股份,11.49,11.52,10.85,11.03,69965,78107416.0,-0.9,-7.544006705783738
2018-03-26,15:00,sz000676,智度股份,10.73,11.19,10.63,11.17,39249,43048476.0,0.14,1.2692656391659112
2018-03-27,15:00,sz000676,智度股份,11.28,11.66,11.27,11.47,52134,59767032.0,0.3,2.685765443151298
2018-03-28,15:00,sz000676,智度股份,11.25,11.57,11.1,11.45,31909,36469044.0,-0.02,-0.1743679163034001
2018-03-29,15:00,sz000676,智度股份,11.51,11.7,11.39,11.7,30832,35521244.0,0.25,2.1834061135371177
2018-03-30,15:00,sz000676,智度股份,11.65,12.03,11.57,12.03,53911,63502528.0,0.33,2.8205128205128207
2018-04-02,15:00,sz000676,智度股份,12.2,12.69,12.09,12.4,74375,92057208.0,0.37,3.0756442227763925
2018-04-03,15:00,sz000676,智度股份,12.12,12.22,11.87,11.91,45796,55002028.0,-0.49,-3.951612903225806
2018-04-04,15:00,sz000676,智度股份,12.0,13.1,11.91,13.1,124487,159225248.0,1.19,9.991603694374476
2018-04-09,15:00,sz000676,智度股份,13.3,14.41,13.3,14.1,241881,338866752.0,1.0,7.633587786259542
2018-04-10,15:00,sz000676,智度股份,13.8,15.0,13.73,14.31,189636,271087840.0,0.21,1.4893617021276595
2018-04-11,15:00,sz000676,智度股份,14.12,14.49,13.8,14.03,112234,158104320.0,-0.28,-1.9566736547868624
2018-04-12,15:00,sz000676,智度股份,14.12,14.85,14.02,14.33,118447,171763952.0,0.3,2.138275124732716
2018-04-13,15:00,sz000676,智度股份,14.3,14.99,14.18,14.86,118177,173546864.0,0.53,3.6985345429169576
2018-04-16,15:00,sz000676,智度股份,14.81,16.35,14.61,16.35,225719,357822976.0,1.49,10.026917900403769
2018-04-17,15:00,sz000676,智度股份,16.92,17.6,15.5,15.72,192346,315638880.0,-0.63,-3.853211009174312
2018-04-18,15:00,sz000676,智度股份,15.93,16.1,14.8,15.89,168605,259741024.0,0.17,1.0814249363867685
2018-04-19,15:00,sz000676,智度股份,15.42,15.8,15.16,15.42,118597,183177072.0,-0.47,-2.9578351164254246
2018-04-20,15:00,sz000676,智度股份,15.33,15.37,14.15,14.22,121142,177481136.0,-1.2,-7.782101167315175
2018-04-23,15:00,sz000676,智度股份,14.37,14.72,14.23,14.53,75358,109055232.0,0.31,2.180028129395218
2018-04-24,15:00,sz000676,智度股份,14.64,15.26,14.55,15.1,81478,121837624.0,0.57,3.922918100481762
2018-04-25,15:00,sz000676,智度股份,14.94,15.04,14.38,14.74,84543,124362888.0,-0.36,-2.384105960264901
2018-04-26,15:00,sz000676,智度股份,14.7,15.06,14.42,14.42,71404,105719000.0,-0.32,-2.170963364993216
2018-04-27,15:00,sz000676,智度股份,14.75,15.1,14.23,14.84,75931,112402448.0,0.42,2.912621359223301
2018-05-02,15:00,sz000676,智度股份,14.77,15.03,14.2,14.6,70398,102700168.0,-0.24,-1.6172506738544474
2018-05-03,15:00,sz000676,智度股份,14.49,14.5,13.73,14.17,77460,108865792.0,-0.43,-2.945205479452055
2018-05-04,15:00,sz000676,智度股份,14.29,14.36,14.0,14.06,38497,54619632.0,-0.11,-0.776287932251235
2018-05-07,15:00,sz000676,智度股份,13.96,15.07,13.96,14.8,79163,116165536.0,0.74,5.263157894736842
2018-05-08,15:00,sz000676,智度股份,14.83,14.94,14.51,14.64,52009,76148344.0,-0.16,-1.0810810810810811
2018-05-09,15:00,sz000676,智度股份,14.49,14.73,14.28,14.66,47899,69253208.0,0.02,0.1366120218579235
2018-05-10,15:00,sz000676,智度股份,14.76,14.95,14.38,14.46,66004,96613976.0,-0.2,-1.364256480218281
2018-05-11,15:00,sz000676,智度股份,14.43,14.65,14.11,14.15,37869,54356336.0,-0.31,-2.143845089903181
2018-05-14,15:00,sz000676,智度股份,14.14,14.3,13.48,13.8,67587,93786608.0,-0.35,-2.4734982332155475
2018-05-15,15:00,sz000676,智度股份,13.75,14.04,13.64,13.97,73021,101571144.0,0.17,1.2318840579710146
2018-05-16,15:00,sz000676,智度股份,13.87,14.06,13.63,13.63,46684,64817584.0,-0.34,-2.433786685755189
2018-05-17,15:00,sz000676,智度股份,13.63,13.95,13.63,13.81,67027,92652440.0,0.18,1.3206162876008805
2018-05-18,15:00,sz000676,智度股份,13.92,13.94,13.44,13.49,66573,90941456.0,-0.32,-2.3171614771904414
2018-05-21,15:00,sz000676,智度股份,13.61,14.84,13.61,14.84,114688,164637776.0,1.35,10.007412898443292
2018-05-22,15:00,sz000676,智度股份,15.3,16.07,14.93,15.1,247192,379164512.0,0.26,1.7520215633423182
2018-05-23,15:00,sz000676,智度股份,14.95,15.0,14.31,14.35,123681,181089200.0,-0.75,-4.966887417218543
2018-05-24,15:00,sz000676,智度股份,14.5,14.74,14.35,14.57,82041,119631880.0,0.22,1.5331010452961673
2018-05-25,15:00,sz000676,智度股份,14.41,14.5,13.91,14.0,78244,110340920.0,-0.57,-3.912148249828414
2018-05-28,15:00,sz000676,智度股份,14.05,14.1,13.62,13.92,59143,82010552.0,-0.08,-0.5714285714285714
2018-05-29,15:00,sz000676,智度股份,13.89,14.16,13.78,13.97,52115,72919536.0,0.05,0.3591954022988505
2018-05-30,15:00,sz000676,智度股份,13.64,13.88,12.57,12.72,85600,113603032.0,-1.25,-8.94774516821761
2018-05-31,15:00,sz000676,智度股份,12.87,12.98,12.43,12.81,58489,74687584.0,0.09,0.7075471698113208
2018-06-01,15:00,sz000676,智度股份,12.7,12.95,12.42,12.6,33333,42172552.0,-0.21,-1.639344262295082
2018-06-04,15:00,sz000676,智度股份,12.57,12.95,12.57,12.77,33526,43061716.0,0.17,1.3492063492063493
2018-06-05,15:00,sz000676,智度股份,12.78,13.41,12.78,13.36,62101,82005616.0,0.59,4.620203602192639
2018-06-06,15:00,sz000676,智度股份,13.45,13.71,13.0,13.39,49615,66495676.0,0.03,0.2245508982035928
2018-06-07,15:00,sz000676,智度股份,13.39,13.71,13.39,13.55,48234,65524428.0,0.16,1.194921583271098
2018-06-08,15:00,sz000676,智度股份,13.42,13.65,13.24,13.5,41928,56364820.0,-0.05,-0.3690036900369003
2018-06-11,15:00,sz000676,智度股份,13.39,13.48,13.02,13.35,41481,54886072.0,-0.15,-1.1111111111111112
2018-06-12,15:00,sz000676,智度股份,13.37,13.58,13.08,13.54,33307,44529120.0,0.19,1.4232209737827717
2018-06-13,15:00,sz000676,智度股份,13.45,14.09,13.36,13.53,77239,106583304.0,-0.01,-0.0738552437223042
2018-06-14,15:00,sz000676,智度股份,13.36,13.92,13.03,13.79,59020,80228120.0,0.26,1.9216555801921655
2018-06-15,15:00,sz000676,智度股份,13.76,13.89,13.3,13.3,64792,88287688.0,-0.49,-3.5532994923857872
2018-06-19,15:00,sz000676,智度股份,12.92,12.92,11.97,11.97,64883,80397840.0,-1.33,-10.0
2018-06-20,15:00,sz000676,智度股份,11.76,12.19,11.48,12.0,67178,79963664.0,0.03,0.2506265664160401
2018-06-21,15:00,sz000676,智度股份,11.92,12.03,11.32,11.34,43319,50652360.0,-0.66,-5.5
2018-06-22,15:00,sz000676,智度股份,11.06,11.7,11.06,11.57,39511,45630056.0,0.23,2.0282186948853616
2018-06-25,15:00,sz000676,智度股份,11.7,11.92,11.58,11.64,35986,42229116.0,0.07,0.6050129645635264
2018-06-26,15:00,sz000676,智度股份,11.4,12.2,11.21,11.95,42593,50649332.0,0.31,2.663230240549828
2018-06-27,15:00,sz000676,智度股份,11.99,12.3,11.91,12.04,24603,29699126.0,0.09,0.7531380753138075
2018-06-28,15:00,sz000676,智度股份,12.01,12.16,11.73,11.93,26215,31279128.0,-0.11,-0.913621262458472
2018-06-29,15:00,sz000676,智度股份,11.72,12.52,11.72,12.38,47646,58040984.0,0.45,3.772003352891869
2018-07-02,15:00,sz000676,智度股份,12.39,12.43,11.72,11.9,44277,53408308.0,-0.48,-3.877221324717286
2018-07-03,15:00,sz000676,智度股份,11.88,12.34,11.8,12.25,48143,58384764.0,0.35,2.941176470588235
2018-07-04,15:00,sz000676,智度股份,12.19,12.38,11.91,12.04,34799,42419460.0,-0.21,-1.7142857142857144
2018-07-05,15:00,sz000676,智度股份,12.03,12.53,12.0,12.07,68725,84451112.0,0.03,0.2491694352159468
2018-07-06,15:00,sz000676,智度股份,12.16,12.18,11.33,11.72,62468,73422408.0,-0.35,-2.899751449875725
2018-07-09,15:00,sz000676,智度股份,10.66,11.0,10.55,10.55,120346,127813720.0,-1.17,-9.982935153583618
2018-07-10,15:00,sz000676,智度股份,10.28,10.63,10.18,10.51,95486,99706688.0,-0.04,-0.3791469194312796
2018-07-11,15:00,sz000676,智度股份,10.4,10.44,10.02,10.35,63054,64531544.0,-0.16,-1.5223596574690772
2018-07-12,15:00,sz000676,智度股份,10.36,10.74,10.3,10.67,74644,78857048.0,0.32,3.0917874396135265
2018-07-13,15:00,sz000676,智度股份,10.66,10.92,10.6,10.88,50132,53993020.0,0.21,1.9681349578256797
2018-07-16,15:00,sz000676,智度股份,11.9,11.97,11.2,11.97,97403,113447464.0,1.09,10.018382352941178
2018-07-17,15:00,sz000676,智度股份,12.24,12.77,12.14,12.18,137004,170277728.0,0.21,1.7543859649122806
2018-07-18,15:00,sz000676,智度股份,12.28,12.61,11.93,12.47,103606,127247808.0,0.29,2.380952380952381
2018-07-19,15:00,sz000676,智度股份,12.35,12.4,11.92,11.95,63773,77232816.0,-0.52,-4.170008019246191
2018-07-20,15:00,sz000676,智度股份,11.95,12.09,11.73,11.97,52730,62735352.0,0.02,0.1673640167364016
2018-07-23,15:00,sz000676,智度股份,11.81,12.25,11.81,12.02,48975,58891824.0,0.05,0.4177109440267335
2018-07-24,15:00,sz000676,智度股份,12.05,12.23,11.92,12.14,52814,63998288.0,0.12,0.9983361064891848
2018-07-25,15:00,sz000676,智度股份,12.15,12.84,12.15,12.63,95141,119361920.0,0.49,4.036243822075782
2018-07-26,15:00,sz000676,智度股份,12.32,12.58,12.14,12.48,64542,79556672.0,-0.15,-1.187648456057007
2018-07-27,15:00,sz000676,智度股份,12.25,12.42,12.0,12.0,36149,44173172.0,-0.48,-3.8461538461538463
2018-07-30,15:00,sz000676,智度股份,12.02,12.15,11.29,11.57,52567,61473992.0,-0.43,-3.583333333333333
2018-07-31,15:00,sz000676,智度股份,11.5,11.88,11.44,11.58,43196,50269356.0,0.01,0.0864304235090751
2018-08-01,15:00,sz000676,智度股份,11.6,11.84,11.51,11.55,40713,47629044.0,-0.03,-0.2590673575129534
2018-08-02,15:00,sz000676,智度股份,11.69,12.47,11.5,11.96,94494,112589128.0,0.41,3.54978354978355
2018-08-03,15:00,sz000676,智度股份,11.75,11.78,11.06,11.34,69340,79641576.0,-0.62,-5.183946488294314
2018-08-06,15:00,sz000676,智度股份,11.15,11.44,10.85,11.0,44121,49090064.0,-0.34,-2.9982363315696645
2018-08-07,15:00,sz000676,智度股份,10.98,12.1,10.97,11.73,85670,99604904.0,0.73,6.636363636363636
2018-08-08,15:00,sz000676,智度股份,11.59,11.74,11.11,11.2,63353,72432648.0,-0.53,-4.518329070758739
2018-08-09,15:00,sz000676,智度股份,11.23,11.68,11.16,11.59,53562,61655964.0,0.39,3.482142857142857
2018-08-10,15:00,sz000676,智度股份,11.77,12.11,11.63,11.87,57217,67809608.0,0.28,2.4158757549611733
2018-08-13,15:00,sz000676,智度股份,11.63,12.16,11.54,12.09,67411,80411456.0,0.22,1.8534119629317607
2018-08-14,15:00,sz000676,智度股份,12.05,12.26,11.91,12.12,57590,69616328.0,0.03,0.2481389578163771
2018-08-15,15:00,sz000676,智度股份,12.34,12.47,11.71,11.88,77959,94435440.0,-0.24,-1.98019801980198
2018-08-16,15:00,sz000676,智度股份,11.65,11.89,11.39,11.58,59458,69420016.0,-0.3,-2.525252525252525
2018-08-17,15:00,sz000676,智度股份,11.73,11.86,11.43,11.56,48599,56436904.0,-0.02,-0.1727115716753022
2018-08-20,15:00,sz000676,智度股份,11.59,11.86,11.3,11.85,44110,51250448.0,0.29,2.508650519031142
2018-08-21,15:00,sz000676,智度股份,11.78,12.19,11.73,12.06,50787,60997488.0,0.21,1.7721518987341771
2018-08-22,15:00,sz000676,智度股份,12.0,12.4,11.95,12.09,74628,90744784.0,0.03,0.2487562189054726
2018-08-23,15:00,sz000676,智度股份,11.9,12.28,11.78,11.96,79136,94980024.0,-0.13,-1.0752688172043012
2018-08-24,15:00,sz000676,智度股份,11.97,12.34,11.85,12.08,64357,78094928.0,0.12,1.0033444816053512
2018-08-27,15:00,sz000676,智度股份,12.12,12.53,12.01,12.5,87337,107635808.0,0.42,3.47682119205298
2018-08-28,15:00,sz000676,智度股份,12.44,12.55,12.22,12.36,63297,78364032.0,-0.14,-1.12
2018-08-29,15:00,sz000676,智度股份,12.19,12.27,12.04,12.15,43184,52446072.0,-0.21,-1.699029126213592
2018-08-30,15:00,sz000676,智度股份,12.15,12.25,11.81,11.82,47652,57071476.0,-0.33,-2.716049382716049
2018-08-31,15:00,sz000676,智度股份,11.78,11.97,11.71,11.71,33587,39722944.0,-0.11,-0.9306260575296108
2018-09-03,15:00,sz000676,智度股份,11.61,11.65,11.2,11.42,49756,56518008.0,-0.29,-2.4765157984628523
2018-09-04,15:00,sz000676,智度股份,11.41,12.06,11.41,12.01,53665,63077944.0,0.59,5.166374781085814
2018-09-05,15:00,sz000676,智度股份,11.95,12.2,11.66,11.72,49102,58371944.0,-0.29,-2.414654454621149
2018-09-06,15:00,sz000676,智度股份,11.72,12.03,11.62,11.73,39269,46423664.0,0.01,0.0853242320819112
2018-09-07,15:00,sz000676,智度股份,11.82,12.08,11.45,11.59,50948,59899948.0,-0.14,-1.1935208866155158
2018-09-10,15:00,sz000676,智度股份,11.52,11.79,11.44,11.63,44637,52025340.0,0.04,0.3451251078515962
2018-09-11,15:00,sz000676,智度股份,11.55,11.87,11.46,11.73,29663,34722396.0,0.1,0.8598452278589854
2018-09-12,15:00,sz000676,智度股份,11.74,12.05,11.66,11.82,40766,48436868.0,0.09,0.7672634271099744
2018-09-13,15:00,sz000676,智度股份,11.94,12.07,11.76,12.0,34855,41532544.0,0.18,1.5228426395939088
2018-09-14,15:00,sz000676,智度股份,12.0,12.13,11.76,11.77,35227,41984524.0,-0.23,-1.9166666666666663
2018-09-17,15:00,sz000676,智度股份,11.68,11.75,11.21,11.46,41265,47256432.0,-0.31,-2.6338147833474936
2018-09-18,15:00,sz000676,智度股份,11.43,11.58,11.14,11.58,44773,50973956.0,0.12,1.0471204188481675
2018-09-19,15:00,sz000676,智度股份,11.51,11.85,11.42,11.75,37930,44321492.0,0.17,1.468048359240069
2018-09-20,15:00,sz000676,智度股份,11.72,11.94,11.55,11.87,43748,51534624.0,0.12,1.0212765957446808
2018-09-21,15:00,sz000676,智度股份,11.89,11.98,11.8,11.93,24964,29721900.0,0.06,0.5054759898904801
2018-09-25,15:00,sz000676,智度股份,11.89,12.06,11.81,11.88,32821,39109856.0,-0.05,-0.4191114836546521
2018-09-26,15:00,sz000676,智度股份,11.89,11.97,11.58,11.63,65345,76232616.0,-0.25,-2.1043771043771047
2018-09-27,15:00,sz000676,智度股份,11.71,11.71,11.43,11.47,41958,48450076.0,-0.16,-1.3757523645743766
2018-09-28,15:00,sz000676,智度股份,11.41,11.64,11.41,11.55,27214,31353834.0,0.08,0.6974716652136007
2018-10-08,15:00,sz000676,智度股份,11.35,11.45,11.21,11.22,26569,30135938.0,-0.33,-2.857142857142857
2018-10-09,15:00,sz000676,智度股份,11.34,11.34,11.16,11.28,21252,23920822.0,0.06,0.53475935828877
2018-10-10,15:00,sz000676,智度股份,11.28,11.32,10.88,11.08,28459,31592316.0,-0.2,-1.773049645390071
2018-10-11,15:00,sz000676,智度股份,10.7,10.82,9.97,9.97,62857,64316300.0,-1.11,-10.018050541516246
2018-10-12,15:00,sz000676,智度股份,9.94,10.45,9.62,10.32,48847,49362476.0,0.35,3.510531594784353
2018-10-15,15:00,sz000676,智度股份,10.05,10.43,10.0,10.17,32412,33078776.0,-0.15,-1.4534883720930232
2018-10-16,15:00,sz000676,智度股份,10.31,10.32,9.84,9.88,21794,21996208.0,-0.29,-2.8515240904621435
2018-10-17,15:00,sz000676,智度股份,10.06,10.19,9.86,10.15,23989,24157214.0,0.27,2.7327935222672064
2018-10-18,15:00,sz000676,智度股份,10.11,10.11,9.55,9.61,31211,30697920.0,-0.54,-5.320197044334975
2018-10-19,15:00,sz000676,智度股份,9.35,10.16,9.35,10.05,37126,36576288.0,0.44,4.578563995837669
2018-10-22,15:00,sz000676,智度股份,10.15,10.64,10.15,10.44,47980,50051916.0,0.39,3.880597014925373
2018-10-23,15:00,sz000676,智度股份,10.39,10.41,10.1,10.24,31438,32284348.0,-0.2,-1.9157088122605364
2018-10-24,15:00,sz000676,智度股份,10.26,10.32,10.01,10.13,26888,27364314.0,-0.11,-1.07421875
2018-10-25,15:00,sz000676,智度股份,9.73,10.12,9.73,10.02,38411,38062808.0,-0.11,-1.085883514313919
2018-10-26,15:00,sz000676,智度股份,10.12,10.44,10.1,10.14,29433,30195868.0,0.12,1.1976047904191618
2018-10-29,15:00,sz000676,智度股份,10.16,10.32,9.97,10.05,19623,19918752.0,-0.09,-0.8875739644970414
2018-10-30,15:00,sz000676,智度股份,10.06,10.17,9.75,10.06,33145,32960216.0,0.01,0.099502487562189
2018-10-31,15:00,sz000676,智度股份,10.13,10.29,10.06,10.13,32623,33164482.0,0.07,0.6958250497017893
2018-11-01,15:00,sz000676,智度股份,10.14,10.52,10.13,10.28,50849,52518812.0,0.15,1.4807502467917075
2018-11-02,15:00,sz000676,智度股份,10.44,10.68,10.36,10.68,60850,63970148.0,0.4,3.891050583657588
2018-11-05,15:00,sz000676,智度股份,10.63,10.73,10.4,10.55,38516,40640440.0,-0.13,-1.2172284644194755
2018-11-06,15:00,sz000676,智度股份,10.55,10.59,10.17,10.58,52631,54664876.0,0.03,0.2843601895734597
2018-11-07,15:00,sz000676,智度股份,10.55,10.85,10.4,10.45,41585,44119016.0,-0.13,-1.2287334593572778
2018-11-08,15:00,sz000676,智度股份,10.53,10.58,10.36,10.38,24801,25866024.0,-0.07,-0.6698564593301436
2018-11-09,15:00,sz000676,智度股份,10.35,10.4,10.2,10.33,19153,19767128.0,-0.05,-0.4816955684007706
2018-11-12,15:00,sz000676,智度股份,10.33,10.55,10.19,10.52,32530,34077588.0,0.19,1.8393030009680544
2018-11-13,15:00,sz000676,智度股份,10.4,10.97,10.33,10.82,72948,77957920.0,0.3,2.8517110266159698
2018-11-14,15:00,sz000676,智度股份,10.8,10.96,10.73,10.8,45780,49614724.0,-0.02,-0.1848428835489833
2018-11-15,15:00,sz000676,智度股份,10.86,11.1,10.76,11.04,63018,69125688.0,0.24,2.2222222222222223
2018-11-16,15:00,sz000676,智度股份,11.21,11.68,11.05,11.41,88186,99662480.0,0.37,3.3514492753623197
2018-11-19,15:00,sz000676,智度股份,11.71,11.85,11.16,11.4,81801,93873520.0,-0.01,-0.0876424189307625
2018-11-20,15:00,sz000676,智度股份,11.15,11.34,10.84,11.02,73696,81543552.0,-0.38,-3.333333333333333
2018-11-21,15:00,sz000676,智度股份,10.85,11.17,10.8,11.16,41276,45357204.0,0.14,1.2704174228675136
2018-11-22,15:00,sz000676,智度股份,11.16,11.25,10.99,11.07,35018,38933860.0,-0.09,-0.8064516129032258
2018-11-23,15:00,sz000676,智度股份,11.06,11.06,10.4,10.4,50888,54221840.0,-0.67,-6.052393857271906
2018-11-26,15:00,sz000676,智度股份,10.4,10.57,10.34,10.4,19739,20590960.0,0.0,0.0
2018-11-27,15:00,sz000676,智度股份,10.46,10.54,10.17,10.28,35346,36639068.0,-0.12,-1.153846153846154
2018-11-28,15:00,sz000676,智度股份,10.28,10.53,10.17,10.52,34398,35901524.0,0.24,2.3346303501945527
2018-11-29,15:00,sz000676,智度股份,10.58,10.63,10.0,10.08,39038,40273156.0,-0.44,-4.182509505703422
2018-11-30,15:00,sz000676,智度股份,10.08,10.12,9.83,10.08,26350,26270238.0,0.0,0.0
2018-12-03,15:00,sz000676,智度股份,10.3,10.57,10.28,10.4,64540,67134168.0,0.32,3.1746031746031744
2018-12-04,15:00,sz000676,智度股份,10.38,10.42,10.25,10.39,31674,32766376.0,-0.01,-0.0961538461538461
2018-12-05,15:00,sz000676,智度股份,10.2,10.26,10.12,10.19,38005,38723628.0,-0.2,-1.9249278152069296
2018-12-06,15:00,sz000676,智度股份,10.1,10.13,9.86,9.96,33336,33261000.0,-0.23,-2.2571148184494603
2018-12-07,15:00,sz000676,智度股份,10.0,10.14,9.96,10.08,18406,18539682.0,0.12,1.2048192771084338
2018-12-10,15:00,sz000676,智度股份,10.1,10.1,9.9,10.02,18055,18027062.0,-0.06,-0.5952380952380952
2018-12-11,15:00,sz000676,智度股份,10.08,10.08,9.95,10.04,17219,17242836.0,0.02,0.1996007984031935
2018-12-12,15:00,sz000676,智度股份,10.07,10.11,10.0,10.0,15188,15251920.0,-0.04,-0.398406374501992
2018-12-13,15:00,sz000676,智度股份,10.02,10.18,9.92,10.09,34938,35272596.0,0.09,0.8999999999999999
2018-12-14,15:00,sz000676,智度股份,10.06,10.08,9.63,9.69,40842,40202500.0,-0.4,-3.9643211100099114
2018-12-17,15:00,sz000676,智度股份,9.62,9.66,9.41,9.55,28320,26935442.0,-0.14,-1.4447884416924663
2018-12-18,15:00,sz000676,智度股份,9.52,9.69,9.41,9.65,29987,28759438.0,0.1,1.0471204188481675
2018-12-19,15:00,sz000676,智度股份,9.65,9.65,9.48,9.53,19052,18253168.0,-0.12,-1.243523316062176
2018-12-20,15:00,sz000676,智度股份,9.45,9.59,9.45,9.57,19525,18583016.0,0.04,0.4197271773347324
2018-12-21,15:00,sz000676,智度股份,9.56,9.87,9.48,9.73,36542,35447788.0,0.16,1.671891327063741
2018-12-24,15:00,sz000676,智度股份,9.64,9.75,9.55,9.67,28398,27363190.0,-0.06,-0.6166495375128468
2018-12-25,15:00,sz000676,智度股份,9.52,9.55,9.08,9.39,35162,32769354.0,-0.28,-2.8955532574974145
2018-12-26,15:00,sz000676,智度股份,9.36,9.42,9.27,9.36,18923,17701344.0,-0.03,-0.3194888178913738
2018-12-27,15:00,sz000676,智度股份,9.49,9.53,9.22,9.37,22620,21244354.0,0.01,0.1068376068376068
2018-12-28,15:00,sz000676,智度股份,9.32,9.49,9.24,9.49,26327,24613760.0,0.12,1.2806830309498398
2019-01-02,15:00,sz000676,智度股份,9.48,9.56,9.41,9.45,17341,16408901.0,-0.04,-0.4214963119072707
2019-01-03,15:00,sz000676,智度股份,9.45,9.48,9.31,9.32,16637,15585841.0,-0.13,-1.3756613756613756
2019-01-04,15:00,sz000676,智度股份,9.22,9.46,9.11,9.45,33366,31143540.0,0.13,1.3948497854077253
2019-01-07,15:00,sz000676,智度股份,9.51,9.61,9.46,9.6,45794,43743840.0,0.15,1.5873015873015872
2019-01-08,15:00,sz000676,智度股份,9.59,9.6,9.4,9.42,32958,31211338.0,-0.18,-1.875
2019-01-09,15:00,sz000676,智度股份,9.42,9.59,9.39,9.46,46830,44471504.0,0.04,0.4246284501061571
2019-01-10,15:00,sz000676,智度股份,9.43,9.49,9.35,9.41,25785,24328436.0,-0.05,-0.5285412262156448
2019-01-11,15:00,sz000676,智度股份,9.36,9.47,9.3,9.42,24854,23323282.0,0.01,0.106269925611052
2019-01-14,15:00,sz000676,智度股份,9.48,9.48,9.24,9.27,24028,22359724.0,-0.15,-1.5923566878980893
2019-01-15,15:00,sz000676,智度股份,9.26,9.47,9.22,9.47,33237,31171960.0,0.2,2.157497303128371
2019-01-16,15:00,sz000676,智度股份,9.47,9.58,9.43,9.45,31225,29681752.0,-0.02,-0.2111932418162618
2019-01-17,15:00,sz000676,智度股份,9.44,9.66,9.41,9.59,48045,45979716.0,0.14,1.4814814814814816
2019-01-18,15:00,sz000676,智度股份,9.55,9.64,9.49,9.62,34338,32890492.0,0.03,0.3128258602711157
2019-01-21,15:00,sz000676,智度股份,9.62,9.65,9.5,9.55,30435,29081712.0,-0.07,-0.7276507276507277
2019-01-22,15:00,sz000676,智度股份,9.55,9.55,9.18,9.28,43570,40517540.0,-0.27,-2.8272251308900525
2019-01-23,15:00,sz000676,智度股份,9.27,9.27,9.18,9.24,16421,15146512.0,-0.04,-0.4310344827586206
2019-01-24,15:00,sz000676,智度股份,9.28,9.36,9.22,9.3,20064,18658450.0,0.06,0.6493506493506493
2019-01-25,15:00,sz000676,智度股份,9.3,9.34,9.21,9.27,24876,23010238.0,-0.03,-0.3225806451612903
2019-01-28,15:00,sz000676,智度股份,9.32,9.35,9.2,9.21,21877,20241276.0,-0.06,-0.6472491909385114
2019-01-29,15:00,sz000676,智度股份,9.21,9.21,8.39,8.89,65983,57226104.0,-0.32,-3.474484256243214
2019-01-30,15:00,sz000676,智度股份,8.78,8.97,8.72,8.88,24811,22012526.0,-0.01,-0.1124859392575928
2019-01-31,15:00,sz000676,智度股份,8.89,9.06,8.8,8.81,24040,21474384.0,-0.07,-0.7882882882882882
2019-02-01,15:00,sz000676,智度股份,8.86,9.15,8.85,9.12,23456,21202238.0,0.31,3.5187287173666286
2019-02-11,15:00,sz000676,智度股份,9.25,9.32,9.13,9.32,25316,23402536.0,0.2,2.1929824561403506
2019-02-12,15:00,sz000676,智度股份,9.35,9.52,9.26,9.4,31116,29194328.0,0.08,0.8583690987124464
2019-02-13,15:00,sz000676,智度股份,9.41,9.6,9.35,9.54,36492,34739644.0,0.14,1.4893617021276595
2019-02-14,15:00,sz000676,智度股份,9.54,9.58,9.43,9.47,35228,33438062.0,-0.07,-0.7337526205450734
2019-02-15,15:00,sz000676,智度股份,9.44,9.56,9.44,9.5,30369,28853506.0,0.03,0.3167898627243928
2019-02-18,15:00,sz000676,智度股份,9.5,9.92,9.5,9.9,55971,54357068.0,0.4,4.2105263157894735
2019-02-19,15:00,sz000676,智度股份,9.93,10.28,9.81,10.14,85575,86191168.0,0.24,2.4242424242424243
2019-02-20,15:00,sz000676,智度股份,10.17,10.17,9.88,10.01,41299,41299100.0,-0.13,-1.282051282051282
2019-02-21,15:00,sz000676,智度股份,10.15,10.36,9.79,10.06,98079,98627496.0,0.05,0.4995004995004995
2019-02-22,15:00,sz000676,智度股份,10.06,10.28,9.88,10.26,83091,84206528.0,0.2,1.9880715705765408
2019-02-25,15:00,sz000676,智度股份,10.42,10.9,10.27,10.83,128947,136507632.0,0.57,5.555555555555555
2019-02-26,15:00,sz000676,智度股份,10.75,10.92,10.47,10.58,92454,98764928.0,-0.25,-2.308402585410896
2019-02-27,15:00,sz000676,智度股份,10.58,10.75,10.42,10.52,55718,59108540.0,-0.06,-0.5671077504725899
2019-02-28,15:00,sz000676,智度股份,10.51,10.72,10.41,10.64,51002,53915864.0,0.12,1.1406844106463878
2019-03-01,15:00,sz000676,智度股份,10.66,10.66,10.35,10.5,46588,48750784.0,-0.14,-1.3157894736842104
2019-03-04,15:00,sz000676,智度股份,10.51,10.85,10.5,10.63,105397,112237872.0,0.13,1.238095238095238
2019-03-05,15:00,sz000676,智度股份,10.64,11.26,10.56,11.25,178403,195531088.0,0.62,5.832549388523048
2019-03-06,15:00,sz000676,智度股份,11.49,11.71,11.24,11.43,240173,274433568.0,0.18,1.6
2019-03-07,15:00,sz000676,智度股份,11.38,11.59,11.12,11.44,205344,232276432.0,0.01,0.0874890638670166
2019-03-08,15:00,sz000676,智度股份,11.19,11.38,10.77,10.8,170949,190357872.0,-0.64,-5.594405594405594
2019-03-11,15:00,sz000676,智度股份,10.98,11.32,10.89,11.28,135262,150174320.0,0.48,4.444444444444445
2019-03-12,15:00,sz000676,智度股份,11.44,11.74,11.21,11.45,230328,264219104.0,0.17,1.5070921985815602
2019-03-13,15:00,sz000676,智度股份,11.5,12.05,11.14,11.25,354406,413608000.0,-0.2,-1.7467248908296942
2019-03-14,15:00,sz000676,智度股份,11.06,11.07,10.54,10.71,190507,205712384.0,-0.54,-4.8
2019-03-15,15:00,sz000676,智度股份,10.78,10.86,10.56,10.72,106712,114556472.0,0.01,0.0933706816059757
2019-03-18,15:00,sz000676,智度股份,10.76,10.94,10.51,10.9,102414,110077144.0,0.18,1.6791044776119404
2019-03-19,15:00,sz000676,智度股份,10.9,11.14,10.85,11.06,105631,116268280.0,0.16,1.4678899082568808
2019-03-20,15:00,sz000676,智度股份,11.06,11.06,10.65,10.85,94094,102054056.0,-0.21,-1.89873417721519
2019-03-21,15:00,sz000676,智度股份,10.84,11.28,10.83,11.15,183730,204530992.0,0.3,2.7649769585253456
2019-03-22,15:00,sz000676,智度股份,11.17,11.24,10.82,11.09,99111,109121808.0,-0.06,-0.5381165919282511
2019-03-25,15:00,sz000676,智度股份,10.81,10.92,10.73,10.8,118083,127819784.0,-0.29,-2.6149684400360687
2019-03-26,15:00,sz000676,智度股份,10.9,10.98,10.42,10.48,101396,109063976.0,-0.32,-2.9629629629629632
2019-03-27,15:00,sz000676,智度股份,10.57,10.62,10.28,10.38,78318,81537736.0,-0.1,-0.9541984732824428
2019-03-28,15:00,sz000676,智度股份,10.31,10.57,10.26,10.33,72405,75500696.0,-0.05,-0.4816955684007706
2019-03-29,15:00,sz000676,智度股份,10.35,10.63,10.11,10.6,103199,107619872.0,0.27,2.6137463697967087
2019-04-01,15:00,sz000676,智度股份,10.61,11.03,10.61,10.91,139571,151565152.0,0.31,2.9245283018867925
2019-04-02,15:00,sz000676,智度股份,10.9,11.26,10.85,11.26,175255,193605024.0,0.35,3.2080659945004584
2019-04-03,15:00,sz000676,智度股份,12.39,12.39,11.69,11.72,375007,454171872.0,0.46,4.085257548845471
2019-04-04,15:00,sz000676,智度股份,12.07,12.45,11.78,12.29,440492,534747360.0,0.57,4.863481228668942
2019-04-08,15:00,sz000676,智度股份,12.05,12.08,11.44,11.6,321400,377583072.0,-0.69,-5.614320585842148
2019-04-09,15:00,sz000676,智度股份,11.36,11.76,11.36,11.5,137043,158054112.0,-0.1,-0.8620689655172413
2019-04-10,15:00,sz000676,智度股份,11.4,11.53,11.22,11.37,127178,144319056.0,-0.13,-1.1304347826086958
2019-04-11,15:00,sz000676,智度股份,11.39,11.42,10.88,10.92,137092,152241296.0,-0.45,-3.95778364116095
2019-04-12,15:00,sz000676,智度股份,10.82,11.3,10.81,11.28,112476,124521496.0,0.36,3.296703296703297
2019-04-15,15:00,sz000676,智度股份,11.51,11.57,10.96,10.97,137024,153976688.0,-0.31,-2.74822695035461
2019-04-16,15:00,sz000676,智度股份,10.91,11.11,10.57,11.11,115914,125778864.0,0.14,1.276207839562443
2019-04-17,15:00,sz000676,智度股份,11.05,11.16,10.91,11.0,85150,94018016.0,-0.11,-0.99009900990099
2019-04-18,15:00,sz000676,智度股份,11.02,11.02,10.77,10.81,69060,75059464.0,-0.19,-1.7272727272727273
2019-04-19,15:00,sz000676,智度股份,10.8,11.27,10.8,11.23,103390,114198352.0,0.42,3.885291396854764
2019-04-22,15:00,sz000676,智度股份,11.24,11.29,10.88,10.9,77680,85804392.0,-0.33,-2.938557435440784
2019-04-23,15:00,sz000676,智度股份,10.8,11.07,10.74,10.79,66236,71978528.0,-0.11,-1.0091743119266057
2019-04-24,15:00,sz000676,智度股份,10.84,10.95,10.66,10.94,65357,70635016.0,0.15,1.3901760889712698
2019-04-25,15:00,sz000676,智度股份,10.86,11.13,10.73,10.81,111417,122180768.0,-0.13,-1.1882998171846435
2019-04-26,15:00,sz000676,智度股份,10.65,10.65,10.04,10.07,141500,144528464.0,-0.74,-6.845513413506013
2019-04-29,15:00,sz000676,智度股份,10.15,10.18,9.69,9.79,70204,69588928.0,-0.28,-2.780536246276067
2019-04-30,15:00,sz000676,智度股份,9.79,10.03,9.79,9.85,46875,46342000.0,0.06,0.6128702757916241
2019-05-06,15:00,sz000676,智度股份,9.65,9.65,8.98,9.06,78396,72961624.0,-0.79,-8.020304568527918
2019-05-07,15:00,sz000676,智度股份,9.09,9.29,9.04,9.22,45367,41579048.0,0.16,1.7660044150110374
2019-05-08,15:00,sz000676,智度股份,9.02,9.33,8.93,9.33,56723,52071312.0,0.11,1.193058568329718
2019-05-09,15:00,sz000676,智度股份,9.23,9.3,9.05,9.08,43496,39898508.0,-0.25,-2.679528403001072
2019-05-10,15:00,sz000676,智度股份,9.17,9.43,9.09,9.41,64982,60359740.0,0.33,3.634361233480176
2019-05-13,15:00,sz000676,智度股份,9.38,9.58,9.33,9.41,46284,43763164.0,0.0,0.0
2019-05-14,15:00,sz000676,智度股份,9.26,9.71,9.21,9.52,59708,57029528.0,0.11,1.1689691817215728
2019-05-15,15:00,sz000676,智度股份,9.55,9.59,9.4,9.56,53471,50800920.0,0.04,0.4201680672268907
2019-05-16,15:00,sz000676,智度股份,9.52,9.55,9.4,9.48,48513,45988884.0,-0.08,-0.8368200836820083
2019-05-17,15:00,sz000676,智度股份,9.41,9.53,9.0,9.06,56305,51983652.0,-0.42,-4.430379746835443
2019-05-20,15:00,sz000676,智度股份,9.1,9.14,8.92,9.12,43565,39337148.0,0.06,0.6622516556291391
2019-05-21,15:00,sz000676,智度股份,9.1,9.27,9.06,9.25,39375,36157128.0,0.13,1.425438596491228
2019-05-22,15:00,sz000676,智度股份,9.24,9.28,9.09,9.15,33361,30647284.0,-0.1,-1.0810810810810811
2019-05-23,15:00,sz000676,智度股份,9.11,9.14,8.9,8.94,44484,40027484.0,-0.21,-2.295081967213114
2019-05-24,15:00,sz000676,智度股份,8.93,9.02,8.88,8.92,25340,22646328.0,-0.02,-0.2237136465324384
2019-05-27,15:00,sz000676,智度股份,8.98,9.14,8.87,9.12,35294,31910100.0,0.2,2.242152466367713
2019-05-28,15:00,sz000676,智度股份,9.06,9.1,8.88,9.04,57906,52234204.0,-0.08,-0.8771929824561403
2019-05-29,15:00,sz000676,智度股份,8.99,9.04,8.92,8.99,32109,28847472.0,-0.05,-0.5530973451327433
2019-05-30,15:00,sz000676,智度股份,8.95,8.98,8.69,8.75,52469,46081632.0,-0.24,-2.669632925472748
2019-05-31,15:00,sz000676,智度股份,8.77,8.86,8.72,8.79,32384,28542972.0,0.04,0.4571428571428572
2019-06-03,15:00,sz000676,智度股份,8.76,8.85,8.55,8.56,43765,37837228.0,-0.23,-2.6166097838452784
2019-06-04,15:00,sz000676,智度股份,8.61,8.73,8.43,8.61,43468,37423364.0,0.05,0.5841121495327103
2019-06-05,15:00,sz000676,智度股份,8.73,8.76,8.65,8.66,33774,29395634.0,0.05,0.5807200929152149
2019-06-06,15:00,sz000676,智度股份,8.68,8.73,8.45,8.51,29117,24976298.0,-0.15,-1.7321016166281753
2019-06-10,15:00,sz000676,智度股份,8.49,8.67,8.49,8.6,25894,22294644.0,0.09,1.0575793184488838
2019-06-11,15:00,sz000676,智度股份,8.63,8.95,8.55,8.91,54266,47828896.0,0.31,3.604651162790698
2019-06-12,15:00,sz000676,智度股份,8.88,8.92,8.79,8.79,38509,34027928.0,-0.12,-1.3468013468013469
2019-06-13,15:00,sz000676,智度股份,8.84,8.94,8.75,8.88,30463,26987508.0,0.09,1.023890784982935
2019-06-14,15:00,sz000676,智度股份,8.9,8.9,8.54,8.59,38285,33441978.0,-0.29,-3.265765765765765
2019-06-17,15:00,sz000676,智度股份,8.62,8.69,8.52,8.58,27142,23344136.0,-0.01,-0.1164144353899883
2019-06-18,15:00,sz000676,智度股份,8.56,8.83,8.55,8.79,54894,47754116.0,0.21,2.4475524475524475
2019-06-19,15:00,sz000676,智度股份,8.94,9.0,8.76,8.8,61391,54362228.0,0.01,0.1137656427758816
2019-06-20,15:00,sz000676,智度股份,8.76,8.93,8.7,8.89,50629,44772296.0,0.09,1.0227272727272727
2019-06-21,15:00,sz000676,智度股份,8.94,9.16,8.89,9.11,80584,72947544.0,0.22,2.4746906636670416
2019-06-24,15:00,sz000676,智度股份,9.3,9.45,9.12,9.14,90345,83824928.0,0.03,0.3293084522502744
2019-06-25,15:00,sz000676,智度股份,9.13,9.13,8.88,8.95,54444,48834176.0,-0.19,-2.0787746170678334
2019-06-26,15:00,sz000676,智度股份,8.97,9.45,8.91,9.22,90864,83379048.0,0.27,3.016759776536313
2019-06-27,15:00,sz000676,智度股份,9.56,9.66,9.21,9.26,136224,127833144.0,0.04,0.4338394793926247
2019-06-28,15:00,sz000676,智度股份,9.15,9.2,8.93,9.02,75802,68467704.0,-0.24,-2.591792656587473
2019-07-01,15:00,sz000676,智度股份,9.23,9.32,9.08,9.29,81566,75289688.0,0.27,2.993348115299334
2019-07-02,15:00,sz000676,智度股份,9.27,9.27,9.2,9.24,39575,36552840.0,-0.05,-0.5382131324004306
2019-07-03,15:00,sz000676,智度股份,9.28,9.28,9.05,9.12,38053,34703088.0,-0.12,-1.2987012987012987
2019-07-04,15:00,sz000676,智度股份,9.12,9.23,9.03,9.05,36984,33663048.0,-0.07,-0.7675438596491228
2019-07-05,15:00,sz000676,智度股份,6.96,6.98,6.86,6.87,49107,34013716.0,-2.18,-24.08839779005525
2019-07-08,15:00,sz000676,智度股份,6.91,6.92,6.59,6.59,57564,38482108.0,-0.28,-4.075691411935954
2019-07-09,15:00,sz000676,智度股份,6.57,6.6,6.43,6.51,52388,34013728.0,-0.08,-1.2139605462822458
2019-07-10,15:00,sz000676,智度股份,6.54,6.57,6.43,6.45,39786,25895740.0,-0.06,-0.9216589861751152
2019-07-11,15:00,sz000676,智度股份,6.49,6.56,6.41,6.5,31270,20308914.0,0.05,0.7751937984496124
2019-07-12,15:00,sz000676,智度股份,6.5,6.56,6.38,6.55,41640,27036914.0,0.05,0.7692307692307693
2019-07-15,15:00,sz000676,智度股份,6.59,6.62,6.42,6.52,54475,35515300.0,-0.03,-0.4580152671755725
2019-07-16,15:00,sz000676,智度股份,6.55,6.57,6.49,6.5,41111,26777142.0,-0.02,-0.3067484662576687
2019-07-17,15:00,sz000676,智度股份,6.48,6.54,6.44,6.45,44726,29032984.0,-0.05,-0.7692307692307693
2019-07-18,15:00,sz000676,智度股份,6.44,6.44,6.26,6.26,54820,34590204.0,-0.19,-2.945736434108527
2019-07-19,15:00,sz000676,智度股份,6.28,6.36,6.24,6.27,42025,26494384.0,0.01,0.1597444089456869
2019-07-22,15:00,sz000676,智度股份,6.27,6.31,6.04,6.07,42468,26056444.0,-0.2,-3.1897926634768736
2019-07-23,15:00,sz000676,智度股份,6.1,6.14,6.06,6.11,29427,17940048.0,0.04,0.6589785831960462
2019-07-24,15:00,sz000676,智度股份,6.13,6.25,6.1,6.18,48316,29903450.0,0.07,1.1456628477905073
2019-07-25,15:00,sz000676,智度股份,6.22,6.25,6.17,6.19,37207,23101394.0,0.01,0.1618122977346278
2019-07-26,15:00,sz000676,智度股份,6.18,6.22,6.1,6.22,36109,22262472.0,0.03,0.4846526655896607
2019-07-29,15:00,sz000676,智度股份,6.24,6.25,6.16,6.18,27820,17235542.0,-0.04,-0.6430868167202572
2019-07-30,15:00,sz000676,智度股份,6.19,6.36,6.16,6.32,48791,30720128.0,0.14,2.26537216828479
2019-07-31,15:00,sz000676,智度股份,6.27,6.32,6.24,6.27,27486,17232364.0,-0.05,-0.7911392405063291
2019-08-01,15:00,sz000676,智度股份,6.24,6.24,6.1,6.13,52911,32544206.0,-0.14,-2.232854864433812
2019-08-02,15:00,sz000676,智度股份,6.0,6.02,5.92,5.93,52109,31090596.0,-0.2,-3.262642740619902
2019-08-05,15:00,sz000676,智度股份,5.93,6.01,5.87,5.89,38953,23144158.0,-0.04,-0.6745362563237773
2019-08-06,15:00,sz000676,智度股份,5.7,5.78,5.45,5.6,76700,42951812.0,-0.29,-4.923599320882852
2019-08-07,15:00,sz000676,智度股份,5.6,5.74,5.58,5.67,51896,29376126.0,0.07,1.25
2019-08-08,15:00,sz000676,智度股份,5.7,5.78,5.68,5.73,36487,20944252.0,0.06,1.058201058201058
2019-08-09,15:00,sz000676,智度股份,5.79,5.79,5.59,5.59,29422,16698190.0,-0.14,-2.4432809773123907
2019-08-12,15:00,sz000676,智度股份,5.61,5.74,5.6,5.73,32390,18358566.0,0.14,2.5044722719141324
2019-08-13,15:00,sz000676,智度股份,5.69,5.71,5.62,5.64,24610,13934517.0,-0.09,-1.5706806282722512
2019-08-14,15:00,sz000676,智度股份,5.71,5.77,5.66,5.68,27871,15924995.0,0.04,0.7092198581560284
2019-08-15,15:00,sz000676,智度股份,5.6,5.7,5.46,5.68,41423,23099504.0,0.0,0.0
2019-08-16,15:00,sz000676,智度股份,5.7,5.77,5.66,5.7,43702,25049716.0,0.02,0.352112676056338
2019-08-19,15:00,sz000676,智度股份,5.76,5.94,5.73,5.92,71707,41957668.0,0.22,3.8596491228070176
2019-08-20,15:00,sz000676,智度股份,5.92,6.17,5.92,6.02,86299,52356916.0,0.1,1.6891891891891893
2019-08-21,15:00,sz000676,智度股份,6.02,6.15,6.02,6.11,56736,34572064.0,0.09,1.495016611295681
2019-08-22,15:00,sz000676,智度股份,6.13,6.18,6.08,6.14,48519,29723282.0,0.03,0.4909983633387889
2019-08-23,15:00,sz000676,智度股份,6.18,6.21,6.05,6.07,59944,36582176.0,-0.07,-1.1400651465798046
2019-08-26,15:00,sz000676,智度股份,5.97,6.02,5.85,5.98,75054,44769752.0,-0.09,-1.4827018121911038
2019-08-27,15:00,sz000676,智度股份,6.05,6.21,6.0,6.17,87944,53894496.0,0.19,3.177257525083612
2019-08-28,15:00,sz000676,智度股份,6.21,6.25,6.07,6.09,66914,41131912.0,-0.08,-1.2965964343598055
2019-08-29,15:00,sz000676,智度股份,6.1,6.16,6.07,6.08,66709,40780660.0,-0.01,-0.1642036124794745
2019-08-30,15:00,sz000676,智度股份,6.11,6.15,5.88,5.94,62855,37773740.0,-0.14,-2.302631578947368
2019-09-02,15:00,sz000676,智度股份,5.97,6.14,5.87,6.12,86120,51943984.0,0.18,3.0303030303030303
2019-09-03,15:00,sz000676,智度股份,6.1,6.16,6.05,6.07,65117,39669924.0,-0.05,-0.8169934640522877
2019-09-04,15:00,sz000676,智度股份,6.07,6.16,6.03,6.14,62474,38185300.0,0.07,1.1532125205930808
2019-09-05,15:00,sz000676,智度股份,6.18,6.31,6.18,6.21,107251,67001220.0,0.07,1.1400651465798046
2019-09-06,15:00,sz000676,智度股份,6.24,6.33,6.14,6.23,75961,47348676.0,0.02,0.322061191626409
2019-09-09,15:00,sz000676,智度股份,6.28,6.57,6.27,6.57,140063,90374352.0,0.34,5.457463884430177
2019-09-10,15:00,sz000676,智度股份,6.58,6.59,6.43,6.51,106063,68792584.0,-0.06,-0.91324200913242
2019-09-11,15:00,sz000676,智度股份,6.55,6.78,6.5,6.61,162087,107688960.0,0.1,1.5360983102918586
2019-09-12,15:00,sz000676,智度股份,6.58,6.72,6.55,6.68,97362,64902192.0,0.07,1.059001512859304
2019-09-16,15:00,sz000676,智度股份,6.77,6.88,6.69,6.73,119697,80958136.0,0.05,0.7485029940119761
2019-09-17,15:00,sz000676,智度股份,6.72,6.73,6.47,6.53,113378,74673000.0,-0.2,-2.9717682020802374
2019-09-18,15:00,sz000676,智度股份,6.61,6.66,6.46,6.49,77998,50967216.0,-0.04,-0.6125574272588056
2019-09-19,15:00,sz000676,智度股份,6.54,6.57,6.4,6.49,77281,49981880.0,0.0,0.0
2019-09-20,15:00,sz000676,智度股份,6.53,6.62,6.45,6.57,93304,61033284.0,0.08,1.2326656394453006
2019-09-23,15:00,sz000676,智度股份,6.51,6.55,6.28,6.37,100163,63669112.0,-0.2,-3.0441400304414
2019-09-24,15:00,sz000676,智度股份,6.38,6.46,6.33,6.36,59222,37882152.0,-0.01,-0.1569858712715855
2019-09-25,15:00,sz000676,智度股份,6.33,6.35,6.19,6.2,69238,43311244.0,-0.16,-2.515723270440252
2019-09-26,15:00,sz000676,智度股份,6.22,6.25,6.01,6.01,58079,35411500.0,-0.19,-3.064516129032258
2019-09-27,15:00,sz000676,智度股份,6.05,6.08,6.0,6.03,41061,24833748.0,0.02,0.3327787021630615
2019-09-30,15:00,sz000676,智度股份,6.06,6.08,5.94,5.97,43086,25837020.0,-0.06,-0.9950248756218906
2019-10-08,15:00,sz000676,智度股份,5.98,6.02,5.89,5.9,43926,26150318.0,-0.07,-1.1725293132328307
2019-10-09,15:00,sz000676,智度股份,5.89,5.94,5.8,5.93,42145,24736064.0,0.03,0.5084745762711864
2019-10-10,15:00,sz000676,智度股份,5.92,6.52,5.9,6.52,185952,118562984.0,0.59,9.949409780775715
2019-10-11,15:00,sz000676,智度股份,6.8,7.17,6.71,7.17,461618,327614400.0,0.65,9.969325153374232
2019-10-14,15:00,sz000676,智度股份,7.2,7.89,6.91,7.89,662516,486198048.0,0.72,10.0418410041841
2019-10-15,15:00,sz000676,智度股份,7.61,8.44,7.52,7.57,999471,789219840.0,-0.32,-4.055766793409378
2019-10-16,15:00,sz000676,智度股份,7.4,7.89,7.3,7.59,661539,503975072.0,0.02,0.2642007926023778
2019-10-17,15:00,sz000676,智度股份,7.8,8.35,7.71,8.03,979361,798022272.0,0.44,5.797101449275362
2019-10-18,15:00,sz000676,智度股份,7.85,8.48,7.4,8.2,975909,768372544.0,0.17,2.1170610211706102
2019-10-21,15:00,sz000676,智度股份,7.92,7.94,7.46,7.51,570919,436873920.0,-0.69,-8.414634146341465
2019-10-22,15:00,sz000676,智度股份,7.63,8.26,7.63,8.26,819852,668712768.0,0.75,9.986684420772304
2019-10-23,15:00,sz000676,智度股份,8.51,9.09,8.3,8.85,1380132,1216010624.0,0.59,7.142857142857142
2019-10-24,15:00,sz000676,智度股份,7.97,9.56,7.97,8.99,1329769,1124542208.0,0.14,1.581920903954802
2019-10-25,15:00,sz000676,智度股份,8.76,9.11,8.44,8.47,863278,749744448.0,-0.52,-5.784204671857619
2019-10-28,15:00,sz000676,智度股份,9.32,9.32,9.03,9.32,586565,544719872.0,0.85,10.035419126328216
2019-10-29,15:00,sz000676,智度股份,9.6,10.25,9.33,10.25,1200147,1209900160.0,0.93,9.97854077253219
2019-10-30,15:00,sz000676,智度股份,11.26,11.28,10.97,11.28,829148,934016960.0,1.03,10.048780487804878
2019-10-31,15:00,sz000676,智度股份,11.28,12.41,10.8,11.06,1768393,2099906304.0,-0.22,-1.950354609929078
2019-11-01,15:00,sz000676,智度股份,10.29,11.64,10.1,10.93,1374067,1500229376.0,-0.13,-1.1754068716094033
2019-11-04,15:00,sz000676,智度股份,11.0,11.42,10.01,10.7,1302247,1418590976.0,-0.23,-2.104300091491308
2019-11-05,15:00,sz000676,智度股份,10.42,10.66,10.1,10.49,856926,886856576.0,-0.21,-1.9626168224299063
2019-11-06,15:00,sz000676,智度股份,10.38,10.48,9.58,9.9,961925,956501696.0,-0.59,-5.624404194470925
2019-11-07,15:00,sz000676,智度股份,9.85,10.06,9.65,9.87,740370,731613312.0,-0.03,-0.303030303030303
2019-11-08,15:00,sz000676,智度股份,9.91,9.93,9.35,9.45,765047,735338816.0,-0.42,-4.25531914893617
2019-11-11,15:00,sz000676,智度股份,9.52,9.77,9.4,9.43,572626,548740544.0,-0.02,-0.2116402116402116
2019-11-12,15:00,sz000676,智度股份,9.31,9.39,9.03,9.37,530107,490375392.0,-0.06,-0.6362672322375398
2019-11-13,15:00,sz000676,智度股份,9.34,9.34,8.78,9.03,566825,510077024.0,-0.34,-3.628601921024546
2019-11-14,15:00,sz000676,智度股份,9.04,9.27,8.85,9.08,504507,459187616.0,0.05,0.5537098560354374
2019-11-15,15:00,sz000676,智度股份,9.05,9.26,8.81,9.13,482381,438669824.0,0.05,0.5506607929515419
2019-11-18,15:00,sz000676,智度股份,9.12,10.04,9.02,10.04,1104694,1066374784.0,0.91,9.967141292442497
2019-11-19,15:00,sz000676,智度股份,9.77,10.19,9.58,9.94,991873,976641408.0,-0.1,-0.99601593625498
2019-11-20,15:00,sz000676,智度股份,9.79,10.19,9.66,9.66,786216,782135488.0,-0.28,-2.8169014084507045
2019-11-21,15:00,sz000676,智度股份,9.34,9.57,9.17,9.31,575646,537468672.0,-0.35,-3.6231884057971016
2019-11-22,15:00,sz000676,智度股份,9.31,9.34,8.45,8.57,709124,628434560.0,-0.74,-7.9484425349087005
2019-11-25,15:00,sz000676,智度股份,8.52,8.57,8.19,8.35,438243,366370368.0,-0.22,-2.567094515752625
2019-11-26,15:00,sz000676,智度股份,8.36,8.41,8.16,8.29,322605,267287376.0,-0.06,-0.718562874251497
2019-11-27,15:00,sz000676,智度股份,8.28,8.49,8.17,8.48,398103,332700192.0,0.19,2.2919179734620023
2019-11-28,15:00,sz000676,智度股份,8.37,8.78,8.26,8.55,545356,464948288.0,0.07,0.8254716981132075
2019-11-29,15:00,sz000676,智度股份,8.5,8.63,8.3,8.34,349867,295820000.0,-0.21,-2.456140350877193
2019-12-02,15:00,sz000676,智度股份,8.35,8.42,8.22,8.36,243355,202801744.0,0.02,0.2398081534772182
2019-12-03,15:00,sz000676,智度股份,8.34,8.38,8.05,8.36,337405,277157632.0,0.0,0.0
2019-12-04,15:00,sz000676,智度股份,8.29,8.46,8.19,8.32,280889,233898880.0,-0.04,-0.4784688995215311
2019-12-05,15:00,sz000676,智度股份,8.33,9.15,8.33,9.15,831970,732532672.0,0.83,9.975961538461538
2019-12-06,15:00,sz000676,智度股份,8.91,9.38,8.83,9.05,857758,781717888.0,-0.1,-1.092896174863388
2019-12-09,15:00,sz000676,智度股份,9.05,9.89,9.05,9.61,900295,853522432.0,0.56,6.187845303867404
2019-12-10,15:00,sz000676,智度股份,9.46,9.7,9.34,9.59,727467,693160064.0,-0.02,-0.2081165452653486
2019-12-11,15:00,sz000676,智度股份,9.47,10.45,9.43,9.86,881628,882829248.0,0.27,2.815432742440042
2019-12-12,15:00,sz000676,智度股份,9.86,10.06,9.51,9.72,600956,584400448.0,-0.14,-1.4198782961460443
2019-12-13,15:00,sz000676,智度股份,9.78,10.15,9.46,9.6,564665,549922560.0,-0.12,-1.2345679012345678
2019-12-16,15:00,sz000676,智度股份,9.56,10.16,9.46,10.02,720462,705214464.0,0.42,4.375
2019-12-17,15:00,sz000676,智度股份,9.98,10.66,9.84,10.39,925729,940261312.0,0.37,3.6926147704590817
2019-12-18,15:00,sz000676,智度股份,10.35,10.41,9.97,10.04,669154,682742592.0,-0.35,-3.368623676612127
2019-12-19,15:00,sz000676,智度股份,9.97,10.26,9.82,9.98,500345,503928128.0,-0.06,-0.5976095617529881
2019-12-20,15:00,sz000676,智度股份,9.96,9.96,9.35,9.37,608715,585159872.0,-0.61,-6.112224448897796
2019-12-23,15:00,sz000676,智度股份,9.45,9.49,8.95,8.96,364018,332955392.0,-0.41,-4.375667022411953
2019-12-24,15:00,sz000676,智度股份,9.05,9.3,8.98,9.19,306494,280311488.0,0.23,2.5669642857142856
2019-12-25,15:00,sz000676,智度股份,9.25,9.83,9.17,9.52,523653,501009568.0,0.33,3.5908596300326447
2019-12-26,15:00,sz000676,智度股份,9.39,9.69,9.35,9.6,366991,348851040.0,0.08,0.8403361344537815
2019-12-27,15:00,sz000676,智度股份,9.66,9.93,9.4,9.46,431164,415830944.0,-0.14,-1.4583333333333333
2019-12-30,15:00,sz000676,智度股份,9.18,9.21,8.62,9.1,381513,342855936.0,-0.36,-3.8054968287526423
2019-12-31,15:00,sz000676,智度股份,9.07,9.35,8.9,9.04,261725,238700608.0,-0.06,-0.6593406593406593
2020-01-02,15:00,sz000676,智度股份,9.18,9.83,9.07,9.67,564115,537116736.0,0.63,6.969026548672566
2020-01-03,15:00,sz000676,智度股份,9.73,10.36,9.58,10.09,700819,693606144.0,0.42,4.3433298862461225
2020-01-06,15:00,sz000676,智度股份,10.04,10.23,9.71,9.98,548406,547678336.0,-0.11,-1.0901883052527257
2020-01-07,15:00,sz000676,智度股份,10.1,10.87,9.98,10.57,814788,849535360.0,0.59,5.911823647294589
2020-01-08,15:00,sz000676,智度股份,10.37,10.56,9.92,9.93,657588,671702080.0,-0.64,-6.054872280037843
2020-01-09,15:00,sz000676,智度股份,10.11,10.65,10.03,10.37,637136,662137856.0,0.44,4.431017119838873
2020-01-10,15:00,sz000676,智度股份,10.5,10.84,10.3,10.48,720267,760355648.0,0.11,1.0607521697203472
2020-01-13,15:00,sz000676,智度股份,10.33,10.53,10.06,10.42,536169,551549312.0,-0.06,-0.5725190839694656
2020-01-14,15:00,sz000676,智度股份,10.53,10.76,10.16,10.24,568507,595838400.0,-0.18,-1.727447216890595
2020-01-15,15:00,sz000676,智度股份,10.22,11.26,10.11,11.26,398645,439161760.0,1.02,9.9609375
2020-01-16,15:00,sz000676,智度股份,11.74,11.74,10.67,10.76,1013582,1123010560.0,-0.5,-4.440497335701599
2020-01-17,15:00,sz000676,智度股份,10.6,10.94,10.4,10.45,552387,587313664.0,-0.31,-2.8810408921933086
2020-01-20,15:00,sz000676,智度股份,10.39,10.64,10.19,10.51,401383,418271744.0,0.06,0.5741626794258373
2020-01-21,15:00,sz000676,智度股份,10.4,10.4,9.97,10.02,419926,426892256.0,-0.49,-4.662226450999048
2020-01-22,15:00,sz000676,智度股份,10.0,10.2,9.68,10.06,331536,330536800.0,0.04,0.3992015968063871
2020-01-23,15:00,sz000676,智度股份,9.8,10.11,9.21,9.4,374596,361675904.0,-0.66,-6.560636182902585
2020-02-03,15:00,sz000676,智度股份,8.46,8.46,8.46,8.46,21311,18029106.0,-0.94,-10.0
2020-02-04,15:00,sz000676,智度股份,7.61,8.33,7.61,8.13,416948,337246880.0,-0.33,-3.900709219858156
2020-02-05,15:00,sz000676,智度股份,8.23,8.67,8.22,8.45,397366,336764640.0,0.32,3.936039360393604
2020-02-06,15:00,sz000676,智度股份,8.56,8.9,8.42,8.8,393168,343836608.0,0.35,4.142011834319527
2020-02-07,15:00,sz000676,智度股份,8.8,9.25,8.7,9.17,467520,425256512.0,0.37,4.204545454545454
2020-02-10,15:00,sz000676,智度股份,9.16,9.36,9.03,9.19,354699,325963552.0,0.02,0.218102508178844
2020-02-11,15:00,sz000676,智度股份,9.31,9.35,8.91,9.0,290750,262408352.0,-0.19,-2.067464635473341
2020-02-12,15:00,sz000676,智度股份,9.03,9.25,9.03,9.22,301902,276816384.0,0.22,2.4444444444444446
2020-02-13,15:00,sz000676,智度股份,9.6,9.78,9.23,9.25,499790,474051360.0,0.03,0.3253796095444685
2020-02-14,15:00,sz000676,智度股份,8.97,9.27,8.91,9.07,370436,336790976.0,-0.18,-1.9459459459459456
2020-02-17,15:00,sz000676,智度股份,9.03,9.38,9.03,9.35,356992,330419584.0,0.28,3.0871003307607494
2020-02-18,15:00,sz000676,智度股份,9.44,9.84,9.23,9.74,590694,563717696.0,0.39,4.171122994652406
2020-02-19,15:00,sz000676,智度股份,9.61,9.7,9.3,9.33,415981,394770272.0,-0.41,-4.209445585215605
2020-02-20,15:00,sz000676,智度股份,9.33,9.49,9.16,9.45,370811,346884896.0,0.12,1.2861736334405145
2020-02-21,15:00,sz000676,智度股份,9.41,10.03,9.33,10.0,748541,732793216.0,0.55,5.82010582010582
2020-02-24,15:00,sz000676,智度股份,9.78,10.25,9.68,10.1,709920,707389696.0,0.1,1.0
2020-02-25,15:00,sz000676,智度股份,9.77,9.95,9.34,9.85,578987,560804736.0,-0.25,-2.4752475247524752
2020-02-26,15:00,sz000676,智度股份,9.66,9.75,9.2,9.29,392474,373932128.0,-0.56,-5.685279187817259
2020-02-27,15:00,sz000676,智度股份,9.3,9.47,9.03,9.23,259767,242001008.0,-0.06,-0.6458557588805167
2020-02-28,15:00,sz000676,智度股份,8.79,8.99,8.32,8.4,344039,298206144.0,-0.83,-8.992416034669557
2020-03-02,15:00,sz000676,智度股份,8.51,9.1,8.46,9.08,310445,272188864.0,0.68,8.095238095238095
2020-03-03,15:00,sz000676,智度股份,9.23,9.86,9.19,9.52,543731,517206784.0,0.44,4.845814977973569
2020-03-04,15:00,sz000676,智度股份,9.4,10.2,9.38,10.04,744262,734768320.0,0.52,5.46218487394958
2020-03-05,15:00,sz000676,智度股份,10.1,10.16,9.84,9.93,507542,505046208.0,-0.11,-1.0956175298804782
2020-03-06,15:00,sz000676,智度股份,9.78,10.36,9.72,10.25,601068,611184256.0,0.32,3.2225579053373616
2020-03-09,15:00,sz000676,智度股份,9.91,10.08,9.31,9.33,516078,496311968.0,-0.92,-8.97560975609756
2020-03-10,15:00,sz000676,智度股份,9.17,9.62,9.07,9.6,328942,308082560.0,0.27,2.893890675241157
2020-03-11,15:00,sz000676,智度股份,9.65,9.86,9.25,9.25,348966,333410304.0,-0.35,-3.6458333333333335
2020-03-12,15:00,sz000676,智度股份,9.0,9.17,8.8,8.93,263274,236787520.0,-0.32,-3.45945945945946
2020-03-13,15:00,sz000676,智度股份,8.48,8.88,8.25,8.73,255655,219294624.0,-0.2,-2.2396416573348263
2020-03-16,15:00,sz000676,智度股份,8.88,8.98,8.06,8.1,277257,235517344.0,-0.63,-7.216494845360824
2020-03-17,15:00,sz000676,智度股份,8.28,8.31,7.73,8.18,218891,176490224.0,0.08,0.9876543209876544
2020-03-18,15:00,sz000676,智度股份,8.28,8.37,7.97,8.01,197588,162166048.0,-0.17,-2.078239608801956
2020-03-19,15:00,sz000676,智度股份,7.95,8.15,7.82,8.11,183298,146754528.0,0.1,1.2484394506866416
2020-03-20,15:00,sz000676,智度股份,8.22,8.26,7.96,8.13,142946,115822168.0,0.02,0.2466091245376079
2020-03-23,15:00,sz000676,智度股份,7.86,7.99,7.61,7.68,151238,118215888.0,-0.45,-5.535055350553505
2020-03-24,15:00,sz000676,智度股份,7.82,7.97,7.7,7.93,172286,135052640.0,0.25,3.255208333333333
2020-03-25,15:00,sz000676,智度股份,8.13,8.29,7.95,8.18,228709,185884240.0,0.25,3.152585119798234
2020-03-26,15:00,sz000676,智度股份,8.1,8.16,7.94,7.96,147197,118521344.0,-0.22,-2.689486552567237
2020-03-27,15:00,sz000676,智度股份,8.06,8.12,7.82,7.83,124154,99096312.0,-0.13,-1.6331658291457287
2020-03-30,15:00,sz000676,智度股份,7.66,7.66,7.3,7.37,155017,114935744.0,-0.46,-5.874840357598978
2020-03-31,15:00,sz000676,智度股份,7.46,7.5,7.22,7.26,96865,71205040.0,-0.11,-1.4925373134328357
2020-04-01,15:00,sz000676,智度股份,7.2,7.4,7.17,7.23,82902,60375020.0,-0.03,-0.4132231404958678
2020-04-02,15:00,sz000676,智度股份,7.26,7.5,7.12,7.5,130670,95928472.0,0.27,3.734439834024896
2020-04-03,15:00,sz000676,智度股份,7.43,7.46,7.28,7.29,112054,82317088.0,-0.21,-2.8000000000000003
2020-04-07,15:00,sz000676,智度股份,7.61,8.02,7.61,8.02,136257,107594616.0,0.73,10.013717421124827
2020-04-08,15:00,sz000676,智度股份,8.24,8.48,8.17,8.25,453976,378212896.0,0.23,2.8678304239401498
2020-04-09,15:00,sz000676,智度股份,8.21,8.62,8.21,8.3,324310,271999136.0,0.05,0.6060606060606061
2020-04-10,15:00,sz000676,智度股份,8.17,8.19,7.84,7.85,239445,191706064.0,-0.45,-5.421686746987952
2020-04-13,15:00,sz000676,智度股份,7.86,7.86,7.63,7.68,130855,101111848.0,-0.17,-2.165605095541401
2020-04-14,15:00,sz000676,智度股份,7.77,8.22,7.73,8.15,253623,202759264.0,0.47,6.119791666666666
2020-04-15,15:00,sz000676,智度股份,8.14,8.49,8.02,8.04,305578,252077168.0,-0.11,-1.3496932515337423
2020-04-16,15:00,sz000676,智度股份,8.15,8.75,8.06,8.6,582786,489817408.0,0.56,6.965174129353234
2020-04-17,15:00,sz000676,智度股份,8.63,8.76,8.24,8.28,490849,416074976.0,-0.32,-3.72093023255814
2020-04-20,15:00,sz000676,智度股份,8.15,8.55,8.02,8.42,349161,290428032.0,0.14,1.6908212560386473
2020-04-21,15:00,sz000676,智度股份,8.28,8.33,8.06,8.23,255637,209498816.0,-0.19,-2.256532066508313
2020-04-22,15:00,sz000676,智度股份,8.07,8.43,8.03,8.3,238417,196137840.0,0.07,0.850546780072904
2020-04-23,15:00,sz000676,智度股份,8.35,8.42,8.08,8.18,260697,214875984.0,-0.12,-1.4457831325301205
2020-04-24,15:00,sz000676,智度股份,8.15,8.15,7.77,7.81,232925,185452432.0,-0.37,-4.52322738386308
2020-04-27,15:00,sz000676,智度股份,7.8,7.94,7.63,7.67,130284,101614912.0,-0.14,-1.792573623559539
2020-04-28,15:00,sz000676,智度股份,7.6,7.63,7.13,7.28,193144,141665632.0,-0.39,-5.084745762711865
2020-04-29,15:00,sz000676,智度股份,7.27,7.41,7.21,7.25,99063,72407392.0,-0.03,-0.4120879120879121
2020-04-30,15:00,sz000676,智度股份,7.32,7.52,7.3,7.46,126771,94174344.0,0.21,2.896551724137931
2020-05-06,15:00,sz000676,智度股份,7.33,7.62,7.28,7.62,124345,93402520.0,0.16,2.1447721179624666
2020-05-07,15:00,sz000676,智度股份,7.65,7.66,7.4,7.43,112934,84664680.0,-0.19,-2.493438320209974
2020-05-08,15:00,sz000676,智度股份,7.51,7.83,7.51,7.62,173977,133635288.0,0.19,2.557200538358008
2020-05-11,15:00,sz000676,智度股份,7.56,7.67,7.38,7.48,131367,98845760.0,-0.14,-1.837270341207349
2020-05-12,15:00,sz000676,智度股份,7.38,7.44,7.27,7.37,89639,65744664.0,-0.11,-1.4705882352941175
2020-05-13,15:00,sz000676,智度股份,7.31,7.41,7.3,7.4,84968,62565852.0,0.03,0.4070556309362279
2020-05-14,15:00,sz000676,智度股份,8.14,8.14,8.14,8.14,101705,82788592.0,0.74,10.0
2020-05-15,15:00,sz000676,智度股份,8.67,8.95,8.56,8.95,972666,864381120.0,0.81,9.950859950859952
2020-05-18,15:00,sz000676,智度股份,9.0,9.21,8.11,8.55,1179078,1010368832.0,-0.4,-4.46927374301676
2020-05-19,15:00,sz000676,智度股份,8.36,8.6,8.17,8.38,678368,566781312.0,-0.17,-1.988304093567252
2020-05-20,15:00,sz000676,智度股份,8.1,9.22,8.0,9.22,820979,711875584.0,0.84,10.023866348448689
2020-05-21,15:00,sz000676,智度股份,8.8,9.2,8.38,8.43,997052,874660032.0,-0.79,-8.568329718004339
2020-05-22,15:00,sz000676,智度股份,8.19,9.17,8.19,8.61,862528,748287808.0,0.18,2.135231316725979
2020-05-25,15:00,sz000676,智度股份,8.39,8.83,8.21,8.63,631096,537587008.0,0.02,0.2322880371660859
2020-05-26,15:00,sz000676,智度股份,8.48,8.95,8.22,8.82,750025,649535680.0,0.19,2.20162224797219
2020-05-27,15:00,sz000676,智度股份,8.62,8.7,8.32,8.54,555966,473085536.0,-0.28,-3.1746031746031744
2020-05-28,15:00,sz000676,智度股份,8.3,8.58,8.19,8.45,405362,339784800.0,-0.09,-1.053864168618267
2020-05-29,15:00,sz000676,智度股份,8.29,8.66,8.24,8.31,507103,429308736.0,-0.14,-1.656804733727811
2020-06-01,15:00,sz000676,智度股份,8.45,8.98,8.32,8.82,737314,643423744.0,0.51,6.137184115523466
2020-06-02,15:00,sz000676,智度股份,8.83,9.48,8.71,9.24,1056017,961393664.0,0.42,4.761904761904762
2020-06-03,15:00,sz000676,智度股份,9.1,9.42,8.91,9.1,824903,753921152.0,-0.14,-1.5151515151515151
2020-06-04,15:00,sz000676,智度股份,9.19,9.19,8.77,8.79,496987,443625248.0,-0.31,-3.4065934065934065
2020-06-05,15:00,sz000676,智度股份,8.81,8.86,8.53,8.57,375291,323994368.0,-0.22,-2.502844141069397
2020-06-08,15:00,sz000676,智度股份,8.6,8.77,8.55,8.58,251161,216717344.0,0.01,0.116686114352392
2020-06-09,15:00,sz000676,智度股份,8.53,8.96,8.36,8.88,472921,413161632.0,0.3,3.4965034965034967
2020-06-10,15:00,sz000676,智度股份,8.8,8.8,8.45,8.52,324969,278817696.0,-0.36,-4.054054054054054
2020-06-11,15:00,sz000676,智度股份,8.48,8.69,8.39,8.55,266030,226915248.0,0.03,0.352112676056338
2020-06-12,15:00,sz000676,智度股份,8.29,8.5,8.28,8.4,204491,171698944.0,-0.15,-1.7543859649122806
2020-06-15,15:00,sz000676,智度股份,8.38,8.63,8.33,8.43,264915,225763408.0,0.03,0.3571428571428571
2020-06-16,15:00,sz000676,智度股份,8.58,8.83,8.52,8.63,274803,237615728.0,0.2,2.372479240806643
2020-06-17,15:00,sz000676,智度股份,8.72,9.2,8.56,9.16,711114,633567616.0,0.53,6.141367323290845
2020-06-18,15:00,sz000676,智度股份,9.08,9.19,8.78,8.85,460350,411615840.0,-0.31,-3.384279475982533
2020-06-19,15:00,sz000676,智度股份,8.77,8.93,8.67,8.77,335198,294325664.0,-0.08,-0.903954802259887
2020-06-22,15:00,sz000676,智度股份,8.72,8.87,8.7,8.83,289336,254380688.0,0.06,0.6841505131128849
2020-06-23,15:00,sz000676,智度股份,8.82,9.06,8.75,8.93,398955,356832288.0,0.1,1.1325028312570782
2020-06-24,15:00,sz000676,智度股份,8.87,8.9,8.45,8.53,369323,318011520.0,-0.4,-4.479283314669653
2020-06-29,15:00,sz000676,智度股份,8.41,8.53,8.29,8.45,218349,182597744.0,-0.08,-0.9378663540445484
2020-06-30,15:00,sz000676,智度股份,8.39,8.65,8.36,8.54,204988,174732560.0,0.09,1.0650887573964496
2020-07-01,15:00,sz000676,智度股份,8.5,8.57,8.31,8.41,224481,188466176.0,-0.13,-1.5222482435597189
2020-07-02,15:00,sz000676,智度股份,8.36,8.49,8.33,8.44,221166,186266048.0,0.03,0.356718192627824
2020-07-03,15:00,sz000676,智度股份,8.42,8.58,8.34,8.54,343458,290951744.0,0.1,1.1848341232227488
2020-07-06,15:00,sz000676,智度股份,8.68,8.96,8.57,8.91,492366,432974944.0,0.37,4.332552693208431
2020-07-07,15:00,sz000676,智度股份,8.97,9.8,8.78,9.46,1009564,940498496.0,0.55,6.172839506172839
2020-07-08,15:00,sz000676,智度股份,9.32,9.81,9.22,9.71,831604,792977728.0,0.25,2.6427061310782243
2020-07-09,15:00,sz000676,智度股份,9.67,9.91,9.51,9.73,756982,736657472.0,0.02,0.2059732234809474
2020-07-10,15:00,sz000676,智度股份,9.62,9.94,9.55,9.67,541564,528249024.0,-0.06,-0.6166495375128468
2020-07-13,15:00,sz000676,智度股份,9.55,10.2,9.53,10.12,603212,599563968.0,0.45,4.653567735263702
2020-07-14,15:00,sz000676,智度股份,10.14,10.25,9.5,9.71,593946,585083264.0,-0.41,-4.051383399209486
2020-07-15,15:00,sz000676,智度股份,9.71,9.79,9.13,9.16,494063,463958240.0,-0.55,-5.664263645726056
2020-07-16,15:00,sz000676,智度股份,9.18,9.39,8.64,8.72,446127,405361920.0,-0.44,-4.80349344978166
2020-07-17,15:00,sz000676,智度股份,8.69,8.78,8.43,8.61,305172,261873616.0,-0.11,-1.261467889908257
2020-07-20,15:00,sz000676,智度股份,8.64,8.84,8.52,8.83,258937,225188272.0,0.22,2.5551684088269457
2020-07-21,15:00,sz000676,智度股份,8.92,9.15,8.68,8.78,258897,230261600.0,-0.05,-0.5662514156285391
2020-07-22,15:00,sz000676,智度股份,8.82,9.17,8.68,8.93,407518,364068320.0,0.15,1.7084282460136675
2020-07-23,15:00,sz000676,智度股份,8.8,8.8,8.5,8.66,318424,274981536.0,-0.27,-3.023516237402016
2020-07-24,15:00,sz000676,智度股份,8.57,8.7,8.02,8.1,291170,242787280.0,-0.56,-6.466512702078522
2020-07-27,15:00,sz000676,智度股份,8.1,8.23,7.86,7.93,200636,160696336.0,-0.17,-2.098765432098765
2020-07-28,15:00,sz000676,智度股份,8.09,8.35,8.02,8.2,252525,207342912.0,0.27,3.4047919293820934
2020-07-29,15:00,sz000676,智度股份,8.12,8.3,8.03,8.26,235123,192841520.0,0.06,0.7317073170731708
2020-07-30,15:00,sz000676,智度股份,8.23,8.32,8.08,8.1,208782,170412048.0,-0.16,-1.937046004842615
2020-07-31,15:00,sz000676,智度股份,8.08,8.37,8.05,8.33,246682,202601648.0,0.23,2.8395061728395063
2020-08-03,15:00,sz000676,智度股份,8.39,8.55,8.33,8.49,266209,225275360.0,0.16,1.9207683073229287
2020-08-04,15:00,sz000676,智度股份,8.58,8.9,8.54,8.58,379144,329453152.0,0.09,1.060070671378092
2020-08-05,15:00,sz000676,智度股份,8.5,8.5,8.26,8.43,255657,214264832.0,-0.15,-1.7482517482517483
2020-08-06,15:00,sz000676,智度股份,8.49,8.67,8.36,8.55,295430,252227520.0,0.12,1.4234875444839856
2020-08-07,15:00,sz000676,智度股份,8.46,8.49,8.15,8.24,226651,187729168.0,-0.31,-3.625730994152047
2020-08-10,15:00,sz000676,智度股份,8.22,8.36,8.18,8.31,126545,104995240.0,0.07,0.8495145631067961
2020-08-11,15:00,sz000676,智度股份,8.3,8.31,8.06,8.09,150942,123517152.0,-0.22,-2.6474127557160045
2020-08-12,15:00,sz000676,智度股份,8.02,8.14,7.87,8.14,152168,121641888.0,0.05,0.6180469715698393
2020-08-13,15:00,sz000676,智度股份,8.14,8.17,8.08,8.12,86795,70543688.0,-0.02,-0.2457002457002457
2020-08-14,15:00,sz000676,智度股份,8.12,8.24,8.03,8.23,150704,123113712.0,0.11,1.354679802955665
2020-08-17,15:00,sz000676,智度股份,8.26,8.53,8.26,8.4,215120,180858192.0,0.17,2.0656136087484813
2020-08-18,15:00,sz000676,智度股份,8.44,8.52,8.34,8.38,162714,136731264.0,-0.02,-0.2380952380952381
2020-08-19,15:00,sz000676,智度股份,8.35,8.35,8.13,8.15,147773,121229352.0,-0.23,-2.7446300715990453
2020-08-20,15:00,sz000676,智度股份,8.1,8.38,8.02,8.2,166402,137487056.0,0.05,0.6134969325153374
2020-08-21,15:00,sz000676,智度股份,8.24,8.42,8.19,8.29,160584,133340856.0,0.09,1.097560975609756
2020-08-24,15:00,sz000676,智度股份,8.31,8.37,8.1,8.27,153871,127338008.0,-0.02,-0.241254523522316
2020-08-25,15:00,sz000676,智度股份,8.25,8.4,8.23,8.38,186178,155259744.0,0.11,1.3301088270858523
2020-08-26,15:00,sz000676,智度股份,8.39,8.4,8.06,8.08,202606,165401824.0,-0.3,-3.579952267303103
2020-08-27,15:00,sz000676,智度股份,8.05,8.12,7.98,8.03,109750,88256936.0,-0.05,-0.6188118811881188
2020-08-28,15:00,sz000676,智度股份,8.0,8.05,7.9,8.01,158710,126490168.0,-0.02,-0.24906600249066
2020-08-31,15:00,sz000676,智度股份,8.02,8.2,8.02,8.05,146029,118513368.0,0.04,0.4993757802746567
2020-09-01,15:00,sz000676,智度股份,8.03,8.05,7.95,8.0,90536,72265344.0,-0.05,-0.6211180124223602
2020-09-02,15:00,sz000676,智度股份,7.99,8.12,7.95,8.1,131293,105712296.0,0.1,1.25
2020-09-03,15:00,sz000676,智度股份,8.11,8.12,7.91,7.93,130333,104217536.0,-0.17,-2.098765432098765
2020-09-04,15:00,sz000676,智度股份,7.83,7.88,7.7,7.87,95663,74631360.0,-0.06,-0.7566204287515763
2020-09-07,15:00,sz000676,智度股份,7.82,7.94,7.65,7.67,138987,108419776.0,-0.2,-2.541296060991105
2020-09-08,15:00,sz000676,智度股份,7.69,7.9,7.51,7.89,150682,115297672.0,0.22,2.86831812255541
2020-09-09,15:00,sz000676,智度股份,7.66,7.93,7.6,7.71,160949,124884824.0,-0.18,-2.281368821292776
2020-09-10,15:00,sz000676,智度股份,7.76,7.87,7.39,7.46,126024,95757464.0,-0.25,-3.24254215304799
2020-09-11,15:00,sz000676,智度股份,7.46,7.54,7.34,7.5,64823,48265592.0,0.04,0.5361930294906166
2020-09-14,15:00,sz000676,智度股份,7.57,7.6,7.44,7.51,62894,47314316.0,0.01,0.1333333333333333
2020-09-15,15:00,sz000676,智度股份,7.57,7.57,7.43,7.47,58703,43922604.0,-0.04,-0.5326231691078562
2020-09-16,15:00,sz000676,智度股份,7.45,7.46,7.32,7.35,69301,51126688.0,-0.12,-1.6064257028112447
2020-09-17,15:00,sz000676,智度股份,7.35,7.39,7.22,7.34,83315,60716296.0,-0.01,-0.1360544217687074
2020-09-18,15:00,sz000676,智度股份,7.31,7.51,7.31,7.51,83162,61724936.0,0.17,2.316076294277929
2020-09-21,15:00,sz000676,智度股份,7.57,7.73,7.51,7.61,117374,89790408.0,0.1,1.3315579227696404
2020-09-22,15:00,sz000676,智度股份,7.7,7.81,7.57,7.62,116482,89531000.0,0.01,0.1314060446780552
2020-09-23,15:00,sz000676,智度股份,7.57,7.62,7.43,7.48,71509,53585684.0,-0.14,-1.837270341207349
2020-09-24,15:00,sz000676,智度股份,7.4,7.43,7.26,7.29,77463,56880244.0,-0.19,-2.5401069518716577
2020-09-25,15:00,sz000676,智度股份,7.37,7.38,7.22,7.26,50891,37013820.0,-0.03,-0.411522633744856
2020-09-28,15:00,sz000676,智度股份,7.27,7.28,7.12,7.12,45904,32985852.0,-0.14,-1.9283746556473829
2020-09-29,15:00,sz000676,智度股份,7.15,7.28,7.15,7.18,43806,31601386.0,0.06,0.8426966292134831
2020-09-30,15:00,sz000676,智度股份,7.23,7.23,7.13,7.15,34808,24941882.0,-0.03,-0.4178272980501393
2020-10-09,15:00,sz000676,智度股份,7.28,7.31,7.24,7.3,55936,40751692.0,0.15,2.097902097902098
2020-10-12,15:00,sz000676,智度股份,7.38,7.55,7.37,7.53,104067,78020920.0,0.23,3.150684931506849
2020-10-13,15:00,sz000676,智度股份,7.49,7.49,7.37,7.43,74991,55555488.0,-0.1,-1.3280212483399734
2020-10-14,15:00,sz000676,智度股份,7.4,7.42,7.25,7.25,73138,53490812.0,-0.18,-2.4226110363391657
2020-10-15,15:00,sz000676,智度股份,7.23,7.28,6.55,6.7,281214,191185648.0,-0.55,-7.586206896551724
2020-10-16,15:00,sz000676,智度股份,6.71,6.74,6.61,6.72,92523,61557852.0,0.02,0.2985074626865672
2020-10-19,15:00,sz000676,智度股份,6.72,6.84,6.67,6.71,66360,44779684.0,-0.01,-0.1488095238095238
2020-10-20,15:00,sz000676,智度股份,6.65,6.72,6.6,6.7,71310,47416356.0,-0.01,-0.1490312965722801
2020-10-21,15:00,sz000676,智度股份,6.68,6.69,6.52,6.54,79179,52091152.0,-0.16,-2.388059701492537
2020-10-22,15:00,sz000676,智度股份,6.51,6.53,6.36,6.42,90729,58382752.0,-0.12,-1.834862385321101
2020-10-23,15:00,sz000676,智度股份,6.4,6.49,6.27,6.29,93520,59393372.0,-0.13,-2.0249221183800623
2020-10-26,15:00,sz000676,智度股份,6.26,6.32,6.12,6.29,63520,39644608.0,0.0,0.0
2020-10-27,15:00,sz000676,智度股份,6.25,6.3,6.18,6.2,53555,33325568.0,-0.09,-1.4308426073131957
2020-10-28,15:00,sz000676,智度股份,6.2,6.21,6.04,6.14,68053,41614932.0,-0.06,-0.967741935483871
2020-10-29,15:00,sz000676,智度股份,6.06,6.12,6.01,6.05,77573,47010840.0,-0.09,-1.4657980456026058
2020-10-30,15:00,sz000676,智度股份,6.06,6.11,5.82,5.86,100265,59622972.0,-0.19,-3.1404958677685952
2020-11-02,15:00,sz000676,智度股份,5.85,5.88,5.63,5.79,109518,63089200.0,-0.07,-1.1945392491467577
2020-11-03,15:00,sz000676,智度股份,5.83,5.97,5.78,5.93,71202,42053672.0,0.14,2.417962003454232
2020-11-04,15:00,sz000676,智度股份,5.94,5.98,5.86,5.88,60512,35711944.0,-0.05,-0.8431703204047217
2020-11-05,15:00,sz000676,智度股份,5.94,6.02,5.88,5.95,64520,38315792.0,0.07,1.1904761904761905
2020-11-06,15:00,sz000676,智度股份,6.0,6.55,5.98,6.55,476772,310297696.0,0.6,10.084033613445378
2020-11-09,15:00,sz000676,智度股份,6.4,6.73,6.4,6.62,504265,331435616.0,0.07,1.068702290076336
2020-11-10,15:00,sz000676,智度股份,6.58,6.65,6.36,6.41,217961,140839712.0,-0.21,-3.1722054380664653
2020-11-11,15:00,sz000676,智度股份,6.38,6.54,6.27,6.42,175666,112000936.0,0.01,0.15600624024961
2020-11-12,15:00,sz000676,智度股份,6.41,6.65,6.36,6.55,278602,182438144.0,0.13,2.0249221183800623
2020-11-13,15:00,sz000676,智度股份,6.45,6.74,6.41,6.61,188734,124229424.0,0.06,0.9160305343511452
2020-11-16,15:00,sz000676,智度股份,6.75,6.75,6.46,6.56,133163,87333352.0,-0.05,-0.7564296520423601
2020-11-17,15:00,sz000676,智度股份,6.6,6.6,6.1,6.16,241913,151720432.0,-0.4,-6.097560975609756
2020-11-18,15:00,sz000676,智度股份,6.18,6.66,6.05,6.35,233084,149691392.0,0.19,3.0844155844155843
2020-11-19,15:00,sz000676,智度股份,6.35,6.38,6.19,6.23,135722,84910936.0,-0.12,-1.889763779527559
2020-11-20,15:00,sz000676,智度股份,6.24,6.25,6.1,6.24,116970,72177496.0,0.01,0.160513643659711
2020-11-23,15:00,sz000676,智度股份,6.27,6.27,6.1,6.17,122915,75666680.0,-0.07,-1.1217948717948718
2020-11-24,15:00,sz000676,智度股份,6.16,6.24,6.12,6.13,87673,54040664.0,-0.04,-0.6482982171799028
2020-11-25,15:00,sz000676,智度股份,6.15,6.2,6.09,6.1,84777,51980180.0,-0.03,-0.4893964110929852
2020-11-26,15:00,sz000676,智度股份,6.1,6.11,5.99,6.01,82947,50013080.0,-0.09,-1.475409836065574
2020-11-27,15:00,sz000676,智度股份,5.98,6.08,5.95,6.04,67565,40516236.0,0.03,0.4991680532445923
2020-11-30,15:00,sz000676,智度股份,6.04,6.14,6.0,6.08,86875,52924328.0,0.04,0.6622516556291391
2020-12-01,15:00,sz000676,智度股份,6.14,6.26,6.13,6.18,113149,69961920.0,0.1,1.644736842105263
2020-12-02,15:00,sz000676,智度股份,6.13,6.23,6.11,6.18,82845,51146244.0,0.0,0.0
2020-12-03,15:00,sz000676,智度股份,6.18,6.21,6.13,6.15,67058,41316088.0,-0.03,-0.4854368932038834
2020-12-04,15:00,sz000676,智度股份,6.12,6.18,6.09,6.1,55369,33874472.0,-0.05,-0.8130081300813009
2020-12-07,15:00,sz000676,智度股份,6.09,6.12,6.02,6.02,58374,35291428.0,-0.08,-1.3114754098360657
2020-12-08,15:00,sz000676,智度股份,6.02,6.18,5.96,6.15,104295,63235908.0,0.13,2.1594684385382057
2020-12-09,15:00,sz000676,智度股份,6.15,6.19,6.0,6.02,60567,36917112.0,-0.13,-2.113821138211382
2020-12-10,15:00,sz000676,智度股份,6.01,6.01,5.87,5.88,71041,42053252.0,-0.14,-2.3255813953488373
2020-12-11,15:00,sz000676,智度股份,5.96,5.96,5.76,5.82,71097,41287620.0,-0.06,-1.020408163265306
2020-12-14,15:00,sz000676,智度股份,5.77,5.91,5.75,5.85,36793,21467044.0,0.03,0.5154639175257731
2020-12-15,15:00,sz000676,智度股份,5.86,5.86,5.78,5.79,38960,22605530.0,-0.06,-1.0256410256410255
2020-12-16,15:00,sz000676,智度股份,5.79,5.8,5.64,5.65,59704,33910512.0,-0.14,-2.417962003454232
2020-12-17,15:00,sz000676,智度股份,5.68,5.77,5.4,5.72,128266,71607640.0,0.07,1.238938053097345
2020-12-18,15:00,sz000676,智度股份,5.65,5.72,5.54,5.54,77637,43700216.0,-0.18,-3.146853146853147
2020-12-21,15:00,sz000676,智度股份,5.58,5.63,5.5,5.62,62633,34915820.0,0.08,1.444043321299639
2020-12-22,15:00,sz000676,智度股份,5.6,5.6,5.42,5.45,69770,38389364.0,-0.17,-3.0249110320284696
2020-12-23,15:00,sz000676,智度股份,5.45,5.5,5.25,5.28,120706,64451696.0,-0.17,-3.1192660550458715
2020-12-24,15:00,sz000676,智度股份,5.24,5.24,5.0,5.02,153502,78155424.0,-0.26,-4.924242424242424
2020-12-25,15:00,sz000676,智度股份,5.01,5.1,4.93,5.02,91783,46112828.0,0.0,0.0
2020-12-28,15:00,sz000676,智度股份,5.01,5.1,4.91,5.0,102816,51528472.0,-0.02,-0.398406374501992
2020-12-29,15:00,sz000676,智度股份,5.04,5.5,5.04,5.5,117233,63267164.0,0.5,10.0
2020-12-30,15:00,sz000676,智度股份,5.63,6.05,5.53,6.05,455236,266536864.0,0.55,10.0
2020-12-31,15:00,sz000676,智度股份,6.35,6.66,6.3,6.66,650782,426923680.0,0.61,10.082644628099173
2021-01-04,15:00,sz000676,智度股份,7.33,7.33,7.01,7.33,1101110,798066944.0,0.67,10.06006006006006
2021-01-05,15:00,sz000676,智度股份,7.06,7.79,6.66,6.66,1292588,940277376.0,-0.67,-9.140518417462484
2021-01-06,15:00,sz000676,智度股份,6.54,7.23,6.31,6.96,1151284,791129088.0,0.3,4.504504504504505
2021-01-07,15:00,sz000676,智度股份,6.66,6.77,6.26,6.26,910511,588171200.0,-0.7,-10.057471264367816
2021-01-08,15:00,sz000676,智度股份,6.49,6.69,6.25,6.32,762015,494695712.0,0.06,0.9584664536741214
2021-01-11,15:00,sz000676,智度股份,6.05,6.36,5.88,5.9,664820,404421920.0,-0.42,-6.645569620253164
2021-01-12,15:00,sz000676,智度股份,5.8,5.84,5.57,5.7,444663,252468736.0,-0.2,-3.389830508474576
2021-01-13,15:00,sz000676,智度股份,5.59,5.71,5.42,5.62,399683,221626656.0,-0.08,-1.4035087719298245
2021-01-14,15:00,sz000676,智度股份,5.58,5.85,5.32,5.71,575487,322156160.0,0.09,1.601423487544484
2021-01-15,15:00,sz000676,智度股份,5.58,5.63,5.44,5.49,356841,197295408.0,-0.22,-3.852889667250438
2021-01-18,15:00,sz000676,智度股份,5.45,5.62,5.39,5.57,295621,163758688.0,0.08,1.4571948998178506
2021-01-19,15:00,sz000676,智度股份,5.53,5.67,5.5,5.6,263008,146657536.0,0.03,0.5385996409335727
2021-01-20,15:00,sz000676,智度股份,5.61,5.62,5.39,5.43,222525,121163072.0,-0.17,-3.0357142857142856
2021-01-21,15:00,sz000676,智度股份,5.4,5.54,5.37,5.43,211317,114920216.0,0.0,0.0
2021-01-22,15:00,sz000676,智度股份,5.43,5.43,5.2,5.23,241375,127167960.0,-0.2,-3.683241252302026
2021-01-25,15:00,sz000676,智度股份,5.23,5.3,5.13,5.19,162444,84625104.0,-0.04,-0.7648183556405354
2021-01-26,15:00,sz000676,智度股份,5.11,5.48,5.11,5.3,293417,157279472.0,0.11,2.119460500963391
2021-01-27,15:00,sz000676,智度股份,5.28,5.36,5.15,5.28,183477,96452208.0,-0.02,-0.3773584905660377
2021-01-28,15:00,sz000676,智度股份,5.25,5.5,5.2,5.29,224603,120438312.0,0.01,0.1893939393939394
2021-01-29,15:00,sz000676,智度股份,5.22,5.33,5.02,5.07,206097,105676472.0,-0.22,-4.158790170132325
2021-02-01,15:00,sz000676,智度股份,4.56,4.85,4.56,4.83,280095,132243808.0,-0.24,-4.733727810650888
2021-02-02,15:00,sz000676,智度股份,4.78,4.95,4.67,4.82,158962,76680712.0,-0.01,-0.2070393374741201
2021-02-03,15:00,sz000676,智度股份,4.82,4.86,4.62,4.63,159021,74996336.0,-0.19,-3.941908713692946
2021-02-04,15:00,sz000676,智度股份,4.63,4.67,4.39,4.51,166163,74830168.0,-0.12,-2.591792656587473
2021-02-05,15:00,sz000676,智度股份,4.49,4.75,4.4,4.4,153380,69783080.0,-0.11,-2.4390243902439024
2021-02-08,15:00,sz000676,智度股份,4.39,4.47,4.27,4.3,170791,74361184.0,-0.1,-2.272727272727273
2021-02-09,15:00,sz000676,智度股份,4.73,4.73,4.73,4.73,45172,21366606.0,0.43,10.0
2021-02-10,15:00,sz000676,智度股份,4.99,5.12,4.6,4.63,418553,204133952.0,-0.1,-2.1141649048625792
2021-02-18,15:00,sz000676,智度股份,4.99,5.09,4.88,5.09,167780,84493384.0,0.46,9.935205183585314
2021-02-19,15:00,sz000676,智度股份,5.28,5.44,5.11,5.3,573583,303211936.0,0.21,4.12573673870334
2021-02-22,15:00,sz000676,智度股份,5.2,5.55,5.2,5.25,539410,287238144.0,-0.05,-0.9433962264150944
2021-02-23,15:00,sz000676,智度股份,5.01,5.1,4.85,4.87,386520,190575648.0,-0.38,-7.238095238095238
2021-02-24,15:00,sz000676,智度股份,4.91,5.36,4.85,5.36,502745,260349072.0,0.49,10.061601642710473
2021-02-25,15:00,sz000676,智度股份,5.36,5.9,5.15,5.65,806651,441613888.0,0.29,5.410447761194029
2021-02-26,15:00,sz000676,智度股份,5.38,5.66,5.31,5.45,481224,263108352.0,-0.2,-3.5398230088495577
2021-03-01,15:00,sz000676,智度股份,5.49,5.66,5.38,5.49,376564,206890960.0,0.04,0.7339449541284404
2021-03-02,15:00,sz000676,智度股份,5.61,5.93,5.46,5.74,538377,305921856.0,0.25,4.553734061930783
2021-03-03,15:00,sz000676,智度股份,5.64,5.73,5.5,5.68,333803,187353808.0,-0.06,-1.0452961672473868
2021-03-04,15:00,sz000676,智度股份,5.6,5.96,5.53,5.74,460594,264273568.0,0.06,1.056338028169014
2021-03-05,15:00,sz000676,智度股份,5.66,5.91,5.66,5.81,367936,213047568.0,0.07,1.2195121951219512
2021-03-08,15:00,sz000676,智度股份,5.78,5.83,5.47,5.48,342610,193510624.0,-0.33,-5.679862306368331
2021-03-09,15:00,sz000676,智度股份,5.45,5.5,5.18,5.25,266293,141444496.0,-0.23,-4.197080291970803
2021-03-10,15:00,sz000676,智度股份,5.4,5.46,5.22,5.27,184188,97736416.0,0.02,0.3809523809523809
2021-03-11,15:00,sz000676,智度股份,5.27,5.36,5.16,5.32,187056,98922592.0,0.05,0.9487666034155596
2021-03-12,15:00,sz000676,智度股份,5.3,5.31,5.08,5.15,233914,121152232.0,-0.17,-3.195488721804511
2021-03-15,15:00,sz000676,智度股份,5.21,5.39,5.19,5.23,231302,122164120.0,0.08,1.5533980582524272
2021-03-16,15:00,sz000676,智度股份,5.17,5.69,5.14,5.6,387980,209708928.0,0.37,7.074569789674952
2021-03-17,15:00,sz000676,智度股份,5.49,5.73,5.44,5.57,325192,180873680.0,-0.03,-0.5357142857142857
2021-03-18,15:00,sz000676,智度股份,5.55,5.62,5.46,5.48,168071,92459736.0,-0.09,-1.615798922800718
2021-03-19,15:00,sz000676,智度股份,5.41,5.71,5.38,5.52,271000,150229728.0,0.04,0.7299270072992701
2021-03-22,15:00,sz000676,智度股份,5.48,5.53,5.36,5.44,209815,113820208.0,-0.08,-1.4492753623188406
2021-03-23,15:00,sz000676,智度股份,5.38,5.98,5.28,5.9,831446,481811968.0,0.46,8.455882352941178
2021-03-24,15:00,sz000676,智度股份,5.68,5.93,5.6,5.78,594837,340149184.0,-0.12,-2.0338983050847457
2021-03-25,15:00,sz000676,智度股份,5.65,6.26,5.58,6.0,737315,442242496.0,0.22,3.8062283737024223
2021-03-26,15:00,sz000676,智度股份,5.94,5.99,5.77,5.87,465589,273425824.0,-0.13,-2.166666666666667
2021-03-29,15:00,sz000676,智度股份,5.8,6.1,5.75,5.82,384216,227499840.0,-0.05,-0.8517887563884157
2021-03-30,15:00,sz000676,智度股份,5.72,5.75,5.43,5.49,411142,229149264.0,-0.33,-5.670103092783505
2021-03-31,15:00,sz000676,智度股份,5.42,5.98,5.38,5.55,416240,237038944.0,0.06,1.092896174863388
2021-04-01,15:00,sz000676,智度股份,5.51,5.59,5.38,5.4,287635,156331936.0,-0.15,-2.702702702702702
2021-04-02,15:00,sz000676,智度股份,5.43,5.94,5.35,5.77,714125,413281088.0,0.37,6.851851851851852
2021-04-06,15:00,sz000676,智度股份,5.68,6.15,5.68,6.02,722099,426539392.0,0.25,4.332755632582322
2021-04-07,15:00,sz000676,智度股份,5.87,5.98,5.8,5.92,420556,247359344.0,-0.1,-1.6611295681063123
2021-04-08,15:00,sz000676,智度股份,5.87,5.92,5.78,5.81,302508,176534240.0,-0.11,-1.858108108108108
2021-04-09,15:00,sz000676,智度股份,5.79,5.94,5.72,5.9,304384,178096256.0,0.09,1.549053356282272
2021-04-12,15:00,sz000676,智度股份,6.12,6.49,5.96,6.21,799071,499716224.0,0.31,5.2542372881355925
2021-04-13,15:00,sz000676,智度股份,6.15,6.54,6.15,6.26,637875,404198912.0,0.05,0.8051529790660225
2021-04-14,15:00,sz000676,智度股份,6.33,6.68,6.1,6.48,683741,436362880.0,0.22,3.514376996805112
2021-04-15,15:00,sz000676,智度股份,6.35,6.94,6.32,6.33,759456,499040096.0,-0.15,-2.314814814814815
2021-04-16,15:00,sz000676,智度股份,6.28,6.6,6.22,6.47,614333,395460576.0,0.14,2.211690363349131
2021-04-19,15:00,sz000676,智度股份,6.22,6.43,5.95,6.29,657359,407684000.0,-0.18,-2.7820710973724885
2021-04-20,15:00,sz000676,智度股份,6.28,6.38,6.07,6.09,464429,288291584.0,-0.2,-3.1796502384737675
2021-04-21,15:00,sz000676,智度股份,6.05,6.23,5.97,6.01,339712,206349616.0,-0.08,-1.3136288998357963
2021-04-22,15:00,sz000676,智度股份,6.0,6.19,5.94,6.15,346950,210919552.0,0.14,2.329450915141431
2021-04-23,15:00,sz000676,智度股份,6.1,6.1,5.76,5.79,366672,216356640.0,-0.36,-5.853658536585367
2021-04-26,15:00,sz000676,智度股份,5.75,6.37,5.62,6.37,720761,445088160.0,0.58,10.01727115716753
2021-04-27,15:00,sz000676,智度股份,6.62,7.01,6.5,6.69,1386416,940616768.0,0.32,5.023547880690738
2021-04-28,15:00,sz000676,智度股份,6.42,6.47,6.05,6.07,972932,606700800.0,-0.62,-9.267563527653214
2021-04-29,15:00,sz000676,智度股份,6.03,6.27,5.96,6.0,571142,347844096.0,-0.07,-1.1532125205930808
2021-04-30,15:00,sz000676,智度股份,5.87,6.32,5.74,6.11,570404,341884480.0,0.11,1.8333333333333333
2021-05-06,15:00,sz000676,智度股份,6.07,6.3,5.97,6.18,509977,312529536.0,0.07,1.1456628477905073
2021-05-07,15:00,sz000676,智度股份,6.14,6.8,6.06,6.8,1044798,689741376.0,0.62,10.032362459546926
2021-05-10,15:00,sz000676,智度股份,7.06,7.39,6.83,7.12,1459662,1036021440.0,0.32,4.705882352941177
2021-05-11,15:00,sz000676,智度股份,7.02,7.64,6.89,7.1,1351579,975321856.0,-0.02,-0.2808988764044944
2021-05-12,15:00,sz000676,智度股份,6.78,7.12,6.7,7.02,853131,593303616.0,-0.08,-1.1267605633802815
2021-05-13,15:00,sz000676,智度股份,6.91,7.55,6.91,7.14,1074150,772354688.0,0.12,1.7094017094017095
2021-05-14,15:00,sz000676,智度股份,7.0,7.56,6.88,7.41,1160997,837176064.0,0.27,3.7815126050420167
2021-05-17,15:00,sz000676,智度股份,7.16,7.16,6.73,6.86,886358,610528512.0,-0.55,-7.422402159244265
2021-05-18,15:00,sz000676,智度股份,6.75,7.55,6.69,7.55,997699,718248000.0,0.69,10.058309037900877
2021-05-19,15:00,sz000676,智度股份,7.65,7.81,7.25,7.34,1250075,938620160.0,-0.21,-2.781456953642384
2021-05-20,15:00,sz000676,智度股份,6.95,7.25,6.86,7.1,745988,527789920.0,-0.24,-3.2697547683923704
2021-05-21,15:00,sz000676,智度股份,7.09,7.35,6.97,7.03,671996,480778944.0,-0.07,-0.9859154929577464
2021-05-24,15:00,sz000676,智度股份,6.84,7.24,6.75,7.15,571502,404098912.0,0.12,1.7069701280227598
2021-05-25,15:00,sz000676,智度股份,7.07,7.12,6.89,7.1,473060,331563968.0,-0.05,-0.6993006993006993
2021-05-26,15:00,sz000676,智度股份,7.08,7.48,7.04,7.19,633733,459328768.0,0.09,1.267605633802817
2021-05-27,15:00,sz000676,智度股份,6.88,7.08,6.8,6.98,592355,412258848.0,-0.21,-2.920723226703755
2021-05-28,15:00,sz000676,智度股份,6.86,6.95,6.44,6.58,811620,541956288.0,-0.4,-5.730659025787966
2021-05-31,15:00,sz000676,智度股份,6.5,6.7,6.41,6.61,365004,240795792.0,0.03,0.4559270516717325
2021-06-01,15:00,sz000676,智度股份,6.6,6.8,6.54,6.7,376805,252835520.0,0.09,1.361573373676248
2021-06-02,15:00,sz000676,智度股份,6.63,6.74,6.4,6.47,361049,235251328.0,-0.23,-3.4328358208955225
2021-06-03,15:00,sz000676,智度股份,6.48,6.6,6.44,6.45,214142,139591408.0,-0.02,-0.3091190108191654
2021-06-04,15:00,sz000676,智度股份,6.4,6.51,6.29,6.35,253200,161401024.0,-0.1,-1.550387596899225
2021-06-07,15:00,sz000676,智度股份,6.4,6.59,6.36,6.55,275404,178965440.0,0.2,3.149606299212598
2021-06-08,15:00,sz000676,智度股份,6.6,6.71,6.48,6.58,240183,158024000.0,0.03,0.4580152671755725
2021-06-09,15:00,sz000676,智度股份,6.53,6.55,6.42,6.45,181953,117700312.0,-0.13,-1.975683890577508
2021-06-10,15:00,sz000676,智度股份,6.55,6.75,6.54,6.71,438079,292187808.0,0.26,4.0310077519379846
2021-06-11,15:00,sz000676,智度股份,6.6,6.73,6.56,6.56,276458,183027392.0,-0.15,-2.235469448584203
2021-06-15,15:00,sz000676,智度股份,6.61,6.66,6.39,6.49,188289,122142704.0,-0.07,-1.0670731707317074
2021-06-16,15:00,sz000676,智度股份,6.41,6.46,5.92,5.92,425427,258268880.0,-0.57,-8.782742681047766
2021-06-17,15:00,sz000676,智度股份,5.94,6.03,5.86,5.97,184219,109316464.0,0.05,0.8445945945945946
2021-06-18,15:00,sz000676,智度股份,5.92,6.14,5.78,6.01,258053,154285392.0,0.04,0.6700167504187605
2021-06-21,15:00,sz000676,智度股份,5.98,6.17,5.95,6.11,219531,133513312.0,0.1,1.6638935108153077
2021-06-22,15:00,sz000676,智度股份,6.11,6.15,6.01,6.01,175540,106435208.0,-0.1,-1.6366612111292964
2021-06-23,15:00,sz000676,智度股份,6.01,6.09,5.95,6.05,165777,99727312.0,0.04,0.6655574043261231
2021-06-24,15:00,sz000676,智度股份,6.0,6.02,5.87,5.88,161112,95382768.0,-0.17,-2.809917355371901
2021-06-25,15:00,sz000676,智度股份,5.88,5.95,5.82,5.92,112354,66190592.0,0.04,0.6802721088435374
2021-06-28,15:00,sz000676,智度股份,5.92,5.99,5.9,5.94,106377,63212016.0,0.02,0.3378378378378378
2021-06-29,15:00,sz000676,智度股份,5.91,6.11,5.91,5.95,168336,101372232.0,0.01,0.1683501683501683
2021-06-30,15:00,sz000676,智度股份,5.92,6.11,5.92,6.07,183750,111000208.0,0.12,2.016806722689076
2021-07-01,15:00,sz000676,智度股份,6.05,6.07,5.86,5.88,151306,90237352.0,-0.19,-3.130148270181219
2021-07-02,15:00,sz000676,智度股份,5.87,5.87,5.61,5.66,196220,111555744.0,-0.22,-3.741496598639456
2021-07-05,15:00,sz000676,智度股份,5.66,5.79,5.66,5.76,112662,64710940.0,0.1,1.76678445229682
2021-07-06,15:00,sz000676,智度股份,5.93,6.17,5.93,6.05,340326,205813936.0,0.29,5.034722222222222
2021-07-07,15:00,sz000676,智度股份,6.02,6.07,5.94,5.98,159396,95434008.0,-0.07,-1.1570247933884297
2021-07-08,15:00,sz000676,智度股份,6.01,6.12,5.97,6.03,204917,124084944.0,0.05,0.8361204013377926
2021-07-09,15:00,sz000676,智度股份,6.03,6.06,5.92,6.04,158532,94887760.0,0.01,0.165837479270315
2021-07-12,15:00,sz000676,智度股份,6.07,6.25,6.05,6.16,264733,163048960.0,0.12,1.9867549668874172
2021-07-13,15:00,sz000676,智度股份,6.16,6.23,6.1,6.2,194775,120346176.0,0.04,0.6493506493506493
2021-07-14,15:00,sz000676,智度股份,6.21,6.22,6.05,6.05,196176,120160928.0,-0.15,-2.419354838709677
2021-07-15,15:00,sz000676,智度股份,6.05,6.05,5.86,6.0,139168,82843664.0,-0.05,-0.8264462809917356
2021-07-16,15:00,sz000676,智度股份,6.0,6.09,5.96,5.99,109575,65880328.0,-0.01,-0.1666666666666666
2021-07-19,15:00,sz000676,智度股份,5.97,6.03,5.87,5.99,99810,59349104.0,0.0,0.0
2021-07-20,15:00,sz000676,智度股份,5.88,5.94,5.85,5.9,113132,66677648.0,-0.09,-1.5025041736227045
2021-07-21,15:00,sz000676,智度股份,5.93,5.98,5.87,5.88,123855,73271616.0,-0.02,-0.3389830508474576
2021-07-22,15:00,sz000676,智度股份,5.92,5.96,5.86,5.86,136851,80770240.0,-0.02,-0.3401360544217687
2021-07-23,15:00,sz000676,智度股份,5.86,5.88,5.64,5.7,201797,115559320.0,-0.16,-2.7303754266211606
2021-07-26,15:00,sz000676,智度股份,5.73,5.73,5.46,5.54,167579,93202528.0,-0.16,-2.807017543859649
2021-07-27,15:00,sz000676,智度股份,5.58,5.65,5.44,5.48,150382,83539736.0,-0.06,-1.083032490974729
2021-07-28,15:00,sz000676,智度股份,5.51,5.51,5.11,5.2,167477,88012800.0,-0.28,-5.109489051094891
2021-07-29,15:00,sz000676,智度股份,5.25,5.36,5.25,5.3,124809,66137084.0,0.1,1.9230769230769231
2021-07-30,15:00,sz000676,智度股份,5.26,5.4,5.22,5.35,120620,64242776.0,0.05,0.9433962264150944
2021-08-02,15:00,sz000676,智度股份,5.33,5.5,5.33,5.5,141199,76777480.0,0.15,2.803738317757009
2021-08-03,15:00,sz000676,智度股份,5.48,5.58,5.43,5.45,125647,69085048.0,-0.05,-0.9090909090909092
2021-08-04,15:00,sz000676,智度股份,5.44,5.5,5.39,5.44,135974,73790688.0,-0.01,-0.1834862385321101
2021-08-05,15:00,sz000676,智度股份,5.39,5.45,5.28,5.33,125122,66897424.0,-0.11,-2.022058823529412
2021-08-06,15:00,sz000676,智度股份,5.33,5.35,5.18,5.27,130811,68604544.0,-0.06,-1.125703564727955
2021-08-09,15:00,sz000676,智度股份,5.26,5.42,5.24,5.39,125894,67350616.0,0.12,2.2770398481973437
2021-08-10,15:00,sz000676,智度股份,5.38,5.56,5.37,5.46,152834,83540088.0,0.07,1.2987012987012987
2021-08-11,15:00,sz000676,智度股份,5.5,6.01,5.4,6.01,488823,285192864.0,0.55,10.073260073260071
2021-08-12,15:00,sz000676,智度股份,6.19,6.61,6.16,6.61,376625,243951872.0,0.6,9.983361064891849
2021-08-13,15:00,sz000676,智度股份,6.88,7.27,6.31,7.27,1670069,1159417216.0,0.66,9.984871406959153
2021-08-16,15:00,sz000676,智度股份,7.35,8.0,6.75,7.48,2028900,1495921664.0,0.21,2.8885832187070157
2021-08-17,15:00,sz000676,智度股份,7.38,7.47,6.88,6.98,1002646,714038400.0,-0.5,-6.684491978609626
2021-08-18,15:00,sz000676,智度股份,7.04,7.19,6.9,7.13,797547,562952000.0,0.15,2.148997134670487
2021-08-19,15:00,sz000676,智度股份,7.03,7.83,6.96,7.53,1091897,806044544.0,0.4,5.610098176718092
2021-08-20,15:00,sz000676,智度股份,7.5,8.25,7.46,7.9,1154570,915562752.0,0.37,4.913678618857902
2021-08-23,15:00,sz000676,智度股份,7.7,8.26,7.6,7.95,952146,751039744.0,0.05,0.6329113924050633
2021-08-24,15:00,sz000676,智度股份,7.76,7.92,7.43,7.59,847338,651437952.0,-0.36,-4.528301886792453
2021-08-25,15:00,sz000676,智度股份,7.7,7.85,7.33,7.4,614433,458067968.0,-0.19,-2.503293807641634
2021-08-26,15:00,sz000676,智度股份,7.44,7.49,7.2,7.25,506940,371786400.0,-0.15,-2.027027027027027
2021-08-27,15:00,sz000676,智度股份,7.29,7.75,7.2,7.37,772115,582236736.0,0.12,1.6551724137931034
2021-08-30,15:00,sz000676,智度股份,7.54,7.73,7.06,7.13,812748,589131264.0,-0.24,-3.2564450474898234
2021-08-31,15:00,sz000676,智度股份,7.18,7.84,6.97,7.84,861564,645529536.0,0.71,9.957924263674617
2021-09-01,15:00,sz000676,智度股份,8.16,8.42,7.06,7.06,1298920,967295552.0,-0.78,-9.948979591836734
2021-09-02,15:00,sz000676,智度股份,6.79,6.88,6.48,6.78,721325,484191872.0,-0.28,-3.966005665722379
2021-09-03,15:00,sz000676,智度股份,6.8,6.99,6.61,6.74,470059,320038592.0,-0.04,-0.5899705014749262
2021-09-06,15:00,sz000676,智度股份,6.72,6.86,6.59,6.73,421745,283419968.0,-0.01,-0.1483679525222552
2021-09-07,15:00,sz000676,智度股份,6.75,6.92,6.67,6.86,403961,275620800.0,0.13,1.9316493313521543
2021-09-08,15:00,sz000676,智度股份,6.82,7.2,6.81,7.15,639629,453572768.0,0.29,4.227405247813411
2021-09-09,15:00,sz000676,智度股份,7.35,7.87,7.35,7.87,1034413,806932288.0,0.72,10.06993006993007
2021-09-10,15:00,sz000676,智度股份,8.06,8.66,8.06,8.66,1148756,981032768.0,0.79,10.038119440914867
2021-09-13,15:00,sz000676,智度股份,8.0,9.0,7.8,8.56,1639381,1381512832.0,-0.1,-1.1547344110854505
2021-09-14,15:00,sz000676,智度股份,8.87,9.0,8.3,8.39,1135543,977900352.0,-0.17,-1.9859813084112148
2021-09-15,15:00,sz000676,智度股份,8.45,8.75,8.24,8.42,787951,666595520.0,0.03,0.3575685339690107
2021-09-16,15:00,sz000676,智度股份,8.5,8.73,7.95,8.0,846164,700721600.0,-0.42,-4.98812351543943
2021-09-17,15:00,sz000676,智度股份,8.1,8.11,7.2,7.48,845050,639221824.0,-0.52,-6.5
2021-09-22,15:00,sz000676,智度股份,7.42,7.47,7.18,7.26,448958,326775264.0,-0.22,-2.941176470588235
2021-09-23,15:00,sz000676,智度股份,7.36,7.37,7.15,7.16,478769,346607328.0,-0.1,-1.3774104683195594
2021-09-24,15:00,sz000676,智度股份,7.13,7.21,6.9,6.99,430253,304115648.0,-0.17,-2.3743016759776534
2021-09-27,15:00,sz000676,智度股份,7.01,7.16,6.6,6.67,458671,312380064.0,-0.32,-4.57796852646638
2021-09-28,15:00,sz000676,智度股份,6.68,6.94,6.54,6.74,371638,250684832.0,0.07,1.0494752623688155
2021-09-29,15:00,sz000676,智度股份,6.61,6.72,6.44,6.46,356826,234302688.0,-0.28,-4.154302670623145
2021-09-30,15:00,sz000676,智度股份,6.5,6.57,6.37,6.49,263302,170675072.0,0.03,0.4643962848297213
2021-10-08,15:00,sz000676,智度股份,6.7,6.83,6.64,6.75,326937,220064464.0,0.26,4.006163328197227
2021-10-11,15:00,sz000676,智度股份,6.7,6.75,6.57,6.6,316900,210476112.0,-0.15,-2.2222222222222223
2021-10-12,15:00,sz000676,智度股份,6.52,6.65,6.31,6.44,310900,200077008.0,-0.16,-2.4242424242424243
2021-10-13,15:00,sz000676,智度股份,6.41,6.44,6.2,6.36,301526,190981392.0,-0.08,-1.2422360248447204
2021-10-14,15:00,sz000676,智度股份,6.38,6.57,6.29,6.49,269089,173548288.0,0.13,2.044025157232704
2021-10-15,15:00,sz000676,智度股份,6.47,6.5,6.33,6.37,229922,147154288.0,-0.12,-1.848998459167951
2021-10-18,15:00,sz000676,智度股份,6.41,6.46,6.24,6.41,241150,153801696.0,0.04,0.6279434850863422
2021-10-19,15:00,sz000676,智度股份,6.21,6.37,6.04,6.26,328761,204937136.0,-0.15,-2.3400936037441498
2021-10-20,15:00,sz000676,智度股份,6.32,6.8,6.25,6.29,731027,469200768.0,0.03,0.4792332268370607
2021-10-21,15:00,sz000676,智度股份,6.22,6.4,6.06,6.06,512804,316351648.0,-0.23,-3.656597774244833
2021-10-22,15:00,sz000676,智度股份,6.05,6.25,6.0,6.08,347431,212728496.0,0.02,0.33003300330033
2021-10-25,15:00,sz000676,智度股份,6.04,6.11,5.85,6.09,276948,166029760.0,0.01,0.1644736842105263
2021-10-26,15:00,sz000676,智度股份,6.07,6.15,5.87,5.89,318105,190588352.0,-0.2,-3.284072249589491
2021-10-27,15:00,sz000676,智度股份,5.9,5.94,5.7,5.75,315004,182190960.0,-0.14,-2.3769100169779285
2021-10-28,15:00,sz000676,智度股份,5.75,5.88,5.67,5.76,265054,153298272.0,0.01,0.1739130434782608
2021-10-29,15:00,sz000676,智度股份,5.78,6.14,5.75,6.05,473871,284503008.0,0.29,5.034722222222222
2021-11-01,15:00,sz000676,智度股份,6.04,6.13,5.98,6.09,274045,166219264.0,0.04,0.6611570247933884
2021-11-02,15:00,sz000676,智度股份,6.02,6.14,5.86,6.0,266009,159718720.0,-0.09,-1.477832512315271
2021-11-03,15:00,sz000676,智度股份,5.96,6.08,5.96,6.03,209693,126535496.0,0.03,0.5
2021-11-04,15:00,sz000676,智度股份,6.1,6.29,6.07,6.18,280947,173138592.0,0.15,2.4875621890547266
2021-11-05,15:00,sz000676,智度股份,6.41,6.75,6.36,6.6,861804,565158400.0,0.42,6.796116504854369
2021-11-08,15:00,sz000676,智度股份,6.68,7.1,6.6,6.73,993432,677355072.0,0.13,1.9696969696969693
2021-11-09,15:00,sz000676,智度股份,6.58,6.82,6.52,6.61,649763,431991232.0,-0.12,-1.7830609212481423
2021-11-10,15:00,sz000676,智度股份,6.8,7.08,6.64,6.93,927733,635226176.0,0.32,4.841149773071105
2021-11-11,15:00,sz000676,智度股份,6.75,7.25,6.7,7.08,892921,621292800.0,0.15,2.1645021645021645
2021-11-12,15:00,sz000676,智度股份,7.01,7.15,6.92,6.96,673915,471625408.0,-0.12,-1.694915254237288
2021-11-15,15:00,sz000676,智度股份,6.9,7.06,6.76,6.98,594085,410592896.0,0.02,0.2873563218390804
2021-11-16,15:00,sz000676,智度股份,6.94,7.22,6.91,7.06,706068,499470944.0,0.08,1.146131805157593
2021-11-17,15:00,sz000676,智度股份,7.0,7.05,6.85,6.89,536387,372158752.0,-0.17,-2.4079320113314444
2021-11-18,15:00,sz000676,智度股份,6.8,6.84,6.58,6.81,725109,486164544.0,-0.08,-1.161103047895501
2021-11-19,15:00,sz000676,智度股份,6.78,7.49,6.73,7.11,887316,634624000.0,0.3,4.405286343612335
2021-11-22,15:00,sz000676,智度股份,7.07,7.25,6.99,7.19,588456,419913632.0,0.08,1.1251758087201125
2021-11-23,15:00,sz000676,智度股份,7.11,7.23,7.0,7.17,502362,357505632.0,-0.02,-0.278164116828929
2021-11-24,15:00,sz000676,智度股份,7.11,7.77,7.09,7.53,971902,725050240.0,0.36,5.02092050209205
2021-11-25,15:00,sz000676,智度股份,7.59,7.68,7.11,7.18,836464,617384576.0,-0.35,-4.648074369189907
2021-11-26,15:00,sz000676,智度股份,7.07,7.5,6.9,7.27,855879,612714112.0,0.09,1.2534818941504178
2021-11-29,15:00,sz000676,智度股份,7.03,7.18,7.0,7.06,457845,323713632.0,-0.21,-2.8885832187070157
2021-11-30,15:00,sz000676,智度股份,7.09,7.33,7.06,7.13,524826,377215008.0,0.07,0.9915014164305948
2021-12-01,15:00,sz000676,智度股份,7.07,7.24,7.06,7.13,380220,271136768.0,0.0,0.0
2021-12-02,15:00,sz000676,智度股份,7.08,7.1,6.76,6.78,506884,350887520.0,-0.35,-4.908835904628331
2021-12-03,15:00,sz000676,智度股份,6.8,7.46,6.79,7.46,665069,488302912.0,0.68,10.029498525073748
2021-12-06,15:00,sz000676,智度股份,7.45,7.49,7.21,7.3,914750,671333760.0,-0.16,-2.1447721179624666
2021-12-07,15:00,sz000676,智度股份,7.38,7.39,7.04,7.11,500806,358836288.0,-0.19,-2.602739726027397
2021-12-08,15:00,sz000676,智度股份,7.11,7.38,7.05,7.37,605354,439097248.0,0.26,3.6568213783403656
2021-12-09,15:00,sz000676,智度股份,7.37,7.47,7.27,7.3,501808,368674656.0,-0.07,-0.949796472184532
2021-12-10,15:00,sz000676,智度股份,7.22,7.6,7.2,7.45,670856,498452832.0,0.15,2.054794520547945
2021-12-13,15:00,sz000676,智度股份,7.76,7.76,7.44,7.6,757950,575541248.0,0.15,2.013422818791946
2021-12-14,15:00,sz000676,智度股份,7.51,8.32,7.5,7.84,981788,777937344.0,0.24,3.1578947368421053
2021-12-15,15:00,sz000676,智度股份,7.82,7.99,7.65,7.88,695844,545646336.0,0.04,0.5102040816326531
2021-12-16,15:00,sz000676,智度股份,7.81,8.01,7.63,7.77,617201,481717536.0,-0.11,-1.3959390862944163
2021-12-17,15:00,sz000676,智度股份,7.76,8.14,7.57,7.96,815344,641036608.0,0.19,2.445302445302445
2021-12-20,15:00,sz000676,智度股份,7.94,8.08,7.6,7.61,575093,448201792.0,-0.35,-4.396984924623116
2021-12-21,15:00,sz000676,智度股份,7.59,7.95,7.59,7.75,514779,401315264.0,0.14,1.8396846254927728
2021-12-22,15:00,sz000676,智度股份,7.89,8.44,7.81,8.22,943971,765611136.0,0.47,6.064516129032258
2021-12-23,15:00,sz000676,智度股份,8.1,8.37,8.0,8.12,716657,585094784.0,-0.1,-1.2165450121654502
2021-12-24,15:00,sz000676,智度股份,8.12,8.23,7.77,7.92,543717,432765280.0,-0.2,-2.4630541871921183
2021-12-27,15:00,sz000676,智度股份,7.9,7.9,7.6,7.7,382009,294084608.0,-0.22,-2.7777777777777777
2021-12-28,15:00,sz000676,智度股份,7.71,8.31,7.71,8.01,648455,524379424.0,0.31,4.025974025974026
2021-12-29,15:00,sz000676,智度股份,7.75,7.9,7.21,7.27,917217,679717696.0,-0.74,-9.238451935081148
2021-12-30,15:00,sz000676,智度股份,7.24,8.0,7.15,7.81,999251,769719936.0,0.54,7.427785419532324
2021-12-31,15:00,sz000676,智度股份,7.7,7.88,7.58,7.77,613972,475118272.0,-0.04,-0.5121638924455826
