日期,时间,代码,名称,开盘,最高,最低,收盘,总手,金额,涨幅,涨幅比
2015-01-05,15:00,sz000793,ST华闻,11.36,11.56,11.05,11.51,258959,293823264.0,0.21,1.8584070796460177
2015-01-06,15:00,sz000793,ST华闻,11.5,11.95,11.38,11.87,375744,438129408.0,0.36,3.127715030408341
2015-01-07,15:00,sz000793,ST华闻,11.88,12.03,11.6,11.7,243907,287378208.0,-0.17,-1.4321819713563606
2015-01-08,15:00,sz000793,ST华闻,11.65,11.83,11.5,11.52,299042,347945760.0,-0.18,-1.5384615384615383
2015-01-09,15:00,sz000793,ST华闻,11.45,11.69,11.41,11.41,215063,248668240.0,-0.11,-0.9548611111111112
2015-01-12,15:00,sz000793,ST华闻,11.39,11.62,11.22,11.58,245602,281372672.0,0.17,1.4899211218229622
2015-01-13,15:00,sz000793,ST华闻,11.61,11.8,11.45,11.71,338685,394424544.0,0.13,1.1226252158894647
2015-01-14,15:00,sz000793,ST华闻,11.71,11.73,11.5,11.53,208297,241457104.0,-0.18,-1.5371477369769428
2015-01-15,15:00,sz000793,ST华闻,11.59,11.63,11.43,11.54,226195,260234656.0,0.01,0.0867302688638334
2015-01-16,15:00,sz000793,ST华闻,11.55,12.22,11.53,12.2,826766,990888960.0,0.66,5.719237435008666
2015-01-19,15:00,sz000793,ST华闻,11.98,12.44,11.81,12.04,782590,953125376.0,-0.16,-1.3114754098360657
2015-01-20,15:00,sz000793,ST华闻,12.1,12.34,12.05,12.23,526900,643259776.0,0.19,1.5780730897009967
2015-01-21,15:00,sz000793,ST华闻,12.3,12.81,12.23,12.65,1027036,1295622656.0,0.42,3.434178250204415
2015-01-22,15:00,sz000793,ST华闻,12.65,12.82,12.44,12.59,546461,688032384.0,-0.06,-0.4743083003952569
2015-01-23,15:00,sz000793,ST华闻,12.55,12.94,12.5,12.62,680989,866634496.0,0.03,0.2382843526608419
2015-01-26,15:00,sz000793,ST华闻,12.63,12.85,12.5,12.85,574019,730464960.0,0.23,1.8225039619651344
2015-01-27,15:00,sz000793,ST华闻,12.89,12.96,12.45,12.59,555757,703307840.0,-0.26,-2.023346303501945
2015-01-28,15:00,sz000793,ST华闻,12.5,12.98,12.5,12.82,834527,1069710592.0,0.23,1.8268467037331213
2015-01-29,15:00,sz000793,ST华闻,12.7,12.92,12.56,12.75,507118,644399936.0,-0.07,-0.5460218408736349
2015-01-30,15:00,sz000793,ST华闻,12.84,13.97,12.74,13.6,1662392,2220031744.0,0.85,6.666666666666667
2015-02-02,15:00,sz000793,ST华闻,13.5,13.83,13.33,13.61,858108,1166106880.0,0.01,0.0735294117647058
2015-02-03,15:00,sz000793,ST华闻,13.64,14.05,13.46,13.87,1040408,1436635904.0,0.26,1.9103600293901544
2015-02-04,15:00,sz000793,ST华闻,13.92,14.09,13.61,14.05,1162320,1613747840.0,0.18,1.2977649603460706
2015-02-05,15:00,sz000793,ST华闻,14.06,15.46,14.06,14.75,2553357,3837803520.0,0.7,4.98220640569395
2015-02-06,15:00,sz000793,ST华闻,14.98,15.63,14.52,14.63,1704958,2563579136.0,-0.12,-0.8135593220338984
2015-02-09,15:00,sz000793,ST华闻,14.73,15.28,14.34,14.38,1022368,1513680512.0,-0.25,-1.7088174982911826
2015-02-10,15:00,sz000793,ST华闻,14.42,15.05,13.96,15.0,1318436,1900669056.0,0.62,4.3115438108484
2015-02-11,15:00,sz000793,ST华闻,15.0,15.89,14.9,15.53,1471988,2277213440.0,0.53,3.5333333333333337
2015-02-12,15:00,sz000793,ST华闻,15.47,15.88,15.05,15.29,867256,1341474816.0,-0.24,-1.5453960077269802
2015-02-13,15:00,sz000793,ST华闻,15.32,15.55,15.09,15.23,886037,1354273408.0,-0.06,-0.3924133420536298
2015-02-16,15:00,sz000793,ST华闻,15.35,16.29,15.3,16.23,1276585,2013245696.0,1.0,6.565988181221274
2015-02-17,15:00,sz000793,ST华闻,16.25,16.39,15.75,15.86,835090,1335462016.0,-0.37,-2.2797288971041283
2015-02-25,15:00,sz000793,ST华闻,15.94,15.96,14.33,14.48,1086040,1626629248.0,-1.38,-8.701134930643127
2015-02-26,15:00,sz000793,ST华闻,14.55,14.85,14.14,14.65,862993,1253097216.0,0.17,1.1740331491712708
2015-02-27,15:00,sz000793,ST华闻,14.6,15.14,14.35,14.85,778761,1153279488.0,0.2,1.3651877133105803
2015-03-02,15:00,sz000793,ST华闻,14.86,15.11,14.35,15.11,944717,1390558592.0,0.26,1.7508417508417509
2015-03-03,15:00,sz000793,ST华闻,14.98,15.03,14.46,14.55,834571,1228893568.0,-0.56,-3.7061548643282594
2015-03-04,15:00,sz000793,ST华闻,14.65,15.05,14.5,14.92,852794,1261771648.0,0.37,2.542955326460481
2015-03-05,15:00,sz000793,ST华闻,14.92,14.92,14.23,14.43,850508,1232541568.0,-0.49,-3.284182305630027
2015-03-06,15:00,sz000793,ST华闻,14.4,14.53,13.92,14.1,783534,1110171008.0,-0.33,-2.2869022869022877
2015-03-09,15:00,sz000793,ST华闻,14.09,14.57,13.94,14.41,612114,878133312.0,0.31,2.198581560283688
2015-03-10,15:00,sz000793,ST华闻,14.41,14.82,14.26,14.35,736862,1070851072.0,-0.06,-0.4163775156141568
2015-03-11,15:00,sz000793,ST华闻,14.43,14.74,14.27,14.64,687057,995246144.0,0.29,2.020905923344948
2015-03-12,15:00,sz000793,ST华闻,14.64,14.71,14.4,14.45,440421,638971712.0,-0.19,-1.2978142076502732
2015-03-13,15:00,sz000793,ST华闻,14.46,14.7,14.41,14.59,464085,675042432.0,0.14,0.9688581314878892
2015-03-16,15:00,sz000793,ST华闻,14.6,15.11,14.53,15.1,1007479,1492214272.0,0.51,3.495544893762851
2015-03-17,15:00,sz000793,ST华闻,15.14,15.41,14.88,15.08,1042971,1582132992.0,-0.02,-0.1324503311258278
2015-03-18,15:00,sz000793,ST华闻,15.14,15.27,14.83,15.17,984748,1479042944.0,0.09,0.5968169761273209
2015-03-19,15:00,sz000793,ST华闻,15.22,15.78,15.06,15.78,1111052,1706235520.0,0.61,4.021094264996703
2015-03-20,15:00,sz000793,ST华闻,15.7,16.0,15.55,15.69,903548,1425165824.0,-0.09,-0.5703422053231939
2015-03-23,15:00,sz000793,ST华闻,15.75,16.03,15.62,15.97,889829,1406465536.0,0.28,1.7845761631612491
2015-03-24,15:00,sz000793,ST华闻,15.93,15.93,15.02,15.45,1015341,1577402368.0,-0.52,-3.2561051972448336
2015-03-25,15:00,sz000793,ST华闻,15.3,15.3,14.8,14.97,1181808,1770313856.0,-0.48,-3.1067961165048543
2015-03-26,15:00,sz000793,ST华闻,14.85,15.06,14.64,14.82,658224,975838336.0,-0.15,-1.002004008016032
2015-03-27,15:00,sz000793,ST华闻,14.8,15.07,14.77,14.93,472726,705602176.0,0.11,0.7422402159244265
2015-03-30,15:00,sz000793,ST华闻,14.94,15.15,14.88,15.08,729539,1095062144.0,0.15,1.0046885465505693
2015-03-31,15:00,sz000793,ST华闻,15.24,15.48,14.98,15.19,862702,1314092672.0,0.11,0.7294429708222812
2015-04-01,15:00,sz000793,ST华闻,15.23,15.88,15.23,15.77,1075213,1677372672.0,0.58,3.818301514154049
2015-04-02,15:00,sz000793,ST华闻,15.88,16.1,15.41,15.78,974531,1536912128.0,0.01,0.0634115409004438
2015-04-03,15:00,sz000793,ST华闻,15.69,17.19,15.6,16.84,1555869,2574128896.0,1.06,6.7173637515842834
2015-04-07,15:00,sz000793,ST华闻,16.94,17.2,16.6,17.04,1151598,1939121536.0,0.2,1.187648456057007
2015-04-08,15:00,sz000793,ST华闻,17.1,17.33,16.42,16.71,1014934,1711013760.0,-0.33,-1.936619718309859
2015-04-17,15:00,sz000793,ST华闻,17.0,17.58,15.99,16.03,1538633,2528689664.0,-0.68,-4.069419509275883
2015-04-20,15:00,sz000793,ST华闻,15.88,15.88,14.9,15.01,1195629,1841090944.0,-1.02,-6.363069245165315
2015-04-21,15:00,sz000793,ST华闻,15.05,15.51,14.9,15.45,775124,1184701568.0,0.44,2.9313790806129245
2015-04-22,15:00,sz000793,ST华闻,15.51,16.08,15.32,15.95,967049,1525604608.0,0.5,3.2362459546925564
2015-04-23,15:00,sz000793,ST华闻,16.0,16.43,15.8,16.01,889828,1431999616.0,0.06,0.3761755485893417
2015-04-24,15:00,sz000793,ST华闻,15.78,15.89,15.48,15.66,730369,1144440704.0,-0.35,-2.1861336664584634
2015-04-27,15:00,sz000793,ST华闻,15.79,16.78,15.79,16.41,1175121,1914019456.0,0.75,4.789272030651341
2015-04-28,15:00,sz000793,ST华闻,16.33,16.57,15.38,15.78,813614,1295245824.0,-0.63,-3.839122486288848
2015-04-29,15:00,sz000793,ST华闻,15.58,16.12,15.44,16.05,587920,933286784.0,0.27,1.7110266159695815
2015-04-30,15:00,sz000793,ST华闻,16.08,16.4,15.72,15.74,627283,1011420032.0,-0.31,-1.9314641744548289
2015-05-04,15:00,sz000793,ST华闻,15.74,16.19,15.7,15.96,545515,869588992.0,0.22,1.397712833545108
2015-05-05,15:00,sz000793,ST华闻,15.96,15.97,15.06,15.2,584436,903539776.0,-0.76,-4.761904761904762
2015-05-06,15:00,sz000793,ST华闻,15.29,15.51,14.8,14.92,495880,754212992.0,-0.28,-1.8421052631578945
2015-05-07,15:00,sz000793,ST华闻,14.9,15.06,14.4,14.43,458618,669907520.0,-0.49,-3.284182305630027
2015-05-08,15:00,sz000793,ST华闻,14.61,15.04,14.55,15.0,515571,763916160.0,0.57,3.950103950103951
2015-05-11,15:00,sz000793,ST华闻,15.18,15.63,15.02,15.59,675434,1039550912.0,0.59,3.933333333333333
2015-05-12,15:00,sz000793,ST华闻,15.75,16.19,15.63,15.87,859163,1365916672.0,0.28,1.7960230917254651
2015-05-13,15:00,sz000793,ST华闻,16.0,17.46,15.72,17.46,1589948,2680144128.0,1.59,10.01890359168242
2015-05-14,15:00,sz000793,ST华闻,18.09,19.21,17.8,18.25,2210244,4083097088.0,0.79,4.524627720504009
2015-05-15,15:00,sz000793,ST华闻,18.32,20.08,18.1,19.91,2470609,4785451520.0,1.66,9.095890410958903
2015-05-18,15:00,sz000793,ST华闻,19.4,19.98,18.9,19.14,1558446,3036280064.0,-0.77,-3.867403314917127
2015-05-19,15:00,sz000793,ST华闻,19.16,20.9,19.16,20.1,1393888,2789602560.0,0.96,5.015673981191222
2015-05-20,15:00,sz000793,ST华闻,20.18,20.65,19.68,20.2,1090966,2199394048.0,0.1,0.4975124378109453
2015-05-21,15:00,sz000793,ST华闻,20.22,20.97,19.78,20.15,979983,2001415936.0,-0.05,-0.2475247524752475
2015-05-22,15:00,sz000793,ST华闻,20.29,20.97,19.65,20.29,977748,1965935360.0,0.14,0.6947890818858561
2015-05-25,15:00,sz000793,ST华闻,20.29,20.96,19.81,20.8,1068725,2185105152.0,0.51,2.5135534746180386
2015-08-31,15:00,sz000793,ST华闻,18.68,18.68,18.68,18.68,30313,56624684.0,-2.12,-10.192307692307692
2015-09-01,15:00,sz000793,ST华闻,16.81,16.81,16.81,16.81,17462,29353622.0,-1.87,-10.010706638115632
2015-09-02,15:00,sz000793,ST华闻,15.13,15.13,15.13,15.13,533339,806941888.0,-1.68,-9.994051160023796
2015-09-07,15:00,sz000793,ST华闻,13.62,13.62,13.62,13.62,242082,329715680.0,-1.51,-9.980171844018509
2015-09-08,15:00,sz000793,ST华闻,12.26,12.26,12.26,12.26,148236,181737344.0,-1.36,-9.985315712187958
2015-09-09,15:00,sz000793,ST华闻,11.62,13.11,11.62,12.56,3028602,3724698368.0,0.3,2.446982055464926
2015-09-10,15:00,sz000793,ST华闻,11.93,12.39,11.82,11.99,1564031,1891552000.0,-0.57,-4.538216560509554
2015-09-11,15:00,sz000793,ST华闻,12.1,12.19,11.41,11.75,1211908,1433856768.0,-0.24,-2.001668056713928
2015-09-14,15:00,sz000793,ST华闻,11.86,12.28,10.58,10.6,1593719,1839436544.0,-1.15,-9.787234042553193
2015-09-15,15:00,sz000793,ST华闻,10.36,10.56,9.54,9.54,1585913,1572033664.0,-1.06,-10.0
2015-09-16,15:00,sz000793,ST华闻,9.54,10.49,9.4,10.45,1722424,1708539008.0,0.91,9.538784067085954
2015-09-17,15:00,sz000793,ST华闻,10.03,10.57,9.78,9.79,1540485,1559275648.0,-0.66,-6.315789473684211
2015-09-18,15:00,sz000793,ST华闻,9.92,10.27,9.64,10.0,975100,972798592.0,0.21,2.1450459652706844
2015-09-21,15:00,sz000793,ST华闻,9.79,10.47,9.71,10.36,981270,1004430400.0,0.36,3.6
2015-09-22,15:00,sz000793,ST华闻,10.45,10.67,10.16,10.39,1129270,1177546624.0,0.03,0.2895752895752895
2015-09-23,15:00,sz000793,ST华闻,10.22,10.59,10.14,10.28,870096,903703360.0,-0.11,-1.0587102983638113
2015-09-24,15:00,sz000793,ST华闻,10.36,10.64,10.28,10.4,796168,831741440.0,0.12,1.1673151750972763
2015-09-25,15:00,sz000793,ST华闻,10.37,10.55,9.62,9.78,935281,941587264.0,-0.62,-5.961538461538462
2015-09-28,15:00,sz000793,ST华闻,9.85,9.98,9.63,9.95,495070,487998880.0,0.17,1.738241308793456
2015-09-29,15:00,sz000793,ST华闻,9.76,9.87,9.55,9.65,503677,489513408.0,-0.3,-3.015075376884422
2015-09-30,15:00,sz000793,ST华闻,9.75,9.8,9.56,9.63,392367,380228448.0,-0.02,-0.2072538860103626
2015-10-08,15:00,sz000793,ST华闻,10.01,10.29,9.88,10.13,743833,750600640.0,0.5,5.192107995846314
2015-10-09,15:00,sz000793,ST华闻,10.25,10.64,10.1,10.48,1024443,1061932544.0,0.35,3.455083909180652
2015-10-12,15:00,sz000793,ST华闻,10.45,11.09,10.37,10.91,1331414,1431687808.0,0.43,4.103053435114504
2015-10-13,15:00,sz000793,ST华闻,10.78,11.1,10.62,10.95,1058172,1150461056.0,0.04,0.3666361136571952
2015-10-14,15:00,sz000793,ST华闻,10.87,10.94,10.57,10.6,850450,914512448.0,-0.35,-3.1963470319634704
2015-10-15,15:00,sz000793,ST华闻,10.56,11.29,10.55,11.23,1212629,1336400384.0,0.63,5.943396226415095
2015-10-16,15:00,sz000793,ST华闻,11.3,11.35,11.0,11.24,1230630,1374170496.0,0.01,0.089047195013357
2015-10-19,15:00,sz000793,ST华闻,11.43,11.68,11.2,11.49,1152205,1313653120.0,0.25,2.224199288256228
2015-10-20,15:00,sz000793,ST华闻,11.5,11.69,11.25,11.69,1069603,1229895040.0,0.2,1.7406440382941688
2015-10-21,15:00,sz000793,ST华闻,11.79,12.07,10.56,10.68,1521435,1729345024.0,-1.01,-8.639863130881094
2015-10-22,15:00,sz000793,ST华闻,10.68,11.3,10.63,11.12,923984,1008283328.0,0.44,4.119850187265917
2015-10-23,15:00,sz000793,ST华闻,11.15,11.65,11.09,11.6,1221575,1390619264.0,0.48,4.316546762589928
2015-10-26,15:00,sz000793,ST华闻,11.55,11.65,11.22,11.35,1033433,1177328896.0,-0.25,-2.155172413793104
2015-10-27,15:00,sz000793,ST华闻,11.34,11.69,10.75,11.58,1310143,1481615616.0,0.23,2.026431718061674
2015-10-28,15:00,sz000793,ST华闻,11.42,11.63,11.03,11.08,1034463,1167737216.0,-0.5,-4.317789291882556
2015-10-29,15:00,sz000793,ST华闻,11.2,11.33,10.95,11.25,672104,750945472.0,0.17,1.5342960288808665
2015-10-30,15:00,sz000793,ST华闻,11.07,11.63,11.07,11.3,1085855,1236252672.0,0.05,0.4444444444444444
2015-11-02,15:00,sz000793,ST华闻,11.05,11.28,10.84,10.9,665212,737148608.0,-0.4,-3.5398230088495577
2015-11-03,15:00,sz000793,ST华闻,10.91,11.01,10.71,10.78,489652,530083200.0,-0.12,-1.1009174311926606
2015-11-04,15:00,sz000793,ST华闻,10.83,11.34,10.83,11.33,775314,863707520.0,0.55,5.1020408163265305
2015-11-05,15:00,sz000793,ST华闻,11.41,11.74,11.34,11.49,1233332,1422201472.0,0.16,1.412180052956752
2015-11-06,15:00,sz000793,ST华闻,11.57,12.08,11.49,11.97,1291098,1532019968.0,0.48,4.177545691906006
2015-11-09,15:00,sz000793,ST华闻,12.02,12.57,12.02,12.31,1367830,1679671808.0,0.34,2.840434419381788
2015-11-10,15:00,sz000793,ST华闻,12.48,13.54,12.34,13.54,1714531,2284766208.0,1.23,9.991876523151909
2015-11-11,15:00,sz000793,ST华闻,14.24,14.24,13.0,13.75,2252912,3119977984.0,0.21,1.55096011816839
2015-11-12,15:00,sz000793,ST华闻,13.99,14.8,13.77,14.35,1523291,2164581632.0,0.6,4.363636363636364
2015-11-13,15:00,sz000793,ST华闻,13.84,13.96,13.09,13.33,1432283,1946491776.0,-1.02,-7.10801393728223
2015-11-16,15:00,sz000793,ST华闻,12.91,14.22,12.85,13.85,1096012,1505932416.0,0.52,3.900975243810953
2015-11-17,15:00,sz000793,ST华闻,14.84,15.24,14.29,14.44,2017890,3017174528.0,0.59,4.259927797833935
2015-11-18,15:00,sz000793,ST华闻,14.67,15.34,14.5,14.69,1615087,2412720896.0,0.25,1.731301939058172
2015-11-19,15:00,sz000793,ST华闻,14.75,15.5,14.68,15.45,1548931,2350244096.0,0.76,5.173587474472431
2015-12-04,15:00,sz000793,ST华闻,14.7,15.39,13.92,14.42,1462415,2139409408.0,-1.03,-6.666666666666667
2015-12-07,15:00,sz000793,ST华闻,14.5,14.98,13.7,14.32,1028638,1471319552.0,-0.1,-0.6934812760055479
2015-12-08,15:00,sz000793,ST华闻,14.15,14.29,13.59,13.62,789260,1092612736.0,-0.7,-4.888268156424581
2015-12-09,15:00,sz000793,ST华闻,13.5,13.68,13.17,13.27,572718,767399488.0,-0.35,-2.5697503671071957
2015-12-10,15:00,sz000793,ST华闻,13.24,13.66,13.21,13.4,566062,759219520.0,0.13,0.9796533534287868
2015-12-11,15:00,sz000793,ST华闻,13.39,14.13,13.28,13.92,597825,818724032.0,0.52,3.880597014925373
2015-12-14,15:00,sz000793,ST华闻,13.98,13.98,13.54,13.81,400537,550371648.0,-0.11,-0.7902298850574714
2015-12-15,15:00,sz000793,ST华闻,13.81,14.13,13.69,13.87,422054,587244608.0,0.06,0.4344677769732078
2015-12-16,15:00,sz000793,ST华闻,13.93,14.44,13.82,14.03,579038,820989056.0,0.16,1.1535688536409516
2015-12-17,15:00,sz000793,ST华闻,14.2,14.58,14.03,14.3,631976,902319872.0,0.27,1.924447612259444
2015-12-18,15:00,sz000793,ST华闻,14.3,14.36,13.63,13.68,638526,887092800.0,-0.62,-4.335664335664335
2015-12-21,15:00,sz000793,ST华闻,13.68,14.15,13.68,13.88,483542,673326080.0,0.2,1.461988304093567
2015-12-22,15:00,sz000793,ST华闻,14.0,15.27,13.81,15.18,1430126,2127125760.0,1.3,9.36599423631124
2015-12-23,15:00,sz000793,ST华闻,14.88,15.24,14.61,14.77,978760,1459911168.0,-0.41,-2.7009222661396577
2015-12-24,15:00,sz000793,ST华闻,14.85,15.08,14.28,14.9,524820,771838400.0,0.13,0.8801624915368992
2015-12-25,15:00,sz000793,ST华闻,14.97,15.86,14.82,15.59,924036,1434235904.0,0.69,4.630872483221476
2015-12-28,15:00,sz000793,ST华闻,15.54,16.3,15.01,15.01,832706,1304844544.0,-0.58,-3.720333547145606
2015-12-29,15:00,sz000793,ST华闻,15.06,15.65,14.7,15.29,660769,1005526720.0,0.28,1.8654230512991337
2015-12-30,15:00,sz000793,ST华闻,15.48,15.78,15.13,15.3,740999,1145435648.0,0.01,0.0654022236756049
2015-12-31,15:00,sz000793,ST华闻,15.55,15.65,14.9,15.03,468420,710491264.0,-0.27,-1.7647058823529411
2016-01-04,15:00,sz000793,ST华闻,14.98,15.06,13.53,13.53,520575,735540352.0,-1.5,-9.98003992015968
2016-01-05,15:00,sz000793,ST华闻,12.72,13.62,12.22,12.75,732240,945518976.0,-0.78,-5.764966740576496
2016-01-06,15:00,sz000793,ST华闻,12.94,12.98,12.19,12.9,570839,722729792.0,0.15,1.1764705882352942
2016-01-07,15:00,sz000793,ST华闻,12.59,12.59,11.61,11.61,160283,190677680.0,-1.29,-10.0
2016-01-08,15:00,sz000793,ST华闻,11.87,11.88,10.45,11.29,799457,902006144.0,-0.32,-2.756244616709733
2016-01-11,15:00,sz000793,ST华闻,10.99,11.32,10.16,10.16,651453,691191360.0,-1.13,-10.0088573959256
2016-01-12,15:00,sz000793,ST华闻,10.15,10.45,9.7,10.07,549799,554545088.0,-0.09,-0.8858267716535433
2016-01-13,15:00,sz000793,ST华闻,10.21,10.56,9.8,9.83,591038,604469504.0,-0.24,-2.383316782522344
2016-01-14,15:00,sz000793,ST华闻,9.51,10.39,9.4,10.37,614710,612081728.0,0.54,5.493387589013224
2016-01-15,15:00,sz000793,ST华闻,10.23,10.53,9.5,9.74,629939,631889152.0,-0.63,-6.075216972034716
2016-01-18,15:00,sz000793,ST华闻,9.44,10.19,9.3,9.93,685518,670542592.0,0.19,1.9507186858316223
2016-01-19,15:00,sz000793,ST华闻,9.85,10.47,9.7,10.33,586826,591839552.0,0.4,4.028197381671702
2016-01-20,15:00,sz000793,ST华闻,10.22,10.72,10.1,10.18,564103,584572416.0,-0.15,-1.452081316553727
2016-01-21,15:00,sz000793,ST华闻,9.99,10.27,9.59,9.59,468960,467066912.0,-0.59,-5.7956777996070725
2016-01-22,15:00,sz000793,ST华闻,9.71,9.91,9.4,9.85,369763,357930752.0,0.26,2.711157455683004
2016-01-25,15:00,sz000793,ST华闻,9.94,10.49,9.94,10.27,521092,531437504.0,0.42,4.263959390862944
2016-01-26,15:00,sz000793,ST华闻,10.12,10.15,9.24,9.24,525684,510610144.0,-1.03,-10.02921129503408
2016-01-27,15:00,sz000793,ST华闻,9.35,9.4,8.38,8.89,602258,530581536.0,-0.35,-3.787878787878788
2016-01-28,15:00,sz000793,ST华闻,8.7,8.94,8.16,8.2,383822,329878400.0,-0.69,-7.761529808773904
2016-01-29,15:00,sz000793,ST华闻,8.15,8.75,8.15,8.6,362299,307397152.0,0.4,4.878048780487805
2016-02-01,15:00,sz000793,ST华闻,8.65,8.84,8.38,8.59,426616,366212768.0,-0.01,-0.1162790697674418
2016-02-02,15:00,sz000793,ST华闻,8.59,9.06,8.58,8.93,452136,402328224.0,0.34,3.958090803259604
2016-02-03,15:00,sz000793,ST华闻,8.75,8.93,8.58,8.88,305362,267287008.0,-0.05,-0.5599104143337066
2016-02-04,15:00,sz000793,ST华闻,8.94,9.1,8.86,8.98,452653,406819264.0,0.1,1.1261261261261262
2016-02-05,15:00,sz000793,ST华闻,9.0,9.13,8.9,8.91,333728,300794336.0,-0.07,-0.779510022271715
2016-02-15,15:00,sz000793,ST华闻,8.51,8.96,8.47,8.75,305488,265850448.0,-0.16,-1.7957351290684629
2016-02-16,15:00,sz000793,ST华闻,8.87,9.37,8.83,9.3,586985,537675776.0,0.55,6.285714285714287
2016-02-17,15:00,sz000793,ST华闻,9.2,9.88,9.14,9.71,656557,617809536.0,0.41,4.408602150537634
2016-02-18,15:00,sz000793,ST华闻,9.69,9.83,9.53,9.6,482905,467279584.0,-0.11,-1.132852729145211
2016-02-19,15:00,sz000793,ST华闻,9.58,9.97,9.5,9.72,457753,446429408.0,0.12,1.25
2016-02-22,15:00,sz000793,ST华闻,9.94,9.99,9.73,9.87,469557,462688448.0,0.15,1.5432098765432098
2016-02-23,15:00,sz000793,ST华闻,9.92,10.34,9.79,9.91,643039,646462528.0,0.04,0.4052684903748734
2016-02-24,15:00,sz000793,ST华闻,9.91,10.19,9.5,9.91,595716,587983168.0,0.0,0.0
2016-02-25,15:00,sz000793,ST华闻,9.91,9.91,8.92,8.92,796416,736113984.0,-0.99,-9.989909182643794
2016-02-26,15:00,sz000793,ST华闻,8.94,9.05,8.6,8.83,475607,421149568.0,-0.09,-1.0089686098654709
2016-02-29,15:00,sz000793,ST华闻,8.77,8.8,7.95,7.95,652823,530616864.0,-0.88,-9.966024915062288
2016-03-01,15:00,sz000793,ST华闻,7.96,8.25,7.62,8.13,580169,463958048.0,0.18,2.2641509433962264
2016-03-02,15:00,sz000793,ST华闻,8.16,8.64,8.07,8.58,633343,529159168.0,0.45,5.535055350553505
2016-03-03,15:00,sz000793,ST华闻,8.56,8.96,8.51,8.55,555787,482550048.0,-0.03,-0.3496503496503496
2016-03-04,15:00,sz000793,ST华闻,8.55,8.8,8.39,8.46,688273,589619456.0,-0.09,-1.0526315789473684
2016-03-07,15:00,sz000793,ST华闻,8.62,8.81,8.45,8.62,375366,323988064.0,0.16,1.8912529550827424
2016-03-08,15:00,sz000793,ST华闻,8.56,8.79,8.1,8.72,483700,409183040.0,0.1,1.160092807424594
2016-03-09,15:00,sz000793,ST华闻,8.51,8.7,8.35,8.43,331915,282277440.0,-0.29,-3.325688073394496
2016-03-10,15:00,sz000793,ST华闻,8.45,8.59,8.21,8.23,281971,236991296.0,-0.2,-2.372479240806643
2016-03-11,15:00,sz000793,ST华闻,8.09,8.44,8.04,8.27,299877,248686400.0,0.04,0.4860267314702308
2016-03-14,15:00,sz000793,ST华闻,8.41,8.8,8.34,8.67,544077,468864480.0,0.4,4.836759371221282
2016-03-15,15:00,sz000793,ST华闻,8.69,8.84,8.49,8.57,333409,288638048.0,-0.1,-1.1534025374855823
2016-03-16,15:00,sz000793,ST华闻,8.61,8.67,8.22,8.36,340363,287719680.0,-0.21,-2.4504084014002334
2016-03-17,15:00,sz000793,ST华闻,8.44,8.74,8.36,8.68,604043,519399872.0,0.32,3.827751196172249
2016-03-18,15:00,sz000793,ST华闻,8.75,9.33,8.72,9.19,923277,835427840.0,0.51,5.875576036866359
2016-03-21,15:00,sz000793,ST华闻,9.35,9.54,9.2,9.54,830817,779781504.0,0.35,3.808487486398259
2016-03-22,15:00,sz000793,ST华闻,9.4,9.85,9.34,9.6,759463,728183680.0,0.06,0.628930817610063
2016-03-23,15:00,sz000793,ST华闻,9.58,9.65,9.3,9.55,606961,574664064.0,-0.05,-0.5208333333333333
2016-03-24,15:00,sz000793,ST华闻,9.41,9.8,9.31,9.39,693564,659155264.0,-0.16,-1.6753926701570685
2016-03-25,15:00,sz000793,ST华闻,9.42,9.6,9.22,9.56,596281,561533632.0,0.17,1.810436634717785
2016-03-28,15:00,sz000793,ST华闻,9.55,9.64,9.26,9.29,583397,554090112.0,-0.27,-2.8242677824267783
2016-03-29,15:00,sz000793,ST华闻,9.3,9.33,8.84,8.91,570399,515850976.0,-0.38,-4.090419806243272
2016-03-30,15:00,sz000793,ST华闻,9.01,9.33,8.98,9.23,555500,509417408.0,0.32,3.5914702581369253
2016-03-31,15:00,sz000793,ST华闻,9.32,9.45,9.13,9.13,578986,539728896.0,-0.1,-1.0834236186348862
2016-04-01,15:00,sz000793,ST华闻,9.14,9.2,8.87,9.08,512677,462842464.0,-0.05,-0.547645125958379
2016-04-05,15:00,sz000793,ST华闻,9.12,9.99,9.04,9.99,956238,914261312.0,0.91,10.022026431718064
2016-04-06,15:00,sz000793,ST华闻,10.0,10.3,9.95,10.17,1251762,1267652736.0,0.18,1.8018018018018016
2016-04-07,15:00,sz000793,ST华闻,10.06,10.14,9.84,9.91,828479,827840000.0,-0.26,-2.55653883972468
2016-04-08,15:00,sz000793,ST华闻,9.81,9.86,9.48,9.68,575008,556196928.0,-0.23,-2.320887991927346
2016-04-11,15:00,sz000793,ST华闻,9.82,10.14,9.75,9.96,737911,735367360.0,0.28,2.8925619834710745
2016-04-12,15:00,sz000793,ST华闻,9.93,10.09,9.7,10.09,649517,643401216.0,0.13,1.3052208835341366
2016-04-13,15:00,sz000793,ST华闻,10.18,10.51,10.06,10.21,991977,1020479232.0,0.12,1.189296333002973
2016-04-14,15:00,sz000793,ST华闻,10.33,10.66,10.2,10.44,858097,894830080.0,0.23,2.252693437806073
2016-04-15,15:00,sz000793,ST华闻,10.39,10.42,10.17,10.26,520277,534940160.0,-0.18,-1.7241379310344829
2016-04-18,15:00,sz000793,ST华闻,10.13,10.44,10.02,10.19,640219,656328320.0,-0.07,-0.682261208576998
2016-04-19,15:00,sz000793,ST华闻,10.31,10.42,10.15,10.26,569102,585508992.0,0.07,0.6869479882237487
2016-04-20,15:00,sz000793,ST华闻,10.27,10.27,9.39,9.6,841804,823704064.0,-0.66,-6.432748538011696
2016-04-21,15:00,sz000793,ST华闻,9.5,9.62,9.15,9.21,764401,717978944.0,-0.39,-4.0625
2016-04-22,15:00,sz000793,ST华闻,9.1,9.29,9.02,9.28,445376,407685504.0,0.07,0.760043431053203
2016-04-25,15:00,sz000793,ST华闻,9.25,9.26,8.97,9.12,388426,352706624.0,-0.16,-1.7241379310344829
2016-04-26,15:00,sz000793,ST华闻,9.15,9.42,9.05,9.36,382429,352632352.0,0.24,2.631578947368421
2016-04-27,15:00,sz000793,ST华闻,9.32,9.45,9.22,9.27,484983,452964448.0,-0.09,-0.9615384615384616
2016-04-28,15:00,sz000793,ST华闻,9.32,9.33,9.02,9.17,305145,279248896.0,-0.1,-1.0787486515641855
2016-04-29,15:00,sz000793,ST华闻,9.07,9.25,9.07,9.15,199643,182929808.0,-0.02,-0.218102508178844
2016-05-03,15:00,sz000793,ST华闻,9.19,9.55,9.14,9.53,458806,431690752.0,0.38,4.1530054644808745
2016-05-04,15:00,sz000793,ST华闻,9.46,9.68,9.44,9.54,429917,411462240.0,0.01,0.1049317943336831
2016-05-05,15:00,sz000793,ST华闻,9.58,10.49,9.58,10.49,1172718,1190160128.0,0.95,9.958071278825996
2016-05-06,15:00,sz000793,ST华闻,10.55,10.55,9.98,10.1,1203035,1226588416.0,-0.39,-3.7178265014299336
2016-05-09,15:00,sz000793,ST华闻,10.04,10.3,9.83,9.85,1037470,1046981824.0,-0.25,-2.4752475247524752
2016-05-10,15:00,sz000793,ST华闻,9.72,9.83,9.43,9.62,606505,582915968.0,-0.23,-2.33502538071066
2016-05-11,15:00,sz000793,ST华闻,9.66,9.76,9.39,9.39,689741,661849024.0,-0.23,-2.390852390852391
2016-05-12,15:00,sz000793,ST华闻,9.35,9.35,8.65,8.97,822654,730669376.0,-0.42,-4.472843450479233
2016-05-13,15:00,sz000793,ST华闻,8.9,9.2,8.83,8.93,423664,381666880.0,-0.04,-0.4459308807134894
2016-05-16,15:00,sz000793,ST华闻,8.98,9.33,8.8,9.29,466579,423753280.0,0.36,4.031354983202688
2016-05-17,15:00,sz000793,ST华闻,9.3,9.3,9.03,9.18,428268,391962944.0,-0.11,-1.1840688912809472
2016-05-18,15:00,sz000793,ST华闻,9.07,9.07,8.53,8.71,612818,537378240.0,-0.47,-5.119825708061002
2016-05-19,15:00,sz000793,ST华闻,8.59,8.92,8.59,8.74,369829,324576352.0,0.03,0.3444316877152698
2016-05-20,15:00,sz000793,ST华闻,8.67,8.95,8.55,8.83,396180,348236960.0,0.09,1.0297482837528604
2016-05-23,15:00,sz000793,ST华闻,8.85,9.22,8.84,9.13,456293,411816192.0,0.3,3.397508493771234
2016-05-24,15:00,sz000793,ST华闻,9.08,9.3,8.86,9.07,361173,325572064.0,-0.06,-0.6571741511500547
2016-05-25,15:00,sz000793,ST华闻,9.1,9.38,9.08,9.21,466465,430282816.0,0.14,1.5435501653803747
2016-05-26,15:00,sz000793,ST华闻,9.15,9.25,8.98,9.2,365690,332658784.0,-0.01,-0.1085776330076004
2016-05-27,15:00,sz000793,ST华闻,9.15,9.55,9.15,9.48,587790,553351424.0,0.28,3.0434782608695654
2016-05-30,15:00,sz000793,ST华闻,9.44,9.85,9.32,9.67,816414,781417024.0,0.19,2.0042194092827006
2016-05-31,15:00,sz000793,ST华闻,9.69,10.09,9.65,9.95,843392,832489152.0,0.28,2.8955532574974145
2016-06-01,15:00,sz000793,ST华闻,9.86,10.34,9.85,10.12,735347,746968576.0,0.17,1.7085427135678393
2016-06-02,15:00,sz000793,ST华闻,10.1,10.2,9.88,10.02,531290,530005280.0,-0.1,-0.9881422924901186
2016-06-03,15:00,sz000793,ST华闻,9.98,10.3,9.93,10.27,576460,586047808.0,0.25,2.4950099800399204
2016-06-06,15:00,sz000793,ST华闻,10.26,10.37,9.99,10.06,471717,480087552.0,-0.21,-2.044790652385589
2016-06-07,15:00,sz000793,ST华闻,10.0,10.05,9.81,10.0,314855,313106240.0,-0.06,-0.5964214711729622
2016-06-08,15:00,sz000793,ST华闻,9.97,10.05,9.9,9.94,345213,343867040.0,-0.06,-0.6
2016-06-13,15:00,sz000793,ST华闻,9.78,9.79,9.25,9.31,460853,442312128.0,-0.63,-6.338028169014084
2016-06-14,15:00,sz000793,ST华闻,9.33,9.39,9.15,9.35,308042,286475456.0,0.04,0.4296455424274973
2016-06-15,15:00,sz000793,ST华闻,9.25,9.77,9.2,9.68,344242,330312544.0,0.33,3.5294117647058822
2016-06-16,15:00,sz000793,ST华闻,9.61,9.73,9.38,9.38,338379,321359936.0,-0.3,-3.0991735537190084
2016-06-17,15:00,sz000793,ST华闻,9.47,9.63,9.37,9.47,249118,236891328.0,0.09,0.9594882729211088
2016-06-20,15:00,sz000793,ST华闻,9.46,9.67,9.3,9.52,262598,249088512.0,0.05,0.5279831045406547
2016-06-21,15:00,sz000793,ST华闻,9.59,9.75,9.38,9.42,300049,287157216.0,-0.1,-1.050420168067227
2016-06-22,15:00,sz000793,ST华闻,9.4,9.6,9.36,9.54,207320,195897728.0,0.12,1.2738853503184715
2016-06-23,15:00,sz000793,ST华闻,9.54,9.59,9.36,9.46,227240,215200080.0,-0.08,-0.8385744234800839
2016-06-24,15:00,sz000793,ST华闻,9.35,9.48,8.88,9.31,322916,299700384.0,-0.15,-1.5856236786469344
2016-06-27,15:00,sz000793,ST华闻,9.25,9.52,9.22,9.46,245826,231658128.0,0.15,1.611170784103115
2016-06-28,15:00,sz000793,ST华闻,9.41,9.87,9.39,9.78,821797,797292736.0,0.32,3.382663847780127
2016-06-29,15:00,sz000793,ST华闻,9.76,9.85,9.68,9.8,378130,369302688.0,0.02,0.2044989775051125
2016-06-30,15:00,sz000793,ST华闻,9.84,9.94,9.74,9.88,311098,305742688.0,0.08,0.8163265306122449
2016-07-01,15:00,sz000793,ST华闻,9.92,9.97,9.6,9.65,338206,329346976.0,-0.23,-2.327935222672065
2016-07-04,15:00,sz000793,ST华闻,9.61,9.84,9.57,9.77,404702,394897344.0,0.12,1.243523316062176
2016-07-05,15:00,sz000793,ST华闻,9.81,9.93,9.78,9.79,383881,377945120.0,0.02,0.2047082906857728
2016-07-06,15:00,sz000793,ST华闻,9.78,9.99,9.7,9.9,490708,483231648.0,0.11,1.1235955056179776
2016-07-07,15:00,sz000793,ST华闻,9.95,10.15,9.81,9.86,525890,523798944.0,-0.04,-0.404040404040404
2016-07-08,15:00,sz000793,ST华闻,9.86,9.95,9.78,9.84,289811,286095584.0,-0.02,-0.2028397565922921
2016-07-11,15:00,sz000793,ST华闻,9.96,10.1,9.87,9.92,524328,524022048.0,0.08,0.8130081300813009
2016-07-12,15:00,sz000793,ST华闻,9.94,10.02,9.71,9.95,408372,403559296.0,0.03,0.3024193548387097
2016-07-13,15:00,sz000793,ST华闻,10.0,10.43,9.93,10.26,918087,933749632.0,0.31,3.1155778894472363
2016-07-14,15:00,sz000793,ST华闻,10.18,10.33,10.12,10.26,485830,496011456.0,0.0,0.0
2016-07-15,15:00,sz000793,ST华闻,10.26,10.45,10.19,10.32,588296,607351872.0,0.06,0.5847953216374269
2016-07-18,15:00,sz000793,ST华闻,10.28,10.35,9.96,10.02,514369,519758464.0,-0.3,-2.9069767441860463
2016-07-19,15:00,sz000793,ST华闻,10.01,10.12,9.93,10.1,303416,303990464.0,0.08,0.7984031936127743
2016-07-20,15:00,sz000793,ST华闻,10.14,10.17,10.04,10.11,305956,309472448.0,0.01,0.099009900990099
2016-07-21,15:00,sz000793,ST华闻,10.12,10.18,10.01,10.02,395719,399199072.0,-0.09,-0.8902077151335311
2016-07-22,15:00,sz000793,ST华闻,10.04,10.06,9.8,9.85,406974,402573792.0,-0.17,-1.6966067864271457
2016-07-25,15:00,sz000793,ST华闻,9.81,10.01,9.79,9.99,296375,294289664.0,0.14,1.4213197969543148
2016-07-26,15:00,sz000793,ST华闻,9.95,10.06,9.91,10.05,236383,236429232.0,0.06,0.6006006006006006
2016-07-27,15:00,sz000793,ST华闻,9.95,10.0,9.49,9.59,663791,646460608.0,-0.46,-4.577114427860696
2016-07-28,15:00,sz000793,ST华闻,9.58,9.78,9.46,9.66,314496,302067392.0,0.07,0.7299270072992701
2016-07-29,15:00,sz000793,ST华闻,9.67,9.78,9.45,9.68,283629,271988576.0,0.02,0.2070393374741201
2016-08-01,15:00,sz000793,ST华闻,9.6,9.63,9.35,9.52,237552,224617248.0,-0.16,-1.6528925619834711
2016-08-02,15:00,sz000793,ST华闻,9.51,9.57,9.45,9.52,111259,105846632.0,0.0,0.0
2016-08-03,15:00,sz000793,ST华闻,9.48,9.59,9.47,9.53,129000,123007456.0,0.01,0.1050420168067226
2016-08-04,15:00,sz000793,ST华闻,9.5,9.6,9.47,9.55,126788,120823624.0,0.02,0.2098635886673662
2016-08-05,15:00,sz000793,ST华闻,9.55,9.61,9.47,9.6,206844,197699536.0,0.05,0.5235602094240838
2016-08-08,15:00,sz000793,ST华闻,9.58,9.83,9.54,9.8,280230,272700992.0,0.2,2.083333333333333
2016-08-09,15:00,sz000793,ST华闻,9.79,9.9,9.75,9.85,246170,242116784.0,0.05,0.5102040816326531
2016-08-10,15:00,sz000793,ST华闻,9.94,10.7,9.92,10.3,1150113,1192079616.0,0.45,4.568527918781726
2016-08-11,15:00,sz000793,ST华闻,10.34,11.06,10.1,10.74,1421101,1513634944.0,0.44,4.271844660194175
2016-08-12,15:00,sz000793,ST华闻,10.61,10.89,10.5,10.8,790970,846026176.0,0.06,0.5586592178770949
2016-08-15,15:00,sz000793,ST华闻,10.85,11.08,10.6,10.8,921130,998939648.0,0.0,0.0
2016-08-16,15:00,sz000793,ST华闻,10.79,11.56,10.74,11.37,1025454,1150372352.0,0.57,5.277777777777778
2016-08-17,15:00,sz000793,ST华闻,11.15,11.88,11.15,11.51,1022685,1185079552.0,0.14,1.2313104661389622
2016-08-18,15:00,sz000793,ST华闻,11.49,11.88,11.33,11.71,751831,871907648.0,0.2,1.7376194613379672
2016-08-19,15:00,sz000793,ST华闻,11.69,11.75,11.39,11.51,540467,624225728.0,-0.2,-1.7079419299743808
2016-08-22,15:00,sz000793,ST华闻,11.45,11.55,11.17,11.2,471104,531135072.0,-0.31,-2.6933101650738487
2016-08-23,15:00,sz000793,ST华闻,11.21,11.53,11.17,11.38,454283,516522496.0,0.18,1.607142857142857
2016-08-24,15:00,sz000793,ST华闻,11.4,11.55,11.0,11.0,558349,631041280.0,-0.38,-3.339191564147628
2016-08-25,15:00,sz000793,ST华闻,10.84,12.1,10.61,12.1,1355899,1557445248.0,1.1,10.0
2016-08-26,15:00,sz000793,ST华闻,12.08,12.48,12.0,12.21,1146763,1403195520.0,0.11,0.9090909090909092
2016-08-29,15:00,sz000793,ST华闻,12.09,12.45,11.94,12.26,703613,859413504.0,0.05,0.4095004095004095
2016-08-30,15:00,sz000793,ST华闻,12.16,12.56,11.91,11.99,601851,734760832.0,-0.27,-2.202283849918434
2016-08-31,15:00,sz000793,ST华闻,11.99,12.11,11.83,11.92,330585,394801408.0,-0.07,-0.5838198498748958
2016-09-01,15:00,sz000793,ST华闻,11.91,12.06,11.8,11.82,317969,379161184.0,-0.1,-0.8389261744966443
2016-09-02,15:00,sz000793,ST华闻,11.78,12.1,11.59,11.96,446749,529099712.0,0.14,1.1844331641285957
2016-09-05,15:00,sz000793,ST华闻,11.94,12.18,11.47,11.59,461400,542885696.0,-0.37,-3.0936454849498327
2016-09-06,15:00,sz000793,ST华闻,11.56,12.1,11.53,12.01,408272,481771104.0,0.42,3.62381363244176
2016-09-07,15:00,sz000793,ST华闻,11.91,12.05,11.71,11.72,390156,462535872.0,-0.29,-2.414654454621149
2016-09-08,15:00,sz000793,ST华闻,11.72,11.92,11.41,11.43,410122,476605888.0,-0.29,-2.474402730375427
2016-09-09,15:00,sz000793,ST华闻,11.41,11.57,11.25,11.25,335340,383492736.0,-0.18,-1.574803149606299
2016-09-12,15:00,sz000793,ST华闻,11.04,11.37,10.92,11.02,360768,400106560.0,-0.23,-2.0444444444444447
2016-09-13,15:00,sz000793,ST华闻,11.07,11.14,10.86,10.95,331681,365198048.0,-0.07,-0.6352087114337568
2016-09-14,15:00,sz000793,ST华闻,10.86,11.15,10.8,10.99,271480,298542080.0,0.04,0.365296803652968
2016-09-19,15:00,sz000793,ST华闻,11.0,11.25,10.97,11.02,224087,247862928.0,0.03,0.272975432211101
2016-09-20,15:00,sz000793,ST华闻,11.17,11.17,10.89,10.91,260796,286010048.0,-0.11,-0.998185117967332
2016-09-21,15:00,sz000793,ST华闻,10.91,11.06,10.86,10.93,165866,181770608.0,0.02,0.1833180568285976
2016-09-22,15:00,sz000793,ST华闻,11.03,11.17,11.0,11.07,231197,255966192.0,0.14,1.280878316559927
2016-09-23,15:00,sz000793,ST华闻,11.1,11.12,10.88,10.94,179995,197214336.0,-0.13,-1.1743450767841013
2016-09-26,15:00,sz000793,ST华闻,10.88,10.96,10.31,10.35,363738,386236224.0,-0.59,-5.393053016453382
2016-09-27,15:00,sz000793,ST华闻,10.36,10.46,10.22,10.45,189435,196206096.0,0.1,0.966183574879227
2016-09-28,15:00,sz000793,ST华闻,10.45,10.53,10.28,10.35,150423,156530688.0,-0.1,-0.9569377990430622
2016-09-29,15:00,sz000793,ST华闻,10.45,10.56,10.34,10.39,156177,163364832.0,0.04,0.3864734299516908
2016-09-30,15:00,sz000793,ST华闻,10.43,10.59,10.36,10.58,155172,163279696.0,0.19,1.8286814244465832
2016-10-10,15:00,sz000793,ST华闻,10.63,10.9,10.63,10.86,216238,233907120.0,0.28,2.6465028355387523
2016-10-11,15:00,sz000793,ST华闻,10.81,10.94,10.77,10.9,170158,184909536.0,0.04,0.3683241252302026
2016-10-12,15:00,sz000793,ST华闻,10.89,11.18,10.81,11.08,265468,293889888.0,0.18,1.651376146788991
2016-10-13,15:00,sz000793,ST华闻,11.11,11.19,10.89,10.97,170024,186873376.0,-0.11,-0.9927797833935018
2016-10-14,15:00,sz000793,ST华闻,10.91,10.97,10.75,10.87,147360,159582352.0,-0.1,-0.9115770282588878
2016-10-17,15:00,sz000793,ST华闻,10.86,11.11,10.8,10.87,189800,207547120.0,0.0,0.0
2016-10-18,15:00,sz000793,ST华闻,10.87,11.05,10.82,11.01,232728,254455872.0,0.14,1.2879484820607177
2016-10-19,15:00,sz000793,ST华闻,11.03,11.33,11.0,11.22,329984,368362048.0,0.21,1.9073569482288828
2016-10-20,15:00,sz000793,ST华闻,11.22,11.33,11.09,11.25,212984,238791632.0,0.03,0.267379679144385
2016-10-21,15:00,sz000793,ST华闻,11.23,11.28,10.85,11.11,267762,295881312.0,-0.14,-1.2444444444444445
2016-10-24,15:00,sz000793,ST华闻,11.08,11.22,10.95,11.18,264355,295159584.0,0.07,0.6300630063006301
2016-10-25,15:00,sz000793,ST华闻,11.17,11.23,11.05,11.12,227710,253203440.0,-0.06,-0.5366726296958855
2016-10-26,15:00,sz000793,ST华闻,11.11,11.14,10.79,10.8,277861,303784608.0,-0.32,-2.877697841726619
2016-10-27,15:00,sz000793,ST华闻,10.81,11.23,10.72,11.17,373823,413447712.0,0.37,3.425925925925926
2016-10-28,15:00,sz000793,ST华闻,11.17,11.29,11.04,11.15,405573,453363328.0,-0.02,-0.1790510295434198
2016-10-31,15:00,sz000793,ST华闻,11.1,11.48,10.98,11.31,605784,680945920.0,0.16,1.4349775784753362
2016-11-01,15:00,sz000793,ST华闻,11.37,11.55,11.24,11.5,436333,497137952.0,0.19,1.6799292661361624
2016-11-02,15:00,sz000793,ST华闻,11.45,11.79,11.4,11.7,543629,633972224.0,0.2,1.7391304347826086
2016-11-03,15:00,sz000793,ST华闻,11.9,12.27,11.46,11.5,1113247,1331521792.0,-0.2,-1.7094017094017095
2016-11-04,15:00,sz000793,ST华闻,11.34,11.52,11.07,11.36,632623,714995520.0,-0.14,-1.2173913043478262
2016-11-07,15:00,sz000793,ST华闻,11.35,11.35,11.1,11.18,249931,279874848.0,-0.18,-1.584507042253521
2016-11-08,15:00,sz000793,ST华闻,11.22,11.38,11.17,11.24,219004,246871648.0,0.06,0.5366726296958855
2016-11-09,15:00,sz000793,ST华闻,11.26,11.33,10.89,11.08,324916,361139968.0,-0.16,-1.4234875444839856
2016-11-10,15:00,sz000793,ST华闻,11.19,11.24,11.08,11.15,267843,298725760.0,0.07,0.631768953068592
2016-11-11,15:00,sz000793,ST华闻,11.17,11.2,10.9,11.1,356112,394712032.0,-0.05,-0.4484304932735426
2016-11-14,15:00,sz000793,ST华闻,11.02,11.25,10.97,11.15,308051,342086816.0,0.05,0.4504504504504504
2016-11-15,15:00,sz000793,ST华闻,11.16,11.17,11.04,11.16,219522,243904080.0,0.01,0.0896860986547085
2016-11-16,15:00,sz000793,ST华闻,11.17,11.39,11.17,11.35,338669,382813728.0,0.19,1.702508960573477
2016-11-17,15:00,sz000793,ST华闻,11.35,11.6,11.21,11.5,388482,445312128.0,0.15,1.3215859030837005
2016-11-18,15:00,sz000793,ST华闻,11.58,11.58,11.31,11.4,316367,361228384.0,-0.1,-0.8695652173913043
2016-11-21,15:00,sz000793,ST华闻,11.49,11.72,11.4,11.44,349428,402395296.0,0.04,0.3508771929824561
2016-11-22,15:00,sz000793,ST华闻,11.36,11.51,11.28,11.39,269183,306249440.0,-0.05,-0.4370629370629371
2016-11-23,15:00,sz000793,ST华闻,11.38,11.43,11.23,11.26,288166,325538528.0,-0.13,-1.141352063213345
2016-11-24,15:00,sz000793,ST华闻,11.21,11.39,11.17,11.24,267321,301246976.0,-0.02,-0.1776198934280639
2016-11-25,15:00,sz000793,ST华闻,11.22,11.34,11.06,11.29,216188,242208000.0,0.05,0.4448398576512456
2016-11-28,15:00,sz000793,ST华闻,11.31,11.65,11.24,11.45,502329,577857088.0,0.16,1.41718334809566
2016-11-29,15:00,sz000793,ST华闻,11.48,11.52,11.1,11.14,274836,311430272.0,-0.31,-2.7074235807860263
2016-11-30,15:00,sz000793,ST华闻,11.16,11.23,11.11,11.21,219633,245374496.0,0.07,0.6283662477558348
2016-12-01,15:00,sz000793,ST华闻,11.21,11.27,11.09,11.13,239341,266665984.0,-0.08,-0.7136485280999109
2016-12-02,15:00,sz000793,ST华闻,11.14,11.19,11.06,11.14,288763,320974336.0,0.01,0.0898472596585804
2016-12-05,15:00,sz000793,ST华闻,11.04,11.14,10.96,11.05,202590,223940864.0,-0.09,-0.807899461400359
2016-12-06,15:00,sz000793,ST华闻,11.02,11.14,10.95,10.96,147847,163039728.0,-0.09,-0.8144796380090499
2016-12-07,15:00,sz000793,ST华闻,10.98,11.04,10.83,10.9,197512,215526672.0,-0.06,-0.5474452554744526
2016-12-08,15:00,sz000793,ST华闻,10.93,11.34,10.8,11.18,313012,346889472.0,0.28,2.568807339449541
2016-12-09,15:00,sz000793,ST华闻,11.29,11.29,11.05,11.14,227738,254052720.0,-0.04,-0.3577817531305903
2016-12-12,15:00,sz000793,ST华闻,11.1,11.13,10.75,10.76,251593,273300608.0,-0.38,-3.4111310592459607
2016-12-13,15:00,sz000793,ST华闻,10.66,10.92,10.55,10.76,234439,252668848.0,0.0,0.0
2016-12-14,15:00,sz000793,ST华闻,10.81,10.88,10.58,10.66,132380,142120704.0,-0.1,-0.929368029739777
2016-12-15,15:00,sz000793,ST华闻,10.68,10.84,10.66,10.8,183753,197597856.0,0.14,1.3133208255159476
2016-12-16,15:00,sz000793,ST华闻,10.77,11.55,10.75,11.39,525959,590778048.0,0.59,5.462962962962963
2016-12-19,15:00,sz000793,ST华闻,11.38,11.85,11.24,11.68,494590,576169024.0,0.29,2.546093064091308
2016-12-20,15:00,sz000793,ST华闻,11.62,11.83,11.58,11.66,324748,380249120.0,-0.02,-0.1712328767123287
2016-12-21,15:00,sz000793,ST华闻,11.82,11.85,11.54,11.62,234733,273108448.0,-0.04,-0.3430531732418524
2016-12-22,15:00,sz000793,ST华闻,11.55,11.66,11.26,11.52,365638,416737344.0,-0.1,-0.8605851979345954
2016-12-23,15:00,sz000793,ST华闻,11.44,12.12,11.31,11.81,590204,699132864.0,0.29,2.517361111111111
2016-12-26,15:00,sz000793,ST华闻,11.72,11.94,11.44,11.73,278753,325740960.0,-0.08,-0.6773920406435224
2016-12-27,15:00,sz000793,ST华闻,11.63,11.9,11.62,11.76,221018,260323648.0,0.03,0.2557544757033248
2016-12-28,15:00,sz000793,ST华闻,11.74,11.82,11.45,11.48,191504,222474608.0,-0.28,-2.380952380952381
2016-12-29,15:00,sz000793,ST华闻,11.48,11.56,11.3,11.41,218339,249283120.0,-0.07,-0.6097560975609756
2016-12-30,15:00,sz000793,ST华闻,11.44,11.46,11.22,11.29,219721,248589856.0,-0.12,-1.0517090271691498
2017-01-03,15:00,sz000793,ST华闻,11.3,11.44,11.27,11.36,123129,139677216.0,0.07,0.6200177147918512
2017-01-04,15:00,sz000793,ST华闻,11.35,11.61,11.34,11.55,194098,223517328.0,0.19,1.6725352112676055
2017-01-05,15:00,sz000793,ST华闻,11.51,11.76,11.48,11.51,198400,229744928.0,-0.04,-0.3463203463203463
2017-01-06,15:00,sz000793,ST华闻,11.51,11.56,11.36,11.43,164950,188452016.0,-0.08,-0.6950477845351868
2017-01-09,15:00,sz000793,ST华闻,11.44,11.73,11.44,11.64,234854,272511264.0,0.21,1.837270341207349
2017-01-10,15:00,sz000793,ST华闻,11.68,11.89,11.58,11.67,288221,337920064.0,0.03,0.2577319587628865
2017-01-11,15:00,sz000793,ST华闻,11.62,11.62,11.21,11.24,396016,449440800.0,-0.43,-3.684661525278492
2017-01-12,15:00,sz000793,ST华闻,11.15,11.32,11.08,11.15,130694,145959904.0,-0.09,-0.800711743772242
2017-01-13,15:00,sz000793,ST华闻,11.14,11.27,10.76,11.23,319030,351606816.0,0.08,0.7174887892376681
2017-01-16,15:00,sz000793,ST华闻,11.15,11.15,10.4,10.67,277983,302800960.0,-0.56,-4.986642920747997
2017-01-17,15:00,sz000793,ST华闻,10.67,10.73,10.22,10.51,272839,284777248.0,-0.16,-1.499531396438613
2017-01-18,15:00,sz000793,ST华闻,10.41,10.55,10.39,10.43,111978,117143096.0,-0.08,-0.7611798287345386
2017-01-19,15:00,sz000793,ST华闻,10.43,10.47,10.22,10.31,162772,167511872.0,-0.12,-1.1505273250239694
2017-01-20,15:00,sz000793,ST华闻,10.31,10.48,10.27,10.39,119378,123912808.0,0.08,0.7759456838021339
2017-01-23,15:00,sz000793,ST华闻,10.29,10.86,10.02,10.84,500281,520790752.0,0.45,4.331087584215592
2017-01-24,15:00,sz000793,ST华闻,10.65,11.0,10.61,10.85,226885,245942576.0,0.01,0.092250922509225
2017-01-25,15:00,sz000793,ST华闻,10.79,10.99,10.73,10.78,108110,117141376.0,-0.07,-0.6451612903225806
2017-01-26,15:00,sz000793,ST华闻,10.79,10.82,10.6,10.72,99003,106185088.0,-0.06,-0.5565862708719851
2017-02-03,15:00,sz000793,ST华闻,10.75,10.82,10.61,10.79,116366,124638312.0,0.07,0.6529850746268656
2017-02-06,15:00,sz000793,ST华闻,10.76,11.05,10.76,10.99,169475,185628400.0,0.2,1.8535681186283597
2017-02-07,15:00,sz000793,ST华闻,10.95,11.02,10.91,10.94,82120,89970560.0,-0.05,-0.4549590536851683
2017-02-08,15:00,sz000793,ST华闻,10.91,11.1,10.86,10.98,97341,106410624.0,0.04,0.3656307129798903
2017-02-09,15:00,sz000793,ST华闻,10.95,11.08,10.93,11.01,98013,107655160.0,0.03,0.273224043715847
2017-02-10,15:00,sz000793,ST华闻,11.0,11.02,10.9,10.9,123021,134718800.0,-0.11,-0.9990917347865576
2017-02-13,15:00,sz000793,ST华闻,10.85,10.96,10.6,10.95,200062,215926240.0,0.05,0.4587155963302752
2017-02-14,15:00,sz000793,ST华闻,10.95,11.07,10.81,10.86,133127,145431920.0,-0.09,-0.821917808219178
2017-02-15,15:00,sz000793,ST华闻,10.82,10.86,10.55,10.61,149333,159840624.0,-0.25,-2.3020257826887662
2017-02-16,15:00,sz000793,ST华闻,10.65,10.71,10.49,10.68,153473,162974016.0,0.07,0.6597549481621112
2017-02-17,15:00,sz000793,ST华闻,10.67,10.74,10.55,10.69,174921,186476592.0,0.01,0.0936329588014981
2017-02-20,15:00,sz000793,ST华闻,10.67,11.09,10.66,10.99,457089,500084736.0,0.3,2.8063610851262863
2017-02-21,15:00,sz000793,ST华闻,10.98,11.06,10.85,10.99,230351,252514288.0,0.0,0.0
2017-02-22,15:00,sz000793,ST华闻,11.04,11.39,11.01,11.33,720605,812652736.0,0.34,3.0937215650591448
2017-02-23,15:00,sz000793,ST华闻,11.33,11.46,11.18,11.34,451575,510695936.0,0.01,0.088261253309797
2017-02-24,15:00,sz000793,ST华闻,11.35,11.6,11.21,11.26,428936,487788768.0,-0.08,-0.7054673721340388
2017-02-27,15:00,sz000793,ST华闻,11.1,11.64,11.1,11.39,612898,698830464.0,0.13,1.1545293072824157
2017-02-28,15:00,sz000793,ST华闻,11.39,11.49,11.0,11.33,688310,771362816.0,-0.06,-0.5267778753292361
2017-03-01,15:00,sz000793,ST华闻,11.13,11.22,10.21,11.19,1138538,1227956480.0,-0.14,-1.235657546337158
2017-03-02,15:00,sz000793,ST华闻,10.91,11.25,10.84,11.15,562838,621671680.0,-0.04,-0.3574620196604111
2017-03-03,15:00,sz000793,ST华闻,11.07,11.12,10.92,11.02,271592,299019200.0,-0.13,-1.1659192825112108
2017-03-06,15:00,sz000793,ST华闻,10.99,11.05,10.88,10.9,197122,215342464.0,-0.12,-1.088929219600726
2017-03-07,15:00,sz000793,ST华闻,10.84,10.93,10.75,10.79,179051,193679808.0,-0.11,-1.0091743119266057
2017-03-08,15:00,sz000793,ST华闻,10.79,10.84,10.7,10.76,156063,168171712.0,-0.03,-0.2780352177942539
2017-03-09,15:00,sz000793,ST华闻,10.73,10.77,10.58,10.6,174732,186241888.0,-0.16,-1.486988847583643
2017-03-10,15:00,sz000793,ST华闻,10.65,10.85,10.61,10.73,163943,175820640.0,0.13,1.2264150943396228
2017-03-13,15:00,sz000793,ST华闻,10.76,10.99,10.63,10.85,346282,373629216.0,0.12,1.1183597390493942
2017-03-14,15:00,sz000793,ST华闻,10.86,10.97,10.76,10.89,257277,279702368.0,0.04,0.3686635944700461
2017-03-15,15:00,sz000793,ST华闻,10.86,10.9,10.69,10.77,211717,228333312.0,-0.12,-1.1019283746556474
2017-03-16,15:00,sz000793,ST华闻,10.84,10.94,10.8,10.86,171318,186076768.0,0.09,0.8356545961002786
2017-03-17,15:00,sz000793,ST华闻,10.85,11.08,10.83,10.83,277007,302899680.0,-0.03,-0.2762430939226519
2017-03-20,15:00,sz000793,ST华闻,10.87,10.87,10.7,10.73,175313,188492240.0,-0.1,-0.9233610341643584
2017-03-21,15:00,sz000793,ST华闻,10.73,10.8,10.69,10.78,127597,137291168.0,0.05,0.4659832246039142
2017-03-22,15:00,sz000793,ST华闻,10.74,10.91,10.59,10.85,227123,243504784.0,0.07,0.6493506493506493
2017-03-23,15:00,sz000793,ST华闻,10.82,11.06,10.79,11.06,322875,353050464.0,0.21,1.935483870967742
2017-03-24,15:00,sz000793,ST华闻,11.05,11.15,10.98,11.1,283012,313563264.0,0.04,0.3616636528028933
2017-03-27,15:00,sz000793,ST华闻,11.1,11.27,10.99,11.16,243355,270470944.0,0.06,0.5405405405405406
2017-03-28,15:00,sz000793,ST华闻,11.15,11.29,10.98,11.17,251195,280021952.0,0.01,0.089605734767025
2017-03-29,15:00,sz000793,ST华闻,11.21,11.31,11.05,11.06,200186,223773504.0,-0.11,-0.9847806624888094
2017-03-30,15:00,sz000793,ST华闻,11.09,11.2,10.81,10.85,269042,296071744.0,-0.21,-1.89873417721519
2017-03-31,15:00,sz000793,ST华闻,10.87,10.93,10.8,10.85,84227,91514384.0,0.0,0.0
2017-04-05,15:00,sz000793,ST华闻,10.85,11.24,10.85,11.21,265070,293513248.0,0.36,3.317972350230415
2017-04-06,15:00,sz000793,ST华闻,11.24,11.34,11.14,11.21,289417,324881984.0,0.0,0.0
2017-04-07,15:00,sz000793,ST华闻,11.21,11.38,11.11,11.3,342152,385473792.0,0.09,0.8028545941123997
2017-04-10,15:00,sz000793,ST华闻,11.3,11.36,11.16,11.26,211997,238107216.0,-0.04,-0.3539823008849557
2017-04-11,15:00,sz000793,ST华闻,11.23,11.46,11.05,11.41,348096,390357536.0,0.15,1.3321492007104796
2017-04-12,15:00,sz000793,ST华闻,11.45,11.48,11.26,11.26,213355,242657968.0,-0.15,-1.3146362839614372
2017-04-13,15:00,sz000793,ST华闻,11.21,11.31,11.18,11.22,219563,246921248.0,-0.04,-0.3552397868561279
2017-04-14,15:00,sz000793,ST华闻,11.2,11.33,10.99,11.25,464442,519309344.0,0.03,0.267379679144385
2017-04-17,15:00,sz000793,ST华闻,11.44,11.48,10.9,11.03,429893,475194976.0,-0.22,-1.9555555555555555
2017-04-18,15:00,sz000793,ST华闻,11.06,11.08,10.91,11.05,211334,231943408.0,0.02,0.1813236627379873
2017-04-19,15:00,sz000793,ST华闻,11.0,11.09,10.91,10.91,149478,164394752.0,-0.14,-1.2669683257918551
2017-04-20,15:00,sz000793,ST华闻,10.87,10.88,10.68,10.82,142505,153682848.0,-0.09,-0.8249312557286892
2017-04-21,15:00,sz000793,ST华闻,10.82,10.88,10.72,10.83,78659,84864160.0,0.01,0.0924214417744916
2017-04-24,15:00,sz000793,ST华闻,10.84,10.86,10.64,10.83,151446,162903440.0,0.0,0.0
2017-04-25,15:00,sz000793,ST华闻,10.8,10.84,10.73,10.73,59722,64507392.0,-0.1,-0.9233610341643584
2017-04-26,15:00,sz000793,ST华闻,10.76,10.82,10.68,10.8,122232,131593840.0,0.07,0.65237651444548
2017-04-27,15:00,sz000793,ST华闻,10.73,10.86,10.71,10.84,125341,135420000.0,0.04,0.3703703703703704
2017-04-28,15:00,sz000793,ST华闻,10.78,11.04,10.77,10.95,160876,175986336.0,0.11,1.014760147601476
2017-05-02,15:00,sz000793,ST华闻,10.94,11.03,10.89,10.94,161907,177346256.0,-0.01,-0.091324200913242
2017-05-03,15:00,sz000793,ST华闻,10.99,11.04,10.76,10.94,182997,199209600.0,0.0,0.0
2017-05-04,15:00,sz000793,ST华闻,10.93,10.95,10.73,10.93,148539,161106576.0,-0.01,-0.0914076782449725
2017-05-05,15:00,sz000793,ST华闻,10.85,10.94,10.76,10.92,130529,141628464.0,-0.01,-0.091491308325709
2017-05-08,15:00,sz000793,ST华闻,10.86,10.98,10.78,10.91,180386,196063184.0,-0.01,-0.0915750915750915
2017-05-09,15:00,sz000793,ST华闻,10.92,11.18,10.77,11.08,295683,323719616.0,0.17,1.5582034830430798
2017-05-10,15:00,sz000793,ST华闻,11.04,11.04,10.43,10.43,527211,570473408.0,-0.65,-5.866425992779783
2017-05-11,15:00,sz000793,ST华闻,10.5,10.55,10.0,10.37,402272,414379424.0,-0.06,-0.5752636625119847
2017-05-12,15:00,sz000793,ST华闻,10.37,10.47,10.21,10.37,172977,178492400.0,0.0,0.0
2017-05-15,15:00,sz000793,ST华闻,10.46,11.04,10.45,11.0,499711,539415104.0,0.63,6.075216972034716
2017-05-16,15:00,sz000793,ST华闻,11.6,11.7,10.84,10.92,1202443,1354458880.0,-0.08,-0.7272727272727273
2017-05-17,15:00,sz000793,ST华闻,11.09,11.1,10.78,10.9,559336,609799424.0,-0.02,-0.1831501831501831
2017-05-18,15:00,sz000793,ST华闻,10.75,10.87,10.54,10.63,513155,547860864.0,-0.27,-2.4770642201834865
2017-05-19,15:00,sz000793,ST华闻,10.6,10.65,10.32,10.43,399137,415531776.0,-0.2,-1.881467544684854
2017-05-22,15:00,sz000793,ST华闻,10.41,10.51,10.33,10.51,226174,235713984.0,0.08,0.7670182166826461
2017-05-23,15:00,sz000793,ST华闻,10.49,10.53,10.3,10.38,321125,334078976.0,-0.13,-1.236917221693625
2017-05-24,15:00,sz000793,ST华闻,10.25,10.42,10.02,10.37,219124,223699888.0,-0.01,-0.0963391136801541
2017-05-25,15:00,sz000793,ST华闻,10.29,10.45,10.19,10.39,235923,244079360.0,0.02,0.1928640308582449
2017-05-26,15:00,sz000793,ST华闻,10.4,10.47,10.29,10.43,246529,256080528.0,0.04,0.384985563041386
2017-05-31,15:00,sz000793,ST华闻,10.46,10.5,10.35,10.37,154297,160404368.0,-0.06,-0.5752636625119847
2017-06-01,15:00,sz000793,ST华闻,10.31,10.33,10.09,10.2,220543,224441536.0,-0.17,-1.639344262295082
2017-06-02,15:00,sz000793,ST华闻,10.09,10.21,9.71,10.16,326778,326898112.0,-0.04,-0.392156862745098
2017-06-05,15:00,sz000793,ST华闻,10.1,10.16,9.91,10.13,304348,305494944.0,-0.03,-0.2952755905511811
2017-06-06,15:00,sz000793,ST华闻,10.13,10.2,9.98,10.1,228987,230606720.0,-0.03,-0.2961500493583415
2017-06-07,15:00,sz000793,ST华闻,10.07,10.26,10.01,10.23,268432,271777120.0,0.13,1.2871287128712872
2017-06-08,15:00,sz000793,ST华闻,10.2,10.22,10.08,10.17,183145,185733552.0,-0.06,-0.5865102639296188
2017-06-09,15:00,sz000793,ST华闻,10.13,10.15,10.05,10.06,86125,86814744.0,-0.11,-1.0816125860373649
2017-06-12,15:00,sz000793,ST华闻,10.01,10.06,9.86,9.86,139144,138361696.0,-0.2,-1.9880715705765408
2017-06-13,15:00,sz000793,ST华闻,9.86,10.08,9.79,10.0,164020,162460208.0,0.14,1.4198782961460443
2017-06-14,15:00,sz000793,ST华闻,9.97,9.99,9.82,9.88,133645,132158304.0,-0.12,-1.2
2017-06-15,15:00,sz000793,ST华闻,9.86,9.92,9.77,9.86,191994,188519648.0,-0.02,-0.2024291497975708
2017-06-16,15:00,sz000793,ST华闻,9.83,9.85,9.75,9.82,147652,144592704.0,-0.04,-0.4056795131845842
2017-06-19,15:00,sz000793,ST华闻,9.82,9.89,9.78,9.85,104110,102485472.0,0.03,0.305498981670061
2017-06-20,15:00,sz000793,ST华闻,9.85,9.88,9.79,9.83,104076,102319976.0,-0.02,-0.2030456852791878
2017-06-21,15:00,sz000793,ST华闻,9.86,9.87,9.72,9.74,119481,116855808.0,-0.09,-0.9155645981688708
2017-06-22,15:00,sz000793,ST华闻,9.75,9.84,9.6,9.81,265763,258574896.0,0.07,0.7186858316221766
2017-06-23,15:00,sz000793,ST华闻,9.78,9.79,9.61,9.75,164568,159766448.0,-0.06,-0.6116207951070336
2017-06-26,15:00,sz000793,ST华闻,9.7,9.8,9.61,9.78,176915,171784864.0,0.03,0.3076923076923077
2017-06-27,15:00,sz000793,ST华闻,9.78,10.0,9.73,9.98,281468,277941888.0,0.2,2.044989775051125
2017-06-28,15:00,sz000793,ST华闻,9.93,10.07,9.9,9.99,177831,177789920.0,0.01,0.1002004008016032
2017-06-29,15:00,sz000793,ST华闻,10.02,10.11,9.96,10.09,211478,212123808.0,0.1,1.001001001001001
2017-06-30,15:00,sz000793,ST华闻,10.01,10.16,10.01,10.12,189440,191212752.0,0.03,0.2973240832507433
2017-07-03,15:00,sz000793,ST华闻,10.15,10.18,10.06,10.08,126313,127546072.0,-0.04,-0.3952569169960474
2017-07-04,15:00,sz000793,ST华闻,10.1,10.1,9.99,10.02,132967,133442264.0,-0.06,-0.5952380952380952
2017-07-05,15:00,sz000793,ST华闻,10.01,10.07,9.94,10.01,112737,112697352.0,-0.01,-0.0998003992015967
2017-07-06,15:00,sz000793,ST华闻,10.0,10.06,9.85,9.98,150419,149823424.0,-0.03,-0.2997002997002997
2017-07-07,15:00,sz000793,ST华闻,9.98,10.03,9.91,9.98,92718,92335936.0,0.0,0.0
2017-07-10,15:00,sz000793,ST华闻,9.98,9.99,9.84,9.9,103006,102206816.0,-0.08,-0.8016032064128256
2017-07-11,15:00,sz000793,ST华闻,9.91,9.92,9.8,9.82,115943,114238360.0,-0.08,-0.8080808080808081
2017-07-12,15:00,sz000793,ST华闻,9.85,9.87,9.76,9.86,124361,122132232.0,0.04,0.4073319755600814
2017-07-13,15:00,sz000793,ST华闻,9.87,10.04,9.87,9.98,142918,142624816.0,0.12,1.2170385395537524
2017-07-14,15:00,sz000793,ST华闻,10.0,10.04,9.93,10.03,73746,73633992.0,0.05,0.501002004008016
2017-07-17,15:00,sz000793,ST华闻,10.05,10.07,9.71,9.79,276307,272907616.0,-0.24,-2.3928215353938187
2017-07-18,15:00,sz000793,ST华闻,9.83,10.04,9.77,10.02,210681,208149504.0,0.23,2.3493360572012256
2017-07-19,15:00,sz000793,ST华闻,10.07,10.33,10.02,10.3,334064,341448576.0,0.28,2.7944111776447107
2017-07-20,15:00,sz000793,ST华闻,10.32,10.44,10.28,10.34,141038,145739712.0,0.04,0.3883495145631068
2017-07-21,15:00,sz000793,ST华闻,10.37,10.54,10.32,10.46,128595,134580288.0,0.12,1.160541586073501
2017-07-24,15:00,sz000793,ST华闻,10.48,10.55,10.4,10.48,116811,122381568.0,0.02,0.1912045889101338
2017-07-25,15:00,sz000793,ST华闻,10.5,10.56,10.35,10.48,127387,133232368.0,0.0,0.0
2017-07-26,15:00,sz000793,ST华闻,10.53,10.68,10.48,10.68,194055,205890224.0,0.2,1.9083969465648856
2017-07-27,15:00,sz000793,ST华闻,10.68,10.86,10.63,10.85,234460,253400592.0,0.17,1.5917602996254685
2017-07-28,15:00,sz000793,ST华闻,10.85,10.96,10.61,10.78,166174,179801568.0,-0.07,-0.6451612903225806
2017-07-31,15:00,sz000793,ST华闻,10.75,10.75,10.46,10.46,184951,196016992.0,-0.32,-2.9684601113172544
2017-08-01,15:00,sz000793,ST华闻,10.55,10.62,10.46,10.54,81145,85519640.0,0.08,0.7648183556405354
2017-08-02,15:00,sz000793,ST华闻,10.54,10.6,10.4,10.44,145955,153108512.0,-0.1,-0.9487666034155596
2017-08-03,15:00,sz000793,ST华闻,10.46,10.54,10.37,10.54,75156,78722312.0,0.1,0.9578544061302682
2017-08-04,15:00,sz000793,ST华闻,10.54,10.6,10.42,10.53,103110,108416880.0,-0.01,-0.0948766603415559
2017-08-07,15:00,sz000793,ST华闻,10.51,10.57,10.44,10.55,68752,72213320.0,0.02,0.1899335232668566
2017-08-08,15:00,sz000793,ST华闻,10.57,10.83,10.57,10.78,131982,141977792.0,0.23,2.1800947867298577
2017-08-09,15:00,sz000793,ST华闻,10.78,10.93,10.7,10.8,121990,131616576.0,0.02,0.1855287569573284
2017-08-10,15:00,sz000793,ST华闻,10.85,10.85,10.52,10.57,86572,92034440.0,-0.23,-2.1296296296296298
2017-08-11,15:00,sz000793,ST华闻,10.51,10.67,10.4,10.47,80293,84569216.0,-0.1,-0.9460737937559128
2017-08-14,15:00,sz000793,ST华闻,10.49,10.6,10.4,10.47,92298,96659936.0,0.0,0.0
2017-08-15,15:00,sz000793,ST华闻,10.47,10.47,10.19,10.28,113615,117201896.0,-0.19,-1.8147086914995223
2017-08-16,15:00,sz000793,ST华闻,10.24,10.37,10.22,10.3,75775,77975496.0,0.02,0.1945525291828793
2017-08-17,15:00,sz000793,ST华闻,10.3,10.4,10.27,10.33,99807,103154392.0,0.03,0.2912621359223301
2017-08-18,15:00,sz000793,ST华闻,10.32,10.35,10.23,10.33,94631,97458984.0,0.0,0.0
2017-08-21,15:00,sz000793,ST华闻,10.38,10.59,10.37,10.44,146250,153379856.0,0.11,1.0648596321393995
2017-08-22,15:00,sz000793,ST华闻,10.41,10.5,10.26,10.32,103678,107444952.0,-0.12,-1.1494252873563218
2017-08-23,15:00,sz000793,ST华闻,10.4,10.53,10.31,10.49,276773,288522976.0,0.17,1.6472868217054266
2017-08-24,15:00,sz000793,ST华闻,10.49,10.69,10.43,10.55,218294,230730128.0,0.06,0.5719733079122974
2017-08-25,15:00,sz000793,ST华闻,10.56,10.76,10.5,10.72,215002,229659584.0,0.17,1.6113744075829384
2017-08-28,15:00,sz000793,ST华闻,10.71,11.1,10.66,10.96,297755,323234496.0,0.24,2.238805970149253
2017-08-29,15:00,sz000793,ST华闻,10.89,10.99,10.74,10.86,249054,269504864.0,-0.1,-0.9124087591240876
2017-08-30,15:00,sz000793,ST华闻,10.82,10.82,10.68,10.72,144721,155612848.0,-0.14,-1.289134438305709
2017-08-31,15:00,sz000793,ST华闻,10.72,10.78,10.65,10.75,83040,88912744.0,0.03,0.2798507462686567
2017-09-01,15:00,sz000793,ST华闻,10.66,10.78,10.66,10.69,90785,97263920.0,-0.06,-0.5581395348837209
2017-09-04,15:00,sz000793,ST华闻,10.68,10.78,10.65,10.75,93056,99903056.0,0.06,0.5612722170252572
2017-09-05,15:00,sz000793,ST华闻,10.83,10.83,10.69,10.69,109171,117356904.0,-0.06,-0.5581395348837209
2017-09-06,15:00,sz000793,ST华闻,10.67,10.75,10.61,10.63,76622,81712048.0,-0.06,-0.5612722170252572
2017-09-07,15:00,sz000793,ST华闻,10.64,10.67,10.58,10.58,84818,90083456.0,-0.05,-0.4703668861712135
2017-09-08,15:00,sz000793,ST华闻,10.58,10.63,10.47,10.59,86863,91568784.0,0.01,0.0945179584120983
2017-09-11,15:00,sz000793,ST华闻,10.58,10.77,10.54,10.62,76220,80819440.0,0.03,0.28328611898017
2017-09-12,15:00,sz000793,ST华闻,10.6,10.66,10.41,10.43,154652,161911056.0,-0.19,-1.7890772128060264
2017-09-13,15:00,sz000793,ST华闻,10.44,10.53,10.37,10.47,141851,148208080.0,0.04,0.383509108341323
2017-09-14,15:00,sz000793,ST华闻,10.47,10.54,10.36,10.48,149267,156122368.0,0.01,0.0955109837631327
2017-09-15,15:00,sz000793,ST华闻,10.45,10.5,10.39,10.49,125557,131185400.0,0.01,0.0954198473282442
2017-09-18,15:00,sz000793,ST华闻,10.48,10.51,10.4,10.48,86326,90063896.0,-0.01,-0.0953288846520495
2017-09-19,15:00,sz000793,ST华闻,10.46,10.47,10.29,10.31,86825,90064072.0,-0.17,-1.6221374045801529
2017-09-20,15:00,sz000793,ST华闻,10.31,10.65,10.24,10.49,135277,139867456.0,0.18,1.7458777885548011
2017-09-21,15:00,sz000793,ST华闻,10.45,10.47,10.23,10.3,140560,145382720.0,-0.19,-1.811248808388942
2017-09-22,15:00,sz000793,ST华闻,10.27,10.37,10.25,10.3,135347,139557824.0,0.0,0.0
2017-09-25,15:00,sz000793,ST华闻,10.3,10.32,10.09,10.09,83712,85306256.0,-0.21,-2.0388349514563107
2017-09-26,15:00,sz000793,ST华闻,10.06,10.13,9.99,10.02,75929,76303784.0,-0.07,-0.6937561942517344
2017-09-27,15:00,sz000793,ST华闻,10.02,10.1,10.02,10.09,42264,42512044.0,0.07,0.6986027944111777
2017-09-28,15:00,sz000793,ST华闻,10.09,10.2,10.06,10.06,69929,70745896.0,-0.03,-0.2973240832507433
2017-09-29,15:00,sz000793,ST华闻,10.05,10.15,10.05,10.08,48058,48516952.0,0.02,0.198807157057654
2017-10-09,15:00,sz000793,ST华闻,10.13,10.29,10.1,10.16,88461,90204920.0,0.08,0.7936507936507936
2017-10-10,15:00,sz000793,ST华闻,10.16,10.24,10.16,10.2,48649,49665392.0,0.04,0.3937007874015747
2017-10-11,15:00,sz000793,ST华闻,10.23,10.35,10.2,10.26,105299,108424744.0,0.06,0.5882352941176471
2017-10-12,15:00,sz000793,ST华闻,10.21,10.33,10.21,10.28,101248,103926936.0,0.02,0.1949317738791423
2017-10-13,15:00,sz000793,ST华闻,10.35,10.35,10.29,10.31,119838,123550784.0,0.03,0.2918287937743191
2017-10-16,15:00,sz000793,ST华闻,10.33,10.39,10.16,10.17,92987,95014272.0,-0.14,-1.3579049466537343
2017-10-17,15:00,sz000793,ST华闻,10.16,10.26,10.14,10.26,163712,167248144.0,0.09,0.8849557522123894
2017-10-18,15:00,sz000793,ST华闻,10.25,10.41,10.24,10.28,140754,145336592.0,0.02,0.1949317738791423
2017-10-19,15:00,sz000793,ST华闻,10.25,10.29,10.11,10.16,90639,92665040.0,-0.12,-1.1673151750972763
2017-10-20,15:00,sz000793,ST华闻,10.2,10.31,10.11,10.3,89280,91013352.0,0.14,1.3779527559055118
2017-10-23,15:00,sz000793,ST华闻,10.26,10.35,10.22,10.33,94583,97195104.0,0.03,0.2912621359223301
2017-10-24,15:00,sz000793,ST华闻,10.31,10.33,10.2,10.29,66557,68356656.0,-0.04,-0.3872216844143272
2017-10-25,15:00,sz000793,ST华闻,10.25,10.3,10.2,10.29,71873,73632712.0,0.0,0.0
2017-10-26,15:00,sz000793,ST华闻,10.29,10.29,10.22,10.25,70167,72013152.0,-0.04,-0.3887269193391642
2017-10-27,15:00,sz000793,ST华闻,10.26,10.27,10.2,10.24,53874,55096120.0,-0.01,-0.0975609756097561
2017-10-30,15:00,sz000793,ST华闻,10.16,10.19,9.93,9.95,139030,139167744.0,-0.29,-2.83203125
2017-10-31,15:00,sz000793,ST华闻,9.96,10.26,9.9,10.25,160586,162820080.0,0.3,3.015075376884422
2017-11-01,15:00,sz000793,ST华闻,10.27,10.4,10.16,10.35,207098,213092992.0,0.1,0.975609756097561
2017-11-02,15:00,sz000793,ST华闻,10.35,10.38,10.2,10.35,196351,201612736.0,0.0,0.0
2017-11-03,15:00,sz000793,ST华闻,10.36,10.39,10.29,10.35,138502,143169184.0,0.0,0.0
2017-11-06,15:00,sz000793,ST华闻,10.38,10.44,10.32,10.44,148393,153859008.0,0.09,0.8695652173913043
2017-11-07,15:00,sz000793,ST华闻,10.45,10.45,10.32,10.43,80468,83560512.0,-0.01,-0.0957854406130268
2017-11-08,15:00,sz000793,ST华闻,10.43,10.5,10.37,10.47,100768,105193760.0,0.04,0.383509108341323
2017-11-09,15:00,sz000793,ST华闻,10.46,10.47,10.33,10.44,74229,77069032.0,-0.03,-0.2865329512893982
2017-11-10,15:00,sz000793,ST华闻,10.4,10.58,10.37,10.57,124924,131487608.0,0.13,1.2452107279693485
2017-11-13,15:00,sz000793,ST华闻,10.56,10.79,10.51,10.62,326026,347124832.0,0.05,0.4730368968779564
2017-11-14,15:00,sz000793,ST华闻,10.57,10.61,10.36,10.37,171923,180119232.0,-0.25,-2.354048964218456
2017-11-15,15:00,sz000793,ST华闻,10.37,10.45,10.2,10.26,184279,189955424.0,-0.11,-1.0607521697203472
2017-11-16,15:00,sz000793,ST华闻,10.21,10.39,10.21,10.21,106411,109625488.0,-0.05,-0.4873294346978557
2017-11-17,15:00,sz000793,ST华闻,10.27,10.36,10.15,10.25,157550,161625312.0,0.04,0.3917727717923604
2017-11-20,15:00,sz000793,ST华闻,10.26,10.65,10.17,10.64,253552,263213536.0,0.39,3.804878048780488
2017-11-21,15:00,sz000793,ST华闻,10.66,10.7,10.43,10.53,201571,212576096.0,-0.11,-1.033834586466165
2017-11-22,15:00,sz000793,ST华闻,10.57,10.74,10.46,10.55,249907,265702704.0,0.02,0.1899335232668566
2017-11-23,15:00,sz000793,ST华闻,10.6,10.77,10.5,10.57,268049,285705024.0,0.02,0.1895734597156398
2017-11-24,15:00,sz000793,ST华闻,10.61,11.07,10.54,10.84,445954,481356224.0,0.27,2.554399243140965
2017-11-27,15:00,sz000793,ST华闻,10.84,10.87,10.45,10.49,312219,331428448.0,-0.35,-3.2287822878228782
2017-11-28,15:00,sz000793,ST华闻,10.55,10.58,10.43,10.52,149807,157363808.0,0.03,0.2859866539561487
2017-11-29,15:00,sz000793,ST华闻,10.53,10.62,10.39,10.56,152812,160308416.0,0.04,0.3802281368821292
2017-11-30,15:00,sz000793,ST华闻,10.52,10.56,10.41,10.43,127170,133189536.0,-0.13,-1.231060606060606
2017-12-01,15:00,sz000793,ST华闻,10.4,10.47,10.3,10.31,217286,225863280.0,-0.12,-1.1505273250239694
2017-12-04,15:00,sz000793,ST华闻,10.31,10.34,10.11,10.19,120548,122872680.0,-0.12,-1.1639185257032008
2017-12-05,15:00,sz000793,ST华闻,10.17,10.17,9.92,10.07,117984,118098928.0,-0.12,-1.1776251226692835
2017-12-06,15:00,sz000793,ST华闻,9.99,10.18,9.88,10.18,106665,106628240.0,0.11,1.0923535253227408
2017-12-07,15:00,sz000793,ST华闻,10.08,10.15,10.0,10.15,90439,91032240.0,-0.03,-0.2946954813359528
2017-12-08,15:00,sz000793,ST华闻,10.09,10.13,10.01,10.13,141840,142655024.0,-0.02,-0.1970443349753694
2017-12-11,15:00,sz000793,ST华闻,10.09,10.12,10.02,10.09,77308,77743216.0,-0.04,-0.3948667324777887
2017-12-12,15:00,sz000793,ST华闻,10.05,11.1,9.99,10.7,997268,1082330752.0,0.61,6.045589692765114
2017-12-13,15:00,sz000793,ST华闻,10.97,11.0,10.56,10.8,347123,374660320.0,0.1,0.9345794392523364
2017-12-14,15:00,sz000793,ST华闻,10.8,11.16,10.67,11.0,386952,422917312.0,0.2,1.851851851851852
2017-12-15,15:00,sz000793,ST华闻,11.06,11.3,10.77,11.06,401940,443734560.0,0.06,0.5454545454545455
2017-12-18,15:00,sz000793,ST华闻,11.05,11.3,10.84,11.16,316384,347643488.0,0.1,0.9041591320072332
2017-12-19,15:00,sz000793,ST华闻,11.09,11.1,10.81,10.85,425435,464893344.0,-0.31,-2.7777777777777777
2017-12-20,15:00,sz000793,ST华闻,10.84,11.04,10.66,10.72,352656,381910208.0,-0.13,-1.19815668202765
2017-12-21,15:00,sz000793,ST华闻,10.74,10.77,10.58,10.61,239770,255433024.0,-0.11,-1.0261194029850746
2017-12-22,15:00,sz000793,ST华闻,10.61,10.65,10.39,10.39,229681,241180528.0,-0.22,-2.0735155513666355
2017-12-25,15:00,sz000793,ST华闻,10.29,10.8,9.98,10.8,872658,899220096.0,0.41,3.946102021174206
2017-12-26,15:00,sz000793,ST华闻,10.98,10.98,9.79,10.43,1367862,1395058048.0,-0.37,-3.425925925925926
2017-12-27,15:00,sz000793,ST华闻,10.19,10.25,9.92,10.06,639511,642291712.0,-0.37,-3.547459252157239
2017-12-28,15:00,sz000793,ST华闻,10.0,10.11,9.91,10.0,331207,330477280.0,-0.06,-0.5964214711729622
2017-12-29,15:00,sz000793,ST华闻,10.0,10.05,9.93,10.01,207786,207354784.0,0.01,0.1
2018-01-02,15:00,sz000793,ST华闻,9.99,10.1,9.91,10.1,251949,251639328.0,0.09,0.8991008991008992
2018-01-03,15:00,sz000793,ST华闻,10.01,10.12,9.98,10.0,235320,235626208.0,-0.1,-0.99009900990099
2018-01-04,15:00,sz000793,ST华闻,9.99,10.02,9.92,10.0,195973,195213984.0,0.0,0.0
2018-01-05,15:00,sz000793,ST华闻,9.95,10.03,9.94,10.01,128258,128127280.0,0.01,0.1
2018-01-08,15:00,sz000793,ST华闻,10.0,10.0,9.88,9.89,166185,164830832.0,-0.12,-1.1988011988011988
2018-01-09,15:00,sz000793,ST华闻,9.89,9.9,9.55,9.59,256615,248344592.0,-0.3,-3.0333670374115265
2018-01-10,15:00,sz000793,ST华闻,9.58,9.62,9.4,9.59,213206,202926752.0,0.0,0.0
2018-01-11,15:00,sz000793,ST华闻,9.58,9.63,9.51,9.6,181170,173536480.0,0.01,0.1042752867570385
2018-01-12,15:00,sz000793,ST华闻,9.55,9.62,9.5,9.59,140287,133971768.0,-0.01,-0.1041666666666666
2018-01-15,15:00,sz000793,ST华闻,9.52,9.7,9.3,9.65,276164,262059280.0,0.06,0.6256517205422315
2018-01-16,15:00,sz000793,ST华闻,9.58,9.75,9.51,9.66,229963,221359296.0,0.01,0.1036269430051813
2018-01-17,15:00,sz000793,ST华闻,9.64,9.75,9.51,9.66,231960,223410000.0,0.0,0.0
2018-01-18,15:00,sz000793,ST华闻,9.63,9.71,9.57,9.64,118898,114591208.0,-0.02,-0.2070393374741201
2018-01-19,15:00,sz000793,ST华闻,9.62,9.65,9.54,9.63,136423,130864392.0,-0.01,-0.1037344398340249
2018-01-22,15:00,sz000793,ST华闻,9.58,9.66,9.52,9.64,116495,111822544.0,0.01,0.1038421599169262
2018-01-23,15:00,sz000793,ST华闻,9.6,9.64,9.55,9.62,120959,115993352.0,-0.02,-0.2074688796680498
2018-01-24,15:00,sz000793,ST华闻,9.59,9.67,9.48,9.63,353340,339371904.0,0.01,0.1039501039501039
2018-01-25,15:00,sz000793,ST华闻,9.6,9.67,9.56,9.62,158593,152464256.0,-0.01,-0.1038421599169262
2018-01-26,15:00,sz000793,ST华闻,9.58,9.77,9.43,9.64,340162,325840288.0,0.02,0.2079002079002079
2018-01-29,15:00,sz000793,ST华闻,9.59,9.64,9.51,9.6,186937,178989584.0,-0.04,-0.4149377593360996
2018-01-30,15:00,sz000793,ST华闻,9.5,9.51,8.64,9.33,495981,451663584.0,-0.27,-2.8125
2018-01-31,15:00,sz000793,ST华闻,9.32,9.32,8.4,8.4,358464,310289120.0,-0.93,-9.967845659163988
2018-07-16,15:00,sz000793,ST华闻,7.56,7.56,7.56,7.56,4882,3690792.0,-0.84,-10.0
2018-07-17,15:00,sz000793,ST华闻,6.8,6.8,6.8,6.8,7026,4777680.0,-0.76,-10.052910052910052
2018-07-18,15:00,sz000793,ST华闻,6.12,6.12,6.12,6.12,12892,7889904.0,-0.68,-10.0
2018-07-19,15:00,sz000793,ST华闻,5.51,5.51,5.51,5.51,13596,7491396.0,-0.61,-9.967320261437909
2018-07-20,15:00,sz000793,ST华闻,4.96,4.96,4.96,4.96,98804,49006784.0,-0.55,-9.98185117967332
2018-07-23,15:00,sz000793,ST华闻,4.46,4.69,4.46,4.46,2881050,1290688896.0,-0.5,-10.080645161290322
2018-07-24,15:00,sz000793,ST华闻,4.3,4.45,4.23,4.36,1479554,642201344.0,-0.1,-2.242152466367713
2018-07-25,15:00,sz000793,ST华闻,4.35,4.47,4.34,4.46,1175503,519467808.0,0.1,2.293577981651376
2018-07-26,15:00,sz000793,ST华闻,4.44,4.58,4.38,4.51,1112878,499693376.0,0.05,1.1210762331838564
2018-07-27,15:00,sz000793,ST华闻,4.5,4.5,4.22,4.26,1126028,491193376.0,-0.25,-5.543237250554324
2018-07-30,15:00,sz000793,ST华闻,4.22,4.28,4.02,4.05,948558,389952224.0,-0.21,-4.929577464788732
2018-07-31,15:00,sz000793,ST华闻,4.0,4.09,3.96,4.03,559075,225152624.0,-0.02,-0.4938271604938271
2018-08-01,15:00,sz000793,ST华闻,4.03,4.05,3.77,3.78,1125424,437247936.0,-0.25,-6.20347394540943
2018-08-02,15:00,sz000793,ST华闻,3.74,3.76,3.41,3.52,1090791,387953056.0,-0.26,-6.878306878306878
2018-08-03,15:00,sz000793,ST华闻,3.52,3.69,3.48,3.54,789356,282215360.0,0.02,0.5681818181818182
2018-08-06,15:00,sz000793,ST华闻,3.52,3.57,3.34,3.4,634675,218528688.0,-0.14,-3.954802259887006
2018-08-07,15:00,sz000793,ST华闻,3.44,3.5,3.37,3.49,500743,172521936.0,0.09,2.647058823529412
2018-08-08,15:00,sz000793,ST华闻,3.48,3.59,3.44,3.45,561023,196735856.0,-0.04,-1.146131805157593
2018-08-09,15:00,sz000793,ST华闻,3.43,3.58,3.41,3.53,515766,181082240.0,0.08,2.318840579710145
2018-08-10,15:00,sz000793,ST华闻,3.53,3.58,3.47,3.54,442497,155774000.0,0.01,0.28328611898017
2018-08-13,15:00,sz000793,ST华闻,3.48,3.55,3.43,3.52,411490,143688816.0,-0.02,-0.5649717514124294
2018-08-14,15:00,sz000793,ST华闻,3.57,3.65,3.54,3.57,615005,220629712.0,0.05,1.4204545454545454
2018-08-15,15:00,sz000793,ST华闻,3.56,3.57,3.48,3.5,483563,170199312.0,-0.07,-1.96078431372549
2018-08-16,15:00,sz000793,ST华闻,3.5,3.5,3.42,3.44,317995,109942280.0,-0.06,-1.7142857142857144
2018-08-17,15:00,sz000793,ST华闻,3.47,3.48,3.27,3.31,369338,124928472.0,-0.13,-3.77906976744186
2018-08-20,15:00,sz000793,ST华闻,3.28,3.32,3.21,3.3,330842,108300032.0,-0.01,-0.3021148036253776
2018-08-21,15:00,sz000793,ST华闻,3.29,3.37,3.28,3.35,309741,102995008.0,0.05,1.5151515151515151
2018-08-22,15:00,sz000793,ST华闻,3.35,3.43,3.32,3.32,377573,127070944.0,-0.03,-0.8955223880597015
2018-08-23,15:00,sz000793,ST华闻,3.32,3.36,3.3,3.32,280322,93299600.0,0.0,0.0
2018-08-24,15:00,sz000793,ST华闻,3.34,3.4,3.31,3.38,386778,130113096.0,0.06,1.8072289156626504
2018-08-27,15:00,sz000793,ST华闻,3.4,3.44,3.37,3.41,328029,111655376.0,0.03,0.8875739644970414
2018-08-28,15:00,sz000793,ST华闻,3.43,3.46,3.39,3.41,286621,97993056.0,0.0,0.0
2018-08-29,15:00,sz000793,ST华闻,3.4,3.41,3.35,3.36,210497,70913888.0,-0.05,-1.466275659824047
2018-08-30,15:00,sz000793,ST华闻,3.37,3.48,3.32,3.39,436147,147800512.0,0.03,0.8928571428571428
2018-08-31,15:00,sz000793,ST华闻,3.37,3.37,3.26,3.27,335189,110613248.0,-0.12,-3.5398230088495577
2018-09-03,15:00,sz000793,ST华闻,3.25,3.35,3.23,3.33,270491,89033192.0,0.06,1.834862385321101
2018-09-04,15:00,sz000793,ST华闻,3.32,3.47,3.3,3.42,518500,176541344.0,0.09,2.702702702702702
2018-09-05,15:00,sz000793,ST华闻,3.44,3.65,3.41,3.52,898727,318592608.0,0.1,2.923976608187134
2018-09-06,15:00,sz000793,ST华闻,3.46,3.57,3.45,3.48,519981,182331536.0,-0.04,-1.1363636363636365
2018-09-07,15:00,sz000793,ST华闻,3.48,3.83,3.48,3.83,1631330,613184576.0,0.35,10.057471264367816
2018-09-10,15:00,sz000793,ST华闻,3.79,3.95,3.7,3.84,1584718,608654144.0,0.01,0.2610966057441253
2018-09-11,15:00,sz000793,ST华闻,3.76,3.81,3.62,3.66,862211,317181984.0,-0.18,-4.6875
2018-09-12,15:00,sz000793,ST华闻,3.66,3.69,3.55,3.64,553860,200569424.0,-0.02,-0.546448087431694
2018-09-13,15:00,sz000793,ST华闻,3.65,3.69,3.54,3.6,498156,179613632.0,-0.04,-1.098901098901099
2018-09-14,15:00,sz000793,ST华闻,3.6,3.6,3.49,3.51,471006,166401648.0,-0.09,-2.5
2018-09-17,15:00,sz000793,ST华闻,3.48,3.49,3.37,3.38,394909,135071152.0,-0.13,-3.7037037037037033
2018-09-18,15:00,sz000793,ST华闻,3.43,3.57,3.4,3.54,609299,213297760.0,0.16,4.733727810650888
2018-09-19,15:00,sz000793,ST华闻,3.52,3.59,3.49,3.54,559942,198500304.0,0.0,0.0
2018-09-20,15:00,sz000793,ST华闻,3.54,3.71,3.52,3.66,721862,262275392.0,0.12,3.389830508474576
2018-09-21,15:00,sz000793,ST华闻,3.66,3.69,3.56,3.62,502795,181551088.0,-0.04,-1.092896174863388
2018-09-25,15:00,sz000793,ST华闻,3.6,3.64,3.56,3.59,341824,122709848.0,-0.03,-0.8287292817679558
2018-09-26,15:00,sz000793,ST华闻,3.59,3.67,3.57,3.63,487965,176780208.0,0.04,1.1142061281337048
2018-09-27,15:00,sz000793,ST华闻,3.62,3.65,3.54,3.56,460860,165316512.0,-0.07,-1.9283746556473829
2018-09-28,15:00,sz000793,ST华闻,3.56,3.57,3.52,3.52,302419,107147912.0,-0.04,-1.1235955056179776
2018-10-08,15:00,sz000793,ST华闻,3.45,3.45,3.28,3.3,443678,149624736.0,-0.22,-6.25
2018-10-09,15:00,sz000793,ST华闻,3.33,3.36,3.28,3.32,268441,88961784.0,0.02,0.6060606060606061
2018-10-10,15:00,sz000793,ST华闻,3.31,3.33,3.23,3.25,320889,104878896.0,-0.07,-2.108433734939759
2018-10-11,15:00,sz000793,ST华闻,3.05,3.11,2.93,2.93,549721,164516896.0,-0.32,-9.846153846153848
2018-10-12,15:00,sz000793,ST华闻,2.85,2.92,2.64,2.76,660596,181764480.0,-0.17,-5.802047781569966
2018-10-15,15:00,sz000793,ST华闻,2.73,2.81,2.68,2.69,349090,96013704.0,-0.07,-2.536231884057971
2018-10-16,15:00,sz000793,ST华闻,2.69,2.79,2.68,2.73,364707,99398880.0,0.04,1.486988847583643
2018-10-17,15:00,sz000793,ST华闻,2.84,2.87,2.74,2.78,456442,128237664.0,0.05,1.831501831501832
2018-10-18,15:00,sz000793,ST华闻,2.7,2.71,2.6,2.61,416155,110234392.0,-0.17,-6.115107913669065
2018-10-19,15:00,sz000793,ST华闻,2.57,2.67,2.52,2.63,335888,87618416.0,0.02,0.7662835249042145
2018-10-22,15:00,sz000793,ST华闻,2.67,2.88,2.67,2.81,555352,153939408.0,0.18,6.844106463878327
2018-10-23,15:00,sz000793,ST华闻,2.81,2.97,2.77,2.83,683427,196275616.0,0.02,0.7117437722419928
2018-10-24,15:00,sz000793,ST华闻,2.67,2.78,2.62,2.73,737731,198981984.0,-0.1,-3.53356890459364
2018-10-25,15:00,sz000793,ST华闻,2.62,2.73,2.61,2.72,426783,113840384.0,-0.01,-0.3663003663003663
2018-10-26,15:00,sz000793,ST华闻,2.74,2.82,2.7,2.72,389028,107494656.0,0.0,0.0
2018-10-29,15:00,sz000793,ST华闻,2.72,2.78,2.68,2.71,268690,73314608.0,-0.01,-0.3676470588235294
2018-10-30,15:00,sz000793,ST华闻,2.71,2.77,2.6,2.73,440719,118492736.0,0.02,0.7380073800738007
2018-10-31,15:00,sz000793,ST华闻,2.74,2.82,2.72,2.76,434716,120341888.0,0.03,1.098901098901099
2018-11-01,15:00,sz000793,ST华闻,2.78,2.87,2.77,2.79,606934,170896976.0,0.03,1.0869565217391304
2018-11-02,15:00,sz000793,ST华闻,2.83,2.87,2.81,2.87,475443,135031216.0,0.08,2.867383512544803
2018-11-05,15:00,sz000793,ST华闻,2.86,3.03,2.85,2.98,871008,256466000.0,0.11,3.8327526132404177
2018-11-06,15:00,sz000793,ST华闻,2.97,3.28,2.91,3.28,1088418,334923392.0,0.3,10.06711409395973
2018-11-07,15:00,sz000793,ST华闻,3.29,3.44,3.17,3.17,1785457,591001984.0,-0.11,-3.353658536585366
2018-11-08,15:00,sz000793,ST华闻,3.17,3.33,3.12,3.25,1049519,339738272.0,0.08,2.5236593059936907
2018-11-09,15:00,sz000793,ST华闻,3.2,3.24,3.13,3.15,586438,186322512.0,-0.1,-3.076923076923077
2018-11-12,15:00,sz000793,ST华闻,3.15,3.31,3.15,3.29,724115,235867616.0,0.14,4.444444444444445
2018-11-13,15:00,sz000793,ST华闻,3.24,3.62,3.22,3.54,1928408,678184064.0,0.25,7.598784194528875
2018-11-14,15:00,sz000793,ST华闻,3.46,3.56,3.39,3.46,1234935,427026016.0,-0.08,-2.2598870056497176
2018-11-15,15:00,sz000793,ST华闻,3.48,3.57,3.44,3.53,999735,351087872.0,0.07,2.023121387283237
2018-11-16,15:00,sz000793,ST华闻,3.5,3.76,3.49,3.68,1362122,494590208.0,0.15,4.2492917847025495
2018-11-19,15:00,sz000793,ST华闻,3.62,3.85,3.59,3.77,1312117,490192896.0,0.09,2.4456521739130435
2018-11-20,15:00,sz000793,ST华闻,3.69,3.71,3.44,3.49,1010731,361913024.0,-0.28,-7.427055702917771
2018-11-21,15:00,sz000793,ST华闻,3.57,3.84,3.51,3.74,1245391,460048960.0,0.25,7.163323782234957
2018-11-22,15:00,sz000793,ST华闻,3.7,4.11,3.64,4.1,2177565,851492544.0,0.36,9.62566844919786
2018-11-23,15:00,sz000793,ST华闻,3.92,3.97,3.69,3.69,1640837,621164800.0,-0.41,-10.0
2018-11-26,15:00,sz000793,ST华闻,3.55,3.78,3.49,3.56,798937,287938848.0,-0.13,-3.523035230352303
2018-11-27,15:00,sz000793,ST华闻,3.6,3.72,3.57,3.66,694719,253292112.0,0.1,2.808988764044944
2018-11-28,15:00,sz000793,ST华闻,3.64,3.79,3.45,3.77,1086486,397372992.0,0.11,3.0054644808743167
2018-11-29,15:00,sz000793,ST华闻,3.82,3.83,3.52,3.54,802426,293171040.0,-0.23,-6.10079575596817
2018-11-30,15:00,sz000793,ST华闻,3.49,3.52,3.35,3.44,595316,203945296.0,-0.1,-2.824858757062147
2018-12-03,15:00,sz000793,ST华闻,3.51,3.63,3.49,3.55,599395,213385248.0,0.11,3.1976744186046515
2018-12-04,15:00,sz000793,ST华闻,3.58,3.71,3.53,3.68,728369,265465792.0,0.13,3.661971830985916
2018-12-05,15:00,sz000793,ST华闻,3.54,3.68,3.45,3.57,587711,209615744.0,-0.11,-2.989130434782609
2018-12-06,15:00,sz000793,ST华闻,3.55,3.61,3.44,3.46,403934,141918672.0,-0.11,-3.081232492997199
2018-12-07,15:00,sz000793,ST华闻,3.49,3.53,3.41,3.42,255166,88142848.0,-0.04,-1.1560693641618496
2018-12-10,15:00,sz000793,ST华闻,3.41,3.43,3.32,3.34,267241,89891448.0,-0.08,-2.3391812865497075
2018-12-11,15:00,sz000793,ST华闻,3.35,3.43,3.35,3.41,268018,91054768.0,0.07,2.095808383233533
2018-12-12,15:00,sz000793,ST华闻,3.42,3.45,3.36,3.38,230133,78225512.0,-0.03,-0.8797653958944283
2018-12-13,15:00,sz000793,ST华闻,3.4,3.42,3.35,3.37,322295,108957384.0,-0.01,-0.2958579881656805
2018-12-14,15:00,sz000793,ST华闻,3.39,3.39,3.15,3.15,453873,148178704.0,-0.22,-6.528189910979229
2018-12-17,15:00,sz000793,ST华闻,3.15,3.22,3.08,3.19,307236,97068000.0,0.04,1.2698412698412698
2018-12-18,15:00,sz000793,ST华闻,3.16,3.23,3.15,3.2,255804,81746456.0,0.01,0.3134796238244514
2018-12-19,15:00,sz000793,ST华闻,3.21,3.24,3.15,3.17,222119,70903840.0,-0.03,-0.9375
2018-12-20,15:00,sz000793,ST华闻,3.19,3.27,3.12,3.23,323992,104281880.0,0.06,1.892744479495268
2018-12-21,15:00,sz000793,ST华闻,3.21,3.23,3.11,3.16,240183,76130432.0,-0.07,-2.1671826625387
2018-12-24,15:00,sz000793,ST华闻,3.17,3.19,3.06,3.12,253131,79194256.0,-0.04,-1.2658227848101269
2018-12-25,15:00,sz000793,ST华闻,3.06,3.08,2.91,3.02,376545,112692736.0,-0.1,-3.205128205128205
2018-12-26,15:00,sz000793,ST华闻,3.05,3.12,3.03,3.08,293674,90450680.0,0.06,1.9867549668874172
2018-12-27,15:00,sz000793,ST华闻,3.13,3.15,2.93,2.94,286756,87122936.0,-0.14,-4.545454545454546
2018-12-28,15:00,sz000793,ST华闻,2.96,3.03,2.95,2.97,221612,66246764.0,0.03,1.020408163265306
2019-01-02,15:00,sz000793,ST华闻,3.02,3.09,3.02,3.03,228927,69825928.0,0.06,2.0202020202020203
2019-01-03,15:00,sz000793,ST华闻,3.05,3.07,2.96,2.98,244423,73577096.0,-0.05,-1.65016501650165
2019-01-04,15:00,sz000793,ST华闻,2.93,3.12,2.92,3.11,423903,129779720.0,0.13,4.362416107382551
2019-01-07,15:00,sz000793,ST华闻,3.15,3.27,3.11,3.23,413767,132900536.0,0.12,3.858520900321544
2019-01-08,15:00,sz000793,ST华闻,3.25,3.27,3.19,3.22,299488,96754704.0,-0.01,-0.3095975232198142
2019-01-09,15:00,sz000793,ST华闻,3.22,3.32,3.22,3.24,439352,143273456.0,0.02,0.6211180124223602
2019-01-10,15:00,sz000793,ST华闻,3.26,3.33,3.16,3.19,382231,124662712.0,-0.05,-1.5432098765432098
2019-01-11,15:00,sz000793,ST华闻,3.2,3.29,3.17,3.29,385849,125054832.0,0.1,3.1347962382445136
2019-01-14,15:00,sz000793,ST华闻,3.26,3.3,3.22,3.23,260470,84735112.0,-0.06,-1.82370820668693
2019-01-15,15:00,sz000793,ST华闻,3.23,3.26,3.17,3.26,230242,74339976.0,0.03,0.9287925696594428
2019-01-16,15:00,sz000793,ST华闻,3.25,3.34,3.23,3.29,325269,107136488.0,0.03,0.9202453987730062
2019-01-17,15:00,sz000793,ST华闻,3.29,3.57,3.25,3.4,797226,272032416.0,0.11,3.343465045592705
2019-01-18,15:00,sz000793,ST华闻,3.41,3.43,3.27,3.33,574242,190592688.0,-0.07,-2.0588235294117645
2019-01-21,15:00,sz000793,ST华闻,3.3,3.37,3.27,3.36,370412,122783416.0,0.03,0.9009009009009008
2019-01-22,15:00,sz000793,ST华闻,3.31,3.32,3.21,3.23,368609,120346536.0,-0.13,-3.869047619047619
2019-01-23,15:00,sz000793,ST华闻,3.21,3.24,3.12,3.16,260452,82725144.0,-0.07,-2.1671826625387
2019-01-24,15:00,sz000793,ST华闻,3.17,3.19,3.11,3.16,243244,76848048.0,0.0,0.0
2019-01-25,15:00,sz000793,ST华闻,3.16,3.18,3.07,3.07,283847,88778104.0,-0.09,-2.848101265822785
2019-01-28,15:00,sz000793,ST华闻,3.09,3.11,3.0,3.01,214873,65478552.0,-0.06,-1.954397394136808
2019-01-29,15:00,sz000793,ST华闻,3.0,3.0,2.75,2.9,335541,96892224.0,-0.11,-3.654485049833888
2019-01-30,15:00,sz000793,ST华闻,2.88,2.91,2.77,2.78,266850,75836808.0,-0.12,-4.137931034482759
2019-01-31,15:00,sz000793,ST华闻,2.5,2.71,2.5,2.65,645792,167591552.0,-0.13,-4.676258992805756
2019-02-01,15:00,sz000793,ST华闻,2.63,2.79,2.61,2.78,283543,77363072.0,0.13,4.905660377358491
2019-02-11,15:00,sz000793,ST华闻,2.82,2.95,2.82,2.9,279384,80799272.0,0.12,4.316546762589928
2019-02-12,15:00,sz000793,ST华闻,2.9,2.99,2.89,2.95,247330,72735288.0,0.05,1.7241379310344829
2019-02-13,15:00,sz000793,ST华闻,2.93,3.03,2.92,2.98,295850,87880320.0,0.03,1.0169491525423728
2019-02-14,15:00,sz000793,ST华闻,2.97,3.07,2.96,3.0,317868,95565368.0,0.02,0.6711409395973155
2019-02-15,15:00,sz000793,ST华闻,2.98,3.06,2.97,2.98,250448,75372264.0,-0.02,-0.6666666666666667
2019-02-18,15:00,sz000793,ST华闻,3.01,3.12,3.0,3.11,348453,106869512.0,0.13,4.362416107382551
2019-02-19,15:00,sz000793,ST华闻,3.12,3.31,3.1,3.19,585781,187715568.0,0.08,2.572347266881029
2019-02-20,15:00,sz000793,ST华闻,3.16,3.22,3.12,3.21,404390,128177608.0,0.02,0.6269592476489028
2019-02-21,15:00,sz000793,ST华闻,3.22,3.25,3.13,3.15,437866,139567568.0,-0.06,-1.8691588785046729
2019-02-22,15:00,sz000793,ST华闻,3.15,3.33,3.13,3.3,623897,203052288.0,0.15,4.761904761904762
2019-02-25,15:00,sz000793,ST华闻,3.39,3.62,3.3,3.57,1213175,419517088.0,0.27,8.181818181818182
2019-02-26,15:00,sz000793,ST华闻,3.51,3.93,3.46,3.72,1840657,689528704.0,0.15,4.201680672268908
2019-02-27,15:00,sz000793,ST华闻,3.6,4.09,3.58,4.09,2698920,1074505344.0,0.37,9.946236559139784
2019-02-28,15:00,sz000793,ST华闻,4.2,4.29,3.76,3.85,2218447,883536448.0,-0.24,-5.8679706601467
2019-03-01,15:00,sz000793,ST华闻,3.82,3.88,3.56,3.82,1198289,448118208.0,-0.03,-0.7792207792207793
2019-03-04,15:00,sz000793,ST华闻,3.86,4.06,3.85,3.93,1529311,602117184.0,0.11,2.8795811518324608
2019-03-05,15:00,sz000793,ST华闻,3.87,4.27,3.81,4.09,1675118,676749952.0,0.16,4.071246819338422
2019-03-06,15:00,sz000793,ST华闻,4.14,4.39,3.96,4.31,2058105,859719552.0,0.22,5.378973105134474
2019-03-07,15:00,sz000793,ST华闻,4.37,4.73,4.3,4.65,2054459,939924224.0,0.34,7.888631090487238
2019-03-08,15:00,sz000793,ST华闻,4.39,4.6,4.19,4.19,1703002,747706752.0,-0.46,-9.89247311827957
2019-03-11,15:00,sz000793,ST华闻,4.19,4.44,4.09,4.4,1199167,513237056.0,0.21,5.011933174224343
2019-03-12,15:00,sz000793,ST华闻,4.38,4.8,4.35,4.61,1873539,856505856.0,0.21,4.772727272727273
2019-03-13,15:00,sz000793,ST华闻,4.65,4.98,4.52,4.65,2266289,1075192448.0,0.04,0.8676789587852495
2019-03-14,15:00,sz000793,ST华闻,4.55,4.6,4.19,4.19,1508195,650425024.0,-0.46,-9.89247311827957
2019-03-15,15:00,sz000793,ST华闻,4.24,4.38,4.19,4.29,979552,420500352.0,0.1,2.386634844868735
2019-03-18,15:00,sz000793,ST华闻,4.45,4.54,4.29,4.4,1023836,450981696.0,0.11,2.564102564102564
2019-03-19,15:00,sz000793,ST华闻,4.41,4.75,4.36,4.63,1349232,614889856.0,0.23,5.227272727272727
2019-03-20,15:00,sz000793,ST华闻,4.6,5.02,4.58,5.02,2105205,1007769216.0,0.39,8.423326133909287
2019-03-21,15:00,sz000793,ST华闻,5.19,5.52,5.06,5.17,2470536,1303065600.0,0.15,2.98804780876494
2019-03-22,15:00,sz000793,ST华闻,5.1,5.4,5.04,5.35,1694050,890857792.0,0.18,3.481624758220503
2019-03-25,15:00,sz000793,ST华闻,5.49,5.84,5.32,5.47,2121718,1184742144.0,0.12,2.2429906542056077
2019-03-26,15:00,sz000793,ST华闻,5.4,5.5,4.92,5.03,1654629,845968320.0,-0.44,-8.043875685557587
2019-03-27,15:00,sz000793,ST华闻,5.0,5.04,4.61,4.76,1239312,592220800.0,-0.27,-5.36779324055666
2019-03-28,15:00,sz000793,ST华闻,4.68,4.83,4.4,4.46,1013791,468535424.0,-0.3,-6.302521008403361
2019-03-29,15:00,sz000793,ST华闻,4.52,4.72,4.42,4.7,805367,369489472.0,0.24,5.381165919282512
2019-04-01,15:00,sz000793,ST华闻,4.73,4.88,4.69,4.8,962140,460911808.0,0.1,2.127659574468085
2019-04-02,15:00,sz000793,ST华闻,4.83,4.95,4.73,4.79,1045790,505160288.0,-0.01,-0.2083333333333333
2019-04-03,15:00,sz000793,ST华闻,4.75,4.79,4.65,4.76,829386,392273312.0,-0.03,-0.6263048016701461
2019-04-04,15:00,sz000793,ST华闻,4.77,4.78,4.51,4.64,944069,439684128.0,-0.12,-2.5210084033613445
2019-04-08,15:00,sz000793,ST华闻,4.66,4.7,4.4,4.5,783136,355680576.0,-0.14,-3.0172413793103448
2019-04-09,15:00,sz000793,ST华闻,4.52,4.73,4.46,4.66,872663,404470272.0,0.16,3.555555555555556
2019-04-10,15:00,sz000793,ST华闻,4.62,4.7,4.53,4.61,579201,267053408.0,-0.05,-1.072961373390558
2019-04-11,15:00,sz000793,ST华闻,4.63,4.65,4.41,4.41,607499,273151488.0,-0.2,-4.338394793926248
2019-04-12,15:00,sz000793,ST华闻,4.33,4.48,4.29,4.44,413050,182830272.0,0.03,0.6802721088435374
2019-04-15,15:00,sz000793,ST华闻,4.53,4.54,4.28,4.3,513188,227046688.0,-0.14,-3.153153153153153
2019-04-16,15:00,sz000793,ST华闻,4.3,4.5,4.22,4.49,555001,243589536.0,0.19,4.418604651162791
2019-04-17,15:00,sz000793,ST华闻,4.47,4.55,4.44,4.47,474126,212707120.0,-0.02,-0.4454342984409799
2019-04-18,15:00,sz000793,ST华闻,4.47,4.49,4.35,4.36,433385,190871552.0,-0.11,-2.460850111856823
2019-04-19,15:00,sz000793,ST华闻,4.38,4.53,4.29,4.47,539194,237703248.0,0.11,2.522935779816514
2019-04-22,15:00,sz000793,ST华闻,4.47,4.59,4.41,4.44,589061,264665904.0,-0.03,-0.6711409395973155
2019-04-23,15:00,sz000793,ST华闻,4.44,4.44,4.23,4.26,519170,224283136.0,-0.18,-4.054054054054054
2019-04-24,15:00,sz000793,ST华闻,4.3,4.31,4.16,4.28,352841,150216704.0,0.02,0.4694835680751174
2019-04-25,15:00,sz000793,ST华闻,4.27,4.31,4.02,4.03,500121,207421536.0,-0.25,-5.841121495327103
2019-04-26,15:00,sz000793,ST华闻,4.04,4.07,3.95,3.95,411593,164405392.0,-0.08,-1.9851116625310172
2019-04-29,15:00,sz000793,ST华闻,3.91,3.97,3.74,3.82,544526,209773552.0,-0.13,-3.2911392405063293
2019-04-30,15:00,sz000793,ST华闻,3.84,4.14,3.83,4.04,532293,213340544.0,0.22,5.7591623036649215
2019-05-06,15:00,sz000793,ST华闻,3.9,4.08,3.73,3.87,498615,195117280.0,-0.17,-4.207920792079208
2019-05-07,15:00,sz000793,ST华闻,3.94,3.97,3.76,3.85,336839,129674432.0,-0.02,-0.516795865633075
2019-05-08,15:00,sz000793,ST华闻,3.77,3.86,3.71,3.74,297493,112683664.0,-0.11,-2.857142857142857
2019-05-09,15:00,sz000793,ST华闻,3.71,3.76,3.54,3.55,378648,137757968.0,-0.19,-5.080213903743315
2019-05-10,15:00,sz000793,ST华闻,3.61,3.83,3.53,3.82,602495,223221040.0,0.27,7.605633802816901
2019-05-13,15:00,sz000793,ST华闻,3.82,3.93,3.74,3.78,371069,141560400.0,-0.04,-1.0471204188481675
2019-05-14,15:00,sz000793,ST华闻,3.73,3.88,3.72,3.78,343297,130916096.0,0.0,0.0
2019-05-15,15:00,sz000793,ST华闻,3.82,3.88,3.79,3.87,280256,107508648.0,0.09,2.380952380952381
2019-05-16,15:00,sz000793,ST华闻,3.91,3.93,3.83,3.85,335515,129839768.0,-0.02,-0.516795865633075
2019-05-17,15:00,sz000793,ST华闻,3.86,3.86,3.6,3.61,362288,134606432.0,-0.24,-6.233766233766234
2019-05-20,15:00,sz000793,ST华闻,3.61,3.63,3.36,3.54,269202,93913752.0,-0.07,-1.9390581717451525
2019-05-21,15:00,sz000793,ST华闻,3.53,3.63,3.51,3.62,189164,67869792.0,0.08,2.2598870056497176
2019-05-22,15:00,sz000793,ST华闻,3.61,3.76,3.51,3.69,425215,155315600.0,0.07,1.9337016574585637
2019-05-23,15:00,sz000793,ST华闻,3.67,3.67,3.49,3.49,291752,103689000.0,-0.2,-5.420054200542006
2019-05-24,15:00,sz000793,ST华闻,3.49,3.55,3.43,3.43,152408,53167708.0,-0.06,-1.7191977077363898
2019-05-27,15:00,sz000793,ST华闻,3.43,3.55,3.4,3.55,177514,62118460.0,0.12,3.498542274052478
2019-05-28,15:00,sz000793,ST华闻,3.55,3.63,3.51,3.53,212498,75997648.0,-0.02,-0.5633802816901409
2019-05-29,15:00,sz000793,ST华闻,3.5,3.58,3.5,3.53,142413,50535392.0,0.0,0.0
2019-05-30,15:00,sz000793,ST华闻,3.49,3.54,3.46,3.49,165136,57817664.0,-0.04,-1.13314447592068
2019-05-31,15:00,sz000793,ST华闻,3.5,3.54,3.48,3.52,130595,45876024.0,0.03,0.8595988538681949
2019-06-03,15:00,sz000793,ST华闻,3.55,3.59,3.32,3.38,283181,96815512.0,-0.14,-3.977272727272727
2019-06-04,15:00,sz000793,ST华闻,3.36,3.38,3.27,3.29,179339,59517544.0,-0.09,-2.6627218934911245
2019-06-05,15:00,sz000793,ST华闻,3.34,3.4,3.27,3.35,199193,66694560.0,0.06,1.82370820668693
2019-06-06,15:00,sz000793,ST华闻,3.4,3.69,3.34,3.57,677695,239614384.0,0.22,6.567164179104477
2019-06-10,15:00,sz000793,ST华闻,3.5,3.59,3.42,3.56,380229,133166488.0,-0.01,-0.2801120448179272
2019-06-11,15:00,sz000793,ST华闻,3.59,3.87,3.52,3.76,627766,231453600.0,0.2,5.617977528089887
2019-06-12,15:00,sz000793,ST华闻,3.71,3.81,3.63,3.66,476267,176437968.0,-0.1,-2.6595744680851063
2019-06-13,15:00,sz000793,ST华闻,3.67,3.71,3.62,3.65,240165,87868752.0,-0.01,-0.273224043715847
2019-06-14,15:00,sz000793,ST华闻,3.6,3.65,3.52,3.54,329128,117838128.0,-0.11,-3.0136986301369864
2019-06-17,15:00,sz000793,ST华闻,3.51,3.56,3.42,3.44,245893,85453152.0,-0.1,-2.824858757062147
2019-06-18,15:00,sz000793,ST华闻,3.47,3.5,3.41,3.44,190431,65811776.0,0.0,0.0
2019-06-19,15:00,sz000793,ST华闻,3.52,3.61,3.48,3.5,310802,109780056.0,0.06,1.744186046511628
2019-06-20,15:00,sz000793,ST华闻,3.48,3.59,3.42,3.56,326173,114729896.0,0.06,1.7142857142857144
2019-06-21,15:00,sz000793,ST华闻,3.61,3.69,3.55,3.63,376102,136324064.0,0.07,1.9662921348314608
2019-06-24,15:00,sz000793,ST华闻,3.6,3.68,3.57,3.59,218117,78786992.0,-0.04,-1.1019283746556474
2019-06-25,15:00,sz000793,ST华闻,3.56,3.57,3.47,3.5,221455,77588704.0,-0.09,-2.5069637883008355
2019-06-26,15:00,sz000793,ST华闻,3.47,3.52,3.46,3.47,138464,48329952.0,-0.03,-0.8571428571428572
2019-06-27,15:00,sz000793,ST华闻,3.47,3.52,3.45,3.46,166783,58136012.0,-0.01,-0.2881844380403458
2019-06-28,15:00,sz000793,ST华闻,3.46,3.47,3.31,3.36,238948,80416464.0,-0.1,-2.8901734104046244
2019-07-01,15:00,sz000793,ST华闻,3.42,3.48,3.4,3.46,183745,63388716.0,0.1,2.976190476190476
2019-07-02,15:00,sz000793,ST华闻,3.49,3.49,3.42,3.44,173025,59721504.0,-0.02,-0.5780346820809248
2019-07-03,15:00,sz000793,ST华闻,3.47,3.48,3.37,3.39,144354,49156744.0,-0.05,-1.4534883720930232
2019-07-04,15:00,sz000793,ST华闻,3.39,3.42,3.35,3.37,124314,42007748.0,-0.02,-0.5899705014749262
2019-07-05,15:00,sz000793,ST华闻,3.37,3.38,3.34,3.37,95115,31973278.0,0.0,0.0
2019-07-08,15:00,sz000793,ST华闻,3.36,3.37,3.24,3.24,174334,57208536.0,-0.13,-3.857566765578635
2019-07-09,15:00,sz000793,ST华闻,3.24,3.28,3.2,3.25,100421,32467850.0,0.01,0.3086419753086419
2019-07-10,15:00,sz000793,ST华闻,3.27,3.29,3.23,3.23,75616,24672934.0,-0.02,-0.6153846153846154
2019-07-11,15:00,sz000793,ST华闻,3.27,3.29,3.22,3.24,74388,24173532.0,0.01,0.3095975232198142
2019-07-12,15:00,sz000793,ST华闻,3.22,3.26,3.22,3.24,81173,26305182.0,0.0,0.0
2019-07-15,15:00,sz000793,ST华闻,3.23,3.28,3.15,3.27,108642,35058340.0,0.03,0.9259259259259258
2019-07-16,15:00,sz000793,ST华闻,3.27,3.29,3.25,3.28,100411,32886204.0,0.01,0.3058103975535168
2019-07-17,15:00,sz000793,ST华闻,3.27,3.34,3.26,3.32,98569,32658948.0,0.04,1.2195121951219512
2019-07-18,15:00,sz000793,ST华闻,3.3,3.33,3.25,3.29,133400,43825252.0,-0.03,-0.9036144578313252
2019-07-19,15:00,sz000793,ST华闻,3.28,3.33,3.26,3.27,96159,31652724.0,-0.02,-0.60790273556231
2019-07-22,15:00,sz000793,ST华闻,3.27,3.3,3.07,3.09,177385,56002636.0,-0.18,-5.504587155963304
2019-07-23,15:00,sz000793,ST华闻,3.1,3.16,3.1,3.14,90538,28316736.0,0.05,1.6181229773462782
2019-07-24,15:00,sz000793,ST华闻,3.14,3.21,3.13,3.19,112652,35887436.0,0.05,1.5923566878980893
2019-07-25,15:00,sz000793,ST华闻,3.2,3.2,3.15,3.16,91075,28848706.0,-0.03,-0.9404388714733544
2019-07-26,15:00,sz000793,ST华闻,3.16,3.38,3.15,3.23,249540,81789800.0,0.07,2.2151898734177213
2019-07-29,15:00,sz000793,ST华闻,3.22,3.23,3.15,3.17,126168,40199200.0,-0.06,-1.8575851393188851
2019-07-30,15:00,sz000793,ST华闻,3.17,3.22,3.17,3.17,89714,28668020.0,0.0,0.0
2019-07-31,15:00,sz000793,ST华闻,3.17,3.18,3.12,3.13,84956,26695780.0,-0.04,-1.2618296529968454
2019-08-01,15:00,sz000793,ST华闻,3.12,3.2,3.1,3.18,134925,42402300.0,0.05,1.5974440894568689
2019-08-02,15:00,sz000793,ST华闻,3.11,3.14,3.07,3.12,136758,42459228.0,-0.06,-1.8867924528301887
2019-08-05,15:00,sz000793,ST华闻,3.1,3.13,3.06,3.06,82236,25462000.0,-0.06,-1.9230769230769231
2019-08-06,15:00,sz000793,ST华闻,3.0,3.01,2.82,2.9,243556,70688976.0,-0.16,-5.228758169934641
2019-08-07,15:00,sz000793,ST华闻,2.9,2.94,2.88,2.88,111694,32523056.0,-0.02,-0.6896551724137931
2019-08-08,15:00,sz000793,ST华闻,2.9,3.06,2.89,3.0,224955,67111568.0,0.12,4.166666666666666
2019-08-09,15:00,sz000793,ST华闻,3.0,3.03,2.92,2.93,136341,40443916.0,-0.07,-2.333333333333333
2019-08-12,15:00,sz000793,ST华闻,2.93,2.97,2.93,2.96,74945,22084244.0,0.03,1.023890784982935
2019-08-13,15:00,sz000793,ST华闻,2.94,2.95,2.91,2.93,70639,20699714.0,-0.03,-1.0135135135135136
2019-08-14,15:00,sz000793,ST华闻,2.98,2.99,2.93,2.94,73412,21695576.0,0.01,0.3412969283276451
2019-08-15,15:00,sz000793,ST华闻,2.86,2.94,2.83,2.94,115009,33251792.0,0.0,0.0
2019-08-16,15:00,sz000793,ST华闻,2.92,3.0,2.92,2.95,114756,34022536.0,0.01,0.3401360544217687
2019-08-19,15:00,sz000793,ST华闻,2.96,3.05,2.96,3.05,178724,53878700.0,0.1,3.389830508474576
2019-08-20,15:00,sz000793,ST华闻,3.05,3.18,3.04,3.11,289281,90260224.0,0.06,1.9672131147540983
2019-08-21,15:00,sz000793,ST华闻,3.1,3.15,3.08,3.1,159630,49726692.0,-0.01,-0.3215434083601286
2019-08-22,15:00,sz000793,ST华闻,3.14,3.18,3.11,3.13,159695,50162336.0,0.03,0.967741935483871
2019-08-23,15:00,sz000793,ST华闻,3.13,3.16,3.1,3.11,138362,43277568.0,-0.02,-0.6389776357827476
2019-08-26,15:00,sz000793,ST华闻,3.02,3.08,3.01,3.06,121066,36963448.0,-0.05,-1.607717041800643
2019-08-27,15:00,sz000793,ST华闻,3.08,3.17,3.07,3.14,150369,47039440.0,0.08,2.6143790849673203
2019-08-28,15:00,sz000793,ST华闻,3.14,3.21,3.12,3.18,217808,69091208.0,0.04,1.2738853503184715
2019-08-29,15:00,sz000793,ST华闻,3.2,3.26,3.16,3.22,252539,81433224.0,0.04,1.257861635220126
2019-08-30,15:00,sz000793,ST华闻,3.23,3.27,3.11,3.14,216299,69151416.0,-0.08,-2.484472049689441
2019-09-02,15:00,sz000793,ST华闻,3.13,3.23,3.12,3.22,126021,40315984.0,0.08,2.547770700636943
2019-09-03,15:00,sz000793,ST华闻,3.22,3.22,3.16,3.18,145077,46207408.0,-0.04,-1.2422360248447204
2019-09-04,15:00,sz000793,ST华闻,3.17,3.24,3.15,3.19,144192,45983276.0,0.01,0.3144654088050315
2019-09-05,15:00,sz000793,ST华闻,3.22,3.27,3.19,3.23,248977,80592472.0,0.04,1.2539184952978055
2019-09-06,15:00,sz000793,ST华闻,3.23,3.24,3.17,3.21,152015,48743724.0,-0.02,-0.6191950464396285
2019-09-09,15:00,sz000793,ST华闻,3.23,3.32,3.22,3.29,251443,82045944.0,0.08,2.4922118380062304
2019-09-10,15:00,sz000793,ST华闻,3.3,3.33,3.23,3.28,254935,83563768.0,-0.01,-0.303951367781155
2019-09-11,15:00,sz000793,ST华闻,3.29,3.32,3.25,3.29,228793,75233904.0,0.01,0.3048780487804878
2019-09-12,15:00,sz000793,ST华闻,3.31,3.34,3.26,3.28,243794,80318392.0,-0.01,-0.303951367781155
2019-09-16,15:00,sz000793,ST华闻,3.3,3.33,3.27,3.3,207089,68351040.0,0.02,0.6097560975609756
2019-09-17,15:00,sz000793,ST华闻,3.3,3.3,3.14,3.16,255152,81585184.0,-0.14,-4.242424242424243
2019-09-18,15:00,sz000793,ST华闻,3.17,3.19,3.1,3.11,185633,58196200.0,-0.05,-1.5822784810126582
2019-09-19,15:00,sz000793,ST华闻,3.12,3.13,3.07,3.11,157601,48753556.0,0.0,0.0
2019-09-20,15:00,sz000793,ST华闻,3.11,3.13,3.08,3.11,137158,42590172.0,0.0,0.0
2019-09-23,15:00,sz000793,ST华闻,3.1,3.1,3.01,3.04,156292,47464408.0,-0.07,-2.2508038585209005
2019-09-24,15:00,sz000793,ST华闻,3.02,3.08,3.01,3.03,155890,47430164.0,-0.01,-0.3289473684210526
2019-09-25,15:00,sz000793,ST华闻,3.01,3.01,2.92,2.94,188185,55596100.0,-0.09,-2.9702970297029703
2019-09-26,15:00,sz000793,ST华闻,2.93,2.95,2.85,2.85,218407,63237372.0,-0.09,-3.061224489795918
2019-09-27,15:00,sz000793,ST华闻,2.86,3.05,2.84,2.97,260767,76905288.0,0.12,4.2105263157894735
2019-09-30,15:00,sz000793,ST华闻,2.95,2.98,2.88,2.89,173678,50754052.0,-0.08,-2.6936026936026933
2019-10-08,15:00,sz000793,ST华闻,2.89,2.94,2.87,2.91,98723,28640760.0,0.02,0.6920415224913495
2019-10-09,15:00,sz000793,ST华闻,2.9,2.9,2.84,2.9,100393,28899214.0,-0.01,-0.3436426116838488
2019-10-10,15:00,sz000793,ST华闻,2.9,2.95,2.89,2.94,106723,31201478.0,0.04,1.3793103448275863
2019-10-11,15:00,sz000793,ST华闻,2.95,2.97,2.91,2.96,125421,36876584.0,0.02,0.6802721088435374
2019-10-14,15:00,sz000793,ST华闻,2.96,3.07,2.96,3.06,248855,75255992.0,0.1,3.3783783783783785
2019-10-15,15:00,sz000793,ST华闻,3.05,3.05,2.99,3.0,162309,48907800.0,-0.06,-1.96078431372549
2019-10-16,15:00,sz000793,ST华闻,3.02,3.06,3.0,3.0,133249,40320172.0,0.0,0.0
2019-10-17,15:00,sz000793,ST华闻,2.99,3.05,2.99,3.01,117500,35585972.0,0.01,0.3333333333333333
2019-10-18,15:00,sz000793,ST华闻,3.01,3.04,2.94,2.96,153432,45871780.0,-0.05,-1.6611295681063123
2019-10-21,15:00,sz000793,ST华闻,2.96,2.97,2.91,2.93,106630,31233088.0,-0.03,-1.0135135135135136
2019-10-22,15:00,sz000793,ST华闻,2.95,2.96,2.92,2.94,80116,23520982.0,0.01,0.3412969283276451
2019-10-23,15:00,sz000793,ST华闻,2.95,3.09,2.91,3.03,277580,83271120.0,0.09,3.061224489795918
2019-10-24,15:00,sz000793,ST华闻,3.02,3.02,2.93,2.95,200668,59458972.0,-0.08,-2.64026402640264
2019-10-25,15:00,sz000793,ST华闻,2.97,3.23,2.93,3.14,677857,211037840.0,0.19,6.440677966101695
2019-10-28,15:00,sz000793,ST华闻,3.45,3.45,3.33,3.45,669869,230824608.0,0.31,9.872611464968154
2019-10-29,15:00,sz000793,ST华闻,3.65,3.65,3.25,3.27,1458183,504937472.0,-0.18,-5.217391304347826
2019-10-30,15:00,sz000793,ST华闻,3.14,3.23,3.09,3.09,587955,185101424.0,-0.18,-5.504587155963304
2019-10-31,15:00,sz000793,ST华闻,3.12,3.16,3.02,3.04,313689,96627344.0,-0.05,-1.6181229773462782
2019-11-01,15:00,sz000793,ST华闻,3.04,3.09,3.0,3.06,217524,66418252.0,0.02,0.6578947368421052
2019-11-04,15:00,sz000793,ST华闻,3.07,3.09,2.98,2.99,307938,93348088.0,-0.07,-2.287581699346405
2019-11-05,15:00,sz000793,ST华闻,2.99,3.04,2.96,3.0,198742,59605288.0,0.01,0.334448160535117
2019-11-06,15:00,sz000793,ST华闻,2.97,2.98,2.91,2.92,242065,71144568.0,-0.08,-2.666666666666667
2019-11-07,15:00,sz000793,ST华闻,2.93,3.01,2.92,2.99,193504,57511412.0,0.07,2.3972602739726026
2019-11-08,15:00,sz000793,ST华闻,2.99,3.03,2.98,2.98,178232,53589972.0,-0.01,-0.334448160535117
2019-11-11,15:00,sz000793,ST华闻,2.99,3.07,2.96,2.99,239697,72164512.0,0.01,0.3355704697986577
2019-11-12,15:00,sz000793,ST华闻,2.97,3.02,2.92,3.01,148483,44005356.0,0.02,0.6688963210702341
2019-11-13,15:00,sz000793,ST华闻,2.99,3.0,2.94,2.95,119481,35337436.0,-0.06,-1.9933554817275747
2019-11-14,15:00,sz000793,ST华闻,2.95,3.01,2.93,2.97,137190,40631808.0,0.02,0.6779661016949152
2019-11-15,15:00,sz000793,ST华闻,2.97,2.97,2.89,2.9,153591,44926724.0,-0.07,-2.356902356902357
2019-11-18,15:00,sz000793,ST华闻,2.91,2.92,2.85,2.9,117433,33889396.0,0.0,0.0
2019-11-19,15:00,sz000793,ST华闻,2.9,2.97,2.88,2.96,179260,52819684.0,0.06,2.0689655172413794
2019-11-20,15:00,sz000793,ST华闻,2.96,3.01,2.95,2.97,182501,54454276.0,0.01,0.3378378378378378
2019-11-21,15:00,sz000793,ST华闻,2.99,3.09,2.98,3.04,275934,83903832.0,0.07,2.356902356902357
2019-11-22,15:00,sz000793,ST华闻,3.05,3.05,2.95,2.98,234649,70364224.0,-0.06,-1.973684210526316
2019-11-25,15:00,sz000793,ST华闻,2.97,2.97,2.88,2.93,152825,44734128.0,-0.05,-1.6778523489932886
2019-11-26,15:00,sz000793,ST华闻,2.93,2.97,2.93,2.94,111694,32964642.0,0.01,0.3412969283276451
2019-11-27,15:00,sz000793,ST华闻,2.94,2.96,2.91,2.92,95387,27983750.0,-0.02,-0.6802721088435374
2019-11-28,15:00,sz000793,ST华闻,2.91,2.92,2.89,2.91,92822,26942052.0,-0.01,-0.3424657534246575
2019-11-29,15:00,sz000793,ST华闻,2.9,2.91,2.87,2.9,95973,27719066.0,-0.01,-0.3436426116838488
2019-12-02,15:00,sz000793,ST华闻,2.89,2.91,2.88,2.9,69610,20176364.0,0.0,0.0
2019-12-03,15:00,sz000793,ST华闻,2.89,2.9,2.86,2.9,114803,33022904.0,0.0,0.0
2019-12-04,15:00,sz000793,ST华闻,2.88,2.91,2.87,2.9,84201,24324760.0,0.0,0.0
2019-12-05,15:00,sz000793,ST华闻,2.9,2.96,2.89,2.94,158517,46258880.0,0.04,1.3793103448275863
2019-12-06,15:00,sz000793,ST华闻,2.92,2.96,2.9,2.96,153501,45017376.0,0.02,0.6802721088435374
2019-12-09,15:00,sz000793,ST华闻,2.96,2.96,2.93,2.94,137678,40556552.0,-0.02,-0.6756756756756757
2019-12-10,15:00,sz000793,ST华闻,2.94,2.98,2.92,2.98,165261,48840052.0,0.04,1.3605442176870748
2019-12-11,15:00,sz000793,ST华闻,2.97,3.04,2.95,2.97,214356,64236304.0,-0.01,-0.3355704697986577
2019-12-12,15:00,sz000793,ST华闻,2.97,2.98,2.93,2.94,140848,41628272.0,-0.03,-1.0101010101010102
2019-12-13,15:00,sz000793,ST华闻,2.94,2.97,2.93,2.96,144140,42550960.0,0.02,0.6802721088435374
2019-12-16,15:00,sz000793,ST华闻,2.97,3.02,2.96,3.01,192366,57558716.0,0.05,1.6891891891891893
2019-12-17,15:00,sz000793,ST华闻,3.01,3.08,3.0,3.06,316455,96339936.0,0.05,1.6611295681063123
2019-12-18,15:00,sz000793,ST华闻,3.06,3.08,3.04,3.06,212863,65133328.0,0.0,0.0
2019-12-19,15:00,sz000793,ST华闻,3.07,3.37,3.06,3.28,875226,283085280.0,0.22,7.18954248366013
2019-12-20,15:00,sz000793,ST华闻,3.21,3.27,3.15,3.16,541975,174076736.0,-0.12,-3.658536585365853
2019-12-23,15:00,sz000793,ST华闻,3.16,3.19,3.03,3.06,354137,109723872.0,-0.1,-3.1645569620253164
2019-12-24,15:00,sz000793,ST华闻,3.05,3.28,3.04,3.23,517084,163787520.0,0.17,5.555555555555555
2019-12-25,15:00,sz000793,ST华闻,3.2,3.22,3.14,3.16,292303,92799896.0,-0.07,-2.1671826625387
2019-12-26,15:00,sz000793,ST华闻,3.16,3.38,3.14,3.3,693948,227119216.0,0.14,4.430379746835443
2019-12-27,15:00,sz000793,ST华闻,3.31,3.51,3.27,3.33,756307,255063056.0,0.03,0.9090909090909092
2019-12-30,15:00,sz000793,ST华闻,3.25,3.44,3.2,3.4,726661,243149504.0,0.07,2.1021021021021022
2019-12-31,15:00,sz000793,ST华闻,3.35,3.47,3.33,3.37,481135,162788400.0,-0.03,-0.8823529411764706
2020-01-02,15:00,sz000793,ST华闻,3.4,3.67,3.4,3.58,1029932,365542976.0,0.21,6.231454005934718
2020-01-03,15:00,sz000793,ST华闻,3.55,3.61,3.47,3.58,744897,263136496.0,0.0,0.0
2020-01-06,15:00,sz000793,ST华闻,3.5,3.56,3.43,3.45,694222,242714512.0,-0.13,-3.6312849162011176
2020-01-07,15:00,sz000793,ST华闻,3.45,3.62,3.45,3.57,722456,256135120.0,0.12,3.4782608695652173
2020-01-08,15:00,sz000793,ST华闻,3.52,3.54,3.43,3.45,526318,183013952.0,-0.12,-3.361344537815126
2020-01-09,15:00,sz000793,ST华闻,3.5,3.56,3.45,3.52,385648,135007024.0,0.07,2.0289855072463765
2020-01-10,15:00,sz000793,ST华闻,3.51,3.52,3.38,3.38,386294,132406024.0,-0.14,-3.977272727272727
2020-01-13,15:00,sz000793,ST华闻,3.38,3.43,3.32,3.42,255442,86596336.0,0.04,1.183431952662722
2020-01-14,15:00,sz000793,ST华闻,3.38,3.47,3.37,3.38,328352,112315416.0,-0.04,-1.1695906432748535
2020-01-15,15:00,sz000793,ST华闻,3.35,3.42,3.31,3.34,251232,83973200.0,-0.04,-1.183431952662722
2020-01-16,15:00,sz000793,ST华闻,3.41,3.41,3.3,3.31,212379,70911544.0,-0.03,-0.8982035928143712
2020-01-17,15:00,sz000793,ST华闻,3.33,3.64,3.32,3.52,1162429,409075968.0,0.21,6.3444108761329305
2020-01-20,15:00,sz000793,ST华闻,3.42,3.85,3.39,3.7,1334493,485095840.0,0.18,5.113636363636364
2020-01-21,15:00,sz000793,ST华闻,3.67,3.69,3.48,3.51,726862,259779984.0,-0.19,-5.135135135135135
2020-01-22,15:00,sz000793,ST华闻,3.5,3.65,3.45,3.63,606500,217394000.0,0.12,3.418803418803419
2020-01-23,15:00,sz000793,ST华闻,3.55,3.6,3.28,3.35,686116,236428848.0,-0.28,-7.7134986225895315
2020-02-03,15:00,sz000793,ST华闻,3.02,3.02,3.02,3.02,43490,13133980.0,-0.33,-9.850746268656716
2020-02-04,15:00,sz000793,ST华闻,2.72,2.97,2.72,2.91,626706,181051680.0,-0.11,-3.642384105960265
2020-02-05,15:00,sz000793,ST华闻,2.93,3.08,2.91,2.98,470610,141141424.0,0.07,2.405498281786942
2020-02-06,15:00,sz000793,ST华闻,3.01,3.13,2.94,3.09,594806,182720048.0,0.11,3.691275167785235
2020-02-07,15:00,sz000793,ST华闻,3.08,3.17,3.05,3.14,430327,134427568.0,0.05,1.6181229773462782
2020-02-10,15:00,sz000793,ST华闻,3.12,3.18,3.1,3.16,305472,95967976.0,0.02,0.6369426751592357
2020-02-11,15:00,sz000793,ST华闻,3.17,3.17,3.07,3.11,291731,90695776.0,-0.05,-1.5822784810126582
2020-02-12,15:00,sz000793,ST华闻,3.08,3.15,3.07,3.13,295221,91968488.0,0.02,0.6430868167202572
2020-02-13,15:00,sz000793,ST华闻,3.12,3.16,3.04,3.05,311685,96059544.0,-0.08,-2.5559105431309903
2020-02-14,15:00,sz000793,ST华闻,3.05,3.1,3.02,3.04,256632,78329408.0,-0.01,-0.3278688524590163
2020-02-17,15:00,sz000793,ST华闻,3.05,3.16,3.04,3.16,329480,102420600.0,0.12,3.947368421052632
2020-02-18,15:00,sz000793,ST华闻,3.16,3.24,3.14,3.24,388744,124335976.0,0.08,2.5316455696202533
2020-02-19,15:00,sz000793,ST华闻,3.22,3.26,3.17,3.17,301131,96610296.0,-0.07,-2.1604938271604937
2020-02-20,15:00,sz000793,ST华闻,3.19,3.32,3.18,3.29,599098,196121328.0,0.12,3.785488958990536
2020-02-21,15:00,sz000793,ST华闻,3.29,3.38,3.27,3.32,450342,150047744.0,0.03,0.911854103343465
2020-02-24,15:00,sz000793,ST华闻,3.32,3.38,3.29,3.37,419111,140250688.0,0.05,1.5060240963855422
2020-02-25,15:00,sz000793,ST华闻,3.29,3.34,3.14,3.31,669678,217811616.0,-0.06,-1.7804154302670625
2020-02-26,15:00,sz000793,ST华闻,3.28,3.43,3.22,3.32,626617,209908688.0,0.01,0.3021148036253776
2020-02-27,15:00,sz000793,ST华闻,3.33,3.37,3.28,3.3,388352,128838992.0,-0.02,-0.6024096385542169
2020-02-28,15:00,sz000793,ST华闻,3.19,3.23,3.04,3.04,599595,187354816.0,-0.26,-7.878787878787878
2020-03-02,15:00,sz000793,ST华闻,3.07,3.17,3.06,3.14,305105,95285368.0,0.1,3.289473684210526
2020-03-03,15:00,sz000793,ST华闻,3.19,3.27,3.15,3.19,419299,134915696.0,0.05,1.5923566878980893
2020-03-04,15:00,sz000793,ST华闻,3.16,3.36,3.14,3.32,580113,190040752.0,0.13,4.075235109717868
2020-03-05,15:00,sz000793,ST华闻,3.37,3.43,3.31,3.38,709985,239338592.0,0.06,1.8072289156626504
2020-03-06,15:00,sz000793,ST华闻,3.35,3.49,3.32,3.41,573380,195650448.0,0.03,0.8875739644970414
2020-03-09,15:00,sz000793,ST华闻,3.36,3.53,3.34,3.35,874601,300396288.0,-0.06,-1.7595307917888563
2020-03-10,15:00,sz000793,ST华闻,3.28,3.49,3.25,3.48,690621,233970832.0,0.13,3.880597014925373
2020-03-11,15:00,sz000793,ST华闻,3.53,3.78,3.48,3.49,1477853,533337664.0,0.01,0.2873563218390804
2020-03-12,15:00,sz000793,ST华闻,3.4,3.48,3.3,3.33,757685,256647232.0,-0.16,-4.584527220630372
2020-03-13,15:00,sz000793,ST华闻,3.1,3.36,3.08,3.28,615923,198403520.0,-0.05,-1.5015015015015014
2020-03-16,15:00,sz000793,ST华闻,3.32,3.39,3.09,3.14,670724,219501488.0,-0.14,-4.2682926829268295
2020-03-17,15:00,sz000793,ST华闻,3.15,3.33,3.14,3.22,609143,196213248.0,0.08,2.547770700636943
2020-03-18,15:00,sz000793,ST华闻,3.23,3.31,3.11,3.11,582607,186604720.0,-0.11,-3.4161490683229814
2020-03-19,15:00,sz000793,ST华闻,3.09,3.13,3.0,3.06,495092,151273296.0,-0.05,-1.607717041800643
2020-03-20,15:00,sz000793,ST华闻,3.08,3.18,3.07,3.14,348543,108837152.0,0.08,2.6143790849673203
2020-03-23,15:00,sz000793,ST华闻,3.07,3.09,2.98,3.0,348516,105980144.0,-0.14,-4.45859872611465
2020-03-24,15:00,sz000793,ST华闻,3.06,3.09,2.96,3.04,332879,100475912.0,0.04,1.3333333333333337
2020-03-25,15:00,sz000793,ST华闻,3.09,3.12,3.05,3.09,299743,92312848.0,0.05,1.644736842105263
2020-03-26,15:00,sz000793,ST华闻,3.07,3.4,3.05,3.32,1130105,367380768.0,0.23,7.443365695792881
2020-03-27,15:00,sz000793,ST华闻,3.3,3.36,3.24,3.27,533711,175928416.0,-0.05,-1.5060240963855422
2020-03-30,15:00,sz000793,ST华闻,3.19,3.32,3.17,3.29,371906,120991920.0,0.02,0.6116207951070336
2020-03-31,15:00,sz000793,ST华闻,3.32,3.36,3.18,3.2,460291,150486192.0,-0.09,-2.735562310030395
2020-04-01,15:00,sz000793,ST华闻,3.18,3.23,3.09,3.14,348204,110223232.0,-0.06,-1.875
2020-04-02,15:00,sz000793,ST华闻,3.12,3.16,3.07,3.16,386246,120044320.0,0.02,0.6369426751592357
2020-04-03,15:00,sz000793,ST华闻,3.14,3.32,3.12,3.22,486295,156532256.0,0.06,1.89873417721519
2020-04-07,15:00,sz000793,ST华闻,3.28,3.32,3.24,3.28,478601,156821200.0,0.06,1.8633540372670807
2020-04-08,15:00,sz000793,ST华闻,3.27,3.45,3.25,3.34,599283,200242496.0,0.06,1.829268292682927
2020-04-09,15:00,sz000793,ST华闻,3.36,3.54,3.3,3.44,857471,293216032.0,0.1,2.9940119760479043
2020-04-10,15:00,sz000793,ST华闻,3.45,3.51,3.29,3.35,623668,211481744.0,-0.09,-2.616279069767442
2020-04-13,15:00,sz000793,ST华闻,3.28,3.29,3.12,3.14,596189,189744624.0,-0.21,-6.26865671641791
2020-04-14,15:00,sz000793,ST华闻,3.13,3.18,3.12,3.18,334363,105395032.0,0.04,1.2738853503184715
2020-04-15,15:00,sz000793,ST华闻,3.13,3.14,3.07,3.09,465534,144138480.0,-0.09,-2.8301886792452837
2020-04-16,15:00,sz000793,ST华闻,3.06,3.12,3.05,3.1,241366,74619184.0,0.01,0.3236245954692557
2020-04-17,15:00,sz000793,ST华闻,3.11,3.14,3.09,3.1,277030,86189264.0,0.0,0.0
2020-04-20,15:00,sz000793,ST华闻,3.12,3.15,3.1,3.13,220757,69111096.0,0.03,0.967741935483871
2020-04-21,15:00,sz000793,ST华闻,3.12,3.13,3.06,3.1,237096,73158944.0,-0.03,-0.9584664536741214
2020-04-22,15:00,sz000793,ST华闻,3.08,3.16,3.07,3.14,278996,87194456.0,0.04,1.2903225806451613
2020-04-23,15:00,sz000793,ST华闻,3.14,3.2,3.11,3.16,331968,104421320.0,0.02,0.6369426751592357
2020-04-24,15:00,sz000793,ST华闻,3.16,3.21,3.07,3.08,315672,99098256.0,-0.08,-2.5316455696202533
2020-04-27,15:00,sz000793,ST华闻,3.11,3.18,3.09,3.12,267247,83658936.0,0.04,1.2987012987012987
2020-04-28,15:00,sz000793,ST华闻,3.16,3.16,2.85,2.98,508937,152400048.0,-0.14,-4.487179487179487
2020-04-29,15:00,sz000793,ST华闻,2.96,3.01,2.94,2.96,234194,69478696.0,-0.02,-0.6711409395973155
2020-04-30,15:00,sz000793,ST华闻,2.96,3.02,2.96,3.0,186519,55829704.0,0.04,1.351351351351351
2020-05-06,15:00,sz000793,ST华闻,2.96,3.02,2.96,3.02,195772,58621756.0,0.02,0.6666666666666667
2020-05-07,15:00,sz000793,ST华闻,3.02,3.02,2.98,3.0,147391,44162056.0,-0.02,-0.6622516556291391
2020-05-08,15:00,sz000793,ST华闻,3.01,3.13,3.0,3.09,296879,91165952.0,0.09,3.0
2020-05-11,15:00,sz000793,ST华闻,3.07,3.09,3.02,3.04,237918,72658192.0,-0.05,-1.6181229773462782
2020-05-12,15:00,sz000793,ST华闻,3.05,3.06,2.98,3.01,161987,48661944.0,-0.03,-0.986842105263158
2020-05-13,15:00,sz000793,ST华闻,3.0,3.11,2.98,3.08,286511,87919520.0,0.07,2.3255813953488373
2020-05-14,15:00,sz000793,ST华闻,3.07,3.07,3.02,3.02,188675,57300152.0,-0.06,-1.948051948051948
2020-05-15,15:00,sz000793,ST华闻,3.04,3.06,3.01,3.03,144854,43969820.0,0.01,0.3311258278145695
2020-05-18,15:00,sz000793,ST华闻,3.02,3.03,2.97,2.99,207825,62254412.0,-0.04,-1.32013201320132
2020-05-19,15:00,sz000793,ST华闻,3.01,3.01,2.97,2.99,130559,38995216.0,0.0,0.0
2020-05-20,15:00,sz000793,ST华闻,2.98,3.04,2.96,3.01,242985,72932672.0,0.02,0.6688963210702341
2020-05-21,15:00,sz000793,ST华闻,3.01,3.04,2.95,2.96,192461,57622896.0,-0.05,-1.6611295681063123
2020-05-22,15:00,sz000793,ST华闻,2.97,2.98,2.86,2.91,268074,78111416.0,-0.05,-1.6891891891891893
2020-05-25,15:00,sz000793,ST华闻,2.9,2.92,2.88,2.89,105675,30614706.0,-0.02,-0.6872852233676976
2020-05-26,15:00,sz000793,ST华闻,2.89,2.94,2.89,2.93,157755,45961976.0,0.04,1.384083044982699
2020-05-27,15:00,sz000793,ST华闻,2.93,3.03,2.88,3.0,377570,111798448.0,0.07,2.389078498293516
2020-05-28,15:00,sz000793,ST华闻,2.98,2.99,2.92,2.98,221661,65555628.0,-0.02,-0.6666666666666667
2020-05-29,15:00,sz000793,ST华闻,2.97,3.25,2.96,3.16,864892,268658304.0,0.18,6.04026845637584
2020-06-01,15:00,sz000793,ST华闻,3.05,3.29,3.05,3.23,772858,245445952.0,0.07,2.2151898734177213
2020-06-02,15:00,sz000793,ST华闻,3.55,3.55,3.26,3.28,2200130,749140224.0,0.05,1.547987616099071
2020-06-03,15:00,sz000793,ST华闻,3.22,3.26,3.12,3.13,1073430,341300064.0,-0.15,-4.573170731707317
2020-06-04,15:00,sz000793,ST华闻,3.14,3.44,3.1,3.44,1739200,574248576.0,0.31,9.904153354632587
2020-06-05,15:00,sz000793,ST华闻,3.43,3.77,3.37,3.53,1854832,665061504.0,0.09,2.616279069767442
2020-06-08,15:00,sz000793,ST华闻,3.53,3.69,3.37,3.49,1541751,543933376.0,-0.04,-1.13314447592068
2020-06-09,15:00,sz000793,ST华闻,3.5,3.54,3.33,3.4,983615,335664608.0,-0.09,-2.5787965616045847
2020-06-10,15:00,sz000793,ST华闻,3.38,3.74,3.36,3.74,1329356,489718464.0,0.34,10.0
2020-06-11,15:00,sz000793,ST华闻,3.85,4.11,3.81,4.11,717909,285493504.0,0.37,9.893048128342247
2020-06-12,15:00,sz000793,ST华闻,4.14,4.52,4.11,4.52,3201637,1390846720.0,0.41,9.975669099756692
2020-06-15,15:00,sz000793,ST华闻,4.7,4.97,4.38,4.59,3084814,1462169984.0,0.07,1.5486725663716814
2020-06-16,15:00,sz000793,ST华闻,4.74,5.05,4.6,5.05,4897993,2382324736.0,0.46,10.021786492374728
2020-06-17,15:00,sz000793,ST华闻,5.1,5.28,4.66,4.73,4458611,2204539136.0,-0.32,-6.336633663366337
2020-06-18,15:00,sz000793,ST华闻,4.58,4.83,4.3,4.34,3294411,1484641664.0,-0.39,-8.24524312896406
2020-06-19,15:00,sz000793,ST华闻,4.36,4.6,4.28,4.48,2518802,1110305152.0,0.14,3.225806451612903
2020-06-22,15:00,sz000793,ST华闻,4.4,4.42,4.15,4.16,2208484,936872064.0,-0.32,-7.142857142857142
2020-06-23,15:00,sz000793,ST华闻,4.15,4.31,4.11,4.18,1690742,712374080.0,0.02,0.4807692307692308
2020-06-24,15:00,sz000793,ST华闻,4.15,4.21,4.03,4.05,1532041,626734720.0,-0.13,-3.110047846889952
2020-06-29,15:00,sz000793,ST华闻,4.01,4.12,3.98,4.07,1160784,470140064.0,0.02,0.4938271604938271
2020-06-30,15:00,sz000793,ST华闻,4.09,4.24,4.06,4.12,1300692,537742208.0,0.05,1.2285012285012284
2020-07-01,15:00,sz000793,ST华闻,4.08,4.48,4.06,4.28,1986844,849464192.0,0.16,3.883495145631068
2020-07-02,15:00,sz000793,ST华闻,4.19,4.22,4.09,4.16,1494034,619804672.0,-0.12,-2.803738317757009
2020-07-03,15:00,sz000793,ST华闻,4.14,4.17,4.03,4.09,1430765,584452224.0,-0.07,-1.6826923076923077
2020-07-06,15:00,sz000793,ST华闻,4.06,4.28,4.05,4.22,1671845,697827072.0,0.13,3.1784841075794623
2020-07-07,15:00,sz000793,ST华闻,4.29,4.54,4.2,4.37,2113325,926392640.0,0.15,3.5545023696682465
2020-07-08,15:00,sz000793,ST华闻,4.33,4.34,4.15,4.27,1811925,766676224.0,-0.1,-2.2883295194508007
2020-07-09,15:00,sz000793,ST华闻,4.23,4.68,4.23,4.52,2298782,1032235072.0,0.25,5.85480093676815
2020-07-10,15:00,sz000793,ST华闻,4.52,4.64,4.39,4.42,1849899,836404160.0,-0.1,-2.2123893805309733
2020-07-13,15:00,sz000793,ST华闻,4.48,4.68,4.45,4.64,1637421,752204352.0,0.22,4.97737556561086
2020-07-14,15:00,sz000793,ST华闻,4.65,4.68,4.35,4.46,1685534,757799808.0,-0.18,-3.8793103448275854
2020-07-15,15:00,sz000793,ST华闻,4.3,4.3,4.01,4.01,1844258,752470976.0,-0.45,-10.089686098654708
2020-07-16,15:00,sz000793,ST华闻,3.89,3.9,3.61,3.62,1514748,566801792.0,-0.39,-9.72568578553616
2020-07-17,15:00,sz000793,ST华闻,3.61,3.73,3.53,3.7,919058,335044928.0,0.08,2.209944751381215
2020-07-20,15:00,sz000793,ST华闻,3.69,3.76,3.63,3.74,706286,261258048.0,0.04,1.0810810810810811
2020-07-21,15:00,sz000793,ST华闻,3.73,3.78,3.67,3.7,577559,214615200.0,-0.04,-1.06951871657754
2020-07-22,15:00,sz000793,ST华闻,3.69,3.78,3.64,3.71,721554,268148704.0,0.01,0.2702702702702703
2020-07-23,15:00,sz000793,ST华闻,3.67,3.69,3.49,3.6,765240,274507776.0,-0.11,-2.964959568733154
2020-07-24,15:00,sz000793,ST华闻,3.57,3.62,3.36,3.41,650244,226507104.0,-0.19,-5.277777777777778
2020-07-27,15:00,sz000793,ST华闻,3.43,3.45,3.3,3.39,429408,145073840.0,-0.02,-0.5865102639296188
2020-07-28,15:00,sz000793,ST华闻,3.4,3.45,3.38,3.41,407256,139162480.0,0.02,0.5899705014749262
2020-07-29,15:00,sz000793,ST华闻,3.4,3.57,3.37,3.53,628443,220161504.0,0.12,3.519061583577713
2020-07-30,15:00,sz000793,ST华闻,3.51,3.56,3.46,3.5,519236,181649056.0,-0.03,-0.84985835694051
2020-07-31,15:00,sz000793,ST华闻,3.5,3.85,3.46,3.77,1261164,460021888.0,0.27,7.7142857142857135
2020-08-03,15:00,sz000793,ST华闻,3.7,3.8,3.65,3.76,1144256,426120960.0,-0.01,-0.2652519893899204
2020-08-04,15:00,sz000793,ST华闻,3.72,3.74,3.62,3.62,757743,277439264.0,-0.14,-3.723404255319149
2020-08-05,15:00,sz000793,ST华闻,3.57,3.59,3.49,3.55,628167,222217392.0,-0.07,-1.9337016574585637
2020-08-06,15:00,sz000793,ST华闻,3.56,3.64,3.52,3.57,585984,208963856.0,0.02,0.5633802816901409
2020-08-07,15:00,sz000793,ST华闻,3.54,3.65,3.48,3.59,755722,269233664.0,0.02,0.5602240896358543
2020-08-10,15:00,sz000793,ST华闻,3.53,3.57,3.49,3.54,513405,181184496.0,-0.05,-1.392757660167131
2020-08-11,15:00,sz000793,ST华闻,3.54,3.63,3.5,3.51,593952,210938688.0,-0.03,-0.847457627118644
2020-08-12,15:00,sz000793,ST华闻,3.49,3.54,3.43,3.49,456935,159048544.0,-0.02,-0.5698005698005698
2020-08-13,15:00,sz000793,ST华闻,3.49,3.57,3.48,3.53,388423,136897280.0,0.04,1.146131805157593
2020-08-14,15:00,sz000793,ST华闻,3.52,3.53,3.46,3.51,368268,128600304.0,-0.02,-0.56657223796034
2020-08-17,15:00,sz000793,ST华闻,3.51,3.62,3.5,3.58,472842,168220000.0,0.07,1.9943019943019944
2020-08-18,15:00,sz000793,ST华闻,3.58,3.65,3.54,3.62,624677,225460128.0,0.04,1.11731843575419
2020-08-19,15:00,sz000793,ST华闻,3.61,3.62,3.51,3.52,479544,170253744.0,-0.1,-2.7624309392265194
2020-08-20,15:00,sz000793,ST华闻,3.51,3.57,3.49,3.53,303451,107258120.0,0.01,0.2840909090909091
2020-08-21,15:00,sz000793,ST华闻,3.53,3.56,3.5,3.52,266337,94001744.0,-0.01,-0.28328611898017
2020-08-24,15:00,sz000793,ST华闻,3.53,3.56,3.44,3.53,389204,135996608.0,0.01,0.2840909090909091
2020-08-25,15:00,sz000793,ST华闻,3.53,3.53,3.45,3.48,337700,117478464.0,-0.05,-1.41643059490085
2020-08-26,15:00,sz000793,ST华闻,3.46,3.47,3.34,3.34,381582,129518056.0,-0.14,-4.022988505747127
2020-08-27,15:00,sz000793,ST华闻,3.34,3.37,3.33,3.36,201457,67541832.0,0.02,0.5988023952095809
2020-08-28,15:00,sz000793,ST华闻,3.35,3.39,3.33,3.38,247279,82919696.0,0.02,0.5952380952380952
2020-08-31,15:00,sz000793,ST华闻,3.37,3.42,3.34,3.34,290998,98237224.0,-0.04,-1.183431952662722
2020-09-01,15:00,sz000793,ST华闻,3.34,3.35,3.21,3.25,362733,118105504.0,-0.09,-2.694610778443114
2020-09-02,15:00,sz000793,ST华闻,3.25,3.28,3.22,3.26,259713,84412864.0,0.01,0.3076923076923077
2020-09-03,15:00,sz000793,ST华闻,3.25,3.25,3.18,3.19,292760,94052016.0,-0.07,-2.147239263803681
2020-09-04,15:00,sz000793,ST华闻,3.17,3.25,3.11,3.24,263442,84082024.0,0.05,1.5673981191222568
2020-09-07,15:00,sz000793,ST华闻,3.22,3.3,3.2,3.23,347232,112770088.0,-0.01,-0.3086419753086419
2020-09-08,15:00,sz000793,ST华闻,3.23,3.33,3.19,3.32,414907,135926880.0,0.09,2.786377708978328
2020-09-09,15:00,sz000793,ST华闻,3.29,3.44,3.28,3.35,565598,190997456.0,0.03,0.9036144578313252
2020-09-10,15:00,sz000793,ST华闻,3.37,3.37,3.14,3.16,443219,143410704.0,-0.19,-5.6716417910447765
2020-09-11,15:00,sz000793,ST华闻,3.11,3.17,3.1,3.15,208653,65526120.0,-0.01,-0.3164556962025316
2020-09-14,15:00,sz000793,ST华闻,3.15,3.21,3.14,3.17,195810,62162680.0,0.02,0.6349206349206349
2020-09-15,15:00,sz000793,ST华闻,3.17,3.2,3.15,3.17,192517,61108984.0,0.0,0.0
2020-09-16,15:00,sz000793,ST华闻,3.16,3.22,3.14,3.17,332212,105745304.0,0.0,0.0
2020-09-17,15:00,sz000793,ST华闻,3.17,3.17,3.11,3.14,212858,66803380.0,-0.03,-0.946372239747634
2020-09-18,15:00,sz000793,ST华闻,3.13,3.18,3.1,3.18,244080,76671712.0,0.04,1.2738853503184715
2020-09-21,15:00,sz000793,ST华闻,3.17,3.22,3.16,3.19,243582,77852768.0,0.01,0.3144654088050315
2020-09-22,15:00,sz000793,ST华闻,3.17,3.19,3.12,3.12,179214,56413944.0,-0.07,-2.19435736677116
2020-09-23,15:00,sz000793,ST华闻,3.13,3.17,3.12,3.15,165054,51867864.0,0.03,0.9615384615384616
2020-09-24,15:00,sz000793,ST华闻,3.13,3.15,3.01,3.02,302810,92912288.0,-0.13,-4.126984126984127
2020-09-25,15:00,sz000793,ST华闻,3.05,3.06,2.97,2.98,157005,47149928.0,-0.04,-1.3245033112582782
2020-09-28,15:00,sz000793,ST华闻,2.98,3.04,2.94,2.95,137963,41132644.0,-0.03,-1.006711409395973
2020-09-29,15:00,sz000793,ST华闻,2.96,3.0,2.95,2.97,146559,43630372.0,0.02,0.6779661016949152
2020-09-30,15:00,sz000793,ST华闻,3.1,3.27,3.03,3.27,404752,130676064.0,0.3,10.1010101010101
2020-10-09,15:00,sz000793,ST华闻,3.3,3.32,3.19,3.24,693776,224806512.0,-0.03,-0.9174311926605504
2020-10-12,15:00,sz000793,ST华闻,3.2,3.27,3.19,3.27,507336,164094192.0,0.03,0.9259259259259258
2020-10-13,15:00,sz000793,ST华闻,3.26,3.26,3.2,3.22,271595,87420560.0,-0.05,-1.529051987767584
2020-10-14,15:00,sz000793,ST华闻,3.21,3.22,3.15,3.16,230417,73244760.0,-0.06,-1.8633540372670807
2020-10-15,15:00,sz000793,ST华闻,3.15,3.16,3.06,3.08,251154,77691272.0,-0.08,-2.5316455696202533
2020-10-16,15:00,sz000793,ST华闻,3.1,3.1,3.03,3.08,140619,43018144.0,0.0,0.0
2020-10-19,15:00,sz000793,ST华闻,3.08,3.11,3.05,3.06,134739,41495060.0,-0.02,-0.6493506493506493
2020-10-20,15:00,sz000793,ST华闻,3.05,3.1,3.04,3.09,129874,39831292.0,0.03,0.9803921568627452
2020-10-21,15:00,sz000793,ST华闻,3.09,3.12,3.04,3.05,130043,39974128.0,-0.04,-1.2944983818770228
2020-10-22,15:00,sz000793,ST华闻,3.05,3.07,3.02,3.06,104078,31725386.0,0.01,0.3278688524590163
2020-10-23,15:00,sz000793,ST华闻,3.06,3.08,3.02,3.03,128356,39002380.0,-0.03,-0.9803921568627452
2020-10-26,15:00,sz000793,ST华闻,3.02,3.03,2.97,3.0,111290,33392318.0,-0.03,-0.99009900990099
2020-10-27,15:00,sz000793,ST华闻,2.98,3.0,2.97,3.0,95335,28482294.0,0.0,0.0
2020-10-28,15:00,sz000793,ST华闻,3.0,3.0,2.95,2.98,101486,30160528.0,-0.02,-0.6666666666666667
2020-10-29,15:00,sz000793,ST华闻,2.95,2.97,2.91,2.94,120037,35319860.0,-0.04,-1.342281879194631
2020-10-30,15:00,sz000793,ST华闻,2.95,2.96,2.84,2.84,161641,46864376.0,-0.1,-3.4013605442176877
2020-11-02,15:00,sz000793,ST华闻,2.85,2.87,2.79,2.81,170973,48103684.0,-0.03,-1.056338028169014
2020-11-03,15:00,sz000793,ST华闻,2.82,2.88,2.8,2.88,167125,47544124.0,0.07,2.491103202846975
2020-11-04,15:00,sz000793,ST华闻,2.88,2.89,2.82,2.83,123587,35193988.0,-0.05,-1.7361111111111112
2020-11-05,15:00,sz000793,ST华闻,2.85,2.89,2.84,2.88,127978,36692836.0,0.05,1.76678445229682
2020-11-06,15:00,sz000793,ST华闻,2.88,2.92,2.86,2.88,147730,42767920.0,0.0,0.0
2020-11-09,15:00,sz000793,ST华闻,2.88,2.94,2.87,2.92,161850,47243692.0,0.04,1.3888888888888888
2020-11-10,15:00,sz000793,ST华闻,2.93,2.95,2.89,2.9,169508,49508860.0,-0.02,-0.684931506849315
2020-11-11,15:00,sz000793,ST华闻,2.9,2.91,2.84,2.85,138903,39837756.0,-0.05,-1.7241379310344829
2020-11-12,15:00,sz000793,ST华闻,2.84,2.87,2.81,2.85,157865,44726816.0,0.0,0.0
2020-11-13,15:00,sz000793,ST华闻,2.85,2.94,2.83,2.9,232541,67325856.0,0.05,1.7543859649122806
2020-11-16,15:00,sz000793,ST华闻,2.91,2.92,2.87,2.91,153009,44398904.0,0.01,0.3448275862068966
2020-11-17,15:00,sz000793,ST华闻,2.92,2.92,2.86,2.87,138920,40024008.0,-0.04,-1.3745704467353952
2020-11-18,15:00,sz000793,ST华闻,2.87,2.9,2.86,2.89,103159,29780646.0,0.02,0.6968641114982579
2020-11-19,15:00,sz000793,ST华闻,2.88,2.94,2.87,2.91,163233,47451520.0,0.02,0.6920415224913495
2020-11-20,15:00,sz000793,ST华闻,2.91,2.93,2.88,2.92,140762,40900836.0,0.01,0.3436426116838488
2020-11-23,15:00,sz000793,ST华闻,2.92,2.94,2.89,2.92,173706,50679872.0,0.0,0.0
2020-11-24,15:00,sz000793,ST华闻,2.93,2.94,2.9,2.91,137346,40127332.0,-0.01,-0.3424657534246575
2020-11-25,15:00,sz000793,ST华闻,2.91,2.94,2.9,2.91,169541,49449840.0,0.0,0.0
2020-11-26,15:00,sz000793,ST华闻,2.89,2.91,2.84,2.88,163447,46928204.0,-0.03,-1.0309278350515465
2020-11-27,15:00,sz000793,ST华闻,2.89,2.89,2.83,2.88,109329,31258068.0,0.0,0.0
2020-11-30,15:00,sz000793,ST华闻,2.87,2.91,2.86,2.89,144385,41765820.0,0.01,0.3472222222222222
2020-12-01,15:00,sz000793,ST华闻,2.87,2.96,2.87,2.94,300803,88035104.0,0.05,1.7301038062283738
2020-12-02,15:00,sz000793,ST华闻,2.94,2.97,2.92,2.96,220225,64970292.0,0.02,0.6802721088435374
2020-12-03,15:00,sz000793,ST华闻,2.96,2.99,2.94,2.95,204486,60591608.0,-0.01,-0.3378378378378378
2020-12-04,15:00,sz000793,ST华闻,2.94,2.95,2.91,2.92,119234,34869056.0,-0.03,-1.0169491525423728
2020-12-07,15:00,sz000793,ST华闻,2.93,2.93,2.89,2.91,143958,41835452.0,-0.01,-0.3424657534246575
2020-12-08,15:00,sz000793,ST华闻,2.91,2.92,2.88,2.88,93659,27074742.0,-0.03,-1.0309278350515465
2020-12-09,15:00,sz000793,ST华闻,2.89,2.9,2.83,2.83,157308,44849460.0,-0.05,-1.7361111111111112
2020-12-10,15:00,sz000793,ST华闻,2.84,2.84,2.79,2.8,125740,35322268.0,-0.03,-1.060070671378092
2020-12-11,15:00,sz000793,ST华闻,2.8,2.81,2.71,2.74,179604,49319016.0,-0.06,-2.142857142857143
2020-12-14,15:00,sz000793,ST华闻,2.72,2.75,2.66,2.75,113183,30673432.0,0.01,0.364963503649635
2020-12-15,15:00,sz000793,ST华闻,2.73,2.84,2.68,2.78,237707,65558024.0,0.03,1.090909090909091
2020-12-16,15:00,sz000793,ST华闻,2.75,2.76,2.69,2.69,140892,38201224.0,-0.09,-3.237410071942446
2020-12-17,15:00,sz000793,ST华闻,2.69,2.71,2.63,2.7,127147,34000832.0,0.01,0.3717472118959107
2020-12-18,15:00,sz000793,ST华闻,2.71,2.74,2.68,2.7,88393,23902800.0,0.0,0.0
2020-12-21,15:00,sz000793,ST华闻,2.69,2.72,2.66,2.7,102813,27739226.0,0.0,0.0
2020-12-22,15:00,sz000793,ST华闻,2.69,2.71,2.66,2.67,120255,32289178.0,-0.03,-1.1111111111111112
2020-12-23,15:00,sz000793,ST华闻,2.66,2.68,2.65,2.67,96326,25641468.0,0.0,0.0
2020-12-24,15:00,sz000793,ST华闻,2.67,2.68,2.58,2.58,131682,34449284.0,-0.09,-3.3707865168539324
2020-12-25,15:00,sz000793,ST华闻,2.56,2.61,2.55,2.58,169276,43668056.0,0.0,0.0
2020-12-28,15:00,sz000793,ST华闻,2.57,2.57,2.52,2.53,143284,36382816.0,-0.05,-1.937984496124031
2020-12-29,15:00,sz000793,ST华闻,2.52,2.58,2.51,2.56,135427,34610664.0,0.03,1.185770750988142
2020-12-30,15:00,sz000793,ST华闻,2.55,2.58,2.53,2.55,100381,25648602.0,-0.01,-0.390625
2020-12-31,15:00,sz000793,ST华闻,2.54,2.57,2.53,2.55,254994,65022904.0,0.0,0.0
2021-01-04,15:00,sz000793,ST华闻,2.55,2.59,2.52,2.55,296714,75694320.0,0.0,0.0
2021-01-05,15:00,sz000793,ST华闻,2.54,2.54,2.38,2.39,523112,127026944.0,-0.16,-6.2745098039215685
2021-01-06,15:00,sz000793,ST华闻,2.39,2.41,2.29,2.32,313036,72896568.0,-0.07,-2.928870292887029
2021-01-07,15:00,sz000793,ST华闻,2.3,2.31,2.15,2.2,453426,100253896.0,-0.12,-5.172413793103448
2021-01-08,15:00,sz000793,ST华闻,2.18,2.38,2.13,2.32,510883,116677664.0,0.12,5.454545454545454
2021-01-11,15:00,sz000793,ST华闻,2.3,2.36,2.22,2.23,260187,59013040.0,-0.09,-3.8793103448275854
2021-01-12,15:00,sz000793,ST华闻,2.24,2.27,2.21,2.23,132052,29454358.0,0.0,0.0
2021-01-13,15:00,sz000793,ST华闻,2.22,2.23,2.16,2.19,186732,41004764.0,-0.04,-1.7937219730941705
2021-01-14,15:00,sz000793,ST华闻,2.18,2.27,2.17,2.24,188851,42156372.0,0.05,2.28310502283105
2021-01-15,15:00,sz000793,ST华闻,2.25,2.36,2.23,2.31,267765,62023324.0,0.07,3.125
2021-01-18,15:00,sz000793,ST华闻,2.32,2.38,2.3,2.31,265661,61847584.0,0.0,0.0
2021-01-19,15:00,sz000793,ST华闻,2.3,2.4,2.27,2.37,321447,75710640.0,0.06,2.5974025974025974
2021-01-20,15:00,sz000793,ST华闻,2.36,2.38,2.31,2.33,197986,46195320.0,-0.04,-1.6877637130801686
2021-01-21,15:00,sz000793,ST华闻,2.33,2.41,2.3,2.36,439491,103885632.0,0.03,1.2875536480686696
2021-01-22,15:00,sz000793,ST华闻,2.35,2.35,2.26,2.27,232879,53434620.0,-0.09,-3.8135593220338975
2021-01-25,15:00,sz000793,ST华闻,2.28,2.3,2.22,2.23,167049,37653376.0,-0.04,-1.762114537444934
2021-01-26,15:00,sz000793,ST华闻,2.22,2.26,2.2,2.21,117027,26096250.0,-0.02,-0.8968609865470852
2021-01-27,15:00,sz000793,ST华闻,2.22,2.29,2.2,2.24,194832,43788148.0,0.03,1.3574660633484164
2021-01-28,15:00,sz000793,ST华闻,2.23,2.46,2.22,2.46,615288,147231520.0,0.22,9.821428571428571
2021-01-29,15:00,sz000793,ST华闻,2.42,2.42,2.29,2.35,636826,149367056.0,-0.11,-4.471544715447155
2021-02-01,15:00,sz000793,ST华闻,2.18,2.25,2.12,2.12,610353,131688024.0,-0.23,-9.787234042553193
2021-02-02,15:00,sz000793,ST华闻,2.11,2.11,1.99,2.05,414993,85259088.0,-0.07,-3.30188679245283
2021-02-03,15:00,sz000793,ST华闻,2.06,2.08,1.97,1.97,304821,61401264.0,-0.08,-3.902439024390244
2021-02-04,15:00,sz000793,ST华闻,1.95,1.96,1.85,1.89,341867,64869380.0,-0.08,-4.060913705583756
2021-02-05,15:00,sz000793,ST华闻,1.91,2.08,1.9,1.91,364257,71754192.0,0.02,1.058201058201058
2021-02-08,15:00,sz000793,ST华闻,1.89,1.93,1.85,1.89,197710,37421328.0,-0.02,-1.0471204188481675
2021-02-09,15:00,sz000793,ST华闻,1.89,1.93,1.87,1.92,197055,37483796.0,0.03,1.5873015873015872
2021-02-10,15:00,sz000793,ST华闻,1.91,2.0,1.9,1.95,259600,50673784.0,0.03,1.5625
2021-02-18,15:00,sz000793,ST华闻,1.96,2.08,1.96,2.05,346673,70584040.0,0.1,5.128205128205128
2021-02-19,15:00,sz000793,ST华闻,2.07,2.18,2.05,2.17,412071,87975848.0,0.12,5.853658536585367
2021-02-22,15:00,sz000793,ST华闻,2.18,2.32,2.17,2.25,494974,112278272.0,0.08,3.686635944700461
2021-02-23,15:00,sz000793,ST华闻,2.25,2.31,2.18,2.19,306201,68188056.0,-0.06,-2.666666666666667
2021-02-24,15:00,sz000793,ST华闻,2.21,2.26,2.19,2.21,234295,52026024.0,0.02,0.91324200913242
2021-02-25,15:00,sz000793,ST华闻,2.24,2.26,2.16,2.17,191663,42112164.0,-0.04,-1.809954751131222
2021-02-26,15:00,sz000793,ST华闻,2.17,2.2,2.12,2.16,187293,40583496.0,-0.01,-0.4608294930875576
2021-03-01,15:00,sz000793,ST华闻,2.16,2.21,2.16,2.19,234287,51217600.0,0.03,1.3888888888888888
2021-03-02,15:00,sz000793,ST华闻,2.2,2.22,2.13,2.15,262500,56774820.0,-0.04,-1.82648401826484
2021-03-03,15:00,sz000793,ST华闻,2.16,2.19,2.13,2.17,231086,49942104.0,0.02,0.9302325581395348
2021-03-04,15:00,sz000793,ST华闻,2.17,2.29,2.16,2.22,403680,90106168.0,0.05,2.3041474654377883
2021-03-05,15:00,sz000793,ST华闻,2.21,2.28,2.2,2.26,307693,69239088.0,0.04,1.8018018018018016
2021-03-08,15:00,sz000793,ST华闻,2.28,2.31,2.23,2.23,235112,53307184.0,-0.03,-1.327433628318584
2021-03-09,15:00,sz000793,ST华闻,2.24,2.3,2.15,2.25,352185,78800384.0,0.02,0.8968609865470852
2021-03-10,15:00,sz000793,ST华闻,2.31,2.34,2.12,2.14,428081,94086456.0,-0.11,-4.888888888888889
2021-03-11,15:00,sz000793,ST华闻,2.1,2.19,2.09,2.18,247150,53106280.0,0.04,1.8691588785046729
2021-03-12,15:00,sz000793,ST华闻,2.2,2.2,2.15,2.17,167388,36311372.0,-0.01,-0.4587155963302752
2021-03-15,15:00,sz000793,ST华闻,2.17,2.24,2.15,2.23,254891,56222156.0,0.06,2.7649769585253456
2021-03-16,15:00,sz000793,ST华闻,2.22,2.28,2.22,2.27,294979,66670420.0,0.04,1.7937219730941705
2021-03-17,15:00,sz000793,ST华闻,2.28,2.3,2.23,2.25,203504,45885040.0,-0.02,-0.881057268722467
2021-03-18,15:00,sz000793,ST华闻,2.23,2.29,2.2,2.29,337361,75541576.0,0.04,1.7777777777777777
2021-03-19,15:00,sz000793,ST华闻,2.27,2.32,2.16,2.17,605135,134405536.0,-0.12,-5.240174672489083
2021-03-22,15:00,sz000793,ST华闻,2.16,2.24,2.13,2.21,258071,56533468.0,0.04,1.8433179723502304
2021-03-23,15:00,sz000793,ST华闻,2.2,2.21,2.16,2.21,211766,46165856.0,0.0,0.0
2021-03-24,15:00,sz000793,ST华闻,2.22,2.24,2.19,2.21,250278,55406652.0,0.0,0.0
2021-03-25,15:00,sz000793,ST华闻,2.2,2.28,2.16,2.22,358558,79798768.0,0.01,0.4524886877828055
2021-03-26,15:00,sz000793,ST华闻,2.21,2.27,2.17,2.26,447326,99187472.0,0.04,1.8018018018018016
2021-03-29,15:00,sz000793,ST华闻,2.28,2.29,2.23,2.25,302504,68375088.0,-0.01,-0.4424778761061947
2021-03-30,15:00,sz000793,ST华闻,2.26,2.29,2.18,2.2,403105,89786120.0,-0.05,-2.2222222222222223
2021-03-31,15:00,sz000793,ST华闻,2.18,2.24,2.17,2.2,154749,34118232.0,0.0,0.0
2021-04-01,15:00,sz000793,ST华闻,2.21,2.31,2.18,2.29,684873,155124656.0,0.09,4.090909090909091
2021-04-02,15:00,sz000793,ST华闻,2.3,2.33,2.24,2.26,469892,107152824.0,-0.03,-1.310043668122271
2021-04-06,15:00,sz000793,ST华闻,2.25,2.32,2.23,2.29,443055,101270584.0,0.03,1.327433628318584
2021-04-07,15:00,sz000793,ST华闻,2.3,2.4,2.28,2.35,538884,125678464.0,0.06,2.6200873362445414
2021-04-08,15:00,sz000793,ST华闻,2.35,2.59,2.3,2.59,668090,166668256.0,0.24,10.212765957446807
2021-04-09,15:00,sz000793,ST华闻,2.85,2.85,2.7,2.85,1085270,307307776.0,0.26,10.038610038610038
2021-04-12,15:00,sz000793,ST华闻,3.14,3.14,3.14,3.14,168815,53008036.0,0.29,10.175438596491228
2021-04-13,15:00,sz000793,ST华闻,3.38,3.38,2.95,2.99,3946968,1267523328.0,-0.15,-4.777070063694268
2021-04-14,15:00,sz000793,ST华闻,2.78,3.29,2.7,3.29,3521836,1077893888.0,0.3,10.033444816053512
2021-04-15,15:00,sz000793,ST华闻,3.29,3.62,3.13,3.62,3523931,1208936064.0,0.33,10.030395136778116
2021-04-16,15:00,sz000793,ST华闻,3.65,3.84,3.35,3.43,4722467,1682245888.0,-0.19,-5.248618784530387
2021-04-19,15:00,sz000793,ST华闻,3.09,3.09,3.09,3.09,503611,155615792.0,-0.34,-9.912536443148689
2021-04-20,15:00,sz000793,ST华闻,2.79,3.08,2.79,2.86,3271627,950766464.0,-0.23,-7.443365695792881
2021-04-21,15:00,sz000793,ST华闻,2.74,2.81,2.66,2.73,2427839,659470592.0,-0.13,-4.545454545454546
2021-04-22,15:00,sz000793,ST华闻,2.72,2.75,2.6,2.63,1646125,436640672.0,-0.1,-3.6630036630036633
2021-04-23,15:00,sz000793,ST华闻,2.61,2.62,2.49,2.5,1379311,351127968.0,-0.13,-4.942965779467681
2021-04-26,15:00,sz000793,ST华闻,2.47,2.47,2.38,2.39,1192067,289331264.0,-0.11,-4.4
2021-04-27,15:00,sz000793,ST华闻,2.43,2.49,2.39,2.41,1034982,251514384.0,0.02,0.8368200836820083
2021-04-28,15:00,sz000793,ST华闻,2.4,2.44,2.34,2.43,853938,203776160.0,0.02,0.8298755186721992
2021-04-29,15:00,sz000793,ST华闻,2.39,2.43,2.34,2.35,782840,186437376.0,-0.08,-3.292181069958848
2021-04-30,15:00,sz000793,ST华闻,2.26,2.3,2.21,2.24,1013050,226459392.0,-0.11,-4.680851063829787
2021-05-06,15:00,sz000793,ST华闻,2.23,2.3,2.22,2.25,571998,129072224.0,0.01,0.4464285714285714
2021-05-07,15:00,sz000793,ST华闻,2.31,2.45,2.26,2.36,1280253,302263072.0,0.11,4.888888888888889
2021-05-10,15:00,sz000793,ST华闻,2.31,2.33,2.26,2.3,771742,176537392.0,-0.06,-2.5423728813559325
2021-05-11,15:00,sz000793,ST华闻,2.28,2.35,2.26,2.32,587701,135671152.0,0.02,0.8695652173913043
2021-05-12,15:00,sz000793,ST华闻,2.31,2.49,2.28,2.43,1304124,313014208.0,0.11,4.741379310344827
2021-05-13,15:00,sz000793,ST华闻,2.38,2.42,2.36,2.39,681856,163017744.0,-0.04,-1.646090534979424
2021-05-14,15:00,sz000793,ST华闻,2.39,2.47,2.38,2.41,769517,186222736.0,0.02,0.8368200836820083
2021-05-17,15:00,sz000793,ST华闻,2.4,2.4,2.3,2.31,718807,167021808.0,-0.1,-4.149377593360995
2021-05-18,15:00,sz000793,ST华闻,2.34,2.35,2.31,2.34,363816,84655184.0,0.03,1.2987012987012987
2021-05-19,15:00,sz000793,ST华闻,2.33,2.35,2.29,2.3,405461,93815712.0,-0.04,-1.7094017094017095
2021-05-20,15:00,sz000793,ST华闻,2.28,2.31,2.25,2.3,435348,99376496.0,0.0,0.0
2021-05-21,15:00,sz000793,ST华闻,2.29,2.33,2.28,2.32,344775,79633648.0,0.02,0.8695652173913043
2021-05-24,15:00,sz000793,ST华闻,2.31,2.37,2.29,2.37,540960,127141784.0,0.05,2.155172413793104
2021-05-25,15:00,sz000793,ST华闻,2.35,2.61,2.35,2.61,1793317,449371616.0,0.24,10.126582278481012
2021-05-26,15:00,sz000793,ST华闻,2.62,2.87,2.58,2.68,2942729,806531904.0,0.07,2.681992337164751
2021-05-27,15:00,sz000793,ST华闻,2.61,2.76,2.56,2.66,1742901,460513472.0,-0.02,-0.7462686567164178
2021-05-28,15:00,sz000793,ST华闻,2.65,2.82,2.65,2.74,1821066,495458176.0,0.08,3.007518796992481
2021-05-31,15:00,sz000793,ST华闻,2.71,2.88,2.65,2.81,1912337,529673312.0,0.07,2.554744525547445
2021-06-01,15:00,sz000793,ST华闻,2.81,2.86,2.71,2.78,1242944,346827264.0,-0.03,-1.0676156583629894
2021-06-02,15:00,sz000793,ST华闻,2.66,2.68,2.5,2.52,1892809,484121120.0,-0.26,-9.352517985611511
2021-06-03,15:00,sz000793,ST华闻,2.51,2.77,2.51,2.77,1345531,361739520.0,0.25,9.92063492063492
2021-06-04,15:00,sz000793,ST华闻,2.82,2.92,2.68,2.77,2349709,657785344.0,0.0,0.0
2021-06-07,15:00,sz000793,ST华闻,2.74,2.84,2.67,2.69,1131175,307796192.0,-0.08,-2.888086642599278
2021-06-08,15:00,sz000793,ST华闻,2.72,2.72,2.62,2.63,862699,228551920.0,-0.06,-2.2304832713754648
2021-06-09,15:00,sz000793,ST华闻,2.61,2.89,2.61,2.89,1493046,418268352.0,0.26,9.88593155893536
2021-06-10,15:00,sz000793,ST华闻,3.08,3.18,3.08,3.18,598531,188152640.0,0.29,10.034602076124568
2021-06-11,15:00,sz000793,ST华闻,3.1,3.19,2.92,2.94,2681895,817397184.0,-0.24,-7.547169811320755
2021-06-15,15:00,sz000793,ST华闻,2.95,3.07,2.86,2.96,1346263,400233792.0,0.02,0.6802721088435374
2021-06-16,15:00,sz000793,ST华闻,2.9,3.26,2.85,3.09,1892238,582225664.0,0.13,4.391891891891892
2021-06-17,15:00,sz000793,ST华闻,3.05,3.15,2.96,3.04,1251471,380995488.0,-0.05,-1.6181229773462782
2021-06-18,15:00,sz000793,ST华闻,3.01,3.18,2.98,3.04,1087428,333653152.0,0.0,0.0
2021-06-21,15:00,sz000793,ST华闻,3.08,3.08,2.95,3.0,879230,262732128.0,-0.04,-1.3157894736842104
2021-06-22,15:00,sz000793,ST华闻,2.98,3.09,2.92,3.06,1032482,309296864.0,0.06,2.0
2021-06-23,15:00,sz000793,ST华闻,3.06,3.17,2.98,3.0,923438,282039680.0,-0.06,-1.96078431372549
2021-06-24,15:00,sz000793,ST华闻,2.96,2.98,2.83,2.85,872070,251980720.0,-0.15,-5.0
2021-06-25,15:00,sz000793,ST华闻,2.82,2.82,2.72,2.75,779554,215438688.0,-0.1,-3.508771929824561
2021-06-28,15:00,sz000793,ST华闻,2.77,2.82,2.7,2.71,607250,166340512.0,-0.04,-1.4545454545454546
2021-06-29,15:00,sz000793,ST华闻,2.71,2.79,2.68,2.75,566882,155046928.0,0.04,1.4760147601476017
2021-06-30,15:00,sz000793,ST华闻,2.75,2.76,2.63,2.65,605941,162123648.0,-0.1,-3.636363636363636
2021-07-01,15:00,sz000793,ST华闻,2.66,2.69,2.59,2.6,402931,106407952.0,-0.05,-1.8867924528301887
2021-07-02,15:00,sz000793,ST华闻,2.58,2.67,2.56,2.61,369278,96686928.0,0.01,0.3846153846153846
2021-07-05,15:00,sz000793,ST华闻,2.61,2.7,2.58,2.68,468871,123494760.0,0.07,2.681992337164751
2021-07-06,15:00,sz000793,ST华闻,2.67,2.69,2.61,2.65,361879,95853296.0,-0.03,-1.1194029850746268
2021-07-07,15:00,sz000793,ST华闻,2.63,2.66,2.6,2.63,307315,80611344.0,-0.02,-0.7547169811320755
2021-07-08,15:00,sz000793,ST华闻,2.64,2.64,2.52,2.54,480635,123229632.0,-0.09,-3.4220532319391634
2021-07-09,15:00,sz000793,ST华闻,2.53,2.62,2.52,2.58,336381,86498000.0,0.04,1.574803149606299
2021-07-12,15:00,sz000793,ST华闻,2.59,2.63,2.57,2.58,343940,89443928.0,0.0,0.0
2021-07-13,15:00,sz000793,ST华闻,2.57,2.67,2.53,2.63,522542,135968448.0,0.05,1.937984496124031
2021-07-14,15:00,sz000793,ST华闻,2.59,2.61,2.53,2.53,447921,114525496.0,-0.1,-3.802281368821293
2021-07-15,15:00,sz000793,ST华闻,2.52,2.52,2.41,2.44,433548,106243592.0,-0.09,-3.557312252964427
2021-07-16,15:00,sz000793,ST华闻,2.45,2.49,2.45,2.45,256050,63226716.0,0.01,0.4098360655737705
2021-07-19,15:00,sz000793,ST华闻,2.46,2.47,2.39,2.4,282124,67986472.0,-0.05,-2.0408163265306123
2021-07-20,15:00,sz000793,ST华闻,2.38,2.44,2.37,2.43,241036,58139128.0,0.03,1.25
2021-07-21,15:00,sz000793,ST华闻,2.43,2.53,2.42,2.48,378303,93677576.0,0.05,2.05761316872428
2021-07-22,15:00,sz000793,ST华闻,2.46,2.5,2.45,2.45,286148,70506248.0,-0.03,-1.2096774193548387
2021-07-23,15:00,sz000793,ST华闻,2.44,2.45,2.39,2.41,335772,80863528.0,-0.04,-1.6326530612244898
2021-07-26,15:00,sz000793,ST华闻,2.35,2.38,2.31,2.35,318188,74586512.0,-0.06,-2.489626556016597
2021-07-27,15:00,sz000793,ST华闻,2.34,2.4,2.34,2.36,270525,64116972.0,0.01,0.425531914893617
2021-07-28,15:00,sz000793,ST华闻,2.36,2.37,2.22,2.28,260095,59429884.0,-0.08,-3.389830508474576
2021-07-29,15:00,sz000793,ST华闻,2.3,2.33,2.29,2.3,178654,41214244.0,0.02,0.8771929824561403
2021-07-30,15:00,sz000793,ST华闻,2.29,2.32,2.25,2.31,200498,45886064.0,0.01,0.4347826086956521
2021-08-02,15:00,sz000793,ST华闻,2.3,2.37,2.27,2.36,250294,58013936.0,0.05,2.1645021645021645
2021-08-03,15:00,sz000793,ST华闻,2.34,2.43,2.34,2.39,295141,70642992.0,0.03,1.2711864406779665
2021-08-04,15:00,sz000793,ST华闻,2.38,2.39,2.34,2.36,232014,54852520.0,-0.03,-1.2552301255230125
2021-08-05,15:00,sz000793,ST华闻,2.35,2.36,2.3,2.3,205120,47658204.0,-0.06,-2.5423728813559325
2021-08-06,15:00,sz000793,ST华闻,2.31,2.33,2.29,2.32,166090,38327240.0,0.02,0.8695652173913043
2021-08-09,15:00,sz000793,ST华闻,2.31,2.37,2.31,2.36,198997,46617944.0,0.04,1.7241379310344829
2021-08-10,15:00,sz000793,ST华闻,2.38,2.41,2.36,2.4,288467,68962736.0,0.04,1.694915254237288
2021-08-11,15:00,sz000793,ST华闻,2.41,2.42,2.36,2.39,271315,64511132.0,-0.01,-0.4166666666666667
2021-08-12,15:00,sz000793,ST华闻,2.38,2.59,2.37,2.54,763446,189849648.0,0.15,6.276150627615063
2021-08-13,15:00,sz000793,ST华闻,2.51,2.53,2.47,2.49,400873,99962704.0,-0.05,-1.968503937007874
2021-08-16,15:00,sz000793,ST华闻,2.47,2.48,2.43,2.45,269004,65952364.0,-0.04,-1.6064257028112447
2021-08-17,15:00,sz000793,ST华闻,2.44,2.46,2.37,2.39,248045,59882760.0,-0.06,-2.4489795918367347
2021-08-18,15:00,sz000793,ST华闻,2.37,2.42,2.36,2.42,233037,55741848.0,0.03,1.2552301255230125
2021-08-19,15:00,sz000793,ST华闻,2.41,2.44,2.38,2.39,177193,42492696.0,-0.03,-1.2396694214876034
2021-08-20,15:00,sz000793,ST华闻,2.38,2.39,2.34,2.37,207499,48889460.0,-0.02,-0.8368200836820083
2021-08-23,15:00,sz000793,ST华闻,2.37,2.4,2.36,2.4,159134,38020688.0,0.03,1.2658227848101269
2021-08-24,15:00,sz000793,ST华闻,2.39,2.48,2.37,2.44,305608,73834280.0,0.04,1.6666666666666667
2021-08-25,15:00,sz000793,ST华闻,2.43,2.46,2.42,2.44,217960,53119752.0,0.0,0.0
2021-08-26,15:00,sz000793,ST华闻,2.43,2.51,2.4,2.46,372390,91263208.0,0.02,0.819672131147541
2021-08-27,15:00,sz000793,ST华闻,2.46,2.47,2.4,2.41,237255,57562088.0,-0.05,-2.032520325203252
2021-08-30,15:00,sz000793,ST华闻,2.39,2.43,2.37,2.41,233365,56079196.0,0.0,0.0
2021-08-31,15:00,sz000793,ST华闻,2.41,2.41,2.35,2.38,272849,64957796.0,-0.03,-1.2448132780082988
2021-09-01,15:00,sz000793,ST华闻,2.37,2.43,2.37,2.41,261845,62860800.0,0.03,1.2605042016806722
2021-09-02,15:00,sz000793,ST华闻,2.41,2.48,2.4,2.46,374806,91923856.0,0.05,2.0746887966804977
2021-09-03,15:00,sz000793,ST华闻,2.56,2.58,2.47,2.48,484921,121846848.0,0.02,0.8130081300813009
2021-09-06,15:00,sz000793,ST华闻,2.5,2.52,2.47,2.49,296333,73926232.0,0.01,0.4032258064516129
2021-09-07,15:00,sz000793,ST华闻,2.49,2.58,2.47,2.56,545836,138339952.0,0.07,2.8112449799196786
2021-09-08,15:00,sz000793,ST华闻,2.56,2.82,2.55,2.82,1237509,336209792.0,0.26,10.15625
2021-09-09,15:00,sz000793,ST华闻,2.83,2.84,2.67,2.72,1169521,319242368.0,-0.1,-3.546099290780142
2021-09-10,15:00,sz000793,ST华闻,2.74,2.75,2.63,2.64,649789,173666448.0,-0.08,-2.941176470588235
2021-09-13,15:00,sz000793,ST华闻,2.62,2.69,2.6,2.67,495403,131520536.0,0.03,1.1363636363636365
2021-09-14,15:00,sz000793,ST华闻,2.67,2.69,2.58,2.59,409146,107502336.0,-0.08,-2.9962546816479403
2021-09-15,15:00,sz000793,ST华闻,2.59,2.63,2.57,2.6,286772,74739856.0,0.01,0.3861003861003861
2021-09-16,15:00,sz000793,ST华闻,2.6,2.65,2.56,2.56,381997,99380000.0,-0.04,-1.5384615384615383
2021-09-17,15:00,sz000793,ST华闻,2.55,2.56,2.47,2.51,312663,78538592.0,-0.05,-1.953125
2021-09-22,15:00,sz000793,ST华闻,2.48,2.51,2.45,2.49,208341,51704168.0,-0.02,-0.796812749003984
2021-09-23,15:00,sz000793,ST华闻,2.51,2.58,2.51,2.55,285170,72706640.0,0.06,2.409638554216868
2021-09-24,15:00,sz000793,ST华闻,2.56,2.57,2.47,2.48,245694,61757208.0,-0.07,-2.7450980392156863
2021-09-27,15:00,sz000793,ST华闻,2.46,2.48,2.34,2.41,315454,75904888.0,-0.07,-2.82258064516129
2021-09-28,15:00,sz000793,ST华闻,2.41,2.42,2.38,2.41,141594,33964180.0,0.0,0.0
2021-09-29,15:00,sz000793,ST华闻,2.39,2.4,2.35,2.36,209680,49699448.0,-0.05,-2.0746887966804977
2021-09-30,15:00,sz000793,ST华闻,2.36,2.4,2.35,2.38,127705,30360318.0,0.02,0.847457627118644
2021-10-08,15:00,sz000793,ST华闻,2.38,2.44,2.38,2.43,169603,41018404.0,0.05,2.100840336134454
2021-10-11,15:00,sz000793,ST华闻,2.44,2.46,2.41,2.42,161757,39383192.0,-0.01,-0.411522633744856
2021-10-12,15:00,sz000793,ST华闻,2.41,2.42,2.36,2.38,202356,48259656.0,-0.04,-1.6528925619834711
2021-10-13,15:00,sz000793,ST华闻,2.4,2.41,2.36,2.4,131451,31370018.0,0.02,0.8403361344537815
2021-10-14,15:00,sz000793,ST华闻,2.4,2.42,2.37,2.4,130528,31269108.0,0.0,0.0
2021-10-15,15:00,sz000793,ST华闻,2.42,2.49,2.41,2.47,346741,85562656.0,0.07,2.9166666666666665
2021-10-18,15:00,sz000793,ST华闻,2.46,2.58,2.44,2.51,362744,91457752.0,0.04,1.6194331983805668
2021-10-19,15:00,sz000793,ST华闻,2.51,2.51,2.46,2.48,213000,52841048.0,-0.03,-1.195219123505976
2021-10-20,15:00,sz000793,ST华闻,2.47,2.49,2.44,2.47,159257,39197696.0,-0.01,-0.4032258064516129
2021-10-21,15:00,sz000793,ST华闻,2.47,2.47,2.41,2.41,170415,41446720.0,-0.06,-2.42914979757085
2021-10-22,15:00,sz000793,ST华闻,2.4,2.44,2.4,2.41,120439,29131528.0,0.0,0.0
2021-10-25,15:00,sz000793,ST华闻,2.4,2.42,2.37,2.41,126217,30217516.0,0.0,0.0
2021-10-26,15:00,sz000793,ST华闻,2.4,2.42,2.36,2.37,166254,39703544.0,-0.04,-1.6597510373443984
2021-10-27,15:00,sz000793,ST华闻,2.35,2.36,2.28,2.29,251922,57900232.0,-0.08,-3.375527426160337
2021-10-28,15:00,sz000793,ST华闻,2.29,2.3,2.25,2.27,139235,31609210.0,-0.02,-0.8733624454148471
2021-10-29,15:00,sz000793,ST华闻,2.27,2.33,2.27,2.3,144594,33341010.0,0.03,1.3215859030837005
2021-11-01,15:00,sz000793,ST华闻,2.3,2.35,2.28,2.34,152662,35493428.0,0.04,1.7391304347826086
2021-11-02,15:00,sz000793,ST华闻,2.33,2.34,2.26,2.28,200500,45922932.0,-0.06,-2.564102564102564
2021-11-03,15:00,sz000793,ST华闻,2.27,2.34,2.27,2.32,129878,29992434.0,0.04,1.7543859649122806
2021-11-04,15:00,sz000793,ST华闻,2.31,2.37,2.3,2.35,219168,51215688.0,0.03,1.293103448275862
2021-11-05,15:00,sz000793,ST华闻,2.35,2.47,2.33,2.42,512499,124066696.0,0.07,2.9787234042553195
2021-11-08,15:00,sz000793,ST华闻,2.43,2.52,2.41,2.52,585709,144933008.0,0.1,4.132231404958678
2021-11-09,15:00,sz000793,ST华闻,2.48,2.53,2.46,2.5,375904,93523112.0,-0.02,-0.7936507936507936
2021-11-10,15:00,sz000793,ST华闻,2.5,2.64,2.49,2.55,644063,165042800.0,0.05,2.0
2021-11-11,15:00,sz000793,ST华闻,2.53,2.62,2.51,2.61,672498,174751168.0,0.06,2.3529411764705883
2021-11-12,15:00,sz000793,ST华闻,2.58,2.67,2.58,2.64,583043,153517216.0,0.03,1.1494252873563218
2021-11-15,15:00,sz000793,ST华闻,2.65,2.71,2.63,2.67,601402,160748864.0,0.03,1.1363636363636365
2021-11-16,15:00,sz000793,ST华闻,2.68,2.77,2.67,2.7,576066,157200560.0,0.03,1.1235955056179776
2021-11-17,15:00,sz000793,ST华闻,2.7,2.74,2.64,2.68,699711,188027728.0,-0.02,-0.7407407407407408
2021-11-18,15:00,sz000793,ST华闻,2.68,2.71,2.6,2.62,563547,149542384.0,-0.06,-2.238805970149253
2021-11-19,15:00,sz000793,ST华闻,2.62,2.72,2.6,2.69,446815,119465176.0,0.07,2.6717557251908395
2021-11-22,15:00,sz000793,ST华闻,2.68,2.68,2.61,2.62,340648,89707632.0,-0.07,-2.6022304832713754
2021-11-23,15:00,sz000793,ST华闻,2.62,2.63,2.55,2.63,335855,87157664.0,0.01,0.381679389312977
2021-11-24,15:00,sz000793,ST华闻,2.63,2.65,2.57,2.64,336918,88106040.0,0.01,0.3802281368821292
2021-11-25,15:00,sz000793,ST华闻,2.67,2.77,2.59,2.6,827200,221292144.0,-0.04,-1.5151515151515151
2021-11-26,15:00,sz000793,ST华闻,2.63,2.63,2.53,2.54,452557,116202264.0,-0.06,-2.307692307692308
2021-11-29,15:00,sz000793,ST华闻,2.49,2.57,2.47,2.48,349946,87754608.0,-0.06,-2.3622047244094486
2021-11-30,15:00,sz000793,ST华闻,2.48,2.54,2.46,2.47,379534,94683096.0,-0.01,-0.4032258064516129
2021-12-01,15:00,sz000793,ST华闻,2.47,2.54,2.46,2.52,325070,81255488.0,0.05,2.0242914979757085
2021-12-02,15:00,sz000793,ST华闻,2.52,2.53,2.43,2.43,358341,88421088.0,-0.09,-3.571428571428571
2021-12-03,15:00,sz000793,ST华闻,2.45,2.47,2.4,2.41,298849,72648696.0,-0.02,-0.823045267489712
2021-12-06,15:00,sz000793,ST华闻,2.41,2.42,2.35,2.36,362432,86263328.0,-0.05,-2.0746887966804977
2021-12-07,15:00,sz000793,ST华闻,2.38,2.39,2.34,2.37,372332,88046600.0,0.01,0.423728813559322
2021-12-08,15:00,sz000793,ST华闻,2.38,2.4,2.35,2.38,305622,72785200.0,0.01,0.4219409282700421
2021-12-09,15:00,sz000793,ST华闻,2.38,2.43,2.36,2.43,397694,95756752.0,0.05,2.100840336134454
2021-12-10,15:00,sz000793,ST华闻,2.42,2.47,2.4,2.46,399029,97589936.0,0.03,1.2345679012345678
2021-12-13,15:00,sz000793,ST华闻,2.47,2.65,2.47,2.56,972065,247186784.0,0.1,4.065040650406504
2021-12-14,15:00,sz000793,ST华闻,2.56,2.77,2.55,2.67,1220581,326278080.0,0.11,4.296875
2021-12-15,15:00,sz000793,ST华闻,2.63,2.72,2.6,2.68,881207,234633904.0,0.01,0.3745318352059925
2021-12-16,15:00,sz000793,ST华闻,2.7,2.76,2.67,2.71,837446,227259520.0,0.03,1.1194029850746268
2021-12-17,15:00,sz000793,ST华闻,2.72,2.83,2.71,2.75,917927,254849504.0,0.04,1.4760147601476017
2021-12-20,15:00,sz000793,ST华闻,2.74,2.83,2.7,2.7,772775,212773344.0,-0.05,-1.818181818181818
2021-12-21,15:00,sz000793,ST华闻,2.73,2.87,2.7,2.83,1073423,300942240.0,0.13,4.814814814814815
2021-12-22,15:00,sz000793,ST华闻,2.83,2.88,2.76,2.82,804316,226502128.0,-0.01,-0.3533568904593639
2021-12-23,15:00,sz000793,ST华闻,2.8,2.86,2.74,2.76,654300,182513808.0,-0.06,-2.127659574468085
2021-12-24,15:00,sz000793,ST华闻,2.76,2.9,2.7,2.72,683089,190201888.0,-0.04,-1.4492753623188406
2021-12-27,15:00,sz000793,ST华闻,2.71,2.73,2.61,2.66,483913,128827544.0,-0.06,-2.2058823529411766
2021-12-28,15:00,sz000793,ST华闻,2.68,2.71,2.63,2.65,400710,106818072.0,-0.01,-0.3759398496240601
2021-12-29,15:00,sz000793,ST华闻,2.65,2.68,2.61,2.63,338803,89345320.0,-0.02,-0.7547169811320755
2021-12-30,15:00,sz000793,ST华闻,2.64,2.89,2.61,2.89,613441,171972656.0,0.26,9.88593155893536
2021-12-31,15:00,sz000793,ST华闻,2.99,3.03,2.8,2.94,2065955,603401728.0,0.05,1.7301038062283738
