日期,时间,代码,名称,开盘,最高,最低,收盘,总手,金额,涨幅,涨幅比
2015-01-19,15:00,sz000977,浪潮信息,45.3,45.3,45.3,45.3,10304,46680244.0,4.12,10.004856726566294
2015-02-06,15:00,sz000977,浪潮信息,49.83,49.83,47.5,49.83,198500,986394496.0,4.53,10.0
2015-02-09,15:00,sz000977,浪潮信息,49.5,50.29,46.95,48.22,263534,1276525312.0,-1.61,-3.230985350190648
2015-02-10,15:00,sz000977,浪潮信息,47.4,48.47,46.71,47.99,135823,645115712.0,-0.23,-0.476980506014102
2015-02-11,15:00,sz000977,浪潮信息,47.7,52.65,47.7,51.54,212199,1081902720.0,3.55,7.397374453011044
2015-02-12,15:00,sz000977,浪潮信息,51.5,53.47,50.51,51.59,170783,892464256.0,0.05,0.0970120294916569
2015-02-13,15:00,sz000977,浪潮信息,51.62,52.54,50.7,51.6,140581,723163328.0,0.01,0.0193836014731537
2015-02-16,15:00,sz000977,浪潮信息,51.61,52.99,50.9,51.96,113127,589072640.0,0.36,0.6976744186046512
2015-02-17,15:00,sz000977,浪潮信息,52.68,52.8,51.01,51.81,90558,468970848.0,-0.15,-0.2886836027713625
2015-02-25,15:00,sz000977,浪潮信息,52.3,52.8,50.96,50.99,88523,456213504.0,-0.82,-1.582706041304767
2015-02-26,15:00,sz000977,浪潮信息,51.0,51.79,49.12,49.8,117618,588991680.0,-1.19,-2.3337909393998824
2015-02-27,15:00,sz000977,浪潮信息,49.82,50.3,49.21,50.0,87256,434610592.0,0.2,0.4016064257028112
2015-03-02,15:00,sz000977,浪潮信息,51.0,52.88,49.73,52.49,189076,974247872.0,2.49,4.98
2015-03-03,15:00,sz000977,浪潮信息,51.99,55.29,51.26,52.94,208651,1116305536.0,0.45,0.8573061535530578
2015-03-04,15:00,sz000977,浪潮信息,53.0,55.5,52.38,53.1,150536,810484736.0,0.16,0.3022289384208538
2015-03-05,15:00,sz000977,浪潮信息,53.45,53.5,51.78,52.15,94103,492715008.0,-0.95,-1.7890772128060264
2015-03-06,15:00,sz000977,浪潮信息,52.01,52.4,49.84,49.9,97517,494359936.0,-2.25,-4.314477468839885
2015-03-09,15:00,sz000977,浪潮信息,49.98,50.79,49.33,50.4,72253,363243168.0,0.5,1.002004008016032
2015-03-10,15:00,sz000977,浪潮信息,50.41,50.77,49.79,49.95,78208,390991776.0,-0.45,-0.8928571428571428
2015-03-11,15:00,sz000977,浪潮信息,50.01,50.1,49.1,49.29,62247,308165408.0,-0.66,-1.3213213213213213
2015-03-12,15:00,sz000977,浪潮信息,49.28,51.27,49.11,50.24,76132,383478816.0,0.95,1.927368634611483
2015-03-13,15:00,sz000977,浪潮信息,50.3,52.45,49.9,52.34,93567,481957824.0,2.1,4.179936305732483
2015-03-16,15:00,sz000977,浪潮信息,52.99,53.5,51.7,52.84,124042,653691200.0,0.5,0.9552923194497516
2015-03-17,15:00,sz000977,浪潮信息,52.2,52.47,51.55,51.84,141489,734557312.0,-1.0,-1.8925056775170328
2015-03-18,15:00,sz000977,浪潮信息,51.5,52.75,50.11,52.55,220281,1129559936.0,0.71,1.369598765432099
2015-03-20,15:00,sz000977,浪潮信息,55.25,57.81,54.95,57.81,361758,2067834368.0,5.26,10.009514747859182
2015-03-23,15:00,sz000977,浪潮信息,58.29,59.98,57.4,59.6,394602,2321835776.0,1.79,3.0963501124372947
2015-03-24,15:00,sz000977,浪潮信息,60.0,60.22,56.6,58.9,290283,1703544576.0,-0.7,-1.174496644295302
2015-03-25,15:00,sz000977,浪潮信息,59.39,62.76,57.9,61.03,318597,1930832640.0,2.13,3.616298811544991
2015-03-26,15:00,sz000977,浪潮信息,59.92,60.9,56.88,57.0,255777,1502701440.0,-4.03,-6.603309847615926
2015-03-27,15:00,sz000977,浪潮信息,57.51,58.7,56.77,57.71,132214,762895104.0,0.71,1.2456140350877192
2015-03-30,15:00,sz000977,浪潮信息,58.0,58.5,57.1,57.7,131931,763242112.0,-0.01,-0.0173280194073817
2015-03-31,15:00,sz000977,浪潮信息,58.11,59.18,57.0,58.65,164852,958377216.0,0.95,1.6464471403812824
2015-04-01,15:00,sz000977,浪潮信息,58.5,60.49,58.31,60.04,185360,1107149056.0,1.39,2.36999147485081
2015-04-02,15:00,sz000977,浪潮信息,60.88,62.62,60.4,60.65,192912,1183033088.0,0.61,1.015989340439707
2015-04-03,15:00,sz000977,浪潮信息,60.81,62.5,60.11,61.98,172530,1057689024.0,1.33,2.1929101401483924
2015-04-07,15:00,sz000977,浪潮信息,62.99,64.38,62.5,63.98,163443,1039534976.0,2.0,3.2268473701193936
2015-04-08,15:00,sz000977,浪潮信息,64.52,64.99,62.05,64.02,174689,1113564416.0,0.04,0.0625195373554235
2015-04-09,15:00,sz000977,浪潮信息,63.7,63.7,60.5,62.63,167436,1038479424.0,-1.39,-2.171196501093408
2015-04-10,15:00,sz000977,浪潮信息,62.59,64.38,62.18,63.76,144490,915643072.0,1.13,1.8042471658949384
2015-04-13,15:00,sz000977,浪潮信息,63.8,64.97,62.8,63.88,164149,1046328192.0,0.12,0.1882057716436637
2015-04-14,15:00,sz000977,浪潮信息,64.0,64.0,61.3,61.37,171859,1069089728.0,-2.51,-3.929242329367564
2015-04-15,15:00,sz000977,浪潮信息,60.98,60.98,58.58,58.58,141825,844025664.0,-2.79,-4.546195209385694
2015-04-16,15:00,sz000977,浪潮信息,57.81,59.7,57.18,59.08,98320,577665664.0,0.5,0.8535336292249914
2015-04-17,15:00,sz000977,浪潮信息,60.7,61.95,59.25,61.03,164771,1001087040.0,1.95,3.300609343263371
2015-04-20,15:00,sz000977,浪潮信息,60.5,60.59,58.5,58.6,136751,814465664.0,-2.43,-3.981648369654269
2015-04-21,15:00,sz000977,浪潮信息,58.61,63.73,58.61,63.41,184522,1143806464.0,4.81,8.208191126279864
2015-04-22,15:00,sz000977,浪潮信息,64.1,65.28,63.0,64.06,152801,978874240.0,0.65,1.0250749093202964
2015-04-23,15:00,sz000977,浪潮信息,64.61,64.92,63.26,64.9,140935,903396928.0,0.84,1.3112706837339994
2015-04-24,15:00,sz000977,浪潮信息,64.71,71.39,64.2,71.39,364949,2546542080.0,6.49,10.0
2015-04-27,15:00,sz000977,浪潮信息,36.4,36.79,33.8,34.7,691961,2435586048.0,-36.69,-51.39375262641826
2015-04-28,15:00,sz000977,浪潮信息,34.0,34.6,32.63,32.89,420482,1401643904.0,-1.81,-5.216138328530259
2015-04-29,15:00,sz000977,浪潮信息,32.49,36.1,32.32,35.0,412231,1426026624.0,2.11,6.415323806628155
2015-04-30,15:00,sz000977,浪潮信息,35.03,36.88,34.3,35.99,479372,1716586112.0,0.99,2.8285714285714287
2015-05-04,15:00,sz000977,浪潮信息,36.25,38.0,36.25,36.63,442217,1645887104.0,0.64,1.7782717421505971
2015-05-05,15:00,sz000977,浪潮信息,36.12,36.15,33.0,34.3,353697,1240167296.0,-2.33,-6.360906360906362
2015-05-06,15:00,sz000977,浪潮信息,34.1,35.97,34.0,34.49,299311,1050707712.0,0.19,0.5539358600583091
2015-05-07,15:00,sz000977,浪潮信息,34.49,34.5,33.09,33.63,199869,674806336.0,-0.86,-2.493476369962308
2015-05-08,15:00,sz000977,浪潮信息,34.69,36.99,34.69,36.99,597715,2160711168.0,3.36,9.991079393398753
2015-05-11,15:00,sz000977,浪潮信息,37.8,39.89,36.3,39.15,643512,2466287616.0,2.16,5.839416058394161
2015-05-12,15:00,sz000977,浪潮信息,39.15,39.9,38.0,39.03,455120,1769554816.0,-0.12,-0.3065134099616858
2015-05-13,15:00,sz000977,浪潮信息,38.5,42.28,38.0,40.78,510839,2069421824.0,1.75,4.483730463745837
2015-05-14,15:00,sz000977,浪潮信息,41.5,42.22,40.14,41.16,333431,1373052416.0,0.38,0.9318293281020108
2015-05-15,15:00,sz000977,浪潮信息,40.58,40.6,39.19,39.7,316029,1256773120.0,-1.46,-3.547133138969873
2015-05-18,15:00,sz000977,浪潮信息,39.56,41.0,39.0,40.75,275272,1110700032.0,1.05,2.644836272040302
2015-05-19,15:00,sz000977,浪潮信息,40.9,41.85,39.71,41.0,313885,1276455168.0,0.25,0.6134969325153374
2015-05-20,15:00,sz000977,浪潮信息,41.3,43.99,41.3,41.85,410780,1755649920.0,0.85,2.073170731707317
2015-05-21,15:00,sz000977,浪潮信息,42.7,45.83,41.8,45.3,448004,1953789440.0,3.45,8.24372759856631
2015-05-22,15:00,sz000977,浪潮信息,46.22,46.59,43.5,44.34,434216,1941795328.0,-0.96,-2.119205298013245
2015-05-25,15:00,sz000977,浪潮信息,44.0,44.5,42.78,44.25,325356,1422851200.0,-0.09,-0.20297699594046
2015-05-26,15:00,sz000977,浪潮信息,44.98,45.98,44.4,45.65,355029,1610634496.0,1.4,3.163841807909604
2015-05-27,15:00,sz000977,浪潮信息,46.88,49.3,45.4,49.0,580316,2751449856.0,3.35,7.338444687842278
2015-05-28,15:00,sz000977,浪潮信息,48.6,49.59,44.1,44.1,520655,2454974464.0,-4.9,-10.0
2015-05-29,15:00,sz000977,浪潮信息,43.1,45.68,39.98,44.1,463509,2021962240.0,0.0,0.0
2015-06-01,15:00,sz000977,浪潮信息,44.7,46.47,44.05,46.02,335182,1525049472.0,1.92,4.353741496598639
2015-06-02,15:00,sz000977,浪潮信息,46.04,47.86,45.4,47.75,398843,1855172352.0,1.73,3.7592351151673182
2015-06-03,15:00,sz000977,浪潮信息,47.93,48.16,45.4,46.12,347646,1617021312.0,-1.63,-3.413612565445026
2015-06-04,15:00,sz000977,浪潮信息,46.14,46.79,41.8,44.38,344991,1522424320.0,-1.74,-3.772766695576756
2015-06-05,15:00,sz000977,浪潮信息,44.8,46.08,43.87,44.41,286798,1286802944.0,0.03,0.067598017124831
2015-06-08,15:00,sz000977,浪潮信息,44.79,44.79,41.77,42.61,302478,1294904192.0,-1.8,-4.053141184417924
2015-06-09,15:00,sz000977,浪潮信息,43.0,43.98,42.6,43.25,206194,893762944.0,0.64,1.5019948368927485
2015-06-10,15:00,sz000977,浪潮信息,43.85,46.0,43.19,45.2,351742,1584252672.0,1.95,4.508670520231214
2015-06-11,15:00,sz000977,浪潮信息,45.25,45.42,44.0,44.36,212679,945605120.0,-0.84,-1.8584070796460177
2015-06-12,15:00,sz000977,浪潮信息,44.21,44.99,43.71,44.76,251256,1115875712.0,0.4,0.9017132551848512
2015-06-15,15:00,sz000977,浪潮信息,44.8,44.96,42.31,42.54,275963,1194615552.0,-2.22,-4.959785522788204
2015-06-16,15:00,sz000977,浪潮信息,41.8,41.8,39.2,39.66,270697,1094302720.0,-2.88,-6.770098730606488
2015-06-17,15:00,sz000977,浪潮信息,39.5,41.16,39.19,40.95,180732,725952192.0,1.29,3.252647503782148
2015-06-18,15:00,sz000977,浪潮信息,41.0,41.23,37.9,38.2,219688,866856704.0,-2.75,-6.715506715506716
2015-06-19,15:00,sz000977,浪潮信息,37.36,37.5,34.38,34.38,252073,898387200.0,-3.82,-10.0
2015-06-23,15:00,sz000977,浪潮信息,34.07,35.34,31.06,34.9,222497,754739968.0,0.52,1.512507271669575
2015-06-24,15:00,sz000977,浪潮信息,36.0,36.89,35.15,36.08,250943,906287680.0,1.18,3.3810888252149
2015-06-25,15:00,sz000977,浪潮信息,36.8,36.95,33.33,34.13,229387,818984960.0,-1.95,-5.404656319290465
2015-06-26,15:00,sz000977,浪潮信息,32.99,33.0,30.72,30.72,255566,802634816.0,-3.41,-9.991210079109289
2015-06-29,15:00,sz000977,浪潮信息,31.31,32.0,27.65,27.65,294076,842390912.0,-3.07,-9.993489583333332
2015-06-30,15:00,sz000977,浪潮信息,26.0,30.15,24.89,29.55,411466,1108838400.0,1.9,6.871609403254973
2015-07-01,15:00,sz000977,浪潮信息,28.9,31.38,27.0,27.93,352232,1053050880.0,-1.62,-5.482233502538072
2015-07-02,15:00,sz000977,浪潮信息,29.1,29.1,25.58,26.3,362373,1006531392.0,-1.63,-5.836018617973505
2015-07-03,15:00,sz000977,浪潮信息,24.43,27.7,23.67,23.79,387941,964664384.0,-2.51,-9.543726235741444
2015-07-06,15:00,sz000977,浪潮信息,26.17,26.17,21.41,22.0,501192,1180635776.0,-1.79,-7.524169819251786
2015-07-07,15:00,sz000977,浪潮信息,20.59,21.5,19.8,19.8,223409,450168736.0,-2.2,-10.0
2015-07-13,15:00,sz000977,浪潮信息,21.78,21.78,21.78,21.78,14835,32311916.0,1.98,10.0
2015-07-14,15:00,sz000977,浪潮信息,23.96,23.96,23.96,23.96,11850,28394756.0,2.18,10.009182736455465
2015-07-15,15:00,sz000977,浪潮信息,26.36,26.36,24.07,24.6,987224,2530593792.0,0.64,2.671118530884808
2015-07-16,15:00,sz000977,浪潮信息,23.05,26.43,22.3,26.03,593062,1484467200.0,1.43,5.8130081300813
2015-07-17,15:00,sz000977,浪潮信息,26.35,28.63,26.05,28.63,552841,1534831104.0,2.6,9.988474836726851
2015-07-20,15:00,sz000977,浪潮信息,29.05,30.95,28.88,30.1,620606,1854232448.0,1.47,5.134474327628362
2015-07-21,15:00,sz000977,浪潮信息,29.07,30.87,28.88,29.92,437633,1310702592.0,-0.18,-0.5980066445182725
2015-07-22,15:00,sz000977,浪潮信息,29.96,31.25,29.51,30.43,434612,1320186112.0,0.51,1.7045454545454544
2015-07-23,15:00,sz000977,浪潮信息,30.47,32.47,30.0,31.76,451855,1400987008.0,1.33,4.370686822214919
2015-07-24,15:00,sz000977,浪潮信息,31.88,33.38,30.5,31.25,514992,1665255296.0,-0.51,-1.605793450881612
2015-07-27,15:00,sz000977,浪潮信息,30.64,32.86,28.13,28.13,617406,1916949760.0,-3.12,-9.984
2015-07-28,15:00,sz000977,浪潮信息,26.1,29.7,25.77,28.12,559164,1539361920.0,-0.01,-0.0355492356914326
2015-07-29,15:00,sz000977,浪潮信息,28.8,30.06,26.8,30.06,441084,1249477760.0,1.94,6.89900426742532
2015-07-30,15:00,sz000977,浪潮信息,29.7,32.28,29.29,30.0,571870,1764286208.0,-0.06,-0.1996007984031935
2015-07-31,15:00,sz000977,浪潮信息,29.1,29.92,27.5,28.38,350125,1016660032.0,-1.62,-5.4
2015-08-03,15:00,sz000977,浪潮信息,27.89,27.89,25.54,25.54,378526,998704960.0,-2.84,-10.007047216349545
2015-08-04,15:00,sz000977,浪潮信息,25.9,28.09,25.52,28.09,371709,998051840.0,2.55,9.984338292873923
2015-08-05,15:00,sz000977,浪潮信息,28.03,29.0,27.33,27.98,389996,1101497344.0,-0.11,-0.3915984336062656
2015-08-06,15:00,sz000977,浪潮信息,27.0,30.0,26.67,29.03,411130,1182129920.0,1.05,3.752680486061472
2015-08-07,15:00,sz000977,浪潮信息,29.13,30.88,29.13,30.8,488430,1474144128.0,1.77,6.09714088873579
2015-08-10,15:00,sz000977,浪潮信息,31.29,32.53,30.51,32.14,499584,1577963008.0,1.34,4.350649350649351
2015-08-11,15:00,sz000977,浪潮信息,31.8,32.4,31.0,31.3,440784,1393307904.0,-0.84,-2.613565650280025
2015-08-12,15:00,sz000977,浪潮信息,30.86,31.81,30.0,30.1,295467,915453440.0,-1.2,-3.8338658146964857
2015-08-13,15:00,sz000977,浪潮信息,29.83,31.28,29.05,31.28,347497,1051182464.0,1.18,3.920265780730898
2015-08-14,15:00,sz000977,浪潮信息,31.51,33.44,31.28,32.65,536610,1750893696.0,1.37,4.379795396419437
2015-08-17,15:00,sz000977,浪潮信息,32.5,34.32,32.21,33.94,513032,1715531776.0,1.29,3.950995405819296
2015-08-18,15:00,sz000977,浪潮信息,33.6,34.5,30.55,30.55,474574,1548177280.0,-3.39,-9.98821449616971
2015-08-19,15:00,sz000977,浪潮信息,29.5,32.58,28.0,32.5,427058,1302094976.0,1.95,6.382978723404255
2015-08-20,15:00,sz000977,浪潮信息,32.0,34.4,31.21,31.87,603743,1989632256.0,-0.63,-1.9384615384615385
2015-08-21,15:00,sz000977,浪潮信息,30.8,31.45,28.68,28.68,521211,1550115712.0,-3.19,-10.009413241292751
2015-08-24,15:00,sz000977,浪潮信息,26.12,28.0,25.81,25.81,249081,647589504.0,-2.87,-10.00697350069735
2015-08-25,15:00,sz000977,浪潮信息,23.23,24.04,23.23,23.23,284449,662730368.0,-2.58,-9.99612553273925
2015-08-26,15:00,sz000977,浪潮信息,23.0,23.78,20.91,20.91,587972,1290237696.0,-2.32,-9.987085665088248
2015-08-27,15:00,sz000977,浪潮信息,21.8,21.91,19.2,21.38,471160,981397888.0,0.47,2.2477283596365374
2015-08-28,15:00,sz000977,浪潮信息,22.46,23.52,21.6,23.52,498358,1119781760.0,2.14,10.009354536950422
2015-08-31,15:00,sz000977,浪潮信息,23.18,23.35,21.68,21.75,393928,891222144.0,-1.77,-7.525510204081633
2015-09-01,15:00,sz000977,浪潮信息,21.15,21.5,19.58,19.58,385497,770703360.0,-2.17,-9.977011494252872
2015-09-02,15:00,sz000977,浪潮信息,17.63,20.1,17.62,17.62,477463,872351488.0,-1.96,-10.010214504596528
2015-09-07,15:00,sz000977,浪潮信息,18.2,19.38,18.2,18.7,424095,798791168.0,1.08,6.129398410896708
2015-09-08,15:00,sz000977,浪潮信息,18.24,20.35,18.1,20.35,349402,670794048.0,1.65,8.823529411764707
2015-09-09,15:00,sz000977,浪潮信息,20.39,22.39,20.35,22.39,531971,1148423296.0,2.04,10.024570024570025
2015-09-10,15:00,sz000977,浪潮信息,21.9,22.76,21.7,22.0,433331,965480512.0,-0.39,-1.7418490397498885
2015-09-11,15:00,sz000977,浪潮信息,23.04,24.2,23.04,24.2,177315,426446880.0,2.2,10.0
2015-09-14,15:00,sz000977,浪潮信息,26.5,26.5,21.9,22.2,888948,2181285376.0,-2.0,-8.264462809917356
2015-09-15,15:00,sz000977,浪潮信息,20.95,23.31,20.78,22.16,637708,1421336960.0,-0.04,-0.1801801801801801
2015-09-16,15:00,sz000977,浪潮信息,22.5,24.38,22.05,24.38,729152,1722222208.0,2.22,10.018050541516246
2015-09-17,15:00,sz000977,浪潮信息,25.01,26.82,24.57,26.2,882883,2314868480.0,1.82,7.465135356849877
2015-09-18,15:00,sz000977,浪潮信息,26.85,26.88,24.9,26.22,797176,2070233088.0,0.02,0.0763358778625954
2015-09-21,15:00,sz000977,浪潮信息,25.33,27.24,25.2,27.24,761089,1990248064.0,1.02,3.8901601830663615
2015-09-22,15:00,sz000977,浪潮信息,26.98,27.17,25.8,26.25,615584,1633696640.0,-0.99,-3.634361233480176
2015-09-23,15:00,sz000977,浪潮信息,26.5,28.78,26.31,27.74,793034,2203624192.0,1.49,5.6761904761904765
2015-09-24,15:00,sz000977,浪潮信息,27.2,28.19,26.6,27.19,726368,1977650816.0,-0.55,-1.9826964671953855
2015-09-25,15:00,sz000977,浪潮信息,27.0,27.0,24.47,24.74,652258,1674880128.0,-2.45,-9.010665685913938
2015-09-28,15:00,sz000977,浪潮信息,24.99,26.84,24.91,26.62,513088,1329584512.0,1.88,7.599029911075182
2015-09-29,15:00,sz000977,浪潮信息,25.62,26.15,24.77,25.14,392111,999892864.0,-1.48,-5.559729526671676
2015-09-30,15:00,sz000977,浪潮信息,25.51,25.69,24.82,25.25,250988,635522496.0,0.11,0.4375497215592681
2015-10-08,15:00,sz000977,浪潮信息,26.56,27.5,26.07,26.98,472752,1267009664.0,1.73,6.851485148514852
2015-10-09,15:00,sz000977,浪潮信息,26.98,27.68,26.71,27.28,441143,1200173056.0,0.3,1.1119347664936992
2015-10-12,15:00,sz000977,浪潮信息,27.63,29.29,27.3,28.38,544026,1540287872.0,1.1,4.032258064516129
2015-10-13,15:00,sz000977,浪潮信息,28.7,29.8,28.3,28.74,528109,1533169408.0,0.36,1.2684989429175475
2015-10-14,15:00,sz000977,浪潮信息,28.4,28.44,27.34,27.63,490086,1365811840.0,-1.11,-3.862212943632568
2015-10-15,15:00,sz000977,浪潮信息,27.69,29.18,27.69,29.06,509724,1458323712.0,1.43,5.175533840028955
2015-10-16,15:00,sz000977,浪潮信息,29.34,29.38,28.01,28.89,507519,1456342272.0,-0.17,-0.5849965588437714
2015-10-19,15:00,sz000977,浪潮信息,28.5,28.77,27.7,28.1,417565,1174356864.0,-0.79,-2.734510211145725
2015-10-20,15:00,sz000977,浪潮信息,28.1,29.58,28.1,29.26,547788,1585037696.0,1.16,4.128113879003559
2015-10-21,15:00,sz000977,浪潮信息,28.92,29.15,26.33,26.33,591301,1636201344.0,-2.93,-10.013670539986329
2015-10-22,15:00,sz000977,浪潮信息,26.09,27.35,26.0,27.12,338976,906367552.0,0.79,3.000379794910748
2015-10-23,15:00,sz000977,浪潮信息,27.38,28.0,26.58,27.95,422252,1153949312.0,0.83,3.06047197640118
2015-10-26,15:00,sz000977,浪潮信息,28.55,30.75,27.89,30.65,965027,2874882048.0,2.7,9.66010733452594
2015-10-27,15:00,sz000977,浪潮信息,29.65,30.53,28.5,30.2,649130,1921171328.0,-0.45,-1.468189233278956
2015-10-28,15:00,sz000977,浪潮信息,29.77,30.45,28.71,29.13,408402,1211043712.0,-1.07,-3.543046357615894
2015-10-29,15:00,sz000977,浪潮信息,29.67,30.28,28.82,29.33,393926,1164150912.0,0.2,0.6865774116031582
2015-10-30,15:00,sz000977,浪潮信息,29.75,30.8,28.83,29.87,563191,1686099968.0,0.54,1.8411183088987384
2015-11-02,15:00,sz000977,浪潮信息,28.88,31.2,28.6,29.3,523841,1578034688.0,-0.57,-1.90826916638768
2015-11-03,15:00,sz000977,浪潮信息,29.43,30.4,29.07,29.8,412481,1230229120.0,0.5,1.706484641638225
2015-11-04,15:00,sz000977,浪潮信息,30.47,31.99,30.13,31.65,691880,2144979072.0,1.85,6.208053691275168
2015-11-05,15:00,sz000977,浪潮信息,31.35,31.59,30.45,30.92,582325,1807373440.0,-0.73,-2.306477093206951
2015-11-06,15:00,sz000977,浪潮信息,31.3,32.3,31.0,31.32,502864,1589975168.0,0.4,1.29366106080207
2015-11-09,15:00,sz000977,浪潮信息,30.76,32.29,30.0,31.63,551570,1724144000.0,0.31,0.9897828863346104
2015-11-10,15:00,sz000977,浪潮信息,31.3,32.5,31.0,31.3,423920,1344800896.0,-0.33,-1.0433133101485932
2015-11-11,15:00,sz000977,浪潮信息,30.98,32.5,30.81,32.5,478559,1521196544.0,1.2,3.8338658146964857
2015-11-12,15:00,sz000977,浪潮信息,32.95,33.87,32.28,33.0,615781,2038780416.0,0.5,1.5384615384615383
2015-11-13,15:00,sz000977,浪潮信息,32.33,32.9,31.0,31.56,394632,1263422080.0,-1.44,-4.363636363636364
2015-11-16,15:00,sz000977,浪潮信息,30.8,32.1,30.58,31.96,276665,871953280.0,0.4,1.2674271229404308
2015-11-17,15:00,sz000977,浪潮信息,32.34,32.78,31.01,31.1,348620,1110319232.0,-0.86,-2.690863579474343
2015-11-18,15:00,sz000977,浪潮信息,31.18,31.7,30.0,30.22,228631,707776000.0,-0.88,-2.829581993569132
2015-11-19,15:00,sz000977,浪潮信息,30.65,31.2,30.21,31.12,221798,681602624.0,0.9,2.9781601588352085
2015-11-20,15:00,sz000977,浪潮信息,31.14,32.22,30.82,31.77,344952,1089451904.0,0.65,2.0886889460154245
2015-11-23,15:00,sz000977,浪潮信息,31.75,31.87,30.33,30.45,289659,899736704.0,-1.32,-4.1548630783758265
2015-11-24,15:00,sz000977,浪潮信息,30.21,31.45,30.01,30.98,197933,607618624.0,0.53,1.7405582922824303
2015-11-25,15:00,sz000977,浪潮信息,30.73,31.6,30.7,31.55,255573,798095936.0,0.57,1.8398967075532604
2015-11-26,15:00,sz000977,浪潮信息,31.86,31.93,30.68,30.73,279851,877833664.0,-0.82,-2.5990491283676707
2015-11-27,15:00,sz000977,浪潮信息,30.45,30.7,27.91,28.43,328270,968267136.0,-2.3,-7.484542792059877
2015-11-30,15:00,sz000977,浪潮信息,28.63,28.86,26.6,28.08,270926,753901952.0,-0.35,-1.2310939148786493
2015-12-01,15:00,sz000977,浪潮信息,27.77,28.56,27.64,28.12,172683,485613024.0,0.04,0.1424501424501424
2015-12-02,15:00,sz000977,浪潮信息,28.17,28.28,26.81,27.91,154773,428965824.0,-0.21,-0.7467994310099573
2015-12-03,15:00,sz000977,浪潮信息,28.12,28.96,28.0,28.87,164188,469508160.0,0.96,3.4396273737011827
2015-12-04,15:00,sz000977,浪潮信息,28.89,29.31,28.59,28.66,177789,514680448.0,-0.21,-0.7273986837547627
2015-12-07,15:00,sz000977,浪潮信息,28.9,30.18,28.5,29.54,250022,737928960.0,0.88,3.070481507327285
2015-12-08,15:00,sz000977,浪潮信息,29.04,29.53,28.51,28.88,194197,562793536.0,-0.66,-2.2342586323628977
2015-12-09,15:00,sz000977,浪潮信息,28.91,30.31,28.61,29.83,333800,997171008.0,0.95,3.289473684210526
2015-12-10,15:00,sz000977,浪潮信息,30.15,31.8,29.91,31.27,526829,1635353984.0,1.44,4.827355011733155
2015-12-11,15:00,sz000977,浪潮信息,30.8,31.1,29.77,29.88,297956,902230976.0,-1.39,-4.44515510073553
2015-12-14,15:00,sz000977,浪潮信息,29.8,30.3,29.42,30.3,181837,543139008.0,0.42,1.4056224899598393
2015-12-15,15:00,sz000977,浪潮信息,30.45,31.69,30.32,30.88,330103,1027485184.0,0.58,1.914191419141914
2015-12-16,15:00,sz000977,浪潮信息,31.05,31.26,29.95,30.06,260884,792341568.0,-0.82,-2.655440414507772
2015-12-17,15:00,sz000977,浪潮信息,30.47,30.94,30.17,30.74,256689,785260224.0,0.68,2.262142381902861
2015-12-18,15:00,sz000977,浪潮信息,30.88,30.88,29.79,29.89,242733,731984384.0,-0.85,-2.7651268705270007
2015-12-21,15:00,sz000977,浪潮信息,30.1,31.2,29.89,30.38,216567,661956032.0,0.49,1.639344262295082
2015-12-22,15:00,sz000977,浪潮信息,30.1,33.42,30.0,33.42,601650,1927086848.0,3.04,10.00658327847268
2015-12-23,15:00,sz000977,浪潮信息,34.45,36.76,33.61,35.5,1063568,3724307456.0,2.08,6.2238180730101735
2015-12-24,15:00,sz000977,浪潮信息,35.04,36.6,33.91,35.0,618004,2168119040.0,-0.5,-1.4084507042253522
2015-12-25,15:00,sz000977,浪潮信息,34.7,35.28,33.5,33.85,446113,1530789632.0,-1.15,-3.2857142857142856
2015-12-28,15:00,sz000977,浪潮信息,33.85,35.03,33.42,33.45,454573,1554409472.0,-0.4,-1.1816838995568686
2015-12-29,15:00,sz000977,浪潮信息,33.54,33.83,31.75,32.95,345180,1123901440.0,-0.5,-1.4947683109118086
2015-12-30,15:00,sz000977,浪潮信息,32.85,33.79,32.8,33.13,302013,1006124096.0,0.18,0.5462822458270106
2015-12-31,15:00,sz000977,浪潮信息,33.14,33.15,31.5,31.71,284962,915458688.0,-1.42,-4.286145487473589
2016-01-04,15:00,sz000977,浪潮信息,31.71,32.1,28.54,28.54,236601,705745984.0,-3.17,-9.99684642068748
2016-01-05,15:00,sz000977,浪潮信息,26.3,28.47,25.8,26.93,364535,988991232.0,-1.61,-5.6412053258584445
2016-01-06,15:00,sz000977,浪潮信息,27.25,28.2,27.01,27.75,274569,762109568.0,0.82,3.044931303379131
2016-01-07,15:00,sz000977,浪潮信息,27.0,27.07,24.98,24.98,82058,210521536.0,-2.77,-9.98198198198198
2016-01-08,15:00,sz000977,浪潮信息,25.6,26.17,23.15,25.3,270429,680580480.0,0.32,1.281024819855885
2016-01-11,15:00,sz000977,浪潮信息,25.23,27.21,24.0,24.6,418460,1078031744.0,-0.7,-2.766798418972332
2016-01-12,15:00,sz000977,浪潮信息,25.0,26.16,24.21,25.75,305640,774214656.0,1.15,4.67479674796748
2016-01-13,15:00,sz000977,浪潮信息,26.07,26.3,23.75,24.15,283340,712235968.0,-1.6,-6.213592233009709
2016-01-14,15:00,sz000977,浪潮信息,23.0,25.6,22.5,25.41,269244,655283648.0,1.26,5.217391304347826
2016-01-15,15:00,sz000977,浪潮信息,24.7,25.36,23.5,23.75,237782,580502912.0,-1.66,-6.532861078315625
2016-01-18,15:00,sz000977,浪潮信息,23.15,24.65,23.08,24.13,196766,474803232.0,0.38,1.6
2016-01-19,15:00,sz000977,浪潮信息,24.14,25.46,24.03,25.19,233385,577606336.0,1.06,4.3928719436386245
2016-01-20,15:00,sz000977,浪潮信息,24.94,25.18,24.31,24.43,233430,577755264.0,-0.76,-3.017070265978563
2016-01-21,15:00,sz000977,浪潮信息,24.03,24.78,23.02,23.02,192877,463121504.0,-1.41,-5.771592304543594
2016-01-22,15:00,sz000977,浪潮信息,23.48,23.66,22.38,23.17,165527,381097216.0,0.15,0.6516072980017376
2016-01-25,15:00,sz000977,浪潮信息,23.45,23.71,23.08,23.35,130254,305037952.0,0.18,0.7768666378938283
2016-01-26,15:00,sz000977,浪潮信息,23.19,23.27,21.02,21.02,226419,498817728.0,-2.33,-9.978586723768736
2016-01-27,15:00,sz000977,浪潮信息,21.55,21.57,19.38,20.7,212611,433513248.0,-0.32,-1.5223596574690772
2016-01-28,15:00,sz000977,浪潮信息,20.18,21.18,19.67,19.82,196569,401171072.0,-0.88,-4.251207729468599
2016-01-29,15:00,sz000977,浪潮信息,20.0,21.2,19.81,20.83,170651,350497056.0,1.01,5.095862764883956
2016-02-01,15:00,sz000977,浪潮信息,20.68,21.29,20.2,20.66,149924,312874016.0,-0.17,-0.8161305808929429
2016-02-02,15:00,sz000977,浪潮信息,20.8,22.1,20.75,21.78,186285,403161888.0,1.12,5.421103581800581
2016-02-03,15:00,sz000977,浪潮信息,21.42,21.75,21.0,21.62,152055,324540320.0,-0.16,-0.7346189164370982
2016-02-04,15:00,sz000977,浪潮信息,21.66,22.58,21.66,22.09,183101,405576992.0,0.47,2.1739130434782608
2016-02-05,15:00,sz000977,浪潮信息,22.1,22.25,21.75,21.79,130040,285844352.0,-0.3,-1.3580805794477138
2016-02-15,15:00,sz000977,浪潮信息,20.57,21.56,20.51,21.32,113291,238602816.0,-0.47,-2.156952730610372
2016-02-16,15:00,sz000977,浪潮信息,21.65,22.87,21.65,22.8,233472,524910144.0,1.48,6.941838649155723
2016-02-17,15:00,sz000977,浪潮信息,22.75,23.13,22.4,22.94,223218,508994208.0,0.14,0.6140350877192983
2016-02-18,15:00,sz000977,浪潮信息,23.15,23.3,22.53,22.57,164507,374649536.0,-0.37,-1.6129032258064515
2016-02-19,15:00,sz000977,浪潮信息,22.41,23.24,22.4,22.96,193450,442960096.0,0.39,1.7279574656623835
2016-02-22,15:00,sz000977,浪潮信息,23.32,23.53,22.9,23.37,208987,485107840.0,0.41,1.7857142857142856
2016-02-23,15:00,sz000977,浪潮信息,23.36,23.58,22.61,22.98,168333,389566112.0,-0.39,-1.668806161745828
2016-02-24,15:00,sz000977,浪潮信息,22.77,23.18,22.32,22.9,150819,343048320.0,-0.08,-0.3481288076588337
2016-02-25,15:00,sz000977,浪潮信息,22.9,23.23,20.61,20.85,288475,637835008.0,-2.05,-8.951965065502183
2016-02-26,15:00,sz000977,浪潮信息,21.2,21.5,20.35,20.95,151933,319727040.0,0.1,0.4796163069544364
2016-02-29,15:00,sz000977,浪潮信息,21.19,21.19,18.99,19.4,208977,410755616.0,-1.55,-7.398568019093078
2016-03-01,15:00,sz000977,浪潮信息,19.4,20.08,18.61,19.8,202676,393487008.0,0.4,2.061855670103093
2016-03-02,15:00,sz000977,浪潮信息,19.68,20.87,19.58,20.66,209030,422983840.0,0.86,4.343434343434343
2016-03-03,15:00,sz000977,浪潮信息,20.68,22.26,20.51,21.23,296976,638950080.0,0.57,2.7589545014520813
2016-03-04,15:00,sz000977,浪潮信息,20.8,21.0,20.01,20.27,221354,454612448.0,-0.96,-4.521902967498822
2016-03-07,15:00,sz000977,浪潮信息,20.8,21.3,20.51,20.7,118922,248313632.0,0.43,2.1213616181549084
2016-03-08,15:00,sz000977,浪潮信息,20.63,20.83,19.51,20.77,133505,270183168.0,0.07,0.3381642512077294
2016-03-09,15:00,sz000977,浪潮信息,20.09,20.9,20.05,20.36,107208,220374224.0,-0.41,-1.974000962927299
2016-03-10,15:00,sz000977,浪潮信息,20.58,20.67,19.87,19.95,100148,202432992.0,-0.41,-2.013752455795678
2016-03-11,15:00,sz000977,浪潮信息,19.95,20.37,19.78,20.09,85620,172327888.0,0.14,0.7017543859649122
2016-03-14,15:00,sz000977,浪潮信息,20.6,21.58,20.32,21.2,246806,523080736.0,1.11,5.525136884021902
2016-03-15,15:00,sz000977,浪潮信息,21.19,21.21,20.65,20.8,141277,295746400.0,-0.4,-1.8867924528301887
2016-03-16,15:00,sz000977,浪潮信息,21.11,21.24,20.25,20.35,134398,277639840.0,-0.45,-2.1634615384615383
2016-03-17,15:00,sz000977,浪潮信息,20.44,21.47,20.4,21.43,253909,536009216.0,1.08,5.307125307125308
2016-03-18,15:00,sz000977,浪潮信息,21.62,22.96,21.45,22.46,341976,763260672.0,1.03,4.806346243583761
2016-03-21,15:00,sz000977,浪潮信息,22.85,22.92,22.45,22.81,319141,724336192.0,0.35,1.5583259127337488
2016-03-22,15:00,sz000977,浪潮信息,22.58,23.29,22.38,22.82,259419,593580096.0,0.01,0.0438404208680403
2016-03-23,15:00,sz000977,浪潮信息,22.7,23.36,22.52,23.12,236750,544132416.0,0.3,1.3146362839614372
2016-03-24,15:00,sz000977,浪潮信息,22.97,23.8,22.68,23.0,335615,780696000.0,-0.12,-0.5190311418685121
2016-03-25,15:00,sz000977,浪潮信息,22.81,23.23,22.45,22.88,204459,466156800.0,-0.12,-0.5217391304347827
2016-03-28,15:00,sz000977,浪潮信息,23.18,25.1,23.12,23.75,489475,1175849856.0,0.87,3.802447552447553
2016-03-29,15:00,sz000977,浪潮信息,23.68,24.84,23.41,24.7,523049,1265333632.0,0.95,4.0
2016-03-30,15:00,sz000977,浪潮信息,24.2,25.6,23.99,25.49,576961,1432330880.0,0.79,3.19838056680162
2016-03-31,15:00,sz000977,浪潮信息,25.77,26.17,24.89,25.59,453229,1156168960.0,0.1,0.3923107100823852
2016-04-01,15:00,sz000977,浪潮信息,25.53,25.67,24.93,25.32,244981,619013120.0,-0.27,-1.0550996483001172
2016-04-05,15:00,sz000977,浪潮信息,25.29,25.71,24.6,25.47,384015,970468224.0,0.15,0.5924170616113744
2016-04-06,15:00,sz000977,浪潮信息,25.15,25.4,24.59,25.0,290816,728068864.0,-0.47,-1.845308205732234
2016-04-07,15:00,sz000977,浪潮信息,25.01,25.34,24.38,24.4,215341,535819936.0,-0.6,-2.4
2016-04-08,15:00,sz000977,浪潮信息,24.14,24.21,23.26,23.66,256176,606492928.0,-0.74,-3.0327868852459017
2016-04-11,15:00,sz000977,浪潮信息,23.91,24.58,23.91,24.16,187400,454950336.0,0.5,2.113271344040575
2016-04-12,15:00,sz000977,浪潮信息,25.94,26.58,25.26,26.58,382907,1004289600.0,2.42,10.016556291390728
2016-04-13,15:00,sz000977,浪潮信息,27.0,27.25,26.2,26.46,798210,2132316928.0,-0.12,-0.4514672686230248
2016-04-14,15:00,sz000977,浪潮信息,26.25,26.65,25.8,26.18,331455,864568896.0,-0.28,-1.058201058201058
2016-04-15,15:00,sz000977,浪潮信息,26.47,26.47,25.73,25.95,259930,676136576.0,-0.23,-0.878533231474408
2016-04-18,15:00,sz000977,浪潮信息,25.66,25.68,24.49,25.2,276711,694713280.0,-0.75,-2.8901734104046244
2016-04-19,15:00,sz000977,浪潮信息,25.31,25.5,24.9,25.35,210406,530513024.0,0.15,0.5952380952380952
2016-04-20,15:00,sz000977,浪潮信息,25.75,26.35,23.5,24.37,450897,1136027136.0,-0.98,-3.8658777120315584
2016-04-21,15:00,sz000977,浪潮信息,24.11,24.47,23.67,23.67,213619,513781184.0,-0.7,-2.872384078785392
2016-04-22,15:00,sz000977,浪潮信息,23.5,24.06,23.28,24.06,160048,379904000.0,0.39,1.6476552598225602
2016-04-25,15:00,sz000977,浪潮信息,24.0,24.0,23.3,23.61,149145,352535552.0,-0.45,-1.8703241895261848
2016-04-26,15:00,sz000977,浪潮信息,23.71,24.2,23.64,24.2,164930,394625472.0,0.59,2.498941126641254
2016-04-27,15:00,sz000977,浪潮信息,24.27,24.32,23.55,23.75,189720,454030048.0,-0.45,-1.859504132231405
2016-04-28,15:00,sz000977,浪潮信息,23.83,23.94,22.82,23.37,219773,511765632.0,-0.38,-1.6
2016-04-29,15:00,sz000977,浪潮信息,23.05,23.44,23.03,23.06,146954,340977056.0,-0.31,-1.326486949080017
2016-05-03,15:00,sz000977,浪潮信息,23.37,24.2,23.11,24.16,252842,602452672.0,1.1,4.770164787510842
2016-05-04,15:00,sz000977,浪潮信息,24.13,24.3,23.9,24.04,186230,448070208.0,-0.12,-0.4966887417218543
2016-05-05,15:00,sz000977,浪潮信息,23.97,24.19,23.84,24.13,130054,312755104.0,0.09,0.3743760399334442
2016-05-06,15:00,sz000977,浪潮信息,24.15,24.33,23.0,23.0,240551,564928128.0,-1.13,-4.682967260671363
2016-05-09,15:00,sz000977,浪潮信息,22.81,22.81,21.4,21.64,223691,492303136.0,-1.36,-5.913043478260869
2016-05-10,15:00,sz000977,浪潮信息,21.5,21.91,21.39,21.6,110894,240212112.0,-0.04,-0.1848428835489833
2016-05-11,15:00,sz000977,浪潮信息,21.85,21.86,21.29,21.41,87586,189127904.0,-0.19,-0.8796296296296297
2016-05-12,15:00,sz000977,浪潮信息,21.01,21.55,20.67,21.46,127371,269742336.0,0.05,0.2335357309668379
2016-05-13,15:00,sz000977,浪潮信息,21.38,21.77,20.98,21.15,109671,234727376.0,-0.31,-1.444547996272134
2016-05-16,15:00,sz000977,浪潮信息,21.14,21.53,20.82,21.53,124344,263920496.0,0.38,1.7966903073286054
2016-05-17,15:00,sz000977,浪潮信息,21.62,22.15,21.34,21.75,177705,386460224.0,0.22,1.0218300046446818
2016-05-18,15:00,sz000977,浪潮信息,21.45,21.45,20.74,21.13,164439,346003392.0,-0.62,-2.8505747126436782
2016-05-19,15:00,sz000977,浪潮信息,21.15,21.86,21.08,21.24,151238,325089216.0,0.11,0.5205868433506862
2016-05-20,15:00,sz000977,浪潮信息,20.94,21.53,20.78,21.48,110393,234731728.0,0.24,1.1299435028248588
2016-05-23,15:00,sz000977,浪潮信息,21.67,22.35,21.6,21.99,196635,432726816.0,0.51,2.3743016759776534
2016-05-24,15:00,sz000977,浪潮信息,22.08,22.08,21.53,21.71,122577,267038256.0,-0.28,-1.2733060482037288
2016-05-25,15:00,sz000977,浪潮信息,21.93,22.24,21.63,21.78,143634,316019360.0,0.07,0.322432058959005
2016-05-26,15:00,sz000977,浪潮信息,21.73,22.15,21.2,22.14,156010,338551328.0,0.36,1.6528925619834711
2016-05-27,15:00,sz000977,浪潮信息,22.5,23.35,22.5,22.78,316692,728756096.0,0.64,2.890695573622403
2016-05-30,15:00,sz000977,浪潮信息,22.31,22.92,22.13,22.44,181670,409078816.0,-0.34,-1.4925373134328357
2016-05-31,15:00,sz000977,浪潮信息,22.53,23.96,22.53,23.78,351657,823742976.0,1.34,5.971479500891266
2016-06-01,15:00,sz000977,浪潮信息,23.7,23.93,23.52,23.78,276733,656515456.0,0.0,0.0
2016-06-02,15:00,sz000977,浪潮信息,23.79,23.83,23.45,23.71,201647,476231072.0,-0.07,-0.2943650126156434
2016-06-03,15:00,sz000977,浪潮信息,23.74,24.15,23.52,23.81,268550,638921216.0,0.1,0.4217629692113032
2016-06-06,15:00,sz000977,浪潮信息,24.0,24.15,23.31,23.51,169935,402293760.0,-0.3,-1.25997480050399
2016-06-07,15:00,sz000977,浪潮信息,23.49,23.8,23.28,23.53,149123,350844576.0,0.02,0.0850701829008932
2016-06-08,15:00,sz000977,浪潮信息,23.6,23.73,23.28,23.5,159158,374185888.0,-0.03,-0.1274968125796855
2016-06-13,15:00,sz000977,浪潮信息,23.12,23.18,21.5,21.52,287924,646631552.0,-1.98,-8.425531914893616
2016-06-14,15:00,sz000977,浪潮信息,21.52,21.85,21.38,21.56,126742,273445248.0,0.04,0.1858736059479553
2016-06-15,15:00,sz000977,浪潮信息,21.24,22.35,21.2,22.21,170298,375318656.0,0.65,3.0148423005565865
2016-06-16,15:00,sz000977,浪潮信息,22.29,22.43,22.01,22.06,126361,280317600.0,-0.15,-0.675371454299865
2016-06-17,15:00,sz000977,浪潮信息,22.09,22.56,21.95,22.11,122141,271882944.0,0.05,0.2266545784224841
2016-06-20,15:00,sz000977,浪潮信息,22.1,22.65,21.71,22.64,192009,427296928.0,0.53,2.397105382180009
2016-06-21,15:00,sz000977,浪潮信息,23.36,23.49,22.18,22.25,264904,607208192.0,-0.39,-1.722614840989399
2016-06-22,15:00,sz000977,浪潮信息,22.07,22.73,22.0,22.73,146293,327399520.0,0.48,2.157303370786517
2016-06-23,15:00,sz000977,浪潮信息,22.73,23.48,22.47,22.98,218532,501567616.0,0.25,1.0998680158380991
2016-06-24,15:00,sz000977,浪潮信息,22.71,23.0,21.6,22.33,217259,488514144.0,-0.65,-2.8285465622280244
2016-06-27,15:00,sz000977,浪潮信息,22.1,23.75,22.07,23.56,375717,871034112.0,1.23,5.508284818629647
2016-06-28,15:00,sz000977,浪潮信息,23.23,23.75,23.06,23.53,298920,699807104.0,-0.03,-0.1273344651952462
2016-06-29,15:00,sz000977,浪潮信息,23.9,23.9,23.31,23.38,173381,407617024.0,-0.15,-0.6374840628984276
2016-06-30,15:00,sz000977,浪潮信息,23.55,23.9,23.35,23.45,163782,386246272.0,0.07,0.2994011976047904
2016-07-01,15:00,sz000977,浪潮信息,23.58,23.6,23.07,23.13,170305,397256928.0,-0.32,-1.3646055437100213
2016-07-04,15:00,sz000977,浪潮信息,23.05,23.96,22.91,23.82,252198,593950720.0,0.69,2.9831387808041505
2016-07-05,15:00,sz000977,浪潮信息,23.76,23.96,23.55,23.75,219698,522449824.0,-0.07,-0.2938706968933669
2016-07-06,15:00,sz000977,浪潮信息,23.85,24.5,23.78,24.08,355605,860671296.0,0.33,1.3894736842105264
2016-07-07,15:00,sz000977,浪潮信息,24.01,24.1,23.41,23.77,225097,532910912.0,-0.31,-1.287375415282392
2016-07-08,15:00,sz000977,浪潮信息,23.75,23.87,23.41,23.6,158030,373828064.0,-0.17,-0.715187210769878
2016-07-11,15:00,sz000977,浪潮信息,23.7,24.52,23.67,23.97,386443,935943296.0,0.37,1.5677966101694911
2016-07-12,15:00,sz000977,浪潮信息,24.05,24.66,23.63,24.57,360501,873029056.0,0.6,2.503128911138924
2016-07-13,15:00,sz000977,浪潮信息,24.63,24.64,24.27,24.4,243869,595311552.0,-0.17,-0.6919006919006919
2016-07-14,15:00,sz000977,浪潮信息,24.45,24.58,24.3,24.5,185530,453348704.0,0.1,0.4098360655737705
2016-07-15,15:00,sz000977,浪潮信息,24.58,24.58,24.04,24.16,166543,404087072.0,-0.34,-1.3877551020408163
2016-07-18,15:00,sz000977,浪潮信息,23.92,24.09,23.6,23.82,150366,358401984.0,-0.34,-1.4072847682119205
2016-07-19,15:00,sz000977,浪潮信息,23.82,23.97,23.61,23.97,109247,259969888.0,0.15,0.6297229219143577
2016-07-20,15:00,sz000977,浪潮信息,24.04,24.04,23.65,23.75,115077,274245728.0,-0.22,-0.917813934084272
2016-07-21,15:00,sz000977,浪潮信息,23.84,24.46,23.78,24.2,252489,610809664.0,0.45,1.8947368421052635
2016-07-22,15:00,sz000977,浪潮信息,24.23,24.88,23.9,24.75,362014,885238464.0,0.55,2.272727272727273
2016-07-25,15:00,sz000977,浪潮信息,24.7,25.33,24.51,24.83,302898,754810560.0,0.08,0.3232323232323232
2016-07-26,15:00,sz000977,浪潮信息,24.68,25.18,24.66,25.0,217701,541896000.0,0.17,0.684655658477648
2016-07-27,15:00,sz000977,浪潮信息,25.15,25.73,23.64,25.51,669201,1682977920.0,0.51,2.04
2016-07-28,15:00,sz000977,浪潮信息,25.17,26.11,24.85,25.16,496597,1264404096.0,-0.35,-1.3720109760878088
2016-07-29,15:00,sz000977,浪潮信息,25.12,25.16,24.1,24.2,294583,720894144.0,-0.96,-3.815580286168521
2016-08-01,15:00,sz000977,浪潮信息,24.09,24.09,23.18,23.38,190541,447296512.0,-0.82,-3.3884297520661155
2016-08-02,15:00,sz000977,浪潮信息,23.37,23.83,23.37,23.77,115216,272030400.0,0.39,1.6680923866552608
2016-08-03,15:00,sz000977,浪潮信息,23.79,24.15,23.61,23.82,132894,317590240.0,0.05,0.2103491796381994
2016-08-04,15:00,sz000977,浪潮信息,23.74,24.2,23.5,24.02,147176,351189792.0,0.2,0.8396305625524769
2016-08-05,15:00,sz000977,浪潮信息,23.95,24.13,23.62,23.74,120414,287227008.0,-0.28,-1.1656952539550374
2016-08-08,15:00,sz000977,浪潮信息,23.67,24.1,23.5,24.02,110013,262415328.0,0.28,1.1794439764111204
2016-08-09,15:00,sz000977,浪潮信息,24.01,24.23,23.84,24.22,139122,334077920.0,0.2,0.832639467110741
2016-08-10,15:00,sz000977,浪潮信息,24.3,24.59,24.08,24.09,148935,362040928.0,-0.13,-0.5367464905037159
2016-08-11,15:00,sz000977,浪潮信息,24.04,24.04,23.37,23.4,171174,404841728.0,-0.69,-2.86425902864259
2016-08-12,15:00,sz000977,浪潮信息,23.47,23.85,23.3,23.69,109729,258075312.0,0.29,1.2393162393162394
2016-08-15,15:00,sz000977,浪潮信息,23.7,25.25,23.5,25.08,353368,868262592.0,1.39,5.867454622203462
2016-08-16,15:00,sz000977,浪潮信息,24.93,25.03,24.71,24.86,223407,555241024.0,-0.22,-0.8771929824561403
2016-08-17,15:00,sz000977,浪潮信息,24.78,25.49,24.71,25.24,289675,730553472.0,0.38,1.5285599356395816
2016-08-18,15:00,sz000977,浪潮信息,25.24,25.77,24.97,24.98,247631,626911424.0,-0.26,-1.0301109350237718
2016-08-19,15:00,sz000977,浪潮信息,25.0,25.05,24.63,24.86,130187,323247360.0,-0.12,-0.4803843074459567
2016-08-22,15:00,sz000977,浪潮信息,24.79,25.5,24.66,25.06,241007,607843072.0,0.2,0.8045052292839904
2016-08-23,15:00,sz000977,浪潮信息,24.97,25.18,24.65,24.97,159448,396506944.0,-0.09,-0.3591380686352753
2016-08-24,15:00,sz000977,浪潮信息,24.99,25.07,24.6,24.74,128703,318858240.0,-0.23,-0.92110532639167
2016-08-25,15:00,sz000977,浪潮信息,24.7,24.7,24.07,24.5,182164,444215072.0,-0.24,-0.9700889248181084
2016-08-26,15:00,sz000977,浪潮信息,24.55,24.83,24.37,24.55,135663,334271008.0,0.05,0.2040816326530612
2016-08-29,15:00,sz000977,浪潮信息,24.39,24.56,24.05,24.15,160838,389568512.0,-0.4,-1.6293279022403258
2016-08-30,15:00,sz000977,浪潮信息,24.21,25.14,24.21,24.68,250846,620597120.0,0.53,2.1946169772256727
2016-08-31,15:00,sz000977,浪潮信息,24.65,24.81,24.33,24.6,106677,261565040.0,-0.08,-0.3241491085899514
2016-09-01,15:00,sz000977,浪潮信息,24.64,25.15,24.58,24.65,165915,412687584.0,0.05,0.2032520325203252
2016-09-02,15:00,sz000977,浪潮信息,24.51,24.7,24.15,24.4,113579,277595616.0,-0.25,-1.0141987829614605
2016-09-05,15:00,sz000977,浪潮信息,24.51,24.98,24.38,24.45,108284,267265936.0,0.05,0.2049180327868852
2016-09-06,15:00,sz000977,浪潮信息,24.35,24.95,24.24,24.92,152052,375578016.0,0.47,1.9222903885480571
2016-09-07,15:00,sz000977,浪潮信息,25.0,25.4,24.76,25.06,230099,577738944.0,0.14,0.5617977528089888
2016-09-08,15:00,sz000977,浪潮信息,25.2,25.71,25.07,25.4,242644,617430080.0,0.34,1.3567438148443736
2016-09-09,15:00,sz000977,浪潮信息,25.41,26.14,25.21,25.49,327066,840793600.0,0.09,0.3543307086614173
2016-09-12,15:00,sz000977,浪潮信息,24.99,25.14,24.39,24.52,197414,488853440.0,-0.97,-3.805413887799137
2016-09-13,15:00,sz000977,浪潮信息,24.7,24.86,24.42,24.79,108901,268614624.0,0.27,1.101141924959217
2016-09-14,15:00,sz000977,浪潮信息,24.6,25.35,24.4,25.17,191785,478439168.0,0.38,1.5328761597418314
2016-09-19,15:00,sz000977,浪潮信息,25.15,25.29,24.91,25.25,151534,380411744.0,0.08,0.3178386968613428
2016-09-20,15:00,sz000977,浪潮信息,25.26,25.87,25.1,25.4,216447,552851904.0,0.15,0.594059405940594
2016-09-21,15:00,sz000977,浪潮信息,25.32,26.87,25.03,26.33,446191,1162629504.0,0.93,3.661417322834646
2016-09-22,15:00,sz000977,浪潮信息,26.53,26.74,26.2,26.55,301870,798311808.0,0.22,0.8355488036460311
2016-09-23,15:00,sz000977,浪潮信息,26.59,27.78,26.49,27.1,465489,1267272960.0,0.55,2.0715630885122414
2016-09-26,15:00,sz000977,浪潮信息,27.1,27.39,25.92,26.05,354683,941067456.0,-1.05,-3.8745387453874542
2016-09-27,15:00,sz000977,浪潮信息,26.02,26.53,25.85,26.53,246701,645857024.0,0.48,1.8426103646833012
2016-09-28,15:00,sz000977,浪潮信息,26.49,26.49,25.82,25.89,196908,513062720.0,-0.64,-2.412363362231436
2016-09-29,15:00,sz000977,浪潮信息,25.89,26.36,25.83,25.96,145613,380151968.0,0.07,0.2703746620316724
2016-09-30,15:00,sz000977,浪潮信息,25.83,26.45,25.73,26.16,154559,404379744.0,0.2,0.7704160246533128
2016-10-10,15:00,sz000977,浪潮信息,26.68,27.58,26.31,26.96,380404,1024536064.0,0.8,3.058103975535168
2016-10-11,15:00,sz000977,浪潮信息,27.0,27.15,26.71,26.86,205314,552049088.0,-0.1,-0.370919881305638
2016-10-12,15:00,sz000977,浪潮信息,26.7,27.47,26.62,27.15,259789,705658304.0,0.29,1.0796723752792257
2016-10-13,15:00,sz000977,浪潮信息,27.16,27.25,26.21,26.28,307642,821095360.0,-0.87,-3.2044198895027622
2016-10-14,15:00,sz000977,浪潮信息,26.28,26.74,25.57,26.72,308536,806282240.0,0.44,1.67427701674277
2016-10-18,15:00,sz000977,浪潮信息,24.3,25.54,24.3,25.29,555621,1393257856.0,-1.43,-5.3517964071856285
2016-10-19,15:00,sz000977,浪潮信息,25.0,25.18,24.62,24.84,348565,866545408.0,-0.45,-1.7793594306049825
2016-10-20,15:00,sz000977,浪潮信息,24.85,24.94,24.39,24.51,236226,580205504.0,-0.33,-1.328502415458937
2016-10-21,15:00,sz000977,浪潮信息,24.59,24.78,24.41,24.67,184030,452755712.0,0.16,0.6527947776417788
2016-10-24,15:00,sz000977,浪潮信息,24.64,24.85,24.41,24.73,168428,415110112.0,0.06,0.2432103769760843
2016-10-25,15:00,sz000977,浪潮信息,24.75,25.05,24.65,24.78,186965,464287296.0,0.05,0.2021835826930853
2016-10-26,15:00,sz000977,浪潮信息,24.81,25.0,24.7,24.74,147511,366317504.0,-0.04,-0.1614205004035512
2016-10-27,15:00,sz000977,浪潮信息,24.74,24.9,24.08,24.24,234112,571899264.0,-0.5,-2.021018593371059
2016-10-28,15:00,sz000977,浪潮信息,24.21,24.34,23.69,23.8,219585,525808288.0,-0.44,-1.8151815181518156
2016-10-31,15:00,sz000977,浪潮信息,23.7,23.79,23.2,23.38,177124,414618368.0,-0.42,-1.7647058823529411
2016-11-01,15:00,sz000977,浪潮信息,23.49,23.85,23.4,23.71,129999,307854592.0,0.33,1.4114627887082978
2016-11-02,15:00,sz000977,浪潮信息,23.7,24.0,23.51,23.66,139363,331207264.0,-0.05,-0.2108814846056516
2016-11-03,15:00,sz000977,浪潮信息,23.66,23.84,23.42,23.68,149036,352653600.0,0.02,0.0845308537616229
2016-11-04,15:00,sz000977,浪潮信息,23.66,23.84,23.45,23.46,116931,275805088.0,-0.22,-0.929054054054054
2016-11-07,15:00,sz000977,浪潮信息,23.5,23.51,23.23,23.31,115524,269792064.0,-0.15,-0.639386189258312
2016-11-08,15:00,sz000977,浪潮信息,23.46,23.75,23.36,23.63,130866,308304832.0,0.32,1.3728013728013728
2016-11-09,15:00,sz000977,浪潮信息,23.65,24.13,23.44,23.98,281695,671773184.0,0.35,1.4811680067710538
2016-11-10,15:00,sz000977,浪潮信息,24.15,24.18,23.85,24.05,191018,458701472.0,0.07,0.2919099249374479
2016-11-11,15:00,sz000977,浪潮信息,24.03,24.03,23.71,23.91,162581,387395360.0,-0.14,-0.5821205821205822
2016-11-14,15:00,sz000977,浪潮信息,23.93,24.07,23.76,23.99,182134,435404768.0,0.08,0.3345880384776244
2016-11-15,15:00,sz000977,浪潮信息,23.99,24.03,23.8,24.02,117456,280817664.0,0.03,0.1250521050437682
2016-11-16,15:00,sz000977,浪潮信息,23.98,24.18,23.85,23.86,147399,353794176.0,-0.16,-0.6661115736885929
2016-11-17,15:00,sz000977,浪潮信息,23.83,23.83,23.48,23.51,133784,315473504.0,-0.35,-1.4668901927912823
2016-11-18,15:00,sz000977,浪潮信息,23.55,23.71,23.42,23.6,89278,210385568.0,0.09,0.3828158230540195
2016-11-21,15:00,sz000977,浪潮信息,23.57,23.59,23.37,23.46,93811,220197440.0,-0.14,-0.5932203389830508
2016-11-22,15:00,sz000977,浪潮信息,23.49,23.67,23.39,23.65,102378,240808000.0,0.19,0.8098891730605285
2016-11-23,15:00,sz000977,浪潮信息,23.68,23.7,23.36,23.37,135785,318882656.0,-0.28,-1.1839323467230445
2016-11-24,15:00,sz000977,浪潮信息,23.4,23.47,23.16,23.18,119691,278630240.0,-0.19,-0.8130081300813009
2016-11-25,15:00,sz000977,浪潮信息,23.23,23.58,22.88,23.54,172732,403016128.0,0.36,1.553062985332183
2016-11-28,15:00,sz000977,浪潮信息,23.59,23.59,23.32,23.34,105042,245952384.0,-0.2,-0.8496176720475787
2016-11-29,15:00,sz000977,浪潮信息,23.43,23.68,23.34,23.35,133248,313016768.0,0.01,0.0428449014567266
2016-11-30,15:00,sz000977,浪潮信息,23.28,23.5,23.01,23.19,95469,221936992.0,-0.16,-0.6852248394004282
2016-12-01,15:00,sz000977,浪潮信息,23.12,23.25,23.01,23.07,100106,231105872.0,-0.12,-0.517464424320828
2016-12-02,15:00,sz000977,浪潮信息,23.02,23.06,22.37,22.37,195624,443321664.0,-0.7,-3.034243606415258
2016-12-05,15:00,sz000977,浪潮信息,22.12,22.57,22.08,22.24,80762,179901648.0,-0.13,-0.581135449262405
2016-12-06,15:00,sz000977,浪潮信息,22.28,22.5,22.24,22.24,48341,107968408.0,0.0,0.0
2016-12-07,15:00,sz000977,浪潮信息,22.3,22.48,22.25,22.42,63831,142948336.0,0.18,0.8093525179856115
2016-12-08,15:00,sz000977,浪潮信息,22.5,22.75,22.43,22.45,82090,185138016.0,0.03,0.1338090990187332
2016-12-09,15:00,sz000977,浪潮信息,22.4,22.47,22.22,22.37,56012,125112960.0,-0.08,-0.3563474387527839
2016-12-12,15:00,sz000977,浪潮信息,22.37,22.43,21.01,21.08,168813,365670752.0,-1.29,-5.766651765757711
2016-12-13,15:00,sz000977,浪潮信息,21.02,21.34,21.01,21.23,74145,157161648.0,0.15,0.7115749525616698
2016-12-14,15:00,sz000977,浪潮信息,21.27,21.33,21.01,21.1,64876,137219456.0,-0.13,-0.6123410268487989
2016-12-15,15:00,sz000977,浪潮信息,21.04,21.45,21.02,21.21,66812,142096784.0,0.11,0.5213270142180095
2016-12-16,15:00,sz000977,浪潮信息,21.24,21.46,21.16,21.3,59422,126738944.0,0.09,0.4243281471004243
2016-12-19,15:00,sz000977,浪潮信息,21.2,21.36,21.0,21.08,72690,153731200.0,-0.22,-1.0328638497652582
2016-12-20,15:00,sz000977,浪潮信息,21.12,21.16,20.88,20.96,82280,172490016.0,-0.12,-0.5692599620493358
2016-12-21,15:00,sz000977,浪潮信息,20.6,21.1,20.2,21.05,132950,276647264.0,0.09,0.4293893129770992
2016-12-22,15:00,sz000977,浪潮信息,20.97,20.98,20.7,20.81,71939,149650464.0,-0.24,-1.1401425178147269
2016-12-23,15:00,sz000977,浪潮信息,20.8,21.05,20.4,20.89,102830,213311440.0,0.08,0.3844305622296973
2016-12-26,15:00,sz000977,浪潮信息,20.76,21.2,20.52,21.19,104505,219200752.0,0.3,1.4360938247965531
2016-12-27,15:00,sz000977,浪潮信息,21.15,21.21,20.99,21.0,67281,141908576.0,-0.19,-0.8966493629070316
2016-12-28,15:00,sz000977,浪潮信息,21.0,21.1,20.8,20.9,46623,97663240.0,-0.1,-0.4761904761904762
2016-12-29,15:00,sz000977,浪潮信息,21.29,21.88,21.1,21.41,172240,371609632.0,0.51,2.440191387559808
2016-12-30,15:00,sz000977,浪潮信息,21.33,21.63,21.09,21.2,77539,165397824.0,-0.21,-0.9808500700607192
2017-01-03,15:00,sz000977,浪潮信息,21.29,21.44,21.1,21.24,76574,162639264.0,0.04,0.1886792452830188
2017-01-04,15:00,sz000977,浪潮信息,21.28,21.48,21.17,21.48,84953,181508416.0,0.24,1.1299435028248588
2017-01-05,15:00,sz000977,浪潮信息,21.47,21.48,21.34,21.4,51732,110657920.0,-0.08,-0.37243947858473
2017-01-06,15:00,sz000977,浪潮信息,21.39,21.4,20.83,20.85,101825,214110240.0,-0.55,-2.570093457943925
2017-01-09,15:00,sz000977,浪潮信息,20.84,21.04,20.6,20.87,64096,133409880.0,0.02,0.0959232613908872
2017-01-10,15:00,sz000977,浪潮信息,20.87,20.99,20.81,20.83,34962,73029464.0,-0.04,-0.191662673694298
2017-01-11,15:00,sz000977,浪潮信息,20.72,20.93,20.52,20.56,63731,131772968.0,-0.27,-1.2962073931829092
2017-01-12,15:00,sz000977,浪潮信息,20.51,20.63,20.48,20.5,40209,82598640.0,-0.06,-0.2918287937743191
2017-01-13,15:00,sz000977,浪潮信息,20.51,20.58,20.25,20.26,58255,118826112.0,-0.24,-1.170731707317073
2017-01-16,15:00,sz000977,浪潮信息,20.22,20.22,18.64,19.15,120460,234876832.0,-1.11,-5.478775913129319
2017-01-17,15:00,sz000977,浪潮信息,19.2,19.4,18.85,19.31,68012,130316704.0,0.16,0.835509138381201
2017-01-18,15:00,sz000977,浪潮信息,19.27,19.37,19.19,19.22,35297,68089072.0,-0.09,-0.4660797514241326
2017-01-19,15:00,sz000977,浪潮信息,19.19,19.36,19.06,19.26,33514,64601276.0,0.04,0.2081165452653486
2017-01-20,15:00,sz000977,浪潮信息,19.26,19.96,19.22,19.72,68011,134171416.0,0.46,2.388369678089304
2017-01-23,15:00,sz000977,浪潮信息,19.74,19.89,19.7,19.76,41923,82932352.0,0.04,0.2028397565922921
2017-01-24,15:00,sz000977,浪潮信息,19.68,19.78,19.61,19.61,30919,60868572.0,-0.15,-0.7591093117408907
2017-01-25,15:00,sz000977,浪潮信息,19.52,20.03,19.52,19.8,43489,86173248.0,0.19,0.9688934217236104
2017-01-26,15:00,sz000977,浪潮信息,19.82,19.99,19.8,19.82,34874,69277488.0,0.02,0.101010101010101
2017-02-03,15:00,sz000977,浪潮信息,19.84,21.8,19.7,20.85,126709,264046960.0,1.03,5.196770938446014
2017-02-06,15:00,sz000977,浪潮信息,20.83,20.99,20.52,20.93,81293,169322608.0,0.08,0.3836930455635491
2017-02-07,15:00,sz000977,浪潮信息,20.82,21.19,20.74,20.94,81574,170788128.0,0.01,0.0477783086478738
2017-02-08,15:00,sz000977,浪潮信息,20.84,21.12,20.71,21.01,76523,160427872.0,0.07,0.3342884431709647
2017-02-09,15:00,sz000977,浪潮信息,21.2,21.45,21.09,21.1,114917,244520192.0,0.09,0.4283674440742503
2017-02-10,15:00,sz000977,浪潮信息,21.09,21.12,20.73,20.78,76968,160729280.0,-0.32,-1.5165876777251186
2017-02-13,15:00,sz000977,浪潮信息,20.77,21.02,20.73,20.87,57305,119565328.0,0.09,0.4331087584215591
2017-02-14,15:00,sz000977,浪潮信息,20.88,21.4,20.81,21.03,71660,151270640.0,0.16,0.7666506947771922
2017-02-15,15:00,sz000977,浪潮信息,21.15,21.2,20.58,20.66,67671,141206912.0,-0.37,-1.759391345696624
2017-02-16,15:00,sz000977,浪潮信息,20.65,20.79,20.56,20.74,38016,78644984.0,0.08,0.3872216844143272
2017-02-17,15:00,sz000977,浪潮信息,20.78,20.92,20.53,20.58,59944,124128880.0,-0.16,-0.7714561234329798
2017-02-20,15:00,sz000977,浪潮信息,20.57,20.98,20.5,20.82,54801,113611056.0,0.24,1.1661807580174928
2017-02-21,15:00,sz000977,浪潮信息,20.78,21.2,20.77,21.06,106787,224612832.0,0.24,1.1527377521613833
2017-02-22,15:00,sz000977,浪潮信息,21.0,21.06,20.85,20.98,68165,142781888.0,-0.08,-0.3798670465337132
2017-02-23,15:00,sz000977,浪潮信息,20.96,21.2,20.87,21.2,91069,191550112.0,0.22,1.0486177311725453
2017-02-24,15:00,sz000977,浪潮信息,21.31,21.42,21.08,21.28,98038,208377904.0,0.08,0.3773584905660377
2017-02-27,15:00,sz000977,浪潮信息,21.4,21.4,20.81,20.86,88005,185426208.0,-0.42,-1.973684210526316
2017-02-28,15:00,sz000977,浪潮信息,20.86,21.5,20.76,21.18,123425,260671744.0,0.32,1.5340364333652925
2017-03-01,15:00,sz000977,浪潮信息,21.08,21.4,20.96,21.1,88991,187975984.0,-0.08,-0.3777148253068933
2017-03-02,15:00,sz000977,浪潮信息,21.2,21.28,20.92,20.96,66093,139374272.0,-0.14,-0.6635071090047393
2017-03-03,15:00,sz000977,浪潮信息,20.97,20.97,20.7,20.84,56009,116655184.0,-0.12,-0.5725190839694656
2017-03-06,15:00,sz000977,浪潮信息,20.96,21.2,20.8,21.12,89024,187957728.0,0.28,1.343570057581574
2017-03-07,15:00,sz000977,浪潮信息,21.2,21.45,21.09,21.39,138883,295211296.0,0.27,1.278409090909091
2017-03-08,15:00,sz000977,浪潮信息,21.42,21.49,21.08,21.15,95733,203543872.0,-0.24,-1.1220196353436185
2017-03-09,15:00,sz000977,浪潮信息,21.1,21.13,20.9,20.96,55297,116144304.0,-0.19,-0.8983451536643027
2017-03-10,15:00,sz000977,浪潮信息,21.04,21.05,20.77,20.82,51160,106906632.0,-0.14,-0.6679389312977099
2017-03-13,15:00,sz000977,浪潮信息,20.8,21.03,20.71,20.94,59519,124271208.0,0.12,0.5763688760806917
2017-03-14,15:00,sz000977,浪潮信息,20.96,21.12,20.82,20.86,70927,148732736.0,-0.08,-0.382043935052531
2017-03-15,15:00,sz000977,浪潮信息,20.88,21.02,20.78,20.98,69123,144755152.0,0.12,0.5752636625119847
2017-03-16,15:00,sz000977,浪潮信息,21.02,21.22,20.98,21.16,106382,224688096.0,0.18,0.8579599618684461
2017-03-17,15:00,sz000977,浪潮信息,21.13,21.24,20.66,20.66,125566,263340432.0,-0.5,-2.3629489603024574
2017-03-20,15:00,sz000977,浪潮信息,20.67,20.72,20.02,20.13,156216,316203328.0,-0.53,-2.5653436592449177
2017-03-21,15:00,sz000977,浪潮信息,20.12,20.12,19.68,19.7,156204,310379520.0,-0.43,-2.136115250869349
2017-03-22,15:00,sz000977,浪潮信息,19.69,19.96,19.5,19.79,125189,247571552.0,0.09,0.4568527918781726
2017-03-23,15:00,sz000977,浪潮信息,19.8,19.94,19.66,19.81,64057,127005856.0,0.02,0.1010611419909045
2017-03-24,15:00,sz000977,浪潮信息,19.85,19.96,19.72,19.91,57000,113045392.0,0.1,0.5047955577990914
2017-03-27,15:00,sz000977,浪潮信息,19.95,20.05,19.69,19.7,78248,154823232.0,-0.21,-1.054746358613762
2017-03-28,15:00,sz000977,浪潮信息,19.69,19.7,19.46,19.51,80435,157315424.0,-0.19,-0.9644670050761422
2017-03-29,15:00,sz000977,浪潮信息,19.49,19.6,19.12,19.16,97542,189333392.0,-0.35,-1.7939518195797026
2017-03-30,15:00,sz000977,浪潮信息,19.21,19.32,18.81,18.9,96940,184210544.0,-0.26,-1.356993736951983
2017-03-31,15:00,sz000977,浪潮信息,18.91,19.09,18.91,19.0,45461,86406296.0,0.1,0.5291005291005291
2017-04-05,15:00,sz000977,浪潮信息,18.95,19.42,18.93,19.41,77660,149840960.0,0.41,2.1578947368421053
2017-04-06,15:00,sz000977,浪潮信息,19.41,19.79,19.3,19.76,96676,189640544.0,0.35,1.8031942297784649
2017-04-07,15:00,sz000977,浪潮信息,19.66,19.75,19.55,19.68,64771,127228712.0,-0.08,-0.4048582995951417
2017-04-10,15:00,sz000977,浪潮信息,19.67,19.68,19.19,19.29,68294,132206472.0,-0.39,-1.9817073170731707
2017-04-11,15:00,sz000977,浪潮信息,19.29,19.9,19.19,19.7,97484,191144384.0,0.41,2.1254536029030584
2017-04-12,15:00,sz000977,浪潮信息,19.71,19.71,19.46,19.53,46986,91886384.0,-0.17,-0.8629441624365483
2017-04-13,15:00,sz000977,浪潮信息,19.59,19.67,19.35,19.37,45313,88285008.0,-0.16,-0.819252432155658
2017-04-14,15:00,sz000977,浪潮信息,19.31,19.38,19.0,19.03,62361,119138440.0,-0.34,-1.7552916881775942
2017-04-17,15:00,sz000977,浪潮信息,18.94,19.15,18.94,19.07,42322,80575456.0,0.04,0.210194429847609
2017-04-18,15:00,sz000977,浪潮信息,19.17,19.17,18.87,18.87,45376,86186296.0,-0.2,-1.048767697954903
2017-04-19,15:00,sz000977,浪潮信息,18.82,19.05,18.64,19.03,60815,114327360.0,0.16,0.8479067302596714
2017-04-20,15:00,sz000977,浪潮信息,19.09,19.1,18.65,18.87,56786,106889928.0,-0.16,-0.8407777193904361
2017-04-21,15:00,sz000977,浪潮信息,18.87,19.05,18.81,18.91,38594,72947312.0,0.04,0.2119766825649178
2017-04-24,15:00,sz000977,浪潮信息,19.19,19.68,19.05,19.35,178565,346750368.0,0.44,2.326811210999471
2017-04-25,15:00,sz000977,浪潮信息,19.29,19.54,19.0,19.5,128761,248136384.0,0.15,0.7751937984496124
2017-04-26,15:00,sz000977,浪潮信息,19.43,19.55,19.27,19.32,84895,164413456.0,-0.18,-0.9230769230769232
2017-04-27,15:00,sz000977,浪潮信息,19.29,19.3,18.7,19.15,98702,187299872.0,-0.17,-0.8799171842650104
2017-04-28,15:00,sz000977,浪潮信息,19.05,19.25,18.98,19.14,61294,116939608.0,-0.01,-0.052219321148825
2017-05-02,15:00,sz000977,浪潮信息,18.88,19.13,18.88,18.93,59140,112048464.0,-0.21,-1.09717868338558
2017-05-03,15:00,sz000977,浪潮信息,18.9,19.12,18.76,19.02,71728,135728416.0,0.09,0.4754358161648178
2017-05-04,15:00,sz000977,浪潮信息,18.94,18.98,18.8,18.8,70170,132377680.0,-0.22,-1.1566771819137749
2017-05-05,15:00,sz000977,浪潮信息,18.76,18.8,18.49,18.49,66682,124599128.0,-0.31,-1.6489361702127658
2017-05-08,15:00,sz000977,浪潮信息,18.21,18.3,17.51,17.81,121285,216347632.0,-0.68,-3.6776636019469984
2017-05-09,15:00,sz000977,浪潮信息,17.71,17.8,16.47,17.02,163789,279457440.0,-0.79,-4.4357102751263335
2017-05-10,15:00,sz000977,浪潮信息,16.92,17.16,16.59,16.64,84919,143877904.0,-0.38,-2.2326674500587544
2017-05-11,15:00,sz000977,浪潮信息,16.6,16.75,16.04,16.61,106165,174669296.0,-0.03,-0.1802884615384615
2017-05-12,15:00,sz000977,浪潮信息,16.65,16.85,16.52,16.77,67922,113461832.0,0.16,0.963275135460566
2017-05-15,15:00,sz000977,浪潮信息,17.76,17.85,16.95,16.97,101286,175531136.0,0.2,1.1926058437686344
2017-05-16,15:00,sz000977,浪潮信息,16.8,17.19,16.55,17.18,70711,119388008.0,0.21,1.2374779021803182
2017-05-17,15:00,sz000977,浪潮信息,17.1,17.26,16.98,17.04,60819,104138880.0,-0.14,-0.8149010477299184
2017-05-18,15:00,sz000977,浪潮信息,16.9,17.03,16.74,16.75,44863,75666360.0,-0.29,-1.7018779342723005
2017-05-19,15:00,sz000977,浪潮信息,16.78,18.43,16.73,18.43,343072,615496512.0,1.68,10.029850746268655
2017-05-22,15:00,sz000977,浪潮信息,18.15,19.39,17.92,18.41,486359,907304128.0,-0.02,-0.1085187194791101
2017-05-23,15:00,sz000977,浪潮信息,17.7,17.8,17.1,17.11,244533,424399008.0,-1.3,-7.061379684953829
2017-05-24,15:00,sz000977,浪潮信息,16.93,17.79,16.31,17.18,175910,301386016.0,0.07,0.4091174751607247
2017-05-25,15:00,sz000977,浪潮信息,17.08,17.83,16.79,17.51,171614,296800032.0,0.33,1.920838183934808
2017-05-26,15:00,sz000977,浪潮信息,17.46,18.29,17.28,17.67,175763,312983904.0,0.16,0.9137635636778983
2017-05-31,15:00,sz000977,浪潮信息,17.82,17.98,17.54,17.77,103193,182828560.0,0.1,0.5659309564233164
2017-06-01,15:00,sz000977,浪潮信息,17.67,17.75,16.91,17.69,121927,211389008.0,-0.08,-0.4501969611705121
2017-06-02,15:00,sz000977,浪潮信息,17.51,17.79,17.1,17.69,96501,169252640.0,0.0,0.0
2017-06-05,15:00,sz000977,浪潮信息,17.69,18.24,17.5,17.92,128788,230121056.0,0.23,1.3001695873374788
2017-06-06,15:00,sz000977,浪潮信息,17.78,17.8,17.57,17.74,98508,174205248.0,-0.18,-1.0044642857142858
2017-06-07,15:00,sz000977,浪潮信息,17.66,18.06,17.62,17.98,120272,215508400.0,0.24,1.3528748590755355
2017-06-08,15:00,sz000977,浪潮信息,17.95,18.06,17.75,17.8,85803,153504608.0,-0.18,-1.0011123470522802
2017-06-09,15:00,sz000977,浪潮信息,17.8,17.81,17.51,17.64,70617,124374848.0,-0.16,-0.8988764044943821
2017-06-12,15:00,sz000977,浪潮信息,17.5,17.57,17.15,17.18,70907,123077248.0,-0.46,-2.6077097505668934
2017-06-13,15:00,sz000977,浪潮信息,17.18,17.4,17.18,17.31,56951,98629784.0,0.13,0.7566938300349243
2017-06-14,15:00,sz000977,浪潮信息,17.31,17.39,17.23,17.25,45090,78035976.0,-0.06,-0.3466204506065857
2017-06-15,15:00,sz000977,浪潮信息,17.24,17.64,17.23,17.47,79665,139202784.0,0.22,1.2753623188405796
2017-06-16,15:00,sz000977,浪潮信息,17.5,17.57,17.32,17.36,47469,82611528.0,-0.11,-0.6296508299942759
2017-06-19,15:00,sz000977,浪潮信息,17.36,17.63,17.36,17.57,75572,132292288.0,0.21,1.2096774193548387
2017-06-20,15:00,sz000977,浪潮信息,17.63,17.83,17.57,17.6,93153,164759968.0,0.03,0.1707455890722823
2017-06-21,15:00,sz000977,浪潮信息,17.68,17.71,17.31,17.38,79611,138650816.0,-0.22,-1.25
2017-06-22,15:00,sz000977,浪潮信息,17.39,17.58,17.09,17.21,78770,137059712.0,-0.17,-0.9781357882623706
2017-06-23,15:00,sz000977,浪潮信息,17.16,17.28,16.9,17.08,86057,146913904.0,-0.13,-0.7553747821034282
2017-06-26,15:00,sz000977,浪潮信息,17.1,17.42,17.09,17.22,70283,121204048.0,0.14,0.819672131147541
2017-06-27,15:00,sz000977,浪潮信息,17.25,17.35,17.12,17.15,77076,132848488.0,-0.07,-0.4065040650406504
2017-06-28,15:00,sz000977,浪潮信息,17.17,17.28,17.06,17.2,51649,88721048.0,0.05,0.2915451895043732
2017-06-29,15:00,sz000977,浪潮信息,17.24,17.76,17.15,17.5,146805,256405120.0,0.3,1.744186046511628
2017-06-30,15:00,sz000977,浪潮信息,17.42,17.52,17.14,17.32,91350,158291040.0,-0.18,-1.0285714285714285
2017-07-03,15:00,sz000977,浪潮信息,17.32,17.55,17.21,17.53,86975,151566800.0,0.21,1.212471131639723
2017-07-04,15:00,sz000977,浪潮信息,17.52,17.69,17.46,17.55,81913,143930576.0,0.02,0.1140901312036508
2017-07-05,15:00,sz000977,浪潮信息,17.53,17.68,17.45,17.65,101665,178715376.0,0.1,0.5698005698005698
2017-07-06,15:00,sz000977,浪潮信息,17.53,17.61,17.31,17.41,122695,213651328.0,-0.24,-1.359773371104816
2017-07-07,15:00,sz000977,浪潮信息,17.45,17.69,17.39,17.63,107498,188769024.0,0.22,1.263641585295807
2017-07-10,15:00,sz000977,浪潮信息,17.56,17.85,17.48,17.71,135749,240619120.0,0.08,0.4537719795802609
2017-07-11,15:00,sz000977,浪潮信息,17.65,17.75,17.42,17.46,88766,156203552.0,-0.25,-1.4116318464144553
2017-07-12,15:00,sz000977,浪潮信息,17.47,17.92,17.26,17.91,149273,263741472.0,0.45,2.5773195876288657
2017-07-13,15:00,sz000977,浪潮信息,18.1,18.28,17.78,17.82,169030,304128864.0,-0.09,-0.5025125628140703
2017-07-14,15:00,sz000977,浪潮信息,17.6,17.64,17.11,17.16,211626,365722752.0,-0.66,-3.7037037037037033
2017-07-17,15:00,sz000977,浪潮信息,17.0,17.11,16.3,16.55,175544,293839328.0,-0.61,-3.5547785547785544
2017-07-18,15:00,sz000977,浪潮信息,16.5,16.68,16.31,16.54,123828,204290320.0,-0.01,-0.0604229607250755
2017-07-27,15:00,sz000977,浪潮信息,15.22,16.67,15.22,16.67,294582,474663168.0,0.13,0.7859733978234582
2017-07-28,15:00,sz000977,浪潮信息,16.97,17.44,16.65,16.83,394499,670500736.0,0.16,0.9598080383923214
2017-07-31,15:00,sz000977,浪潮信息,16.62,16.82,16.38,16.75,196108,325694432.0,-0.08,-0.4753416518122401
2017-08-01,15:00,sz000977,浪潮信息,16.71,16.71,16.42,16.55,138344,228867424.0,-0.2,-1.1940298507462688
2017-08-02,15:00,sz000977,浪潮信息,16.4,16.47,16.15,16.16,151426,246296208.0,-0.39,-2.356495468277945
2017-08-03,15:00,sz000977,浪潮信息,16.0,16.28,15.73,15.89,212539,339658240.0,-0.27,-1.670792079207921
2017-08-04,15:00,sz000977,浪潮信息,15.94,16.19,15.86,15.94,138709,222422048.0,0.05,0.3146633102580239
2017-08-07,15:00,sz000977,浪潮信息,15.95,16.41,15.92,16.2,150890,245284432.0,0.26,1.631116687578419
2017-08-08,15:00,sz000977,浪潮信息,16.18,16.28,15.97,16.28,124764,201099776.0,0.08,0.4938271604938271
2017-08-09,15:00,sz000977,浪潮信息,16.22,16.4,16.1,16.15,101530,164627808.0,-0.13,-0.7985257985257985
2017-08-10,15:00,sz000977,浪潮信息,16.1,16.25,15.88,15.96,98400,157705664.0,-0.19,-1.1764705882352942
2017-08-11,15:00,sz000977,浪潮信息,15.91,16.12,15.71,15.75,108783,173014624.0,-0.21,-1.3157894736842104
2017-08-14,15:00,sz000977,浪潮信息,15.73,16.38,15.73,16.25,182294,295128608.0,0.5,3.1746031746031744
2017-08-15,15:00,sz000977,浪潮信息,16.21,16.44,16.12,16.24,126331,205333744.0,-0.01,-0.0615384615384615
2017-08-16,15:00,sz000977,浪潮信息,16.16,16.73,16.12,16.58,258634,426507040.0,0.34,2.0935960591133003
2017-08-17,15:00,sz000977,浪潮信息,16.5,17.61,16.42,16.91,421204,714124800.0,0.33,1.9903498190591076
2017-08-18,15:00,sz000977,浪潮信息,16.77,17.26,16.68,16.84,228765,388311104.0,-0.07,-0.4139562389118865
2017-08-21,15:00,sz000977,浪潮信息,16.96,17.4,16.8,17.02,224816,384028224.0,0.18,1.0688836104513064
2017-08-22,15:00,sz000977,浪潮信息,17.15,17.2,16.66,16.98,199681,336884864.0,-0.04,-0.2350176263219741
2017-08-23,15:00,sz000977,浪潮信息,16.99,18.5,16.7,17.8,698588,1230097920.0,0.82,4.829210836277975
2017-08-24,15:00,sz000977,浪潮信息,17.57,17.68,17.21,17.35,319665,556934272.0,-0.45,-2.528089887640449
2017-08-25,15:00,sz000977,浪潮信息,17.35,17.62,17.12,17.58,286956,499012160.0,0.23,1.3256484149855907
2017-08-28,15:00,sz000977,浪潮信息,17.67,18.06,17.37,17.77,367432,652810112.0,0.19,1.0807736063708762
2017-08-29,15:00,sz000977,浪潮信息,17.68,17.79,17.45,17.59,189616,333501088.0,-0.18,-1.0129431626336522
2017-08-30,15:00,sz000977,浪潮信息,17.52,17.76,17.45,17.54,171640,301728928.0,-0.05,-0.2842524161455372
2017-08-31,15:00,sz000977,浪潮信息,17.53,17.6,17.24,17.4,185900,323729440.0,-0.14,-0.798175598631699
2017-09-01,15:00,sz000977,浪潮信息,17.4,17.88,17.27,17.75,280166,492873504.0,0.35,2.0114942528735638
2017-09-04,15:00,sz000977,浪潮信息,17.76,19.0,17.69,18.59,673222,1242451584.0,0.84,4.732394366197183
2017-09-05,15:00,sz000977,浪潮信息,18.68,18.93,18.41,18.53,358575,666566400.0,-0.06,-0.322754168908015
2017-09-06,15:00,sz000977,浪潮信息,18.42,18.74,18.23,18.71,335759,621415872.0,0.18,0.9713977334052888
2017-09-07,15:00,sz000977,浪潮信息,19.05,19.22,18.35,18.35,407074,760515712.0,-0.36,-1.9241047568145373
2017-09-08,15:00,sz000977,浪潮信息,18.35,18.47,17.95,18.14,255766,464064224.0,-0.21,-1.1444141689373295
2017-09-11,15:00,sz000977,浪潮信息,19.0,19.19,18.17,18.2,397649,737006528.0,0.06,0.330760749724366
2017-09-12,15:00,sz000977,浪潮信息,18.26,20.02,18.22,19.89,1516167,2966451968.0,1.69,9.285714285714286
2017-09-13,15:00,sz000977,浪潮信息,19.9,19.99,19.2,19.53,801420,1564653824.0,-0.36,-1.809954751131222
2017-09-14,15:00,sz000977,浪潮信息,19.58,20.35,19.43,19.89,934612,1862035712.0,0.36,1.8433179723502304
2017-09-15,15:00,sz000977,浪潮信息,19.6,20.16,19.48,19.79,490241,969201664.0,-0.1,-0.5027652086475616
2017-09-18,15:00,sz000977,浪潮信息,20.38,20.58,19.91,20.1,662677,1339792896.0,0.31,1.56644770085902
2017-09-19,15:00,sz000977,浪潮信息,20.02,20.5,19.49,19.75,577719,1145090688.0,-0.35,-1.7412935323383083
2017-09-20,15:00,sz000977,浪潮信息,19.71,20.48,19.52,20.28,578546,1161965824.0,0.53,2.6835443037974684
2017-09-21,15:00,sz000977,浪潮信息,20.33,20.48,19.55,19.7,473518,944486208.0,-0.58,-2.8599605522682445
2017-09-22,15:00,sz000977,浪潮信息,19.7,19.88,19.06,19.2,364343,707259776.0,-0.5,-2.538071065989848
2017-09-25,15:00,sz000977,浪潮信息,19.28,19.47,18.84,18.86,243452,466057728.0,-0.34,-1.7708333333333333
2017-09-26,15:00,sz000977,浪潮信息,18.8,18.98,18.66,18.94,191598,360091776.0,0.08,0.4241781548250266
2017-09-27,15:00,sz000977,浪潮信息,18.9,19.33,18.76,19.14,227421,434456544.0,0.2,1.0559662090813091
2017-09-28,15:00,sz000977,浪潮信息,19.06,19.83,19.04,19.25,348531,678201152.0,0.11,0.5747126436781609
2017-09-29,15:00,sz000977,浪潮信息,19.23,19.36,19.12,19.19,206941,397701792.0,-0.06,-0.3116883116883117
2017-10-09,15:00,sz000977,浪潮信息,19.66,19.89,19.45,19.62,293596,577143424.0,0.43,2.240750390828557
2017-10-10,15:00,sz000977,浪潮信息,19.6,20.89,19.55,20.31,553483,1124485888.0,0.69,3.516819571865444
2017-10-11,15:00,sz000977,浪潮信息,20.19,20.4,19.61,19.64,399106,796674560.0,-0.67,-3.2988675529295914
2017-10-12,15:00,sz000977,浪潮信息,19.63,20.07,19.58,19.68,211442,418956640.0,0.04,0.2036659877800407
2017-10-13,15:00,sz000977,浪潮信息,19.62,19.86,19.46,19.56,185205,363406240.0,-0.12,-0.6097560975609756
2017-10-16,15:00,sz000977,浪潮信息,19.68,19.84,19.03,19.03,244329,475139808.0,-0.53,-2.7096114519427403
2017-10-17,15:00,sz000977,浪潮信息,19.03,19.1,18.54,18.57,229143,430153184.0,-0.46,-2.417235943247504
2017-10-18,15:00,sz000977,浪潮信息,18.63,18.84,18.21,18.35,179489,332462016.0,-0.22,-1.1847065158858372
2017-10-19,15:00,sz000977,浪潮信息,18.31,18.49,17.98,18.07,169414,307442144.0,-0.28,-1.525885558583106
2017-10-20,15:00,sz000977,浪潮信息,18.12,18.49,18.0,18.48,121064,221683760.0,0.41,2.2689540675152187
2017-10-23,15:00,sz000977,浪潮信息,18.48,18.84,18.33,18.66,142743,264712832.0,0.18,0.974025974025974
2017-10-24,15:00,sz000977,浪潮信息,18.58,18.58,18.12,18.3,131738,241393264.0,-0.36,-1.929260450160772
2017-10-25,15:00,sz000977,浪潮信息,18.22,18.54,18.22,18.43,100163,184434384.0,0.13,0.7103825136612022
2017-10-26,15:00,sz000977,浪潮信息,18.43,18.74,18.32,18.55,139221,258472496.0,0.12,0.6511123168746609
2017-10-27,15:00,sz000977,浪潮信息,18.57,18.67,18.2,18.23,117475,215609232.0,-0.32,-1.725067385444744
2017-10-30,15:00,sz000977,浪潮信息,18.25,18.48,17.69,17.85,201757,361737920.0,-0.38,-2.084476138233681
2017-10-31,15:00,sz000977,浪潮信息,17.86,17.94,17.46,17.73,134383,237862912.0,-0.12,-0.6722689075630253
2017-11-01,15:00,sz000977,浪潮信息,17.77,18.38,17.73,18.03,170279,307948384.0,0.3,1.6920473773265652
2017-11-02,15:00,sz000977,浪潮信息,18.1,18.5,17.9,18.37,177906,325123840.0,0.34,1.885745978924016
2017-11-03,15:00,sz000977,浪潮信息,18.5,18.69,18.2,18.3,203275,375261952.0,-0.07,-0.3810560696788241
2017-11-06,15:00,sz000977,浪潮信息,18.19,18.75,18.16,18.58,163435,302588096.0,0.28,1.530054644808743
2017-11-07,15:00,sz000977,浪潮信息,18.59,19.35,18.59,19.29,334914,637836288.0,0.71,3.821313240043057
2017-11-08,15:00,sz000977,浪潮信息,19.33,19.44,18.94,19.19,269539,517067232.0,-0.1,-0.5184033177812338
2017-11-09,15:00,sz000977,浪潮信息,19.1,19.37,18.91,19.19,211535,405745888.0,0.0,0.0
2017-11-10,15:00,sz000977,浪潮信息,19.05,19.77,19.05,19.34,284365,552815488.0,0.15,0.7816571130797291
2017-11-13,15:00,sz000977,浪潮信息,19.28,20.28,19.09,20.11,491298,969488256.0,0.77,3.981385729058945
2017-11-14,15:00,sz000977,浪潮信息,20.2,22.01,20.1,21.37,1115797,2361660416.0,1.26,6.26553953257086
2017-11-15,15:00,sz000977,浪潮信息,21.65,21.77,20.6,20.99,672874,1426835328.0,-0.38,-1.7781937295273749
2017-11-16,15:00,sz000977,浪潮信息,21.25,21.74,20.73,21.13,650897,1383725440.0,0.14,0.6669842782277274
2017-11-17,15:00,sz000977,浪潮信息,21.35,21.75,20.25,20.48,733142,1553298432.0,-0.65,-3.0761949834358733
2017-11-20,15:00,sz000977,浪潮信息,20.5,22.39,20.35,22.31,940224,2013357696.0,1.83,8.935546875
2017-11-21,15:00,sz000977,浪潮信息,22.03,22.69,21.65,22.36,992271,2199561728.0,0.05,0.2241147467503361
2017-11-22,15:00,sz000977,浪潮信息,22.13,23.19,21.37,21.74,947111,2112624000.0,-0.62,-2.7728085867620758
2017-11-23,15:00,sz000977,浪潮信息,21.49,21.61,20.3,20.3,606954,1279063168.0,-1.44,-6.623735050597976
2017-11-24,15:00,sz000977,浪潮信息,20.15,20.64,19.4,19.59,468021,942704128.0,-0.71,-3.497536945812808
2017-11-27,15:00,sz000977,浪潮信息,19.83,20.04,18.4,18.85,459606,891944320.0,-0.74,-3.777437468095967
2017-11-28,15:00,sz000977,浪潮信息,18.87,19.67,18.81,19.49,373952,718400128.0,0.64,3.395225464190981
2017-11-29,15:00,sz000977,浪潮信息,19.4,19.5,18.58,19.02,381649,723519936.0,-0.47,-2.41149307337096
2017-11-30,15:00,sz000977,浪潮信息,18.81,19.2,18.62,18.77,286327,539583040.0,-0.25,-1.3144058885383807
2017-12-01,15:00,sz000977,浪潮信息,18.63,19.34,18.6,19.12,312704,597728320.0,0.35,1.8646776771443796
2017-12-04,15:00,sz000977,浪潮信息,19.2,19.28,18.7,18.91,246801,467505568.0,-0.21,-1.0983263598326358
2017-12-05,15:00,sz000977,浪潮信息,18.8,18.99,17.5,17.8,445799,806639616.0,-1.11,-5.869910100475939
2017-12-06,15:00,sz000977,浪潮信息,17.8,18.32,17.52,18.29,280688,504163040.0,0.49,2.752808988764045
2017-12-07,15:00,sz000977,浪潮信息,18.25,18.45,18.02,18.06,204132,372051776.0,-0.23,-1.2575177692728268
2017-12-08,15:00,sz000977,浪潮信息,17.97,18.62,17.91,18.47,290108,534852480.0,0.41,2.2702104097452933
2017-12-11,15:00,sz000977,浪潮信息,19.46,19.95,19.17,19.4,566049,1103830528.0,0.93,5.035192203573362
2017-12-12,15:00,sz000977,浪潮信息,19.49,19.75,19.24,19.38,355481,692929600.0,-0.02,-0.1030927835051546
2017-12-13,15:00,sz000977,浪潮信息,19.05,19.33,18.91,19.28,239511,457692896.0,-0.1,-0.5159958720330238
2017-12-14,15:00,sz000977,浪潮信息,19.19,19.79,19.14,19.73,347994,680056640.0,0.45,2.3340248962655603
2017-12-15,15:00,sz000977,浪潮信息,19.73,20.15,19.56,19.57,381472,757376448.0,-0.16,-0.8109477952356817
2017-12-18,15:00,sz000977,浪潮信息,19.79,19.94,18.9,18.96,270194,520649504.0,-0.61,-3.1170158405723045
2017-12-19,15:00,sz000977,浪潮信息,19.01,19.98,19.01,19.96,366938,718597248.0,1.0,5.274261603375527
2017-12-20,15:00,sz000977,浪潮信息,19.88,20.25,19.71,20.01,367251,733388672.0,0.05,0.250501002004008
2017-12-21,15:00,sz000977,浪潮信息,19.8,20.47,19.65,20.21,360935,726244864.0,0.2,0.9995002498750624
2017-12-22,15:00,sz000977,浪潮信息,20.2,20.41,19.79,19.95,268593,538585472.0,-0.26,-1.286491835724889
2017-12-25,15:00,sz000977,浪潮信息,19.72,20.13,19.45,19.52,242592,478470560.0,-0.43,-2.155388471177945
2017-12-26,15:00,sz000977,浪潮信息,19.58,20.2,19.31,20.19,298898,591025856.0,0.67,3.432377049180328
2017-12-27,15:00,sz000977,浪潮信息,20.18,20.38,19.72,19.72,291861,585572288.0,-0.47,-2.32788509162952
2017-12-28,15:00,sz000977,浪潮信息,19.58,20.13,19.45,19.49,254750,502650656.0,-0.23,-1.1663286004056794
2017-12-29,15:00,sz000977,浪潮信息,19.46,19.99,19.4,19.88,214370,423563936.0,0.39,2.0010261672652643
2018-01-02,15:00,sz000977,浪潮信息,20.0,20.27,19.82,20.19,330701,664287872.0,0.31,1.5593561368209254
2018-01-03,15:00,sz000977,浪潮信息,20.15,20.4,19.95,20.18,361958,730119424.0,-0.01,-0.0495294700346706
2018-01-04,15:00,sz000977,浪潮信息,20.18,20.35,19.83,19.93,318370,639534784.0,-0.25,-1.2388503468780971
2018-01-05,15:00,sz000977,浪潮信息,19.95,20.19,19.68,19.68,272707,542446848.0,-0.25,-1.2543903662819869
2018-01-08,15:00,sz000977,浪潮信息,19.42,19.48,18.5,18.79,483666,909835904.0,-0.89,-4.522357723577236
2018-01-09,15:00,sz000977,浪潮信息,18.72,18.75,18.52,18.7,189607,353137088.0,-0.09,-0.4789781798829164
2018-01-10,15:00,sz000977,浪潮信息,18.77,19.15,18.57,18.94,262826,496544384.0,0.24,1.2834224598930482
2018-01-11,15:00,sz000977,浪潮信息,18.72,19.08,18.18,19.04,347941,651000256.0,0.1,0.5279831045406547
2018-01-12,15:00,sz000977,浪潮信息,18.95,19.06,18.43,18.48,237621,444557408.0,-0.56,-2.941176470588235
2018-01-15,15:00,sz000977,浪潮信息,18.3,18.3,17.55,17.67,327594,585208128.0,-0.81,-4.383116883116883
2018-01-16,15:00,sz000977,浪潮信息,17.64,17.82,16.9,17.04,418254,720294976.0,-0.63,-3.5653650254668934
2018-01-17,15:00,sz000977,浪潮信息,16.92,17.23,16.56,17.05,254844,430593984.0,0.01,0.0586854460093896
2018-01-18,15:00,sz000977,浪潮信息,16.93,17.09,16.85,16.92,121653,206237552.0,-0.13,-0.7624633431085044
2018-01-19,15:00,sz000977,浪潮信息,16.97,17.25,16.91,16.99,147034,251083136.0,0.07,0.4137115839243498
2018-01-22,15:00,sz000977,浪潮信息,16.93,17.34,16.64,17.2,188307,322275648.0,0.21,1.2360211889346673
2018-01-23,15:00,sz000977,浪潮信息,17.15,17.64,17.08,17.39,172632,299057024.0,0.19,1.1046511627906976
2018-01-24,15:00,sz000977,浪潮信息,17.34,17.73,17.12,17.67,207897,363390080.0,0.28,1.6101207590569295
2018-01-25,15:00,sz000977,浪潮信息,17.5,17.8,17.33,17.34,177841,312213120.0,-0.33,-1.867572156196944
2018-01-26,15:00,sz000977,浪潮信息,17.29,17.6,17.09,17.36,174553,302288992.0,0.02,0.1153402537485582
2018-01-29,15:00,sz000977,浪潮信息,17.21,17.28,16.77,16.79,187804,318788160.0,-0.57,-3.2834101382488474
2018-01-30,15:00,sz000977,浪潮信息,16.73,17.13,16.69,16.9,114358,193411648.0,0.11,0.6551518761167362
2018-01-31,15:00,sz000977,浪潮信息,17.1,17.17,16.67,16.88,137221,232478784.0,-0.02,-0.1183431952662722
2018-02-01,15:00,sz000977,浪潮信息,16.9,17.07,15.7,16.02,203510,333510208.0,-0.86,-5.09478672985782
2018-02-02,15:00,sz000977,浪潮信息,16.0,16.41,15.82,16.25,117634,190690992.0,0.23,1.435705368289638
2018-02-05,15:00,sz000977,浪潮信息,15.99,16.31,15.86,16.2,83081,133968464.0,-0.05,-0.3076923076923077
2018-02-06,15:00,sz000977,浪潮信息,15.8,16.11,15.2,15.73,195962,307964448.0,-0.47,-2.9012345679012346
2018-02-07,15:00,sz000977,浪潮信息,15.95,16.09,15.38,15.83,156720,248416080.0,0.1,0.6357279084551812
2018-02-08,15:00,sz000977,浪潮信息,15.8,16.29,15.75,16.28,135321,217720208.0,0.45,2.8427037271004423
2018-02-09,15:00,sz000977,浪潮信息,15.75,16.14,15.62,15.83,148100,235444432.0,-0.45,-2.764127764127764
2018-02-12,15:00,sz000977,浪潮信息,15.99,16.54,15.95,16.36,128793,210276864.0,0.53,3.3480732785849656
2018-02-13,15:00,sz000977,浪潮信息,16.61,18.0,16.42,17.25,384317,666865536.0,0.89,5.440097799511003
2018-02-14,15:00,sz000977,浪潮信息,17.4,17.4,16.87,17.13,135111,231218416.0,-0.12,-0.6956521739130435
2018-02-22,15:00,sz000977,浪潮信息,17.25,17.74,17.16,17.37,154855,270312256.0,0.24,1.4010507880910683
2018-02-23,15:00,sz000977,浪潮信息,17.37,17.58,17.24,17.41,141395,246675920.0,0.04,0.2302820955670697
2018-02-26,15:00,sz000977,浪潮信息,17.75,18.05,17.41,17.8,304556,540861888.0,0.39,2.2400919012062035
2018-02-27,15:00,sz000977,浪潮信息,18.06,19.26,18.06,18.7,598508,1117490688.0,0.9,5.056179775280898
2018-02-28,15:00,sz000977,浪潮信息,18.35,19.1,18.29,18.72,405357,760470080.0,0.02,0.106951871657754
2018-03-01,15:00,sz000977,浪潮信息,18.71,20.59,18.66,20.59,886966,1765288320.0,1.87,9.98931623931624
2018-03-02,15:00,sz000977,浪潮信息,21.31,21.45,20.1,20.21,1062986,2209201408.0,-0.38,-1.8455560951918408
2018-03-05,15:00,sz000977,浪潮信息,20.5,21.18,20.16,21.1,725854,1497209088.0,0.89,4.403760514596734
2018-03-06,15:00,sz000977,浪潮信息,20.94,20.94,20.15,20.5,597468,1228019712.0,-0.6,-2.843601895734597
2018-03-07,15:00,sz000977,浪潮信息,20.44,20.93,20.17,20.62,459725,944493248.0,0.12,0.5853658536585366
2018-03-08,15:00,sz000977,浪潮信息,20.4,21.5,20.34,21.06,791409,1669792256.0,0.44,2.133850630455868
2018-03-09,15:00,sz000977,浪潮信息,20.91,21.74,20.82,20.9,781345,1660818304.0,-0.16,-0.7597340930674265
2018-03-12,15:00,sz000977,浪潮信息,21.1,22.23,20.99,21.55,822257,1776710656.0,0.65,3.110047846889952
2018-03-13,15:00,sz000977,浪潮信息,21.37,22.29,21.17,21.25,741828,1614810496.0,-0.3,-1.3921113689095126
2018-03-14,15:00,sz000977,浪潮信息,21.0,21.45,20.0,20.1,709958,1467383808.0,-1.15,-5.411764705882352
2018-03-15,15:00,sz000977,浪潮信息,20.19,20.58,19.85,20.5,456337,925454016.0,0.4,1.9900497512437807
2018-03-16,15:00,sz000977,浪潮信息,20.43,20.82,20.15,20.25,411137,841230592.0,-0.25,-1.2195121951219512
2018-03-19,15:00,sz000977,浪潮信息,20.4,21.65,20.07,21.1,634174,1337338624.0,0.85,4.197530864197531
2018-03-20,15:00,sz000977,浪潮信息,21.01,22.2,20.92,22.14,727347,1575757824.0,1.04,4.928909952606635
2018-03-21,15:00,sz000977,浪潮信息,22.08,22.19,21.32,21.41,535958,1169493760.0,-0.73,-3.297199638663053
2018-03-22,15:00,sz000977,浪潮信息,21.53,22.02,21.18,21.2,496551,1073954304.0,-0.21,-0.9808500700607192
2018-03-23,15:00,sz000977,浪潮信息,20.09,21.2,19.85,20.38,562725,1145749120.0,-0.82,-3.867924528301887
2018-03-26,15:00,sz000977,浪潮信息,20.3,22.42,20.3,22.42,793916,1708892288.0,2.04,10.009813542688912
2018-03-27,15:00,sz000977,浪潮信息,23.11,24.66,22.5,24.4,1404689,3304468992.0,1.98,8.831400535236396
2018-03-28,15:00,sz000977,浪潮信息,23.69,24.35,23.6,23.89,871016,2086451200.0,-0.51,-2.0901639344262297
2018-03-29,15:00,sz000977,浪潮信息,24.19,24.55,23.16,23.92,757496,1807933056.0,0.03,0.1255755546253662
2018-03-30,15:00,sz000977,浪潮信息,24.4,24.95,24.05,24.63,816883,2007224448.0,0.71,2.968227424749164
2018-04-02,15:00,sz000977,浪潮信息,24.7,24.95,23.83,23.85,790769,1924725248.0,-0.78,-3.1668696711327646
2018-04-03,15:00,sz000977,浪潮信息,23.3,23.79,22.53,23.73,732618,1694491008.0,-0.12,-0.5031446540880503
2018-04-04,15:00,sz000977,浪潮信息,23.5,23.6,22.71,23.0,512350,1184758528.0,-0.73,-3.076274757690687
2018-04-09,15:00,sz000977,浪潮信息,22.86,24.19,22.48,23.68,651243,1530816896.0,0.68,2.9565217391304346
2018-04-10,15:00,sz000977,浪潮信息,23.52,23.6,22.7,23.32,455044,1050664960.0,-0.36,-1.5202702702702704
2018-04-11,15:00,sz000977,浪潮信息,23.28,24.13,23.19,23.4,476886,1131484416.0,0.08,0.3430531732418524
2018-04-12,15:00,sz000977,浪潮信息,23.4,23.68,22.9,22.99,303746,705795328.0,-0.41,-1.752136752136752
2018-04-13,15:00,sz000977,浪潮信息,23.25,23.9,22.93,23.46,381999,897286016.0,0.47,2.044367116137451
2018-04-16,15:00,sz000977,浪潮信息,23.15,25.81,23.05,25.81,1124698,2807886592.0,2.35,10.01705029838022
2018-04-17,15:00,sz000977,浪潮信息,25.71,26.0,24.31,25.02,806962,2033991168.0,-0.79,-3.060829135993801
2018-04-18,15:00,sz000977,浪潮信息,24.93,27.14,24.5,26.59,969550,2501017344.0,1.57,6.27498001598721
2018-04-19,15:00,sz000977,浪潮信息,26.0,26.75,25.52,26.04,789325,2059165696.0,-0.55,-2.0684467845054533
2018-04-20,15:00,sz000977,浪潮信息,25.66,26.09,24.8,25.08,485601,1233226240.0,-0.96,-3.686635944700461
2018-04-23,15:00,sz000977,浪潮信息,25.35,25.43,22.57,22.58,856873,2022857728.0,-2.5,-9.968102073365232
2018-04-24,15:00,sz000977,浪潮信息,22.44,23.58,21.73,23.44,649628,1471855616.0,0.86,3.8086802480070863
2018-04-25,15:00,sz000977,浪潮信息,23.03,23.75,22.75,22.85,549450,1275073664.0,-0.59,-2.5170648464163823
2018-04-26,15:00,sz000977,浪潮信息,22.83,24.1,22.74,23.19,684437,1610258816.0,0.34,1.487964989059081
2018-04-27,15:00,sz000977,浪潮信息,23.36,23.46,21.72,23.15,531843,1204073088.0,-0.04,-0.172488141440276
2018-05-02,15:00,sz000977,浪潮信息,23.4,24.88,23.35,23.93,625725,1511126016.0,0.78,3.3693304535637147
2018-05-03,15:00,sz000977,浪潮信息,24.15,24.96,22.71,24.96,627458,1512528768.0,1.03,4.304220643543669
2018-05-04,15:00,sz000977,浪潮信息,24.6,25.99,24.58,24.95,600886,1523410304.0,-0.01,-0.0400641025641025
2018-05-07,15:00,sz000977,浪潮信息,25.06,25.66,24.71,25.2,444115,1118310784.0,0.25,1.002004008016032
2018-05-08,15:00,sz000977,浪潮信息,25.0,25.4,24.51,25.29,421354,1048134592.0,0.09,0.3571428571428571
2018-05-09,15:00,sz000977,浪潮信息,25.1,25.7,24.79,25.1,321740,813181312.0,-0.19,-0.7512850929221035
2018-05-10,15:00,sz000977,浪潮信息,25.08,25.16,23.85,24.19,380547,930935168.0,-0.91,-3.625498007968128
2018-05-11,15:00,sz000977,浪潮信息,24.16,25.09,23.92,24.22,367594,900205312.0,0.03,0.1240181893344357
2018-05-14,15:00,sz000977,浪潮信息,24.15,24.32,22.79,23.07,528288,1235025536.0,-1.15,-4.748142031379025
2018-05-15,15:00,sz000977,浪潮信息,23.13,23.41,22.61,23.38,389356,898443200.0,0.31,1.3437364542696142
2018-05-16,15:00,sz000977,浪潮信息,23.3,23.66,22.91,23.0,309672,720117696.0,-0.38,-1.6253207869974338
2018-05-17,15:00,sz000977,浪潮信息,22.95,23.41,22.83,23.19,248896,576543936.0,0.19,0.826086956521739
2018-05-18,15:00,sz000977,浪潮信息,23.11,23.27,22.25,22.76,312705,709761856.0,-0.43,-1.8542475204829667
2018-05-21,15:00,sz000977,浪潮信息,22.99,24.07,22.99,23.95,489843,1159546112.0,1.19,5.228471001757469
2018-05-22,15:00,sz000977,浪潮信息,23.9,24.18,23.7,24.0,282208,675486656.0,0.05,0.208768267223382
2018-05-23,15:00,sz000977,浪潮信息,23.99,25.38,23.79,24.42,613792,1512368128.0,0.42,1.7500000000000002
2018-05-24,15:00,sz000977,浪潮信息,24.53,24.93,24.23,24.63,355409,876131264.0,0.21,0.85995085995086
2018-05-25,15:00,sz000977,浪潮信息,24.53,24.53,23.35,23.35,342337,811911424.0,-1.28,-5.196914332115306
2018-05-28,15:00,sz000977,浪潮信息,23.0,23.75,22.91,23.0,229007,533252032.0,-0.35,-1.4989293361884368
2018-05-29,15:00,sz000977,浪潮信息,23.19,23.41,22.1,22.8,326451,743650944.0,-0.2,-0.8695652173913043
2018-05-30,15:00,sz000977,浪潮信息,22.55,23.24,22.15,22.17,286015,649735232.0,-0.63,-2.763157894736842
2018-05-31,15:00,sz000977,浪潮信息,22.5,22.6,21.31,22.04,333829,731018624.0,-0.13,-0.5863779882724403
2018-06-01,15:00,sz000977,浪潮信息,21.9,21.97,21.18,21.36,228243,491684352.0,-0.68,-3.0852994555353903
2018-06-04,15:00,sz000977,浪潮信息,21.6,21.87,20.97,21.43,242563,521221152.0,0.07,0.3277153558052434
2018-06-05,15:00,sz000977,浪潮信息,21.57,22.65,21.4,22.6,312925,693646592.0,1.17,5.459636024265048
2018-06-06,15:00,sz000977,浪潮信息,22.8,23.09,22.26,22.88,298002,677945920.0,0.28,1.238938053097345
2018-06-07,15:00,sz000977,浪潮信息,23.0,23.08,22.5,22.76,189538,431628736.0,-0.12,-0.5244755244755245
2018-06-08,15:00,sz000977,浪潮信息,22.76,23.75,22.42,23.36,392522,913734784.0,0.6,2.636203866432337
2018-06-11,15:00,sz000977,浪潮信息,23.3,23.46,22.49,22.62,282151,646187648.0,-0.74,-3.1678082191780823
2018-06-12,15:00,sz000977,浪潮信息,22.76,23.67,22.28,23.6,372768,861416192.0,0.98,4.332449160035367
2018-06-13,15:00,sz000977,浪潮信息,23.4,23.93,23.19,23.33,316957,746221120.0,-0.27,-1.1440677966101696
2018-06-14,15:00,sz000977,浪潮信息,23.32,23.98,23.23,23.66,383949,908262784.0,0.33,1.4144877839691383
2018-06-15,15:00,sz000977,浪潮信息,23.59,23.59,21.29,21.82,596517,1309174272.0,-1.84,-7.776838546069316
2018-06-19,15:00,sz000977,浪潮信息,21.01,21.8,19.64,19.75,365464,751542272.0,-2.07,-9.486709440879928
2018-06-20,15:00,sz000977,浪潮信息,19.68,20.46,19.43,20.15,266879,533385600.0,0.4,2.0253164556962027
2018-06-21,15:00,sz000977,浪潮信息,20.07,20.35,18.8,19.07,333087,648531008.0,-1.08,-5.359801488833747
2018-06-22,15:00,sz000977,浪潮信息,18.98,20.06,18.8,19.62,279587,546594816.0,0.55,2.8841111693759838
2018-06-25,15:00,sz000977,浪潮信息,19.8,20.29,19.66,19.69,264050,527047936.0,0.07,0.3567787971457696
2018-06-26,15:00,sz000977,浪潮信息,19.45,21.66,19.27,21.29,471457,983163328.0,1.6,8.125952260030472
2018-06-27,15:00,sz000977,浪潮信息,21.48,22.74,21.26,21.96,479815,1054959488.0,0.67,3.147017379051198
2018-06-28,15:00,sz000977,浪潮信息,21.81,22.53,21.76,21.77,291768,644956864.0,-0.19,-0.8652094717668488
2018-06-29,15:00,sz000977,浪潮信息,22.08,23.92,22.08,23.85,519457,1203006208.0,2.08,9.554432705558108
2018-07-02,15:00,sz000977,浪潮信息,23.85,24.37,23.37,24.0,463792,1107798784.0,0.15,0.628930817610063
2018-07-03,15:00,sz000977,浪潮信息,23.8,25.88,23.43,24.87,555715,1366624640.0,0.87,3.625
2018-07-04,15:00,sz000977,浪潮信息,24.28,25.17,23.93,24.42,407136,997285952.0,-0.45,-1.8094089264173705
2018-07-05,15:00,sz000977,浪潮信息,24.25,25.74,23.68,24.25,432837,1070699072.0,-0.17,-0.6961506961506961
2018-07-06,15:00,sz000977,浪潮信息,24.39,25.49,23.75,24.0,573577,1413926400.0,-0.25,-1.0309278350515465
2018-07-09,15:00,sz000977,浪潮信息,24.1,25.6,23.8,25.39,561659,1403220608.0,1.39,5.791666666666666
2018-07-10,15:00,sz000977,浪潮信息,25.01,25.18,24.65,25.01,362752,903818560.0,-0.38,-1.4966522252855454
2018-07-11,15:00,sz000977,浪潮信息,24.4,25.14,23.54,24.5,456564,1115293824.0,-0.51,-2.039184326269492
2018-07-12,15:00,sz000977,浪潮信息,24.28,25.98,24.22,25.59,676539,1721730688.0,1.09,4.448979591836735
2018-07-13,15:00,sz000977,浪潮信息,25.4,25.75,25.01,25.46,342808,869891520.0,-0.13,-0.5080109417741305
2018-07-16,15:00,sz000977,浪潮信息,25.73,26.54,25.25,25.8,526656,1367297664.0,0.34,1.335428122545169
2018-07-17,15:00,sz000977,浪潮信息,25.44,25.68,24.42,25.58,432410,1081714176.0,-0.22,-0.8527131782945736
2018-07-18,15:00,sz000977,浪潮信息,25.39,25.6,24.59,24.61,302162,754763968.0,-0.97,-3.792025019546521
2018-07-19,15:00,sz000977,浪潮信息,24.55,25.12,24.42,24.92,275416,683467840.0,0.31,1.259650548557497
2018-07-20,15:00,sz000977,浪潮信息,24.8,27.41,24.65,27.41,995901,2650164224.0,2.49,9.991974317817014
2018-07-23,15:00,sz000977,浪潮信息,27.21,27.64,26.8,27.55,660958,1806191744.0,0.14,0.5107624954396206
2018-07-24,15:00,sz000977,浪潮信息,27.5,27.95,26.62,27.65,618162,1692452992.0,0.1,0.3629764065335753
2018-07-25,15:00,sz000977,浪潮信息,27.3,28.51,27.0,27.41,562439,1562131712.0,-0.24,-0.867992766726944
2018-07-26,15:00,sz000977,浪潮信息,27.2,27.36,25.81,26.0,536289,1412509568.0,-1.41,-5.14410798978475
2018-07-27,15:00,sz000977,浪潮信息,25.9,26.15,25.05,25.63,401787,1029505600.0,-0.37,-1.4230769230769231
2018-07-30,15:00,sz000977,浪潮信息,25.6,26.06,25.16,26.0,306988,789665088.0,0.37,1.443620756925478
2018-07-31,15:00,sz000977,浪潮信息,25.8,25.96,24.84,25.14,338332,854296192.0,-0.86,-3.307692307692308
2018-08-01,15:00,sz000977,浪潮信息,25.38,26.62,25.3,25.3,458622,1187729536.0,0.16,0.6364359586316627
2018-08-02,15:00,sz000977,浪潮信息,25.6,25.71,24.02,25.38,430677,1074534528.0,0.08,0.3162055335968379
2018-08-03,15:00,sz000977,浪潮信息,25.38,25.5,24.38,24.39,343818,857213824.0,-0.99,-3.900709219858156
2018-08-06,15:00,sz000977,浪潮信息,24.45,25.18,24.03,24.8,364113,901594816.0,0.41,1.6810168101681018
2018-08-07,15:00,sz000977,浪潮信息,24.77,26.88,24.45,26.58,635032,1635803904.0,1.78,7.17741935483871
2018-08-08,15:00,sz000977,浪潮信息,26.19,27.15,26.05,26.14,478980,1270482688.0,-0.44,-1.655379984951091
2018-08-09,15:00,sz000977,浪潮信息,26.01,28.69,25.98,28.23,777133,2155930368.0,2.09,7.995409334353481
2018-08-10,15:00,sz000977,浪潮信息,28.1,28.35,27.68,28.26,560218,1571961472.0,0.03,0.106269925611052
2018-08-13,15:00,sz000977,浪潮信息,27.92,29.44,27.59,28.81,759435,2158054144.0,0.55,1.9462137296532205
2018-08-14,15:00,sz000977,浪潮信息,28.2,28.34,27.36,27.6,557695,1546822272.0,-1.21,-4.19993057965984
2018-08-15,15:00,sz000977,浪潮信息,27.56,28.04,27.05,27.42,456928,1257724416.0,-0.18,-0.6521739130434783
2018-08-16,15:00,sz000977,浪潮信息,26.8,27.78,26.5,26.82,431655,1170349696.0,-0.6,-2.1881838074398248
2018-08-17,15:00,sz000977,浪潮信息,27.31,27.47,25.5,25.5,467324,1235594880.0,-1.32,-4.921700223713646
2018-08-20,15:00,sz000977,浪潮信息,25.51,26.48,24.77,26.19,427735,1095765760.0,0.69,2.705882352941176
2018-08-21,15:00,sz000977,浪潮信息,26.32,26.7,25.77,26.39,390184,1026928128.0,0.2,0.7636502481863306
2018-08-22,15:00,sz000977,浪潮信息,26.2,26.7,25.4,25.73,276930,720862528.0,-0.66,-2.5009473285335355
2018-08-23,15:00,sz000977,浪潮信息,25.95,27.11,25.81,26.47,463987,1233480576.0,0.74,2.876020209871745
2018-08-24,15:00,sz000977,浪潮信息,26.23,27.08,26.14,26.81,366701,982494848.0,0.34,1.2844729882886283
2018-08-27,15:00,sz000977,浪潮信息,26.7,27.97,26.7,27.64,423174,1165117824.0,0.83,3.0958597538232
2018-08-28,15:00,sz000977,浪潮信息,27.62,28.18,27.34,27.69,369898,1025159808.0,0.05,0.1808972503617945
2018-08-29,15:00,sz000977,浪潮信息,28.1,28.1,26.9,27.03,378510,1030665984.0,-0.66,-2.38353196099675
2018-08-30,15:00,sz000977,浪潮信息,27.1,27.1,25.91,26.2,395259,1044002240.0,-0.83,-3.070662227155013
2018-08-31,15:00,sz000977,浪潮信息,26.1,26.68,25.94,26.13,285945,752273344.0,-0.07,-0.2671755725190839
2018-09-03,15:00,sz000977,浪潮信息,26.07,27.49,25.36,27.47,516797,1365460224.0,1.34,5.128205128205128
2018-09-04,15:00,sz000977,浪潮信息,27.32,28.45,27.17,27.76,600147,1661095168.0,0.29,1.0556971241354205
2018-09-05,15:00,sz000977,浪潮信息,27.59,28.05,27.3,27.35,383457,1060118784.0,-0.41,-1.4769452449567724
2018-09-06,15:00,sz000977,浪潮信息,27.3,28.03,27.22,27.65,413462,1143497600.0,0.3,1.0968921389396709
2018-09-07,15:00,sz000977,浪潮信息,27.43,28.58,25.7,26.02,804764,2181436416.0,-1.63,-5.895117540687161
2018-09-10,15:00,sz000977,浪潮信息,25.69,26.1,25.0,25.71,495681,1265499648.0,-0.31,-1.191391237509608
2018-09-11,15:00,sz000977,浪潮信息,25.68,26.47,25.51,26.36,356550,930527424.0,0.65,2.528199144301828
2018-09-12,15:00,sz000977,浪潮信息,26.23,26.56,25.57,25.89,283361,738622400.0,-0.47,-1.7830045523520486
2018-09-13,15:00,sz000977,浪潮信息,26.25,26.5,25.0,25.96,476460,1228706432.0,0.07,0.2703746620316724
2018-09-14,15:00,sz000977,浪潮信息,25.9,25.9,23.47,23.6,661789,1624885120.0,-2.36,-9.090909090909092
2018-09-17,15:00,sz000977,浪潮信息,23.01,23.55,22.82,23.18,365913,848992832.0,-0.42,-1.779661016949153
2018-09-18,15:00,sz000977,浪潮信息,23.16,23.86,23.11,23.83,330005,776054976.0,0.65,2.8041415012942195
2018-09-19,15:00,sz000977,浪潮信息,23.7,24.65,23.5,24.13,372586,897735296.0,0.3,1.258917331095258
2018-09-20,15:00,sz000977,浪潮信息,24.09,24.5,23.7,24.05,246953,594088576.0,-0.08,-0.3315375051802735
2018-09-21,15:00,sz000977,浪潮信息,24.09,24.25,23.31,24.21,353456,843047744.0,0.16,0.6652806652806653
2018-09-25,15:00,sz000977,浪潮信息,24.02,24.75,23.91,24.42,335717,820939264.0,0.21,0.8674101610904585
2018-09-26,15:00,sz000977,浪潮信息,24.25,24.71,23.98,24.45,259803,632565568.0,0.03,0.1228501228501228
2018-09-27,15:00,sz000977,浪潮信息,24.49,24.95,24.28,24.35,273816,674023104.0,-0.1,-0.408997955010225
2018-09-28,15:00,sz000977,浪潮信息,24.65,24.65,23.35,24.08,260765,624000768.0,-0.27,-1.108829568788501
2018-10-08,15:00,sz000977,浪潮信息,23.2,23.2,22.07,22.4,302305,689264128.0,-1.68,-6.976744186046512
2018-10-09,15:00,sz000977,浪潮信息,22.5,22.83,21.68,22.27,270437,599069504.0,-0.13,-0.5803571428571429
2018-10-10,15:00,sz000977,浪潮信息,22.3,22.8,21.75,22.49,249366,557155008.0,0.22,0.9878760664571172
2018-10-11,15:00,sz000977,浪潮信息,21.4,21.65,20.24,20.24,411580,859471424.0,-2.25,-10.004446420631393
2018-10-12,15:00,sz000977,浪潮信息,19.95,20.84,19.46,20.48,347761,701590400.0,0.24,1.185770750988142
2018-10-15,15:00,sz000977,浪潮信息,20.48,20.48,18.43,18.43,790385,1522817792.0,-2.05,-10.009765625
2018-10-16,15:00,sz000977,浪潮信息,18.06,18.39,17.32,17.69,605799,1084114944.0,-0.74,-4.015192620727075
2018-10-17,15:00,sz000977,浪潮信息,18.15,18.55,17.6,18.38,613330,1116774528.0,0.69,3.900508762012436
2018-10-18,15:00,sz000977,浪潮信息,18.11,18.57,17.77,18.17,424094,772167424.0,-0.21,-1.1425462459194775
2018-10-19,15:00,sz000977,浪潮信息,17.62,19.29,17.62,19.08,537760,1007212224.0,0.91,5.008255365987893
2018-10-22,15:00,sz000977,浪潮信息,19.5,20.58,19.14,20.08,713952,1423171968.0,1.0,5.241090146750524
2018-10-23,15:00,sz000977,浪潮信息,20.0,20.14,19.1,19.28,444913,869884992.0,-0.8,-3.98406374501992
2018-10-24,15:00,sz000977,浪潮信息,19.21,19.49,18.58,18.94,347764,660257216.0,-0.34,-1.7634854771784232
2018-10-25,15:00,sz000977,浪潮信息,18.0,18.16,17.05,17.64,732881,1283957120.0,-1.3,-6.863780359028511
2018-10-26,15:00,sz000977,浪潮信息,17.95,18.19,17.26,17.65,419778,745758400.0,0.01,0.0566893424036281
2018-10-29,15:00,sz000977,浪潮信息,17.6,17.9,16.88,17.36,339698,592719936.0,-0.29,-1.643059490084986
2018-10-30,15:00,sz000977,浪潮信息,17.6,18.16,16.91,17.98,504913,891944704.0,0.62,3.571428571428571
2018-10-31,15:00,sz000977,浪潮信息,18.05,18.44,17.72,18.12,467315,843268992.0,0.14,0.778642936596218
2018-11-01,15:00,sz000977,浪潮信息,18.81,19.42,18.63,18.82,755153,1429124480.0,0.7,3.863134657836645
2018-11-02,15:00,sz000977,浪潮信息,19.5,19.69,18.91,19.51,684172,1321633664.0,0.69,3.6663124335812967
2018-11-05,15:00,sz000977,浪潮信息,19.25,19.65,18.76,19.31,484861,932855872.0,-0.2,-1.0251153254741157
2018-11-06,15:00,sz000977,浪潮信息,19.09,19.18,18.64,19.0,317244,598288000.0,-0.31,-1.605385810460901
2018-11-07,15:00,sz000977,浪潮信息,18.96,19.95,18.95,19.4,644891,1260016256.0,0.4,2.1052631578947367
2018-11-08,15:00,sz000977,浪潮信息,19.69,19.74,18.75,18.86,442776,848376640.0,-0.54,-2.783505154639176
2018-11-09,15:00,sz000977,浪潮信息,18.66,19.31,18.56,18.97,321697,611676352.0,0.11,0.5832449628844115
2018-11-12,15:00,sz000977,浪潮信息,18.8,19.7,18.68,19.7,486492,941101120.0,0.73,3.848181338956247
2018-11-13,15:00,sz000977,浪潮信息,19.38,19.74,19.17,19.58,485315,945412992.0,-0.12,-0.6091370558375634
2018-11-14,15:00,sz000977,浪潮信息,19.5,19.97,19.17,19.82,536779,1049139136.0,0.24,1.2257405515832482
2018-11-15,15:00,sz000977,浪潮信息,19.68,20.28,19.45,20.2,578139,1150473088.0,0.38,1.917255297679112
2018-11-16,15:00,sz000977,浪潮信息,20.3,20.94,20.1,20.32,580695,1186449152.0,0.12,0.594059405940594
2018-11-19,15:00,sz000977,浪潮信息,20.15,20.35,19.89,20.09,343396,688333632.0,-0.23,-1.1318897637795275
2018-11-20,15:00,sz000977,浪潮信息,19.82,20.04,19.2,19.3,376656,741012480.0,-0.79,-3.932304629168741
2018-11-21,15:00,sz000977,浪潮信息,18.86,19.03,18.22,18.66,518544,965526208.0,-0.64,-3.316062176165803
2018-11-22,15:00,sz000977,浪潮信息,18.71,18.83,18.38,18.56,280549,521402304.0,-0.1,-0.5359056806002144
2018-11-23,15:00,sz000977,浪潮信息,18.55,18.64,17.7,17.77,391414,704881536.0,-0.79,-4.256465517241379
2018-11-26,15:00,sz000977,浪潮信息,17.65,17.92,17.28,17.51,307359,539777408.0,-0.26,-1.463140123804164
2018-11-27,15:00,sz000977,浪潮信息,17.65,18.05,17.61,17.86,315911,563245696.0,0.35,1.9988577955454023
2018-11-28,15:00,sz000977,浪潮信息,17.84,18.25,17.46,18.24,362922,650606528.0,0.38,2.127659574468085
2018-11-29,15:00,sz000977,浪潮信息,18.35,18.4,17.54,17.56,385365,690516096.0,-0.68,-3.728070175438596
2018-11-30,15:00,sz000977,浪潮信息,17.44,17.72,17.13,17.56,295568,514592256.0,0.0,0.0
2018-12-03,15:00,sz000977,浪潮信息,18.2,18.66,18.03,18.5,563096,1032329984.0,0.94,5.353075170842825
2018-12-04,15:00,sz000977,浪潮信息,18.38,18.49,18.16,18.32,322281,590208704.0,-0.18,-0.9729729729729728
2018-12-05,15:00,sz000977,浪潮信息,17.9,18.2,17.7,18.1,289452,519097056.0,-0.22,-1.2008733624454149
2018-12-06,15:00,sz000977,浪潮信息,17.77,18.12,17.57,17.77,305836,544040128.0,-0.33,-1.8232044198895028
2018-12-07,15:00,sz000977,浪潮信息,17.98,17.98,17.66,17.7,183140,326039776.0,-0.07,-0.393922341024198
2018-12-10,15:00,sz000977,浪潮信息,17.45,17.58,17.26,17.36,203936,355221024.0,-0.34,-1.92090395480226
2018-12-11,15:00,sz000977,浪潮信息,17.45,17.53,17.31,17.49,155724,271143360.0,0.13,0.748847926267281
2018-12-12,15:00,sz000977,浪潮信息,17.54,17.6,17.37,17.4,143539,250574144.0,-0.09,-0.5145797598627788
2018-12-13,15:00,sz000977,浪潮信息,17.48,18.15,17.27,18.09,507413,905804608.0,0.69,3.9655172413793114
2018-12-14,15:00,sz000977,浪潮信息,17.99,18.0,17.38,17.43,356815,631727296.0,-0.66,-3.648424543946932
2018-12-17,15:00,sz000977,浪潮信息,17.3,17.56,17.15,17.52,221245,383780544.0,0.09,0.5163511187607573
2018-12-18,15:00,sz000977,浪潮信息,17.36,17.61,17.21,17.29,219385,381296192.0,-0.23,-1.3127853881278535
2018-12-19,15:00,sz000977,浪潮信息,17.49,17.49,17.26,17.33,159787,277152416.0,0.04,0.2313475997686523
2018-12-20,15:00,sz000977,浪潮信息,17.24,17.53,17.19,17.48,244502,424635296.0,0.15,0.8655510675129832
2018-12-21,15:00,sz000977,浪潮信息,17.34,17.7,17.34,17.61,307253,539097728.0,0.13,0.7437070938215103
2018-12-24,15:00,sz000977,浪潮信息,17.59,17.95,17.51,17.92,306564,545206144.0,0.31,1.7603634298693924
2018-12-25,15:00,sz000977,浪潮信息,17.69,17.9,17.11,17.77,380158,664473792.0,-0.15,-0.8370535714285714
2018-12-26,15:00,sz000977,浪潮信息,17.6,18.05,17.42,17.68,379999,676509632.0,-0.09,-0.5064715813168261
2018-12-27,15:00,sz000977,浪潮信息,17.98,18.06,17.0,17.05,454243,800187008.0,-0.63,-3.5633484162895925
2018-12-28,15:00,sz000977,浪潮信息,17.07,17.08,15.61,15.92,595203,959200768.0,-1.13,-6.627565982404692
2019-01-02,15:00,sz000977,浪潮信息,15.92,15.97,15.6,15.84,253458,400584384.0,-0.08,-0.5025125628140703
2019-01-03,15:00,sz000977,浪潮信息,15.83,16.06,15.52,15.53,238325,376197376.0,-0.31,-1.9570707070707072
2019-01-04,15:00,sz000977,浪潮信息,15.29,16.23,15.21,16.16,353985,561582528.0,0.63,4.056664520283323
2019-01-07,15:00,sz000977,浪潮信息,16.17,16.55,16.1,16.47,359403,588348544.0,0.31,1.918316831683168
2019-01-08,15:00,sz000977,浪潮信息,16.4,16.52,16.14,16.25,217537,354714528.0,-0.22,-1.3357619914996963
2019-01-09,15:00,sz000977,浪潮信息,16.3,16.73,16.14,16.34,306186,503484512.0,0.09,0.5538461538461538
2019-01-10,15:00,sz000977,浪潮信息,16.28,16.43,15.91,15.97,242112,392819680.0,-0.37,-2.2643818849449207
2019-01-11,15:00,sz000977,浪潮信息,16.0,16.31,15.93,16.11,225114,362630176.0,0.14,0.8766437069505322
2019-01-14,15:00,sz000977,浪潮信息,16.13,16.15,15.75,15.8,173381,275517408.0,-0.31,-1.9242706393544384
2019-01-15,15:00,sz000977,浪潮信息,15.8,16.37,15.72,16.33,305522,492340544.0,0.53,3.354430379746835
2019-01-16,15:00,sz000977,浪潮信息,16.33,17.35,16.26,16.6,551301,928225088.0,0.27,1.653398652786283
2019-01-17,15:00,sz000977,浪潮信息,16.59,16.71,16.31,16.36,247197,406858368.0,-0.24,-1.4457831325301205
2019-01-18,15:00,sz000977,浪潮信息,16.36,16.47,16.08,16.43,222209,362572928.0,0.07,0.4278728606356968
2019-01-21,15:00,sz000977,浪潮信息,16.44,16.84,16.31,16.72,295373,491603936.0,0.29,1.7650639074863057
2019-01-22,15:00,sz000977,浪潮信息,16.65,16.69,16.28,16.41,208272,342985504.0,-0.31,-1.8540669856459329
2019-01-23,15:00,sz000977,浪潮信息,16.33,16.38,16.15,16.26,128964,209588000.0,-0.15,-0.9140767824497258
2019-01-24,15:00,sz000977,浪潮信息,16.3,17.1,16.2,16.72,520034,872082880.0,0.46,2.8290282902829027
2019-01-25,15:00,sz000977,浪潮信息,16.67,16.97,16.5,16.71,335830,562107456.0,-0.01,-0.0598086124401913
2019-01-28,15:00,sz000977,浪潮信息,16.89,17.17,16.7,16.81,326908,553521792.0,0.1,0.5984440454817475
2019-01-29,15:00,sz000977,浪潮信息,16.73,16.85,16.13,16.61,298287,492466496.0,-0.2,-1.189767995240928
2019-01-30,15:00,sz000977,浪潮信息,16.64,17.02,16.53,16.71,303590,510767584.0,0.1,0.6020469596628537
2019-01-31,15:00,sz000977,浪潮信息,17.35,17.5,16.93,16.95,497776,854693888.0,0.24,1.436265709156194
2019-02-01,15:00,sz000977,浪潮信息,17.12,18.04,17.0,17.93,525081,921579136.0,0.98,5.781710914454277
2019-02-11,15:00,sz000977,浪潮信息,18.07,19.0,18.07,18.82,677511,1256614016.0,0.89,4.963747908533184
2019-02-12,15:00,sz000977,浪潮信息,18.78,19.15,18.7,18.97,517224,979438656.0,0.15,0.7970244420828906
2019-02-13,15:00,sz000977,浪潮信息,18.97,19.58,18.86,19.33,570856,1101022464.0,0.36,1.8977332630469164
2019-02-14,15:00,sz000977,浪潮信息,19.3,19.55,19.04,19.31,397616,767568128.0,-0.02,-0.1034661148473874
2019-02-15,15:00,sz000977,浪潮信息,19.21,19.95,19.08,19.09,508062,990977920.0,-0.22,-1.1393060590367683
2019-02-18,15:00,sz000977,浪潮信息,19.5,20.17,19.25,20.17,613361,1211498496.0,1.08,5.657412257726559
2019-02-19,15:00,sz000977,浪潮信息,20.19,20.88,19.76,20.11,706116,1421871488.0,-0.06,-0.2974714923153198
2019-02-20,15:00,sz000977,浪潮信息,20.0,20.08,19.4,19.83,454929,897772416.0,-0.28,-1.39234211834908
2019-02-21,15:00,sz000977,浪潮信息,19.7,20.37,19.52,19.75,525319,1047708160.0,-0.08,-0.4034291477559254
2019-02-22,15:00,sz000977,浪潮信息,19.64,20.5,19.6,20.49,576961,1157065984.0,0.74,3.746835443037975
2019-02-25,15:00,sz000977,浪潮信息,21.3,22.5,20.88,22.31,978308,2118011648.0,1.82,8.882381649585163
2019-02-26,15:00,sz000977,浪潮信息,22.5,22.86,21.32,21.89,770625,1705263872.0,-0.42,-1.882563872702824
2019-02-27,15:00,sz000977,浪潮信息,21.8,22.55,21.23,21.66,605116,1324577664.0,-0.23,-1.0507080858839652
2019-02-28,15:00,sz000977,浪潮信息,21.56,21.88,21.02,21.52,432368,925952576.0,-0.14,-0.6463527239150507
2019-03-01,15:00,sz000977,浪潮信息,21.73,21.79,21.1,21.55,353285,755792640.0,0.03,0.1394052044609665
2019-03-04,15:00,sz000977,浪潮信息,23.4,23.71,22.27,23.71,1503209,3495555328.0,2.16,10.023201856148493
2019-03-05,15:00,sz000977,浪潮信息,23.72,25.5,23.41,25.09,1319598,3248447232.0,1.38,5.820328975115984
2019-03-06,15:00,sz000977,浪潮信息,26.3,27.6,25.37,27.6,1622589,4248887808.0,2.51,10.003985651654046
2019-03-07,15:00,sz000977,浪潮信息,27.82,30.33,26.96,29.18,1783518,5099784704.0,1.58,5.72463768115942
2019-03-08,15:00,sz000977,浪潮信息,27.12,29.5,26.26,26.4,1767565,4917458944.0,-2.78,-9.527073337902674
2019-03-11,15:00,sz000977,浪潮信息,27.6,27.99,25.17,26.96,1280582,3425819648.0,0.56,2.121212121212121
2019-03-12,15:00,sz000977,浪潮信息,27.1,28.05,26.8,27.98,1315772,3627215872.0,1.02,3.783382789317508
2019-03-13,15:00,sz000977,浪潮信息,27.3,27.3,25.18,25.3,1300305,3396774144.0,-2.68,-9.578270192994996
2019-03-14,15:00,sz000977,浪潮信息,24.9,25.38,23.66,24.36,850372,2068175232.0,-0.94,-3.7154150197628457
2019-03-15,15:00,sz000977,浪潮信息,24.7,24.8,23.95,24.09,587247,1428390144.0,-0.27,-1.1083743842364533
2019-03-18,15:00,sz000977,浪潮信息,24.4,24.91,24.21,24.9,679629,1673903360.0,0.81,3.3623910336239105
2019-03-19,15:00,sz000977,浪潮信息,25.05,26.19,24.75,25.25,880986,2247142144.0,0.35,1.4056224899598393
2019-03-20,15:00,sz000977,浪潮信息,25.45,25.45,24.31,24.95,587222,1458813312.0,-0.3,-1.188118811881188
2019-03-21,15:00,sz000977,浪潮信息,25.3,25.98,25.01,25.62,921894,2366475776.0,0.67,2.685370741482966
2019-03-22,15:00,sz000977,浪潮信息,25.45,25.56,24.57,25.18,607928,1523813888.0,-0.44,-1.717408274785324
2019-03-25,15:00,sz000977,浪潮信息,24.8,25.8,24.18,25.19,831185,2091749888.0,0.01,0.0397140587768069
2019-03-26,15:00,sz000977,浪潮信息,25.42,25.98,24.68,24.98,881954,2244634368.0,-0.21,-0.833664152441445
2019-03-27,15:00,sz000977,浪潮信息,25.26,25.27,22.9,23.8,758645,1813893248.0,-1.18,-4.723779023218575
2019-03-28,15:00,sz000977,浪潮信息,23.49,24.3,23.27,23.78,442711,1057912896.0,-0.02,-0.0840336134453781
2019-03-29,15:00,sz000977,浪潮信息,24.05,25.32,23.23,25.0,827340,2019406208.0,1.22,5.130361648444071
2019-04-01,15:00,sz000977,浪潮信息,25.5,27.4,25.42,26.96,1096919,2918667776.0,1.96,7.84
2019-04-02,15:00,sz000977,浪潮信息,26.44,27.3,26.34,26.53,957494,2572393728.0,-0.43,-1.5949554896142433
2019-04-03,15:00,sz000977,浪潮信息,26.59,26.85,26.18,26.72,581116,1541428480.0,0.19,0.7161703731624576
2019-04-04,15:00,sz000977,浪潮信息,26.75,27.19,26.18,26.66,694220,1855393408.0,-0.06,-0.2245508982035928
2019-04-08,15:00,sz000977,浪潮信息,26.66,26.75,25.0,25.45,723596,1860934656.0,-1.21,-4.538634658664666
2019-04-09,15:00,sz000977,浪潮信息,25.66,25.99,25.26,25.73,397589,1021484096.0,0.28,1.100196463654224
2019-04-10,15:00,sz000977,浪潮信息,25.5,25.88,24.91,25.54,445663,1133734656.0,-0.19,-0.7384376214535562
2019-04-11,15:00,sz000977,浪潮信息,25.6,25.68,24.3,24.39,444995,1103827712.0,-1.15,-4.502740798747063
2019-04-12,15:00,sz000977,浪潮信息,24.42,24.8,24.38,24.63,231523,568520448.0,0.24,0.984009840098401
2019-04-15,15:00,sz000977,浪潮信息,25.49,27.09,25.49,25.8,1262016,3345279744.0,1.17,4.750304506699147
2019-04-16,15:00,sz000977,浪潮信息,25.78,28.26,25.53,27.62,1339801,3622136576.0,1.82,7.054263565891474
2019-04-17,15:00,sz000977,浪潮信息,27.33,27.56,26.63,26.99,907333,2449904384.0,-0.63,-2.280955829109341
2019-04-18,15:00,sz000977,浪潮信息,26.75,27.45,26.63,26.89,582642,1573972352.0,-0.1,-0.3705075954057058
2019-04-19,15:00,sz000977,浪潮信息,26.97,27.45,26.79,27.15,461627,1250831232.0,0.26,0.9669021941242096
2019-04-22,15:00,sz000977,浪潮信息,27.18,27.58,26.21,27.01,632789,1706823936.0,-0.14,-0.5156537753222836
2019-04-23,15:00,sz000977,浪潮信息,26.59,26.66,25.72,26.02,512061,1337852928.0,-0.99,-3.6653091447612
2019-04-24,15:00,sz000977,浪潮信息,26.25,28.62,25.86,28.62,755661,2078657152.0,2.6,9.992313604919293
2019-04-25,15:00,sz000977,浪潮信息,29.3,29.98,28.15,28.25,1550637,4527818752.0,-0.37,-1.2928022361984626
2019-04-26,15:00,sz000977,浪潮信息,28.81,30.88,28.36,29.09,1546811,4560108032.0,0.84,2.9734513274336285
2019-04-29,15:00,sz000977,浪潮信息,29.47,29.7,26.18,26.18,1245568,3387790848.0,-2.91,-10.003437607425232
2019-04-30,15:00,sz000977,浪潮信息,25.7,26.85,24.9,25.49,761227,1970916224.0,-0.69,-2.635599694423224
2019-05-06,15:00,sz000977,浪潮信息,24.16,24.68,22.94,22.94,850734,2006181248.0,-2.55,-10.003923107100825
2019-05-07,15:00,sz000977,浪潮信息,23.37,23.87,22.77,23.36,600942,1400458368.0,0.42,1.8308631211857016
2019-05-08,15:00,sz000977,浪潮信息,22.75,24.3,22.5,23.44,642837,1515271424.0,0.08,0.3424657534246575
2019-05-09,15:00,sz000977,浪潮信息,23.25,24.05,23.18,23.54,496603,1173285760.0,0.1,0.4266211604095563
2019-05-10,15:00,sz000977,浪潮信息,23.8,25.44,23.28,25.18,874685,2145475584.0,1.64,6.966864910790145
2019-05-13,15:00,sz000977,浪潮信息,24.59,25.0,24.41,24.56,487930,1204320896.0,-0.62,-2.4622716441620334
2019-05-14,15:00,sz000977,浪潮信息,24.6,24.95,24.4,24.52,436761,1076363648.0,-0.04,-0.1628664495114006
2019-05-15,15:00,sz000977,浪潮信息,24.8,25.2,24.55,25.1,491392,1222557824.0,0.58,2.365415986949429
2019-05-16,15:00,sz000977,浪潮信息,25.03,25.03,24.2,24.41,490475,1200488832.0,-0.69,-2.749003984063745
2019-05-17,15:00,sz000977,浪潮信息,24.7,25.35,23.25,23.5,626604,1531883648.0,-0.91,-3.727980335927898
2019-05-20,15:00,sz000977,浪潮信息,23.98,24.48,23.64,24.3,493956,1190100736.0,0.8,3.404255319148936
2019-05-21,15:00,sz000977,浪潮信息,24.0,24.98,23.42,24.61,609084,1486678272.0,0.31,1.2757201646090537
2019-05-22,15:00,sz000977,浪潮信息,24.61,26.28,24.12,25.78,891320,2227454208.0,1.17,4.754164973587972
2019-05-23,15:00,sz000977,浪潮信息,25.39,25.39,24.0,24.22,815265,2020994816.0,-1.56,-6.051202482544609
2019-05-24,15:00,sz000977,浪潮信息,23.95,24.52,23.37,23.47,455175,1085931392.0,-0.75,-3.096614368290669
2019-05-27,15:00,sz000977,浪潮信息,23.44,24.8,23.38,24.5,551897,1337894528.0,1.03,4.388581167447806
2019-05-28,15:00,sz000977,浪潮信息,24.35,26.38,24.35,25.3,757434,1892821504.0,0.8,3.26530612244898
2019-05-29,15:00,sz000977,浪潮信息,24.6,25.15,24.48,24.8,486686,1206189696.0,-0.5,-1.9762845849802373
2019-05-30,15:00,sz000977,浪潮信息,24.8,24.8,23.73,24.31,389681,942691968.0,-0.49,-1.975806451612903
2019-05-31,15:00,sz000977,浪潮信息,24.26,24.54,23.91,24.07,289298,702292928.0,-0.24,-0.9872480460715756
2019-06-03,15:00,sz000977,浪潮信息,24.39,24.73,24.05,24.29,387614,944597760.0,0.22,0.9140008309098464
2019-06-04,15:00,sz000977,浪潮信息,24.15,24.24,23.41,23.64,310909,740827776.0,-0.65,-2.675998353231783
2019-06-05,15:00,sz000977,浪潮信息,24.0,24.22,23.7,23.71,256585,614212288.0,0.07,0.2961082910321489
2019-06-06,15:00,sz000977,浪潮信息,23.85,24.09,23.41,23.5,284610,675144576.0,-0.21,-0.8857022353437369
2019-06-10,15:00,sz000977,浪潮信息,23.78,24.08,23.56,23.89,248166,591999488.0,0.39,1.659574468085106
2019-06-11,15:00,sz000977,浪潮信息,23.85,24.95,23.62,24.86,542936,1330521984.0,0.97,4.060276266220176
2019-06-12,15:00,sz000977,浪潮信息,24.8,24.82,24.41,24.43,362112,890560640.0,-0.43,-1.7296862429605793
2019-06-13,15:00,sz000977,浪潮信息,24.75,25.4,24.52,24.95,654074,1642049024.0,0.52,2.1285304952926727
2019-06-14,15:00,sz000977,浪潮信息,24.73,25.1,24.25,24.27,357320,879978880.0,-0.68,-2.7254509018036077
2019-06-17,15:00,sz000977,浪潮信息,24.27,24.36,23.51,24.0,266780,639321984.0,-0.27,-1.112484548825711
2019-06-18,15:00,sz000977,浪潮信息,24.1,24.32,23.91,24.16,172683,416537088.0,0.16,0.6666666666666667
2019-06-19,15:00,sz000977,浪潮信息,24.99,25.12,24.23,24.26,516187,1273709440.0,0.1,0.4139072847682119
2019-06-20,15:00,sz000977,浪潮信息,24.27,24.96,24.07,24.76,467146,1150883712.0,0.5,2.061005770816158
2019-06-21,15:00,sz000977,浪潮信息,24.99,25.87,24.81,25.81,852221,2170092288.0,1.05,4.240710823909531
2019-06-24,15:00,sz000977,浪潮信息,25.6,25.87,24.93,25.31,641654,1626138880.0,-0.5,-1.9372336303758235
2019-06-25,15:00,sz000977,浪潮信息,25.26,25.26,23.0,23.98,900733,2155480320.0,-1.33,-5.25483998419597
2019-06-26,15:00,sz000977,浪潮信息,23.8,24.05,23.52,23.62,366706,870104768.0,-0.36,-1.5012510425354462
2019-06-27,15:00,sz000977,浪潮信息,23.88,24.14,23.7,24.04,382920,918256448.0,0.42,1.7781541066892466
2019-06-28,15:00,sz000977,浪潮信息,24.0,24.25,23.67,23.86,336075,804038848.0,-0.18,-0.7487520798668885
2019-07-01,15:00,sz000977,浪潮信息,24.8,25.15,24.44,25.02,774336,1926847872.0,1.16,4.861693210393965
2019-07-02,15:00,sz000977,浪潮信息,24.83,24.98,24.45,24.61,436467,1076002560.0,-0.41,-1.638689048760991
2019-07-03,15:00,sz000977,浪潮信息,24.53,24.54,23.91,24.03,332624,800959936.0,-0.58,-2.356765542462414
2019-07-04,15:00,sz000977,浪潮信息,24.15,24.35,24.0,24.29,240921,582431744.0,0.26,1.0819808572617562
2019-07-05,15:00,sz000977,浪潮信息,24.3,24.33,24.07,24.2,158719,383962880.0,-0.09,-0.370522848909016
2019-07-08,15:00,sz000977,浪潮信息,24.16,24.16,23.32,23.34,295825,697506048.0,-0.86,-3.553719008264463
2019-07-09,15:00,sz000977,浪潮信息,23.41,23.57,23.08,23.48,163872,383154592.0,0.14,0.5998286203941731
2019-07-10,15:00,sz000977,浪潮信息,23.59,23.64,23.28,23.37,139990,328564320.0,-0.11,-0.4684838160136286
2019-07-11,15:00,sz000977,浪潮信息,23.5,23.55,22.95,23.08,183739,427281504.0,-0.29,-1.2409071459135643
2019-07-12,15:00,sz000977,浪潮信息,23.09,23.33,23.01,23.07,171662,396846912.0,-0.01,-0.0433275563258232
2019-07-15,15:00,sz000977,浪潮信息,23.05,24.08,22.7,23.64,329464,772804288.0,0.57,2.4707412223667102
2019-07-16,15:00,sz000977,浪潮信息,23.6,23.83,23.49,23.67,156288,369738752.0,0.03,0.1269035532994923
2019-07-17,15:00,sz000977,浪潮信息,23.62,24.05,23.56,23.76,262107,625371136.0,0.09,0.3802281368821292
2019-07-18,15:00,sz000977,浪潮信息,22.0,22.28,21.38,21.38,897724,1953234560.0,-2.38,-10.016835016835016
2019-07-19,15:00,sz000977,浪潮信息,21.2,21.2,20.5,20.83,565684,1174330496.0,-0.55,-2.5724976613657624
2019-07-22,15:00,sz000977,浪潮信息,20.83,20.83,19.86,20.28,270950,553002624.0,-0.55,-2.640422467594816
2019-07-23,15:00,sz000977,浪潮信息,20.32,20.88,20.3,20.79,261472,541340160.0,0.51,2.514792899408284
2019-07-24,15:00,sz000977,浪潮信息,20.87,21.33,20.78,21.07,311861,659281344.0,0.28,1.3468013468013469
2019-07-25,15:00,sz000977,浪潮信息,21.17,21.59,21.0,21.37,297511,634818112.0,0.3,1.4238253440911248
2019-07-26,15:00,sz000977,浪潮信息,21.21,21.45,21.15,21.33,170493,363317184.0,-0.04,-0.187178287318671
2019-07-29,15:00,sz000977,浪潮信息,21.48,21.48,21.06,21.2,184982,392646496.0,-0.13,-0.6094702297233943
2019-07-30,15:00,sz000977,浪潮信息,21.3,21.57,21.18,21.3,203201,434810848.0,0.1,0.4716981132075472
2019-07-31,15:00,sz000977,浪潮信息,21.29,21.54,20.9,21.38,269629,575752000.0,0.08,0.3755868544600939
2019-08-01,15:00,sz000977,浪潮信息,21.37,21.68,21.2,21.63,242200,520978592.0,0.25,1.1693171188026192
2019-08-02,15:00,sz000977,浪潮信息,21.05,21.44,21.0,21.23,211625,448981408.0,-0.4,-1.8492834026814609
2019-08-05,15:00,sz000977,浪潮信息,21.3,21.7,21.0,21.14,259795,553903296.0,-0.09,-0.4239284032030146
2019-08-06,15:00,sz000977,浪潮信息,20.6,20.6,19.48,20.29,376510,756100736.0,-0.85,-4.02081362346263
2019-08-07,15:00,sz000977,浪潮信息,20.46,20.46,19.79,19.94,178386,358561856.0,-0.35,-1.724987678659438
2019-08-08,15:00,sz000977,浪潮信息,20.16,20.37,19.9,20.25,173056,348622848.0,0.31,1.5546639919759278
2019-08-09,15:00,sz000977,浪潮信息,20.41,20.59,19.88,20.07,187168,379345984.0,-0.18,-0.8888888888888888
2019-08-12,15:00,sz000977,浪潮信息,20.31,20.41,19.74,20.41,220035,442000992.0,0.34,1.6940707523667164
2019-08-13,15:00,sz000977,浪潮信息,20.24,20.4,19.97,20.02,162952,327775136.0,-0.39,-1.910828025477707
2019-08-14,15:00,sz000977,浪潮信息,20.59,20.59,20.05,20.08,216355,439489920.0,0.06,0.2997002997002997
2019-08-15,15:00,sz000977,浪潮信息,19.48,20.62,19.37,20.61,350808,705890624.0,0.53,2.639442231075697
2019-08-16,15:00,sz000977,浪潮信息,20.52,22.32,20.4,22.01,710681,1531964672.0,1.4,6.792819019893255
2019-08-19,15:00,sz000977,浪潮信息,22.79,24.21,22.78,24.21,785392,1856321408.0,2.2,9.995456610631532
2019-08-20,15:00,sz000977,浪潮信息,24.71,24.89,24.22,24.63,843746,2073756928.0,0.42,1.734820322180917
2019-08-21,15:00,sz000977,浪潮信息,24.53,25.11,24.31,24.71,553034,1368381952.0,0.08,0.3248071457572066
2019-08-22,15:00,sz000977,浪潮信息,24.73,25.1,24.47,24.82,433557,1075460352.0,0.11,0.4451639012545528
2019-08-23,15:00,sz000977,浪潮信息,24.9,25.82,24.82,25.06,608248,1541119488.0,0.24,0.9669621273166802
2019-08-26,15:00,sz000977,浪潮信息,24.55,25.31,24.13,24.4,518511,1274332416.0,-0.66,-2.6336791699920195
2019-08-27,15:00,sz000977,浪潮信息,25.03,26.06,24.8,25.49,704303,1793550464.0,1.09,4.467213114754099
2019-08-28,15:00,sz000977,浪潮信息,25.58,25.6,24.62,25.05,489745,1229374080.0,-0.44,-1.726167124362495
2019-08-29,15:00,sz000977,浪潮信息,25.3,26.14,25.06,25.2,712257,1826241792.0,0.15,0.5988023952095809
2019-08-30,15:00,sz000977,浪潮信息,25.7,26.95,25.18,25.5,824365,2150492928.0,0.3,1.1904761904761905
2019-09-02,15:00,sz000977,浪潮信息,25.9,27.22,25.17,26.89,823668,2160650496.0,1.39,5.450980392156863
2019-09-03,15:00,sz000977,浪潮信息,26.6,27.46,26.21,26.72,654827,1748627840.0,-0.17,-0.6322052807735217
2019-09-04,15:00,sz000977,浪潮信息,26.5,27.71,26.36,27.24,645369,1745854208.0,0.52,1.9461077844311376
2019-09-05,15:00,sz000977,浪潮信息,27.1,27.76,26.85,26.95,651049,1771489792.0,-0.29,-1.064610866372981
2019-09-06,15:00,sz000977,浪潮信息,27.0,27.52,26.03,26.55,541491,1451636608.0,-0.4,-1.4842300556586272
2019-09-09,15:00,sz000977,浪潮信息,26.98,27.8,26.66,27.8,617678,1688684800.0,1.25,4.708097928436912
2019-09-10,15:00,sz000977,浪潮信息,28.1,28.12,26.3,26.97,510685,1381358464.0,-0.83,-2.985611510791367
2019-09-11,15:00,sz000977,浪潮信息,27.0,27.52,26.62,26.68,356212,963916032.0,-0.29,-1.0752688172043012
2019-09-12,15:00,sz000977,浪潮信息,26.8,26.88,26.23,26.61,240161,639286976.0,-0.07,-0.2623688155922039
2019-09-16,15:00,sz000977,浪潮信息,26.7,27.15,26.09,26.79,350907,934978304.0,0.18,0.6764374295377678
2019-09-17,15:00,sz000977,浪潮信息,26.8,26.8,25.19,25.44,471811,1216904576.0,-1.35,-5.039193729003359
2019-09-18,15:00,sz000977,浪潮信息,25.68,25.68,25.11,25.34,245624,623980992.0,-0.1,-0.3930817610062893
2019-09-19,15:00,sz000977,浪潮信息,25.35,25.95,24.99,25.85,364977,934976256.0,0.51,2.0126282557221784
2019-09-20,15:00,sz000977,浪潮信息,28.44,28.44,27.98,28.44,970704,2757778688.0,2.59,10.01934235976789
2019-09-23,15:00,sz000977,浪潮信息,27.8,27.8,25.99,26.6,1094901,2938572032.0,-1.84,-6.469760900140647
2019-09-24,15:00,sz000977,浪潮信息,26.58,29.02,26.38,28.28,1138089,3147759360.0,1.68,6.315789473684211
2019-09-25,15:00,sz000977,浪潮信息,27.96,29.27,27.4,29.17,997428,2840969984.0,0.89,3.147100424328147
2019-09-26,15:00,sz000977,浪潮信息,28.77,29.1,26.8,27.0,887424,2460828928.0,-2.17,-7.43914981145012
2019-09-27,15:00,sz000977,浪潮信息,26.95,27.63,26.28,27.13,439583,1189745408.0,0.13,0.4814814814814815
2019-09-30,15:00,sz000977,浪潮信息,27.1,27.1,25.68,25.7,375378,985041792.0,-1.43,-5.270917803169923
2019-10-08,15:00,sz000977,浪潮信息,25.92,26.17,24.8,24.8,323967,826116288.0,-0.9,-3.501945525291829
2019-10-09,15:00,sz000977,浪潮信息,24.79,25.32,24.18,25.2,283675,705956672.0,0.4,1.6129032258064515
2019-10-10,15:00,sz000977,浪潮信息,25.25,26.18,25.02,25.97,349620,895437824.0,0.77,3.055555555555556
2019-10-11,15:00,sz000977,浪潮信息,26.02,26.71,26.0,26.59,371653,983653632.0,0.62,2.387370042356565
2019-10-14,15:00,sz000977,浪潮信息,27.05,27.5,26.7,26.9,368267,996395520.0,0.31,1.1658518239939826
2019-10-15,15:00,sz000977,浪潮信息,26.89,26.89,25.59,25.83,333702,869345088.0,-1.07,-3.977695167286245
2019-10-16,15:00,sz000977,浪潮信息,26.15,26.16,25.33,25.47,269957,694038976.0,-0.36,-1.3937282229965158
2019-10-17,15:00,sz000977,浪潮信息,25.46,25.75,25.1,25.42,207775,527790304.0,-0.05,-0.1963093835885355
2019-10-18,15:00,sz000977,浪潮信息,25.43,25.48,24.5,24.76,297558,741234304.0,-0.66,-2.5963808025177024
2019-10-21,15:00,sz000977,浪潮信息,24.77,25.43,24.29,25.33,232286,578556864.0,0.57,2.3021001615508885
2019-10-22,15:00,sz000977,浪潮信息,25.13,25.53,24.98,25.4,239741,605005504.0,0.07,0.2763521515988946
2019-10-23,15:00,sz000977,浪潮信息,25.3,25.45,24.45,24.56,237392,590648704.0,-0.84,-3.307086614173228
2019-10-24,15:00,sz000977,浪潮信息,24.45,24.45,23.68,24.1,263277,633099968.0,-0.46,-1.872964169381108
2019-10-25,15:00,sz000977,浪潮信息,24.19,24.88,23.9,24.79,228777,558873472.0,0.69,2.863070539419087
2019-10-28,15:00,sz000977,浪潮信息,26.65,26.65,25.49,25.9,589938,1536324992.0,1.11,4.477611940298507
2019-10-29,15:00,sz000977,浪潮信息,26.26,26.58,25.78,25.88,394524,1032539136.0,-0.02,-0.0772200772200772
2019-10-30,15:00,sz000977,浪潮信息,26.0,26.08,25.25,25.42,243996,624367936.0,-0.46,-1.777434312210201
2019-10-31,15:00,sz000977,浪潮信息,26.55,27.16,26.3,26.39,617776,1653430784.0,0.97,3.8158929976396543
2019-11-01,15:00,sz000977,浪潮信息,26.55,27.1,26.37,26.71,347407,930041792.0,0.32,1.2125805229253506
2019-11-04,15:00,sz000977,浪潮信息,26.79,29.38,26.77,28.45,961286,2753356544.0,1.74,6.514414077124672
2019-11-05,15:00,sz000977,浪潮信息,28.77,29.21,28.53,29.03,637629,1842147200.0,0.58,2.038664323374341
2019-11-06,15:00,sz000977,浪潮信息,28.86,29.28,28.17,28.26,482993,1385316096.0,-0.77,-2.6524285222183948
2019-11-07,15:00,sz000977,浪潮信息,28.49,29.25,28.17,28.97,528429,1518972416.0,0.71,2.5123849964614293
2019-11-08,15:00,sz000977,浪潮信息,29.24,29.39,28.55,28.75,432014,1251108480.0,-0.22,-0.7594062823610631
2019-11-11,15:00,sz000977,浪潮信息,28.58,29.7,28.3,28.95,554831,1615989248.0,0.2,0.6956521739130435
2019-11-12,15:00,sz000977,浪潮信息,28.83,28.83,27.93,28.63,408766,1159214592.0,-0.32,-1.1053540587219344
2019-11-13,15:00,sz000977,浪潮信息,28.59,30.45,28.46,30.36,806534,2412190720.0,1.73,6.042612644079637
2019-11-14,15:00,sz000977,浪潮信息,30.3,30.58,29.91,30.55,529983,1605023360.0,0.19,0.6258234519104084
2019-11-15,15:00,sz000977,浪潮信息,30.22,32.14,30.12,30.5,824028,2574736384.0,-0.05,-0.1636661211129296
2019-11-18,15:00,sz000977,浪潮信息,30.55,32.23,30.55,31.25,705506,2216293120.0,0.75,2.459016393442623
2019-11-19,15:00,sz000977,浪潮信息,30.9,32.5,30.71,32.5,616361,1955949952.0,1.25,4.0
2019-11-20,15:00,sz000977,浪潮信息,32.4,32.92,30.93,30.98,639566,2036646272.0,-1.52,-4.676923076923077
2019-11-21,15:00,sz000977,浪潮信息,30.93,31.53,30.66,31.2,390495,1215237376.0,0.22,0.7101355713363461
2019-11-22,15:00,sz000977,浪潮信息,31.2,31.47,29.17,29.7,773503,2331384064.0,-1.5,-4.807692307692308
2019-11-25,15:00,sz000977,浪潮信息,29.85,30.17,29.19,29.55,504905,1496982784.0,-0.15,-0.5050505050505051
2019-11-26,15:00,sz000977,浪潮信息,29.67,29.8,29.05,29.39,403134,1185757824.0,-0.16,-0.5414551607445008
2019-11-27,15:00,sz000977,浪潮信息,29.15,30.47,28.88,29.98,428305,1278263168.0,0.59,2.0074855392990814
2019-11-28,15:00,sz000977,浪潮信息,29.85,30.33,29.33,29.52,279566,833056768.0,-0.46,-1.534356237491661
2019-11-29,15:00,sz000977,浪潮信息,29.38,30.22,29.31,29.94,252506,751690944.0,0.42,1.4227642276422765
2019-12-02,15:00,sz000977,浪潮信息,29.91,30.66,29.42,30.5,311443,941028160.0,0.56,1.8704074816299263
2019-12-03,15:00,sz000977,浪潮信息,30.21,31.16,29.91,30.83,337478,1030295168.0,0.33,1.0819672131147542
2019-12-04,15:00,sz000977,浪潮信息,30.55,31.1,30.28,30.6,280488,860161920.0,-0.23,-0.7460265974699967
2019-12-05,15:00,sz000977,浪潮信息,30.73,31.55,30.36,31.09,432351,1341384576.0,0.49,1.6013071895424835
2019-12-06,15:00,sz000977,浪潮信息,31.0,31.09,29.29,29.9,648475,1950080256.0,-1.19,-3.827597298166613
2019-12-09,15:00,sz000977,浪潮信息,29.9,31.85,29.5,31.85,678267,2090444800.0,1.95,6.521739130434782
2019-12-10,15:00,sz000977,浪潮信息,31.55,32.44,31.29,32.18,591056,1889348864.0,0.33,1.0361067503924646
2019-12-11,15:00,sz000977,浪潮信息,32.0,32.14,31.02,31.65,363685,1149790592.0,-0.53,-1.646985705407085
2019-12-12,15:00,sz000977,浪潮信息,31.7,32.19,31.11,31.29,347308,1097509888.0,-0.36,-1.1374407582938388
2019-12-13,15:00,sz000977,浪潮信息,31.66,31.8,30.77,31.77,410043,1284159232.0,0.48,1.5340364333652925
2019-12-16,15:00,sz000977,浪潮信息,31.76,33.2,31.45,33.2,609872,1980158208.0,1.43,4.501101668240478
2019-12-17,15:00,sz000977,浪潮信息,33.18,33.18,32.4,32.8,491915,1609597440.0,-0.4,-1.2048192771084338
2019-12-18,15:00,sz000977,浪潮信息,32.8,33.67,32.38,32.78,492753,1626399872.0,-0.02,-0.0609756097560975
2019-12-19,15:00,sz000977,浪潮信息,32.65,33.13,32.24,32.72,315385,1032286656.0,-0.06,-0.1830384380719951
2019-12-20,15:00,sz000977,浪潮信息,32.56,32.58,31.2,31.41,448206,1422411392.0,-1.31,-4.003667481662592
2019-12-23,15:00,sz000977,浪潮信息,30.63,30.64,29.1,29.3,609550,1807409024.0,-2.11,-6.717605858007005
2019-12-24,15:00,sz000977,浪潮信息,29.3,29.95,29.3,29.91,312474,927278848.0,0.61,2.0819112627986347
2019-12-25,15:00,sz000977,浪潮信息,29.8,30.28,29.4,29.91,340897,1016550080.0,0.0,0.0
2019-12-26,15:00,sz000977,浪潮信息,29.78,29.95,29.3,29.79,321944,953229952.0,-0.12,-0.4012036108324975
2019-12-27,15:00,sz000977,浪潮信息,29.79,30.03,29.36,29.42,275319,817836608.0,-0.37,-1.2420275260154414
2019-12-30,15:00,sz000977,浪潮信息,29.1,30.16,28.61,30.03,305483,906240448.0,0.61,2.073419442556085
2019-12-31,15:00,sz000977,浪潮信息,30.01,30.45,29.71,30.1,255244,769520832.0,0.07,0.2331002331002331
2020-01-02,15:00,sz000977,浪潮信息,30.38,31.0,30.07,30.72,320889,984517824.0,0.62,2.0598006644518274
2020-01-03,15:00,sz000977,浪潮信息,30.86,31.65,30.71,31.63,387058,1209217664.0,0.91,2.962239583333333
2020-01-06,15:00,sz000977,浪潮信息,31.5,31.75,30.93,31.36,333653,1045089984.0,-0.27,-0.853619981030667
2020-01-07,15:00,sz000977,浪潮信息,31.41,31.51,30.78,31.29,297197,922709376.0,-0.07,-0.2232142857142857
2020-01-08,15:00,sz000977,浪潮信息,30.84,31.0,29.8,29.9,434363,1313874688.0,-1.39,-4.442313838286992
2020-01-09,15:00,sz000977,浪潮信息,30.13,32.16,30.13,32.0,706905,2220064768.0,2.1,7.023411371237458
2020-01-10,15:00,sz000977,浪潮信息,32.0,32.25,31.46,31.92,405376,1291808512.0,-0.08,-0.25
2020-01-13,15:00,sz000977,浪潮信息,31.92,32.99,31.7,32.87,498424,1616910720.0,0.95,2.976190476190476
2020-01-14,15:00,sz000977,浪潮信息,32.89,32.9,31.96,32.1,365789,1181916800.0,-0.77,-2.3425616063279584
2020-01-15,15:00,sz000977,浪潮信息,32.05,32.33,31.75,32.23,241383,773452032.0,0.13,0.4049844236760125
2020-01-16,15:00,sz000977,浪潮信息,32.19,32.65,31.53,32.06,329865,1057209216.0,-0.17,-0.5274588892336333
2020-01-17,15:00,sz000977,浪潮信息,33.5,33.92,32.79,33.5,752962,2515902976.0,1.44,4.491578290704928
2020-01-20,15:00,sz000977,浪潮信息,33.5,36.08,33.21,35.17,635061,2201325568.0,1.67,4.985074626865671
2020-01-21,15:00,sz000977,浪潮信息,34.96,35.74,34.8,35.1,399295,1405096960.0,-0.07,-0.199033266988911
2020-01-22,15:00,sz000977,浪潮信息,34.9,36.66,34.47,36.35,522039,1859040256.0,1.25,3.561253561253561
2020-01-23,15:00,sz000977,浪潮信息,35.6,35.88,33.69,34.13,501792,1742610048.0,-2.22,-6.1072902338376895
2020-02-03,15:00,sz000977,浪潮信息,30.72,32.7,30.72,32.1,733880,2327075328.0,-2.03,-5.947846469381775
2020-02-04,15:00,sz000977,浪潮信息,32.17,35.2,32.17,35.1,608952,2081500672.0,3.0,9.345794392523365
2020-02-05,15:00,sz000977,浪潮信息,35.55,37.85,35.55,36.17,645517,2351146752.0,1.07,3.0484330484330484
2020-02-06,15:00,sz000977,浪潮信息,36.81,39.79,36.71,39.79,977689,3789524736.0,3.62,10.008294166436272
2020-02-07,15:00,sz000977,浪潮信息,41.18,43.77,40.79,43.77,1371648,5873370112.0,3.98,10.002513194269918
2020-02-10,15:00,sz000977,浪潮信息,44.78,44.78,41.0,42.91,1017773,4376007168.0,-0.86,-1.9648160840758508
2020-02-11,15:00,sz000977,浪潮信息,43.5,43.64,41.8,43.2,660943,2819767296.0,0.29,0.6758331391284083
2020-02-12,15:00,sz000977,浪潮信息,42.8,47.52,42.55,47.52,955384,4353289216.0,4.32,10.0
2020-02-13,15:00,sz000977,浪潮信息,48.2,49.57,46.28,47.91,936859,4513620480.0,0.39,0.8207070707070708
2020-02-14,15:00,sz000977,浪潮信息,48.02,50.26,46.06,47.39,909629,4379586048.0,-0.52,-1.0853683990816114
2020-02-17,15:00,sz000977,浪潮信息,47.39,48.47,46.78,48.16,747036,3554718720.0,0.77,1.6248153618906942
2020-02-18,15:00,sz000977,浪潮信息,47.95,49.49,47.11,49.02,821680,3964963328.0,0.86,1.7857142857142856
2020-02-19,15:00,sz000977,浪潮信息,48.31,48.68,46.78,46.9,740108,3521828352.0,-2.12,-4.324765401876785
2020-02-20,15:00,sz000977,浪潮信息,46.78,48.1,45.7,47.43,707352,3328887552.0,0.53,1.1300639658848617
2020-02-21,15:00,sz000977,浪潮信息,47.46,49.46,47.13,48.15,809879,3931858176.0,0.72,1.5180265654648957
2020-02-24,15:00,sz000977,浪潮信息,47.0,49.25,46.8,49.15,1044177,5039987712.0,1.0,2.0768431983385254
2020-02-25,15:00,sz000977,浪潮信息,48.18,49.05,45.15,47.9,1123955,5348274176.0,-1.25,-2.5432349949135302
2020-02-26,15:00,sz000977,浪潮信息,46.6,49.91,46.22,46.9,1136605,5482998272.0,-1.0,-2.0876826722338206
2020-02-27,15:00,sz000977,浪潮信息,48.0,48.75,44.1,46.55,959532,4456474112.0,-0.35,-0.7462686567164178
2020-02-28,15:00,sz000977,浪潮信息,44.0,45.8,41.9,42.05,873935,3852779264.0,-4.5,-9.66702470461869
2020-03-02,15:00,sz000977,浪潮信息,42.99,44.2,42.01,43.4,639701,2765733632.0,1.35,3.2104637336504163
2020-03-03,15:00,sz000977,浪潮信息,44.7,46.37,43.66,44.26,725676,3267983104.0,0.86,1.9815668202764976
2020-03-04,15:00,sz000977,浪潮信息,43.75,45.15,42.5,44.38,519284,2284225280.0,0.12,0.2711251694532309
2020-03-05,15:00,sz000977,浪潮信息,47.28,47.66,43.88,44.76,622328,2839726080.0,0.38,0.8562415502478594
2020-03-06,15:00,sz000977,浪潮信息,42.9,43.97,42.81,43.13,617660,2681933312.0,-1.63,-3.6416443252904376
2020-03-09,15:00,sz000977,浪潮信息,42.42,42.84,41.0,41.1,641346,2677060352.0,-2.03,-4.70670067238581
2020-03-10,15:00,sz000977,浪潮信息,41.1,43.88,40.41,43.72,607011,2573589504.0,2.62,6.374695863746958
2020-03-19,15:00,sz000977,浪潮信息,37.19,39.12,36.45,38.29,784129,2937603328.0,-5.43,-12.419945105215003
2020-03-20,15:00,sz000977,浪潮信息,38.7,40.3,38.45,39.58,496634,1953403008.0,1.29,3.369025855314704
2020-03-23,15:00,sz000977,浪潮信息,37.95,40.48,37.81,38.66,440408,1727462016.0,-0.92,-2.324406265790804
2020-03-24,15:00,sz000977,浪潮信息,39.82,40.48,37.45,39.25,467920,1838467584.0,0.59,1.5261251939989653
2020-03-25,15:00,sz000977,浪潮信息,40.45,40.86,39.42,40.83,460811,1852546560.0,1.58,4.025477707006369
2020-03-26,15:00,sz000977,浪潮信息,39.88,40.65,39.26,39.5,310210,1238507776.0,-1.33,-3.257408768062698
2020-03-27,15:00,sz000977,浪潮信息,39.7,39.89,38.11,38.21,314771,1226040064.0,-1.29,-3.2658227848101267
2020-03-30,15:00,sz000977,浪潮信息,37.29,38.99,36.39,38.5,410641,1538808704.0,0.29,0.7589636220884586
2020-03-31,15:00,sz000977,浪潮信息,38.8,39.2,38.16,38.78,256600,992600256.0,0.28,0.7272727272727273
2020-04-01,15:00,sz000977,浪潮信息,38.3,39.36,37.37,37.57,283781,1090775552.0,-1.21,-3.1201650335224342
2020-04-02,15:00,sz000977,浪潮信息,37.68,39.75,37.37,39.64,435617,1679594240.0,2.07,5.509715198296513
2020-04-03,15:00,sz000977,浪潮信息,39.32,40.13,38.71,38.89,330012,1298981248.0,-0.75,-1.8920282542885971
2020-04-07,15:00,sz000977,浪潮信息,40.0,40.4,39.51,39.98,334957,1339558400.0,1.09,2.802777063512471
2020-04-08,15:00,sz000977,浪潮信息,39.63,40.8,39.63,40.1,289254,1164384384.0,0.12,0.3001500750375188
2020-04-09,15:00,sz000977,浪潮信息,40.58,40.9,39.69,40.13,246035,990828672.0,0.03,0.0748129675810473
2020-04-10,15:00,sz000977,浪潮信息,40.0,40.07,38.0,38.11,319181,1233395968.0,-2.02,-5.0336406678295535
2020-04-13,15:00,sz000977,浪潮信息,37.8,37.8,34.82,35.15,544657,1962585856.0,-2.96,-7.766990291262135
2020-04-14,15:00,sz000977,浪潮信息,35.7,36.47,35.63,36.3,396489,1429128576.0,1.15,3.2716927453769555
2020-04-15,15:00,sz000977,浪潮信息,37.3,37.5,36.31,36.37,316773,1169943040.0,0.07,0.1928374655647383
2020-04-16,15:00,sz000977,浪潮信息,35.9,37.07,35.71,36.86,266009,973959680.0,0.49,1.347264228759967
2020-04-17,15:00,sz000977,浪潮信息,37.51,38.04,37.08,37.3,354274,1330791168.0,0.44,1.1937059142702116
2020-04-20,15:00,sz000977,浪潮信息,37.62,39.43,37.1,39.33,658844,2526996992.0,2.03,5.442359249329759
2020-04-21,15:00,sz000977,浪潮信息,38.82,40.22,38.67,40.22,587192,2326432256.0,0.89,2.262903635901348
2020-04-22,15:00,sz000977,浪潮信息,39.6,40.18,39.01,40.01,326423,1295359616.0,-0.21,-0.522128294380905
2020-04-23,15:00,sz000977,浪潮信息,40.35,40.38,39.19,39.26,292488,1164053376.0,-0.75,-1.8745313671582104
2020-04-24,15:00,sz000977,浪潮信息,39.1,39.58,37.52,37.94,377331,1443359232.0,-1.32,-3.3622007131940905
2020-04-27,15:00,sz000977,浪潮信息,37.94,38.19,37.39,37.53,257248,971947712.0,-0.41,-1.080653663679494
2020-04-28,15:00,sz000977,浪潮信息,37.64,39.25,36.49,38.5,427474,1634892288.0,0.97,2.584598987476685
2020-04-29,15:00,sz000977,浪潮信息,38.24,39.55,38.24,39.25,295046,1153001856.0,0.75,1.948051948051948
2020-04-30,15:00,sz000977,浪潮信息,41.2,42.1,40.71,41.5,666998,2772663296.0,2.25,5.7324840764331215
2020-05-06,15:00,sz000977,浪潮信息,41.5,43.18,41.39,43.07,590021,2503410176.0,1.57,3.783132530120482
2020-05-07,15:00,sz000977,浪潮信息,43.1,43.13,42.19,42.41,347095,1477492608.0,-0.66,-1.5323891339679592
2020-05-08,15:00,sz000977,浪潮信息,43.02,44.54,42.39,42.77,491137,2130015744.0,0.36,0.8488564017920301
2020-05-11,15:00,sz000977,浪潮信息,43.41,43.55,41.69,42.38,328107,1396640256.0,-0.39,-0.911854103343465
2020-05-12,15:00,sz000977,浪潮信息,42.31,43.57,41.84,43.57,409684,1755629568.0,1.19,2.807928268050967
2020-05-13,15:00,sz000977,浪潮信息,42.97,43.0,42.15,42.8,343247,1461379840.0,-0.77,-1.7672710580674778
2020-05-14,15:00,sz000977,浪潮信息,42.45,42.84,42.0,42.19,244222,1035073472.0,-0.61,-1.425233644859813
2020-05-15,15:00,sz000977,浪潮信息,42.45,43.28,42.01,42.51,337022,1439290880.0,0.32,0.7584735719364778
2020-05-18,15:00,sz000977,浪潮信息,42.8,42.94,40.71,40.9,454837,1888478336.0,-1.61,-3.787344154316631
2020-05-19,15:00,sz000977,浪潮信息,41.41,42.68,41.23,42.55,363725,1530455424.0,1.65,4.034229828850855
2020-05-20,15:00,sz000977,浪潮信息,42.42,43.98,42.06,43.0,500194,2162001664.0,0.45,1.0575793184488838
2020-05-21,15:00,sz000977,浪潮信息,43.07,43.15,41.08,41.25,393368,1645736192.0,-1.75,-4.069767441860465
2020-05-22,15:00,sz000977,浪潮信息,41.36,41.61,39.8,40.47,292819,1190640768.0,-0.78,-1.890909090909091
2020-05-25,15:00,sz000977,浪潮信息,40.12,40.32,37.92,38.83,415642,1610942720.0,-1.64,-4.052384482332592
2020-05-26,15:00,sz000977,浪潮信息,39.0,40.04,38.99,39.95,258907,1023990784.0,1.12,2.884367756889004
2020-05-27,15:00,sz000977,浪潮信息,40.0,40.23,38.6,38.89,259801,1021761792.0,-1.06,-2.653316645807259
2020-05-28,15:00,sz000977,浪潮信息,38.9,39.41,38.29,39.08,202757,786887168.0,0.19,0.4885574697865775
2020-05-29,15:00,sz000977,浪潮信息,38.79,39.1,38.33,38.53,195268,754923072.0,-0.55,-1.4073694984646878
2020-06-01,15:00,sz000977,浪潮信息,39.11,40.58,38.97,40.3,364048,1451724416.0,1.77,4.593822995068778
2020-06-02,15:00,sz000977,浪潮信息,40.45,41.62,40.08,40.5,354901,1444686720.0,0.2,0.4962779156327543
2020-06-03,15:00,sz000977,浪潮信息,40.4,40.44,37.89,38.26,1003557,3859083264.0,-2.24,-5.530864197530865
2020-06-04,15:00,sz000977,浪潮信息,38.35,38.56,37.85,38.24,400672,1527151616.0,-0.02,-0.0522739153162571
2020-06-05,15:00,sz000977,浪潮信息,38.24,38.41,37.85,38.3,276415,1052961792.0,0.06,0.1569037656903765
2020-06-08,15:00,sz000977,浪潮信息,38.5,38.98,38.03,38.31,279257,1073945472.0,0.01,0.0261096605744125
2020-06-09,15:00,sz000977,浪潮信息,38.22,38.6,38.1,38.44,233282,896617600.0,0.13,0.3393369877316627
2020-06-10,15:00,sz000977,浪潮信息,38.46,39.31,38.14,39.22,357057,1385234944.0,0.78,2.0291363163371487
2020-06-11,15:00,sz000977,浪潮信息,39.28,40.2,38.92,39.65,431599,1707917312.0,0.43,1.096379398266191
2020-06-12,15:00,sz000977,浪潮信息,38.58,40.45,38.49,39.45,461968,1839663360.0,-0.2,-0.5044136191677175
2020-06-15,15:00,sz000977,浪潮信息,39.45,39.67,38.22,38.37,369594,1428846080.0,-1.08,-2.737642585551331
2020-06-16,15:00,sz000977,浪潮信息,38.75,39.3,38.44,39.15,264471,1027800576.0,0.78,2.032838154808444
2020-06-17,15:00,sz000977,浪潮信息,39.15,39.33,38.4,38.83,233707,905987264.0,-0.32,-0.8173690932311622
2020-06-18,15:00,sz000977,浪潮信息,38.73,41.0,38.51,40.96,517233,2073029504.0,2.13,5.485449394797836
2020-06-19,15:00,sz000977,浪潮信息,40.8,41.19,40.5,40.89,329422,1347939072.0,-0.07,-0.1708984375
2020-06-22,15:00,sz000977,浪潮信息,41.38,42.0,40.74,41.06,345563,1430902272.0,0.17,0.4157495720224994
2020-06-23,15:00,sz000977,浪潮信息,41.36,42.45,40.75,42.05,431705,1806372608.0,0.99,2.4111056989771065
2020-06-24,15:00,sz000977,浪潮信息,41.8,42.8,41.58,41.8,276692,1162627968.0,-0.25,-0.5945303210463734
2020-06-29,15:00,sz000977,浪潮信息,40.51,40.52,38.3,38.8,812970,3160516864.0,-3.0,-7.177033492822966
2020-06-30,15:00,sz000977,浪潮信息,38.99,39.75,38.86,39.18,452083,1772606080.0,0.38,0.979381443298969
2020-07-01,15:00,sz000977,浪潮信息,39.6,39.72,35.26,37.32,1928913,7021849088.0,-1.86,-4.747320061255743
2020-07-02,15:00,sz000977,浪潮信息,36.0,37.26,35.66,36.98,1046773,3834800896.0,-0.34,-0.9110396570203644
2020-07-03,15:00,sz000977,浪潮信息,38.48,38.64,37.4,38.18,928350,3530197760.0,1.2,3.244997295835587
2020-07-06,15:00,sz000977,浪潮信息,38.32,40.26,38.32,40.12,886155,3496511744.0,1.94,5.081194342587742
2020-07-07,15:00,sz000977,浪潮信息,40.93,41.88,39.68,40.51,1109205,4527525376.0,0.39,0.9720837487537388
2020-07-08,15:00,sz000977,浪潮信息,40.45,44.5,39.98,43.7,1144883,4806796288.0,3.19,7.874598864477907
2020-07-09,15:00,sz000977,浪潮信息,43.27,45.54,43.05,44.69,1060147,4697589248.0,0.99,2.265446224256293
2020-07-10,15:00,sz000977,浪潮信息,44.4,48.48,44.0,45.03,1061454,4880978432.0,0.34,0.760796598791676
2020-07-13,15:00,sz000977,浪潮信息,45.8,46.6,45.25,46.21,775611,3563515904.0,1.18,2.620475238729736
2020-07-14,15:00,sz000977,浪潮信息,45.93,45.95,43.0,44.06,876332,3895064064.0,-2.15,-4.652672581692274
2020-07-15,15:00,sz000977,浪潮信息,44.24,44.47,41.7,42.05,812346,3474376192.0,-2.01,-4.561960962324103
2020-07-16,15:00,sz000977,浪潮信息,42.1,42.58,39.05,39.33,708762,2901161216.0,-2.72,-6.468489892984543
2020-07-17,15:00,sz000977,浪潮信息,39.53,40.06,38.58,39.11,491007,1927565824.0,-0.22,-0.5593694380879736
2020-07-20,15:00,sz000977,浪潮信息,39.44,40.03,38.2,40.02,508140,1995540352.0,0.91,2.3267706468933778
2020-07-21,15:00,sz000977,浪潮信息,40.1,40.32,39.45,39.67,363024,1444373504.0,-0.35,-0.8745627186406797
2020-07-22,15:00,sz000977,浪潮信息,39.68,40.25,39.11,39.6,434246,1728305152.0,-0.07,-0.1764557600201663
2020-07-23,15:00,sz000977,浪潮信息,38.9,39.23,37.46,38.67,596778,2289597696.0,-0.93,-2.348484848484848
2020-07-24,15:00,sz000977,浪潮信息,38.25,38.98,36.44,36.87,496870,1870705792.0,-1.8,-4.654771140418929
2020-07-27,15:00,sz000977,浪潮信息,37.16,37.32,35.7,36.47,356987,1301489664.0,-0.4,-1.084892866829401
2020-07-28,15:00,sz000977,浪潮信息,36.76,37.09,36.29,36.61,248504,909772288.0,0.14,0.3838771593090211
2020-07-29,15:00,sz000977,浪潮信息,36.96,38.28,36.57,38.28,453263,1706475648.0,1.67,4.561595192570336
2020-07-30,15:00,sz000977,浪潮信息,38.34,38.48,37.44,37.52,321030,1211910016.0,-0.76,-1.9853709508881925
2020-07-31,15:00,sz000977,浪潮信息,37.82,38.5,37.52,37.96,367996,1396659072.0,0.44,1.1727078891257996
2020-08-03,15:00,sz000977,浪潮信息,38.13,38.96,38.0,38.9,510930,1972852864.0,0.94,2.476290832455216
2020-08-04,15:00,sz000977,浪潮信息,38.99,39.05,37.76,37.9,471099,1797174656.0,-1.0,-2.570694087403599
2020-08-05,15:00,sz000977,浪潮信息,38.39,38.58,37.66,37.81,361254,1372713344.0,-0.09,-0.2374670184696569
2020-08-06,15:00,sz000977,浪潮信息,37.59,39.55,36.92,38.76,791500,3037635072.0,0.95,2.512562814070352
2020-08-07,15:00,sz000977,浪潮信息,38.02,38.24,37.0,37.56,434787,1637491456.0,-1.2,-3.095975232198142
2020-08-10,15:00,sz000977,浪潮信息,37.35,38.8,37.11,38.23,506492,1940586496.0,0.67,1.7838125665601705
2020-08-11,15:00,sz000977,浪潮信息,38.25,38.42,37.01,37.16,376134,1416238208.0,-1.07,-2.7988490714098875
2020-08-12,15:00,sz000977,浪潮信息,37.01,37.2,35.0,36.12,516561,1848896640.0,-1.04,-2.798708288482239
2020-08-13,15:00,sz000977,浪潮信息,36.27,36.43,35.62,35.75,222213,798591808.0,-0.37,-1.0243632336655593
2020-08-14,15:00,sz000977,浪潮信息,35.76,36.41,35.6,36.3,246695,888243712.0,0.55,1.5384615384615383
2020-08-17,15:00,sz000977,浪潮信息,36.3,37.18,36.01,36.99,296446,1087122688.0,0.69,1.900826446280992
2020-08-18,15:00,sz000977,浪潮信息,37.29,37.5,36.89,37.06,268292,997040128.0,0.07,0.1892403352257367
2020-08-19,15:00,sz000977,浪潮信息,37.01,37.01,35.91,36.0,293885,1071898560.0,-1.06,-2.860226659471128
2020-08-20,15:00,sz000977,浪潮信息,35.82,36.3,35.4,36.14,160567,577715840.0,0.14,0.3888888888888889
2020-08-21,15:00,sz000977,浪潮信息,36.2,36.75,35.55,35.78,358675,1297106432.0,-0.36,-0.996126175982291
2020-08-24,15:00,sz000977,浪潮信息,35.8,36.06,35.19,35.78,221170,789401856.0,0.0,0.0
2020-08-25,15:00,sz000977,浪潮信息,35.91,36.37,35.71,35.94,195946,705456768.0,0.16,0.4471771939631079
2020-08-26,15:00,sz000977,浪潮信息,35.95,36.24,35.5,35.61,201780,723241856.0,-0.33,-0.9181969949916527
2020-08-27,15:00,sz000977,浪潮信息,35.6,35.76,35.01,35.43,203174,717169024.0,-0.18,-0.5054759898904801
2020-08-28,15:00,sz000977,浪潮信息,35.43,36.07,35.27,36.04,202516,722287936.0,0.61,1.7217047699689527
2020-08-31,15:00,sz000977,浪潮信息,36.8,37.28,36.03,36.1,371276,1362381568.0,0.06,0.1664816870144284
2020-09-01,15:00,sz000977,浪潮信息,35.86,35.98,35.55,35.94,186018,664953344.0,-0.16,-0.443213296398892
2020-09-02,15:00,sz000977,浪潮信息,35.99,36.07,35.26,35.48,271466,963675776.0,-0.46,-1.279910962715637
2020-09-03,15:00,sz000977,浪潮信息,35.4,35.4,35.0,35.06,215877,757806400.0,-0.42,-1.1837655016910935
2020-09-04,15:00,sz000977,浪潮信息,34.5,35.2,34.1,35.18,167207,581719808.0,0.12,0.3422703936109527
2020-09-07,15:00,sz000977,浪潮信息,35.09,35.31,34.0,34.01,235705,816009856.0,-1.17,-3.3257532689027856
2020-09-08,15:00,sz000977,浪潮信息,34.08,34.27,32.18,32.64,417815,1371505408.0,-1.37,-4.028226992061159
2020-09-09,15:00,sz000977,浪潮信息,32.02,32.1,30.68,30.81,330809,1034632960.0,-1.83,-5.606617647058823
2020-09-10,15:00,sz000977,浪潮信息,31.45,31.47,29.9,30.04,245030,750332480.0,-0.77,-2.4991885751379423
2020-09-11,15:00,sz000977,浪潮信息,30.04,31.12,29.86,30.99,240966,735642624.0,0.95,3.162450066577896
2020-09-14,15:00,sz000977,浪潮信息,31.2,31.66,30.94,31.1,215148,673412736.0,0.11,0.3549532107131332
2020-09-15,15:00,sz000977,浪潮信息,31.3,31.32,30.74,31.23,147770,459014112.0,0.13,0.4180064308681672
2020-09-16,15:00,sz000977,浪潮信息,31.08,31.39,30.82,30.91,123775,384513184.0,-0.32,-1.0246557796990072
2020-09-17,15:00,sz000977,浪潮信息,30.98,31.93,30.57,31.81,263343,828224064.0,0.9,2.911679068262698
2020-09-18,15:00,sz000977,浪潮信息,31.81,32.25,31.52,32.21,203896,651084032.0,0.4,1.2574662055957246
2020-09-21,15:00,sz000977,浪潮信息,32.23,32.76,31.91,31.94,217295,700554304.0,-0.27,-0.8382489909965849
2020-09-22,15:00,sz000977,浪潮信息,31.66,31.79,30.95,31.11,199165,624776192.0,-0.83,-2.598622417031935
2020-09-23,15:00,sz000977,浪潮信息,31.15,31.52,31.05,31.35,128874,403771040.0,0.24,0.7714561234329798
2020-09-24,15:00,sz000977,浪潮信息,31.1,31.26,30.2,30.65,254342,777887872.0,-0.7,-2.232854864433812
2020-09-25,15:00,sz000977,浪潮信息,30.8,31.13,30.72,30.86,151743,469112832.0,0.21,0.6851549755301795
2020-09-28,15:00,sz000977,浪潮信息,31.07,31.19,30.2,30.23,137797,421434592.0,-0.63,-2.04147764095917
2020-09-29,15:00,sz000977,浪潮信息,30.45,30.96,30.39,30.6,147163,451777376.0,0.37,1.2239497188223618
2020-09-30,15:00,sz000977,浪潮信息,30.66,30.88,30.26,30.39,115602,353162272.0,-0.21,-0.6862745098039216
2020-10-09,15:00,sz000977,浪潮信息,30.9,31.42,30.83,31.3,188809,588637760.0,0.91,2.9944060546232314
2020-10-12,15:00,sz000977,浪潮信息,31.61,32.68,31.61,32.64,302857,979940928.0,1.34,4.281150159744409
2020-10-13,15:00,sz000977,浪潮信息,32.64,33.18,32.31,33.13,282229,926814848.0,0.49,1.5012254901960784
2020-10-14,15:00,sz000977,浪潮信息,33.01,33.02,32.4,32.55,210329,686820224.0,-0.58,-1.7506791427709023
2020-10-15,15:00,sz000977,浪潮信息,32.68,32.78,32.25,32.28,148589,482876704.0,-0.27,-0.8294930875576038
2020-10-16,15:00,sz000977,浪潮信息,32.4,32.48,31.66,31.83,192653,615287296.0,-0.45,-1.3940520446096654
2020-10-19,15:00,sz000977,浪潮信息,32.28,32.65,31.99,32.0,193290,625978368.0,0.17,0.5340873389883758
2020-10-20,15:00,sz000977,浪潮信息,32.0,32.88,31.98,32.87,203388,662378240.0,0.87,2.71875
2020-10-21,15:00,sz000977,浪潮信息,32.8,32.8,31.5,31.66,217426,694930432.0,-1.21,-3.681168238515364
2020-10-22,15:00,sz000977,浪潮信息,31.42,31.75,31.15,31.64,98877,311952672.0,-0.02,-0.0631711939355653
2020-10-23,15:00,sz000977,浪潮信息,31.53,32.04,31.27,31.31,100618,318435296.0,-0.33,-1.0429835651074588
2020-10-26,15:00,sz000977,浪潮信息,31.15,31.21,30.58,30.74,123492,381653248.0,-0.57,-1.820504631108272
2020-10-27,15:00,sz000977,浪潮信息,30.55,30.97,30.52,30.9,95487,293934784.0,0.16,0.520494469746259
2020-10-28,15:00,sz000977,浪潮信息,31.0,31.0,30.0,30.63,167366,510437536.0,-0.27,-0.8737864077669903
2020-10-29,15:00,sz000977,浪潮信息,30.15,30.94,30.14,30.9,150300,459508768.0,0.27,0.881488736532811
2020-10-30,15:00,sz000977,浪潮信息,30.9,31.38,30.43,30.5,177885,549805824.0,-0.4,-1.2944983818770228
2020-11-02,15:00,sz000977,浪潮信息,29.68,29.68,27.45,27.65,662967,1844940544.0,-2.85,-9.344262295081968
2020-11-03,15:00,sz000977,浪潮信息,27.6,28.27,27.45,28.04,279586,782741824.0,0.39,1.410488245931284
2020-11-04,15:00,sz000977,浪潮信息,28.15,28.35,27.57,27.89,188564,527073504.0,-0.15,-0.5349500713266762
2020-11-05,15:00,sz000977,浪潮信息,28.25,29.29,28.05,29.14,338890,973448320.0,1.25,4.481893151667264
2020-11-06,15:00,sz000977,浪潮信息,29.16,29.87,28.71,29.02,258036,754008448.0,-0.12,-0.4118050789293068
2020-11-09,15:00,sz000977,浪潮信息,29.3,31.29,29.3,30.84,432571,1320325504.0,1.82,6.271536871123364
2020-11-10,15:00,sz000977,浪潮信息,30.89,30.96,30.05,30.27,248558,754699008.0,-0.57,-1.8482490272373544
2020-11-11,15:00,sz000977,浪潮信息,30.11,30.35,29.3,29.31,205987,611116288.0,-0.96,-3.171456888007929
2020-11-12,15:00,sz000977,浪潮信息,29.61,29.81,29.24,29.32,136039,400649824.0,0.01,0.0341180484476288
2020-11-13,15:00,sz000977,浪潮信息,28.89,29.19,28.33,29.11,153901,444525664.0,-0.21,-0.7162346521145976
2020-11-16,15:00,sz000977,浪潮信息,29.13,29.28,28.68,28.89,135149,390707008.0,-0.22,-0.7557540364136035
2020-11-17,15:00,sz000977,浪潮信息,28.93,28.94,28.11,28.62,158644,451217056.0,-0.27,-0.9345794392523364
2020-11-18,15:00,sz000977,浪潮信息,28.65,28.83,28.41,28.46,116136,331911808.0,-0.16,-0.5590496156533892
2020-11-19,15:00,sz000977,浪潮信息,28.29,28.95,27.94,28.83,159525,456064288.0,0.37,1.3000702740688683
2020-11-20,15:00,sz000977,浪潮信息,28.83,28.95,28.43,28.61,137704,393882400.0,-0.22,-0.7630939993062782
2020-11-23,15:00,sz000977,浪潮信息,28.4,28.79,28.12,28.5,176575,501268832.0,-0.11,-0.3844809507165327
2020-11-24,15:00,sz000977,浪潮信息,28.51,28.98,28.42,28.54,179978,515495232.0,0.04,0.1403508771929824
2020-11-25,15:00,sz000977,浪潮信息,28.5,28.77,28.2,28.24,168645,479569440.0,-0.3,-1.051156271899089
2020-11-26,15:00,sz000977,浪潮信息,28.21,28.39,28.0,28.15,128149,360407904.0,-0.09,-0.3186968838526912
2020-11-27,15:00,sz000977,浪潮信息,28.16,28.44,27.96,28.08,137296,386070656.0,-0.07,-0.2486678507992895
2020-11-30,15:00,sz000977,浪潮信息,28.06,28.44,27.62,28.0,192420,541986560.0,-0.08,-0.2849002849002849
2020-12-01,15:00,sz000977,浪潮信息,28.0,28.88,27.96,28.79,242474,691880064.0,0.79,2.821428571428571
2020-12-02,15:00,sz000977,浪潮信息,28.83,29.18,28.59,28.98,208932,603288256.0,0.19,0.6599513720041681
2020-12-03,15:00,sz000977,浪潮信息,28.9,29.72,28.89,29.48,253621,744675648.0,0.5,1.725327812284334
2020-12-04,15:00,sz000977,浪潮信息,29.48,29.48,28.9,28.97,169608,493277696.0,-0.51,-1.7299864314789688
2020-12-07,15:00,sz000977,浪潮信息,29.12,29.2,28.56,28.57,137841,397415200.0,-0.4,-1.3807386952019332
2020-12-08,15:00,sz000977,浪潮信息,28.62,28.69,28.28,28.3,113031,321150912.0,-0.27,-0.9450472523626182
2020-12-09,15:00,sz000977,浪潮信息,28.3,29.65,28.06,28.43,280425,808425600.0,0.13,0.4593639575971731
2020-12-10,15:00,sz000977,浪潮信息,28.05,28.26,27.9,28.1,162210,455312960.0,-0.33,-1.160745691171298
2020-12-11,15:00,sz000977,浪潮信息,28.08,28.08,27.45,27.87,198032,549159296.0,-0.23,-0.8185053380782918
2020-12-14,15:00,sz000977,浪潮信息,27.99,28.06,27.67,27.8,101385,282143488.0,-0.07,-0.2511661284535343
2020-12-15,15:00,sz000977,浪潮信息,27.8,28.58,27.66,28.33,173067,489116864.0,0.53,1.9064748201438848
2020-12-16,15:00,sz000977,浪潮信息,28.32,28.32,27.66,27.67,138250,385887360.0,-0.66,-2.329685845393576
2020-12-17,15:00,sz000977,浪潮信息,27.61,27.84,26.8,27.48,191936,523625184.0,-0.19,-0.6866642573183953
2020-12-18,15:00,sz000977,浪潮信息,27.52,27.68,27.0,27.02,152276,413993600.0,-0.46,-1.6739446870451238
2020-12-21,15:00,sz000977,浪潮信息,27.02,27.48,26.77,27.11,155443,422717440.0,0.09,0.3330866025166543
2020-12-22,15:00,sz000977,浪潮信息,27.12,27.13,25.98,26.08,315520,835466048.0,-1.03,-3.799336038362227
2020-12-23,15:00,sz000977,浪潮信息,26.0,26.23,25.15,25.93,258930,665912896.0,-0.15,-0.5751533742331288
2020-12-24,15:00,sz000977,浪潮信息,25.78,26.15,25.2,25.29,166002,426411104.0,-0.64,-2.4681835711531046
2020-12-25,15:00,sz000977,浪潮信息,25.37,25.42,24.9,25.15,144741,364214048.0,-0.14,-0.55357848952155
2020-12-28,15:00,sz000977,浪潮信息,25.1,25.15,24.42,24.43,203533,502199136.0,-0.72,-2.862823061630219
2020-12-29,15:00,sz000977,浪潮信息,24.6,26.61,24.6,26.14,422021,1092205312.0,1.71,6.999590667212444
2020-12-30,15:00,sz000977,浪潮信息,25.8,26.53,25.54,26.44,282077,737288832.0,0.3,1.1476664116296864
2020-12-31,15:00,sz000977,浪潮信息,26.5,27.44,26.24,26.88,277800,747625792.0,0.44,1.6641452344931922
2021-01-04,15:00,sz000977,浪潮信息,26.8,27.64,26.72,27.3,260896,711488704.0,0.42,1.5625
2021-01-05,15:00,sz000977,浪潮信息,27.01,27.97,26.96,27.81,315621,870846592.0,0.51,1.868131868131868
2021-01-06,15:00,sz000977,浪潮信息,27.83,27.92,27.02,27.17,233735,638135552.0,-0.64,-2.3013304566702626
2021-01-07,15:00,sz000977,浪潮信息,27.11,27.3,26.06,26.55,305580,811766016.0,-0.62,-2.281928597718071
2021-01-08,15:00,sz000977,浪潮信息,26.36,29.21,26.36,29.21,685379,1966182528.0,2.66,10.018832391713747
2021-01-11,15:00,sz000977,浪潮信息,29.95,30.75,29.07,30.17,1043423,3138148096.0,0.96,3.28654570352619
2021-01-12,15:00,sz000977,浪潮信息,29.8,30.58,29.68,30.4,549604,1660053888.0,0.23,0.762346702021876
2021-01-13,15:00,sz000977,浪潮信息,30.23,31.75,29.98,30.8,615093,1897591680.0,0.4,1.3157894736842104
2021-01-14,15:00,sz000977,浪潮信息,30.5,32.14,30.08,31.42,673031,2105053440.0,0.62,2.012987012987013
2021-01-15,15:00,sz000977,浪潮信息,31.28,31.29,29.72,29.9,554311,1680496640.0,-1.52,-4.83768300445576
2021-01-18,15:00,sz000977,浪潮信息,29.88,31.3,29.6,30.87,465261,1420323840.0,0.97,3.2441471571906355
2021-01-19,15:00,sz000977,浪潮信息,30.51,31.09,30.15,30.38,351296,1071300096.0,-0.49,-1.5873015873015872
2021-01-20,15:00,sz000977,浪潮信息,30.31,30.65,29.92,30.08,239473,722955008.0,-0.3,-0.9874917709019092
2021-01-21,15:00,sz000977,浪潮信息,30.08,30.83,30.02,30.48,359955,1093176576.0,0.4,1.3297872340425532
2021-01-22,15:00,sz000977,浪潮信息,30.25,30.29,28.73,29.25,458211,1342588032.0,-1.23,-4.035433070866142
2021-01-25,15:00,sz000977,浪潮信息,29.0,29.83,28.2,29.42,387849,1127117184.0,0.17,0.5811965811965812
2021-01-26,15:00,sz000977,浪潮信息,29.41,29.66,28.3,28.39,287765,829989760.0,-1.03,-3.5010197144799458
2021-01-27,15:00,sz000977,浪潮信息,28.4,28.58,26.96,27.2,403039,1110872704.0,-1.19,-4.191616766467066
2021-01-28,15:00,sz000977,浪潮信息,26.8,27.32,26.13,26.2,278567,742598720.0,-1.0,-3.6764705882352944
2021-01-29,15:00,sz000977,浪潮信息,26.47,26.5,25.38,25.95,271301,703293632.0,-0.25,-0.9541984732824428
2021-02-01,15:00,sz000977,浪潮信息,28.0,28.55,27.66,28.55,216311,613386944.0,2.6,10.01926782273603
2021-02-02,15:00,sz000977,浪潮信息,30.0,31.41,29.11,31.41,1374225,4215848960.0,2.86,10.01751313485114
2021-02-03,15:00,sz000977,浪潮信息,31.99,32.0,30.7,30.8,956659,2999648256.0,-0.61,-1.942056669850366
2021-02-04,15:00,sz000977,浪潮信息,31.5,31.6,29.18,29.99,714299,2137714176.0,-0.81,-2.6298701298701297
2021-02-05,15:00,sz000977,浪潮信息,29.71,30.16,28.6,28.6,476150,1387978624.0,-1.39,-4.634878292764254
2021-02-08,15:00,sz000977,浪潮信息,28.91,31.12,28.69,30.52,651114,1962588288.0,1.92,6.713286713286713
2021-02-09,15:00,sz000977,浪潮信息,30.44,31.12,30.16,30.9,499965,1538428672.0,0.38,1.2450851900393185
2021-02-10,15:00,sz000977,浪潮信息,30.78,31.17,30.41,30.64,389569,1197636224.0,-0.26,-0.8414239482200648
2021-02-18,15:00,sz000977,浪潮信息,31.5,33.66,30.8,33.22,861180,2796300800.0,2.58,8.420365535248042
2021-02-19,15:00,sz000977,浪潮信息,32.66,34.2,32.35,33.7,817752,2727731968.0,0.48,1.4449127031908489
2021-02-22,15:00,sz000977,浪潮信息,33.43,34.19,32.4,32.63,731570,2433748992.0,-1.07,-3.1750741839762613
2021-02-23,15:00,sz000977,浪潮信息,32.3,34.1,31.68,33.45,683882,2271451136.0,0.82,2.5130248237817963
2021-02-24,15:00,sz000977,浪潮信息,33.0,34.64,32.71,33.07,654193,2202210048.0,-0.38,-1.1360239162929746
2021-02-25,15:00,sz000977,浪潮信息,33.01,33.33,31.9,32.34,439601,1428692608.0,-0.73,-2.207438766253402
2021-02-26,15:00,sz000977,浪潮信息,31.51,31.98,30.81,31.38,445066,1397526656.0,-0.96,-2.9684601113172544
2021-03-01,15:00,sz000977,浪潮信息,31.78,33.68,31.7,32.98,426522,1396509312.0,1.6,5.098789037603569
2021-03-02,15:00,sz000977,浪潮信息,32.84,33.08,31.73,32.0,386198,1249769856.0,-0.98,-2.971497877501516
2021-03-03,15:00,sz000977,浪潮信息,31.91,32.35,31.47,32.24,302630,966805120.0,0.24,0.75
2021-03-04,15:00,sz000977,浪潮信息,31.88,32.0,31.16,31.3,305496,963208384.0,-0.94,-2.915632754342432
2021-03-05,15:00,sz000977,浪潮信息,30.91,32.55,30.8,32.0,375713,1201169280.0,0.7,2.2364217252396164
2021-03-08,15:00,sz000977,浪潮信息,32.09,32.75,31.59,31.71,367206,1181059584.0,-0.29,-0.90625
2021-03-09,15:00,sz000977,浪潮信息,31.88,33.11,30.96,32.18,574594,1856288512.0,0.47,1.4821822768842636
2021-03-10,15:00,sz000977,浪潮信息,32.53,32.7,28.96,28.96,802743,2409108224.0,-3.22,-10.006215040397764
2021-03-11,15:00,sz000977,浪潮信息,28.4,29.57,27.75,29.13,449528,1289955328.0,0.17,0.5870165745856354
2021-03-12,15:00,sz000977,浪潮信息,29.0,29.04,27.99,28.46,316794,900192192.0,-0.67,-2.30003432887058
2021-03-15,15:00,sz000977,浪潮信息,28.1,28.41,27.21,27.35,311942,863734336.0,-1.11,-3.900210822206606
2021-03-16,15:00,sz000977,浪潮信息,27.47,27.67,26.92,27.61,235795,645875904.0,0.26,0.9506398537477148
2021-03-17,15:00,sz000977,浪潮信息,27.4,28.09,27.2,27.73,212345,588253056.0,0.12,0.4346251358203549
2021-03-18,15:00,sz000977,浪潮信息,27.81,28.0,27.45,27.55,185627,514427680.0,-0.18,-0.6491164803461955
2021-03-19,15:00,sz000977,浪潮信息,27.08,27.7,26.93,27.11,191219,520913088.0,-0.44,-1.5970961887477313
2021-03-22,15:00,sz000977,浪潮信息,27.24,28.33,27.08,27.98,238826,665513216.0,0.87,3.2091479158981926
2021-03-23,15:00,sz000977,浪潮信息,27.99,28.51,27.81,28.39,243074,685604224.0,0.41,1.4653323802716227
2021-03-24,15:00,sz000977,浪潮信息,28.23,28.65,28.02,28.14,200488,568495616.0,-0.25,-0.8805917576611483
2021-03-25,15:00,sz000977,浪潮信息,27.94,28.69,27.71,28.32,159296,451004576.0,0.18,0.6396588486140725
2021-03-26,15:00,sz000977,浪潮信息,28.18,28.47,27.79,28.31,210067,591171328.0,-0.01,-0.0353107344632768
2021-03-29,15:00,sz000977,浪潮信息,28.31,28.31,27.41,27.48,246305,684372160.0,-0.83,-2.931826209819852
2021-03-30,15:00,sz000977,浪潮信息,27.58,27.61,27.0,27.17,259006,704967680.0,-0.31,-1.1280931586608445
2021-03-31,15:00,sz000977,浪潮信息,27.13,27.66,27.02,27.38,160182,438266880.0,0.21,0.7729112992270887
2021-04-01,15:00,sz000977,浪潮信息,27.38,27.67,27.02,27.66,192739,527888544.0,0.28,1.0226442658875092
2021-04-02,15:00,sz000977,浪潮信息,27.68,28.08,27.4,27.62,244623,679202304.0,-0.04,-0.1446131597975415
2021-04-06,15:00,sz000977,浪潮信息,27.7,28.06,27.59,27.76,169468,471462176.0,0.14,0.5068790731354091
2021-04-07,15:00,sz000977,浪潮信息,27.72,27.75,27.09,27.26,214586,584657856.0,-0.5,-1.8011527377521614
2021-04-08,15:00,sz000977,浪潮信息,27.19,27.44,27.09,27.2,138852,378163904.0,-0.06,-0.2201027146001467
2021-04-09,15:00,sz000977,浪潮信息,27.11,27.24,26.02,26.03,398300,1048926528.0,-1.17,-4.301470588235294
2021-04-12,15:00,sz000977,浪潮信息,26.04,26.29,25.66,25.89,171613,445021280.0,-0.14,-0.5378409527468306
2021-04-13,15:00,sz000977,浪潮信息,25.8,26.06,25.56,25.7,141019,363739488.0,-0.19,-0.7338740826573967
2021-04-14,15:00,sz000977,浪潮信息,25.69,26.18,25.58,26.13,133432,346219392.0,0.43,1.6731517509727627
2021-04-15,15:00,sz000977,浪潮信息,27.44,28.06,27.16,27.24,483011,1330461568.0,1.11,4.247990815154994
2021-04-16,15:00,sz000977,浪潮信息,27.15,27.39,26.85,27.17,231972,628979072.0,-0.07,-0.2569750367107195
2021-04-19,15:00,sz000977,浪潮信息,26.97,27.86,26.92,27.72,278329,768197952.0,0.55,2.0242914979757085
2021-04-20,15:00,sz000977,浪潮信息,27.85,27.85,27.25,27.29,196734,539469952.0,-0.43,-1.5512265512265513
2021-04-21,15:00,sz000977,浪潮信息,27.2,27.45,27.03,27.31,118565,323320544.0,0.02,0.0732869182850861
2021-04-22,15:00,sz000977,浪潮信息,27.35,27.85,27.25,27.6,181713,500513728.0,0.29,1.0618820944708898
2021-04-23,15:00,sz000977,浪潮信息,27.5,27.5,27.1,27.26,158841,432742176.0,-0.34,-1.2318840579710146
2021-04-26,15:00,sz000977,浪潮信息,27.5,28.1,27.5,27.75,367949,1024550784.0,0.49,1.797505502567865
2021-04-27,15:00,sz000977,浪潮信息,27.75,27.89,27.0,27.43,200393,548514816.0,-0.32,-1.1531531531531531
2021-04-28,15:00,sz000977,浪潮信息,27.49,27.98,27.22,27.96,187725,517898176.0,0.53,1.9321910317170985
2021-04-29,15:00,sz000977,浪潮信息,27.97,28.41,27.82,28.38,304679,859657408.0,0.42,1.502145922746781
2021-04-30,15:00,sz000977,浪潮信息,27.8,27.88,26.83,27.01,399417,1086984704.0,-1.37,-4.827343199436223
2021-05-06,15:00,sz000977,浪潮信息,26.8,26.84,26.4,26.42,160468,426058464.0,-0.59,-2.1843761569788964
2021-05-07,15:00,sz000977,浪潮信息,26.36,26.63,26.18,26.26,143273,377352064.0,-0.16,-0.6056018168054504
2021-05-10,15:00,sz000977,浪潮信息,26.26,26.55,25.81,26.11,203259,531567488.0,-0.15,-0.5712109672505713
2021-05-11,15:00,sz000977,浪潮信息,25.97,26.91,25.9,26.89,195570,518500448.0,0.78,2.987361164304864
2021-05-12,15:00,sz000977,浪潮信息,26.7,26.99,26.49,26.88,141452,378678624.0,-0.01,-0.0371885459278542
2021-05-13,15:00,sz000977,浪潮信息,26.6,26.88,26.54,26.58,120699,321892128.0,-0.3,-1.1160714285714286
2021-05-14,15:00,sz000977,浪潮信息,26.59,27.06,26.34,27.05,183388,490903104.0,0.47,1.7682468021068474
2021-05-17,15:00,sz000977,浪潮信息,27.04,27.73,26.96,27.4,252479,692297920.0,0.35,1.2939001848428835
2021-05-18,15:00,sz000977,浪潮信息,27.25,27.77,27.0,27.61,212978,583855808.0,0.21,0.7664233576642335
2021-05-19,15:00,sz000977,浪潮信息,27.47,27.7,27.11,27.23,179490,491231584.0,-0.38,-1.3763129300977903
2021-05-20,15:00,sz000977,浪潮信息,27.23,27.7,27.08,27.35,160500,440355104.0,0.12,0.4406904149834741
2021-05-21,15:00,sz000977,浪潮信息,27.35,27.55,26.7,26.71,156684,424016096.0,-0.64,-2.340036563071298
2021-05-24,15:00,sz000977,浪潮信息,26.5,29.3,26.2,28.83,633237,1779147648.0,2.12,7.937102208910521
2021-05-25,15:00,sz000977,浪潮信息,28.7,29.71,28.56,29.4,598829,1754175232.0,0.57,1.9771071800208115
2021-05-26,15:00,sz000977,浪潮信息,29.51,30.3,28.67,28.7,604774,1779619584.0,-0.7,-2.380952380952381
2021-05-27,15:00,sz000977,浪潮信息,29.04,29.6,28.82,29.32,389230,1136056320.0,0.62,2.1602787456445998
2021-05-28,15:00,sz000977,浪潮信息,29.15,29.26,28.61,28.77,296689,856428352.0,-0.55,-1.8758526603001364
2021-05-31,15:00,sz000977,浪潮信息,28.88,29.45,28.62,29.24,396710,1157157120.0,0.47,1.6336461591936045
2021-06-01,15:00,sz000977,浪潮信息,29.1,29.78,28.98,29.1,336951,987264512.0,-0.14,-0.478796169630643
2021-06-02,15:00,sz000977,浪潮信息,29.15,29.19,28.22,28.38,266772,763356160.0,-0.72,-2.4742268041237114
2021-06-03,15:00,sz000977,浪潮信息,28.47,30.0,28.47,28.96,395738,1158993024.0,0.58,2.04369274136716
2021-06-04,15:00,sz000977,浪潮信息,28.76,30.45,28.66,29.55,464430,1375452416.0,0.59,2.037292817679558
2021-06-07,15:00,sz000977,浪潮信息,29.4,30.32,29.13,30.32,516705,1545426944.0,0.77,2.60575296108291
2021-06-08,15:00,sz000977,浪潮信息,30.3,30.45,29.56,29.81,342408,1026132160.0,-0.51,-1.682058047493404
2021-06-09,15:00,sz000977,浪潮信息,29.88,30.07,29.28,29.55,269799,797910976.0,-0.26,-0.872190540087219
2021-06-10,15:00,sz000977,浪潮信息,29.33,30.45,29.3,30.45,497860,1497398144.0,0.9,3.045685279187817
2021-06-11,15:00,sz000977,浪潮信息,30.59,31.11,29.67,29.69,535916,1626620032.0,-0.76,-2.495894909688013
2021-06-15,15:00,sz000977,浪潮信息,29.4,29.4,28.41,28.45,358552,1033715328.0,-1.24,-4.176490400808353
2021-06-16,15:00,sz000977,浪潮信息,28.54,28.8,27.81,27.97,229424,648205376.0,-0.48,-1.687170474516696
2021-06-17,15:00,sz000977,浪潮信息,28.13,29.14,27.81,28.97,328517,935336512.0,1.0,3.575259206292456
2021-06-18,15:00,sz000977,浪潮信息,29.28,29.9,28.99,29.21,369394,1085841152.0,0.24,0.8284432171211599
2021-06-21,15:00,sz000977,浪潮信息,28.77,29.44,28.72,29.02,235226,683231872.0,-0.19,-0.6504621704895585
2021-06-22,15:00,sz000977,浪潮信息,29.02,29.1,28.35,28.61,218274,624355712.0,-0.41,-1.4128187456926258
2021-06-23,15:00,sz000977,浪潮信息,28.63,29.45,28.25,29.07,287468,829844288.0,0.46,1.6078294302691365
2021-06-24,15:00,sz000977,浪潮信息,28.81,29.0,28.1,28.21,253138,720256576.0,-0.86,-2.958376332989336
2021-06-25,15:00,sz000977,浪潮信息,28.25,28.63,28.11,28.38,180099,510762624.0,0.17,0.6026231832683445
2021-06-28,15:00,sz000977,浪潮信息,28.36,28.85,28.28,28.47,196135,559032320.0,0.09,0.3171247357293869
2021-06-29,15:00,sz000977,浪潮信息,28.56,28.69,27.96,28.02,207087,583726592.0,-0.45,-1.5806111696522658
2021-06-30,15:00,sz000977,浪潮信息,27.98,28.29,27.97,28.13,140817,395863904.0,0.11,0.3925767309064953
2021-07-01,15:00,sz000977,浪潮信息,28.17,28.19,26.76,26.84,382057,1040105536.0,-1.29,-4.58585140419481
2021-07-02,15:00,sz000977,浪潮信息,26.92,27.07,26.7,26.8,152523,409557632.0,-0.04,-0.1490312965722801
2021-07-05,15:00,sz000977,浪潮信息,26.87,27.2,26.66,27.05,159519,429335552.0,0.25,0.9328358208955224
2021-07-06,15:00,sz000977,浪潮信息,27.07,27.26,26.71,26.96,174116,468612928.0,-0.09,-0.33271719038817
2021-07-07,15:00,sz000977,浪潮信息,26.77,26.98,26.58,26.86,156157,418333088.0,-0.1,-0.370919881305638
2021-07-08,15:00,sz000977,浪潮信息,26.95,27.86,26.79,27.82,341338,934877184.0,0.96,3.5740878629932986
2021-07-09,15:00,sz000977,浪潮信息,27.5,27.51,26.86,27.18,296334,804225280.0,-0.64,-2.300503235082674
2021-07-12,15:00,sz000977,浪潮信息,27.29,28.15,27.27,27.95,383116,1068470144.0,0.77,2.8329654157468727
2021-07-13,15:00,sz000977,浪潮信息,27.96,28.64,27.77,27.9,359454,1013947520.0,-0.05,-0.1788908765652951
2021-07-14,15:00,sz000977,浪潮信息,27.7,28.27,27.42,27.92,274779,764389312.0,0.02,0.07168458781362
2021-07-15,15:00,sz000977,浪潮信息,29.85,30.71,29.33,30.71,1224479,3727386880.0,2.79,9.992836676217763
2021-07-16,15:00,sz000977,浪潮信息,31.3,31.67,30.29,30.89,1404306,4360155136.0,0.18,0.5861282969716705
2021-07-19,15:00,sz000977,浪潮信息,30.8,31.95,30.65,31.52,858377,2685135104.0,0.63,2.0394949821948853
2021-07-20,15:00,sz000977,浪潮信息,31.01,31.26,30.52,31.16,565178,1746159488.0,-0.36,-1.1421319796954317
2021-07-21,15:00,sz000977,浪潮信息,31.1,31.35,30.6,30.88,538220,1665048192.0,-0.28,-0.8985879332477535
2021-07-22,15:00,sz000977,浪潮信息,30.88,31.14,30.21,30.49,606928,1853569024.0,-0.39,-1.2629533678756475
2021-07-23,15:00,sz000977,浪潮信息,30.69,30.96,30.23,30.34,453364,1386604800.0,-0.15,-0.4919645785503443
2021-07-26,15:00,sz000977,浪潮信息,30.38,30.64,28.85,29.34,572887,1699201792.0,-1.0,-3.2959789057350037
2021-07-27,15:00,sz000977,浪潮信息,29.31,30.8,29.08,29.59,677595,2031880704.0,0.25,0.8520790729379687
2021-07-28,15:00,sz000977,浪潮信息,29.49,30.18,28.41,29.3,466086,1371984896.0,-0.29,-0.9800608313619464
2021-07-29,15:00,sz000977,浪潮信息,29.8,30.22,29.35,29.98,464104,1386651904.0,0.68,2.3208191126279862
2021-07-30,15:00,sz000977,浪潮信息,29.74,30.8,29.16,30.48,536839,1617646720.0,0.5,1.6677785190126753
2021-08-02,15:00,sz000977,浪潮信息,30.5,31.69,30.16,31.54,765394,2380881664.0,1.06,3.477690288713911
2021-08-03,15:00,sz000977,浪潮信息,31.6,31.93,30.67,30.99,656821,2049035136.0,-0.55,-1.7438173747622066
2021-08-04,15:00,sz000977,浪潮信息,31.06,31.42,30.7,31.03,438555,1362445056.0,0.04,0.1290738948047757
2021-08-05,15:00,sz000977,浪潮信息,31.07,31.39,30.39,31.1,435436,1346743296.0,0.07,0.2255881405091847
2021-08-06,15:00,sz000977,浪潮信息,31.2,34.06,30.71,33.23,1066214,3458709760.0,2.13,6.848874598070739
2021-08-09,15:00,sz000977,浪潮信息,33.28,34.25,33.1,33.81,969518,3275218432.0,0.58,1.7454107733975326
2021-08-10,15:00,sz000977,浪潮信息,33.8,34.2,32.81,33.8,614887,2057547264.0,-0.01,-0.0295770482105885
2021-08-11,15:00,sz000977,浪潮信息,33.76,33.79,32.4,32.4,555380,1827789824.0,-1.4,-4.142011834319527
2021-08-12,15:00,sz000977,浪潮信息,32.92,32.96,31.44,31.84,572579,1835005440.0,-0.56,-1.728395061728395
2021-08-13,15:00,sz000977,浪潮信息,32.0,32.13,31.4,31.69,362007,1147695872.0,-0.15,-0.4711055276381909
2021-08-16,15:00,sz000977,浪潮信息,31.5,32.15,31.33,31.54,311316,986472256.0,-0.15,-0.4733354370463868
2021-08-17,15:00,sz000977,浪潮信息,31.42,31.44,29.88,29.98,467418,1427961600.0,-1.56,-4.946100190234623
2021-08-18,15:00,sz000977,浪潮信息,29.93,30.13,29.66,30.13,279225,836415616.0,0.15,0.5003335557038026
2021-08-19,15:00,sz000977,浪潮信息,30.06,30.57,29.9,30.26,252033,762602240.0,0.13,0.431463657484235
2021-08-20,15:00,sz000977,浪潮信息,30.1,30.96,29.85,30.92,286982,873762240.0,0.66,2.181097157964309
2021-08-23,15:00,sz000977,浪潮信息,30.73,31.18,30.3,30.98,375388,1158516608.0,0.06,0.1940491591203104
2021-08-24,15:00,sz000977,浪潮信息,30.81,30.93,30.13,30.31,349934,1065358592.0,-0.67,-2.1626856036152358
2021-08-25,15:00,sz000977,浪潮信息,30.3,30.82,30.17,30.44,235769,717739840.0,0.13,0.4289013526888816
2021-08-26,15:00,sz000977,浪潮信息,30.37,30.43,28.96,29.03,424518,1254652288.0,-1.41,-4.6320630749014455
2021-08-27,15:00,sz000977,浪潮信息,28.89,30.29,28.71,30.26,341161,1005405824.0,1.23,4.236996210816397
2021-08-30,15:00,sz000977,浪潮信息,31.64,32.25,30.32,30.43,623905,1941405952.0,0.17,0.5617977528089888
2021-08-31,15:00,sz000977,浪潮信息,30.13,30.32,29.09,29.99,402941,1194198784.0,-0.44,-1.4459415050936577
2021-09-01,15:00,sz000977,浪潮信息,29.71,30.39,29.5,30.16,297659,894442368.0,0.17,0.5668556185395132
2021-09-02,15:00,sz000977,浪潮信息,30.15,30.15,29.51,29.77,261041,775629696.0,-0.39,-1.293103448275862
2021-09-03,15:00,sz000977,浪潮信息,29.75,30.1,29.36,29.7,257059,765358592.0,-0.07,-0.235136042996305
2021-09-06,15:00,sz000977,浪潮信息,29.56,30.05,29.51,29.96,212968,635563392.0,0.26,0.8754208754208754
2021-09-07,15:00,sz000977,浪潮信息,29.99,30.28,29.81,30.22,259788,782302464.0,0.26,0.8678237650200267
2021-09-08,15:00,sz000977,浪潮信息,30.23,31.29,29.88,31.05,466108,1425324800.0,0.83,2.746525479814692
2021-09-09,15:00,sz000977,浪潮信息,31.06,31.17,30.57,30.99,284668,879423040.0,-0.06,-0.1932367149758454
2021-09-10,15:00,sz000977,浪潮信息,31.35,31.66,30.84,30.91,372888,1164704256.0,-0.08,-0.2581477896095515
2021-09-13,15:00,sz000977,浪潮信息,30.85,30.86,29.98,30.07,314703,951267456.0,-0.84,-2.7175671303785185
2021-09-14,15:00,sz000977,浪潮信息,30.1,30.64,29.57,29.73,255786,770778304.0,-0.34,-1.1306950448952444
2021-09-15,15:00,sz000977,浪潮信息,29.72,30.1,29.5,29.8,148917,443693376.0,0.07,0.2354524049781365
2021-09-16,15:00,sz000977,浪潮信息,29.72,29.91,29.2,29.2,185755,548762624.0,-0.6,-2.013422818791946
2021-09-17,15:00,sz000977,浪潮信息,29.2,29.49,28.8,29.47,176910,514932352.0,0.27,0.9246575342465754
2021-09-22,15:00,sz000977,浪潮信息,28.98,29.36,28.9,29.07,126778,368778304.0,-0.4,-1.3573125212080082
2021-09-23,15:00,sz000977,浪潮信息,29.14,29.92,29.14,29.68,178324,528551616.0,0.61,2.0983832129342965
2021-09-24,15:00,sz000977,浪潮信息,29.59,29.95,29.53,29.69,173497,516449440.0,0.01,0.0336927223719676
2021-09-27,15:00,sz000977,浪潮信息,29.99,30.42,29.4,29.57,192196,574138048.0,-0.12,-0.4041764904008083
2021-09-28,15:00,sz000977,浪潮信息,29.55,29.98,29.1,29.93,163761,484396640.0,0.36,1.217450118363206
2021-09-29,15:00,sz000977,浪潮信息,29.6,29.65,28.4,28.51,241802,699101056.0,-1.42,-4.7444036084196455
2021-09-30,15:00,sz000977,浪潮信息,28.51,28.83,28.41,28.52,138063,394705920.0,0.01,0.0350754121360925
2021-10-08,15:00,sz000977,浪潮信息,28.88,29.44,28.74,29.08,163395,474444832.0,0.56,1.9635343618513323
2021-10-11,15:00,sz000977,浪潮信息,28.95,29.66,28.9,29.39,156076,457957184.0,0.31,1.0660247592847318
2021-10-12,15:00,sz000977,浪潮信息,29.32,29.32,28.5,28.81,152869,441259584.0,-0.58,-1.9734603606668932
2021-10-13,15:00,sz000977,浪潮信息,28.85,29.13,28.71,29.06,98879,286229952.0,0.25,0.8677542519958347
2021-10-14,15:00,sz000977,浪潮信息,29.04,29.06,28.56,28.78,108111,311163328.0,-0.28,-0.9635237439779766
2021-10-15,15:00,sz000977,浪潮信息,30.3,30.6,29.67,29.78,520373,1566846976.0,1.0,3.4746351633078527
2021-10-18,15:00,sz000977,浪潮信息,29.7,30.36,29.56,29.97,247816,743395072.0,0.19,0.6380120886501007
2021-10-19,15:00,sz000977,浪潮信息,29.95,30.22,29.65,30.02,211626,634735616.0,0.05,0.1668335001668335
2021-10-20,15:00,sz000977,浪潮信息,30.4,30.76,29.82,29.85,248776,751756608.0,-0.17,-0.5662891405729514
2021-10-21,15:00,sz000977,浪潮信息,29.65,30.1,29.6,30.07,182780,546308160.0,0.22,0.7370184254606365
2021-10-22,15:00,sz000977,浪潮信息,30.07,30.57,29.68,30.49,298651,902358528.0,0.42,1.3967409378117726
2021-10-25,15:00,sz000977,浪潮信息,30.48,30.8,30.3,30.65,241089,736476928.0,0.16,0.5247622171203673
2021-10-26,15:00,sz000977,浪潮信息,30.76,31.2,30.52,31.05,358458,1109129088.0,0.4,1.3050570962479608
2021-10-27,15:00,sz000977,浪潮信息,30.58,30.8,29.88,30.47,363933,1102464256.0,-0.58,-1.867954911433172
2021-10-28,15:00,sz000977,浪潮信息,30.15,31.3,30.05,30.89,372219,1148065792.0,0.42,1.378404988513292
2021-10-29,15:00,sz000977,浪潮信息,30.82,31.38,30.71,31.08,325991,1012850176.0,0.19,0.6150857882809971
2021-11-01,15:00,sz000977,浪潮信息,31.08,31.37,30.61,30.69,310109,959046016.0,-0.39,-1.2548262548262548
2021-11-02,15:00,sz000977,浪潮信息,30.6,31.11,29.8,30.32,313778,955521088.0,-0.37,-1.2056044314108831
2021-11-03,15:00,sz000977,浪潮信息,30.44,31.96,30.4,31.22,415996,1303689728.0,0.9,2.9683377308707124
2021-11-04,15:00,sz000977,浪潮信息,31.05,31.37,30.93,31.29,268594,836911680.0,0.07,0.2242152466367713
2021-11-05,15:00,sz000977,浪潮信息,31.25,32.03,31.01,31.81,461743,1460449664.0,0.52,1.6618728028124004
2021-11-08,15:00,sz000977,浪潮信息,31.78,32.47,31.52,31.6,403200,1290205824.0,-0.21,-0.6601697579377553
2021-11-09,15:00,sz000977,浪潮信息,31.36,31.84,31.11,31.63,272110,855087040.0,0.03,0.0949367088607594
2021-11-10,15:00,sz000977,浪潮信息,31.46,31.64,30.81,31.28,269123,839453376.0,-0.35,-1.1065444198545684
2021-11-11,15:00,sz000977,浪潮信息,31.1,31.57,30.9,31.22,227081,709174208.0,-0.06,-0.1918158567774936
2021-11-12,15:00,sz000977,浪潮信息,31.22,31.56,31.11,31.32,208127,652395904.0,0.1,0.3203074951953876
2021-11-15,15:00,sz000977,浪潮信息,31.33,31.7,30.5,30.6,344427,1067465152.0,-0.72,-2.2988505747126435
2021-11-16,15:00,sz000977,浪潮信息,30.56,33.3,30.47,32.21,811892,2625052928.0,1.61,5.261437908496732
2021-11-17,15:00,sz000977,浪潮信息,32.3,32.3,31.62,32.06,364939,1165346176.0,-0.15,-0.4656938838869916
2021-11-18,15:00,sz000977,浪潮信息,32.06,32.43,31.71,31.77,363437,1166097024.0,-0.29,-0.9045539613225204
2021-11-19,15:00,sz000977,浪潮信息,31.72,32.15,31.54,32.11,263604,840735616.0,0.34,1.0701920050361975
2021-11-22,15:00,sz000977,浪潮信息,32.32,33.03,32.13,32.7,403976,1320882304.0,0.59,1.8374338212394892
2021-11-23,15:00,sz000977,浪潮信息,32.65,33.57,32.59,33.07,415768,1378971264.0,0.37,1.1314984709480125
2021-11-24,15:00,sz000977,浪潮信息,33.06,34.45,32.92,34.38,701072,2382499840.0,1.31,3.9612942243725433
2021-11-25,15:00,sz000977,浪潮信息,34.45,34.45,33.23,33.5,401108,1352299520.0,-0.88,-2.559627690517743
2021-11-26,15:00,sz000977,浪潮信息,33.28,33.43,32.55,32.69,306307,1005574592.0,-0.81,-2.417910447761194
2021-11-29,15:00,sz000977,浪潮信息,32.22,32.77,32.16,32.4,237630,769480960.0,-0.29,-0.8871214438666258
2021-11-30,15:00,sz000977,浪潮信息,32.42,32.92,32.1,32.5,274018,891954688.0,0.1,0.3086419753086419
2021-12-01,15:00,sz000977,浪潮信息,32.42,33.75,32.34,33.46,351384,1165172608.0,0.96,2.9538461538461536
2021-12-02,15:00,sz000977,浪潮信息,33.26,33.75,33.08,33.36,231321,772964224.0,-0.1,-0.2988643156007173
2021-12-03,15:00,sz000977,浪潮信息,33.3,33.91,32.86,33.34,228203,760472128.0,-0.02,-0.0599520383693045
2021-12-06,15:00,sz000977,浪潮信息,33.4,33.65,32.62,32.7,240572,792564672.0,-0.64,-1.9196160767846429
2021-12-07,15:00,sz000977,浪潮信息,32.83,33.06,31.77,32.32,304556,983713344.0,-0.38,-1.162079510703364
2021-12-08,15:00,sz000977,浪潮信息,32.35,34.5,32.18,34.1,533484,1799032192.0,1.78,5.507425742574258
2021-12-09,15:00,sz000977,浪潮信息,34.0,36.29,33.88,35.2,664308,2349753088.0,1.1,3.225806451612903
2021-12-10,15:00,sz000977,浪潮信息,35.18,35.44,34.4,34.59,326021,1132099328.0,-0.61,-1.7329545454545454
2021-12-13,15:00,sz000977,浪潮信息,34.8,35.26,34.37,34.94,324028,1130589952.0,0.35,1.011853136744724
2021-12-14,15:00,sz000977,浪潮信息,34.6,35.43,34.57,35.14,261017,915026304.0,0.2,0.5724098454493417
2021-12-15,15:00,sz000977,浪潮信息,35.37,35.9,34.95,35.23,391972,1392674944.0,0.09,0.2561183836084235
2021-12-16,15:00,sz000977,浪潮信息,35.1,35.32,34.72,35.1,227144,796247488.0,-0.13,-0.3690036900369003
2021-12-17,15:00,sz000977,浪潮信息,35.1,35.1,34.4,34.4,212916,738286208.0,-0.7,-1.9943019943019944
2021-12-20,15:00,sz000977,浪潮信息,34.38,34.68,33.8,33.8,200402,684335616.0,-0.6,-1.744186046511628
2021-12-21,15:00,sz000977,浪潮信息,34.05,34.48,33.65,33.94,152749,519468736.0,0.14,0.4142011834319526
2021-12-22,15:00,sz000977,浪潮信息,34.01,34.4,33.52,34.31,246886,839494976.0,0.37,1.090159104301709
2021-12-23,15:00,sz000977,浪潮信息,34.02,35.28,34.0,34.73,292636,1016908224.0,0.42,1.2241329058583503
2021-12-24,15:00,sz000977,浪潮信息,34.74,35.82,34.71,35.5,365564,1293548544.0,0.77,2.2171033688453785
2021-12-27,15:00,sz000977,浪潮信息,35.39,36.0,35.09,35.91,290335,1037262592.0,0.41,1.1549295774647887
2021-12-28,15:00,sz000977,浪潮信息,35.8,36.35,35.5,35.76,259293,930154624.0,-0.15,-0.4177109440267335
2021-12-29,15:00,sz000977,浪潮信息,35.73,35.91,34.94,35.35,252467,890338432.0,-0.41,-1.1465324384787472
2021-12-30,15:00,sz000977,浪潮信息,35.05,35.96,35.03,35.37,185929,662202432.0,0.02,0.0565770862800565
2021-12-31,15:00,sz000977,浪潮信息,35.42,35.97,35.0,35.83,222371,791688512.0,0.46,1.300537178399774
