日期,时间,代码,名称,开盘,最高,最低,收盘,总手,金额,涨幅,涨幅比
2015-01-05,15:00,sz000981,山子高科,13.28,13.59,13.08,13.16,49894,66450476.0,-0.04,-0.303030303030303
2015-01-06,15:00,sz000981,山子高科,13.16,13.66,12.5,13.16,47564,61768324.0,0.0,0.0
2015-01-07,15:00,sz000981,山子高科,12.88,13.45,12.7,12.72,63663,82344184.0,-0.44,-3.343465045592705
2015-01-08,15:00,sz000981,山子高科,12.77,13.02,12.66,12.86,29598,38034600.0,0.14,1.10062893081761
2015-01-09,15:00,sz000981,山子高科,12.96,13.3,12.75,12.78,63193,82189312.0,-0.08,-0.6220839813374806
2015-01-12,15:00,sz000981,山子高科,12.59,12.59,11.61,11.77,67559,80702840.0,-1.01,-7.902973395931142
2015-01-13,15:00,sz000981,山子高科,11.77,11.87,11.4,11.57,45723,52811240.0,-0.2,-1.6992353440951573
2015-01-14,15:00,sz000981,山子高科,11.57,12.29,11.55,11.98,45232,53993748.0,0.41,3.543647363872083
2015-01-15,15:00,sz000981,山子高科,12.01,12.56,12.01,12.51,42756,52834300.0,0.53,4.424040066777963
2015-01-16,15:00,sz000981,山子高科,12.55,12.65,12.18,12.28,28714,35327348.0,-0.23,-1.8385291766586729
2015-01-19,15:00,sz000981,山子高科,11.71,11.98,11.1,11.69,25961,30322864.0,-0.59,-4.804560260586319
2015-01-20,15:00,sz000981,山子高科,11.7,11.97,11.7,11.93,21015,24919200.0,0.24,2.0530367835757057
2015-01-21,15:00,sz000981,山子高科,11.94,12.28,11.51,12.27,33393,40403916.0,0.34,2.8499580888516345
2015-01-22,15:00,sz000981,山子高科,12.24,12.4,12.1,12.35,29427,36209672.0,0.08,0.6519967400162999
2015-01-23,15:00,sz000981,山子高科,12.65,12.65,12.08,12.22,35184,43224564.0,-0.13,-1.0526315789473684
2015-01-26,15:00,sz000981,山子高科,12.2,12.6,12.06,12.48,37878,46617772.0,0.26,2.127659574468085
2015-01-27,15:00,sz000981,山子高科,12.5,13.73,12.4,13.73,142034,191108144.0,1.25,10.016025641025642
2015-01-28,15:00,sz000981,山子高科,13.75,13.75,13.2,13.38,68105,91087512.0,-0.35,-2.5491624180626364
2015-01-29,15:00,sz000981,山子高科,13.21,13.9,13.0,13.83,97352,132248056.0,0.45,3.363228699551569
2015-01-30,15:00,sz000981,山子高科,13.91,15.17,13.6,14.64,112295,159077440.0,0.81,5.856832971800434
2015-02-02,15:00,sz000981,山子高科,14.35,14.62,13.5,14.25,51124,72508672.0,-0.39,-2.663934426229508
2015-02-03,15:00,sz000981,山子高科,14.18,14.35,13.62,14.07,46548,65108588.0,-0.18,-1.263157894736842
2015-02-04,15:00,sz000981,山子高科,14.07,14.4,13.78,14.3,43486,61372548.0,0.23,1.634683724235963
2015-02-05,15:00,sz000981,山子高科,14.5,14.68,14.0,14.01,39397,56081472.0,-0.29,-2.027972027972028
2015-02-06,15:00,sz000981,山子高科,14.0,14.19,13.31,13.99,38770,53623128.0,-0.02,-0.1427551748750892
2015-02-09,15:00,sz000981,山子高科,14.07,14.28,13.65,13.71,15719,21689950.0,-0.28,-2.0014295925661187
2015-02-10,15:00,sz000981,山子高科,13.65,13.89,13.3,13.55,22014,29904816.0,-0.16,-1.1670313639679066
2015-02-11,15:00,sz000981,山子高科,13.56,13.94,13.5,13.82,22166,30477860.0,0.27,1.992619926199262
2015-02-12,15:00,sz000981,山子高科,13.94,13.94,13.42,13.66,29431,40179952.0,-0.16,-1.1577424023154848
2015-02-13,15:00,sz000981,山子高科,13.68,14.12,13.68,14.07,36620,51004844.0,0.41,3.001464128843338
2015-02-16,15:00,sz000981,山子高科,14.05,14.08,13.65,13.79,50723,70006760.0,-0.28,-1.9900497512437807
2015-02-17,15:00,sz000981,山子高科,13.8,13.8,13.55,13.7,27699,37951224.0,-0.09,-0.6526468455402465
2015-02-25,15:00,sz000981,山子高科,13.71,13.79,13.22,13.42,33970,45977652.0,-0.28,-2.0437956204379564
2015-02-26,15:00,sz000981,山子高科,13.43,13.55,13.06,13.52,27731,36853036.0,0.1,0.7451564828614009
2015-02-27,15:00,sz000981,山子高科,13.55,13.57,13.35,13.5,24122,32402048.0,-0.02,-0.1479289940828402
2015-03-02,15:00,sz000981,山子高科,13.76,14.0,13.5,14.0,56170,77627552.0,0.5,3.7037037037037033
2015-03-03,15:00,sz000981,山子高科,14.11,14.11,13.63,13.66,38771,53507488.0,-0.34,-2.4285714285714284
2015-03-04,15:00,sz000981,山子高科,13.66,13.66,13.1,13.43,39499,52615940.0,-0.23,-1.6837481698389458
2015-03-05,15:00,sz000981,山子高科,13.42,13.42,13.21,13.24,28981,38563092.0,-0.19,-1.4147431124348473
2015-03-06,15:00,sz000981,山子高科,13.24,13.47,13.12,13.25,26800,35529248.0,0.01,0.0755287009063444
2015-03-09,15:00,sz000981,山子高科,13.25,13.32,13.1,13.3,30823,40725840.0,0.05,0.3773584905660377
2015-03-10,15:00,sz000981,山子高科,13.4,13.42,13.22,13.33,23870,31769968.0,0.03,0.2255639097744361
2015-03-11,15:00,sz000981,山子高科,13.33,13.33,13.0,13.08,36561,47993004.0,-0.25,-1.8754688672168045
2015-03-12,15:00,sz000981,山子高科,13.09,13.25,13.02,13.06,26086,34150204.0,-0.02,-0.1529051987767584
2015-03-13,15:00,sz000981,山子高科,13.15,13.75,13.14,13.7,67947,91903432.0,0.64,4.900459418070445
2015-03-16,15:00,sz000981,山子高科,13.83,15.01,13.83,14.41,94611,136360064.0,0.71,5.182481751824818
2015-03-17,15:00,sz000981,山子高科,14.41,14.95,14.41,14.82,102112,150120768.0,0.41,2.8452463566967383
2015-03-18,15:00,sz000981,山子高科,14.84,14.99,14.51,14.76,55486,81408992.0,-0.06,-0.4048582995951417
2015-03-19,15:00,sz000981,山子高科,14.51,14.74,14.41,14.58,59765,86989704.0,-0.18,-1.2195121951219512
2015-03-20,15:00,sz000981,山子高科,14.57,14.77,14.43,14.5,49353,71882176.0,-0.08,-0.5486968449931412
2015-03-23,15:00,sz000981,山子高科,14.51,14.72,14.49,14.6,66687,97141840.0,0.1,0.6896551724137931
2015-03-24,15:00,sz000981,山子高科,14.76,14.76,13.91,14.35,76443,109892176.0,-0.25,-1.7123287671232876
2015-03-25,15:00,sz000981,山子高科,14.35,14.35,14.06,14.22,49182,69760528.0,-0.13,-0.9059233449477352
2015-03-26,15:00,sz000981,山子高科,14.18,14.34,13.92,14.31,43951,62334056.0,0.09,0.6329113924050633
2015-03-27,15:00,sz000981,山子高科,14.36,14.8,14.36,14.5,47962,69552688.0,0.19,1.3277428371767994
2015-03-30,15:00,sz000981,山子高科,14.5,15.33,14.45,14.99,111660,165720752.0,0.49,3.379310344827586
2015-03-31,15:00,sz000981,山子高科,15.33,15.58,14.6,14.64,120036,180467888.0,-0.35,-2.334889926617745
2015-04-01,15:00,sz000981,山子高科,14.62,14.72,14.33,14.56,54967,79847912.0,-0.08,-0.546448087431694
2015-04-02,15:00,sz000981,山子高科,14.65,14.77,14.35,14.49,61168,88801176.0,-0.07,-0.4807692307692308
2015-04-03,15:00,sz000981,山子高科,14.36,15.94,14.25,15.94,156792,237437504.0,1.45,10.006901311249138
2015-04-07,15:00,sz000981,山子高科,16.15,16.68,15.66,16.14,183941,295949664.0,0.2,1.2547051442910917
2015-04-08,15:00,sz000981,山子高科,16.0,16.34,15.83,16.09,113794,182097264.0,-0.05,-0.3097893432465923
2015-04-09,15:00,sz000981,山子高科,16.0,17.7,15.34,17.4,169279,278358656.0,1.31,8.141702921068987
2015-04-10,15:00,sz000981,山子高科,17.0,18.85,16.8,18.28,156236,279139136.0,0.88,5.057471264367816
2015-04-13,15:00,sz000981,山子高科,18.26,18.79,17.75,18.54,95212,173693744.0,0.26,1.4223194748358865
2015-04-14,15:00,sz000981,山子高科,18.51,18.51,17.6,17.88,79704,143171008.0,-0.66,-3.559870550161812
2015-04-15,15:00,sz000981,山子高科,17.99,17.99,16.75,16.78,56641,97478200.0,-1.1,-6.152125279642058
2015-04-16,15:00,sz000981,山子高科,16.6,17.52,16.16,17.1,69499,116627768.0,0.32,1.907032181168057
2015-04-17,15:00,sz000981,山子高科,17.13,17.33,16.81,17.17,58288,99686288.0,0.07,0.4093567251461988
2015-04-20,15:00,sz000981,山子高科,17.04,18.75,16.89,18.11,116179,209176960.0,0.94,5.474665113570181
2015-04-21,15:00,sz000981,山子高科,18.08,18.38,17.45,18.18,76211,137057824.0,0.07,0.3865267807840972
2015-04-22,15:00,sz000981,山子高科,18.18,18.73,17.95,18.36,65946,121224744.0,0.18,0.99009900990099
2015-04-23,15:00,sz000981,山子高科,18.51,18.62,17.75,17.88,76190,137039824.0,-0.48,-2.6143790849673203
2015-04-24,15:00,sz000981,山子高科,17.75,18.08,17.05,17.58,52392,92097680.0,-0.3,-1.6778523489932886
2015-04-27,15:00,sz000981,山子高科,17.45,17.88,17.41,17.48,56003,98840928.0,-0.1,-0.5688282138794084
2015-04-28,15:00,sz000981,山子高科,17.4,18.87,17.4,18.79,125428,227606160.0,1.31,7.494279176201372
2015-04-29,15:00,sz000981,山子高科,18.7,18.7,18.13,18.23,71214,130345792.0,-0.56,-2.9803086748270355
2015-04-30,15:00,sz000981,山子高科,18.02,20.05,17.94,20.05,153215,298679936.0,1.82,9.983543609434998
2015-06-23,15:00,sz000981,山子高科,21.09,21.25,19.01,19.89,233060,473613440.0,-0.16,-0.798004987531172
2015-06-24,15:00,sz000981,山子高科,19.87,21.88,19.7,21.88,110733,229418256.0,1.99,10.005027652086476
2015-06-25,15:00,sz000981,山子高科,22.6,24.07,22.1,24.07,51666,121342904.0,2.19,10.009140767824496
2015-06-26,15:00,sz000981,山子高科,26.0,26.48,25.0,26.48,268329,702642176.0,2.41,10.012463647694226
2015-06-29,15:00,sz000981,山子高科,27.0,28.88,23.96,26.1,263007,698606208.0,-0.38,-1.4350453172205435
2015-06-30,15:00,sz000981,山子高科,25.2,26.08,23.49,25.4,186103,454813504.0,-0.7,-2.681992337164751
2015-07-01,15:00,sz000981,山子高科,25.31,27.5,24.31,26.23,155687,415856256.0,0.83,3.2677165354330717
2015-07-02,15:00,sz000981,山子高科,26.14,26.17,23.61,23.61,103802,255574864.0,-2.62,-9.988562714449104
2015-07-03,15:00,sz000981,山子高科,21.27,22.98,21.25,21.25,78061,166860640.0,-2.36,-9.995764506565015
2015-07-06,15:00,sz000981,山子高科,23.0,23.32,19.13,19.13,62782,127510264.0,-2.12,-9.976470588235294
2015-07-21,15:00,sz000981,山子高科,20.91,20.91,20.91,20.91,3299,6898564.5,1.78,9.30475692629378
2015-07-22,15:00,sz000981,山子高科,23.0,23.0,23.0,23.0,1069,2458815.0,2.09,9.995217599234817
2015-07-23,15:00,sz000981,山子高科,25.3,25.3,25.3,25.3,4096,10365182.0,2.3,10.0
2015-07-24,15:00,sz000981,山子高科,27.83,27.83,27.83,27.83,49758,138477120.0,2.53,10.0
2015-07-27,15:00,sz000981,山子高科,29.58,30.61,28.89,29.05,386076,1162733440.0,1.22,4.383758533956163
2015-07-28,15:00,sz000981,山子高科,26.36,31.68,26.15,29.15,362155,1006347520.0,0.1,0.3442340791738382
2015-07-29,15:00,sz000981,山子高科,29.4,30.18,26.24,28.78,307015,852189184.0,-0.37,-1.269296740994854
2015-07-30,15:00,sz000981,山子高科,27.37,28.18,25.9,25.9,190309,517542976.0,-2.88,-10.006949270326617
2015-07-31,15:00,sz000981,山子高科,25.04,26.65,24.7,26.1,149907,383137472.0,0.2,0.7722007722007722
2015-08-03,15:00,sz000981,山子高科,25.0,25.42,23.49,23.49,107838,262633488.0,-2.61,-10.0
2015-08-04,15:00,sz000981,山子高科,23.1,25.7,23.02,25.7,103952,256243344.0,2.21,9.40825883354619
2015-08-05,15:00,sz000981,山子高科,25.0,25.7,23.84,23.99,99540,245982224.0,-1.71,-6.653696498054475
2015-08-06,15:00,sz000981,山子高科,23.08,24.43,23.01,23.58,52980,126057088.0,-0.41,-1.709045435598166
2015-08-07,15:00,sz000981,山子高科,23.8,25.18,23.8,24.39,68943,169344224.0,0.81,3.435114503816794
2015-08-10,15:00,sz000981,山子高科,24.8,26.48,24.52,25.88,99543,252139216.0,1.49,6.109061090610906
2015-08-11,15:00,sz000981,山子高科,25.86,26.98,25.3,25.88,81696,214712624.0,0.0,0.0
2015-08-12,15:00,sz000981,山子高科,25.23,26.88,25.16,26.01,74438,194671344.0,0.13,0.5023183925811437
2015-08-13,15:00,sz000981,山子高科,26.1,27.5,26.1,27.05,79916,213545872.0,1.04,3.998462129950019
2015-08-14,15:00,sz000981,山子高科,27.2,27.32,26.48,26.62,65982,177272896.0,-0.43,-1.5896487985212568
2015-08-17,15:00,sz000981,山子高科,26.65,27.5,26.6,26.86,50873,136866016.0,0.24,0.9015777610818932
2015-08-18,15:00,sz000981,山子高科,26.58,27.0,24.17,24.5,69178,176140576.0,-2.36,-8.786299329858526
2015-08-19,15:00,sz000981,山子高科,23.9,25.48,23.61,25.18,46297,113854872.0,0.68,2.7755102040816326
2015-08-20,15:00,sz000981,山子高科,25.29,25.45,24.4,24.46,28619,71066408.0,-0.72,-2.8594122319301034
2015-08-21,15:00,sz000981,山子高科,24.2,24.46,22.7,22.7,38831,91686992.0,-1.76,-7.195421095666394
2016-03-16,15:00,sz000981,山子高科,8.33,8.33,7.23,8.27,360332,289317440.0,-14.43,-63.56828193832599
2016-03-17,15:00,sz000981,山子高科,8.0,8.4,7.9,8.21,195113,159592736.0,-0.06,-0.7255139056831923
2016-03-18,15:00,sz000981,山子高科,8.22,8.85,8.03,8.55,234388,195879248.0,0.34,4.141291108404385
2016-03-21,15:00,sz000981,山子高科,8.54,9.41,8.41,9.41,317369,289473280.0,0.86,10.058479532163744
2016-03-22,15:00,sz000981,山子高科,9.6,10.2,9.55,9.7,428802,419870944.0,0.29,3.0818278427205104
2016-03-23,15:00,sz000981,山子高科,9.52,9.99,9.27,9.84,346347,332883648.0,0.14,1.443298969072165
2016-03-24,15:00,sz000981,山子高科,9.65,10.5,9.38,9.96,394717,393223776.0,0.12,1.2195121951219512
2016-03-25,15:00,sz000981,山子高科,10.11,10.43,9.69,9.72,236189,233918000.0,-0.24,-2.409638554216868
2016-03-28,15:00,sz000981,山子高科,9.65,9.84,9.27,9.41,189779,181182128.0,-0.31,-3.189300411522634
2016-03-29,15:00,sz000981,山子高科,9.4,9.61,9.27,9.54,134010,126555960.0,0.13,1.381509032943677
2016-03-30,15:00,sz000981,山子高科,9.54,9.8,9.43,9.77,156088,150400304.0,0.23,2.410901467505241
2016-03-31,15:00,sz000981,山子高科,9.77,9.85,9.58,9.62,156858,151835504.0,-0.15,-1.5353121801432956
2016-04-01,15:00,sz000981,山子高科,9.45,9.55,9.18,9.28,103208,96534960.0,-0.34,-3.5343035343035343
2016-04-05,15:00,sz000981,山子高科,9.3,9.49,9.28,9.38,98972,92938256.0,0.1,1.0775862068965518
2016-04-06,15:00,sz000981,山子高科,9.42,9.52,9.3,9.36,77679,72925568.0,-0.02,-0.2132196162046908
2016-04-07,15:00,sz000981,山子高科,9.47,9.47,9.14,9.15,81732,75596848.0,-0.21,-2.243589743589744
2016-04-08,15:00,sz000981,山子高科,9.11,9.24,9.02,9.11,59860,54658936.0,-0.04,-0.4371584699453552
2016-04-11,15:00,sz000981,山子高科,9.14,9.72,9.14,9.45,89971,85281896.0,0.34,3.7321624588364433
2016-04-12,15:00,sz000981,山子高科,9.49,9.5,9.18,9.2,60624,56329232.0,-0.25,-2.6455026455026456
2016-04-13,15:00,sz000981,山子高科,9.26,9.44,9.25,9.25,61239,57196616.0,0.05,0.5434782608695652
2016-04-14,15:00,sz000981,山子高科,9.48,9.69,9.37,9.62,132702,126636688.0,0.37,4.0
2016-04-15,15:00,sz000981,山子高科,9.67,9.77,9.51,9.55,79989,76894064.0,-0.07,-0.7276507276507277
2016-04-18,15:00,sz000981,山子高科,9.48,9.5,9.28,9.3,54240,50697924.0,-0.25,-2.6178010471204187
2016-04-19,15:00,sz000981,山子高科,9.32,9.49,9.26,9.3,44703,41732864.0,0.0,0.0
2016-04-20,15:00,sz000981,山子高科,9.39,9.45,8.64,9.15,100773,90671968.0,-0.15,-1.6129032258064515
2016-04-21,15:00,sz000981,山子高科,9.12,9.23,8.94,8.99,46362,42198872.0,-0.16,-1.7486338797814207
2016-04-22,15:00,sz000981,山子高科,8.98,9.15,8.85,8.96,31156,27967824.0,-0.03,-0.3337041156840934
2016-04-25,15:00,sz000981,山子高科,9.04,9.06,8.86,9.0,27657,24801034.0,0.04,0.4464285714285714
2016-04-26,15:00,sz000981,山子高科,8.98,9.1,8.91,9.1,28227,25390200.0,0.1,1.1111111111111112
2016-04-27,15:00,sz000981,山子高科,9.17,9.19,9.05,9.08,32956,30064224.0,-0.02,-0.2197802197802197
2016-04-28,15:00,sz000981,山子高科,9.1,9.11,8.88,8.96,30586,27454736.0,-0.12,-1.3215859030837005
2016-04-29,15:00,sz000981,山子高科,8.96,9.08,8.9,9.01,21849,19722016.0,0.05,0.5580357142857143
2016-05-03,15:00,sz000981,山子高科,9.14,9.28,9.01,9.2,41940,38488888.0,0.19,2.108768035516093
2016-05-04,15:00,sz000981,山子高科,9.2,9.5,9.2,9.45,68269,64297548.0,0.25,2.717391304347826
2016-05-05,15:00,sz000981,山子高科,9.38,9.75,9.38,9.53,70942,68163944.0,0.08,0.8465608465608466
2016-05-06,15:00,sz000981,山子高科,9.58,9.58,9.06,9.08,56756,52591776.0,-0.45,-4.72193074501574
2016-05-09,15:00,sz000981,山子高科,9.0,9.0,8.49,8.58,58554,51254496.0,-0.5,-5.506607929515418
2016-05-10,15:00,sz000981,山子高科,8.61,8.98,8.61,8.98,45467,40032632.0,0.4,4.662004662004662
2016-05-11,15:00,sz000981,山子高科,9.12,9.49,9.03,9.39,81373,75801440.0,0.41,4.565701559020044
2016-05-12,15:00,sz000981,山子高科,9.37,9.52,9.1,9.51,86587,81403744.0,0.12,1.2779552715654952
2016-05-13,15:00,sz000981,山子高科,9.64,9.66,9.37,9.54,70144,66626352.0,0.03,0.3154574132492113
2016-05-16,15:00,sz000981,山子高科,9.38,9.58,9.38,9.54,44443,42232812.0,0.0,0.0
2016-05-17,15:00,sz000981,山子高科,9.53,9.68,9.41,9.68,68768,65978300.0,0.14,1.4675052410901468
2016-05-18,15:00,sz000981,山子高科,9.7,9.72,9.45,9.66,71215,68233960.0,-0.02,-0.2066115702479339
2016-05-19,15:00,sz000981,山子高科,9.65,9.68,9.55,9.66,49484,47580716.0,0.0,0.0
2016-05-20,15:00,sz000981,山子高科,9.66,9.75,9.54,9.75,46242,44809344.0,0.09,0.9316770186335404
2016-05-23,15:00,sz000981,山子高科,9.99,10.73,9.99,10.73,169369,179396608.0,0.98,10.051282051282053
2016-05-24,15:00,sz000981,山子高科,11.05,11.33,10.5,10.56,220633,241920736.0,-0.17,-1.5843429636533086
2016-05-25,15:00,sz000981,山子高科,10.75,10.75,10.07,10.44,133739,139302896.0,-0.12,-1.1363636363636365
2016-05-26,15:00,sz000981,山子高科,10.33,10.42,10.0,10.26,72285,73655192.0,-0.18,-1.7241379310344829
2016-05-27,15:00,sz000981,山子高科,10.26,10.63,10.26,10.35,83530,87652360.0,0.09,0.8771929824561403
2016-05-30,15:00,sz000981,山子高科,10.25,10.28,9.84,9.9,66305,66246196.0,-0.45,-4.3478260869565215
2016-05-31,15:00,sz000981,山子高科,9.82,10.39,9.81,10.21,93105,93984792.0,0.31,3.1313131313131315
2016-06-01,15:00,sz000981,山子高科,10.21,10.42,10.13,10.15,73284,75200424.0,-0.06,-0.5876591576885406
2016-06-02,15:00,sz000981,山子高科,10.12,10.35,10.01,10.07,62310,63063268.0,-0.08,-0.7881773399014778
2016-06-03,15:00,sz000981,山子高科,10.08,10.28,10.05,10.07,64083,65005996.0,0.0,0.0
2016-06-06,15:00,sz000981,山子高科,10.08,10.28,10.0,10.17,63734,64853488.0,0.1,0.99304865938431
2016-06-07,15:00,sz000981,山子高科,10.27,10.28,9.98,10.07,52015,52357852.0,-0.1,-0.983284169124877
2016-06-08,15:00,sz000981,山子高科,10.09,10.09,9.73,9.9,64896,63936004.0,-0.17,-1.6881827209533269
2016-06-13,15:00,sz000981,山子高科,9.69,9.88,9.0,9.06,79204,75108392.0,-0.84,-8.484848484848486
2016-06-14,15:00,sz000981,山子高科,9.06,9.37,9.06,9.19,56633,52062836.0,0.13,1.434878587196468
2016-06-15,15:00,sz000981,山子高科,9.12,9.39,9.11,9.35,36296,33682628.0,0.16,1.7410228509249184
2016-06-16,15:00,sz000981,山子高科,9.3,9.76,9.3,9.65,59648,56912724.0,0.3,3.2085561497326207
2016-06-17,15:00,sz000981,山子高科,9.65,9.95,9.63,9.76,73583,72141856.0,0.11,1.1398963730569949
2016-06-20,15:00,sz000981,山子高科,9.85,9.89,9.55,9.77,57545,55768008.0,0.01,0.1024590163934426
2016-06-21,15:00,sz000981,山子高科,9.86,9.92,9.55,9.68,46765,45483180.0,-0.09,-0.9211873080859776
2016-06-22,15:00,sz000981,山子高科,9.72,9.75,9.59,9.7,28773,27890518.0,0.02,0.2066115702479339
2016-06-23,15:00,sz000981,山子高科,9.7,9.77,9.43,9.6,47906,45760384.0,-0.1,-1.0309278350515465
2016-06-24,15:00,sz000981,山子高科,9.59,9.65,9.17,9.42,46001,43294224.0,-0.18,-1.875
2016-06-27,15:00,sz000981,山子高科,9.39,9.6,9.32,9.44,72547,68244744.0,0.02,0.2123142250530785
2016-06-28,15:00,sz000981,山子高科,9.47,9.51,9.3,9.37,46747,43760848.0,-0.07,-0.7415254237288136
2016-06-29,15:00,sz000981,山子高科,9.4,9.43,9.3,9.4,40906,38293548.0,0.03,0.3201707577374599
2016-06-30,15:00,sz000981,山子高科,9.45,9.46,9.2,9.39,62258,58000160.0,-0.01,-0.1063829787234042
2016-07-01,15:00,sz000981,山子高科,9.37,9.78,9.32,9.69,95287,91292112.0,0.3,3.1948881789137378
2016-07-04,15:00,sz000981,山子高科,9.6,10.14,9.6,9.9,101615,100786240.0,0.21,2.1671826625387
2016-07-05,15:00,sz000981,山子高科,9.95,10.86,9.95,10.58,164249,172084240.0,0.68,6.8686868686868685
2016-07-06,15:00,sz000981,山子高科,10.46,10.8,10.35,10.46,98758,103933896.0,-0.12,-1.1342155009451798
2016-07-07,15:00,sz000981,山子高科,10.35,10.65,10.27,10.4,74315,77451576.0,-0.06,-0.5736137667304015
2016-07-08,15:00,sz000981,山子高科,10.43,10.63,10.37,10.44,58063,60848176.0,0.04,0.3846153846153846
2016-07-11,15:00,sz000981,山子高科,10.32,10.5,10.1,10.24,60987,63142748.0,-0.2,-1.9157088122605364
2016-07-12,15:00,sz000981,山子高科,10.29,10.39,9.97,10.25,63147,64252424.0,0.01,0.09765625
2016-07-13,15:00,sz000981,山子高科,10.24,11.0,10.1,10.93,178192,190235952.0,0.68,6.634146341463415
2016-07-14,15:00,sz000981,山子高科,11.02,11.26,10.8,10.89,120107,132083728.0,-0.04,-0.3659652333028362
2016-07-15,15:00,sz000981,山子高科,10.82,11.25,10.81,11.15,122973,136362416.0,0.26,2.3875114784205693
2016-07-18,15:00,sz000981,山子高科,11.15,11.5,11.09,11.2,111251,125337440.0,0.05,0.4484304932735426
2016-07-19,15:00,sz000981,山子高科,11.0,11.23,10.85,11.14,64802,71938888.0,-0.06,-0.5357142857142857
2016-07-20,15:00,sz000981,山子高科,11.13,11.35,11.08,11.27,60411,67782016.0,0.13,1.1669658886894074
2016-07-21,15:00,sz000981,山子高科,11.34,11.77,11.3,11.56,97197,112542200.0,0.29,2.5732031943212066
2016-07-22,15:00,sz000981,山子高科,11.5,11.72,11.41,11.5,77771,89779056.0,-0.06,-0.5190311418685121
2016-07-25,15:00,sz000981,山子高科,11.5,11.98,11.48,11.9,81264,95802968.0,0.4,3.4782608695652173
2016-07-26,15:00,sz000981,山子高科,11.9,12.1,11.75,11.9,93869,111792704.0,0.0,0.0
2016-07-27,15:00,sz000981,山子高科,11.9,12.02,10.85,11.23,119796,135600320.0,-0.67,-5.630252100840337
2016-07-28,15:00,sz000981,山子高科,11.25,11.51,11.0,11.3,85790,95959728.0,0.07,0.6233303650934996
2016-07-29,15:00,sz000981,山子高科,11.3,11.44,11.15,11.24,38464,43417576.0,-0.06,-0.5309734513274336
2016-08-01,15:00,sz000981,山子高科,11.23,11.27,10.99,11.13,48943,54155632.0,-0.11,-0.9786476868327402
2016-08-02,15:00,sz000981,山子高科,11.13,11.27,11.0,11.14,46917,52212488.0,0.01,0.0898472596585804
2016-08-03,15:00,sz000981,山子高科,11.14,11.25,10.98,11.05,53410,59336172.0,-0.09,-0.807899461400359
2016-08-04,15:00,sz000981,山子高科,11.06,11.2,11.0,11.14,65378,72871592.0,0.09,0.8144796380090499
2016-08-05,15:00,sz000981,山子高科,11.15,11.25,11.0,11.12,40323,44826252.0,-0.02,-0.1795332136445242
2016-08-08,15:00,sz000981,山子高科,11.12,11.17,11.01,11.15,40877,45305260.0,0.03,0.2697841726618705
2016-08-09,15:00,sz000981,山子高科,11.18,11.24,11.13,11.18,38198,42679308.0,0.03,0.2690582959641255
2016-08-10,15:00,sz000981,山子高科,11.18,11.26,11.05,11.11,46311,51606356.0,-0.07,-0.6261180679785331
2016-08-11,15:00,sz000981,山子高科,11.1,11.18,10.91,11.05,47167,52129284.0,-0.06,-0.54005400540054
2016-08-12,15:00,sz000981,山子高科,11.08,11.08,10.52,10.85,122505,132110168.0,-0.2,-1.809954751131222
2016-08-15,15:00,sz000981,山子高科,10.85,10.98,10.58,10.83,97408,104947568.0,-0.02,-0.184331797235023
2016-08-16,15:00,sz000981,山子高科,10.82,10.96,10.8,10.84,60604,65840304.0,0.01,0.0923361034164358
2016-08-17,15:00,sz000981,山子高科,10.83,11.92,10.63,11.44,127018,142334624.0,0.6,5.535055350553505
2016-08-18,15:00,sz000981,山子高科,11.43,11.64,11.31,11.45,99529,114322648.0,0.01,0.0874125874125874
2016-08-19,15:00,sz000981,山子高科,11.44,11.66,11.3,11.56,104365,119487752.0,0.11,0.960698689956332
2016-08-22,15:00,sz000981,山子高科,11.53,12.72,11.53,12.72,554529,703095872.0,1.16,10.034602076124568
2016-08-23,15:00,sz000981,山子高科,12.76,13.27,12.71,12.72,702501,906775616.0,0.0,0.0
2016-08-24,15:00,sz000981,山子高科,12.75,13.99,12.66,13.63,891457,1178092544.0,0.91,7.154088050314465
2016-08-25,15:00,sz000981,山子高科,13.0,13.0,12.27,12.27,1005417,1238144000.0,-1.36,-9.977989728539985
2016-08-26,15:00,sz000981,山子高科,11.5,11.9,11.04,11.13,1606630,1788268032.0,-1.14,-9.290953545232274
2016-08-29,15:00,sz000981,山子高科,10.7,11.14,10.3,11.14,860646,918013696.0,0.01,0.0898472596585804
2016-08-30,15:00,sz000981,山子高科,10.97,10.97,10.6,10.6,535986,574875072.0,-0.54,-4.847396768402154
2016-08-31,15:00,sz000981,山子高科,10.49,10.82,10.49,10.71,385805,412463616.0,0.11,1.0377358490566038
2016-09-01,15:00,sz000981,山子高科,10.72,10.75,10.35,10.4,390324,409007200.0,-0.31,-2.894491129785248
2016-09-02,15:00,sz000981,山子高科,10.34,10.38,9.99,10.09,344468,350429312.0,-0.31,-2.980769230769231
2016-09-05,15:00,sz000981,山子高科,10.11,10.23,10.01,10.17,187728,190334304.0,0.08,0.7928642220019821
2016-09-06,15:00,sz000981,山子高科,10.17,10.2,10.02,10.18,183293,185545952.0,0.01,0.0983284169124877
2016-09-07,15:00,sz000981,山子高科,10.17,10.35,10.13,10.19,186942,191598960.0,0.01,0.0982318271119842
2016-09-08,15:00,sz000981,山子高科,10.23,10.36,10.16,10.27,189705,195018080.0,0.08,0.7850834151128557
2016-09-09,15:00,sz000981,山子高科,10.26,10.35,10.2,10.22,183123,188161136.0,-0.05,-0.4868549172346641
2016-09-12,15:00,sz000981,山子高科,10.02,10.09,9.8,9.81,200217,199215072.0,-0.41,-4.011741682974559
2016-09-13,15:00,sz000981,山子高科,9.84,10.03,9.8,9.9,128977,127595456.0,0.09,0.9174311926605504
2016-09-14,15:00,sz000981,山子高科,9.82,9.88,9.71,9.87,108223,106125336.0,-0.03,-0.303030303030303
2016-09-19,15:00,sz000981,山子高科,9.86,9.97,9.81,9.87,79652,78790488.0,0.0,0.0
2016-09-20,15:00,sz000981,山子高科,9.87,9.9,9.8,9.84,68631,67612136.0,-0.03,-0.303951367781155
2016-09-21,15:00,sz000981,山子高科,9.85,9.94,9.8,9.82,79100,78023232.0,-0.02,-0.2032520325203252
2016-09-22,15:00,sz000981,山子高科,9.82,9.91,9.81,9.81,118497,116715712.0,-0.01,-0.1018329938900203
2016-09-23,15:00,sz000981,山子高科,9.83,9.85,9.6,9.61,155768,150990448.0,-0.2,-2.038735983690112
2016-09-26,15:00,sz000981,山子高科,9.61,9.75,9.41,9.7,196297,187445184.0,0.09,0.9365244536940688
2016-09-27,15:00,sz000981,山子高科,9.61,9.93,9.6,9.86,172743,169789232.0,0.16,1.6494845360824744
2016-09-28,15:00,sz000981,山子高科,9.91,9.94,9.77,9.8,91305,89933336.0,-0.06,-0.6085192697768762
2016-09-29,15:00,sz000981,山子高科,9.79,9.83,9.71,9.71,98927,96524128.0,-0.09,-0.9183673469387756
2016-09-30,15:00,sz000981,山子高科,9.78,9.95,9.78,9.89,131285,129837344.0,0.18,1.8537590113285276
2016-10-10,15:00,sz000981,山子高科,9.89,10.26,9.89,10.02,154455,155211504.0,0.13,1.314459049544995
2016-10-11,15:00,sz000981,山子高科,10.13,10.16,9.96,10.01,87771,87926296.0,-0.01,-0.0998003992015967
2016-10-12,15:00,sz000981,山子高科,10.01,10.01,9.87,9.94,71729,71151632.0,-0.07,-0.6993006993006993
2016-10-13,15:00,sz000981,山子高科,9.92,9.97,9.85,9.9,65213,64602500.0,-0.04,-0.4024144869215292
2016-10-14,15:00,sz000981,山子高科,9.89,10.1,9.88,9.99,98791,98907896.0,0.09,0.9090909090909092
2016-10-17,15:00,sz000981,山子高科,10.08,10.11,9.82,9.86,81543,81382504.0,-0.13,-1.3013013013013013
2016-10-18,15:00,sz000981,山子高科,9.86,9.92,9.8,9.9,77248,76102160.0,0.04,0.4056795131845842
2016-10-19,15:00,sz000981,山子高科,9.9,9.93,9.82,9.84,52107,51374100.0,-0.06,-0.6060606060606061
2016-10-20,15:00,sz000981,山子高科,9.86,9.93,9.82,9.84,62628,61795716.0,0.0,0.0
2016-10-21,15:00,sz000981,山子高科,9.88,9.92,9.75,9.9,81582,80456656.0,0.06,0.6097560975609756
2016-10-24,15:00,sz000981,山子高科,9.9,10.1,9.85,10.09,156639,156442208.0,0.19,1.9191919191919191
2016-10-25,15:00,sz000981,山子高科,10.04,10.2,10.03,10.08,101572,102826520.0,-0.01,-0.0991080277502477
2016-10-26,15:00,sz000981,山子高科,10.09,10.13,9.96,10.02,92533,92696592.0,-0.06,-0.5952380952380952
2016-10-27,15:00,sz000981,山子高科,10.07,10.09,9.89,9.9,83552,83229384.0,-0.12,-1.1976047904191618
2016-10-28,15:00,sz000981,山子高科,9.86,9.95,9.8,9.83,66205,65338652.0,-0.07,-0.7070707070707071
2016-10-31,15:00,sz000981,山子高科,9.8,10.18,9.78,10.15,140529,140267440.0,0.32,3.255340793489318
2016-11-01,15:00,sz000981,山子高科,10.15,10.52,10.1,10.45,356632,370959136.0,0.3,2.955665024630542
2016-11-02,15:00,sz000981,山子高科,10.5,10.52,10.18,10.3,184371,191201840.0,-0.15,-1.4354066985645932
2016-11-03,15:00,sz000981,山子高科,10.3,10.39,10.21,10.34,119521,123294968.0,0.04,0.3883495145631068
2016-11-04,15:00,sz000981,山子高科,10.32,10.41,10.16,10.18,75311,77298512.0,-0.16,-1.5473887814313347
2016-11-07,15:00,sz000981,山子高科,10.2,10.36,10.06,10.35,95348,96992056.0,0.17,1.6699410609037328
2016-11-08,15:00,sz000981,山子高科,10.32,10.46,10.25,10.25,92990,96446880.0,-0.1,-0.966183574879227
2016-11-09,15:00,sz000981,山子高科,10.26,10.33,10.02,10.12,72282,73476128.0,-0.13,-1.2682926829268293
2016-11-10,15:00,sz000981,山子高科,10.16,10.28,10.12,10.16,55508,56532596.0,0.04,0.3952569169960474
2016-11-11,15:00,sz000981,山子高科,10.18,10.27,10.09,10.18,108395,110076112.0,0.02,0.1968503937007873
2016-11-14,15:00,sz000981,山子高科,10.2,10.23,10.05,10.1,109886,111160760.0,-0.08,-0.7858546168958742
2016-11-15,15:00,sz000981,山子高科,10.17,10.32,10.07,10.31,137450,139969552.0,0.21,2.0792079207920797
2016-11-16,15:00,sz000981,山子高科,10.28,11.34,10.25,11.33,506584,550593728.0,1.02,9.893307468477207
2016-11-17,15:00,sz000981,山子高科,11.25,11.74,11.0,11.42,670480,765397184.0,0.09,0.7943512797881729
2016-11-18,15:00,sz000981,山子高科,11.4,11.4,11.0,11.15,273300,306548960.0,-0.27,-2.364273204903678
2016-11-21,15:00,sz000981,山子高科,11.16,11.76,11.15,11.44,230715,264827520.0,0.29,2.600896860986547
2016-11-22,15:00,sz000981,山子高科,11.48,11.68,11.32,11.47,138975,158863936.0,0.03,0.2622377622377622
2016-11-23,15:00,sz000981,山子高科,11.58,11.62,11.0,11.05,193877,217157280.0,-0.42,-3.661726242371403
2016-11-24,15:00,sz000981,山子高科,11.09,11.13,10.78,10.99,139066,151417232.0,-0.06,-0.5429864253393665
2016-11-25,15:00,sz000981,山子高科,11.03,11.39,10.87,11.15,137887,153435712.0,0.16,1.4558689717925388
2016-11-28,15:00,sz000981,山子高科,11.16,11.28,11.0,11.02,80813,89611288.0,-0.13,-1.1659192825112108
2016-11-29,15:00,sz000981,山子高科,11.07,11.07,10.75,10.76,104589,113578560.0,-0.26,-2.35934664246824
2016-11-30,15:00,sz000981,山子高科,10.77,11.31,10.77,11.19,187555,207603888.0,0.43,3.996282527881041
2016-12-01,15:00,sz000981,山子高科,11.2,11.35,11.08,11.18,126349,141604144.0,-0.01,-0.0893655049151027
2016-12-02,15:00,sz000981,山子高科,11.18,12.3,10.93,11.18,236449,268422784.0,0.0,0.0
2016-12-05,15:00,sz000981,山子高科,11.13,11.13,10.72,10.74,136950,149191808.0,-0.44,-3.9355992844364938
2016-12-06,15:00,sz000981,山子高科,10.88,10.97,10.7,10.76,87695,95018408.0,0.02,0.186219739292365
2016-12-07,15:00,sz000981,山子高科,10.8,11.19,10.58,10.99,129402,140165440.0,0.23,2.137546468401487
2016-12-08,15:00,sz000981,山子高科,10.98,11.16,10.75,10.75,151513,166486400.0,-0.24,-2.1838034576888083
2016-12-09,15:00,sz000981,山子高科,10.79,10.88,10.65,10.72,70379,75625472.0,-0.03,-0.2790697674418604
2016-12-12,15:00,sz000981,山子高科,10.72,10.79,10.25,10.38,114257,119345904.0,-0.34,-3.171641791044776
2016-12-13,15:00,sz000981,山子高科,10.39,10.47,10.18,10.31,71779,74104336.0,-0.07,-0.674373795761079
2016-12-14,15:00,sz000981,山子高科,10.29,10.55,10.2,10.35,67340,69998368.0,0.04,0.3879728419010669
2016-12-26,15:00,sz000981,山子高科,10.6,10.97,10.35,10.35,171450,181542240.0,0.0,0.0
2016-12-27,15:00,sz000981,山子高科,10.39,10.39,10.0,10.03,108845,110107392.0,-0.32,-3.0917874396135265
2016-12-28,15:00,sz000981,山子高科,10.03,10.16,9.97,10.07,56706,57112392.0,0.04,0.3988035892323031
2016-12-29,15:00,sz000981,山子高科,10.08,10.39,10.0,10.02,82903,84193304.0,-0.05,-0.4965243296921549
2016-12-30,15:00,sz000981,山子高科,10.09,10.11,9.88,9.92,64297,64071612.0,-0.1,-0.998003992015968
2017-01-03,15:00,sz000981,山子高科,9.93,10.08,9.93,9.99,35787,35778916.0,0.07,0.7056451612903225
2017-01-04,15:00,sz000981,山子高科,9.96,10.05,9.8,9.98,48935,48766844.0,-0.01,-0.1001001001001
2017-01-05,15:00,sz000981,山子高科,9.99,10.0,9.53,9.67,140696,137540144.0,-0.31,-3.106212424849699
2017-01-06,15:00,sz000981,山子高科,9.62,9.8,9.27,9.78,184552,174137424.0,0.11,1.1375387797311272
2017-01-09,15:00,sz000981,山子高科,9.69,9.8,9.6,9.7,71311,69037984.0,-0.08,-0.81799591002045
2017-01-10,15:00,sz000981,山子高科,9.69,9.82,9.63,9.75,56966,55485456.0,0.05,0.5154639175257731
2017-01-11,15:00,sz000981,山子高科,9.75,9.81,9.61,9.63,45548,44204504.0,-0.12,-1.2307692307692308
2017-01-12,15:00,sz000981,山子高科,9.64,9.78,9.55,9.67,75063,72491488.0,0.04,0.4153686396677051
2017-01-13,15:00,sz000981,山子高科,9.69,9.69,9.46,9.66,63238,60427768.0,-0.01,-0.1034126163391934
2017-01-16,15:00,sz000981,山子高科,9.65,9.68,8.69,9.59,125377,117509584.0,-0.07,-0.7246376811594203
2017-01-17,15:00,sz000981,山子高科,9.5,9.63,9.22,9.5,91894,86963528.0,-0.09,-0.9384775808133472
2017-01-18,15:00,sz000981,山子高科,9.59,9.64,9.4,9.55,54539,51927708.0,0.05,0.5263157894736842
2017-01-19,15:00,sz000981,山子高科,9.55,9.56,9.34,9.53,83287,78678080.0,-0.02,-0.2094240837696335
2017-01-20,15:00,sz000981,山子高科,9.51,9.58,9.44,9.56,77224,73428168.0,0.03,0.3147953830010493
2017-01-23,15:00,sz000981,山子高科,9.56,9.85,9.56,9.61,108077,104518568.0,0.05,0.5230125523012552
2017-01-24,15:00,sz000981,山子高科,9.58,9.74,9.55,9.6,49914,48025308.0,-0.01,-0.1040582726326743
2017-01-25,15:00,sz000981,山子高科,9.65,9.71,9.6,9.6,51343,49536752.0,0.0,0.0
2017-01-26,15:00,sz000981,山子高科,9.6,9.68,9.59,9.6,33173,31918398.0,0.0,0.0
2017-02-03,15:00,sz000981,山子高科,9.66,9.9,9.64,9.81,55449,54391220.0,0.21,2.1875
2017-02-06,15:00,sz000981,山子高科,9.78,10.22,9.74,10.14,103654,104210512.0,0.33,3.3639143730886847
2017-06-15,15:00,sz000981,山子高科,9.13,9.97,9.13,9.81,219402,209885216.0,-0.33,-3.2544378698224854
2017-06-16,15:00,sz000981,山子高科,9.81,9.98,9.66,9.89,97117,95269968.0,0.08,0.8154943934760449
2017-06-19,15:00,sz000981,山子高科,9.97,10.25,9.92,10.01,78501,78711664.0,0.12,1.2133468149646107
2017-06-20,15:00,sz000981,山子高科,9.98,10.07,9.97,9.99,43041,43040316.0,-0.02,-0.1998001998001998
2017-06-21,15:00,sz000981,山子高科,10.03,10.19,9.8,10.06,69908,69662768.0,0.07,0.7007007007007007
2017-06-22,15:00,sz000981,山子高科,10.06,10.2,9.98,9.98,48239,48509360.0,-0.08,-0.7952286282306162
2017-06-23,15:00,sz000981,山子高科,9.95,10.13,9.88,10.02,50817,50904036.0,0.04,0.4008016032064128
2017-06-26,15:00,sz000981,山子高科,10.02,10.05,9.89,9.91,35941,35738152.0,-0.11,-1.097804391217565
2017-06-27,15:00,sz000981,山子高科,9.93,9.99,9.8,9.88,34339,33867796.0,-0.03,-0.3027245206861755
2017-06-28,15:00,sz000981,山子高科,9.83,9.9,9.68,9.83,51118,50032968.0,-0.05,-0.5060728744939271
2017-06-29,15:00,sz000981,山子高科,9.85,9.85,9.62,9.63,31679,30752394.0,-0.2,-2.034587995930824
2017-06-30,15:00,sz000981,山子高科,9.68,9.85,9.56,9.77,57649,55975768.0,0.14,1.453790238836968
2017-07-03,15:00,sz000981,山子高科,9.82,9.82,9.67,9.78,32817,31905482.0,0.01,0.1023541453428864
2017-07-04,15:00,sz000981,山子高科,9.78,9.83,9.63,9.75,41674,40495464.0,-0.03,-0.3067484662576687
2017-07-05,15:00,sz000981,山子高科,9.75,9.75,9.56,9.74,55395,53549672.0,-0.01,-0.1025641025641025
2017-07-06,15:00,sz000981,山子高科,9.98,10.12,9.88,9.98,130713,130613512.0,0.24,2.4640657084188917
2017-07-07,15:00,sz000981,山子高科,9.9,10.05,9.9,10.03,65406,65268728.0,0.05,0.501002004008016
2017-07-10,15:00,sz000981,山子高科,10.0,10.17,9.99,10.04,50754,51054320.0,0.01,0.0997008973080757
2017-07-11,15:00,sz000981,山子高科,10.05,10.09,9.92,9.92,27812,27743356.0,-0.12,-1.195219123505976
2017-07-12,15:00,sz000981,山子高科,9.88,10.0,9.75,9.94,37579,37133152.0,0.02,0.2016129032258064
2017-07-13,15:00,sz000981,山子高科,9.93,9.93,9.8,9.93,44481,43873236.0,-0.01,-0.1006036217303823
2017-07-14,15:00,sz000981,山子高科,9.81,9.93,9.81,9.89,22625,22291344.0,-0.04,-0.4028197381671702
2017-07-17,15:00,sz000981,山子高科,9.88,9.89,9.46,9.76,67403,65270704.0,-0.13,-1.314459049544995
2017-07-18,15:00,sz000981,山子高科,9.56,9.75,9.56,9.74,45136,43572096.0,-0.02,-0.2049180327868852
2017-07-19,15:00,sz000981,山子高科,9.79,9.79,9.63,9.73,27370,26541078.0,-0.01,-0.1026694045174538
2017-07-20,15:00,sz000981,山子高科,9.68,9.78,9.63,9.74,42873,41609052.0,0.01,0.1027749229188078
2017-07-21,15:00,sz000981,山子高科,9.73,9.76,9.65,9.72,45231,43865636.0,-0.02,-0.2053388090349076
2017-07-24,15:00,sz000981,山子高科,9.72,9.73,9.54,9.72,53955,51972292.0,0.0,0.0
2017-07-25,15:00,sz000981,山子高科,9.73,9.73,9.64,9.71,37695,36503804.0,-0.01,-0.102880658436214
2017-07-26,15:00,sz000981,山子高科,9.68,9.7,9.55,9.65,47444,45686544.0,-0.06,-0.6179196704428425
2017-07-27,15:00,sz000981,山子高科,9.56,9.6,9.49,9.53,39881,38013592.0,-0.12,-1.243523316062176
2017-07-28,15:00,sz000981,山子高科,9.53,9.53,9.33,9.52,83640,78838064.0,-0.01,-0.1049317943336831
2017-07-31,15:00,sz000981,山子高科,9.49,9.56,9.42,9.51,51815,49167692.0,-0.01,-0.1050420168067226
2017-08-01,15:00,sz000981,山子高科,9.49,10.3,9.4,9.95,109502,108339632.0,0.44,4.6267087276551
2017-08-02,15:00,sz000981,山子高科,9.92,10.09,9.85,10.03,72947,72934792.0,0.08,0.8040201005025126
2017-08-03,15:00,sz000981,山子高科,9.98,10.06,9.85,9.9,25857,25690076.0,-0.13,-1.296111665004985
2017-08-04,15:00,sz000981,山子高科,9.9,9.98,9.74,9.74,25182,24779764.0,-0.16,-1.616161616161616
2017-08-07,15:00,sz000981,山子高科,9.71,10.1,9.65,9.9,48673,48000716.0,0.16,1.642710472279261
2017-08-08,15:00,sz000981,山子高科,9.91,9.98,9.85,9.89,28790,28488366.0,-0.01,-0.101010101010101
2017-08-09,15:00,sz000981,山子高科,9.9,9.94,9.83,9.89,27159,26885528.0,0.0,0.0
2017-08-10,15:00,sz000981,山子高科,9.85,9.96,9.83,9.83,18988,18741944.0,-0.06,-0.6066734074823054
2017-08-11,15:00,sz000981,山子高科,9.84,9.93,9.65,9.66,23889,23302968.0,-0.17,-1.7293997965412005
2017-08-14,15:00,sz000981,山子高科,9.82,9.82,9.65,9.71,16979,16535721.0,0.05,0.5175983436853002
2017-08-15,15:00,sz000981,山子高科,9.84,9.85,9.67,9.8,26300,25725952.0,0.09,0.9268795056642636
2017-08-16,15:00,sz000981,山子高科,9.82,9.82,9.73,9.79,15546,15211258.0,-0.01,-0.1020408163265306
2017-08-17,15:00,sz000981,山子高科,9.81,9.83,9.73,9.74,23145,22585976.0,-0.05,-0.5107252298263534
2017-08-18,15:00,sz000981,山子高科,9.73,9.73,9.6,9.69,29714,28708660.0,-0.05,-0.5133470225872689
2017-08-21,15:00,sz000981,山子高科,9.64,9.74,9.64,9.67,22815,22099788.0,-0.02,-0.2063983488132094
2017-08-22,15:00,sz000981,山子高科,9.66,9.7,9.57,9.58,20027,19242680.0,-0.09,-0.9307135470527405
2017-08-23,15:00,sz000981,山子高科,9.58,9.58,9.48,9.49,20052,19107190.0,-0.09,-0.9394572025052192
2017-08-24,15:00,sz000981,山子高科,9.5,9.58,9.45,9.5,20221,19232270.0,0.01,0.1053740779768176
2017-08-25,15:00,sz000981,山子高科,9.5,9.57,9.46,9.54,19791,18842054.0,0.04,0.4210526315789473
2017-08-28,15:00,sz000981,山子高科,9.53,9.56,9.46,9.55,30767,29299608.0,0.01,0.1048218029350104
2017-08-29,15:00,sz000981,山子高科,9.56,9.58,9.52,9.55,21531,20563384.0,0.0,0.0
2017-08-30,15:00,sz000981,山子高科,9.52,9.57,9.44,9.56,34474,32804638.0,0.01,0.1047120418848167
2017-09-07,15:00,sz000981,山子高科,10.05,10.11,9.69,9.98,140083,138709152.0,0.42,4.393305439330543
2017-09-08,15:00,sz000981,山子高科,10.01,10.08,9.83,9.98,77598,77484520.0,0.0,0.0
2017-09-11,15:00,sz000981,山子高科,9.86,9.98,9.74,9.8,43014,42247616.0,-0.18,-1.8036072144288575
2017-09-12,15:00,sz000981,山子高科,9.8,9.83,9.71,9.72,37932,37057848.0,-0.08,-0.8163265306122449
2017-09-13,15:00,sz000981,山子高科,9.78,9.81,9.58,9.64,43603,42163728.0,-0.08,-0.823045267489712
2017-09-14,15:00,sz000981,山子高科,9.72,9.81,9.64,9.7,42910,41742396.0,0.06,0.6224066390041494
2017-09-15,15:00,sz000981,山子高科,9.7,9.79,9.65,9.71,42460,41379360.0,0.01,0.1030927835051546
2017-09-18,15:00,sz000981,山子高科,9.67,9.77,9.65,9.72,29077,28217968.0,0.01,0.1029866117404737
2017-09-19,15:00,sz000981,山子高科,9.7,9.77,9.66,9.71,29280,28500770.0,-0.01,-0.102880658436214
2017-09-20,15:00,sz000981,山子高科,9.71,9.74,9.66,9.72,29388,28523426.0,0.01,0.1029866117404737
2017-09-21,15:00,sz000981,山子高科,9.68,9.74,9.55,9.59,35961,34633440.0,-0.13,-1.337448559670782
2017-09-22,15:00,sz000981,山子高科,9.59,9.59,9.5,9.52,18958,18060952.0,-0.07,-0.7299270072992701
2017-09-25,15:00,sz000981,山子高科,9.53,9.53,9.45,9.47,19087,18089240.0,-0.05,-0.5252100840336135
2017-09-26,15:00,sz000981,山子高科,9.49,9.73,9.46,9.57,29846,28672972.0,0.1,1.0559662090813091
2017-09-27,15:00,sz000981,山子高科,9.63,9.63,9.49,9.53,17108,16297800.0,-0.04,-0.4179728317659352
2017-09-28,15:00,sz000981,山子高科,9.56,9.56,9.43,9.44,21966,20781798.0,-0.09,-0.944386149003148
2017-09-29,15:00,sz000981,山子高科,9.45,9.54,9.45,9.49,14905,14144341.0,0.05,0.5296610169491525
2017-10-09,15:00,sz000981,山子高科,9.53,9.65,9.51,9.57,27590,26484340.0,0.08,0.8429926238145415
2017-10-10,15:00,sz000981,山子高科,9.57,9.64,9.49,9.52,22963,21879502.0,-0.05,-0.522466039707419
2017-10-11,15:00,sz000981,山子高科,9.52,9.55,9.42,9.43,25059,23700358.0,-0.09,-0.9453781512605042
2017-10-12,15:00,sz000981,山子高科,9.47,9.47,9.41,9.45,17967,16950308.0,0.02,0.2120890774125133
2017-10-13,15:00,sz000981,山子高科,9.48,9.48,9.38,9.38,21347,20085372.0,-0.07,-0.7407407407407408
2017-10-16,15:00,sz000981,山子高科,9.39,9.44,9.25,9.25,33160,30925968.0,-0.13,-1.3859275053304905
2017-10-17,15:00,sz000981,山子高科,9.3,9.34,9.13,9.29,28806,26644778.0,0.04,0.4324324324324324
2017-10-18,15:00,sz000981,山子高科,9.34,9.34,9.19,9.19,18400,17023138.0,-0.1,-1.0764262648008611
2017-10-19,15:00,sz000981,山子高科,9.19,9.25,8.8,9.22,57527,51999124.0,0.03,0.3264417845484222
2017-10-20,15:00,sz000981,山子高科,9.15,9.18,9.11,9.17,18029,16488745.0,-0.05,-0.5422993492407809
2017-10-23,15:00,sz000981,山子高科,9.19,9.88,9.18,9.52,98677,94870392.0,0.35,3.816793893129771
2017-10-24,15:00,sz000981,山子高科,9.56,9.69,9.5,9.61,51113,49145724.0,0.09,0.9453781512605042
2017-10-25,15:00,sz000981,山子高科,9.54,9.64,9.47,9.48,34041,32511940.0,-0.13,-1.352757544224766
2017-10-26,15:00,sz000981,山子高科,9.55,9.55,9.32,9.36,27477,25830820.0,-0.12,-1.2658227848101269
2017-10-27,15:00,sz000981,山子高科,9.35,9.36,9.17,9.31,34735,32094340.0,-0.05,-0.5341880341880342
2017-10-30,15:00,sz000981,山子高科,9.27,9.32,9.08,9.21,38260,34948080.0,-0.1,-1.074113856068743
2017-10-31,15:00,sz000981,山子高科,9.18,9.21,9.08,9.19,18264,16699764.0,-0.02,-0.2171552660152008
2017-11-01,15:00,sz000981,山子高科,9.17,9.17,9.04,9.16,29105,26474190.0,-0.03,-0.3264417845484222
2017-11-02,15:00,sz000981,山子高科,9.15,9.15,8.9,8.94,46865,42064108.0,-0.22,-2.4017467248908297
2017-11-03,15:00,sz000981,山子高科,8.93,9.0,8.78,9.0,45292,40128960.0,0.06,0.6711409395973155
2017-11-06,15:00,sz000981,山子高科,8.97,8.97,8.84,8.95,26423,23539464.0,-0.05,-0.5555555555555556
2017-11-07,15:00,sz000981,山子高科,8.93,8.95,8.82,8.94,32008,28448534.0,-0.01,-0.1117318435754189
2017-11-08,15:00,sz000981,山子高科,8.95,8.96,8.75,8.87,66842,59042836.0,-0.07,-0.7829977628635347
2017-11-09,15:00,sz000981,山子高科,8.89,8.89,8.7,8.84,47540,41784564.0,-0.03,-0.3382187147688839
2017-11-10,15:00,sz000981,山子高科,8.85,9.15,8.8,9.09,73523,66154948.0,0.25,2.828054298642534
2017-11-13,15:00,sz000981,山子高科,9.09,9.8,9.09,9.46,141203,135055056.0,0.37,4.07040704070407
2017-11-14,15:00,sz000981,山子高科,9.58,9.75,9.25,9.3,95445,90745256.0,-0.16,-1.6913319238900637
2017-11-15,15:00,sz000981,山子高科,9.37,9.42,9.1,9.1,27812,25654996.0,-0.2,-2.1505376344086025
2017-11-16,15:00,sz000981,山子高科,9.09,9.17,8.88,9.0,37057,33547988.0,-0.1,-1.098901098901099
2017-11-17,15:00,sz000981,山子高科,8.94,9.15,8.88,9.02,38717,34809108.0,0.02,0.2222222222222222
2017-11-20,15:00,sz000981,山子高科,8.98,9.04,8.82,9.02,38171,33979500.0,0.0,0.0
2017-11-21,15:00,sz000981,山子高科,8.9,9.08,8.82,8.95,60077,53651324.0,-0.07,-0.7760532150776054
2017-11-22,15:00,sz000981,山子高科,8.99,9.0,8.85,8.95,32436,28871962.0,0.0,0.0
2017-11-23,15:00,sz000981,山子高科,8.96,9.29,8.95,9.08,94087,86144536.0,0.13,1.452513966480447
2017-11-24,15:00,sz000981,山子高科,9.0,9.25,9.0,9.23,43367,39750056.0,0.15,1.6519823788546255
2017-11-27,15:00,sz000981,山子高科,9.3,9.3,9.03,9.03,38963,35640720.0,-0.2,-2.1668472372697725
2017-11-28,15:00,sz000981,山子高科,9.05,9.14,9.05,9.12,37683,34281736.0,0.09,0.9966777408637874
2017-11-29,15:00,sz000981,山子高科,9.07,9.12,9.02,9.08,25492,23121950.0,-0.04,-0.4385964912280701
2017-11-30,15:00,sz000981,山子高科,9.08,9.1,8.86,9.09,64489,57746924.0,0.01,0.1101321585903083
2017-12-01,15:00,sz000981,山子高科,9.03,9.1,9.0,9.07,23808,21541208.0,-0.02,-0.22002200220022
2017-12-04,15:00,sz000981,山子高科,9.06,9.1,8.93,9.02,32891,29582992.0,-0.05,-0.5512679162072767
2017-12-05,15:00,sz000981,山子高科,9.02,9.02,8.85,8.91,36240,32303616.0,-0.11,-1.2195121951219512
2017-12-06,15:00,sz000981,山子高科,8.9,8.91,8.79,8.89,27148,24018018.0,-0.02,-0.2244668911335578
2017-12-07,15:00,sz000981,山子高科,8.86,9.08,8.84,9.03,34955,31469676.0,0.14,1.574803149606299
2017-12-08,15:00,sz000981,山子高科,9.06,9.13,8.97,9.0,44276,40128064.0,-0.03,-0.3322259136212624
2017-12-11,15:00,sz000981,山子高科,9.09,9.09,8.98,9.0,32871,29696324.0,0.0,0.0
2017-12-12,15:00,sz000981,山子高科,8.96,9.04,8.85,8.94,41569,37036416.0,-0.06,-0.6666666666666667
2017-12-13,15:00,sz000981,山子高科,8.95,8.95,8.82,8.92,27697,24590406.0,-0.02,-0.2237136465324384
2017-12-14,15:00,sz000981,山子高科,8.89,8.93,8.84,8.9,20574,18241722.0,-0.02,-0.2242152466367713
2017-12-15,15:00,sz000981,山子高科,8.9,8.98,8.85,8.93,22730,20234752.0,0.03,0.3370786516853932
2017-12-18,15:00,sz000981,山子高科,8.91,8.94,8.81,8.87,22681,20058304.0,-0.06,-0.6718924972004479
2017-12-19,15:00,sz000981,山子高科,8.85,8.85,8.77,8.8,23626,20804474.0,-0.07,-0.7891770011273956
2017-12-20,15:00,sz000981,山子高科,8.8,8.84,8.28,8.83,117561,101538400.0,0.03,0.3409090909090909
2017-12-21,15:00,sz000981,山子高科,8.97,9.06,8.7,8.85,84723,75118248.0,0.02,0.2265005662514156
2017-12-22,15:00,sz000981,山子高科,8.77,8.85,8.75,8.85,25536,22460080.0,0.0,0.0
2017-12-25,15:00,sz000981,山子高科,8.8,8.92,8.75,8.85,25146,22231058.0,0.0,0.0
2017-12-26,15:00,sz000981,山子高科,8.81,8.86,8.79,8.84,18705,16499864.0,-0.01,-0.1129943502824858
2017-12-27,15:00,sz000981,山子高科,8.79,8.85,8.77,8.82,19518,17193876.0,-0.02,-0.2262443438914027
2017-12-28,15:00,sz000981,山子高科,8.67,8.8,8.67,8.78,17119,14997339.0,-0.04,-0.4535147392290249
2017-12-29,15:00,sz000981,山子高科,8.74,8.88,8.65,8.83,30014,26300968.0,0.05,0.5694760820045558
2018-01-02,15:00,sz000981,山子高科,8.8,8.9,8.71,8.89,46573,41063080.0,0.06,0.6795016987542469
2018-01-03,15:00,sz000981,山子高科,8.87,8.89,8.7,8.8,82008,72111840.0,-0.09,-1.0123734533183353
2018-01-04,15:00,sz000981,山子高科,8.75,8.8,8.71,8.79,25624,22452006.0,-0.01,-0.1136363636363636
2018-01-05,15:00,sz000981,山子高科,8.74,8.95,8.74,8.85,41260,36524888.0,0.06,0.6825938566552902
2018-01-08,15:00,sz000981,山子高科,8.9,8.95,8.86,8.9,40072,35716292.0,0.05,0.5649717514124294
2018-01-09,15:00,sz000981,山子高科,8.9,8.98,8.86,8.9,22329,19895462.0,0.0,0.0
2018-01-10,15:00,sz000981,山子高科,8.94,8.95,8.82,8.86,20506,18187180.0,-0.04,-0.449438202247191
2018-01-11,15:00,sz000981,山子高科,8.86,8.86,8.74,8.81,20933,18404440.0,-0.05,-0.5643340857787811
2018-01-12,15:00,sz000981,山子高科,8.81,8.86,8.76,8.81,30900,27251160.0,0.0,0.0
2018-01-15,15:00,sz000981,山子高科,8.79,8.8,8.64,8.7,47886,41740056.0,-0.11,-1.2485811577752552
2018-01-16,15:00,sz000981,山子高科,8.68,8.72,8.5,8.71,36102,31172826.0,0.01,0.1149425287356321
2018-01-17,15:00,sz000981,山子高科,8.68,8.68,8.52,8.6,36616,31515416.0,-0.11,-1.2629161882893225
2018-01-18,15:00,sz000981,山子高科,8.4,8.59,8.35,8.5,65330,55181884.0,-0.1,-1.162790697674419
2018-01-19,15:00,sz000981,山子高科,8.73,8.74,8.45,8.54,58027,49776732.0,0.04,0.4705882352941176
2018-01-22,15:00,sz000981,山子高科,8.25,8.49,8.19,8.24,70254,58160452.0,-0.3,-3.51288056206089
2018-01-23,15:00,sz000981,山子高科,8.38,8.38,8.19,8.24,32282,26654864.0,0.0,0.0
2018-01-24,15:00,sz000981,山子高科,8.28,8.28,8.03,8.15,52769,43062148.0,-0.09,-1.0922330097087378
2018-01-25,15:00,sz000981,山子高科,8.15,8.38,8.15,8.28,47174,38988532.0,0.13,1.5950920245398774
2018-01-26,15:00,sz000981,山子高科,8.3,8.65,8.29,8.43,50343,42737216.0,0.15,1.8115942028985508
2018-01-29,15:00,sz000981,山子高科,8.45,8.67,8.38,8.49,45044,38284524.0,0.06,0.7117437722419928
2018-01-30,15:00,sz000981,山子高科,8.45,8.55,8.35,8.39,20936,17645728.0,-0.1,-1.1778563015312131
2018-01-31,15:00,sz000981,山子高科,8.32,8.41,8.16,8.31,34516,28489486.0,-0.08,-0.9535160905840284
2018-02-01,15:00,sz000981,山子高科,8.25,8.31,7.48,8.3,62430,50709388.0,-0.01,-0.1203369434416365
2018-02-02,15:00,sz000981,山子高科,8.25,8.3,8.02,8.3,59236,48351816.0,0.0,0.0
2018-02-05,15:00,sz000981,山子高科,8.16,8.3,8.14,8.3,25762,21191564.0,0.0,0.0
2018-02-06,15:00,sz000981,山子高科,8.2,8.23,7.99,7.99,22874,18629068.0,-0.31,-3.734939759036145
2018-02-07,15:00,sz000981,山子高科,8.2,8.32,7.82,8.32,74718,60816664.0,0.33,4.130162703379224
2018-02-08,15:00,sz000981,山子高科,8.24,8.35,8.22,8.34,27405,22744262.0,0.02,0.2403846153846154
2018-02-09,15:00,sz000981,山子高科,8.27,8.27,8.03,8.24,32098,26201980.0,-0.1,-1.1990407673860912
2018-02-12,15:00,sz000981,山子高科,8.2,8.27,8.16,8.23,12251,10083990.0,-0.01,-0.1213592233009708
2018-02-13,15:00,sz000981,山子高科,8.2,8.28,8.14,8.15,13772,11297405.0,-0.08,-0.9720534629404616
2018-02-14,15:00,sz000981,山子高科,8.19,8.25,8.14,8.21,14288,11687778.0,0.06,0.7361963190184049
2018-02-22,15:00,sz000981,山子高科,8.21,8.25,8.2,8.25,9926,8163033.0,0.04,0.4872107186358099
2018-02-23,15:00,sz000981,山子高科,8.27,8.27,8.17,8.24,14124,11600455.0,-0.01,-0.1212121212121212
2018-02-26,15:00,sz000981,山子高科,8.23,8.25,8.18,8.24,18963,15596921.0,0.0,0.0
2018-02-27,15:00,sz000981,山子高科,8.17,8.29,8.17,8.23,15945,13084877.0,-0.01,-0.1213592233009708
2018-02-28,15:00,sz000981,山子高科,8.24,8.24,8.16,8.18,16148,13216718.0,-0.05,-0.6075334143377886
2018-03-01,15:00,sz000981,山子高科,8.12,8.45,8.12,8.4,51836,43324872.0,0.22,2.689486552567237
2018-03-02,15:00,sz000981,山子高科,8.36,8.41,8.34,8.35,13140,11002541.0,-0.05,-0.5952380952380952
2018-03-05,15:00,sz000981,山子高科,8.31,8.58,8.31,8.46,29771,25203192.0,0.11,1.3173652694610778
2018-03-06,15:00,sz000981,山子高科,8.48,8.56,8.43,8.46,15095,12801152.0,0.0,0.0
2018-03-07,15:00,sz000981,山子高科,8.52,8.54,8.37,8.4,15706,13249798.0,-0.06,-0.7092198581560284
2018-03-08,15:00,sz000981,山子高科,8.32,8.4,8.32,8.35,13756,11496241.0,-0.05,-0.5952380952380952
2018-03-09,15:00,sz000981,山子高科,8.31,8.44,8.31,8.38,15019,12590740.0,0.03,0.3592814371257485
2018-03-12,15:00,sz000981,山子高科,8.42,8.53,8.33,8.41,21340,18007356.0,0.03,0.3579952267303102
2018-03-13,15:00,sz000981,山子高科,8.49,8.49,8.32,8.38,16782,14078658.0,-0.03,-0.356718192627824
2018-03-14,15:00,sz000981,山子高科,8.4,8.4,8.21,8.22,20706,17180758.0,-0.16,-1.909307875894988
2018-03-15,15:00,sz000981,山子高科,8.17,8.29,8.17,8.26,24590,20267454.0,0.04,0.48661800486618
2018-03-16,15:00,sz000981,山子高科,8.26,8.34,8.2,8.25,17644,14592165.0,-0.01,-0.1210653753026634
2018-03-19,15:00,sz000981,山子高科,8.28,8.34,8.21,8.26,12056,9980231.0,0.01,0.1212121212121212
2018-03-20,15:00,sz000981,山子高科,8.28,8.29,8.17,8.27,10709,8829338.0,0.01,0.1210653753026634
2018-03-21,15:00,sz000981,山子高科,8.24,8.28,8.16,8.21,22056,18108496.0,-0.06,-0.7255139056831923
2018-03-22,15:00,sz000981,山子高科,8.22,8.28,8.18,8.25,21312,17509904.0,0.04,0.4872107186358099
2018-03-23,15:00,sz000981,山子高科,8.21,8.21,7.93,8.05,48793,39164856.0,-0.2,-2.4242424242424243
2018-03-26,15:00,sz000981,山子高科,7.92,8.05,7.88,8.02,32456,25789384.0,-0.03,-0.3726708074534161
2018-03-27,15:00,sz000981,山子高科,8.0,8.23,7.96,8.11,33140,26788094.0,0.09,1.1221945137157108
2018-03-28,15:00,sz000981,山子高科,8.13,8.26,8.06,8.19,24287,19861216.0,0.08,0.9864364981504316
2018-03-29,15:00,sz000981,山子高科,8.15,8.45,8.14,8.37,57861,47808472.0,0.18,2.197802197802198
2018-03-30,15:00,sz000981,山子高科,8.39,8.93,8.31,8.92,94686,82744120.0,0.55,6.5710872162485074
2018-04-02,15:00,sz000981,山子高科,8.92,9.09,8.8,8.93,60088,53545228.0,0.01,0.1121076233183856
2018-04-03,15:00,sz000981,山子高科,8.87,9.34,8.71,9.27,103995,94933976.0,0.34,3.807390817469205
2018-04-04,15:00,sz000981,山子高科,9.54,9.54,9.1,9.13,61979,57224712.0,-0.14,-1.51024811218986
2018-04-09,15:00,sz000981,山子高科,9.13,9.14,8.6,8.93,68247,61292796.0,-0.2,-2.190580503833516
2018-04-10,15:00,sz000981,山子高科,9.0,9.26,8.96,9.1,60834,55186708.0,0.17,1.9036954087346023
2018-04-11,15:00,sz000981,山子高科,9.1,9.23,9.01,9.05,37527,34217360.0,-0.05,-0.5494505494505495
2018-04-12,15:00,sz000981,山子高科,9.05,9.12,9.03,9.07,27003,24523410.0,0.02,0.2209944751381215
2018-04-13,15:00,sz000981,山子高科,9.09,9.09,8.77,8.85,83088,73621296.0,-0.22,-2.4255788313120177
2018-04-16,15:00,sz000981,山子高科,8.93,8.98,8.86,8.95,47847,42798224.0,0.1,1.1299435028248588
2018-04-17,15:00,sz000981,山子高科,8.95,8.98,8.83,8.95,52972,47335132.0,0.0,0.0
2018-04-18,15:00,sz000981,山子高科,8.99,9.01,8.86,8.99,59928,53574432.0,0.04,0.4469273743016759
2018-04-19,15:00,sz000981,山子高科,9.04,9.25,8.96,9.14,64273,58517456.0,0.15,1.668520578420467
2018-04-20,15:00,sz000981,山子高科,9.22,9.23,9.08,9.21,66800,61480596.0,0.07,0.7658643326039387
2018-04-23,15:00,sz000981,山子高科,9.17,9.37,9.17,9.27,49514,45875916.0,0.06,0.6514657980456027
2018-04-24,15:00,sz000981,山子高科,9.28,9.52,9.25,9.44,44343,41601936.0,0.17,1.8338727076591157
2018-04-25,15:00,sz000981,山子高科,9.49,9.6,9.35,9.52,42530,40328584.0,0.08,0.847457627118644
2018-04-26,15:00,sz000981,山子高科,9.5,9.82,9.5,9.72,76548,74573360.0,0.2,2.100840336134454
2018-04-27,15:00,sz000981,山子高科,9.72,10.07,9.72,10.07,97940,97679928.0,0.35,3.60082304526749
2018-05-02,15:00,sz000981,山子高科,10.2,10.25,9.86,10.08,122687,123627904.0,0.01,0.0993048659384309
2018-05-03,15:00,sz000981,山子高科,9.99,10.39,9.96,10.39,104727,107778032.0,0.31,3.075396825396825
2018-05-04,15:00,sz000981,山子高科,10.33,10.41,10.25,10.38,59047,60956868.0,-0.01,-0.0962463907603465
2018-05-07,15:00,sz000981,山子高科,10.35,10.59,10.24,10.54,108073,113540208.0,0.16,1.5414258188824663
2018-05-08,15:00,sz000981,山子高科,10.61,10.86,10.51,10.73,158807,170640496.0,0.19,1.802656546489564
2018-05-09,15:00,sz000981,山子高科,10.77,10.79,10.61,10.7,92808,99481560.0,-0.03,-0.2795899347623485
2018-05-10,15:00,sz000981,山子高科,10.68,10.96,10.67,10.74,94562,101954544.0,0.04,0.3738317757009346
2018-05-11,15:00,sz000981,山子高科,10.74,10.84,10.63,10.65,89356,95576264.0,-0.09,-0.8379888268156425
2018-05-14,15:00,sz000981,山子高科,10.53,10.75,10.53,10.65,68962,73522120.0,0.0,0.0
2018-05-15,15:00,sz000981,山子高科,10.64,10.67,10.55,10.6,64445,68353512.0,-0.05,-0.4694835680751174
2018-05-16,15:00,sz000981,山子高科,10.76,11.0,10.59,10.67,80797,86300128.0,0.07,0.6603773584905661
2018-05-17,15:00,sz000981,山子高科,10.67,10.8,10.45,10.5,74619,78623984.0,-0.17,-1.5932521087160263
2018-05-18,15:00,sz000981,山子高科,10.62,10.68,10.31,10.45,51772,53923376.0,-0.05,-0.4761904761904762
2018-05-21,15:00,sz000981,山子高科,10.65,10.65,10.4,10.44,49858,52308840.0,-0.01,-0.0956937799043062
2018-05-22,15:00,sz000981,山子高科,10.46,10.53,10.2,10.48,70746,73382912.0,0.04,0.3831417624521072
2018-05-23,15:00,sz000981,山子高科,10.47,10.54,10.19,10.24,63441,65711112.0,-0.24,-2.2900763358778624
2018-05-24,15:00,sz000981,山子高科,10.3,10.34,10.17,10.24,70016,71784432.0,0.0,0.0
2018-05-25,15:00,sz000981,山子高科,10.33,10.58,10.2,10.35,54473,56487540.0,0.11,1.07421875
2018-05-28,15:00,sz000981,山子高科,10.35,10.4,9.8,10.18,95793,96303992.0,-0.17,-1.6425120772946862
2018-05-29,15:00,sz000981,山子高科,10.08,10.31,9.8,10.19,121949,121855944.0,0.01,0.0982318271119842
2018-05-30,15:00,sz000981,山子高科,9.99,10.1,9.63,9.98,148181,145376016.0,-0.21,-2.060843964671246
2018-05-31,15:00,sz000981,山子高科,9.79,9.79,9.31,9.5,130197,123191968.0,-0.48,-4.809619238476954
2018-06-01,15:00,sz000981,山子高科,9.34,9.43,9.17,9.24,90952,84370088.0,-0.26,-2.736842105263158
2018-06-04,15:00,sz000981,山子高科,9.27,9.27,8.95,9.08,62498,56658060.0,-0.16,-1.7316017316017316
2018-06-05,15:00,sz000981,山子高科,9.12,9.18,9.0,9.07,51289,46523344.0,-0.01,-0.1101321585903083
2018-06-06,15:00,sz000981,山子高科,9.11,9.12,8.96,9.04,46774,42243528.0,-0.03,-0.330760749724366
2018-06-07,15:00,sz000981,山子高科,9.08,9.35,8.99,9.0,127151,116673656.0,-0.04,-0.4424778761061947
2018-06-08,15:00,sz000981,山子高科,8.8,8.98,8.8,8.92,64471,57397324.0,-0.08,-0.8888888888888888
2018-06-11,15:00,sz000981,山子高科,8.89,8.99,8.72,8.77,76545,67585720.0,-0.15,-1.6816143497757847
2018-06-12,15:00,sz000981,山子高科,8.89,9.61,8.89,9.41,167567,154636800.0,0.64,7.297605473204105
2018-06-13,15:00,sz000981,山子高科,9.4,9.44,9.16,9.34,70577,65801108.0,-0.07,-0.7438894792773645
2018-06-14,15:00,sz000981,山子高科,9.32,9.55,9.14,9.49,98040,91660896.0,0.15,1.6059957173447537
2018-06-15,15:00,sz000981,山子高科,9.5,9.73,9.28,9.48,110411,104175992.0,-0.01,-0.1053740779768176
2018-06-19,15:00,sz000981,山子高科,8.4,8.78,7.9,7.9,238453,197646800.0,-1.58,-16.666666666666664
2018-06-20,15:00,sz000981,山子高科,7.11,7.95,7.11,7.9,572890,412734176.0,0.0,0.0
2018-06-21,15:00,sz000981,山子高科,7.39,7.9,7.11,7.5,366290,271806368.0,-0.4,-5.063291139240507
2018-06-22,15:00,sz000981,山子高科,7.25,7.7,6.75,7.7,544531,384719744.0,0.2,2.666666666666667
2018-06-25,15:00,sz000981,山子高科,7.39,7.85,7.39,7.64,338021,256594176.0,-0.06,-0.7792207792207793
2018-06-26,15:00,sz000981,山子高科,7.5,7.59,7.26,7.4,230852,170504016.0,-0.24,-3.1413612565445024
2018-06-27,15:00,sz000981,山子高科,7.35,7.45,7.19,7.3,186003,136290288.0,-0.1,-1.351351351351351
2018-06-28,15:00,sz000981,山子高科,7.2,7.38,7.05,7.07,223034,159562560.0,-0.23,-3.150684931506849
2018-06-29,15:00,sz000981,山子高科,7.14,7.78,7.06,7.45,195812,144089504.0,0.38,5.374823196605375
2018-07-02,15:00,sz000981,山子高科,7.45,7.78,7.35,7.44,142804,106891536.0,-0.01,-0.1342281879194631
2018-07-03,15:00,sz000981,山子高科,7.46,7.53,7.33,7.34,100759,74546136.0,-0.1,-1.3440860215053765
2018-07-04,15:00,sz000981,山子高科,7.35,7.51,7.31,7.32,84587,62750560.0,-0.02,-0.2724795640326975
2018-07-05,15:00,sz000981,山子高科,7.31,7.45,7.17,7.2,59387,43213532.0,-0.12,-1.639344262295082
2018-07-06,15:00,sz000981,山子高科,7.16,7.51,7.1,7.22,133905,97908928.0,0.02,0.2777777777777778
2018-07-09,15:00,sz000981,山子高科,7.18,7.6,7.18,7.55,126959,94807944.0,0.33,4.570637119113574
2018-07-10,15:00,sz000981,山子高科,7.56,7.56,7.35,7.38,83545,61992764.0,-0.17,-2.251655629139073
2018-07-11,15:00,sz000981,山子高科,7.2,7.36,7.2,7.35,48657,35484880.0,-0.03,-0.4065040650406504
2018-07-12,15:00,sz000981,山子高科,7.28,8.08,7.26,7.72,265023,203365680.0,0.37,5.034013605442176
2018-07-13,15:00,sz000981,山子高科,7.75,8.15,7.59,7.85,257709,201616320.0,0.13,1.6839378238341969
2018-07-16,15:00,sz000981,山子高科,7.87,7.93,7.73,7.78,67827,52918688.0,-0.07,-0.89171974522293
2018-07-17,15:00,sz000981,山子高科,7.74,7.8,7.65,7.7,46426,35792760.0,-0.08,-1.0282776349614395
2018-07-18,15:00,sz000981,山子高科,7.7,7.81,7.62,7.62,126067,96829464.0,-0.08,-1.0389610389610389
2018-07-19,15:00,sz000981,山子高科,7.62,7.86,7.39,7.7,431531,325160832.0,0.08,1.0498687664041997
2018-07-20,15:00,sz000981,山子高科,7.62,7.93,7.52,7.63,172763,133040016.0,-0.07,-0.9090909090909092
2018-07-23,15:00,sz000981,山子高科,7.62,7.66,7.52,7.52,84329,63835364.0,-0.11,-1.4416775884665791
2018-07-24,15:00,sz000981,山子高科,7.5,7.72,7.5,7.61,129607,98961560.0,0.09,1.196808510638298
2018-07-25,15:00,sz000981,山子高科,7.58,7.68,7.48,7.5,81423,61317416.0,-0.11,-1.445466491458607
2018-07-26,15:00,sz000981,山子高科,7.51,7.57,7.43,7.46,52467,39218188.0,-0.04,-0.5333333333333333
2018-07-27,15:00,sz000981,山子高科,7.46,7.48,7.38,7.38,52971,39267564.0,-0.08,-1.0723860589812333
2018-07-30,15:00,sz000981,山子高科,7.39,7.74,7.31,7.66,109387,82061280.0,0.28,3.794037940379404
2018-07-31,15:00,sz000981,山子高科,7.68,7.7,7.53,7.58,70402,53472016.0,-0.08,-1.0443864229765014
2018-08-01,15:00,sz000981,山子高科,7.61,7.61,7.42,7.45,79995,59885004.0,-0.13,-1.7150395778364116
2018-08-02,15:00,sz000981,山子高科,7.4,7.46,7.26,7.3,95810,70166400.0,-0.15,-2.013422818791946
2018-08-03,15:00,sz000981,山子高科,7.3,7.44,7.24,7.33,92250,67528568.0,0.03,0.410958904109589
2018-08-06,15:00,sz000981,山子高科,7.34,7.42,7.27,7.39,72007,52942160.0,0.06,0.8185538881309686
2018-08-07,15:00,sz000981,山子高科,7.36,7.51,7.35,7.5,56814,42360148.0,0.11,1.4884979702300407
2018-08-08,15:00,sz000981,山子高科,7.5,7.58,7.44,7.48,54093,40539536.0,-0.02,-0.2666666666666666
2018-08-09,15:00,sz000981,山子高科,7.5,7.76,7.44,7.64,104738,79593616.0,0.16,2.13903743315508
2018-08-10,15:00,sz000981,山子高科,7.61,7.74,7.56,7.67,92701,70950504.0,0.03,0.3926701570680628
2018-08-13,15:00,sz000981,山子高科,7.62,7.65,7.49,7.6,47822,36239116.0,-0.07,-0.9126466753585396
2018-08-14,15:00,sz000981,山子高科,7.56,7.56,7.37,7.46,102368,76408752.0,-0.14,-1.8421052631578945
2018-08-15,15:00,sz000981,山子高科,7.46,7.55,7.31,7.32,102205,76222160.0,-0.14,-1.876675603217158
2018-08-16,15:00,sz000981,山子高科,7.3,7.33,7.06,7.06,142004,101728064.0,-0.26,-3.551912568306011
2018-08-17,15:00,sz000981,山子高科,7.12,7.13,6.99,7.06,143975,101588688.0,0.0,0.0
2018-08-20,15:00,sz000981,山子高科,7.06,7.12,6.9,6.96,114583,79903984.0,-0.1,-1.41643059490085
2018-08-21,15:00,sz000981,山子高科,7.01,7.01,6.26,6.26,144434,95151872.0,-0.7,-10.057471264367816
2018-08-22,15:00,sz000981,山子高科,5.63,5.63,5.63,5.63,15778,8883014.0,-0.63,-10.063897763578275
2018-11-20,15:00,sz000981,山子高科,5.07,5.07,5.07,5.07,224092,113614640.0,-0.56,-9.94671403197158
2018-11-21,15:00,sz000981,山子高科,4.65,4.95,4.57,4.6,1907229,892069568.0,-0.47,-9.270216962524657
2018-11-22,15:00,sz000981,山子高科,4.5,4.54,4.28,4.39,1198055,531457568.0,-0.21,-4.565217391304348
2018-11-23,15:00,sz000981,山子高科,4.39,4.49,4.35,4.44,701015,310086272.0,0.05,1.1389521640091116
2018-11-26,15:00,sz000981,山子高科,4.44,4.45,4.28,4.41,344579,150356048.0,-0.03,-0.6756756756756757
2018-11-27,15:00,sz000981,山子高科,4.41,4.44,4.3,4.33,287870,125691672.0,-0.08,-1.8140589569161
2018-11-28,15:00,sz000981,山子高科,4.33,4.36,4.05,4.22,380085,159546208.0,-0.11,-2.5404157043879905
2018-11-29,15:00,sz000981,山子高科,4.16,4.21,3.86,3.9,602822,243816608.0,-0.32,-7.582938388625592
2018-11-30,15:00,sz000981,山子高科,3.86,3.9,3.6,3.75,521964,195356080.0,-0.15,-3.8461538461538463
2018-12-03,15:00,sz000981,山子高科,3.82,3.93,3.76,3.86,503970,192833152.0,0.11,2.933333333333333
2018-12-04,15:00,sz000981,山子高科,3.79,4.18,3.63,4.03,989448,383611840.0,0.17,4.404145077720207
2018-12-05,15:00,sz000981,山子高科,3.9,4.02,3.86,3.92,583247,228885264.0,-0.11,-2.729528535980149
2018-12-06,15:00,sz000981,山子高科,3.9,4.06,3.85,3.96,601752,238312464.0,0.04,1.020408163265306
2018-12-07,15:00,sz000981,山子高科,3.97,4.0,3.82,3.86,347835,135814640.0,-0.1,-2.525252525252525
2018-12-10,15:00,sz000981,山子高科,3.78,3.88,3.74,3.78,236135,90037984.0,-0.08,-2.072538860103627
2018-12-11,15:00,sz000981,山子高科,3.81,3.88,3.73,3.81,296576,112462872.0,0.03,0.7936507936507936
2018-12-12,15:00,sz000981,山子高科,3.79,3.83,3.71,3.71,279681,105195272.0,-0.1,-2.6246719160104988
2018-12-13,15:00,sz000981,山子高科,3.72,3.77,3.63,3.66,337137,124313472.0,-0.05,-1.3477088948787064
2018-12-14,15:00,sz000981,山子高科,3.65,3.7,3.51,3.53,366751,132037920.0,-0.13,-3.551912568306011
2018-12-17,15:00,sz000981,山子高科,3.5,3.51,3.34,3.37,492405,167899840.0,-0.16,-4.53257790368272
2018-12-18,15:00,sz000981,山子高科,3.43,3.71,3.43,3.71,526354,192131504.0,0.34,10.089020771513352
2018-12-19,15:00,sz000981,山子高科,3.8,4.04,3.76,3.95,1523028,599352768.0,0.24,6.46900269541779
2018-12-20,15:00,sz000981,山子高科,3.82,3.88,3.72,3.75,785752,297444448.0,-0.2,-5.063291139240507
2018-12-21,15:00,sz000981,山子高科,3.71,3.76,3.56,3.6,600958,216735776.0,-0.15,-4.0
2018-12-24,15:00,sz000981,山子高科,3.59,3.6,3.47,3.52,448029,158304000.0,-0.08,-2.2222222222222223
2018-12-25,15:00,sz000981,山子高科,3.37,3.37,3.17,3.3,753734,245312112.0,-0.22,-6.25
2018-12-26,15:00,sz000981,山子高科,3.25,3.27,3.16,3.2,494637,159202912.0,-0.1,-3.0303030303030303
2018-12-27,15:00,sz000981,山子高科,3.22,3.35,3.2,3.22,649153,210897376.0,0.02,0.625
2018-12-28,15:00,sz000981,山子高科,3.17,3.26,3.1,3.12,529176,167467824.0,-0.1,-3.1055900621118013
2019-01-02,15:00,sz000981,山子高科,3.12,3.13,2.98,3.02,403299,122341776.0,-0.1,-3.205128205128205
2019-01-03,15:00,sz000981,山子高科,3.02,3.08,3.0,3.02,338918,102869432.0,0.0,0.0
2019-01-04,15:00,sz000981,山子高科,2.95,3.13,2.88,3.08,643765,193836512.0,0.06,1.9867549668874172
2019-01-07,15:00,sz000981,山子高科,3.11,3.15,3.05,3.1,486719,150605520.0,0.02,0.6493506493506493
2019-01-08,15:00,sz000981,山子高科,3.1,3.26,3.05,3.17,699064,220521568.0,0.07,2.258064516129032
2019-01-09,15:00,sz000981,山子高科,3.14,3.24,3.13,3.13,662582,211240848.0,-0.04,-1.2618296529968454
2019-01-10,15:00,sz000981,山子高科,3.12,3.19,3.1,3.14,459458,144422448.0,0.01,0.3194888178913738
2019-01-11,15:00,sz000981,山子高科,3.13,3.17,3.04,3.1,410731,127310072.0,-0.04,-1.2738853503184715
2019-01-14,15:00,sz000981,山子高科,3.1,3.14,3.05,3.06,330249,101985440.0,-0.04,-1.2903225806451613
2019-01-15,15:00,sz000981,山子高科,3.05,3.08,3.0,3.06,342085,104174736.0,0.0,0.0
2019-01-16,15:00,sz000981,山子高科,3.07,3.09,3.03,3.04,243605,74388856.0,-0.02,-0.6535947712418301
2019-01-17,15:00,sz000981,山子高科,3.03,3.04,2.99,3.01,256273,77174064.0,-0.03,-0.986842105263158
2019-01-18,15:00,sz000981,山子高科,3.01,3.12,2.98,3.03,348722,105839400.0,0.02,0.6644518272425249
2019-01-21,15:00,sz000981,山子高科,3.03,3.09,3.0,3.05,344913,104991832.0,0.02,0.6600660066006601
2019-01-22,15:00,sz000981,山子高科,3.05,3.08,2.99,3.0,288607,87313640.0,-0.05,-1.639344262295082
2019-01-23,15:00,sz000981,山子高科,2.98,2.99,2.91,2.92,312792,91961048.0,-0.08,-2.666666666666667
2019-01-24,15:00,sz000981,山子高科,2.93,3.07,2.89,3.01,497359,148697968.0,0.09,3.0821917808219177
2019-01-25,15:00,sz000981,山子高科,2.99,2.99,2.87,2.88,431841,126573280.0,-0.13,-4.318936877076411
2019-01-28,15:00,sz000981,山子高科,2.9,2.91,2.81,2.82,310734,88805696.0,-0.06,-2.083333333333333
2019-01-29,15:00,sz000981,山子高科,2.79,2.8,2.61,2.73,292758,79774272.0,-0.09,-3.191489361702128
2019-01-30,15:00,sz000981,山子高科,2.71,2.81,2.68,2.71,246664,67785856.0,-0.02,-0.7326007326007326
2019-01-31,15:00,sz000981,山子高科,2.69,2.73,2.58,2.61,307126,81451440.0,-0.1,-3.690036900369003
2019-02-01,15:00,sz000981,山子高科,2.62,2.7,2.61,2.69,236802,63014568.0,0.08,3.065134099616858
2019-02-11,15:00,sz000981,山子高科,2.7,2.79,2.7,2.77,203659,56110464.0,0.08,2.973977695167286
2019-02-12,15:00,sz000981,山子高科,2.77,3.0,2.76,2.93,529490,153057376.0,0.16,5.776173285198556
2019-02-13,15:00,sz000981,山子高科,2.94,2.95,2.87,2.93,332777,96879408.0,0.0,0.0
2019-02-14,15:00,sz000981,山子高科,2.92,2.97,2.89,2.93,335046,98021736.0,0.0,0.0
2019-02-15,15:00,sz000981,山子高科,2.92,3.02,2.9,2.96,403144,119553808.0,0.03,1.023890784982935
2019-02-18,15:00,sz000981,山子高科,2.98,3.05,2.96,3.05,465136,140044048.0,0.09,3.040540540540541
2019-02-19,15:00,sz000981,山子高科,3.02,3.35,3.01,3.18,1005271,319309856.0,0.13,4.2622950819672125
2019-02-20,15:00,sz000981,山子高科,3.17,3.18,3.05,3.08,550609,170927120.0,-0.1,-3.1446540880503147
2019-02-21,15:00,sz000981,山子高科,3.06,3.13,3.02,3.03,492129,151342464.0,-0.05,-1.6233766233766231
2019-02-22,15:00,sz000981,山子高科,3.02,3.23,3.01,3.19,775389,243151504.0,0.16,5.2805280528052805
2019-02-25,15:00,sz000981,山子高科,3.24,3.49,3.19,3.4,992001,332431904.0,0.21,6.583072100313479
2019-02-26,15:00,sz000981,山子高科,3.4,3.74,3.34,3.7,1233782,445947776.0,0.3,8.823529411764707
2019-02-27,15:00,sz000981,山子高科,3.59,3.84,3.53,3.72,1371477,502588128.0,0.02,0.5405405405405406
2019-02-28,15:00,sz000981,山子高科,3.7,3.73,3.56,3.6,678155,245461312.0,-0.12,-3.225806451612903
2019-03-01,15:00,sz000981,山子高科,3.58,3.63,3.5,3.56,498111,176237312.0,-0.04,-1.1111111111111112
2019-03-04,15:00,sz000981,山子高科,3.53,3.78,3.5,3.68,999746,364648736.0,0.12,3.3707865168539324
2019-03-05,15:00,sz000981,山子高科,3.66,3.87,3.62,3.84,1016514,382360448.0,0.16,4.3478260869565215
2019-03-06,15:00,sz000981,山子高科,3.9,4.17,3.75,4.02,1274814,498433216.0,0.18,4.6875
2019-03-07,15:00,sz000981,山子高科,3.99,4.18,3.92,4.09,1185013,480757536.0,0.07,1.7412935323383083
2019-03-08,15:00,sz000981,山子高科,4.0,4.02,3.68,3.68,1051715,406524640.0,-0.41,-10.024449877750612
2019-03-11,15:00,sz000981,山子高科,3.68,3.82,3.56,3.81,720806,267280832.0,0.13,3.532608695652174
2019-03-12,15:00,sz000981,山子高科,3.86,4.19,3.82,4.19,1696201,693512704.0,0.38,9.973753280839896
2019-03-13,15:00,sz000981,山子高科,4.19,4.61,4.11,4.61,2201235,964645952.0,0.42,10.023866348448689
2019-03-14,15:00,sz000981,山子高科,4.58,5.07,4.42,5.07,2217067,1080340608.0,0.46,9.97830802603037
2019-03-15,15:00,sz000981,山子高科,5.2,5.39,4.62,4.77,2558880,1267704704.0,-0.3,-5.9171597633136095
2019-03-18,15:00,sz000981,山子高科,4.5,4.61,4.29,4.5,1583419,703505152.0,-0.27,-5.660377358490567
2019-03-19,15:00,sz000981,山子高科,4.36,4.95,4.36,4.86,1698138,784982528.0,0.36,8.0
2019-03-20,15:00,sz000981,山子高科,4.7,4.84,4.54,4.62,1300799,609803904.0,-0.24,-4.938271604938271
2019-03-21,15:00,sz000981,山子高科,4.56,4.75,4.47,4.57,1233479,567981504.0,-0.05,-1.0822510822510822
2019-03-22,15:00,sz000981,山子高科,4.57,4.63,4.35,4.37,943619,417731072.0,-0.2,-4.3763676148796495
2019-03-25,15:00,sz000981,山子高科,4.6,4.81,4.5,4.81,1708263,809968320.0,0.44,10.068649885583524
2019-03-26,15:00,sz000981,山子高科,5.0,5.26,4.72,4.8,2595313,1294088064.0,-0.01,-0.2079002079002079
2019-03-27,15:00,sz000981,山子高科,4.66,4.81,4.4,4.54,1273933,580355072.0,-0.26,-5.416666666666667
2019-03-28,15:00,sz000981,山子高科,4.41,4.46,4.09,4.17,1277456,543728640.0,-0.37,-8.149779735682818
2019-03-29,15:00,sz000981,山子高科,4.06,4.26,4.01,4.23,865453,359633248.0,0.06,1.4388489208633095
2019-04-01,15:00,sz000981,山子高科,4.27,4.39,4.18,4.37,965340,416388704.0,0.14,3.309692671394799
2019-04-02,15:00,sz000981,山子高科,4.38,4.81,4.3,4.81,1785377,825378688.0,0.44,10.068649885583524
2019-04-03,15:00,sz000981,山子高科,4.89,5.25,4.65,5.0,2560820,1264016768.0,0.19,3.950103950103951
2019-04-04,15:00,sz000981,山子高科,4.89,5.22,4.75,4.95,1901321,942980800.0,-0.05,-1.0
2019-04-08,15:00,sz000981,山子高科,4.89,5.19,4.87,5.19,2073799,1045906880.0,0.24,4.848484848484849
2019-04-09,15:00,sz000981,山子高科,5.2,5.35,5.01,5.29,2258349,1176829312.0,0.1,1.9267822736030824
2019-04-10,15:00,sz000981,山子高科,5.17,5.17,4.82,4.89,1752561,884533184.0,-0.4,-7.561436672967864
2019-04-11,15:00,sz000981,山子高科,4.83,4.92,4.56,4.6,1163123,552539712.0,-0.29,-5.930470347648262
2019-04-12,15:00,sz000981,山子高科,4.59,4.73,4.55,4.71,675944,314679264.0,0.11,2.391304347826087
2019-04-15,15:00,sz000981,山子高科,4.76,4.8,4.5,4.51,864564,401196224.0,-0.2,-4.246284501061571
2019-04-16,15:00,sz000981,山子高科,4.41,4.67,4.21,4.61,933439,414777408.0,0.1,2.217294900221729
2019-04-17,15:00,sz000981,山子高科,4.58,4.75,4.52,4.64,853023,396064320.0,0.03,0.6507592190889371
2019-04-18,15:00,sz000981,山子高科,4.66,4.77,4.52,4.58,648404,302414272.0,-0.06,-1.293103448275862
2019-04-19,15:00,sz000981,山子高科,4.5,4.57,4.41,4.5,633836,283510592.0,-0.08,-1.7467248908296942
2019-04-22,15:00,sz000981,山子高科,4.5,4.51,4.33,4.36,640851,281462624.0,-0.14,-3.111111111111111
2019-04-23,15:00,sz000981,山子高科,4.36,4.36,4.16,4.23,547416,233341856.0,-0.13,-2.981651376146789
2019-04-24,15:00,sz000981,山子高科,4.28,4.34,4.23,4.34,425590,182536192.0,0.11,2.6004728132387704
2019-04-25,15:00,sz000981,山子高科,4.34,4.34,4.0,4.07,737579,304931616.0,-0.27,-6.221198156682028
2019-04-26,15:00,sz000981,山子高科,3.66,3.66,3.66,3.66,173691,63570904.0,-0.41,-10.073710073710076
2019-04-29,15:00,sz000981,山子高科,3.29,3.29,3.29,3.29,49766,16373014.0,-0.37,-10.10928961748634
2019-05-06,15:00,sz000981,山子高科,3.13,3.13,3.13,3.13,9881,3092753.0,-0.16,-4.86322188449848
2019-05-07,15:00,sz000981,山子高科,2.97,2.97,2.97,2.97,11711,3478167.0,-0.16,-5.111821086261981
2019-05-08,15:00,sz000981,山子高科,2.82,2.82,2.82,2.82,6848,1931136.0,-0.15,-5.05050505050505
2019-05-09,15:00,sz000981,山子高科,2.68,2.68,2.68,2.68,6223,1667764.0,-0.14,-4.964539007092199
2019-05-10,15:00,sz000981,山子高科,2.55,2.68,2.55,2.55,1654952,424716448.0,-0.13,-4.850746268656716
2019-05-13,15:00,sz000981,山子高科,2.46,2.47,2.42,2.42,579469,140755472.0,-0.13,-5.098039215686274
2019-05-14,15:00,sz000981,山子高科,2.3,2.33,2.3,2.3,180974,41660868.0,-0.12,-4.958677685950414
2019-05-15,15:00,sz000981,山子高科,2.19,2.28,2.19,2.21,1225383,270911712.0,-0.09,-3.91304347826087
2019-05-16,15:00,sz000981,山子高科,2.18,2.31,2.16,2.25,679020,152580512.0,0.04,1.809954751131222
2019-05-17,15:00,sz000981,山子高科,2.23,2.25,2.14,2.14,731755,157518784.0,-0.11,-4.888888888888889
2019-05-20,15:00,sz000981,山子高科,2.03,2.06,2.03,2.03,128067,26045494.0,-0.11,-5.14018691588785
2019-05-21,15:00,sz000981,山子高科,1.93,1.97,1.93,1.93,838137,162104272.0,-0.1,-4.926108374384237
2019-05-22,15:00,sz000981,山子高科,1.89,1.95,1.83,1.88,656035,124184176.0,-0.05,-2.5906735751295336
2019-05-23,15:00,sz000981,山子高科,1.88,1.9,1.79,1.8,577423,105823152.0,-0.08,-4.25531914893617
2019-05-24,15:00,sz000981,山子高科,1.78,1.83,1.72,1.75,497137,87430624.0,-0.05,-2.7777777777777777
2019-05-27,15:00,sz000981,山子高科,1.77,1.84,1.72,1.84,558164,100245984.0,0.09,5.142857142857142
2019-05-28,15:00,sz000981,山子高科,1.84,1.93,1.82,1.93,719553,137385424.0,0.09,4.891304347826087
2019-05-29,15:00,sz000981,山子高科,1.91,1.95,1.83,1.86,573206,108060824.0,-0.07,-3.6269430051813463
2019-05-30,15:00,sz000981,山子高科,1.84,1.89,1.82,1.87,309931,57497096.0,0.01,0.5376344086021506
2019-05-31,15:00,sz000981,山子高科,1.85,1.91,1.84,1.86,311694,58539512.0,-0.01,-0.53475935828877
2019-06-03,15:00,sz000981,山子高科,1.85,1.86,1.77,1.77,392474,70350192.0,-0.09,-4.838709677419355
2019-06-04,15:00,sz000981,山子高科,1.74,1.77,1.68,1.71,420222,71716664.0,-0.06,-3.389830508474576
2019-06-05,15:00,sz000981,山子高科,1.72,1.8,1.71,1.76,340875,60144800.0,0.05,2.923976608187134
2019-06-06,15:00,sz000981,山子高科,1.76,1.77,1.69,1.72,268950,45920900.0,-0.04,-2.272727272727273
2019-06-10,15:00,sz000981,山子高科,1.7,1.73,1.67,1.72,233680,39658216.0,0.0,0.0
2019-06-11,15:00,sz000981,山子高科,1.7,1.8,1.7,1.78,343010,60578080.0,0.06,3.488372093023256
2019-06-12,15:00,sz000981,山子高科,1.77,1.85,1.75,1.8,356988,64279420.0,0.02,1.1235955056179776
2019-06-13,15:00,sz000981,山子高科,1.78,1.89,1.78,1.89,446817,82654008.0,0.09,5.0
2019-06-14,15:00,sz000981,山子高科,1.93,1.93,1.82,1.85,495476,93677296.0,-0.04,-2.1164021164021163
2019-06-17,15:00,sz000981,山子高科,1.84,1.94,1.82,1.94,452640,86906448.0,0.09,4.864864864864865
2019-06-18,15:00,sz000981,山子高科,1.94,1.94,1.84,1.84,297327,55225236.0,-0.1,-5.154639175257731
2019-06-19,15:00,sz000981,山子高科,1.75,1.79,1.75,1.75,252495,44310508.0,-0.09,-4.891304347826087
2019-06-20,15:00,sz000981,山子高科,1.66,1.66,1.66,1.66,69636,11559576.0,-0.09,-5.142857142857142
2019-06-21,15:00,sz000981,山子高科,1.66,1.74,1.66,1.72,661457,112699952.0,0.06,3.614457831325301
2019-06-24,15:00,sz000981,山子高科,1.67,1.68,1.63,1.66,502898,83001176.0,-0.06,-3.488372093023256
2019-06-25,15:00,sz000981,山子高科,1.66,1.73,1.64,1.72,456925,77980416.0,0.06,3.614457831325301
2019-06-26,15:00,sz000981,山子高科,1.7,1.81,1.69,1.81,469216,83159752.0,0.09,5.232558139534884
2019-06-27,15:00,sz000981,山子高科,1.81,1.88,1.77,1.85,532557,97037728.0,0.04,2.209944751381215
2019-06-28,15:00,sz000981,山子高科,1.84,1.87,1.77,1.8,403742,73366456.0,-0.05,-2.702702702702702
2019-07-01,15:00,sz000981,山子高科,1.81,1.85,1.78,1.83,374511,68221728.0,0.03,1.6666666666666667
2019-07-02,15:00,sz000981,山子高科,1.82,1.92,1.82,1.92,374476,71223088.0,0.09,4.918032786885246
2019-07-03,15:00,sz000981,山子高科,1.95,1.99,1.89,1.91,642561,124522544.0,-0.01,-0.5208333333333333
2019-07-04,15:00,sz000981,山子高科,1.91,1.95,1.88,1.92,286751,54864656.0,0.01,0.5235602094240838
2019-07-05,15:00,sz000981,山子高科,1.92,1.93,1.82,1.89,298508,56217888.0,-0.03,-1.5625
2019-07-08,15:00,sz000981,山子高科,1.83,1.83,1.8,1.8,224074,40464036.0,-0.09,-4.761904761904762
2019-07-09,15:00,sz000981,山子高科,1.74,1.78,1.71,1.76,256558,44602572.0,-0.04,-2.2222222222222223
2019-07-10,15:00,sz000981,山子高科,1.77,1.82,1.76,1.8,222960,40007164.0,0.04,2.272727272727273
2019-07-11,15:00,sz000981,山子高科,1.8,1.81,1.77,1.78,164899,29455628.0,-0.02,-1.1111111111111112
2019-07-12,15:00,sz000981,山子高科,1.76,1.82,1.75,1.8,174242,31073900.0,0.02,1.1235955056179776
2019-07-15,15:00,sz000981,山子高科,1.79,1.81,1.76,1.79,205765,36678720.0,-0.01,-0.5555555555555556
2019-07-16,15:00,sz000981,山子高科,1.77,1.79,1.75,1.76,187736,33214436.0,-0.03,-1.675977653631285
2019-07-17,15:00,sz000981,山子高科,1.77,1.77,1.72,1.74,206418,35985008.0,-0.02,-1.1363636363636365
2019-07-18,15:00,sz000981,山子高科,1.74,1.74,1.7,1.71,155696,26685024.0,-0.03,-1.7241379310344829
2019-07-19,15:00,sz000981,山子高科,1.71,1.74,1.7,1.71,97886,16826286.0,0.0,0.0
2019-07-22,15:00,sz000981,山子高科,1.71,1.72,1.62,1.62,310919,51017968.0,-0.09,-5.263157894736842
2019-07-23,15:00,sz000981,山子高科,1.59,1.64,1.58,1.63,152281,24563804.0,0.01,0.6172839506172839
2019-07-24,15:00,sz000981,山子高科,1.63,1.67,1.62,1.65,138237,22785292.0,0.02,1.2269938650306749
2019-07-25,15:00,sz000981,山子高科,1.69,1.7,1.65,1.66,167757,28059728.0,0.01,0.6060606060606061
2019-07-26,15:00,sz000981,山子高科,1.65,1.67,1.64,1.65,99380,16429388.0,-0.01,-0.6024096385542169
2019-07-29,15:00,sz000981,山子高科,1.64,1.65,1.61,1.61,124466,20238496.0,-0.04,-2.4242424242424243
2019-07-30,15:00,sz000981,山子高科,1.61,1.65,1.61,1.63,108544,17732472.0,0.02,1.2422360248447204
2019-07-31,15:00,sz000981,山子高科,1.67,1.71,1.67,1.71,158885,27083798.0,0.08,4.9079754601227
2019-08-01,15:00,sz000981,山子高科,1.75,1.78,1.71,1.73,443540,77424152.0,0.02,1.1695906432748535
2019-08-02,15:00,sz000981,山子高科,1.69,1.69,1.64,1.66,289901,48001068.0,-0.07,-4.046242774566474
2019-08-05,15:00,sz000981,山子高科,1.65,1.66,1.61,1.61,181581,29690280.0,-0.05,-3.0120481927710845
2019-08-06,15:00,sz000981,山子高科,1.55,1.56,1.53,1.54,284581,43787368.0,-0.07,-4.3478260869565215
2019-08-07,15:00,sz000981,山子高科,1.55,1.6,1.54,1.55,162315,25403408.0,0.01,0.6493506493506493
2019-08-08,15:00,sz000981,山子高科,1.56,1.63,1.55,1.63,306073,49240228.0,0.08,5.161290322580645
2019-08-09,15:00,sz000981,山子高科,1.62,1.65,1.58,1.59,223106,35942288.0,-0.04,-2.4539877300613497
2019-08-12,15:00,sz000981,山子高科,1.59,1.61,1.57,1.59,102365,16230243.0,0.0,0.0
2019-08-13,15:00,sz000981,山子高科,1.58,1.63,1.57,1.61,158309,25542494.0,0.02,1.257861635220126
2019-08-14,15:00,sz000981,山子高科,1.62,1.64,1.59,1.6,135290,21776384.0,-0.01,-0.6211180124223602
2019-08-15,15:00,sz000981,山子高科,1.55,1.59,1.53,1.58,156566,24453340.0,-0.02,-1.25
2019-08-16,15:00,sz000981,山子高科,1.57,1.59,1.56,1.57,119751,18878544.0,-0.01,-0.6329113924050633
2019-08-19,15:00,sz000981,山子高科,1.58,1.62,1.57,1.61,151401,24162150.0,0.04,2.547770700636943
2019-08-20,15:00,sz000981,山子高科,1.6,1.63,1.59,1.6,167067,26786320.0,-0.01,-0.6211180124223602
2019-08-21,15:00,sz000981,山子高科,1.59,1.63,1.58,1.61,133005,21286696.0,0.01,0.625
2019-08-22,15:00,sz000981,山子高科,1.61,1.62,1.59,1.61,113753,18227616.0,0.0,0.0
2019-08-23,15:00,sz000981,山子高科,1.6,1.62,1.59,1.6,135853,21791520.0,-0.01,-0.6211180124223602
2019-08-26,15:00,sz000981,山子高科,1.58,1.61,1.57,1.58,159265,25321912.0,-0.02,-1.25
2019-08-27,15:00,sz000981,山子高科,1.59,1.62,1.58,1.6,157076,25142132.0,0.02,1.2658227848101269
2019-08-28,15:00,sz000981,山子高科,1.6,1.61,1.58,1.59,137267,21855778.0,-0.01,-0.625
2019-08-29,15:00,sz000981,山子高科,1.59,1.59,1.55,1.56,182529,28595332.0,-0.03,-1.8867924528301887
2019-08-30,15:00,sz000981,山子高科,1.56,1.57,1.52,1.54,185509,28638166.0,-0.02,-1.282051282051282
2019-09-02,15:00,sz000981,山子高科,1.53,1.56,1.52,1.55,140167,21682176.0,0.01,0.6493506493506493
2019-09-03,15:00,sz000981,山子高科,1.55,1.58,1.54,1.56,152233,23785326.0,0.01,0.6451612903225806
2019-09-04,15:00,sz000981,山子高科,1.55,1.56,1.53,1.55,170274,26278256.0,-0.01,-0.641025641025641
2019-09-05,15:00,sz000981,山子高科,1.55,1.57,1.54,1.55,203084,31611888.0,0.0,0.0
2019-09-06,15:00,sz000981,山子高科,1.56,1.56,1.53,1.54,150494,23200972.0,-0.01,-0.6451612903225806
2019-09-09,15:00,sz000981,山子高科,1.55,1.56,1.51,1.54,329058,50214164.0,0.0,0.0
2019-09-10,15:00,sz000981,山子高科,1.53,1.55,1.52,1.54,247547,38003952.0,0.0,0.0
2019-09-11,15:00,sz000981,山子高科,1.54,1.55,1.53,1.54,157767,24294848.0,0.0,0.0
2019-09-12,15:00,sz000981,山子高科,1.54,1.55,1.53,1.54,130915,20166252.0,0.0,0.0
2019-09-16,15:00,sz000981,山子高科,1.51,1.53,1.48,1.49,381624,57339656.0,-0.05,-3.2467532467532463
2019-09-17,15:00,sz000981,山子高科,1.5,1.56,1.5,1.53,374059,57383524.0,0.04,2.684563758389262
2019-09-18,15:00,sz000981,山子高科,1.52,1.53,1.5,1.51,213999,32348418.0,-0.02,-1.30718954248366
2019-09-19,15:00,sz000981,山子高科,1.51,1.52,1.48,1.51,177406,26572602.0,0.0,0.0
2019-09-20,15:00,sz000981,山子高科,1.51,1.53,1.49,1.51,175497,26449750.0,0.0,0.0
2019-09-23,15:00,sz000981,山子高科,1.51,1.51,1.49,1.5,116153,17403542.0,-0.01,-0.6622516556291391
2019-09-24,15:00,sz000981,山子高科,1.5,1.51,1.49,1.49,120367,18035940.0,-0.01,-0.6666666666666667
2019-09-25,15:00,sz000981,山子高科,1.5,1.51,1.48,1.5,162757,24348218.0,0.01,0.6711409395973155
2019-09-26,15:00,sz000981,山子高科,1.5,1.5,1.43,1.43,351275,50882780.0,-0.07,-4.666666666666667
2019-09-27,15:00,sz000981,山子高科,1.41,1.43,1.38,1.41,176178,24815372.0,-0.02,-1.3986013986013983
2019-09-30,15:00,sz000981,山子高科,1.4,1.42,1.39,1.39,107257,15087562.0,-0.02,-1.4184397163120568
2019-10-08,15:00,sz000981,山子高科,1.39,1.4,1.36,1.37,140390,19343304.0,-0.02,-1.4388489208633095
2019-10-09,15:00,sz000981,山子高科,1.36,1.39,1.34,1.39,200360,27310968.0,0.02,1.45985401459854
2019-10-10,15:00,sz000981,山子高科,1.41,1.46,1.4,1.46,148849,21517176.0,0.07,5.035971223021583
2019-10-11,15:00,sz000981,山子高科,1.48,1.5,1.41,1.44,316340,46133288.0,-0.02,-1.36986301369863
2019-10-14,15:00,sz000981,山子高科,1.43,1.45,1.42,1.44,115344,16574151.0,0.0,0.0
2019-10-15,15:00,sz000981,山子高科,1.43,1.44,1.39,1.39,126495,17780794.0,-0.05,-3.4722222222222223
2019-10-16,15:00,sz000981,山子高科,1.38,1.39,1.33,1.36,259691,35155348.0,-0.03,-2.158273381294964
2019-10-17,15:00,sz000981,山子高科,1.35,1.35,1.3,1.32,180754,24098578.0,-0.04,-2.941176470588235
2019-10-18,15:00,sz000981,山子高科,1.32,1.34,1.31,1.33,123319,16340796.0,0.01,0.7575757575757576
2019-10-21,15:00,sz000981,山子高科,1.34,1.34,1.31,1.32,88183,11641273.0,-0.01,-0.7518796992481203
2019-10-22,15:00,sz000981,山子高科,1.32,1.33,1.3,1.31,96111,12643131.0,-0.01,-0.7575757575757576
2019-10-23,15:00,sz000981,山子高科,1.31,1.32,1.3,1.31,81581,10690385.0,0.0,0.0
2019-10-24,15:00,sz000981,山子高科,1.31,1.32,1.3,1.31,89991,11787837.0,0.0,0.0
2019-10-25,15:00,sz000981,山子高科,1.3,1.31,1.26,1.28,213774,27288614.0,-0.03,-2.2900763358778624
2019-10-28,15:00,sz000981,山子高科,1.28,1.29,1.26,1.28,136201,17375736.0,0.0,0.0
2019-10-29,15:00,sz000981,山子高科,1.27,1.28,1.26,1.27,112606,14317582.0,-0.01,-0.78125
2019-10-30,15:00,sz000981,山子高科,1.26,1.26,1.21,1.21,274374,33525924.0,-0.06,-4.724409448818897
2019-10-31,15:00,sz000981,山子高科,1.23,1.27,1.23,1.24,270283,33910080.0,0.03,2.479338842975207
2019-11-01,15:00,sz000981,山子高科,1.23,1.25,1.18,1.23,196603,23837360.0,-0.01,-0.8064516129032258
2019-11-04,15:00,sz000981,山子高科,1.24,1.24,1.21,1.21,107159,13132212.0,-0.02,-1.6260162601626018
2019-11-05,15:00,sz000981,山子高科,1.21,1.23,1.21,1.22,76743,9360423.0,0.01,0.8264462809917356
2019-11-06,15:00,sz000981,山子高科,1.22,1.28,1.21,1.28,344436,43463652.0,0.06,4.918032786885246
2019-11-07,15:00,sz000981,山子高科,1.26,1.29,1.24,1.25,259284,32793936.0,-0.03,-2.34375
2019-11-08,15:00,sz000981,山子高科,1.26,1.29,1.25,1.26,160540,20421760.0,0.01,0.8
2019-11-11,15:00,sz000981,山子高科,1.25,1.25,1.22,1.22,116791,14461628.0,-0.04,-3.1746031746031744
2019-11-12,15:00,sz000981,山子高科,1.22,1.28,1.22,1.28,335296,42624344.0,0.06,4.918032786885246
2019-11-13,15:00,sz000981,山子高科,1.27,1.31,1.26,1.28,192068,24651350.0,0.0,0.0
2019-11-14,15:00,sz000981,山子高科,1.27,1.3,1.26,1.28,128165,16347501.0,0.0,0.0
2019-11-15,15:00,sz000981,山子高科,1.28,1.29,1.26,1.26,69306,8794632.0,-0.02,-1.5625
2019-11-18,15:00,sz000981,山子高科,1.24,1.27,1.24,1.25,110099,13767137.0,-0.01,-0.7936507936507936
2019-11-19,15:00,sz000981,山子高科,1.25,1.28,1.24,1.26,106345,13395050.0,0.01,0.8
2019-11-20,15:00,sz000981,山子高科,1.26,1.27,1.24,1.25,118889,14921000.0,-0.01,-0.7936507936507936
2019-11-21,15:00,sz000981,山子高科,1.25,1.27,1.24,1.27,84346,10607521.0,0.02,1.6
2019-11-22,15:00,sz000981,山子高科,1.27,1.32,1.26,1.3,232943,30246828.0,0.03,2.3622047244094486
2019-11-25,15:00,sz000981,山子高科,1.29,1.37,1.28,1.36,285162,37954960.0,0.06,4.615384615384616
2019-11-26,15:00,sz000981,山子高科,1.38,1.38,1.32,1.33,215552,29150632.0,-0.03,-2.2058823529411766
2019-11-27,15:00,sz000981,山子高科,1.33,1.39,1.31,1.37,305193,41256800.0,0.04,3.007518796992481
2019-11-28,15:00,sz000981,山子高科,1.36,1.42,1.35,1.39,266887,37041544.0,0.02,1.45985401459854
2019-11-29,15:00,sz000981,山子高科,1.38,1.42,1.37,1.4,210423,29500418.0,0.01,0.7194244604316548
2019-12-02,15:00,sz000981,山子高科,1.38,1.39,1.33,1.36,214486,29295136.0,-0.04,-2.857142857142857
2019-12-03,15:00,sz000981,山子高科,1.35,1.43,1.34,1.43,286432,40349272.0,0.07,5.147058823529411
2019-12-04,15:00,sz000981,山子高科,1.43,1.5,1.41,1.42,437799,63537252.0,-0.01,-0.6993006993006993
2019-12-05,15:00,sz000981,山子高科,1.43,1.43,1.39,1.41,169865,23891664.0,-0.01,-0.7042253521126761
2019-12-06,15:00,sz000981,山子高科,1.41,1.46,1.4,1.44,159414,22897780.0,0.03,2.127659574468085
2019-12-09,15:00,sz000981,山子高科,1.47,1.49,1.43,1.44,200640,29232324.0,0.0,0.0
2019-12-10,15:00,sz000981,山子高科,1.43,1.45,1.39,1.41,158786,22515600.0,-0.03,-2.083333333333333
2019-12-11,15:00,sz000981,山子高科,1.41,1.45,1.41,1.43,127698,18235466.0,0.02,1.4184397163120568
2019-12-12,15:00,sz000981,山子高科,1.44,1.47,1.41,1.42,161026,23227092.0,-0.01,-0.6993006993006993
2019-12-13,15:00,sz000981,山子高科,1.42,1.45,1.41,1.44,147011,20987784.0,0.02,1.4084507042253522
2019-12-16,15:00,sz000981,山子高科,1.45,1.47,1.44,1.44,135833,19704804.0,0.0,0.0
2019-12-17,15:00,sz000981,山子高科,1.5,1.5,1.47,1.49,295892,43992200.0,0.05,3.4722222222222223
2019-12-18,15:00,sz000981,山子高科,1.48,1.56,1.47,1.56,370665,56927436.0,0.07,4.697986577181208
2019-12-19,15:00,sz000981,山子高科,1.56,1.64,1.55,1.64,523756,85067584.0,0.08,5.128205128205128
2019-12-20,15:00,sz000981,山子高科,1.66,1.69,1.56,1.6,480937,78004256.0,-0.04,-2.4390243902439024
2019-12-23,15:00,sz000981,山子高科,1.64,1.68,1.61,1.68,609348,101212648.0,0.08,5.0
2019-12-24,15:00,sz000981,山子高科,1.67,1.76,1.64,1.76,507128,87346432.0,0.08,4.761904761904762
2019-12-25,15:00,sz000981,山子高科,1.77,1.85,1.74,1.85,759798,138202928.0,0.09,5.113636363636364
2019-12-26,15:00,sz000981,山子高科,1.85,1.94,1.83,1.94,443652,84502688.0,0.09,4.864864864864865
2019-12-27,15:00,sz000981,山子高科,2.04,2.04,2.0,2.04,333875,67994728.0,0.1,5.154639175257731
2019-12-30,15:00,sz000981,山子高科,2.09,2.09,1.94,1.94,749677,148353376.0,-0.1,-4.901960784313726
2019-12-31,15:00,sz000981,山子高科,1.86,1.89,1.84,1.84,135120,24963616.0,-0.1,-5.154639175257731
2020-01-02,15:00,sz000981,山子高科,1.75,1.92,1.75,1.89,628826,114834640.0,0.05,2.717391304347826
2020-01-03,15:00,sz000981,山子高科,1.87,1.92,1.8,1.81,405186,74744480.0,-0.08,-4.232804232804233
2020-01-06,15:00,sz000981,山子高科,1.83,1.86,1.75,1.8,244742,44209360.0,-0.01,-0.5524861878453038
2020-01-07,15:00,sz000981,山子高科,1.8,1.85,1.78,1.82,206671,37547064.0,0.02,1.1111111111111112
2020-01-08,15:00,sz000981,山子高科,1.81,1.85,1.79,1.81,218521,39730096.0,-0.01,-0.5494505494505495
2020-01-09,15:00,sz000981,山子高科,1.81,1.82,1.78,1.82,251325,45311616.0,0.01,0.5524861878453038
2020-01-10,15:00,sz000981,山子高科,1.77,1.84,1.76,1.79,253815,45554156.0,-0.03,-1.6483516483516485
2020-01-13,15:00,sz000981,山子高科,1.79,1.79,1.76,1.77,182209,32292188.0,-0.02,-1.11731843575419
2020-01-14,15:00,sz000981,山子高科,1.78,1.79,1.68,1.68,389946,66744708.0,-0.09,-5.084745762711865
2020-01-15,15:00,sz000981,山子高科,1.67,1.7,1.63,1.67,214613,35640528.0,-0.01,-0.5952380952380952
2020-01-16,15:00,sz000981,山子高科,1.67,1.67,1.59,1.59,326639,52574136.0,-0.08,-4.790419161676647
2020-01-17,15:00,sz000981,山子高科,1.56,1.67,1.55,1.67,361120,59227600.0,0.08,5.031446540880504
2020-01-20,15:00,sz000981,山子高科,1.68,1.75,1.66,1.7,435724,74556424.0,0.03,1.7964071856287425
2020-01-21,15:00,sz000981,山子高科,1.68,1.68,1.62,1.62,239278,39326656.0,-0.08,-4.705882352941177
2020-01-22,15:00,sz000981,山子高科,1.61,1.64,1.57,1.61,144615,23293374.0,-0.01,-0.6172839506172839
2020-01-23,15:00,sz000981,山子高科,1.6,1.62,1.53,1.57,178131,28059100.0,-0.04,-2.484472049689441
2020-02-03,15:00,sz000981,山子高科,1.49,1.49,1.49,1.49,6614,985486.0,-0.08,-5.095541401273886
2020-02-04,15:00,sz000981,山子高科,1.42,1.42,1.42,1.42,38309,5439878.0,-0.07,-4.697986577181208
2020-02-05,15:00,sz000981,山子高科,1.36,1.46,1.36,1.4,310218,43650264.0,-0.02,-1.4084507042253522
2020-02-06,15:00,sz000981,山子高科,1.39,1.41,1.37,1.4,172579,23948924.0,0.0,0.0
2020-02-07,15:00,sz000981,山子高科,1.4,1.47,1.38,1.47,229547,32577186.0,0.07,5.0
2020-02-10,15:00,sz000981,山子高科,1.5,1.54,1.47,1.54,223877,34158744.0,0.07,4.761904761904762
2020-02-11,15:00,sz000981,山子高科,1.58,1.59,1.51,1.52,232492,35709860.0,-0.02,-1.2987012987012987
2020-02-12,15:00,sz000981,山子高科,1.52,1.55,1.5,1.52,121182,18490364.0,0.0,0.0
2020-02-13,15:00,sz000981,山子高科,1.53,1.54,1.49,1.49,116608,17641638.0,-0.03,-1.973684210526316
2020-02-14,15:00,sz000981,山子高科,1.49,1.51,1.48,1.49,98534,14709544.0,0.0,0.0
2020-02-17,15:00,sz000981,山子高科,1.48,1.54,1.48,1.53,127191,19316182.0,0.04,2.684563758389262
2020-02-18,15:00,sz000981,山子高科,1.54,1.57,1.52,1.56,160510,24785674.0,0.03,1.96078431372549
2020-02-19,15:00,sz000981,山子高科,1.59,1.64,1.56,1.64,325071,52839444.0,0.08,5.128205128205128
2020-02-20,15:00,sz000981,山子高科,1.63,1.7,1.6,1.67,355773,58719788.0,0.03,1.829268292682927
2020-02-21,15:00,sz000981,山子高科,1.68,1.7,1.64,1.65,211423,35254276.0,-0.02,-1.1976047904191618
2020-02-24,15:00,sz000981,山子高科,1.65,1.65,1.61,1.61,181474,29454200.0,-0.04,-2.4242424242424243
2020-02-25,15:00,sz000981,山子高科,1.54,1.69,1.54,1.63,275647,44561508.0,0.02,1.2422360248447204
2020-02-26,15:00,sz000981,山子高科,1.62,1.63,1.58,1.6,200648,32193480.0,-0.03,-1.8404907975460123
2020-02-27,15:00,sz000981,山子高科,1.59,1.61,1.58,1.58,103919,16497174.0,-0.02,-1.25
2020-02-28,15:00,sz000981,山子高科,1.55,1.56,1.5,1.5,254636,38724452.0,-0.08,-5.063291139240507
2020-03-02,15:00,sz000981,山子高科,1.5,1.53,1.49,1.52,170201,25711672.0,0.02,1.3333333333333337
2020-03-03,15:00,sz000981,山子高科,1.53,1.54,1.51,1.51,117848,17960500.0,-0.01,-0.6578947368421052
2020-03-04,15:00,sz000981,山子高科,1.51,1.52,1.49,1.51,139452,20970240.0,0.0,0.0
2020-03-05,15:00,sz000981,山子高科,1.52,1.58,1.51,1.56,174848,27108302.0,0.05,3.3112582781456954
2020-03-06,15:00,sz000981,山子高科,1.53,1.56,1.52,1.53,173143,26558784.0,-0.03,-1.9230769230769231
2020-03-09,15:00,sz000981,山子高科,1.51,1.52,1.47,1.47,167491,24947520.0,-0.06,-3.92156862745098
2020-03-10,15:00,sz000981,山子高科,1.45,1.48,1.41,1.47,222026,32010682.0,0.0,0.0
2020-03-11,15:00,sz000981,山子高科,1.47,1.52,1.46,1.48,215229,32224892.0,0.01,0.6802721088435374
2020-03-12,15:00,sz000981,山子高科,1.47,1.47,1.43,1.44,152724,22064180.0,-0.04,-2.702702702702702
2020-03-13,15:00,sz000981,山子高科,1.38,1.44,1.37,1.44,203320,28531886.0,0.0,0.0
2020-03-16,15:00,sz000981,山子高科,1.44,1.45,1.38,1.39,120942,17168236.0,-0.05,-3.4722222222222223
2020-03-17,15:00,sz000981,山子高科,1.38,1.42,1.32,1.39,175071,24097994.0,0.0,0.0
2020-03-18,15:00,sz000981,山子高科,1.39,1.41,1.35,1.35,104938,14494145.0,-0.04,-2.877697841726619
2020-03-19,15:00,sz000981,山子高科,1.34,1.37,1.29,1.36,190531,25267640.0,0.01,0.7407407407407408
2020-03-20,15:00,sz000981,山子高科,1.36,1.38,1.33,1.37,176131,23867480.0,0.01,0.7352941176470588
2020-03-23,15:00,sz000981,山子高科,1.34,1.35,1.32,1.33,106069,14142544.0,-0.04,-2.9197080291970803
2020-03-24,15:00,sz000981,山子高科,1.34,1.35,1.33,1.35,158479,21229118.0,0.02,1.5037593984962403
2020-03-25,15:00,sz000981,山子高科,1.37,1.37,1.35,1.37,98851,13459099.0,0.02,1.4814814814814816
2020-03-26,15:00,sz000981,山子高科,1.36,1.36,1.33,1.34,89164,11987797.0,-0.03,-2.18978102189781
2020-03-27,15:00,sz000981,山子高科,1.35,1.36,1.34,1.34,55591,7487575.0,0.0,0.0
2020-03-30,15:00,sz000981,山子高科,1.34,1.34,1.32,1.33,81140,10776564.0,-0.01,-0.7462686567164178
2020-03-31,15:00,sz000981,山子高科,1.34,1.35,1.32,1.33,64682,8624946.0,0.0,0.0
2020-04-01,15:00,sz000981,山子高科,1.33,1.33,1.31,1.33,67973,8986835.0,0.0,0.0
2020-04-02,15:00,sz000981,山子高科,1.32,1.33,1.3,1.32,81965,10781849.0,-0.01,-0.7518796992481203
2020-04-03,15:00,sz000981,山子高科,1.32,1.33,1.3,1.31,74642,9815548.0,-0.01,-0.7575757575757576
2020-04-07,15:00,sz000981,山子高科,1.33,1.34,1.32,1.33,80303,10678426.0,0.02,1.5267175572519085
2020-04-08,15:00,sz000981,山子高科,1.33,1.4,1.32,1.4,157145,21440076.0,0.07,5.263157894736842
2020-04-09,15:00,sz000981,山子高科,1.42,1.45,1.4,1.4,204653,29062772.0,0.0,0.0
2020-04-10,15:00,sz000981,山子高科,1.41,1.44,1.4,1.43,135467,19219904.0,0.03,2.142857142857143
2020-04-13,15:00,sz000981,山子高科,1.43,1.46,1.41,1.46,105606,15158296.0,0.03,2.097902097902098
2020-04-14,15:00,sz000981,山子高科,1.46,1.48,1.41,1.43,139783,20102948.0,-0.03,-2.054794520547945
2020-04-15,15:00,sz000981,山子高科,1.43,1.44,1.41,1.41,88680,12619473.0,-0.02,-1.3986013986013983
2020-04-16,15:00,sz000981,山子高科,1.41,1.41,1.36,1.38,129898,17941256.0,-0.03,-2.127659574468085
2020-04-17,15:00,sz000981,山子高科,1.38,1.44,1.38,1.41,106255,14978027.0,0.03,2.1739130434782608
2020-04-20,15:00,sz000981,山子高科,1.41,1.42,1.38,1.39,73094,10191823.0,-0.02,-1.4184397163120568
2020-04-21,15:00,sz000981,山子高科,1.38,1.4,1.36,1.37,83251,11446908.0,-0.02,-1.4388489208633095
2020-04-22,15:00,sz000981,山子高科,1.36,1.39,1.35,1.37,50375,6900530.0,0.0,0.0
2020-04-23,15:00,sz000981,山子高科,1.38,1.39,1.36,1.37,52003,7134867.0,0.0,0.0
2020-04-24,15:00,sz000981,山子高科,1.37,1.38,1.34,1.35,71227,9661336.0,-0.02,-1.45985401459854
2020-04-27,15:00,sz000981,山子高科,1.36,1.37,1.34,1.34,38415,5187908.0,-0.01,-0.7407407407407408
2020-04-28,15:00,sz000981,山子高科,1.34,1.35,1.3,1.32,66349,8783300.0,-0.02,-1.4925373134328357
2020-04-29,15:00,sz000981,山子高科,1.31,1.38,1.31,1.34,81151,10938026.0,0.02,1.5151515151515151
2020-04-30,15:00,sz000981,山子高科,1.27,1.32,1.27,1.31,251780,32382020.0,-0.03,-2.238805970149253
2020-05-06,15:00,sz000981,山子高科,1.3,1.31,1.28,1.3,72113,9354244.0,-0.01,-0.7633587786259541
2020-05-07,15:00,sz000981,山子高科,1.3,1.37,1.29,1.37,213098,28955522.0,0.07,5.384615384615385
2020-05-08,15:00,sz000981,山子高科,1.35,1.4,1.35,1.37,123195,16905348.0,0.0,0.0
2020-05-11,15:00,sz000981,山子高科,1.37,1.38,1.33,1.34,118716,15995150.0,-0.03,-2.18978102189781
2020-05-12,15:00,sz000981,山子高科,1.33,1.36,1.33,1.35,81370,10960295.0,0.01,0.7462686567164178
2020-05-13,15:00,sz000981,山子高科,1.35,1.35,1.32,1.33,56502,7546623.0,-0.02,-1.4814814814814816
2020-05-14,15:00,sz000981,山子高科,1.33,1.34,1.32,1.33,67641,8974059.0,0.0,0.0
2020-05-15,15:00,sz000981,山子高科,1.33,1.34,1.31,1.31,57259,7569646.0,-0.02,-1.5037593984962403
2020-05-18,15:00,sz000981,山子高科,1.3,1.31,1.28,1.3,78423,10179624.0,-0.01,-0.7633587786259541
2020-05-19,15:00,sz000981,山子高科,1.31,1.33,1.28,1.29,88959,11560211.0,-0.01,-0.7692307692307693
2020-05-20,15:00,sz000981,山子高科,1.29,1.31,1.29,1.3,67720,8798759.0,0.01,0.7751937984496124
2020-05-21,15:00,sz000981,山子高科,1.3,1.35,1.3,1.31,94041,12393166.0,0.01,0.7692307692307693
2020-05-22,15:00,sz000981,山子高科,1.3,1.32,1.29,1.29,67025,8716184.0,-0.02,-1.5267175572519085
2020-05-25,15:00,sz000981,山子高科,1.29,1.29,1.23,1.23,257774,31815462.0,-0.06,-4.651162790697675
2020-05-26,15:00,sz000981,山子高科,1.22,1.25,1.21,1.24,85010,10508346.0,0.01,0.8130081300813009
2020-05-27,15:00,sz000981,山子高科,1.24,1.28,1.24,1.27,114255,14498758.0,0.03,2.419354838709677
2020-05-28,15:00,sz000981,山子高科,1.27,1.33,1.27,1.33,249712,33101710.0,0.06,4.724409448818897
2020-05-29,15:00,sz000981,山子高科,1.32,1.4,1.32,1.38,284285,39202568.0,0.05,3.7593984962406015
2020-06-01,15:00,sz000981,山子高科,1.39,1.39,1.34,1.37,137908,18838922.0,-0.01,-0.7246376811594203
2020-06-02,15:00,sz000981,山子高科,1.38,1.44,1.38,1.43,169379,24080614.0,0.06,4.37956204379562
2020-06-03,15:00,sz000981,山子高科,1.45,1.46,1.4,1.42,123677,17597618.0,-0.01,-0.6993006993006993
2020-06-04,15:00,sz000981,山子高科,1.42,1.43,1.35,1.38,142999,19706002.0,-0.04,-2.8169014084507045
2020-06-05,15:00,sz000981,山子高科,1.38,1.38,1.35,1.38,85303,11638694.0,0.0,0.0
2020-06-08,15:00,sz000981,山子高科,1.38,1.4,1.37,1.39,86324,11931084.0,0.01,0.7246376811594203
2020-06-09,15:00,sz000981,山子高科,1.38,1.39,1.36,1.37,64267,8836214.0,-0.02,-1.4388489208633095
2020-06-10,15:00,sz000981,山子高科,1.37,1.37,1.34,1.35,69753,9441674.0,-0.02,-1.45985401459854
2020-06-11,15:00,sz000981,山子高科,1.34,1.36,1.32,1.34,69545,9302869.0,-0.01,-0.7407407407407408
2020-06-12,15:00,sz000981,山子高科,1.32,1.34,1.31,1.34,67758,8975185.0,0.0,0.0
2020-06-15,15:00,sz000981,山子高科,1.35,1.37,1.34,1.35,77194,10453410.0,0.01,0.7462686567164178
2020-06-16,15:00,sz000981,山子高科,1.35,1.35,1.32,1.33,68589,9125410.0,-0.02,-1.4814814814814816
2020-06-17,15:00,sz000981,山子高科,1.33,1.35,1.32,1.34,54512,7281305.0,0.01,0.7518796992481203
2020-06-18,15:00,sz000981,山子高科,1.33,1.4,1.33,1.35,117686,16054786.0,0.01,0.7462686567164178
2020-06-19,15:00,sz000981,山子高科,1.35,1.35,1.32,1.32,100979,13477185.0,-0.03,-2.2222222222222223
2020-06-23,15:00,sz000981,山子高科,1.27,1.39,1.27,1.39,305234,41660040.0,0.07,5.303030303030303
2020-06-24,15:00,sz000981,山子高科,1.42,1.42,1.37,1.41,186051,26062320.0,0.02,1.4388489208633095
2020-06-29,15:00,sz000981,山子高科,1.47,1.47,1.38,1.39,215410,30808948.0,-0.02,-1.4184397163120568
2020-06-30,15:00,sz000981,山子高科,1.39,1.4,1.32,1.36,162524,21851254.0,-0.03,-2.158273381294964
2020-07-01,15:00,sz000981,山子高科,1.35,1.36,1.33,1.34,76775,10317504.0,-0.02,-1.4705882352941175
2020-07-02,15:00,sz000981,山子高科,1.35,1.36,1.32,1.33,110136,14722885.0,-0.01,-0.7462686567164178
2020-07-03,15:00,sz000981,山子高科,1.33,1.35,1.32,1.35,79859,10641757.0,0.02,1.5037593984962403
2020-07-06,15:00,sz000981,山子高科,1.35,1.35,1.3,1.34,362612,48126300.0,-0.01,-0.7407407407407408
2020-07-07,15:00,sz000981,山子高科,1.33,1.35,1.32,1.33,215593,28638616.0,-0.01,-0.7462686567164178
2020-07-08,15:00,sz000981,山子高科,1.33,1.33,1.31,1.32,180015,23762116.0,-0.01,-0.7518796992481203
2020-07-09,15:00,sz000981,山子高科,1.32,1.34,1.31,1.34,196329,26082242.0,0.02,1.5151515151515151
2020-07-10,15:00,sz000981,山子高科,1.33,1.34,1.32,1.33,164581,21875970.0,-0.01,-0.7462686567164178
2020-07-13,15:00,sz000981,山子高科,1.33,1.34,1.32,1.33,198044,26324084.0,0.0,0.0
2020-07-14,15:00,sz000981,山子高科,1.33,1.4,1.31,1.4,450182,61626268.0,0.07,5.263157894736842
2020-07-15,15:00,sz000981,山子高科,1.45,1.47,1.42,1.47,435378,63518076.0,0.07,5.0
2020-07-16,15:00,sz000981,山子高科,1.49,1.5,1.4,1.4,480445,68477368.0,-0.07,-4.761904761904762
2020-07-17,15:00,sz000981,山子高科,1.38,1.4,1.36,1.37,196257,27018032.0,-0.03,-2.142857142857143
2020-07-20,15:00,sz000981,山子高科,1.38,1.43,1.37,1.39,201204,28163992.0,0.02,1.45985401459854
2020-07-21,15:00,sz000981,山子高科,1.39,1.4,1.38,1.4,110497,15369131.0,0.01,0.7194244604316548
2020-07-22,15:00,sz000981,山子高科,1.4,1.47,1.39,1.47,378942,54919172.0,0.07,5.0
2020-07-23,15:00,sz000981,山子高科,1.46,1.47,1.4,1.43,281673,40410068.0,-0.04,-2.7210884353741496
2020-07-24,15:00,sz000981,山子高科,1.42,1.46,1.38,1.4,251332,35695608.0,-0.03,-2.097902097902098
2020-07-27,15:00,sz000981,山子高科,1.4,1.47,1.38,1.46,331391,48069984.0,0.06,4.285714285714286
2020-07-28,15:00,sz000981,山子高科,1.47,1.5,1.44,1.47,187633,27571386.0,0.01,0.684931506849315
2020-07-29,15:00,sz000981,山子高科,1.51,1.54,1.49,1.54,194295,29827324.0,0.07,4.761904761904762
2020-07-30,15:00,sz000981,山子高科,1.61,1.62,1.59,1.62,169262,27318534.0,0.08,5.194805194805195
2020-07-31,15:00,sz000981,山子高科,1.65,1.67,1.54,1.6,538086,86099728.0,-0.02,-1.2345679012345678
2020-08-03,15:00,sz000981,山子高科,1.63,1.64,1.57,1.61,282850,45154696.0,0.01,0.625
2020-08-04,15:00,sz000981,山子高科,1.6,1.69,1.58,1.69,427043,71051872.0,0.08,4.968944099378882
2020-08-05,15:00,sz000981,山子高科,1.71,1.77,1.67,1.77,277744,48412124.0,0.08,4.733727810650888
2020-08-06,15:00,sz000981,山子高科,1.83,1.86,1.76,1.79,459210,82862336.0,0.02,1.1299435028248588
2020-08-07,15:00,sz000981,山子高科,1.77,1.82,1.75,1.77,250076,44519768.0,-0.02,-1.11731843575419
2020-08-10,15:00,sz000981,山子高科,1.83,1.86,1.82,1.86,108611,20140800.0,0.09,5.084745762711865
2020-08-11,15:00,sz000981,山子高科,1.95,1.95,1.95,1.95,47961,9352553.0,0.09,4.838709677419355
2020-08-12,15:00,sz000981,山子高科,2.05,2.05,1.85,1.97,727196,141961696.0,0.02,1.0256410256410255
2020-08-13,15:00,sz000981,山子高科,1.95,2.06,1.95,2.02,392737,79277976.0,0.05,2.538071065989848
2020-08-14,15:00,sz000981,山子高科,1.97,2.03,1.92,1.92,322247,63063528.0,-0.1,-4.950495049504951
2020-08-17,15:00,sz000981,山子高科,1.89,1.92,1.82,1.83,449185,82752472.0,-0.09,-4.6875
2020-08-18,15:00,sz000981,山子高科,1.84,1.92,1.81,1.92,333936,62208452.0,0.09,4.918032786885246
2020-08-19,15:00,sz000981,山子高科,1.93,2.01,1.89,1.97,305892,60043912.0,0.05,2.604166666666667
2020-08-20,15:00,sz000981,山子高科,1.96,2.01,1.94,1.95,208832,41205216.0,-0.02,-1.015228426395939
2020-08-21,15:00,sz000981,山子高科,1.95,2.0,1.93,1.97,191884,37710140.0,0.02,1.0256410256410255
2020-08-24,15:00,sz000981,山子高科,1.98,1.98,1.94,1.95,110376,21588498.0,-0.02,-1.015228426395939
2020-08-25,15:00,sz000981,山子高科,1.98,2.01,1.86,1.9,211292,40614424.0,-0.05,-2.564102564102564
2020-08-26,15:00,sz000981,山子高科,1.88,1.91,1.81,1.81,294230,53892588.0,-0.09,-4.736842105263158
2020-08-27,15:00,sz000981,山子高科,1.8,1.9,1.76,1.86,247087,44707180.0,0.05,2.7624309392265194
2020-08-28,15:00,sz000981,山子高科,1.86,1.9,1.85,1.87,109661,20524310.0,0.01,0.5376344086021506
2020-08-31,15:00,sz000981,山子高科,1.86,1.9,1.84,1.85,139052,25965560.0,-0.02,-1.06951871657754
2020-09-01,15:00,sz000981,山子高科,1.83,1.85,1.81,1.83,107185,19596192.0,-0.02,-1.0810810810810811
2020-09-02,15:00,sz000981,山子高科,1.84,1.85,1.79,1.8,148852,26918394.0,-0.03,-1.639344262295082
2020-09-03,15:00,sz000981,山子高科,1.8,1.81,1.72,1.74,214008,37688576.0,-0.06,-3.333333333333333
2020-09-04,15:00,sz000981,山子高科,1.72,1.83,1.71,1.83,298901,53904288.0,0.09,5.172413793103448
2020-09-07,15:00,sz000981,山子高科,1.83,1.9,1.81,1.82,271699,50253036.0,-0.01,-0.546448087431694
2020-09-08,15:00,sz000981,山子高科,1.8,1.81,1.75,1.78,225577,40173892.0,-0.04,-2.197802197802198
2020-09-09,15:00,sz000981,山子高科,1.75,1.8,1.74,1.77,147586,26118336.0,-0.01,-0.5617977528089888
2020-09-10,15:00,sz000981,山子高科,1.77,1.79,1.71,1.73,132176,23132144.0,-0.04,-2.2598870056497176
2020-09-11,15:00,sz000981,山子高科,1.74,1.81,1.74,1.8,124590,22116550.0,0.07,4.046242774566474
2020-09-14,15:00,sz000981,山子高科,1.82,1.88,1.82,1.84,141429,26042764.0,0.04,2.2222222222222223
2020-09-15,15:00,sz000981,山子高科,1.83,1.93,1.81,1.93,231015,43254324.0,0.09,4.891304347826087
2020-09-16,15:00,sz000981,山子高科,1.92,1.95,1.85,1.88,169347,32149968.0,-0.05,-2.5906735751295336
2020-09-17,15:00,sz000981,山子高科,1.88,1.97,1.86,1.97,417987,81586320.0,0.09,4.787234042553192
2020-09-18,15:00,sz000981,山子高科,1.93,1.96,1.9,1.93,237307,45816836.0,-0.04,-2.030456852791878
2020-09-21,15:00,sz000981,山子高科,1.92,1.96,1.91,1.93,123354,23875688.0,0.0,0.0
2020-09-22,15:00,sz000981,山子高科,1.92,1.94,1.87,1.87,165373,31494968.0,-0.06,-3.1088082901554404
2020-09-23,15:00,sz000981,山子高科,1.87,1.89,1.84,1.85,101827,18898032.0,-0.02,-1.06951871657754
2020-09-24,15:00,sz000981,山子高科,1.84,1.86,1.79,1.8,123730,22514852.0,-0.05,-2.702702702702702
2020-09-25,15:00,sz000981,山子高科,1.81,1.86,1.79,1.83,102335,18760144.0,0.03,1.6666666666666667
2020-09-28,15:00,sz000981,山子高科,1.84,1.92,1.82,1.87,117713,22149380.0,0.04,2.185792349726776
2020-09-29,15:00,sz000981,山子高科,1.89,1.89,1.84,1.85,78835,14648214.0,-0.02,-1.06951871657754
2020-09-30,15:00,sz000981,山子高科,1.84,1.89,1.83,1.87,90146,16735324.0,0.02,1.0810810810810811
2020-10-09,15:00,sz000981,山子高科,1.87,1.9,1.86,1.87,91542,17194048.0,0.0,0.0
2020-10-12,15:00,sz000981,山子高科,1.88,1.91,1.86,1.9,114269,21601996.0,0.03,1.6042780748663104
2020-10-13,15:00,sz000981,山子高科,1.88,1.91,1.88,1.89,92856,17548412.0,-0.01,-0.5263157894736842
2020-10-14,15:00,sz000981,山子高科,1.9,1.93,1.89,1.9,83750,15969776.0,0.01,0.5291005291005291
2020-10-15,15:00,sz000981,山子高科,1.91,1.93,1.89,1.9,85985,16348980.0,0.0,0.0
2020-10-16,15:00,sz000981,山子高科,1.9,1.91,1.84,1.85,142192,26648048.0,-0.05,-2.631578947368421
2020-10-19,15:00,sz000981,山子高科,1.87,1.88,1.84,1.85,90185,16696658.0,0.0,0.0
2020-10-20,15:00,sz000981,山子高科,1.87,1.88,1.84,1.86,67315,12486574.0,0.01,0.5405405405405406
2020-10-21,15:00,sz000981,山子高科,1.86,1.86,1.82,1.84,64060,11786328.0,-0.02,-1.0752688172043012
2020-10-22,15:00,sz000981,山子高科,1.83,1.84,1.81,1.82,88719,16158295.0,-0.02,-1.0869565217391304
2020-10-23,15:00,sz000981,山子高科,1.82,1.84,1.8,1.81,73618,13398882.0,-0.01,-0.5494505494505495
2020-10-26,15:00,sz000981,山子高科,1.81,1.88,1.8,1.86,114289,21150340.0,0.05,2.7624309392265194
2020-10-27,15:00,sz000981,山子高科,1.85,1.89,1.82,1.88,111233,20662964.0,0.02,1.0752688172043012
2020-10-28,15:00,sz000981,山子高科,1.89,1.9,1.82,1.85,88885,16633611.0,-0.03,-1.5957446808510638
2020-10-29,15:00,sz000981,山子高科,1.82,1.94,1.82,1.94,260839,49955028.0,0.09,4.864864864864865
2020-10-30,15:00,sz000981,山子高科,2.03,2.03,1.94,1.96,376290,74978168.0,0.02,1.0309278350515465
2020-11-02,15:00,sz000981,山子高科,1.93,1.99,1.93,1.95,148446,29078848.0,-0.01,-0.5102040816326531
2020-11-03,15:00,sz000981,山子高科,1.94,1.95,1.86,1.91,144797,27638598.0,-0.04,-2.051282051282051
2020-11-04,15:00,sz000981,山子高科,1.9,1.92,1.88,1.9,96184,18247796.0,-0.01,-0.5235602094240838
2020-11-05,15:00,sz000981,山子高科,1.91,1.99,1.89,1.96,160011,30900724.0,0.06,3.1578947368421053
2020-11-06,15:00,sz000981,山子高科,1.96,1.96,1.92,1.93,85697,16564638.0,-0.03,-1.530612244897959
2020-11-09,15:00,sz000981,山子高科,1.93,1.96,1.9,1.93,102012,19680618.0,0.0,0.0
2020-11-10,15:00,sz000981,山子高科,1.93,1.96,1.92,1.92,109967,21294312.0,-0.01,-0.5181347150259068
2020-11-11,15:00,sz000981,山子高科,1.92,1.93,1.88,1.9,111911,21312248.0,-0.02,-1.0416666666666663
2020-11-12,15:00,sz000981,山子高科,1.9,1.91,1.88,1.89,84838,16062138.0,-0.01,-0.5263157894736842
2020-11-13,15:00,sz000981,山子高科,1.89,1.93,1.88,1.9,103729,19699452.0,0.01,0.5291005291005291
2020-11-16,15:00,sz000981,山子高科,1.9,1.92,1.89,1.9,127558,24270138.0,0.0,0.0
2020-11-17,15:00,sz000981,山子高科,1.91,1.91,1.82,1.84,155877,29274494.0,-0.06,-3.1578947368421053
2020-11-18,15:00,sz000981,山子高科,1.8,1.93,1.8,1.93,311818,58892112.0,0.09,4.891304347826087
2020-11-19,15:00,sz000981,山子高科,1.96,2.0,1.93,1.94,276425,54286152.0,0.01,0.5181347150259068
2020-11-20,15:00,sz000981,山子高科,1.94,1.97,1.91,1.97,152465,29723500.0,0.03,1.5463917525773196
2020-11-23,15:00,sz000981,山子高科,1.97,2.02,1.95,1.99,240864,47850300.0,0.02,1.015228426395939
2020-11-24,15:00,sz000981,山子高科,1.98,2.03,1.97,1.98,145849,29154334.0,-0.01,-0.5025125628140703
2020-11-25,15:00,sz000981,山子高科,1.98,2.08,1.97,2.08,336715,68853632.0,0.1,5.05050505050505
2020-11-26,15:00,sz000981,山子高科,2.18,2.18,2.18,2.18,88835,19366030.0,0.1,4.807692307692308
2020-11-27,15:00,sz000981,山子高科,2.29,2.29,2.29,2.29,23892,5471268.0,0.11,5.045871559633028
2020-11-30,15:00,sz000981,山子高科,2.24,2.37,2.18,2.24,713426,159443344.0,-0.05,-2.1834061135371177
2020-12-01,15:00,sz000981,山子高科,2.25,2.35,2.24,2.35,335512,78324832.0,0.11,4.910714285714286
2020-12-02,15:00,sz000981,山子高科,2.44,2.47,2.34,2.43,677243,163878880.0,0.08,3.404255319148936
2020-12-03,15:00,sz000981,山子高科,2.45,2.51,2.41,2.45,422661,103356736.0,0.02,0.823045267489712
2020-12-04,15:00,sz000981,山子高科,2.44,2.54,2.39,2.52,434528,106991128.0,0.07,2.857142857142857
2020-12-14,15:00,sz000981,山子高科,2.43,2.56,2.39,2.39,396792,96737528.0,-0.13,-5.158730158730158
2020-12-15,15:00,sz000981,山子高科,2.4,2.44,2.27,2.27,335038,77145896.0,-0.12,-5.02092050209205
2020-12-16,15:00,sz000981,山子高科,2.37,2.38,2.27,2.38,288709,67228752.0,0.11,4.845814977973569
2020-12-17,15:00,sz000981,山子高科,2.38,2.47,2.36,2.41,294461,71258168.0,0.03,1.2605042016806722
2020-12-18,15:00,sz000981,山子高科,2.4,2.43,2.34,2.42,156891,37485048.0,0.01,0.4149377593360996
2020-12-21,15:00,sz000981,山子高科,2.4,2.46,2.3,2.46,390139,92615072.0,0.04,1.6528925619834711
2020-12-22,15:00,sz000981,山子高科,2.42,2.48,2.38,2.39,238970,58258172.0,-0.07,-2.845528455284553
2020-12-23,15:00,sz000981,山子高科,2.37,2.45,2.37,2.41,133719,32170138.0,0.02,0.8368200836820083
2020-12-24,15:00,sz000981,山子高科,2.41,2.43,2.36,2.38,124687,29771114.0,-0.03,-1.2448132780082988
2020-12-25,15:00,sz000981,山子高科,2.28,2.43,2.27,2.4,259080,60917324.0,0.02,0.8403361344537815
2020-12-28,15:00,sz000981,山子高科,2.3,2.39,2.28,2.28,340534,78840432.0,-0.12,-5.0
2020-12-29,15:00,sz000981,山子高科,2.27,2.36,2.17,2.27,294229,65354644.0,-0.01,-0.4385964912280701
2020-12-30,15:00,sz000981,山子高科,2.25,2.26,2.16,2.16,220613,47919124.0,-0.11,-4.845814977973569
2020-12-31,15:00,sz000981,山子高科,2.07,2.12,2.05,2.05,212060,43680804.0,-0.11,-5.092592592592593
2021-01-04,15:00,sz000981,山子高科,1.97,2.1,1.95,2.04,390807,77434000.0,-0.01,-0.4878048780487805
2021-01-05,15:00,sz000981,山子高科,1.99,2.04,1.95,1.96,203132,40259904.0,-0.08,-3.92156862745098
2021-01-06,15:00,sz000981,山子高科,1.97,2.06,1.93,2.06,225934,45120200.0,0.1,5.1020408163265305
2021-01-07,15:00,sz000981,山子高科,2.06,2.16,2.03,2.03,230514,47990312.0,-0.03,-1.4563106796116505
2021-01-08,15:00,sz000981,山子高科,2.01,2.06,1.94,1.99,118696,23800516.0,-0.04,-1.9704433497536944
2021-01-11,15:00,sz000981,山子高科,2.0,2.02,1.96,1.97,114074,22632022.0,-0.02,-1.0050251256281406
2021-01-12,15:00,sz000981,山子高科,1.96,2.07,1.96,2.06,154516,31428144.0,0.09,4.568527918781726
2021-01-13,15:00,sz000981,山子高科,2.14,2.16,2.1,2.16,224851,48218900.0,0.1,4.854368932038835
2021-01-14,15:00,sz000981,山子高科,2.18,2.27,2.14,2.25,257462,56768412.0,0.09,4.166666666666666
2021-01-15,15:00,sz000981,山子高科,2.27,2.35,2.27,2.34,173122,40203936.0,0.09,4.0
2021-01-18,15:00,sz000981,山子高科,2.36,2.46,2.36,2.46,172777,41857784.0,0.12,5.128205128205128
2021-01-19,15:00,sz000981,山子高科,2.53,2.53,2.35,2.35,282714,68088024.0,-0.11,-4.471544715447155
2021-01-20,15:00,sz000981,山子高科,2.31,2.36,2.25,2.28,242459,55530000.0,-0.07,-2.9787234042553195
2021-01-21,15:00,sz000981,山子高科,2.28,2.39,2.24,2.34,176383,41297112.0,0.06,2.631578947368421
2021-01-22,15:00,sz000981,山子高科,2.31,2.4,2.31,2.33,192801,45448384.0,-0.01,-0.4273504273504274
2021-01-25,15:00,sz000981,山子高科,2.35,2.36,2.3,2.31,115686,26949850.0,-0.02,-0.8583690987124464
2021-01-26,15:00,sz000981,山子高科,2.31,2.32,2.24,2.25,122886,28006942.0,-0.06,-2.5974025974025974
2021-01-27,15:00,sz000981,山子高科,2.26,2.36,2.24,2.36,139776,32405386.0,0.11,4.888888888888889
2021-01-28,15:00,sz000981,山子高科,2.36,2.41,2.31,2.31,139713,32969688.0,-0.05,-2.11864406779661
2021-01-29,15:00,sz000981,山子高科,2.3,2.41,2.26,2.26,173686,40205128.0,-0.05,-2.1645021645021645
2021-02-01,15:00,sz000981,山子高科,2.15,2.22,2.15,2.15,287744,62187556.0,-0.11,-4.867256637168142
2021-02-02,15:00,sz000981,山子高科,2.26,2.26,2.26,2.26,141341,31943146.0,0.11,5.116279069767442
2021-02-03,15:00,sz000981,山子高科,2.37,2.37,2.37,2.37,38717,9175929.0,0.11,4.867256637168142
2021-02-04,15:00,sz000981,山子高科,2.48,2.48,2.25,2.28,390748,91500768.0,-0.09,-3.79746835443038
2021-02-05,15:00,sz000981,山子高科,2.28,2.3,2.23,2.25,89439,20183360.0,-0.03,-1.3157894736842104
2021-02-08,15:00,sz000981,山子高科,2.24,2.25,2.15,2.16,128098,27972866.0,-0.09,-4.0
2021-02-09,15:00,sz000981,山子高科,2.18,2.24,2.16,2.16,98324,21538802.0,0.0,0.0
2021-02-10,15:00,sz000981,山子高科,2.12,2.18,2.12,2.16,84615,18176854.0,0.0,0.0
2021-02-18,15:00,sz000981,山子高科,2.2,2.24,2.16,2.19,99685,21860836.0,0.03,1.3888888888888888
2021-02-19,15:00,sz000981,山子高科,2.19,2.2,2.17,2.2,83889,18338728.0,0.01,0.45662100456621
2021-02-22,15:00,sz000981,山子高科,2.2,2.31,2.18,2.29,240936,54698864.0,0.09,4.090909090909091
2021-02-23,15:00,sz000981,山子高科,2.27,2.3,2.23,2.23,119018,26907344.0,-0.06,-2.6200873362445414
2021-02-24,15:00,sz000981,山子高科,2.23,2.26,2.2,2.22,96975,21641662.0,-0.01,-0.4484304932735426
2021-02-25,15:00,sz000981,山子高科,2.21,2.23,2.19,2.2,76048,16778500.0,-0.02,-0.9009009009009008
2021-02-26,15:00,sz000981,山子高科,2.18,2.2,2.16,2.17,71114,15502405.0,-0.03,-1.3636363636363635
2021-03-01,15:00,sz000981,山子高科,2.18,2.22,2.15,2.2,102581,22422232.0,0.03,1.3824884792626728
2021-03-02,15:00,sz000981,山子高科,2.2,2.22,2.18,2.2,91007,20006300.0,0.0,0.0
2021-03-03,15:00,sz000981,山子高科,2.2,2.3,2.2,2.27,146113,32941362.0,0.07,3.1818181818181817
2021-03-04,15:00,sz000981,山子高科,2.26,2.26,2.21,2.22,109049,24390504.0,-0.05,-2.202643171806168
2021-03-05,15:00,sz000981,山子高科,2.21,2.25,2.2,2.24,73534,16378082.0,0.02,0.9009009009009008
2021-03-08,15:00,sz000981,山子高科,2.23,2.32,2.21,2.21,154450,34832176.0,-0.03,-1.3392857142857142
2021-03-09,15:00,sz000981,山子高科,2.21,2.23,2.11,2.18,124835,27197222.0,-0.03,-1.3574660633484164
2021-03-10,15:00,sz000981,山子高科,2.18,2.21,2.16,2.18,71586,15616243.0,0.0,0.0
2021-03-11,15:00,sz000981,山子高科,2.17,2.19,2.16,2.18,75966,16546150.0,0.0,0.0
2021-03-12,15:00,sz000981,山子高科,2.18,2.22,2.18,2.2,77293,17000024.0,0.02,0.9174311926605504
2021-03-15,15:00,sz000981,山子高科,2.19,2.22,2.18,2.2,86879,19103424.0,0.0,0.0
2021-03-16,15:00,sz000981,山子高科,2.19,2.25,2.18,2.25,111876,24878232.0,0.05,2.272727272727273
2021-03-17,15:00,sz000981,山子高科,2.24,2.27,2.23,2.23,73146,16431507.0,-0.02,-0.8888888888888888
2021-03-18,15:00,sz000981,山子高科,2.23,2.25,2.22,2.22,90177,20137724.0,-0.01,-0.4484304932735426
2021-03-19,15:00,sz000981,山子高科,2.21,2.22,2.19,2.2,106800,23525200.0,-0.02,-0.9009009009009008
2021-03-22,15:00,sz000981,山子高科,2.21,2.26,2.19,2.25,123743,27609772.0,0.05,2.272727272727273
2021-03-23,15:00,sz000981,山子高科,2.25,2.26,2.16,2.19,157166,34729280.0,-0.06,-2.666666666666667
2021-03-24,15:00,sz000981,山子高科,2.18,2.2,2.08,2.11,185631,39862092.0,-0.08,-3.65296803652968
2021-03-25,15:00,sz000981,山子高科,2.11,2.13,2.06,2.08,142715,29854566.0,-0.03,-1.4218009478672986
2021-03-26,15:00,sz000981,山子高科,2.08,2.17,2.07,2.15,103937,22181906.0,0.07,3.3653846153846154
2021-03-29,15:00,sz000981,山子高科,2.16,2.26,2.16,2.26,258335,57965452.0,0.11,5.116279069767442
2021-03-30,15:00,sz000981,山子高科,2.26,2.26,2.15,2.17,321617,70129584.0,-0.09,-3.982300884955752
2021-03-31,15:00,sz000981,山子高科,2.16,2.2,2.09,2.1,140638,30127544.0,-0.07,-3.225806451612903
2021-04-01,15:00,sz000981,山子高科,2.09,2.17,2.08,2.15,123368,26084784.0,0.05,2.380952380952381
2021-04-02,15:00,sz000981,山子高科,2.04,2.08,2.04,2.05,396622,81076656.0,-0.1,-4.651162790697675
2021-04-06,15:00,sz000981,山子高科,2.05,2.1,2.04,2.06,149023,30840382.0,0.01,0.4878048780487805
2021-04-07,15:00,sz000981,山子高科,2.07,2.09,2.05,2.07,123832,25630452.0,0.01,0.4854368932038834
2021-04-08,15:00,sz000981,山子高科,2.08,2.08,1.98,2.01,189755,38504264.0,-0.06,-2.898550724637681
2021-04-09,15:00,sz000981,山子高科,2.0,2.03,1.99,2.02,76931,15464202.0,0.01,0.4975124378109453
2021-04-12,15:00,sz000981,山子高科,2.02,2.03,1.98,1.99,127488,25492220.0,-0.03,-1.4851485148514851
2021-04-13,15:00,sz000981,山子高科,1.98,1.99,1.94,1.96,115690,22712094.0,-0.03,-1.507537688442211
2021-04-14,15:00,sz000981,山子高科,1.95,2.03,1.93,1.99,174012,34402724.0,0.03,1.530612244897959
2021-04-15,15:00,sz000981,山子高科,1.96,2.08,1.96,2.04,249325,50487772.0,0.05,2.512562814070352
2021-04-16,15:00,sz000981,山子高科,2.03,2.08,2.02,2.06,129113,26495644.0,0.02,0.9803921568627452
2021-04-19,15:00,sz000981,山子高科,2.05,2.06,2.0,2.0,137320,27804856.0,-0.06,-2.912621359223301
2021-04-20,15:00,sz000981,山子高科,1.98,2.03,1.96,1.97,134155,26675284.0,-0.03,-1.5
2021-04-21,15:00,sz000981,山子高科,1.97,2.0,1.96,1.98,83408,16544669.0,0.01,0.5076142131979695
2021-04-22,15:00,sz000981,山子高科,1.98,2.0,1.95,1.96,91808,18067188.0,-0.02,-1.0101010101010102
2021-04-23,15:00,sz000981,山子高科,1.95,1.98,1.95,1.98,69919,13742925.0,0.02,1.020408163265306
2021-04-26,15:00,sz000981,山子高科,1.98,1.98,1.9,1.91,182232,35434860.0,-0.07,-3.535353535353535
2021-04-27,15:00,sz000981,山子高科,1.88,1.88,1.81,1.81,239833,43780852.0,-0.1,-5.235602094240837
2021-04-28,15:00,sz000981,山子高科,1.78,1.84,1.78,1.81,112998,20476304.0,0.0,0.0
2021-04-29,15:00,sz000981,山子高科,1.81,1.83,1.75,1.75,134666,23992588.0,-0.06,-3.314917127071823
2021-04-30,15:00,sz000981,山子高科,1.78,1.83,1.76,1.81,88266,15920543.0,0.06,3.428571428571429
2021-05-06,15:00,sz000981,山子高科,1.81,1.84,1.8,1.83,81470,14853433.0,0.02,1.1049723756906076
2021-05-07,15:00,sz000981,山子高科,1.8,1.81,1.76,1.79,99449,17840838.0,-0.04,-2.185792349726776
2021-05-10,15:00,sz000981,山子高科,1.78,1.79,1.75,1.77,72595,12859814.0,-0.02,-1.11731843575419
2021-05-11,15:00,sz000981,山子高科,1.78,1.86,1.77,1.86,146062,26678364.0,0.09,5.084745762711865
2021-05-12,15:00,sz000981,山子高科,1.87,1.88,1.82,1.85,106743,19681308.0,-0.01,-0.5376344086021506
2021-05-13,15:00,sz000981,山子高科,1.83,1.85,1.81,1.82,91293,16700729.0,-0.03,-1.6216216216216215
2021-05-14,15:00,sz000981,山子高科,1.82,1.85,1.8,1.83,116961,21375116.0,0.01,0.5494505494505495
2021-05-17,15:00,sz000981,山子高科,1.8,1.8,1.74,1.75,147143,25833928.0,-0.08,-4.371584699453552
2021-05-18,15:00,sz000981,山子高科,1.75,1.78,1.75,1.76,60623,10705904.0,0.01,0.5714285714285714
2021-05-19,15:00,sz000981,山子高科,1.76,1.85,1.76,1.81,93101,16965010.0,0.05,2.840909090909091
2021-05-20,15:00,sz000981,山子高科,1.83,1.85,1.79,1.82,54693,9916661.0,0.01,0.5524861878453038
2021-05-21,15:00,sz000981,山子高科,1.81,1.81,1.79,1.8,52911,9507211.0,-0.02,-1.098901098901099
2021-05-24,15:00,sz000981,山子高科,1.79,1.87,1.79,1.84,80573,14699828.0,0.04,2.2222222222222223
2021-05-25,15:00,sz000981,山子高科,1.84,1.89,1.84,1.84,100005,18572860.0,0.0,0.0
2021-05-26,15:00,sz000981,山子高科,1.85,1.88,1.84,1.87,74219,13834885.0,0.03,1.6304347826086956
2021-05-27,15:00,sz000981,山子高科,1.87,1.89,1.86,1.86,62968,11762908.0,-0.01,-0.53475935828877
2021-05-28,15:00,sz000981,山子高科,1.87,1.87,1.81,1.83,94092,17302216.0,-0.03,-1.6129032258064515
2021-05-31,15:00,sz000981,山子高科,1.83,1.84,1.81,1.83,73936,13533508.0,0.0,0.0
2021-06-01,15:00,sz000981,山子高科,1.82,1.87,1.82,1.86,90271,16681237.0,0.03,1.639344262295082
2021-06-02,15:00,sz000981,山子高科,1.85,1.95,1.84,1.92,180041,34299268.0,0.06,3.225806451612903
2021-06-03,15:00,sz000981,山子高科,1.9,2.02,1.9,2.01,239652,47598992.0,0.09,4.6875
2021-06-04,15:00,sz000981,山子高科,2.0,2.1,1.98,2.06,217340,44582064.0,0.05,2.4875621890547266
2021-06-07,15:00,sz000981,山子高科,2.04,2.14,2.03,2.05,150187,31122924.0,-0.01,-0.4854368932038834
2021-06-08,15:00,sz000981,山子高科,2.04,2.12,2.04,2.11,128177,26493180.0,0.06,2.9268292682926838
2021-06-09,15:00,sz000981,山子高科,2.11,2.15,2.07,2.08,108264,22694348.0,-0.03,-1.4218009478672986
2021-06-10,15:00,sz000981,山子高科,2.08,2.08,2.0,2.02,135817,27675306.0,-0.06,-2.8846153846153846
2021-06-11,15:00,sz000981,山子高科,2.03,2.08,2.02,2.06,85317,17511524.0,0.04,1.98019801980198
2021-06-15,15:00,sz000981,山子高科,2.06,2.07,2.01,2.04,63212,12887260.0,-0.02,-0.9708737864077668
2021-06-16,15:00,sz000981,山子高科,2.05,2.05,1.97,1.97,105808,21247006.0,-0.07,-3.431372549019608
2021-06-17,15:00,sz000981,山子高科,1.96,2.07,1.95,2.07,136958,27831142.0,0.1,5.076142131979696
2021-06-18,15:00,sz000981,山子高科,2.15,2.16,2.07,2.08,231730,49105560.0,0.01,0.4830917874396135
2021-06-21,15:00,sz000981,山子高科,2.08,2.17,2.06,2.13,122347,26010660.0,0.05,2.403846153846154
2021-06-22,15:00,sz000981,山子高科,2.12,2.13,2.1,2.11,63200,13373138.0,-0.02,-0.9389671361502347
2021-06-23,15:00,sz000981,山子高科,2.05,2.07,2.0,2.04,250609,50893988.0,-0.07,-3.3175355450236967
2021-06-24,15:00,sz000981,山子高科,2.05,2.08,2.0,2.04,149266,30384482.0,0.0,0.0
2021-06-25,15:00,sz000981,山子高科,2.05,2.1,2.05,2.07,117521,24283576.0,0.03,1.4705882352941175
2021-06-28,15:00,sz000981,山子高科,2.07,2.07,2.01,2.03,102995,20912006.0,-0.04,-1.932367149758454
2021-06-29,15:00,sz000981,山子高科,2.02,2.06,2.01,2.04,96674,19720562.0,0.01,0.4926108374384236
2021-06-30,15:00,sz000981,山子高科,2.03,2.05,2.0,2.0,125093,25328036.0,-0.04,-1.96078431372549
2021-07-01,15:00,sz000981,山子高科,2.0,2.02,1.94,1.94,139667,27519948.0,-0.06,-3.0
2021-07-02,15:00,sz000981,山子高科,1.96,1.99,1.93,1.96,98119,19206486.0,0.02,1.0309278350515465
2021-07-05,15:00,sz000981,山子高科,1.96,2.02,1.94,2.01,118833,23518382.0,0.05,2.5510204081632653
2021-07-06,15:00,sz000981,山子高科,2.01,2.06,2.01,2.03,113635,23084898.0,0.02,0.9950248756218906
2021-07-07,15:00,sz000981,山子高科,2.01,2.05,2.0,2.04,92182,18730134.0,0.01,0.4926108374384236
2021-07-08,15:00,sz000981,山子高科,2.04,2.08,2.02,2.06,147783,30420978.0,0.02,0.9803921568627452
2021-07-09,15:00,sz000981,山子高科,2.06,2.11,2.05,2.11,144180,30115630.0,0.05,2.4271844660194173
2021-07-12,15:00,sz000981,山子高科,2.11,2.11,2.04,2.04,175781,36399100.0,-0.07,-3.3175355450236967
2021-07-13,15:00,sz000981,山子高科,2.03,2.06,2.02,2.03,101933,20750784.0,-0.01,-0.4901960784313725
2021-07-14,15:00,sz000981,山子高科,2.04,2.04,1.99,2.0,93272,18725440.0,-0.03,-1.477832512315271
2021-07-15,15:00,sz000981,山子高科,1.98,2.02,1.97,2.01,90028,17973120.0,0.01,0.5
2021-07-16,15:00,sz000981,山子高科,2.0,2.02,1.97,1.99,81186,16179153.0,-0.02,-0.9950248756218906
2021-07-19,15:00,sz000981,山子高科,2.05,2.09,2.05,2.07,242271,50269560.0,0.08,4.0201005025125625
2021-07-20,15:00,sz000981,山子高科,2.04,2.04,1.98,2.01,170653,34308076.0,-0.06,-2.898550724637681
2021-07-21,15:00,sz000981,山子高科,2.0,2.02,1.98,1.99,97937,19577500.0,-0.02,-0.9950248756218906
2021-07-22,15:00,sz000981,山子高科,1.99,2.02,1.98,2.0,100831,20157920.0,0.01,0.5025125628140703
2021-07-23,15:00,sz000981,山子高科,2.0,2.01,1.97,1.98,112556,22316752.0,-0.02,-1.0
2021-07-26,15:00,sz000981,山子高科,1.99,2.05,1.97,1.98,130058,25986362.0,0.0,0.0
2021-07-27,15:00,sz000981,山子高科,1.99,2.02,1.98,1.98,119617,23828160.0,0.0,0.0
2021-07-28,15:00,sz000981,山子高科,1.99,1.99,1.93,1.96,117601,22960514.0,-0.02,-1.0101010101010102
2021-07-29,15:00,sz000981,山子高科,1.97,1.97,1.95,1.96,69897,13719232.0,0.0,0.0
2021-07-30,15:00,sz000981,山子高科,1.97,1.97,1.94,1.95,71677,13964299.0,-0.01,-0.5102040816326531
2021-08-02,15:00,sz000981,山子高科,1.94,1.97,1.93,1.96,98205,19175742.0,0.01,0.5128205128205128
2021-08-03,15:00,sz000981,山子高科,1.95,1.96,1.93,1.94,85198,16538699.0,-0.02,-1.020408163265306
2021-08-04,15:00,sz000981,山子高科,1.93,1.94,1.87,1.91,135941,26005556.0,-0.03,-1.5463917525773196
2021-08-05,15:00,sz000981,山子高科,1.9,1.91,1.87,1.89,90167,17072504.0,-0.02,-1.0471204188481675
2021-08-06,15:00,sz000981,山子高科,1.89,1.94,1.88,1.91,79662,15219049.0,0.02,1.058201058201058
2021-08-09,15:00,sz000981,山子高科,1.91,1.92,1.89,1.92,67136,12822569.0,0.01,0.5235602094240838
2021-08-10,15:00,sz000981,山子高科,1.91,1.97,1.9,1.96,100603,19506240.0,0.04,2.083333333333333
2021-08-11,15:00,sz000981,山子高科,1.96,2.03,1.95,2.0,111064,22211200.0,0.04,2.0408163265306123
2021-08-12,15:00,sz000981,山子高科,1.99,2.0,1.97,1.98,93022,18441276.0,-0.02,-1.0
2021-08-13,15:00,sz000981,山子高科,1.98,2.0,1.97,1.99,79761,15826995.0,0.01,0.5050505050505051
2021-08-16,15:00,sz000981,山子高科,1.99,2.03,1.98,2.01,89417,17954098.0,0.02,1.0050251256281406
2021-08-17,15:00,sz000981,山子高科,2.0,2.02,1.98,1.99,118198,23609290.0,-0.02,-0.9950248756218906
2021-08-18,15:00,sz000981,山子高科,1.98,2.09,1.98,2.09,277732,57136740.0,0.1,5.025125628140704
2021-08-19,15:00,sz000981,山子高科,2.11,2.15,2.07,2.11,235289,49567940.0,0.02,0.9569377990430622
2021-08-20,15:00,sz000981,山子高科,2.12,2.22,2.11,2.22,338371,74236368.0,0.11,5.213270142180095
2021-08-23,15:00,sz000981,山子高科,2.3,2.33,2.24,2.33,138413,31904692.0,0.11,4.954954954954955
2021-08-24,15:00,sz000981,山子高科,2.45,2.45,2.45,2.45,25096,6148520.0,0.12,5.150214592274678
2021-08-25,15:00,sz000981,山子高科,2.55,2.55,2.36,2.44,650177,159573344.0,-0.01,-0.4081632653061224
2021-08-26,15:00,sz000981,山子高科,2.48,2.56,2.48,2.56,281261,71775648.0,0.12,4.918032786885246
2021-08-27,15:00,sz000981,山子高科,2.62,2.68,2.5,2.57,555026,143793152.0,0.01,0.390625
2021-08-30,15:00,sz000981,山子高科,2.52,2.55,2.44,2.44,369998,91578392.0,-0.13,-5.058365758754864
2021-08-31,15:00,sz000981,山子高科,2.4,2.56,2.4,2.56,287028,71132672.0,0.12,4.918032786885246
2021-09-01,15:00,sz000981,山子高科,2.6,2.66,2.51,2.53,277540,71524840.0,-0.03,-1.171875
2021-09-02,15:00,sz000981,山子高科,2.61,2.66,2.56,2.66,400244,105405656.0,0.13,5.138339920948617
2021-09-03,15:00,sz000981,山子高科,2.66,2.75,2.6,2.64,320092,85331264.0,-0.02,-0.7518796992481203
2021-09-06,15:00,sz000981,山子高科,2.62,2.66,2.51,2.56,230647,59209352.0,-0.08,-3.0303030303030303
2021-09-07,15:00,sz000981,山子高科,2.54,2.69,2.54,2.64,188667,49704680.0,0.08,3.125
2021-09-08,15:00,sz000981,山子高科,2.65,2.75,2.63,2.67,156556,41925544.0,0.03,1.1363636363636365
2021-09-09,15:00,sz000981,山子高科,2.7,2.72,2.59,2.61,232235,61416020.0,-0.06,-2.247191011235955
2021-09-10,15:00,sz000981,山子高科,2.6,2.68,2.57,2.64,147082,38695316.0,0.03,1.1494252873563218
2021-09-13,15:00,sz000981,山子高科,2.67,2.77,2.65,2.77,184911,50180216.0,0.13,4.924242424242424
2021-09-14,15:00,sz000981,山子高科,2.84,2.91,2.8,2.9,480181,138196736.0,0.13,4.693140794223827
2021-09-15,15:00,sz000981,山子高科,2.85,3.02,2.76,2.96,398954,114413880.0,0.06,2.0689655172413794
2021-09-16,15:00,sz000981,山子高科,2.9,2.97,2.86,2.87,202145,58566272.0,-0.09,-3.040540540540541
2021-09-17,15:00,sz000981,山子高科,2.87,2.93,2.78,2.81,219376,62640504.0,-0.06,-2.0905923344947737
2021-09-22,15:00,sz000981,山子高科,2.79,2.94,2.75,2.85,172054,49148820.0,0.04,1.4234875444839856
2021-09-23,15:00,sz000981,山子高科,2.84,2.89,2.81,2.81,153292,43337856.0,-0.04,-1.4035087719298245
2021-09-24,15:00,sz000981,山子高科,2.81,2.86,2.67,2.78,300439,82439104.0,-0.03,-1.0676156583629894
2021-09-27,15:00,sz000981,山子高科,2.78,2.82,2.64,2.64,299923,80818624.0,-0.14,-5.035971223021583
2021-09-28,15:00,sz000981,山子高科,2.6,2.74,2.51,2.74,415559,108145032.0,0.1,3.787878787878788
2021-09-29,15:00,sz000981,山子高科,2.73,2.88,2.72,2.88,275496,78043736.0,0.14,5.109489051094891
2021-09-30,15:00,sz000981,山子高科,3.02,3.02,2.83,2.88,564773,166023584.0,0.0,0.0
2021-10-08,15:00,sz000981,山子高科,2.76,2.86,2.74,2.75,405404,112628272.0,-0.13,-4.513888888888888
2021-10-11,15:00,sz000981,山子高科,2.74,2.74,2.64,2.7,341675,91993888.0,-0.05,-1.818181818181818
2021-10-12,15:00,sz000981,山子高科,2.7,2.84,2.69,2.79,298534,83288608.0,0.09,3.333333333333333
2021-10-13,15:00,sz000981,山子高科,2.73,2.76,2.65,2.67,270115,72996840.0,-0.12,-4.301075268817205
2021-10-14,15:00,sz000981,山子高科,2.7,2.77,2.65,2.73,189643,51563876.0,0.06,2.247191011235955
2021-10-15,15:00,sz000981,山子高科,2.71,2.79,2.68,2.76,171267,47117848.0,0.03,1.098901098901099
2021-10-18,15:00,sz000981,山子高科,2.76,2.84,2.74,2.8,185023,51523872.0,0.04,1.4492753623188406
2021-10-19,15:00,sz000981,山子高科,2.81,2.85,2.8,2.82,137068,38731348.0,0.02,0.7142857142857143
2021-10-20,15:00,sz000981,山子高科,2.78,2.81,2.69,2.73,256530,70582200.0,-0.09,-3.191489361702128
2021-10-21,15:00,sz000981,山子高科,2.7,2.72,2.66,2.69,126975,34190712.0,-0.04,-1.465201465201465
2021-10-22,15:00,sz000981,山子高科,2.69,2.71,2.62,2.63,146103,38667640.0,-0.06,-2.2304832713754648
2021-10-25,15:00,sz000981,山子高科,2.66,2.71,2.63,2.66,169993,45462328.0,0.03,1.1406844106463878
2021-10-26,15:00,sz000981,山子高科,2.65,2.67,2.61,2.65,107087,28265864.0,-0.01,-0.3759398496240601
2021-10-27,15:00,sz000981,山子高科,2.67,2.76,2.67,2.72,153785,41811044.0,0.07,2.6415094339622645
2021-10-28,15:00,sz000981,山子高科,2.7,2.74,2.66,2.69,97607,26280872.0,-0.03,-1.1029411764705883
2021-10-29,15:00,sz000981,山子高科,2.69,2.72,2.68,2.72,85937,23211460.0,0.03,1.1152416356877324
2021-11-01,15:00,sz000981,山子高科,2.74,2.86,2.73,2.84,269794,75725496.0,0.12,4.411764705882353
2021-11-02,15:00,sz000981,山子高科,2.81,2.92,2.8,2.84,212890,60612356.0,0.0,0.0
2021-11-03,15:00,sz000981,山子高科,2.84,2.95,2.81,2.9,209273,60360088.0,0.06,2.112676056338028
2021-11-04,15:00,sz000981,山子高科,2.9,2.91,2.76,2.76,281091,79379552.0,-0.14,-4.827586206896552
2021-11-05,15:00,sz000981,山子高科,2.77,2.84,2.66,2.83,248040,68550424.0,0.07,2.536231884057971
2021-11-08,15:00,sz000981,山子高科,2.82,2.88,2.8,2.86,198104,56323500.0,0.03,1.060070671378092
2021-11-09,15:00,sz000981,山子高科,2.89,2.93,2.83,2.84,232331,66615428.0,-0.02,-0.6993006993006993
2021-11-10,15:00,sz000981,山子高科,2.84,2.88,2.8,2.83,179493,51029920.0,-0.01,-0.352112676056338
2021-11-11,15:00,sz000981,山子高科,2.85,2.92,2.7,2.91,415331,117557528.0,0.08,2.826855123674912
2021-11-12,15:00,sz000981,山子高科,3.06,3.06,3.06,3.06,88049,26943184.0,0.15,5.154639175257731
2021-11-15,15:00,sz000981,山子高科,3.21,3.21,3.21,3.21,13038,4185198.0,0.15,4.901960784313726
2021-11-16,15:00,sz000981,山子高科,3.37,3.37,3.05,3.06,1076434,339742816.0,-0.15,-4.672897196261682
2021-11-17,15:00,sz000981,山子高科,3.09,3.19,3.06,3.12,460280,143403264.0,0.06,1.96078431372549
2021-11-18,15:00,sz000981,山子高科,3.11,3.18,3.04,3.15,316438,98811312.0,0.03,0.9615384615384616
2021-11-19,15:00,sz000981,山子高科,3.16,3.31,3.13,3.31,283802,91744296.0,0.16,5.079365079365079
2021-11-22,15:00,sz000981,山子高科,3.3,3.3,3.16,3.28,404324,130696040.0,-0.03,-0.906344410876133
2021-11-23,15:00,sz000981,山子高科,3.26,3.44,3.23,3.36,296011,99029120.0,0.08,2.4390243902439024
2021-11-24,15:00,sz000981,山子高科,3.42,3.53,3.39,3.51,487246,170326608.0,0.15,4.464285714285714
2021-11-25,15:00,sz000981,山子高科,3.45,3.66,3.42,3.6,413915,146683920.0,0.09,2.564102564102564
2021-11-26,15:00,sz000981,山子高科,3.68,3.78,3.62,3.78,586847,219030160.0,0.18,5.0
2021-11-29,15:00,sz000981,山子高科,3.7,3.83,3.64,3.71,358907,133706560.0,-0.07,-1.851851851851852
2021-11-30,15:00,sz000981,山子高科,3.65,3.82,3.55,3.77,395198,144860928.0,0.06,1.6172506738544474
2021-12-01,15:00,sz000981,山子高科,3.75,3.83,3.73,3.76,216237,81636944.0,-0.01,-0.2652519893899204
2021-12-02,15:00,sz000981,山子高科,3.76,3.94,3.7,3.91,295304,114085640.0,0.15,3.98936170212766
2021-12-03,15:00,sz000981,山子高科,3.89,4.04,3.89,3.9,324501,128015896.0,-0.01,-0.2557544757033248
2021-12-06,15:00,sz000981,山子高科,3.9,3.93,3.78,3.79,247228,95071832.0,-0.11,-2.8205128205128207
2021-12-07,15:00,sz000981,山子高科,3.76,3.8,3.62,3.62,300971,111027128.0,-0.17,-4.485488126649076
2021-12-08,15:00,sz000981,山子高科,3.66,3.8,3.65,3.8,275234,102965256.0,0.18,4.972375690607735
2021-12-09,15:00,sz000981,山子高科,3.8,3.94,3.78,3.79,248331,95548664.0,-0.01,-0.2631578947368421
2021-12-10,15:00,sz000981,山子高科,3.76,3.89,3.72,3.86,167847,64079968.0,0.07,1.8469656992084436
2021-12-13,15:00,sz000981,山子高科,3.82,3.98,3.81,3.91,241718,94168656.0,0.05,1.2953367875647668
2021-12-14,15:00,sz000981,山子高科,3.94,3.95,3.75,3.76,256999,98379792.0,-0.15,-3.836317135549872
2021-12-15,15:00,sz000981,山子高科,3.76,3.82,3.69,3.73,160534,60179232.0,-0.03,-0.7978723404255319
2021-12-16,15:00,sz000981,山子高科,3.73,3.75,3.59,3.64,208759,76381104.0,-0.09,-2.412868632707774
2021-12-17,15:00,sz000981,山子高科,3.64,3.75,3.58,3.7,155735,57451360.0,0.06,1.6483516483516485
2021-12-20,15:00,sz000981,山子高科,3.69,3.75,3.66,3.69,95715,35419256.0,-0.01,-0.2702702702702703
2021-12-21,15:00,sz000981,山子高科,3.71,3.84,3.7,3.83,155108,58694988.0,0.14,3.794037940379404
2021-12-22,15:00,sz000981,山子高科,3.83,3.89,3.81,3.83,132755,51086304.0,0.0,0.0
2021-12-23,15:00,sz000981,山子高科,3.82,3.9,3.78,3.86,181060,69646216.0,0.03,0.7832898172323759
2021-12-24,15:00,sz000981,山子高科,3.87,3.95,3.75,3.76,249120,94964984.0,-0.1,-2.5906735751295336
2021-12-27,15:00,sz000981,山子高科,3.71,3.73,3.57,3.57,234512,84585632.0,-0.19,-5.053191489361701
2021-12-28,15:00,sz000981,山子高科,3.5,3.58,3.39,3.39,298988,103013976.0,-0.18,-5.042016806722689
2021-12-29,15:00,sz000981,山子高科,3.39,3.5,3.25,3.45,175151,59486868.0,0.06,1.7699115044247788
2021-12-30,15:00,sz000981,山子高科,3.43,3.48,3.4,3.41,104856,36025644.0,-0.04,-1.1594202898550725
2021-12-31,15:00,sz000981,山子高科,3.4,3.42,3.34,3.36,93388,31477414.0,-0.05,-1.466275659824047
