日期,时间,代码,名称,开盘,最高,最低,收盘,总手,金额,涨幅,涨幅比
2015-01-05,15:00,sz002058,*ST威尔,11.64,12.5,11.64,12.15,29618,35954400.0,0.51,4.381443298969072
2015-01-06,15:00,sz002058,*ST威尔,12.18,12.29,12.01,12.27,13490,16404055.0,0.12,0.9876543209876544
2015-01-07,15:00,sz002058,*ST威尔,12.28,12.57,12.19,12.43,20576,25402704.0,0.16,1.3039934800325998
2015-01-08,15:00,sz002058,*ST威尔,12.39,12.45,12.25,12.36,12236,15086408.0,-0.07,-0.5631536604987932
2015-01-09,15:00,sz002058,*ST威尔,12.26,12.65,12.26,12.36,19640,24529590.0,0.0,0.0
2015-01-12,15:00,sz002058,*ST威尔,12.25,12.39,11.71,12.0,21589,25920260.0,-0.36,-2.912621359223301
2015-01-13,15:00,sz002058,*ST威尔,11.98,12.28,11.98,12.28,11886,14515872.0,0.28,2.333333333333333
2015-01-14,15:00,sz002058,*ST威尔,12.22,12.63,12.2,12.3,16837,20934298.0,0.02,0.1628664495114006
2015-01-15,15:00,sz002058,*ST威尔,12.3,12.7,12.3,12.52,13222,16586420.0,0.22,1.788617886178862
2015-01-16,15:00,sz002058,*ST威尔,12.6,12.8,12.49,12.7,18609,23568620.0,0.18,1.437699680511182
2015-01-19,15:00,sz002058,*ST威尔,12.57,12.79,12.02,12.42,22409,27892884.0,-0.28,-2.204724409448819
2015-01-20,15:00,sz002058,*ST威尔,12.42,12.75,12.42,12.7,20668,26024092.0,0.28,2.254428341384863
2015-01-21,15:00,sz002058,*ST威尔,12.7,12.98,12.7,12.91,21406,27560402.0,0.21,1.653543307086614
2015-01-22,15:00,sz002058,*ST威尔,12.92,12.99,12.85,12.93,20324,26245282.0,0.02,0.1549186676994578
2015-01-23,15:00,sz002058,*ST威尔,12.97,13.13,12.78,13.11,26832,34772956.0,0.18,1.3921113689095126
2015-01-26,15:00,sz002058,*ST威尔,13.07,13.43,13.05,13.42,36779,48851100.0,0.31,2.364607170099161
2015-01-27,15:00,sz002058,*ST威尔,13.41,13.42,12.99,13.25,28595,37737196.0,-0.17,-1.2667660208643814
2015-01-28,15:00,sz002058,*ST威尔,13.25,13.26,12.95,12.97,24758,32321266.0,-0.28,-2.1132075471698117
2015-01-29,15:00,sz002058,*ST威尔,12.97,13.25,12.59,13.16,27681,36188048.0,0.19,1.4649190439475714
2015-01-30,15:00,sz002058,*ST威尔,13.17,13.35,12.97,13.07,20596,26990678.0,-0.09,-0.6838905775075987
2015-02-02,15:00,sz002058,*ST威尔,12.8,13.0,12.69,12.87,17898,22999992.0,-0.2,-1.5302218821729152
2015-02-03,15:00,sz002058,*ST威尔,13.0,13.0,12.7,12.9,15281,19617422.0,0.03,0.2331002331002331
2015-02-04,15:00,sz002058,*ST威尔,12.79,12.92,12.67,12.7,23190,29586892.0,-0.2,-1.550387596899225
2015-02-05,15:00,sz002058,*ST威尔,12.76,12.8,12.6,12.67,15893,20155862.0,-0.03,-0.2362204724409448
2015-02-06,15:00,sz002058,*ST威尔,12.6,12.77,12.49,12.6,15573,19708256.0,-0.07,-0.5524861878453038
2015-02-09,15:00,sz002058,*ST威尔,12.58,12.68,12.51,12.57,7803,9816521.0,-0.03,-0.2380952380952381
2015-02-10,15:00,sz002058,*ST威尔,12.68,12.68,12.5,12.59,9033,11348542.0,0.02,0.1591089896579156
2015-02-11,15:00,sz002058,*ST威尔,12.64,12.7,12.59,12.65,11229,14205823.0,0.06,0.4765687053216839
2015-02-12,15:00,sz002058,*ST威尔,12.74,12.9,12.63,12.79,12717,16296825.0,0.14,1.1067193675889329
2015-02-13,15:00,sz002058,*ST威尔,12.86,12.99,12.7,12.93,16797,21676158.0,0.14,1.09460516028147
2015-02-16,15:00,sz002058,*ST威尔,12.98,13.11,12.82,13.11,20030,26067354.0,0.18,1.3921113689095126
2015-02-17,15:00,sz002058,*ST威尔,13.1,13.23,13.0,13.16,13069,17124128.0,0.05,0.3813882532418001
2015-02-25,15:00,sz002058,*ST威尔,13.16,13.19,12.0,12.97,17728,22979386.0,-0.19,-1.4437689969604863
2015-02-26,15:00,sz002058,*ST威尔,12.9,13.07,12.86,12.96,17584,22731958.0,-0.01,-0.07710100231303
2015-02-27,15:00,sz002058,*ST威尔,12.96,13.07,12.9,12.99,20982,27182104.0,0.03,0.2314814814814814
2015-03-02,15:00,sz002058,*ST威尔,12.99,13.25,12.88,13.2,37991,49655012.0,0.21,1.6166281755196306
2015-03-03,15:00,sz002058,*ST威尔,13.19,13.39,13.01,13.3,46363,61262252.0,0.1,0.7575757575757576
2015-03-04,15:00,sz002058,*ST威尔,13.31,13.96,13.16,13.76,64321,87833944.0,0.46,3.4586466165413534
2015-03-05,15:00,sz002058,*ST威尔,13.66,13.94,13.56,13.89,37653,51708628.0,0.13,0.944767441860465
2015-03-06,15:00,sz002058,*ST威尔,13.9,13.99,13.52,13.73,34716,47820256.0,-0.16,-1.1519078473722102
2015-03-09,15:00,sz002058,*ST威尔,13.79,13.82,13.44,13.77,26232,35802356.0,0.04,0.291332847778587
2015-03-10,15:00,sz002058,*ST威尔,13.78,14.36,13.61,14.15,57048,80098720.0,0.38,2.7596223674655045
2015-03-11,15:00,sz002058,*ST威尔,14.15,14.58,13.95,14.5,45829,65514344.0,0.35,2.4734982332155475
2015-03-12,15:00,sz002058,*ST威尔,14.4,14.75,14.0,14.06,42036,60282032.0,-0.44,-3.034482758620689
2015-03-13,15:00,sz002058,*ST威尔,14.08,14.29,13.95,14.08,28222,39748328.0,0.02,0.1422475106685633
2015-03-16,15:00,sz002058,*ST威尔,14.15,14.6,14.09,14.39,37322,53631840.0,0.31,2.2017045454545454
2015-03-17,15:00,sz002058,*ST威尔,14.53,14.94,14.42,14.84,52084,76522592.0,0.45,3.127171646977067
2015-03-18,15:00,sz002058,*ST威尔,14.7,15.09,14.65,14.84,42167,62289132.0,0.0,0.0
2015-03-19,15:00,sz002058,*ST威尔,14.97,15.38,14.66,15.38,55294,82958448.0,0.54,3.638814016172507
2015-03-20,15:00,sz002058,*ST威尔,15.38,15.49,15.25,15.44,36555,56264424.0,0.06,0.3901170351105332
2015-03-23,15:00,sz002058,*ST威尔,15.4,16.1,15.4,15.73,50731,79946552.0,0.29,1.878238341968912
2015-03-24,15:00,sz002058,*ST威尔,15.75,15.8,14.85,15.44,51475,78901552.0,-0.29,-1.8436109345200251
2015-03-25,15:00,sz002058,*ST威尔,15.36,15.6,15.15,15.41,36555,56105732.0,-0.03,-0.194300518134715
2015-03-26,15:00,sz002058,*ST威尔,15.08,15.58,15.08,15.5,39373,60195244.0,0.09,0.5840363400389358
2015-03-27,15:00,sz002058,*ST威尔,15.45,17.05,15.36,16.95,90933,149315472.0,1.45,9.35483870967742
2015-03-30,15:00,sz002058,*ST威尔,16.97,16.97,16.41,16.48,53999,89556728.0,-0.47,-2.7728613569321534
2015-03-31,15:00,sz002058,*ST威尔,16.48,16.5,16.01,16.2,42238,68483040.0,-0.28,-1.699029126213592
2015-04-01,15:00,sz002058,*ST威尔,16.26,16.7,16.12,16.65,47301,77811344.0,0.45,2.7777777777777777
2015-04-02,15:00,sz002058,*ST威尔,16.66,17.08,16.52,16.86,47509,79600096.0,0.21,1.2612612612612613
2015-04-03,15:00,sz002058,*ST威尔,16.66,17.21,16.61,17.05,58599,99541064.0,0.19,1.126927639383155
2015-04-07,15:00,sz002058,*ST威尔,16.95,17.41,16.79,16.96,60734,103359136.0,-0.09,-0.5278592375366569
2015-04-08,15:00,sz002058,*ST威尔,17.0,18.29,16.8,18.01,99310,172546864.0,1.05,6.191037735849057
2015-04-09,15:00,sz002058,*ST威尔,17.8,17.95,16.5,17.3,59045,102333712.0,-0.71,-3.942254303164909
2015-04-10,15:00,sz002058,*ST威尔,17.22,17.62,16.9,17.44,43213,74990592.0,0.14,0.8092485549132947
2015-04-13,15:00,sz002058,*ST威尔,17.53,17.93,17.23,17.75,45473,80006064.0,0.31,1.7775229357798166
2015-04-14,15:00,sz002058,*ST威尔,17.75,17.78,17.22,17.38,39944,69760272.0,-0.37,-2.084507042253521
2015-04-15,15:00,sz002058,*ST威尔,17.22,17.32,16.5,16.71,60662,102148112.0,-0.67,-3.855005753739931
2015-04-16,15:00,sz002058,*ST威尔,16.4,17.2,16.04,16.83,40906,68818360.0,0.12,0.718132854578097
2015-04-17,15:00,sz002058,*ST威尔,16.95,17.09,16.6,16.75,46182,77649072.0,-0.08,-0.4753416518122401
2015-04-20,15:00,sz002058,*ST威尔,16.76,16.85,15.81,15.94,61167,99302440.0,-0.81,-4.835820895522388
2015-04-21,15:00,sz002058,*ST威尔,15.88,16.42,15.81,16.39,35899,58267920.0,0.45,2.823086574654956
2015-04-22,15:00,sz002058,*ST威尔,16.44,17.14,16.4,16.9,56875,95761552.0,0.51,3.111653447223917
2015-04-23,15:00,sz002058,*ST威尔,16.95,17.68,16.95,17.2,68979,119676080.0,0.3,1.7751479289940828
2015-04-24,15:00,sz002058,*ST威尔,17.02,17.2,16.51,17.02,52594,88653600.0,-0.18,-1.0465116279069768
2015-04-27,15:00,sz002058,*ST威尔,17.02,17.29,16.75,16.83,58290,99101368.0,-0.19,-1.1163337250293772
2015-04-28,15:00,sz002058,*ST威尔,16.86,16.95,15.93,16.23,53490,87567144.0,-0.6,-3.5650623885918007
2015-04-29,15:00,sz002058,*ST威尔,16.24,16.77,16.1,16.68,41622,68980960.0,0.45,2.7726432532347505
2015-04-30,15:00,sz002058,*ST威尔,16.73,17.25,16.66,16.92,51463,87101760.0,0.24,1.4388489208633095
2015-05-04,15:00,sz002058,*ST威尔,17.05,17.33,16.9,17.26,49883,85641968.0,0.34,2.0094562647754137
2015-05-05,15:00,sz002058,*ST威尔,17.31,17.34,16.65,16.84,51728,87561480.0,-0.42,-2.4333719582850524
2015-05-06,15:00,sz002058,*ST威尔,16.84,16.98,16.25,16.53,40103,67222984.0,-0.31,-1.840855106888361
2015-05-07,15:00,sz002058,*ST威尔,16.43,16.43,15.7,15.75,32098,51359784.0,-0.78,-4.71869328493648
2015-05-08,15:00,sz002058,*ST威尔,15.81,16.55,15.81,16.5,31988,51711608.0,0.75,4.761904761904762
2015-05-11,15:00,sz002058,*ST威尔,16.5,17.15,16.5,17.05,46559,78800064.0,0.55,3.333333333333333
2015-05-12,15:00,sz002058,*ST威尔,17.13,18.76,17.03,18.76,126504,230079280.0,1.71,10.02932551319648
2015-05-13,15:00,sz002058,*ST威尔,18.98,19.99,18.75,19.55,158029,307922496.0,0.79,4.211087420042644
2015-05-14,15:00,sz002058,*ST威尔,19.6,20.6,18.85,20.29,111315,217239616.0,0.74,3.785166240409208
2015-05-15,15:00,sz002058,*ST威尔,19.9,20.15,19.22,19.46,66660,130768736.0,-0.83,-4.090685066535239
2015-05-18,15:00,sz002058,*ST威尔,19.13,20.48,19.1,19.9,60814,120112848.0,0.44,2.261048304213772
2015-05-19,15:00,sz002058,*ST威尔,19.9,20.55,19.6,20.3,57574,116364632.0,0.4,2.010050251256281
2015-05-20,15:00,sz002058,*ST威尔,20.45,22.26,20.4,20.7,66510,142396880.0,0.4,1.9704433497536944
2015-05-21,15:00,sz002058,*ST威尔,20.71,21.96,20.46,21.75,60222,127716504.0,1.05,5.072463768115942
2015-05-22,15:00,sz002058,*ST威尔,22.3,22.55,20.8,21.6,76230,164708800.0,-0.15,-0.6896551724137931
2015-05-25,15:00,sz002058,*ST威尔,21.5,23.34,21.1,22.98,108201,239308368.0,1.38,6.388888888888888
2015-05-26,15:00,sz002058,*ST威尔,22.98,24.97,22.89,24.43,99675,238324928.0,1.45,6.309834638816363
2015-05-27,15:00,sz002058,*ST威尔,24.48,24.68,23.34,24.09,74191,178522592.0,-0.34,-1.391731477691363
2015-05-28,15:00,sz002058,*ST威尔,23.77,25.85,22.1,22.55,98518,237599760.0,-1.54,-6.392694063926941
2015-05-29,15:00,sz002058,*ST威尔,22.4,23.58,20.6,22.71,75013,170436528.0,0.16,0.7095343680709534
2015-06-01,15:00,sz002058,*ST威尔,23.2,24.7,22.8,24.17,67974,163517040.0,1.46,6.428885953324527
2015-06-02,15:00,sz002058,*ST威尔,25.0,26.59,24.45,26.59,89162,232007488.0,2.42,10.012412081092265
2015-06-03,15:00,sz002058,*ST威尔,27.38,28.2,25.71,27.41,107265,292652832.0,0.82,3.0838661150808573
2015-06-04,15:00,sz002058,*ST威尔,27.39,28.15,24.67,27.3,83962,220071152.0,-0.11,-0.4013133892739876
2015-06-05,15:00,sz002058,*ST威尔,27.22,29.5,27.22,29.27,112479,319303616.0,1.97,7.216117216117215
2015-06-08,15:00,sz002058,*ST威尔,29.0,29.29,26.78,27.57,102927,285652480.0,-1.7,-5.807994533652203
2015-06-09,15:00,sz002058,*ST威尔,27.51,28.88,25.98,28.6,80766,222758576.0,1.03,3.735944867609721
2015-06-10,15:00,sz002058,*ST威尔,28.23,29.76,27.0,28.98,98028,281593632.0,0.38,1.3286713286713288
2015-06-11,15:00,sz002058,*ST威尔,28.8,31.88,28.35,31.42,117529,355380864.0,2.44,8.41959972394755
2015-06-12,15:00,sz002058,*ST威尔,31.05,34.12,31.05,33.2,104443,340774720.0,1.78,5.665181413112667
2015-06-15,15:00,sz002058,*ST威尔,32.77,35.7,32.75,35.2,110924,386128608.0,2.0,6.024096385542169
2015-06-16,15:00,sz002058,*ST威尔,35.24,38.0,31.68,31.84,147475,501329728.0,-3.36,-9.545454545454549
2015-06-17,15:00,sz002058,*ST威尔,31.65,32.69,28.76,32.29,134192,407207616.0,0.45,1.4133165829145728
2015-06-18,15:00,sz002058,*ST威尔,31.31,34.16,31.2,32.07,71599,232852848.0,-0.22,-0.6813254877671105
2015-06-19,15:00,sz002058,*ST威尔,31.3,32.18,28.9,28.97,56329,172868144.0,-3.1,-9.666354848768318
2015-06-23,15:00,sz002058,*ST威尔,28.66,29.13,26.07,27.57,75718,204902496.0,-1.4,-4.832585433206766
2015-06-24,15:00,sz002058,*ST威尔,27.8,28.58,27.15,28.02,64844,180564000.0,0.45,1.632208922742111
2015-06-25,15:00,sz002058,*ST威尔,28.1,28.6,25.22,25.22,60665,164349728.0,-2.8,-9.992862241256246
2015-06-26,15:00,sz002058,*ST威尔,23.87,23.87,22.7,22.7,76906,176313040.0,-2.52,-9.99206978588422
2015-06-29,15:00,sz002058,*ST威尔,23.8,23.8,20.43,20.43,85140,179528912.0,-2.27,-10.0
2015-06-30,15:00,sz002058,*ST威尔,19.9,21.48,18.39,21.03,89035,175020528.0,0.6,2.936857562408223
2015-07-01,15:00,sz002058,*ST威尔,21.0,22.0,18.94,19.19,86045,180927168.0,-1.84,-8.74940561103186
2015-07-02,15:00,sz002058,*ST威尔,18.59,18.98,17.27,17.27,72465,128666592.0,-1.92,-10.00521104742053
2015-07-03,15:00,sz002058,*ST威尔,16.3,17.0,15.54,15.54,77726,122983864.0,-1.73,-10.01737116386798
2015-07-06,15:00,sz002058,*ST威尔,17.0,17.0,13.99,13.99,95680,143380784.0,-1.55,-9.974259974259974
2015-07-07,15:00,sz002058,*ST威尔,12.6,12.89,12.59,12.59,83325,105033048.0,-1.4,-10.007147962830592
2015-07-08,15:00,sz002058,*ST威尔,11.33,11.79,11.33,11.33,199900,227279968.0,-1.26,-10.00794281175536
2015-07-09,15:00,sz002058,*ST威尔,11.34,12.46,11.34,12.46,92713,113081104.0,1.13,9.97352162400706
2015-07-10,15:00,sz002058,*ST威尔,13.66,13.71,13.2,13.71,21768,29721874.0,1.25,10.032102728731942
2015-07-13,15:00,sz002058,*ST威尔,15.08,15.08,15.08,15.08,11786,17773304.0,1.37,9.9927060539752
2015-07-14,15:00,sz002058,*ST威尔,16.59,16.59,16.59,16.59,17422,28904442.0,1.51,10.013262599469495
2015-07-15,15:00,sz002058,*ST威尔,17.48,17.48,15.15,15.21,181506,295194848.0,-1.38,-8.318264014466546
2015-07-16,15:00,sz002058,*ST威尔,14.66,16.73,14.15,16.54,128501,207620944.0,1.33,8.744247205785667
2015-07-17,15:00,sz002058,*ST威尔,16.49,18.08,16.43,17.87,110458,194277632.0,1.33,8.04111245465538
2015-07-20,15:00,sz002058,*ST威尔,18.08,19.02,17.44,18.85,101577,186116560.0,0.98,5.484051482932289
2015-07-21,15:00,sz002058,*ST威尔,18.4,19.6,17.99,18.8,72593,136861376.0,-0.05,-0.2652519893899204
2015-07-22,15:00,sz002058,*ST威尔,18.56,19.24,18.0,19.15,68614,128302688.0,0.35,1.8617021276595744
2015-07-23,15:00,sz002058,*ST威尔,19.15,19.98,18.81,19.78,68927,133735992.0,0.63,3.289817232375979
2015-07-24,15:00,sz002058,*ST威尔,19.75,20.3,18.81,19.19,83231,164498912.0,-0.59,-2.982810920121335
2015-07-27,15:00,sz002058,*ST威尔,18.54,19.69,17.27,17.27,87333,162488960.0,-1.92,-10.00521104742053
2015-07-28,15:00,sz002058,*ST威尔,15.75,17.77,15.55,17.06,81787,136785200.0,-0.21,-1.2159814707585408
2015-07-29,15:00,sz002058,*ST威尔,17.64,18.2,16.31,18.18,67556,115594208.0,1.12,6.565064478311841
2015-07-30,15:00,sz002058,*ST威尔,17.99,18.14,17.13,17.13,49504,88148864.0,-1.05,-5.775577557755775
2015-07-31,15:00,sz002058,*ST威尔,16.5,17.6,16.5,16.88,35173,59702488.0,-0.25,-1.4594279042615297
2015-08-03,15:00,sz002058,*ST威尔,16.71,16.71,15.19,15.19,56061,88204528.0,-1.69,-10.011848341232229
2015-08-04,15:00,sz002058,*ST威尔,15.31,16.71,15.03,16.71,66306,105484000.0,1.52,10.00658327847268
2015-08-05,15:00,sz002058,*ST威尔,16.8,17.62,16.71,17.15,71668,123125600.0,0.44,2.633153800119689
2015-08-06,15:00,sz002058,*ST威尔,16.8,18.87,16.6,18.87,86746,157313440.0,1.72,10.029154518950437
2015-08-07,15:00,sz002058,*ST威尔,19.54,19.8,18.81,19.25,68670,132639640.0,0.38,2.01377848436672
2015-08-10,15:00,sz002058,*ST威尔,19.98,20.28,19.13,20.04,69374,137545568.0,0.79,4.103896103896104
2015-08-11,15:00,sz002058,*ST威尔,19.83,20.88,19.6,20.29,68293,137413920.0,0.25,1.2475049900199602
2015-08-12,15:00,sz002058,*ST威尔,19.85,21.54,19.8,21.06,90580,189418640.0,0.77,3.794972893050764
2015-08-13,15:00,sz002058,*ST威尔,20.6,21.14,19.75,21.0,53200,109531272.0,-0.06,-0.2849002849002849
2015-08-14,15:00,sz002058,*ST威尔,23.1,23.1,23.1,23.1,14797,34183104.0,2.1,10.0
2015-08-17,15:00,sz002058,*ST威尔,25.0,25.41,24.03,25.41,109011,271423680.0,2.31,10.0
2015-08-18,15:00,sz002058,*ST威尔,24.89,25.3,22.87,22.87,102508,242337856.0,-2.54,-9.996064541519086
2015-08-19,15:00,sz002058,*ST威尔,21.0,23.98,20.58,23.2,76312,167229712.0,0.33,1.4429383471797117
2015-08-20,15:00,sz002058,*ST威尔,22.78,24.21,22.05,23.0,61570,142566480.0,-0.2,-0.8620689655172413
2015-08-21,15:00,sz002058,*ST威尔,22.51,23.2,21.8,21.98,44724,100208520.0,-1.02,-4.434782608695651
2015-08-24,15:00,sz002058,*ST威尔,20.03,20.7,19.78,19.78,25379,50502700.0,-2.2,-10.009099181073704
2015-08-25,15:00,sz002058,*ST威尔,17.8,18.04,17.8,17.8,21682,38677740.0,-1.98,-10.010111223458038
2015-08-26,15:00,sz002058,*ST威尔,16.58,18.69,16.02,16.02,42651,72367568.0,-1.78,-10.0
2015-08-27,15:00,sz002058,*ST威尔,17.62,17.62,17.62,17.62,17023,29995160.0,1.6,9.987515605493131
2015-08-28,15:00,sz002058,*ST威尔,19.38,19.38,19.38,19.38,16308,31606202.0,1.76,9.988649262202042
2015-08-31,15:00,sz002058,*ST威尔,20.77,21.32,19.88,21.32,117771,243944480.0,1.94,10.01031991744066
2015-09-01,15:00,sz002058,*ST威尔,20.69,20.7,19.19,19.19,63374,123914808.0,-2.13,-9.9906191369606
2015-09-02,15:00,sz002058,*ST威尔,17.27,19.78,17.27,17.5,46670,84978768.0,-1.69,-8.80667014069828
2015-09-07,15:00,sz002058,*ST威尔,17.55,18.78,15.75,16.29,118026,197483440.0,-1.21,-6.914285714285715
2015-09-08,15:00,sz002058,*ST威尔,16.02,17.48,15.58,17.1,58406,96262536.0,0.81,4.972375690607735
2015-09-09,15:00,sz002058,*ST威尔,17.5,18.79,17.1,18.3,89579,161923280.0,1.2,7.017543859649122
2015-09-10,15:00,sz002058,*ST威尔,17.8,18.7,17.56,18.02,62207,113208496.0,-0.28,-1.530054644808743
2015-09-11,15:00,sz002058,*ST威尔,17.63,18.58,17.62,18.38,52135,95292624.0,0.36,1.9977802441731407
2015-09-14,15:00,sz002058,*ST威尔,18.39,19.16,17.0,17.8,88152,162208544.0,-0.58,-3.1556039173014145
2015-09-15,15:00,sz002058,*ST威尔,17.06,17.79,16.77,17.78,39172,67711816.0,-0.02,-0.1123595505617977
2015-09-16,15:00,sz002058,*ST威尔,17.78,19.56,17.51,19.56,82550,158923584.0,1.78,10.011248593925758
2015-09-17,15:00,sz002058,*ST威尔,20.52,21.3,20.01,20.01,99171,205903072.0,0.45,2.3006134969325154
2015-09-18,15:00,sz002058,*ST威尔,20.0,20.88,19.72,20.68,64352,131110368.0,0.67,3.34832583708146
2015-09-21,15:00,sz002058,*ST威尔,20.19,22.39,19.89,22.15,70246,148062688.0,1.47,7.108317214700194
2015-09-22,15:00,sz002058,*ST威尔,22.4,22.4,21.17,21.41,59116,127757808.0,-0.74,-3.340857787810384
2015-09-23,15:00,sz002058,*ST威尔,20.99,21.49,20.4,20.65,45018,93661792.0,-0.76,-3.5497431106959367
2015-09-24,15:00,sz002058,*ST威尔,20.72,21.29,20.45,20.74,34975,72867976.0,0.09,0.4358353510895884
2015-09-25,15:00,sz002058,*ST威尔,20.55,21.36,19.69,20.7,49226,101582176.0,-0.04,-0.1928640308582449
2015-09-28,15:00,sz002058,*ST威尔,20.71,21.15,20.0,21.01,31264,64788188.0,0.31,1.497584541062802
2015-09-29,15:00,sz002058,*ST威尔,20.7,21.07,19.86,20.25,33196,67816936.0,-0.76,-3.617325083293669
2015-09-30,15:00,sz002058,*ST威尔,20.35,20.89,19.73,19.94,18965,38098636.0,-0.31,-1.5308641975308643
2015-10-08,15:00,sz002058,*ST威尔,20.58,21.29,20.17,21.1,37802,78613760.0,1.16,5.817452357071214
2015-10-09,15:00,sz002058,*ST威尔,21.15,21.65,20.68,21.6,49733,105680288.0,0.5,2.3696682464454977
2015-10-12,15:00,sz002058,*ST威尔,21.6,22.7,21.6,22.05,53974,119585352.0,0.45,2.083333333333333
2015-10-13,15:00,sz002058,*ST威尔,21.68,22.9,21.5,22.55,54058,121618032.0,0.5,2.2675736961451247
2015-10-14,15:00,sz002058,*ST威尔,22.4,22.7,21.3,21.42,51263,111922352.0,-1.13,-5.011086474501108
2015-10-15,15:00,sz002058,*ST威尔,21.32,22.49,21.32,22.4,39842,87162304.0,0.98,4.57516339869281
2015-10-16,15:00,sz002058,*ST威尔,22.61,24.64,22.61,24.36,95736,229295776.0,1.96,8.75
2015-10-19,15:00,sz002058,*ST威尔,24.3,24.3,22.8,23.33,67300,158822192.0,-1.03,-4.2282430213464695
2015-10-20,15:00,sz002058,*ST威尔,22.95,23.93,22.9,23.53,49354,115002304.0,0.2,0.8572653236176597
2015-10-21,15:00,sz002058,*ST威尔,23.49,23.49,21.18,21.18,62860,140109584.0,-2.35,-9.987250318742031
2015-10-22,15:00,sz002058,*ST威尔,20.9,22.15,20.02,21.61,46663,98395416.0,0.43,2.0302171860245517
2015-10-23,15:00,sz002058,*ST威尔,21.54,22.57,21.2,22.22,48558,105881704.0,0.61,2.822767237390097
2015-10-26,15:00,sz002058,*ST威尔,22.55,22.7,21.75,22.23,31012,68471856.0,0.01,0.045004500450045
2015-10-27,15:00,sz002058,*ST威尔,22.15,22.23,20.8,22.15,28645,61666312.0,-0.08,-0.3598740440845704
2015-10-28,15:00,sz002058,*ST威尔,22.1,22.7,21.99,22.1,32081,71681200.0,-0.05,-0.2257336343115124
2015-10-29,15:00,sz002058,*ST威尔,21.99,22.48,21.45,22.0,24623,54276524.0,-0.1,-0.4524886877828055
2015-10-30,15:00,sz002058,*ST威尔,21.9,22.79,21.7,22.24,32708,73339408.0,0.24,1.090909090909091
2015-11-02,15:00,sz002058,*ST威尔,21.66,21.69,20.7,20.8,31614,67190544.0,-1.44,-6.474820143884892
2015-11-03,15:00,sz002058,*ST威尔,20.6,21.37,20.2,20.86,16421,34012608.0,0.06,0.2884615384615385
2015-11-04,15:00,sz002058,*ST威尔,21.0,21.82,20.96,21.79,19890,42739992.0,0.93,4.458293384467881
2015-11-05,15:00,sz002058,*ST威尔,21.75,22.46,21.52,21.79,25217,55336416.0,0.0,0.0
2015-11-06,15:00,sz002058,*ST威尔,21.99,22.9,21.8,22.65,35134,78872512.0,0.86,3.946764570904085
2015-11-09,15:00,sz002058,*ST威尔,22.28,23.11,22.08,22.65,42109,95054144.0,0.0,0.0
2015-11-10,15:00,sz002058,*ST威尔,22.37,24.89,22.26,24.15,69743,163144672.0,1.5,6.622516556291391
2015-11-11,15:00,sz002058,*ST威尔,23.98,24.13,23.3,23.78,40132,94942472.0,-0.37,-1.5320910973084885
2015-11-12,15:00,sz002058,*ST威尔,24.0,24.95,22.98,24.59,63590,151999360.0,0.81,3.406223717409588
2015-11-13,15:00,sz002058,*ST威尔,24.59,25.46,24.08,25.1,66962,167197888.0,0.51,2.074013826758845
2015-11-16,15:00,sz002058,*ST威尔,24.78,26.3,24.5,26.19,53953,137772816.0,1.09,4.342629482071713
2015-11-17,15:00,sz002058,*ST威尔,26.06,26.54,24.57,24.65,73305,187703248.0,-1.54,-5.880106911034746
2015-11-18,15:00,sz002058,*ST威尔,24.48,24.99,23.37,23.45,36617,89009912.0,-1.2,-4.86815415821501
2015-11-19,15:00,sz002058,*ST威尔,23.63,24.29,23.6,24.28,26104,62462260.0,0.83,3.539445628997868
2015-11-20,15:00,sz002058,*ST威尔,24.28,26.3,24.28,25.02,41002,104107392.0,0.74,3.047775947281713
2015-11-23,15:00,sz002058,*ST威尔,25.15,25.79,24.61,24.82,39079,98901392.0,-0.2,-0.7993605115907274
2015-11-24,15:00,sz002058,*ST威尔,25.1,25.38,24.0,24.98,28521,69752616.0,0.16,0.6446414182111201
2015-11-25,15:00,sz002058,*ST威尔,24.99,25.85,24.81,25.81,37198,94471304.0,0.83,3.322658126501201
2015-11-26,15:00,sz002058,*ST威尔,25.86,26.25,25.01,25.27,33202,84466136.0,-0.54,-2.092212320805889
2015-11-27,15:00,sz002058,*ST威尔,25.57,25.57,23.01,23.51,33840,82488504.0,-1.76,-6.964780371982587
2015-11-30,15:00,sz002058,*ST威尔,23.24,23.8,21.74,22.82,33748,77199640.0,-0.69,-2.9349213100808167
2015-12-01,15:00,sz002058,*ST威尔,22.76,23.75,22.5,23.05,28406,66152500.0,0.23,1.007887817703769
2015-12-02,15:00,sz002058,*ST威尔,23.48,24.8,22.21,24.5,26311,61568568.0,1.45,6.29067245119306
2015-12-03,15:00,sz002058,*ST威尔,24.28,24.85,23.8,24.76,32242,78897352.0,0.26,1.0612244897959184
2015-12-04,15:00,sz002058,*ST威尔,24.48,25.53,24.25,25.0,50808,127198864.0,0.24,0.9693053311793216
2015-12-07,15:00,sz002058,*ST威尔,25.1,26.04,24.8,25.69,44355,113299976.0,0.69,2.76
2015-12-08,15:00,sz002058,*ST威尔,25.6,26.39,24.61,26.09,64498,165498720.0,0.4,1.5570260801868432
2015-12-09,15:00,sz002058,*ST威尔,26.0,27.5,25.65,26.98,80942,216018272.0,0.89,3.411268685320046
2015-12-10,15:00,sz002058,*ST威尔,26.99,27.0,25.77,25.84,52413,138310240.0,-1.14,-4.225352112676056
2015-12-11,15:00,sz002058,*ST威尔,25.36,26.66,25.2,26.33,45269,117942416.0,0.49,1.8962848297213624
2015-12-14,15:00,sz002058,*ST威尔,26.33,26.33,24.82,25.89,45906,117181376.0,-0.44,-1.6710976072920622
2015-12-15,15:00,sz002058,*ST威尔,25.66,26.39,25.3,25.96,39278,101665688.0,0.07,0.2703746620316724
2015-12-16,15:00,sz002058,*ST威尔,26.1,27.14,26.1,26.65,47474,126769952.0,0.69,2.657935285053929
2015-12-17,15:00,sz002058,*ST威尔,26.89,28.55,26.69,27.83,62727,172843600.0,1.18,4.427767354596623
2015-12-18,15:00,sz002058,*ST威尔,27.6,28.5,27.25,28.3,47065,131321320.0,0.47,1.6888250089831118
2015-12-21,15:00,sz002058,*ST威尔,28.24,29.64,27.99,29.18,47177,136648704.0,0.88,3.109540636042403
2015-12-22,15:00,sz002058,*ST威尔,29.05,29.9,28.33,29.49,42494,122691184.0,0.31,1.0623714873200822
2015-12-23,15:00,sz002058,*ST威尔,29.48,29.48,27.5,28.0,38144,109955616.0,-1.49,-5.052560189894879
2015-12-24,15:00,sz002058,*ST威尔,28.09,30.8,28.03,30.8,74447,218737520.0,2.8,10.0
2015-12-25,15:00,sz002058,*ST威尔,31.0,31.1,29.8,30.15,49768,151586944.0,-0.65,-2.1103896103896105
2015-12-28,15:00,sz002058,*ST威尔,30.42,30.77,28.63,28.8,54780,161254704.0,-1.35,-4.477611940298507
2015-12-29,15:00,sz002058,*ST威尔,28.83,29.35,27.82,28.98,34377,98336200.0,0.18,0.625
2015-12-30,15:00,sz002058,*ST威尔,29.29,29.3,28.22,28.6,33559,96542992.0,-0.38,-1.3112491373360935
2015-12-31,15:00,sz002058,*ST威尔,28.5,28.79,26.55,27.42,47173,130484536.0,-1.18,-4.125874125874126
2016-01-04,15:00,sz002058,*ST威尔,27.53,27.78,25.0,25.09,35196,93613096.0,-2.33,-8.49744711889132
2016-01-05,15:00,sz002058,*ST威尔,22.66,26.48,22.66,25.8,60467,151968864.0,0.71,2.82981267437226
2016-01-06,15:00,sz002058,*ST威尔,25.99,26.2,25.5,26.01,33847,87691832.0,0.21,0.813953488372093
2016-01-07,15:00,sz002058,*ST威尔,25.0,25.46,23.41,23.41,10535,25369866.0,-2.6,-9.99615532487505
2016-01-08,15:00,sz002058,*ST威尔,23.5,24.5,21.09,23.0,48246,111541072.0,-0.41,-1.751388295600171
2016-01-11,15:00,sz002058,*ST威尔,22.0,23.19,20.7,20.71,38244,82746344.0,-2.29,-9.956521739130435
2016-01-12,15:00,sz002058,*ST威尔,19.6,21.0,18.9,19.7,38466,76923800.0,-1.01,-4.8768710767745045
2016-01-13,15:00,sz002058,*ST威尔,19.98,20.27,18.18,18.2,36602,71072280.0,-1.5,-7.614213197969544
2016-01-14,15:00,sz002058,*ST威尔,17.3,19.17,16.98,18.88,27977,50747436.0,0.68,3.736263736263736
2016-01-15,15:00,sz002058,*ST威尔,18.51,19.28,17.9,18.25,31309,58311288.0,-0.63,-3.3368644067796613
2016-01-18,15:00,sz002058,*ST威尔,17.8,19.5,17.77,18.82,30254,56399736.0,0.57,3.1232876712328768
2016-01-19,15:00,sz002058,*ST威尔,18.61,19.88,18.61,19.82,31867,61452636.0,1.0,5.313496280552603
2016-01-20,15:00,sz002058,*ST威尔,20.0,20.68,19.7,19.91,39671,80043136.0,0.09,0.4540867810292633
2016-01-21,15:00,sz002058,*ST威尔,19.5,20.05,18.5,18.59,35011,68159896.0,-1.32,-6.629834254143646
2016-01-22,15:00,sz002058,*ST威尔,18.75,19.2,18.01,19.14,24079,45219400.0,0.55,2.9585798816568047
2016-01-25,15:00,sz002058,*ST威尔,19.23,19.69,18.9,19.36,23546,45412224.0,0.22,1.1494252873563218
2016-01-26,15:00,sz002058,*ST威尔,19.0,19.2,17.42,17.45,28088,51304932.0,-1.91,-9.865702479338845
2016-01-27,15:00,sz002058,*ST威尔,17.99,17.99,15.72,16.89,37108,61307320.0,-0.56,-3.2091690544412605
2016-01-28,15:00,sz002058,*ST威尔,16.88,17.66,16.0,16.96,45454,77011096.0,0.07,0.4144464179988159
2016-01-29,15:00,sz002058,*ST威尔,16.98,18.66,16.98,18.04,45256,82071752.0,1.08,6.367924528301887
2016-02-01,15:00,sz002058,*ST威尔,18.0,18.2,17.4,17.51,24355,43335668.0,-0.53,-2.937915742793792
2016-02-02,15:00,sz002058,*ST威尔,17.59,18.4,17.26,18.05,36737,66233852.0,0.54,3.083952027412907
2016-02-03,15:00,sz002058,*ST威尔,17.83,18.06,17.55,17.96,25751,45819124.0,-0.09,-0.4986149584487534
2016-02-04,15:00,sz002058,*ST威尔,18.06,18.65,17.92,18.51,26502,48828460.0,0.55,3.0623608017817374
2016-02-05,15:00,sz002058,*ST威尔,18.51,19.35,18.51,18.76,26333,49888296.0,0.25,1.350621285791464
2016-02-15,15:00,sz002058,*ST威尔,17.68,18.74,17.68,18.55,20513,37338248.0,-0.21,-1.1194029850746268
2016-02-16,15:00,sz002058,*ST威尔,18.65,19.59,18.54,19.4,24759,47553460.0,0.85,4.5822102425876015
2016-02-17,15:00,sz002058,*ST威尔,19.59,19.92,19.09,19.61,28752,56129256.0,0.21,1.0824742268041236
2016-02-18,15:00,sz002058,*ST威尔,19.81,19.98,19.4,19.4,26881,52837356.0,-0.21,-1.0708822029576748
2016-02-19,15:00,sz002058,*ST威尔,19.28,19.66,19.12,19.33,24063,46579636.0,-0.07,-0.3608247422680412
2016-02-22,15:00,sz002058,*ST威尔,19.68,20.02,19.45,19.92,23323,46096744.0,0.59,3.0522503879979306
2016-02-23,15:00,sz002058,*ST威尔,20.0,20.08,19.45,19.69,22465,44274912.0,-0.23,-1.1546184738955825
2016-02-24,15:00,sz002058,*ST威尔,19.63,20.17,19.3,19.74,24374,48232624.0,0.05,0.2539360081259522
2016-02-25,15:00,sz002058,*ST威尔,19.72,19.74,17.77,17.77,41350,76016160.0,-1.97,-9.979736575481256
2016-02-26,15:00,sz002058,*ST威尔,18.25,18.25,17.02,17.39,23190,40627944.0,-0.38,-2.1384355655599325
2016-02-29,15:00,sz002058,*ST威尔,17.13,17.28,15.88,16.28,29775,48354112.0,-1.11,-6.382978723404255
2016-03-01,15:00,sz002058,*ST威尔,16.58,16.93,16.01,16.71,25346,41816492.0,0.43,2.6412776412776413
2016-03-02,15:00,sz002058,*ST威尔,16.8,17.75,16.7,17.6,30903,53243732.0,0.89,5.326152004787552
2016-03-03,15:00,sz002058,*ST威尔,17.62,18.08,17.44,17.45,22761,40312340.0,-0.15,-0.8522727272727272
2016-03-04,15:00,sz002058,*ST威尔,17.68,17.68,16.12,17.09,30160,51128680.0,-0.36,-2.0630372492836675
2016-03-07,15:00,sz002058,*ST威尔,17.05,17.63,17.05,17.43,17989,31321228.0,0.34,1.989467524868344
2016-03-08,15:00,sz002058,*ST威尔,17.4,18.8,16.53,18.5,30557,54312048.0,1.07,6.138841078600115
2016-03-09,15:00,sz002058,*ST威尔,18.0,20.12,17.65,19.43,88618,169907648.0,0.93,5.027027027027027
2016-03-10,15:00,sz002058,*ST威尔,19.2,19.25,18.58,18.77,39166,73949784.0,-0.66,-3.3968090581574883
2016-03-11,15:00,sz002058,*ST威尔,18.25,19.07,18.25,18.62,24380,45591964.0,-0.15,-0.7991475759190196
2016-03-14,15:00,sz002058,*ST威尔,18.85,19.45,18.69,19.0,42097,80441728.0,0.38,2.0408163265306123
2016-03-15,15:00,sz002058,*ST威尔,18.71,19.07,18.25,18.37,33013,61200992.0,-0.63,-3.3157894736842106
2016-03-16,15:00,sz002058,*ST威尔,19.51,20.0,18.86,18.93,63873,123696456.0,0.56,3.0484485574305933
2016-03-17,15:00,sz002058,*ST威尔,18.7,20.59,18.7,20.31,72804,145330560.0,1.38,7.290015847860539
2016-03-18,15:00,sz002058,*ST威尔,20.31,21.38,20.11,21.11,65298,137100704.0,0.8,3.9389463318562288
2016-03-21,15:00,sz002058,*ST威尔,21.39,22.2,21.06,21.7,49867,107743288.0,0.59,2.7948839412600663
2016-03-22,15:00,sz002058,*ST威尔,21.39,22.22,21.1,21.6,44739,97577264.0,-0.1,-0.4608294930875576
2016-03-23,15:00,sz002058,*ST威尔,21.51,22.22,21.51,22.09,33540,73692416.0,0.49,2.2685185185185186
2016-03-24,15:00,sz002058,*ST威尔,22.0,23.82,21.8,22.57,56970,131273544.0,0.48,2.1729289271163426
2016-03-25,15:00,sz002058,*ST威尔,22.42,24.79,22.12,24.37,68821,163168784.0,1.8,7.9751883030571555
2016-03-28,15:00,sz002058,*ST威尔,24.58,24.96,23.15,23.7,74803,178616224.0,-0.67,-2.749281903980304
2016-03-29,15:00,sz002058,*ST威尔,23.68,23.79,22.51,23.5,45873,105558384.0,-0.2,-0.8438818565400843
2016-03-30,15:00,sz002058,*ST威尔,23.35,24.35,23.35,24.17,33546,79883776.0,0.67,2.851063829787234
2016-03-31,15:00,sz002058,*ST威尔,24.24,25.35,24.0,24.23,44494,109803912.0,0.06,0.2482416218452627
2016-04-01,15:00,sz002058,*ST威尔,24.06,24.58,23.35,23.85,34997,84062080.0,-0.38,-1.5683037556747832
2016-04-05,15:00,sz002058,*ST威尔,24.09,25.83,23.96,25.47,36299,90900168.0,1.62,6.79245283018868
2016-04-06,15:00,sz002058,*ST威尔,25.08,25.57,24.75,24.99,30753,77492328.0,-0.48,-1.884570082449941
2016-04-07,15:00,sz002058,*ST威尔,25.5,26.45,25.02,25.63,46991,121740032.0,0.64,2.5610244097639057
2016-04-08,15:00,sz002058,*ST威尔,25.11,25.75,24.5,25.55,34489,86359832.0,-0.08,-0.3121342177136169
2016-04-11,15:00,sz002058,*ST威尔,25.94,26.27,25.6,25.86,25863,66968592.0,0.31,1.2133072407045011
2016-04-12,15:00,sz002058,*ST威尔,25.86,26.06,24.77,25.08,33772,85410656.0,-0.78,-3.016241299303944
2016-04-13,15:00,sz002058,*ST威尔,25.0,25.49,24.4,24.5,67752,169114416.0,-0.58,-2.3125996810207337
2016-04-14,15:00,sz002058,*ST威尔,24.5,26.9,24.46,26.5,85310,220336944.0,2.0,8.16326530612245
2016-04-15,15:00,sz002058,*ST威尔,26.44,26.77,25.76,26.69,54498,142320720.0,0.19,0.7169811320754716
2016-04-18,15:00,sz002058,*ST威尔,26.1,26.36,25.76,26.11,35991,93660048.0,-0.58,-2.173098538778569
2016-04-19,15:00,sz002058,*ST威尔,26.1,27.35,26.1,26.41,42572,113949248.0,0.3,1.1489850631941785
2016-04-20,15:00,sz002058,*ST威尔,26.51,27.58,24.3,26.94,79057,208710256.0,0.53,2.006815600151458
2016-04-21,15:00,sz002058,*ST威尔,26.98,27.55,26.01,26.5,66525,179219648.0,-0.44,-1.6332590942835932
2016-04-22,15:00,sz002058,*ST威尔,26.1,27.58,25.7,27.58,59559,158994688.0,1.08,4.075471698113208
2016-04-25,15:00,sz002058,*ST威尔,27.61,27.95,27.01,27.47,43733,120175152.0,-0.11,-0.3988397389412618
2016-04-26,15:00,sz002058,*ST威尔,27.08,27.86,26.9,27.68,35084,95920168.0,0.21,0.7644703312704768
2016-04-27,15:00,sz002058,*ST威尔,27.5,28.61,27.38,28.38,56578,159569600.0,0.7,2.5289017341040463
2016-04-28,15:00,sz002058,*ST威尔,28.45,28.45,27.1,28.03,47532,132093208.0,-0.35,-1.233262861169838
2016-04-29,15:00,sz002058,*ST威尔,27.76,27.88,27.03,27.04,42484,116122408.0,-0.99,-3.5319300749197287
2016-05-03,15:00,sz002058,*ST威尔,26.68,27.66,26.68,27.6,38341,104431896.0,0.56,2.071005917159764
2016-05-04,15:00,sz002058,*ST威尔,27.41,27.66,26.93,27.02,32947,89476232.0,-0.58,-2.101449275362319
2016-05-05,15:00,sz002058,*ST威尔,26.9,26.98,26.4,26.78,42106,112243464.0,-0.24,-0.8882309400444115
2016-05-06,15:00,sz002058,*ST威尔,26.48,26.75,24.1,24.45,77754,196737840.0,-2.33,-8.700522778192681
2016-05-09,15:00,sz002058,*ST威尔,23.0,23.23,22.01,22.01,97471,215868544.0,-2.44,-9.979550102249489
2016-05-10,15:00,sz002058,*ST威尔,22.01,22.08,21.02,21.27,69782,149599008.0,-0.74,-3.362108132666969
2016-05-11,15:00,sz002058,*ST威尔,21.55,21.69,20.04,20.65,62611,130307288.0,-0.62,-2.914903620122238
2016-05-12,15:00,sz002058,*ST威尔,20.03,20.3,19.19,20.2,51618,102149752.0,-0.45,-2.179176755447941
2016-05-13,15:00,sz002058,*ST威尔,20.01,20.54,19.99,20.1,37032,74870824.0,-0.1,-0.495049504950495
2016-05-16,15:00,sz002058,*ST威尔,20.55,21.77,20.3,21.69,63832,134609440.0,1.59,7.91044776119403
2016-05-17,15:00,sz002058,*ST威尔,21.5,21.78,20.83,21.12,47863,101857472.0,-0.57,-2.627939142461964
2016-05-18,15:00,sz002058,*ST威尔,20.3,20.86,19.53,19.9,54180,108217848.0,-1.22,-5.776515151515151
2016-05-19,15:00,sz002058,*ST威尔,19.8,20.45,19.5,19.67,43121,86127120.0,-0.23,-1.1557788944723617
2016-05-20,15:00,sz002058,*ST威尔,19.58,20.08,18.88,19.98,38210,74561840.0,0.31,1.57600406710727
2016-05-23,15:00,sz002058,*ST威尔,19.81,20.36,19.73,20.26,34609,69694744.0,0.28,1.4014014014014011
2016-05-24,15:00,sz002058,*ST威尔,20.41,21.78,20.2,20.82,52779,111106864.0,0.56,2.764067127344521
2016-05-25,15:00,sz002058,*ST威尔,20.83,21.49,20.57,21.12,36653,77102984.0,0.3,1.440922190201729
2016-05-26,15:00,sz002058,*ST威尔,21.21,21.54,20.0,21.16,35983,74827816.0,0.04,0.1893939393939394
2016-05-27,15:00,sz002058,*ST威尔,21.07,21.19,20.5,21.06,21629,45375848.0,-0.1,-0.4725897920604915
2016-05-30,15:00,sz002058,*ST威尔,20.78,21.0,20.2,20.47,22483,46401772.0,-0.59,-2.801519468186135
2016-05-31,15:00,sz002058,*ST威尔,20.5,21.62,20.5,21.5,34582,73560912.0,1.03,5.031753786028334
2016-06-01,15:00,sz002058,*ST威尔,21.5,22.97,21.48,22.48,52062,116260000.0,0.98,4.55813953488372
2016-06-02,15:00,sz002058,*ST威尔,22.27,22.64,22.02,22.43,29917,66569108.0,-0.05,-0.2224199288256228
2016-06-03,15:00,sz002058,*ST威尔,22.26,22.96,22.25,22.78,28998,65703828.0,0.35,1.560410164957646
2016-06-06,15:00,sz002058,*ST威尔,22.67,22.75,22.18,22.38,26600,59649804.0,-0.4,-1.755926251097454
2016-06-07,15:00,sz002058,*ST威尔,22.49,22.58,22.21,22.51,19613,44050364.0,0.13,0.580875781948168
2016-06-08,15:00,sz002058,*ST威尔,22.4,22.5,21.68,22.16,28575,63045760.0,-0.35,-1.5548645046645937
2016-06-13,15:00,sz002058,*ST威尔,21.8,21.8,20.36,20.36,29800,63625624.0,-1.8,-8.12274368231047
2016-06-14,15:00,sz002058,*ST威尔,20.3,20.83,20.12,20.69,18094,37136760.0,0.33,1.6208251473477406
2016-06-15,15:00,sz002058,*ST威尔,20.47,22.15,20.31,21.85,30039,64571552.0,1.16,5.606573223779604
2016-06-16,15:00,sz002058,*ST威尔,21.78,22.05,21.46,21.48,22675,49246528.0,-0.37,-1.6933638443935928
2016-06-17,15:00,sz002058,*ST威尔,21.47,21.92,21.4,21.62,14998,32588576.0,0.14,0.6517690875232774
2016-06-20,15:00,sz002058,*ST威尔,20.43,21.47,20.43,21.07,33014,68450656.0,-0.55,-2.5439407955596667
2016-06-21,15:00,sz002058,*ST威尔,21.15,21.38,20.86,21.19,22776,48109444.0,0.12,0.5695301376364499
2016-06-22,15:00,sz002058,*ST威尔,21.18,22.4,21.18,22.33,34487,75428160.0,1.14,5.379896177442189
2016-06-23,15:00,sz002058,*ST威尔,22.1,22.32,21.55,21.88,23339,51042516.0,-0.45,-2.015226153157188
2016-06-24,15:00,sz002058,*ST威尔,21.66,22.1,20.8,21.38,32137,68767784.0,-0.5,-2.2851919561243146
2016-06-27,15:00,sz002058,*ST威尔,21.18,21.91,21.15,21.86,20210,43648524.0,0.48,2.245088868101029
2016-06-28,15:00,sz002058,*ST威尔,21.55,22.73,21.55,22.53,36103,80480992.0,0.67,3.0649588289112533
2016-06-29,15:00,sz002058,*ST威尔,22.6,22.93,22.3,22.44,30044,67857688.0,-0.09,-0.3994673768308922
2016-06-30,15:00,sz002058,*ST威尔,22.86,23.2,22.5,22.81,46107,105469312.0,0.37,1.6488413547237075
2016-07-01,15:00,sz002058,*ST威尔,22.58,23.32,22.3,23.15,49012,111639056.0,0.34,1.4905743095133712
2016-07-04,15:00,sz002058,*ST威尔,22.97,23.87,22.79,23.68,40405,95408856.0,0.53,2.289416846652268
2016-07-05,15:00,sz002058,*ST威尔,24.09,24.3,23.46,23.62,47353,112990384.0,-0.06,-0.2533783783783784
2016-07-06,15:00,sz002058,*ST威尔,23.62,23.8,23.08,23.56,30270,70751064.0,-0.06,-0.2540220152413209
2016-07-07,15:00,sz002058,*ST威尔,23.45,25.92,22.99,25.92,88472,218423824.0,2.36,10.0169779286927
2016-07-08,15:00,sz002058,*ST威尔,25.4,25.97,24.78,24.85,68540,172899984.0,-1.07,-4.128086419753087
2016-07-11,15:00,sz002058,*ST威尔,24.85,25.25,24.35,24.51,36528,90158328.0,-0.34,-1.3682092555331993
2016-07-12,15:00,sz002058,*ST威尔,24.67,25.56,24.21,24.94,35078,87497904.0,0.43,1.7543859649122806
2016-07-13,15:00,sz002058,*ST威尔,24.71,25.4,24.71,24.94,24201,60592172.0,0.0,0.0
2016-07-14,15:00,sz002058,*ST威尔,24.65,25.3,24.65,25.16,22963,57546064.0,0.22,0.8821170809943866
2016-07-15,15:00,sz002058,*ST威尔,24.96,25.66,24.82,25.5,28332,71757032.0,0.34,1.351351351351351
2016-07-18,15:00,sz002058,*ST威尔,25.1,25.44,24.82,24.95,17486,43874616.0,-0.55,-2.156862745098039
2016-07-19,15:00,sz002058,*ST威尔,24.8,25.11,24.2,24.56,24477,59958232.0,-0.39,-1.56312625250501
2016-07-20,15:00,sz002058,*ST威尔,24.46,24.85,24.45,24.53,11696,28728184.0,-0.03,-0.1221498371335504
2016-07-21,15:00,sz002058,*ST威尔,24.75,24.75,24.22,24.48,12373,30214078.0,-0.05,-0.2038320423970648
2016-07-22,15:00,sz002058,*ST威尔,24.37,24.75,24.26,24.46,13135,32136388.0,-0.02,-0.0816993464052287
2016-07-25,15:00,sz002058,*ST威尔,24.2,24.81,24.2,24.47,13268,32569772.0,0.01,0.0408830744071954
2016-07-26,15:00,sz002058,*ST威尔,24.69,24.69,24.0,24.58,10175,24980842.0,0.11,0.4495300367797303
2016-07-27,15:00,sz002058,*ST威尔,24.48,24.72,22.6,22.65,23697,55603060.0,-1.93,-7.851912123677788
2016-07-28,15:00,sz002058,*ST威尔,22.65,23.25,22.39,23.0,18940,43340640.0,0.35,1.545253863134658
2016-07-29,15:00,sz002058,*ST威尔,23.28,23.42,22.88,23.07,9905,22895100.0,0.07,0.3043478260869565
2016-08-01,15:00,sz002058,*ST威尔,22.94,22.99,22.21,22.41,10630,23863456.0,-0.66,-2.860858257477243
2016-08-02,15:00,sz002058,*ST威尔,22.33,23.38,22.33,23.2,14232,32482764.0,0.79,3.5252119589468984
2016-08-03,15:00,sz002058,*ST威尔,23.15,23.35,22.92,23.16,11430,26532146.0,-0.04,-0.1724137931034483
2016-08-04,15:00,sz002058,*ST威尔,23.07,23.26,22.88,23.09,7377,17010746.0,-0.07,-0.3022452504317789
2016-08-05,15:00,sz002058,*ST威尔,23.09,23.19,22.7,22.88,6444,14829214.0,-0.21,-0.909484625378952
2016-08-08,15:00,sz002058,*ST威尔,22.88,23.25,22.53,23.22,6899,15781507.0,0.34,1.486013986013986
2016-08-09,15:00,sz002058,*ST威尔,23.22,23.46,23.03,23.35,9136,21262046.0,0.13,0.5598621877691645
2016-08-10,15:00,sz002058,*ST威尔,23.35,23.37,23.06,23.11,6465,14997447.0,-0.24,-1.0278372591006424
2016-08-11,15:00,sz002058,*ST威尔,23.11,23.13,22.8,22.81,5987,13723987.0,-0.3,-1.2981393336218088
2016-08-12,15:00,sz002058,*ST威尔,22.89,22.89,22.59,22.78,7874,17878526.0,-0.03,-0.131521262604121
2016-08-15,15:00,sz002058,*ST威尔,22.61,23.2,22.61,23.04,17666,40620728.0,0.26,1.141352063213345
2016-08-16,15:00,sz002058,*ST威尔,23.07,24.2,22.9,24.14,28544,67783936.0,1.1,4.774305555555555
2016-08-17,15:00,sz002058,*ST威尔,24.0,24.0,23.5,23.68,15270,36321060.0,-0.46,-1.9055509527754768
2016-08-18,15:00,sz002058,*ST威尔,23.68,24.06,23.52,23.71,11915,28343886.0,0.03,0.1266891891891892
2016-08-19,15:00,sz002058,*ST威尔,23.86,24.44,23.66,23.88,21874,52682380.0,0.17,0.7169970476592155
2016-08-22,15:00,sz002058,*ST威尔,23.8,23.98,23.6,23.77,12233,28988344.0,-0.11,-0.4606365159128978
2016-08-23,15:00,sz002058,*ST威尔,23.59,24.29,23.5,23.82,18640,44603760.0,0.05,0.2103491796381994
2016-08-24,15:00,sz002058,*ST威尔,23.73,24.19,23.6,24.08,16689,39982356.0,0.26,1.09151973131822
2016-08-25,15:00,sz002058,*ST威尔,24.08,24.08,23.67,23.73,10551,25064328.0,-0.35,-1.4534883720930232
2016-08-26,15:00,sz002058,*ST威尔,23.73,23.97,23.62,23.8,7172,17081712.0,0.07,0.2949852507374631
2016-08-29,15:00,sz002058,*ST威尔,23.8,24.32,23.68,23.95,18692,45025120.0,0.15,0.6302521008403361
2016-08-30,15:00,sz002058,*ST威尔,23.81,24.3,23.81,24.09,13623,32777790.0,0.14,0.5845511482254697
2016-08-31,15:00,sz002058,*ST威尔,23.92,24.48,23.92,24.1,16435,39810536.0,0.01,0.04151100041511
2016-09-01,15:00,sz002058,*ST威尔,24.04,24.19,23.72,24.0,17527,41980824.0,-0.1,-0.4149377593360996
2016-09-02,15:00,sz002058,*ST威尔,24.06,24.34,23.88,24.1,16628,40065048.0,0.1,0.4166666666666667
2016-09-05,15:00,sz002058,*ST威尔,24.02,24.36,23.96,23.96,19165,46211304.0,-0.14,-0.5809128630705395
2016-09-06,15:00,sz002058,*ST威尔,23.88,24.1,23.52,24.07,19384,46168856.0,0.11,0.4590984974958264
2016-09-07,15:00,sz002058,*ST威尔,24.07,24.79,24.01,24.43,33171,81156384.0,0.36,1.4956377233070213
2016-09-08,15:00,sz002058,*ST威尔,24.29,25.22,24.03,24.99,49660,123528608.0,0.56,2.292263610315186
2016-09-09,15:00,sz002058,*ST威尔,24.99,25.97,24.84,25.96,74617,190143744.0,0.97,3.88155262104842
2016-09-12,15:00,sz002058,*ST威尔,25.25,25.85,24.71,25.0,46685,117617664.0,-0.96,-3.697996918335902
2016-09-13,15:00,sz002058,*ST威尔,24.98,25.69,24.59,25.65,43350,109215976.0,0.65,2.6
2016-09-14,15:00,sz002058,*ST威尔,25.33,25.86,24.91,25.08,29278,74156184.0,-0.57,-2.2222222222222223
2016-09-19,15:00,sz002058,*ST威尔,25.29,25.7,24.94,25.42,26244,66624932.0,0.34,1.3556618819776716
2016-09-20,15:00,sz002058,*ST威尔,25.3,25.42,24.96,25.08,19381,48709204.0,-0.34,-1.3375295043273014
2016-09-21,15:00,sz002058,*ST威尔,25.04,25.18,24.55,24.6,20277,50362536.0,-0.48,-1.9138755980861244
2016-09-22,15:00,sz002058,*ST威尔,24.79,25.45,24.63,25.19,25352,63709436.0,0.59,2.398373983739837
2016-09-23,15:00,sz002058,*ST威尔,25.2,25.38,24.76,24.9,19071,47612964.0,-0.29,-1.1512504962286625
2016-09-26,15:00,sz002058,*ST威尔,24.76,24.97,23.7,23.8,25301,61475076.0,-1.1,-4.417670682730924
2016-09-27,15:00,sz002058,*ST威尔,23.86,24.29,23.3,24.01,14927,35437480.0,0.21,0.8823529411764706
2016-09-28,15:00,sz002058,*ST威尔,23.98,24.06,23.73,23.76,8294,19794010.0,-0.25,-1.0412328196584757
2016-09-29,15:00,sz002058,*ST威尔,23.88,24.15,23.71,23.98,10592,25456612.0,0.22,0.9259259259259258
2016-09-30,15:00,sz002058,*ST威尔,23.98,24.4,23.87,24.23,11756,28415452.0,0.25,1.0425354462051708
2016-10-10,15:00,sz002058,*ST威尔,24.35,24.65,24.0,24.59,17055,41752112.0,0.36,1.4857614527445318
2016-10-11,15:00,sz002058,*ST威尔,24.65,25.41,24.65,24.99,33832,84913264.0,0.4,1.6266775111834078
2016-10-12,15:00,sz002058,*ST威尔,25.45,25.45,24.88,25.06,22860,57477720.0,0.07,0.2801120448179272
2016-10-13,15:00,sz002058,*ST威尔,25.06,25.18,24.71,24.97,15926,39688420.0,-0.09,-0.3591380686352753
2016-10-14,15:00,sz002058,*ST威尔,24.85,25.09,24.7,24.8,16773,41668436.0,-0.17,-0.6808169803764518
2016-10-17,15:00,sz002058,*ST威尔,24.78,25.35,24.78,24.91,24993,62854948.0,0.11,0.4435483870967742
2016-10-18,15:00,sz002058,*ST威尔,24.92,25.35,24.76,25.33,24330,61303876.0,0.42,1.6860698514652752
2016-10-19,15:00,sz002058,*ST威尔,25.37,25.48,25.1,25.21,17874,45054648.0,-0.12,-0.473746545598105
2016-10-20,15:00,sz002058,*ST威尔,25.21,25.67,25.13,25.5,25806,65697204.0,0.29,1.1503371677905594
2016-10-21,15:00,sz002058,*ST威尔,25.5,25.6,24.7,25.34,17073,43015720.0,-0.16,-0.6274509803921569
2016-10-24,15:00,sz002058,*ST威尔,25.44,25.45,25.22,25.34,14057,35608640.0,0.0,0.0
2016-10-25,15:00,sz002058,*ST威尔,25.31,25.6,25.2,25.37,16166,41090624.0,0.03,0.1183898973954222
2016-10-26,15:00,sz002058,*ST威尔,25.38,25.76,25.23,25.65,30905,78949024.0,0.28,1.103665746945211
2016-10-27,15:00,sz002058,*ST威尔,25.55,25.7,25.24,25.26,16330,41535516.0,-0.39,-1.52046783625731
2016-10-28,15:00,sz002058,*ST威尔,25.26,25.3,24.61,24.65,19724,49151240.0,-0.61,-2.414885193982581
2016-10-31,15:00,sz002058,*ST威尔,24.59,24.66,24.19,24.47,14989,36653020.0,-0.18,-0.7302231237322515
2016-11-01,15:00,sz002058,*ST威尔,24.64,25.28,24.4,25.18,23305,58336284.0,0.71,2.901512055578259
2016-11-02,15:00,sz002058,*ST威尔,25.16,25.68,25.02,25.18,20169,51127068.0,0.0,0.0
2016-11-03,15:00,sz002058,*ST威尔,25.25,25.85,25.25,25.67,31076,79622536.0,0.49,1.9459888800635423
2016-11-04,15:00,sz002058,*ST威尔,25.7,25.9,25.48,25.63,25351,65183420.0,-0.04,-0.1558239189715621
2016-11-07,15:00,sz002058,*ST威尔,25.63,26.15,25.43,25.68,17929,45978452.0,0.05,0.1950838860710105
2016-11-08,15:00,sz002058,*ST威尔,25.8,26.35,25.6,26.35,34920,91003600.0,0.67,2.6090342679127727
2016-11-09,15:00,sz002058,*ST威尔,26.39,26.5,25.2,25.62,42816,110156600.0,-0.73,-2.770398481973434
2016-11-10,15:00,sz002058,*ST威尔,25.82,26.15,25.7,25.85,21605,55935792.0,0.23,0.897736143637783
2016-11-11,15:00,sz002058,*ST威尔,25.88,26.45,25.66,26.15,25914,67413152.0,0.3,1.160541586073501
2016-11-14,15:00,sz002058,*ST威尔,26.05,26.98,25.95,26.84,36756,97541680.0,0.69,2.638623326959847
2016-11-15,15:00,sz002058,*ST威尔,26.78,26.86,26.36,26.74,22171,58988812.0,-0.1,-0.3725782414307004
2016-11-16,15:00,sz002058,*ST威尔,26.71,28.71,26.71,27.8,65277,181634752.0,1.06,3.9640987284966345
2016-11-17,15:00,sz002058,*ST威尔,27.61,28.14,27.25,28.1,37078,102538416.0,0.3,1.079136690647482
2016-11-18,15:00,sz002058,*ST威尔,28.3,28.47,27.48,27.95,37576,105053608.0,-0.15,-0.5338078291814947
2016-11-21,15:00,sz002058,*ST威尔,29.0,30.59,27.88,28.15,91584,266100656.0,0.2,0.7155635062611807
2016-11-22,15:00,sz002058,*ST威尔,28.29,30.97,27.65,30.97,101829,298778784.0,2.82,10.017761989342809
2016-11-23,15:00,sz002058,*ST威尔,32.71,33.88,31.32,31.62,153714,500548416.0,0.65,2.098805295447207
2016-11-24,15:00,sz002058,*ST威尔,31.62,31.81,29.76,30.21,92442,281382880.0,-1.41,-4.459203036053131
2016-11-25,15:00,sz002058,*ST威尔,30.03,30.35,28.71,29.48,70621,207102144.0,-0.73,-2.4164184045018207
2016-11-28,15:00,sz002058,*ST威尔,29.66,29.66,28.0,28.15,59817,170361184.0,-1.33,-4.511533242876527
2016-11-29,15:00,sz002058,*ST威尔,27.9,28.66,27.59,27.85,43095,120926976.0,-0.3,-1.0657193605683837
2016-11-30,15:00,sz002058,*ST威尔,27.66,28.15,27.55,27.7,27328,75914984.0,-0.15,-0.5385996409335727
2016-12-01,15:00,sz002058,*ST威尔,27.8,28.35,27.63,28.02,31791,89154160.0,0.32,1.1552346570397112
2016-12-02,15:00,sz002058,*ST威尔,27.81,27.99,26.59,26.59,54103,145795392.0,-1.43,-5.10349750178444
2016-12-05,15:00,sz002058,*ST威尔,26.31,27.09,26.01,26.77,24955,66649944.0,0.18,0.6769462203836029
2016-12-06,15:00,sz002058,*ST威尔,26.61,27.4,26.61,27.0,21842,59277400.0,0.23,0.8591707134852448
2016-12-07,15:00,sz002058,*ST威尔,27.01,27.79,27.01,27.65,27312,75227464.0,0.65,2.4074074074074074
2016-12-08,15:00,sz002058,*ST威尔,27.98,28.29,27.41,28.29,42567,118871512.0,0.64,2.3146473779385173
2016-12-09,15:00,sz002058,*ST威尔,28.29,30.13,28.0,29.65,66075,193874752.0,1.36,4.8073524213503
2016-12-12,15:00,sz002058,*ST威尔,29.45,29.5,28.31,28.59,50709,146589712.0,-1.06,-3.57504215851602
2016-12-13,15:00,sz002058,*ST威尔,28.79,30.27,27.51,30.14,46621,136147424.0,1.55,5.421476040573627
2016-12-14,15:00,sz002058,*ST威尔,29.8,30.88,28.51,28.51,47737,142267632.0,-1.63,-5.408095554080956
2016-12-15,15:00,sz002058,*ST威尔,28.38,29.62,27.0,29.04,50852,144643568.0,0.53,1.858996843212908
2016-12-16,15:00,sz002058,*ST威尔,28.06,29.64,28.04,28.51,40276,116241352.0,-0.53,-1.825068870523416
2016-12-19,15:00,sz002058,*ST威尔,28.37,28.9,28.2,28.38,16797,47862952.0,-0.13,-0.4559803577692037
2016-12-20,15:00,sz002058,*ST威尔,28.48,29.36,28.47,29.09,29748,86318752.0,0.71,2.5017618040873857
2016-12-21,15:00,sz002058,*ST威尔,29.22,30.3,29.2,30.26,65744,197270384.0,1.17,4.022000687521484
2016-12-22,15:00,sz002058,*ST威尔,30.2,30.36,29.3,29.52,71440,212873696.0,-0.74,-2.4454725710508924
2016-12-23,15:00,sz002058,*ST威尔,29.38,30.58,29.38,30.45,56984,171508752.0,0.93,3.1504065040650406
2016-12-26,15:00,sz002058,*ST威尔,30.14,31.3,29.9,31.1,51320,158173488.0,0.65,2.134646962233169
2016-12-27,15:00,sz002058,*ST威尔,32.0,33.75,30.9,30.96,85440,273266080.0,-0.14,-0.45016077170418
2016-12-28,15:00,sz002058,*ST威尔,30.35,31.99,30.03,30.08,52500,161743248.0,-0.88,-2.842377260981912
2016-12-29,15:00,sz002058,*ST威尔,29.87,30.59,29.2,29.8,45885,136196448.0,-0.28,-0.9308510638297872
2016-12-30,15:00,sz002058,*ST威尔,29.7,30.16,29.25,29.88,23804,70657480.0,0.08,0.2684563758389262
2017-01-03,15:00,sz002058,*ST威尔,29.86,30.09,29.47,30.08,18663,55624168.0,0.2,0.6693440428380187
2017-01-04,15:00,sz002058,*ST威尔,29.99,30.5,29.78,29.95,22294,67132216.0,-0.13,-0.4321808510638298
2017-01-05,15:00,sz002058,*ST威尔,29.84,30.63,29.8,30.2,27987,84882656.0,0.25,0.8347245409015025
2017-01-06,15:00,sz002058,*ST威尔,30.3,30.58,29.88,30.1,13875,41782428.0,-0.1,-0.3311258278145695
2017-01-09,15:00,sz002058,*ST威尔,29.9,30.09,28.65,29.15,37188,108053728.0,-0.95,-3.1561461794019934
2017-01-10,15:00,sz002058,*ST威尔,28.91,29.18,28.3,28.74,17759,50984400.0,-0.41,-1.4065180102915953
2017-01-11,15:00,sz002058,*ST威尔,28.74,29.13,28.5,28.88,13790,39676624.0,0.14,0.4871259568545582
2017-01-12,15:00,sz002058,*ST威尔,28.53,28.97,28.42,28.46,11202,32093068.0,-0.42,-1.4542936288088644
2017-01-13,15:00,sz002058,*ST威尔,28.32,28.6,27.7,27.7,13833,38810568.0,-0.76,-2.6704146170063248
2017-01-16,15:00,sz002058,*ST威尔,27.6,27.6,24.93,25.3,27841,72181640.0,-2.4,-8.664259927797833
2017-01-17,15:00,sz002058,*ST威尔,25.58,25.7,24.74,25.47,17529,44208960.0,0.17,0.6719367588932806
2017-01-18,15:00,sz002058,*ST威尔,25.21,25.9,25.21,25.41,10744,27505932.0,-0.06,-0.2355712603062426
2017-01-19,15:00,sz002058,*ST威尔,25.31,25.78,25.3,25.48,6846,17492026.0,0.07,0.2754820936639118
2017-01-20,15:00,sz002058,*ST威尔,25.7,26.48,25.5,26.46,11254,29404938.0,0.98,3.8461538461538463
2017-01-23,15:00,sz002058,*ST威尔,26.46,27.15,26.46,26.62,9334,25027560.0,0.16,0.6046863189720333
2017-01-24,15:00,sz002058,*ST威尔,26.42,27.0,26.4,26.95,7126,19098278.0,0.33,1.2396694214876034
2017-01-25,15:00,sz002058,*ST威尔,26.99,27.44,26.72,27.25,8197,22311310.0,0.3,1.1131725417439702
2017-01-26,15:00,sz002058,*ST威尔,27.25,27.45,27.0,27.45,5558,15174069.0,0.2,0.7339449541284404
2017-02-03,15:00,sz002058,*ST威尔,27.66,27.74,26.66,27.1,7253,19740330.0,-0.35,-1.275045537340619
2017-02-06,15:00,sz002058,*ST威尔,27.1,27.15,26.51,27.08,8072,21736018.0,-0.02,-0.07380073800738
2017-02-07,15:00,sz002058,*ST威尔,27.0,27.26,26.8,27.23,12373,33352780.0,0.15,0.5539143279172821
2017-02-08,15:00,sz002058,*ST威尔,26.95,27.2,26.84,27.1,9856,26623098.0,-0.13,-0.4774146162320969
2017-02-09,15:00,sz002058,*ST威尔,27.09,27.25,26.85,27.09,10219,27622324.0,-0.01,-0.03690036900369
2017-02-10,15:00,sz002058,*ST威尔,27.15,27.16,26.4,26.4,20895,55750340.0,-0.69,-2.547065337763012
2017-02-13,15:00,sz002058,*ST威尔,26.4,26.49,25.6,25.86,20391,52968944.0,-0.54,-2.0454545454545454
2017-02-14,15:00,sz002058,*ST威尔,25.8,26.28,25.75,26.0,15003,39033772.0,0.14,0.5413766434648105
2017-02-15,15:00,sz002058,*ST威尔,26.0,26.48,25.82,26.21,14686,38565700.0,0.21,0.8076923076923077
2017-02-16,15:00,sz002058,*ST威尔,26.45,26.45,25.83,25.9,16116,41948060.0,-0.31,-1.1827546737886303
2017-02-17,15:00,sz002058,*ST威尔,25.8,26.2,25.6,25.77,8988,23241474.0,-0.13,-0.5019305019305019
2017-02-20,15:00,sz002058,*ST威尔,25.98,25.98,24.64,25.0,22576,56476204.0,-0.77,-2.9879705083430346
2017-02-21,15:00,sz002058,*ST威尔,25.0,25.49,25.0,25.42,12620,31908118.0,0.42,1.68
2017-02-22,15:00,sz002058,*ST威尔,25.49,25.88,25.42,25.65,15604,40078440.0,0.23,0.9047993705743508
2017-02-23,15:00,sz002058,*ST威尔,25.71,25.8,24.93,25.16,17860,44956484.0,-0.49,-1.9103313840155944
2017-02-24,15:00,sz002058,*ST威尔,25.02,25.83,25.02,25.76,18295,46709608.0,0.6,2.384737678855326
2017-02-27,15:00,sz002058,*ST威尔,25.75,25.99,25.52,25.73,12835,33105456.0,-0.03,-0.1164596273291925
2017-02-28,15:00,sz002058,*ST威尔,25.59,27.17,25.53,27.04,34699,92060800.0,1.31,5.091333074232414
2017-03-01,15:00,sz002058,*ST威尔,26.8,27.0,26.48,26.82,18132,48410700.0,-0.22,-0.8136094674556213
2017-03-02,15:00,sz002058,*ST威尔,26.8,27.06,26.66,26.82,16817,45246036.0,0.0,0.0
2017-03-03,15:00,sz002058,*ST威尔,26.7,27.1,26.7,26.88,11322,30525450.0,0.06,0.2237136465324384
2017-03-06,15:00,sz002058,*ST威尔,26.84,27.15,26.76,26.95,10470,28243886.0,0.07,0.2604166666666666
2017-03-07,15:00,sz002058,*ST威尔,26.98,27.1,26.71,27.08,10374,27961928.0,0.13,0.4823747680890538
2017-03-08,15:00,sz002058,*ST威尔,27.08,27.19,26.7,26.75,8849,23828716.0,-0.33,-1.2186115214180206
2017-03-09,15:00,sz002058,*ST威尔,26.76,27.1,26.53,26.76,8010,21562538.0,0.01,0.0373831775700934
2017-03-10,15:00,sz002058,*ST威尔,26.78,26.82,26.41,26.47,10555,28008562.0,-0.29,-1.0837070254110617
2017-03-13,15:00,sz002058,*ST威尔,26.44,26.69,25.9,26.66,12674,33335118.0,0.19,0.7177937287495277
2017-03-14,15:00,sz002058,*ST威尔,26.3,26.74,26.22,26.39,8989,23790232.0,-0.27,-1.0127531882970742
2017-03-15,15:00,sz002058,*ST威尔,26.41,26.77,26.16,26.56,9305,24679622.0,0.17,0.6441834028040925
2017-03-16,15:00,sz002058,*ST威尔,26.49,26.69,26.3,26.54,11380,30135546.0,-0.02,-0.0753012048192771
2017-03-17,15:00,sz002058,*ST威尔,26.54,26.95,26.45,26.65,11390,30461990.0,0.11,0.4144687264506406
2017-03-20,15:00,sz002058,*ST威尔,26.69,28.77,26.66,27.76,45555,126913608.0,1.11,4.165103189493434
2017-03-21,15:00,sz002058,*ST威尔,27.73,27.85,27.12,27.17,25391,69339952.0,-0.59,-2.1253602305475505
2017-03-22,15:00,sz002058,*ST威尔,27.18,27.18,26.51,26.52,17894,47817652.0,-0.65,-2.392344497607656
2017-03-23,15:00,sz002058,*ST威尔,26.45,28.88,26.43,27.54,36587,101478976.0,1.02,3.8461538461538463
2017-03-24,15:00,sz002058,*ST威尔,27.63,27.85,26.74,27.1,23293,63218252.0,-0.44,-1.597676107480029
2017-03-27,15:00,sz002058,*ST威尔,27.0,27.35,26.73,27.2,15128,40842424.0,0.1,0.3690036900369003
2017-03-28,15:00,sz002058,*ST威尔,27.32,27.67,27.12,27.23,14574,39939604.0,0.03,0.1102941176470588
2017-03-29,15:00,sz002058,*ST威尔,27.23,27.78,26.82,27.31,19557,53598824.0,0.08,0.2937936099889827
2017-03-30,15:00,sz002058,*ST威尔,27.31,27.33,26.6,26.7,21515,57947936.0,-0.61,-2.233614060783596
2017-03-31,15:00,sz002058,*ST威尔,26.6,26.88,26.1,26.25,16971,45083568.0,-0.45,-1.6853932584269662
2017-04-05,15:00,sz002058,*ST威尔,26.51,26.89,26.51,26.77,10690,28579516.0,0.52,1.9809523809523808
2017-04-06,15:00,sz002058,*ST威尔,26.79,27.59,26.79,27.16,12238,33434622.0,0.39,1.4568546880836757
2017-04-07,15:00,sz002058,*ST威尔,27.4,27.4,26.88,26.95,9748,26372722.0,-0.21,-0.7731958762886598
2017-04-10,15:00,sz002058,*ST威尔,26.95,27.1,26.09,26.22,14730,38752000.0,-0.73,-2.7087198515769946
2017-04-11,15:00,sz002058,*ST威尔,25.15,26.4,25.15,26.06,12512,32476790.0,-0.16,-0.6102212051868803
2017-04-12,15:00,sz002058,*ST威尔,25.7,26.08,25.58,25.68,11222,28831114.0,-0.38,-1.4581734458940905
2017-04-13,15:00,sz002058,*ST威尔,25.31,25.87,25.31,25.8,9078,23326398.0,0.12,0.4672897196261681
2017-04-14,15:00,sz002058,*ST威尔,25.99,25.99,25.6,25.67,7865,20241624.0,-0.13,-0.5038759689922481
2017-04-17,15:00,sz002058,*ST威尔,25.4,25.8,24.52,25.51,10994,27873762.0,-0.16,-0.6232956758862486
2017-04-18,15:00,sz002058,*ST威尔,25.76,25.76,24.61,25.51,12919,32481266.0,0.0,0.0
2017-04-19,15:00,sz002058,*ST威尔,25.49,25.49,24.85,25.07,7506,18802330.0,-0.44,-1.724813798510388
2017-04-20,15:00,sz002058,*ST威尔,24.99,25.34,24.8,25.34,6964,17460854.0,0.27,1.0769844435580374
2017-04-21,15:00,sz002058,*ST威尔,25.25,25.43,24.9,24.9,12148,30541336.0,-0.44,-1.7363851617995265
2017-04-24,15:00,sz002058,*ST威尔,24.89,25.07,23.01,24.54,19231,47020252.0,-0.36,-1.4457831325301205
2017-04-25,15:00,sz002058,*ST威尔,24.7,24.92,24.41,24.54,3695,9116016.0,0.0,0.0
2017-04-26,15:00,sz002058,*ST威尔,24.54,24.92,24.31,24.48,10905,26828320.0,-0.06,-0.2444987775061124
2017-04-27,15:00,sz002058,*ST威尔,24.41,24.45,23.8,24.15,7280,17522956.0,-0.33,-1.3480392156862746
2017-04-28,15:00,sz002058,*ST威尔,24.15,24.75,23.7,24.43,4748,11547254.0,0.28,1.1594202898550725
2017-05-02,15:00,sz002058,*ST威尔,24.0,24.5,23.95,24.22,3656,8878746.0,-0.21,-0.8595988538681949
2017-05-03,15:00,sz002058,*ST威尔,23.88,24.3,23.35,24.27,3906,9428927.0,0.05,0.2064409578860445
2017-05-04,15:00,sz002058,*ST威尔,24.48,24.68,23.44,24.58,5510,13486905.0,0.31,1.277297074577668
2017-05-05,15:00,sz002058,*ST威尔,24.32,25.09,24.32,24.84,8254,20529582.0,0.26,1.0577705451586654
2017-05-08,15:00,sz002058,*ST威尔,25.26,25.26,24.5,24.52,5755,14216299.0,-0.32,-1.288244766505636
2017-05-09,15:00,sz002058,*ST威尔,24.52,24.97,24.4,24.74,3187,7851921.5,0.22,0.897226753670473
2017-05-10,15:00,sz002058,*ST威尔,25.11,25.11,24.4,24.43,2936,7262902.0,-0.31,-1.2530315278900566
2017-05-11,15:00,sz002058,*ST威尔,24.08,24.4,23.5,23.85,5058,12091411.0,-0.58,-2.374130167826443
2017-05-12,15:00,sz002058,*ST威尔,24.5,24.5,23.51,23.88,4711,11300806.0,0.03,0.1257861635220125
2017-05-15,15:00,sz002058,*ST威尔,23.88,24.3,23.8,23.85,2342,5594354.0,-0.03,-0.1256281407035175
2017-05-16,15:00,sz002058,*ST威尔,23.98,24.0,23.5,23.95,2965,7052907.0,0.1,0.4192872117400419
2017-05-17,15:00,sz002058,*ST威尔,23.84,24.18,23.84,24.0,3933,9437733.0,0.05,0.208768267223382
2017-05-18,15:00,sz002058,*ST威尔,23.91,24.2,23.52,24.01,4464,10717367.0,0.01,0.0416666666666666
2017-05-19,15:00,sz002058,*ST威尔,24.07,24.27,23.97,24.02,2388,5743130.5,0.01,0.041649312786339
2017-05-22,15:00,sz002058,*ST威尔,23.5,23.99,23.29,23.65,3354,7942713.0,-0.37,-1.5403830141548709
2017-05-23,15:00,sz002058,*ST威尔,23.5,23.63,22.01,23.55,8147,18743968.0,-0.1,-0.4228329809725158
2017-05-24,15:00,sz002058,*ST威尔,23.29,23.35,22.45,23.28,3981,9201803.0,-0.27,-1.1464968152866242
2017-05-25,15:00,sz002058,*ST威尔,23.27,23.5,22.86,23.3,4950,11449770.0,0.02,0.0859106529209622
2017-05-26,15:00,sz002058,*ST威尔,23.3,23.32,23.0,23.2,1971,4548780.0,-0.1,-0.4291845493562232
2017-05-31,15:00,sz002058,*ST威尔,23.2,23.8,22.8,23.1,3220,7448650.5,-0.1,-0.4310344827586206
2017-06-01,15:00,sz002058,*ST威尔,22.7,23.23,22.7,23.21,3449,7949011.0,0.11,0.4761904761904762
2017-06-02,15:00,sz002058,*ST威尔,23.19,23.48,22.94,23.3,3053,7059678.5,0.09,0.3877638948728996
2017-06-05,15:00,sz002058,*ST威尔,23.45,23.61,23.06,23.35,2817,6574731.5,0.05,0.2145922746781116
2017-06-06,15:00,sz002058,*ST威尔,23.31,23.42,23.08,23.29,3794,8849146.0,-0.06,-0.2569593147751606
2017-06-07,15:00,sz002058,*ST威尔,23.38,23.71,23.0,23.65,6168,14357664.0,0.36,1.54572778016316
2017-06-08,15:00,sz002058,*ST威尔,23.59,23.6,23.25,23.25,4239,9906540.0,-0.4,-1.6913319238900637
2017-06-09,15:00,sz002058,*ST威尔,23.3,23.3,22.4,23.14,8931,20270108.0,-0.11,-0.4731182795698925
2017-06-12,15:00,sz002058,*ST威尔,22.7,23.0,22.52,23.0,4995,11357946.0,-0.14,-0.6050129645635264
2017-06-13,15:00,sz002058,*ST威尔,22.8,23.0,22.61,22.97,5192,11827793.0,-0.03,-0.1304347826086956
2017-06-14,15:00,sz002058,*ST威尔,22.94,22.94,22.62,22.93,4264,9717979.0,-0.04,-0.174140182847192
2017-06-15,15:00,sz002058,*ST威尔,22.72,22.95,22.7,22.7,6422,14626898.0,-0.23,-1.003052769297863
2017-06-16,15:00,sz002058,*ST威尔,22.7,22.78,22.42,22.48,4417,9944497.0,-0.22,-0.9691629955947136
2017-06-19,15:00,sz002058,*ST威尔,22.59,22.71,22.44,22.64,3957,8932442.0,0.16,0.7117437722419928
2017-06-20,15:00,sz002058,*ST威尔,22.6,22.75,22.6,22.66,5242,11892257.0,0.02,0.0883392226148409
2017-06-21,15:00,sz002058,*ST威尔,22.77,22.82,22.46,22.58,4158,9413962.0,-0.08,-0.353045013239188
2017-06-22,15:00,sz002058,*ST威尔,22.55,22.89,22.08,22.5,10943,24640706.0,-0.08,-0.354295837023915
2017-06-23,15:00,sz002058,*ST威尔,22.45,22.49,21.91,22.12,7664,16969866.0,-0.38,-1.6888888888888889
2017-06-26,15:00,sz002058,*ST威尔,22.14,22.14,21.7,22.01,6451,14110799.0,-0.11,-0.4972875226039783
2017-06-27,15:00,sz002058,*ST威尔,21.92,22.19,21.82,22.11,5639,12419336.0,0.1,0.4543389368468878
2017-06-28,15:00,sz002058,*ST威尔,22.11,22.11,21.71,22.01,5393,11822094.0,-0.1,-0.4522840343735866
2017-06-29,15:00,sz002058,*ST威尔,22.01,22.11,21.89,22.01,5020,11043814.0,0.0,0.0
2017-06-30,15:00,sz002058,*ST威尔,21.74,22.05,21.72,22.02,6378,13960769.0,0.01,0.0454338936846887
2017-07-03,15:00,sz002058,*ST威尔,22.0,22.48,22.0,22.09,4562,10149861.0,0.07,0.3178928247048138
2017-07-04,15:00,sz002058,*ST威尔,22.09,22.36,22.03,22.18,4320,9584986.0,0.09,0.4074241738343142
2017-07-05,15:00,sz002058,*ST威尔,22.2,22.25,22.1,22.18,2958,6554342.5,0.0,0.0
2017-07-06,15:00,sz002058,*ST威尔,22.19,22.4,22.1,22.26,3218,7171080.5,0.08,0.3606853020739404
2017-07-07,15:00,sz002058,*ST威尔,22.26,23.59,22.1,23.09,14643,33688804.0,0.83,3.728661275831087
2017-07-10,15:00,sz002058,*ST威尔,22.85,22.85,22.1,22.4,7605,17131806.0,-0.69,-2.988306626245128
2017-07-11,15:00,sz002058,*ST威尔,22.3,22.5,22.22,22.39,3665,8182530.0,-0.01,-0.0446428571428571
2017-07-12,15:00,sz002058,*ST威尔,22.18,22.49,22.13,22.19,3432,7624186.5,-0.2,-0.8932559178204555
2017-07-13,15:00,sz002058,*ST威尔,22.29,22.85,22.18,22.2,4520,10067259.0,0.01,0.0450653447498873
2017-07-14,15:00,sz002058,*ST威尔,22.15,22.25,21.82,22.15,4413,9731937.0,-0.05,-0.2252252252252252
2017-07-17,15:00,sz002058,*ST威尔,22.06,22.06,20.0,20.58,8134,17011932.0,-1.57,-7.088036117381489
2017-07-18,15:00,sz002058,*ST威尔,20.4,20.53,19.88,20.37,7983,16133228.0,-0.21,-1.020408163265306
2017-07-19,15:00,sz002058,*ST威尔,20.37,20.37,19.88,20.25,4495,9063179.0,-0.12,-0.5891016200294551
2017-07-20,15:00,sz002058,*ST威尔,20.13,20.65,20.11,20.58,4057,8293340.5,0.33,1.6296296296296295
2017-07-21,15:00,sz002058,*ST威尔,20.57,20.94,20.18,20.68,3452,7105217.0,0.1,0.4859086491739553
2017-07-24,15:00,sz002058,*ST威尔,20.7,20.7,20.43,20.56,2450,5029935.0,-0.12,-0.5802707930367506
2017-07-25,15:00,sz002058,*ST威尔,20.56,20.7,20.31,20.38,2629,5385590.5,-0.18,-0.8754863813229572
2017-07-26,15:00,sz002058,*ST威尔,20.22,20.62,20.22,20.55,2029,4142471.0,0.17,0.8341511285574091
2017-07-27,15:00,sz002058,*ST威尔,20.54,20.75,20.21,20.58,3292,6743095.0,0.03,0.145985401459854
2017-07-28,15:00,sz002058,*ST威尔,20.38,20.67,20.38,20.55,2116,4346797.0,-0.03,-0.1457725947521866
2017-07-31,15:00,sz002058,*ST威尔,20.48,20.48,20.0,20.16,5353,10799660.0,-0.39,-1.897810218978102
2017-08-01,15:00,sz002058,*ST威尔,20.11,20.16,19.88,20.13,4356,8727473.0,-0.03,-0.1488095238095238
2017-08-02,15:00,sz002058,*ST威尔,20.13,22.0,19.97,21.3,11431,23646834.0,1.17,5.812220566318927
2017-08-03,15:00,sz002058,*ST威尔,21.29,21.54,20.71,21.32,8783,18622986.0,0.02,0.0938967136150234
2017-08-04,15:00,sz002058,*ST威尔,20.82,21.23,20.25,20.4,5631,11738820.0,-0.92,-4.315196998123827
2017-08-07,15:00,sz002058,*ST威尔,20.4,20.65,20.24,20.65,2895,5923589.5,0.25,1.2254901960784317
2017-08-08,15:00,sz002058,*ST威尔,20.92,20.92,20.3,20.35,4056,8283698.0,-0.3,-1.452784503631961
2017-08-09,15:00,sz002058,*ST威尔,20.55,20.95,20.24,20.66,4879,10091324.0,0.31,1.5233415233415233
2017-09-20,15:00,sz002058,*ST威尔,21.5,22.09,20.68,20.82,22399,47504240.0,0.16,0.7744433688286544
2017-09-21,15:00,sz002058,*ST威尔,20.72,21.29,20.09,20.5,17711,36224460.0,-0.32,-1.536983669548511
2017-09-22,15:00,sz002058,*ST威尔,20.28,20.3,19.91,20.13,7498,15063221.0,-0.37,-1.804878048780488
2017-09-25,15:00,sz002058,*ST威尔,20.0,20.19,19.8,19.86,5283,10530084.0,-0.27,-1.3412816691505216
2017-09-26,15:00,sz002058,*ST威尔,19.72,20.0,19.51,19.61,6909,13613607.0,-0.25,-1.2588116817724069
2017-09-27,15:00,sz002058,*ST威尔,19.64,19.88,19.55,19.57,4587,9021974.0,-0.04,-0.2039775624681285
2017-09-28,15:00,sz002058,*ST威尔,19.6,19.73,19.19,19.19,5953,11520792.0,-0.38,-1.9417475728155336
2017-09-29,15:00,sz002058,*ST威尔,19.29,19.45,19.2,19.44,5789,11181862.0,0.25,1.3027618551328817
2017-10-09,15:00,sz002058,*ST威尔,19.59,19.77,19.4,19.47,4948,9698140.0,0.03,0.1543209876543209
2017-10-10,15:00,sz002058,*ST威尔,19.74,20.18,19.56,20.12,5481,10877782.0,0.65,3.338469440164355
2017-10-11,15:00,sz002058,*ST威尔,20.15,20.23,19.82,19.9,4606,9222332.0,-0.22,-1.0934393638170974
2017-10-12,15:00,sz002058,*ST威尔,20.0,20.16,19.85,20.0,4475,8946594.0,0.1,0.5025125628140703
2017-10-13,15:00,sz002058,*ST威尔,20.15,20.16,18.15,20.06,8777,17568582.0,0.06,0.3
2017-10-16,15:00,sz002058,*ST威尔,20.06,20.28,19.5,19.67,6466,12876244.0,-0.39,-1.9441674975074776
2017-10-17,15:00,sz002058,*ST威尔,19.5,19.59,19.06,19.26,3020,5839034.0,-0.41,-2.084392475851551
2017-10-18,15:00,sz002058,*ST威尔,19.3,19.4,19.02,19.3,3677,7055758.5,0.04,0.2076843198338525
2017-10-19,15:00,sz002058,*ST威尔,19.16,19.32,18.51,18.7,4004,7562579.0,-0.6,-3.1088082901554404
2017-10-20,15:00,sz002058,*ST威尔,18.7,19.77,18.3,19.43,6334,12220699.0,0.73,3.903743315508021
2017-10-23,15:00,sz002058,*ST威尔,19.4,20.04,19.3,19.66,5510,10823180.0,0.23,1.1837364899639733
2017-10-24,15:00,sz002058,*ST威尔,19.67,20.5,19.23,20.03,8856,17744672.0,0.37,1.8819938962360123
2017-10-25,15:00,sz002058,*ST威尔,20.0,20.1,19.65,19.86,4387,8717123.0,-0.17,-0.8487269096355468
2017-10-26,15:00,sz002058,*ST威尔,19.89,20.02,19.65,19.89,6308,12504974.0,0.03,0.1510574018126888
2017-10-27,15:00,sz002058,*ST威尔,19.99,19.99,19.44,19.45,5251,10309769.0,-0.44,-2.212166918049271
2017-10-30,15:00,sz002058,*ST威尔,19.01,19.59,18.68,18.75,5866,11101291.0,-0.7,-3.5989717223650386
2017-10-31,15:00,sz002058,*ST威尔,18.72,19.12,18.35,19.05,3546,6710475.0,0.3,1.6
2017-11-01,15:00,sz002058,*ST威尔,18.99,19.19,18.73,18.76,4550,8599949.0,-0.29,-1.5223097112860893
2017-11-02,15:00,sz002058,*ST威尔,18.76,18.76,17.95,18.4,9871,17930764.0,-0.36,-1.9189765458422177
2017-11-03,15:00,sz002058,*ST威尔,18.18,18.3,17.83,17.95,5931,10677444.0,-0.45,-2.4456521739130435
2017-11-06,15:00,sz002058,*ST威尔,17.92,18.03,17.74,18.0,3667,6558976.5,0.05,0.2785515320334262
2017-11-07,15:00,sz002058,*ST威尔,18.04,19.8,17.8,19.8,13378,25581958.0,1.8,10.0
2017-11-08,15:00,sz002058,*ST威尔,19.57,20.12,19.43,19.8,15840,31412986.0,0.0,0.0
2017-11-09,15:00,sz002058,*ST威尔,19.56,20.15,19.35,19.69,10965,21627338.0,-0.11,-0.5555555555555556
2017-11-10,15:00,sz002058,*ST威尔,19.88,19.88,19.41,19.41,5692,11106892.0,-0.28,-1.4220416455053326
2017-11-13,15:00,sz002058,*ST威尔,19.4,19.4,18.88,19.05,5706,10870876.0,-0.36,-1.854714064914992
2017-11-14,15:00,sz002058,*ST威尔,18.8,19.05,18.53,18.87,5122,9615350.0,-0.18,-0.9448818897637796
2017-11-15,15:00,sz002058,*ST威尔,18.77,19.35,18.66,19.02,4339,8287229.5,0.15,0.7949125596184419
2017-11-16,15:00,sz002058,*ST威尔,19.02,19.22,18.72,18.79,2704,5132257.0,-0.23,-1.2092534174553102
2017-11-17,15:00,sz002058,*ST威尔,18.63,19.12,18.18,18.62,4540,8494730.0,-0.17,-0.9047365620010644
2017-11-20,15:00,sz002058,*ST威尔,18.33,19.6,18.33,19.04,6340,12065370.0,0.42,2.255639097744361
2017-11-21,15:00,sz002058,*ST威尔,18.89,19.13,18.3,18.8,5174,9726597.0,-0.24,-1.2605042016806722
2017-11-22,15:00,sz002058,*ST威尔,18.66,19.0,18.66,18.9,3335,6279214.0,0.1,0.5319148936170213
2017-11-23,15:00,sz002058,*ST威尔,18.79,20.79,18.79,20.79,27791,56259924.0,1.89,10.0
2017-11-24,15:00,sz002058,*ST威尔,20.95,21.99,20.8,21.75,56172,120926360.0,0.96,4.617604617604617
2017-11-27,15:00,sz002058,*ST威尔,21.1,21.57,20.51,20.99,25268,53235152.0,-0.76,-3.494252873563218
2017-11-28,15:00,sz002058,*ST威尔,21.1,22.78,20.76,22.65,35976,79119696.0,1.66,7.908527870414483
2017-11-29,15:00,sz002058,*ST威尔,22.5,22.82,21.75,22.82,31953,71780472.0,0.17,0.7505518763796909
2017-11-30,15:00,sz002058,*ST威尔,22.7,22.7,21.71,22.31,20650,45753196.0,-0.51,-2.2348816827344438
2017-12-01,15:00,sz002058,*ST威尔,22.1,22.68,21.75,22.53,14615,32386438.0,0.22,0.9861048857014793
2017-12-04,15:00,sz002058,*ST威尔,22.02,22.55,22.02,22.13,13668,30514998.0,-0.4,-1.775410563692854
2017-12-05,15:00,sz002058,*ST威尔,21.92,22.13,20.6,21.08,12392,26497190.0,-1.05,-4.744690465431541
2017-12-06,15:00,sz002058,*ST威尔,20.97,21.38,20.48,21.26,10231,21400986.0,0.18,0.8538899430740038
2017-12-07,15:00,sz002058,*ST威尔,21.33,21.84,21.03,21.81,19863,42778444.0,0.55,2.5870178739416745
2017-12-08,15:00,sz002058,*ST威尔,21.66,21.92,21.33,21.64,15420,33488296.0,-0.17,-0.7794589637780834
2017-12-11,15:00,sz002058,*ST威尔,21.66,21.87,21.03,21.71,14755,31845038.0,0.07,0.3234750462107209
2017-12-12,15:00,sz002058,*ST威尔,21.65,21.65,20.89,20.99,14180,30112032.0,-0.72,-3.316444035006909
2017-12-13,15:00,sz002058,*ST威尔,21.05,21.05,20.51,20.66,8896,18342368.0,-0.33,-1.572177227251072
2017-12-14,15:00,sz002058,*ST威尔,20.37,20.76,20.0,20.41,10120,20467298.0,-0.25,-1.2100677637947723
2017-12-15,15:00,sz002058,*ST威尔,20.47,20.94,20.22,20.61,17512,36105984.0,0.2,0.9799118079372856
2017-12-18,15:00,sz002058,*ST威尔,20.6,20.61,19.22,19.77,15664,31061506.0,-0.84,-4.075691411935954
2017-12-19,15:00,sz002058,*ST威尔,19.66,20.25,19.49,20.14,8167,16325714.0,0.37,1.8715225088517955
2017-12-20,15:00,sz002058,*ST威尔,20.38,20.38,19.67,19.86,5768,11533236.0,-0.28,-1.3902681231380336
2017-12-21,15:00,sz002058,*ST威尔,19.6,19.99,19.5,19.99,5362,10587317.0,0.13,0.6545820745216516
2017-12-22,15:00,sz002058,*ST威尔,19.95,21.6,19.73,21.19,25248,53141780.0,1.2,6.003001500750376
2017-12-25,15:00,sz002058,*ST威尔,21.02,21.75,20.35,21.13,26275,55825328.0,-0.06,-0.2831524303916942
2017-12-26,15:00,sz002058,*ST威尔,20.78,21.33,20.63,20.98,11299,23698202.0,-0.15,-0.709891150023663
2017-12-27,15:00,sz002058,*ST威尔,20.78,21.08,20.61,20.75,6076,12618588.0,-0.23,-1.09628217349857
2017-12-28,15:00,sz002058,*ST威尔,20.52,21.16,20.13,20.7,7043,14538176.0,-0.05,-0.2409638554216867
2017-12-29,15:00,sz002058,*ST威尔,20.37,21.5,20.37,21.35,10427,21893040.0,0.65,3.140096618357488
2018-01-02,15:00,sz002058,*ST威尔,21.12,21.51,21.07,21.26,5145,10945770.0,-0.09,-0.4215456674473068
2018-01-03,15:00,sz002058,*ST威尔,21.26,21.35,20.85,21.16,5409,11389445.0,-0.1,-0.4703668861712135
2018-01-04,15:00,sz002058,*ST威尔,20.97,21.45,20.8,20.86,5845,12299776.0,-0.3,-1.4177693761814745
2018-01-05,15:00,sz002058,*ST威尔,20.86,21.1,20.55,21.05,6126,12748762.0,0.19,0.9108341323106424
2018-01-08,15:00,sz002058,*ST威尔,21.5,21.68,20.84,21.34,8333,17708036.0,0.29,1.3776722090261282
2018-01-09,15:00,sz002058,*ST威尔,21.35,21.5,20.88,21.44,9449,20123884.0,0.1,0.4686035613870665
2018-01-10,15:00,sz002058,*ST威尔,21.78,23.58,21.4,22.09,19758,43528704.0,0.65,3.031716417910448
2018-01-11,15:00,sz002058,*ST威尔,22.02,22.99,21.55,22.3,19437,43593532.0,0.21,0.9506564056133996
2018-01-12,15:00,sz002058,*ST威尔,21.91,22.05,21.02,22.0,10731,23238186.0,-0.3,-1.345291479820628
2018-01-15,15:00,sz002058,*ST威尔,21.78,21.95,21.1,21.9,9192,19838474.0,-0.1,-0.4545454545454545
2018-01-16,15:00,sz002058,*ST威尔,21.8,21.85,21.44,21.46,6626,14326269.0,-0.44,-2.009132420091324
2018-01-17,15:00,sz002058,*ST威尔,21.3,21.88,21.23,21.53,6204,13417610.0,0.07,0.32618825722274
2018-01-18,15:00,sz002058,*ST威尔,21.75,22.6,21.3,22.09,12486,27730596.0,0.56,2.601021830004645
2018-01-19,15:00,sz002058,*ST威尔,22.02,22.4,21.55,21.84,4104,8947459.0,-0.25,-1.131733816206428
2018-01-22,15:00,sz002058,*ST威尔,21.64,21.87,21.2,21.26,3951,8451231.0,-0.58,-2.655677655677656
2018-01-23,15:00,sz002058,*ST威尔,21.26,22.0,20.81,21.85,7817,16740762.0,0.59,2.77516462841016
2018-01-24,15:00,sz002058,*ST威尔,21.51,21.8,21.3,21.55,3143,6763902.5,-0.3,-1.3729977116704806
2018-01-25,15:00,sz002058,*ST威尔,21.16,21.62,21.02,21.09,2773,5911609.5,-0.46,-2.134570765661253
2018-01-26,15:00,sz002058,*ST威尔,21.09,21.44,20.84,20.86,2957,6222453.5,-0.23,-1.0905642484589853
2018-01-29,15:00,sz002058,*ST威尔,20.87,21.59,20.87,21.09,4734,10042222.0,0.23,1.102588686481304
2018-01-30,15:00,sz002058,*ST威尔,20.86,21.1,20.3,20.59,4195,8692841.0,-0.5,-2.370791844476055
2018-01-31,15:00,sz002058,*ST威尔,20.59,21.05,19.7,20.59,11397,23197324.0,0.0,0.0
2018-02-01,15:00,sz002058,*ST威尔,21.05,21.2,20.02,20.3,4860,9934353.0,-0.29,-1.4084507042253522
2018-02-02,15:00,sz002058,*ST威尔,20.2,20.39,19.7,19.83,9218,18358894.0,-0.47,-2.315270935960591
2018-02-05,15:00,sz002058,*ST威尔,19.8,20.01,19.07,19.59,3272,6452775.5,-0.24,-1.2102874432677762
2018-02-06,15:00,sz002058,*ST威尔,20.09,20.09,17.63,17.63,3933,7169908.0,-1.96,-10.005104645227156
2018-02-07,15:00,sz002058,*ST威尔,15.87,19.39,15.87,18.5,48241,79298312.0,0.87,4.934770277935337
2018-02-08,15:00,sz002058,*ST威尔,17.11,17.94,16.75,17.6,8969,15565928.0,-0.9,-4.864864864864865
2018-02-09,15:00,sz002058,*ST威尔,16.06,17.55,16.06,16.55,5411,8917992.0,-1.05,-5.965909090909091
2018-02-12,15:00,sz002058,*ST威尔,16.22,17.38,16.22,17.38,6000,10053759.0,0.83,5.015105740181268
2018-02-13,15:00,sz002058,*ST威尔,17.38,17.38,16.01,16.75,7351,12184306.0,-0.63,-3.624856156501726
2018-02-14,15:00,sz002058,*ST威尔,16.53,17.1,16.45,17.02,4849,8198220.0,0.27,1.611940298507463
2018-02-22,15:00,sz002058,*ST威尔,17.0,17.35,16.72,17.12,2391,4090743.0,0.1,0.5875440658049353
2018-02-23,15:00,sz002058,*ST威尔,16.88,17.13,16.76,16.86,5273,8941398.0,-0.26,-1.5186915887850467
2018-02-26,15:00,sz002058,*ST威尔,16.99,17.16,16.86,17.15,5938,10128627.0,0.29,1.720047449584816
2018-02-27,15:00,sz002058,*ST威尔,17.11,17.18,16.65,16.67,4836,8162920.0,-0.48,-2.7988338192419824
2018-02-28,15:00,sz002058,*ST威尔,16.92,17.09,16.63,16.91,4618,7820551.0,0.24,1.4397120575884823
2018-03-01,15:00,sz002058,*ST威尔,17.0,17.44,16.8,17.27,5662,9671184.0,0.36,2.1289178001182734
2018-03-02,15:00,sz002058,*ST威尔,17.2,18.2,16.93,17.84,12818,22524262.0,0.57,3.3005211349160395
2018-03-05,15:00,sz002058,*ST威尔,17.8,18.4,17.31,17.33,7182,12621542.0,-0.51,-2.8587443946188342
2018-03-06,15:00,sz002058,*ST威尔,17.64,17.64,17.08,17.61,4653,8084167.0,0.28,1.6156953260242353
2018-03-07,15:00,sz002058,*ST威尔,17.6,17.88,17.41,17.88,5453,9614667.0,0.27,1.5332197614991483
2018-03-08,15:00,sz002058,*ST威尔,17.82,18.16,17.53,18.02,6912,12351497.0,0.14,0.7829977628635347
2018-03-09,15:00,sz002058,*ST威尔,19.5,19.82,19.5,19.82,74645,147604592.0,1.8,9.988901220865705
2018-03-12,15:00,sz002058,*ST威尔,18.5,19.69,18.4,19.38,47355,89974240.0,-0.44,-2.219979818365288
2018-03-13,15:00,sz002058,*ST威尔,18.8,18.99,18.55,18.81,26249,49325444.0,-0.57,-2.941176470588235
2018-03-14,15:00,sz002058,*ST威尔,18.93,18.93,18.17,18.17,16077,29733538.0,-0.64,-3.402445507708666
2018-03-15,15:00,sz002058,*ST威尔,18.02,18.17,17.21,17.63,15978,28212046.0,-0.54,-2.971931755641167
2018-03-16,15:00,sz002058,*ST威尔,17.51,17.74,17.44,17.63,9361,16470290.0,0.0,0.0
2018-03-19,15:00,sz002058,*ST威尔,17.63,17.9,17.4,17.9,9298,16473687.0,0.27,1.5314804310833807
2018-03-20,15:00,sz002058,*ST威尔,18.0,18.29,17.71,17.96,10265,18456314.0,0.06,0.3351955307262569
2018-03-21,15:00,sz002058,*ST威尔,17.78,18.15,17.51,17.82,10139,18137502.0,-0.14,-0.779510022271715
2018-03-22,15:00,sz002058,*ST威尔,17.77,17.92,17.53,17.67,7372,13019727.0,-0.15,-0.8417508417508417
2018-03-23,15:00,sz002058,*ST威尔,17.1,17.1,15.9,15.9,21287,34527888.0,-1.77,-10.0169779286927
2018-03-26,15:00,sz002058,*ST威尔,15.95,15.99,15.03,15.99,13640,20964388.0,0.09,0.5660377358490566
2018-03-27,15:00,sz002058,*ST威尔,15.91,16.74,15.91,16.48,12225,19936588.0,0.49,3.0644152595372107
2018-03-28,15:00,sz002058,*ST威尔,16.25,17.6,15.0,17.32,20406,34749608.0,0.84,5.097087378640777
2018-03-29,15:00,sz002058,*ST威尔,16.61,17.64,16.61,16.97,15025,25592584.0,-0.35,-2.020785219399538
2018-03-30,15:00,sz002058,*ST威尔,16.88,17.26,16.85,16.9,7891,13406647.0,-0.07,-0.412492634060106
2018-04-02,15:00,sz002058,*ST威尔,16.95,16.99,16.5,16.56,7751,12991650.0,-0.34,-2.0118343195266277
2018-04-03,15:00,sz002058,*ST威尔,16.45,16.48,16.04,16.2,7155,11616735.0,-0.36,-2.1739130434782608
2018-04-04,15:00,sz002058,*ST威尔,16.38,16.4,16.0,16.05,6171,9965820.0,-0.15,-0.9259259259259258
2018-04-09,15:00,sz002058,*ST威尔,16.0,16.08,15.6,16.01,5813,9231087.0,-0.04,-0.249221183800623
2018-04-10,15:00,sz002058,*ST威尔,15.99,16.81,15.83,16.3,14632,23924280.0,0.29,1.811367895065584
2018-04-11,15:00,sz002058,*ST威尔,16.1,16.5,16.1,16.3,7734,12593296.0,0.0,0.0
2018-04-12,15:00,sz002058,*ST威尔,16.48,16.48,16.1,16.2,4841,7891069.0,-0.1,-0.6134969325153374
2018-04-13,15:00,sz002058,*ST威尔,16.3,16.38,16.11,16.18,3727,6045153.0,-0.02,-0.1234567901234567
2018-04-16,15:00,sz002058,*ST威尔,16.01,16.23,15.75,16.0,6177,9820384.0,-0.18,-1.112484548825711
2018-04-17,15:00,sz002058,*ST威尔,16.09,16.09,15.26,15.8,6271,9855179.0,-0.2,-1.25
2018-04-18,15:00,sz002058,*ST威尔,15.78,15.78,15.15,15.62,6268,9682525.0,-0.18,-1.139240506329114
2018-04-19,15:00,sz002058,*ST威尔,15.49,15.72,15.36,15.6,4488,6993446.5,-0.02,-0.1280409731113956
2018-04-20,15:00,sz002058,*ST威尔,15.6,15.7,15.1,15.3,5809,8903925.0,-0.3,-1.9230769230769231
2018-04-23,15:00,sz002058,*ST威尔,15.38,15.38,14.67,14.7,13097,19781716.0,-0.6,-3.92156862745098
2018-04-24,15:00,sz002058,*ST威尔,14.5,15.28,14.41,15.1,10760,16040755.0,0.4,2.7210884353741496
2018-04-25,15:00,sz002058,*ST威尔,15.04,15.29,14.87,15.01,5779,8746773.0,-0.09,-0.5960264900662252
2018-04-26,15:00,sz002058,*ST威尔,15.1,15.44,14.2,14.75,8872,13105450.0,-0.26,-1.73217854763491
2018-04-27,15:00,sz002058,*ST威尔,14.73,14.73,14.05,14.09,14037,20030462.0,-0.66,-4.474576271186441
2018-05-02,15:00,sz002058,*ST威尔,14.13,14.26,13.0,13.33,12922,17497426.0,-0.76,-5.39389638041164
2018-05-03,15:00,sz002058,*ST威尔,13.22,13.53,13.06,13.34,7170,9555731.0,0.01,0.0750187546886721
2018-05-04,15:00,sz002058,*ST威尔,13.34,13.86,13.2,13.36,16440,22104928.0,0.02,0.1499250374812593
2018-05-07,15:00,sz002058,*ST威尔,13.39,13.82,13.39,13.77,12478,17057294.0,0.41,3.068862275449101
2018-05-08,15:00,sz002058,*ST威尔,13.87,13.9,13.61,13.69,7548,10343438.0,-0.08,-0.5809731299927379
2018-05-09,15:00,sz002058,*ST威尔,13.88,14.2,13.72,14.02,9628,13450370.0,0.33,2.410518626734843
2018-05-10,15:00,sz002058,*ST威尔,14.07,14.84,14.0,14.64,13699,19708690.0,0.62,4.42225392296719
2018-05-11,15:00,sz002058,*ST威尔,14.47,14.51,13.95,14.08,13939,19743464.0,-0.56,-3.825136612021858
2018-05-14,15:00,sz002058,*ST威尔,14.08,14.08,13.59,13.87,7359,10164019.0,-0.21,-1.4914772727272727
2018-05-15,15:00,sz002058,*ST威尔,13.61,14.05,13.61,14.01,7471,10319292.0,0.14,1.009372746935833
2018-05-16,15:00,sz002058,*ST威尔,14.1,14.1,13.81,13.85,5612,7819989.0,-0.16,-1.142041399000714
2018-05-17,15:00,sz002058,*ST威尔,13.94,14.2,13.88,14.16,7018,9829283.0,0.31,2.2382671480144403
2018-05-18,15:00,sz002058,*ST威尔,13.93,14.49,13.93,14.42,9008,12872808.0,0.26,1.8361581920903955
2018-05-21,15:00,sz002058,*ST威尔,14.47,14.74,14.22,14.6,9995,14567844.0,0.18,1.248266296809986
2018-05-22,15:00,sz002058,*ST威尔,14.7,14.7,14.22,14.68,12928,18685738.0,0.08,0.547945205479452
2018-05-23,15:00,sz002058,*ST威尔,14.66,15.55,14.42,14.75,28032,41557644.0,0.07,0.4768392370572207
2018-05-24,15:00,sz002058,*ST威尔,14.28,14.52,14.13,14.31,14207,20319332.0,-0.44,-2.983050847457627
2018-05-25,15:00,sz002058,*ST威尔,14.26,14.54,14.2,14.24,6784,9707174.0,-0.07,-0.4891684136967156
2018-05-28,15:00,sz002058,*ST威尔,14.27,14.31,13.65,13.65,10563,14645596.0,-0.59,-4.143258426966292
2018-05-29,15:00,sz002058,*ST威尔,13.67,13.89,13.03,13.12,6177,8294212.0,-0.53,-3.8827838827838823
2018-05-30,15:00,sz002058,*ST威尔,13.12,13.19,12.03,12.5,18749,23739682.0,-0.62,-4.725609756097561
2018-05-31,15:00,sz002058,*ST威尔,12.55,12.84,12.36,12.5,7065,8926353.0,0.0,0.0
2018-06-01,15:00,sz002058,*ST威尔,12.52,12.84,12.32,12.56,4846,6101351.0,0.06,0.48
2018-06-04,15:00,sz002058,*ST威尔,12.8,12.98,12.62,12.98,7610,9763525.0,0.42,3.343949044585987
2018-06-05,15:00,sz002058,*ST威尔,13.04,13.24,12.83,13.1,5683,7456593.0,0.12,0.9244992295839756
2018-06-06,15:00,sz002058,*ST威尔,13.1,13.33,13.06,13.28,5517,7297115.0,0.18,1.3740458015267176
2018-06-07,15:00,sz002058,*ST威尔,13.3,13.42,13.05,13.12,4701,6206545.0,-0.16,-1.2048192771084338
2018-06-08,15:00,sz002058,*ST威尔,13.24,13.24,12.74,12.83,3543,4562273.0,-0.29,-2.2103658536585367
2018-06-11,15:00,sz002058,*ST威尔,12.64,12.87,12.55,12.55,2007,2547831.0,-0.28,-2.182385035074045
2018-06-12,15:00,sz002058,*ST威尔,12.55,12.68,12.18,12.6,4365,5451330.0,0.05,0.398406374501992
2018-06-13,15:00,sz002058,*ST威尔,12.6,12.62,12.19,12.25,3682,4551865.0,-0.35,-2.7777777777777777
2018-06-14,15:00,sz002058,*ST威尔,12.11,12.99,12.06,12.12,4716,5840667.5,-0.13,-1.0612244897959184
2018-06-15,15:00,sz002058,*ST威尔,12.17,12.19,11.42,11.63,6150,7192397.0,-0.49,-4.042904290429043
2018-06-19,15:00,sz002058,*ST威尔,11.5,12.66,10.47,10.47,8734,9560214.0,-1.16,-9.974204643164231
2018-06-20,15:00,sz002058,*ST威尔,10.5,10.6,9.55,10.0,11686,11876003.0,-0.47,-4.48901623686724
2018-06-21,15:00,sz002058,*ST威尔,10.01,10.44,10.0,10.05,10662,10861742.0,0.05,0.5
2018-06-22,15:00,sz002058,*ST威尔,10.05,10.13,9.51,9.92,9216,9146051.0,-0.13,-1.2935323383084576
2018-06-25,15:00,sz002058,*ST威尔,10.04,10.34,10.0,10.26,10493,10681049.0,0.34,3.427419354838709
2018-06-26,15:00,sz002058,*ST威尔,10.09,10.43,9.95,10.4,4332,4461913.0,0.14,1.364522417153996
2018-06-27,15:00,sz002058,*ST威尔,11.43,11.43,10.16,10.5,13808,14840236.0,0.1,0.9615384615384616
2018-06-28,15:00,sz002058,*ST威尔,10.31,10.68,10.18,10.29,8719,9099306.0,-0.21,-2.0
2018-06-29,15:00,sz002058,*ST威尔,10.24,10.6,10.05,10.45,6115,6390243.5,0.16,1.5549076773566568
2018-07-02,15:00,sz002058,*ST威尔,10.74,10.86,10.36,10.6,7736,8224368.0,0.15,1.4354066985645932
2018-07-03,15:00,sz002058,*ST威尔,10.62,10.7,10.25,10.64,5818,6120602.0,0.04,0.3773584905660377
2018-07-04,15:00,sz002058,*ST威尔,10.65,10.92,10.0,10.68,10680,11157063.0,0.04,0.3759398496240601
2018-07-05,15:00,sz002058,*ST威尔,10.39,11.3,10.38,11.3,23213,25221650.0,0.62,5.805243445692884
2018-07-06,15:00,sz002058,*ST威尔,11.8,11.8,10.3,10.7,26512,29650110.0,-0.6,-5.3097345132743365
2018-07-09,15:00,sz002058,*ST威尔,10.52,10.76,10.46,10.67,8609,9114794.0,-0.03,-0.2803738317757009
2018-07-10,15:00,sz002058,*ST威尔,10.65,10.76,10.52,10.74,4912,5241924.5,0.07,0.6560449859418931
2018-07-11,15:00,sz002058,*ST威尔,10.6,10.62,10.01,10.2,9416,9678999.0,-0.54,-5.027932960893855
2018-07-12,15:00,sz002058,*ST威尔,10.29,10.59,10.16,10.4,6410,6675459.0,0.2,1.96078431372549
2018-07-13,15:00,sz002058,*ST威尔,10.43,10.96,10.43,10.85,7442,8031229.0,0.45,4.326923076923077
2018-07-16,15:00,sz002058,*ST威尔,10.86,11.75,10.63,11.32,11813,13196351.0,0.47,4.331797235023042
2018-07-17,15:00,sz002058,*ST威尔,11.13,12.3,11.02,11.61,16577,19331880.0,0.29,2.5618374558303887
2018-07-18,15:00,sz002058,*ST威尔,11.21,11.7,11.21,11.4,8683,9951095.0,-0.21,-1.8087855297157625
2018-07-19,15:00,sz002058,*ST威尔,11.44,11.44,10.5,10.53,13418,14540815.0,-0.87,-7.631578947368421
2018-07-20,15:00,sz002058,*ST威尔,10.59,10.84,10.34,10.7,8903,9434937.0,0.17,1.6144349477682811
2018-07-23,15:00,sz002058,*ST威尔,10.68,10.89,10.5,10.89,5120,5516202.0,0.19,1.7757009345794394
2018-07-24,15:00,sz002058,*ST威尔,10.87,11.15,10.61,11.12,9739,10715763.0,0.23,2.1120293847566574
2018-07-25,15:00,sz002058,*ST威尔,11.05,11.55,11.05,11.55,10430,11754208.0,0.43,3.866906474820144
2018-07-26,15:00,sz002058,*ST威尔,12.12,12.71,12.12,12.71,50940,64134344.0,1.16,10.043290043290042
2018-07-27,15:00,sz002058,*ST威尔,12.99,13.98,12.16,13.98,111807,151369904.0,1.27,9.99213217938631
2018-07-30,15:00,sz002058,*ST威尔,13.13,13.45,12.58,12.58,72075,92363920.0,-1.4,-10.014306151645208
2018-07-31,15:00,sz002058,*ST威尔,11.93,12.2,11.38,11.61,53310,62381408.0,-0.97,-7.710651828298887
2018-08-01,15:00,sz002058,*ST威尔,11.74,11.78,11.44,11.45,33980,39497936.0,-0.16,-1.3781223083548666
2018-08-02,15:00,sz002058,*ST威尔,11.35,11.9,11.2,11.69,41716,48363532.0,0.24,2.096069868995633
2018-08-03,15:00,sz002058,*ST威尔,11.49,11.72,11.21,11.6,27895,32165152.0,-0.09,-0.7698887938408896
2018-08-06,15:00,sz002058,*ST威尔,11.67,11.67,10.44,10.44,35681,38555924.0,-1.16,-10.0
2018-08-07,15:00,sz002058,*ST威尔,10.08,10.53,10.08,10.48,23208,23934706.0,0.04,0.3831417624521072
2018-08-08,15:00,sz002058,*ST威尔,10.38,10.52,10.26,10.43,14075,14622808.0,-0.05,-0.4770992366412214
2018-08-09,15:00,sz002058,*ST威尔,10.27,10.74,10.27,10.65,14543,15333437.0,0.22,2.109300095877277
2018-08-10,15:00,sz002058,*ST威尔,10.64,10.85,10.3,10.78,12087,12938317.0,0.13,1.2206572769953052
2018-08-13,15:00,sz002058,*ST威尔,10.66,10.7,10.39,10.62,11451,12056856.0,-0.16,-1.4842300556586272
2018-08-14,15:00,sz002058,*ST威尔,10.59,10.82,10.42,10.82,11722,12560949.0,0.2,1.8832391713747645
2018-08-15,15:00,sz002058,*ST威尔,10.75,10.82,10.3,10.3,12599,13224078.0,-0.52,-4.805914972273567
2018-08-16,15:00,sz002058,*ST威尔,10.26,10.34,9.83,10.05,13810,13907384.0,-0.25,-2.4271844660194173
2018-08-17,15:00,sz002058,*ST威尔,10.08,10.27,9.95,9.95,9472,9548039.0,-0.1,-0.9950248756218906
2018-08-20,15:00,sz002058,*ST威尔,9.87,10.12,9.75,10.03,6493,6448073.0,0.08,0.8040201005025126
2018-08-21,15:00,sz002058,*ST威尔,10.07,10.24,10.0,10.18,6780,6855606.0,0.15,1.4955134596211366
2018-08-22,15:00,sz002058,*ST威尔,10.18,10.33,9.88,9.9,6141,6122999.0,-0.28,-2.75049115913556
2018-08-23,15:00,sz002058,*ST威尔,9.87,10.0,9.82,9.9,6767,6706525.5,0.0,0.0
2018-08-24,15:00,sz002058,*ST威尔,9.9,10.06,9.87,9.92,6214,6199282.0,0.02,0.202020202020202
2018-08-27,15:00,sz002058,*ST威尔,9.91,10.12,9.91,10.07,7940,7989275.0,0.15,1.5120967741935485
2018-08-28,15:00,sz002058,*ST威尔,10.1,10.25,10.07,10.25,6919,7031223.0,0.18,1.787487586891758
2018-08-29,15:00,sz002058,*ST威尔,10.38,10.38,10.04,10.09,5712,5794441.0,-0.16,-1.5609756097560976
2018-08-30,15:00,sz002058,*ST威尔,10.12,10.17,9.83,9.88,6259,6241227.0,-0.21,-2.0812685827552038
2018-08-31,15:00,sz002058,*ST威尔,9.88,10.02,9.81,9.97,5815,5777871.0,0.09,0.9109311740890688
2018-09-03,15:00,sz002058,*ST威尔,9.98,10.05,9.55,9.67,5837,5699141.5,-0.3,-3.009027081243731
2018-09-04,15:00,sz002058,*ST威尔,9.8,10.0,9.68,9.96,6863,6798470.5,0.29,2.998965873836608
2018-09-05,15:00,sz002058,*ST威尔,9.96,10.16,9.9,9.98,7120,7138930.0,0.02,0.2008032128514056
2018-09-06,15:00,sz002058,*ST威尔,9.99,10.11,9.83,10.11,6749,6763722.0,0.13,1.3026052104208417
2018-09-07,15:00,sz002058,*ST威尔,10.15,10.2,9.86,10.05,8881,8922102.0,-0.06,-0.5934718100890208
2018-09-10,15:00,sz002058,*ST威尔,10.05,10.17,9.7,9.7,6492,6411463.5,-0.35,-3.482587064676617
2018-09-11,15:00,sz002058,*ST威尔,9.75,9.9,9.68,9.84,4279,4190075.75,0.14,1.443298969072165
2018-09-12,15:00,sz002058,*ST威尔,9.9,9.97,9.75,9.93,4249,4206980.5,0.09,0.9146341463414632
2018-09-13,15:00,sz002058,*ST威尔,10.34,10.5,10.18,10.31,22093,22793372.0,0.38,3.826787512588117
2018-09-14,15:00,sz002058,*ST威尔,10.19,10.3,10.01,10.02,9020,9126545.0,-0.29,-2.8128031037827355
2018-09-17,15:00,sz002058,*ST威尔,10.07,10.07,9.81,9.89,6225,6172058.5,-0.13,-1.2974051896207583
2018-09-18,15:00,sz002058,*ST威尔,9.96,10.17,9.83,10.12,7008,7016489.5,0.23,2.3255813953488373
2018-09-19,15:00,sz002058,*ST威尔,10.13,11.13,10.08,11.13,22555,24660920.0,1.01,9.9802371541502
2018-09-20,15:00,sz002058,*ST威尔,11.45,12.24,11.35,11.57,67245,79471016.0,0.44,3.953279424977538
2018-09-21,15:00,sz002058,*ST威尔,11.1,11.48,11.05,11.2,42238,47130488.0,-0.37,-3.197925669835782
2018-09-25,15:00,sz002058,*ST威尔,11.03,11.14,10.91,11.06,22198,24416976.0,-0.14,-1.25
2018-09-26,15:00,sz002058,*ST威尔,11.04,11.12,10.8,10.96,21803,23846440.0,-0.1,-0.9041591320072332
2018-09-27,15:00,sz002058,*ST威尔,10.83,11.02,10.74,10.96,17250,18740320.0,0.0,0.0
2018-09-28,15:00,sz002058,*ST威尔,11.0,11.04,10.52,10.59,18731,20147768.0,-0.37,-3.375912408759124
2018-10-08,15:00,sz002058,*ST威尔,10.32,10.57,10.3,10.39,12925,13427766.0,-0.2,-1.8885741265344664
2018-10-09,15:00,sz002058,*ST威尔,10.39,10.45,10.08,10.2,13033,13316808.0,-0.19,-1.8286814244465832
2018-10-10,15:00,sz002058,*ST威尔,10.19,10.27,10.01,10.14,10588,10729025.0,-0.06,-0.5882352941176471
2018-10-11,15:00,sz002058,*ST威尔,9.9,9.9,9.13,9.13,19183,18127206.0,-1.01,-9.960552268244577
2018-10-12,15:00,sz002058,*ST威尔,8.88,8.9,8.25,8.76,14840,12886483.0,-0.37,-4.052573932092004
2018-10-15,15:00,sz002058,*ST威尔,8.16,8.97,8.16,8.53,11158,9556247.0,-0.23,-2.6255707762557075
2018-10-16,15:00,sz002058,*ST威尔,8.5,8.7,8.07,8.14,9356,7848152.0,-0.39,-4.572098475967175
2018-10-17,15:00,sz002058,*ST威尔,8.32,8.48,8.2,8.42,9954,8310912.0,0.28,3.43980343980344
2018-10-18,15:00,sz002058,*ST威尔,8.4,8.4,8.21,8.21,7547,6252425.0,-0.21,-2.494061757719715
2018-10-19,15:00,sz002058,*ST威尔,8.21,9.03,8.07,8.62,14455,12417383.0,0.41,4.993909866017052
2018-10-22,15:00,sz002058,*ST威尔,9.45,9.45,9.04,9.12,21083,19432760.0,0.5,5.800464037122969
2018-10-23,15:00,sz002058,*ST威尔,9.06,9.7,9.06,9.46,22769,21574632.0,0.34,3.728070175438596
2018-10-24,15:00,sz002058,*ST威尔,9.28,9.58,9.2,9.29,16934,15843206.0,-0.17,-1.7970401691331923
2018-10-25,15:00,sz002058,*ST威尔,9.0,9.19,8.75,9.14,12344,11095368.0,-0.15,-1.6146393972012916
2018-10-26,15:00,sz002058,*ST威尔,9.24,9.43,9.19,9.3,12260,11393079.0,0.16,1.75054704595186
2018-10-29,15:00,sz002058,*ST威尔,9.17,9.34,9.05,9.17,5168,4774098.5,-0.13,-1.3978494623655917
2018-10-30,15:00,sz002058,*ST威尔,9.12,9.79,9.11,9.5,11919,11293892.0,0.33,3.598691384950927
2018-10-31,15:00,sz002058,*ST威尔,9.51,9.78,9.38,9.63,13520,12998378.0,0.13,1.368421052631579
2018-11-01,15:00,sz002058,*ST威尔,9.63,9.98,9.51,9.73,16622,16135559.0,0.1,1.038421599169263
2018-11-02,15:00,sz002058,*ST威尔,9.77,10.39,9.72,10.05,16278,16286199.0,0.32,3.28879753340185
2018-11-05,15:00,sz002058,*ST威尔,10.3,10.69,9.95,10.25,19686,20168948.0,0.2,1.9900497512437807
2018-11-06,15:00,sz002058,*ST威尔,10.25,10.35,9.58,10.25,20320,20188588.0,0.0,0.0
2018-11-07,15:00,sz002058,*ST威尔,10.45,11.28,10.45,11.28,35133,39361212.0,1.03,10.048780487804878
2018-11-08,15:00,sz002058,*ST威尔,12.3,12.3,11.4,11.4,79796,94922472.0,0.12,1.0638297872340423
2018-11-09,15:00,sz002058,*ST威尔,10.87,11.88,10.81,11.23,55107,61343584.0,-0.17,-1.4912280701754386
2018-11-12,15:00,sz002058,*ST威尔,11.08,11.45,11.03,11.24,40524,45577724.0,0.01,0.089047195013357
2018-11-13,15:00,sz002058,*ST威尔,10.96,12.03,10.96,11.48,49257,57013268.0,0.24,2.135231316725979
2018-11-14,15:00,sz002058,*ST威尔,11.23,12.18,11.12,11.67,49081,57333904.0,0.19,1.6550522648083623
2018-11-15,15:00,sz002058,*ST威尔,11.5,12.48,11.49,12.17,55697,67219928.0,0.5,4.284490145672665
2018-11-16,15:00,sz002058,*ST威尔,12.0,13.39,11.77,13.39,69150,87279360.0,1.22,10.024650780608052
2018-11-19,15:00,sz002058,*ST威尔,13.7,14.73,13.51,14.73,94258,136150672.0,1.34,10.007468259895443
2018-11-20,15:00,sz002058,*ST威尔,14.73,16.2,14.02,16.2,98293,155936640.0,1.47,9.979633401221996
2018-11-21,15:00,sz002058,*ST威尔,17.82,17.82,14.58,14.66,159805,253571136.0,-1.54,-9.506172839506172
2018-11-22,15:00,sz002058,*ST威尔,14.31,14.73,13.68,13.9,98706,139543344.0,-0.76,-5.184174624829468
2018-11-23,15:00,sz002058,*ST威尔,13.45,13.59,12.51,12.58,81878,106101072.0,-1.32,-9.49640287769784
2018-11-26,15:00,sz002058,*ST威尔,12.72,13.01,12.36,12.67,44651,56554304.0,0.09,0.7154213036565978
2018-11-27,15:00,sz002058,*ST威尔,12.79,12.86,12.28,12.61,41621,52309296.0,-0.06,-0.4735595895816891
2018-11-28,15:00,sz002058,*ST威尔,12.61,12.61,11.86,12.19,46084,55835436.0,-0.42,-3.330689928628073
2018-11-29,15:00,sz002058,*ST威尔,12.18,12.25,11.66,11.69,33433,40127368.0,-0.5,-4.101722723543888
2018-11-30,15:00,sz002058,*ST威尔,11.75,11.87,11.31,11.82,29377,34285912.0,0.13,1.1120615911035072
2018-12-03,15:00,sz002058,*ST威尔,12.18,12.18,11.86,11.86,45646,54872728.0,0.04,0.338409475465313
2018-12-04,15:00,sz002058,*ST威尔,11.89,12.34,11.7,12.23,58692,71344784.0,0.37,3.1197301854974704
2018-12-05,15:00,sz002058,*ST威尔,11.42,11.73,11.2,11.48,47456,54615124.0,-0.75,-6.132461161079314
2018-12-06,15:00,sz002058,*ST威尔,11.55,11.75,11.33,11.39,26394,30514490.0,-0.09,-0.7839721254355401
2018-12-07,15:00,sz002058,*ST威尔,11.38,11.57,11.29,11.34,16845,19202436.0,-0.05,-0.4389815627743635
2018-12-10,15:00,sz002058,*ST威尔,11.34,11.47,11.1,11.2,14985,16928622.0,-0.14,-1.2345679012345678
2018-12-11,15:00,sz002058,*ST威尔,11.3,11.5,11.17,11.48,15968,18131218.0,0.28,2.5
2018-12-12,15:00,sz002058,*ST威尔,11.43,11.62,11.36,11.57,22550,25995572.0,0.09,0.7839721254355401
2018-12-13,15:00,sz002058,*ST威尔,11.61,11.75,11.46,11.52,25730,29933616.0,-0.05,-0.432152117545376
2018-12-14,15:00,sz002058,*ST威尔,11.42,11.6,11.05,11.05,20480,23315842.0,-0.47,-4.079861111111112
2018-12-17,15:00,sz002058,*ST威尔,11.05,11.7,10.83,11.58,28645,32796388.0,0.53,4.796380090497738
2018-12-18,15:00,sz002058,*ST威尔,11.6,11.85,11.41,11.8,36690,42989804.0,0.22,1.8998272884283247
2018-12-19,15:00,sz002058,*ST威尔,11.84,11.84,11.36,11.57,24420,28286216.0,-0.23,-1.9491525423728813
2018-12-20,15:00,sz002058,*ST威尔,11.58,12.73,11.41,12.73,81497,99474272.0,1.16,10.025929127052722
2018-12-21,15:00,sz002058,*ST威尔,12.53,13.57,12.53,12.75,101945,133309040.0,0.02,0.1571091908876669
2018-12-24,15:00,sz002058,*ST威尔,12.78,12.91,12.13,12.32,60445,75198208.0,-0.43,-3.3725490196078427
2018-12-25,15:00,sz002058,*ST威尔,12.12,12.38,11.42,12.38,57342,68300032.0,0.06,0.487012987012987
2018-12-26,15:00,sz002058,*ST威尔,12.2,13.62,12.1,13.62,84263,112460280.0,1.24,10.016155088852988
2018-12-27,15:00,sz002058,*ST威尔,14.0,14.17,12.92,12.92,101359,135709680.0,-0.7,-5.139500734214391
2018-12-28,15:00,sz002058,*ST威尔,13.11,13.18,12.54,12.86,47800,61745304.0,-0.06,-0.4643962848297213
2019-01-02,15:00,sz002058,*ST威尔,13.03,13.49,13.03,13.33,60386,80030512.0,0.47,3.654743390357698
2019-01-03,15:00,sz002058,*ST威尔,13.2,13.21,12.2,12.26,53376,67585416.0,-1.07,-8.027006751687923
2019-01-04,15:00,sz002058,*ST威尔,12.04,12.99,12.04,12.58,47077,58767600.0,0.32,2.6101141924959217
2019-01-07,15:00,sz002058,*ST威尔,13.0,13.0,12.6,12.69,39279,50144324.0,0.11,0.8744038155802861
2019-01-08,15:00,sz002058,*ST威尔,12.9,13.66,12.76,13.18,71189,94341680.0,0.49,3.861308116627266
2019-01-09,15:00,sz002058,*ST威尔,13.0,13.38,12.7,13.06,58429,76389104.0,-0.12,-0.9104704097116844
2019-01-10,15:00,sz002058,*ST威尔,12.97,13.17,12.57,12.6,39726,50846812.0,-0.46,-3.522205206738132
2019-01-11,15:00,sz002058,*ST威尔,12.65,12.85,12.44,12.51,30379,38179864.0,-0.09,-0.7142857142857143
2019-01-14,15:00,sz002058,*ST威尔,12.36,12.78,12.36,12.42,22927,28836306.0,-0.09,-0.7194244604316548
2019-01-15,15:00,sz002058,*ST威尔,12.42,12.99,12.05,12.96,39934,50279448.0,0.54,4.3478260869565215
2019-01-16,15:00,sz002058,*ST威尔,12.82,13.19,12.67,12.75,30983,39849488.0,-0.21,-1.6203703703703702
2019-01-17,15:00,sz002058,*ST威尔,12.64,13.08,12.5,12.91,34691,44626600.0,0.16,1.2549019607843137
2019-01-18,15:00,sz002058,*ST威尔,12.91,13.05,12.34,12.43,33831,42596872.0,-0.48,-3.7180480247869863
2019-01-21,15:00,sz002058,*ST威尔,12.32,12.39,12.13,12.23,18655,22828162.0,-0.2,-1.6090104585679808
2019-01-22,15:00,sz002058,*ST威尔,12.22,12.93,12.13,12.53,37125,46303832.0,0.3,2.4529844644317254
2019-01-23,15:00,sz002058,*ST威尔,12.36,12.49,12.18,12.27,20508,25187204.0,-0.26,-2.0750199521149244
2019-01-24,15:00,sz002058,*ST威尔,12.35,12.7,12.22,12.3,20205,25064290.0,0.03,0.2444987775061124
2019-01-25,15:00,sz002058,*ST威尔,12.21,12.32,11.45,11.54,29662,35503184.0,-0.76,-6.178861788617886
2019-01-28,15:00,sz002058,*ST威尔,11.76,11.76,11.4,11.67,17948,20803090.0,0.13,1.126516464471404
2019-01-29,15:00,sz002058,*ST威尔,11.71,11.74,10.6,11.21,15170,16993226.0,-0.46,-3.941730934018852
2019-01-30,15:00,sz002058,*ST威尔,11.08,11.49,10.9,10.9,14916,16705455.0,-0.31,-2.7653880463871543
2019-01-31,15:00,sz002058,*ST威尔,11.04,11.18,10.08,10.3,20879,22313084.0,-0.6,-5.504587155963304
2019-02-01,15:00,sz002058,*ST威尔,10.79,11.15,10.4,11.09,21022,22884944.0,0.79,7.669902912621359
2019-02-11,15:00,sz002058,*ST威尔,10.97,11.49,10.96,11.38,16346,18416158.0,0.29,2.6149684400360687
2019-02-12,15:00,sz002058,*ST威尔,11.54,11.55,11.24,11.46,14314,16385634.0,0.08,0.7029876977152899
2019-02-13,15:00,sz002058,*ST威尔,11.7,11.82,11.51,11.8,18737,21877898.0,0.34,2.966841186736475
2019-02-14,15:00,sz002058,*ST威尔,11.8,12.31,11.67,11.99,29483,35568920.0,0.19,1.6101694915254237
2019-02-15,15:00,sz002058,*ST威尔,11.88,11.98,11.65,11.75,18631,22027964.0,-0.24,-2.001668056713928
2019-02-18,15:00,sz002058,*ST威尔,11.75,12.13,11.75,12.11,19129,23043056.0,0.36,3.0638297872340425
2019-02-19,15:00,sz002058,*ST威尔,12.24,12.39,11.89,12.07,25880,31543232.0,-0.04,-0.3303055326176713
2019-02-20,15:00,sz002058,*ST威尔,12.19,12.54,12.12,12.36,26857,33126806.0,0.29,2.4026512013256007
2019-02-21,15:00,sz002058,*ST威尔,12.45,12.96,12.22,12.3,35397,44198972.0,-0.06,-0.4854368932038834
2019-02-22,15:00,sz002058,*ST威尔,12.29,12.83,12.08,12.77,43166,54216324.0,0.47,3.8211382113821135
2019-02-25,15:00,sz002058,*ST威尔,12.82,13.35,12.71,13.27,62086,81009336.0,0.5,3.915426781519186
2019-02-26,15:00,sz002058,*ST威尔,13.19,13.9,12.79,13.43,68319,91258968.0,0.16,1.205727204220045
2019-02-27,15:00,sz002058,*ST威尔,13.25,13.56,13.01,13.3,46089,61090316.0,-0.13,-0.967982129560685
2019-02-28,15:00,sz002058,*ST威尔,13.28,13.28,12.84,12.96,29423,38361696.0,-0.34,-2.556390977443609
2019-03-01,15:00,sz002058,*ST威尔,12.96,13.15,12.96,13.09,19570,25547600.0,0.13,1.0030864197530864
2019-03-04,15:00,sz002058,*ST威尔,13.18,13.42,13.07,13.2,35744,47362128.0,0.11,0.8403361344537815
2019-03-05,15:00,sz002058,*ST威尔,13.26,14.42,13.09,14.03,51904,70661992.0,0.83,6.287878787878788
2019-03-06,15:00,sz002058,*ST威尔,13.96,14.16,13.44,13.9,61847,85001120.0,-0.13,-0.9265858873841768
2019-03-07,15:00,sz002058,*ST威尔,13.82,14.17,13.63,13.91,49007,68112936.0,0.01,0.0719424460431654
2019-03-08,15:00,sz002058,*ST威尔,13.57,13.77,12.68,12.74,37206,49516484.0,-1.17,-8.411214953271028
2019-03-11,15:00,sz002058,*ST威尔,12.85,14.01,12.85,14.01,58809,80392072.0,1.27,9.968602825745682
2019-03-12,15:00,sz002058,*ST威尔,14.46,14.62,13.91,14.14,81546,115912688.0,0.13,0.92790863668808
2019-03-13,15:00,sz002058,*ST威尔,14.36,14.98,14.18,14.55,68553,100001296.0,0.41,2.8995756718528995
2019-03-14,15:00,sz002058,*ST威尔,14.2,14.35,13.13,13.47,44716,61016484.0,-1.08,-7.422680412371134
2019-03-15,15:00,sz002058,*ST威尔,13.53,13.99,13.42,13.91,32647,44953756.0,0.44,3.2665181885671863
2019-03-18,15:00,sz002058,*ST威尔,14.0,14.56,13.72,14.45,47071,67139832.0,0.54,3.882099209202013
2019-03-19,15:00,sz002058,*ST威尔,14.96,15.46,14.07,14.21,53902,78704288.0,-0.24,-1.6608996539792389
2019-03-20,15:00,sz002058,*ST威尔,14.26,14.6,13.71,14.38,43725,61951412.0,0.17,1.1963406052076002
2019-03-21,15:00,sz002058,*ST威尔,14.29,14.63,14.12,14.32,44280,63957520.0,-0.06,-0.4172461752433936
2019-03-22,15:00,sz002058,*ST威尔,14.4,15.0,14.15,15.0,54387,79511936.0,0.68,4.748603351955307
2019-03-25,15:00,sz002058,*ST威尔,14.96,15.28,14.57,14.6,47237,69971728.0,-0.4,-2.666666666666667
2019-03-26,15:00,sz002058,*ST威尔,14.53,14.9,13.88,14.04,36557,52482784.0,-0.56,-3.8356164383561646
2019-03-27,15:00,sz002058,*ST威尔,14.18,14.24,13.47,13.69,24229,33283464.0,-0.35,-2.492877492877493
2019-03-28,15:00,sz002058,*ST威尔,13.5,13.78,13.03,13.25,22106,29627256.0,-0.44,-3.214024835646457
2019-03-29,15:00,sz002058,*ST威尔,13.23,13.64,13.11,13.63,20842,27950722.0,0.38,2.8679245283018866
2019-04-01,15:00,sz002058,*ST威尔,13.6,14.2,13.5,14.16,24499,34206024.0,0.53,3.88848129126926
2019-04-02,15:00,sz002058,*ST威尔,14.3,14.53,14.06,14.34,30252,43421880.0,0.18,1.2711864406779665
2019-04-03,15:00,sz002058,*ST威尔,14.4,14.48,14.13,14.38,24054,34515612.0,0.04,0.2789400278940028
2019-04-04,15:00,sz002058,*ST威尔,14.54,14.55,14.17,14.33,22839,32611416.0,-0.05,-0.3477051460361613
2019-04-08,15:00,sz002058,*ST威尔,14.37,14.51,13.75,13.95,21542,30399036.0,-0.38,-2.651779483600837
2019-04-09,15:00,sz002058,*ST威尔,13.95,15.19,13.89,14.64,68768,101594112.0,0.69,4.946236559139785
2019-04-10,15:00,sz002058,*ST威尔,14.38,14.56,14.16,14.3,36439,52204392.0,-0.34,-2.3224043715847
2019-04-11,15:00,sz002058,*ST威尔,14.3,14.42,13.68,13.73,24763,34748384.0,-0.57,-3.986013986013986
2019-04-12,15:00,sz002058,*ST威尔,13.73,14.0,13.6,13.78,16191,22351220.0,0.05,0.3641660597232338
2019-04-15,15:00,sz002058,*ST威尔,13.99,14.16,13.75,13.79,14519,20245142.0,0.01,0.0725689404934687
2019-04-16,15:00,sz002058,*ST威尔,13.71,13.89,13.33,13.81,17219,23429140.0,0.02,0.145032632342277
2019-04-17,15:00,sz002058,*ST威尔,13.88,14.05,13.81,14.05,17245,24051948.0,0.24,1.7378711078928313
2019-04-18,15:00,sz002058,*ST威尔,14.05,14.2,13.8,13.88,16851,23478012.0,-0.17,-1.2099644128113878
2019-04-19,15:00,sz002058,*ST威尔,13.99,14.0,13.8,14.0,13097,18248468.0,0.12,0.8645533141210375
2019-04-22,15:00,sz002058,*ST威尔,14.02,14.28,13.95,14.02,25575,36053580.0,0.02,0.1428571428571428
2019-04-23,15:00,sz002058,*ST威尔,14.09,14.09,13.68,13.74,20528,28486510.0,-0.28,-1.9971469329529243
2019-04-24,15:00,sz002058,*ST威尔,13.74,14.27,13.58,14.23,17504,24389078.0,0.49,3.566229985443959
2019-04-25,15:00,sz002058,*ST威尔,14.19,14.19,13.35,13.4,19340,26585490.0,-0.83,-5.832747716092762
2019-04-26,15:00,sz002058,*ST威尔,13.4,13.41,13.0,13.03,14186,18686750.0,-0.37,-2.7611940298507465
2019-04-29,15:00,sz002058,*ST威尔,13.1,13.1,12.0,12.17,17243,21241240.0,-0.86,-6.600153491941672
2019-04-30,15:00,sz002058,*ST威尔,12.3,12.53,12.02,12.24,11378,14003494.0,0.07,0.5751848808545604
2019-05-06,15:00,sz002058,*ST威尔,11.81,11.81,11.02,11.02,18996,21411848.0,-1.22,-9.967320261437909
2019-05-07,15:00,sz002058,*ST威尔,11.02,11.4,10.74,11.2,12304,13694300.0,0.18,1.6333938294010888
2019-05-08,15:00,sz002058,*ST威尔,11.05,11.35,11.0,11.18,11453,12844426.0,-0.02,-0.1785714285714285
2019-05-09,15:00,sz002058,*ST威尔,11.11,11.68,10.89,11.15,8678,9758858.0,-0.03,-0.2683363148479427
2019-05-10,15:00,sz002058,*ST威尔,11.4,11.54,10.89,11.49,10373,11794389.0,0.34,3.0493273542600896
2019-05-13,15:00,sz002058,*ST威尔,11.45,11.81,11.34,11.72,11438,13269403.0,0.23,2.0017406440382945
2019-05-14,15:00,sz002058,*ST威尔,11.66,11.82,11.38,11.6,9083,10571707.0,-0.12,-1.023890784982935
2019-05-15,15:00,sz002058,*ST威尔,11.92,11.96,11.63,11.92,8888,10539743.0,0.32,2.7586206896551726
2019-05-16,15:00,sz002058,*ST威尔,11.92,12.2,11.65,12.02,9761,11736212.0,0.1,0.8389261744966443
2019-05-17,15:00,sz002058,*ST威尔,12.28,12.28,11.54,11.61,11681,13951384.0,-0.41,-3.4109816971713807
2019-05-20,15:00,sz002058,*ST威尔,11.86,11.99,11.3,11.93,8721,10267779.0,0.32,2.756244616709733
2019-05-21,15:00,sz002058,*ST威尔,11.95,12.28,11.8,11.92,9690,11672853.0,-0.01,-0.0838222967309304
2019-05-22,15:00,sz002058,*ST威尔,12.0,12.17,11.97,12.14,8583,10372181.0,0.22,1.8456375838926176
2019-05-23,15:00,sz002058,*ST威尔,12.15,12.26,11.91,12.01,9723,11760786.0,-0.13,-1.070840197693575
2019-05-24,15:00,sz002058,*ST威尔,11.99,12.22,11.94,12.01,7621,9175527.0,0.0,0.0
2019-05-27,15:00,sz002058,*ST威尔,12.02,12.35,11.88,12.29,7426,9049730.0,0.28,2.3313905079100747
2019-05-28,15:00,sz002058,*ST威尔,12.34,12.79,12.24,12.4,5633,6986724.0,0.11,0.8950366151342555
2019-05-29,15:00,sz002058,*ST威尔,12.45,12.74,12.4,12.55,8727,10983522.0,0.15,1.2096774193548387
2019-05-30,15:00,sz002058,*ST威尔,12.56,12.7,12.36,12.66,8102,10165466.0,0.11,0.8764940239043826
2019-05-31,15:00,sz002058,*ST威尔,12.62,13.15,12.62,12.96,9571,12277935.0,0.3,2.3696682464454977
2019-06-03,15:00,sz002058,*ST威尔,12.96,13.16,12.74,13.07,8328,10812045.0,0.11,0.8487654320987654
2019-06-04,15:00,sz002058,*ST威尔,13.08,14.24,13.08,13.72,34535,47441576.0,0.65,4.973221117061974
2019-06-05,15:00,sz002058,*ST威尔,13.84,13.84,13.2,13.37,22759,30702888.0,-0.35,-2.5510204081632653
2019-06-06,15:00,sz002058,*ST威尔,13.37,13.41,12.44,12.79,13964,18023956.0,-0.58,-4.338070306656694
2019-06-10,15:00,sz002058,*ST威尔,12.98,12.99,12.7,12.8,9722,12472892.0,0.01,0.0781860828772478
2019-06-11,15:00,sz002058,*ST威尔,12.81,14.08,12.69,14.08,32446,44098596.0,1.28,10.0
2019-06-12,15:00,sz002058,*ST威尔,14.09,14.2,13.61,13.88,29903,41313324.0,-0.2,-1.4204545454545454
2019-06-13,15:00,sz002058,*ST威尔,13.88,14.26,13.6,14.14,29505,41168176.0,0.26,1.873198847262248
2019-06-14,15:00,sz002058,*ST威尔,14.0,14.03,13.4,13.41,16544,22756924.0,-0.73,-5.162659123055162
2019-06-17,15:00,sz002058,*ST威尔,13.42,13.77,13.29,13.55,6292,8515027.0,0.14,1.0439970171513795
2019-06-18,15:00,sz002058,*ST威尔,13.52,13.53,13.13,13.28,6982,9289285.0,-0.27,-1.992619926199262
2019-06-19,15:00,sz002058,*ST威尔,13.5,13.93,13.33,13.63,14504,19923330.0,0.35,2.635542168674699
2019-06-20,15:00,sz002058,*ST威尔,13.59,13.83,13.49,13.62,10229,13966381.0,-0.01,-0.0733675715333822
2019-06-21,15:00,sz002058,*ST威尔,14.13,14.13,13.64,13.81,16815,23308432.0,0.19,1.3950073421439062
2019-06-24,15:00,sz002058,*ST威尔,13.69,13.98,13.5,13.86,10590,14534766.0,0.05,0.3620564808110065
2019-06-25,15:00,sz002058,*ST威尔,13.87,13.87,13.56,13.6,7266,9911149.0,-0.26,-1.875901875901876
2019-06-26,15:00,sz002058,*ST威尔,13.66,13.69,13.01,13.42,7371,9943765.0,-0.18,-1.3235294117647058
2019-06-27,15:00,sz002058,*ST威尔,13.35,13.73,13.35,13.62,12726,17308880.0,0.2,1.4903129657228018
2019-06-28,15:00,sz002058,*ST威尔,13.74,13.98,13.52,13.74,12770,17575402.0,0.12,0.881057268722467
2019-07-01,15:00,sz002058,*ST威尔,14.0,14.01,13.7,13.89,14451,20054102.0,0.15,1.0917030567685588
2019-07-02,15:00,sz002058,*ST威尔,13.88,13.92,13.78,13.92,8901,12342877.0,0.03,0.2159827213822894
2019-07-03,15:00,sz002058,*ST威尔,13.96,13.96,13.6,13.84,5902,8139830.5,-0.08,-0.5747126436781609
2019-07-04,15:00,sz002058,*ST威尔,13.66,13.94,13.42,13.65,6790,9286009.0,-0.19,-1.3728323699421965
2019-07-05,15:00,sz002058,*ST威尔,13.7,13.79,13.5,13.6,4540,6210027.5,-0.05,-0.3663003663003663
2019-07-08,15:00,sz002058,*ST威尔,13.63,13.63,12.59,12.61,11148,14382562.0,-0.99,-7.279411764705883
2019-07-09,15:00,sz002058,*ST威尔,12.71,13.2,12.66,12.99,6467,8326215.5,0.38,3.013481363996828
2019-07-10,15:00,sz002058,*ST威尔,12.82,14.28,12.82,13.35,11357,15316185.0,0.36,2.771362586605081
2019-07-11,15:00,sz002058,*ST威尔,13.38,13.56,13.25,13.27,5394,7206452.5,-0.08,-0.599250936329588
2019-07-12,15:00,sz002058,*ST威尔,13.1,13.42,13.1,13.28,3217,4266890.5,0.01,0.0753579502637528
2019-07-15,15:00,sz002058,*ST威尔,13.2,13.5,13.08,13.38,5474,7327341.5,0.1,0.7530120481927711
2019-07-16,15:00,sz002058,*ST威尔,13.68,13.68,13.23,13.49,4176,5600799.0,0.11,0.8221225710014948
2019-07-17,15:00,sz002058,*ST威尔,13.56,13.69,13.33,13.33,3694,4959477.0,-0.16,-1.1860637509266123
2019-07-18,15:00,sz002058,*ST威尔,13.06,13.63,13.04,13.3,8991,12081076.0,-0.03,-0.2250562640660164
2019-07-19,15:00,sz002058,*ST威尔,13.3,13.6,13.24,13.43,4424,5949509.0,0.13,0.9774436090225564
2019-07-22,15:00,sz002058,*ST威尔,13.64,13.64,12.89,13.07,6927,9102460.0,-0.36,-2.680565897244974
2019-07-23,15:00,sz002058,*ST威尔,12.92,13.27,12.92,13.15,2839,3736326.25,0.08,0.612088752869166
2019-07-24,15:00,sz002058,*ST威尔,13.05,13.39,13.05,13.34,2948,3928382.0,0.19,1.4448669201520912
2019-07-25,15:00,sz002058,*ST威尔,13.5,13.5,13.28,13.36,5083,6797301.0,0.02,0.1499250374812593
2019-07-26,15:00,sz002058,*ST威尔,13.67,13.67,13.28,13.38,2520,3378410.0,0.02,0.1497005988023952
2019-07-29,15:00,sz002058,*ST威尔,13.38,13.46,13.31,13.35,2642,3538052.0,-0.03,-0.2242152466367713
2019-07-30,15:00,sz002058,*ST威尔,13.34,13.61,13.16,13.6,5073,6824182.0,0.25,1.872659176029963
2019-07-31,15:00,sz002058,*ST威尔,13.7,13.7,13.22,13.22,4297,5727314.0,-0.38,-2.794117647058824
2019-08-01,15:00,sz002058,*ST威尔,13.38,13.38,13.08,13.08,3712,4899471.0,-0.14,-1.059001512859304
2019-08-02,15:00,sz002058,*ST威尔,12.81,13.22,12.65,12.9,4646,6009163.0,-0.18,-1.376146788990826
2019-08-05,15:00,sz002058,*ST威尔,12.86,13.2,12.86,12.94,5751,7512868.5,0.04,0.3100775193798449
2019-08-06,15:00,sz002058,*ST威尔,12.62,13.08,12.02,12.36,8942,11095639.0,-0.58,-4.482225656877898
2019-08-07,15:00,sz002058,*ST威尔,12.74,12.74,12.25,12.25,3460,4299588.5,-0.11,-0.889967637540453
2019-08-08,15:00,sz002058,*ST威尔,12.5,12.5,12.08,12.28,2948,3602662.0,0.03,0.2448979591836734
2019-08-09,15:00,sz002058,*ST威尔,12.28,13.05,12.26,12.5,6134,7674669.0,0.22,1.7915309446254073
2019-08-12,15:00,sz002058,*ST威尔,12.1,12.55,12.1,12.36,4057,4997212.0,-0.14,-1.12
2019-08-13,15:00,sz002058,*ST威尔,12.22,12.5,12.22,12.49,4298,5343905.0,0.13,1.051779935275081
2019-08-14,15:00,sz002058,*ST威尔,12.52,12.73,12.47,12.54,4590,5768275.5,0.05,0.4003202562049639
2019-08-15,15:00,sz002058,*ST威尔,12.48,12.7,12.21,12.58,5821,7292473.5,0.04,0.3189792663476874
2019-08-16,15:00,sz002058,*ST威尔,12.47,12.77,12.47,12.71,3399,4308809.0,0.13,1.0333863275039743
2019-08-19,15:00,sz002058,*ST威尔,12.71,13.15,12.56,13.08,6599,8577724.0,0.37,2.911093627065303
2019-08-20,15:00,sz002058,*ST威尔,13.13,13.66,12.88,13.23,8155,10888012.0,0.15,1.146788990825688
2019-08-21,15:00,sz002058,*ST威尔,13.34,13.43,13.2,13.36,4866,6497479.0,0.13,0.982615268329554
2019-08-22,15:00,sz002058,*ST威尔,13.55,13.55,13.37,13.48,4111,5521874.5,0.12,0.8982035928143712
2019-08-23,15:00,sz002058,*ST威尔,13.55,13.58,13.31,13.48,6474,8715067.0,0.0,0.0
2019-08-26,15:00,sz002058,*ST威尔,13.48,13.5,13.27,13.36,6192,8295055.0,-0.12,-0.8902077151335311
2019-08-27,15:00,sz002058,*ST威尔,13.36,13.82,13.34,13.44,10255,13952993.0,0.08,0.5988023952095809
2019-08-28,15:00,sz002058,*ST威尔,13.26,13.68,13.26,13.4,5586,7522742.0,-0.04,-0.2976190476190476
2019-08-29,15:00,sz002058,*ST威尔,13.41,13.57,13.3,13.3,3746,5021560.0,-0.1,-0.7462686567164178
2019-08-30,15:00,sz002058,*ST威尔,13.38,13.54,12.95,13.17,6614,8721315.0,-0.13,-0.9774436090225564
2019-09-02,15:00,sz002058,*ST威尔,12.98,13.49,12.98,13.4,9087,12160307.0,0.23,1.7463933181473046
2019-09-03,15:00,sz002058,*ST威尔,13.3,13.47,13.1,13.19,6110,8095735.0,-0.21,-1.5671641791044777
2019-09-04,15:00,sz002058,*ST威尔,13.1,13.28,12.91,13.18,7201,9414028.0,-0.01,-0.0758150113722517
2019-09-05,15:00,sz002058,*ST威尔,13.18,13.66,13.15,13.26,11926,15974699.0,0.08,0.6069802731411229
2019-09-06,15:00,sz002058,*ST威尔,13.3,13.69,13.21,13.61,16192,21877100.0,0.35,2.6395173453996983
2019-09-09,15:00,sz002058,*ST威尔,13.8,13.96,13.64,13.91,17201,23729156.0,0.3,2.2042615723732557
2019-09-10,15:00,sz002058,*ST威尔,13.97,14.15,13.85,13.97,10277,14347954.0,0.06,0.4313443565780014
2019-09-11,15:00,sz002058,*ST威尔,13.97,14.49,13.85,14.05,17090,24200694.0,0.08,0.5726556907659269
2019-09-12,15:00,sz002058,*ST威尔,14.08,14.17,13.85,14.09,9123,12804159.0,0.04,0.2846975088967972
2019-09-16,15:00,sz002058,*ST威尔,14.09,14.35,13.96,14.17,14104,20032542.0,0.08,0.5677785663591199
2019-09-17,15:00,sz002058,*ST威尔,14.34,14.34,13.9,14.03,10114,14179428.0,-0.14,-0.9880028228652082
2019-09-18,15:00,sz002058,*ST威尔,14.07,14.35,13.97,14.31,11059,15650984.0,0.28,1.9957234497505347
2019-09-19,15:00,sz002058,*ST威尔,14.35,14.36,14.11,14.25,11045,15682630.0,-0.06,-0.4192872117400419
2019-09-20,15:00,sz002058,*ST威尔,14.36,14.36,14.11,14.29,9473,13500753.0,0.04,0.2807017543859649
2019-09-23,15:00,sz002058,*ST威尔,14.17,14.62,14.15,14.52,15072,21728102.0,0.23,1.609517144856543
2019-09-24,15:00,sz002058,*ST威尔,14.52,15.14,14.48,15.06,25233,37448372.0,0.54,3.71900826446281
2019-09-25,15:00,sz002058,*ST威尔,15.11,15.27,14.65,14.71,26940,40413780.0,-0.35,-2.3240371845949537
2019-09-26,15:00,sz002058,*ST威尔,14.79,14.86,14.06,14.2,15799,22745710.0,-0.51,-3.467029231815092
2019-09-27,15:00,sz002058,*ST威尔,14.47,14.6,14.18,14.6,20067,28966184.0,0.4,2.8169014084507045
2019-09-30,15:00,sz002058,*ST威尔,14.63,14.63,14.26,14.37,13347,19206174.0,-0.23,-1.5753424657534247
2019-10-08,15:00,sz002058,*ST威尔,14.38,14.48,14.07,14.2,23387,33411794.0,-0.17,-1.1830201809324985
2019-10-09,15:00,sz002058,*ST威尔,14.2,14.94,14.13,14.88,17878,26061172.0,0.68,4.788732394366197
2019-10-10,15:00,sz002058,*ST威尔,14.83,15.17,14.63,14.99,20500,30477982.0,0.11,0.739247311827957
2019-10-11,15:00,sz002058,*ST威尔,14.95,15.14,14.55,14.77,11759,17350018.0,-0.22,-1.467645096731154
2019-10-14,15:00,sz002058,*ST威尔,14.79,14.95,14.7,14.85,14837,21968316.0,0.08,0.5416384563303994
2019-10-15,15:00,sz002058,*ST威尔,14.99,14.99,14.51,14.7,8296,12169587.0,-0.15,-1.0101010101010102
2019-10-16,15:00,sz002058,*ST威尔,14.88,14.88,14.21,14.49,11641,16869710.0,-0.21,-1.4285714285714286
2019-10-17,15:00,sz002058,*ST威尔,14.49,14.49,14.12,14.31,12969,18523136.0,-0.18,-1.2422360248447204
2019-10-18,15:00,sz002058,*ST威尔,14.31,14.65,14.29,14.4,10863,15707638.0,0.09,0.628930817610063
2019-10-21,15:00,sz002058,*ST威尔,14.66,14.67,14.15,14.67,8527,12319016.0,0.27,1.875
2019-10-22,15:00,sz002058,*ST威尔,14.76,15.06,14.68,14.98,14144,21071590.0,0.31,2.113156100886162
2019-10-23,15:00,sz002058,*ST威尔,15.0,15.71,14.97,15.53,25162,38715568.0,0.55,3.671562082777037
2019-10-24,15:00,sz002058,*ST威尔,15.47,16.17,15.36,16.1,28005,44308976.0,0.57,3.670315518351577
2019-10-25,15:00,sz002058,*ST威尔,16.09,16.09,15.7,15.82,18074,28633772.0,-0.28,-1.7391304347826086
2019-10-28,15:00,sz002058,*ST威尔,15.81,15.95,15.62,15.76,13655,21543170.0,-0.06,-0.3792667509481668
2019-10-29,15:00,sz002058,*ST威尔,15.75,16.65,15.53,16.62,23871,38910120.0,0.86,5.456852791878172
2019-10-30,15:00,sz002058,*ST威尔,16.45,17.19,14.99,16.15,23336,37897168.0,-0.47,-2.82791817087846
2019-10-31,15:00,sz002058,*ST威尔,16.2,16.38,15.87,16.04,11852,19137896.0,-0.11,-0.6811145510835914
2019-11-01,15:00,sz002058,*ST威尔,16.05,16.49,15.92,16.43,13949,22812142.0,0.39,2.43142144638404
2019-11-04,15:00,sz002058,*ST威尔,16.44,17.17,16.42,17.0,19972,33957776.0,0.57,3.469263542300669
2019-11-05,15:00,sz002058,*ST威尔,16.85,17.48,16.85,17.09,14083,24171548.0,0.09,0.5294117647058824
2019-11-06,15:00,sz002058,*ST威尔,17.3,17.3,16.82,16.98,10961,18661618.0,-0.11,-0.6436512580456407
2019-11-07,15:00,sz002058,*ST威尔,17.06,17.6,16.88,17.5,14574,25264010.0,0.52,3.0624263839811543
2019-11-08,15:00,sz002058,*ST威尔,17.53,17.84,17.38,17.64,25268,44365312.0,0.14,0.8
2019-11-11,15:00,sz002058,*ST威尔,17.89,17.97,17.45,17.78,18330,32485918.0,0.14,0.7936507936507936
2019-11-12,15:00,sz002058,*ST威尔,17.78,18.97,17.53,18.97,24903,45744256.0,1.19,6.692913385826772
2019-11-13,15:00,sz002058,*ST威尔,19.0,19.0,18.42,18.58,23395,43642384.0,-0.39,-2.055877701634159
2019-11-14,15:00,sz002058,*ST威尔,18.58,18.89,18.38,18.68,14108,26315456.0,0.1,0.5382131324004306
2019-11-15,15:00,sz002058,*ST威尔,18.79,18.85,18.57,18.69,11255,21055042.0,0.01,0.0535331905781584
2019-11-18,15:00,sz002058,*ST威尔,18.65,19.47,18.4,19.38,30056,56962392.0,0.69,3.6918138041733553
2019-11-19,15:00,sz002058,*ST威尔,19.39,19.57,19.02,19.31,15004,28831446.0,-0.07,-0.3611971104231166
2019-11-20,15:00,sz002058,*ST威尔,19.31,19.59,19.06,19.4,11671,22556122.0,0.09,0.4660797514241326
2019-11-21,15:00,sz002058,*ST威尔,19.39,19.78,19.21,19.7,14196,27732518.0,0.3,1.5463917525773196
2019-11-22,15:00,sz002058,*ST威尔,19.72,19.97,19.4,19.7,15603,30748166.0,0.0,0.0
2019-11-25,15:00,sz002058,*ST威尔,19.7,20.07,19.51,20.03,22001,43812160.0,0.33,1.6751269035532996
2019-11-26,15:00,sz002058,*ST威尔,20.03,20.49,19.92,20.47,21413,43581936.0,0.44,2.196704942586121
2019-11-27,15:00,sz002058,*ST威尔,20.47,21.24,19.51,19.95,48397,100198640.0,-0.52,-2.540302882266732
2019-11-28,15:00,sz002058,*ST威尔,20.0,20.0,17.96,19.95,44301,86376272.0,0.0,0.0
2019-11-29,15:00,sz002058,*ST威尔,19.87,20.2,19.52,19.74,23024,45357600.0,-0.21,-1.0526315789473684
2019-12-02,15:00,sz002058,*ST威尔,19.85,19.95,19.25,19.76,13720,26921564.0,0.02,0.1013171225937183
2019-12-03,15:00,sz002058,*ST威尔,19.75,19.94,19.5,19.77,12223,24111486.0,0.01,0.0506072874493927
2019-12-04,15:00,sz002058,*ST威尔,19.9,20.18,19.6,19.75,12832,25482594.0,-0.02,-0.1011633788568538
2019-12-05,15:00,sz002058,*ST威尔,19.75,20.0,19.62,19.85,8373,16599766.0,0.1,0.5063291139240507
2019-12-06,15:00,sz002058,*ST威尔,19.83,19.85,19.45,19.85,13695,26914462.0,0.0,0.0
2019-12-09,15:00,sz002058,*ST威尔,19.84,20.37,19.72,20.24,14662,29406096.0,0.39,1.964735516372796
2019-12-10,15:00,sz002058,*ST威尔,20.44,20.5,19.8,20.0,15354,30671662.0,-0.24,-1.185770750988142
2019-12-11,15:00,sz002058,*ST威尔,19.98,20.2,19.63,19.73,12874,25526154.0,-0.27,-1.35
2019-12-12,15:00,sz002058,*ST威尔,19.75,20.3,19.75,20.25,34834,70055168.0,0.52,2.6355803345159656
2019-12-13,15:00,sz002058,*ST威尔,20.24,20.54,19.93,20.5,17955,36530704.0,0.25,1.2345679012345678
2019-12-16,15:00,sz002058,*ST威尔,20.51,20.94,20.3,20.82,15581,32076924.0,0.32,1.5609756097560976
2019-12-17,15:00,sz002058,*ST威尔,20.83,21.35,20.83,21.25,16586,35116652.0,0.43,2.065321805955812
2019-12-18,15:00,sz002058,*ST威尔,21.31,21.48,21.02,21.4,14312,30442588.0,0.15,0.7058823529411765
2019-12-19,15:00,sz002058,*ST威尔,21.44,21.86,21.26,21.83,16927,36463140.0,0.43,2.0093457943925235
2019-12-20,15:00,sz002058,*ST威尔,21.83,22.77,21.76,22.7,24221,54202724.0,0.87,3.985341273476867
2019-12-23,15:00,sz002058,*ST威尔,22.85,22.85,22.05,22.2,27359,61158308.0,-0.5,-2.202643171806168
2019-12-24,15:00,sz002058,*ST威尔,22.2,22.78,22.05,22.72,16384,36785712.0,0.52,2.3423423423423424
2019-12-25,15:00,sz002058,*ST威尔,22.75,22.9,20.5,21.11,40730,88601320.0,-1.61,-7.086267605633803
2019-12-26,15:00,sz002058,*ST威尔,21.4,22.21,21.1,22.18,28883,63061264.0,1.07,5.068687825675036
2019-12-27,15:00,sz002058,*ST威尔,22.08,22.21,21.38,21.74,21467,46835348.0,-0.44,-1.9837691614066728
2019-12-30,15:00,sz002058,*ST威尔,21.74,22.11,21.4,22.0,16162,35378172.0,0.26,1.1959521619135236
2019-12-31,15:00,sz002058,*ST威尔,22.0,22.57,21.83,22.54,16076,35899296.0,0.54,2.4545454545454546
2020-01-02,15:00,sz002058,*ST威尔,22.69,22.99,22.05,22.17,15922,35553612.0,-0.37,-1.6415261756876662
2020-01-03,15:00,sz002058,*ST威尔,22.17,22.2,21.5,21.7,10350,22559558.0,-0.47,-2.119981957600361
2020-01-06,15:00,sz002058,*ST威尔,21.7,22.2,21.5,21.83,8483,18582044.0,0.13,0.599078341013825
2020-01-07,15:00,sz002058,*ST威尔,21.82,22.04,21.63,21.83,5675,12378706.0,0.0,0.0
2020-01-08,15:00,sz002058,*ST威尔,21.8,21.88,21.35,21.41,8739,18848518.0,-0.42,-1.9239578561612465
2020-01-09,15:00,sz002058,*ST威尔,21.45,21.93,21.37,21.62,9217,19904806.0,0.21,0.9808500700607192
2020-01-10,15:00,sz002058,*ST威尔,21.74,21.94,21.36,21.75,9414,20443228.0,0.13,0.6012950971322849
2020-01-13,15:00,sz002058,*ST威尔,21.75,22.02,21.42,21.89,8898,19326998.0,0.14,0.6436781609195402
2020-01-14,15:00,sz002058,*ST威尔,21.9,22.28,21.7,22.01,7504,16533198.0,0.12,0.5481955230698949
2020-01-15,15:00,sz002058,*ST威尔,22.22,22.37,22.03,22.28,9081,20184372.0,0.27,1.226715129486597
2020-01-16,15:00,sz002058,*ST威尔,22.48,22.8,22.3,22.7,13558,30720844.0,0.42,1.8850987432675044
2020-01-17,15:00,sz002058,*ST威尔,22.88,22.88,22.11,22.71,14464,32646136.0,0.01,0.0440528634361233
2020-01-20,15:00,sz002058,*ST威尔,22.71,22.71,22.05,22.16,12028,26736022.0,-0.55,-2.42184059885513
2020-01-21,15:00,sz002058,*ST威尔,22.16,22.32,21.27,21.58,12348,26700920.0,-0.58,-2.617328519855596
2020-01-22,15:00,sz002058,*ST威尔,21.74,22.14,20.71,21.8,9918,21396906.0,0.22,1.0194624652455977
2020-01-23,15:00,sz002058,*ST威尔,21.72,21.96,20.0,21.07,15888,33452714.0,-0.73,-3.3486238532110093
2020-02-03,15:00,sz002058,*ST威尔,19.91,19.91,18.96,18.96,6515,12488367.0,-2.11,-10.014238253440912
2020-02-04,15:00,sz002058,*ST威尔,18.68,19.8,17.11,18.77,23975,44510064.0,-0.19,-1.0021097046413503
2020-02-05,15:00,sz002058,*ST威尔,18.78,19.2,18.56,18.8,14559,27487670.0,0.03,0.1598295151838039
2020-02-06,15:00,sz002058,*ST威尔,18.8,19.1,18.55,19.02,8666,16322144.0,0.22,1.1702127659574468
2020-02-07,15:00,sz002058,*ST威尔,19.16,19.16,18.73,18.95,5655,10662330.0,-0.07,-0.3680336487907465
2020-02-10,15:00,sz002058,*ST威尔,18.95,19.08,18.7,18.9,5751,10854413.0,-0.05,-0.2638522427440633
2020-02-11,15:00,sz002058,*ST威尔,19.0,20.79,18.9,20.79,20570,41072944.0,1.89,10.0
2020-02-12,15:00,sz002058,*ST威尔,20.8,21.8,20.52,21.51,14553,30865284.0,0.72,3.463203463203463
2020-02-13,15:00,sz002058,*ST威尔,22.0,22.0,21.15,21.52,10635,22906296.0,0.01,0.0464900046490004
2020-02-14,15:00,sz002058,*ST威尔,21.98,22.78,21.86,22.18,14038,31186272.0,0.66,3.066914498141264
2020-02-17,15:00,sz002058,*ST威尔,22.38,22.38,21.65,22.06,8016,17643770.0,-0.12,-0.5410279531109108
2020-02-18,15:00,sz002058,*ST威尔,22.06,22.36,21.81,21.92,7511,16522926.0,-0.14,-0.6346328195829556
2020-02-19,15:00,sz002058,*ST威尔,22.09,22.2,21.6,21.87,6770,14767159.0,-0.05,-0.2281021897810218
2020-02-20,15:00,sz002058,*ST威尔,21.87,22.1,21.62,21.83,6710,14673228.0,-0.04,-0.182898948331047
2020-02-21,15:00,sz002058,*ST威尔,21.85,22.0,21.72,21.85,8595,18781844.0,0.02,0.0916170407695831
2020-02-24,15:00,sz002058,*ST威尔,21.88,22.2,21.85,22.1,11555,25458382.0,0.25,1.1441647597254003
2020-02-25,15:00,sz002058,*ST威尔,21.99,22.0,21.11,21.7,12908,27779074.0,-0.4,-1.809954751131222
2020-02-26,15:00,sz002058,*ST威尔,21.47,21.99,21.11,21.34,12342,26571648.0,-0.36,-1.6589861751152075
2020-02-27,15:00,sz002058,*ST威尔,21.34,21.69,21.34,21.5,7090,15239257.0,0.16,0.7497656982193065
2020-02-28,15:00,sz002058,*ST威尔,21.0,21.26,19.8,20.05,11721,23992944.0,-1.45,-6.744186046511628
2020-03-02,15:00,sz002058,*ST威尔,20.0,20.64,19.74,20.21,6882,13840553.0,0.16,0.798004987531172
2020-03-03,15:00,sz002058,*ST威尔,20.25,20.55,20.05,20.17,7172,14528146.0,-0.04,-0.1979218208807521
2020-03-04,15:00,sz002058,*ST威尔,20.1,20.29,19.8,20.02,4965,9941715.0,-0.15,-0.7436787307882995
2020-03-05,15:00,sz002058,*ST威尔,20.1,21.48,19.96,21.45,10039,20580704.0,1.43,7.142857142857142
2020-03-06,15:00,sz002058,*ST威尔,21.14,21.96,20.7,21.0,12877,27489584.0,-0.45,-2.097902097902098
2020-03-09,15:00,sz002058,*ST威尔,20.98,20.98,20.0,20.27,8660,17535512.0,-0.73,-3.4761904761904763
2020-03-10,15:00,sz002058,*ST威尔,19.68,20.65,19.41,20.3,7854,15878237.0,0.03,0.1480019733596448
2020-03-11,15:00,sz002058,*ST威尔,20.31,20.61,20.0,20.0,6126,12347942.0,-0.3,-1.477832512315271
2020-03-12,15:00,sz002058,*ST威尔,19.7,19.97,19.3,19.69,6465,12687899.0,-0.31,-1.55
2020-03-13,15:00,sz002058,*ST威尔,18.99,19.78,17.9,19.33,7996,15214481.0,-0.36,-1.8283392585068563
2020-03-16,15:00,sz002058,*ST威尔,19.75,19.87,18.82,18.97,10463,20201412.0,-0.36,-1.8623900672529743
2020-03-17,15:00,sz002058,*ST威尔,18.94,19.34,18.41,18.5,5950,11140340.0,-0.47,-2.477596204533474
2020-03-18,15:00,sz002058,*ST威尔,18.6,18.99,17.8,18.2,9272,17080392.0,-0.3,-1.6216216216216215
2020-03-19,15:00,sz002058,*ST威尔,18.2,18.56,17.41,17.79,9203,16417670.0,-0.41,-2.2527472527472527
2020-03-20,15:00,sz002058,*ST威尔,18.0,18.15,17.66,17.84,8423,15018641.0,0.05,0.2810567734682406
2020-03-23,15:00,sz002058,*ST威尔,18.0,18.4,16.91,17.48,16322,28594786.0,-0.36,-2.0179372197309418
2020-03-24,15:00,sz002058,*ST威尔,17.75,17.75,16.5,17.11,10815,18380236.0,-0.37,-2.116704805491991
2020-03-25,15:00,sz002058,*ST威尔,17.18,17.5,16.89,17.33,11778,20285834.0,0.22,1.2857977790765636
2020-03-26,15:00,sz002058,*ST威尔,17.48,18.49,17.0,18.23,18461,32836132.0,0.9,5.193306405077899
2020-03-27,15:00,sz002058,*ST威尔,18.55,18.58,17.5,17.5,11184,20121596.0,-0.73,-4.004388370817334
2020-03-30,15:00,sz002058,*ST威尔,17.33,17.33,15.8,16.8,16310,26842358.0,-0.7,-4.0
2020-03-31,15:00,sz002058,*ST威尔,16.86,17.48,16.6,17.41,9812,16801344.0,0.61,3.630952380952381
2020-04-01,15:00,sz002058,*ST威尔,17.86,19.15,17.51,18.47,35441,64298784.0,1.06,6.0884549109707065
2020-04-02,15:00,sz002058,*ST威尔,17.8,17.98,17.13,17.36,24650,43151004.0,-1.11,-6.009745533297239
2020-04-03,15:00,sz002058,*ST威尔,17.36,17.44,16.35,16.48,17109,28708982.0,-0.88,-5.0691244239631335
2020-04-07,15:00,sz002058,*ST威尔,16.7,16.98,16.41,16.84,12162,20391244.0,0.36,2.184466019417476
2020-04-08,15:00,sz002058,*ST威尔,16.91,16.92,16.3,16.66,6900,11509040.0,-0.18,-1.0688836104513064
2020-04-09,15:00,sz002058,*ST威尔,16.7,17.38,16.01,17.16,10063,17064574.0,0.5,3.0012004801920766
2020-04-10,15:00,sz002058,*ST威尔,17.22,17.46,16.5,16.63,10398,17529980.0,-0.53,-3.0885780885780885
2020-04-13,15:00,sz002058,*ST威尔,16.72,16.72,16.38,16.66,3907,6470737.5,0.03,0.1803968731208659
2020-04-14,15:00,sz002058,*ST威尔,16.72,17.14,16.54,16.82,9781,16505627.0,0.16,0.9603841536614646
2020-04-15,15:00,sz002058,*ST威尔,16.82,17.08,16.52,16.81,5731,9648595.0,-0.01,-0.0594530321046373
2020-04-16,15:00,sz002058,*ST威尔,16.88,17.66,16.51,17.26,12789,21963174.0,0.45,2.676977989292088
2020-04-17,15:00,sz002058,*ST威尔,17.34,17.77,17.16,17.48,13105,22956596.0,0.22,1.2746234067207416
2020-04-20,15:00,sz002058,*ST威尔,17.78,18.3,17.26,18.18,14489,25955222.0,0.7,4.004576659038902
2020-04-21,15:00,sz002058,*ST威尔,18.18,18.4,17.95,18.2,10136,18372072.0,0.02,0.11001100110011
2020-04-22,15:00,sz002058,*ST威尔,18.22,18.79,17.88,18.57,10987,20318562.0,0.37,2.032967032967033
2020-04-23,15:00,sz002058,*ST威尔,18.87,19.15,18.31,18.75,11214,21092904.0,0.18,0.9693053311793216
2020-04-24,15:00,sz002058,*ST威尔,19.01,19.08,18.52,18.61,8973,16838418.0,-0.14,-0.7466666666666667
2020-04-27,15:00,sz002058,*ST威尔,18.62,19.4,18.5,18.95,10320,19542920.0,0.34,1.8269747447608813
2020-04-28,15:00,sz002058,*ST威尔,18.91,19.2,18.0,18.9,9977,18680752.0,-0.05,-0.2638522427440633
2020-04-29,15:00,sz002058,*ST威尔,18.9,18.93,18.25,18.34,6458,11988572.0,-0.56,-2.9629629629629632
2020-04-30,15:00,sz002058,*ST威尔,18.5,18.79,18.25,18.28,11455,21189122.0,-0.06,-0.3271537622682661
2020-05-06,15:00,sz002058,*ST威尔,18.01,18.3,17.72,18.15,8030,14407349.0,-0.13,-0.7111597374179431
2020-05-07,15:00,sz002058,*ST威尔,18.28,18.28,17.66,17.71,8506,15160931.0,-0.44,-2.4242424242424243
2020-05-08,15:00,sz002058,*ST威尔,17.69,18.88,17.69,18.58,11774,21658986.0,0.87,4.912478825522304
2020-05-11,15:00,sz002058,*ST威尔,18.76,18.79,18.27,18.54,12991,23975448.0,-0.04,-0.2152852529601722
2020-05-12,15:00,sz002058,*ST威尔,18.5,18.7,18.1,18.59,6254,11567368.0,0.05,0.2696871628910464
2020-05-13,15:00,sz002058,*ST威尔,18.75,18.75,18.22,18.58,4130,7685678.0,-0.01,-0.0537923614846691
2020-05-14,15:00,sz002058,*ST威尔,18.62,18.65,18.06,18.11,6816,12494061.0,-0.47,-2.529601722282024
2020-05-15,15:00,sz002058,*ST威尔,18.35,18.35,18.01,18.11,4503,8144974.0,0.0,0.0
2020-05-18,15:00,sz002058,*ST威尔,18.11,18.18,17.74,18.0,5453,9786369.0,-0.11,-0.6073992269464384
2020-05-19,15:00,sz002058,*ST威尔,18.0,18.04,17.77,17.86,2403,4298592.5,-0.14,-0.7777777777777778
2020-05-20,15:00,sz002058,*ST威尔,17.83,18.12,17.77,17.81,4330,7738310.0,-0.05,-0.2799552071668533
2020-05-21,15:00,sz002058,*ST威尔,17.89,17.96,17.7,17.82,3430,6118256.5,0.01,0.056148231330713
2020-05-22,15:00,sz002058,*ST威尔,17.92,17.98,17.4,17.5,6654,11762090.0,-0.32,-1.7957351290684629
2020-05-25,15:00,sz002058,*ST威尔,17.5,17.56,16.88,16.99,6712,11483970.0,-0.51,-2.9142857142857146
2020-05-26,15:00,sz002058,*ST威尔,16.99,17.38,16.72,17.0,8286,13982765.0,0.01,0.0588581518540317
2020-05-27,15:00,sz002058,*ST威尔,17.0,17.6,16.88,17.37,8415,14597332.0,0.37,2.176470588235294
2020-05-28,15:00,sz002058,*ST威尔,17.76,17.76,17.2,17.4,5209,9081350.0,0.03,0.1727115716753022
2020-05-29,15:00,sz002058,*ST威尔,17.5,18.48,17.28,18.24,10198,18289316.0,0.84,4.827586206896552
2020-06-01,15:00,sz002058,*ST威尔,18.25,18.77,18.12,18.19,7759,14136797.0,-0.05,-0.2741228070175438
2020-06-02,15:00,sz002058,*ST威尔,18.19,18.35,18.06,18.12,5822,10577419.0,-0.07,-0.3848268279274326
2020-06-03,15:00,sz002058,*ST威尔,18.12,18.58,18.0,18.53,8366,15362292.0,0.41,2.262693156732892
2020-06-04,15:00,sz002058,*ST威尔,18.88,19.18,18.3,18.75,16141,30374012.0,0.22,1.1872638963842417
2020-06-05,15:00,sz002058,*ST威尔,18.78,18.89,18.25,18.39,7630,14124219.0,-0.36,-1.92
2020-06-08,15:00,sz002058,*ST威尔,18.37,18.61,18.26,18.37,7149,13170052.0,-0.02,-0.1087547580206634
2020-06-09,15:00,sz002058,*ST威尔,18.4,18.54,18.11,18.15,6212,11333906.0,-0.22,-1.1976047904191618
2020-06-10,15:00,sz002058,*ST威尔,18.38,18.38,17.83,17.9,7945,14286032.0,-0.25,-1.3774104683195594
2020-06-11,15:00,sz002058,*ST威尔,18.04,18.25,17.71,17.98,6835,12276059.0,0.08,0.4469273743016759
2020-06-12,15:00,sz002058,*ST威尔,17.8,18.1,17.61,17.88,6197,11072330.0,-0.1,-0.5561735261401557
2020-06-15,15:00,sz002058,*ST威尔,17.81,18.15,17.39,17.59,8693,15336750.0,-0.29,-1.6219239373601788
2020-06-16,15:00,sz002058,*ST威尔,17.6,17.69,17.28,17.6,10066,17545636.0,0.01,0.0568504832291074
2020-06-17,15:00,sz002058,*ST威尔,17.72,17.86,17.4,17.55,10558,18549860.0,-0.05,-0.2840909090909091
2020-06-18,15:00,sz002058,*ST威尔,18.49,18.49,17.22,17.6,17645,30987648.0,0.05,0.2849002849002849
2020-06-19,15:00,sz002058,*ST威尔,17.02,17.5,17.02,17.4,10791,18675636.0,-0.2,-1.1363636363636365
2020-06-22,15:00,sz002058,*ST威尔,17.34,18.4,17.31,18.31,21332,38379744.0,0.91,5.2298850574712645
2020-06-23,15:00,sz002058,*ST威尔,18.25,18.65,18.09,18.51,14235,26198872.0,0.2,1.0922992900054616
2020-06-24,15:00,sz002058,*ST威尔,18.48,18.65,18.4,18.57,8268,15309843.0,0.06,0.3241491085899514
2020-06-29,15:00,sz002058,*ST威尔,18.56,18.56,17.93,18.05,11374,20655930.0,-0.52,-2.8002154011847065
2020-06-30,15:00,sz002058,*ST威尔,18.37,18.37,17.7,17.94,9969,17944884.0,-0.11,-0.6094182825484765
2020-07-01,15:00,sz002058,*ST威尔,18.06,18.15,17.6,17.68,8568,15234478.0,-0.26,-1.4492753623188406
2020-07-02,15:00,sz002058,*ST威尔,17.73,17.89,17.57,17.83,8833,15717735.0,0.15,0.8484162895927602
2020-07-03,15:00,sz002058,*ST威尔,17.98,17.98,17.75,17.8,8444,15044003.0,-0.03,-0.1682557487380818
2020-07-06,15:00,sz002058,*ST威尔,18.1,18.48,17.7,18.38,20842,37780416.0,0.58,3.258426966292135
2020-07-07,15:00,sz002058,*ST威尔,18.66,18.66,18.1,18.45,25507,46654848.0,0.07,0.3808487486398259
2020-07-08,15:00,sz002058,*ST威尔,18.45,18.45,18.08,18.18,17977,32726380.0,-0.27,-1.4634146341463417
2020-07-09,15:00,sz002058,*ST威尔,18.2,18.88,18.12,18.77,33529,61885296.0,0.59,3.2453245324532456
2020-07-10,15:00,sz002058,*ST威尔,18.96,19.34,18.5,19.07,35414,67330696.0,0.3,1.5982951518380393
2020-07-13,15:00,sz002058,*ST威尔,19.22,20.93,19.22,20.5,39444,79682128.0,1.43,7.498689040377557
2020-07-14,15:00,sz002058,*ST威尔,20.65,21.69,20.2,20.83,34966,73020480.0,0.33,1.6097560975609757
2020-07-15,15:00,sz002058,*ST威尔,20.81,21.09,20.2,20.29,20161,41514132.0,-0.54,-2.5924147863658185
2020-07-16,15:00,sz002058,*ST威尔,20.28,20.66,18.72,18.9,19890,39109152.0,-1.39,-6.850665352390341
2020-07-17,15:00,sz002058,*ST威尔,19.18,19.18,18.49,18.67,12220,22898592.0,-0.23,-1.216931216931217
2020-07-20,15:00,sz002058,*ST威尔,18.72,19.14,18.72,18.96,9261,17483700.0,0.29,1.553294054633101
2020-07-21,15:00,sz002058,*ST威尔,19.13,19.2,18.89,18.96,7009,13322525.0,0.0,0.0
2020-07-22,15:00,sz002058,*ST威尔,19.04,19.24,18.73,19.24,8732,16612057.0,0.28,1.4767932489451476
2020-07-23,15:00,sz002058,*ST威尔,19.15,19.78,18.5,19.63,13903,26541756.0,0.39,2.027027027027027
2020-07-24,15:00,sz002058,*ST威尔,19.63,20.24,18.5,18.9,17819,34692288.0,-0.73,-3.718797758532858
2020-07-27,15:00,sz002058,*ST威尔,18.9,19.1,18.55,18.58,8208,15405103.0,-0.32,-1.6931216931216932
2020-07-28,15:00,sz002058,*ST威尔,18.75,18.97,18.62,18.8,6304,11871800.0,0.22,1.1840688912809472
2020-07-29,15:00,sz002058,*ST威尔,18.9,19.8,18.75,19.28,8652,16589072.0,0.48,2.553191489361702
2020-07-30,15:00,sz002058,*ST威尔,19.37,19.37,19.08,19.27,6748,12967878.0,-0.01,-0.0518672199170124
2020-07-31,15:00,sz002058,*ST威尔,19.34,19.45,18.91,19.2,9674,18524018.0,-0.07,-0.3632589517384536
2020-08-03,15:00,sz002058,*ST威尔,19.2,19.8,19.2,19.54,11023,21406622.0,0.34,1.7708333333333333
2020-08-04,15:00,sz002058,*ST威尔,19.5,19.83,19.41,19.72,14028,27548160.0,0.18,0.9211873080859776
2020-08-05,15:00,sz002058,*ST威尔,20.1,20.1,19.5,19.82,10911,21562690.0,0.1,0.5070993914807302
2020-08-06,15:00,sz002058,*ST威尔,19.81,19.9,19.22,19.7,10244,20020408.0,-0.12,-0.6054490413723511
2020-08-07,15:00,sz002058,*ST威尔,19.98,19.98,19.0,19.79,12615,24748972.0,0.09,0.4568527918781726
2020-08-10,15:00,sz002058,*ST威尔,19.81,20.33,19.6,20.06,14480,29083666.0,0.27,1.3643254168772108
2020-08-11,15:00,sz002058,*ST威尔,20.06,20.14,19.46,19.67,11861,23429538.0,-0.39,-1.9441674975074776
2020-08-12,15:00,sz002058,*ST威尔,19.66,19.66,19.0,19.33,6257,12036546.0,-0.34,-1.728520589730554
2020-08-13,15:00,sz002058,*ST威尔,19.34,19.85,19.34,19.6,8797,17258316.0,0.27,1.396792550439731
2020-08-14,15:00,sz002058,*ST威尔,19.4,21.56,19.4,21.56,49027,103243552.0,1.96,10.0
2020-08-17,15:00,sz002058,*ST威尔,21.23,22.5,21.0,21.82,37410,81395112.0,0.26,1.2059369202226344
2020-08-18,15:00,sz002058,*ST威尔,21.9,22.01,21.3,21.99,21908,47759100.0,0.17,0.7791017415215399
2020-08-19,15:00,sz002058,*ST威尔,21.69,21.95,19.79,20.15,49697,102773240.0,-1.84,-8.36743974533879
2020-08-20,15:00,sz002058,*ST威尔,20.35,20.35,19.11,19.29,18962,37199472.0,-0.86,-4.267990074441688
2020-08-21,15:00,sz002058,*ST威尔,19.0,19.61,18.52,18.99,19465,36862016.0,-0.3,-1.5552099533437014
2020-08-24,15:00,sz002058,*ST威尔,18.74,19.46,18.5,19.1,10508,20056480.0,0.11,0.5792522380200106
2020-08-25,15:00,sz002058,*ST威尔,19.79,19.79,18.83,18.95,8862,16885840.0,-0.15,-0.7853403141361256
2020-08-26,15:00,sz002058,*ST威尔,18.99,19.18,18.12,18.31,10626,19730640.0,-0.64,-3.37730870712401
2020-08-27,15:00,sz002058,*ST威尔,18.31,18.68,18.09,18.53,7458,13755731.0,0.22,1.2015292190060076
2020-08-28,15:00,sz002058,*ST威尔,18.59,18.87,18.5,18.63,10902,20326288.0,0.1,0.5396654074473827
2020-08-31,15:00,sz002058,*ST威尔,19.78,19.78,18.13,18.61,10149,18967396.0,-0.02,-0.1073537305421363
2020-09-01,15:00,sz002058,*ST威尔,18.6,18.89,18.41,18.6,9131,16993916.0,-0.01,-0.0537345513164965
2020-09-02,15:00,sz002058,*ST威尔,18.8,18.8,18.17,18.3,12952,23741992.0,-0.3,-1.6129032258064515
2020-09-03,15:00,sz002058,*ST威尔,18.28,18.3,17.4,17.85,19225,34169400.0,-0.45,-2.459016393442623
2020-09-04,15:00,sz002058,*ST威尔,17.5,18.08,17.44,18.01,10711,19052024.0,0.16,0.8963585434173669
2020-09-07,15:00,sz002058,*ST威尔,18.3,18.3,17.1,17.51,15305,27092660.0,-0.5,-2.77623542476402
2020-09-08,15:00,sz002058,*ST威尔,17.8,17.8,16.8,16.99,18807,32204940.0,-0.52,-2.96973158195317
2020-09-09,15:00,sz002058,*ST威尔,16.95,16.95,16.32,16.48,15042,25030716.0,-0.51,-3.001765744555621
2020-09-10,15:00,sz002058,*ST威尔,16.37,16.56,15.15,15.55,18978,29934782.0,-0.93,-5.643203883495146
2020-09-11,15:00,sz002058,*ST威尔,15.39,16.24,15.02,16.07,14189,22377450.0,0.52,3.344051446945337
2020-09-14,15:00,sz002058,*ST威尔,16.72,16.72,15.6,16.12,10979,17678938.0,0.05,0.3111387678904792
2020-09-15,15:00,sz002058,*ST威尔,16.14,16.26,15.7,15.93,11224,17938428.0,-0.19,-1.1786600496277917
2020-09-16,15:00,sz002058,*ST威尔,15.7,16.45,15.68,16.23,13866,22420510.0,0.3,1.8832391713747645
2020-09-17,15:00,sz002058,*ST威尔,16.2,16.86,16.02,16.62,10737,17611734.0,0.39,2.4029574861367835
2020-09-18,15:00,sz002058,*ST威尔,16.79,17.58,16.51,17.27,11772,20147414.0,0.65,3.910950661853189
2020-09-21,15:00,sz002058,*ST威尔,17.78,17.78,16.91,17.55,11080,19257572.0,0.28,1.6213086276780544
2020-09-22,15:00,sz002058,*ST威尔,17.3,17.69,17.05,17.13,7704,13331050.0,-0.42,-2.393162393162393
2020-09-23,15:00,sz002058,*ST威尔,17.12,17.39,16.96,17.17,5689,9770832.0,0.04,0.2335084646818447
2020-09-24,15:00,sz002058,*ST威尔,17.21,17.21,16.72,16.77,4860,8191802.0,-0.4,-2.3296447291788
2020-09-25,15:00,sz002058,*ST威尔,16.76,16.93,16.46,16.65,3475,5777871.5,-0.12,-0.7155635062611807
2020-09-28,15:00,sz002058,*ST威尔,16.59,16.72,16.02,16.06,7782,12616978.0,-0.59,-3.543543543543543
2020-09-29,15:00,sz002058,*ST威尔,16.27,16.76,15.95,16.4,12594,20554094.0,0.34,2.1170610211706102
2020-09-30,15:00,sz002058,*ST威尔,16.6,16.76,16.38,16.5,6244,10303268.0,0.1,0.6097560975609756
2020-10-09,15:00,sz002058,*ST威尔,16.6,17.02,16.6,16.67,5740,9648092.0,0.17,1.0303030303030305
2020-10-12,15:00,sz002058,*ST威尔,16.64,17.1,16.64,17.1,8014,13528476.0,0.43,2.579484103179364
2020-10-13,15:00,sz002058,*ST威尔,17.24,17.43,17.0,17.28,4944,8523859.0,0.18,1.0526315789473684
2020-10-14,15:00,sz002058,*ST威尔,17.29,17.58,17.17,17.32,6935,12037410.0,0.04,0.2314814814814814
2020-10-15,15:00,sz002058,*ST威尔,17.32,17.5,16.92,17.07,6883,11826553.0,-0.25,-1.443418013856813
2020-10-16,15:00,sz002058,*ST威尔,17.13,17.29,17.03,17.14,4792,8211808.0,0.07,0.4100761570005858
2020-10-19,15:00,sz002058,*ST威尔,17.1,17.18,16.7,16.8,7336,12394600.0,-0.34,-1.9836639439906647
2020-10-20,15:00,sz002058,*ST威尔,16.69,16.85,16.58,16.8,4047,6768915.0,0.0,0.0
2020-10-21,15:00,sz002058,*ST威尔,16.92,16.92,16.42,16.75,5738,9560238.0,-0.05,-0.2976190476190476
2020-10-22,15:00,sz002058,*ST威尔,16.98,16.98,16.41,16.5,4767,7879803.0,-0.25,-1.4925373134328357
2020-10-23,15:00,sz002058,*ST威尔,16.5,16.68,16.28,16.32,3597,5908302.0,-0.18,-1.090909090909091
2020-10-26,15:00,sz002058,*ST威尔,16.58,16.58,15.98,16.15,5083,8235507.0,-0.17,-1.0416666666666663
2020-10-27,15:00,sz002058,*ST威尔,16.23,16.27,15.91,16.07,6002,9651137.0,-0.08,-0.4953560371517028
2020-10-28,15:00,sz002058,*ST威尔,16.07,16.26,15.82,15.94,5169,8247796.0,-0.13,-0.8089607965152459
2020-10-29,15:00,sz002058,*ST威尔,15.92,16.8,15.61,16.26,8472,13729068.0,0.32,2.0075282308657463
2020-10-30,15:00,sz002058,*ST威尔,16.42,16.57,16.11,16.31,6462,10562583.0,0.05,0.3075030750307503
2020-11-02,15:00,sz002058,*ST威尔,16.31,16.4,15.27,15.5,10960,17290512.0,-0.81,-4.966278356836297
2020-11-03,15:00,sz002058,*ST威尔,15.5,15.69,15.29,15.51,8170,12602111.0,0.01,0.064516129032258
2020-11-04,15:00,sz002058,*ST威尔,15.53,16.49,15.2,15.79,12659,19955368.0,0.28,1.8052869116698904
2020-11-05,15:00,sz002058,*ST威尔,15.69,15.8,15.42,15.59,10341,16102398.0,-0.2,-1.266624445851805
2020-11-06,15:00,sz002058,*ST威尔,15.65,15.66,15.27,15.55,5461,8433221.0,-0.04,-0.2565747273893521
2020-11-09,15:00,sz002058,*ST威尔,15.57,15.78,15.44,15.69,8842,13822419.0,0.14,0.9003215434083601
2020-11-10,15:00,sz002058,*ST威尔,15.61,16.1,15.48,15.99,8532,13432097.0,0.3,1.9120458891013383
2020-11-11,15:00,sz002058,*ST威尔,15.99,16.76,15.64,16.49,14846,24108580.0,0.5,3.126954346466541
2020-11-12,15:00,sz002058,*ST威尔,16.3,17.22,16.3,17.05,25833,43701880.0,0.56,3.395997574287447
2020-11-13,15:00,sz002058,*ST威尔,17.23,18.18,17.07,18.13,38732,68799336.0,1.08,6.334310850439882
2020-11-16,15:00,sz002058,*ST威尔,18.13,18.62,17.72,18.33,22742,41415448.0,0.2,1.1031439602868174
2020-11-17,15:00,sz002058,*ST威尔,18.21,18.51,18.0,18.41,17236,31519990.0,0.08,0.436442989634479
2020-11-18,15:00,sz002058,*ST威尔,18.34,18.74,18.11,18.6,16783,30996104.0,0.19,1.0320478001086366
2020-11-19,15:00,sz002058,*ST威尔,18.86,18.86,18.33,18.55,9421,17457518.0,-0.05,-0.2688172043010753
2020-11-20,15:00,sz002058,*ST威尔,18.6,18.6,18.12,18.27,11560,21141758.0,-0.28,-1.509433962264151
2020-11-23,15:00,sz002058,*ST威尔,18.35,18.35,17.9,17.9,14620,26431926.0,-0.37,-2.0251778872468527
2020-11-24,15:00,sz002058,*ST威尔,17.89,18.59,17.75,18.49,15759,28902210.0,0.59,3.2960893854748603
2020-11-25,15:00,sz002058,*ST威尔,18.48,18.68,18.33,18.54,9245,17096764.0,0.05,0.2704164413196322
2020-11-26,15:00,sz002058,*ST威尔,18.54,19.1,18.34,18.59,16182,30383976.0,0.05,0.2696871628910464
2020-11-27,15:00,sz002058,*ST威尔,18.65,18.78,18.36,18.65,6935,12877166.0,0.06,0.322754168908015
2020-11-30,15:00,sz002058,*ST威尔,18.65,18.65,17.81,17.83,10102,18322828.0,-0.82,-4.396782841823057
2020-12-01,15:00,sz002058,*ST威尔,17.83,18.15,17.71,18.03,9150,16456016.0,0.2,1.1217049915872126
2020-12-02,15:00,sz002058,*ST威尔,18.11,18.17,17.72,17.89,5643,10097929.0,-0.14,-0.776483638380477
2020-12-03,15:00,sz002058,*ST威尔,17.87,17.98,17.49,17.89,7912,13980165.0,0.0,0.0
2020-12-04,15:00,sz002058,*ST威尔,18.18,18.48,17.17,17.56,11527,20312422.0,-0.33,-1.84460592509782
2020-12-07,15:00,sz002058,*ST威尔,17.55,17.72,17.12,17.27,7409,12809543.0,-0.29,-1.651480637813212
2020-12-08,15:00,sz002058,*ST威尔,17.23,17.23,17.05,17.08,3717,6368319.5,-0.19,-1.1001737116386796
2020-12-09,15:00,sz002058,*ST威尔,17.13,17.52,17.01,17.04,5802,9979690.0,-0.04,-0.234192037470726
2020-12-10,15:00,sz002058,*ST威尔,17.0,17.58,16.66,17.44,7066,12224882.0,0.4,2.3474178403755865
2020-12-11,15:00,sz002058,*ST威尔,17.44,17.54,17.02,17.43,3748,6484418.0,-0.01,-0.0573394495412844
2020-12-14,15:00,sz002058,*ST威尔,17.43,17.53,16.95,17.05,8198,14035365.0,-0.38,-2.1801491681009755
2020-12-15,15:00,sz002058,*ST威尔,16.51,16.9,15.35,15.35,35368,55119948.0,-1.7,-9.97067448680352
2020-12-16,15:00,sz002058,*ST威尔,13.82,14.84,13.82,13.82,29709,41081912.0,-1.53,-9.96742671009772
2020-12-17,15:00,sz002058,*ST威尔,13.03,14.95,12.6,14.58,47103,65288424.0,0.76,5.499276410998553
2020-12-18,15:00,sz002058,*ST威尔,14.9,15.43,13.58,13.79,34121,49148976.0,-0.79,-5.41838134430727
2020-12-21,15:00,sz002058,*ST威尔,14.28,14.28,12.8,13.49,24149,31842040.0,-0.3,-2.1754894851341557
2020-12-22,15:00,sz002058,*ST威尔,13.29,13.53,12.91,12.97,15033,19842740.0,-0.52,-3.85470719051149
2020-12-23,15:00,sz002058,*ST威尔,12.94,13.75,12.56,13.32,17913,23693158.0,0.35,2.6985350809560527
2020-12-24,15:00,sz002058,*ST威尔,13.28,13.56,13.0,13.04,10030,13245622.0,-0.28,-2.1021021021021022
2020-12-25,15:00,sz002058,*ST威尔,13.38,13.38,12.6,13.17,11650,15370500.0,0.13,0.9969325153374232
2020-12-28,15:00,sz002058,*ST威尔,13.04,13.28,12.93,13.01,11261,14683691.0,-0.16,-1.2148823082763858
2020-12-29,15:00,sz002058,*ST威尔,13.01,13.24,12.9,13.16,7463,9776198.0,0.15,1.1529592621060722
2020-12-30,15:00,sz002058,*ST威尔,13.16,13.16,12.7,12.79,18328,23750416.0,-0.37,-2.811550151975684
2020-12-31,15:00,sz002058,*ST威尔,12.72,13.08,12.71,13.06,9611,12378118.0,0.27,2.111024237685692
2021-01-04,15:00,sz002058,*ST威尔,13.7,13.7,12.92,12.95,10146,13252468.0,-0.11,-0.8422664624808576
2021-01-05,15:00,sz002058,*ST威尔,12.95,13.09,12.73,12.92,9747,12551764.0,-0.03,-0.2316602316602316
2021-01-06,15:00,sz002058,*ST威尔,12.94,12.94,12.15,12.31,15592,19343020.0,-0.61,-4.721362229102167
2021-01-07,15:00,sz002058,*ST威尔,12.12,12.34,11.08,11.08,36868,42519328.0,-1.23,-9.991876523151909
2021-01-08,15:00,sz002058,*ST威尔,11.3,11.3,9.97,10.53,35896,37661220.0,-0.55,-4.9638989169675085
2021-01-11,15:00,sz002058,*ST威尔,10.53,10.63,10.19,10.19,27001,27925470.0,-0.34,-3.2288698955365627
2021-01-12,15:00,sz002058,*ST威尔,10.21,11.21,10.17,11.21,35231,38484604.0,1.02,10.009813542688912
2021-01-13,15:00,sz002058,*ST威尔,11.37,11.98,10.77,11.7,38551,43585032.0,0.49,4.371097234611954
2021-01-14,15:00,sz002058,*ST威尔,11.58,11.58,11.17,11.22,18523,20952554.0,-0.48,-4.102564102564102
2021-01-15,15:00,sz002058,*ST威尔,11.32,11.8,11.15,11.77,13905,16030685.0,0.55,4.901960784313726
2021-01-18,15:00,sz002058,*ST威尔,11.77,12.64,11.7,12.56,18537,22697760.0,0.79,6.711979609175871
2021-01-19,15:00,sz002058,*ST威尔,12.59,12.82,12.45,12.63,12536,15855322.0,0.07,0.5573248407643312
2021-01-20,15:00,sz002058,*ST威尔,12.29,12.79,12.29,12.42,10154,12696374.0,-0.21,-1.66270783847981
2021-01-21,15:00,sz002058,*ST威尔,12.52,12.59,12.01,12.06,12200,14901082.0,-0.36,-2.898550724637681
2021-01-22,15:00,sz002058,*ST威尔,12.16,12.25,11.74,12.12,9956,11886991.0,0.06,0.4975124378109453
2021-01-25,15:00,sz002058,*ST威尔,12.14,12.14,11.21,11.56,15540,17958938.0,-0.56,-4.62046204620462
2021-01-26,15:00,sz002058,*ST威尔,11.41,12.5,11.28,12.25,17641,21309664.0,0.69,5.968858131487889
2021-01-27,15:00,sz002058,*ST威尔,12.14,12.4,11.8,12.4,11451,13786006.0,0.15,1.2244897959183674
2021-01-28,15:00,sz002058,*ST威尔,11.86,13.27,11.7,12.68,21449,26985560.0,0.28,2.258064516129032
2021-01-29,15:00,sz002058,*ST威尔,12.82,12.95,12.36,12.59,13217,16740376.0,-0.09,-0.7097791798107256
2021-02-01,15:00,sz002058,*ST威尔,12.71,13.28,12.18,12.56,16015,20244120.0,-0.03,-0.2382843526608419
2021-02-02,15:00,sz002058,*ST威尔,12.55,12.65,11.94,12.01,8705,10587194.0,-0.55,-4.378980891719745
2021-02-03,15:00,sz002058,*ST威尔,11.82,12.06,11.61,11.94,10167,12032738.0,-0.07,-0.5828476269775187
2021-02-04,15:00,sz002058,*ST威尔,11.51,12.04,11.51,11.52,11062,12983521.0,-0.42,-3.5175879396984926
2021-02-05,15:00,sz002058,*ST威尔,11.69,11.75,10.62,10.62,14526,16012988.0,-0.9,-7.8125
2021-02-08,15:00,sz002058,*ST威尔,10.66,10.82,10.15,10.28,13196,13685559.0,-0.34,-3.2015065913371
2021-02-09,15:00,sz002058,*ST威尔,10.28,10.68,10.02,10.53,14771,15130821.0,0.25,2.4319066147859925
2021-02-10,15:00,sz002058,*ST威尔,10.52,11.16,10.45,10.71,8497,9215528.0,0.18,1.7094017094017095
2021-02-18,15:00,sz002058,*ST威尔,10.99,11.28,10.81,11.25,6919,7679189.0,0.54,5.042016806722689
2021-02-19,15:00,sz002058,*ST威尔,11.25,11.77,11.01,11.69,7586,8743841.0,0.44,3.911111111111111
2021-02-22,15:00,sz002058,*ST威尔,11.73,12.2,11.73,11.88,9311,11173649.0,0.19,1.6253207869974338
2021-02-23,15:00,sz002058,*ST威尔,11.79,12.38,11.48,12.14,20043,24024446.0,0.26,2.1885521885521886
2021-02-24,15:00,sz002058,*ST威尔,12.31,12.67,12.11,12.39,17191,21361264.0,0.25,2.059308072487644
2021-02-25,15:00,sz002058,*ST威尔,12.48,12.53,12.02,12.06,9600,11726718.0,-0.33,-2.663438256658596
2021-02-26,15:00,sz002058,*ST威尔,12.05,12.29,11.8,12.07,9383,11368517.0,0.01,0.0829187396351575
2021-03-01,15:00,sz002058,*ST威尔,12.1,12.34,11.88,12.3,12100,14687969.0,0.23,1.9055509527754768
2021-03-02,15:00,sz002058,*ST威尔,12.31,12.47,12.02,12.06,5460,6654417.0,-0.24,-1.951219512195122
2021-03-03,15:00,sz002058,*ST威尔,12.02,12.27,12.02,12.12,5633,6844884.0,0.06,0.4975124378109453
2021-03-04,15:00,sz002058,*ST威尔,12.12,12.29,11.76,11.87,11094,13322144.0,-0.25,-2.0627062706270625
2021-03-05,15:00,sz002058,*ST威尔,11.87,12.09,11.8,11.89,5920,7043695.0,0.02,0.16849199663016
2021-03-08,15:00,sz002058,*ST威尔,12.12,12.2,11.53,11.6,9406,11082040.0,-0.29,-2.4390243902439024
2021-03-09,15:00,sz002058,*ST威尔,11.6,11.6,10.8,11.08,9190,10305661.0,-0.52,-4.482758620689655
2021-03-10,15:00,sz002058,*ST威尔,11.13,11.37,10.82,10.84,7689,8416776.0,-0.24,-2.166064981949458
2021-03-11,15:00,sz002058,*ST威尔,10.92,11.29,10.92,11.23,6963,7752168.0,0.39,3.5977859778597785
2021-03-12,15:00,sz002058,*ST威尔,11.22,11.39,10.95,11.26,5433,6055778.0,0.03,0.2671415850400712
2021-03-15,15:00,sz002058,*ST威尔,10.13,10.13,10.13,10.13,6660,6746580.0,-1.13,-10.035523978685614
2021-03-16,15:00,sz002058,*ST威尔,9.12,10.0,9.12,9.65,68547,64266940.0,-0.48,-4.738400789733465
2021-03-17,15:00,sz002058,*ST威尔,9.52,9.85,9.42,9.54,25593,24601766.0,-0.11,-1.1398963730569949
2021-03-18,15:00,sz002058,*ST威尔,9.71,9.71,9.34,9.5,23909,22558216.0,-0.04,-0.4192872117400419
2021-03-19,15:00,sz002058,*ST威尔,9.31,9.59,9.28,9.38,21115,19782700.0,-0.12,-1.263157894736842
2021-03-22,15:00,sz002058,*ST威尔,9.43,9.73,9.35,9.63,32235,30739100.0,0.25,2.6652452025586357
2021-03-23,15:00,sz002058,*ST威尔,9.64,9.82,9.4,9.52,28935,27899708.0,-0.11,-1.142263759086189
2021-03-24,15:00,sz002058,*ST威尔,9.51,9.65,9.32,9.62,16319,15575261.0,0.1,1.050420168067227
2021-03-25,15:00,sz002058,*ST威尔,9.6,9.99,9.55,9.77,17979,17540980.0,0.15,1.5592515592515594
2021-03-26,15:00,sz002058,*ST威尔,9.87,10.13,9.65,10.05,14298,14225635.0,0.28,2.865916069600819
2021-03-29,15:00,sz002058,*ST威尔,9.6,10.56,9.6,10.56,29474,30191456.0,0.51,5.074626865671641
2021-03-30,15:00,sz002058,*ST威尔,10.57,10.81,9.92,10.0,28695,29063596.0,-0.56,-5.303030303030303
2021-03-31,15:00,sz002058,*ST威尔,10.2,10.25,9.84,10.16,13636,13785887.0,0.16,1.6
2021-04-01,15:00,sz002058,*ST威尔,10.19,10.25,9.92,9.95,10923,10947893.0,-0.21,-2.066929133858268
2021-04-02,15:00,sz002058,*ST威尔,9.95,10.48,9.74,10.46,21848,22130202.0,0.51,5.125628140703518
2021-04-06,15:00,sz002058,*ST威尔,10.43,11.45,10.11,11.45,48892,51951424.0,0.99,9.464627151051626
2021-04-08,15:00,sz002058,*ST威尔,10.88,10.88,10.88,10.88,30110,32759680.0,-0.57,-4.978165938864628
2021-04-09,15:00,sz002058,*ST威尔,10.34,10.34,10.34,10.34,13106,13551604.0,-0.54,-4.963235294117647
2021-04-12,15:00,sz002058,*ST威尔,9.88,10.07,9.82,9.82,19648,19336712.0,-0.52,-5.029013539651837
2021-04-13,15:00,sz002058,*ST威尔,9.47,9.64,9.33,9.33,20005,18746980.0,-0.49,-4.989816700610998
2021-04-14,15:00,sz002058,*ST威尔,8.99,9.5,8.88,9.22,28374,25806956.0,-0.11,-1.1789924973204715
2021-04-15,15:00,sz002058,*ST威尔,9.22,9.6,9.15,9.4,13395,12579176.0,0.18,1.9522776572668112
2021-04-16,15:00,sz002058,*ST威尔,9.48,9.59,9.35,9.4,9231,8698846.0,0.0,0.0
2021-04-19,15:00,sz002058,*ST威尔,9.57,9.57,9.36,9.49,8217,7766518.0,0.09,0.9574468085106382
2021-04-20,15:00,sz002058,*ST威尔,9.41,9.51,9.36,9.38,5523,5211182.0,-0.11,-1.1591148577449948
2021-04-21,15:00,sz002058,*ST威尔,9.45,9.49,9.36,9.38,4146,3906877.25,0.0,0.0
2021-04-22,15:00,sz002058,*ST威尔,9.26,9.45,9.26,9.42,5059,4753431.0,0.04,0.4264392324093816
2021-04-23,15:00,sz002058,*ST威尔,9.41,9.42,9.25,9.31,3640,3388583.0,-0.11,-1.167728237791932
2021-04-26,15:00,sz002058,*ST威尔,9.31,9.4,9.22,9.26,5042,4693629.0,-0.05,-0.5370569280343717
2021-04-27,15:00,sz002058,*ST威尔,9.48,9.5,9.26,9.29,9324,8762408.0,0.03,0.3239740820734341
2021-04-28,15:00,sz002058,*ST威尔,9.3,9.36,8.95,9.0,9126,8265765.5,-0.29,-3.1216361679224973
2021-04-29,15:00,sz002058,*ST威尔,9.0,9.05,8.55,8.65,11550,10051046.0,-0.35,-3.888888888888889
2021-04-30,15:00,sz002058,*ST威尔,8.69,8.89,8.31,8.45,10127,8626780.0,-0.2,-2.312138728323699
2021-05-06,15:00,sz002058,*ST威尔,8.47,8.48,8.2,8.28,7418,6161430.0,-0.17,-2.0118343195266277
2021-05-07,15:00,sz002058,*ST威尔,8.28,8.45,8.21,8.26,8366,6925469.0,-0.02,-0.2415458937198067
2021-05-10,15:00,sz002058,*ST威尔,8.58,8.58,8.25,8.26,8210,6844391.0,0.0,0.0
2021-05-11,15:00,sz002058,*ST威尔,8.26,8.31,8.14,8.22,8582,7061449.5,-0.04,-0.4842615012106537
2021-05-12,15:00,sz002058,*ST威尔,8.33,8.33,8.19,8.26,12115,9996403.0,0.04,0.48661800486618
2021-05-13,15:00,sz002058,*ST威尔,8.23,8.67,8.21,8.44,14664,12313125.0,0.18,2.179176755447941
2021-05-14,15:00,sz002058,*ST威尔,8.43,8.52,8.13,8.3,14395,11943390.0,-0.14,-1.6587677725118484
2021-05-17,15:00,sz002058,*ST威尔,8.15,8.15,7.89,7.89,1997,1581631.0,-0.41,-4.9397590361445785
2021-05-18,15:00,sz002058,*ST威尔,7.5,7.54,7.5,7.5,5614,4211010.0,-0.39,-4.942965779467681
2021-05-19,15:00,sz002058,*ST威尔,7.25,7.42,7.13,7.13,19083,13822299.0,-0.37,-4.933333333333334
2021-05-20,15:00,sz002058,*ST威尔,7.12,7.44,7.02,7.16,15614,11305946.0,0.03,0.4207573632538569
2021-05-21,15:00,sz002058,*ST威尔,7.16,7.22,6.91,6.92,14453,10133786.0,-0.24,-3.35195530726257
2021-05-24,15:00,sz002058,*ST威尔,6.92,7.05,6.67,7.03,22634,15374148.0,0.11,1.5895953757225432
2021-05-25,15:00,sz002058,*ST威尔,6.92,7.07,6.87,7.02,10582,7368057.0,-0.01,-0.1422475106685633
2021-05-26,15:00,sz002058,*ST威尔,6.97,7.02,6.89,6.94,6453,4484474.0,-0.08,-1.1396011396011396
2021-05-27,15:00,sz002058,*ST威尔,7.0,7.12,6.94,7.06,8066,5685327.0,0.12,1.729106628242075
2021-05-28,15:00,sz002058,*ST威尔,7.07,7.16,7.03,7.12,5995,4260505.0,0.06,0.84985835694051
2021-05-31,15:00,sz002058,*ST威尔,7.12,7.18,7.1,7.15,5470,3904303.0,0.03,0.4213483146067415
2021-06-01,15:00,sz002058,*ST威尔,7.16,7.3,7.15,7.28,8776,6323057.5,0.13,1.818181818181818
2021-06-02,15:00,sz002058,*ST威尔,7.28,7.31,7.15,7.28,7248,5254791.0,0.0,0.0
2021-06-03,15:00,sz002058,*ST威尔,7.26,7.64,7.22,7.57,13316,9953645.0,0.29,3.983516483516483
2021-06-04,15:00,sz002058,*ST威尔,7.61,7.95,7.42,7.87,21389,16699702.0,0.3,3.963011889035667
2021-06-07,15:00,sz002058,*ST威尔,7.86,8.21,7.63,8.1,15826,12735565.0,0.23,2.922490470139772
2021-06-08,15:00,sz002058,*ST威尔,8.1,8.24,7.95,8.13,10200,8269597.0,0.03,0.3703703703703704
2021-06-09,15:00,sz002058,*ST威尔,8.2,8.23,8.05,8.1,6803,5527878.0,-0.03,-0.3690036900369003
2021-06-10,15:00,sz002058,*ST威尔,8.15,8.15,7.92,8.0,7671,6154788.0,-0.1,-1.2345679012345678
2021-06-11,15:00,sz002058,*ST威尔,7.91,8.15,7.91,7.97,6669,5339438.0,-0.03,-0.375
2021-06-15,15:00,sz002058,*ST威尔,7.94,8.04,7.94,8.0,5206,4156337.0,0.03,0.3764115432873274
2021-06-16,15:00,sz002058,*ST威尔,7.95,8.05,7.93,7.97,4517,3610700.0,-0.03,-0.375
2021-06-17,15:00,sz002058,*ST威尔,7.95,8.11,7.95,8.11,6761,5447812.0,0.14,1.7565872020075282
2021-06-18,15:00,sz002058,*ST威尔,8.11,8.52,8.1,8.52,11205,9446486.0,0.41,5.055487053020962
2021-06-21,15:00,sz002058,*ST威尔,8.89,8.89,8.54,8.68,18218,15869311.0,0.16,1.8779342723004693
2021-06-22,15:00,sz002058,*ST威尔,8.54,8.74,8.4,8.61,13562,11568808.0,-0.07,-0.8064516129032258
2021-06-23,15:00,sz002058,*ST威尔,8.55,9.04,8.46,9.04,16672,14767105.0,0.43,4.994192799070848
2021-06-24,15:00,sz002058,*ST威尔,9.08,9.49,8.9,9.43,24752,22971210.0,0.39,4.314159292035398
2021-06-25,15:00,sz002058,*ST威尔,9.29,9.85,9.29,9.84,17568,16977872.0,0.41,4.3478260869565215
2021-06-28,15:00,sz002058,*ST威尔,10.1,10.1,9.39,9.39,21056,20502614.0,-0.45,-4.573170731707317
2021-06-29,15:00,sz002058,*ST威尔,9.3,9.65,9.1,9.49,12057,11326968.0,0.1,1.064962726304579
2021-06-30,15:00,sz002058,*ST威尔,9.53,9.64,9.31,9.37,8161,7709079.5,-0.12,-1.2644889357218123
2021-07-01,15:00,sz002058,*ST威尔,9.5,9.5,8.9,8.94,10833,9866904.0,-0.43,-4.589114194236927
2021-07-02,15:00,sz002058,*ST威尔,8.94,8.98,8.64,8.8,8844,7836756.5,-0.14,-1.5659955257270697
2021-07-05,15:00,sz002058,*ST威尔,8.88,9.24,8.81,9.24,22225,20486036.0,0.44,5.0
2021-07-06,15:00,sz002058,*ST威尔,9.19,9.19,8.93,8.98,10576,9538216.0,-0.26,-2.813852813852814
2021-07-07,15:00,sz002058,*ST威尔,8.91,9.31,8.86,9.01,7200,6543372.5,0.03,0.3340757238307349
2021-07-08,15:00,sz002058,*ST威尔,9.01,9.28,8.91,9.24,6090,5569969.0,0.23,2.5527192008879025
2021-07-09,15:00,sz002058,*ST威尔,9.25,9.47,9.15,9.35,8027,7457891.0,0.11,1.1904761904761905
2021-07-12,15:00,sz002058,*ST威尔,9.48,9.5,9.05,9.09,8457,7784298.0,-0.26,-2.7807486631016043
2021-07-13,15:00,sz002058,*ST威尔,9.2,9.23,9.04,9.17,6806,6205637.0,0.08,0.88008800880088
2021-07-14,15:00,sz002058,*ST威尔,9.12,9.13,8.71,8.99,8381,7485514.0,-0.18,-1.9629225736095963
2021-07-15,15:00,sz002058,*ST威尔,8.98,8.98,8.62,8.74,7272,6365432.0,-0.25,-2.7808676307007785
2021-07-16,15:00,sz002058,*ST威尔,8.79,8.86,8.68,8.81,5568,4881924.5,0.07,0.8009153318077803
2021-07-19,15:00,sz002058,*ST威尔,8.79,8.81,8.54,8.54,5945,5139393.5,-0.27,-3.064699205448354
2021-07-20,15:00,sz002058,*ST威尔,8.51,8.8,8.37,8.7,6906,5945163.5,0.16,1.873536299765808
2021-07-21,15:00,sz002058,*ST威尔,8.7,8.85,8.7,8.71,3484,3051868.75,0.01,0.1149425287356321
2021-07-22,15:00,sz002058,*ST威尔,8.71,8.75,8.64,8.72,4527,3936536.0,0.01,0.1148105625717566
2021-07-23,15:00,sz002058,*ST威尔,8.59,8.71,8.37,8.4,7114,6018344.5,-0.32,-3.669724770642202
2021-07-26,15:00,sz002058,*ST威尔,8.3,8.3,7.98,8.0,8447,6800272.0,-0.4,-4.761904761904762
2021-07-27,15:00,sz002058,*ST威尔,7.96,8.0,7.62,7.7,10055,7864249.0,-0.3,-3.75
2021-07-28,15:00,sz002058,*ST威尔,7.65,7.85,7.32,7.38,8389,6216185.5,-0.32,-4.155844155844156
2021-07-29,15:00,sz002058,*ST威尔,7.4,7.65,7.4,7.48,5417,4043225.0,0.1,1.3550135501355014
2021-07-30,15:00,sz002058,*ST威尔,7.44,7.5,7.16,7.46,14177,10367859.0,-0.02,-0.267379679144385
2021-08-02,15:00,sz002058,*ST威尔,7.33,7.59,7.33,7.55,5486,4098534.75,0.09,1.206434316353887
2021-08-03,15:00,sz002058,*ST威尔,7.55,7.73,7.48,7.53,4899,3732089.5,-0.02,-0.2649006622516556
2021-08-04,15:00,sz002058,*ST威尔,7.5,7.61,7.48,7.5,3544,2670159.0,-0.03,-0.398406374501992
2021-08-05,15:00,sz002058,*ST威尔,7.53,7.69,7.42,7.59,9846,7417450.0,0.09,1.2
2021-08-06,15:00,sz002058,*ST威尔,7.6,7.97,7.6,7.97,9877,7723559.5,0.38,5.006587615283268
2021-08-09,15:00,sz002058,*ST威尔,8.2,8.34,7.95,8.28,11433,9347225.0,0.31,3.889585947302384
2021-08-10,15:00,sz002058,*ST威尔,8.21,8.43,8.21,8.42,9139,7628057.5,0.14,1.6908212560386473
2021-08-11,15:00,sz002058,*ST威尔,8.44,8.7,8.38,8.6,8452,7257280.0,0.18,2.137767220902613
2021-08-12,15:00,sz002058,*ST威尔,8.6,8.68,8.52,8.53,8804,7560898.0,-0.07,-0.813953488372093
2021-08-13,15:00,sz002058,*ST威尔,8.59,8.96,8.38,8.95,21604,19069620.0,0.42,4.9237983587338805
2021-08-16,15:00,sz002058,*ST威尔,8.85,8.94,8.75,8.84,8717,7709451.0,-0.11,-1.2290502793296088
2021-08-17,15:00,sz002058,*ST威尔,8.84,8.84,8.4,8.4,11570,9871579.0,-0.44,-4.97737556561086
2021-08-18,15:00,sz002058,*ST威尔,8.38,8.48,8.15,8.21,6938,5732888.0,-0.19,-2.261904761904762
2021-08-19,15:00,sz002058,*ST威尔,8.2,8.32,8.1,8.24,6275,5145481.0,0.03,0.3654080389768575
2021-08-20,15:00,sz002058,*ST威尔,8.24,8.25,7.96,8.08,6647,5380944.0,-0.16,-1.9417475728155336
2021-08-23,15:00,sz002058,*ST威尔,8.48,8.48,8.48,8.48,3042,2579616.0,0.4,4.950495049504951
2021-08-24,15:00,sz002058,*ST威尔,8.9,8.9,8.54,8.55,20721,17980692.0,0.07,0.8254716981132075
2021-08-25,15:00,sz002058,*ST威尔,8.51,8.89,8.4,8.76,12204,10610555.0,0.21,2.456140350877193
2021-08-26,15:00,sz002058,*ST威尔,8.64,8.81,8.48,8.56,7830,6733832.5,-0.2,-2.28310502283105
2021-08-27,15:00,sz002058,*ST威尔,8.56,8.7,8.33,8.69,7705,6584503.0,0.13,1.5186915887850467
2021-08-30,15:00,sz002058,*ST威尔,8.7,8.8,8.51,8.57,6711,5802357.5,-0.12,-1.380897583429229
2021-08-31,15:00,sz002058,*ST威尔,8.75,8.75,8.5,8.54,7804,6705180.0,-0.03,-0.3500583430571762
2021-09-01,15:00,sz002058,*ST威尔,8.61,8.61,8.35,8.39,7886,6655909.5,-0.15,-1.756440281030445
2021-09-02,15:00,sz002058,*ST威尔,8.39,8.6,8.28,8.38,4089,3449951.0,-0.01,-0.1191895113230035
2021-09-03,15:00,sz002058,*ST威尔,8.49,8.5,8.25,8.31,6596,5504220.5,-0.07,-0.8353221957040573
2021-09-06,15:00,sz002058,*ST威尔,8.32,8.34,8.25,8.32,4820,3995930.0,0.01,0.1203369434416365
2021-09-07,15:00,sz002058,*ST威尔,8.32,8.5,8.26,8.46,5556,4652459.0,0.14,1.6826923076923077
2021-09-08,15:00,sz002058,*ST威尔,8.45,8.65,8.36,8.56,5559,4700793.0,0.1,1.182033096926714
2021-09-09,15:00,sz002058,*ST威尔,8.64,8.75,8.58,8.64,6324,5474888.0,0.08,0.9345794392523364
2021-09-10,15:00,sz002058,*ST威尔,8.7,8.7,8.55,8.6,5160,4451134.0,-0.04,-0.4629629629629629
2021-09-13,15:00,sz002058,*ST威尔,8.68,8.7,8.52,8.68,5277,4542507.5,0.08,0.9302325581395348
2021-09-14,15:00,sz002058,*ST威尔,8.64,8.93,8.6,8.73,7274,6369782.0,0.05,0.5760368663594471
2021-09-15,15:00,sz002058,*ST威尔,8.89,8.89,8.66,8.78,5146,4518804.0,0.05,0.572737686139748
2021-09-16,15:00,sz002058,*ST威尔,8.79,8.87,8.6,8.6,4841,4200613.0,-0.18,-2.050113895216401
2021-09-17,15:00,sz002058,*ST威尔,8.61,8.66,8.4,8.44,6590,5614619.0,-0.16,-1.8604651162790695
2021-09-22,15:00,sz002058,*ST威尔,8.5,8.78,8.48,8.63,6854,5931842.0,0.19,2.251184834123223
2021-09-23,15:00,sz002058,*ST威尔,8.63,8.64,8.52,8.53,6305,5402649.0,-0.1,-1.1587485515643106
2021-09-24,15:00,sz002058,*ST威尔,8.51,8.56,8.31,8.32,6383,5355733.0,-0.21,-2.46189917936694
2021-09-27,15:00,sz002058,*ST威尔,8.32,8.36,8.0,8.03,7090,5786952.5,-0.29,-3.485576923076924
2021-09-28,15:00,sz002058,*ST威尔,8.12,8.12,8.0,8.07,2127,1721161.0,0.04,0.49813200498132
2021-09-29,15:00,sz002058,*ST威尔,8.12,8.12,7.82,7.96,5023,3990860.0,-0.11,-1.3630731102850062
2021-09-30,15:00,sz002058,*ST威尔,7.95,8.08,7.87,8.03,3514,2814207.0,0.07,0.8793969849246231
2021-10-08,15:00,sz002058,*ST威尔,8.43,8.43,8.32,8.43,23811,20063908.0,0.4,4.9813200498132
2021-10-11,15:00,sz002058,*ST威尔,8.4,8.4,8.15,8.23,17336,14326928.0,-0.2,-2.372479240806643
2021-10-12,15:00,sz002058,*ST威尔,8.25,8.31,8.16,8.23,8813,7256173.0,0.0,0.0
2021-10-13,15:00,sz002058,*ST威尔,8.23,8.4,8.2,8.23,9123,7534042.0,0.0,0.0
2021-10-14,15:00,sz002058,*ST威尔,8.23,8.36,8.21,8.35,6166,5095200.5,0.12,1.4580801944106925
2021-10-15,15:00,sz002058,*ST威尔,8.3,8.46,8.25,8.45,8037,6712723.0,0.1,1.1976047904191618
2021-10-18,15:00,sz002058,*ST威尔,8.46,8.5,8.27,8.4,6815,5739969.0,-0.05,-0.591715976331361
2021-10-19,15:00,sz002058,*ST威尔,8.33,8.42,8.25,8.32,6700,5565384.0,-0.08,-0.9523809523809524
2021-10-20,15:00,sz002058,*ST威尔,8.28,8.3,8.11,8.19,7417,6075999.0,-0.13,-1.5625
2021-10-21,15:00,sz002058,*ST威尔,8.1,8.23,8.1,8.21,3185,2597501.5,0.02,0.2442002442002442
2021-10-22,15:00,sz002058,*ST威尔,8.14,8.26,8.12,8.23,2192,1798046.0,0.02,0.2436053593179049
2021-10-25,15:00,sz002058,*ST威尔,8.28,8.48,8.2,8.35,5740,4774293.0,0.12,1.4580801944106925
2021-10-26,15:00,sz002058,*ST威尔,8.41,8.47,8.2,8.27,7346,6092324.0,-0.08,-0.9580838323353292
2021-10-27,15:00,sz002058,*ST威尔,8.17,8.29,8.1,8.17,4071,3315074.25,-0.1,-1.2091898428053205
2021-10-28,15:00,sz002058,*ST威尔,8.12,8.26,8.11,8.14,4949,4041693.0,-0.03,-0.3671970624235006
2021-10-29,15:00,sz002058,*ST威尔,8.17,8.35,8.0,8.32,6463,5296011.5,0.18,2.211302211302211
2021-11-01,15:00,sz002058,*ST威尔,8.32,8.43,8.23,8.35,5743,4786659.0,0.03,0.3605769230769231
2021-11-02,15:00,sz002058,*ST威尔,8.31,8.47,8.27,8.35,10066,8440309.0,0.0,0.0
2021-11-03,15:00,sz002058,*ST威尔,8.48,8.77,8.44,8.77,35022,30640108.0,0.42,5.029940119760479
2021-11-04,15:00,sz002058,*ST威尔,8.81,9.21,8.78,9.21,36007,32647916.0,0.44,5.017103762827822
2021-11-05,15:00,sz002058,*ST威尔,9.47,9.55,9.01,9.29,32221,29865934.0,0.08,0.8686210640608035
2021-11-08,15:00,sz002058,*ST威尔,9.47,9.75,9.33,9.75,32954,31664590.0,0.46,4.951560818083961
2021-11-09,15:00,sz002058,*ST威尔,9.75,10.22,9.5,9.52,46360,45797348.0,-0.23,-2.358974358974359
2021-11-10,15:00,sz002058,*ST威尔,9.54,9.69,9.26,9.5,29166,27555142.0,-0.02,-0.2100840336134453
2021-11-11,15:00,sz002058,*ST威尔,9.42,9.48,9.31,9.4,19290,18112516.0,-0.1,-1.0526315789473684
2021-11-12,15:00,sz002058,*ST威尔,9.35,9.43,9.24,9.27,14030,13068664.0,-0.13,-1.3829787234042552
2021-11-15,15:00,sz002058,*ST威尔,9.27,9.48,9.21,9.4,12136,11346477.0,0.13,1.4023732470334414
2021-11-16,15:00,sz002058,*ST威尔,9.47,9.75,9.26,9.26,12165,11443434.0,-0.14,-1.4893617021276595
2021-11-17,15:00,sz002058,*ST威尔,9.29,9.29,9.06,9.11,12236,11194083.0,-0.15,-1.6198704103671708
2021-11-18,15:00,sz002058,*ST威尔,9.05,9.16,9.04,9.08,7625,6930464.0,-0.03,-0.3293084522502744
2021-11-19,15:00,sz002058,*ST威尔,9.16,9.53,9.06,9.53,17518,16406630.0,0.45,4.955947136563877
2021-11-22,15:00,sz002058,*ST威尔,9.43,9.99,9.33,9.89,24096,23457340.0,0.36,3.777544596012592
2021-11-23,15:00,sz002058,*ST威尔,9.85,9.98,9.65,9.7,16335,16014868.0,-0.19,-1.9211324570273005
2021-11-24,15:00,sz002058,*ST威尔,9.84,9.84,9.42,9.54,13086,12535199.0,-0.16,-1.6494845360824744
2021-11-25,15:00,sz002058,*ST威尔,9.55,9.64,9.17,9.25,18570,17356260.0,-0.29,-3.039832285115304
2021-11-26,15:00,sz002058,*ST威尔,9.25,9.29,9.13,9.19,6454,5938907.5,-0.06,-0.6486486486486486
2021-11-29,15:00,sz002058,*ST威尔,9.15,9.45,9.1,9.32,11036,10259045.0,0.13,1.4145810663764962
2021-11-30,15:00,sz002058,*ST威尔,9.35,9.49,9.22,9.38,12809,11967404.0,0.06,0.6437768240343348
2021-12-01,15:00,sz002058,*ST威尔,9.38,9.69,9.33,9.58,11601,11066863.0,0.2,2.1321961620469083
2021-12-02,15:00,sz002058,*ST威尔,9.67,9.85,9.58,9.58,14260,13853059.0,0.0,0.0
2021-12-03,15:00,sz002058,*ST威尔,9.51,10.06,9.51,10.06,22725,22569540.0,0.48,5.010438413361169
2021-12-06,15:00,sz002058,*ST威尔,10.31,10.56,9.9,10.21,54512,56581376.0,0.15,1.4910536779324055
2021-12-07,15:00,sz002058,*ST威尔,10.14,10.72,9.97,10.72,47358,49594708.0,0.51,4.995102840352596
2021-12-08,15:00,sz002058,*ST威尔,10.8,10.86,10.18,10.38,51603,53514876.0,-0.34,-3.171641791044776
2021-12-09,15:00,sz002058,*ST威尔,10.23,10.7,10.0,10.48,24777,25669256.0,0.1,0.9633911368015412
2021-12-10,15:00,sz002058,*ST威尔,10.41,10.83,10.35,10.74,21508,22813888.0,0.26,2.480916030534351
2021-12-13,15:00,sz002058,*ST威尔,10.62,10.81,10.5,10.7,17870,19068634.0,-0.04,-0.37243947858473
2021-12-14,15:00,sz002058,*ST威尔,10.54,11.07,10.54,10.79,17339,18756304.0,0.09,0.8411214953271028
2021-12-15,15:00,sz002058,*ST威尔,10.81,11.33,10.68,11.33,31051,34621480.0,0.54,5.004633920296571
2021-12-16,15:00,sz002058,*ST威尔,11.33,11.9,11.15,11.82,52013,61146156.0,0.49,4.324801412180053
2021-12-17,15:00,sz002058,*ST威尔,11.8,11.88,11.3,11.34,32247,37062876.0,-0.48,-4.060913705583756
2021-12-20,15:00,sz002058,*ST威尔,11.6,11.79,11.38,11.56,23551,27322056.0,0.22,1.9400352733686064
2021-12-21,15:00,sz002058,*ST威尔,11.45,11.45,11.02,11.21,22086,24766820.0,-0.35,-3.027681660899654
2021-12-22,15:00,sz002058,*ST威尔,11.3,11.33,10.78,10.88,21987,24080376.0,-0.33,-2.943800178412132
2021-12-23,15:00,sz002058,*ST威尔,10.81,11.12,10.73,11.0,10370,11351474.0,0.12,1.1029411764705883
2021-12-24,15:00,sz002058,*ST威尔,11.0,11.0,10.48,10.72,14892,15923657.0,-0.28,-2.5454545454545454
2021-12-27,15:00,sz002058,*ST威尔,10.65,11.02,10.61,10.93,13880,15057189.0,0.21,1.9589552238805967
2021-12-28,15:00,sz002058,*ST威尔,10.99,11.48,10.92,11.33,14683,16562572.0,0.4,3.6596523330283626
2021-12-29,15:00,sz002058,*ST威尔,11.28,11.44,11.15,11.34,9451,10698041.0,0.01,0.088261253309797
2021-12-30,15:00,sz002058,*ST威尔,11.3,11.59,11.12,11.4,12056,13757199.0,0.06,0.5291005291005291
2021-12-31,15:00,sz002058,*ST威尔,11.29,11.55,11.23,11.55,9650,11021080.0,0.15,1.3157894736842104
