日期,时间,代码,名称,开盘,最高,最低,收盘,总手,金额,涨幅,涨幅比
2015-05-12,15:00,sz002361,神剑股份,9.14,9.14,9.14,9.14,530,484895.281,0.83,9.987966305655837
2015-05-13,15:00,sz002361,神剑股份,10.05,10.05,10.05,10.05,581,584809.5,0.91,9.956236323851202
2015-05-14,15:00,sz002361,神剑股份,11.06,11.06,11.06,11.06,740,818793.937,1.01,10.049751243781095
2015-05-15,15:00,sz002361,神剑股份,12.17,12.17,12.17,12.17,757,921999.187,1.11,10.03616636528029
2015-05-18,15:00,sz002361,神剑股份,13.39,13.39,13.39,13.39,1526,2043983.5,1.22,10.024650780608052
2015-05-19,15:00,sz002361,神剑股份,14.73,14.73,14.73,14.73,744,1096221.375,1.34,10.007468259895443
2015-05-20,15:00,sz002361,神剑股份,16.2,16.2,16.2,16.2,637,1032199.187,1.47,9.979633401221996
2015-05-21,15:00,sz002361,神剑股份,17.82,17.82,17.82,17.82,471,839589.312,1.62,10.0
2015-05-22,15:00,sz002361,神剑股份,19.6,19.6,19.6,19.6,1294,2536730.0,1.78,9.988776655443322
2015-05-25,15:00,sz002361,神剑股份,21.56,21.56,21.56,21.56,4178,9009752.0,1.96,10.0
2015-05-26,15:00,sz002361,神剑股份,23.72,23.72,23.72,23.72,9814,23279068.0,2.16,10.018552875695732
2015-05-27,15:00,sz002361,神剑股份,26.09,26.09,26.09,26.09,2946,7688149.0,2.37,9.991568296795952
2015-05-28,15:00,sz002361,神剑股份,28.7,28.7,28.7,28.7,3487,10008235.0,2.61,10.00383288616328
2015-05-29,15:00,sz002361,神剑股份,31.57,31.57,26.0,31.57,543853,1664241920.0,2.87,10.0
2015-06-01,15:00,sz002361,神剑股份,31.87,34.0,30.8,32.11,387508,1251954560.0,0.54,1.7104846373139058
2015-06-02,15:00,sz002361,神剑股份,31.22,33.98,30.85,32.9,317319,1020612352.0,0.79,2.4602927436935533
2015-06-03,15:00,sz002361,神剑股份,32.38,34.69,32.0,33.05,234407,778832384.0,0.15,0.4559270516717325
2015-06-04,15:00,sz002361,神剑股份,31.8,32.8,29.75,29.93,214158,658324224.0,-3.12,-9.440242057488652
2015-06-05,15:00,sz002361,神剑股份,30.21,31.49,29.95,30.61,152533,466805216.0,0.68,2.2719679251587035
2015-06-08,15:00,sz002361,神剑股份,30.1,30.1,27.55,27.7,186807,527628160.0,-2.91,-9.50669715779157
2015-06-09,15:00,sz002361,神剑股份,27.2,28.49,26.5,28.13,109124,302710112.0,0.43,1.552346570397112
2015-06-10,15:00,sz002361,神剑股份,28.0,29.41,27.4,28.75,109616,313360096.0,0.62,2.204052612868824
2015-06-11,15:00,sz002361,神剑股份,28.79,29.07,27.87,28.67,96703,275497888.0,-0.08,-0.2782608695652174
2015-06-12,15:00,sz002361,神剑股份,28.62,30.68,28.51,29.9,141480,421178624.0,1.23,4.290198814091385
2015-06-15,15:00,sz002361,神剑股份,29.9,30.68,28.88,29.44,113693,338125600.0,-0.46,-1.5384615384615383
2015-06-16,15:00,sz002361,神剑股份,28.9,28.9,26.7,26.73,107352,297139424.0,-2.71,-9.205163043478262
2015-06-17,15:00,sz002361,神剑股份,26.68,27.15,24.8,26.54,87444,227981216.0,-0.19,-0.710811821922933
2015-06-18,15:00,sz002361,神剑股份,26.5,27.15,25.0,25.17,63061,166526448.0,-1.37,-5.162019593067068
2015-06-19,15:00,sz002361,神剑股份,24.5,24.5,22.65,22.65,78410,182859088.0,-2.52,-10.0119189511323
2015-06-23,15:00,sz002361,神剑股份,22.18,22.85,20.39,21.68,98391,211393248.0,-0.97,-4.282560706401766
2015-06-24,15:00,sz002361,神剑股份,22.02,22.47,21.27,22.29,111107,244663952.0,0.61,2.8136531365313653
2015-06-25,15:00,sz002361,神剑股份,22.33,22.4,20.47,20.76,125557,268306752.0,-1.53,-6.864064602960969
2015-06-26,15:00,sz002361,神剑股份,19.95,20.18,18.68,18.68,77812,150659968.0,-2.08,-10.01926782273603
2015-06-29,15:00,sz002361,神剑股份,18.99,19.09,16.81,16.81,118282,207248096.0,-1.87,-10.010706638115632
2015-06-30,15:00,sz002361,神剑股份,16.59,18.49,15.13,18.49,174723,295464352.0,1.68,9.994051160023796
2015-07-01,15:00,sz002361,神剑股份,18.55,20.34,18.3,19.85,248348,494379200.0,1.36,7.355327203893997
2015-07-02,15:00,sz002361,神剑股份,19.0,20.49,17.87,18.65,239310,460833600.0,-1.2,-6.045340050377834
2015-07-03,15:00,sz002361,神剑股份,17.0,19.98,16.79,17.99,165037,299053952.0,-0.66,-3.53887399463807
2015-07-06,15:00,sz002361,神剑股份,19.79,19.79,16.19,16.4,213832,378903488.0,-1.59,-8.838243468593664
2015-07-07,15:00,sz002361,神剑股份,14.95,15.55,14.76,14.76,54350,80760984.0,-1.64,-10.0
2015-07-14,15:00,sz002361,神剑股份,16.24,16.24,16.24,16.24,778,1264397.625,1.48,10.02710027100271
2015-07-15,15:00,sz002361,神剑股份,17.86,17.86,15.49,16.12,236701,404668128.0,-0.12,-0.7389162561576355
2015-07-16,15:00,sz002361,神剑股份,16.08,16.85,14.6,15.89,153929,247286720.0,-0.23,-1.4267990074441688
2015-07-17,15:00,sz002361,神剑股份,15.96,17.48,15.96,17.48,141384,242129792.0,1.59,10.00629326620516
2015-07-20,15:00,sz002361,神剑股份,17.88,19.15,17.88,18.82,218344,403706944.0,1.34,7.665903890160183
2015-07-21,15:00,sz002361,神剑股份,18.55,19.27,18.0,18.95,168507,316698528.0,0.13,0.6907545164718385
2015-07-22,15:00,sz002361,神剑股份,18.65,19.95,18.65,19.7,178283,346964640.0,0.75,3.95778364116095
2015-07-23,15:00,sz002361,神剑股份,19.68,21.12,19.3,20.6,218152,439094560.0,0.9,4.568527918781726
2015-07-24,15:00,sz002361,神剑股份,20.62,21.8,19.99,20.49,299596,620419072.0,-0.11,-0.5339805825242718
2015-07-27,15:00,sz002361,神剑股份,19.49,20.36,18.44,18.44,166925,323546816.0,-2.05,-10.004880429477794
2015-07-28,15:00,sz002361,神剑股份,17.0,18.45,16.6,16.63,170676,291573920.0,-1.81,-9.815618221258134
2015-07-29,15:00,sz002361,神剑股份,17.2,17.5,15.33,17.5,168958,282532320.0,0.87,5.231509320505111
2015-07-30,15:00,sz002361,神剑股份,17.3,17.99,16.5,16.5,156321,272835008.0,-1.0,-5.714285714285714
2015-07-31,15:00,sz002361,神剑股份,16.02,16.4,15.0,15.6,99236,157427568.0,-0.9,-5.454545454545454
2015-08-03,15:00,sz002361,神剑股份,15.01,16.1,14.8,14.92,98803,151606608.0,-0.68,-4.358974358974359
2015-08-04,15:00,sz002361,神剑股份,14.92,16.39,14.9,16.39,100074,156479008.0,1.47,9.85254691689008
2015-08-05,15:00,sz002361,神剑股份,16.39,16.77,15.71,15.85,98346,159502032.0,-0.54,-3.294691885295912
2015-08-06,15:00,sz002361,神剑股份,15.2,15.98,15.01,15.55,64809,100862864.0,-0.3,-1.892744479495268
2015-08-07,15:00,sz002361,神剑股份,15.71,16.54,15.71,16.45,117998,190527328.0,0.9,5.787781350482315
2015-08-10,15:00,sz002361,神剑股份,16.88,17.82,16.51,17.53,134208,230703168.0,1.08,6.565349544072949
2015-08-11,15:00,sz002361,神剑股份,17.49,18.47,17.26,17.62,144634,257920480.0,0.09,0.513405590416429
2015-08-12,15:00,sz002361,神剑股份,17.6,18.32,17.41,17.88,140754,253042416.0,0.26,1.4755959137343928
2015-08-13,15:00,sz002361,神剑股份,17.7,19.38,17.32,19.27,182850,333597600.0,1.39,7.774049217002236
2015-08-14,15:00,sz002361,神剑股份,19.26,20.13,19.08,19.8,203268,401152160.0,0.53,2.75038920601972
2015-08-17,15:00,sz002361,神剑股份,19.55,19.6,17.92,18.79,241680,448528864.0,-1.01,-5.101010101010101
2015-08-18,15:00,sz002361,神剑股份,18.51,18.68,16.91,16.91,151813,271074016.0,-1.88,-10.005321979776475
2015-08-19,15:00,sz002361,神剑股份,16.06,17.29,15.34,17.22,121118,196839952.0,0.31,1.8332347723240685
2015-08-20,15:00,sz002361,神剑股份,18.48,18.94,17.8,18.93,303753,570565184.0,1.71,9.930313588850174
2015-08-21,15:00,sz002361,神剑股份,18.0,18.35,17.04,17.04,213093,371304224.0,-1.89,-9.984152139461171
2015-08-24,15:00,sz002361,神剑股份,15.66,16.2,15.34,15.34,85616,132032232.0,-1.7,-9.976525821596244
2015-08-25,15:00,sz002361,神剑股份,13.81,14.2,13.81,13.81,86075,119222080.0,-1.53,-9.97392438070404
2015-08-26,15:00,sz002361,神剑股份,13.88,14.2,12.51,12.53,140942,188345664.0,-1.28,-9.268645908761766
2015-09-08,15:00,sz002361,神剑股份,13.0,13.48,12.55,13.3,105597,137321008.0,0.77,6.145251396648044
2015-09-09,15:00,sz002361,神剑股份,13.13,14.03,13.06,13.87,121523,165442688.0,0.57,4.285714285714286
2015-09-10,15:00,sz002361,神剑股份,13.5,13.81,13.06,13.1,85852,115693936.0,-0.77,-5.55155010814708
2015-09-11,15:00,sz002361,神剑股份,13.1,13.46,12.91,13.25,63081,83193848.0,0.15,1.1450381679389312
2015-09-14,15:00,sz002361,神剑股份,13.26,13.42,11.93,11.93,64937,81610456.0,-1.32,-9.962264150943396
2015-09-15,15:00,sz002361,神剑股份,11.37,11.45,10.74,10.74,65070,71396048.0,-1.19,-9.97485331098072
2015-09-16,15:00,sz002361,神剑股份,10.66,11.81,10.32,11.71,83043,92255528.0,0.97,9.031657355679702
2015-09-17,15:00,sz002361,神剑股份,11.5,12.17,11.17,11.17,88605,104176408.0,-0.54,-4.611443210930828
2015-09-18,15:00,sz002361,神剑股份,11.31,11.49,10.9,11.36,62962,70863576.0,0.19,1.7009847806624887
2015-09-21,15:00,sz002361,神剑股份,11.26,12.02,11.1,11.99,71770,84006464.0,0.63,5.545774647887324
2015-09-22,15:00,sz002361,神剑股份,12.06,12.33,11.81,12.09,88025,106917896.0,0.1,0.8340283569641368
2015-09-23,15:00,sz002361,神剑股份,11.8,12.13,11.68,11.94,62239,74042048.0,-0.15,-1.240694789081886
2015-09-24,15:00,sz002361,神剑股份,12.0,12.45,12.0,12.37,72393,88648992.0,0.43,3.6013400335008376
2015-09-25,15:00,sz002361,神剑股份,12.3,13.14,11.99,12.14,120793,152278800.0,-0.23,-1.8593371059013744
2015-09-28,15:00,sz002361,神剑股份,12.06,12.43,11.6,12.4,71705,86312368.0,0.26,2.14168039538715
2015-09-29,15:00,sz002361,神剑股份,12.0,12.12,11.65,11.71,55026,65441420.0,-0.69,-5.564516129032258
2015-09-30,15:00,sz002361,神剑股份,11.88,12.08,11.8,11.92,35170,42038928.0,0.21,1.7933390264730995
2015-10-08,15:00,sz002361,神剑股份,12.48,12.68,12.23,12.5,74462,92792552.0,0.58,4.865771812080537
2015-10-09,15:00,sz002361,神剑股份,12.42,13.06,12.42,13.0,90953,116633856.0,0.5,4.0
2015-10-12,15:00,sz002361,神剑股份,13.2,13.89,13.19,13.73,103811,141091920.0,0.73,5.615384615384615
2015-10-13,15:00,sz002361,神剑股份,13.6,13.89,13.5,13.89,78999,108025872.0,0.16,1.165331391114348
2015-10-14,15:00,sz002361,神剑股份,13.88,14.58,13.7,13.8,101953,143290928.0,-0.09,-0.6479481641468683
2015-10-15,15:00,sz002361,神剑股份,13.73,14.99,13.62,14.8,124680,177938976.0,1.0,7.246376811594203
2015-10-16,15:00,sz002361,神剑股份,15.01,16.28,14.88,16.28,228324,357041856.0,1.48,10.0
2015-10-19,15:00,sz002361,神剑股份,16.58,17.38,15.65,15.87,206608,340564512.0,-0.41,-2.5184275184275187
2015-10-20,15:00,sz002361,神剑股份,16.06,16.16,15.5,15.96,122642,194352704.0,0.09,0.5671077504725899
2015-10-21,15:00,sz002361,神剑股份,15.95,16.7,14.48,14.52,149386,234314112.0,-1.44,-9.022556390977442
2015-10-22,15:00,sz002361,神剑股份,14.51,15.76,14.51,15.75,122045,183856448.0,1.23,8.47107438016529
2015-10-23,15:00,sz002361,神剑股份,15.7,16.49,15.5,16.24,114639,182035600.0,0.49,3.111111111111111
2015-10-26,15:00,sz002361,神剑股份,16.4,16.53,15.63,16.05,98898,158673296.0,-0.19,-1.1699507389162562
2015-10-27,15:00,sz002361,神剑股份,16.18,16.3,15.15,16.2,96437,152870624.0,0.15,0.9345794392523364
2015-10-28,15:00,sz002361,神剑股份,16.15,17.12,16.0,16.3,139617,230895952.0,0.1,0.6172839506172839
2015-10-29,15:00,sz002361,神剑股份,16.21,16.54,15.65,16.0,86985,140254352.0,-0.3,-1.8404907975460123
2015-10-30,15:00,sz002361,神剑股份,15.98,15.98,15.21,15.52,90279,140635808.0,-0.48,-3.0
2015-11-02,15:00,sz002361,神剑股份,15.21,15.83,14.98,15.07,53701,81911592.0,-0.45,-2.899484536082474
2015-11-03,15:00,sz002361,神剑股份,15.07,15.23,14.75,14.84,48750,73115264.0,-0.23,-1.5262110152621102
2015-11-04,15:00,sz002361,神剑股份,14.96,15.74,14.96,15.74,69425,107459784.0,0.9,6.064690026954178
2015-11-05,15:00,sz002361,神剑股份,15.74,16.19,15.4,16.16,111147,175351136.0,0.42,2.6683608640406606
2015-11-06,15:00,sz002361,神剑股份,16.18,16.55,16.1,16.34,93124,152544992.0,0.18,1.1138613861386135
2015-11-09,15:00,sz002361,神剑股份,16.05,16.97,15.98,16.91,135618,225357968.0,0.57,3.488372093023256
2015-11-10,15:00,sz002361,神剑股份,16.8,17.1,16.36,16.69,123991,207763872.0,-0.22,-1.3010053222945004
2015-11-11,15:00,sz002361,神剑股份,16.65,17.55,16.51,17.51,117587,200212176.0,0.82,4.913121629718394
2015-11-12,15:00,sz002361,神剑股份,17.55,17.97,16.86,17.08,111636,192524704.0,-0.43,-2.455739577384352
2015-11-13,15:00,sz002361,神剑股份,16.8,16.8,16.16,16.28,88931,146297088.0,-0.8,-4.683840749414521
2015-11-16,15:00,sz002361,神剑股份,15.77,16.96,15.73,16.88,67091,110402008.0,0.6,3.6855036855036856
2015-11-17,15:00,sz002361,神剑股份,17.27,18.57,17.27,17.57,224311,403543424.0,0.69,4.087677725118484
2015-11-18,15:00,sz002361,神剑股份,17.89,18.46,17.47,17.6,177739,319290816.0,0.03,0.1707455890722823
2015-11-19,15:00,sz002361,神剑股份,17.3,18.0,17.3,18.0,106268,187877520.0,0.4,2.272727272727273
2015-11-20,15:00,sz002361,神剑股份,18.11,19.58,18.11,18.84,157870,298278848.0,0.84,4.666666666666667
2015-11-23,15:00,sz002361,神剑股份,19.1,20.09,18.9,19.73,192542,377141888.0,0.89,4.723991507430998
2015-11-24,15:00,sz002361,神剑股份,19.8,19.99,18.95,19.46,117582,227754656.0,-0.27,-1.3684744044602128
2015-11-25,15:00,sz002361,神剑股份,19.34,20.15,19.23,19.65,118406,232675344.0,0.19,0.9763617677286742
2015-11-26,15:00,sz002361,神剑股份,19.41,19.74,19.02,19.11,104271,201404608.0,-0.54,-2.7480916030534357
2015-11-27,15:00,sz002361,神剑股份,19.18,19.48,17.2,17.4,100320,185147760.0,-1.71,-8.948194662480377
2015-11-30,15:00,sz002361,神剑股份,17.36,17.6,15.67,16.83,104916,174552560.0,-0.57,-3.2758620689655173
2015-12-01,15:00,sz002361,神剑股份,16.8,17.05,16.31,16.93,59488,99500048.0,0.1,0.5941770647653001
2015-12-02,15:00,sz002361,神剑股份,16.9,17.0,15.88,16.41,51074,83660112.0,-0.52,-3.071470761961016
2015-12-03,15:00,sz002361,神剑股份,16.66,17.28,16.6,17.18,75973,128993616.0,0.77,4.692260816575259
2015-12-04,15:00,sz002361,神剑股份,17.1,17.29,16.9,16.99,56303,96181704.0,-0.19,-1.1059371362048895
2015-12-07,15:00,sz002361,神剑股份,16.96,17.2,16.51,17.13,57001,96448888.0,0.14,0.824014125956445
2015-12-08,15:00,sz002361,神剑股份,17.2,18.79,17.19,18.12,138525,248791632.0,0.99,5.779334500875657
2015-12-09,15:00,sz002361,神剑股份,17.8,18.73,17.4,18.33,107696,193507504.0,0.21,1.1589403973509933
2015-12-10,15:00,sz002361,神剑股份,17.95,18.63,17.37,17.39,74508,133383672.0,-0.94,-5.128205128205128
2015-12-11,15:00,sz002361,神剑股份,17.39,17.39,16.44,16.53,66920,111787512.0,-0.86,-4.945370902817711
2015-12-14,15:00,sz002361,神剑股份,16.18,17.06,16.0,16.99,47674,79273512.0,0.46,2.782819116757411
2015-12-15,15:00,sz002361,神剑股份,17.03,17.56,16.8,17.17,43266,74739768.0,0.18,1.059446733372572
2015-12-16,15:00,sz002361,神剑股份,17.06,17.66,17.06,17.25,49451,86171528.0,0.08,0.46592894583576
2015-12-17,15:00,sz002361,神剑股份,17.38,17.95,17.25,17.94,75136,133305832.0,0.69,4.0
2015-12-18,15:00,sz002361,神剑股份,17.9,18.34,17.65,17.82,68392,122654976.0,-0.12,-0.6688963210702341
2015-12-21,15:00,sz002361,神剑股份,17.69,17.81,17.2,17.66,62615,109501840.0,-0.16,-0.8978675645342313
2015-12-22,15:00,sz002361,神剑股份,17.6,18.09,17.56,17.99,70470,126165072.0,0.33,1.868629671574179
2015-12-23,15:00,sz002361,神剑股份,17.9,17.93,16.8,17.02,138294,239029456.0,-0.97,-5.391884380211229
2015-12-24,15:00,sz002361,神剑股份,16.83,17.34,16.41,16.68,129284,214609744.0,-0.34,-1.99764982373678
2015-12-25,15:00,sz002361,神剑股份,16.68,17.2,16.53,16.91,82136,138541904.0,0.23,1.3788968824940049
2015-12-28,15:00,sz002361,神剑股份,16.91,17.17,16.3,16.31,73201,122380304.0,-0.6,-3.548196333530455
2015-12-29,15:00,sz002361,神剑股份,16.3,16.51,15.88,16.49,65667,106138200.0,0.18,1.1036174126302882
2015-12-30,15:00,sz002361,神剑股份,16.45,16.58,16.22,16.45,80966,133176352.0,-0.04,-0.2425712553062462
2015-12-31,15:00,sz002361,神剑股份,16.5,16.74,16.23,16.26,60247,99130840.0,-0.19,-1.155015197568389
2016-01-04,15:00,sz002361,神剑股份,16.32,16.32,14.63,14.63,76869,116381896.0,-1.63,-10.02460024600246
2016-01-05,15:00,sz002361,神剑股份,13.88,14.63,13.33,14.09,101660,142131728.0,-0.54,-3.691045796308954
2016-01-06,15:00,sz002361,神剑股份,14.18,14.51,13.98,14.34,62299,88813208.0,0.25,1.7743080198722498
2016-01-07,15:00,sz002361,神剑股份,14.1,14.1,12.91,12.91,16817,22645982.0,-1.43,-9.9721059972106
2016-01-08,15:00,sz002361,神剑股份,13.3,13.78,12.04,13.0,68407,89150016.0,0.09,0.69713400464756
2016-01-11,15:00,sz002361,神剑股份,12.52,13.38,12.2,12.48,84902,109771848.0,-0.52,-4.0
2016-01-12,15:00,sz002361,神剑股份,12.7,12.92,12.11,12.73,43365,54919612.0,0.25,2.003205128205128
2016-01-13,15:00,sz002361,神剑股份,12.72,13.0,11.8,11.8,42689,53691340.0,-0.93,-7.305577376276512
2016-01-14,15:00,sz002361,神剑股份,11.6,12.56,11.38,12.42,48088,57377392.0,0.62,5.2542372881355925
2016-01-15,15:00,sz002361,神剑股份,12.42,12.84,12.06,12.19,71066,89135304.0,-0.23,-1.851851851851852
2016-01-18,15:00,sz002361,神剑股份,12.1,12.62,11.94,12.45,50929,63017784.0,0.26,2.1328958162428218
2016-01-19,15:00,sz002361,神剑股份,12.52,13.09,12.36,13.01,58124,74110744.0,0.56,4.497991967871486
2016-01-20,15:00,sz002361,神剑股份,13.1,13.3,12.65,13.06,75789,98593976.0,0.05,0.3843197540353574
2016-01-21,15:00,sz002361,神剑股份,12.95,13.11,12.45,12.48,51520,66136796.0,-0.58,-4.44104134762634
2016-01-22,15:00,sz002361,神剑股份,12.53,12.85,12.01,12.79,45920,57423552.0,0.31,2.483974358974359
2016-01-25,15:00,sz002361,神剑股份,12.85,12.96,12.6,12.75,41254,52865124.0,-0.04,-0.3127443315089914
2016-01-26,15:00,sz002361,神剑股份,12.6,12.77,11.48,11.48,52973,64534036.0,-1.27,-9.96078431372549
2016-01-27,15:00,sz002361,神剑股份,11.48,11.57,10.52,10.99,67375,73945264.0,-0.49,-4.2682926829268295
2016-01-28,15:00,sz002361,神剑股份,10.74,11.16,10.66,10.78,41827,45775112.0,-0.21,-1.910828025477707
2016-01-29,15:00,sz002361,神剑股份,10.78,11.47,10.72,11.25,37263,41609760.0,0.47,4.3599257884972165
2016-02-01,15:00,sz002361,神剑股份,11.15,11.34,10.96,11.19,32074,35910460.0,-0.06,-0.5333333333333333
2016-02-02,15:00,sz002361,神剑股份,11.1,12.31,11.1,12.31,135465,164952384.0,1.12,10.00893655049151
2016-02-03,15:00,sz002361,神剑股份,12.25,12.26,11.78,12.08,88796,106691848.0,-0.23,-1.868399675060926
2016-02-04,15:00,sz002361,神剑股份,12.15,12.33,12.0,12.16,77611,94362640.0,0.08,0.6622516556291391
2016-02-05,15:00,sz002361,神剑股份,12.2,12.39,12.1,12.16,67919,83288656.0,0.0,0.0
2016-02-15,15:00,sz002361,神剑股份,11.71,12.09,11.62,11.97,43282,51101608.0,-0.19,-1.5625
2016-02-16,15:00,sz002361,神剑股份,12.0,12.48,11.97,12.4,72453,89338904.0,0.43,3.592314118629908
2016-02-17,15:00,sz002361,神剑股份,12.37,12.76,12.27,12.52,94220,117728600.0,0.12,0.967741935483871
2016-02-18,15:00,sz002361,神剑股份,12.58,12.67,12.35,12.46,83859,104774872.0,-0.06,-0.4792332268370607
2016-02-19,15:00,sz002361,神剑股份,12.36,12.55,12.16,12.34,116076,142893120.0,-0.12,-0.9630818619582664
2016-02-22,15:00,sz002361,神剑股份,12.54,12.9,12.43,12.9,166979,211967168.0,0.56,4.538087520259319
2016-02-23,15:00,sz002361,神剑股份,12.82,12.9,12.35,12.59,113139,142796656.0,-0.31,-2.4031007751937983
2016-02-24,15:00,sz002361,神剑股份,12.57,12.64,12.2,12.55,76525,95165104.0,-0.04,-0.3177124702144559
2016-02-25,15:00,sz002361,神剑股份,12.5,12.58,11.3,11.3,91772,108566064.0,-1.25,-9.9601593625498
2016-02-26,15:00,sz002361,神剑股份,11.39,11.4,10.78,11.1,71225,79630384.0,-0.2,-1.7699115044247788
2016-02-29,15:00,sz002361,神剑股份,11.0,12.21,10.5,11.02,94270,104519168.0,-0.08,-0.7207207207207207
2016-03-01,15:00,sz002361,神剑股份,11.09,11.36,10.86,11.23,87533,97851416.0,0.21,1.9056261343012704
2016-03-02,15:00,sz002361,神剑股份,11.22,11.77,11.11,11.7,100486,115164272.0,0.47,4.185218165627783
2016-03-03,15:00,sz002361,神剑股份,11.71,12.45,11.62,12.19,135425,163146368.0,0.49,4.188034188034187
2016-03-04,15:00,sz002361,神剑股份,12.02,12.15,11.36,11.4,87956,103383040.0,-0.79,-6.480721903199344
2016-03-07,15:00,sz002361,神剑股份,11.59,11.85,11.46,11.62,62398,72866952.0,0.22,1.9298245614035088
2016-03-08,15:00,sz002361,神剑股份,11.63,11.63,10.8,11.49,95880,107460320.0,-0.13,-1.1187607573149745
2016-03-09,15:00,sz002361,神剑股份,11.22,11.42,11.04,11.12,48673,54519288.0,-0.37,-3.2201914708442123
2016-03-10,15:00,sz002361,神剑股份,11.17,11.28,10.82,10.85,45931,50627360.0,-0.27,-2.4280575539568345
2016-03-11,15:00,sz002361,神剑股份,10.94,11.12,10.8,10.96,42155,46156528.0,0.11,1.0138248847926268
2016-03-14,15:00,sz002361,神剑股份,11.12,11.66,11.12,11.38,68031,77716288.0,0.42,3.832116788321168
2016-03-15,15:00,sz002361,神剑股份,11.3,11.46,11.16,11.19,58199,65705288.0,-0.19,-1.669595782073814
2016-03-16,15:00,sz002361,神剑股份,11.25,11.43,10.5,10.73,124621,135655456.0,-0.46,-4.110813226094727
2016-03-17,15:00,sz002361,神剑股份,10.74,11.26,10.7,11.09,119779,131619840.0,0.36,3.3550792171481825
2016-03-18,15:00,sz002361,神剑股份,11.15,12.1,11.1,11.8,187877,218936736.0,0.71,6.402164111812443
2016-03-21,15:00,sz002361,神剑股份,12.0,12.71,11.98,12.63,226365,279007680.0,0.83,7.033898305084746
2016-03-22,15:00,sz002361,神剑股份,12.4,12.68,12.25,12.49,148337,185131040.0,-0.14,-1.1084718923198733
2016-03-23,15:00,sz002361,神剑股份,12.4,12.96,12.38,12.9,147583,186770464.0,0.41,3.2826261008807047
2016-03-24,15:00,sz002361,神剑股份,12.7,12.85,12.5,12.54,114177,144816512.0,-0.36,-2.7906976744186047
2016-03-25,15:00,sz002361,神剑股份,12.4,12.62,12.35,12.56,72103,89997624.0,0.02,0.1594896331738437
2016-03-28,15:00,sz002361,神剑股份,12.9,13.4,12.58,12.72,154825,202811664.0,0.16,1.2738853503184715
2016-03-29,15:00,sz002361,神剑股份,12.47,12.6,12.01,12.16,112666,138248768.0,-0.56,-4.40251572327044
2016-03-30,15:00,sz002361,神剑股份,12.18,12.83,12.18,12.81,109884,137987440.0,0.65,5.345394736842105
2016-03-31,15:00,sz002361,神剑股份,12.87,13.14,12.51,12.75,100712,129178152.0,-0.06,-0.468384074941452
2016-04-01,15:00,sz002361,神剑股份,12.61,12.72,12.29,12.5,84823,105555504.0,-0.25,-1.96078431372549
2016-04-05,15:00,sz002361,神剑股份,12.5,13.1,12.44,13.09,112534,144897552.0,0.59,4.72
2016-04-06,15:00,sz002361,神剑股份,13.05,14.0,13.0,13.8,199242,269847712.0,0.71,5.4239877769289535
2016-04-07,15:00,sz002361,神剑股份,13.7,13.88,13.02,13.1,151403,203919664.0,-0.7,-5.072463768115942
2016-04-08,15:00,sz002361,神剑股份,13.0,13.46,12.88,13.38,106913,141317952.0,0.28,2.137404580152672
2016-04-11,15:00,sz002361,神剑股份,13.59,13.89,13.41,13.8,126641,173183168.0,0.42,3.1390134529147984
2016-04-12,15:00,sz002361,神剑股份,13.72,13.81,13.43,13.79,88785,120794864.0,-0.01,-0.072463768115942
2016-04-13,15:00,sz002361,神剑股份,13.88,14.2,13.7,13.77,140515,197200176.0,-0.02,-0.145032632342277
2016-04-14,15:00,sz002361,神剑股份,13.8,14.16,13.71,14.14,90430,126022456.0,0.37,2.6870007262164126
2016-04-15,15:00,sz002361,神剑股份,14.14,14.34,13.95,14.26,82980,117633984.0,0.12,0.8486562942008486
2016-04-18,15:00,sz002361,神剑股份,14.1,14.5,14.0,14.06,83110,117990488.0,-0.2,-1.402524544179523
2016-04-19,15:00,sz002361,神剑股份,14.1,15.0,14.07,14.98,144028,210739600.0,0.92,6.543385490753911
2016-04-20,15:00,sz002361,神剑股份,14.81,15.26,13.62,14.28,133365,190684688.0,-0.7,-4.672897196261682
2016-04-21,15:00,sz002361,神剑股份,14.61,14.9,13.83,14.31,396846,572471232.0,0.03,0.2100840336134453
2016-04-22,15:00,sz002361,神剑股份,13.82,13.82,13.2,13.41,191729,258403648.0,-0.9,-6.289308176100629
2016-04-25,15:00,sz002361,神剑股份,13.41,13.41,13.03,13.14,85304,112602560.0,-0.27,-2.013422818791946
2016-04-26,15:00,sz002361,神剑股份,13.16,13.55,13.08,13.48,87681,117326008.0,0.34,2.5875190258751903
2016-04-27,15:00,sz002361,神剑股份,13.45,13.64,13.35,13.37,81071,109194904.0,-0.11,-0.8160237388724036
2016-04-28,15:00,sz002361,神剑股份,13.36,13.48,12.87,13.16,84696,111147776.0,-0.21,-1.5706806282722512
2016-04-29,15:00,sz002361,神剑股份,13.13,13.37,13.0,13.29,69148,91526680.0,0.13,0.9878419452887538
2016-05-03,15:00,sz002361,神剑股份,13.27,14.11,13.27,14.04,130560,179244032.0,0.75,5.643340857787811
2016-05-04,15:00,sz002361,神剑股份,14.0,14.3,13.88,13.98,119305,168256608.0,-0.06,-0.4273504273504274
2016-05-05,15:00,sz002361,神剑股份,13.99,14.5,13.99,14.4,116207,165135760.0,0.42,3.004291845493562
2016-05-06,15:00,sz002361,神剑股份,14.43,14.53,13.71,13.71,138664,194581200.0,-0.69,-4.791666666666667
2016-05-09,15:00,sz002361,神剑股份,13.6,13.6,12.99,13.16,92312,122219464.0,-0.55,-4.011670313639679
2016-05-10,15:00,sz002361,神剑股份,13.16,13.28,13.03,13.2,46881,61812244.0,0.04,0.303951367781155
2016-05-11,15:00,sz002361,神剑股份,13.22,13.37,13.1,13.16,51606,68426128.0,-0.04,-0.303030303030303
2016-05-12,15:00,sz002361,神剑股份,12.99,13.1,12.58,13.07,48889,62819680.0,-0.09,-0.6838905775075987
2016-05-13,15:00,sz002361,神剑股份,13.09,13.33,12.99,13.08,42755,56253700.0,0.01,0.0765110941086457
2016-05-16,15:00,sz002361,神剑股份,13.01,13.35,12.98,13.35,56187,73846240.0,0.27,2.064220183486239
2016-05-17,15:00,sz002361,神剑股份,13.27,13.39,13.1,13.19,49396,65495176.0,-0.16,-1.198501872659176
2016-05-18,15:00,sz002361,神剑股份,13.1,13.13,12.5,12.63,53419,68566560.0,-0.56,-4.245640636846096
2016-05-19,15:00,sz002361,神剑股份,12.69,12.98,12.65,12.66,51029,65376064.0,0.03,0.2375296912114014
2016-05-20,15:00,sz002361,神剑股份,12.55,12.86,12.45,12.86,34920,44448472.0,0.2,1.579778830963665
2016-05-23,15:00,sz002361,神剑股份,12.87,13.24,12.87,13.17,55120,72167488.0,0.31,2.410575427682737
2016-05-24,15:00,sz002361,神剑股份,13.1,13.26,13.05,13.21,43230,56921232.0,0.04,0.3037205770690964
2016-05-25,15:00,sz002361,神剑股份,13.25,13.39,13.01,13.07,47540,62824952.0,-0.14,-1.0598031794095382
2016-05-26,15:00,sz002361,神剑股份,13.02,13.14,12.79,13.14,46506,60286700.0,0.07,0.5355776587605203
2016-05-27,15:00,sz002361,神剑股份,13.08,13.66,13.06,13.52,88123,118102648.0,0.38,2.89193302891933
2016-05-30,15:00,sz002361,神剑股份,13.57,13.65,13.3,13.56,56789,76535800.0,0.04,0.2958579881656805
2016-05-31,15:00,sz002361,神剑股份,13.57,14.36,13.57,14.25,141642,199208400.0,0.69,5.08849557522124
2016-06-01,15:00,sz002361,神剑股份,14.51,14.77,14.35,14.64,124411,181401616.0,0.39,2.736842105263158
2016-06-02,15:00,sz002361,神剑股份,14.5,15.78,14.5,15.24,146533,223524144.0,0.6,4.098360655737705
2016-06-03,15:00,sz002361,神剑股份,15.3,15.43,14.91,15.26,109867,166837872.0,0.02,0.1312335958005249
2016-06-06,15:00,sz002361,神剑股份,15.4,15.46,15.0,15.32,89992,136856928.0,0.06,0.3931847968545215
2016-06-07,15:00,sz002361,神剑股份,15.31,15.33,15.11,15.2,97642,148423328.0,-0.12,-0.7832898172323759
2016-06-08,15:00,sz002361,神剑股份,7.55,7.59,6.9,7.21,287097,206041856.0,-7.99,-52.56578947368421
2016-06-13,15:00,sz002361,神剑股份,7.01,7.19,6.8,6.8,173980,121965984.0,-0.41,-5.6865464632454925
2016-06-14,15:00,sz002361,神剑股份,6.78,7.22,6.78,7.08,203819,143198176.0,0.28,4.117647058823529
2016-06-15,15:00,sz002361,神剑股份,7.0,7.43,6.94,7.35,225129,163215568.0,0.27,3.8135593220338975
2016-06-16,15:00,sz002361,神剑股份,7.32,7.33,7.13,7.18,155026,111792872.0,-0.17,-2.312925170068027
2016-06-17,15:00,sz002361,神剑股份,7.2,7.32,7.02,7.12,183304,131219760.0,-0.06,-0.8356545961002786
2016-06-20,15:00,sz002361,神剑股份,7.04,7.35,6.99,7.26,206484,148720240.0,0.14,1.9662921348314608
2016-06-21,15:00,sz002361,神剑股份,7.28,7.34,7.1,7.16,148728,107609272.0,-0.1,-1.3774104683195594
2016-06-22,15:00,sz002361,神剑股份,7.16,7.26,7.06,7.26,122422,87352160.0,0.1,1.3966480446927374
2016-06-23,15:00,sz002361,神剑股份,7.24,7.34,7.1,7.28,151600,109749136.0,0.02,0.2754820936639118
2016-06-24,15:00,sz002361,神剑股份,7.31,7.68,7.24,7.47,399579,300078912.0,0.19,2.60989010989011
2016-06-27,15:00,sz002361,神剑股份,7.32,7.83,7.26,7.76,304689,234067024.0,0.29,3.882195448460509
2016-06-28,15:00,sz002361,神剑股份,7.68,7.74,7.58,7.7,192845,147982800.0,-0.06,-0.7731958762886598
2016-06-29,15:00,sz002361,神剑股份,7.7,7.99,7.7,7.74,171717,134048760.0,0.04,0.5194805194805194
2016-06-30,15:00,sz002361,神剑股份,7.75,7.79,7.56,7.76,130381,100058840.0,0.02,0.2583979328165375
2016-07-01,15:00,sz002361,神剑股份,7.81,7.84,7.54,7.61,148353,113433760.0,-0.15,-1.9329896907216493
2016-07-04,15:00,sz002361,神剑股份,7.55,7.77,7.5,7.73,163635,125311776.0,0.12,1.5768725361366622
2016-07-05,15:00,sz002361,神剑股份,7.8,8.09,7.8,7.96,275362,219499008.0,0.23,2.975420439844761
2016-07-06,15:00,sz002361,神剑股份,7.99,8.1,7.9,7.97,206363,164758368.0,0.01,0.1256281407035175
2016-07-07,15:00,sz002361,神剑股份,7.97,8.06,7.67,7.86,247217,194151616.0,-0.11,-1.3801756587202008
2016-07-08,15:00,sz002361,神剑股份,7.85,7.85,7.71,7.79,120506,93785872.0,-0.07,-0.8905852417302799
2016-07-11,15:00,sz002361,神剑股份,7.85,7.92,7.7,7.75,163752,128434032.0,-0.04,-0.5134788189987163
2016-07-12,15:00,sz002361,神剑股份,7.73,7.8,7.6,7.8,177128,136611456.0,0.05,0.6451612903225806
2016-07-13,15:00,sz002361,神剑股份,7.8,7.9,7.75,7.82,140709,110258184.0,0.02,0.2564102564102564
2016-07-14,15:00,sz002361,神剑股份,7.83,7.84,7.62,7.76,151090,116429960.0,-0.06,-0.7672634271099744
2016-07-15,15:00,sz002361,神剑股份,7.75,7.75,7.64,7.7,103587,79592344.0,-0.06,-0.7731958762886598
2016-07-18,15:00,sz002361,神剑股份,7.67,7.72,7.54,7.61,145090,110776712.0,-0.09,-1.1688311688311688
2016-07-19,15:00,sz002361,神剑股份,7.62,7.7,7.52,7.69,117450,89382472.0,0.08,1.0512483574244416
2016-07-20,15:00,sz002361,神剑股份,7.67,7.85,7.64,7.74,126112,97690352.0,0.05,0.6501950585175552
2016-07-21,15:00,sz002361,神剑股份,7.74,7.82,7.7,7.75,112604,87569960.0,0.01,0.1291989664082687
2016-07-22,15:00,sz002361,神剑股份,7.8,8.13,7.8,7.9,311288,248445568.0,0.15,1.935483870967742
2016-07-25,15:00,sz002361,神剑股份,7.77,7.89,7.75,7.81,163824,127843072.0,-0.09,-1.139240506329114
2016-07-26,15:00,sz002361,神剑股份,7.81,7.99,7.78,7.92,165839,130382680.0,0.11,1.4084507042253522
2016-07-27,15:00,sz002361,神剑股份,7.91,7.94,7.17,7.25,281152,211945328.0,-0.67,-8.45959595959596
2016-07-28,15:00,sz002361,神剑股份,7.25,7.41,7.22,7.32,135788,99407488.0,0.07,0.9655172413793104
2016-07-29,15:00,sz002361,神剑股份,7.33,7.34,7.21,7.26,79487,57631616.0,-0.06,-0.819672131147541
2016-08-01,15:00,sz002361,神剑股份,7.24,7.26,6.96,7.03,126092,88994688.0,-0.23,-3.1680440771349865
2016-08-02,15:00,sz002361,神剑股份,7.01,7.07,6.99,7.04,82757,58147368.0,0.01,0.1422475106685633
2016-08-03,15:00,sz002361,神剑股份,7.05,7.09,6.99,7.07,64969,45744752.0,0.03,0.4261363636363636
2016-08-04,15:00,sz002361,神剑股份,7.04,7.16,7.04,7.15,74351,52851216.0,0.08,1.1315417256011315
2016-08-05,15:00,sz002361,神剑股份,7.16,7.16,7.0,7.01,89175,63128420.0,-0.14,-1.958041958041958
2016-08-08,15:00,sz002361,神剑股份,7.04,7.15,7.0,7.15,72144,51189236.0,0.14,1.9971469329529243
2016-08-09,15:00,sz002361,神剑股份,7.3,7.44,7.3,7.4,142535,105181520.0,0.25,3.4965034965034967
2016-08-10,15:00,sz002361,神剑股份,7.36,7.37,7.25,7.25,110718,80824888.0,-0.15,-2.027027027027027
2016-08-11,15:00,sz002361,神剑股份,7.21,7.28,7.13,7.13,66272,47720904.0,-0.12,-1.6551724137931034
2016-08-12,15:00,sz002361,神剑股份,7.15,7.22,7.11,7.21,54198,38830048.0,0.08,1.1220196353436185
2016-08-15,15:00,sz002361,神剑股份,7.18,7.36,7.16,7.32,130610,95179912.0,0.11,1.5256588072122053
2016-08-16,15:00,sz002361,神剑股份,7.34,7.41,7.3,7.38,128216,94379224.0,0.06,0.819672131147541
2016-08-17,15:00,sz002361,神剑股份,7.39,7.45,7.33,7.39,73552,54329416.0,0.01,0.1355013550135501
2016-08-18,15:00,sz002361,神剑股份,7.39,7.4,7.32,7.34,75178,55253428.0,-0.05,-0.6765899864682002
2016-08-19,15:00,sz002361,神剑股份,7.32,7.35,7.26,7.34,72617,53084480.0,0.0,0.0
2016-08-22,15:00,sz002361,神剑股份,7.35,7.37,7.2,7.21,58570,42630168.0,-0.13,-1.7711171662125342
2016-08-23,15:00,sz002361,神剑股份,7.22,7.28,7.21,7.26,39305,28488992.0,0.05,0.6934812760055479
2016-08-24,15:00,sz002361,神剑股份,7.27,7.37,7.22,7.31,61534,44970544.0,0.05,0.6887052341597797
2016-08-25,15:00,sz002361,神剑股份,7.3,7.4,7.2,7.38,124243,91017072.0,0.07,0.957592339261286
2016-08-26,15:00,sz002361,神剑股份,7.39,7.41,7.3,7.32,96328,70930424.0,-0.06,-0.8130081300813009
2016-08-29,15:00,sz002361,神剑股份,7.35,7.37,7.25,7.36,74237,54287988.0,0.04,0.546448087431694
2016-08-30,15:00,sz002361,神剑股份,7.35,7.41,7.32,7.34,97748,72099048.0,-0.02,-0.2717391304347826
2016-08-31,15:00,sz002361,神剑股份,7.36,7.36,7.25,7.3,78922,57470252.0,-0.04,-0.544959128065395
2016-09-01,15:00,sz002361,神剑股份,7.32,7.39,7.26,7.27,102399,75097184.0,-0.03,-0.410958904109589
2016-09-02,15:00,sz002361,神剑股份,7.26,7.33,7.22,7.3,81308,59091636.0,0.03,0.4126547455295735
2016-09-05,15:00,sz002361,神剑股份,7.31,7.45,7.25,7.41,113997,84059936.0,0.11,1.5068493150684932
2016-09-06,15:00,sz002361,神剑股份,7.43,7.67,7.36,7.64,195498,147612480.0,0.23,3.10391363022942
2016-09-07,15:00,sz002361,神剑股份,7.6,7.73,7.57,7.6,146559,112183376.0,-0.04,-0.5235602094240838
2016-09-08,15:00,sz002361,神剑股份,7.62,7.8,7.58,7.75,141374,109345224.0,0.15,1.973684210526316
2016-09-09,15:00,sz002361,神剑股份,7.74,7.78,7.55,7.57,113035,86535048.0,-0.18,-2.3225806451612905
2016-09-12,15:00,sz002361,神剑股份,7.48,7.48,7.28,7.29,98978,72820968.0,-0.28,-3.6988110964332894
2016-09-13,15:00,sz002361,神剑股份,7.32,7.42,7.28,7.39,68686,50349376.0,0.1,1.3717421124828533
2016-09-14,15:00,sz002361,神剑股份,7.32,7.41,7.21,7.27,67097,48943784.0,-0.12,-1.6238159675236803
2016-09-19,15:00,sz002361,神剑股份,7.28,7.34,7.28,7.31,39435,28844424.0,0.04,0.5502063273727648
2016-09-20,15:00,sz002361,神剑股份,7.31,7.38,7.29,7.34,51626,37876172.0,0.03,0.4103967168262654
2016-09-21,15:00,sz002361,神剑股份,7.32,7.37,7.29,7.34,56104,41147848.0,0.0,0.0
2016-09-22,15:00,sz002361,神剑股份,7.36,7.44,7.35,7.37,67003,49531492.0,0.03,0.4087193460490463
2016-09-23,15:00,sz002361,神剑股份,7.37,7.41,7.32,7.35,46828,34476600.0,-0.02,-0.2713704206241519
2016-09-26,15:00,sz002361,神剑股份,7.32,7.37,7.1,7.13,69172,49955384.0,-0.22,-2.9931972789115644
2016-09-27,15:00,sz002361,神剑股份,7.15,7.2,7.09,7.17,45666,32602174.0,0.04,0.5610098176718092
2016-09-28,15:00,sz002361,神剑股份,7.19,7.19,7.12,7.16,37272,26661648.0,-0.01,-0.1394700139470014
2016-09-29,15:00,sz002361,神剑股份,7.16,7.22,7.16,7.19,39997,28751810.0,0.03,0.4189944134078212
2016-09-30,15:00,sz002361,神剑股份,7.19,7.24,7.17,7.22,32050,23097844.0,0.03,0.4172461752433936
2016-10-10,15:00,sz002361,神剑股份,7.26,7.55,7.26,7.5,132074,98392520.0,0.28,3.878116343490305
2016-10-11,15:00,sz002361,神剑股份,7.51,7.55,7.46,7.52,103782,77917896.0,0.02,0.2666666666666666
2016-10-12,15:00,sz002361,神剑股份,7.48,7.61,7.45,7.59,96310,72566984.0,0.07,0.9308510638297872
2016-10-13,15:00,sz002361,神剑股份,7.59,7.59,7.48,7.54,62991,47444828.0,-0.05,-0.6587615283267457
2016-10-14,15:00,sz002361,神剑股份,7.52,7.58,7.42,7.5,71325,53368608.0,-0.04,-0.5305039787798408
2016-10-17,15:00,sz002361,神剑股份,7.51,7.64,7.45,7.49,114894,87066776.0,-0.01,-0.1333333333333333
2016-10-18,15:00,sz002361,神剑股份,7.49,7.65,7.45,7.64,101712,77182264.0,0.15,2.0026702269692924
2016-10-19,15:00,sz002361,神剑股份,7.64,7.7,7.58,7.61,83839,64096824.0,-0.03,-0.3926701570680628
2016-10-20,15:00,sz002361,神剑股份,7.66,7.68,7.55,7.62,58656,44636216.0,0.01,0.1314060446780552
2016-10-21,15:00,sz002361,神剑股份,7.62,7.73,7.5,7.71,116162,88509280.0,0.09,1.1811023622047243
2016-10-24,15:00,sz002361,神剑股份,7.73,7.79,7.64,7.69,101992,78589888.0,-0.02,-0.2594033722438391
2016-10-25,15:00,sz002361,神剑股份,7.67,7.68,7.48,7.53,187059,141258112.0,-0.16,-2.080624187256177
2016-10-26,15:00,sz002361,神剑股份,7.51,7.58,7.44,7.48,113107,84766552.0,-0.05,-0.6640106241699867
2016-10-27,15:00,sz002361,神剑股份,7.49,7.52,7.43,7.5,72832,54377084.0,0.02,0.267379679144385
2016-10-28,15:00,sz002361,神剑股份,7.47,7.51,7.4,7.41,87966,65453372.0,-0.09,-1.2
2016-10-31,15:00,sz002361,神剑股份,7.42,7.42,7.32,7.4,62004,45693496.0,-0.01,-0.1349527665317139
2016-11-01,15:00,sz002361,神剑股份,7.41,7.48,7.37,7.47,77896,57932924.0,0.07,0.945945945945946
2016-11-02,15:00,sz002361,神剑股份,7.43,7.45,7.32,7.35,70918,52402720.0,-0.12,-1.6064257028112447
2016-11-03,15:00,sz002361,神剑股份,7.33,7.42,7.33,7.38,88109,64995068.0,0.03,0.4081632653061224
2016-11-04,15:00,sz002361,神剑股份,7.39,7.4,7.31,7.33,57429,42248744.0,-0.05,-0.6775067750677507
2016-11-07,15:00,sz002361,神剑股份,7.33,7.43,7.31,7.41,74984,55339072.0,0.08,1.0914051841746248
2016-11-08,15:00,sz002361,神剑股份,7.45,7.48,7.38,7.4,74379,55153328.0,-0.01,-0.1349527665317139
2016-11-09,15:00,sz002361,神剑股份,7.43,7.45,7.3,7.34,91094,67219928.0,-0.06,-0.8108108108108109
2016-11-10,15:00,sz002361,神剑股份,7.39,7.46,7.38,7.44,104161,77169840.0,0.1,1.3623978201634876
2016-11-11,15:00,sz002361,神剑股份,7.43,7.49,7.35,7.48,158909,117998056.0,0.04,0.5376344086021506
2016-11-14,15:00,sz002361,神剑股份,7.46,7.54,7.43,7.54,157003,117682848.0,0.06,0.8021390374331552
2016-11-15,15:00,sz002361,神剑股份,7.56,7.88,7.55,7.76,392645,303287648.0,0.22,2.9177718832891246
2016-11-16,15:00,sz002361,神剑股份,7.7,7.72,7.58,7.63,200173,152933824.0,-0.13,-1.675257731958763
2016-11-17,15:00,sz002361,神剑股份,7.65,7.65,7.52,7.6,98558,74591552.0,-0.03,-0.3931847968545215
2016-11-18,15:00,sz002361,神剑股份,7.6,7.63,7.51,7.54,95346,72126808.0,-0.06,-0.7894736842105263
2016-11-21,15:00,sz002361,神剑股份,7.52,7.57,7.5,7.55,69983,52758256.0,0.01,0.1326259946949602
2016-11-22,15:00,sz002361,神剑股份,7.54,7.57,7.5,7.56,93434,70372952.0,0.01,0.1324503311258278
2016-11-23,15:00,sz002361,神剑股份,7.56,7.66,7.53,7.59,130030,98879352.0,0.03,0.3968253968253968
2016-11-24,15:00,sz002361,神剑股份,7.6,7.6,7.44,7.48,98046,73695264.0,-0.11,-1.4492753623188406
2016-11-25,15:00,sz002361,神剑股份,7.48,7.48,7.25,7.42,119333,87741608.0,-0.06,-0.8021390374331552
2016-11-28,15:00,sz002361,神剑股份,7.37,7.42,7.37,7.39,68011,50292564.0,-0.03,-0.4043126684636118
2016-11-29,15:00,sz002361,神剑股份,7.37,7.38,7.31,7.32,59331,43572744.0,-0.07,-0.9472259810554804
2016-11-30,15:00,sz002361,神剑股份,7.3,7.36,7.27,7.32,50877,37206700.0,0.0,0.0
2016-12-01,15:00,sz002361,神剑股份,7.33,7.39,7.32,7.38,41295,30355130.0,0.06,0.819672131147541
2016-12-02,15:00,sz002361,神剑股份,7.38,7.39,7.26,7.27,51797,37825888.0,-0.11,-1.4905149051490514
2016-12-05,15:00,sz002361,神剑股份,7.27,7.34,7.21,7.29,43953,32065060.0,0.02,0.2751031636863824
2016-12-06,15:00,sz002361,神剑股份,7.29,7.33,7.27,7.29,25220,18404836.0,0.0,0.0
2016-12-07,15:00,sz002361,神剑股份,7.3,7.35,7.26,7.35,35898,26237364.0,0.06,0.823045267489712
2016-12-08,15:00,sz002361,神剑股份,7.36,7.36,7.25,7.27,31611,23078602.0,-0.08,-1.0884353741496595
2016-12-09,15:00,sz002361,神剑股份,7.26,7.3,7.24,7.26,30883,22453960.0,-0.01,-0.1375515818431912
2016-12-12,15:00,sz002361,神剑股份,7.27,7.28,6.85,6.86,93394,65669552.0,-0.4,-5.5096418732782375
2016-12-13,15:00,sz002361,神剑股份,6.89,6.96,6.77,6.93,63781,43947604.0,0.07,1.020408163265306
2016-12-14,15:00,sz002361,神剑股份,6.92,7.01,6.86,6.89,63569,44123572.0,-0.04,-0.5772005772005772
2016-12-15,15:00,sz002361,神剑股份,6.85,6.99,6.83,6.93,44650,30915278.0,0.04,0.5805515239477503
2016-12-16,15:00,sz002361,神剑股份,6.92,6.99,6.87,6.99,58052,40272348.0,0.06,0.8658008658008658
2016-12-19,15:00,sz002361,神剑股份,6.98,6.98,6.87,6.88,54700,37823496.0,-0.11,-1.5736766809728182
2016-12-20,15:00,sz002361,神剑股份,6.89,6.9,6.83,6.88,48217,33096702.0,0.0,0.0
2016-12-21,15:00,sz002361,神剑股份,6.89,6.96,6.88,6.94,41937,29044034.0,0.06,0.872093023255814
2016-12-22,15:00,sz002361,神剑股份,6.97,7.19,6.92,7.11,125004,88653056.0,0.17,2.44956772334294
2016-12-23,15:00,sz002361,神剑股份,7.05,7.15,7.03,7.08,53425,37807320.0,-0.03,-0.4219409282700421
2016-12-26,15:00,sz002361,神剑股份,7.05,7.13,6.93,7.12,42241,29756142.0,0.04,0.5649717514124294
2016-12-27,15:00,sz002361,神剑股份,7.14,7.14,7.04,7.07,33442,23674280.0,-0.05,-0.7022471910112359
2016-12-28,15:00,sz002361,神剑股份,7.06,7.1,7.0,7.04,32736,23036260.0,-0.03,-0.4243281471004243
2016-12-29,15:00,sz002361,神剑股份,7.04,7.05,6.95,6.96,32349,22664468.0,-0.08,-1.1363636363636365
2016-12-30,15:00,sz002361,神剑股份,6.95,7.02,6.95,7.0,22332,15604750.0,0.04,0.5747126436781609
2017-01-03,15:00,sz002361,神剑股份,6.98,7.15,6.97,7.13,59641,42212860.0,0.13,1.8571428571428568
2017-01-04,15:00,sz002361,神剑股份,7.11,7.18,7.08,7.13,43941,31362762.0,0.0,0.0
2017-01-05,15:00,sz002361,神剑股份,7.13,7.18,7.11,7.13,41471,29608788.0,0.0,0.0
2017-01-06,15:00,sz002361,神剑股份,7.16,7.26,7.13,7.18,87787,63097332.0,0.05,0.7012622720897616
2017-01-09,15:00,sz002361,神剑股份,7.16,7.38,7.13,7.29,88086,63936604.0,0.11,1.532033426183844
2017-01-10,15:00,sz002361,神剑股份,7.29,7.33,7.21,7.22,50924,36930684.0,-0.07,-0.9602194787379972
2017-01-11,15:00,sz002361,神剑股份,7.22,7.25,7.05,7.07,73103,52000896.0,-0.15,-2.0775623268698062
2017-01-12,15:00,sz002361,神剑股份,7.07,7.15,7.06,7.13,47113,33468314.0,0.06,0.8486562942008486
2017-01-13,15:00,sz002361,神剑股份,7.13,7.14,6.96,6.96,58580,41209260.0,-0.17,-2.3842917251051894
2017-01-16,15:00,sz002361,神剑股份,6.96,6.98,6.43,6.63,82000,55521308.0,-0.33,-4.741379310344827
2017-01-17,15:00,sz002361,神剑股份,6.67,6.8,6.6,6.79,43939,29315152.0,0.16,2.413273001508296
2017-01-18,15:00,sz002361,神剑股份,6.8,6.84,6.73,6.76,34341,23333130.0,-0.03,-0.4418262150220913
2017-01-19,15:00,sz002361,神剑股份,6.76,6.79,6.69,6.79,24742,16706834.0,0.03,0.4437869822485207
2017-01-20,15:00,sz002361,神剑股份,6.77,6.9,6.77,6.86,26829,18412590.0,0.07,1.0309278350515465
2017-01-23,15:00,sz002361,神剑股份,6.93,7.13,6.93,7.0,58667,41259104.0,0.14,2.0408163265306123
2017-01-24,15:00,sz002361,神剑股份,6.97,7.08,6.92,7.07,56106,39266152.0,0.07,1.0
2017-01-25,15:00,sz002361,神剑股份,7.06,7.1,6.95,7.01,46026,32263150.0,-0.06,-0.8486562942008486
2017-01-26,15:00,sz002361,神剑股份,7.02,7.05,6.99,7.03,27008,18966578.0,0.02,0.2853067047075606
2017-02-03,15:00,sz002361,神剑股份,7.03,7.04,6.95,7.0,24108,16837400.0,-0.03,-0.4267425320056899
2017-02-06,15:00,sz002361,神剑股份,7.0,7.7,7.0,7.7,227784,170235024.0,0.7,10.0
2017-02-07,15:00,sz002361,神剑股份,7.79,8.4,7.73,8.02,905019,727792064.0,0.32,4.155844155844156
2017-02-08,15:00,sz002361,神剑股份,7.97,8.82,7.86,8.82,887627,754661120.0,0.8,9.975062344139651
2017-02-09,15:00,sz002361,神剑股份,9.3,9.7,9.12,9.4,1714387,1621646720.0,0.58,6.575963718820861
2017-02-10,15:00,sz002361,神剑股份,9.25,9.35,8.89,8.98,1196296,1085940992.0,-0.42,-4.468085106382979
2017-02-13,15:00,sz002361,神剑股份,8.9,9.1,8.74,8.95,737164,657820608.0,-0.03,-0.3340757238307349
2017-02-14,15:00,sz002361,神剑股份,8.83,9.12,8.75,9.05,823001,736035200.0,0.1,1.11731843575419
2017-02-15,15:00,sz002361,神剑股份,8.97,9.03,8.71,8.77,636207,563030016.0,-0.28,-3.0939226519337018
2017-02-16,15:00,sz002361,神剑股份,8.68,8.94,8.65,8.8,516256,454746304.0,0.03,0.3420752565564424
2017-02-17,15:00,sz002361,神剑股份,8.73,9.5,8.7,9.15,1212086,1112019200.0,0.35,3.977272727272727
2017-02-20,15:00,sz002361,神剑股份,9.15,9.65,8.82,9.0,842488,770807296.0,-0.15,-1.639344262295082
2017-02-21,15:00,sz002361,神剑股份,8.79,8.94,8.65,8.93,529013,464980160.0,-0.07,-0.7777777777777778
2017-02-22,15:00,sz002361,神剑股份,8.88,8.96,8.7,8.73,394142,346575168.0,-0.2,-2.2396416573348263
2017-02-23,15:00,sz002361,神剑股份,8.71,8.86,8.62,8.71,303668,265410416.0,-0.02,-0.2290950744558992
2017-02-24,15:00,sz002361,神剑股份,8.66,8.8,8.57,8.67,268797,233093056.0,-0.04,-0.4592422502870264
2017-02-27,15:00,sz002361,神剑股份,8.66,8.82,8.54,8.55,235137,203953760.0,-0.12,-1.384083044982699
2017-02-28,15:00,sz002361,神剑股份,8.55,8.76,8.51,8.73,284462,247303280.0,0.18,2.1052631578947367
2017-03-01,15:00,sz002361,神剑股份,8.71,8.96,8.64,8.83,419390,369177600.0,0.1,1.145475372279496
2017-03-02,15:00,sz002361,神剑股份,8.85,8.91,8.41,8.49,357258,309997440.0,-0.34,-3.8505096262740657
2017-03-03,15:00,sz002361,神剑股份,8.41,8.45,8.24,8.25,286265,237732832.0,-0.24,-2.826855123674912
2017-03-06,15:00,sz002361,神剑股份,8.29,8.4,8.21,8.34,156399,130246920.0,0.09,1.090909090909091
2017-03-07,15:00,sz002361,神剑股份,8.3,8.38,8.27,8.32,145795,121056096.0,-0.02,-0.2398081534772182
2017-03-08,15:00,sz002361,神剑股份,8.35,8.54,8.3,8.41,229207,193637568.0,0.09,1.0817307692307692
2017-03-09,15:00,sz002361,神剑股份,8.38,8.44,8.3,8.31,179487,150460960.0,-0.1,-1.1890606420927468
2017-03-10,15:00,sz002361,神剑股份,8.3,8.35,8.08,8.12,252983,206656736.0,-0.19,-2.286401925391095
2017-03-13,15:00,sz002361,神剑股份,8.12,8.28,8.05,8.21,176832,144625152.0,0.09,1.1083743842364533
2017-03-14,15:00,sz002361,神剑股份,8.21,8.27,8.13,8.19,122177,100021728.0,-0.02,-0.2436053593179049
2017-03-15,15:00,sz002361,神剑股份,8.19,8.24,8.15,8.19,106486,87220080.0,0.0,0.0
2017-03-16,15:00,sz002361,神剑股份,8.19,8.5,8.18,8.36,218290,182339056.0,0.17,2.0757020757020754
2017-03-17,15:00,sz002361,神剑股份,8.35,8.45,8.26,8.29,211948,176835024.0,-0.07,-0.8373205741626795
2017-03-20,15:00,sz002361,神剑股份,8.27,8.41,8.26,8.35,135099,112553968.0,0.06,0.7237635705669482
2017-03-21,15:00,sz002361,神剑股份,8.38,8.52,8.33,8.45,198561,167887152.0,0.1,1.1976047904191618
2017-03-22,15:00,sz002361,神剑股份,8.4,8.44,8.25,8.29,140953,117380336.0,-0.16,-1.8934911242603552
2017-03-23,15:00,sz002361,神剑股份,8.29,8.32,8.03,8.18,170795,139739088.0,-0.11,-1.3268998793727382
2017-03-24,15:00,sz002361,神剑股份,8.17,9.0,8.13,8.87,624117,543353856.0,0.69,8.43520782396088
2017-03-27,15:00,sz002361,神剑股份,8.88,9.48,8.8,9.14,839123,765797376.0,0.27,3.0439684329199546
2017-03-28,15:00,sz002361,神剑股份,9.03,9.08,8.85,8.96,373603,334332512.0,-0.18,-1.9693654266958425
2017-03-29,15:00,sz002361,神剑股份,8.92,9.4,8.9,9.0,552128,503713216.0,0.04,0.4464285714285714
2017-03-30,15:00,sz002361,神剑股份,8.84,8.95,8.6,8.61,393009,345668928.0,-0.39,-4.333333333333334
2017-03-31,15:00,sz002361,神剑股份,8.56,8.9,8.56,8.65,301119,262868416.0,0.04,0.4645760743321719
2017-04-05,15:00,sz002361,神剑股份,8.6,9.0,8.51,9.0,315413,277496416.0,0.35,4.046242774566474
2017-04-06,15:00,sz002361,神剑股份,9.01,9.25,8.85,8.87,366494,331216064.0,-0.13,-1.4444444444444444
2017-04-07,15:00,sz002361,神剑股份,8.9,9.76,8.81,9.28,669304,626962944.0,0.41,4.6223224351747465
2017-04-10,15:00,sz002361,神剑股份,9.3,10.18,9.21,9.94,873640,846344256.0,0.66,7.112068965517242
2017-04-11,15:00,sz002361,神剑股份,9.75,10.48,9.6,10.17,1023526,1032696960.0,0.23,2.3138832997987926
2017-04-12,15:00,sz002361,神剑股份,10.0,10.3,9.61,9.66,599370,594456448.0,-0.51,-5.014749262536873
2017-04-13,15:00,sz002361,神剑股份,9.63,9.86,9.41,9.5,403448,387764672.0,-0.16,-1.6563146997929608
2017-04-14,15:00,sz002361,神剑股份,9.55,9.85,9.4,9.58,372580,359200160.0,0.08,0.8421052631578947
2017-04-17,15:00,sz002361,神剑股份,9.38,9.39,8.66,8.82,358923,320746752.0,-0.76,-7.933194154488518
2017-04-18,15:00,sz002361,神剑股份,8.82,8.99,8.65,8.72,236044,208112176.0,-0.1,-1.1337868480725624
2017-04-19,15:00,sz002361,神剑股份,8.65,8.65,8.21,8.43,243370,204863984.0,-0.29,-3.325688073394496
2017-04-20,15:00,sz002361,神剑股份,8.42,8.57,8.12,8.32,182839,152622688.0,-0.11,-1.3048635824436536
2017-04-21,15:00,sz002361,神剑股份,8.32,8.52,8.21,8.44,170734,142772864.0,0.12,1.4423076923076923
2017-04-24,15:00,sz002361,神剑股份,8.34,8.38,7.6,7.6,266398,211568512.0,-0.84,-9.95260663507109
2017-04-25,15:00,sz002361,神剑股份,7.54,7.8,7.54,7.59,170458,130993584.0,-0.01,-0.131578947368421
2017-04-26,15:00,sz002361,神剑股份,7.6,7.68,7.42,7.6,160329,121250736.0,0.01,0.1317523056653491
2017-04-27,15:00,sz002361,神剑股份,7.52,7.6,7.0,7.48,268006,195649088.0,-0.12,-1.5789473684210529
2017-04-28,15:00,sz002361,神剑股份,7.4,7.6,7.37,7.58,126543,95201984.0,0.1,1.3368983957219251
2017-05-02,15:00,sz002361,神剑股份,7.54,7.78,7.5,7.72,154400,117695080.0,0.14,1.8469656992084436
2017-05-03,15:00,sz002361,神剑股份,7.72,7.94,7.62,7.85,214813,167752240.0,0.13,1.6839378238341969
2017-05-04,15:00,sz002361,神剑股份,7.78,7.87,7.62,7.65,152431,117959872.0,-0.2,-2.547770700636943
2017-05-05,15:00,sz002361,神剑股份,7.6,7.72,7.16,7.2,167782,125212376.0,-0.45,-5.88235294117647
2017-05-08,15:00,sz002361,神剑股份,7.23,7.38,7.12,7.15,109951,79600904.0,-0.05,-0.6944444444444444
2017-05-09,15:00,sz002361,神剑股份,7.13,7.29,7.07,7.25,99380,71667232.0,0.1,1.3986013986013983
2017-05-10,15:00,sz002361,神剑股份,7.25,7.32,6.98,7.02,113650,81458168.0,-0.23,-3.1724137931034484
2017-05-11,15:00,sz002361,神剑股份,7.0,7.09,6.81,7.09,114090,79306384.0,0.07,0.9971509971509972
2017-05-12,15:00,sz002361,神剑股份,7.08,7.15,7.02,7.09,76676,54383956.0,0.0,0.0
2017-05-15,15:00,sz002361,神剑股份,7.13,7.2,7.02,7.03,75935,53776232.0,-0.06,-0.846262341325811
2017-05-16,15:00,sz002361,神剑股份,7.0,7.22,6.86,7.2,127710,89799456.0,0.17,2.418207681365576
2017-05-17,15:00,sz002361,神剑股份,7.22,7.51,7.17,7.29,152956,112413304.0,0.09,1.25
2017-05-18,15:00,sz002361,神剑股份,7.2,7.33,7.15,7.2,101666,73362576.0,-0.09,-1.2345679012345678
2017-05-19,15:00,sz002361,神剑股份,7.22,7.24,7.08,7.13,66733,47753540.0,-0.07,-0.9722222222222222
2017-05-22,15:00,sz002361,神剑股份,7.17,7.26,7.02,7.03,73406,52500640.0,-0.1,-1.402524544179523
2017-05-23,15:00,sz002361,神剑股份,7.01,7.03,6.58,6.63,121514,82535728.0,-0.4,-5.689900426742532
2017-05-24,15:00,sz002361,神剑股份,6.6,6.65,6.3,6.62,95868,62444544.0,-0.01,-0.1508295625942685
2017-05-25,15:00,sz002361,神剑股份,6.63,6.72,6.38,6.67,98888,65148520.0,0.05,0.7552870090634441
2017-05-26,15:00,sz002361,神剑股份,6.65,6.7,6.6,6.65,60856,40491188.0,-0.02,-0.2998500749625187
2017-05-31,15:00,sz002361,神剑股份,6.78,6.83,6.53,6.58,92468,61735460.0,-0.07,-1.0526315789473684
2017-06-01,15:00,sz002361,神剑股份,6.57,6.58,6.2,6.28,91894,58949404.0,-0.3,-4.5592705167173255
2017-06-02,15:00,sz002361,神剑股份,6.25,6.41,6.15,6.36,70111,44081212.0,0.08,1.2738853503184715
2017-06-05,15:00,sz002361,神剑股份,6.38,6.51,6.35,6.45,59152,38115816.0,0.09,1.4150943396226416
2017-06-06,15:00,sz002361,神剑股份,6.45,6.57,6.41,6.5,62189,40438916.0,0.05,0.7751937984496124
2017-06-07,15:00,sz002361,神剑股份,6.5,6.66,6.46,6.64,88668,58532596.0,0.14,2.1538461538461537
2017-06-08,15:00,sz002361,神剑股份,6.61,6.69,6.58,6.62,81037,53697092.0,-0.02,-0.3012048192771084
2017-06-09,15:00,sz002361,神剑股份,6.6,6.77,6.46,6.68,129108,85487336.0,0.06,0.906344410876133
2017-06-12,15:00,sz002361,神剑股份,6.59,6.62,6.45,6.45,91314,59519100.0,-0.23,-3.44311377245509
2017-06-13,15:00,sz002361,神剑股份,6.4,6.6,6.4,6.59,70125,45830128.0,0.14,2.1705426356589146
2017-06-14,15:00,sz002361,神剑股份,6.57,6.69,6.51,6.64,93596,62099328.0,0.05,0.7587253414264037
2017-06-15,15:00,sz002361,神剑股份,6.61,6.83,6.61,6.73,118570,79872720.0,0.09,1.355421686746988
2017-06-16,15:00,sz002361,神剑股份,6.75,6.88,6.66,6.82,115882,78442984.0,0.09,1.337295690936107
2017-06-19,15:00,sz002361,神剑股份,6.78,7.33,6.78,7.18,263251,185855200.0,0.36,5.278592375366569
2017-06-20,15:00,sz002361,神剑股份,7.17,7.28,7.05,7.08,158563,112962304.0,-0.1,-1.392757660167131
2017-06-21,15:00,sz002361,神剑股份,7.5,7.79,7.5,7.79,271957,210967408.0,0.71,10.028248587570625
2017-06-22,15:00,sz002361,神剑股份,7.78,8.08,7.57,7.63,734803,578954816.0,-0.16,-2.053915275994865
2017-06-23,15:00,sz002361,神剑股份,7.52,8.39,7.52,7.97,603929,482908896.0,0.34,4.456094364351245
2017-06-26,15:00,sz002361,神剑股份,7.69,7.92,7.53,7.89,430194,333013920.0,-0.08,-1.0037641154328731
2017-06-27,15:00,sz002361,神剑股份,7.77,8.16,7.72,7.91,402909,322585376.0,0.02,0.2534854245880861
2017-06-28,15:00,sz002361,神剑股份,7.81,7.82,7.63,7.7,252193,194408704.0,-0.21,-2.6548672566371683
2017-06-29,15:00,sz002361,神剑股份,7.69,7.77,7.62,7.74,190916,146842704.0,0.04,0.5194805194805194
2017-06-30,15:00,sz002361,神剑股份,7.67,7.72,7.51,7.56,181674,137686832.0,-0.18,-2.3255813953488373
2017-07-03,15:00,sz002361,神剑股份,7.56,7.64,7.41,7.64,168473,126640264.0,0.08,1.058201058201058
2017-07-04,15:00,sz002361,神剑股份,7.6,7.96,7.58,7.86,340218,265611664.0,0.22,2.8795811518324608
2017-07-05,15:00,sz002361,神剑股份,7.75,8.0,7.71,7.98,314736,248236736.0,0.12,1.5267175572519085
2017-07-06,15:00,sz002361,神剑股份,7.94,8.2,7.86,8.18,400873,322836992.0,0.2,2.506265664160401
2017-07-07,15:00,sz002361,神剑股份,8.1,8.24,8.02,8.07,273723,221911840.0,-0.11,-1.3447432762836184
2017-07-10,15:00,sz002361,神剑股份,8.0,8.17,7.8,7.8,272721,217366192.0,-0.27,-3.3457249070631967
2017-07-11,15:00,sz002361,神剑股份,7.79,7.95,7.65,7.82,190786,148841904.0,0.02,0.2564102564102564
2017-07-12,15:00,sz002361,神剑股份,7.81,7.89,7.6,7.78,156892,121199816.0,-0.04,-0.5115089514066496
2017-07-13,15:00,sz002361,神剑股份,7.75,7.77,7.55,7.61,154697,118048816.0,-0.17,-2.185089974293059
2017-07-14,15:00,sz002361,神剑股份,7.61,7.85,7.51,7.76,217097,168030304.0,0.15,1.971090670170828
2017-07-17,15:00,sz002361,神剑股份,7.67,7.68,6.94,6.94,310591,221648256.0,-0.82,-10.56701030927835
2017-07-18,15:00,sz002361,神剑股份,6.8,7.04,6.73,6.98,147729,101734520.0,0.04,0.5763688760806917
2017-07-19,15:00,sz002361,神剑股份,6.91,7.04,6.82,7.02,135633,94216336.0,0.04,0.5730659025787965
2017-07-20,15:00,sz002361,神剑股份,7.0,7.3,6.98,7.21,173790,124727408.0,0.19,2.7065527065527064
2017-07-21,15:00,sz002361,神剑股份,7.2,7.25,7.11,7.14,103144,73883504.0,-0.07,-0.9708737864077668
2017-07-24,15:00,sz002361,神剑股份,7.19,7.29,7.05,7.25,137413,98677560.0,0.11,1.5406162464985995
2017-07-25,15:00,sz002361,神剑股份,7.26,7.27,7.11,7.14,102668,73786232.0,-0.11,-1.5172413793103448
2017-07-26,15:00,sz002361,神剑股份,7.21,7.29,7.11,7.2,99721,71564440.0,0.06,0.8403361344537815
2017-07-27,15:00,sz002361,神剑股份,7.15,7.27,7.11,7.22,119658,86009000.0,0.02,0.2777777777777778
2017-07-28,15:00,sz002361,神剑股份,7.22,7.3,7.18,7.19,90019,65045620.0,-0.03,-0.4155124653739612
2017-07-31,15:00,sz002361,神剑股份,7.19,7.24,7.04,7.1,149554,106162128.0,-0.09,-1.2517385257301807
2017-08-01,15:00,sz002361,神剑股份,7.12,7.7,7.07,7.35,282763,208901120.0,0.25,3.5211267605633805
2017-08-02,15:00,sz002361,神剑股份,7.25,7.32,7.15,7.15,168229,121423728.0,-0.2,-2.7210884353741496
2017-08-03,15:00,sz002361,神剑股份,7.11,7.21,7.08,7.13,88770,63414292.0,-0.02,-0.2797202797202797
2017-08-04,15:00,sz002361,神剑股份,7.15,7.45,7.15,7.28,269739,197658208.0,0.15,2.1037868162692845
2017-08-07,15:00,sz002361,神剑股份,7.26,7.28,7.14,7.25,109785,79164200.0,-0.03,-0.4120879120879121
2017-08-08,15:00,sz002361,神剑股份,7.25,7.33,7.16,7.32,137870,99870824.0,0.07,0.9655172413793104
2017-08-09,15:00,sz002361,神剑股份,7.3,7.31,7.22,7.24,83664,60722220.0,-0.08,-1.092896174863388
2017-08-10,15:00,sz002361,神剑股份,7.25,7.34,7.12,7.17,110735,80044832.0,-0.07,-0.9668508287292816
2017-08-11,15:00,sz002361,神剑股份,7.12,7.31,7.06,7.1,137895,99225512.0,-0.07,-0.9762900976290098
2017-08-14,15:00,sz002361,神剑股份,7.11,7.21,7.1,7.2,80133,57451852.0,0.1,1.4084507042253522
2017-08-15,15:00,sz002361,神剑股份,7.2,7.25,7.16,7.18,84969,61152824.0,-0.02,-0.2777777777777778
2017-08-16,15:00,sz002361,神剑股份,7.18,7.32,7.15,7.28,116257,84134776.0,0.1,1.392757660167131
2017-08-17,15:00,sz002361,神剑股份,7.28,7.36,7.26,7.29,128150,93632352.0,0.01,0.1373626373626373
2017-08-18,15:00,sz002361,神剑股份,7.28,7.28,7.16,7.19,107280,77251680.0,-0.1,-1.3717421124828533
2017-08-21,15:00,sz002361,神剑股份,7.2,7.23,7.15,7.21,81435,58440712.0,0.02,0.278164116828929
2017-08-22,15:00,sz002361,神剑股份,7.21,7.22,7.12,7.13,68975,49305000.0,-0.08,-1.1095700416088763
2017-08-23,15:00,sz002361,神剑股份,7.15,7.17,7.07,7.08,67012,47595608.0,-0.05,-0.7012622720897616
2017-08-24,15:00,sz002361,神剑股份,7.08,7.11,6.92,6.93,115470,80590080.0,-0.15,-2.11864406779661
2017-08-25,15:00,sz002361,神剑股份,6.95,7.01,6.93,7.0,56192,39259176.0,0.07,1.0101010101010102
2017-08-28,15:00,sz002361,神剑股份,6.93,7.04,6.93,7.02,78846,55274568.0,0.02,0.2857142857142857
2017-08-29,15:00,sz002361,神剑股份,7.03,7.04,6.93,6.95,78273,54605064.0,-0.07,-0.9971509971509972
2017-08-30,15:00,sz002361,神剑股份,6.97,6.98,6.9,6.93,77229,53457568.0,-0.02,-0.2877697841726618
2017-08-31,15:00,sz002361,神剑股份,6.93,6.95,6.84,6.89,77377,53147052.0,-0.04,-0.5772005772005772
2017-09-01,15:00,sz002361,神剑股份,6.9,7.0,6.88,6.97,80681,55912936.0,0.08,1.161103047895501
2017-09-04,15:00,sz002361,神剑股份,6.97,7.12,6.97,7.09,124870,88340080.0,0.12,1.721664275466284
2017-09-05,15:00,sz002361,神剑股份,7.11,7.13,7.04,7.06,62290,44016400.0,-0.03,-0.4231311706629055
2017-09-06,15:00,sz002361,神剑股份,7.06,7.08,7.01,7.06,59042,41543144.0,0.0,0.0
2017-09-07,15:00,sz002361,神剑股份,7.07,7.09,6.94,6.96,86866,60923352.0,-0.1,-1.41643059490085
2017-09-08,15:00,sz002361,神剑股份,6.95,7.02,6.93,6.97,59681,41591828.0,0.01,0.1436781609195402
2017-09-11,15:00,sz002361,神剑股份,6.97,6.99,6.93,6.96,58789,40876224.0,-0.01,-0.1434720229555237
2017-09-12,15:00,sz002361,神剑股份,6.95,6.97,6.91,6.93,69846,48421836.0,-0.03,-0.4310344827586206
2017-09-13,15:00,sz002361,神剑股份,6.93,7.07,6.91,7.04,91143,63797112.0,0.11,1.5873015873015872
2017-09-14,15:00,sz002361,神剑股份,7.01,7.04,6.93,6.94,60189,41933908.0,-0.1,-1.4204545454545454
2017-09-15,15:00,sz002361,神剑股份,6.92,7.03,6.92,6.95,52977,36943352.0,0.01,0.1440922190201729
2017-09-18,15:00,sz002361,神剑股份,6.96,7.0,6.93,6.98,54951,38212900.0,0.03,0.4316546762589928
2017-09-19,15:00,sz002361,神剑股份,6.96,6.98,6.88,6.9,65864,45591372.0,-0.08,-1.146131805157593
2017-09-20,15:00,sz002361,神剑股份,6.89,6.96,6.87,6.94,48364,33449042.0,0.04,0.5797101449275363
2017-09-21,15:00,sz002361,神剑股份,6.94,6.94,6.86,6.87,50095,34546312.0,-0.07,-1.0086455331412103
2017-09-22,15:00,sz002361,神剑股份,6.88,6.89,6.76,6.78,58410,39759716.0,-0.09,-1.310043668122271
2017-09-25,15:00,sz002361,神剑股份,6.83,6.89,6.79,6.8,49037,33516628.0,0.02,0.2949852507374631
2017-09-26,15:00,sz002361,神剑股份,6.83,6.83,6.76,6.79,38967,26453500.0,-0.01,-0.1470588235294117
2017-09-27,15:00,sz002361,神剑股份,6.85,6.85,6.79,6.82,35919,24475668.0,0.03,0.4418262150220913
2017-09-28,15:00,sz002361,神剑股份,6.53,6.71,6.53,6.58,144480,95312448.0,-0.24,-3.519061583577713
2017-09-29,15:00,sz002361,神剑股份,6.53,6.6,6.53,6.56,54151,35548520.0,-0.02,-0.303951367781155
2017-10-09,15:00,sz002361,神剑股份,6.59,6.71,6.57,6.63,62369,41450692.0,0.07,1.0670731707317074
2017-10-10,15:00,sz002361,神剑股份,6.65,6.68,6.58,6.68,54644,36231488.0,0.05,0.7541478129713424
2017-10-11,15:00,sz002361,神剑股份,6.7,6.73,6.64,6.7,51613,34526168.0,0.02,0.2994011976047904
2017-10-12,15:00,sz002361,神剑股份,6.71,6.77,6.64,6.74,59344,39886288.0,0.04,0.5970149253731344
2017-10-13,15:00,sz002361,神剑股份,6.75,6.76,6.71,6.73,34556,23250072.0,-0.01,-0.1483679525222552
2017-10-16,15:00,sz002361,神剑股份,6.73,6.75,6.59,6.6,48974,32562006.0,-0.13,-1.9316493313521543
2017-10-17,15:00,sz002361,神剑股份,6.62,6.66,6.58,6.6,26990,17826916.0,0.0,0.0
2017-10-18,15:00,sz002361,神剑股份,6.61,6.76,6.55,6.61,57362,38095172.0,0.01,0.1515151515151515
2017-10-19,15:00,sz002361,神剑股份,6.55,6.6,6.4,6.44,50320,32676776.0,-0.17,-2.5718608169440245
2017-10-20,15:00,sz002361,神剑股份,6.4,6.46,6.4,6.46,26921,17325530.0,0.02,0.3105590062111801
2017-10-23,15:00,sz002361,神剑股份,6.42,6.52,6.42,6.48,20551,13320199.0,0.02,0.3095975232198142
2017-10-24,15:00,sz002361,神剑股份,6.45,6.47,6.38,6.43,29514,18922346.0,-0.05,-0.7716049382716049
2017-10-25,15:00,sz002361,神剑股份,6.41,6.45,6.38,6.44,43074,27627704.0,0.01,0.1555209953343701
2017-10-26,15:00,sz002361,神剑股份,6.42,6.47,6.38,6.46,37872,24354680.0,0.02,0.3105590062111801
2017-10-27,15:00,sz002361,神剑股份,6.45,6.5,6.42,6.43,35481,22932350.0,-0.03,-0.4643962848297213
2017-10-30,15:00,sz002361,神剑股份,6.42,6.42,6.12,6.18,71623,44548052.0,-0.25,-3.888024883359253
2017-10-31,15:00,sz002361,神剑股份,6.18,6.21,6.15,6.19,30914,19103444.0,0.01,0.1618122977346278
2017-11-01,15:00,sz002361,神剑股份,6.18,6.22,6.15,6.2,23013,14251027.0,0.01,0.1615508885298869
2017-11-02,15:00,sz002361,神剑股份,6.19,6.19,6.11,6.11,39164,24035506.0,-0.09,-1.4516129032258065
2017-11-03,15:00,sz002361,神剑股份,6.12,6.15,6.01,6.04,32812,19943724.0,-0.07,-1.1456628477905073
2017-11-06,15:00,sz002361,神剑股份,6.0,6.06,5.99,6.04,29552,17787824.0,0.0,0.0
2017-11-07,15:00,sz002361,神剑股份,6.04,6.04,5.99,6.04,28442,17094396.0,0.0,0.0
2017-11-08,15:00,sz002361,神剑股份,6.03,6.16,6.01,6.11,43570,26496158.0,0.07,1.1589403973509933
2017-11-09,15:00,sz002361,神剑股份,6.11,6.23,6.08,6.2,41807,25673616.0,0.09,1.4729950900163666
2017-11-10,15:00,sz002361,神剑股份,6.18,6.35,6.13,6.26,56700,35679512.0,0.06,0.967741935483871
2017-11-13,15:00,sz002361,神剑股份,6.26,6.28,6.14,6.17,31268,19323744.0,-0.09,-1.437699680511182
2017-11-14,15:00,sz002361,神剑股份,6.17,6.21,6.1,6.12,29335,17992508.0,-0.05,-0.8103727714748784
2017-11-15,15:00,sz002361,神剑股份,6.08,6.2,6.06,6.13,29353,17999712.0,0.01,0.1633986928104575
2017-11-16,15:00,sz002361,神剑股份,6.17,6.18,6.08,6.08,26838,16418867.0,-0.05,-0.8156606851549755
2017-11-17,15:00,sz002361,神剑股份,6.09,6.1,5.86,5.88,61617,36765380.0,-0.2,-3.289473684210526
2017-11-20,15:00,sz002361,神剑股份,5.88,5.88,5.68,5.8,36329,20858340.0,-0.08,-1.3605442176870748
2017-11-21,15:00,sz002361,神剑股份,5.8,5.83,5.71,5.73,27639,15933550.0,-0.07,-1.206896551724138
2017-11-22,15:00,sz002361,神剑股份,5.73,5.85,5.7,5.81,39284,22655844.0,0.08,1.3961605584642234
2017-11-23,15:00,sz002361,神剑股份,5.8,5.88,5.67,5.68,40401,23184952.0,-0.13,-2.2375215146299485
2017-11-24,15:00,sz002361,神剑股份,5.65,5.68,5.59,5.63,25990,14638996.0,-0.05,-0.8802816901408451
2017-11-27,15:00,sz002361,神剑股份,5.63,6.19,5.58,5.97,132331,77847600.0,0.34,6.039076376554174
2017-11-28,15:00,sz002361,神剑股份,5.82,5.92,5.75,5.9,95635,55656092.0,-0.07,-1.1725293132328307
2017-11-29,15:00,sz002361,神剑股份,5.86,5.89,5.77,5.8,46818,27219688.0,-0.1,-1.694915254237288
2017-11-30,15:00,sz002361,神剑股份,5.75,5.81,5.72,5.75,28507,16433120.0,-0.05,-0.8620689655172413
2017-12-01,15:00,sz002361,神剑股份,5.72,5.82,5.71,5.78,23086,13322052.0,0.03,0.5217391304347827
2017-12-04,15:00,sz002361,神剑股份,5.78,5.8,5.67,5.68,24182,13887792.0,-0.1,-1.7301038062283738
2017-12-05,15:00,sz002361,神剑股份,5.7,5.88,5.68,5.7,60643,35049396.0,0.02,0.352112676056338
2017-12-06,15:00,sz002361,神剑股份,5.63,5.75,5.6,5.73,29308,16606034.0,0.03,0.5263157894736842
2017-12-07,15:00,sz002361,神剑股份,5.71,5.86,5.68,5.83,61918,36043856.0,0.1,1.7452006980802792
2017-12-08,15:00,sz002361,神剑股份,5.83,5.86,5.76,5.84,34957,20358532.0,0.01,0.1715265866209262
2017-12-11,15:00,sz002361,神剑股份,5.8,5.86,5.8,5.85,31382,18302156.0,0.01,0.1712328767123287
2017-12-12,15:00,sz002361,神剑股份,5.85,5.88,5.73,5.74,29241,16995666.0,-0.11,-1.8803418803418803
2017-12-13,15:00,sz002361,神剑股份,5.71,5.74,5.64,5.7,34424,19567072.0,-0.04,-0.6968641114982579
2017-12-14,15:00,sz002361,神剑股份,5.7,5.7,5.65,5.67,24040,13640611.0,-0.03,-0.5263157894736842
2017-12-15,15:00,sz002361,神剑股份,5.67,5.7,5.66,5.7,27373,15552672.0,0.03,0.5291005291005291
2017-12-18,15:00,sz002361,神剑股份,5.72,5.89,5.66,5.82,90073,52279256.0,0.12,2.1052631578947367
2017-12-19,15:00,sz002361,神剑股份,5.78,5.9,5.78,5.86,47732,27919106.0,0.04,0.6872852233676976
2017-12-20,15:00,sz002361,神剑股份,5.81,5.84,5.73,5.75,31106,18027774.0,-0.11,-1.877133105802048
2017-12-21,15:00,sz002361,神剑股份,5.74,5.82,5.71,5.79,28835,16666171.0,0.04,0.6956521739130435
2017-12-22,15:00,sz002361,神剑股份,5.78,5.78,5.71,5.72,22895,13122256.0,-0.07,-1.208981001727116
2017-12-25,15:00,sz002361,神剑股份,5.73,5.73,5.55,5.59,39844,22383966.0,-0.13,-2.272727272727273
2017-12-26,15:00,sz002361,神剑股份,5.59,5.71,5.55,5.71,29374,16538253.0,0.12,2.146690518783542
2017-12-27,15:00,sz002361,神剑股份,5.68,5.69,5.58,5.61,22406,12641470.0,-0.1,-1.7513134851138354
2017-12-28,15:00,sz002361,神剑股份,5.63,5.68,5.58,5.62,36702,20633612.0,0.01,0.17825311942959
2017-12-29,15:00,sz002361,神剑股份,5.62,5.65,5.59,5.63,20951,11776746.0,0.01,0.1779359430604982
2018-01-02,15:00,sz002361,神剑股份,5.64,5.71,5.63,5.68,36623,20797978.0,0.05,0.8880994671403196
2018-01-03,15:00,sz002361,神剑股份,5.71,5.76,5.66,5.76,42150,24111984.0,0.08,1.4084507042253522
2018-01-04,15:00,sz002361,神剑股份,5.76,5.88,5.7,5.73,47896,27721558.0,-0.03,-0.5208333333333333
2018-01-05,15:00,sz002361,神剑股份,5.72,5.76,5.68,5.75,37186,21267284.0,0.02,0.3490401396160558
2018-01-08,15:00,sz002361,神剑股份,5.74,5.77,5.65,5.69,44950,25582786.0,-0.06,-1.0434782608695654
2018-01-09,15:00,sz002361,神剑股份,5.67,5.7,5.63,5.66,32845,18600654.0,-0.03,-0.5272407732864675
2018-01-10,15:00,sz002361,神剑股份,5.65,5.66,5.57,5.6,39850,22323732.0,-0.06,-1.060070671378092
2018-01-11,15:00,sz002361,神剑股份,5.61,5.65,5.57,5.64,30530,17149514.0,0.04,0.7142857142857143
2018-01-12,15:00,sz002361,神剑股份,5.64,5.64,5.59,5.62,24512,13765336.0,-0.02,-0.3546099290780142
2018-01-15,15:00,sz002361,神剑股份,5.6,5.62,5.41,5.41,50701,27921840.0,-0.21,-3.7366548042704624
2018-01-16,15:00,sz002361,神剑股份,5.4,5.44,5.35,5.37,36623,19740712.0,-0.04,-0.7393715341959335
2018-01-17,15:00,sz002361,神剑股份,5.37,5.39,5.21,5.32,46807,24766398.0,-0.05,-0.931098696461825
2018-01-18,15:00,sz002361,神剑股份,5.32,5.36,5.26,5.34,18363,9788875.0,0.02,0.3759398496240601
2018-01-19,15:00,sz002361,神剑股份,5.37,5.6,5.36,5.41,50327,27575554.0,0.07,1.310861423220974
2018-01-22,15:00,sz002361,神剑股份,5.38,5.51,5.36,5.45,32751,17841350.0,0.04,0.7393715341959335
2018-01-23,15:00,sz002361,神剑股份,5.52,5.52,5.41,5.43,26087,14209352.0,-0.02,-0.3669724770642202
2018-01-24,15:00,sz002361,神剑股份,5.44,5.44,5.35,5.41,31897,17197456.0,-0.02,-0.3683241252302026
2018-01-25,15:00,sz002361,神剑股份,5.42,5.49,5.37,5.43,38410,20926962.0,0.02,0.3696857670979667
2018-01-26,15:00,sz002361,神剑股份,5.4,5.45,5.39,5.43,24261,13157790.0,0.0,0.0
2018-01-29,15:00,sz002361,神剑股份,5.44,5.44,5.31,5.33,30121,16175598.0,-0.1,-1.841620626151013
2018-01-30,15:00,sz002361,神剑股份,5.33,5.35,5.3,5.31,17445,9269863.0,-0.02,-0.3752345215759849
2018-01-31,15:00,sz002361,神剑股份,5.31,5.32,5.12,5.12,40417,21039032.0,-0.19,-3.5781544256120528
2018-02-01,15:00,sz002361,神剑股份,5.12,5.13,4.62,4.69,75207,36515824.0,-0.43,-8.3984375
2018-02-02,15:00,sz002361,神剑股份,4.76,4.76,4.49,4.64,40596,18734556.0,-0.05,-1.0660980810234542
2018-02-05,15:00,sz002361,神剑股份,4.59,4.62,4.52,4.58,23741,10853790.0,-0.06,-1.293103448275862
2018-02-06,15:00,sz002361,神剑股份,4.53,4.53,4.18,4.18,50807,22241744.0,-0.4,-8.73362445414847
2018-02-07,15:00,sz002361,神剑股份,4.28,4.32,4.13,4.22,42080,17803554.0,0.04,0.9569377990430622
2018-02-08,15:00,sz002361,神剑股份,4.18,4.35,4.18,4.32,30747,13215344.0,0.1,2.3696682464454977
2018-02-09,15:00,sz002361,神剑股份,4.23,4.29,4.17,4.24,42469,17919578.0,-0.08,-1.851851851851852
2018-02-12,15:00,sz002361,神剑股份,4.26,4.37,4.26,4.34,28069,12193878.0,0.1,2.358490566037736
2018-02-13,15:00,sz002361,神剑股份,4.39,4.44,4.34,4.39,34481,15149227.0,0.05,1.152073732718894
2018-02-14,15:00,sz002361,神剑股份,4.39,4.42,4.31,4.42,19756,8632689.0,0.03,0.683371298405467
2018-02-22,15:00,sz002361,神剑股份,4.46,4.51,4.42,4.48,28240,12605955.0,0.06,1.3574660633484164
2018-02-23,15:00,sz002361,神剑股份,4.48,4.7,4.45,4.49,48590,22195608.0,0.01,0.2232142857142857
2018-02-26,15:00,sz002361,神剑股份,4.48,4.65,4.48,4.6,49379,22637324.0,0.11,2.4498886414253898
2018-02-27,15:00,sz002361,神剑股份,4.6,4.72,4.56,4.64,49425,23026328.0,0.04,0.8695652173913043
2018-02-28,15:00,sz002361,神剑股份,4.66,4.73,4.57,4.68,40173,18763424.0,0.04,0.8620689655172413
2018-03-01,15:00,sz002361,神剑股份,4.62,4.73,4.61,4.72,41596,19509048.0,0.04,0.8547008547008548
2018-03-02,15:00,sz002361,神剑股份,4.67,4.77,4.67,4.76,46840,22174688.0,0.04,0.847457627118644
2018-03-05,15:00,sz002361,神剑股份,4.8,4.87,4.66,4.74,70803,33550650.0,-0.02,-0.4201680672268907
2018-03-06,15:00,sz002361,神剑股份,4.68,4.76,4.66,4.75,44021,20727068.0,0.01,0.210970464135021
2018-03-07,15:00,sz002361,神剑股份,4.74,4.78,4.66,4.67,33558,15791892.0,-0.08,-1.6842105263157894
2018-03-08,15:00,sz002361,神剑股份,4.71,4.73,4.66,4.71,21088,9918789.0,0.04,0.8565310492505354
2018-03-09,15:00,sz002361,神剑股份,4.73,4.9,4.69,4.85,74750,36004060.0,0.14,2.9723991507431
2018-03-12,15:00,sz002361,神剑股份,4.85,5.03,4.84,5.01,84333,41805812.0,0.16,3.2989690721649487
2018-03-13,15:00,sz002361,神剑股份,5.01,5.05,4.94,4.96,49487,24644924.0,-0.05,-0.998003992015968
2018-03-14,15:00,sz002361,神剑股份,4.94,4.97,4.85,4.85,45577,22343890.0,-0.11,-2.217741935483871
2018-03-15,15:00,sz002361,神剑股份,4.84,5.02,4.77,4.95,65540,32138708.0,0.1,2.061855670103093
2018-03-16,15:00,sz002361,神剑股份,4.93,4.99,4.86,4.87,44741,22054230.0,-0.08,-1.616161616161616
2018-03-19,15:00,sz002361,神剑股份,4.92,4.96,4.88,4.9,25158,12362503.0,0.03,0.6160164271047228
2018-03-20,15:00,sz002361,神剑股份,4.96,4.96,4.87,4.96,43497,21406884.0,0.06,1.2244897959183674
2018-03-21,15:00,sz002361,神剑股份,4.99,5.14,4.95,5.0,102484,51665108.0,0.04,0.8064516129032258
2018-03-22,15:00,sz002361,神剑股份,4.97,5.07,4.95,4.95,57233,28593188.0,-0.05,-1.0
2018-03-23,15:00,sz002361,神剑股份,4.8,4.85,4.51,4.7,90514,42404780.0,-0.25,-5.05050505050505
2018-03-26,15:00,sz002361,神剑股份,4.79,4.81,4.52,4.8,59205,27894190.0,0.1,2.127659574468085
2018-03-27,15:00,sz002361,神剑股份,5.0,5.28,4.9,5.28,159659,82894328.0,0.48,10.0
2018-03-28,15:00,sz002361,神剑股份,5.4,5.4,5.07,5.08,224766,117788552.0,-0.2,-3.787878787878788
2018-03-29,15:00,sz002361,神剑股份,5.0,5.13,4.96,5.06,109550,55070616.0,-0.02,-0.3937007874015747
2018-03-30,15:00,sz002361,神剑股份,5.05,5.18,5.02,5.08,85864,43741784.0,0.02,0.3952569169960474
2018-04-02,15:00,sz002361,神剑股份,5.04,5.11,5.04,5.06,55533,28143430.0,-0.02,-0.3937007874015747
2018-04-03,15:00,sz002361,神剑股份,5.0,5.07,4.91,4.96,53414,26619712.0,-0.1,-1.9762845849802373
2018-04-04,15:00,sz002361,神剑股份,4.97,5.06,4.95,4.96,45477,22785354.0,0.0,0.0
2018-04-09,15:00,sz002361,神剑股份,4.91,4.98,4.81,4.92,48735,23881440.0,-0.04,-0.8064516129032258
2018-04-10,15:00,sz002361,神剑股份,5.05,5.05,4.88,4.94,41678,20560414.0,0.02,0.4065040650406504
2018-04-11,15:00,sz002361,神剑股份,4.94,5.02,4.92,4.99,42019,20837262.0,0.05,1.0121457489878545
2018-04-12,15:00,sz002361,神剑股份,4.97,5.35,4.95,5.1,121110,62444612.0,0.11,2.2044088176352705
2018-04-13,15:00,sz002361,神剑股份,5.13,5.17,5.04,5.07,52979,26984740.0,-0.03,-0.5882352941176471
2018-04-16,15:00,sz002361,神剑股份,5.07,5.13,4.97,4.97,50676,25512074.0,-0.1,-1.9723865877712032
2018-04-17,15:00,sz002361,神剑股份,4.96,5.01,4.81,4.84,46328,22757380.0,-0.13,-2.61569416498994
2018-04-18,15:00,sz002361,神剑股份,4.85,4.93,4.73,4.92,41486,20059388.0,0.08,1.6528925619834711
2018-04-19,15:00,sz002361,神剑股份,4.9,4.99,4.86,4.92,32537,16048398.0,0.0,0.0
2018-04-20,15:00,sz002361,神剑股份,4.89,4.9,4.75,4.76,40787,19722656.0,-0.16,-3.252032520325204
2018-04-23,15:00,sz002361,神剑股份,4.75,4.81,4.58,4.67,33851,15925205.0,-0.09,-1.8907563025210083
2018-04-24,15:00,sz002361,神剑股份,4.68,4.77,4.67,4.75,21360,10096777.0,0.08,1.7130620985010707
2018-04-25,15:00,sz002361,神剑股份,4.69,4.78,4.67,4.75,20117,9529425.0,0.0,0.0
2018-04-26,15:00,sz002361,神剑股份,4.76,4.76,4.61,4.62,25569,11959011.0,-0.13,-2.736842105263158
2018-04-27,15:00,sz002361,神剑股份,4.56,4.7,4.56,4.62,25105,11616877.0,0.0,0.0
2018-05-02,15:00,sz002361,神剑股份,4.61,4.65,4.55,4.57,20754,9522083.0,-0.05,-1.0822510822510822
2018-05-03,15:00,sz002361,神剑股份,4.58,4.61,4.48,4.59,19280,8766077.0,0.02,0.437636761487965
2018-05-04,15:00,sz002361,神剑股份,4.59,4.64,4.56,4.61,18711,8623204.0,0.02,0.4357298474945534
2018-05-07,15:00,sz002361,神剑股份,4.61,4.7,4.6,4.66,19104,8921156.0,0.05,1.084598698481562
2018-05-08,15:00,sz002361,神剑股份,4.67,4.77,4.67,4.73,37638,17820076.0,0.07,1.502145922746781
2018-05-09,15:00,sz002361,神剑股份,4.71,4.75,4.66,4.7,28889,13554040.0,-0.03,-0.6342494714587738
2018-05-10,15:00,sz002361,神剑股份,4.7,4.72,4.66,4.7,30417,14242220.0,0.0,0.0
2018-05-11,15:00,sz002361,神剑股份,4.72,4.72,4.64,4.67,25947,12090037.0,-0.03,-0.6382978723404255
2018-05-14,15:00,sz002361,神剑股份,4.67,4.7,4.62,4.64,15977,7442632.5,-0.03,-0.6423982869379015
2018-05-15,15:00,sz002361,神剑股份,4.64,4.7,4.61,4.68,18987,8853499.0,0.04,0.8620689655172413
2018-05-16,15:00,sz002361,神剑股份,4.66,4.7,4.65,4.65,19195,8966685.0,-0.03,-0.641025641025641
2018-05-17,15:00,sz002361,神剑股份,4.64,4.67,4.62,4.63,17295,8025800.0,-0.02,-0.4301075268817204
2018-05-18,15:00,sz002361,神剑股份,4.63,4.72,4.62,4.7,24475,11464722.0,0.07,1.511879049676026
2018-05-21,15:00,sz002361,神剑股份,4.71,4.75,4.67,4.74,31982,15068874.0,0.04,0.851063829787234
2018-05-22,15:00,sz002361,神剑股份,4.75,4.88,4.7,4.8,39263,18777366.0,0.06,1.2658227848101269
2018-05-23,15:00,sz002361,神剑股份,4.81,4.86,4.73,4.74,32541,15569966.0,-0.06,-1.25
2018-05-24,15:00,sz002361,神剑股份,4.71,4.8,4.7,4.7,30105,14226885.0,-0.04,-0.8438818565400843
2018-05-25,15:00,sz002361,神剑股份,4.7,4.76,4.62,4.64,24385,11373979.0,-0.06,-1.276595744680851
2018-05-28,15:00,sz002361,神剑股份,4.63,4.68,4.57,4.58,24596,11338049.0,-0.06,-1.293103448275862
2018-05-29,15:00,sz002361,神剑股份,4.56,4.63,4.54,4.54,17879,8184227.0,-0.04,-0.8733624454148471
2018-05-30,15:00,sz002361,神剑股份,4.53,4.53,4.26,4.3,42806,18694306.0,-0.24,-5.286343612334802
2018-05-31,15:00,sz002361,神剑股份,4.7,4.7,4.38,4.38,60171,27199746.0,0.08,1.8604651162790695
2018-06-01,15:00,sz002361,神剑股份,4.3,4.44,4.3,4.35,30467,13307891.0,-0.03,-0.684931506849315
2018-06-04,15:00,sz002361,神剑股份,4.37,4.41,4.28,4.28,24908,10764086.0,-0.07,-1.6091954022988506
2018-06-05,15:00,sz002361,神剑股份,4.31,4.42,4.29,4.37,24990,10884654.0,0.09,2.102803738317757
2018-06-06,15:00,sz002361,神剑股份,4.39,4.4,4.34,4.37,15912,6949968.5,0.0,0.0
2018-06-07,15:00,sz002361,神剑股份,4.37,4.38,4.3,4.33,17759,7694456.0,-0.04,-0.9153318077803204
2018-06-08,15:00,sz002361,神剑股份,4.34,4.34,4.21,4.25,20661,8814170.0,-0.08,-1.8475750577367205
2018-06-11,15:00,sz002361,神剑股份,4.23,4.25,4.13,4.23,15215,6417497.0,-0.02,-0.4705882352941176
2018-06-12,15:00,sz002361,神剑股份,4.23,4.27,4.17,4.25,14922,6311426.5,0.02,0.4728132387706856
2018-06-13,15:00,sz002361,神剑股份,4.24,4.25,4.17,4.2,14700,6182317.0,-0.05,-1.1764705882352942
2018-06-14,15:00,sz002361,神剑股份,4.2,4.28,4.18,4.19,21926,9253942.0,-0.01,-0.2380952380952381
2018-06-15,15:00,sz002361,神剑股份,4.2,4.26,4.12,4.16,23533,9804508.0,-0.03,-0.7159904534606205
2018-06-19,15:00,sz002361,神剑股份,4.17,4.22,3.8,3.91,64369,25962080.0,-0.25,-6.009615384615385
2018-06-20,15:00,sz002361,神剑股份,3.93,4.02,3.86,3.97,41848,16547386.0,0.06,1.5345268542199488
2018-06-21,15:00,sz002361,神剑股份,3.96,4.06,3.9,3.9,29565,11735617.0,-0.07,-1.7632241813602016
2018-06-22,15:00,sz002361,神剑股份,3.91,3.95,3.84,3.94,22199,8710743.0,0.04,1.0256410256410255
2018-06-25,15:00,sz002361,神剑股份,3.97,4.02,3.93,3.95,21222,8394372.0,0.01,0.2538071065989847
2018-06-26,15:00,sz002361,神剑股份,3.9,4.02,3.82,3.98,24970,9900251.0,0.03,0.7594936708860759
2018-06-27,15:00,sz002361,神剑股份,3.99,4.05,3.99,4.01,24851,9990504.0,0.03,0.7537688442211055
2018-06-28,15:00,sz002361,神剑股份,4.01,4.05,3.99,4.0,20333,8183761.0,-0.01,-0.2493765586034912
2018-06-29,15:00,sz002361,神剑股份,4.01,4.14,4.0,4.11,31014,12673783.0,0.11,2.75
2018-07-02,15:00,sz002361,神剑股份,4.12,4.18,4.07,4.11,29061,12006225.0,0.0,0.0
2018-07-03,15:00,sz002361,神剑股份,4.1,4.2,4.09,4.16,19937,8262021.5,0.05,1.2165450121654502
2018-07-04,15:00,sz002361,神剑股份,4.16,4.16,4.02,4.04,22146,9036170.0,-0.12,-2.8846153846153846
2018-07-05,15:00,sz002361,神剑股份,4.03,4.09,3.93,3.94,18470,7405435.5,-0.1,-2.4752475247524752
2018-07-06,15:00,sz002361,神剑股份,3.94,4.0,3.83,3.96,22046,8668940.0,0.02,0.5076142131979695
2018-07-09,15:00,sz002361,神剑股份,3.96,4.03,3.96,4.02,18208,7296979.0,0.06,1.5151515151515151
2018-07-10,15:00,sz002361,神剑股份,4.04,4.14,4.01,4.13,33619,13727218.0,0.11,2.736318407960199
2018-07-11,15:00,sz002361,神剑股份,4.35,4.4,4.04,4.14,69907,29392932.0,0.01,0.2421307506053268
2018-07-12,15:00,sz002361,神剑股份,4.06,4.17,4.05,4.13,49011,20218990.0,-0.01,-0.2415458937198067
2018-07-13,15:00,sz002361,神剑股份,4.15,4.16,4.07,4.1,22812,9381835.0,-0.03,-0.7263922518159807
2018-07-16,15:00,sz002361,神剑股份,4.1,4.1,4.05,4.1,16221,6614471.0,0.0,0.0
2018-07-17,15:00,sz002361,神剑股份,4.08,4.14,4.02,4.11,27924,11407238.0,0.01,0.2439024390243902
2018-07-18,15:00,sz002361,神剑股份,4.12,4.29,4.09,4.15,65983,27486936.0,0.04,0.97323600973236
2018-07-19,15:00,sz002361,神剑股份,4.13,4.16,4.08,4.09,28152,11556658.0,-0.06,-1.4457831325301205
2018-07-20,15:00,sz002361,神剑股份,4.08,4.18,4.06,4.14,22905,9464113.0,0.05,1.2224938875305624
2018-07-23,15:00,sz002361,神剑股份,4.11,4.26,4.1,4.26,47067,19759446.0,0.12,2.898550724637681
2018-07-24,15:00,sz002361,神剑股份,4.33,4.34,4.26,4.27,81288,34911432.0,0.01,0.2347417840375587
2018-07-25,15:00,sz002361,神剑股份,4.24,4.26,4.17,4.22,35572,15011176.0,-0.05,-1.1709601873536302
2018-07-26,15:00,sz002361,神剑股份,4.22,4.32,4.21,4.26,44298,18925634.0,0.04,0.9478672985781992
2018-07-27,15:00,sz002361,神剑股份,4.23,4.27,4.2,4.22,28946,12252201.0,-0.04,-0.9389671361502347
2018-07-30,15:00,sz002361,神剑股份,4.22,4.26,4.17,4.18,30727,12959907.0,-0.04,-0.9478672985781992
2018-07-31,15:00,sz002361,神剑股份,4.16,4.22,4.16,4.22,17930,7522092.5,0.04,0.9569377990430622
2018-08-01,15:00,sz002361,神剑股份,4.22,4.25,4.12,4.14,26638,11136268.0,-0.08,-1.895734597156398
2018-08-02,15:00,sz002361,神剑股份,4.09,4.19,3.97,4.11,47662,19328030.0,-0.03,-0.7246376811594203
2018-08-03,15:00,sz002361,神剑股份,4.17,4.24,4.04,4.08,54225,22519574.0,-0.03,-0.7299270072992701
2018-08-06,15:00,sz002361,神剑股份,4.04,4.12,3.97,4.01,35440,14298617.0,-0.07,-1.715686274509804
2018-08-07,15:00,sz002361,神剑股份,4.01,4.1,3.98,4.09,21559,8726689.0,0.08,1.99501246882793
2018-08-08,15:00,sz002361,神剑股份,4.06,4.1,4.04,4.09,22792,9271580.0,0.0,0.0
2018-08-09,15:00,sz002361,神剑股份,4.1,4.22,4.07,4.2,51945,21644454.0,0.11,2.689486552567237
2018-08-10,15:00,sz002361,神剑股份,4.16,4.2,4.1,4.2,36607,15215164.0,0.0,0.0
2018-08-13,15:00,sz002361,神剑股份,4.26,4.35,4.2,4.26,95543,40753348.0,0.06,1.4285714285714286
2018-08-14,15:00,sz002361,神剑股份,4.22,4.27,4.16,4.21,65940,27660048.0,-0.05,-1.1737089201877933
2018-08-15,15:00,sz002361,神剑股份,4.2,4.22,4.07,4.1,36910,15244996.0,-0.11,-2.6128266033254155
2018-08-16,15:00,sz002361,神剑股份,4.06,4.11,4.02,4.05,21455,8723527.0,-0.05,-1.2195121951219512
2018-08-17,15:00,sz002361,神剑股份,4.08,4.12,3.99,4.01,19516,7879143.0,-0.04,-0.9876543209876544
2018-08-20,15:00,sz002361,神剑股份,4.01,4.03,3.97,4.03,17502,6998888.0,0.02,0.4987531172069825
2018-08-21,15:00,sz002361,神剑股份,4.01,4.06,4.0,4.04,14160,5713742.0,0.01,0.2481389578163771
2018-08-22,15:00,sz002361,神剑股份,4.03,4.04,4.0,4.0,12448,4992956.0,-0.04,-0.99009900990099
2018-08-23,15:00,sz002361,神剑股份,4.0,4.06,3.98,4.04,17567,7060711.0,0.04,1.0
2018-08-24,15:00,sz002361,神剑股份,4.01,4.04,4.0,4.01,8218,3302353.0,-0.03,-0.7425742574257426
2018-08-27,15:00,sz002361,神剑股份,4.03,4.05,4.01,4.05,17266,6974256.0,0.04,0.997506234413965
2018-08-28,15:00,sz002361,神剑股份,4.05,4.08,4.02,4.04,12828,5186545.0,-0.01,-0.2469135802469135
2018-08-29,15:00,sz002361,神剑股份,4.04,4.08,4.0,4.06,27320,11068321.0,0.02,0.495049504950495
2018-08-30,15:00,sz002361,神剑股份,4.06,4.07,4.01,4.01,19343,7811521.0,-0.05,-1.2315270935960592
2018-08-31,15:00,sz002361,神剑股份,4.01,4.04,3.98,3.99,11005,4399341.5,-0.02,-0.4987531172069825
2018-09-03,15:00,sz002361,神剑股份,3.99,4.02,3.9,4.0,18820,7453395.0,0.01,0.2506265664160401
2018-09-04,15:00,sz002361,神剑股份,4.01,4.11,3.98,4.11,45588,18575372.0,0.11,2.75
2018-09-05,15:00,sz002361,神剑股份,4.11,4.11,4.05,4.07,30609,12466222.0,-0.04,-0.97323600973236
2018-09-06,15:00,sz002361,神剑股份,4.07,4.08,4.02,4.05,26810,10848200.0,-0.02,-0.4914004914004914
2018-09-07,15:00,sz002361,神剑股份,4.04,4.08,4.03,4.07,21110,8560859.0,0.02,0.4938271604938271
2018-09-10,15:00,sz002361,神剑股份,4.06,4.06,3.99,3.99,19210,7714802.0,-0.08,-1.9656019656019657
2018-09-11,15:00,sz002361,神剑股份,3.98,4.05,3.96,4.02,17146,6872243.0,0.03,0.7518796992481203
2018-09-12,15:00,sz002361,神剑股份,4.03,4.07,4.01,4.05,16150,6527745.0,0.03,0.7462686567164178
2018-09-13,15:00,sz002361,神剑股份,4.04,4.13,4.01,4.08,28218,11491458.0,0.03,0.7407407407407408
2018-09-14,15:00,sz002361,神剑股份,4.08,4.09,4.04,4.04,19378,7866388.0,-0.04,-0.9803921568627452
2018-09-17,15:00,sz002361,神剑股份,4.03,4.07,3.98,4.02,22330,8960700.0,-0.02,-0.495049504950495
2018-09-18,15:00,sz002361,神剑股份,4.0,4.06,3.98,4.06,21404,8627195.0,0.04,0.9950248756218906
2018-09-19,15:00,sz002361,神剑股份,4.05,4.08,4.03,4.06,19331,7850419.0,0.0,0.0
2018-09-20,15:00,sz002361,神剑股份,4.06,4.06,4.03,4.03,13507,5457239.0,-0.03,-0.7389162561576355
2018-09-21,15:00,sz002361,神剑股份,4.03,4.06,4.02,4.06,13478,5453851.0,0.03,0.7444168734491315
2018-09-25,15:00,sz002361,神剑股份,4.06,4.06,4.03,4.04,14543,5872489.0,-0.02,-0.4926108374384236
2018-09-26,15:00,sz002361,神剑股份,4.03,4.06,4.02,4.03,14324,5791444.0,-0.01,-0.2475247524752475
2018-09-27,15:00,sz002361,神剑股份,4.02,4.04,3.98,3.98,31790,12722382.0,-0.05,-1.240694789081886
2018-09-28,15:00,sz002361,神剑股份,3.98,4.01,3.96,4.0,12168,4849791.0,0.02,0.5025125628140703
2018-10-08,15:00,sz002361,神剑股份,3.98,3.98,3.87,3.88,16721,6564503.0,-0.12,-3.0
2018-10-09,15:00,sz002361,神剑股份,3.87,3.9,3.86,3.89,11538,4471876.0,0.01,0.2577319587628865
2018-10-10,15:00,sz002361,神剑股份,3.88,3.91,3.84,3.85,11936,4614924.0,-0.04,-1.0282776349614395
2018-10-11,15:00,sz002361,神剑股份,3.76,3.76,3.47,3.47,41583,14886706.0,-0.38,-9.87012987012987
2018-10-12,15:00,sz002361,神剑股份,3.48,3.58,3.25,3.58,29939,10166161.0,0.11,3.170028818443804
2018-10-15,15:00,sz002361,神剑股份,3.56,3.56,3.42,3.48,11705,4092662.25,-0.1,-2.793296089385475
2018-10-16,15:00,sz002361,神剑股份,3.49,3.55,3.38,3.45,19064,6571196.0,-0.03,-0.8620689655172413
2018-10-17,15:00,sz002361,神剑股份,3.47,3.53,3.41,3.46,14450,4991066.0,0.01,0.2898550724637681
2018-10-18,15:00,sz002361,神剑股份,3.43,3.45,3.33,3.4,16959,5735291.0,-0.06,-1.7341040462427744
2018-10-19,15:00,sz002361,神剑股份,3.37,3.46,3.32,3.42,15589,5296859.0,0.02,0.5882352941176471
2018-10-22,15:00,sz002361,神剑股份,3.4,3.75,3.4,3.63,64623,23301428.0,0.21,6.140350877192982
2018-10-23,15:00,sz002361,神剑股份,3.61,3.83,3.61,3.69,57281,21322166.0,0.06,1.6528925619834711
2018-10-24,15:00,sz002361,神剑股份,3.66,3.71,3.64,3.67,11636,4268602.0,-0.02,-0.5420054200542005
2018-10-25,15:00,sz002361,神剑股份,3.55,3.65,3.53,3.62,16393,5882996.0,-0.05,-1.3623978201634876
2018-10-26,15:00,sz002361,神剑股份,3.63,3.71,3.63,3.66,11445,4191372.0,0.04,1.1049723756906076
2018-10-29,15:00,sz002361,神剑股份,3.63,3.7,3.63,3.63,14318,5244880.0,-0.03,-0.819672131147541
2018-10-30,15:00,sz002361,神剑股份,3.62,3.7,3.61,3.69,12767,4693598.0,0.06,1.6528925619834711
2018-10-31,15:00,sz002361,神剑股份,3.73,3.74,3.68,3.71,12660,4692858.0,0.02,0.5420054200542005
2018-11-01,15:00,sz002361,神剑股份,3.71,3.75,3.68,3.69,13786,5120876.0,-0.02,-0.5390835579514826
2018-11-02,15:00,sz002361,神剑股份,3.7,3.77,3.7,3.75,18802,7025364.5,0.06,1.6260162601626018
2018-11-05,15:00,sz002361,神剑股份,3.77,3.9,3.72,3.88,43253,16536676.0,0.13,3.4666666666666663
2018-11-06,15:00,sz002361,神剑股份,3.95,3.96,3.8,3.9,60277,23494284.0,0.02,0.5154639175257731
2018-11-07,15:00,sz002361,神剑股份,3.88,3.89,3.82,3.82,25345,9771274.0,-0.08,-2.051282051282051
2018-11-08,15:00,sz002361,神剑股份,3.84,3.89,3.82,3.82,22890,8801246.0,0.0,0.0
2018-11-09,15:00,sz002361,神剑股份,3.84,3.85,3.79,3.79,13740,5241790.0,-0.03,-0.7853403141361256
2018-11-12,15:00,sz002361,神剑股份,3.79,3.88,3.79,3.86,20390,7841020.5,0.07,1.8469656992084436
2018-11-13,15:00,sz002361,神剑股份,3.83,3.96,3.83,3.94,44866,17566036.0,0.08,2.072538860103627
2018-11-14,15:00,sz002361,神剑股份,3.92,3.98,3.89,3.9,28946,11381989.0,-0.04,-1.015228426395939
2018-11-15,15:00,sz002361,神剑股份,3.9,3.96,3.87,3.94,22304,8759626.0,0.04,1.0256410256410255
2018-11-16,15:00,sz002361,神剑股份,3.96,3.97,3.91,3.95,27400,10807371.0,0.01,0.2538071065989847
2018-11-19,15:00,sz002361,神剑股份,3.92,3.98,3.92,3.97,24707,9746815.0,0.02,0.5063291139240507
2018-11-20,15:00,sz002361,神剑股份,3.92,4.02,3.88,3.88,30201,11926487.0,-0.09,-2.267002518891688
2018-11-21,15:00,sz002361,神剑股份,3.89,3.93,3.86,3.91,19168,7472970.0,0.03,0.7731958762886598
2018-11-22,15:00,sz002361,神剑股份,3.9,3.97,3.9,3.96,26528,10469156.0,0.05,1.278772378516624
2018-11-23,15:00,sz002361,神剑股份,3.93,3.96,3.78,3.8,44090,16986268.0,-0.16,-4.040404040404041
2018-11-26,15:00,sz002361,神剑股份,3.8,3.85,3.72,3.73,17331,6550737.0,-0.07,-1.8421052631578945
2018-11-27,15:00,sz002361,神剑股份,3.77,3.82,3.76,3.77,11607,4390840.0,0.04,1.0723860589812333
2018-11-28,15:00,sz002361,神剑股份,3.78,4.04,3.78,4.04,79317,31286330.0,0.27,7.161803713527852
2018-11-29,15:00,sz002361,神剑股份,3.99,4.11,3.88,3.89,71851,28579630.0,-0.15,-3.7128712871287126
2018-11-30,15:00,sz002361,神剑股份,3.88,3.89,3.79,3.86,32949,12624436.0,-0.03,-0.7712082262210797
2018-12-03,15:00,sz002361,神剑股份,3.92,3.97,3.87,3.94,36566,14378216.0,0.08,2.072538860103627
2018-12-04,15:00,sz002361,神剑股份,3.95,3.95,3.89,3.92,30369,11876881.0,-0.02,-0.5076142131979695
2018-12-05,15:00,sz002361,神剑股份,3.85,3.91,3.82,3.88,25984,10055094.0,-0.04,-1.020408163265306
2018-12-06,15:00,sz002361,神剑股份,3.89,3.9,3.82,3.83,18081,6962463.0,-0.05,-1.2886597938144329
2018-12-07,15:00,sz002361,神剑股份,3.85,3.87,3.82,3.82,10550,4049864.0,-0.01,-0.2610966057441253
2018-12-10,15:00,sz002361,神剑股份,3.8,3.82,3.73,3.76,26949,10124762.0,-0.06,-1.5706806282722512
2018-12-11,15:00,sz002361,神剑股份,3.77,3.79,3.7,3.74,29096,10874761.0,-0.02,-0.5319148936170213
2018-12-12,15:00,sz002361,神剑股份,3.74,3.77,3.73,3.75,16101,6034900.0,0.01,0.267379679144385
2018-12-13,15:00,sz002361,神剑股份,3.75,3.79,3.71,3.75,18176,6845196.0,0.0,0.0
2018-12-14,15:00,sz002361,神剑股份,3.75,3.78,3.68,3.72,31514,11758435.0,-0.03,-0.8
2018-12-17,15:00,sz002361,神剑股份,3.68,3.81,3.68,3.8,30014,11280109.0,0.08,2.1505376344086025
2018-12-18,15:00,sz002361,神剑股份,3.8,3.81,3.73,3.78,15710,5943306.0,-0.02,-0.5263157894736842
2018-12-19,15:00,sz002361,神剑股份,3.8,3.8,3.74,3.74,16005,6049621.0,-0.04,-1.058201058201058
2018-12-20,15:00,sz002361,神剑股份,3.74,3.79,3.71,3.73,11653,4372896.0,-0.01,-0.267379679144385
2018-12-21,15:00,sz002361,神剑股份,3.72,3.76,3.7,3.74,26725,9993375.0,0.01,0.2680965147453083
2018-12-24,15:00,sz002361,神剑股份,3.73,3.79,3.72,3.75,11446,4287632.0,0.01,0.267379679144385
2018-12-25,15:00,sz002361,神剑股份,3.75,3.75,3.63,3.7,21840,8080311.0,-0.05,-1.3333333333333337
2018-12-26,15:00,sz002361,神剑股份,3.7,3.74,3.69,3.69,6547,2425698.0,-0.01,-0.2702702702702703
2018-12-27,15:00,sz002361,神剑股份,3.71,3.73,3.6,3.62,22719,8341459.0,-0.07,-1.8970189701897016
2018-12-28,15:00,sz002361,神剑股份,3.63,3.66,3.63,3.64,7880,2874839.0,0.02,0.5524861878453038
2019-01-02,15:00,sz002361,神剑股份,3.66,3.67,3.61,3.65,12158,4432473.0,0.01,0.2747252747252747
2019-01-03,15:00,sz002361,神剑股份,3.66,3.76,3.65,3.68,14093,5230419.0,0.03,0.821917808219178
2019-01-04,15:00,sz002361,神剑股份,3.64,3.79,3.63,3.78,22610,8444184.0,0.1,2.717391304347826
2019-01-07,15:00,sz002361,神剑股份,3.8,4.16,3.8,4.16,257366,106071120.0,0.38,10.052910052910052
2019-01-08,15:00,sz002361,神剑股份,4.3,4.58,4.23,4.58,281231,126190072.0,0.42,10.096153846153848
2019-01-09,15:00,sz002361,神剑股份,5.04,5.04,5.04,5.04,220607,111186208.0,0.46,10.04366812227074
2019-01-10,15:00,sz002361,神剑股份,4.99,4.99,4.54,4.54,726723,345530624.0,-0.5,-9.92063492063492
2019-01-11,15:00,sz002361,神剑股份,4.33,4.45,4.2,4.32,433248,186508736.0,-0.22,-4.845814977973569
2019-01-14,15:00,sz002361,神剑股份,4.3,4.3,4.17,4.27,236492,100101248.0,-0.05,-1.1574074074074074
2019-01-15,15:00,sz002361,神剑股份,4.22,4.35,4.21,4.29,238772,102250664.0,0.02,0.468384074941452
2019-01-16,15:00,sz002361,神剑股份,4.29,4.29,4.12,4.14,199653,83767392.0,-0.15,-3.4965034965034967
2019-01-17,15:00,sz002361,神剑股份,4.12,4.15,4.04,4.15,139487,57093596.0,0.01,0.2415458937198067
2019-01-18,15:00,sz002361,神剑股份,4.11,4.19,4.07,4.11,109181,44891228.0,-0.04,-0.9638554216867472
2019-01-21,15:00,sz002361,神剑股份,4.12,4.18,4.08,4.11,95511,39332632.0,0.0,0.0
2019-01-22,15:00,sz002361,神剑股份,4.11,4.13,4.06,4.09,75119,30742428.0,-0.02,-0.48661800486618
2019-01-23,15:00,sz002361,神剑股份,4.05,4.1,4.0,4.05,108696,43871340.0,-0.04,-0.9779951100244498
2019-01-24,15:00,sz002361,神剑股份,4.05,4.08,4.0,4.06,92541,37439712.0,0.01,0.2469135802469135
2019-01-25,15:00,sz002361,神剑股份,4.04,4.05,3.94,3.95,87616,35039012.0,-0.11,-2.70935960591133
2019-01-28,15:00,sz002361,神剑股份,3.96,4.0,3.91,3.93,47893,18952242.0,-0.02,-0.5063291139240507
2019-01-29,15:00,sz002361,神剑股份,3.91,3.95,3.76,3.83,66522,25563020.0,-0.1,-2.5445292620865136
2019-01-30,15:00,sz002361,神剑股份,3.76,3.82,3.73,3.74,56380,21264488.0,-0.09,-2.349869451697128
2019-01-31,15:00,sz002361,神剑股份,3.73,3.76,3.61,3.64,59720,22020392.0,-0.1,-2.6737967914438503
2019-02-01,15:00,sz002361,神剑股份,3.67,3.76,3.67,3.75,41946,15659639.0,0.11,3.021978021978022
2019-02-11,15:00,sz002361,神剑股份,3.77,3.83,3.76,3.83,44191,16847974.0,0.08,2.1333333333333333
2019-02-12,15:00,sz002361,神剑股份,3.84,3.89,3.82,3.87,56273,21725242.0,0.04,1.0443864229765014
2019-02-13,15:00,sz002361,神剑股份,3.88,3.93,3.83,3.92,95333,37030768.0,0.05,1.2919896640826871
2019-02-14,15:00,sz002361,神剑股份,3.94,3.95,3.88,3.93,88722,34726404.0,0.01,0.2551020408163265
2019-02-15,15:00,sz002361,神剑股份,3.93,4.06,3.91,4.01,117524,46996648.0,0.08,2.035623409669211
2019-02-18,15:00,sz002361,神剑股份,4.01,4.13,4.0,4.13,109024,44369460.0,0.12,2.9925187032418954
2019-02-19,15:00,sz002361,神剑股份,4.14,4.15,4.03,4.11,129012,52721340.0,-0.02,-0.4842615012106537
2019-02-20,15:00,sz002361,神剑股份,4.09,4.15,4.06,4.12,97754,40122452.0,0.01,0.24330900243309
2019-02-21,15:00,sz002361,神剑股份,4.12,4.16,4.02,4.04,141852,58393344.0,-0.08,-1.9417475728155336
2019-02-22,15:00,sz002361,神剑股份,4.05,4.13,4.0,4.12,110007,44940612.0,0.08,1.98019801980198
2019-02-25,15:00,sz002361,神剑股份,4.17,4.36,4.13,4.31,236713,100306200.0,0.19,4.611650485436893
2019-02-26,15:00,sz002361,神剑股份,4.31,4.34,4.22,4.25,172113,73643592.0,-0.06,-1.3921113689095126
2019-02-27,15:00,sz002361,神剑股份,4.26,4.48,4.24,4.33,211528,92241456.0,0.08,1.8823529411764703
2019-02-28,15:00,sz002361,神剑股份,4.33,4.58,4.28,4.46,238500,105835936.0,0.13,3.0023094688221708
2019-03-01,15:00,sz002361,神剑股份,4.4,4.41,4.28,4.36,174521,75665032.0,-0.1,-2.242152466367713
2019-03-04,15:00,sz002361,神剑股份,4.37,4.45,4.32,4.39,232069,101737600.0,0.03,0.6880733944954129
2019-03-05,15:00,sz002361,神剑股份,4.32,4.49,4.32,4.48,189858,83859064.0,0.09,2.050113895216401
2019-03-06,15:00,sz002361,神剑股份,4.48,4.63,4.45,4.55,216464,98096224.0,0.07,1.5625
2019-03-07,15:00,sz002361,神剑股份,4.49,4.79,4.49,4.65,245009,114115744.0,0.1,2.197802197802198
2019-03-08,15:00,sz002361,神剑股份,4.58,4.64,4.44,4.44,204363,92265376.0,-0.21,-4.516129032258064
2019-03-11,15:00,sz002361,神剑股份,4.45,4.63,4.45,4.63,142738,64913936.0,0.19,4.27927927927928
2019-03-12,15:00,sz002361,神剑股份,4.67,4.76,4.61,4.7,188021,88149688.0,0.07,1.511879049676026
2019-03-13,15:00,sz002361,神剑股份,4.73,4.84,4.58,4.58,214424,101106416.0,-0.12,-2.553191489361702
2019-03-14,15:00,sz002361,神剑股份,4.56,4.62,4.39,4.43,155585,69628080.0,-0.15,-3.2751091703056767
2019-03-15,15:00,sz002361,神剑股份,4.5,4.58,4.45,4.53,110616,50054180.0,0.1,2.2573363431151243
2019-03-18,15:00,sz002361,神剑股份,4.52,4.6,4.5,4.6,89699,40870832.0,0.07,1.545253863134658
2019-03-19,15:00,sz002361,神剑股份,4.59,4.64,4.54,4.61,82954,38003444.0,0.01,0.217391304347826
2019-03-20,15:00,sz002361,神剑股份,4.6,4.6,4.48,4.58,101291,45975836.0,-0.03,-0.6507592190889371
2019-03-21,15:00,sz002361,神剑股份,4.58,4.67,4.55,4.64,135052,62481012.0,0.06,1.310043668122271
2019-03-22,15:00,sz002361,神剑股份,4.63,4.75,4.58,4.72,139495,65348360.0,0.08,1.7241379310344829
2019-03-25,15:00,sz002361,神剑股份,4.6,5.08,4.59,4.8,275939,134614880.0,0.08,1.694915254237288
2019-03-26,15:00,sz002361,神剑股份,4.76,4.85,4.5,4.52,173612,80386160.0,-0.28,-5.833333333333333
2019-03-27,15:00,sz002361,神剑股份,4.52,4.56,4.36,4.49,102959,45821008.0,-0.03,-0.6637168141592921
2019-03-28,15:00,sz002361,神剑股份,4.49,4.55,4.38,4.39,83175,37207184.0,-0.1,-2.2271714922049
2019-03-29,15:00,sz002361,神剑股份,4.37,4.52,4.37,4.51,74354,33098534.0,0.12,2.733485193621868
2019-04-01,15:00,sz002361,神剑股份,4.56,4.87,4.54,4.75,176348,82950704.0,0.24,5.321507760532151
2019-04-02,15:00,sz002361,神剑股份,4.8,5.08,4.7,4.99,335160,164905568.0,0.24,5.052631578947368
2019-04-03,15:00,sz002361,神剑股份,4.95,4.97,4.84,4.93,197471,96589720.0,-0.06,-1.2024048096192386
2019-04-04,15:00,sz002361,神剑股份,4.95,5.09,4.88,4.93,217448,107897216.0,0.0,0.0
2019-04-08,15:00,sz002361,神剑股份,5.3,5.38,4.94,5.05,310597,159333360.0,0.12,2.434077079107505
2019-04-09,15:00,sz002361,神剑股份,4.99,5.04,4.87,4.92,151289,74313160.0,-0.13,-2.5742574257425743
2019-04-10,15:00,sz002361,神剑股份,4.88,4.94,4.83,4.88,102232,49931772.0,-0.04,-0.8130081300813009
2019-04-11,15:00,sz002361,神剑股份,4.92,4.98,4.81,4.83,105481,51650376.0,-0.05,-1.024590163934426
2019-04-12,15:00,sz002361,神剑股份,4.77,4.83,4.72,4.8,87408,41785484.0,-0.03,-0.6211180124223602
2019-04-15,15:00,sz002361,神剑股份,4.85,4.9,4.74,4.76,73012,35310456.0,-0.04,-0.8333333333333334
2019-04-16,15:00,sz002361,神剑股份,4.77,4.85,4.7,4.85,73351,34932880.0,0.09,1.8907563025210083
2019-04-17,15:00,sz002361,神剑股份,4.84,4.91,4.81,4.88,84303,41082664.0,0.03,0.6185567010309279
2019-04-18,15:00,sz002361,神剑股份,4.85,4.94,4.82,4.87,78138,38160240.0,-0.01,-0.2049180327868852
2019-04-19,15:00,sz002361,神剑股份,4.86,4.97,4.85,4.97,98418,48364636.0,0.1,2.053388090349076
2019-04-22,15:00,sz002361,神剑股份,5.0,5.08,4.92,4.97,132689,66447304.0,0.0,0.0
2019-04-23,15:00,sz002361,神剑股份,4.97,5.0,4.77,4.8,88306,42753932.0,-0.17,-3.420523138832998
2019-04-24,15:00,sz002361,神剑股份,4.77,4.85,4.72,4.83,65295,31245788.0,0.03,0.625
2019-04-25,15:00,sz002361,神剑股份,4.81,4.83,4.48,4.54,98256,45845372.0,-0.29,-6.004140786749482
2019-04-26,15:00,sz002361,神剑股份,4.54,4.61,4.49,4.51,60558,27523818.0,-0.03,-0.6607929515418502
2019-04-29,15:00,sz002361,神剑股份,4.55,4.57,4.38,4.39,64795,28794254.0,-0.12,-2.6607538802660757
2019-04-30,15:00,sz002361,神剑股份,4.4,4.51,4.37,4.41,52992,23509084.0,0.02,0.4555808656036446
2019-05-06,15:00,sz002361,神剑股份,4.2,4.3,3.97,4.03,89500,37208484.0,-0.38,-8.616780045351474
2019-05-07,15:00,sz002361,神剑股份,4.06,4.15,4.03,4.13,44010,18059540.0,0.1,2.481389578163772
2019-05-08,15:00,sz002361,神剑股份,4.05,4.43,4.01,4.26,60338,25651234.0,0.13,3.14769975786925
2019-05-09,15:00,sz002361,神剑股份,4.15,4.34,4.14,4.23,44305,18850066.0,-0.03,-0.7042253521126761
2019-05-10,15:00,sz002361,神剑股份,4.25,4.38,4.13,4.36,73117,31474356.0,0.13,3.0732860520094563
2019-05-13,15:00,sz002361,神剑股份,4.31,4.41,4.28,4.31,33485,14485373.0,-0.05,-1.146788990825688
2019-05-14,15:00,sz002361,神剑股份,4.29,4.36,4.23,4.3,44730,19277776.0,-0.01,-0.2320185614849187
2019-05-15,15:00,sz002361,神剑股份,4.46,4.53,4.32,4.37,40866,17898188.0,0.07,1.627906976744186
2019-05-16,15:00,sz002361,神剑股份,4.34,4.5,4.33,4.47,69968,31027838.0,0.1,2.2883295194508007
2019-05-17,15:00,sz002361,神剑股份,4.44,4.46,4.2,4.25,67216,29145382.0,-0.22,-4.921700223713646
2019-05-20,15:00,sz002361,神剑股份,4.22,4.3,4.15,4.29,35719,15117182.0,0.04,0.9411764705882352
2019-05-21,15:00,sz002361,神剑股份,4.24,4.59,4.23,4.49,80130,35501764.0,0.2,4.662004662004662
2019-05-22,15:00,sz002361,神剑股份,4.45,4.47,4.35,4.38,51368,22616480.0,-0.11,-2.4498886414253898
2019-05-23,15:00,sz002361,神剑股份,4.36,4.36,4.21,4.21,52539,22453106.0,-0.17,-3.881278538812785
2019-05-24,15:00,sz002361,神剑股份,4.18,4.26,4.15,4.18,27542,11558830.0,-0.03,-0.7125890736342043
2019-05-27,15:00,sz002361,神剑股份,4.21,4.33,4.15,4.31,35419,15050111.0,0.13,3.110047846889952
2019-05-28,15:00,sz002361,神剑股份,4.3,4.33,4.23,4.24,38221,16407982.0,-0.07,-1.6241299303944314
2019-05-29,15:00,sz002361,神剑股份,4.24,4.33,4.24,4.28,33400,14354088.0,0.04,0.9433962264150944
2019-05-30,15:00,sz002361,神剑股份,4.29,4.31,4.22,4.3,30095,12814803.0,0.02,0.4672897196261681
2019-05-31,15:00,sz002361,神剑股份,4.28,4.33,4.27,4.3,27167,11703862.0,0.0,0.0
2019-06-03,15:00,sz002361,神剑股份,4.29,4.37,4.24,4.29,29810,12800087.0,-0.01,-0.2325581395348837
2019-06-04,15:00,sz002361,神剑股份,4.29,4.29,4.15,4.18,34077,14314866.0,-0.11,-2.564102564102564
2019-06-05,15:00,sz002361,神剑股份,4.22,4.24,4.15,4.17,22062,9239402.0,-0.01,-0.2392344497607655
2019-06-06,15:00,sz002361,神剑股份,4.16,4.19,4.01,4.05,28039,11425398.0,-0.12,-2.877697841726619
2019-06-10,15:00,sz002361,神剑股份,4.08,4.11,4.05,4.08,17039,6948608.0,0.03,0.7407407407407408
2019-06-11,15:00,sz002361,神剑股份,4.12,4.23,4.07,4.22,38132,15901287.0,0.14,3.431372549019608
2019-06-12,15:00,sz002361,神剑股份,4.22,4.24,4.16,4.19,22333,9376252.0,-0.03,-0.7109004739336493
2019-06-13,15:00,sz002361,神剑股份,4.2,4.26,4.16,4.23,23370,9834280.0,0.04,0.954653937947494
2019-06-14,15:00,sz002361,神剑股份,4.23,4.47,4.2,4.24,70711,30579120.0,0.01,0.2364066193853428
2019-06-17,15:00,sz002361,神剑股份,4.12,4.15,3.85,4.09,48314,19656016.0,-0.15,-3.537735849056604
2019-06-18,15:00,sz002361,神剑股份,4.1,4.13,4.01,4.05,18775,7634865.5,-0.04,-0.9779951100244498
2019-06-19,15:00,sz002361,神剑股份,4.11,4.17,4.1,4.12,27099,11157797.0,0.07,1.728395061728395
2019-06-20,15:00,sz002361,神剑股份,4.12,4.17,4.08,4.16,43538,18016644.0,0.04,0.9708737864077668
2019-06-21,15:00,sz002361,神剑股份,4.18,4.26,4.17,4.21,48388,20459818.0,0.05,1.201923076923077
2019-06-24,15:00,sz002361,神剑股份,4.22,4.26,4.12,4.17,75900,31618820.0,-0.04,-0.9501187648456058
2019-06-25,15:00,sz002361,神剑股份,4.18,4.18,4.02,4.09,72766,29576416.0,-0.08,-1.9184652278177456
2019-06-26,15:00,sz002361,神剑股份,4.07,4.12,4.04,4.09,27649,11281554.0,0.0,0.0
2019-06-27,15:00,sz002361,神剑股份,4.1,4.12,4.06,4.07,37374,15274428.0,-0.02,-0.4889975550122249
2019-06-28,15:00,sz002361,神剑股份,4.09,4.27,4.02,4.05,31058,12586681.0,-0.02,-0.4914004914004914
2019-07-01,15:00,sz002361,神剑股份,4.09,4.16,4.08,4.15,43336,17901348.0,0.1,2.469135802469136
2019-07-02,15:00,sz002361,神剑股份,4.16,4.19,4.14,4.18,47063,19625278.0,0.03,0.7228915662650602
2019-07-03,15:00,sz002361,神剑股份,4.13,4.18,4.1,4.15,40827,16877180.0,-0.03,-0.7177033492822966
2019-07-04,15:00,sz002361,神剑股份,4.14,4.29,4.13,4.22,94018,39583200.0,0.07,1.686746987951807
2019-07-05,15:00,sz002361,神剑股份,4.18,4.21,4.11,4.16,41703,17304960.0,-0.06,-1.4218009478672986
2019-07-08,15:00,sz002361,神剑股份,4.16,4.16,4.02,4.04,49687,20148936.0,-0.12,-2.8846153846153846
2019-07-09,15:00,sz002361,神剑股份,4.04,4.08,4.01,4.08,19845,8022978.0,0.04,0.99009900990099
2019-07-10,15:00,sz002361,神剑股份,4.04,4.09,4.0,4.02,25598,10351538.0,-0.06,-1.4705882352941175
2019-07-11,15:00,sz002361,神剑股份,4.05,4.17,4.03,4.08,46761,19136092.0,0.06,1.4925373134328357
2019-07-12,15:00,sz002361,神剑股份,4.05,4.1,4.02,4.08,27407,11163570.0,0.0,0.0
2019-07-15,15:00,sz002361,神剑股份,4.06,4.15,4.02,4.14,39964,16419606.0,0.06,1.4705882352941175
2019-07-16,15:00,sz002361,神剑股份,4.14,4.49,4.14,4.26,119826,51311884.0,0.12,2.898550724637681
2019-07-17,15:00,sz002361,神剑股份,4.19,4.29,4.19,4.25,66195,27944298.0,-0.01,-0.2347417840375587
2019-07-18,15:00,sz002361,神剑股份,4.2,4.25,4.15,4.16,54511,22815298.0,-0.09,-2.117647058823529
2019-07-19,15:00,sz002361,神剑股份,4.14,4.23,4.13,4.15,33443,13955023.0,-0.01,-0.2403846153846154
2019-07-22,15:00,sz002361,神剑股份,4.15,4.18,4.02,4.04,47989,19501682.0,-0.11,-2.6506024096385543
2019-07-23,15:00,sz002361,神剑股份,4.06,4.09,4.02,4.08,34461,13966056.0,0.04,0.99009900990099
2019-07-24,15:00,sz002361,神剑股份,4.07,4.19,4.07,4.17,44850,18581574.0,0.09,2.2058823529411766
2019-07-25,15:00,sz002361,神剑股份,4.17,4.18,4.11,4.16,36500,15123996.0,-0.01,-0.2398081534772182
2019-07-26,15:00,sz002361,神剑股份,4.15,4.2,4.12,4.2,35431,14777172.0,0.04,0.9615384615384616
2019-07-29,15:00,sz002361,神剑股份,4.16,4.23,4.16,4.22,44398,18619176.0,0.02,0.4761904761904762
2019-07-30,15:00,sz002361,神剑股份,4.23,4.25,4.17,4.22,49361,20795324.0,0.0,0.0
2019-07-31,15:00,sz002361,神剑股份,4.2,4.2,4.09,4.13,93611,38700216.0,-0.09,-2.132701421800948
2019-08-01,15:00,sz002361,神剑股份,4.11,4.15,4.07,4.1,24349,9992679.0,-0.03,-0.7263922518159807
2019-08-02,15:00,sz002361,神剑股份,4.05,4.08,4.02,4.07,34503,13980185.0,-0.03,-0.7317073170731708
2019-08-05,15:00,sz002361,神剑股份,4.07,4.08,4.03,4.04,30806,12475613.0,-0.03,-0.7371007371007371
2019-08-06,15:00,sz002361,神剑股份,3.96,3.98,3.85,3.94,54303,21357206.0,-0.1,-2.4752475247524752
2019-08-07,15:00,sz002361,神剑股份,3.95,3.98,3.91,3.92,20608,8107750.0,-0.02,-0.5076142131979695
2019-08-08,15:00,sz002361,神剑股份,3.93,3.97,3.92,3.94,17622,6952633.0,0.02,0.5102040816326531
2019-08-09,15:00,sz002361,神剑股份,3.94,3.95,3.86,3.9,22322,8726410.0,-0.04,-1.015228426395939
2019-08-12,15:00,sz002361,神剑股份,3.9,3.94,3.87,3.94,12868,5029202.0,0.04,1.0256410256410255
2019-08-13,15:00,sz002361,神剑股份,3.92,3.96,3.89,3.95,13366,5259108.0,0.01,0.2538071065989847
2019-08-14,15:00,sz002361,神剑股份,4.01,4.01,3.95,3.96,14005,5572531.0,0.01,0.2531645569620253
2019-08-15,15:00,sz002361,神剑股份,3.89,3.94,3.85,3.94,14664,5716030.0,-0.02,-0.5050505050505051
2019-08-16,15:00,sz002361,神剑股份,3.94,3.96,3.91,3.93,14362,5660949.5,-0.01,-0.2538071065989847
2019-08-19,15:00,sz002361,神剑股份,3.91,4.01,3.91,4.01,29757,11867416.0,0.08,2.035623409669211
2019-08-20,15:00,sz002361,神剑股份,3.99,4.07,3.99,4.04,29436,11876038.0,0.03,0.7481296758104738
2019-08-21,15:00,sz002361,神剑股份,4.03,4.03,4.0,4.01,18798,7544565.0,-0.03,-0.7425742574257426
2019-08-22,15:00,sz002361,神剑股份,4.0,4.1,3.99,4.05,35316,14293846.0,0.04,0.997506234413965
2019-08-23,15:00,sz002361,神剑股份,4.05,4.08,4.0,4.03,28631,11522401.0,-0.02,-0.4938271604938271
2019-08-26,15:00,sz002361,神剑股份,3.96,4.02,3.94,3.99,26499,10563914.0,-0.04,-0.9925558312655088
2019-08-27,15:00,sz002361,神剑股份,4.04,4.06,4.0,4.06,34446,13918206.0,0.07,1.7543859649122806
2019-08-28,15:00,sz002361,神剑股份,4.06,4.47,4.04,4.47,318311,141632240.0,0.41,10.098522167487683
2019-08-29,15:00,sz002361,神剑股份,4.57,4.68,4.36,4.37,490499,222382704.0,-0.1,-2.237136465324385
2019-08-30,15:00,sz002361,神剑股份,4.28,4.66,4.28,4.5,397718,178789680.0,0.13,2.9748283752860414
2019-09-02,15:00,sz002361,神剑股份,4.48,4.93,4.46,4.76,419863,199175680.0,0.26,5.777777777777778
2019-09-03,15:00,sz002361,神剑股份,4.66,4.89,4.59,4.78,352154,165333536.0,0.02,0.4201680672268907
2019-09-04,15:00,sz002361,神剑股份,4.66,4.73,4.61,4.64,201301,93659800.0,-0.14,-2.928870292887029
2019-09-05,15:00,sz002361,神剑股份,4.66,4.69,4.55,4.63,238735,110583888.0,-0.01,-0.2155172413793103
2019-09-06,15:00,sz002361,神剑股份,4.64,4.67,4.55,4.67,143379,66198172.0,0.04,0.8639308855291578
2019-09-09,15:00,sz002361,神剑股份,4.72,4.75,4.62,4.7,147060,68661672.0,0.03,0.6423982869379015
2019-09-10,15:00,sz002361,神剑股份,4.7,4.81,4.62,4.68,160928,75590024.0,-0.02,-0.425531914893617
2019-09-11,15:00,sz002361,神剑股份,4.69,4.69,4.5,4.57,157317,71906352.0,-0.11,-2.3504273504273505
2019-09-12,15:00,sz002361,神剑股份,4.57,4.62,4.52,4.61,85664,39196720.0,0.04,0.87527352297593
2019-09-16,15:00,sz002361,神剑股份,4.66,4.67,4.57,4.6,77217,35572684.0,-0.01,-0.2169197396963123
2019-09-17,15:00,sz002361,神剑股份,4.59,4.59,4.42,4.46,121483,54380320.0,-0.14,-3.0434782608695654
2019-09-18,15:00,sz002361,神剑股份,4.46,4.49,4.44,4.48,59942,26798456.0,0.02,0.4484304932735426
2019-09-19,15:00,sz002361,神剑股份,4.47,4.51,4.42,4.51,62959,28167850.0,0.03,0.6696428571428571
2019-09-20,15:00,sz002361,神剑股份,4.53,4.63,4.53,4.58,139321,63948192.0,0.07,1.5521064301552108
2019-09-23,15:00,sz002361,神剑股份,4.58,4.62,4.49,4.57,75100,34119600.0,-0.01,-0.2183406113537117
2019-09-24,15:00,sz002361,神剑股份,4.55,4.62,4.51,4.53,69619,31807988.0,-0.04,-0.87527352297593
2019-09-25,15:00,sz002361,神剑股份,4.48,4.5,4.37,4.38,91879,40519816.0,-0.15,-3.3112582781456954
2019-09-26,15:00,sz002361,神剑股份,4.37,4.43,4.21,4.23,76328,32789560.0,-0.15,-3.4246575342465757
2019-09-27,15:00,sz002361,神剑股份,4.23,4.5,4.21,4.37,68612,30022860.0,0.14,3.309692671394799
2019-09-30,15:00,sz002361,神剑股份,4.35,4.36,4.25,4.25,43745,18816566.0,-0.12,-2.745995423340961
2019-10-08,15:00,sz002361,神剑股份,4.26,4.31,4.2,4.2,38210,16191136.0,-0.05,-1.1764705882352942
2019-10-09,15:00,sz002361,神剑股份,4.2,4.28,4.16,4.24,33099,13947709.0,0.04,0.9523809523809524
2019-10-10,15:00,sz002361,神剑股份,4.25,4.31,4.24,4.29,35239,15108165.0,0.05,1.179245283018868
2019-10-11,15:00,sz002361,神剑股份,4.29,4.33,4.25,4.3,40971,17566624.0,0.01,0.2331002331002331
2019-10-14,15:00,sz002361,神剑股份,4.32,4.4,4.31,4.35,41158,17916976.0,0.05,1.162790697674419
2019-10-15,15:00,sz002361,神剑股份,4.37,4.37,4.26,4.27,39378,16906046.0,-0.08,-1.839080459770115
2019-10-16,15:00,sz002361,神剑股份,4.28,4.31,4.2,4.22,33902,14387888.0,-0.05,-1.1709601873536302
2019-10-17,15:00,sz002361,神剑股份,4.25,4.25,4.18,4.2,26704,11230802.0,-0.02,-0.4739336492890995
2019-10-18,15:00,sz002361,神剑股份,4.21,4.22,4.08,4.12,41869,17353588.0,-0.08,-1.9047619047619049
2019-10-21,15:00,sz002361,神剑股份,4.11,4.16,4.07,4.16,27672,11381488.0,0.04,0.9708737864077668
2019-10-22,15:00,sz002361,神剑股份,4.13,4.2,4.13,4.19,20426,8515304.0,0.03,0.7211538461538461
2019-10-23,15:00,sz002361,神剑股份,4.2,4.2,4.14,4.15,17999,7505324.0,-0.04,-0.954653937947494
2019-10-24,15:00,sz002361,神剑股份,4.15,4.21,4.14,4.2,30236,12650412.0,0.05,1.2048192771084338
2019-10-25,15:00,sz002361,神剑股份,4.18,4.19,4.11,4.16,33342,13825912.0,-0.04,-0.9523809523809524
2019-10-28,15:00,sz002361,神剑股份,4.16,4.23,4.13,4.22,42039,17635214.0,0.06,1.4423076923076923
2019-10-29,15:00,sz002361,神剑股份,4.22,4.23,4.18,4.18,32469,13633734.0,-0.04,-0.9478672985781992
2019-10-30,15:00,sz002361,神剑股份,4.18,4.18,4.1,4.11,33484,13816680.0,-0.07,-1.674641148325359
2019-10-31,15:00,sz002361,神剑股份,4.11,4.19,4.1,4.11,26295,10908436.0,0.0,0.0
2019-11-01,15:00,sz002361,神剑股份,4.11,4.2,4.07,4.19,38218,15799249.0,0.08,1.9464720194647205
2019-11-04,15:00,sz002361,神剑股份,4.19,4.28,4.15,4.25,60442,25498002.0,0.06,1.431980906921241
2019-11-05,15:00,sz002361,神剑股份,4.26,4.28,4.22,4.24,33109,14059325.0,-0.01,-0.2352941176470588
2019-11-06,15:00,sz002361,神剑股份,4.27,4.33,4.23,4.24,41814,17867048.0,0.0,0.0
2019-11-07,15:00,sz002361,神剑股份,4.23,4.29,4.2,4.24,22404,9522272.0,0.0,0.0
2019-11-08,15:00,sz002361,神剑股份,4.26,4.28,4.22,4.24,28682,12187407.0,0.0,0.0
2019-11-11,15:00,sz002361,神剑股份,4.22,4.23,4.06,4.08,46708,19256668.0,-0.16,-3.7735849056603774
2019-11-12,15:00,sz002361,神剑股份,4.05,4.12,4.05,4.12,19706,8066563.0,0.04,0.9803921568627452
2019-11-13,15:00,sz002361,神剑股份,4.13,4.17,4.1,4.14,24598,10145393.0,0.02,0.4854368932038834
2019-11-14,15:00,sz002361,神剑股份,4.12,4.15,4.1,4.14,18984,7835254.0,0.0,0.0
2019-11-15,15:00,sz002361,神剑股份,4.15,4.16,4.07,4.07,15127,6217300.0,-0.07,-1.6908212560386473
2019-11-18,15:00,sz002361,神剑股份,4.08,4.11,4.06,4.09,13557,5532875.0,0.02,0.4914004914004914
2019-11-19,15:00,sz002361,神剑股份,4.08,4.13,4.06,4.12,22236,9120522.0,0.03,0.7334963325183375
2019-11-20,15:00,sz002361,神剑股份,4.1,4.13,4.06,4.07,19309,7911649.0,-0.05,-1.2135922330097086
2019-11-21,15:00,sz002361,神剑股份,4.09,4.12,4.07,4.11,19561,8024906.5,0.04,0.9828009828009828
2019-11-22,15:00,sz002361,神剑股份,4.08,4.13,4.07,4.08,30606,12549140.0,-0.03,-0.7299270072992701
2019-11-25,15:00,sz002361,神剑股份,4.08,4.1,4.05,4.08,19634,7992285.0,0.0,0.0
2019-11-26,15:00,sz002361,神剑股份,4.07,4.28,4.06,4.14,64482,26749284.0,0.06,1.4705882352941175
2019-11-27,15:00,sz002361,神剑股份,4.15,4.17,4.11,4.15,28500,11783788.0,0.01,0.2415458937198067
2019-11-28,15:00,sz002361,神剑股份,4.14,4.17,4.12,4.16,23680,9800827.0,0.01,0.2409638554216867
2019-11-29,15:00,sz002361,神剑股份,4.15,4.21,4.14,4.18,27540,11482882.0,0.02,0.4807692307692308
2019-12-02,15:00,sz002361,神剑股份,4.16,4.21,4.13,4.15,20037,8351141.5,-0.03,-0.7177033492822966
2019-12-03,15:00,sz002361,神剑股份,4.12,4.16,4.09,4.16,23829,9827519.0,0.01,0.2409638554216867
2019-12-04,15:00,sz002361,神剑股份,4.14,4.18,4.12,4.17,19215,7973552.5,0.01,0.2403846153846154
2019-12-05,15:00,sz002361,神剑股份,4.17,4.2,4.16,4.18,29320,12254815.0,0.01,0.2398081534772182
2019-12-06,15:00,sz002361,神剑股份,4.18,4.22,4.17,4.21,31358,13160478.0,0.03,0.7177033492822966
2019-12-09,15:00,sz002361,神剑股份,4.21,4.22,4.16,4.18,23764,9951779.0,-0.03,-0.7125890736342043
2019-12-10,15:00,sz002361,神剑股份,4.17,4.18,4.13,4.16,26208,10880625.0,-0.02,-0.4784688995215311
2019-12-11,15:00,sz002361,神剑股份,4.16,4.18,4.14,4.15,17454,7254195.0,-0.01,-0.2403846153846154
2019-12-12,15:00,sz002361,神剑股份,4.16,4.19,4.14,4.19,24463,10215334.0,0.04,0.9638554216867472
2019-12-13,15:00,sz002361,神剑股份,4.19,4.22,4.16,4.2,39798,16668766.0,0.01,0.2386634844868735
2019-12-16,15:00,sz002361,神剑股份,4.2,4.26,4.18,4.26,50965,21581292.0,0.06,1.4285714285714286
2019-12-17,15:00,sz002361,神剑股份,4.26,4.33,4.24,4.31,59705,25705470.0,0.05,1.1737089201877933
2019-12-18,15:00,sz002361,神剑股份,4.29,4.33,4.28,4.3,45774,19728394.0,-0.01,-0.2320185614849187
2019-12-19,15:00,sz002361,神剑股份,4.29,4.33,4.28,4.32,35870,15434181.0,0.02,0.4651162790697674
2019-12-20,15:00,sz002361,神剑股份,4.32,4.38,4.28,4.28,42862,18477568.0,-0.04,-0.9259259259259258
2019-12-23,15:00,sz002361,神剑股份,4.28,4.3,4.22,4.22,35230,14991477.0,-0.06,-1.4018691588785046
2019-12-24,15:00,sz002361,神剑股份,4.22,4.29,4.21,4.29,29385,12491490.0,0.07,1.6587677725118484
2019-12-25,15:00,sz002361,神剑股份,4.27,4.41,4.26,4.34,57132,24748464.0,0.05,1.1655011655011656
2019-12-26,15:00,sz002361,神剑股份,4.34,4.37,4.3,4.36,34778,15091526.0,0.02,0.4608294930875576
2019-12-27,15:00,sz002361,神剑股份,4.34,4.39,4.31,4.32,43449,18954400.0,-0.04,-0.9174311926605504
2019-12-30,15:00,sz002361,神剑股份,4.3,4.34,4.19,4.34,39432,16876060.0,0.02,0.4629629629629629
2019-12-31,15:00,sz002361,神剑股份,4.35,4.38,4.31,4.37,39031,16979966.0,0.03,0.6912442396313364
2020-01-02,15:00,sz002361,神剑股份,4.4,4.44,4.37,4.4,42646,18771880.0,0.03,0.6864988558352403
2020-01-03,15:00,sz002361,神剑股份,4.41,4.47,4.39,4.47,57864,25635608.0,0.07,1.5909090909090908
2020-01-06,15:00,sz002361,神剑股份,4.59,4.71,4.47,4.55,176951,80894048.0,0.08,1.7897091722595078
2020-01-07,15:00,sz002361,神剑股份,4.47,4.54,4.45,4.52,92878,41745592.0,-0.03,-0.6593406593406593
2020-01-08,15:00,sz002361,神剑股份,4.48,4.64,4.47,4.55,140263,64083148.0,0.03,0.6637168141592921
2020-01-09,15:00,sz002361,神剑股份,4.5,4.53,4.43,4.51,118143,52949504.0,-0.04,-0.8791208791208791
2020-01-10,15:00,sz002361,神剑股份,4.51,4.51,4.39,4.42,58882,26172696.0,-0.09,-1.9955654101995564
2020-01-13,15:00,sz002361,神剑股份,4.43,4.48,4.38,4.47,46706,20705216.0,0.05,1.1312217194570136
2020-01-14,15:00,sz002361,神剑股份,4.48,4.49,4.42,4.45,61477,27378206.0,-0.02,-0.4474272930648769
2020-01-15,15:00,sz002361,神剑股份,4.44,4.45,4.38,4.44,50321,22242548.0,-0.01,-0.2247191011235955
2020-01-16,15:00,sz002361,神剑股份,4.43,4.47,4.41,4.44,35568,15813268.0,0.0,0.0
2020-01-17,15:00,sz002361,神剑股份,4.44,4.46,4.39,4.39,23303,10293196.0,-0.05,-1.1261261261261262
2020-01-20,15:00,sz002361,神剑股份,4.38,4.41,4.3,4.41,38228,16661090.0,0.02,0.4555808656036446
2020-01-21,15:00,sz002361,神剑股份,4.45,4.46,4.4,4.45,46381,20563788.0,0.04,0.90702947845805
2020-01-22,15:00,sz002361,神剑股份,4.42,4.5,4.34,4.5,56181,24948734.0,0.05,1.1235955056179776
2020-01-23,15:00,sz002361,神剑股份,4.46,4.57,4.37,4.41,81052,36262096.0,-0.09,-2.0
2020-02-03,15:00,sz002361,神剑股份,3.97,3.97,3.97,3.97,22103,8774891.0,-0.44,-9.977324263038549
2020-02-04,15:00,sz002361,神剑股份,3.7,3.95,3.7,3.87,91758,35360456.0,-0.1,-2.518891687657431
2020-02-05,15:00,sz002361,神剑股份,3.86,4.22,3.86,4.03,101118,40646784.0,0.16,4.1343669250646
2020-02-06,15:00,sz002361,神剑股份,4.05,4.21,4.02,4.1,90704,37293204.0,0.07,1.7369727047146404
2020-02-07,15:00,sz002361,神剑股份,4.08,4.14,4.01,4.1,75699,30771560.0,0.0,0.0
2020-02-10,15:00,sz002361,神剑股份,4.07,4.18,4.04,4.17,74426,30779992.0,0.07,1.707317073170732
2020-02-11,15:00,sz002361,神剑股份,4.18,4.19,4.07,4.13,54556,22482232.0,-0.04,-0.9592326139088728
2020-02-12,15:00,sz002361,神剑股份,4.13,4.22,4.09,4.21,89847,37426720.0,0.08,1.937046004842615
2020-02-13,15:00,sz002361,神剑股份,4.22,4.22,4.1,4.11,69527,28805520.0,-0.1,-2.375296912114014
2020-02-14,15:00,sz002361,神剑股份,4.12,4.15,4.08,4.13,53003,21780932.0,0.02,0.48661800486618
2020-02-17,15:00,sz002361,神剑股份,4.12,4.26,4.11,4.26,102527,43215500.0,0.13,3.14769975786925
2020-02-18,15:00,sz002361,神剑股份,4.28,4.37,4.25,4.36,155308,67025300.0,0.1,2.3474178403755865
2020-02-19,15:00,sz002361,神剑股份,4.35,4.5,4.35,4.37,149969,66028020.0,0.01,0.2293577981651376
2020-02-20,15:00,sz002361,神剑股份,4.4,4.42,4.32,4.39,125653,54976896.0,0.02,0.4576659038901602
2020-02-21,15:00,sz002361,神剑股份,4.39,4.69,4.36,4.58,276875,125661536.0,0.19,4.328018223234624
2020-02-24,15:00,sz002361,神剑股份,4.55,4.68,4.5,4.6,225469,103737984.0,0.02,0.4366812227074235
2020-02-25,15:00,sz002361,神剑股份,4.47,4.62,4.38,4.62,222896,100248168.0,0.02,0.4347826086956521
2020-02-26,15:00,sz002361,神剑股份,4.56,4.83,4.5,4.67,291959,136981728.0,0.05,1.0822510822510822
2020-02-27,15:00,sz002361,神剑股份,4.71,4.94,4.51,4.88,381905,181843248.0,0.21,4.496788008565311
2020-02-28,15:00,sz002361,神剑股份,4.74,4.79,4.47,4.55,264175,122492768.0,-0.33,-6.762295081967213
2020-03-02,15:00,sz002361,神剑股份,4.59,4.79,4.58,4.68,216264,101454736.0,0.13,2.857142857142857
2020-03-03,15:00,sz002361,神剑股份,4.75,4.83,4.6,4.65,232956,109863184.0,-0.03,-0.641025641025641
2020-03-04,15:00,sz002361,神剑股份,4.56,4.73,4.52,4.7,155905,72089528.0,0.05,1.0752688172043012
2020-03-05,15:00,sz002361,神剑股份,4.74,4.9,4.69,4.86,271753,130746152.0,0.16,3.404255319148936
2020-03-06,15:00,sz002361,神剑股份,4.78,5.0,4.76,4.83,254983,124538240.0,-0.03,-0.6172839506172839
2020-03-09,15:00,sz002361,神剑股份,4.75,4.79,4.57,4.58,190414,88695408.0,-0.25,-5.175983436853002
2020-03-10,15:00,sz002361,神剑股份,4.51,4.93,4.46,4.93,250670,118325920.0,0.35,7.641921397379912
2020-03-11,15:00,sz002361,神剑股份,4.95,5.24,4.85,4.92,421195,212320464.0,-0.01,-0.2028397565922921
2020-03-12,15:00,sz002361,神剑股份,4.81,4.88,4.63,4.7,206305,97779176.0,-0.22,-4.471544715447155
2020-03-13,15:00,sz002361,神剑股份,4.45,4.75,4.39,4.69,156533,71693640.0,-0.01,-0.2127659574468085
2020-03-16,15:00,sz002361,神剑股份,4.72,4.73,4.45,4.45,124062,56864536.0,-0.24,-5.11727078891258
2020-03-17,15:00,sz002361,神剑股份,4.4,4.57,4.32,4.5,96256,42833644.0,0.05,1.1235955056179776
2020-03-18,15:00,sz002361,神剑股份,4.55,4.58,4.32,4.34,114257,50888556.0,-0.16,-3.555555555555556
2020-03-19,15:00,sz002361,神剑股份,4.31,4.39,4.15,4.28,115025,48907624.0,-0.06,-1.3824884792626728
2020-03-20,15:00,sz002361,神剑股份,4.29,4.33,4.2,4.28,74324,31770484.0,0.0,0.0
2020-03-23,15:00,sz002361,神剑股份,4.14,4.2,4.06,4.08,75689,31220544.0,-0.2,-4.672897196261682
2020-03-24,15:00,sz002361,神剑股份,4.15,4.2,4.06,4.18,56062,23228132.0,0.1,2.450980392156863
2020-03-25,15:00,sz002361,神剑股份,4.25,4.28,4.2,4.23,68294,28888848.0,0.05,1.1961722488038278
2020-03-26,15:00,sz002361,神剑股份,4.21,4.24,4.17,4.2,43552,18274276.0,-0.03,-0.7092198581560284
2020-03-27,15:00,sz002361,神剑股份,4.23,4.27,4.15,4.16,44160,18596458.0,-0.04,-0.9523809523809524
2020-03-30,15:00,sz002361,神剑股份,4.14,4.14,3.99,4.06,71681,28993670.0,-0.1,-2.403846153846154
2020-03-31,15:00,sz002361,神剑股份,4.12,4.12,4.04,4.04,28768,11703657.0,-0.02,-0.4926108374384236
2020-04-01,15:00,sz002361,神剑股份,4.02,4.12,4.02,4.1,53183,21657770.0,0.06,1.4851485148514851
2020-04-02,15:00,sz002361,神剑股份,4.1,4.18,4.08,4.17,60312,24915780.0,0.07,1.707317073170732
2020-04-03,15:00,sz002361,神剑股份,4.16,4.18,4.06,4.09,44614,18323504.0,-0.08,-1.9184652278177456
2020-04-07,15:00,sz002361,神剑股份,4.2,4.24,4.15,4.22,70984,29862128.0,0.13,3.1784841075794623
2020-04-08,15:00,sz002361,神剑股份,4.2,4.37,4.17,4.35,114452,49035920.0,0.13,3.080568720379147
2020-04-09,15:00,sz002361,神剑股份,4.35,4.41,4.3,4.38,97370,42453836.0,0.03,0.6896551724137931
2020-04-10,15:00,sz002361,神剑股份,4.36,4.39,4.23,4.25,63467,27299376.0,-0.13,-2.968036529680365
2020-04-13,15:00,sz002361,神剑股份,4.24,4.24,4.17,4.18,41253,17301170.0,-0.07,-1.647058823529412
2020-04-14,15:00,sz002361,神剑股份,4.21,4.28,4.18,4.27,42113,17846066.0,0.09,2.15311004784689
2020-04-15,15:00,sz002361,神剑股份,4.25,4.28,4.17,4.18,48483,20438004.0,-0.09,-2.107728337236534
2020-04-16,15:00,sz002361,神剑股份,4.14,4.22,4.14,4.2,41620,17410604.0,0.02,0.4784688995215311
2020-04-17,15:00,sz002361,神剑股份,4.21,4.32,4.17,4.32,91307,38761044.0,0.12,2.857142857142857
2020-04-20,15:00,sz002361,神剑股份,4.41,4.46,4.29,4.42,127253,55790188.0,0.1,2.314814814814815
2020-04-21,15:00,sz002361,神剑股份,4.39,4.41,4.31,4.4,82850,36113300.0,-0.02,-0.4524886877828055
2020-04-22,15:00,sz002361,神剑股份,4.37,4.62,4.36,4.52,148261,66859896.0,0.12,2.727272727272727
2020-04-23,15:00,sz002361,神剑股份,4.51,4.64,4.45,4.48,154059,69900968.0,-0.04,-0.8849557522123894
2020-04-24,15:00,sz002361,神剑股份,4.5,4.63,4.43,4.55,179272,81019160.0,0.07,1.5625
2020-04-27,15:00,sz002361,神剑股份,4.49,4.63,4.42,4.43,133044,60107240.0,-0.12,-2.6373626373626373
2020-04-28,15:00,sz002361,神剑股份,4.47,4.47,4.09,4.2,109878,46665964.0,-0.23,-5.191873589164786
2020-04-29,15:00,sz002361,神剑股份,4.22,4.35,4.2,4.35,78262,33580644.0,0.15,3.571428571428571
2020-04-30,15:00,sz002361,神剑股份,4.29,4.3,4.2,4.27,110729,47210620.0,-0.08,-1.839080459770115
2020-05-06,15:00,sz002361,神剑股份,4.2,4.27,4.19,4.24,76468,32355772.0,-0.03,-0.702576112412178
2020-05-07,15:00,sz002361,神剑股份,4.25,4.25,4.19,4.19,50412,21256660.0,-0.05,-1.179245283018868
2020-05-08,15:00,sz002361,神剑股份,4.2,4.31,4.19,4.31,72886,31095552.0,0.12,2.863961813842482
2020-05-11,15:00,sz002361,神剑股份,4.32,4.45,4.28,4.36,99054,43111240.0,0.05,1.160092807424594
2020-05-12,15:00,sz002361,神剑股份,4.32,4.36,4.21,4.3,60001,25644760.0,-0.06,-1.376146788990826
2020-05-13,15:00,sz002361,神剑股份,4.32,4.32,4.24,4.27,43627,18623820.0,-0.03,-0.6976744186046512
2020-05-14,15:00,sz002361,神剑股份,4.28,4.45,4.23,4.42,133441,58331688.0,0.15,3.51288056206089
2020-05-15,15:00,sz002361,神剑股份,4.52,4.61,4.42,4.43,193028,86925544.0,0.01,0.2262443438914027
2020-05-18,15:00,sz002361,神剑股份,4.41,4.72,4.4,4.56,248377,113911672.0,0.13,2.9345372460496613
2020-05-19,15:00,sz002361,神剑股份,4.6,4.63,4.48,4.54,145753,66134848.0,-0.02,-0.4385964912280701
2020-05-20,15:00,sz002361,神剑股份,4.52,4.57,4.37,4.4,138156,61447992.0,-0.14,-3.0837004405286343
2020-05-21,15:00,sz002361,神剑股份,4.42,4.47,4.37,4.45,89310,39488512.0,0.05,1.1363636363636365
2020-05-22,15:00,sz002361,神剑股份,4.42,4.57,4.38,4.54,167327,75269952.0,0.09,2.02247191011236
2020-05-25,15:00,sz002361,神剑股份,4.55,4.58,4.43,4.58,132513,59853688.0,0.04,0.881057268722467
2020-05-26,15:00,sz002361,神剑股份,4.58,4.71,4.54,4.6,176272,81446096.0,0.02,0.4366812227074235
2020-05-27,15:00,sz002361,神剑股份,4.58,4.76,4.5,4.71,238165,110583032.0,0.11,2.391304347826087
2020-05-28,15:00,sz002361,神剑股份,4.68,4.69,4.54,4.65,174475,80580712.0,-0.06,-1.2738853503184715
2020-05-29,15:00,sz002361,神剑股份,4.68,5.11,4.63,4.81,379560,183462640.0,0.16,3.4408602150537635
2020-06-01,15:00,sz002361,神剑股份,4.81,4.9,4.7,4.82,261049,125151704.0,0.01,0.2079002079002079
2020-06-02,15:00,sz002361,神剑股份,4.78,5.2,4.75,5.05,494410,247189408.0,0.23,4.771784232365145
2020-06-03,15:00,sz002361,神剑股份,5.02,5.05,4.87,4.89,297145,147198112.0,-0.16,-3.1683168316831685
2020-06-04,15:00,sz002361,神剑股份,4.9,5.07,4.81,4.86,223222,109723264.0,-0.03,-0.6134969325153374
2020-06-05,15:00,sz002361,神剑股份,4.86,4.92,4.67,4.77,195123,93190056.0,-0.09,-1.851851851851852
2020-06-08,15:00,sz002361,神剑股份,4.8,4.91,4.69,4.81,179701,86072552.0,0.04,0.8385744234800839
2020-06-09,15:00,sz002361,神剑股份,4.79,4.81,4.71,4.76,106925,50775908.0,-0.05,-1.0395010395010396
2020-06-10,15:00,sz002361,神剑股份,4.76,4.85,4.66,4.74,114286,54445032.0,-0.02,-0.4201680672268907
2020-06-11,15:00,sz002361,神剑股份,4.68,4.68,4.45,4.46,170934,78181696.0,-0.28,-5.907172995780591
2020-06-12,15:00,sz002361,神剑股份,4.38,4.46,4.35,4.44,101258,44738236.0,-0.02,-0.4484304932735426
2020-06-15,15:00,sz002361,神剑股份,4.4,4.5,4.37,4.39,89953,39951432.0,-0.05,-1.1261261261261262
2020-06-16,15:00,sz002361,神剑股份,4.42,4.46,4.4,4.44,74256,32890010.0,0.05,1.1389521640091116
2020-06-17,15:00,sz002361,神剑股份,4.46,4.53,4.4,4.45,140973,63003160.0,0.01,0.2252252252252252
2020-06-18,15:00,sz002361,神剑股份,4.41,4.46,4.36,4.45,94746,41735244.0,0.0,0.0
2020-06-19,15:00,sz002361,神剑股份,4.43,4.46,4.4,4.46,75463,33430990.0,0.01,0.2247191011235955
2020-06-22,15:00,sz002361,神剑股份,4.45,4.47,4.42,4.44,84804,37670688.0,-0.02,-0.4484304932735426
2020-06-23,15:00,sz002361,神剑股份,4.46,4.48,4.38,4.39,76963,33998648.0,-0.05,-1.1261261261261262
2020-06-24,15:00,sz002361,神剑股份,4.39,4.39,4.2,4.23,180546,77103080.0,-0.16,-3.644646924829157
2020-06-29,15:00,sz002361,神剑股份,4.22,4.28,4.16,4.28,65937,27912542.0,0.05,1.182033096926714
2020-06-30,15:00,sz002361,神剑股份,4.27,4.3,4.25,4.28,60477,25882736.0,0.0,0.0
2020-07-01,15:00,sz002361,神剑股份,4.28,4.3,4.23,4.28,52804,22462784.0,0.0,0.0
2020-07-02,15:00,sz002361,神剑股份,4.28,4.34,4.23,4.34,81309,34973504.0,0.06,1.4018691588785046
2020-07-03,15:00,sz002361,神剑股份,4.34,4.42,4.33,4.4,94018,41228308.0,0.06,1.3824884792626728
2020-07-06,15:00,sz002361,神剑股份,4.41,4.6,4.41,4.58,173806,78467984.0,0.18,4.090909090909091
2020-07-07,15:00,sz002361,神剑股份,4.63,4.66,4.52,4.54,211455,96821952.0,-0.04,-0.8733624454148471
2020-07-08,15:00,sz002361,神剑股份,4.52,4.7,4.51,4.68,214718,99540856.0,0.14,3.0837004405286343
2020-07-09,15:00,sz002361,神剑股份,4.69,4.77,4.66,4.75,202880,95683880.0,0.07,1.4957264957264955
2020-07-10,15:00,sz002361,神剑股份,4.76,4.95,4.71,4.79,257021,124341248.0,0.04,0.8421052631578947
2020-07-13,15:00,sz002361,神剑股份,4.88,5.04,4.87,4.98,293744,145640176.0,0.19,3.966597077244259
2020-07-14,15:00,sz002361,神剑股份,5.04,5.06,4.83,4.94,253356,124874896.0,-0.04,-0.8032128514056224
2020-07-15,15:00,sz002361,神剑股份,4.99,5.25,4.75,5.07,449304,224748432.0,0.13,2.631578947368421
2020-07-16,15:00,sz002361,神剑股份,5.07,5.15,4.68,4.71,377996,184937680.0,-0.36,-7.100591715976331
2020-07-17,15:00,sz002361,神剑股份,4.67,4.8,4.63,4.73,139799,65811684.0,0.02,0.4246284501061571
2020-07-20,15:00,sz002361,神剑股份,4.76,5.2,4.73,5.2,542867,275712096.0,0.47,9.936575052854122
2020-07-21,15:00,sz002361,神剑股份,5.3,5.38,5.01,5.1,702243,363566496.0,-0.1,-1.9230769230769231
2020-07-22,15:00,sz002361,神剑股份,5.04,5.21,4.95,5.02,363706,184907776.0,-0.08,-1.568627450980392
2020-07-23,15:00,sz002361,神剑股份,5.02,5.35,5.01,5.19,506328,262037984.0,0.17,3.386454183266932
2020-07-24,15:00,sz002361,神剑股份,5.71,5.71,5.71,5.71,245890,140403280.0,0.52,10.01926782273603
2020-07-27,15:00,sz002361,神剑股份,6.28,6.28,6.28,6.28,160412,100739168.0,0.57,9.98248686514886
2020-07-28,15:00,sz002361,神剑股份,6.2,6.2,5.65,5.73,1301190,763984576.0,-0.55,-8.75796178343949
2020-07-29,15:00,sz002361,神剑股份,5.49,6.1,5.35,5.93,1036360,581467136.0,0.2,3.4904013961605584
2020-07-30,15:00,sz002361,神剑股份,5.8,6.05,5.62,5.67,839792,490306816.0,-0.26,-4.3844856661045535
2020-07-31,15:00,sz002361,神剑股份,5.5,5.65,5.41,5.53,575688,317274880.0,-0.14,-2.469135802469136
2020-08-03,15:00,sz002361,神剑股份,5.65,6.08,5.54,6.08,668837,398061568.0,0.55,9.945750452079563
2020-08-04,15:00,sz002361,神剑股份,6.25,6.6,6.1,6.17,1322982,834001664.0,0.09,1.4802631578947367
2020-08-05,15:00,sz002361,神剑股份,5.92,6.35,5.92,6.1,678671,415724224.0,-0.07,-1.1345218800648298
2020-08-06,15:00,sz002361,神剑股份,6.0,6.14,5.75,5.88,588927,348092416.0,-0.22,-3.606557377049181
2020-08-07,15:00,sz002361,神剑股份,5.8,5.92,5.61,5.92,485647,278800768.0,0.04,0.6802721088435374
2020-08-10,15:00,sz002361,神剑股份,5.99,6.19,5.85,5.85,503768,302599040.0,-0.07,-1.1824324324324325
2020-08-11,15:00,sz002361,神剑股份,5.71,5.79,5.6,5.64,403236,229732016.0,-0.21,-3.589743589743589
2020-08-12,15:00,sz002361,神剑股份,5.6,5.6,5.26,5.42,374331,202314576.0,-0.22,-3.900709219858156
2020-08-13,15:00,sz002361,神剑股份,5.41,5.57,5.36,5.46,223659,122045440.0,0.04,0.7380073800738007
2020-08-14,15:00,sz002361,神剑股份,5.45,5.59,5.38,5.52,205410,112776056.0,0.06,1.098901098901099
2020-08-17,15:00,sz002361,神剑股份,5.49,5.6,5.44,5.56,233994,129508240.0,0.04,0.7246376811594203
2020-08-18,15:00,sz002361,神剑股份,5.56,5.56,5.46,5.5,218956,120394464.0,-0.06,-1.079136690647482
2020-08-19,15:00,sz002361,神剑股份,5.49,5.5,5.26,5.27,268886,143638080.0,-0.23,-4.181818181818182
2020-08-20,15:00,sz002361,神剑股份,5.23,5.27,5.14,5.16,172575,89662176.0,-0.11,-2.087286527514232
2020-08-21,15:00,sz002361,神剑股份,5.19,5.26,5.16,5.19,120291,62702312.0,0.03,0.5813953488372093
2020-08-24,15:00,sz002361,神剑股份,5.2,5.27,5.19,5.22,95700,50051580.0,0.03,0.5780346820809248
2020-08-25,15:00,sz002361,神剑股份,5.24,5.36,5.08,5.3,244067,127282808.0,0.08,1.532567049808429
2020-08-26,15:00,sz002361,神剑股份,5.3,5.31,5.12,5.15,137865,71857168.0,-0.15,-2.8301886792452837
2020-08-27,15:00,sz002361,神剑股份,5.11,5.2,5.11,5.16,88960,45855296.0,0.01,0.1941747572815534
2020-08-28,15:00,sz002361,神剑股份,5.18,5.23,5.14,5.23,105009,54455820.0,0.07,1.3565891472868217
2020-08-31,15:00,sz002361,神剑股份,5.2,5.27,5.18,5.2,115807,60447448.0,-0.03,-0.5736137667304015
2020-09-01,15:00,sz002361,神剑股份,5.22,5.38,5.2,5.33,177448,94238328.0,0.13,2.5
2020-09-02,15:00,sz002361,神剑股份,5.3,5.33,5.21,5.29,141864,74517392.0,-0.04,-0.7504690431519699
2020-09-03,15:00,sz002361,神剑股份,5.29,5.29,5.17,5.17,107257,55927840.0,-0.12,-2.2684310018903595
2020-09-04,15:00,sz002361,神剑股份,5.11,5.13,5.03,5.12,102473,52147188.0,-0.05,-0.9671179883945842
2020-09-07,15:00,sz002361,神剑股份,5.09,5.16,5.01,5.01,131203,66664856.0,-0.11,-2.1484375
2020-09-08,15:00,sz002361,神剑股份,5.07,5.14,5.03,5.13,104292,52938508.0,0.12,2.395209580838324
2020-09-09,15:00,sz002361,神剑股份,5.14,5.26,5.12,5.17,192370,99904296.0,0.04,0.7797270955165692
2020-09-10,15:00,sz002361,神剑股份,5.18,5.22,4.84,4.88,185821,93034096.0,-0.29,-5.609284332688588
2020-09-11,15:00,sz002361,神剑股份,4.76,5.01,4.72,4.98,126061,61362596.0,0.1,2.0491803278688523
2020-09-14,15:00,sz002361,神剑股份,4.99,5.16,4.95,5.02,121269,60976884.0,0.04,0.8032128514056224
2020-09-15,15:00,sz002361,神剑股份,4.98,5.02,4.87,4.95,87459,43172988.0,-0.07,-1.394422310756972
2020-09-16,15:00,sz002361,神剑股份,4.96,4.96,4.86,4.89,62008,30327978.0,-0.06,-1.2121212121212122
2020-09-17,15:00,sz002361,神剑股份,4.91,4.91,4.83,4.86,49488,24075914.0,-0.03,-0.6134969325153374
2020-09-18,15:00,sz002361,神剑股份,4.84,4.93,4.84,4.91,61667,30107490.0,0.05,1.02880658436214
2020-09-21,15:00,sz002361,神剑股份,4.91,5.03,4.89,4.96,90291,44851128.0,0.05,1.0183299389002036
2020-09-22,15:00,sz002361,神剑股份,4.85,4.91,4.82,4.85,73406,35707216.0,-0.11,-2.217741935483871
2020-09-23,15:00,sz002361,神剑股份,4.85,4.9,4.84,4.88,42956,20915718.0,0.03,0.6185567010309279
2020-09-24,15:00,sz002361,神剑股份,4.85,4.86,4.68,4.7,97600,46232312.0,-0.18,-3.6885245901639343
2020-09-25,15:00,sz002361,神剑股份,4.69,4.72,4.62,4.65,45979,21420098.0,-0.05,-1.0638297872340423
2020-09-28,15:00,sz002361,神剑股份,4.65,4.78,4.61,4.76,75025,35356188.0,0.11,2.3655913978494625
2020-09-29,15:00,sz002361,神剑股份,4.75,4.93,4.71,4.8,104323,50114228.0,0.04,0.8403361344537815
2020-09-30,15:00,sz002361,神剑股份,4.76,4.79,4.68,4.71,61868,29268208.0,-0.09,-1.875
2020-10-09,15:00,sz002361,神剑股份,4.8,4.94,4.75,4.9,106152,51661716.0,0.19,4.033970276008493
2020-10-12,15:00,sz002361,神剑股份,4.91,5.01,4.91,4.99,107950,53677108.0,0.09,1.8367346938775515
2020-10-13,15:00,sz002361,神剑股份,4.98,4.98,4.91,4.94,67117,33162930.0,-0.05,-1.002004008016032
2020-10-14,15:00,sz002361,神剑股份,4.94,5.06,4.86,4.86,111098,55048408.0,-0.08,-1.6194331983805668
2020-10-15,15:00,sz002361,神剑股份,4.9,4.95,4.83,4.93,69052,33878776.0,0.07,1.440329218106996
2020-10-16,15:00,sz002361,神剑股份,4.84,4.92,4.84,4.9,48303,23556776.0,-0.03,-0.6085192697768762
2020-10-19,15:00,sz002361,神剑股份,4.92,4.97,4.85,4.87,60747,29798028.0,-0.03,-0.6122448979591837
2020-10-20,15:00,sz002361,神剑股份,4.86,4.86,4.76,4.83,62356,29932842.0,-0.04,-0.8213552361396305
2020-10-21,15:00,sz002361,神剑股份,4.83,4.92,4.76,4.79,45076,21641536.0,-0.04,-0.8281573498964804
2020-10-22,15:00,sz002361,神剑股份,4.8,4.86,4.69,4.82,84328,40089824.0,0.03,0.6263048016701461
2020-10-23,15:00,sz002361,神剑股份,4.84,4.85,4.72,4.75,61455,29432110.0,-0.07,-1.4522821576763485
2020-10-26,15:00,sz002361,神剑股份,4.7,4.75,4.64,4.7,43636,20464402.0,-0.05,-1.0526315789473684
2020-10-27,15:00,sz002361,神剑股份,4.67,4.73,4.64,4.66,44609,20872986.0,-0.04,-0.851063829787234
2020-10-28,15:00,sz002361,神剑股份,4.66,4.7,4.57,4.58,78914,36390712.0,-0.08,-1.7167381974248928
2020-10-29,15:00,sz002361,神剑股份,4.52,4.58,4.47,4.53,64555,29166144.0,-0.05,-1.0917030567685588
2020-10-30,15:00,sz002361,神剑股份,4.53,4.55,4.39,4.39,68514,30604002.0,-0.14,-3.090507726269316
2020-11-02,15:00,sz002361,神剑股份,4.4,4.4,4.32,4.33,58884,25601212.0,-0.06,-1.366742596810934
2020-11-03,15:00,sz002361,神剑股份,4.33,4.47,4.32,4.46,55582,24558618.0,0.13,3.0023094688221708
2020-11-04,15:00,sz002361,神剑股份,4.44,4.5,4.4,4.45,33218,14755667.0,-0.01,-0.2242152466367713
2020-11-05,15:00,sz002361,神剑股份,4.47,4.54,4.45,4.53,47790,21497366.0,0.08,1.7977528089887642
2020-11-06,15:00,sz002361,神剑股份,4.51,4.54,4.44,4.45,44343,19831436.0,-0.08,-1.7660044150110374
2020-11-09,15:00,sz002361,神剑股份,4.45,4.55,4.45,4.55,50064,22638636.0,0.1,2.247191011235955
2020-11-10,15:00,sz002361,神剑股份,4.56,4.57,4.49,4.51,43169,19574206.0,-0.04,-0.8791208791208791
2020-11-11,15:00,sz002361,神剑股份,4.51,4.53,4.46,4.47,36079,16222794.0,-0.04,-0.8869179600886918
2020-11-12,15:00,sz002361,神剑股份,4.45,4.49,4.45,4.47,34288,15304343.0,0.0,0.0
2020-11-13,15:00,sz002361,神剑股份,4.45,4.53,4.42,4.53,45112,20211536.0,0.06,1.342281879194631
2020-11-16,15:00,sz002361,神剑股份,4.53,4.63,4.53,4.63,63747,29307538.0,0.1,2.207505518763797
2020-11-17,15:00,sz002361,神剑股份,4.63,4.63,4.56,4.6,41272,18915630.0,-0.03,-0.6479481641468683
2020-11-18,15:00,sz002361,神剑股份,4.6,4.65,4.58,4.65,50457,23345786.0,0.05,1.0869565217391304
2020-11-19,15:00,sz002361,神剑股份,4.63,4.71,4.61,4.71,69633,32541268.0,0.06,1.2903225806451613
2020-11-20,15:00,sz002361,神剑股份,4.7,4.74,4.65,4.72,68643,32206312.0,0.01,0.2123142250530785
2020-11-23,15:00,sz002361,神剑股份,4.7,4.77,4.67,4.72,66547,31420652.0,0.0,0.0
2020-11-24,15:00,sz002361,神剑股份,4.71,4.77,4.66,4.67,80165,37685516.0,-0.05,-1.059322033898305
2020-11-25,15:00,sz002361,神剑股份,4.69,4.72,4.58,4.59,54897,25549376.0,-0.08,-1.7130620985010707
2020-11-26,15:00,sz002361,神剑股份,4.59,4.62,4.52,4.59,53904,24652304.0,0.0,0.0
2020-11-27,15:00,sz002361,神剑股份,4.6,4.84,4.53,4.82,179299,84349080.0,0.23,5.010893246187364
2020-11-30,15:00,sz002361,神剑股份,4.79,5.0,4.73,4.92,239411,116508936.0,0.1,2.0746887966804977
2020-12-01,15:00,sz002361,神剑股份,4.91,4.93,4.81,4.89,138298,67234984.0,-0.03,-0.6097560975609756
2020-12-02,15:00,sz002361,神剑股份,4.86,4.91,4.81,4.83,92070,44714364.0,-0.06,-1.2269938650306749
2020-12-03,15:00,sz002361,神剑股份,4.83,4.84,4.76,4.79,60629,29060296.0,-0.04,-0.8281573498964804
2020-12-04,15:00,sz002361,神剑股份,4.76,4.81,4.74,4.77,55904,26654262.0,-0.02,-0.417536534446764
2020-12-07,15:00,sz002361,神剑股份,4.8,4.8,4.64,4.66,63494,29816548.0,-0.11,-2.3060796645702304
2020-12-08,15:00,sz002361,神剑股份,4.66,4.73,4.64,4.7,50342,23634180.0,0.04,0.8583690987124464
2020-12-09,15:00,sz002361,神剑股份,4.78,5.17,4.78,5.17,235429,120537376.0,0.47,10.0
2020-12-10,15:00,sz002361,神剑股份,5.2,5.38,5.05,5.1,710474,370348448.0,-0.07,-1.3539651837524178
2020-12-11,15:00,sz002361,神剑股份,5.0,5.07,4.8,5.02,386532,190343552.0,-0.08,-1.568627450980392
2020-12-14,15:00,sz002361,神剑股份,4.93,5.07,4.83,5.05,284764,141142672.0,0.03,0.5976095617529881
2020-12-15,15:00,sz002361,神剑股份,5.01,5.01,4.88,4.88,199465,98517408.0,-0.17,-3.3663366336633667
2020-12-16,15:00,sz002361,神剑股份,4.84,4.99,4.74,4.98,263743,128206784.0,0.1,2.0491803278688523
2020-12-17,15:00,sz002361,神剑股份,4.88,5.05,4.85,5.02,230575,114443888.0,0.04,0.8032128514056224
2020-12-18,15:00,sz002361,神剑股份,4.98,5.08,4.88,4.88,181205,90122744.0,-0.14,-2.788844621513944
2020-12-21,15:00,sz002361,神剑股份,4.84,4.96,4.71,4.88,199132,95866272.0,0.0,0.0
2020-12-22,15:00,sz002361,神剑股份,4.88,5.37,4.82,5.37,785051,411878528.0,0.49,10.040983606557376
2020-12-23,15:00,sz002361,神剑股份,5.32,5.54,5.19,5.46,942584,503729856.0,0.09,1.675977653631285
2020-12-24,15:00,sz002361,神剑股份,5.35,5.52,5.19,5.22,648099,346543712.0,-0.24,-4.395604395604396
2020-12-25,15:00,sz002361,神剑股份,5.17,5.37,5.12,5.34,460661,242199760.0,0.12,2.2988505747126435
2020-12-28,15:00,sz002361,神剑股份,5.28,5.33,5.14,5.29,338874,177244032.0,-0.05,-0.9363295880149812
2020-12-29,15:00,sz002361,神剑股份,5.28,5.5,5.21,5.43,501651,270870464.0,0.14,2.6465028355387523
2020-12-30,15:00,sz002361,神剑股份,5.34,5.41,5.07,5.35,358314,188950784.0,-0.08,-1.4732965009208103
2020-12-31,15:00,sz002361,神剑股份,5.3,5.89,5.26,5.58,765094,430820704.0,0.23,4.299065420560748
2021-01-04,15:00,sz002361,神剑股份,5.52,5.71,5.44,5.6,581742,325133568.0,0.02,0.3584229390681003
2021-01-05,15:00,sz002361,神剑股份,5.53,5.85,5.48,5.53,598507,337996864.0,-0.07,-1.25
2021-01-06,15:00,sz002361,神剑股份,5.45,5.85,5.25,5.66,607810,338818784.0,0.13,2.3508137432188065
2021-01-07,15:00,sz002361,神剑股份,5.55,5.6,5.31,5.36,384060,208650032.0,-0.3,-5.30035335689046
2021-01-08,15:00,sz002361,神剑股份,5.3,5.37,5.01,5.02,334816,171666656.0,-0.34,-6.343283582089552
2021-01-11,15:00,sz002361,神剑股份,4.96,5.25,4.93,5.09,231881,117433264.0,0.07,1.394422310756972
2021-01-12,15:00,sz002361,神剑股份,4.99,5.25,4.95,5.14,225164,115935848.0,0.05,0.9823182711198428
2021-01-13,15:00,sz002361,神剑股份,5.1,5.12,4.63,4.7,399220,192768464.0,-0.44,-8.560311284046692
2021-01-14,15:00,sz002361,神剑股份,4.66,4.72,4.41,4.51,190315,86125120.0,-0.19,-4.042553191489362
2021-01-15,15:00,sz002361,神剑股份,4.49,4.57,4.48,4.53,94052,42593108.0,0.02,0.4434589800443459
2021-01-18,15:00,sz002361,神剑股份,4.52,4.65,4.51,4.59,103717,47707780.0,0.06,1.3245033112582782
2021-01-19,15:00,sz002361,神剑股份,4.6,4.75,4.59,4.64,107423,50216224.0,0.05,1.0893246187363834
2021-01-20,15:00,sz002361,神剑股份,4.6,4.69,4.55,4.63,79914,36817840.0,-0.01,-0.2155172413793103
2021-01-21,15:00,sz002361,神剑股份,4.59,4.68,4.58,4.63,89256,41482676.0,0.0,0.0
2021-01-22,15:00,sz002361,神剑股份,4.63,4.63,4.41,4.42,171161,76730480.0,-0.21,-4.535637149028078
2021-01-25,15:00,sz002361,神剑股份,4.42,4.42,4.26,4.28,172288,74286328.0,-0.14,-3.167420814479638
2021-01-26,15:00,sz002361,神剑股份,4.26,4.32,4.22,4.29,77021,32924112.0,0.01,0.233644859813084
2021-01-27,15:00,sz002361,神剑股份,4.3,4.34,4.24,4.27,48651,20767124.0,-0.02,-0.4662004662004662
2021-01-28,15:00,sz002361,神剑股份,4.26,4.33,4.21,4.25,56535,24099304.0,-0.02,-0.468384074941452
2021-01-29,15:00,sz002361,神剑股份,4.26,4.31,4.07,4.11,101777,42230864.0,-0.14,-3.294117647058824
2021-02-01,15:00,sz002361,神剑股份,4.12,4.19,4.07,4.11,50752,20985394.0,0.0,0.0
2021-02-02,15:00,sz002361,神剑股份,4.16,4.28,4.12,4.24,63254,26631150.0,0.13,3.1630170316301705
2021-02-03,15:00,sz002361,神剑股份,4.19,4.22,4.11,4.12,45323,18856906.0,-0.12,-2.8301886792452837
2021-02-04,15:00,sz002361,神剑股份,4.14,4.17,4.02,4.04,67057,27367038.0,-0.08,-1.9417475728155336
2021-02-05,15:00,sz002361,神剑股份,4.05,4.1,4.02,4.03,38965,15783622.0,-0.01,-0.2475247524752475
2021-02-08,15:00,sz002361,神剑股份,4.04,4.11,4.03,4.08,33719,13722700.0,0.05,1.240694789081886
2021-02-09,15:00,sz002361,神剑股份,4.35,4.35,4.14,4.19,61505,25885294.0,0.11,2.696078431372549
2021-02-10,15:00,sz002361,神剑股份,4.16,4.26,4.16,4.25,42786,18021330.0,0.06,1.431980906921241
2021-02-18,15:00,sz002361,神剑股份,4.31,4.37,4.25,4.32,64499,27877572.0,0.07,1.647058823529412
2021-02-19,15:00,sz002361,神剑股份,4.33,4.44,4.3,4.43,72236,31756610.0,0.11,2.5462962962962963
2021-02-22,15:00,sz002361,神剑股份,4.46,4.62,4.45,4.54,148700,67620336.0,0.11,2.4830699774266365
2021-02-23,15:00,sz002361,神剑股份,4.68,4.88,4.54,4.75,265334,124749160.0,0.21,4.625550660792952
2021-02-24,15:00,sz002361,神剑股份,5.01,5.23,4.89,5.04,551067,283738592.0,0.29,6.105263157894736
2021-02-25,15:00,sz002361,神剑股份,4.95,4.98,4.69,4.71,415248,199451488.0,-0.33,-6.547619047619048
2021-02-26,15:00,sz002361,神剑股份,4.55,4.77,4.51,4.7,200493,93307624.0,-0.01,-0.2123142250530785
2021-03-01,15:00,sz002361,神剑股份,4.63,4.91,4.63,4.85,229032,109679120.0,0.15,3.191489361702128
2021-03-02,15:00,sz002361,神剑股份,4.85,4.87,4.6,4.66,177149,83320336.0,-0.19,-3.917525773195876
2021-03-03,15:00,sz002361,神剑股份,4.66,4.82,4.6,4.77,138015,65147532.0,0.11,2.360515021459228
2021-03-04,15:00,sz002361,神剑股份,4.76,4.76,4.64,4.65,129288,60693164.0,-0.12,-2.515723270440252
2021-03-05,15:00,sz002361,神剑股份,4.64,4.73,4.62,4.67,96642,45170468.0,0.02,0.4301075268817204
2021-03-08,15:00,sz002361,神剑股份,5.01,5.01,4.7,4.7,205514,99165096.0,0.03,0.6423982869379015
2021-03-09,15:00,sz002361,神剑股份,4.69,4.88,4.51,4.73,157111,73411816.0,0.03,0.6382978723404255
2021-03-10,15:00,sz002361,神剑股份,4.71,4.75,4.51,4.53,100804,46287364.0,-0.2,-4.228329809725159
2021-03-11,15:00,sz002361,神剑股份,4.53,4.65,4.51,4.63,63819,29332000.0,0.1,2.207505518763797
2021-03-12,15:00,sz002361,神剑股份,4.61,4.65,4.52,4.6,62421,28613964.0,-0.03,-0.6479481641468683
2021-03-15,15:00,sz002361,神剑股份,4.56,4.64,4.54,4.61,50646,23257414.0,0.01,0.217391304347826
2021-03-16,15:00,sz002361,神剑股份,4.61,4.74,4.57,4.72,90925,42535996.0,0.11,2.386117136659436
2021-03-17,15:00,sz002361,神剑股份,4.72,4.78,4.67,4.78,90282,42881892.0,0.06,1.2711864406779665
2021-03-18,15:00,sz002361,神剑股份,4.81,4.81,4.69,4.7,66407,31346740.0,-0.08,-1.6736401673640169
2021-03-19,15:00,sz002361,神剑股份,4.63,4.75,4.61,4.65,73761,34387864.0,-0.05,-1.0638297872340423
2021-03-22,15:00,sz002361,神剑股份,4.69,4.81,4.69,4.79,106247,50506788.0,0.14,3.010752688172043
2021-03-23,15:00,sz002361,神剑股份,4.76,4.79,4.58,4.6,104390,48633256.0,-0.19,-3.966597077244259
2021-03-24,15:00,sz002361,神剑股份,4.57,4.62,4.54,4.55,59138,27053686.0,-0.05,-1.0869565217391304
2021-03-25,15:00,sz002361,神剑股份,4.57,4.59,4.45,4.45,65407,29533982.0,-0.1,-2.197802197802198
2021-03-26,15:00,sz002361,神剑股份,4.45,4.54,4.45,4.53,44188,19876772.0,0.08,1.7977528089887642
2021-03-29,15:00,sz002361,神剑股份,4.59,4.59,4.53,4.54,37618,17111812.0,0.01,0.2207505518763796
2021-03-30,15:00,sz002361,神剑股份,4.54,4.72,4.45,4.67,113242,52279144.0,0.13,2.8634361233480177
2021-03-31,15:00,sz002361,神剑股份,4.64,4.69,4.55,4.58,84616,38886520.0,-0.09,-1.9271948608137044
2021-04-01,15:00,sz002361,神剑股份,4.6,4.61,4.52,4.57,52473,23920224.0,-0.01,-0.2183406113537117
2021-04-02,15:00,sz002361,神剑股份,4.57,4.61,4.53,4.58,40562,18566182.0,0.01,0.2188183807439825
2021-04-06,15:00,sz002361,神剑股份,4.59,4.66,4.56,4.65,51447,23801646.0,0.07,1.5283842794759823
2021-04-07,15:00,sz002361,神剑股份,4.64,4.68,4.61,4.68,60300,28056244.0,0.03,0.6451612903225806
2021-04-08,15:00,sz002361,神剑股份,4.68,4.68,4.57,4.58,63063,29192310.0,-0.1,-2.1367521367521367
2021-04-09,15:00,sz002361,神剑股份,4.58,4.64,4.55,4.63,35607,16369316.0,0.05,1.0917030567685588
2021-04-12,15:00,sz002361,神剑股份,4.64,4.69,4.56,4.57,80163,37110952.0,-0.06,-1.2958963282937366
2021-04-13,15:00,sz002361,神剑股份,4.54,4.55,4.48,4.49,51180,23060726.0,-0.08,-1.75054704595186
2021-04-14,15:00,sz002361,神剑股份,4.48,4.63,4.47,4.61,47342,21560798.0,0.12,2.67260579064588
2021-04-15,15:00,sz002361,神剑股份,4.57,4.6,4.52,4.55,39586,17985600.0,-0.06,-1.3015184381778742
2021-04-16,15:00,sz002361,神剑股份,4.57,4.64,4.54,4.62,51621,23738696.0,0.07,1.5384615384615383
2021-04-19,15:00,sz002361,神剑股份,4.6,4.68,4.58,4.66,64059,29828600.0,0.04,0.8658008658008658
2021-04-20,15:00,sz002361,神剑股份,4.66,4.72,4.62,4.7,86535,40597096.0,0.04,0.8583690987124464
2021-04-21,15:00,sz002361,神剑股份,4.7,4.7,4.62,4.63,44168,20486278.0,-0.07,-1.4893617021276595
2021-04-22,15:00,sz002361,神剑股份,4.63,4.68,4.59,4.61,46449,21475762.0,-0.02,-0.4319654427645789
2021-04-23,15:00,sz002361,神剑股份,4.6,4.62,4.51,4.54,52550,23887646.0,-0.07,-1.5184381778741864
2021-04-26,15:00,sz002361,神剑股份,4.54,4.61,4.52,4.55,53931,24587180.0,0.01,0.2202643171806167
2021-04-27,15:00,sz002361,神剑股份,4.55,4.55,4.44,4.47,61481,27482504.0,-0.08,-1.7582417582417582
2021-04-28,15:00,sz002361,神剑股份,4.47,4.51,4.44,4.48,29617,13272140.0,0.01,0.2237136465324384
2021-04-29,15:00,sz002361,神剑股份,4.47,4.62,4.47,4.58,71175,32494270.0,0.1,2.232142857142857
2021-04-30,15:00,sz002361,神剑股份,4.62,4.62,4.44,4.45,77890,34929468.0,-0.13,-2.838427947598253
2021-05-06,15:00,sz002361,神剑股份,4.44,4.58,4.42,4.58,57572,25995010.0,0.13,2.9213483146067416
2021-05-07,15:00,sz002361,神剑股份,4.57,4.66,4.54,4.59,74727,34473604.0,0.01,0.2183406113537117
2021-05-10,15:00,sz002361,神剑股份,4.57,4.71,4.56,4.71,114316,53332164.0,0.12,2.6143790849673203
2021-05-11,15:00,sz002361,神剑股份,4.68,4.72,4.6,4.68,59547,27816372.0,-0.03,-0.6369426751592357
2021-05-12,15:00,sz002361,神剑股份,4.67,4.72,4.63,4.69,57717,26987136.0,0.01,0.2136752136752137
2021-05-13,15:00,sz002361,神剑股份,4.66,4.75,4.65,4.7,69782,32823366.0,0.01,0.2132196162046908
2021-05-14,15:00,sz002361,神剑股份,4.71,4.82,4.71,4.79,119380,56924312.0,0.09,1.9148936170212765
2021-05-17,15:00,sz002361,神剑股份,4.77,4.85,4.71,4.72,107515,51222336.0,-0.07,-1.4613778705636742
2021-05-18,15:00,sz002361,神剑股份,4.73,4.79,4.67,4.75,62690,29751304.0,0.03,0.6355932203389831
2021-05-19,15:00,sz002361,神剑股份,4.78,4.86,4.74,4.83,116181,56085904.0,0.08,1.6842105263157894
2021-05-20,15:00,sz002361,神剑股份,4.83,4.89,4.74,4.79,87779,42058264.0,-0.04,-0.8281573498964804
2021-05-21,15:00,sz002361,神剑股份,4.86,4.92,4.78,4.81,88344,42790468.0,0.02,0.417536534446764
2021-05-24,15:00,sz002361,神剑股份,4.8,4.84,4.64,4.72,88259,41849684.0,-0.09,-1.8711018711018712
2021-05-25,15:00,sz002361,神剑股份,4.72,4.76,4.67,4.75,67449,31826038.0,0.03,0.6355932203389831
2021-05-26,15:00,sz002361,神剑股份,4.73,4.8,4.73,4.76,82210,39171560.0,0.01,0.2105263157894736
2021-05-27,15:00,sz002361,神剑股份,4.75,4.84,4.73,4.84,85945,41262916.0,0.08,1.680672268907563
2021-05-28,15:00,sz002361,神剑股份,4.84,4.86,4.74,4.79,68348,32781696.0,-0.05,-1.0330578512396695
2021-05-31,15:00,sz002361,神剑股份,4.8,4.84,4.74,4.82,78677,37634704.0,0.03,0.6263048016701461
2021-06-01,15:00,sz002361,神剑股份,4.74,4.74,4.64,4.67,81371,37973580.0,-0.15,-3.112033195020747
2021-06-02,15:00,sz002361,神剑股份,4.66,4.72,4.64,4.66,58697,27483640.0,-0.01,-0.2141327623126338
2021-06-03,15:00,sz002361,神剑股份,4.67,4.8,4.64,4.75,107640,51070628.0,0.09,1.9313304721030045
2021-06-04,15:00,sz002361,神剑股份,4.73,4.8,4.72,4.73,62818,29871272.0,-0.02,-0.4210526315789473
2021-06-07,15:00,sz002361,神剑股份,4.76,4.81,4.73,4.81,97341,46551032.0,0.08,1.6913319238900637
2021-06-08,15:00,sz002361,神剑股份,4.8,4.84,4.77,4.84,74786,35889748.0,0.03,0.6237006237006237
2021-06-09,15:00,sz002361,神剑股份,4.83,5.02,4.8,4.99,233154,114757848.0,0.15,3.0991735537190084
2021-06-10,15:00,sz002361,神剑股份,4.96,4.99,4.85,4.94,158269,77588912.0,-0.05,-1.002004008016032
2021-06-11,15:00,sz002361,神剑股份,5.19,5.42,4.91,4.95,247606,125325304.0,0.01,0.2024291497975708
2021-06-15,15:00,sz002361,神剑股份,4.85,5.05,4.84,4.94,132879,65558744.0,-0.01,-0.202020202020202
2021-06-16,15:00,sz002361,神剑股份,4.93,4.94,4.74,4.76,114137,55077632.0,-0.18,-3.643724696356275
2021-06-17,15:00,sz002361,神剑股份,4.75,4.78,4.67,4.7,100726,47425328.0,-0.06,-1.2605042016806722
2021-06-18,15:00,sz002361,神剑股份,4.69,4.98,4.67,4.96,178425,86717112.0,0.26,5.531914893617021
2021-06-21,15:00,sz002361,神剑股份,4.93,5.11,4.91,5.07,169481,85686160.0,0.11,2.217741935483871
2021-06-22,15:00,sz002361,神剑股份,5.08,5.12,5.01,5.07,153793,77855984.0,0.0,0.0
2021-06-23,15:00,sz002361,神剑股份,5.12,5.12,4.98,5.0,87423,43954024.0,-0.07,-1.3806706114398422
2021-06-24,15:00,sz002361,神剑股份,5.0,5.08,4.95,4.97,93371,46793928.0,-0.03,-0.6
2021-06-25,15:00,sz002361,神剑股份,4.95,5.01,4.88,4.99,81485,40364872.0,0.02,0.4024144869215292
2021-06-28,15:00,sz002361,神剑股份,4.99,5.0,4.9,4.92,61233,30278574.0,-0.07,-1.402805611222445
2021-06-29,15:00,sz002361,神剑股份,4.94,4.94,4.78,4.79,81439,39506292.0,-0.13,-2.642276422764228
2021-06-30,15:00,sz002361,神剑股份,4.81,4.85,4.77,4.85,58548,28193624.0,0.06,1.2526096033402925
2021-07-01,15:00,sz002361,神剑股份,4.85,4.87,4.7,4.72,71817,34191596.0,-0.13,-2.6804123711340204
2021-07-02,15:00,sz002361,神剑股份,4.72,4.79,4.65,4.69,64147,30094126.0,-0.03,-0.6355932203389831
2021-07-05,15:00,sz002361,神剑股份,4.68,4.73,4.65,4.72,51460,24152668.0,0.03,0.6396588486140725
2021-07-06,15:00,sz002361,神剑股份,4.7,4.79,4.69,4.77,59872,28334392.0,0.05,1.059322033898305
2021-07-07,15:00,sz002361,神剑股份,4.78,4.8,4.72,4.77,51268,24416110.0,0.0,0.0
2021-07-08,15:00,sz002361,神剑股份,4.75,4.85,4.74,4.81,74736,35868112.0,0.04,0.8385744234800839
2021-07-09,15:00,sz002361,神剑股份,4.78,4.83,4.7,4.82,87298,41594628.0,0.01,0.2079002079002079
2021-07-12,15:00,sz002361,神剑股份,4.83,4.92,4.83,4.87,92201,45017596.0,0.05,1.0373443983402488
2021-07-13,15:00,sz002361,神剑股份,4.88,4.94,4.86,4.94,90950,44657104.0,0.07,1.4373716632443532
2021-07-14,15:00,sz002361,神剑股份,4.97,4.99,4.89,4.94,105439,52109480.0,0.0,0.0
2021-07-15,15:00,sz002361,神剑股份,4.95,5.15,4.95,5.07,235174,118721376.0,0.13,2.631578947368421
2021-07-16,15:00,sz002361,神剑股份,5.04,5.25,5.02,5.18,232818,119980088.0,0.11,2.1696252465483234
2021-07-19,15:00,sz002361,神剑股份,5.29,5.35,5.14,5.27,262220,137124096.0,0.09,1.7374517374517375
2021-07-20,15:00,sz002361,神剑股份,5.25,5.28,5.05,5.23,253775,130906464.0,-0.04,-0.7590132827324478
2021-07-21,15:00,sz002361,神剑股份,5.3,5.34,5.2,5.26,196610,103158184.0,0.03,0.5736137667304015
2021-07-22,15:00,sz002361,神剑股份,5.2,5.28,5.17,5.26,151009,79128880.0,0.0,0.0
2021-07-23,15:00,sz002361,神剑股份,5.24,5.31,5.2,5.27,156985,82592504.0,0.01,0.1901140684410646
2021-07-26,15:00,sz002361,神剑股份,5.28,5.35,5.13,5.25,161685,84748768.0,-0.02,-0.3795066413662239
2021-07-27,15:00,sz002361,神剑股份,5.22,5.28,5.05,5.07,158870,82608688.0,-0.18,-3.428571428571429
2021-07-28,15:00,sz002361,神剑股份,5.04,5.18,4.87,5.08,174502,87903808.0,0.01,0.1972386587771203
2021-07-29,15:00,sz002361,神剑股份,5.14,5.31,5.07,5.27,173242,90574240.0,0.19,3.740157480314961
2021-07-30,15:00,sz002361,神剑股份,5.27,5.33,5.22,5.32,145303,76706112.0,0.05,0.9487666034155596
2021-08-02,15:00,sz002361,神剑股份,5.36,5.54,5.28,5.44,255013,138835824.0,0.12,2.255639097744361
2021-08-03,15:00,sz002361,神剑股份,5.41,5.49,5.35,5.39,159110,86261952.0,-0.05,-0.9191176470588236
2021-08-04,15:00,sz002361,神剑股份,5.36,5.46,5.35,5.36,129620,69968384.0,-0.03,-0.5565862708719851
2021-08-05,15:00,sz002361,神剑股份,5.37,5.57,5.29,5.47,230988,126427840.0,0.11,2.0522388059701493
2021-08-06,15:00,sz002361,神剑股份,5.44,5.53,5.4,5.46,148835,81217968.0,-0.01,-0.1828153564899451
2021-08-09,15:00,sz002361,神剑股份,5.52,5.6,5.41,5.44,119167,65295388.0,-0.02,-0.3663003663003663
2021-08-10,15:00,sz002361,神剑股份,5.46,5.57,5.44,5.52,134039,73670664.0,0.08,1.4705882352941175
2021-08-11,15:00,sz002361,神剑股份,5.53,5.6,5.43,5.52,187435,103360952.0,0.0,0.0
2021-08-12,15:00,sz002361,神剑股份,5.53,5.54,5.4,5.49,124164,67896544.0,-0.03,-0.5434782608695652
2021-08-13,15:00,sz002361,神剑股份,5.48,5.52,5.4,5.48,95091,51841864.0,-0.01,-0.1821493624772313
2021-08-16,15:00,sz002361,神剑股份,5.5,5.66,5.4,5.43,167712,92448520.0,-0.05,-0.9124087591240876
2021-08-17,15:00,sz002361,神剑股份,5.41,5.46,5.2,5.24,152090,81130680.0,-0.19,-3.4990791896869244
2021-08-18,15:00,sz002361,神剑股份,5.25,5.6,5.24,5.54,281842,154599632.0,0.3,5.7251908396946565
2021-08-19,15:00,sz002361,神剑股份,5.51,5.62,5.39,5.53,144190,79253928.0,-0.01,-0.1805054151624548
2021-08-20,15:00,sz002361,神剑股份,5.5,5.56,5.42,5.52,113390,62244744.0,-0.01,-0.1808318264014466
2021-08-23,15:00,sz002361,神剑股份,5.55,5.72,5.52,5.7,244845,138299232.0,0.18,3.260869565217391
2021-08-24,15:00,sz002361,神剑股份,5.64,5.72,5.58,5.6,187907,105602960.0,-0.1,-1.7543859649122806
2021-08-25,15:00,sz002361,神剑股份,5.6,5.64,5.49,5.54,157840,87454752.0,-0.06,-1.0714285714285714
2021-08-26,15:00,sz002361,神剑股份,5.54,5.74,5.54,5.58,230210,129789352.0,0.04,0.7220216606498195
2021-08-27,15:00,sz002361,神剑股份,5.57,5.83,5.54,5.83,347195,199712880.0,0.25,4.480286738351254
2021-08-30,15:00,sz002361,神剑股份,5.77,5.88,5.66,5.72,271156,155739344.0,-0.11,-1.8867924528301887
2021-08-31,15:00,sz002361,神剑股份,5.72,5.84,5.66,5.75,186408,107110336.0,0.03,0.5244755244755245
2021-09-01,15:00,sz002361,神剑股份,5.74,5.81,5.45,5.52,227720,127326528.0,-0.23,-4.0
2021-09-02,15:00,sz002361,神剑股份,5.54,5.88,5.47,5.75,249797,142321568.0,0.23,4.166666666666666
2021-09-03,15:00,sz002361,神剑股份,5.77,5.9,5.65,5.76,230495,133254448.0,0.01,0.1739130434782608
2021-09-06,15:00,sz002361,神剑股份,5.76,5.76,5.51,5.63,160861,90194360.0,-0.13,-2.256944444444444
2021-09-07,15:00,sz002361,神剑股份,5.62,5.72,5.56,5.67,141505,79866632.0,0.04,0.7104795737122558
2021-09-08,15:00,sz002361,神剑股份,5.67,6.02,5.66,5.88,312917,184255152.0,0.21,3.7037037037037033
2021-09-09,15:00,sz002361,神剑股份,5.89,6.0,5.83,5.9,198739,117481400.0,0.02,0.3401360544217687
2021-09-10,15:00,sz002361,神剑股份,5.91,5.93,5.72,5.81,171208,99405152.0,-0.09,-1.5254237288135597
2021-09-13,15:00,sz002361,神剑股份,5.81,5.89,5.66,5.88,165014,95159656.0,0.07,1.2048192771084338
2021-09-14,15:00,sz002361,神剑股份,5.88,5.89,5.67,5.69,167230,96275080.0,-0.19,-3.231292517006803
2021-09-15,15:00,sz002361,神剑股份,5.69,5.87,5.67,5.82,159286,92059200.0,0.13,2.2847100175746924
2021-09-16,15:00,sz002361,神剑股份,5.83,6.15,5.77,5.81,359212,214288752.0,-0.01,-0.1718213058419244
2021-09-17,15:00,sz002361,神剑股份,5.78,5.97,5.59,5.7,266636,153631584.0,-0.11,-1.8932874354561104
2021-09-22,15:00,sz002361,神剑股份,5.66,5.91,5.63,5.9,227740,131747568.0,0.2,3.508771929824561
2021-09-23,15:00,sz002361,神剑股份,5.93,5.96,5.74,5.79,192524,111879328.0,-0.11,-1.864406779661017
2021-09-24,15:00,sz002361,神剑股份,5.8,5.81,5.46,5.52,289362,161378304.0,-0.27,-4.66321243523316
2021-09-27,15:00,sz002361,神剑股份,5.54,5.54,4.97,5.01,347845,177034304.0,-0.51,-9.239130434782608
2021-09-28,15:00,sz002361,神剑股份,5.02,5.07,4.95,5.01,125173,62700592.0,0.0,0.0
2021-09-29,15:00,sz002361,神剑股份,5.04,5.06,4.88,4.9,142186,70386856.0,-0.11,-2.19560878243513
2021-09-30,15:00,sz002361,神剑股份,4.98,5.18,4.88,5.17,224260,113423344.0,0.27,5.510204081632653
2021-10-08,15:00,sz002361,神剑股份,5.23,5.52,5.13,5.47,283827,152964112.0,0.3,5.802707930367505
2021-10-11,15:00,sz002361,神剑股份,5.53,5.72,5.4,5.67,259361,145415344.0,0.2,3.656307129798903
2021-10-12,15:00,sz002361,神剑股份,5.6,5.83,5.54,5.64,278955,158320368.0,-0.03,-0.5291005291005291
2021-10-13,15:00,sz002361,神剑股份,5.63,5.64,5.23,5.32,251448,134878960.0,-0.32,-5.673758865248227
2021-10-14,15:00,sz002361,神剑股份,5.3,5.3,5.1,5.16,192800,99760160.0,-0.16,-3.007518796992481
2021-10-15,15:00,sz002361,神剑股份,5.18,5.19,5.02,5.03,132240,67141576.0,-0.13,-2.5193798449612403
2021-10-18,15:00,sz002361,神剑股份,5.05,5.52,5.04,5.48,242386,128752848.0,0.45,8.946322067594433
2021-10-19,15:00,sz002361,神剑股份,5.44,5.62,5.39,5.59,216863,119629184.0,0.11,2.0072992700729926
2021-10-20,15:00,sz002361,神剑股份,5.55,5.7,5.51,5.53,145622,81217120.0,-0.06,-1.073345259391771
2021-10-21,15:00,sz002361,神剑股份,5.54,5.62,5.42,5.45,115047,63229160.0,-0.08,-1.4466546112115732
2021-10-22,15:00,sz002361,神剑股份,5.4,5.46,5.26,5.31,114803,61590864.0,-0.14,-2.568807339449541
2021-10-25,15:00,sz002361,神剑股份,5.3,5.54,5.25,5.5,126558,68717248.0,0.19,3.5781544256120528
2021-10-26,15:00,sz002361,神剑股份,5.53,5.54,5.3,5.33,112525,60571132.0,-0.17,-3.090909090909091
2021-10-27,15:00,sz002361,神剑股份,5.35,5.4,5.15,5.17,108952,56762564.0,-0.16,-3.00187617260788
2021-10-28,15:00,sz002361,神剑股份,5.15,5.17,5.02,5.04,132643,67211504.0,-0.13,-2.5145067698259185
2021-10-29,15:00,sz002361,神剑股份,5.05,5.17,4.97,5.12,120087,60994556.0,0.08,1.5873015873015872
2021-11-01,15:00,sz002361,神剑股份,5.1,5.2,5.08,5.18,96117,49510424.0,0.06,1.171875
2021-11-02,15:00,sz002361,神剑股份,5.19,5.23,4.95,5.01,161578,81623944.0,-0.17,-3.281853281853281
2021-11-03,15:00,sz002361,神剑股份,4.99,5.04,4.95,5.01,80505,40161432.0,0.0,0.0
2021-11-04,15:00,sz002361,神剑股份,5.01,5.09,4.97,5.05,104996,52846912.0,0.04,0.7984031936127743
2021-11-05,15:00,sz002361,神剑股份,5.05,5.08,4.91,4.92,114752,57124124.0,-0.13,-2.5742574257425743
2021-11-08,15:00,sz002361,神剑股份,4.97,5.09,4.93,4.97,117625,58803520.0,0.05,1.016260162601626
2021-11-09,15:00,sz002361,神剑股份,4.97,5.09,4.97,5.08,118266,59618452.0,0.11,2.2132796780684103
2021-11-10,15:00,sz002361,神剑股份,5.13,5.15,5.01,5.11,128876,65378268.0,0.03,0.5905511811023622
2021-11-11,15:00,sz002361,神剑股份,5.11,5.15,5.06,5.13,91280,46668808.0,0.02,0.3913894324853229
2021-11-12,15:00,sz002361,神剑股份,5.15,5.18,5.09,5.15,79076,40662940.0,0.02,0.3898635477582846
2021-11-15,15:00,sz002361,神剑股份,5.16,5.26,5.13,5.25,109646,56970668.0,0.1,1.9417475728155336
2021-11-16,15:00,sz002361,神剑股份,5.25,5.3,5.17,5.19,91417,47819564.0,-0.06,-1.1428571428571428
2021-11-17,15:00,sz002361,神剑股份,5.2,5.3,5.18,5.29,81916,43043740.0,0.1,1.9267822736030824
2021-11-18,15:00,sz002361,神剑股份,5.3,5.35,5.27,5.29,88547,47036884.0,0.0,0.0
2021-11-19,15:00,sz002361,神剑股份,5.3,5.38,5.24,5.33,97076,51707680.0,0.04,0.7561436672967864
2021-11-22,15:00,sz002361,神剑股份,5.36,5.42,5.3,5.32,103950,55469736.0,-0.01,-0.1876172607879924
2021-11-23,15:00,sz002361,神剑股份,5.31,5.34,5.25,5.28,94910,50190312.0,-0.04,-0.7518796992481203
2021-11-24,15:00,sz002361,神剑股份,5.3,5.3,5.19,5.21,103756,54207036.0,-0.07,-1.3257575757575757
2021-11-25,15:00,sz002361,神剑股份,5.21,5.26,5.17,5.2,75677,39456572.0,-0.01,-0.1919385796545105
2021-11-26,15:00,sz002361,神剑股份,5.18,5.22,5.13,5.2,104862,54218248.0,0.0,0.0
2021-11-29,15:00,sz002361,神剑股份,5.16,5.17,5.07,5.11,109395,55967832.0,-0.09,-1.7307692307692308
2021-11-30,15:00,sz002361,神剑股份,5.13,5.62,5.11,5.62,340634,185039552.0,0.51,9.980430528375733
2021-12-01,15:00,sz002361,神剑股份,5.76,5.78,5.49,5.76,549040,310716832.0,0.14,2.491103202846975
2021-12-02,15:00,sz002361,神剑股份,5.77,5.89,5.68,5.69,349566,201500912.0,-0.07,-1.215277777777778
2021-12-03,15:00,sz002361,神剑股份,5.76,5.96,5.64,5.83,339525,198060096.0,0.14,2.460456942003515
2021-12-06,15:00,sz002361,神剑股份,5.83,5.92,5.71,5.76,238956,139231376.0,-0.07,-1.2006861063464835
2021-12-07,15:00,sz002361,神剑股份,5.79,5.8,5.58,5.63,179536,101501504.0,-0.13,-2.256944444444444
2021-12-08,15:00,sz002361,神剑股份,5.58,5.91,5.55,5.74,209031,120221048.0,0.11,1.953818827708704
2021-12-09,15:00,sz002361,神剑股份,5.63,5.63,5.45,5.55,245673,135999184.0,-0.19,-3.3101045296167246
2021-12-10,15:00,sz002361,神剑股份,5.6,5.6,5.39,5.43,196784,107219752.0,-0.12,-2.1621621621621623
2021-12-13,15:00,sz002361,神剑股份,5.45,5.45,5.35,5.36,155314,83505856.0,-0.07,-1.289134438305709
2021-12-14,15:00,sz002361,神剑股份,5.36,5.4,5.3,5.36,127811,68431560.0,0.0,0.0
2021-12-15,15:00,sz002361,神剑股份,5.36,5.48,5.33,5.4,160668,86907984.0,0.04,0.7462686567164178
2021-12-16,15:00,sz002361,神剑股份,5.4,5.45,5.37,5.41,112362,60733908.0,0.01,0.1851851851851852
2021-12-17,15:00,sz002361,神剑股份,5.41,5.44,5.28,5.29,162110,86706856.0,-0.12,-2.2181146025878005
2021-12-20,15:00,sz002361,神剑股份,5.26,5.31,5.21,5.22,114081,59837472.0,-0.07,-1.3232514177693762
2021-12-21,15:00,sz002361,神剑股份,5.22,5.36,5.21,5.36,126223,66696832.0,0.14,2.681992337164751
2021-12-22,15:00,sz002361,神剑股份,5.33,5.48,5.33,5.46,180580,97848912.0,0.1,1.8656716417910448
2021-12-23,15:00,sz002361,神剑股份,5.49,5.49,5.37,5.4,118633,64087020.0,-0.06,-1.098901098901099
2021-12-24,15:00,sz002361,神剑股份,5.4,5.42,5.25,5.27,126504,67023740.0,-0.13,-2.4074074074074074
2021-12-27,15:00,sz002361,神剑股份,5.27,5.34,5.2,5.29,107706,56669076.0,0.02,0.3795066413662239
2021-12-28,15:00,sz002361,神剑股份,5.27,5.33,5.27,5.32,72767,38612220.0,0.03,0.5671077504725899
2021-12-29,15:00,sz002361,神剑股份,5.28,5.55,5.28,5.45,203749,111046656.0,0.13,2.443609022556391
2021-12-30,15:00,sz002361,神剑股份,5.5,5.59,5.46,5.55,165884,91707336.0,0.1,1.834862385321101
2021-12-31,15:00,sz002361,神剑股份,5.63,5.63,5.49,5.49,132009,73026592.0,-0.06,-1.0810810810810811
