日期,时间,代码,名称,开盘,最高,最低,收盘,总手,金额,涨幅,涨幅比
2015-01-05,15:00,sz002580,圣阳股份,17.25,17.74,16.81,17.42,24098,41480180.0,0.14,0.8101851851851851
2015-01-06,15:00,sz002580,圣阳股份,17.42,18.08,17.21,17.85,27897,49262300.0,0.43,2.4684270952927667
2015-01-07,15:00,sz002580,圣阳股份,17.85,18.1,17.6,17.93,30954,55298544.0,0.08,0.4481792717086834
2015-01-08,15:00,sz002580,圣阳股份,17.9,18.09,17.61,17.9,15169,27022078.0,-0.03,-0.1673173452314556
2015-01-09,15:00,sz002580,圣阳股份,17.91,18.0,17.36,17.36,17511,31061018.0,-0.54,-3.016759776536313
2015-01-12,15:00,sz002580,圣阳股份,17.29,17.45,17.0,17.11,16204,27797868.0,-0.25,-1.4400921658986174
2015-01-13,15:00,sz002580,圣阳股份,17.1,17.77,17.07,17.72,18024,31508926.0,0.61,3.565166569257744
2015-01-14,15:00,sz002580,圣阳股份,17.77,18.08,17.55,17.82,18754,33415194.0,0.1,0.5643340857787811
2015-01-15,15:00,sz002580,圣阳股份,17.94,18.2,17.78,17.88,14642,26294792.0,0.06,0.3367003367003366
2015-01-16,15:00,sz002580,圣阳股份,17.88,18.12,17.8,18.12,20424,36638324.0,0.24,1.342281879194631
2015-01-19,15:00,sz002580,圣阳股份,17.66,18.39,17.0,17.72,26685,47675172.0,-0.4,-2.207505518763797
2015-01-20,15:00,sz002580,圣阳股份,17.55,18.3,17.55,18.25,23131,41810488.0,0.53,2.99097065462754
2015-01-21,15:00,sz002580,圣阳股份,18.27,19.08,18.2,18.83,36837,69002328.0,0.58,3.1780821917808217
2015-01-22,15:00,sz002580,圣阳股份,18.83,19.67,18.83,19.42,38822,75018576.0,0.59,3.1332979288369622
2015-01-23,15:00,sz002580,圣阳股份,19.42,19.42,18.85,19.07,24906,47591836.0,-0.35,-1.8022657054582905
2015-01-26,15:00,sz002580,圣阳股份,19.03,19.5,19.0,19.48,20526,39573904.0,0.41,2.149973780807551
2015-01-27,15:00,sz002580,圣阳股份,19.45,19.89,19.3,19.55,28010,54879940.0,0.07,0.3593429158110883
2015-01-28,15:00,sz002580,圣阳股份,19.65,20.23,19.5,19.7,26208,52090100.0,0.15,0.7672634271099744
2015-01-29,15:00,sz002580,圣阳股份,19.74,19.74,19.07,19.08,16471,31738592.0,-0.62,-3.1472081218274117
2015-01-30,15:00,sz002580,圣阳股份,19.2,19.28,18.6,18.89,16599,31301530.0,-0.19,-0.9958071278825996
2015-02-02,15:00,sz002580,圣阳股份,18.68,19.5,18.55,19.34,17798,34109908.0,0.45,2.3822128110111174
2015-02-03,15:00,sz002580,圣阳股份,19.4,19.75,19.01,19.64,13158,25619002.0,0.3,1.5511892450879008
2015-02-04,15:00,sz002580,圣阳股份,19.7,19.74,19.4,19.5,11016,21537500.0,-0.14,-0.7128309572301426
2015-02-05,15:00,sz002580,圣阳股份,19.68,19.68,19.05,19.24,14379,27906704.0,-0.26,-1.3333333333333337
2015-02-06,15:00,sz002580,圣阳股份,19.06,19.22,18.44,18.44,13747,25865674.0,-0.8,-4.158004158004158
2015-02-09,15:00,sz002580,圣阳股份,18.63,18.67,18.16,18.46,12117,22386944.0,0.02,0.1084598698481561
2015-02-10,15:00,sz002580,圣阳股份,18.55,18.55,18.18,18.48,8058,14810503.0,0.02,0.1083423618634886
2015-02-11,15:00,sz002580,圣阳股份,18.41,19.35,18.28,19.23,19813,37677236.0,0.75,4.058441558441558
2015-02-12,15:00,sz002580,圣阳股份,19.23,21.15,19.05,21.15,49692,101063456.0,1.92,9.98439937597504
2015-02-13,15:00,sz002580,圣阳股份,21.66,21.86,21.21,21.61,66119,142572944.0,0.46,2.1749408983451537
2015-02-16,15:00,sz002580,圣阳股份,21.55,22.8,21.25,22.31,51607,114150200.0,0.7,3.2392410920869965
2015-02-17,15:00,sz002580,圣阳股份,22.31,22.31,21.71,21.92,23107,50709936.0,-0.39,-1.748095024652622
2015-02-25,15:00,sz002580,圣阳股份,22.04,22.05,20.84,21.03,30891,65688660.0,-0.89,-4.060218978102189
2015-02-26,15:00,sz002580,圣阳股份,21.09,21.46,20.6,21.42,19335,41051864.0,0.39,1.8544935805991445
2015-02-27,15:00,sz002580,圣阳股份,21.4,21.96,20.9,21.93,24599,52546724.0,0.51,2.380952380952381
2015-03-02,15:00,sz002580,圣阳股份,21.9,22.58,21.71,22.35,30390,67386664.0,0.42,1.915184678522572
2015-03-03,15:00,sz002580,圣阳股份,22.4,23.23,21.76,21.8,45478,103126120.0,-0.55,-2.460850111856823
2015-03-04,15:00,sz002580,圣阳股份,21.8,22.8,21.62,22.33,21438,47705564.0,0.53,2.431192660550459
2015-03-05,15:00,sz002580,圣阳股份,22.25,22.68,21.76,22.49,22541,50013676.0,0.16,0.7165248544558889
2015-03-06,15:00,sz002580,圣阳股份,22.4,22.6,21.2,21.73,24222,52855184.0,-0.76,-3.379279679857715
2015-03-09,15:00,sz002580,圣阳股份,21.54,22.0,21.4,21.73,14255,30992454.0,0.0,0.0
2015-03-10,15:00,sz002580,圣阳股份,21.6,22.47,21.5,22.27,20829,46116604.0,0.54,2.485043718361712
2015-03-11,15:00,sz002580,圣阳股份,22.27,22.99,21.95,22.68,22584,51040832.0,0.41,1.8410417602155364
2015-03-12,15:00,sz002580,圣阳股份,22.77,22.96,21.65,21.97,17141,38120180.0,-0.71,-3.130511463844797
2015-03-13,15:00,sz002580,圣阳股份,21.87,22.18,21.65,22.08,15114,33027294.0,0.11,0.5006827492034593
2015-03-16,15:00,sz002580,圣阳股份,22.3,23.3,22.11,23.1,39886,91407640.0,1.02,4.619565217391304
2015-03-17,15:00,sz002580,圣阳股份,23.6,24.65,23.3,24.3,52857,127473888.0,1.2,5.194805194805195
2015-03-18,15:00,sz002580,圣阳股份,24.51,24.6,23.7,24.3,26752,64459484.0,0.0,0.0
2015-03-19,15:00,sz002580,圣阳股份,24.44,24.44,23.8,24.19,15425,37131324.0,-0.11,-0.4526748971193415
2015-03-20,15:00,sz002580,圣阳股份,24.35,25.25,24.21,24.83,21992,54732288.0,0.64,2.645721372467962
2015-03-23,15:00,sz002580,圣阳股份,25.08,27.0,24.75,26.23,30208,77639480.0,1.4,5.638340716874748
2015-03-24,15:00,sz002580,圣阳股份,26.2,27.1,25.04,26.45,32706,86084760.0,0.22,0.8387342737323675
2015-03-25,15:00,sz002580,圣阳股份,26.53,29.1,26.0,29.1,45088,125068312.0,2.65,10.01890359168242
2015-03-26,15:00,sz002580,圣阳股份,29.5,32.01,28.21,28.4,64256,192564016.0,-0.7,-2.405498281786942
2015-03-27,15:00,sz002580,圣阳股份,28.3,30.1,27.8,29.45,33905,98181496.0,1.05,3.697183098591549
2015-03-30,15:00,sz002580,圣阳股份,29.36,29.65,26.85,28.95,54022,152690880.0,-0.5,-1.697792869269949
2015-03-31,15:00,sz002580,圣阳股份,28.4,28.91,26.06,28.08,51022,139267264.0,-0.87,-3.005181347150259
2015-04-01,15:00,sz002580,圣阳股份,27.54,29.6,27.01,29.45,56793,162834352.0,1.37,4.878917378917379
2015-04-02,15:00,sz002580,圣阳股份,29.2,32.12,29.11,31.23,58322,179715280.0,1.78,6.044142614601019
2015-04-03,15:00,sz002580,圣阳股份,31.0,33.0,30.8,32.3,45595,145694656.0,1.07,3.426192763368556
2015-04-07,15:00,sz002580,圣阳股份,31.97,33.37,31.45,33.31,57956,190284944.0,1.01,3.1269349845201235
2015-04-08,15:00,sz002580,圣阳股份,33.3,33.3,30.3,31.6,44001,139424384.0,-1.71,-5.133593515460823
2015-04-09,15:00,sz002580,圣阳股份,31.15,31.88,28.95,30.9,45788,138075888.0,-0.7,-2.2151898734177213
2015-04-10,15:00,sz002580,圣阳股份,30.41,32.63,30.41,31.13,40335,127240240.0,0.23,0.7443365695792881
2015-04-13,15:00,sz002580,圣阳股份,31.21,32.08,30.2,31.15,54683,172486544.0,0.02,0.064246707356248
2015-04-14,15:00,sz002580,圣阳股份,31.06,33.6,30.51,33.13,59232,190886080.0,1.98,6.356340288924558
2015-04-15,15:00,sz002580,圣阳股份,33.0,33.26,29.82,29.82,49026,151870848.0,-3.31,-9.990944763054634
2015-04-16,15:00,sz002580,圣阳股份,28.7,30.4,27.5,29.6,26194,76529104.0,-0.22,-0.7377598926894702
2015-04-17,15:00,sz002580,圣阳股份,29.8,31.96,29.8,31.71,68194,211648160.0,2.11,7.128378378378378
2015-04-20,15:00,sz002580,圣阳股份,31.2,32.17,31.11,32.06,68699,217634448.0,0.35,1.1037527593818983
2015-04-21,15:00,sz002580,圣阳股份,32.05,32.58,31.6,32.58,49014,157828112.0,0.52,1.6219588271990018
2015-04-22,15:00,sz002580,圣阳股份,32.5,34.38,32.45,32.55,144045,477698048.0,-0.03,-0.0920810313075506
2015-04-23,15:00,sz002580,圣阳股份,32.5,32.87,32.3,32.42,61456,200044720.0,-0.13,-0.3993855606758832
2015-04-24,15:00,sz002580,圣阳股份,32.38,32.65,31.51,31.83,38381,122861512.0,-0.59,-1.8198642813078345
2015-04-27,15:00,sz002580,圣阳股份,31.81,33.86,31.81,33.36,75711,250038016.0,1.53,4.806786050895382
2015-04-28,15:00,sz002580,圣阳股份,33.51,33.85,30.87,31.76,61247,196536336.0,-1.6,-4.796163069544365
2015-04-29,15:00,sz002580,圣阳股份,31.24,32.49,30.98,32.04,24700,79028392.0,0.28,0.8816120906801008
2015-04-30,15:00,sz002580,圣阳股份,32.78,32.99,32.0,32.0,44123,143534800.0,-0.04,-0.1248439450686641
2015-05-04,15:00,sz002580,圣阳股份,18.5,19.49,18.03,19.49,131737,247782656.0,-12.51,-39.09375
2015-05-05,15:00,sz002580,圣阳股份,19.77,21.26,19.77,20.09,172949,352420384.0,0.6,3.078501795792714
2015-05-06,15:00,sz002580,圣阳股份,20.48,21.88,18.8,19.29,146424,297735200.0,-0.8,-3.982080637132902
2015-05-07,15:00,sz002580,圣阳股份,18.8,18.99,17.36,17.36,93059,167316592.0,-1.93,-10.005184033177812
2015-05-08,15:00,sz002580,圣阳股份,17.65,18.18,16.73,18.18,128526,224207216.0,0.82,4.723502304147465
2015-05-11,15:00,sz002580,圣阳股份,18.3,20.0,18.3,20.0,132135,257834368.0,1.82,10.011001100110011
2015-05-12,15:00,sz002580,圣阳股份,20.01,20.77,19.65,20.39,133137,269546016.0,0.39,1.95
2015-05-13,15:00,sz002580,圣阳股份,20.2,20.68,19.7,20.4,90747,183438672.0,0.01,0.0490436488474742
2015-05-14,15:00,sz002580,圣阳股份,20.4,21.88,20.1,21.56,115634,243704256.0,1.16,5.686274509803922
2015-05-15,15:00,sz002580,圣阳股份,21.45,22.26,20.22,21.98,139911,296222624.0,0.42,1.948051948051948
2015-05-18,15:00,sz002580,圣阳股份,21.41,23.94,21.41,23.4,159951,359098880.0,1.42,6.46041856232939
2015-05-19,15:00,sz002580,圣阳股份,23.0,23.3,22.5,23.12,87685,201121872.0,-0.28,-1.1965811965811968
2015-05-20,15:00,sz002580,圣阳股份,23.24,24.63,22.8,23.01,89879,212858032.0,-0.11,-0.4757785467128028
2015-05-21,15:00,sz002580,圣阳股份,23.01,24.3,22.3,23.78,133962,309795232.0,0.77,3.346371142981312
2015-05-22,15:00,sz002580,圣阳股份,23.89,24.07,22.4,23.0,120638,278734368.0,-0.78,-3.280067283431455
2015-05-25,15:00,sz002580,圣阳股份,22.3,22.86,22.0,22.76,98917,222768512.0,-0.24,-1.0434782608695654
2015-05-26,15:00,sz002580,圣阳股份,22.71,23.88,22.6,23.72,109687,256680064.0,0.96,4.21792618629174
2015-05-27,15:00,sz002580,圣阳股份,23.72,25.18,23.02,24.82,144759,346657408.0,1.1,4.63743676222597
2015-05-28,15:00,sz002580,圣阳股份,24.53,25.38,22.34,22.34,123119,298781760.0,-2.48,-9.99194198227236
2015-05-29,15:00,sz002580,圣阳股份,22.34,22.88,20.53,22.16,88398,194980736.0,-0.18,-0.8057296329453895
2015-06-01,15:00,sz002580,圣阳股份,22.16,24.38,21.95,24.38,119064,281758528.0,2.22,10.018050541516246
2015-06-02,15:00,sz002580,圣阳股份,24.4,26.82,24.21,26.8,146756,376969312.0,2.42,9.92616899097621
2015-06-03,15:00,sz002580,圣阳股份,26.82,29.4,25.08,28.91,152410,409153088.0,2.11,7.873134328358208
2015-06-04,15:00,sz002580,圣阳股份,29.52,29.52,26.7,28.3,164502,468928000.0,-0.61,-2.109996540989277
2015-06-05,15:00,sz002580,圣阳股份,28.3,29.12,27.01,27.99,121986,345694752.0,-0.31,-1.0954063604240285
2015-06-08,15:00,sz002580,圣阳股份,27.48,27.48,25.62,26.09,117014,308156640.0,-1.9,-6.788138620936049
2015-06-09,15:00,sz002580,圣阳股份,25.78,26.11,25.0,25.96,72876,186126240.0,-0.13,-0.4982752012265236
2015-06-10,15:00,sz002580,圣阳股份,26.01,27.51,25.79,27.02,94114,253815584.0,1.06,4.083204930662557
2015-06-11,15:00,sz002580,圣阳股份,26.85,27.98,26.72,27.88,97927,267357680.0,0.86,3.182827535159141
2015-06-12,15:00,sz002580,圣阳股份,27.69,28.5,27.3,28.03,113036,314735808.0,0.15,0.5380200860832138
2015-06-15,15:00,sz002580,圣阳股份,28.0,28.33,25.68,26.22,100003,271864352.0,-1.81,-6.457367106671423
2015-06-16,15:00,sz002580,圣阳股份,25.79,25.79,23.6,23.64,109929,268834432.0,-2.58,-9.839816933638444
2015-06-17,15:00,sz002580,圣阳股份,23.8,26.0,23.0,26.0,96887,237913376.0,2.36,9.983079526226735
2015-06-18,15:00,sz002580,圣阳股份,26.71,27.66,25.57,27.2,134950,360508608.0,1.2,4.615384615384616
2015-06-19,15:00,sz002580,圣阳股份,26.6,28.0,24.48,24.48,132911,352592288.0,-2.72,-10.0
2015-06-23,15:00,sz002580,圣阳股份,23.75,24.6,22.03,23.26,76228,173773040.0,-1.22,-4.983660130718954
2015-06-24,15:00,sz002580,圣阳股份,23.61,24.42,22.35,23.69,75962,176979408.0,0.43,1.8486672398968185
2015-06-25,15:00,sz002580,圣阳股份,23.58,23.58,21.33,21.7,85063,190837840.0,-1.99,-8.400168847615028
2015-06-26,15:00,sz002580,圣阳股份,20.61,20.66,19.53,19.53,50152,99175280.0,-2.17,-10.0
2015-06-29,15:00,sz002580,圣阳股份,19.8,20.01,17.58,17.58,55060,99081288.0,-1.95,-9.984639016897082
2015-06-30,15:00,sz002580,圣阳股份,16.05,18.15,15.82,17.74,115384,197187760.0,0.16,0.9101251422070534
2015-07-01,15:00,sz002580,圣阳股份,17.51,18.0,15.97,15.97,116953,200556384.0,-1.77,-9.977452085682074
2015-07-02,15:00,sz002580,圣阳股份,15.8,15.8,14.37,14.37,76715,113216264.0,-1.6,-10.018785222291797
2015-07-03,15:00,sz002580,圣阳股份,13.2,14.69,12.93,12.93,87098,116902136.0,-1.44,-10.020876826722338
2015-07-06,15:00,sz002580,圣阳股份,14.1,14.1,11.64,11.64,87801,108989248.0,-1.29,-9.976798143851507
2015-07-07,15:00,sz002580,圣阳股份,10.64,10.96,10.48,10.48,31768,33479124.0,-1.16,-9.965635738831615
2015-07-14,15:00,sz002580,圣阳股份,11.53,11.53,11.53,11.53,1273,1468403.125,1.05,10.01908396946565
2015-07-15,15:00,sz002580,圣阳股份,12.68,12.68,12.0,12.68,179176,225094928.0,1.15,9.97398091934085
2015-07-16,15:00,sz002580,圣阳股份,12.68,13.78,11.61,13.25,170802,222430944.0,0.57,4.495268138801261
2015-07-17,15:00,sz002580,圣阳股份,13.27,14.58,13.27,14.58,138877,195538592.0,1.33,10.037735849056602
2015-07-20,15:00,sz002580,圣阳股份,14.85,15.49,14.58,15.36,157057,236402144.0,0.78,5.349794238683128
2015-07-21,15:00,sz002580,圣阳股份,14.98,16.28,14.7,15.86,118355,183799216.0,0.5,3.255208333333333
2015-07-22,15:00,sz002580,圣阳股份,15.75,16.18,15.21,15.69,84040,132020464.0,-0.17,-1.0718789407313998
2015-07-23,15:00,sz002580,圣阳股份,15.69,16.26,15.48,16.2,82517,131646032.0,0.51,3.250478011472276
2015-07-24,15:00,sz002580,圣阳股份,16.2,16.95,15.68,15.95,98372,162962240.0,-0.25,-1.5432098765432098
2015-07-27,15:00,sz002580,圣阳股份,15.5,16.25,14.36,14.36,101662,154818768.0,-1.59,-9.968652037617556
2015-07-28,15:00,sz002580,圣阳股份,13.25,14.45,12.92,12.96,108479,144448656.0,-1.4,-9.749303621169917
2015-07-29,15:00,sz002580,圣阳股份,13.18,14.2,12.3,14.2,88597,117222552.0,1.24,9.5679012345679
2015-07-30,15:00,sz002580,圣阳股份,13.98,14.68,13.61,14.3,104581,150091360.0,0.1,0.7042253521126761
2015-07-31,15:00,sz002580,圣阳股份,13.76,14.25,13.28,13.9,73174,101477336.0,-0.4,-2.797202797202797
2015-08-03,15:00,sz002580,圣阳股份,13.64,13.66,12.62,13.01,57280,75062336.0,-0.89,-6.402877697841726
2015-08-04,15:00,sz002580,圣阳股份,13.09,14.31,13.03,14.31,81408,111844096.0,1.3,9.992313604919293
2015-08-05,15:00,sz002580,圣阳股份,14.31,15.42,14.08,14.99,138073,205271760.0,0.68,4.751921733053808
2015-08-06,15:00,sz002580,圣阳股份,14.62,16.49,14.43,16.49,290677,471090784.0,1.5,10.00667111407605
2015-08-07,15:00,sz002580,圣阳股份,16.48,17.85,16.03,17.74,372615,621169600.0,1.25,7.580351728320194
2015-08-10,15:00,sz002580,圣阳股份,17.53,18.48,17.34,17.99,241314,434057472.0,0.25,1.4092446448703495
2015-08-11,15:00,sz002580,圣阳股份,17.68,18.13,17.31,17.52,168010,298402336.0,-0.47,-2.612562534741523
2015-08-12,15:00,sz002580,圣阳股份,17.08,17.77,16.76,16.78,109470,188672080.0,-0.74,-4.223744292237443
2015-08-13,15:00,sz002580,圣阳股份,16.59,18.46,16.59,18.46,160947,282944576.0,1.68,10.0119189511323
2015-08-14,15:00,sz002580,圣阳股份,18.76,18.98,17.99,17.99,155179,286241920.0,-0.47,-2.5460455037919827
2015-08-17,15:00,sz002580,圣阳股份,18.0,18.38,17.6,18.23,105886,191343136.0,0.24,1.3340744858254583
2015-08-18,15:00,sz002580,圣阳股份,18.3,18.39,16.41,16.41,110529,191316928.0,-1.82,-9.983543609434998
2015-08-19,15:00,sz002580,圣阳股份,15.78,17.0,14.77,16.54,132267,205828832.0,0.13,0.7921998781230957
2015-08-20,15:00,sz002580,圣阳股份,16.15,16.67,15.42,15.44,83820,134336288.0,-1.1,-6.650544135429263
2015-08-21,15:00,sz002580,圣阳股份,14.8,15.39,13.96,14.01,108607,157551200.0,-1.43,-9.261658031088082
2015-08-24,15:00,sz002580,圣阳股份,13.04,13.46,12.61,12.61,48902,62400504.0,-1.4,-9.992862241256246
2015-08-25,15:00,sz002580,圣阳股份,11.35,11.86,11.35,11.35,67990,77888592.0,-1.26,-9.99206978588422
2015-08-26,15:00,sz002580,圣阳股份,11.5,12.19,10.55,11.85,115558,132285920.0,0.5,4.405286343612335
2015-08-27,15:00,sz002580,圣阳股份,11.75,12.58,11.43,12.55,112545,135435312.0,0.7,5.907172995780591
2015-08-28,15:00,sz002580,圣阳股份,12.62,13.49,12.5,13.3,116667,150385936.0,0.75,5.9760956175298805
2015-08-31,15:00,sz002580,圣阳股份,13.0,13.0,11.97,11.97,93362,116674464.0,-1.33,-10.0
2015-09-01,15:00,sz002580,圣阳股份,11.57,11.99,10.77,10.77,87100,96271384.0,-1.2,-10.025062656641603
2015-09-02,15:00,sz002580,圣阳股份,10.09,11.26,9.87,10.09,80747,84765080.0,-0.68,-6.313834726090993
2015-09-07,15:00,sz002580,圣阳股份,10.4,11.0,9.5,10.38,71676,75727624.0,0.29,2.874132804757185
2015-09-08,15:00,sz002580,圣阳股份,10.3,11.38,10.16,11.27,72817,78107464.0,0.89,8.574181117533719
2015-09-09,15:00,sz002580,圣阳股份,11.45,11.96,11.31,11.85,103397,121371072.0,0.58,5.146406388642413
2015-09-10,15:00,sz002580,圣阳股份,11.62,12.76,11.51,12.34,150974,184736688.0,0.49,4.135021097046414
2015-09-11,15:00,sz002580,圣阳股份,12.18,13.57,12.11,13.57,187448,245016912.0,1.23,9.967585089141004
2015-09-14,15:00,sz002580,圣阳股份,13.58,13.69,12.21,12.21,100579,129180088.0,-1.36,-10.02210759027266
2015-09-15,15:00,sz002580,圣阳股份,11.75,12.4,11.06,12.24,89906,104459408.0,0.03,0.2457002457002457
2015-09-16,15:00,sz002580,圣阳股份,12.03,13.45,12.01,13.38,166518,212263264.0,1.14,9.31372549019608
2015-09-17,15:00,sz002580,圣阳股份,13.18,13.5,12.37,12.4,204062,267149120.0,-0.98,-7.324364723467862
2015-09-18,15:00,sz002580,圣阳股份,12.45,12.66,11.81,12.24,102549,124913568.0,-0.16,-1.2903225806451613
2015-09-21,15:00,sz002580,圣阳股份,12.08,12.98,11.85,12.94,85717,106849712.0,0.7,5.718954248366013
2015-09-22,15:00,sz002580,圣阳股份,12.92,13.2,12.5,12.68,98474,126190128.0,-0.26,-2.009273570324575
2015-09-23,15:00,sz002580,圣阳股份,12.4,13.48,12.28,13.21,143547,186390240.0,0.53,4.17981072555205
2015-09-24,15:00,sz002580,圣阳股份,13.29,13.68,12.89,13.09,131771,174775584.0,-0.12,-0.9084027252081756
2015-09-25,15:00,sz002580,圣阳股份,12.87,13.01,11.78,12.0,107915,133305656.0,-1.09,-8.326967150496563
2015-09-28,15:00,sz002580,圣阳股份,11.99,12.45,11.72,12.38,57607,70130664.0,0.38,3.166666666666667
2015-09-29,15:00,sz002580,圣阳股份,12.13,12.6,12.06,12.28,67713,83475680.0,-0.1,-0.8077544426494345
2015-09-30,15:00,sz002580,圣阳股份,12.42,12.7,12.3,12.47,65103,81321408.0,0.19,1.5472312703583062
2015-10-08,15:00,sz002580,圣阳股份,13.0,13.32,12.75,13.11,93315,122245056.0,0.64,5.132317562149158
2015-10-09,15:00,sz002580,圣阳股份,13.01,13.81,13.01,13.62,118149,159248096.0,0.51,3.8901601830663615
2015-10-12,15:00,sz002580,圣阳股份,13.8,14.98,13.62,14.98,168850,243166192.0,1.36,9.985315712187958
2015-10-13,15:00,sz002580,圣阳股份,14.78,16.46,14.58,16.21,167032,254958160.0,1.23,8.210947930574099
2015-10-14,15:00,sz002580,圣阳股份,16.2,16.2,15.16,15.2,162913,253064848.0,-1.01,-6.230721776681062
2015-10-15,15:00,sz002580,圣阳股份,15.0,16.72,14.92,16.72,230059,370362816.0,1.52,10.0
2015-10-16,15:00,sz002580,圣阳股份,17.5,18.15,16.2,16.94,295094,509327488.0,0.22,1.3157894736842104
2015-10-19,15:00,sz002580,圣阳股份,16.94,17.66,16.3,16.7,235523,398486368.0,-0.24,-1.4167650531286895
2015-10-20,15:00,sz002580,圣阳股份,16.9,17.43,16.6,16.98,157556,267580176.0,0.28,1.6766467065868262
2015-10-21,15:00,sz002580,圣阳股份,16.91,16.92,15.28,15.28,172019,277097792.0,-1.7,-10.011778563015312
2015-10-22,15:00,sz002580,圣阳股份,15.23,16.46,14.61,16.12,176531,272985952.0,0.84,5.49738219895288
2015-10-23,15:00,sz002580,圣阳股份,16.38,16.65,15.78,16.39,171727,279815200.0,0.27,1.6749379652605458
2015-10-26,15:00,sz002580,圣阳股份,16.58,17.3,16.21,16.7,161056,270213504.0,0.31,1.891397193410616
2015-10-27,15:00,sz002580,圣阳股份,16.54,16.64,15.22,16.4,110069,177080480.0,-0.3,-1.7964071856287425
2015-10-28,15:00,sz002580,圣阳股份,16.12,16.82,16.12,16.25,114530,189541552.0,-0.15,-0.9146341463414632
2015-10-29,15:00,sz002580,圣阳股份,16.49,17.1,15.9,17.03,143130,236953376.0,0.78,4.8
2015-10-30,15:00,sz002580,圣阳股份,16.9,17.83,16.37,17.15,165477,285002912.0,0.12,0.7046388725778039
2015-11-02,15:00,sz002580,圣阳股份,16.45,17.74,16.38,16.57,138550,235118688.0,-0.58,-3.381924198250729
2015-11-03,15:00,sz002580,圣阳股份,16.61,16.9,16.12,16.55,106788,177178224.0,-0.02,-0.1207000603500301
2015-11-04,15:00,sz002580,圣阳股份,16.67,18.21,16.67,18.21,171546,302441568.0,1.66,10.030211480362537
2015-11-05,15:00,sz002580,圣阳股份,18.45,19.58,17.78,18.96,337804,629555968.0,0.75,4.118616144975288
2015-11-06,15:00,sz002580,圣阳股份,18.65,19.7,18.65,19.0,215550,410882464.0,0.04,0.210970464135021
2015-11-09,15:00,sz002580,圣阳股份,18.55,19.48,18.21,18.89,189093,356733184.0,-0.11,-0.5789473684210527
2015-11-10,15:00,sz002580,圣阳股份,18.5,20.1,18.44,19.65,236604,454492992.0,0.76,4.023292747485442
2015-11-11,15:00,sz002580,圣阳股份,19.45,20.15,19.2,19.75,217918,429318464.0,0.1,0.5089058524173028
2015-11-12,15:00,sz002580,圣阳股份,20.13,21.73,20.1,20.88,294348,620267264.0,1.13,5.721518987341772
2015-11-13,15:00,sz002580,圣阳股份,20.33,20.99,19.01,19.73,233006,465161024.0,-1.15,-5.507662835249042
2015-11-16,15:00,sz002580,圣阳股份,19.05,20.19,19.03,20.03,120004,234046560.0,0.3,1.5205271160669032
2015-11-17,15:00,sz002580,圣阳股份,20.18,20.71,19.16,19.21,151563,301520256.0,-0.82,-4.093859211183226
2015-11-18,15:00,sz002580,圣阳股份,19.28,19.59,18.45,18.64,108945,208196304.0,-0.57,-2.9672045809474232
2015-11-19,15:00,sz002580,圣阳股份,18.76,19.79,18.5,19.63,117321,224029648.0,0.99,5.3111587982832615
2015-11-20,15:00,sz002580,圣阳股份,19.5,19.95,19.19,19.51,121319,237617792.0,-0.12,-0.6113092205807438
2015-11-23,15:00,sz002580,圣阳股份,19.3,19.55,18.78,18.95,110231,211170336.0,-0.56,-2.8703229113275244
2015-11-24,15:00,sz002580,圣阳股份,19.25,19.43,18.86,19.32,99256,189981184.0,0.37,1.9525065963060684
2015-11-25,15:00,sz002580,圣阳股份,19.32,20.3,19.1,20.18,159892,319596192.0,0.86,4.451345755693581
2015-11-26,15:00,sz002580,圣阳股份,20.7,20.7,19.45,19.62,120812,241516512.0,-0.56,-2.7750247770069376
2015-11-27,15:00,sz002580,圣阳股份,19.56,19.65,17.66,17.73,126346,236306496.0,-1.89,-9.63302752293578
2015-11-30,15:00,sz002580,圣阳股份,17.73,18.23,16.65,18.07,114120,202428128.0,0.34,1.9176536943034408
2015-12-01,15:00,sz002580,圣阳股份,18.1,18.72,17.9,18.15,88667,162623136.0,0.08,0.4427227448810182
2015-12-02,15:00,sz002580,圣阳股份,18.1,18.14,16.72,17.62,63402,111303152.0,-0.53,-2.9201101928374653
2015-12-03,15:00,sz002580,圣阳股份,17.6,18.29,17.5,18.19,67164,120566624.0,0.57,3.234960272417707
2015-12-04,15:00,sz002580,圣阳股份,18.0,18.48,17.88,18.24,70672,129094256.0,0.05,0.2748763056624519
2015-12-07,15:00,sz002580,圣阳股份,18.3,18.95,18.02,18.93,84336,157072512.0,0.69,3.782894736842105
2015-12-08,15:00,sz002580,圣阳股份,18.79,18.85,18.03,18.1,84937,156071728.0,-0.83,-4.384574749075541
2015-12-09,15:00,sz002580,圣阳股份,18.08,19.25,17.95,19.22,159974,301952544.0,1.12,6.187845303867404
2015-12-10,15:00,sz002580,圣阳股份,19.18,19.47,18.58,18.7,114914,217838000.0,-0.52,-2.705515088449532
2015-12-11,15:00,sz002580,圣阳股份,18.49,18.49,17.9,17.92,75761,137397024.0,-0.78,-4.171122994652406
2015-12-14,15:00,sz002580,圣阳股份,17.55,18.33,17.48,18.3,46006,82583704.0,0.38,2.1205357142857144
2015-12-15,15:00,sz002580,圣阳股份,18.35,18.88,18.35,18.66,55767,104225944.0,0.36,1.9672131147540983
2015-12-16,15:00,sz002580,圣阳股份,18.75,18.97,18.65,18.68,52940,99587144.0,0.02,0.1071811361200428
2015-12-17,15:00,sz002580,圣阳股份,18.93,19.48,18.91,19.28,98345,189158336.0,0.6,3.2119914346895078
2015-12-18,15:00,sz002580,圣阳股份,19.4,19.56,19.04,19.48,98036,189766480.0,0.2,1.0373443983402488
2015-12-21,15:00,sz002580,圣阳股份,19.66,19.69,19.1,19.3,77853,150563888.0,-0.18,-0.9240246406570842
2015-12-22,15:00,sz002580,圣阳股份,19.37,19.9,19.2,19.79,90923,177871216.0,0.49,2.5388601036269427
2015-12-23,15:00,sz002580,圣阳股份,19.76,19.85,19.1,19.12,80797,156764800.0,-0.67,-3.385548256695301
2015-12-24,15:00,sz002580,圣阳股份,19.06,19.19,18.07,18.83,64655,120325856.0,-0.29,-1.5167364016736402
2015-12-25,15:00,sz002580,圣阳股份,18.83,19.37,18.75,19.2,62680,119951784.0,0.37,1.9649495485926711
2015-12-28,15:00,sz002580,圣阳股份,19.26,19.67,18.58,18.99,90905,175634192.0,-0.21,-1.09375
2015-12-29,15:00,sz002580,圣阳股份,18.77,20.19,18.5,20.12,173066,338239072.0,1.13,5.950500263296472
2015-12-30,15:00,sz002580,圣阳股份,20.0,20.0,19.67,19.96,135363,268812736.0,-0.16,-0.7952286282306162
2015-12-31,15:00,sz002580,圣阳股份,20.05,20.88,19.97,20.0,177479,361931552.0,0.04,0.2004008016032064
2016-01-04,15:00,sz002580,圣阳股份,19.83,19.83,18.0,18.0,99456,185703248.0,-2.0,-10.0
2016-01-05,15:00,sz002580,圣阳股份,17.0,17.96,16.21,16.9,118843,202838832.0,-1.1,-6.111111111111111
2016-01-06,15:00,sz002580,圣阳股份,17.2,17.52,16.54,17.5,88703,152146448.0,0.6,3.5502958579881656
2016-01-07,15:00,sz002580,圣阳股份,17.05,17.08,15.75,15.76,28528,46575172.0,-1.74,-9.942857142857145
2016-01-08,15:00,sz002580,圣阳股份,16.02,16.39,14.5,15.82,84592,132877840.0,0.06,0.3807106598984772
2016-01-11,15:00,sz002580,圣阳股份,15.24,15.49,14.24,14.24,86665,128675864.0,-1.58,-9.987357774968396
2016-01-12,15:00,sz002580,圣阳股份,14.19,14.6,14.01,14.4,60537,87226920.0,0.16,1.1235955056179776
2016-01-13,15:00,sz002580,圣阳股份,14.51,14.7,13.4,13.59,46386,66177696.0,-0.81,-5.625
2016-01-14,15:00,sz002580,圣阳股份,12.99,14.38,12.8,14.22,80923,111276040.0,0.63,4.635761589403973
2016-01-15,15:00,sz002580,圣阳股份,14.05,14.34,13.09,13.38,71796,99631856.0,-0.84,-5.907172995780591
2016-01-18,15:00,sz002580,圣阳股份,12.95,13.95,12.84,13.69,58926,80132000.0,0.31,2.316890881913304
2016-01-19,15:00,sz002580,圣阳股份,13.57,14.29,13.56,14.25,68723,95992424.0,0.56,4.090577063550037
2016-01-20,15:00,sz002580,圣阳股份,14.2,15.18,13.95,15.11,116706,168372016.0,0.86,6.035087719298246
2016-01-21,15:00,sz002580,圣阳股份,14.59,15.11,14.1,14.1,107521,157565152.0,-1.01,-6.684315023163467
2016-01-22,15:00,sz002580,圣阳股份,14.28,14.38,13.68,14.26,64509,90873984.0,0.16,1.1347517730496457
2016-01-25,15:00,sz002580,圣阳股份,14.4,14.58,14.19,14.32,48829,70294784.0,0.06,0.4207573632538569
2016-01-26,15:00,sz002580,圣阳股份,14.01,14.17,12.89,12.89,66355,89718576.0,-1.43,-9.986033519553072
2016-01-27,15:00,sz002580,圣阳股份,13.0,13.09,11.68,12.47,69040,84936320.0,-0.42,-3.2583397982932505
2016-01-28,15:00,sz002580,圣阳股份,12.22,13.08,12.12,12.6,101433,128627784.0,0.13,1.0425020048115476
2016-01-29,15:00,sz002580,圣阳股份,12.33,13.48,12.33,13.32,58226,75800808.0,0.72,5.714285714285714
2016-03-14,15:00,sz002580,圣阳股份,13.1,14.19,12.57,13.71,145485,195934432.0,0.39,2.927927927927928
2016-03-15,15:00,sz002580,圣阳股份,13.51,14.04,13.32,13.38,90922,123863744.0,-0.33,-2.4070021881838075
2016-03-16,15:00,sz002580,圣阳股份,13.7,14.19,13.58,13.67,125617,174619104.0,0.29,2.167414050822123
2016-03-17,15:00,sz002580,圣阳股份,13.9,14.7,13.61,14.7,140891,200090576.0,1.03,7.534747622531091
2016-03-18,15:00,sz002580,圣阳股份,14.4,15.14,14.36,14.95,138215,205392432.0,0.25,1.7006802721088436
2016-03-21,15:00,sz002580,圣阳股份,15.15,16.45,14.82,16.44,196967,303812800.0,1.49,9.966555183946488
2016-03-22,15:00,sz002580,圣阳股份,15.9,16.31,15.62,15.96,120759,192555040.0,-0.48,-2.9197080291970803
2016-03-23,15:00,sz002580,圣阳股份,15.8,16.58,15.7,16.42,132537,215142832.0,0.46,2.882205513784461
2016-03-24,15:00,sz002580,圣阳股份,16.2,16.39,15.78,15.78,102054,163456608.0,-0.64,-3.89768574908648
2016-03-25,15:00,sz002580,圣阳股份,15.65,16.0,15.45,15.82,64236,100605096.0,0.04,0.2534854245880861
2016-03-28,15:00,sz002580,圣阳股份,15.85,16.3,15.67,15.75,61747,98800072.0,-0.07,-0.4424778761061947
2016-03-29,15:00,sz002580,圣阳股份,16.0,16.21,15.41,15.58,67456,106870760.0,-0.17,-1.0793650793650795
2016-03-30,15:00,sz002580,圣阳股份,15.76,16.63,15.63,16.46,101989,164794832.0,0.88,5.648267008985879
2016-03-31,15:00,sz002580,圣阳股份,16.42,16.96,16.15,16.29,106127,174938512.0,-0.17,-1.0328068043742409
2016-04-01,15:00,sz002580,圣阳股份,16.28,16.37,15.68,15.99,64121,102118144.0,-0.3,-1.841620626151013
2016-04-05,15:00,sz002580,圣阳股份,16.0,16.87,15.99,16.65,85914,141823552.0,0.66,4.127579737335835
2016-04-06,15:00,sz002580,圣阳股份,16.65,17.16,16.45,17.16,125401,211433680.0,0.51,3.063063063063063
2016-04-07,15:00,sz002580,圣阳股份,17.21,17.21,16.58,16.78,88224,149032320.0,-0.38,-2.2144522144522143
2016-04-08,15:00,sz002580,圣阳股份,16.59,17.28,16.1,17.21,95277,158840064.0,0.43,2.562574493444577
2016-04-11,15:00,sz002580,圣阳股份,17.38,17.95,17.25,17.56,92484,163593088.0,0.35,2.033701336432307
2016-04-12,15:00,sz002580,圣阳股份,17.38,17.94,17.03,17.83,83308,145863696.0,0.27,1.5375854214123008
2016-04-13,15:00,sz002580,圣阳股份,17.79,18.2,17.56,17.65,96557,173556448.0,-0.18,-1.0095344924284912
2016-04-14,15:00,sz002580,圣阳股份,17.71,18.18,17.65,18.01,77811,139082128.0,0.36,2.039660056657224
2016-04-15,15:00,sz002580,圣阳股份,18.0,18.75,17.9,18.39,99215,182422704.0,0.38,2.109938922820655
2016-04-18,15:00,sz002580,圣阳股份,18.25,18.29,17.65,17.81,56708,101651648.0,-0.58,-3.1538879825992385
2016-04-19,15:00,sz002580,圣阳股份,18.0,18.2,17.46,18.1,77703,138719072.0,0.29,1.6282987085906797
2016-04-20,15:00,sz002580,圣阳股份,18.1,18.24,16.38,16.76,84585,146387872.0,-1.34,-7.403314917127071
2016-04-21,15:00,sz002580,圣阳股份,16.72,17.21,16.42,16.5,68389,115400512.0,-0.26,-1.5513126491646778
2016-04-22,15:00,sz002580,圣阳股份,16.61,17.0,16.25,16.94,54306,90844352.0,0.44,2.666666666666667
2016-04-25,15:00,sz002580,圣阳股份,16.89,16.89,16.5,16.77,33340,55746640.0,-0.17,-1.0035419126328218
2016-04-26,15:00,sz002580,圣阳股份,16.8,17.6,16.7,17.52,68245,117415184.0,0.75,4.47227191413238
2016-04-27,15:00,sz002580,圣阳股份,17.5,18.38,17.41,17.68,89477,160545472.0,0.16,0.91324200913242
2016-04-28,15:00,sz002580,圣阳股份,17.56,17.83,16.92,17.47,62339,108363432.0,-0.21,-1.1877828054298645
2016-04-29,15:00,sz002580,圣阳股份,17.47,18.16,17.4,17.95,74755,133834040.0,0.48,2.7475672581568404
2016-05-03,15:00,sz002580,圣阳股份,17.85,18.14,17.72,18.1,189980,339622432.0,0.15,0.8356545961002786
2016-05-04,15:00,sz002580,圣阳股份,17.96,17.96,17.45,17.62,113570,201039744.0,-0.48,-2.6519337016574585
2016-05-05,15:00,sz002580,圣阳股份,17.5,17.74,17.31,17.68,83543,146430992.0,0.06,0.340522133938706
2016-05-06,15:00,sz002580,圣阳股份,17.64,17.75,15.91,15.92,159997,267546688.0,-1.76,-9.95475113122172
2016-05-09,15:00,sz002580,圣阳股份,15.58,15.58,14.52,14.59,96232,143375696.0,-1.33,-8.35427135678392
2016-05-10,15:00,sz002580,圣阳股份,14.6,14.82,14.35,14.41,51055,74576072.0,-0.18,-1.233721727210418
2016-05-11,15:00,sz002580,圣阳股份,14.64,14.85,14.2,14.42,52417,76334928.0,0.01,0.0693962526023594
2016-05-12,15:00,sz002580,圣阳股份,14.01,14.7,13.8,14.65,65215,93477024.0,0.23,1.59500693481276
2016-05-13,15:00,sz002580,圣阳股份,14.58,15.42,14.5,14.95,98321,148216928.0,0.3,2.04778156996587
2016-05-16,15:00,sz002580,圣阳股份,15.0,15.88,14.84,15.76,114310,176575520.0,0.81,5.418060200668896
2016-05-17,15:00,sz002580,圣阳股份,15.62,15.83,15.31,15.41,87960,136773008.0,-0.35,-2.220812182741117
2016-05-18,15:00,sz002580,圣阳股份,15.15,15.35,14.0,14.48,82780,122178704.0,-0.93,-6.035042180402336
2016-05-19,15:00,sz002580,圣阳股份,14.48,15.05,14.45,14.74,67475,99813280.0,0.26,1.7955801104972375
2016-05-20,15:00,sz002580,圣阳股份,14.58,15.01,14.37,15.0,47739,70801904.0,0.26,1.7639077340569878
2016-05-23,15:00,sz002580,圣阳股份,15.01,15.44,14.99,15.37,74964,114342040.0,0.37,2.466666666666667
2016-05-24,15:00,sz002580,圣阳股份,15.27,15.33,14.73,14.97,54686,82170248.0,-0.4,-2.602472348731294
2016-05-25,15:00,sz002580,圣阳股份,15.1,15.23,14.7,14.77,45572,68299168.0,-0.2,-1.3360053440213762
2016-05-26,15:00,sz002580,圣阳股份,14.71,15.32,14.5,15.31,72679,108450128.0,0.54,3.656059580230196
2016-05-27,15:00,sz002580,圣阳股份,15.02,15.26,14.98,15.07,47683,72063096.0,-0.24,-1.5676028739386023
2016-05-30,15:00,sz002580,圣阳股份,15.05,15.1,14.65,14.86,30107,44813132.0,-0.21,-1.39349701393497
2016-05-31,15:00,sz002580,圣阳股份,14.88,15.61,14.88,15.5,75894,116857280.0,0.64,4.306864064602961
2016-06-01,15:00,sz002580,圣阳股份,15.52,16.61,15.52,16.18,132156,213085216.0,0.68,4.387096774193548
2016-06-02,15:00,sz002580,圣阳股份,16.29,16.75,16.04,16.65,125169,205707088.0,0.47,2.904820766378245
2016-06-03,15:00,sz002580,圣阳股份,16.75,16.85,16.44,16.45,105147,174581184.0,-0.2,-1.2012012012012012
2016-06-06,15:00,sz002580,圣阳股份,16.4,17.23,16.36,17.18,109290,183729536.0,0.73,4.437689969604863
2016-06-07,15:00,sz002580,圣阳股份,17.25,18.13,17.07,17.83,186087,327213120.0,0.65,3.783469150174622
2016-06-08,15:00,sz002580,圣阳股份,17.6,19.4,17.18,18.84,287734,529504640.0,1.01,5.664610207515423
2016-06-13,15:00,sz002580,圣阳股份,18.38,18.81,16.96,16.96,201723,364887456.0,-1.88,-9.978768577494693
2016-06-14,15:00,sz002580,圣阳股份,16.8,18.44,16.8,18.44,193659,343673440.0,1.48,8.726415094339622
2016-06-15,15:00,sz002580,圣阳股份,18.0,20.24,17.93,19.59,276687,543260160.0,1.15,6.236442516268981
2016-06-16,15:00,sz002580,圣阳股份,19.0,20.5,19.0,19.98,311887,624193088.0,0.39,1.9908116385911176
2016-06-17,15:00,sz002580,圣阳股份,20.21,20.48,18.9,19.55,232080,457394752.0,-0.43,-2.1521521521521523
2016-06-20,15:00,sz002580,圣阳股份,19.45,19.65,19.03,19.51,138021,266887680.0,-0.04,-0.2046035805626598
2016-06-21,15:00,sz002580,圣阳股份,19.35,19.56,18.65,18.82,166190,317439424.0,-0.69,-3.5366478728857
2016-06-22,15:00,sz002580,圣阳股份,18.58,19.9,18.58,19.75,188642,366753952.0,0.93,4.941551540913921
2016-06-23,15:00,sz002580,圣阳股份,19.59,19.81,18.74,18.91,141355,270371456.0,-0.84,-4.253164556962026
2016-06-24,15:00,sz002580,圣阳股份,18.9,19.25,17.7,18.82,142359,265345440.0,-0.09,-0.4759386567953463
2016-06-27,15:00,sz002580,圣阳股份,18.68,19.66,18.4,19.45,124643,239983648.0,0.63,3.34750265674814
2016-06-28,15:00,sz002580,圣阳股份,19.37,19.37,19.0,19.1,95867,183645360.0,-0.35,-1.7994858611825193
2016-06-29,15:00,sz002580,圣阳股份,19.13,19.5,18.72,19.01,131586,250248864.0,-0.09,-0.4712041884816754
2016-06-30,15:00,sz002580,圣阳股份,19.05,19.07,18.5,18.96,103679,193853008.0,-0.05,-0.2630194634402946
2016-07-01,15:00,sz002580,圣阳股份,18.84,18.99,18.55,18.77,65467,123047888.0,-0.19,-1.0021097046413503
2016-07-04,15:00,sz002580,圣阳股份,18.5,19.03,18.32,18.79,111546,209095744.0,0.02,0.1065530101225359
2016-07-05,15:00,sz002580,圣阳股份,18.75,19.27,18.73,19.19,149760,285016160.0,0.4,2.12879191059074
2016-07-06,15:00,sz002580,圣阳股份,19.05,19.64,18.87,18.92,142085,273033856.0,-0.27,-1.4069828035435124
2016-07-07,15:00,sz002580,圣阳股份,18.77,19.17,18.37,19.09,140434,263068576.0,0.17,0.8985200845665962
2016-07-08,15:00,sz002580,圣阳股份,18.98,19.29,18.78,18.78,96132,182414416.0,-0.31,-1.6238868517548457
2016-07-11,15:00,sz002580,圣阳股份,18.8,19.25,18.46,18.84,123742,233259408.0,0.06,0.3194888178913738
2016-07-12,15:00,sz002580,圣阳股份,18.77,19.0,18.11,18.74,89974,167189472.0,-0.1,-0.5307855626326964
2016-07-13,15:00,sz002580,圣阳股份,18.85,19.37,18.61,19.32,140248,267969712.0,0.58,3.0949839914621133
2016-07-14,15:00,sz002580,圣阳股份,19.37,19.38,19.05,19.16,85177,163434048.0,-0.16,-0.8281573498964804
2016-07-15,15:00,sz002580,圣阳股份,19.14,19.35,18.76,18.87,88165,167316064.0,-0.29,-1.51356993736952
2016-07-18,15:00,sz002580,圣阳股份,18.8,18.86,18.24,18.25,99102,182788832.0,-0.62,-3.285638579756226
2016-07-19,15:00,sz002580,圣阳股份,18.25,18.49,18.17,18.46,53357,97813640.0,0.21,1.1506849315068493
2016-07-20,15:00,sz002580,圣阳股份,18.4,18.76,18.39,18.64,67030,124784040.0,0.18,0.9750812567713976
2016-07-21,15:00,sz002580,圣阳股份,18.62,18.84,18.51,18.54,61967,115628640.0,-0.1,-0.5364806866952789
2016-07-22,15:00,sz002580,圣阳股份,18.53,18.54,18.14,18.3,66474,121818056.0,-0.24,-1.2944983818770228
2016-07-25,15:00,sz002580,圣阳股份,18.28,18.41,18.1,18.18,50438,91935928.0,-0.12,-0.6557377049180327
2016-07-26,15:00,sz002580,圣阳股份,18.27,18.65,18.17,18.61,64317,118634208.0,0.43,2.3652365236523654
2016-07-27,15:00,sz002580,圣阳股份,18.67,18.95,17.3,17.55,123270,225385296.0,-1.06,-5.6958624395486295
2016-07-28,15:00,sz002580,圣阳股份,17.54,17.8,16.84,17.24,72279,125062800.0,-0.31,-1.7663817663817662
2016-07-29,15:00,sz002580,圣阳股份,17.19,17.28,16.71,16.97,44223,75114776.0,-0.27,-1.566125290023202
2016-08-01,15:00,sz002580,圣阳股份,17.03,17.03,16.27,16.56,64182,105840392.0,-0.41,-2.4160282852091925
2016-08-02,15:00,sz002580,圣阳股份,16.56,16.64,16.49,16.6,44042,72945656.0,0.04,0.2415458937198067
2016-08-03,15:00,sz002580,圣阳股份,16.58,16.6,16.4,16.55,34982,57828972.0,-0.05,-0.3012048192771084
2016-08-04,15:00,sz002580,圣阳股份,16.54,17.04,16.44,16.94,57859,97117864.0,0.39,2.356495468277945
2016-08-05,15:00,sz002580,圣阳股份,16.88,16.92,16.5,16.61,45065,75121408.0,-0.33,-1.948051948051948
2016-08-08,15:00,sz002580,圣阳股份,16.51,16.71,16.15,16.71,37709,61936868.0,0.1,0.6020469596628537
2016-08-09,15:00,sz002580,圣阳股份,16.65,16.94,16.62,16.86,40164,67475688.0,0.15,0.8976660682226212
2016-08-10,15:00,sz002580,圣阳股份,16.87,17.15,16.85,16.89,43371,73592168.0,0.03,0.1779359430604982
2016-08-11,15:00,sz002580,圣阳股份,16.88,16.88,16.4,16.4,39705,65752296.0,-0.49,-2.901124925991711
2016-08-12,15:00,sz002580,圣阳股份,16.45,16.66,16.37,16.6,31590,52175796.0,0.2,1.2195121951219512
2016-08-15,15:00,sz002580,圣阳股份,16.6,17.09,16.5,17.0,51140,86121888.0,0.4,2.409638554216868
2016-08-16,15:00,sz002580,圣阳股份,17.09,17.56,16.98,17.27,49381,85669680.0,0.27,1.588235294117647
2016-08-17,15:00,sz002580,圣阳股份,17.27,17.35,17.04,17.22,37312,64133868.0,-0.05,-0.2895193977996526
2016-08-18,15:00,sz002580,圣阳股份,17.21,17.3,17.09,17.26,31373,53951356.0,0.04,0.2322880371660859
2016-08-19,15:00,sz002580,圣阳股份,17.32,17.32,17.1,17.14,38315,65884136.0,-0.12,-0.6952491309385863
2016-08-22,15:00,sz002580,圣阳股份,17.15,17.47,17.08,17.08,57585,99537200.0,-0.06,-0.3500583430571762
2016-08-23,15:00,sz002580,圣阳股份,17.11,17.23,16.7,16.89,48935,82868912.0,-0.19,-1.1124121779859486
2016-08-24,15:00,sz002580,圣阳股份,16.9,17.21,16.87,17.17,40559,69229360.0,0.28,1.6577856719952635
2016-08-25,15:00,sz002580,圣阳股份,17.05,17.06,16.7,17.0,49860,84039952.0,-0.17,-0.99009900990099
2016-08-26,15:00,sz002580,圣阳股份,17.2,17.45,17.09,17.14,66243,114471072.0,0.14,0.823529411764706
2016-08-29,15:00,sz002580,圣阳股份,17.08,17.25,17.03,17.2,33572,57575220.0,0.06,0.3500583430571762
2016-08-30,15:00,sz002580,圣阳股份,17.17,17.3,17.03,17.14,38782,66565964.0,-0.06,-0.3488372093023256
2016-08-31,15:00,sz002580,圣阳股份,17.14,17.19,16.89,17.01,47819,81484728.0,-0.13,-0.7584597432905484
2016-09-01,15:00,sz002580,圣阳股份,17.08,17.1,16.82,16.9,40277,68330880.0,-0.11,-0.6466784244562023
2016-09-02,15:00,sz002580,圣阳股份,16.88,17.16,16.8,17.0,37711,64162988.0,0.1,0.591715976331361
2016-09-05,15:00,sz002580,圣阳股份,17.02,17.22,16.98,17.07,33194,56781340.0,0.07,0.411764705882353
2016-09-06,15:00,sz002580,圣阳股份,17.07,17.46,17.02,17.46,71236,123282464.0,0.39,2.2847100175746924
2016-09-07,15:00,sz002580,圣阳股份,17.56,17.59,17.3,17.38,46283,80630632.0,-0.08,-0.4581901489117984
2016-09-08,15:00,sz002580,圣阳股份,17.35,17.55,17.14,17.45,36448,63463404.0,0.07,0.4027617951668585
2016-09-09,15:00,sz002580,圣阳股份,17.7,18.59,17.7,18.22,159047,290237920.0,0.77,4.412607449856734
2016-09-12,15:00,sz002580,圣阳股份,17.8,17.92,17.0,17.06,104250,182098256.0,-1.16,-6.366630076838639
2016-09-13,15:00,sz002580,圣阳股份,17.24,18.22,17.15,18.14,119165,210819344.0,1.08,6.330597889800703
2016-09-14,15:00,sz002580,圣阳股份,18.02,18.4,17.82,18.37,120173,218087776.0,0.23,1.2679162072767365
2016-09-19,15:00,sz002580,圣阳股份,18.42,18.6,18.08,18.25,82388,150747856.0,-0.12,-0.6532389765922699
2016-09-20,15:00,sz002580,圣阳股份,18.31,18.35,18.0,18.05,46840,84738664.0,-0.2,-1.095890410958904
2016-09-21,15:00,sz002580,圣阳股份,17.97,18.12,17.8,17.85,47872,85933240.0,-0.2,-1.10803324099723
2016-09-22,15:00,sz002580,圣阳股份,17.97,18.22,17.92,17.99,63002,113837856.0,0.14,0.7843137254901961
2016-09-23,15:00,sz002580,圣阳股份,18.01,18.35,17.76,18.26,111265,201463280.0,0.27,1.500833796553641
2016-09-26,15:00,sz002580,圣阳股份,18.2,18.4,17.88,18.03,91945,166799504.0,-0.23,-1.2595837897042717
2016-09-27,15:00,sz002580,圣阳股份,18.02,18.15,17.48,17.92,53026,93925704.0,-0.11,-0.6100942872989462
2016-09-28,15:00,sz002580,圣阳股份,18.12,18.15,17.84,17.97,37758,68027712.0,0.05,0.2790178571428571
2016-09-29,15:00,sz002580,圣阳股份,17.94,18.45,17.85,18.39,78256,142758704.0,0.42,2.337228714524207
2016-10-12,15:00,sz002580,圣阳股份,19.0,19.4,18.6,18.65,196220,370545440.0,0.26,1.4138118542686242
2016-10-13,15:00,sz002580,圣阳股份,18.65,18.73,18.2,18.44,122478,225361776.0,-0.21,-1.1260053619302948
2016-10-14,15:00,sz002580,圣阳股份,18.41,18.57,18.15,18.35,65257,119633568.0,-0.09,-0.4880694143167028
2016-10-17,15:00,sz002580,圣阳股份,18.42,18.53,18.04,18.08,70405,128729192.0,-0.27,-1.4713896457765667
2016-10-18,15:00,sz002580,圣阳股份,18.02,18.43,18.02,18.33,65663,119991208.0,0.25,1.3827433628318584
2016-10-19,15:00,sz002580,圣阳股份,18.3,18.51,18.15,18.22,64378,117958000.0,-0.11,-0.6001091107474086
2016-10-20,15:00,sz002580,圣阳股份,18.25,18.43,18.18,18.27,73116,133609664.0,0.05,0.274423710208562
2016-10-21,15:00,sz002580,圣阳股份,18.36,18.4,17.86,18.35,106545,193472448.0,0.08,0.4378762999452655
2016-10-24,15:00,sz002580,圣阳股份,18.11,18.32,18.03,18.25,78552,142835424.0,-0.1,-0.544959128065395
2016-10-25,15:00,sz002580,圣阳股份,18.24,18.47,18.17,18.4,64174,117890624.0,0.15,0.821917808219178
2016-10-26,15:00,sz002580,圣阳股份,18.45,18.45,17.99,18.14,79802,144970320.0,-0.26,-1.4130434782608696
2016-10-27,15:00,sz002580,圣阳股份,18.1,18.23,18.06,18.11,37282,67674752.0,-0.03,-0.165380374862183
2016-10-28,15:00,sz002580,圣阳股份,18.13,18.17,17.76,17.78,70431,126522464.0,-0.33,-1.8221976808393152
2016-10-31,15:00,sz002580,圣阳股份,17.75,17.9,17.4,17.84,35144,62353232.0,0.06,0.3374578177727784
2016-11-01,15:00,sz002580,圣阳股份,17.84,18.75,17.84,18.68,175441,323972992.0,0.84,4.708520179372197
2016-11-02,15:00,sz002580,圣阳股份,18.65,18.85,18.42,18.56,84769,157743824.0,-0.12,-0.6423982869379015
2016-11-03,15:00,sz002580,圣阳股份,18.63,20.3,18.58,19.36,268821,520637024.0,0.8,4.310344827586207
2016-11-04,15:00,sz002580,圣阳股份,19.5,19.85,19.2,19.68,134699,262395168.0,0.32,1.6528925619834711
2016-11-07,15:00,sz002580,圣阳股份,19.66,20.17,19.38,19.45,108619,214261360.0,-0.23,-1.16869918699187
2016-11-08,15:00,sz002580,圣阳股份,19.49,19.95,19.35,19.78,93768,184174432.0,0.33,1.6966580976863752
2016-11-09,15:00,sz002580,圣阳股份,19.76,19.97,18.97,19.32,87742,170932240.0,-0.46,-2.3255813953488373
2016-11-10,15:00,sz002580,圣阳股份,19.53,19.98,19.41,19.94,108763,214489296.0,0.62,3.2091097308488616
2016-11-11,15:00,sz002580,圣阳股份,19.93,20.36,19.7,20.15,108916,218607040.0,0.21,1.053159478435306
2016-11-14,15:00,sz002580,圣阳股份,20.01,20.45,19.67,20.22,94728,189441200.0,0.07,0.347394540942928
2016-11-15,15:00,sz002580,圣阳股份,20.34,20.34,19.75,20.0,62799,125697984.0,-0.22,-1.0880316518298714
2016-11-16,15:00,sz002580,圣阳股份,20.02,20.21,19.68,19.73,69774,138464560.0,-0.27,-1.35
2016-11-17,15:00,sz002580,圣阳股份,19.73,19.79,19.35,19.7,59619,116727632.0,-0.03,-0.1520527116066903
2016-11-18,15:00,sz002580,圣阳股份,19.65,19.77,19.5,19.66,43455,85252128.0,-0.04,-0.2030456852791878
2016-11-21,15:00,sz002580,圣阳股份,19.53,19.95,19.52,19.88,55793,110193592.0,0.22,1.119023397761953
2016-11-22,15:00,sz002580,圣阳股份,19.92,20.88,19.92,20.3,115027,235384176.0,0.42,2.112676056338028
2016-11-23,15:00,sz002580,圣阳股份,20.35,20.64,20.02,20.06,76028,154155728.0,-0.24,-1.1822660098522169
2016-11-24,15:00,sz002580,圣阳股份,20.1,20.26,19.46,19.64,89283,176244480.0,-0.42,-2.0937188434695915
2016-11-25,15:00,sz002580,圣阳股份,19.51,19.68,19.05,19.5,58714,113369624.0,-0.14,-0.7128309572301426
2016-11-28,15:00,sz002580,圣阳股份,19.51,19.6,18.96,19.2,59199,113876040.0,-0.3,-1.5384615384615383
2016-11-29,15:00,sz002580,圣阳股份,19.1,19.42,18.95,18.95,48327,92686680.0,-0.25,-1.3020833333333337
2016-11-30,15:00,sz002580,圣阳股份,19.0,19.41,18.75,19.25,51877,99428176.0,0.3,1.58311345646438
2016-12-01,15:00,sz002580,圣阳股份,19.1,19.33,18.92,19.28,46413,88736432.0,0.03,0.1558441558441558
2016-12-02,15:00,sz002580,圣阳股份,19.13,19.27,18.43,18.5,54306,101829168.0,-0.78,-4.045643153526971
2016-12-05,15:00,sz002580,圣阳股份,18.4,18.72,18.3,18.44,36519,67526624.0,-0.06,-0.3243243243243243
2016-12-06,15:00,sz002580,圣阳股份,18.57,18.61,18.31,18.48,39112,72266504.0,0.04,0.2169197396963123
2016-12-07,15:00,sz002580,圣阳股份,18.48,18.92,18.44,18.88,36385,68231960.0,0.4,2.1645021645021645
2016-12-08,15:00,sz002580,圣阳股份,18.9,18.92,18.66,18.78,28302,53138872.0,-0.1,-0.5296610169491525
2016-12-09,15:00,sz002580,圣阳股份,18.79,19.09,18.64,18.81,30859,58202508.0,0.03,0.1597444089456869
2016-12-12,15:00,sz002580,圣阳股份,18.82,18.9,17.1,17.1,60537,108357720.0,-1.71,-9.090909090909092
2016-12-13,15:00,sz002580,圣阳股份,17.05,17.35,16.85,17.23,39843,68310592.0,0.13,0.7602339181286549
2016-12-14,15:00,sz002580,圣阳股份,17.25,17.49,16.88,17.49,53235,91278080.0,0.26,1.5089959373186304
2016-12-15,15:00,sz002580,圣阳股份,17.18,18.1,17.1,17.86,55756,99213128.0,0.37,2.115494568324757
2016-12-16,15:00,sz002580,圣阳股份,17.8,18.85,17.66,18.11,32709,59547776.0,0.25,1.3997760358342666
2016-12-19,15:00,sz002580,圣阳股份,18.0,18.58,18.0,18.51,42206,77537632.0,0.4,2.2087244616234125
2016-12-20,15:00,sz002580,圣阳股份,18.4,18.54,18.28,18.44,18084,33205748.0,-0.07,-0.3781739600216099
2016-12-21,15:00,sz002580,圣阳股份,18.4,18.72,18.38,18.45,25724,47752524.0,0.01,0.054229934924078
2016-12-22,15:00,sz002580,圣阳股份,18.2,18.4,18.08,18.25,26203,47731840.0,-0.2,-1.084010840108401
2016-12-23,15:00,sz002580,圣阳股份,18.2,18.35,18.0,18.02,18727,33962480.0,-0.23,-1.26027397260274
2016-12-26,15:00,sz002580,圣阳股份,18.02,18.09,17.71,18.05,28562,51196160.0,0.03,0.1664816870144284
2016-12-27,15:00,sz002580,圣阳股份,18.08,18.26,18.05,18.11,25798,46796332.0,0.06,0.3324099722991689
2016-12-28,15:00,sz002580,圣阳股份,18.0,18.2,17.78,17.8,24573,44235040.0,-0.31,-1.7117614577581448
2016-12-29,15:00,sz002580,圣阳股份,17.81,18.05,17.68,17.81,31078,55587280.0,0.01,0.0561797752808988
2016-12-30,15:00,sz002580,圣阳股份,17.86,18.14,17.81,17.91,23935,43064720.0,0.1,0.5614823133071308
2017-01-03,15:00,sz002580,圣阳股份,17.85,18.55,17.85,18.45,44236,81242832.0,0.54,3.015075376884422
2017-01-04,15:00,sz002580,圣阳股份,18.4,18.82,18.37,18.7,58798,109630992.0,0.25,1.3550135501355014
2017-01-05,15:00,sz002580,圣阳股份,18.51,18.93,18.51,18.79,36586,68478808.0,0.09,0.4812834224598931
2017-01-06,15:00,sz002580,圣阳股份,18.79,18.96,18.41,18.5,29168,54377584.0,-0.29,-1.5433741351782864
2017-01-09,15:00,sz002580,圣阳股份,18.4,18.79,18.4,18.58,30152,56119220.0,0.08,0.4324324324324324
2017-01-10,15:00,sz002580,圣阳股份,18.52,18.64,18.42,18.42,20456,37925380.0,-0.16,-0.8611410118406888
2017-01-11,15:00,sz002580,圣阳股份,18.42,18.6,18.25,18.4,19172,35401476.0,-0.02,-0.1085776330076004
2017-01-12,15:00,sz002580,圣阳股份,18.4,18.69,17.99,18.06,30910,56762496.0,-0.34,-1.8478260869565215
2017-01-13,15:00,sz002580,圣阳股份,18.0,18.23,17.6,17.78,28539,51322640.0,-0.28,-1.550387596899225
2017-01-16,15:00,sz002580,圣阳股份,17.61,17.63,16.0,16.41,59260,99231080.0,-1.37,-7.705286839145106
2017-01-17,15:00,sz002580,圣阳股份,16.3,16.78,16.2,16.7,29716,49066396.0,0.29,1.7672151127361364
2017-01-18,15:00,sz002580,圣阳股份,16.7,16.7,16.3,16.35,33112,54531248.0,-0.35,-2.095808383233533
2017-01-19,15:00,sz002580,圣阳股份,16.32,16.48,16.15,16.46,16530,27009820.0,0.11,0.672782874617737
2017-01-20,15:00,sz002580,圣阳股份,16.38,16.86,16.35,16.85,27876,46494924.0,0.39,2.3693803159173754
2017-01-23,15:00,sz002580,圣阳股份,16.82,17.07,16.72,17.05,25905,43893716.0,0.2,1.1869436201780417
2017-01-24,15:00,sz002580,圣阳股份,16.96,17.05,16.83,16.95,15851,26836000.0,-0.1,-0.5865102639296188
2017-01-25,15:00,sz002580,圣阳股份,16.95,17.08,16.82,17.04,14124,24020634.0,0.09,0.5309734513274336
2017-01-26,15:00,sz002580,圣阳股份,17.15,17.44,17.03,17.28,26378,45420632.0,0.24,1.4084507042253522
2017-02-03,15:00,sz002580,圣阳股份,17.3,17.3,16.98,17.2,11846,20295408.0,-0.08,-0.4629629629629629
2017-02-06,15:00,sz002580,圣阳股份,17.2,17.33,17.03,17.32,22543,38790220.0,0.12,0.6976744186046512
2017-02-07,15:00,sz002580,圣阳股份,17.27,17.53,17.22,17.35,23914,41555952.0,0.03,0.1732101616628175
2017-02-08,15:00,sz002580,圣阳股份,17.4,17.5,17.21,17.44,17259,30022808.0,0.09,0.5187319884726225
2017-02-09,15:00,sz002580,圣阳股份,17.35,17.62,17.33,17.57,29219,51148284.0,0.13,0.7454128440366973
2017-02-10,15:00,sz002580,圣阳股份,17.57,17.62,17.38,17.55,26570,46452228.0,-0.02,-0.1138303927148548
2017-02-13,15:00,sz002580,圣阳股份,17.49,17.64,17.33,17.64,30652,53670204.0,0.09,0.5128205128205128
2017-02-14,15:00,sz002580,圣阳股份,17.6,17.75,17.41,17.53,38604,67749904.0,-0.11,-0.6235827664399093
2017-02-15,15:00,sz002580,圣阳股份,17.46,17.69,17.26,17.49,28817,50414120.0,-0.04,-0.2281802624073017
2017-02-16,15:00,sz002580,圣阳股份,17.38,17.54,17.36,17.45,19266,33628304.0,-0.04,-0.2287021154945683
2017-02-17,15:00,sz002580,圣阳股份,17.45,17.99,17.35,17.5,26989,47220864.0,0.05,0.2865329512893982
2017-02-20,15:00,sz002580,圣阳股份,17.5,17.58,17.39,17.51,29141,50916268.0,0.01,0.0571428571428571
2017-02-21,15:00,sz002580,圣阳股份,17.76,17.97,17.6,17.85,62325,111175096.0,0.34,1.9417475728155336
2017-02-22,15:00,sz002580,圣阳股份,17.8,17.82,17.58,17.78,38290,67791152.0,-0.07,-0.392156862745098
2017-02-23,15:00,sz002580,圣阳股份,17.79,17.79,17.5,17.65,32320,57018652.0,-0.13,-0.7311586051743533
2017-02-24,15:00,sz002580,圣阳股份,17.64,17.7,17.5,17.65,24945,43952176.0,0.0,0.0
2017-02-27,15:00,sz002580,圣阳股份,17.78,18.06,17.68,17.75,55757,99542144.0,0.1,0.56657223796034
2017-02-28,15:00,sz002580,圣阳股份,18.07,18.07,17.74,17.95,53118,95257512.0,0.2,1.1267605633802815
2017-03-01,15:00,sz002580,圣阳股份,18.07,18.07,17.7,17.92,45127,80557392.0,-0.03,-0.1671309192200557
2017-03-02,15:00,sz002580,圣阳股份,17.93,18.05,17.55,17.58,44071,78055976.0,-0.34,-1.8973214285714284
2017-03-03,15:00,sz002580,圣阳股份,17.65,17.96,17.46,17.9,45234,80407224.0,0.32,1.8202502844141069
2017-03-06,15:00,sz002580,圣阳股份,17.98,18.36,17.86,18.02,78583,142091024.0,0.12,0.6703910614525139
2017-03-07,15:00,sz002580,圣阳股份,17.99,18.06,17.79,17.94,42770,76524072.0,-0.08,-0.4439511653718091
2017-03-08,15:00,sz002580,圣阳股份,17.9,17.96,17.68,17.74,38152,67792672.0,-0.2,-1.1148272017837235
2017-03-09,15:00,sz002580,圣阳股份,17.75,17.9,17.56,17.63,37570,66553212.0,-0.11,-0.6200676437429538
2017-03-10,15:00,sz002580,圣阳股份,17.58,17.85,17.57,17.72,37957,67235848.0,0.09,0.5104934770277936
2017-03-13,15:00,sz002580,圣阳股份,17.68,17.77,17.5,17.6,50328,88499712.0,-0.12,-0.6772009029345373
2017-03-14,15:00,sz002580,圣阳股份,17.61,17.75,17.51,17.56,37989,66922996.0,-0.04,-0.2272727272727272
2017-03-15,15:00,sz002580,圣阳股份,17.5,17.65,17.49,17.56,28082,49322244.0,0.0,0.0
2017-03-16,15:00,sz002580,圣阳股份,17.6,17.84,17.6,17.78,60415,107161808.0,0.22,1.2528473804100226
2017-03-17,15:00,sz002580,圣阳股份,17.78,17.89,17.74,17.75,55359,98621992.0,-0.03,-0.1687289088863892
2017-03-20,15:00,sz002580,圣阳股份,17.76,17.84,17.59,17.82,40193,71264136.0,0.07,0.3943661971830985
2017-03-21,15:00,sz002580,圣阳股份,17.86,17.93,17.76,17.82,48468,86374528.0,0.0,0.0
2017-03-22,15:00,sz002580,圣阳股份,17.75,17.92,17.27,17.45,71232,124953640.0,-0.37,-2.0763187429854097
2017-03-23,15:00,sz002580,圣阳股份,17.52,17.72,17.23,17.45,50912,89055824.0,0.0,0.0
2017-03-24,15:00,sz002580,圣阳股份,17.47,17.52,17.23,17.28,45403,78696136.0,-0.17,-0.9742120343839542
2017-03-27,15:00,sz002580,圣阳股份,17.35,17.45,17.18,17.26,35321,61161064.0,-0.02,-0.1157407407407407
2017-03-28,15:00,sz002580,圣阳股份,17.31,17.44,17.22,17.36,25330,43968032.0,0.1,0.5793742757821553
2017-03-29,15:00,sz002580,圣阳股份,17.35,17.42,17.0,17.05,46604,80166008.0,-0.31,-1.7857142857142856
2017-03-30,15:00,sz002580,圣阳股份,17.05,17.09,16.5,16.56,40954,68518704.0,-0.49,-2.873900293255132
2017-03-31,15:00,sz002580,圣阳股份,16.69,16.73,16.55,16.6,40083,66600956.0,0.04,0.2415458937198067
2017-04-05,15:00,sz002580,圣阳股份,16.65,16.95,16.64,16.9,42389,71359752.0,0.3,1.8072289156626504
2017-04-06,15:00,sz002580,圣阳股份,16.93,17.02,16.8,16.98,41364,70024640.0,0.08,0.4733727810650888
2017-04-07,15:00,sz002580,圣阳股份,16.97,17.01,16.87,16.88,29539,50008956.0,-0.1,-0.5889281507656066
2017-04-10,15:00,sz002580,圣阳股份,16.88,16.88,16.45,16.65,45944,76325216.0,-0.23,-1.3625592417061612
2017-04-11,15:00,sz002580,圣阳股份,16.7,17.1,16.66,17.0,46539,78823320.0,0.35,2.1021021021021022
2017-04-12,15:00,sz002580,圣阳股份,17.04,17.14,16.89,16.9,30115,51096488.0,-0.1,-0.5882352941176471
2017-04-13,15:00,sz002580,圣阳股份,16.9,16.97,16.7,16.76,26741,45087256.0,-0.14,-0.8284023668639053
2017-04-14,15:00,sz002580,圣阳股份,16.76,16.85,16.47,16.59,27365,45475436.0,-0.17,-1.0143198090692125
2017-04-17,15:00,sz002580,圣阳股份,16.59,16.66,16.19,16.24,30118,49384824.0,-0.35,-2.109704641350211
2017-04-18,15:00,sz002580,圣阳股份,10.2,10.2,9.58,9.58,61084,60411952.0,-6.66,-41.00985221674877
2017-04-19,15:00,sz002580,圣阳股份,9.55,9.55,9.15,9.49,64248,60007708.0,-0.09,-0.9394572025052192
2017-04-20,15:00,sz002580,圣阳股份,9.47,9.55,9.02,9.25,58246,54089356.0,-0.24,-2.528977871443625
2017-04-21,15:00,sz002580,圣阳股份,9.08,9.22,8.7,8.75,100316,89398448.0,-0.5,-5.405405405405405
2017-04-24,15:00,sz002580,圣阳股份,8.74,8.74,8.02,8.28,71311,59934944.0,-0.47,-5.371428571428572
2017-04-25,15:00,sz002580,圣阳股份,8.3,8.43,8.27,8.35,56901,47557052.0,0.07,0.8454106280193237
2017-04-26,15:00,sz002580,圣阳股份,8.39,8.45,8.33,8.34,39763,33329302.0,-0.01,-0.1197604790419161
2017-04-27,15:00,sz002580,圣阳股份,8.34,8.53,8.04,8.46,70561,58424416.0,0.12,1.4388489208633095
2017-04-28,15:00,sz002580,圣阳股份,8.43,8.7,8.43,8.59,56676,48646300.0,0.13,1.536643026004728
2017-05-02,15:00,sz002580,圣阳股份,8.6,8.64,8.5,8.56,34066,29227434.0,-0.03,-0.3492433061699651
2017-05-03,15:00,sz002580,圣阳股份,8.58,8.64,8.34,8.45,38828,33012304.0,-0.11,-1.2850467289719625
2017-05-04,15:00,sz002580,圣阳股份,8.41,8.6,8.41,8.47,41646,35389268.0,0.02,0.2366863905325444
2017-05-05,15:00,sz002580,圣阳股份,8.45,8.5,8.27,8.28,41382,34638796.0,-0.19,-2.2432113341204247
2017-05-08,15:00,sz002580,圣阳股份,8.26,8.26,8.07,8.07,36221,29528424.0,-0.21,-2.536231884057971
2017-05-09,15:00,sz002580,圣阳股份,8.08,8.16,7.79,8.12,55010,43888168.0,0.05,0.6195786864931847
2017-05-10,15:00,sz002580,圣阳股份,8.08,8.25,7.93,7.95,47539,38549016.0,-0.17,-2.0935960591133003
2017-05-11,15:00,sz002580,圣阳股份,7.9,7.93,7.46,7.7,75279,57946144.0,-0.25,-3.1446540880503147
2017-05-12,15:00,sz002580,圣阳股份,7.72,7.79,7.56,7.66,38009,29095060.0,-0.04,-0.5194805194805194
2017-05-15,15:00,sz002580,圣阳股份,7.69,7.74,7.63,7.72,36583,28149556.0,0.06,0.7832898172323759
2017-05-16,15:00,sz002580,圣阳股份,7.71,7.98,7.64,7.98,72911,56798552.0,0.26,3.3678756476683938
2017-05-17,15:00,sz002580,圣阳股份,7.96,8.13,7.92,7.98,82309,66034372.0,0.0,0.0
2017-05-18,15:00,sz002580,圣阳股份,7.96,7.98,7.83,7.88,60378,47853216.0,-0.1,-1.2531328320802004
2017-05-19,15:00,sz002580,圣阳股份,7.88,7.92,7.79,7.82,46737,36627108.0,-0.06,-0.7614213197969544
2017-05-22,15:00,sz002580,圣阳股份,7.8,7.82,7.32,7.4,63193,47860780.0,-0.42,-5.3708439897698215
2017-05-23,15:00,sz002580,圣阳股份,7.36,7.5,7.15,7.16,60528,44356128.0,-0.24,-3.2432432432432434
2017-05-24,15:00,sz002580,圣阳股份,7.16,7.31,7.05,7.3,52389,37769760.0,0.14,1.9553072625698324
2017-05-25,15:00,sz002580,圣阳股份,7.25,7.46,7.18,7.4,61920,45363004.0,0.1,1.36986301369863
2017-05-26,15:00,sz002580,圣阳股份,7.41,7.44,7.36,7.39,32937,24348006.0,-0.01,-0.1351351351351351
2017-05-31,15:00,sz002580,圣阳股份,7.49,7.51,7.36,7.37,38242,28410624.0,-0.02,-0.2706359945872801
2017-06-01,15:00,sz002580,圣阳股份,7.35,7.38,6.93,6.99,54001,38901472.0,-0.38,-5.156037991858888
2017-06-02,15:00,sz002580,圣阳股份,6.98,7.23,6.9,7.18,51087,35987408.0,0.19,2.718168812589413
2017-06-05,15:00,sz002580,圣阳股份,7.2,7.32,7.15,7.25,43898,31799176.0,0.07,0.9749303621169916
2017-06-06,15:00,sz002580,圣阳股份,7.25,7.35,7.21,7.31,37506,27378892.0,0.06,0.8275862068965517
2017-06-07,15:00,sz002580,圣阳股份,7.31,7.63,7.27,7.6,99872,75006856.0,0.29,3.967168262653898
2017-06-08,15:00,sz002580,圣阳股份,7.6,7.78,7.46,7.5,76717,58234492.0,-0.1,-1.3157894736842104
2017-06-09,15:00,sz002580,圣阳股份,7.5,7.62,7.42,7.6,73738,55414908.0,0.1,1.3333333333333337
2017-06-12,15:00,sz002580,圣阳股份,7.52,7.52,7.27,7.32,66745,49391324.0,-0.28,-3.684210526315789
2017-06-13,15:00,sz002580,圣阳股份,7.3,7.56,7.28,7.5,65318,48751072.0,0.18,2.459016393442623
2017-06-14,15:00,sz002580,圣阳股份,7.5,7.65,7.47,7.57,83820,63500876.0,0.07,0.9333333333333336
2017-06-15,15:00,sz002580,圣阳股份,7.56,7.81,7.54,7.75,97987,75608376.0,0.18,2.3778071334214
2017-06-16,15:00,sz002580,圣阳股份,7.74,7.87,7.65,7.75,57745,44697856.0,0.0,0.0
2017-06-19,15:00,sz002580,圣阳股份,7.75,7.8,7.7,7.75,50459,39046164.0,0.0,0.0
2017-06-20,15:00,sz002580,圣阳股份,7.79,8.03,7.77,7.92,97292,77076440.0,0.17,2.193548387096774
2017-06-21,15:00,sz002580,圣阳股份,7.9,8.08,7.86,7.96,93520,74670520.0,0.04,0.5050505050505051
2017-06-22,15:00,sz002580,圣阳股份,7.97,7.98,7.65,7.66,79006,61795044.0,-0.3,-3.7688442211055273
2017-06-23,15:00,sz002580,圣阳股份,7.66,8.0,7.57,8.0,90363,69943056.0,0.34,4.43864229765013
2017-06-26,15:00,sz002580,圣阳股份,8.0,8.23,7.9,8.19,110415,89437248.0,0.19,2.375
2017-06-27,15:00,sz002580,圣阳股份,8.15,8.29,8.06,8.13,80858,65963152.0,-0.06,-0.7326007326007326
2017-06-28,15:00,sz002580,圣阳股份,8.13,8.13,7.93,7.97,61027,48739228.0,-0.16,-1.968019680196802
2017-06-29,15:00,sz002580,圣阳股份,7.97,8.06,7.93,7.95,40309,32142234.0,-0.02,-0.2509410288582183
2017-06-30,15:00,sz002580,圣阳股份,7.9,8.03,7.85,7.99,41312,32804072.0,0.04,0.5031446540880503
2017-07-03,15:00,sz002580,圣阳股份,8.0,8.1,7.95,8.07,42360,34069104.0,0.08,1.0012515644555695
2017-07-04,15:00,sz002580,圣阳股份,8.1,8.11,7.97,8.02,42250,33934040.0,-0.05,-0.6195786864931847
2017-07-05,15:00,sz002580,圣阳股份,8.01,8.06,7.94,8.05,50355,40294372.0,0.03,0.3740648379052369
2017-07-06,15:00,sz002580,圣阳股份,8.07,8.36,8.01,8.17,102054,83368928.0,0.12,1.4906832298136643
2017-07-07,15:00,sz002580,圣阳股份,8.17,8.17,8.03,8.12,65052,52638908.0,-0.05,-0.6119951040391677
2017-07-10,15:00,sz002580,圣阳股份,8.07,8.1,7.92,7.98,66792,53326448.0,-0.14,-1.7241379310344829
2017-07-11,15:00,sz002580,圣阳股份,7.97,7.97,7.78,7.79,52908,41670804.0,-0.19,-2.380952380952381
2017-07-12,15:00,sz002580,圣阳股份,7.76,7.84,7.57,7.71,68847,52836008.0,-0.08,-1.0269576379974326
2017-07-13,15:00,sz002580,圣阳股份,7.73,7.84,7.67,7.71,37590,29095402.0,0.0,0.0
2017-07-14,15:00,sz002580,圣阳股份,7.7,7.74,7.58,7.66,40510,30926352.0,-0.05,-0.648508430609598
2017-07-17,15:00,sz002580,圣阳股份,7.65,7.65,6.89,6.9,108275,77192680.0,-0.76,-9.92167101827676
2017-07-18,15:00,sz002580,圣阳股份,6.88,7.01,6.73,6.97,59327,40739064.0,0.07,1.0144927536231882
2017-07-19,15:00,sz002580,圣阳股份,6.94,7.04,6.9,7.0,64779,45164220.0,0.03,0.430416068866571
2017-07-20,15:00,sz002580,圣阳股份,7.01,7.18,6.99,7.0,70511,49968064.0,0.0,0.0
2017-07-21,15:00,sz002580,圣阳股份,7.0,7.58,6.98,7.29,133318,97156280.0,0.29,4.142857142857142
2017-07-24,15:00,sz002580,圣阳股份,7.23,7.38,7.16,7.26,77454,56098104.0,-0.03,-0.411522633744856
2017-07-25,15:00,sz002580,圣阳股份,7.23,7.34,7.18,7.21,44025,31864492.0,-0.05,-0.6887052341597797
2017-07-26,15:00,sz002580,圣阳股份,7.22,7.3,7.18,7.24,48237,34903364.0,0.03,0.4160887656033287
2017-07-27,15:00,sz002580,圣阳股份,7.22,7.42,7.14,7.34,76620,55845456.0,0.1,1.3812154696132597
2017-07-28,15:00,sz002580,圣阳股份,7.31,7.45,7.29,7.31,66635,49024884.0,-0.03,-0.4087193460490463
2017-07-31,15:00,sz002580,圣阳股份,7.32,7.35,7.21,7.3,57049,41595608.0,-0.01,-0.1367989056087551
2017-08-01,15:00,sz002580,圣阳股份,7.3,7.48,7.24,7.37,75276,55401648.0,0.07,0.9589041095890412
2017-08-02,15:00,sz002580,圣阳股份,7.37,7.64,7.29,7.53,133939,100026936.0,0.16,2.170963364993216
2017-08-03,15:00,sz002580,圣阳股份,7.46,7.5,7.37,7.48,74832,55632532.0,-0.05,-0.6640106241699867
2017-08-04,15:00,sz002580,圣阳股份,7.46,7.48,7.28,7.28,71276,52560632.0,-0.2,-2.6737967914438503
2017-08-07,15:00,sz002580,圣阳股份,7.26,7.4,7.25,7.4,61124,44647216.0,0.12,1.6483516483516485
2017-08-08,15:00,sz002580,圣阳股份,7.4,7.48,7.32,7.4,51537,38092140.0,0.0,0.0
2017-08-09,15:00,sz002580,圣阳股份,7.38,8.14,7.37,8.14,210769,166162160.0,0.74,10.0
2017-08-10,15:00,sz002580,圣阳股份,8.67,8.95,8.57,8.95,802472,706579904.0,0.81,9.950859950859952
2017-08-11,15:00,sz002580,圣阳股份,8.77,9.54,8.7,9.32,807027,730724800.0,0.37,4.134078212290502
2017-08-14,15:00,sz002580,圣阳股份,9.11,9.27,8.94,9.24,552202,503326528.0,-0.08,-0.8583690987124464
2017-08-15,15:00,sz002580,圣阳股份,9.13,9.41,9.01,9.16,455406,418521696.0,-0.08,-0.8658008658008658
2017-08-16,15:00,sz002580,圣阳股份,9.03,9.09,8.76,9.01,403235,359515392.0,-0.15,-1.6375545851528384
2017-08-17,15:00,sz002580,圣阳股份,8.96,9.18,8.9,9.11,341843,308780768.0,0.1,1.109877913429523
2017-08-18,15:00,sz002580,圣阳股份,8.97,9.06,8.73,8.78,284855,252952656.0,-0.33,-3.6223929747530175
2017-08-21,15:00,sz002580,圣阳股份,8.87,8.92,8.62,8.91,194946,171692320.0,0.13,1.4806378132118452
2017-08-22,15:00,sz002580,圣阳股份,8.81,8.82,8.4,8.45,294112,251606720.0,-0.46,-5.16273849607183
2017-08-23,15:00,sz002580,圣阳股份,8.5,8.62,8.3,8.34,178228,150918736.0,-0.11,-1.301775147928994
2017-08-24,15:00,sz002580,圣阳股份,8.34,8.42,8.22,8.37,151690,126449280.0,0.03,0.3597122302158274
2017-08-25,15:00,sz002580,圣阳股份,8.34,8.5,8.29,8.46,154236,129688888.0,0.09,1.0752688172043012
2017-08-28,15:00,sz002580,圣阳股份,8.49,8.59,8.33,8.52,164407,139414880.0,0.06,0.7092198581560284
2017-08-29,15:00,sz002580,圣阳股份,8.5,8.66,8.36,8.41,168296,143274080.0,-0.11,-1.2910798122065728
2017-08-30,15:00,sz002580,圣阳股份,8.35,8.79,8.21,8.75,267704,227738736.0,0.34,4.04280618311534
2017-08-31,15:00,sz002580,圣阳股份,8.65,8.81,8.62,8.7,175419,152635744.0,-0.05,-0.5714285714285714
2017-09-01,15:00,sz002580,圣阳股份,8.7,8.75,8.52,8.59,144477,124226792.0,-0.11,-1.264367816091954
2017-09-04,15:00,sz002580,圣阳股份,8.6,8.62,8.4,8.56,128273,109327832.0,-0.03,-0.3492433061699651
2017-09-05,15:00,sz002580,圣阳股份,8.54,8.7,8.48,8.58,142431,122520728.0,0.02,0.233644859813084
2017-09-06,15:00,sz002580,圣阳股份,8.51,8.88,8.43,8.78,260136,227278352.0,0.2,2.331002331002331
2017-09-07,15:00,sz002580,圣阳股份,8.7,9.07,8.67,8.81,321269,285796928.0,0.03,0.3416856492027335
2017-09-08,15:00,sz002580,圣阳股份,8.76,9.36,8.72,9.18,368165,332386688.0,0.37,4.19977298524404
2017-09-11,15:00,sz002580,圣阳股份,9.35,9.7,9.23,9.53,485373,458784064.0,0.35,3.812636165577342
2017-09-12,15:00,sz002580,圣阳股份,9.5,9.8,9.21,9.26,423562,402283040.0,-0.27,-2.833158447009444
2017-09-13,15:00,sz002580,圣阳股份,9.2,9.26,8.95,9.17,201926,183511056.0,-0.09,-0.9719222462203024
2017-09-14,15:00,sz002580,圣阳股份,9.15,9.46,9.11,9.38,226439,210925472.0,0.21,2.2900763358778624
2017-09-15,15:00,sz002580,圣阳股份,9.3,9.38,9.06,9.14,147029,135368800.0,-0.24,-2.55863539445629
2017-09-18,15:00,sz002580,圣阳股份,9.14,9.29,8.97,9.17,91118,83530600.0,0.03,0.3282275711159737
2017-09-19,15:00,sz002580,圣阳股份,9.41,9.67,9.22,9.29,252839,239024480.0,0.12,1.3086150490730644
2017-09-20,15:00,sz002580,圣阳股份,9.13,9.58,8.95,9.54,258061,238199264.0,0.25,2.6910656620021527
2017-09-21,15:00,sz002580,圣阳股份,9.49,9.56,9.2,9.21,156456,146585504.0,-0.33,-3.459119496855346
2017-09-22,15:00,sz002580,圣阳股份,9.16,9.24,9.02,9.14,92874,84925336.0,-0.07,-0.760043431053203
2017-09-25,15:00,sz002580,圣阳股份,9.13,9.19,8.5,8.54,151800,134748656.0,-0.6,-6.564551422319474
2017-09-26,15:00,sz002580,圣阳股份,8.53,8.73,8.42,8.6,89584,77010864.0,0.06,0.702576112412178
2017-09-27,15:00,sz002580,圣阳股份,8.65,9.08,8.56,8.99,124790,110425160.0,0.39,4.534883720930233
2017-09-28,15:00,sz002580,圣阳股份,9.02,9.22,8.85,9.04,143864,130156112.0,0.05,0.5561735261401557
2017-09-29,15:00,sz002580,圣阳股份,9.02,9.24,8.99,9.06,110276,100320128.0,0.02,0.2212389380530973
2017-10-09,15:00,sz002580,圣阳股份,9.2,9.25,9.08,9.11,88020,80449984.0,0.05,0.5518763796909493
2017-10-10,15:00,sz002580,圣阳股份,9.09,9.48,9.04,9.39,142670,132146880.0,0.28,3.0735455543358947
2017-10-11,15:00,sz002580,圣阳股份,9.26,9.42,9.18,9.19,112162,104113744.0,-0.2,-2.1299254526091587
2017-10-12,15:00,sz002580,圣阳股份,9.36,9.4,9.2,9.37,128701,119817584.0,0.18,1.958650707290533
2017-10-13,15:00,sz002580,圣阳股份,9.38,9.39,9.2,9.28,111304,103459800.0,-0.09,-0.96051227321238
2017-10-16,15:00,sz002580,圣阳股份,9.29,9.29,8.8,8.82,124460,112580392.0,-0.46,-4.956896551724138
2017-10-17,15:00,sz002580,圣阳股份,8.88,8.98,8.81,8.85,49967,44486092.0,0.03,0.3401360544217687
2017-10-18,15:00,sz002580,圣阳股份,8.97,9.74,8.9,9.42,506508,485053952.0,0.57,6.440677966101695
2017-10-19,15:00,sz002580,圣阳股份,9.2,9.25,8.8,8.87,291863,262332400.0,-0.55,-5.83864118895966
2017-10-20,15:00,sz002580,圣阳股份,8.88,8.97,8.77,8.81,142516,125995288.0,-0.06,-0.6764374295377678
2017-10-23,15:00,sz002580,圣阳股份,8.8,9.08,8.79,8.94,101797,90848040.0,0.13,1.4755959137343928
2017-10-24,15:00,sz002580,圣阳股份,8.79,8.79,8.49,8.57,159427,137387936.0,-0.37,-4.138702460850112
2017-10-25,15:00,sz002580,圣阳股份,8.55,8.67,8.39,8.65,82038,70204680.0,0.08,0.9334889148191364
2017-10-26,15:00,sz002580,圣阳股份,8.59,8.68,8.5,8.59,70265,60352168.0,-0.06,-0.6936416184971098
2017-10-27,15:00,sz002580,圣阳股份,8.6,8.64,8.41,8.44,63618,54263496.0,-0.15,-1.7462165308498252
2017-10-30,15:00,sz002580,圣阳股份,8.45,8.49,7.97,7.99,96732,78465936.0,-0.45,-5.33175355450237
2017-10-31,15:00,sz002580,圣阳股份,7.99,8.39,7.97,8.29,82785,67595712.0,0.3,3.754693366708386
2017-11-01,15:00,sz002580,圣阳股份,8.27,8.41,8.23,8.26,41072,34076976.0,-0.03,-0.3618817852834741
2017-11-02,15:00,sz002580,圣阳股份,8.22,8.31,8.06,8.08,49867,40533792.0,-0.18,-2.179176755447941
2017-11-03,15:00,sz002580,圣阳股份,8.09,8.23,8.05,8.11,40909,33224670.0,0.03,0.3712871287128713
2017-11-06,15:00,sz002580,圣阳股份,8.13,8.21,8.08,8.2,30189,24610324.0,0.09,1.1097410604192357
2017-11-07,15:00,sz002580,圣阳股份,8.2,8.35,8.18,8.33,50092,41403604.0,0.13,1.5853658536585369
2017-11-08,15:00,sz002580,圣阳股份,8.31,8.51,8.3,8.34,57607,48404448.0,0.01,0.120048019207683
2017-11-09,15:00,sz002580,圣阳股份,8.38,8.47,8.33,8.37,43357,36418284.0,0.03,0.3597122302158274
2018-04-25,15:00,sz002580,圣阳股份,7.53,7.53,7.53,7.53,7018,5284554.0,-0.84,-10.03584229390681
2018-04-26,15:00,sz002580,圣阳股份,6.78,6.97,6.78,6.78,258428,175934640.0,-0.75,-9.9601593625498
2018-04-27,15:00,sz002580,圣阳股份,6.48,6.75,6.4,6.46,134215,88137640.0,-0.32,-4.71976401179941
2018-05-02,15:00,sz002580,圣阳股份,6.55,6.64,6.42,6.5,60336,39252224.0,0.04,0.6191950464396285
2018-05-03,15:00,sz002580,圣阳股份,6.48,6.5,6.24,6.4,57920,36898420.0,-0.1,-1.5384615384615383
2018-05-04,15:00,sz002580,圣阳股份,6.34,6.44,6.31,6.35,39095,24900040.0,-0.05,-0.78125
2018-05-07,15:00,sz002580,圣阳股份,6.39,6.7,6.3,6.51,75999,49192596.0,0.16,2.5196850393700787
2018-05-08,15:00,sz002580,圣阳股份,6.46,6.55,6.44,6.47,53631,34719392.0,-0.04,-0.6144393241167435
2018-05-09,15:00,sz002580,圣阳股份,6.46,6.49,6.37,6.39,44144,28362306.0,-0.08,-1.2364760432766615
2018-05-10,15:00,sz002580,圣阳股份,6.39,6.44,6.38,6.41,40331,25832750.0,0.02,0.3129890453834116
2018-05-11,15:00,sz002580,圣阳股份,6.42,6.53,6.4,6.47,62834,40644964.0,0.06,0.93603744149766
2018-05-14,15:00,sz002580,圣阳股份,6.45,6.48,6.28,6.32,46094,29469356.0,-0.15,-2.3183925811437405
2018-05-15,15:00,sz002580,圣阳股份,6.35,6.36,6.19,6.28,65453,40886320.0,-0.04,-0.6329113924050633
2018-05-16,15:00,sz002580,圣阳股份,6.26,6.28,6.17,6.23,46658,29009128.0,-0.05,-0.7961783439490446
2018-05-17,15:00,sz002580,圣阳股份,6.24,6.27,6.12,6.19,39653,24626038.0,-0.04,-0.6420545746388443
2018-05-18,15:00,sz002580,圣阳股份,6.2,6.42,6.18,6.35,59270,37287236.0,0.16,2.5848142164781907
2018-05-21,15:00,sz002580,圣阳股份,6.38,6.44,6.33,6.39,55524,35434620.0,0.04,0.6299212598425197
2018-05-22,15:00,sz002580,圣阳股份,6.4,6.44,6.34,6.41,42447,27100128.0,0.02,0.3129890453834116
2018-05-23,15:00,sz002580,圣阳股份,6.38,6.45,6.36,6.37,43760,28012246.0,-0.04,-0.62402496099844
2018-05-24,15:00,sz002580,圣阳股份,6.37,6.43,6.29,6.31,33699,21363800.0,-0.06,-0.9419152276295132
2018-05-25,15:00,sz002580,圣阳股份,6.34,6.42,6.28,6.34,41613,26378332.0,0.03,0.4754358161648178
2018-05-28,15:00,sz002580,圣阳股份,6.37,6.39,6.21,6.29,34374,21603070.0,-0.05,-0.7886435331230284
2018-05-29,15:00,sz002580,圣阳股份,6.26,6.32,6.2,6.28,39791,24915704.0,-0.01,-0.1589825119236884
2018-05-30,15:00,sz002580,圣阳股份,6.3,6.3,5.86,5.88,54574,33230332.0,-0.4,-6.369426751592357
2018-05-31,15:00,sz002580,圣阳股份,5.99,6.0,5.89,5.91,34193,20300722.0,0.03,0.5102040816326531
2018-06-01,15:00,sz002580,圣阳股份,5.9,6.05,5.88,5.94,29897,17819112.0,0.03,0.5076142131979695
2018-06-04,15:00,sz002580,圣阳股份,5.95,6.01,5.89,5.89,23245,13815653.0,-0.05,-0.8417508417508417
2018-06-05,15:00,sz002580,圣阳股份,5.89,5.98,5.87,5.98,19614,11673913.0,0.09,1.528013582342954
2018-06-06,15:00,sz002580,圣阳股份,5.97,6.08,5.93,6.03,35801,21534290.0,0.05,0.8361204013377926
2018-06-07,15:00,sz002580,圣阳股份,6.03,6.05,5.9,5.9,21812,13031251.0,-0.13,-2.155887230514096
2018-06-08,15:00,sz002580,圣阳股份,5.9,5.92,5.6,5.67,44551,25469944.0,-0.23,-3.898305084745763
2018-06-11,15:00,sz002580,圣阳股份,5.67,5.7,5.57,5.6,20664,11615693.0,-0.07,-1.2345679012345678
2018-06-12,15:00,sz002580,圣阳股份,5.62,5.65,5.46,5.61,22198,12362316.0,0.01,0.1785714285714285
2018-06-13,15:00,sz002580,圣阳股份,5.62,5.64,5.43,5.43,23653,13048767.0,-0.18,-3.2085561497326207
2018-06-14,15:00,sz002580,圣阳股份,5.41,5.5,5.3,5.35,25768,13909636.0,-0.08,-1.4732965009208103
2018-06-15,15:00,sz002580,圣阳股份,5.35,5.42,5.05,5.13,39335,20387364.0,-0.22,-4.112149532710281
2018-06-19,15:00,sz002580,圣阳股份,4.93,5.04,4.62,4.62,55538,26520830.0,-0.51,-9.941520467836256
2018-06-20,15:00,sz002580,圣阳股份,4.61,4.8,4.5,4.77,49904,23281614.0,0.15,3.2467532467532463
2018-06-21,15:00,sz002580,圣阳股份,4.71,4.79,4.55,4.56,36616,17208574.0,-0.21,-4.40251572327044
2018-06-22,15:00,sz002580,圣阳股份,4.58,5.02,4.51,5.02,83933,40867644.0,0.46,10.087719298245611
2018-06-25,15:00,sz002580,圣阳股份,5.23,5.52,5.15,5.52,130585,71060008.0,0.5,9.9601593625498
2018-06-26,15:00,sz002580,圣阳股份,5.3,6.07,5.16,5.7,274226,154680928.0,0.18,3.260869565217391
2018-06-27,15:00,sz002580,圣阳股份,5.52,5.74,5.45,5.55,154282,86085440.0,-0.15,-2.631578947368421
2018-06-28,15:00,sz002580,圣阳股份,5.5,6.11,5.41,6.11,245952,142855248.0,0.56,10.09009009009009
2018-06-29,15:00,sz002580,圣阳股份,6.12,6.67,5.93,6.23,328853,208726512.0,0.12,1.9639934533551555
2018-07-02,15:00,sz002580,圣阳股份,6.11,6.35,5.98,6.01,208739,127324352.0,-0.22,-3.531300160513644
2018-07-03,15:00,sz002580,圣阳股份,6.0,6.0,5.74,5.93,183566,107552640.0,-0.08,-1.3311148086522462
2018-07-04,15:00,sz002580,圣阳股份,5.88,5.9,5.41,5.49,162482,91686272.0,-0.44,-7.419898819561552
2018-07-05,15:00,sz002580,圣阳股份,5.49,6.04,5.49,6.04,140236,82723728.0,0.55,10.018214936247723
2018-07-06,15:00,sz002580,圣阳股份,6.12,6.64,5.83,6.43,468572,296301248.0,0.39,6.456953642384105
2018-07-09,15:00,sz002580,圣阳股份,6.2,6.41,6.15,6.25,264415,165414064.0,-0.18,-2.7993779160186625
2018-07-10,15:00,sz002580,圣阳股份,6.18,6.73,6.18,6.35,267692,172854080.0,0.1,1.6
2018-07-11,15:00,sz002580,圣阳股份,6.3,6.33,5.92,6.11,198126,121039416.0,-0.24,-3.779527559055118
2018-07-12,15:00,sz002580,圣阳股份,6.06,6.21,5.98,6.14,172219,105274632.0,0.03,0.4909983633387889
2018-07-13,15:00,sz002580,圣阳股份,6.0,6.1,5.89,5.94,132992,79303336.0,-0.2,-3.257328990228013
2018-07-16,15:00,sz002580,圣阳股份,5.9,6.09,5.77,6.06,101392,60671328.0,0.12,2.0202020202020203
2018-07-17,15:00,sz002580,圣阳股份,6.03,6.17,5.92,6.17,85852,51727612.0,0.11,1.8151815181518156
2018-07-18,15:00,sz002580,圣阳股份,6.15,6.22,5.94,5.94,96070,58452088.0,-0.23,-3.727714748784441
2018-07-19,15:00,sz002580,圣阳股份,5.87,5.94,5.6,5.65,94866,54745212.0,-0.29,-4.882154882154882
2018-07-20,15:00,sz002580,圣阳股份,5.65,6.22,5.63,6.22,143961,88136832.0,0.57,10.08849557522124
2018-07-23,15:00,sz002580,圣阳股份,6.5,6.84,6.43,6.84,517410,345839712.0,0.62,9.967845659163988
2018-07-24,15:00,sz002580,圣阳股份,7.1,7.52,6.76,6.97,670676,476806272.0,0.13,1.9005847953216373
2018-07-25,15:00,sz002580,圣阳股份,6.83,6.9,6.57,6.57,431464,290218912.0,-0.4,-5.738880918220947
2018-07-26,15:00,sz002580,圣阳股份,6.4,6.73,6.33,6.45,291637,189548976.0,-0.12,-1.82648401826484
2018-07-27,15:00,sz002580,圣阳股份,6.38,6.48,6.24,6.26,161710,102526216.0,-0.19,-2.945736434108527
2018-07-30,15:00,sz002580,圣阳股份,6.3,6.47,6.23,6.39,136057,86266848.0,0.13,2.07667731629393
2018-07-31,15:00,sz002580,圣阳股份,6.3,6.38,6.26,6.32,85870,54283788.0,-0.07,-1.0954616588419406
2018-08-01,15:00,sz002580,圣阳股份,6.39,6.65,6.36,6.43,201660,131447056.0,0.11,1.740506329113924
2018-08-02,15:00,sz002580,圣阳股份,6.3,6.3,5.79,5.9,206801,122335712.0,-0.53,-8.242612752721618
2018-08-03,15:00,sz002580,圣阳股份,5.85,5.96,5.63,5.73,107709,62277824.0,-0.17,-2.8813559322033897
2018-08-06,15:00,sz002580,圣阳股份,5.75,5.76,5.36,5.48,90107,49768856.0,-0.25,-4.363001745200698
2018-08-07,15:00,sz002580,圣阳股份,5.49,5.66,5.49,5.63,76468,42789908.0,0.15,2.737226277372263
2018-08-08,15:00,sz002580,圣阳股份,5.67,5.67,5.21,5.3,90398,49184988.0,-0.33,-5.86145648312611
2018-08-09,15:00,sz002580,圣阳股份,5.3,5.55,5.26,5.45,77410,42183984.0,0.15,2.8301886792452837
2018-08-10,15:00,sz002580,圣阳股份,5.41,5.62,5.39,5.53,55804,30818434.0,0.08,1.4678899082568808
2018-08-13,15:00,sz002580,圣阳股份,5.47,5.64,5.3,5.6,64057,35181060.0,0.07,1.2658227848101269
2018-08-14,15:00,sz002580,圣阳股份,5.61,5.85,5.55,5.6,79400,45247744.0,0.0,0.0
2018-08-15,15:00,sz002580,圣阳股份,5.58,5.8,5.57,5.62,68521,38692696.0,0.02,0.3571428571428571
2018-08-16,15:00,sz002580,圣阳股份,5.6,5.6,5.36,5.41,54795,30013744.0,-0.21,-3.7366548042704624
2018-08-17,15:00,sz002580,圣阳股份,5.51,5.51,5.15,5.2,53546,28558326.0,-0.21,-3.8817005545286505
2018-08-20,15:00,sz002580,圣阳股份,5.2,5.24,5.04,5.17,51518,26401114.0,-0.03,-0.576923076923077
2018-08-21,15:00,sz002580,圣阳股份,5.17,5.28,5.13,5.26,40874,21325860.0,0.09,1.7408123791102514
2018-08-22,15:00,sz002580,圣阳股份,5.23,5.28,5.14,5.16,30188,15674728.0,-0.1,-1.9011406844106464
2018-08-23,15:00,sz002580,圣阳股份,5.2,5.25,5.16,5.23,39525,20599896.0,0.07,1.3565891472868217
2018-08-24,15:00,sz002580,圣阳股份,5.22,5.22,5.14,5.15,34548,17864546.0,-0.08,-1.5296367112810707
2018-08-27,15:00,sz002580,圣阳股份,5.67,5.67,5.67,5.67,20464,11603406.0,0.52,10.097087378640776
2018-08-28,15:00,sz002580,圣阳股份,6.24,6.24,6.24,6.24,20648,12884396.0,0.57,10.052910052910052
2018-08-29,15:00,sz002580,圣阳股份,6.55,6.55,5.88,5.91,268612,164707408.0,-0.33,-5.288461538461538
2018-08-30,15:00,sz002580,圣阳股份,5.85,6.5,5.81,6.3,391238,247049920.0,0.39,6.598984771573605
2018-08-31,15:00,sz002580,圣阳股份,6.01,6.12,5.73,5.87,268123,158676464.0,-0.43,-6.825396825396825
2018-09-03,15:00,sz002580,圣阳股份,5.95,6.27,5.89,6.06,172993,104436584.0,0.19,3.2367972742759794
2018-09-04,15:00,sz002580,圣阳股份,5.92,6.02,5.82,5.98,138593,82146432.0,-0.08,-1.32013201320132
2018-09-05,15:00,sz002580,圣阳股份,5.96,6.04,5.68,5.73,128289,74846792.0,-0.25,-4.180602006688964
2018-09-06,15:00,sz002580,圣阳股份,5.71,5.86,5.62,5.68,89249,51092280.0,-0.05,-0.8726003490401396
2018-09-07,15:00,sz002580,圣阳股份,5.68,5.78,5.5,5.61,88800,50214268.0,-0.07,-1.232394366197183
2018-09-10,15:00,sz002580,圣阳股份,5.72,5.97,5.55,5.59,105046,60536188.0,-0.02,-0.35650623885918
2018-09-11,15:00,sz002580,圣阳股份,5.21,5.78,5.21,5.42,84802,45787676.0,-0.17,-3.041144901610018
2018-09-12,15:00,sz002580,圣阳股份,5.41,5.7,5.38,5.57,91211,50510480.0,0.15,2.7675276752767526
2018-09-13,15:00,sz002580,圣阳股份,5.6,5.7,5.43,5.53,73184,40346024.0,-0.04,-0.718132854578097
2018-09-14,15:00,sz002580,圣阳股份,5.55,5.66,5.4,5.46,71399,39674096.0,-0.07,-1.2658227848101269
2018-09-17,15:00,sz002580,圣阳股份,5.34,5.46,5.25,5.35,53844,28630254.0,-0.11,-2.0146520146520146
2018-09-18,15:00,sz002580,圣阳股份,5.34,5.48,5.32,5.48,46948,25387096.0,0.13,2.4299065420560746
2018-09-19,15:00,sz002580,圣阳股份,5.45,5.58,5.41,5.56,61994,34178044.0,0.08,1.45985401459854
2018-09-20,15:00,sz002580,圣阳股份,5.54,5.87,5.51,5.66,110340,62991112.0,0.1,1.7985611510791366
2018-09-21,15:00,sz002580,圣阳股份,5.58,5.74,5.55,5.69,77851,43906700.0,0.03,0.5300353356890459
2018-09-25,15:00,sz002580,圣阳股份,5.64,5.65,5.52,5.53,49268,27401150.0,-0.16,-2.81195079086116
2018-09-26,15:00,sz002580,圣阳股份,5.54,5.62,5.48,5.58,44552,24753626.0,0.05,0.9041591320072332
2018-09-27,15:00,sz002580,圣阳股份,5.56,5.57,5.36,5.37,52284,28501338.0,-0.21,-3.763440860215054
2018-09-28,15:00,sz002580,圣阳股份,5.38,5.57,5.38,5.52,39898,21860684.0,0.15,2.793296089385475
2018-10-08,15:00,sz002580,圣阳股份,5.55,5.55,5.37,5.4,32634,17717178.0,-0.12,-2.1739130434782608
2018-10-09,15:00,sz002580,圣阳股份,5.41,5.45,5.36,5.41,30777,16612534.0,0.01,0.1851851851851852
2018-10-10,15:00,sz002580,圣阳股份,5.43,5.47,5.38,5.44,26580,14405005.0,0.03,0.5545286506469501
2018-10-11,15:00,sz002580,圣阳股份,5.24,5.24,4.9,4.9,66739,33672536.0,-0.54,-9.926470588235292
2018-10-12,15:00,sz002580,圣阳股份,4.82,4.97,4.54,4.82,55732,26465574.0,-0.08,-1.6326530612244898
2018-10-15,15:00,sz002580,圣阳股份,4.82,5.03,4.82,4.92,49542,24535006.0,0.1,2.0746887966804977
2018-10-16,15:00,sz002580,圣阳股份,4.91,4.96,4.7,4.74,33910,16373040.0,-0.18,-3.658536585365853
2018-10-17,15:00,sz002580,圣阳股份,4.83,4.92,4.65,4.77,30260,14485200.0,0.03,0.6329113924050633
2018-10-18,15:00,sz002580,圣阳股份,4.74,4.88,4.62,4.69,40306,19149894.0,-0.08,-1.677148846960168
2018-10-19,15:00,sz002580,圣阳股份,4.67,4.81,4.58,4.81,33259,15749847.0,0.12,2.55863539445629
2018-10-22,15:00,sz002580,圣阳股份,4.94,5.11,4.86,5.05,63701,31915146.0,0.24,4.98960498960499
2018-10-23,15:00,sz002580,圣阳股份,5.04,5.07,4.86,4.9,47372,23547452.0,-0.15,-2.9702970297029703
2018-10-24,15:00,sz002580,圣阳股份,4.96,5.06,4.9,4.96,40949,20360416.0,0.06,1.2244897959183674
2018-10-25,15:00,sz002580,圣阳股份,4.72,4.91,4.69,4.88,36091,17414810.0,-0.08,-1.6129032258064515
2018-10-26,15:00,sz002580,圣阳股份,4.88,5.04,4.88,4.97,39958,19872432.0,0.09,1.8442622950819672
2018-10-29,15:00,sz002580,圣阳股份,4.95,4.99,4.86,4.87,24279,11920082.0,-0.1,-2.0120724346076457
2018-10-30,15:00,sz002580,圣阳股份,4.88,5.02,4.82,4.98,38516,19020182.0,0.11,2.2587268993839835
2018-10-31,15:00,sz002580,圣阳股份,5.0,5.13,4.94,5.08,61599,31076192.0,0.1,2.0080321285140563
2018-11-01,15:00,sz002580,圣阳股份,5.06,5.17,5.03,5.04,63649,32345780.0,-0.04,-0.7874015748031495
2018-11-02,15:00,sz002580,圣阳股份,5.09,5.16,5.05,5.15,63302,32340348.0,0.11,2.1825396825396823
2018-11-05,15:00,sz002580,圣阳股份,5.16,5.28,5.05,5.2,79368,40900680.0,0.05,0.9708737864077668
2018-11-06,15:00,sz002580,圣阳股份,5.17,5.23,5.06,5.19,56197,28902954.0,-0.01,-0.1923076923076923
2018-11-07,15:00,sz002580,圣阳股份,5.22,5.33,5.18,5.23,58598,30705000.0,0.04,0.7707129094412332
2018-11-08,15:00,sz002580,圣阳股份,5.22,5.49,5.22,5.29,103606,55316788.0,0.06,1.147227533460803
2018-11-09,15:00,sz002580,圣阳股份,5.2,5.32,5.17,5.22,56008,29303500.0,-0.07,-1.3232514177693762
2018-11-12,15:00,sz002580,圣阳股份,5.24,5.46,5.24,5.45,79510,42626416.0,0.23,4.406130268199234
2018-11-27,15:00,sz002580,圣阳股份,6.0,6.0,6.0,6.0,7580,4548120.0,0.55,10.091743119266056
2018-11-28,15:00,sz002580,圣阳股份,6.25,6.58,5.85,5.99,271035,167156512.0,-0.01,-0.1666666666666666
2018-11-29,15:00,sz002580,圣阳股份,5.93,5.99,5.53,5.53,185857,106429344.0,-0.46,-7.6794657762938225
2018-11-30,15:00,sz002580,圣阳股份,5.55,5.58,5.23,5.38,129373,69353440.0,-0.15,-2.7124773960217
2018-12-03,15:00,sz002580,圣阳股份,5.5,5.58,5.41,5.51,119114,65510492.0,0.13,2.41635687732342
2018-12-04,15:00,sz002580,圣阳股份,5.48,5.73,5.43,5.69,106677,59513284.0,0.18,3.2667876588021776
2018-12-05,15:00,sz002580,圣阳股份,5.51,5.64,5.45,5.53,84197,46848284.0,-0.16,-2.81195079086116
2018-12-06,15:00,sz002580,圣阳股份,5.55,5.79,5.53,5.6,105348,59427628.0,0.07,1.2658227848101269
2018-12-07,15:00,sz002580,圣阳股份,5.57,5.9,5.57,5.89,142723,81716528.0,0.29,5.178571428571429
2018-12-10,15:00,sz002580,圣阳股份,5.73,5.8,5.61,5.66,96431,54938092.0,-0.23,-3.904923599320883
2018-12-11,15:00,sz002580,圣阳股份,5.65,5.7,5.54,5.62,67927,38022324.0,-0.04,-0.7067137809187279
2018-12-12,15:00,sz002580,圣阳股份,5.69,5.83,5.54,5.72,114740,65563232.0,0.1,1.7793594306049825
2018-12-13,15:00,sz002580,圣阳股份,5.7,5.99,5.64,5.91,182930,107298208.0,0.19,3.3216783216783217
2018-12-14,15:00,sz002580,圣阳股份,5.8,5.85,5.62,5.65,104898,60081400.0,-0.26,-4.39932318104907
2018-12-17,15:00,sz002580,圣阳股份,5.68,5.68,5.45,5.6,56831,31526812.0,-0.05,-0.8849557522123894
2018-12-18,15:00,sz002580,圣阳股份,5.54,5.61,5.45,5.51,42993,23743732.0,-0.09,-1.607142857142857
2018-12-19,15:00,sz002580,圣阳股份,5.51,5.61,5.33,5.38,43785,24031052.0,-0.13,-2.35934664246824
2018-12-20,15:00,sz002580,圣阳股份,5.36,5.43,5.31,5.38,44539,23976738.0,0.0,0.0
2018-12-21,15:00,sz002580,圣阳股份,5.35,5.39,5.29,5.34,45866,24505946.0,-0.04,-0.7434944237918215
2018-12-24,15:00,sz002580,圣阳股份,5.34,5.38,5.23,5.3,33311,17652388.0,-0.04,-0.7490636704119851
2018-12-25,15:00,sz002580,圣阳股份,5.27,5.3,4.96,5.16,50492,25809882.0,-0.14,-2.6415094339622645
2018-12-26,15:00,sz002580,圣阳股份,5.18,5.28,5.15,5.17,32467,16880334.0,0.01,0.1937984496124031
2018-12-27,15:00,sz002580,圣阳股份,5.25,5.28,5.01,5.01,30931,15935786.0,-0.16,-3.094777562862669
2018-12-28,15:00,sz002580,圣阳股份,5.02,5.09,5.01,5.06,26614,13453783.0,0.05,0.998003992015968
2019-01-02,15:00,sz002580,圣阳股份,5.07,5.25,5.04,5.25,45283,23232416.0,0.19,3.75494071146245
2019-01-03,15:00,sz002580,圣阳股份,5.23,5.35,5.16,5.18,54299,28566440.0,-0.07,-1.3333333333333337
2019-01-04,15:00,sz002580,圣阳股份,5.09,5.34,5.02,5.3,61382,32026792.0,0.12,2.3166023166023164
2019-01-07,15:00,sz002580,圣阳股份,5.33,5.48,5.28,5.43,71078,38361724.0,0.13,2.4528301886792456
2019-01-08,15:00,sz002580,圣阳股份,5.38,5.57,5.38,5.47,63814,34980972.0,0.04,0.7366482504604052
2019-01-09,15:00,sz002580,圣阳股份,5.45,5.58,5.41,5.48,76408,42019920.0,0.01,0.1828153564899451
2019-01-10,15:00,sz002580,圣阳股份,5.46,5.82,5.45,5.51,90494,50690848.0,0.03,0.5474452554744526
2019-01-11,15:00,sz002580,圣阳股份,5.36,5.85,5.36,5.75,145159,82279456.0,0.24,4.355716878402904
2019-01-14,15:00,sz002580,圣阳股份,5.7,5.74,5.49,5.54,92748,51932248.0,-0.21,-3.6521739130434794
2019-01-15,15:00,sz002580,圣阳股份,5.53,6.09,5.5,6.09,290605,173112672.0,0.55,9.927797833935015
2019-01-16,15:00,sz002580,圣阳股份,6.0,6.16,5.79,5.83,272831,161814320.0,-0.26,-4.269293924466338
2019-01-17,15:00,sz002580,圣阳股份,5.83,5.9,5.69,5.75,158722,91484192.0,-0.08,-1.37221269296741
2019-01-18,15:00,sz002580,圣阳股份,5.76,5.8,5.59,5.67,103197,58552900.0,-0.08,-1.391304347826087
2019-01-21,15:00,sz002580,圣阳股份,5.73,5.95,5.7,5.77,125511,73219176.0,0.1,1.763668430335097
2019-01-22,15:00,sz002580,圣阳股份,5.73,5.76,5.55,5.57,89133,50132908.0,-0.2,-3.466204506065858
2019-01-23,15:00,sz002580,圣阳股份,5.56,5.85,5.56,5.75,114019,65350952.0,0.18,3.231597845601436
2019-01-24,15:00,sz002580,圣阳股份,5.7,5.77,5.62,5.67,80198,45654540.0,-0.08,-1.391304347826087
2019-01-25,15:00,sz002580,圣阳股份,5.63,5.85,5.6,5.73,109192,62485568.0,0.06,1.058201058201058
2019-01-28,15:00,sz002580,圣阳股份,5.69,5.75,5.42,5.52,124115,68844472.0,-0.21,-3.664921465968586
2019-01-29,15:00,sz002580,圣阳股份,5.52,5.53,5.09,5.24,79469,41768768.0,-0.28,-5.072463768115942
2019-01-30,15:00,sz002580,圣阳股份,5.16,5.31,5.16,5.18,38079,19852040.0,-0.06,-1.1450381679389312
2019-01-31,15:00,sz002580,圣阳股份,5.22,5.23,4.9,5.0,54520,27685540.0,-0.18,-3.474903474903475
2019-02-01,15:00,sz002580,圣阳股份,4.96,5.32,4.96,5.23,48828,25422448.0,0.23,4.6
2019-02-11,15:00,sz002580,圣阳股份,5.36,5.43,5.29,5.38,44775,24099862.0,0.15,2.8680688336520075
2019-02-12,15:00,sz002580,圣阳股份,5.4,5.48,5.35,5.42,52258,28263598.0,0.04,0.7434944237918215
2019-02-13,15:00,sz002580,圣阳股份,5.41,5.52,5.35,5.5,79994,43652632.0,0.08,1.4760147601476017
2019-02-14,15:00,sz002580,圣阳股份,5.48,5.58,5.44,5.56,71835,39718556.0,0.06,1.090909090909091
2019-02-15,15:00,sz002580,圣阳股份,5.57,5.57,5.48,5.53,65782,36361044.0,-0.03,-0.539568345323741
2019-02-18,15:00,sz002580,圣阳股份,5.56,5.7,5.55,5.7,88979,50306148.0,0.17,3.074141048824593
2019-02-19,15:00,sz002580,圣阳股份,5.69,5.76,5.6,5.73,87529,49706332.0,0.03,0.5263157894736842
2019-02-20,15:00,sz002580,圣阳股份,5.7,5.77,5.65,5.74,79121,45245524.0,0.01,0.1745200698080279
2019-02-21,15:00,sz002580,圣阳股份,5.74,5.84,5.66,5.67,102546,59016492.0,-0.07,-1.2195121951219512
2019-02-22,15:00,sz002580,圣阳股份,5.65,5.77,5.6,5.76,97459,55682352.0,0.09,1.5873015873015872
2019-02-25,15:00,sz002580,圣阳股份,5.85,6.04,5.78,5.99,149151,88221216.0,0.23,3.9930555555555554
2019-02-26,15:00,sz002580,圣阳股份,5.99,6.11,5.91,5.97,158183,94908000.0,-0.02,-0.333889816360601
2019-02-27,15:00,sz002580,圣阳股份,5.95,6.02,5.8,5.86,122652,72723232.0,-0.11,-1.8425460636515916
2019-02-28,15:00,sz002580,圣阳股份,5.93,6.12,5.85,5.93,108533,64579872.0,0.07,1.1945392491467577
2019-03-01,15:00,sz002580,圣阳股份,5.92,5.97,5.82,5.9,95385,56178484.0,-0.03,-0.5059021922428331
2019-03-04,15:00,sz002580,圣阳股份,5.96,6.08,5.85,5.99,141107,84487152.0,0.09,1.5254237288135597
2019-03-05,15:00,sz002580,圣阳股份,5.99,6.25,5.94,6.2,187203,115082520.0,0.21,3.5058430717863103
2019-03-06,15:00,sz002580,圣阳股份,6.23,6.33,6.1,6.29,183120,114091816.0,0.09,1.4516129032258065
2019-03-07,15:00,sz002580,圣阳股份,6.29,6.52,6.25,6.38,171115,109280056.0,0.09,1.4308426073131957
2019-03-08,15:00,sz002580,圣阳股份,6.28,6.5,6.0,6.07,171330,106723928.0,-0.31,-4.858934169278997
2019-03-11,15:00,sz002580,圣阳股份,5.98,6.6,5.98,6.6,235020,148335936.0,0.53,8.731466227347612
2019-03-12,15:00,sz002580,圣阳股份,6.6,6.72,6.41,6.59,258798,169409728.0,-0.01,-0.1515151515151515
2019-03-13,15:00,sz002580,圣阳股份,6.75,7.25,6.72,7.07,628174,445690144.0,0.48,7.283763277693475
2019-03-14,15:00,sz002580,圣阳股份,6.73,6.76,6.36,6.36,385178,249644224.0,-0.71,-10.04243281471004
2019-03-15,15:00,sz002580,圣阳股份,6.37,6.53,6.33,6.46,208013,133510488.0,0.1,1.572327044025157
2019-03-18,15:00,sz002580,圣阳股份,6.46,6.49,6.29,6.47,144097,92070008.0,0.01,0.1547987616099071
2019-03-19,15:00,sz002580,圣阳股份,6.46,6.57,6.36,6.52,166897,107683680.0,0.05,0.7727975270479135
2019-03-20,15:00,sz002580,圣阳股份,6.48,6.48,6.3,6.4,119099,76130872.0,-0.12,-1.8404907975460123
2019-03-21,15:00,sz002580,圣阳股份,6.46,6.47,6.36,6.41,129928,83483952.0,0.01,0.15625
2019-03-22,15:00,sz002580,圣阳股份,6.4,6.46,6.29,6.44,109734,70064440.0,0.03,0.46801872074883
2019-03-25,15:00,sz002580,圣阳股份,6.35,6.44,6.26,6.39,76591,48813008.0,-0.05,-0.7763975155279503
2019-03-26,15:00,sz002580,圣阳股份,6.43,6.48,6.13,6.21,113591,71750240.0,-0.18,-2.8169014084507045
2019-03-27,15:00,sz002580,圣阳股份,6.26,6.26,5.97,6.15,84712,51933368.0,-0.06,-0.966183574879227
2019-03-28,15:00,sz002580,圣阳股份,6.12,6.21,6.04,6.11,57200,35115128.0,-0.04,-0.6504065040650406
2019-03-29,15:00,sz002580,圣阳股份,6.15,6.32,6.06,6.29,84175,52176092.0,0.18,2.9459901800327333
2019-04-01,15:00,sz002580,圣阳股份,6.29,6.49,6.29,6.49,118359,76002536.0,0.2,3.1796502384737675
2019-04-02,15:00,sz002580,圣阳股份,6.5,6.68,6.46,6.53,143278,93886928.0,0.04,0.6163328197226503
2019-04-03,15:00,sz002580,圣阳股份,6.5,6.66,6.46,6.61,121300,80046088.0,0.08,1.2251148545176112
2019-04-04,15:00,sz002580,圣阳股份,6.61,6.79,6.52,6.7,154570,102952984.0,0.09,1.361573373676248
2019-04-08,15:00,sz002580,圣阳股份,6.7,6.79,6.42,6.53,131610,86780176.0,-0.17,-2.5373134328358207
2019-04-09,15:00,sz002580,圣阳股份,6.53,6.61,6.46,6.61,90365,59158916.0,0.08,1.2251148545176112
2019-04-10,15:00,sz002580,圣阳股份,6.61,6.61,6.45,6.52,88963,58135060.0,-0.09,-1.361573373676248
2019-04-11,15:00,sz002580,圣阳股份,6.64,7.07,6.6,6.64,221889,150337856.0,0.12,1.8404907975460123
2019-04-12,15:00,sz002580,圣阳股份,6.51,6.63,6.45,6.6,108308,70648768.0,-0.04,-0.6024096385542169
2019-04-15,15:00,sz002580,圣阳股份,6.67,6.9,6.6,6.73,185366,124698072.0,0.13,1.9696969696969693
2019-04-16,15:00,sz002580,圣阳股份,6.65,7.24,6.63,7.14,309308,215454224.0,0.41,6.092124814264487
2019-04-17,15:00,sz002580,圣阳股份,7.03,7.66,7.0,7.13,332885,242210768.0,-0.01,-0.1400560224089636
2019-04-18,15:00,sz002580,圣阳股份,7.08,7.13,6.86,6.86,185274,129091416.0,-0.27,-3.786816269284712
2019-04-19,15:00,sz002580,圣阳股份,6.89,7.27,6.81,7.25,193482,136431264.0,0.39,5.685131195335277
2019-04-22,15:00,sz002580,圣阳股份,7.11,7.18,6.83,6.86,174731,122364480.0,-0.39,-5.379310344827586
2019-04-23,15:00,sz002580,圣阳股份,6.83,6.93,6.48,6.56,132447,88420688.0,-0.3,-4.373177842565598
2019-04-24,15:00,sz002580,圣阳股份,6.61,6.79,6.58,6.76,88254,59119712.0,0.2,3.048780487804878
2019-04-25,15:00,sz002580,圣阳股份,6.73,6.73,6.25,6.25,122729,79592096.0,-0.51,-7.544378698224852
2019-04-26,15:00,sz002580,圣阳股份,6.34,6.37,6.21,6.26,59546,37499724.0,0.01,0.16
2019-04-29,15:00,sz002580,圣阳股份,6.25,6.45,5.85,5.91,78630,47453336.0,-0.35,-5.5910543130990416
2019-04-30,15:00,sz002580,圣阳股份,5.93,6.13,5.92,6.04,49003,29611644.0,0.13,2.199661590524535
2019-05-06,15:00,sz002580,圣阳股份,5.9,5.9,5.44,5.45,85582,47885312.0,-0.59,-9.7682119205298
2019-05-07,15:00,sz002580,圣阳股份,5.55,5.58,5.39,5.54,50809,27904814.0,0.09,1.651376146788991
2019-05-08,15:00,sz002580,圣阳股份,5.41,5.64,5.38,5.57,54194,29958648.0,0.03,0.5415162454873645
2019-05-09,15:00,sz002580,圣阳股份,5.5,5.59,5.45,5.5,49022,27127710.0,-0.07,-1.2567324955116697
2019-05-10,15:00,sz002580,圣阳股份,5.53,5.71,5.45,5.69,65394,36778880.0,0.19,3.4545454545454546
2019-05-13,15:00,sz002580,圣阳股份,5.63,5.72,5.63,5.7,39295,22315820.0,0.01,0.1757469244288224
2019-05-14,15:00,sz002580,圣阳股份,5.65,5.75,5.59,5.65,39800,22583774.0,-0.05,-0.8771929824561403
2019-05-15,15:00,sz002580,圣阳股份,5.69,5.77,5.67,5.75,42571,24396032.0,0.1,1.7699115044247788
2019-05-16,15:00,sz002580,圣阳股份,5.75,5.9,5.73,5.83,45703,26633450.0,0.08,1.391304347826087
2019-05-17,15:00,sz002580,圣阳股份,5.83,5.87,5.48,5.55,56737,32303416.0,-0.28,-4.802744425385934
2019-05-20,15:00,sz002580,圣阳股份,5.53,5.57,5.38,5.57,42069,23121888.0,0.02,0.3603603603603603
2019-05-21,15:00,sz002580,圣阳股份,5.53,5.72,5.51,5.69,36596,20688250.0,0.12,2.154398563734291
2019-05-22,15:00,sz002580,圣阳股份,5.69,5.8,5.58,5.69,45015,25668048.0,0.0,0.0
2019-05-23,15:00,sz002580,圣阳股份,5.67,5.68,5.4,5.45,50014,27595752.0,-0.24,-4.21792618629174
2019-05-24,15:00,sz002580,圣阳股份,5.42,5.55,5.42,5.49,27111,14882771.0,0.04,0.7339449541284404
2019-05-27,15:00,sz002580,圣阳股份,5.48,5.72,5.45,5.72,46027,25664386.0,0.23,4.189435336976321
2019-05-28,15:00,sz002580,圣阳股份,5.88,6.1,5.79,5.8,133354,79151280.0,0.08,1.3986013986013983
2019-05-29,15:00,sz002580,圣阳股份,5.77,5.93,5.7,5.87,68581,39984780.0,0.07,1.206896551724138
2019-05-30,15:00,sz002580,圣阳股份,5.8,5.82,5.66,5.75,57797,33144716.0,-0.12,-2.044293015332197
2019-05-31,15:00,sz002580,圣阳股份,5.77,5.81,5.68,5.7,46999,26984440.0,-0.05,-0.8695652173913043
2019-06-03,15:00,sz002580,圣阳股份,5.7,5.76,5.65,5.7,44867,25579130.0,0.0,0.0
2019-06-04,15:00,sz002580,圣阳股份,5.7,5.7,5.48,5.52,41719,23161688.0,-0.18,-3.1578947368421053
2019-06-05,15:00,sz002580,圣阳股份,5.58,5.6,5.52,5.53,26483,14729481.0,0.01,0.181159420289855
2019-06-06,15:00,sz002580,圣阳股份,5.56,5.56,5.38,5.39,33898,18572300.0,-0.14,-2.5316455696202533
2019-06-10,15:00,sz002580,圣阳股份,5.42,5.52,5.39,5.48,22965,12542631.0,0.09,1.6697588126159555
2019-06-11,15:00,sz002580,圣阳股份,5.48,5.66,5.45,5.66,50478,28231856.0,0.18,3.2846715328467155
2019-06-12,15:00,sz002580,圣阳股份,5.67,5.68,5.58,5.6,35191,19825400.0,-0.06,-1.060070671378092
2019-06-13,15:00,sz002580,圣阳股份,5.63,5.72,5.57,5.7,45366,25629888.0,0.1,1.7857142857142856
2019-06-14,15:00,sz002580,圣阳股份,5.7,5.74,5.48,5.52,39248,21940114.0,-0.18,-3.1578947368421053
2019-06-17,15:00,sz002580,圣阳股份,5.48,5.54,5.45,5.52,20902,11508650.0,0.0,0.0
2019-06-18,15:00,sz002580,圣阳股份,5.49,5.54,5.45,5.52,17024,9350279.0,0.0,0.0
2019-06-19,15:00,sz002580,圣阳股份,5.6,5.65,5.54,5.54,34863,19509150.0,0.02,0.3623188405797101
2019-06-20,15:00,sz002580,圣阳股份,5.54,5.64,5.5,5.63,45866,25595520.0,0.09,1.6245487364620936
2019-06-21,15:00,sz002580,圣阳股份,5.7,5.9,5.67,5.77,86470,49806156.0,0.14,2.4866785079928952
2019-06-24,15:00,sz002580,圣阳股份,5.74,5.8,5.7,5.76,36832,21174192.0,-0.01,-0.1733102253032928
2019-06-25,15:00,sz002580,圣阳股份,5.78,5.78,5.6,5.72,41273,23409076.0,-0.04,-0.6944444444444444
2019-06-26,15:00,sz002580,圣阳股份,5.69,5.76,5.63,5.69,24431,13948501.0,-0.03,-0.5244755244755245
2019-06-27,15:00,sz002580,圣阳股份,5.69,5.88,5.69,5.72,32146,18430150.0,0.03,0.5272407732864675
2019-06-28,15:00,sz002580,圣阳股份,5.67,5.75,5.57,5.66,28690,16178484.0,-0.06,-1.048951048951049
2019-07-01,15:00,sz002580,圣阳股份,5.73,5.82,5.72,5.81,67596,39095576.0,0.15,2.65017667844523
2019-07-02,15:00,sz002580,圣阳股份,5.87,5.93,5.76,5.79,58808,34321516.0,-0.02,-0.3442340791738382
2019-07-03,15:00,sz002580,圣阳股份,5.74,5.74,5.64,5.7,33918,19311044.0,-0.09,-1.5544041450777202
2019-07-04,15:00,sz002580,圣阳股份,5.74,5.74,5.63,5.67,31281,17739244.0,-0.03,-0.5263157894736842
2019-07-05,15:00,sz002580,圣阳股份,5.67,5.71,5.63,5.69,20501,11627297.0,0.02,0.3527336860670194
2019-07-08,15:00,sz002580,圣阳股份,5.67,5.67,5.36,5.43,48698,26573690.0,-0.26,-4.569420035149385
2019-07-09,15:00,sz002580,圣阳股份,5.4,5.48,5.35,5.47,24845,13439464.0,0.04,0.7366482504604052
2019-07-10,15:00,sz002580,圣阳股份,5.46,5.47,5.36,5.41,21584,11672940.0,-0.06,-1.0968921389396709
2019-07-11,15:00,sz002580,圣阳股份,5.42,5.55,5.4,5.43,27509,14992161.0,0.02,0.3696857670979667
2019-07-12,15:00,sz002580,圣阳股份,5.45,5.47,5.4,5.46,19418,10566939.0,0.03,0.5524861878453038
2019-07-15,15:00,sz002580,圣阳股份,5.46,5.54,5.34,5.52,28322,15498790.0,0.06,1.098901098901099
2019-07-16,15:00,sz002580,圣阳股份,5.52,5.55,5.49,5.55,18058,9962627.0,0.03,0.5434782608695652
2019-07-17,15:00,sz002580,圣阳股份,5.53,5.64,5.52,5.62,40279,22529064.0,0.07,1.2612612612612613
2019-07-18,15:00,sz002580,圣阳股份,5.59,5.59,5.45,5.45,25323,13935330.0,-0.17,-3.0249110320284696
2019-07-19,15:00,sz002580,圣阳股份,5.47,5.63,5.47,5.57,32367,18043308.0,0.12,2.201834862385321
2019-07-22,15:00,sz002580,圣阳股份,5.57,5.61,5.35,5.43,24789,13534418.0,-0.14,-2.5134649910233398
2019-07-23,15:00,sz002580,圣阳股份,5.35,5.48,5.35,5.48,17616,9594459.0,0.05,0.9208103130755064
2019-07-24,15:00,sz002580,圣阳股份,5.5,5.58,5.46,5.51,27399,15166493.0,0.03,0.5474452554744526
2019-07-25,15:00,sz002580,圣阳股份,5.51,5.54,5.47,5.49,20182,11107889.0,-0.02,-0.3629764065335753
2019-07-26,15:00,sz002580,圣阳股份,5.49,5.56,5.45,5.55,19467,10712049.0,0.06,1.092896174863388
2019-07-29,15:00,sz002580,圣阳股份,5.54,5.55,5.49,5.5,18693,10325080.0,-0.05,-0.9009009009009008
2019-07-30,15:00,sz002580,圣阳股份,5.51,5.58,5.51,5.54,23434,12992592.0,0.04,0.7272727272727273
2019-07-31,15:00,sz002580,圣阳股份,5.52,5.53,5.43,5.47,26902,14697268.0,-0.07,-1.263537906137184
2019-08-01,15:00,sz002580,圣阳股份,5.5,5.5,5.43,5.45,16270,8875548.0,-0.02,-0.3656307129798903
2019-08-02,15:00,sz002580,圣阳股份,5.41,5.41,5.28,5.35,31411,16773040.0,-0.1,-1.834862385321101
2019-08-05,15:00,sz002580,圣阳股份,5.36,5.39,5.27,5.29,16886,8988720.0,-0.06,-1.1214953271028036
2019-08-06,15:00,sz002580,圣阳股份,5.25,5.25,5.03,5.13,46784,23829982.0,-0.16,-3.0245746691871456
2019-08-07,15:00,sz002580,圣阳股份,5.13,5.27,5.08,5.11,16590,8515517.0,-0.02,-0.3898635477582846
2019-08-08,15:00,sz002580,圣阳股份,5.11,5.2,5.1,5.13,19525,10066294.0,0.02,0.3913894324853229
2019-08-09,15:00,sz002580,圣阳股份,5.16,5.2,5.08,5.12,19806,10189689.0,-0.01,-0.1949317738791423
2019-08-12,15:00,sz002580,圣阳股份,5.12,5.19,5.07,5.18,17163,8807938.0,0.06,1.171875
2019-08-13,15:00,sz002580,圣阳股份,5.13,5.16,5.09,5.11,14411,7370611.5,-0.07,-1.351351351351351
2019-08-14,15:00,sz002580,圣阳股份,5.17,5.25,5.15,5.17,20047,10402055.0,0.06,1.1741682974559686
2019-08-15,15:00,sz002580,圣阳股份,5.1,5.15,5.01,5.13,18926,9628918.0,-0.04,-0.7736943907156674
2019-08-16,15:00,sz002580,圣阳股份,5.1,5.18,5.1,5.16,14832,7634594.5,0.03,0.5847953216374269
2019-08-19,15:00,sz002580,圣阳股份,5.2,5.28,5.15,5.26,33659,17578690.0,0.1,1.937984496124031
2019-08-20,15:00,sz002580,圣阳股份,5.28,5.34,5.24,5.25,25095,13236798.0,-0.01,-0.1901140684410646
2019-08-21,15:00,sz002580,圣阳股份,5.27,5.35,5.23,5.29,23635,12489264.0,0.04,0.7619047619047619
2019-08-22,15:00,sz002580,圣阳股份,5.32,5.4,5.29,5.35,32608,17407336.0,0.06,1.1342155009451798
2019-08-23,15:00,sz002580,圣阳股份,5.5,5.85,5.42,5.45,97191,54349392.0,0.1,1.8691588785046729
2019-08-26,15:00,sz002580,圣阳股份,5.29,5.38,5.26,5.32,57415,30411534.0,-0.13,-2.385321100917431
2019-08-27,15:00,sz002580,圣阳股份,5.36,5.45,5.32,5.4,43577,23487176.0,0.08,1.5037593984962403
2019-08-28,15:00,sz002580,圣阳股份,5.4,5.55,5.37,5.47,41114,22482682.0,0.07,1.2962962962962965
2019-08-29,15:00,sz002580,圣阳股份,5.46,5.6,5.38,5.42,34027,18463318.0,-0.05,-0.9140767824497258
2019-08-30,15:00,sz002580,圣阳股份,5.45,5.46,5.25,5.29,31667,16978790.0,-0.13,-2.3985239852398523
2019-09-02,15:00,sz002580,圣阳股份,5.33,5.55,5.3,5.48,64587,35336260.0,0.19,3.5916824196597354
2019-09-03,15:00,sz002580,圣阳股份,5.44,5.63,5.44,5.53,72683,40349340.0,0.05,0.9124087591240876
2019-09-04,15:00,sz002580,圣阳股份,5.56,5.58,5.48,5.53,37042,20449798.0,0.0,0.0
2019-09-05,15:00,sz002580,圣阳股份,5.55,5.62,5.52,5.54,72625,40432224.0,0.01,0.1808318264014466
2019-09-06,15:00,sz002580,圣阳股份,5.54,5.58,5.5,5.53,38311,21224506.0,-0.01,-0.1805054151624548
2019-09-09,15:00,sz002580,圣阳股份,5.58,5.7,5.53,5.65,81795,45982592.0,0.12,2.16998191681736
2019-09-10,15:00,sz002580,圣阳股份,5.65,5.72,5.6,5.68,63329,35875684.0,0.03,0.5309734513274336
2019-09-11,15:00,sz002580,圣阳股份,5.69,5.73,5.61,5.63,42593,24168282.0,-0.05,-0.8802816901408451
2019-09-12,15:00,sz002580,圣阳股份,5.64,5.68,5.58,5.64,44136,24821754.0,0.01,0.1776198934280639
2019-09-16,15:00,sz002580,圣阳股份,5.64,5.74,5.64,5.68,38765,22093392.0,0.04,0.7092198581560284
2019-09-17,15:00,sz002580,圣阳股份,5.68,5.68,5.46,5.5,52290,28994820.0,-0.18,-3.169014084507042
2019-09-18,15:00,sz002580,圣阳股份,5.5,5.58,5.5,5.51,30663,16935532.0,0.01,0.1818181818181818
2019-09-19,15:00,sz002580,圣阳股份,5.56,5.61,5.47,5.59,35386,19622312.0,0.08,1.4519056261343013
2019-09-20,15:00,sz002580,圣阳股份,5.59,5.65,5.53,5.58,36428,20426640.0,-0.01,-0.1788908765652951
2019-09-23,15:00,sz002580,圣阳股份,5.59,5.6,5.47,5.52,26337,14493403.0,-0.06,-1.0752688172043012
2019-09-24,15:00,sz002580,圣阳股份,5.52,5.61,5.5,5.56,40908,22775302.0,0.04,0.7246376811594203
2019-09-25,15:00,sz002580,圣阳股份,5.56,5.57,5.41,5.45,44311,24326676.0,-0.11,-1.9784172661870505
2019-09-26,15:00,sz002580,圣阳股份,5.42,5.48,5.26,5.26,37208,19886654.0,-0.19,-3.486238532110092
2019-09-27,15:00,sz002580,圣阳股份,5.26,5.37,5.26,5.32,27456,14600431.0,0.06,1.1406844106463878
2019-09-30,15:00,sz002580,圣阳股份,5.36,5.43,5.26,5.28,24744,13212449.0,-0.04,-0.7518796992481203
2019-10-08,15:00,sz002580,圣阳股份,5.33,5.34,5.22,5.25,20125,10620515.0,-0.03,-0.5681818181818182
2019-10-09,15:00,sz002580,圣阳股份,5.25,5.32,5.22,5.32,16204,8541585.0,0.07,1.3333333333333337
2019-10-10,15:00,sz002580,圣阳股份,5.34,5.4,5.3,5.39,18424,9898434.0,0.07,1.3157894736842104
2019-10-11,15:00,sz002580,圣阳股份,5.41,5.42,5.34,5.39,18680,10046695.0,0.0,0.0
2019-10-14,15:00,sz002580,圣阳股份,5.42,5.51,5.41,5.47,22653,12376984.0,0.08,1.4842300556586272
2019-10-15,15:00,sz002580,圣阳股份,5.53,5.53,5.44,5.48,31988,17538648.0,0.01,0.1828153564899451
2019-10-16,15:00,sz002580,圣阳股份,5.46,5.51,5.41,5.49,26729,14579801.0,0.01,0.1824817518248175
2019-10-17,15:00,sz002580,圣阳股份,5.48,5.56,5.39,5.55,40958,22456126.0,0.06,1.092896174863388
2019-10-18,15:00,sz002580,圣阳股份,5.51,5.51,5.34,5.4,32922,17838700.0,-0.15,-2.702702702702702
2019-10-21,15:00,sz002580,圣阳股份,5.44,5.48,5.31,5.43,33851,18272364.0,0.03,0.5555555555555556
2019-10-22,15:00,sz002580,圣阳股份,5.43,5.44,5.33,5.42,21236,11444129.0,-0.01,-0.1841620626151013
2019-10-23,15:00,sz002580,圣阳股份,5.42,5.43,5.37,5.37,13638,7368507.0,-0.05,-0.9225092250922508
2019-10-24,15:00,sz002580,圣阳股份,5.35,5.46,5.35,5.39,21010,11368349.0,0.02,0.37243947858473
2019-10-25,15:00,sz002580,圣阳股份,5.4,5.5,5.36,5.47,28466,15480048.0,0.08,1.4842300556586272
2019-10-28,15:00,sz002580,圣阳股份,5.48,5.58,5.46,5.56,43988,24386838.0,0.09,1.6453382084095065
2019-10-29,15:00,sz002580,圣阳股份,5.58,5.58,5.45,5.49,33382,18393908.0,-0.07,-1.2589928057553956
2019-10-30,15:00,sz002580,圣阳股份,5.46,5.49,5.34,5.36,31801,17103542.0,-0.13,-2.3679417122040074
2019-10-31,15:00,sz002580,圣阳股份,5.35,5.39,5.25,5.27,26246,13933549.0,-0.09,-1.6791044776119404
2019-11-01,15:00,sz002580,圣阳股份,5.27,5.32,5.17,5.3,26036,13702352.0,0.03,0.5692599620493358
2019-11-04,15:00,sz002580,圣阳股份,5.3,5.33,5.2,5.24,26775,14113136.0,-0.06,-1.1320754716981132
2019-11-05,15:00,sz002580,圣阳股份,5.24,5.28,5.13,5.27,25870,13501282.0,0.03,0.5725190839694656
2019-11-06,15:00,sz002580,圣阳股份,5.26,5.31,5.21,5.24,20966,11034133.0,-0.03,-0.5692599620493358
2019-11-07,15:00,sz002580,圣阳股份,5.2,5.27,5.19,5.23,18462,9639590.0,-0.01,-0.1908396946564885
2019-11-08,15:00,sz002580,圣阳股份,5.23,5.27,5.15,5.16,21205,11056425.0,-0.07,-1.338432122370937
2019-11-11,15:00,sz002580,圣阳股份,5.13,5.19,4.97,4.99,35118,17692546.0,-0.17,-3.294573643410853
2019-11-12,15:00,sz002580,圣阳股份,4.97,5.09,4.97,5.07,20528,10310084.0,0.08,1.6032064128256511
2019-11-13,15:00,sz002580,圣阳股份,5.05,5.08,5.02,5.03,8189,4132773.25,-0.04,-0.7889546351084813
2019-11-14,15:00,sz002580,圣阳股份,5.01,5.05,4.97,5.01,26792,13409173.0,-0.02,-0.3976143141153081
2019-11-15,15:00,sz002580,圣阳股份,5.03,5.03,4.96,4.97,16098,8042699.5,-0.04,-0.7984031936127743
2019-11-18,15:00,sz002580,圣阳股份,4.98,5.0,4.95,4.97,13578,6750732.0,0.0,0.0
2019-11-19,15:00,sz002580,圣阳股份,4.97,5.05,4.96,5.05,17810,8942645.0,0.08,1.6096579476861168
2019-11-20,15:00,sz002580,圣阳股份,5.03,5.05,4.97,4.99,20152,10079663.0,-0.06,-1.188118811881188
2019-11-21,15:00,sz002580,圣阳股份,4.96,5.02,4.96,4.99,8388,4188015.0,0.0,0.0
2019-11-22,15:00,sz002580,圣阳股份,4.99,5.09,4.98,5.02,21008,10563919.0,0.03,0.6012024048096193
2019-11-25,15:00,sz002580,圣阳股份,5.05,5.05,4.98,5.03,17775,8917581.0,0.01,0.199203187250996
2019-11-26,15:00,sz002580,圣阳股份,5.03,5.04,4.99,5.03,14778,7414075.5,0.0,0.0
2019-11-27,15:00,sz002580,圣阳股份,5.03,5.05,5.0,5.03,12699,6380225.5,0.0,0.0
2019-11-28,15:00,sz002580,圣阳股份,5.03,5.04,4.97,4.98,17450,8744099.0,-0.05,-0.9940357852882704
2019-11-29,15:00,sz002580,圣阳股份,4.96,5.02,4.95,5.01,14523,7243834.5,0.03,0.6024096385542169
2019-12-02,15:00,sz002580,圣阳股份,5.02,5.04,4.98,5.0,12321,6177281.5,-0.01,-0.1996007984031935
2019-12-03,15:00,sz002580,圣阳股份,4.98,5.12,4.98,5.07,23563,11871314.0,0.07,1.4
2019-12-04,15:00,sz002580,圣阳股份,5.06,5.07,5.03,5.06,10890,5502028.5,-0.01,-0.1972386587771203
2019-12-05,15:00,sz002580,圣阳股份,5.08,5.11,5.07,5.09,16138,8218230.5,0.03,0.592885375494071
2019-12-06,15:00,sz002580,圣阳股份,5.11,5.14,5.07,5.14,13591,6936254.5,0.05,0.9823182711198428
2019-12-09,15:00,sz002580,圣阳股份,5.15,5.15,5.09,5.09,13585,6938928.5,-0.05,-0.9727626459143968
2019-12-10,15:00,sz002580,圣阳股份,5.11,5.11,5.02,5.08,23425,11841087.0,-0.01,-0.1964636542239685
2019-12-11,15:00,sz002580,圣阳股份,5.08,5.08,5.03,5.05,14649,7402335.0,-0.03,-0.5905511811023622
2019-12-12,15:00,sz002580,圣阳股份,5.06,5.07,4.99,5.02,32440,16309410.0,-0.03,-0.594059405940594
2019-12-13,15:00,sz002580,圣阳股份,5.04,5.08,5.02,5.07,25613,12926365.0,0.05,0.99601593625498
2019-12-16,15:00,sz002580,圣阳股份,5.09,5.14,5.04,5.13,34983,17838950.0,0.06,1.183431952662722
2019-12-17,15:00,sz002580,圣阳股份,5.12,5.23,5.12,5.17,41980,21726878.0,0.04,0.7797270955165692
2019-12-18,15:00,sz002580,圣阳股份,5.16,5.21,5.14,5.21,33432,17349656.0,0.04,0.7736943907156674
2019-12-19,15:00,sz002580,圣阳股份,5.2,5.24,5.15,5.24,25211,13131691.0,0.03,0.5758157389635317
2019-12-20,15:00,sz002580,圣阳股份,5.24,5.27,5.16,5.17,30634,15952381.0,-0.07,-1.3358778625954195
2019-12-23,15:00,sz002580,圣阳股份,5.18,5.19,5.07,5.08,28131,14437800.0,-0.09,-1.7408123791102514
2019-12-24,15:00,sz002580,圣阳股份,5.08,5.41,5.08,5.31,73290,38627184.0,0.23,4.52755905511811
2019-12-25,15:00,sz002580,圣阳股份,5.31,5.31,5.17,5.21,47090,24630098.0,-0.1,-1.8832391713747645
2019-12-26,15:00,sz002580,圣阳股份,5.21,5.35,5.19,5.33,63169,33452110.0,0.12,2.3032629558541267
2019-12-27,15:00,sz002580,圣阳股份,5.3,5.36,5.25,5.28,40102,21253844.0,-0.05,-0.9380863039399624
2019-12-30,15:00,sz002580,圣阳股份,5.23,5.38,5.16,5.34,43399,22873896.0,0.06,1.1363636363636365
2019-12-31,15:00,sz002580,圣阳股份,5.35,5.4,5.27,5.4,53918,28840318.0,0.06,1.1235955056179776
2020-01-02,15:00,sz002580,圣阳股份,5.41,5.46,5.37,5.4,58442,31624102.0,0.0,0.0
2020-01-03,15:00,sz002580,圣阳股份,5.39,5.43,5.34,5.39,51769,27887860.0,-0.01,-0.1851851851851852
2020-01-06,15:00,sz002580,圣阳股份,5.37,5.48,5.35,5.42,56810,30810160.0,0.03,0.5565862708719851
2020-01-07,15:00,sz002580,圣阳股份,5.38,5.47,5.38,5.45,54966,29846910.0,0.03,0.5535055350553505
2020-01-08,15:00,sz002580,圣阳股份,5.4,5.59,5.38,5.42,88077,48418428.0,-0.03,-0.5504587155963303
2020-01-09,15:00,sz002580,圣阳股份,5.5,5.53,5.42,5.49,60345,33003534.0,0.07,1.2915129151291511
2020-01-10,15:00,sz002580,圣阳股份,5.5,5.54,5.42,5.51,55398,30260846.0,0.02,0.3642987249544626
2020-01-13,15:00,sz002580,圣阳股份,5.49,5.78,5.45,5.65,123086,69194296.0,0.14,2.540834845735027
2020-01-14,15:00,sz002580,圣阳股份,5.62,5.87,5.58,5.78,159302,91615176.0,0.13,2.3008849557522124
2020-01-15,15:00,sz002580,圣阳股份,5.71,5.76,5.59,5.66,92485,52257716.0,-0.12,-2.0761245674740483
2020-01-16,15:00,sz002580,圣阳股份,5.63,5.66,5.51,5.54,62055,34508828.0,-0.12,-2.120141342756184
2020-01-17,15:00,sz002580,圣阳股份,5.54,5.59,5.44,5.47,45681,25109942.0,-0.07,-1.263537906137184
2020-01-20,15:00,sz002580,圣阳股份,5.45,5.5,5.41,5.5,44185,24150502.0,0.03,0.5484460694698354
2020-01-21,15:00,sz002580,圣阳股份,5.5,5.5,5.35,5.39,43891,23748474.0,-0.11,-2.0
2020-01-22,15:00,sz002580,圣阳股份,5.36,5.44,5.25,5.41,44594,23953592.0,0.02,0.3710575139146568
2020-01-23,15:00,sz002580,圣阳股份,5.36,5.41,5.11,5.21,54192,28459118.0,-0.2,-3.696857670979667
2020-02-03,15:00,sz002580,圣阳股份,4.69,4.69,4.69,4.69,12734,5972246.0,-0.52,-9.980806142034549
2020-02-04,15:00,sz002580,圣阳股份,4.3,4.8,4.3,4.61,79089,35820656.0,-0.08,-1.7057569296375266
2020-02-05,15:00,sz002580,圣阳股份,4.64,4.81,4.59,4.7,53792,25404872.0,0.09,1.9522776572668112
2020-02-06,15:00,sz002580,圣阳股份,4.66,4.77,4.65,4.73,44853,21122462.0,0.03,0.6382978723404255
2020-02-07,15:00,sz002580,圣阳股份,4.62,4.79,4.62,4.78,50159,23656600.0,0.05,1.0570824524312896
2020-02-10,15:00,sz002580,圣阳股份,4.75,4.9,4.74,4.88,46616,22478656.0,0.1,2.092050209205021
2020-02-11,15:00,sz002580,圣阳股份,4.84,4.95,4.83,4.86,34873,17039722.0,-0.02,-0.4098360655737705
2020-02-12,15:00,sz002580,圣阳股份,4.85,5.09,4.82,5.08,93329,46829784.0,0.22,4.526748971193416
2020-02-13,15:00,sz002580,圣阳股份,4.94,5.05,4.92,4.95,84185,41850684.0,-0.13,-2.559055118110236
2020-02-14,15:00,sz002580,圣阳股份,4.93,4.99,4.88,4.93,44171,21789906.0,-0.02,-0.404040404040404
2020-02-17,15:00,sz002580,圣阳股份,4.97,5.08,4.95,5.07,55270,27821324.0,0.14,2.839756592292089
2020-02-18,15:00,sz002580,圣阳股份,5.1,5.22,5.07,5.17,69098,35490416.0,0.1,1.9723865877712032
2020-02-19,15:00,sz002580,圣阳股份,5.69,5.69,5.69,5.69,51313,29197102.0,0.52,10.058027079303674
2020-02-20,15:00,sz002580,圣阳股份,5.98,6.26,5.75,6.07,641808,385423872.0,0.38,6.678383128295256
2020-02-21,15:00,sz002580,圣阳股份,5.73,5.93,5.72,5.77,379929,220310176.0,-0.3,-4.942339373970346
2020-02-24,15:00,sz002580,圣阳股份,5.67,5.7,5.47,5.54,264471,147061392.0,-0.23,-3.986135181975736
2020-02-25,15:00,sz002580,圣阳股份,5.35,6.09,5.26,5.9,331407,185720928.0,0.36,6.498194945848375
2020-02-26,15:00,sz002580,圣阳股份,5.69,5.83,5.56,5.6,181252,103173560.0,-0.3,-5.084745762711865
2020-02-27,15:00,sz002580,圣阳股份,5.61,5.7,5.52,5.54,111237,62333920.0,-0.06,-1.0714285714285714
2020-02-28,15:00,sz002580,圣阳股份,5.4,5.47,5.2,5.2,121501,64983372.0,-0.34,-6.137184115523466
2020-03-02,15:00,sz002580,圣阳股份,5.25,5.48,5.25,5.41,76998,41454220.0,0.21,4.038461538461538
2020-03-03,15:00,sz002580,圣阳股份,5.5,5.58,5.35,5.41,105099,57619264.0,0.0,0.0
2020-03-04,15:00,sz002580,圣阳股份,5.35,5.47,5.32,5.45,57247,30978500.0,0.04,0.7393715341959335
2020-03-05,15:00,sz002580,圣阳股份,5.52,5.7,5.52,5.57,135151,75749520.0,0.12,2.201834862385321
2020-03-06,15:00,sz002580,圣阳股份,5.58,5.95,5.53,5.75,184070,105716640.0,0.18,3.231597845601436
2020-03-09,15:00,sz002580,圣阳股份,5.56,5.75,5.51,5.54,132936,74431728.0,-0.21,-3.6521739130434794
2020-03-10,15:00,sz002580,圣阳股份,5.45,5.74,5.37,5.74,138496,77053488.0,0.2,3.610108303249097
2020-03-11,15:00,sz002580,圣阳股份,5.81,5.93,5.64,5.66,184329,106355424.0,-0.08,-1.3937282229965158
2020-03-12,15:00,sz002580,圣阳股份,5.56,6.02,5.51,5.91,233795,135394800.0,0.25,4.41696113074205
2020-03-13,15:00,sz002580,圣阳股份,5.61,6.44,5.58,6.14,347961,209957888.0,0.23,3.8917089678511
2020-03-16,15:00,sz002580,圣阳股份,6.23,6.25,5.6,5.8,249083,147916816.0,-0.34,-5.537459283387622
2020-03-17,15:00,sz002580,圣阳股份,5.9,5.95,5.41,5.64,154304,86919864.0,-0.16,-2.7586206896551726
2020-03-18,15:00,sz002580,圣阳股份,5.76,6.0,5.6,5.64,180044,104747024.0,0.0,0.0
2020-03-19,15:00,sz002580,圣阳股份,5.47,5.62,5.36,5.52,144617,79323504.0,-0.12,-2.127659574468085
2020-03-20,15:00,sz002580,圣阳股份,5.58,5.62,5.44,5.54,102098,56432160.0,0.02,0.3623188405797101
2020-03-23,15:00,sz002580,圣阳股份,5.35,5.42,5.17,5.19,107654,56770124.0,-0.35,-6.31768953068592
2020-03-24,15:00,sz002580,圣阳股份,5.26,5.35,5.05,5.28,73156,38186972.0,0.09,1.7341040462427744
2020-03-25,15:00,sz002580,圣阳股份,5.34,5.44,5.3,5.41,74518,40080944.0,0.13,2.462121212121212
2020-03-26,15:00,sz002580,圣阳股份,5.38,5.42,5.32,5.33,47732,25612570.0,-0.08,-1.478743068391867
2020-03-27,15:00,sz002580,圣阳股份,5.39,5.42,5.29,5.3,53889,28869052.0,-0.03,-0.5628517823639775
2020-03-30,15:00,sz002580,圣阳股份,5.21,5.23,5.07,5.09,58745,30026454.0,-0.21,-3.962264150943396
2020-03-31,15:00,sz002580,圣阳股份,5.16,5.16,4.96,4.97,44077,22231216.0,-0.12,-2.357563850687623
2020-04-01,15:00,sz002580,圣阳股份,5.0,5.07,4.96,4.97,28480,14264777.0,0.0,0.0
2020-04-02,15:00,sz002580,圣阳股份,4.95,5.1,4.9,5.1,28628,14397419.0,0.13,2.61569416498994
2020-04-03,15:00,sz002580,圣阳股份,5.08,5.1,4.98,5.0,32315,16268178.0,-0.1,-1.96078431372549
2020-04-07,15:00,sz002580,圣阳股份,5.06,5.16,5.06,5.15,38500,19715278.0,0.15,3.0
2020-04-08,15:00,sz002580,圣阳股份,5.14,5.22,5.11,5.19,37383,19370868.0,0.04,0.7766990291262136
2020-04-09,15:00,sz002580,圣阳股份,5.21,5.3,5.19,5.25,42517,22339946.0,0.06,1.1560693641618496
2020-04-10,15:00,sz002580,圣阳股份,5.27,5.27,5.1,5.14,47425,24490050.0,-0.11,-2.095238095238096
2020-04-13,15:00,sz002580,圣阳股份,5.08,5.12,4.99,5.05,28553,14403473.0,-0.09,-1.7509727626459144
2020-04-14,15:00,sz002580,圣阳股份,5.08,5.19,5.05,5.18,26402,13546948.0,0.13,2.5742574257425743
2020-04-15,15:00,sz002580,圣阳股份,5.17,5.28,5.14,5.17,51816,26910754.0,-0.01,-0.193050193050193
2020-04-16,15:00,sz002580,圣阳股份,5.14,5.22,5.1,5.16,38949,20110956.0,-0.01,-0.1934235976789168
2020-04-17,15:00,sz002580,圣阳股份,5.17,5.26,5.14,5.23,57556,29917386.0,0.07,1.3565891472868217
2020-04-20,15:00,sz002580,圣阳股份,5.23,5.23,5.15,5.2,32116,16650335.0,-0.03,-0.5736137667304015
2020-04-21,15:00,sz002580,圣阳股份,5.18,5.18,5.05,5.1,43374,22140286.0,-0.1,-1.9230769230769231
2020-04-22,15:00,sz002580,圣阳股份,5.06,5.14,5.03,5.14,32932,16806182.0,0.04,0.7843137254901961
2020-04-23,15:00,sz002580,圣阳股份,5.11,5.19,5.05,5.08,39195,19984280.0,-0.06,-1.1673151750972763
2020-04-24,15:00,sz002580,圣阳股份,5.08,5.22,5.06,5.13,47818,24525800.0,0.05,0.984251968503937
2020-04-27,15:00,sz002580,圣阳股份,5.13,5.27,5.11,5.25,69920,36472360.0,0.12,2.3391812865497075
2020-04-28,15:00,sz002580,圣阳股份,5.24,5.36,5.02,5.19,71328,37153492.0,-0.06,-1.1428571428571428
2020-04-29,15:00,sz002580,圣阳股份,5.14,5.29,5.08,5.1,60925,31603134.0,-0.09,-1.7341040462427744
2020-04-30,15:00,sz002580,圣阳股份,5.12,5.25,5.11,5.24,57757,30034608.0,0.14,2.7450980392156863
2020-05-06,15:00,sz002580,圣阳股份,5.21,5.43,5.17,5.39,84253,45015016.0,0.15,2.862595419847328
2020-05-07,15:00,sz002580,圣阳股份,5.39,5.5,5.28,5.35,59271,31758598.0,-0.04,-0.7421150278293136
2020-05-08,15:00,sz002580,圣阳股份,5.33,5.41,5.32,5.35,44953,24070492.0,0.0,0.0
2020-05-11,15:00,sz002580,圣阳股份,5.39,5.49,5.31,5.48,80369,43379324.0,0.13,2.4299065420560746
2020-05-12,15:00,sz002580,圣阳股份,5.48,5.54,5.33,5.39,64036,34635812.0,-0.09,-1.6423357664233578
2020-05-13,15:00,sz002580,圣阳股份,5.39,5.46,5.32,5.36,38730,20747710.0,-0.03,-0.5565862708719851
2020-05-14,15:00,sz002580,圣阳股份,5.37,5.39,5.28,5.34,40516,21573972.0,-0.02,-0.3731343283582089
2020-05-15,15:00,sz002580,圣阳股份,5.37,5.45,5.32,5.34,41109,22142050.0,0.0,0.0
2020-05-18,15:00,sz002580,圣阳股份,5.37,5.37,5.25,5.29,41073,21697088.0,-0.05,-0.9363295880149812
2020-05-19,15:00,sz002580,圣阳股份,5.35,5.35,5.21,5.27,56087,29631886.0,-0.02,-0.3780718336483932
2020-05-20,15:00,sz002580,圣阳股份,5.33,5.33,5.21,5.26,31409,16487936.0,-0.01,-0.1897533206831119
2020-05-21,15:00,sz002580,圣阳股份,5.28,5.4,5.26,5.33,59190,31633550.0,0.07,1.3307984790874523
2020-05-22,15:00,sz002580,圣阳股份,5.3,5.32,5.04,5.1,79185,40555204.0,-0.23,-4.315196998123827
2020-05-25,15:00,sz002580,圣阳股份,5.06,5.11,5.0,5.04,28826,14545000.0,-0.06,-1.1764705882352942
2020-05-26,15:00,sz002580,圣阳股份,5.15,5.15,5.07,5.12,23080,11776261.0,0.08,1.5873015873015872
2020-05-27,15:00,sz002580,圣阳股份,5.13,5.14,5.07,5.1,20748,10577070.0,-0.02,-0.390625
2020-05-28,15:00,sz002580,圣阳股份,5.15,5.15,5.07,5.14,26339,13465173.0,0.04,0.7843137254901961
2020-05-29,15:00,sz002580,圣阳股份,5.16,5.24,5.13,5.17,19665,10159065.0,0.03,0.5836575875486382
2020-06-01,15:00,sz002580,圣阳股份,5.16,5.3,5.14,5.29,38785,20389622.0,0.12,2.321083172147002
2020-06-02,15:00,sz002580,圣阳股份,5.34,5.55,5.28,5.52,111704,60577492.0,0.23,4.3478260869565215
2020-06-03,15:00,sz002580,圣阳股份,5.9,5.9,5.48,5.48,193800,109547368.0,-0.04,-0.7246376811594203
2020-06-04,15:00,sz002580,圣阳股份,5.51,5.68,5.44,5.53,102039,56433972.0,0.05,0.9124087591240876
2020-06-05,15:00,sz002580,圣阳股份,5.48,5.52,5.34,5.4,70334,37947020.0,-0.13,-2.3508137432188065
2020-06-08,15:00,sz002580,圣阳股份,5.44,5.44,5.32,5.35,41503,22213128.0,-0.05,-0.9259259259259258
2020-06-09,15:00,sz002580,圣阳股份,5.36,5.4,5.34,5.4,30089,16161952.0,0.05,0.9345794392523364
2020-06-10,15:00,sz002580,圣阳股份,5.39,5.55,5.35,5.43,39830,21674240.0,0.03,0.5555555555555556
2020-06-11,15:00,sz002580,圣阳股份,5.44,5.48,5.35,5.36,36989,20005874.0,-0.07,-1.289134438305709
2020-06-12,15:00,sz002580,圣阳股份,5.25,5.36,5.22,5.31,33872,17918640.0,-0.05,-0.9328358208955224
2020-06-15,15:00,sz002580,圣阳股份,5.3,5.36,5.25,5.26,29390,15587170.0,-0.05,-0.9416195856873822
2020-06-16,15:00,sz002580,圣阳股份,5.28,5.34,5.26,5.33,26590,14106080.0,0.07,1.3307984790874523
2020-06-17,15:00,sz002580,圣阳股份,5.34,5.35,5.25,5.29,35215,18604768.0,-0.04,-0.7504690431519699
2020-06-18,15:00,sz002580,圣阳股份,5.33,5.33,5.26,5.26,25653,13536606.0,-0.03,-0.5671077504725899
2020-06-19,15:00,sz002580,圣阳股份,5.27,5.32,5.24,5.3,27360,14449861.0,0.04,0.7604562737642585
2020-06-22,15:00,sz002580,圣阳股份,5.32,5.33,5.26,5.29,27438,14540024.0,-0.01,-0.1886792452830188
2020-06-23,15:00,sz002580,圣阳股份,5.3,5.31,5.26,5.31,25140,13272811.0,0.02,0.3780718336483932
2020-06-24,15:00,sz002580,圣阳股份,5.3,5.39,5.28,5.37,48738,26040708.0,0.06,1.1299435028248588
2020-06-29,15:00,sz002580,圣阳股份,5.36,5.45,5.32,5.42,51685,27908804.0,0.05,0.931098696461825
2020-06-30,15:00,sz002580,圣阳股份,5.45,5.55,5.42,5.48,65779,36079628.0,0.06,1.107011070110701
2020-07-01,15:00,sz002580,圣阳股份,5.48,5.56,5.41,5.49,57169,31367078.0,0.01,0.1824817518248175
2020-07-02,15:00,sz002580,圣阳股份,5.44,5.54,5.43,5.51,58131,31973634.0,0.02,0.3642987249544626
2020-07-03,15:00,sz002580,圣阳股份,5.51,5.53,5.46,5.52,56850,31262102.0,0.01,0.1814882032667876
2020-07-06,15:00,sz002580,圣阳股份,5.55,5.7,5.53,5.66,87709,49331068.0,0.14,2.536231884057971
2020-07-07,15:00,sz002580,圣阳股份,5.72,5.79,5.58,5.62,105542,59828228.0,-0.04,-0.7067137809187279
2020-07-08,15:00,sz002580,圣阳股份,5.64,5.75,5.62,5.72,76395,43374672.0,0.1,1.7793594306049825
2020-07-09,15:00,sz002580,圣阳股份,5.72,5.85,5.69,5.83,95812,55232980.0,0.11,1.9230769230769231
2020-07-10,15:00,sz002580,圣阳股份,5.8,5.87,5.67,5.7,73239,42311352.0,-0.13,-2.2298456260720414
2020-07-13,15:00,sz002580,圣阳股份,5.7,5.85,5.69,5.85,87936,51108356.0,0.15,2.631578947368421
2020-07-14,15:00,sz002580,圣阳股份,5.84,5.98,5.77,5.93,115809,68342320.0,0.08,1.3675213675213675
2020-07-15,15:00,sz002580,圣阳股份,5.95,6.0,5.7,5.71,78949,45874148.0,-0.22,-3.709949409780776
2020-07-16,15:00,sz002580,圣阳股份,5.68,5.84,5.5,5.55,62226,35289964.0,-0.16,-2.8021015761821366
2020-07-17,15:00,sz002580,圣阳股份,5.56,5.65,5.45,5.53,51518,28578596.0,-0.02,-0.3603603603603603
2020-07-20,15:00,sz002580,圣阳股份,5.6,5.8,5.57,5.8,62919,36087080.0,0.27,4.882459312839059
2020-07-21,15:00,sz002580,圣阳股份,5.83,5.95,5.76,5.82,53401,31049724.0,0.02,0.3448275862068966
2020-07-22,15:00,sz002580,圣阳股份,5.83,5.88,5.7,5.77,54269,31545380.0,-0.05,-0.859106529209622
2020-07-23,15:00,sz002580,圣阳股份,5.78,5.81,5.6,5.77,54992,31498692.0,0.0,0.0
2020-07-24,15:00,sz002580,圣阳股份,5.95,6.09,5.68,5.69,192180,113756568.0,-0.08,-1.386481802426343
2020-07-27,15:00,sz002580,圣阳股份,5.62,5.67,5.42,5.53,79547,44096076.0,-0.16,-2.81195079086116
2020-07-28,15:00,sz002580,圣阳股份,5.62,5.95,5.56,5.79,121815,70761552.0,0.26,4.701627486437613
2020-07-29,15:00,sz002580,圣阳股份,5.82,5.88,5.75,5.85,89784,52303356.0,0.06,1.0362694300518136
2020-07-30,15:00,sz002580,圣阳股份,5.93,6.02,5.81,5.83,85352,50244928.0,-0.02,-0.3418803418803419
2020-07-31,15:00,sz002580,圣阳股份,5.8,6.14,5.78,6.08,154924,92485904.0,0.25,4.288164665523156
2020-08-03,15:00,sz002580,圣阳股份,6.2,6.2,6.0,6.17,153593,93897608.0,0.09,1.4802631578947367
2020-08-04,15:00,sz002580,圣阳股份,6.15,6.15,6.01,6.04,99816,60549524.0,-0.13,-2.106969205834684
2020-08-05,15:00,sz002580,圣阳股份,6.06,6.2,6.03,6.1,88315,54041004.0,0.06,0.9933774834437088
2020-08-06,15:00,sz002580,圣阳股份,6.19,6.19,5.94,6.03,83755,50458452.0,-0.07,-1.147540983606557
2020-08-07,15:00,sz002580,圣阳股份,6.03,6.06,5.85,5.96,62956,37415528.0,-0.07,-1.1608623548922057
2020-08-10,15:00,sz002580,圣阳股份,5.98,6.08,5.9,6.0,50232,30263768.0,0.04,0.6711409395973155
2020-08-11,15:00,sz002580,圣阳股份,6.03,6.03,5.78,5.78,75382,44483348.0,-0.22,-3.6666666666666665
2020-08-14,15:00,sz002580,圣阳股份,6.32,6.32,5.9,5.98,251937,153909424.0,0.2,3.460207612456748
2020-08-17,15:00,sz002580,圣阳股份,5.81,5.92,5.68,5.9,156075,90828384.0,-0.08,-1.3377926421404682
2020-08-18,15:00,sz002580,圣阳股份,5.9,6.42,5.82,6.26,214037,130502608.0,0.36,6.101694915254238
2020-08-19,15:00,sz002580,圣阳股份,6.26,6.35,6.03,6.06,139097,86162216.0,-0.2,-3.1948881789137378
2020-08-20,15:00,sz002580,圣阳股份,5.98,6.67,5.97,6.67,147935,96130480.0,0.61,10.066006600660064
2020-08-21,15:00,sz002580,圣阳股份,6.8,7.17,6.4,6.53,466814,314510240.0,-0.14,-2.0989505247376314
2020-08-24,15:00,sz002580,圣阳股份,6.53,6.68,6.36,6.47,239636,155386144.0,-0.06,-0.9188361408882084
2020-08-25,15:00,sz002580,圣阳股份,6.43,6.55,6.21,6.29,161411,101797400.0,-0.18,-2.7820710973724885
2020-08-26,15:00,sz002580,圣阳股份,6.37,6.37,6.07,6.09,111489,68886352.0,-0.2,-3.1796502384737675
2020-08-27,15:00,sz002580,圣阳股份,6.12,6.2,6.05,6.17,66134,40507956.0,0.08,1.3136288998357963
2020-08-28,15:00,sz002580,圣阳股份,6.17,6.19,6.01,6.1,79212,48096804.0,-0.07,-1.1345218800648298
2020-08-31,15:00,sz002580,圣阳股份,6.07,6.27,6.06,6.18,82316,50811952.0,0.08,1.3114754098360657
2020-09-01,15:00,sz002580,圣阳股份,6.16,6.22,6.04,6.22,69121,42427064.0,0.04,0.6472491909385114
2020-09-02,15:00,sz002580,圣阳股份,6.19,6.27,6.1,6.27,96060,59477520.0,0.05,0.8038585209003215
2020-09-03,15:00,sz002580,圣阳股份,6.25,6.29,6.08,6.08,73950,45722236.0,-0.19,-3.0303030303030303
2020-09-04,15:00,sz002580,圣阳股份,6.03,6.17,5.92,6.11,58244,35449688.0,0.03,0.4934210526315789
2020-09-07,15:00,sz002580,圣阳股份,6.15,6.2,6.02,6.06,66093,40500940.0,-0.05,-0.8183306055646482
2020-09-08,15:00,sz002580,圣阳股份,6.06,6.14,6.04,6.13,44805,27328250.0,0.07,1.155115511551155
2020-09-09,15:00,sz002580,圣阳股份,6.1,6.26,6.08,6.13,82315,50892304.0,0.0,0.0
2020-09-10,15:00,sz002580,圣阳股份,6.16,6.2,5.75,5.77,86598,51508824.0,-0.36,-5.872756933115824
2020-09-11,15:00,sz002580,圣阳股份,5.7,5.87,5.69,5.85,35809,20694900.0,0.08,1.386481802426343
2020-09-14,15:00,sz002580,圣阳股份,5.85,5.95,5.85,5.93,38115,22539998.0,0.08,1.3675213675213675
2020-09-15,15:00,sz002580,圣阳股份,5.86,5.96,5.84,5.86,36830,21680178.0,-0.07,-1.1804384485666104
2020-09-16,15:00,sz002580,圣阳股份,5.88,5.89,5.76,5.8,33212,19315426.0,-0.06,-1.023890784982935
2020-09-17,15:00,sz002580,圣阳股份,5.8,5.86,5.7,5.82,31195,18070248.0,0.02,0.3448275862068966
2020-09-18,15:00,sz002580,圣阳股份,5.82,6.08,5.81,6.05,85137,50709900.0,0.23,3.951890034364261
2020-09-21,15:00,sz002580,圣阳股份,6.02,6.18,5.99,6.18,98661,60221776.0,0.13,2.1487603305785123
2020-09-22,15:00,sz002580,圣阳股份,6.06,6.13,5.95,5.99,101431,61065692.0,-0.19,-3.074433656957929
2020-09-23,15:00,sz002580,圣阳股份,6.0,6.17,5.98,6.08,64735,39402932.0,0.09,1.5025041736227045
2020-09-24,15:00,sz002580,圣阳股份,6.04,6.11,5.94,5.96,56849,34206704.0,-0.12,-1.973684210526316
2020-09-25,15:00,sz002580,圣阳股份,6.0,6.02,5.79,5.8,41198,24142604.0,-0.16,-2.684563758389262
2020-09-28,15:00,sz002580,圣阳股份,5.82,5.82,5.7,5.71,26924,15440789.0,-0.09,-1.5517241379310345
2020-09-29,15:00,sz002580,圣阳股份,5.71,5.81,5.66,5.77,26446,15217582.0,0.06,1.0507880910683012
2020-09-30,15:00,sz002580,圣阳股份,5.8,5.8,5.69,5.71,18710,10762742.0,-0.06,-1.0398613518197577
2020-10-09,15:00,sz002580,圣阳股份,5.79,6.1,5.79,6.04,62722,37522148.0,0.33,5.779334500875657
2020-10-12,15:00,sz002580,圣阳股份,6.06,6.19,6.06,6.16,87263,53549560.0,0.12,1.9867549668874172
2020-10-13,15:00,sz002580,圣阳股份,6.16,6.2,6.1,6.17,67186,41357664.0,0.01,0.1623376623376623
2020-10-14,15:00,sz002580,圣阳股份,6.19,6.28,6.12,6.14,59190,36604320.0,-0.03,-0.4862236628849271
2020-10-15,15:00,sz002580,圣阳股份,6.17,6.31,6.14,6.18,102709,63900868.0,0.04,0.6514657980456027
2020-10-16,15:00,sz002580,圣阳股份,6.18,6.25,6.11,6.24,62962,38987780.0,0.06,0.9708737864077668
2020-10-19,15:00,sz002580,圣阳股份,6.24,6.28,6.12,6.14,54017,33516262.0,-0.1,-1.6025641025641024
2020-10-20,15:00,sz002580,圣阳股份,6.12,6.2,6.09,6.19,45334,27875010.0,0.05,0.8143322475570033
2020-10-21,15:00,sz002580,圣阳股份,6.17,6.19,6.03,6.06,58687,35724712.0,-0.13,-2.10016155088853
2020-10-22,15:00,sz002580,圣阳股份,6.05,6.18,5.98,6.13,46033,28117710.0,0.07,1.155115511551155
2020-10-23,15:00,sz002580,圣阳股份,6.11,6.2,6.05,6.07,41619,25457628.0,-0.06,-0.9787928221859704
2020-10-26,15:00,sz002580,圣阳股份,6.08,6.22,6.02,6.2,54085,33257048.0,0.13,2.14168039538715
2020-10-27,15:00,sz002580,圣阳股份,6.19,6.25,6.11,6.15,47939,29567014.0,-0.05,-0.8064516129032258
2020-10-28,15:00,sz002580,圣阳股份,6.13,6.28,5.99,6.27,82776,51159584.0,0.12,1.951219512195122
2020-10-29,15:00,sz002580,圣阳股份,6.19,6.26,6.12,6.14,76846,47547328.0,-0.13,-2.073365231259968
2020-10-30,15:00,sz002580,圣阳股份,6.14,6.16,5.9,5.94,69704,42081248.0,-0.2,-3.257328990228013
2020-11-02,15:00,sz002580,圣阳股份,5.94,6.23,5.84,6.19,109808,67203736.0,0.25,4.208754208754209
2020-11-03,15:00,sz002580,圣阳股份,6.25,6.26,6.17,6.25,81205,50512048.0,0.06,0.9693053311793216
2020-11-04,15:00,sz002580,圣阳股份,6.26,6.38,6.19,6.28,107919,67720568.0,0.03,0.48
2020-11-05,15:00,sz002580,圣阳股份,6.32,6.49,6.26,6.46,156340,99830416.0,0.18,2.8662420382165608
2020-11-06,15:00,sz002580,圣阳股份,6.44,6.66,6.29,6.38,199106,129021048.0,-0.08,-1.238390092879257
2020-11-09,15:00,sz002580,圣阳股份,6.39,6.5,6.37,6.45,105263,67812368.0,0.07,1.09717868338558
2020-11-10,15:00,sz002580,圣阳股份,6.45,6.46,6.25,6.28,73601,46526080.0,-0.17,-2.635658914728682
2020-11-11,15:00,sz002580,圣阳股份,6.25,6.28,6.07,6.09,87369,53817540.0,-0.19,-3.0254777070063694
2020-11-12,15:00,sz002580,圣阳股份,6.12,6.21,6.07,6.17,50323,30893972.0,0.08,1.3136288998357963
2020-11-13,15:00,sz002580,圣阳股份,6.19,6.2,6.11,6.19,36128,22259248.0,0.02,0.3241491085899514
2020-11-16,15:00,sz002580,圣阳股份,6.2,6.24,6.15,6.24,39376,24380002.0,0.05,0.8077544426494345
2020-11-17,15:00,sz002580,圣阳股份,6.27,6.28,6.16,6.23,51730,32174364.0,-0.01,-0.1602564102564102
2020-11-18,15:00,sz002580,圣阳股份,6.23,6.24,6.12,6.18,48432,29862132.0,-0.05,-0.8025682182985553
2020-11-19,15:00,sz002580,圣阳股份,6.14,6.18,6.11,6.16,29594,18187100.0,-0.02,-0.3236245954692557
2020-11-20,15:00,sz002580,圣阳股份,6.16,6.21,6.08,6.19,47565,29257896.0,0.03,0.487012987012987
2020-11-23,15:00,sz002580,圣阳股份,6.22,6.23,6.12,6.17,34048,21035298.0,-0.02,-0.3231017770597738
2020-11-24,15:00,sz002580,圣阳股份,6.19,6.22,6.12,6.13,36937,22735766.0,-0.04,-0.6482982171799028
2020-11-25,15:00,sz002580,圣阳股份,6.17,6.23,6.14,6.18,60437,37414712.0,0.05,0.8156606851549755
2020-11-26,15:00,sz002580,圣阳股份,6.18,6.18,6.01,6.08,57747,35060784.0,-0.1,-1.6181229773462782
2020-11-27,15:00,sz002580,圣阳股份,6.1,6.1,6.0,6.05,40419,24433378.0,-0.03,-0.4934210526315789
2020-11-30,15:00,sz002580,圣阳股份,6.03,6.07,5.97,5.98,33649,20284400.0,-0.07,-1.1570247933884297
2020-12-01,15:00,sz002580,圣阳股份,6.0,6.1,5.98,6.07,33422,20200998.0,0.09,1.5050167224080269
2020-12-02,15:00,sz002580,圣阳股份,6.1,6.12,6.05,6.11,31137,18955964.0,0.04,0.6589785831960462
2020-12-03,15:00,sz002580,圣阳股份,6.1,6.11,6.05,6.08,18417,11195337.0,-0.03,-0.4909983633387889
2020-12-04,15:00,sz002580,圣阳股份,6.08,6.13,6.06,6.11,25553,15579245.0,0.03,0.4934210526315789
2020-12-07,15:00,sz002580,圣阳股份,6.09,6.11,6.05,6.09,25577,15543476.0,-0.02,-0.3273322422258592
2020-12-08,15:00,sz002580,圣阳股份,6.08,6.11,6.06,6.1,21327,12979449.0,0.01,0.1642036124794745
2020-12-09,15:00,sz002580,圣阳股份,6.1,6.1,5.92,5.95,42672,25574334.0,-0.15,-2.459016393442623
2020-12-10,15:00,sz002580,圣阳股份,5.98,6.06,5.96,5.98,30092,18065614.0,0.03,0.5042016806722689
2020-12-11,15:00,sz002580,圣阳股份,5.95,5.97,5.77,5.83,46171,26951946.0,-0.15,-2.508361204013378
2020-12-14,15:00,sz002580,圣阳股份,5.9,5.98,5.81,5.94,34062,20085404.0,0.11,1.8867924528301887
2020-12-15,15:00,sz002580,圣阳股份,5.97,5.97,5.79,5.8,31222,18242246.0,-0.14,-2.356902356902357
2020-12-16,15:00,sz002580,圣阳股份,5.78,5.8,5.7,5.7,24990,14326933.0,-0.1,-1.7241379310344829
2020-12-17,15:00,sz002580,圣阳股份,5.7,5.79,5.57,5.77,33780,19143744.0,0.07,1.2280701754385963
2020-12-18,15:00,sz002580,圣阳股份,5.79,5.85,5.7,5.74,22286,12840715.0,-0.03,-0.5199306759098787
2020-12-21,15:00,sz002580,圣阳股份,5.73,5.94,5.73,5.89,42647,24985224.0,0.15,2.6132404181184667
2020-12-22,15:00,sz002580,圣阳股份,5.86,5.99,5.79,5.79,47309,27926330.0,-0.1,-1.697792869269949
2020-12-23,15:00,sz002580,圣阳股份,5.79,6.03,5.79,5.99,74859,44703764.0,0.2,3.454231433506045
2020-12-24,15:00,sz002580,圣阳股份,5.98,6.14,5.91,5.98,69941,42145088.0,-0.01,-0.1669449081803005
2020-12-25,15:00,sz002580,圣阳股份,5.94,6.18,5.92,6.18,79664,48789892.0,0.2,3.3444816053511706
2020-12-28,15:00,sz002580,圣阳股份,6.2,6.29,6.06,6.16,73482,45231888.0,-0.02,-0.3236245954692557
2020-12-29,15:00,sz002580,圣阳股份,6.1,6.24,5.98,5.98,55135,33324952.0,-0.18,-2.922077922077922
2020-12-30,15:00,sz002580,圣阳股份,6.1,6.24,5.98,6.17,83248,51175576.0,0.19,3.177257525083612
2020-12-31,15:00,sz002580,圣阳股份,6.18,6.27,6.14,6.26,116967,72787568.0,0.09,1.4586709886547813
2021-01-04,15:00,sz002580,圣阳股份,6.28,6.46,6.18,6.35,149420,94372248.0,0.09,1.437699680511182
2021-01-05,15:00,sz002580,圣阳股份,6.32,6.32,6.16,6.24,114128,71044504.0,-0.11,-1.7322834645669292
2021-01-06,15:00,sz002580,圣阳股份,6.23,6.28,6.03,6.13,93211,57000328.0,-0.11,-1.7628205128205128
2021-01-07,15:00,sz002580,圣阳股份,6.13,6.74,6.08,6.74,107362,71003128.0,0.61,9.9510603588907
2021-01-08,15:00,sz002580,圣阳股份,7.41,7.41,7.41,7.41,59458,44058728.0,0.67,9.9406528189911
2021-01-11,15:00,sz002580,圣阳股份,8.15,8.15,7.25,7.27,778046,603391744.0,-0.14,-1.889338731443995
2021-01-12,15:00,sz002580,圣阳股份,7.27,7.58,6.55,6.66,672619,468057664.0,-0.61,-8.390646492434662
2021-01-13,15:00,sz002580,圣阳股份,6.43,6.53,5.99,5.99,534805,334360448.0,-0.67,-10.06006006006006
2021-01-14,15:00,sz002580,圣阳股份,5.83,5.92,5.53,5.61,300398,170912528.0,-0.38,-6.3439065108514185
2021-01-15,15:00,sz002580,圣阳股份,5.56,5.77,5.51,5.62,193632,109289464.0,0.01,0.17825311942959
2021-01-18,15:00,sz002580,圣阳股份,5.66,5.9,5.59,5.77,207668,119079328.0,0.15,2.6690391459074734
2021-01-19,15:00,sz002580,圣阳股份,5.71,5.82,5.66,5.71,152299,87180272.0,-0.06,-1.0398613518197577
2021-01-20,15:00,sz002580,圣阳股份,5.71,5.85,5.65,5.73,121470,69688376.0,0.02,0.3502626970227671
2021-01-21,15:00,sz002580,圣阳股份,5.75,5.83,5.69,5.72,124126,71300584.0,-0.01,-0.1745200698080279
2021-01-22,15:00,sz002580,圣阳股份,5.73,5.96,5.5,5.87,289810,165500128.0,0.15,2.6223776223776225
2021-01-25,15:00,sz002580,圣阳股份,5.98,6.1,5.79,5.83,220149,130242232.0,-0.04,-0.6814310051107325
2021-01-26,15:00,sz002580,圣阳股份,5.78,5.8,5.61,5.62,129060,73246128.0,-0.21,-3.6020583190394517
2021-01-27,15:00,sz002580,圣阳股份,5.62,5.68,5.57,5.62,80544,45304640.0,0.0,0.0
2021-01-28,15:00,sz002580,圣阳股份,5.59,5.61,5.38,5.4,107218,58905036.0,-0.22,-3.9145907473309607
2021-01-29,15:00,sz002580,圣阳股份,5.42,5.47,5.21,5.26,87946,46478092.0,-0.14,-2.592592592592593
2021-02-01,15:00,sz002580,圣阳股份,5.2,5.28,5.07,5.11,73951,38010488.0,-0.15,-2.8517110266159698
2021-02-02,15:00,sz002580,圣阳股份,5.15,5.27,5.12,5.18,65561,34012096.0,0.07,1.36986301369863
2021-02-03,15:00,sz002580,圣阳股份,5.23,5.25,5.1,5.16,50665,26201828.0,-0.02,-0.3861003861003861
2021-02-04,15:00,sz002580,圣阳股份,5.21,5.21,4.96,5.01,61822,31168866.0,-0.15,-2.9069767441860463
2021-02-05,15:00,sz002580,圣阳股份,5.04,5.06,4.9,4.91,46401,23051946.0,-0.1,-1.996007984031936
2021-02-08,15:00,sz002580,圣阳股份,4.92,4.96,4.82,4.91,31997,15656355.0,0.0,0.0
2021-02-09,15:00,sz002580,圣阳股份,4.91,5.04,4.85,4.98,43065,21317318.0,0.07,1.4256619144602851
2021-02-10,15:00,sz002580,圣阳股份,5.0,5.12,4.97,5.06,47099,23760450.0,0.08,1.6064257028112447
2021-02-18,15:00,sz002580,圣阳股份,5.1,5.2,5.07,5.19,54406,27980126.0,0.13,2.569169960474309
2021-02-19,15:00,sz002580,圣阳股份,5.21,5.33,5.16,5.32,71097,37449000.0,0.13,2.5048169556840074
2021-02-22,15:00,sz002580,圣阳股份,5.35,5.52,5.29,5.36,112979,61166796.0,0.04,0.7518796992481203
2021-02-23,15:00,sz002580,圣阳股份,5.4,5.4,5.27,5.36,62430,33334974.0,0.0,0.0
2021-02-24,15:00,sz002580,圣阳股份,5.38,5.48,5.31,5.48,70090,37830680.0,0.12,2.238805970149253
2021-02-25,15:00,sz002580,圣阳股份,5.54,5.54,5.32,5.36,68766,37071036.0,-0.12,-2.18978102189781
2021-02-26,15:00,sz002580,圣阳股份,5.31,5.42,5.29,5.37,47718,25632334.0,0.01,0.1865671641791044
2021-03-01,15:00,sz002580,圣阳股份,5.38,5.45,5.34,5.44,55974,30177576.0,0.07,1.303538175046555
2021-03-02,15:00,sz002580,圣阳股份,5.44,5.48,5.38,5.41,43671,23668064.0,-0.03,-0.5514705882352942
2021-03-03,15:00,sz002580,圣阳股份,5.37,5.49,5.36,5.46,47881,25939006.0,0.05,0.9242144177449167
2021-03-04,15:00,sz002580,圣阳股份,5.4,5.57,5.4,5.56,99147,54504020.0,0.1,1.831501831501832
2021-03-05,15:00,sz002580,圣阳股份,5.5,5.61,5.46,5.58,89204,49514728.0,0.02,0.3597122302158274
2021-03-08,15:00,sz002580,圣阳股份,5.58,5.63,5.46,5.49,75329,41785860.0,-0.09,-1.6129032258064515
2021-03-09,15:00,sz002580,圣阳股份,5.46,5.51,5.25,5.34,62728,33678920.0,-0.15,-2.73224043715847
2021-03-10,15:00,sz002580,圣阳股份,5.36,5.41,5.18,5.2,44919,23644410.0,-0.14,-2.621722846441948
2021-03-11,15:00,sz002580,圣阳股份,5.24,5.34,5.12,5.33,39627,20824124.0,0.13,2.5
2021-03-12,15:00,sz002580,圣阳股份,5.33,5.64,5.28,5.53,101207,55460960.0,0.2,3.75234521575985
2021-03-15,15:00,sz002580,圣阳股份,5.68,5.68,5.42,5.52,74100,40893552.0,-0.01,-0.1808318264014466
2021-03-16,15:00,sz002580,圣阳股份,5.52,5.62,5.5,5.58,66049,36796592.0,0.06,1.0869565217391304
2021-03-17,15:00,sz002580,圣阳股份,5.72,5.92,5.63,5.81,189972,109486440.0,0.23,4.121863799283155
2021-03-18,15:00,sz002580,圣阳股份,5.77,6.08,5.65,5.93,182079,106430656.0,0.12,2.0654044750430294
2021-03-19,15:00,sz002580,圣阳股份,5.83,6.05,5.78,5.84,141347,83571024.0,-0.09,-1.5177065767284992
2021-03-22,15:00,sz002580,圣阳股份,5.83,5.91,5.78,5.85,102957,60212056.0,0.01,0.1712328767123287
2021-03-23,15:00,sz002580,圣阳股份,5.82,5.84,5.65,5.71,97960,56015044.0,-0.14,-2.393162393162393
2021-03-24,15:00,sz002580,圣阳股份,5.7,5.86,5.63,5.84,106934,61572988.0,0.13,2.276707530647986
2021-03-25,15:00,sz002580,圣阳股份,5.79,5.94,5.73,5.81,108665,63218692.0,-0.03,-0.5136986301369862
2021-03-26,15:00,sz002580,圣阳股份,5.77,5.84,5.63,5.78,112844,64984336.0,-0.03,-0.5163511187607573
2021-03-29,15:00,sz002580,圣阳股份,5.77,5.99,5.68,5.95,152109,88814160.0,0.17,2.941176470588235
2021-03-30,15:00,sz002580,圣阳股份,5.9,5.92,5.66,5.72,115789,66479088.0,-0.23,-3.865546218487395
2021-03-31,15:00,sz002580,圣阳股份,5.7,5.73,5.6,5.7,45824,25976318.0,-0.02,-0.3496503496503496
2021-04-01,15:00,sz002580,圣阳股份,5.7,5.83,5.61,5.82,80869,46407204.0,0.12,2.1052631578947367
2021-04-02,15:00,sz002580,圣阳股份,5.84,6.4,5.84,6.4,128255,79692896.0,0.58,9.965635738831615
2021-04-06,15:00,sz002580,圣阳股份,6.5,6.7,6.14,6.2,300774,189842880.0,-0.2,-3.125
2021-04-07,15:00,sz002580,圣阳股份,6.02,6.28,6.02,6.22,174515,107495624.0,0.02,0.3225806451612903
2021-04-08,15:00,sz002580,圣阳股份,6.13,6.84,6.11,6.4,296637,192542960.0,0.18,2.893890675241157
2021-04-09,15:00,sz002580,圣阳股份,6.31,6.48,6.23,6.25,171857,108198968.0,-0.15,-2.34375
2021-04-12,15:00,sz002580,圣阳股份,6.23,6.32,6.1,6.21,109815,67850064.0,-0.04,-0.64
2021-04-13,15:00,sz002580,圣阳股份,6.22,6.23,5.98,6.03,98830,60087096.0,-0.18,-2.898550724637681
2021-04-14,15:00,sz002580,圣阳股份,6.01,6.48,6.01,6.31,153182,95547472.0,0.28,4.643449419568822
2021-04-15,15:00,sz002580,圣阳股份,6.27,6.38,6.16,6.22,127020,79543456.0,-0.09,-1.4263074484944531
2021-04-16,15:00,sz002580,圣阳股份,6.2,6.25,6.12,6.23,105608,65289348.0,0.01,0.1607717041800643
2021-04-19,15:00,sz002580,圣阳股份,6.18,6.31,6.11,6.26,99182,61680520.0,0.03,0.4815409309791332
2021-04-20,15:00,sz002580,圣阳股份,6.24,6.89,6.14,6.63,533900,357184928.0,0.37,5.910543130990416
2021-04-21,15:00,sz002580,圣阳股份,6.5,6.71,6.4,6.69,380954,250061232.0,0.06,0.904977375565611
2021-04-22,15:00,sz002580,圣阳股份,7.36,7.36,6.99,7.36,883492,643595200.0,0.67,10.01494768310912
2021-04-23,15:00,sz002580,圣阳股份,6.98,7.17,6.73,6.8,628144,436811200.0,-0.56,-7.608695652173914
2021-04-26,15:00,sz002580,圣阳股份,6.61,6.78,6.47,6.47,365386,241721936.0,-0.33,-4.852941176470589
2021-04-27,15:00,sz002580,圣阳股份,6.44,6.45,5.96,6.02,325107,198909040.0,-0.45,-6.9551777434312205
2021-04-28,15:00,sz002580,圣阳股份,5.96,6.01,5.87,5.93,163335,96641832.0,-0.09,-1.495016611295681
2021-04-29,15:00,sz002580,圣阳股份,5.91,5.96,5.83,5.89,129735,76398048.0,-0.04,-0.6745362563237773
2021-04-30,15:00,sz002580,圣阳股份,5.85,5.93,5.7,5.7,118621,68841064.0,-0.19,-3.225806451612903
2021-05-06,15:00,sz002580,圣阳股份,5.68,5.83,5.65,5.77,97232,55814316.0,0.07,1.2280701754385963
2021-05-07,15:00,sz002580,圣阳股份,5.73,5.87,5.71,5.79,83329,48417904.0,0.02,0.3466204506065857
2021-05-10,15:00,sz002580,圣阳股份,5.77,5.92,5.72,5.9,88398,51720044.0,0.11,1.8998272884283247
2021-05-11,15:00,sz002580,圣阳股份,5.88,5.9,5.76,5.85,83227,48540928.0,-0.05,-0.847457627118644
2021-05-12,15:00,sz002580,圣阳股份,5.84,5.91,5.78,5.89,78166,45722060.0,0.04,0.6837606837606838
2021-05-13,15:00,sz002580,圣阳股份,5.87,5.98,5.81,5.86,92743,54650720.0,-0.03,-0.5093378607809848
2021-05-14,15:00,sz002580,圣阳股份,5.86,5.97,5.83,5.93,100499,59270792.0,0.07,1.1945392491467577
2021-05-17,15:00,sz002580,圣阳股份,5.89,5.95,5.58,5.67,128494,73218024.0,-0.26,-4.3844856661045535
2021-05-18,15:00,sz002580,圣阳股份,5.66,5.72,5.55,5.71,68773,38821972.0,0.04,0.7054673721340388
2021-05-19,15:00,sz002580,圣阳股份,5.66,5.75,5.66,5.74,57587,32916110.0,0.03,0.5253940455341506
2021-05-20,15:00,sz002580,圣阳股份,5.7,5.82,5.64,5.75,70048,40148148.0,0.01,0.1742160278745644
2021-05-21,15:00,sz002580,圣阳股份,5.79,5.84,5.71,5.79,62712,36233024.0,0.04,0.6956521739130435
2021-05-24,15:00,sz002580,圣阳股份,6.37,6.37,6.37,6.37,61837,39390552.0,0.58,10.01727115716753
2021-05-25,15:00,sz002580,圣阳股份,6.9,7.01,6.52,6.57,778791,533762752.0,0.2,3.139717425431711
2021-05-26,15:00,sz002580,圣阳股份,6.32,6.57,6.25,6.39,458285,291589568.0,-0.18,-2.73972602739726
2021-05-27,15:00,sz002580,圣阳股份,6.31,6.52,6.27,6.28,280379,178193904.0,-0.11,-1.7214397496087637
2021-05-28,15:00,sz002580,圣阳股份,6.29,6.88,6.25,6.66,450940,296292832.0,0.38,6.050955414012739
2021-05-31,15:00,sz002580,圣阳股份,6.58,6.93,6.52,6.78,383674,259947648.0,0.12,1.8018018018018016
2021-06-01,15:00,sz002580,圣阳股份,6.71,6.74,6.55,6.67,235117,155720160.0,-0.11,-1.6224188790560472
2021-06-02,15:00,sz002580,圣阳股份,6.68,6.73,6.5,6.61,191470,126553632.0,-0.06,-0.8995502248875562
2021-06-03,15:00,sz002580,圣阳股份,6.55,6.73,6.48,6.59,167529,110531968.0,-0.02,-0.302571860816944
2021-06-04,15:00,sz002580,圣阳股份,6.55,6.95,6.48,6.85,323639,218887216.0,0.26,3.9453717754172986
2021-06-07,15:00,sz002580,圣阳股份,6.8,6.8,6.56,6.67,212901,142070816.0,-0.18,-2.627737226277372
2021-06-08,15:00,sz002580,圣阳股份,6.62,7.05,6.56,6.88,276975,189011280.0,0.21,3.1484257871064467
2021-06-09,15:00,sz002580,圣阳股份,6.83,6.88,6.67,6.84,183445,124109568.0,-0.04,-0.5813953488372093
2021-06-10,15:00,sz002580,圣阳股份,6.82,6.84,6.67,6.69,148347,99884544.0,-0.15,-2.1929824561403506
2021-06-11,15:00,sz002580,圣阳股份,6.66,6.77,6.47,6.53,172075,113836848.0,-0.16,-2.391629297458894
2021-06-15,15:00,sz002580,圣阳股份,6.54,7.05,6.49,6.86,288982,196416512.0,0.33,5.053598774885145
2021-06-16,15:00,sz002580,圣阳股份,6.84,6.96,6.64,6.67,194980,132290112.0,-0.19,-2.7696793002915454
2021-06-17,15:00,sz002580,圣阳股份,6.72,6.76,6.3,6.42,219193,142548624.0,-0.25,-3.748125937031484
2021-06-18,15:00,sz002580,圣阳股份,6.4,7.06,6.37,7.06,438658,303912768.0,0.64,9.96884735202492
2021-06-21,15:00,sz002580,圣阳股份,7.2,7.4,7.0,7.18,571342,410791040.0,0.12,1.69971671388102
2021-06-22,15:00,sz002580,圣阳股份,7.19,7.21,7.04,7.09,253265,180014320.0,-0.09,-1.2534818941504178
2021-06-23,15:00,sz002580,圣阳股份,7.16,7.35,7.08,7.16,276282,198026896.0,0.07,0.9873060648801129
2021-06-24,15:00,sz002580,圣阳股份,7.06,7.34,6.95,7.23,296233,211869008.0,0.07,0.9776536312849162
2021-06-25,15:00,sz002580,圣阳股份,7.23,7.23,6.86,7.04,265900,186038496.0,-0.19,-2.627939142461964
2021-06-28,15:00,sz002580,圣阳股份,7.05,7.14,6.95,6.99,141486,99439496.0,-0.05,-0.7102272727272727
2021-06-29,15:00,sz002580,圣阳股份,7.0,7.36,6.96,7.1,243421,175079264.0,0.11,1.5736766809728182
2021-06-30,15:00,sz002580,圣阳股份,6.94,7.15,6.85,6.98,204838,143550848.0,-0.12,-1.6901408450704225
2021-07-01,15:00,sz002580,圣阳股份,6.97,6.99,6.56,6.6,216772,145872848.0,-0.38,-5.444126074498568
2021-07-02,15:00,sz002580,圣阳股份,6.57,6.8,6.51,6.68,142121,94981160.0,0.08,1.2121212121212122
2021-07-05,15:00,sz002580,圣阳股份,6.66,7.35,6.66,7.35,219012,157594352.0,0.67,10.02994011976048
2021-07-06,15:00,sz002580,圣阳股份,7.51,7.66,7.28,7.39,487003,361647584.0,0.04,0.5442176870748299
2021-07-07,15:00,sz002580,圣阳股份,7.33,7.58,7.24,7.48,349885,260371264.0,0.09,1.2178619756427604
2021-07-08,15:00,sz002580,圣阳股份,7.51,7.88,7.41,7.56,403719,306303040.0,0.08,1.06951871657754
2021-07-09,15:00,sz002580,圣阳股份,7.45,7.85,7.39,7.71,348733,266500928.0,0.15,1.984126984126984
2021-07-12,15:00,sz002580,圣阳股份,7.75,8.1,7.69,7.97,388234,305701728.0,0.26,3.372243839169909
2021-07-13,15:00,sz002580,圣阳股份,7.83,7.87,7.61,7.8,278464,215172880.0,-0.17,-2.132998745294856
2021-07-14,15:00,sz002580,圣阳股份,7.76,8.33,7.54,8.0,436808,345469056.0,0.2,2.564102564102564
2021-07-15,15:00,sz002580,圣阳股份,7.9,8.18,7.7,8.18,374631,297710464.0,0.18,2.25
2021-07-16,15:00,sz002580,圣阳股份,8.54,9.0,8.5,9.0,292337,261204960.0,0.82,10.024449877750612
2021-07-19,15:00,sz002580,圣阳股份,9.34,9.9,8.62,8.66,1023795,958225216.0,-0.34,-3.7777777777777777
2021-07-20,15:00,sz002580,圣阳股份,8.0,9.53,8.0,9.53,821347,719890752.0,0.87,10.04618937644342
2021-07-21,15:00,sz002580,圣阳股份,9.7,10.42,9.52,10.04,843291,843178624.0,0.51,5.351521511017839
2021-07-22,15:00,sz002580,圣阳股份,9.78,10.56,9.55,10.39,709834,707900032.0,0.35,3.48605577689243
2021-07-23,15:00,sz002580,圣阳股份,10.03,11.27,10.0,10.54,682891,731400000.0,0.15,1.4436958614051971
2021-07-26,15:00,sz002580,圣阳股份,10.55,11.59,10.55,11.59,722140,802740480.0,1.05,9.962049335863378
2021-07-27,15:00,sz002580,圣阳股份,11.83,11.85,10.43,10.43,760501,839135360.0,-1.16,-10.008628127696287
2021-07-28,15:00,sz002580,圣阳股份,10.0,11.47,9.93,11.47,869201,959254912.0,1.04,9.971236816874402
2021-07-29,15:00,sz002580,圣阳股份,12.03,12.56,11.37,11.88,1087988,1293561856.0,0.41,3.5745422842197034
2021-07-30,15:00,sz002580,圣阳股份,11.75,12.34,11.55,12.3,886535,1067713024.0,0.42,3.535353535353535
2021-08-02,15:00,sz002580,圣阳股份,12.23,12.23,11.19,11.8,754880,887556416.0,-0.5,-4.065040650406504
2021-08-03,15:00,sz002580,圣阳股份,11.7,11.7,10.62,10.62,565963,618816768.0,-1.18,-10.0
2021-08-04,15:00,sz002580,圣阳股份,10.32,11.15,10.29,10.9,457806,496401792.0,0.28,2.6365348399246704
2021-08-05,15:00,sz002580,圣阳股份,10.8,11.1,10.3,10.71,453734,488228000.0,-0.19,-1.743119266055046
2021-08-06,15:00,sz002580,圣阳股份,10.71,11.09,10.52,10.79,397914,430003648.0,0.08,0.7469654528478058
2021-08-09,15:00,sz002580,圣阳股份,10.82,11.19,10.3,11.02,481515,518778176.0,0.23,2.131603336422614
2021-08-10,15:00,sz002580,圣阳股份,10.87,11.2,10.52,10.72,462989,503378176.0,-0.3,-2.722323049001815
2021-08-11,15:00,sz002580,圣阳股份,10.72,11.79,10.35,11.79,791210,893847744.0,1.07,9.981343283582088
2021-08-12,15:00,sz002580,圣阳股份,11.73,12.7,11.22,11.98,889301,1059647040.0,0.19,1.6115351993214586
2021-08-13,15:00,sz002580,圣阳股份,11.8,12.48,11.58,11.7,639967,768298944.0,-0.28,-2.337228714524207
2021-08-16,15:00,sz002580,圣阳股份,11.42,11.57,10.66,10.79,525427,577424704.0,-0.91,-7.777777777777778
2021-08-17,15:00,sz002580,圣阳股份,10.6,10.78,9.88,10.02,455003,469251360.0,-0.77,-7.136237256719184
2021-08-18,15:00,sz002580,圣阳股份,10.01,10.24,9.8,9.92,284154,284096512.0,-0.1,-0.998003992015968
2021-08-19,15:00,sz002580,圣阳股份,9.88,10.12,9.56,9.92,272846,267504464.0,0.0,0.0
2021-08-20,15:00,sz002580,圣阳股份,9.79,9.79,9.29,9.54,281473,267965488.0,-0.38,-3.8306451612903225
2021-08-23,15:00,sz002580,圣阳股份,9.56,9.98,9.54,9.88,267510,262169168.0,0.34,3.563941299790356
2021-08-24,15:00,sz002580,圣阳股份,9.89,10.21,9.73,10.18,302181,304431200.0,0.3,3.0364372469635628
2021-08-25,15:00,sz002580,圣阳股份,10.19,10.19,9.82,10.04,235975,235449200.0,-0.14,-1.37524557956778
2021-08-26,15:00,sz002580,圣阳股份,11.0,11.04,10.85,11.04,226236,249610176.0,1.0,9.9601593625498
2021-08-27,15:00,sz002580,圣阳股份,11.0,11.42,10.44,11.15,739274,819572800.0,0.11,0.9963768115942028
2021-08-30,15:00,sz002580,圣阳股份,10.94,11.48,10.59,11.02,461869,505367040.0,-0.13,-1.1659192825112108
2021-08-31,15:00,sz002580,圣阳股份,11.01,11.01,10.38,10.59,364090,386649888.0,-0.43,-3.901996370235935
2021-09-01,15:00,sz002580,圣阳股份,10.65,10.72,9.72,9.88,329597,335578464.0,-0.71,-6.704438149197356
2021-09-02,15:00,sz002580,圣阳股份,9.67,10.19,9.62,10.05,224924,223752880.0,0.17,1.720647773279352
2021-09-03,15:00,sz002580,圣阳股份,10.25,10.35,9.7,9.92,198972,199044880.0,-0.13,-1.2935323383084576
2021-09-06,15:00,sz002580,圣阳股份,9.91,9.99,9.51,9.93,173135,169134576.0,0.01,0.1008064516129032
2021-09-07,15:00,sz002580,圣阳股份,9.92,10.2,9.8,10.11,196838,197991008.0,0.18,1.812688821752266
2021-09-08,15:00,sz002580,圣阳股份,10.06,10.2,9.92,10.01,173564,173941488.0,-0.1,-0.9891196834817012
2021-09-09,15:00,sz002580,圣阳股份,10.02,10.34,9.85,10.15,191932,194476752.0,0.14,1.3986013986013983
2021-09-10,15:00,sz002580,圣阳股份,10.02,10.12,9.8,9.86,179078,177626656.0,-0.29,-2.857142857142857
2021-09-13,15:00,sz002580,圣阳股份,9.85,9.85,9.62,9.69,147285,142895152.0,-0.17,-1.7241379310344829
2021-09-14,15:00,sz002580,圣阳股份,9.61,10.11,9.47,9.91,274326,271144864.0,0.22,2.2703818369453046
2021-09-15,15:00,sz002580,圣阳股份,9.85,10.66,9.72,10.51,414647,428015584.0,0.6,6.054490413723512
2021-09-16,15:00,sz002580,圣阳股份,10.3,10.33,9.7,9.73,332177,331661376.0,-0.78,-7.421503330161751
2021-09-17,15:00,sz002580,圣阳股份,9.56,9.89,9.32,9.49,177538,169956448.0,-0.24,-2.466598150051387
2021-09-22,15:00,sz002580,圣阳股份,9.3,9.37,9.05,9.12,183700,168541664.0,-0.37,-3.898840885142256
2021-09-23,15:00,sz002580,圣阳股份,9.13,9.22,8.85,8.87,185534,166348080.0,-0.25,-2.7412280701754383
2021-09-24,15:00,sz002580,圣阳股份,8.87,8.96,8.58,8.8,142926,125384240.0,-0.07,-0.7891770011273956
2021-09-27,15:00,sz002580,圣阳股份,8.8,8.81,8.07,8.23,165713,138748928.0,-0.57,-6.477272727272728
2021-09-28,15:00,sz002580,圣阳股份,8.23,8.5,8.19,8.44,109558,91914704.0,0.21,2.551640340218712
2021-09-29,15:00,sz002580,圣阳股份,8.38,8.64,8.27,8.33,124114,105383144.0,-0.11,-1.3033175355450235
2021-09-30,15:00,sz002580,圣阳股份,8.33,8.71,8.33,8.67,96415,82671192.0,0.34,4.081632653061225
2021-10-08,15:00,sz002580,圣阳股份,8.72,8.83,8.54,8.6,79087,68135056.0,-0.07,-0.8073817762399077
2021-10-11,15:00,sz002580,圣阳股份,8.6,8.65,8.23,8.39,71822,60168096.0,-0.21,-2.441860465116279
2021-10-12,15:00,sz002580,圣阳股份,8.4,8.46,7.98,8.09,93578,76393320.0,-0.3,-3.575685339690107
2021-10-13,15:00,sz002580,圣阳股份,8.11,8.19,7.93,8.15,57592,46538788.0,0.06,0.7416563658838072
2021-10-14,15:00,sz002580,圣阳股份,8.14,8.44,8.01,8.39,105198,87333936.0,0.24,2.9447852760736195
2021-10-15,15:00,sz002580,圣阳股份,8.33,8.43,8.22,8.29,66252,55033588.0,-0.1,-1.1918951132300355
2021-10-18,15:00,sz002580,圣阳股份,8.29,8.51,8.27,8.49,72741,61381528.0,0.2,2.41254523522316
2021-10-19,15:00,sz002580,圣阳股份,8.59,9.34,8.57,9.34,214710,196372368.0,0.85,10.011778563015312
2021-10-20,15:00,sz002580,圣阳股份,9.48,9.48,8.99,9.3,379087,350388096.0,-0.04,-0.4282655246252677
2021-10-21,15:00,sz002580,圣阳股份,9.1,9.34,9.04,9.13,190618,174553856.0,-0.17,-1.827956989247312
2021-10-22,15:00,sz002580,圣阳股份,9.1,9.13,8.78,8.8,155040,138647456.0,-0.33,-3.614457831325301
2021-10-25,15:00,sz002580,圣阳股份,8.95,9.19,8.87,9.15,176734,160644080.0,0.35,3.977272727272727
2021-10-26,15:00,sz002580,圣阳股份,9.16,9.38,9.01,9.11,181955,167068912.0,-0.04,-0.4371584699453552
2021-10-27,15:00,sz002580,圣阳股份,9.12,9.2,8.97,9.1,123230,112145424.0,-0.01,-0.1097694840834248
2021-10-28,15:00,sz002580,圣阳股份,9.1,9.1,8.62,8.66,124836,109666200.0,-0.44,-4.835164835164836
2021-10-29,15:00,sz002580,圣阳股份,8.66,8.85,8.38,8.83,113682,98609960.0,0.17,1.9630484988452657
2021-11-01,15:00,sz002580,圣阳股份,8.7,9.22,8.62,9.2,172449,155511312.0,0.37,4.190260475651189
2021-11-02,15:00,sz002580,圣阳股份,9.3,9.3,8.75,8.87,163225,146472704.0,-0.33,-3.5869565217391304
2021-11-03,15:00,sz002580,圣阳股份,8.85,8.98,8.5,8.65,115067,99637520.0,-0.22,-2.480270574971815
2021-11-04,15:00,sz002580,圣阳股份,8.69,9.16,8.69,9.11,191635,172238752.0,0.46,5.317919075144509
2021-11-05,15:00,sz002580,圣阳股份,9.0,9.06,8.71,8.71,136386,121099000.0,-0.4,-4.390779363336993
2021-11-08,15:00,sz002580,圣阳股份,8.67,8.9,8.57,8.82,87895,77231472.0,0.11,1.2629161882893225
2021-11-09,15:00,sz002580,圣阳股份,8.95,8.97,8.68,8.84,104005,91698976.0,0.02,0.2267573696145124
2021-11-10,15:00,sz002580,圣阳股份,8.75,8.78,8.4,8.7,131541,113076432.0,-0.14,-1.583710407239819
2021-11-11,15:00,sz002580,圣阳股份,8.72,8.96,8.62,8.67,151145,133124056.0,-0.03,-0.3448275862068966
2021-11-12,15:00,sz002580,圣阳股份,8.61,8.76,8.55,8.66,91881,79719760.0,-0.01,-0.1153402537485582
2021-11-15,15:00,sz002580,圣阳股份,8.66,8.68,8.35,8.45,131852,111512128.0,-0.21,-2.424942263279446
2021-11-16,15:00,sz002580,圣阳股份,8.44,8.45,8.11,8.14,123245,101545280.0,-0.31,-3.6686390532544375
2021-11-17,15:00,sz002580,圣阳股份,8.17,8.36,8.14,8.36,95469,79078168.0,0.22,2.702702702702702
2021-11-18,15:00,sz002580,圣阳股份,8.26,8.51,8.2,8.36,115357,96749552.0,0.0,0.0
2021-11-19,15:00,sz002580,圣阳股份,8.34,8.53,8.26,8.45,103802,87196176.0,0.09,1.076555023923445
2021-11-22,15:00,sz002580,圣阳股份,8.5,8.68,8.45,8.68,128956,110958328.0,0.23,2.72189349112426
2021-11-23,15:00,sz002580,圣阳股份,8.67,9.09,8.56,8.98,236813,210323792.0,0.3,3.4562211981566824
2021-11-24,15:00,sz002580,圣阳股份,8.98,8.98,8.67,8.76,153320,134851824.0,-0.22,-2.4498886414253898
2021-11-25,15:00,sz002580,圣阳股份,8.71,8.86,8.67,8.72,89107,77991752.0,-0.04,-0.45662100456621
2021-11-26,15:00,sz002580,圣阳股份,8.71,8.97,8.66,8.81,124864,110348352.0,0.09,1.0321100917431194
2021-11-29,15:00,sz002580,圣阳股份,8.59,9.0,8.52,8.99,177737,157810768.0,0.18,2.0431328036322363
2021-11-30,15:00,sz002580,圣阳股份,9.02,9.08,8.81,8.91,150164,134291888.0,-0.08,-0.8898776418242491
2021-12-01,15:00,sz002580,圣阳股份,8.94,8.97,8.78,8.91,113002,100035496.0,0.0,0.0
2021-12-02,15:00,sz002580,圣阳股份,8.91,8.94,8.68,8.68,112391,98454768.0,-0.23,-2.581369248035915
2021-12-03,15:00,sz002580,圣阳股份,8.65,8.77,8.57,8.68,85927,74598696.0,0.0,0.0
2021-12-06,15:00,sz002580,圣阳股份,8.75,8.77,8.4,8.41,116740,99936776.0,-0.27,-3.110599078341014
2021-12-07,15:00,sz002580,圣阳股份,8.46,8.5,8.16,8.25,105967,87493400.0,-0.16,-1.9024970273483943
2021-12-08,15:00,sz002580,圣阳股份,8.31,8.99,8.25,8.72,242135,210938016.0,0.47,5.696969696969697
2021-12-09,15:00,sz002580,圣阳股份,8.62,8.64,7.89,8.44,182370,153763008.0,-0.28,-3.211009174311927
2021-12-10,15:00,sz002580,圣阳股份,8.44,8.59,8.36,8.46,85326,72338872.0,0.02,0.2369668246445497
2021-12-13,15:00,sz002580,圣阳股份,8.51,8.55,8.33,8.35,92063,77055480.0,-0.11,-1.3002364066193852
2021-12-14,15:00,sz002580,圣阳股份,8.33,8.39,8.3,8.36,55302,46178060.0,0.01,0.1197604790419161
2021-12-15,15:00,sz002580,圣阳股份,8.35,8.44,8.27,8.34,74740,62447396.0,-0.02,-0.2392344497607655
2021-12-16,15:00,sz002580,圣阳股份,8.35,8.4,8.31,8.38,68231,56968716.0,0.04,0.4796163069544364
2021-12-17,15:00,sz002580,圣阳股份,8.35,8.49,8.29,8.35,78885,66269712.0,-0.03,-0.3579952267303102
2021-12-20,15:00,sz002580,圣阳股份,8.35,8.35,8.04,8.06,107822,87637800.0,-0.29,-3.473053892215569
2021-12-21,15:00,sz002580,圣阳股份,8.09,8.17,8.07,8.14,44990,36528268.0,0.08,0.9925558312655088
2021-12-22,15:00,sz002580,圣阳股份,8.2,8.25,8.12,8.15,50138,40949840.0,0.01,0.1228501228501228
2021-12-23,15:00,sz002580,圣阳股份,8.16,8.23,8.07,8.17,62689,50920948.0,0.02,0.245398773006135
2021-12-24,15:00,sz002580,圣阳股份,8.19,8.19,7.92,7.92,102745,82212384.0,-0.25,-3.0599755201958385
2021-12-27,15:00,sz002580,圣阳股份,7.92,7.99,7.85,7.86,45838,36231576.0,-0.06,-0.7575757575757576
2021-12-28,15:00,sz002580,圣阳股份,7.85,7.94,7.85,7.9,39668,31368508.0,0.04,0.5089058524173028
2021-12-29,15:00,sz002580,圣阳股份,7.99,8.07,7.9,7.92,53471,42660012.0,0.02,0.2531645569620253
2021-12-30,15:00,sz002580,圣阳股份,7.91,8.0,7.88,7.94,47379,37564828.0,0.02,0.2525252525252525
2021-12-31,15:00,sz002580,圣阳股份,7.94,8.21,7.91,8.18,97576,78926376.0,0.24,3.022670025188917
