日期,时间,代码,名称,开盘,最高,最低,收盘,总手,金额,涨幅,涨幅比
2015-01-05,15:00,sz300067,安诺其,9.46,9.78,9.36,9.64,38761,37123592.0,0.18,1.9027484143763211
2015-01-06,15:00,sz300067,安诺其,9.58,9.87,9.51,9.84,52815,51526944.0,0.2,2.0746887966804977
2015-01-07,15:00,sz300067,安诺其,9.92,9.92,9.72,9.74,37075,36321760.0,-0.1,-1.016260162601626
2015-01-08,15:00,sz300067,安诺其,9.8,10.68,9.71,10.46,117707,120548680.0,0.72,7.392197125256674
2015-01-09,15:00,sz300067,安诺其,10.25,10.76,10.2,10.29,148203,155997344.0,-0.17,-1.625239005736138
2015-01-12,15:00,sz300067,安诺其,10.51,11.19,10.5,11.17,216782,234993664.0,0.88,8.551992225461614
2015-01-13,15:00,sz300067,安诺其,11.1,11.2,10.8,10.86,139188,152675872.0,-0.31,-2.775290957923008
2015-01-14,15:00,sz300067,安诺其,10.89,10.97,10.37,10.43,95758,101694824.0,-0.43,-3.959484346224678
2015-01-15,15:00,sz300067,安诺其,10.28,10.66,10.1,10.19,90352,93578280.0,-0.24,-2.3010546500479387
2015-01-16,15:00,sz300067,安诺其,10.21,10.96,10.21,10.71,137675,145538720.0,0.52,5.103042198233562
2015-01-19,15:00,sz300067,安诺其,10.44,10.99,10.25,10.57,138025,147568720.0,-0.14,-1.30718954248366
2015-01-20,15:00,sz300067,安诺其,10.79,11.63,10.77,11.63,117450,135134432.0,1.06,10.028382213812677
2015-01-21,15:00,sz300067,安诺其,12.37,12.79,12.11,12.79,335541,421438912.0,1.16,9.974204643164231
2015-01-22,15:00,sz300067,安诺其,13.38,13.6,12.59,13.1,328417,428495712.0,0.31,2.4237685691946838
2015-01-23,15:00,sz300067,安诺其,13.05,14.19,12.91,13.41,273195,369641056.0,0.31,2.366412213740458
2015-01-26,15:00,sz300067,安诺其,13.44,14.25,13.24,13.71,219595,304531072.0,0.3,2.237136465324385
2015-01-27,15:00,sz300067,安诺其,13.58,14.65,13.42,14.37,229565,318399008.0,0.66,4.814004376367615
2015-01-28,15:00,sz300067,安诺其,14.19,14.33,13.79,13.79,132959,186093120.0,-0.58,-4.036186499652053
2015-01-29,15:00,sz300067,安诺其,13.55,13.96,13.42,13.87,87062,119513800.0,0.08,0.580130529369108
2015-01-30,15:00,sz300067,安诺其,14.05,14.42,13.45,13.49,107551,151065584.0,-0.38,-2.73972602739726
2015-02-02,15:00,sz300067,安诺其,13.17,13.85,12.91,13.24,134532,178604048.0,-0.25,-1.853224610822832
2015-02-03,15:00,sz300067,安诺其,13.3,13.77,13.15,13.69,114331,153533984.0,0.45,3.3987915407854987
2015-02-04,15:00,sz300067,安诺其,13.76,14.37,13.45,13.47,122600,170844640.0,-0.22,-1.6070124178232286
2015-02-05,15:00,sz300067,安诺其,13.55,14.82,13.48,14.73,228298,325080256.0,1.26,9.35412026726058
2015-02-06,15:00,sz300067,安诺其,14.5,15.36,14.08,14.71,168378,247898128.0,-0.02,-0.1357773251866938
2015-02-09,15:00,sz300067,安诺其,14.72,15.15,14.3,14.43,80901,119292616.0,-0.28,-1.9034670292318152
2015-02-10,15:00,sz300067,安诺其,14.21,14.55,13.83,14.55,64082,91566048.0,0.12,0.8316008316008316
2015-02-11,15:00,sz300067,安诺其,15.18,15.18,14.61,14.64,139366,207725424.0,0.09,0.6185567010309279
2015-02-12,15:00,sz300067,安诺其,14.57,16.1,14.17,16.1,201205,310988064.0,1.46,9.972677595628417
2015-02-13,15:00,sz300067,安诺其,16.2,16.68,15.8,16.4,169647,276324672.0,0.3,1.8633540372670807
2015-02-16,15:00,sz300067,安诺其,16.42,17.8,16.1,16.9,126795,214058816.0,0.5,3.048780487804878
2015-02-17,15:00,sz300067,安诺其,16.79,16.99,16.4,16.6,67303,112126848.0,-0.3,-1.7751479289940828
2015-02-25,15:00,sz300067,安诺其,16.66,16.93,15.87,15.94,68007,110775720.0,-0.66,-3.975903614457831
2015-02-26,15:00,sz300067,安诺其,16.1,16.56,15.85,16.2,60258,98124024.0,0.26,1.631116687578419
2015-02-27,15:00,sz300067,安诺其,16.19,16.34,15.66,15.98,69628,111197024.0,-0.22,-1.3580246913580247
2015-03-02,15:00,sz300067,安诺其,15.96,16.61,15.95,16.61,86416,140972752.0,0.63,3.942428035043805
2015-03-03,15:00,sz300067,安诺其,16.49,17.11,16.19,16.23,98491,164541952.0,-0.38,-2.2877784467188444
2015-03-04,15:00,sz300067,安诺其,16.5,17.14,16.32,16.54,79518,132833616.0,0.31,1.910043130006161
2015-03-05,15:00,sz300067,安诺其,16.49,16.49,15.92,16.23,82690,133188200.0,-0.31,-1.8742442563482469
2015-03-06,15:00,sz300067,安诺其,16.6,16.9,15.88,15.95,83838,136907328.0,-0.28,-1.7252002464571778
2015-03-09,15:00,sz300067,安诺其,15.6,15.75,14.9,15.49,89957,137883776.0,-0.46,-2.884012539184953
2015-03-10,15:00,sz300067,安诺其,15.48,16.26,15.31,16.23,79399,124676648.0,0.74,4.777275661717237
2015-03-11,15:00,sz300067,安诺其,15.99,16.21,15.57,15.6,51162,80857456.0,-0.63,-3.8817005545286505
2015-03-12,15:00,sz300067,安诺其,15.42,15.68,15.17,15.32,66649,102094680.0,-0.28,-1.7948717948717947
2015-03-13,15:00,sz300067,安诺其,15.32,15.85,15.13,15.75,70733,109598064.0,0.43,2.8067885117493474
2015-03-16,15:00,sz300067,安诺其,16.45,16.49,15.88,16.28,122638,199005088.0,0.53,3.3650793650793656
2015-03-17,15:00,sz300067,安诺其,16.5,17.9,16.25,17.58,191939,325853184.0,1.3,7.985257985257984
2015-03-18,15:00,sz300067,安诺其,17.7,17.71,17.21,17.62,115724,202350848.0,0.04,0.2275312855517633
2015-03-19,15:00,sz300067,安诺其,17.5,19.03,17.34,18.55,167440,300468640.0,0.93,5.278093076049943
2015-03-20,15:00,sz300067,安诺其,18.25,18.53,18.08,18.18,92818,169081088.0,-0.37,-1.994609164420485
2015-03-23,15:00,sz300067,安诺其,18.29,18.45,18.08,18.23,98465,179383424.0,0.05,0.275027502750275
2015-03-24,15:00,sz300067,安诺其,18.25,18.95,17.3,17.89,163974,296169856.0,-0.34,-1.8650575973669776
2015-03-25,15:00,sz300067,安诺其,17.64,17.99,17.33,17.78,126556,222001312.0,-0.11,-0.6148686416992734
2015-03-26,15:00,sz300067,安诺其,17.49,17.9,16.77,16.97,140232,241790736.0,-0.81,-4.555680539932508
2015-03-27,15:00,sz300067,安诺其,16.89,17.24,16.68,16.98,87818,149234432.0,0.01,0.0589275191514437
2015-03-30,15:00,sz300067,安诺其,17.08,17.39,16.91,17.19,92050,157735968.0,0.21,1.2367491166077738
2015-03-31,15:00,sz300067,安诺其,17.3,17.49,17.01,17.3,114086,196993024.0,0.11,0.6399069226294357
2015-04-01,15:00,sz300067,安诺其,17.3,17.77,17.3,17.67,101905,179113648.0,0.37,2.138728323699422
2015-04-02,15:00,sz300067,安诺其,17.8,18.11,17.42,17.76,134460,239280560.0,0.09,0.5093378607809848
2015-04-03,15:00,sz300067,安诺其,17.71,18.46,17.52,18.41,169500,306862592.0,0.65,3.65990990990991
2015-04-07,15:00,sz300067,安诺其,18.58,19.0,18.48,18.88,142747,266737600.0,0.47,2.552960347637154
2015-04-08,15:00,sz300067,安诺其,19.03,19.2,18.19,19.18,180021,338412800.0,0.3,1.5889830508474576
2015-04-09,15:00,sz300067,安诺其,19.49,20.08,18.1,19.9,247933,480846912.0,0.72,3.753910323253389
2015-04-10,15:00,sz300067,安诺其,19.61,20.86,19.33,20.14,160901,327701024.0,0.24,1.2060301507537687
2015-04-13,15:00,sz300067,安诺其,19.99,20.5,19.64,19.8,135167,268609376.0,-0.34,-1.6881827209533269
2015-04-14,15:00,sz300067,安诺其,19.85,19.95,18.81,19.06,133008,255870272.0,-0.74,-3.737373737373737
2015-04-15,15:00,sz300067,安诺其,19.07,19.24,17.58,17.6,121758,222061872.0,-1.46,-7.660020986358866
2015-04-16,15:00,sz300067,安诺其,17.59,17.95,17.03,17.57,94420,166985312.0,-0.03,-0.1704545454545454
2015-04-17,15:00,sz300067,安诺其,17.67,18.1,17.6,17.75,81997,145743200.0,0.18,1.024473534433694
2015-04-20,15:00,sz300067,安诺其,17.99,18.25,17.4,17.45,125804,224655264.0,-0.3,-1.6901408450704225
2015-04-21,15:00,sz300067,安诺其,17.5,18.27,17.48,18.26,91838,164787488.0,0.81,4.641833810888253
2015-04-22,15:00,sz300067,安诺其,18.48,18.77,18.28,18.54,103730,192108640.0,0.28,1.5334063526834611
2015-04-23,15:00,sz300067,安诺其,18.56,18.69,18.0,18.2,112838,206195552.0,-0.34,-1.8338727076591157
2015-04-24,15:00,sz300067,安诺其,18.05,18.05,17.45,17.89,90738,161005312.0,-0.31,-1.7032967032967032
2015-04-27,15:00,sz300067,安诺其,18.0,18.6,17.84,18.56,153477,280453216.0,0.67,3.745108999441028
2015-04-28,15:00,sz300067,安诺其,18.66,18.82,17.75,17.99,99986,182417920.0,-0.57,-3.071120689655172
2015-04-29,15:00,sz300067,安诺其,18.05,19.2,18.05,19.09,171774,321821696.0,1.1,6.114508060033352
2015-04-30,15:00,sz300067,安诺其,19.49,20.31,19.2,19.4,201688,398672160.0,0.31,1.6238868517548457
2015-05-04,15:00,sz300067,安诺其,19.4,20.28,18.8,19.93,147623,290614176.0,0.53,2.731958762886598
2015-05-05,15:00,sz300067,安诺其,19.61,19.85,18.5,18.7,116960,223437840.0,-1.23,-6.171600602107376
2015-05-06,15:00,sz300067,安诺其,18.98,19.32,18.24,18.33,82881,156568912.0,-0.37,-1.9786096256684491
2015-05-07,15:00,sz300067,安诺其,18.25,18.28,17.25,17.53,67343,119452936.0,-0.8,-4.36442989634479
2015-05-08,15:00,sz300067,安诺其,18.17,18.45,17.83,18.43,76853,139183424.0,0.9,5.13405590416429
2015-05-11,15:00,sz300067,安诺其,18.66,19.44,18.66,19.38,86869,166014320.0,0.95,5.154639175257731
2015-05-12,15:00,sz300067,安诺其,19.65,19.98,19.25,19.56,112764,220772736.0,0.18,0.9287925696594428
2015-05-13,15:00,sz300067,安诺其,19.2,20.17,18.71,20.05,129003,252392064.0,0.49,2.505112474437628
2015-05-14,15:00,sz300067,安诺其,20.3,20.6,19.8,20.06,119930,242173264.0,0.01,0.0498753117206982
2015-05-15,15:00,sz300067,安诺其,12.51,12.8,11.9,12.18,152787,187121920.0,-7.88,-39.28215353938185
2015-05-18,15:00,sz300067,安诺其,12.13,13.4,12.06,13.4,324982,421272064.0,1.22,10.016420361247947
2015-05-19,15:00,sz300067,安诺其,13.78,14.69,13.41,14.29,379019,530497696.0,0.89,6.64179104477612
2015-05-20,15:00,sz300067,安诺其,14.2,15.17,13.85,14.49,291354,429143328.0,0.2,1.3995801259622114
2015-05-21,15:00,sz300067,安诺其,14.48,15.89,14.25,15.56,279167,420863744.0,1.07,7.38440303657695
2015-05-22,15:00,sz300067,安诺其,15.88,16.0,14.57,14.92,348936,528071040.0,-0.64,-4.113110539845758
2015-05-25,15:00,sz300067,安诺其,14.51,15.3,14.21,15.0,263981,388707488.0,0.08,0.5361930294906166
2015-05-26,15:00,sz300067,安诺其,14.99,15.8,14.9,15.57,263335,406402464.0,0.57,3.8
2015-05-27,15:00,sz300067,安诺其,15.5,15.79,14.9,15.65,232330,355984096.0,0.08,0.5138086062941554
2015-05-28,15:00,sz300067,安诺其,15.61,16.65,14.9,14.9,304864,483609440.0,-0.75,-4.792332268370607
2015-05-29,15:00,sz300067,安诺其,14.59,15.27,13.7,14.8,220434,324057216.0,-0.1,-0.6711409395973155
2015-06-01,15:00,sz300067,安诺其,14.91,16.28,14.91,16.28,208646,326718528.0,1.48,10.0
2015-06-02,15:00,sz300067,安诺其,17.0,17.91,16.7,17.91,459495,809500096.0,1.63,10.012285012285012
2015-06-03,15:00,sz300067,安诺其,18.08,18.26,17.2,17.72,290580,512930880.0,-0.19,-1.060859854829704
2015-06-04,15:00,sz300067,安诺其,17.65,17.65,15.99,17.34,237697,402227424.0,-0.38,-2.144469525959368
2015-06-05,15:00,sz300067,安诺其,17.56,17.85,16.7,17.3,242247,420112992.0,-0.04,-0.2306805074971165
2015-06-08,15:00,sz300067,安诺其,17.05,17.05,16.3,16.6,199935,331289760.0,-0.7,-4.046242774566474
2015-06-09,15:00,sz300067,安诺其,16.4,16.9,16.23,16.73,178816,297401696.0,0.13,0.783132530120482
2015-06-10,15:00,sz300067,安诺其,16.79,17.88,16.6,17.39,185176,323064128.0,0.66,3.945008965929468
2015-06-11,15:00,sz300067,安诺其,17.5,17.69,17.09,17.43,139862,243464272.0,0.04,0.230017251293847
2015-06-12,15:00,sz300067,安诺其,17.45,18.28,17.31,17.93,194464,348517344.0,0.5,2.868617326448652
2015-06-15,15:00,sz300067,安诺其,17.8,18.18,17.0,17.0,162398,284574592.0,-0.93,-5.186837702175126
2015-06-16,15:00,sz300067,安诺其,16.6,16.72,15.78,15.98,143826,233204096.0,-1.02,-6.0
2015-06-17,15:00,sz300067,安诺其,15.64,16.44,15.33,16.38,118027,188036304.0,0.4,2.503128911138924
2015-06-18,15:00,sz300067,安诺其,16.45,16.49,15.35,15.46,104603,167084208.0,-0.92,-5.616605616605617
2015-06-19,15:00,sz300067,安诺其,14.96,15.3,13.91,13.91,105673,152382960.0,-1.55,-10.025873221216042
2015-06-23,15:00,sz300067,安诺其,13.91,14.27,12.59,13.98,113931,153826432.0,0.07,0.503235082674335
2015-06-24,15:00,sz300067,安诺其,14.27,14.6,13.59,14.13,109064,154215312.0,0.15,1.072961373390558
2015-06-25,15:00,sz300067,安诺其,14.04,14.15,12.88,13.14,108331,147484752.0,-0.99,-7.006369426751593
2015-06-26,15:00,sz300067,安诺其,12.65,12.65,11.83,11.83,121434,146417840.0,-1.31,-9.969558599695583
2015-06-29,15:00,sz300067,安诺其,12.02,12.3,10.65,10.65,137878,153238576.0,-1.18,-9.974640743871513
2015-06-30,15:00,sz300067,安诺其,10.17,11.37,9.59,11.32,190348,197671248.0,0.67,6.291079812206572
2015-07-01,15:00,sz300067,安诺其,11.07,11.96,10.21,10.47,168523,191645824.0,-0.85,-7.508833922261485
2015-07-02,15:00,sz300067,安诺其,10.6,10.88,9.5,9.82,151179,154017136.0,-0.65,-6.208213944603629
2015-07-03,15:00,sz300067,安诺其,9.8,10.37,8.88,9.29,150265,144146496.0,-0.53,-5.39714867617108
2015-07-06,15:00,sz300067,安诺其,10.22,10.22,8.36,8.88,194624,182742096.0,-0.41,-4.413347685683531
2015-07-07,15:00,sz300067,安诺其,8.54,8.54,7.99,7.99,77157,62959860.0,-0.89,-10.022522522522523
2015-07-08,15:00,sz300067,安诺其,7.19,8.35,7.19,7.91,274711,207704624.0,-0.08,-1.0012515644555695
2015-07-09,15:00,sz300067,安诺其,7.5,8.7,7.48,8.7,183124,155037024.0,0.79,9.987357774968396
2015-07-10,15:00,sz300067,安诺其,9.4,9.57,9.05,9.57,79197,74760824.0,0.87,10.0
2015-07-13,15:00,sz300067,安诺其,10.52,10.53,10.02,10.53,201960,211051216.0,0.96,10.031347962382444
2015-07-14,15:00,sz300067,安诺其,10.95,11.58,10.5,11.22,286042,320099200.0,0.69,6.552706552706552
2015-07-15,15:00,sz300067,安诺其,10.9,11.1,10.1,10.1,193374,202442784.0,-1.12,-9.98217468805704
2015-07-16,15:00,sz300067,安诺其,10.1,10.98,9.45,10.81,175618,183941440.0,0.71,7.029702970297031
2015-07-17,15:00,sz300067,安诺其,10.94,11.79,10.94,11.65,156175,178972672.0,0.84,7.770582793709528
2015-07-20,15:00,sz300067,安诺其,11.7,12.26,11.35,11.88,186374,221855792.0,0.23,1.9742489270386268
2015-07-21,15:00,sz300067,安诺其,11.63,12.06,11.46,11.73,123653,145938960.0,-0.15,-1.2626262626262623
2015-07-22,15:00,sz300067,安诺其,11.74,12.2,11.57,12.14,176143,209229232.0,0.41,3.495311167945439
2015-07-23,15:00,sz300067,安诺其,12.09,12.46,11.88,12.3,169274,206543840.0,0.16,1.3179571663920924
2015-07-24,15:00,sz300067,安诺其,12.27,12.74,11.7,11.9,160290,197633728.0,-0.4,-3.252032520325204
2015-07-27,15:00,sz300067,安诺其,11.51,12.47,10.71,10.74,195069,229752528.0,-1.16,-9.747899159663866
2015-07-28,15:00,sz300067,安诺其,10.19,11.42,9.86,10.91,168210,179687024.0,0.17,1.5828677839851024
2015-07-29,15:00,sz300067,安诺其,11.3,11.65,10.6,11.62,129780,143567824.0,0.71,6.507791017415215
2015-07-30,15:00,sz300067,安诺其,11.58,11.85,11.0,11.07,136431,157882000.0,-0.55,-4.733218588640275
2015-07-31,15:00,sz300067,安诺其,10.74,11.11,10.38,10.58,100537,108510040.0,-0.49,-4.426377597109305
2015-08-03,15:00,sz300067,安诺其,10.33,10.6,9.52,9.54,116345,114555024.0,-1.04,-9.829867674858225
2015-08-04,15:00,sz300067,安诺其,9.68,10.49,9.61,10.48,111743,112418480.0,0.94,9.853249475890983
2015-08-05,15:00,sz300067,安诺其,10.27,10.82,10.1,10.22,126885,132364296.0,-0.26,-2.480916030534351
2015-08-06,15:00,sz300067,安诺其,9.89,10.35,9.7,10.07,68093,68609880.0,-0.15,-1.467710371819961
2015-08-07,15:00,sz300067,安诺其,10.18,10.67,10.18,10.49,92018,96144704.0,0.42,4.1708043694141015
2015-08-10,15:00,sz300067,安诺其,10.65,11.45,10.49,11.35,126493,138711344.0,0.86,8.198284080076263
2015-08-11,15:00,sz300067,安诺其,11.37,11.79,11.04,11.58,181324,205520992.0,0.23,2.026431718061674
2015-08-12,15:00,sz300067,安诺其,11.31,11.5,11.07,11.08,117487,132813984.0,-0.5,-4.317789291882556
2015-08-13,15:00,sz300067,安诺其,11.0,12.19,10.92,12.19,263127,311343552.0,1.11,10.018050541516246
2015-08-14,15:00,sz300067,安诺其,12.3,12.66,11.97,12.25,290753,360422528.0,0.06,0.4922067268252666
2015-08-17,15:00,sz300067,安诺其,12.05,12.31,11.85,12.27,146627,177144176.0,0.02,0.163265306122449
2015-08-18,15:00,sz300067,安诺其,12.36,12.46,11.04,11.04,171974,202621616.0,-1.23,-10.024449877750612
2015-08-19,15:00,sz300067,安诺其,10.63,12.14,10.2,12.14,185491,213236128.0,1.1,9.96376811594203
2015-08-20,15:00,sz300067,安诺其,13.35,13.35,13.05,13.35,491810,655881408.0,1.21,9.967051070840196
2015-08-21,15:00,sz300067,安诺其,12.66,13.15,12.02,12.02,460031,569994368.0,-1.33,-9.9625468164794
2015-08-24,15:00,sz300067,安诺其,10.95,11.3,10.82,10.82,83199,90403320.0,-1.2,-9.983361064891849
2015-08-25,15:00,sz300067,安诺其,9.74,9.74,9.74,9.74,35265,34348112.0,-1.08,-9.981515711645102
2015-08-26,15:00,sz300067,安诺其,9.3,9.89,8.77,8.77,291456,266233072.0,-0.97,-9.958932238193018
2015-08-27,15:00,sz300067,安诺其,8.9,9.16,7.93,8.86,180845,157095472.0,0.09,1.026225769669327
2015-08-28,15:00,sz300067,安诺其,9.1,9.7,8.83,9.67,186465,172582144.0,0.81,9.142212189616252
2015-08-31,15:00,sz300067,安诺其,9.6,9.6,8.92,8.95,141139,129915376.0,-0.72,-7.445708376421924
2015-09-01,15:00,sz300067,安诺其,8.84,8.84,8.06,8.06,100217,82989360.0,-0.89,-9.944134078212292
2015-09-02,15:00,sz300067,安诺其,7.5,8.54,7.28,7.6,117787,93461568.0,-0.46,-5.707196029776675
2015-09-07,15:00,sz300067,安诺其,7.96,8.31,7.89,8.02,108143,87838848.0,0.42,5.526315789473684
2015-09-08,15:00,sz300067,安诺其,8.03,8.8,7.8,8.64,106363,88287592.0,0.62,7.73067331670823
2015-09-09,15:00,sz300067,安诺其,8.74,9.15,8.64,9.0,138127,123738680.0,0.36,4.166666666666666
2015-09-10,15:00,sz300067,安诺其,8.78,9.01,8.72,8.75,74172,65724012.0,-0.25,-2.7777777777777777
2015-09-11,15:00,sz300067,安诺其,8.97,9.04,8.76,8.96,77105,68844848.0,0.21,2.4
2015-09-14,15:00,sz300067,安诺其,8.98,9.05,8.06,8.06,100331,84456640.0,-0.9,-10.044642857142858
2015-09-15,15:00,sz300067,安诺其,7.62,8.09,7.3,7.39,80557,61991652.0,-0.67,-8.312655086848634
2015-09-16,15:00,sz300067,安诺其,7.4,8.13,7.4,8.13,87663,67849136.0,0.74,10.013531799729364
2015-09-17,15:00,sz300067,安诺其,8.15,8.43,7.91,7.96,112701,92054824.0,-0.17,-2.091020910209102
2015-09-18,15:00,sz300067,安诺其,8.04,8.2,7.95,8.13,66842,53898004.0,0.17,2.135678391959799
2015-09-21,15:00,sz300067,安诺其,8.1,8.48,7.89,8.48,92226,76156392.0,0.35,4.305043050430505
2015-09-22,15:00,sz300067,安诺其,8.52,8.63,8.34,8.47,111901,95011576.0,-0.01,-0.1179245283018868
2015-09-23,15:00,sz300067,安诺其,8.3,8.5,8.2,8.34,74421,61963948.0,-0.13,-1.5348288075560803
2015-09-24,15:00,sz300067,安诺其,8.36,8.67,8.36,8.52,75326,64211076.0,0.18,2.158273381294964
2015-09-25,15:00,sz300067,安诺其,8.46,8.63,8.02,8.11,64631,53681428.0,-0.41,-4.812206572769953
2015-09-28,15:00,sz300067,安诺其,8.17,8.43,8.05,8.43,45419,37577180.0,0.32,3.945745992601726
2015-09-29,15:00,sz300067,安诺其,8.26,8.44,8.15,8.2,44173,36565456.0,-0.23,-2.7283511269276395
2015-09-30,15:00,sz300067,安诺其,8.31,8.33,8.1,8.21,34070,28011154.0,0.01,0.1219512195121951
2015-10-08,15:00,sz300067,安诺其,8.54,9.03,8.38,9.03,154778,136075376.0,0.82,9.987819732034104
2015-10-09,15:00,sz300067,安诺其,9.14,9.3,8.88,9.15,170958,154935376.0,0.12,1.32890365448505
2015-10-12,15:00,sz300067,安诺其,9.16,9.69,9.06,9.59,164129,154376736.0,0.44,4.808743169398907
2015-10-13,15:00,sz300067,安诺其,9.42,9.64,9.34,9.53,123955,117576168.0,-0.06,-0.6256517205422315
2015-10-14,15:00,sz300067,安诺其,9.41,9.54,9.22,9.27,92290,86541344.0,-0.26,-2.728226652675761
2015-10-15,15:00,sz300067,安诺其,9.12,9.58,9.09,9.55,116671,109612112.0,0.28,3.02049622437972
2015-10-16,15:00,sz300067,安诺其,9.55,9.84,9.39,9.73,164136,158276160.0,0.18,1.8848167539267016
2015-10-19,15:00,sz300067,安诺其,9.77,9.77,9.48,9.57,121338,116677176.0,-0.16,-1.644398766700925
2015-10-20,15:00,sz300067,安诺其,9.6,10.22,9.54,10.04,158005,156076304.0,0.47,4.911180773249739
2015-10-21,15:00,sz300067,安诺其,10.04,10.08,9.04,9.05,159194,152695568.0,-0.99,-9.860557768924302
2015-10-22,15:00,sz300067,安诺其,9.03,9.55,9.03,9.5,104861,97460992.0,0.45,4.972375690607735
2015-10-23,15:00,sz300067,安诺其,9.53,9.91,9.43,9.78,161923,156563376.0,0.28,2.9473684210526314
2015-10-26,15:00,sz300067,安诺其,9.95,10.33,9.83,10.15,197888,198954240.0,0.37,3.783231083844581
2015-10-27,15:00,sz300067,安诺其,10.13,10.22,9.4,10.04,143871,142286448.0,-0.11,-1.083743842364532
2015-10-28,15:00,sz300067,安诺其,9.94,10.13,9.54,9.59,111151,109614136.0,-0.45,-4.482071713147411
2015-10-29,15:00,sz300067,安诺其,9.7,9.96,9.6,9.77,81869,80245176.0,0.18,1.8769551616266944
2015-10-30,15:00,sz300067,安诺其,9.7,10.75,9.51,10.15,295059,307874304.0,0.38,3.8894575230296815
2015-11-02,15:00,sz300067,安诺其,9.79,10.09,9.55,9.57,183812,178916560.0,-0.58,-5.714285714285714
2015-11-03,15:00,sz300067,安诺其,9.67,9.77,9.4,9.46,88956,84981376.0,-0.11,-1.1494252873563218
2015-11-04,15:00,sz300067,安诺其,9.62,10.02,9.55,10.01,143270,140567440.0,0.55,5.813953488372093
2015-11-05,15:00,sz300067,安诺其,10.04,10.15,9.8,9.97,147707,147298896.0,-0.04,-0.3996003996003996
2015-11-06,15:00,sz300067,安诺其,10.0,10.33,9.96,10.21,148298,151340448.0,0.24,2.4072216649949847
2015-11-09,15:00,sz300067,安诺其,10.13,10.53,10.04,10.46,171770,177270976.0,0.25,2.4485798237022527
2015-11-10,15:00,sz300067,安诺其,10.42,10.53,10.2,10.39,158740,164989984.0,-0.07,-0.6692160611854685
2015-11-11,15:00,sz300067,安诺其,10.37,10.88,10.33,10.71,182172,192833600.0,0.32,3.079884504331088
2015-11-12,15:00,sz300067,安诺其,10.7,10.78,10.3,10.44,158381,166106768.0,-0.27,-2.5210084033613445
2015-11-13,15:00,sz300067,安诺其,10.37,10.37,9.98,10.03,136305,138141056.0,-0.41,-3.927203065134099
2015-11-16,15:00,sz300067,安诺其,9.79,10.29,9.7,10.28,85777,86448088.0,0.25,2.4925224327018944
2015-11-17,15:00,sz300067,安诺其,10.35,10.54,10.18,10.19,166352,172641200.0,-0.09,-0.8754863813229572
2015-11-18,15:00,sz300067,安诺其,10.14,10.25,9.89,9.91,91205,91856152.0,-0.28,-2.747791952894995
2015-11-19,15:00,sz300067,安诺其,10.01,10.37,9.92,10.34,88592,90027248.0,0.43,4.339051463168516
2015-11-20,15:00,sz300067,安诺其,10.4,10.53,10.18,10.44,135839,140746048.0,0.1,0.9671179883945842
2015-11-23,15:00,sz300067,安诺其,10.44,10.79,10.3,10.42,166307,175255952.0,-0.02,-0.1915708812260536
2015-11-24,15:00,sz300067,安诺其,10.35,10.7,10.3,10.7,129901,136908160.0,0.28,2.687140115163148
2015-11-25,15:00,sz300067,安诺其,10.69,11.52,10.6,11.13,300261,335367424.0,0.43,4.018691588785047
2015-11-26,15:00,sz300067,安诺其,11.15,11.89,10.88,11.49,328153,374447136.0,0.36,3.234501347708895
2015-11-27,15:00,sz300067,安诺其,11.27,11.35,10.35,10.49,223335,246132688.0,-1.0,-8.703220191470844
2015-11-30,15:00,sz300067,安诺其,10.5,11.0,9.82,11.0,178435,188552736.0,0.51,4.861773117254528
2015-12-01,15:00,sz300067,安诺其,11.0,11.35,10.86,11.09,178204,198230288.0,0.09,0.8181818181818182
2015-12-02,15:00,sz300067,安诺其,11.1,11.22,10.28,10.67,135945,145680016.0,-0.42,-3.787195671776375
2015-12-03,15:00,sz300067,安诺其,10.75,11.34,10.58,11.29,165737,181803392.0,0.62,5.810684161199625
2015-12-04,15:00,sz300067,安诺其,11.2,11.38,10.9,11.11,147601,164321840.0,-0.18,-1.5943312666076177
2015-12-07,15:00,sz300067,安诺其,11.16,11.32,10.96,11.2,131015,146695168.0,0.09,0.8100810081008101
2015-12-08,15:00,sz300067,安诺其,11.07,11.12,10.7,10.7,116520,126398664.0,-0.5,-4.464285714285714
2015-12-09,15:00,sz300067,安诺其,10.6,10.82,10.52,10.76,68544,73175648.0,0.06,0.5607476635514018
2015-12-10,15:00,sz300067,安诺其,10.79,10.9,10.56,10.57,71595,76806832.0,-0.19,-1.7657992565055762
2015-12-11,15:00,sz300067,安诺其,10.58,10.61,10.03,10.06,92820,95173272.0,-0.51,-4.824976348155157
2015-12-14,15:00,sz300067,安诺其,10.03,10.44,9.88,10.44,67388,68197088.0,0.38,3.7773359840954273
2015-12-15,15:00,sz300067,安诺其,10.44,10.63,10.35,10.44,60084,63123988.0,0.0,0.0
2015-12-16,15:00,sz300067,安诺其,10.5,10.57,10.4,10.49,58464,61328288.0,0.05,0.4789272030651341
2015-12-17,15:00,sz300067,安诺其,10.56,10.85,10.53,10.85,110791,118733616.0,0.36,3.431839847473785
2015-12-18,15:00,sz300067,安诺其,10.86,10.94,10.55,10.63,81602,87391600.0,-0.22,-2.0276497695852536
2015-12-21,15:00,sz300067,安诺其,10.55,10.74,10.53,10.68,84011,89446704.0,0.05,0.4703668861712135
2015-12-22,15:00,sz300067,安诺其,10.7,10.84,10.67,10.84,88299,95127152.0,0.16,1.49812734082397
2015-12-23,15:00,sz300067,安诺其,10.8,10.87,10.5,10.58,84918,90891744.0,-0.26,-2.3985239852398523
2015-12-24,15:00,sz300067,安诺其,10.58,10.58,10.1,10.45,73706,76092640.0,-0.13,-1.2287334593572778
2015-12-25,15:00,sz300067,安诺其,10.44,10.52,10.35,10.47,58580,61184484.0,0.02,0.1913875598086124
2015-12-28,15:00,sz300067,安诺其,10.47,10.68,10.2,10.21,90308,94464736.0,-0.26,-2.483285577841452
2015-12-29,15:00,sz300067,安诺其,10.16,10.46,10.09,10.46,51978,53401760.0,0.25,2.4485798237022527
2015-12-30,15:00,sz300067,安诺其,10.5,10.68,10.43,10.67,71937,76165624.0,0.21,2.0076481835564053
2015-12-31,15:00,sz300067,安诺其,10.63,10.71,10.34,10.37,53946,56678944.0,-0.3,-2.8116213683223994
2016-01-04,15:00,sz300067,安诺其,10.38,10.47,9.33,9.34,72457,71713464.0,-1.03,-9.932497589199611
2016-01-05,15:00,sz300067,安诺其,8.9,9.58,8.65,9.25,88014,80790560.0,-0.09,-0.9635974304068522
2016-01-06,15:00,sz300067,安诺其,9.26,9.55,9.2,9.51,58780,55141664.0,0.26,2.810810810810811
2016-01-07,15:00,sz300067,安诺其,9.4,9.4,8.56,8.57,18056,16061536.0,-0.94,-9.88433228180862
2016-01-08,15:00,sz300067,安诺其,8.64,9.0,8.05,8.74,68271,59472668.0,0.17,1.9836639439906647
2016-01-11,15:00,sz300067,安诺其,8.67,8.67,7.87,7.87,63941,52622940.0,-0.87,-9.954233409610984
2016-01-12,15:00,sz300067,安诺其,8.0,8.08,7.63,7.96,48693,38522348.0,0.09,1.1435832274459974
2016-01-13,15:00,sz300067,安诺其,8.08,8.09,7.53,7.53,39235,30860612.0,-0.43,-5.402010050251256
2016-01-14,15:00,sz300067,安诺其,7.3,8.0,7.3,7.95,57913,44708972.0,0.42,5.577689243027888
2016-01-15,15:00,sz300067,安诺其,7.86,8.02,7.62,7.67,48073,37738780.0,-0.28,-3.5220125786163523
2016-01-18,15:00,sz300067,安诺其,7.49,7.99,7.41,7.87,51228,39869772.0,0.2,2.607561929595828
2016-01-19,15:00,sz300067,安诺其,7.86,8.14,7.76,8.1,61326,48803576.0,0.23,2.922490470139772
2016-01-20,15:00,sz300067,安诺其,8.02,8.26,7.81,7.93,52985,42601760.0,-0.17,-2.098765432098765
2016-01-21,15:00,sz300067,安诺其,7.76,8.16,7.68,7.7,49322,38967560.0,-0.23,-2.900378310214376
2016-01-22,15:00,sz300067,安诺其,7.75,7.89,7.51,7.78,39707,30613686.0,0.08,1.0389610389610389
2016-01-25,15:00,sz300067,安诺其,7.83,7.98,7.78,7.86,35075,27574852.0,0.08,1.0282776349614395
2016-01-26,15:00,sz300067,安诺其,7.74,7.78,7.07,7.07,53042,39387756.0,-0.79,-10.05089058524173
2016-01-27,15:00,sz300067,安诺其,7.09,7.16,6.42,6.86,52669,35821368.0,-0.21,-2.9702970297029703
2016-01-28,15:00,sz300067,安诺其,6.78,6.88,6.46,6.52,35801,23943324.0,-0.34,-4.956268221574344
2016-01-29,15:00,sz300067,安诺其,6.61,6.9,6.47,6.78,38960,26169456.0,0.26,3.987730061349693
2016-02-01,15:00,sz300067,安诺其,6.75,6.81,6.6,6.67,27823,18636230.0,-0.11,-1.6224188790560472
2016-02-02,15:00,sz300067,安诺其,6.67,7.09,6.62,6.95,44861,31025950.0,0.28,4.197901049475263
2016-02-03,15:00,sz300067,安诺其,6.82,6.97,6.7,6.94,41444,28328608.0,-0.01,-0.1438848920863309
2016-02-04,15:00,sz300067,安诺其,7.19,7.49,7.13,7.27,64819,47495776.0,0.33,4.755043227665706
2016-02-05,15:00,sz300067,安诺其,7.18,7.29,7.06,7.06,35643,25577388.0,-0.21,-2.8885832187070157
2016-02-15,15:00,sz300067,安诺其,6.86,7.09,6.71,7.05,34127,23585258.0,-0.01,-0.141643059490085
2016-02-16,15:00,sz300067,安诺其,7.09,7.39,7.07,7.38,52363,38283764.0,0.33,4.680851063829787
2016-02-17,15:00,sz300067,安诺其,7.53,7.63,7.3,7.45,75295,56009868.0,0.07,0.9485094850948508
2016-02-18,15:00,sz300067,安诺其,7.45,7.6,7.37,7.4,62620,46804560.0,-0.05,-0.6711409395973155
2016-02-19,15:00,sz300067,安诺其,7.33,7.5,7.33,7.4,46383,34372660.0,0.0,0.0
2016-02-22,15:00,sz300067,安诺其,7.5,7.57,7.45,7.54,55147,41513420.0,0.14,1.891891891891892
2016-02-23,15:00,sz300067,安诺其,7.6,7.62,7.32,7.42,49669,37092908.0,-0.12,-1.5915119363395225
2016-02-24,15:00,sz300067,安诺其,7.43,8.16,7.32,8.16,157026,123742400.0,0.74,9.973045822102426
2016-02-25,15:00,sz300067,安诺其,8.16,8.19,7.34,7.44,174413,134509776.0,-0.72,-8.823529411764707
2016-02-26,15:00,sz300067,安诺其,7.52,7.95,7.34,7.8,172034,132560152.0,0.36,4.838709677419355
2016-02-29,15:00,sz300067,安诺其,7.5,7.65,7.02,7.02,121830,86510632.0,-0.78,-10.0
2016-03-01,15:00,sz300067,安诺其,7.02,7.25,6.66,7.1,77744,54654804.0,0.08,1.1396011396011396
2016-03-02,15:00,sz300067,安诺其,7.1,7.81,7.0,7.68,157128,117040848.0,0.58,8.169014084507042
2016-03-03,15:00,sz300067,安诺其,7.58,7.85,7.51,7.69,137502,105387288.0,0.01,0.1302083333333333
2016-03-04,15:00,sz300067,安诺其,7.66,8.46,7.5,8.33,504177,420989504.0,0.64,8.322496749024708
2016-03-07,15:00,sz300067,安诺其,8.5,9.16,8.35,9.16,511628,454851968.0,0.83,9.963985594237696
2016-03-08,15:00,sz300067,安诺其,9.16,9.29,8.78,9.2,312741,283166688.0,0.04,0.4366812227074235
2016-03-09,15:00,sz300067,安诺其,8.68,8.73,8.28,8.3,230566,195968688.0,-0.9,-9.782608695652174
2016-03-10,15:00,sz300067,安诺其,8.26,9.1,8.01,8.64,240133,203600160.0,0.34,4.096385542168675
2016-03-11,15:00,sz300067,安诺其,8.35,9.46,8.35,9.18,293896,263695296.0,0.54,6.25
2016-03-14,15:00,sz300067,安诺其,9.7,10.1,9.5,9.59,308952,302870176.0,0.41,4.466230936819173
2016-03-15,15:00,sz300067,安诺其,9.5,10.55,9.5,10.55,481845,494518080.0,0.96,10.010427528675704
2016-03-16,15:00,sz300067,安诺其,10.3,10.54,9.96,10.12,373765,380355008.0,-0.43,-4.075829383886256
2016-03-17,15:00,sz300067,安诺其,10.12,10.67,9.95,10.37,327111,336150496.0,0.25,2.4703557312252964
2016-03-18,15:00,sz300067,安诺其,10.57,10.9,10.17,10.54,290169,305553664.0,0.17,1.639344262295082
2016-03-21,15:00,sz300067,安诺其,10.88,10.99,10.26,10.44,322715,339387616.0,-0.1,-0.9487666034155596
2016-03-22,15:00,sz300067,安诺其,10.27,10.59,9.95,10.34,249988,255222096.0,-0.1,-0.9578544061302682
2016-03-23,15:00,sz300067,安诺其,10.22,10.38,10.07,10.32,158587,162022016.0,-0.02,-0.1934235976789168
2016-03-24,15:00,sz300067,安诺其,10.13,10.69,10.0,10.02,189446,194752912.0,-0.3,-2.9069767441860463
2016-03-25,15:00,sz300067,安诺其,9.8,9.99,9.49,9.69,179324,174047200.0,-0.33,-3.293413173652695
2016-03-28,15:00,sz300067,安诺其,9.73,10.01,9.68,9.75,169246,166617008.0,0.06,0.6191950464396285
2016-03-29,15:00,sz300067,安诺其,9.67,10.18,9.5,10.0,197727,195871824.0,0.25,2.564102564102564
2016-03-30,15:00,sz300067,安诺其,10.08,10.44,10.03,10.27,178522,183552848.0,0.27,2.7
2016-03-31,15:00,sz300067,安诺其,10.27,10.77,10.02,10.45,244220,253208368.0,0.18,1.7526777020447908
2016-04-01,15:00,sz300067,安诺其,10.29,10.3,9.9,10.1,140353,141530544.0,-0.35,-3.349282296650718
2016-04-05,15:00,sz300067,安诺其,10.3,10.4,10.06,10.37,187024,191940112.0,0.27,2.6732673267326734
2016-04-06,15:00,sz300067,安诺其,10.21,10.54,10.1,10.2,133598,137439792.0,-0.17,-1.639344262295082
2016-04-07,15:00,sz300067,安诺其,10.22,10.33,9.81,9.81,152374,152759184.0,-0.39,-3.823529411764706
2016-04-08,15:00,sz300067,安诺其,9.65,10.14,9.5,9.76,125290,122364384.0,-0.05,-0.509683995922528
2016-04-11,15:00,sz300067,安诺其,9.89,10.14,9.78,10.01,157251,157808832.0,0.25,2.5614754098360657
2016-04-12,15:00,sz300067,安诺其,10.16,10.19,9.62,9.8,124726,122094528.0,-0.21,-2.097902097902098
2016-04-13,15:00,sz300067,安诺其,9.92,10.67,9.91,10.31,306616,316731072.0,0.51,5.204081632653061
2016-04-14,15:00,sz300067,安诺其,10.46,10.53,10.18,10.44,166427,172564848.0,0.13,1.2609117361784674
2016-04-15,15:00,sz300067,安诺其,10.32,10.5,10.1,10.19,123306,126217440.0,-0.25,-2.3946360153256707
2016-04-18,15:00,sz300067,安诺其,10.13,10.13,9.49,9.69,178643,173819408.0,-0.5,-4.906771344455349
2016-04-19,15:00,sz300067,安诺其,9.79,9.88,9.44,9.6,123352,118297784.0,-0.09,-0.9287925696594428
2016-04-20,15:00,sz300067,安诺其,9.64,9.68,8.64,8.74,176126,159235856.0,-0.86,-8.958333333333334
2016-04-21,15:00,sz300067,安诺其,8.75,8.89,8.6,8.68,95501,83745640.0,-0.06,-0.6864988558352403
2016-04-22,15:00,sz300067,安诺其,8.47,8.83,8.26,8.8,75753,65478252.0,0.12,1.3824884792626728
2016-04-25,15:00,sz300067,安诺其,8.75,8.83,8.59,8.82,58566,51199508.0,0.02,0.2272727272727272
2016-04-26,15:00,sz300067,安诺其,8.82,8.94,8.76,8.94,64322,56940280.0,0.12,1.3605442176870748
2016-04-27,15:00,sz300067,安诺其,8.96,8.97,8.77,8.79,61216,54230728.0,-0.15,-1.6778523489932886
2016-04-28,15:00,sz300067,安诺其,8.8,8.85,8.2,8.61,86891,74168176.0,-0.18,-2.04778156996587
2016-04-29,15:00,sz300067,安诺其,8.53,8.64,8.4,8.43,72983,62021524.0,-0.18,-2.0905923344947737
2016-05-03,15:00,sz300067,安诺其,8.4,8.79,8.38,8.77,87865,76068264.0,0.34,4.033214709371293
2016-05-04,15:00,sz300067,安诺其,8.75,8.82,8.66,8.76,88074,77055464.0,-0.01,-0.1140250855188141
2016-05-05,15:00,sz300067,安诺其,8.75,8.85,8.7,8.83,61411,53931432.0,0.07,0.7990867579908676
2016-05-06,15:00,sz300067,安诺其,8.89,8.97,8.28,8.28,145656,124238936.0,-0.55,-6.2287655719139305
2016-05-09,15:00,sz300067,安诺其,8.14,8.14,7.7,7.79,142302,111430800.0,-0.49,-5.917874396135265
2016-05-10,15:00,sz300067,安诺其,7.72,7.9,7.71,7.86,47561,37316716.0,0.07,0.8985879332477535
2016-05-25,15:00,sz300067,安诺其,8.08,8.36,7.81,7.86,122484,98986240.0,0.0,0.0
2016-05-26,15:00,sz300067,安诺其,7.71,7.84,7.31,7.73,110074,83069688.0,-0.13,-1.653944020356234
2016-05-27,15:00,sz300067,安诺其,7.63,7.94,7.58,7.84,88918,69100768.0,0.11,1.423027166882277
2016-05-30,15:00,sz300067,安诺其,7.78,7.84,7.62,7.68,54445,42004444.0,-0.16,-2.0408163265306123
2016-05-31,15:00,sz300067,安诺其,7.71,8.04,7.69,8.01,108832,86173272.0,0.33,4.296875
2016-06-01,15:00,sz300067,安诺其,8.04,8.23,7.97,8.18,122274,99653832.0,0.17,2.1223470661672907
2016-06-02,15:00,sz300067,安诺其,8.22,8.77,8.11,8.7,227324,194617776.0,0.52,6.356968215158925
2016-06-03,15:00,sz300067,安诺其,8.78,8.78,8.44,8.59,152008,130454736.0,-0.11,-1.264367816091954
2016-06-06,15:00,sz300067,安诺其,8.59,8.69,8.47,8.57,92017,78689728.0,-0.02,-0.2328288707799767
2016-06-07,15:00,sz300067,安诺其,8.58,8.68,8.5,8.59,76664,65824988.0,0.02,0.2333722287047841
2016-06-08,15:00,sz300067,安诺其,8.54,8.61,8.41,8.52,70830,60186712.0,-0.07,-0.8149010477299184
2016-06-13,15:00,sz300067,安诺其,8.38,8.39,7.88,7.88,103282,84263320.0,-0.64,-7.511737089201878
2016-06-14,15:00,sz300067,安诺其,7.91,7.94,7.82,7.88,42822,33750528.0,0.0,0.0
2016-06-15,15:00,sz300067,安诺其,7.84,8.22,7.75,8.15,66362,53580928.0,0.27,3.4263959390862944
2016-06-16,15:00,sz300067,安诺其,8.14,8.24,8.08,8.19,67231,54916692.0,0.04,0.49079754601227
2016-06-17,15:00,sz300067,安诺其,8.21,8.42,8.16,8.21,62760,51995724.0,0.02,0.2442002442002442
2016-06-20,15:00,sz300067,安诺其,8.25,8.33,8.02,8.29,92168,75626168.0,0.08,0.97442143727162
2016-06-21,15:00,sz300067,安诺其,8.31,8.37,8.03,8.15,84521,69506104.0,-0.14,-1.6887816646562124
2016-06-22,15:00,sz300067,安诺其,8.17,8.28,8.08,8.26,59627,48801520.0,0.11,1.3496932515337423
2016-06-23,15:00,sz300067,安诺其,8.29,8.29,8.06,8.12,61136,49774024.0,-0.14,-1.694915254237288
2016-06-24,15:00,sz300067,安诺其,8.09,8.2,7.6,7.98,73475,58591632.0,-0.14,-1.7241379310344829
2016-06-27,15:00,sz300067,安诺其,7.9,8.24,7.86,8.22,69758,56756840.0,0.24,3.007518796992481
2016-06-28,15:00,sz300067,安诺其,8.16,8.4,8.15,8.37,109209,90962272.0,0.15,1.824817518248175
2016-06-29,15:00,sz300067,安诺其,8.4,8.42,8.31,8.36,85805,71695992.0,-0.01,-0.1194743130227001
2016-06-30,15:00,sz300067,安诺其,8.38,8.42,8.29,8.39,63646,53052844.0,0.03,0.3588516746411483
2016-07-01,15:00,sz300067,安诺其,8.42,8.44,8.21,8.26,70187,58526940.0,-0.13,-1.5494636471990464
2016-07-04,15:00,sz300067,安诺其,8.39,9.09,8.31,9.09,261343,229392208.0,0.83,10.048426150121063
2016-07-05,15:00,sz300067,安诺其,9.3,9.36,9.0,9.09,347886,319196096.0,0.0,0.0
2016-07-06,15:00,sz300067,安诺其,9.1,9.48,8.97,9.18,246442,227310352.0,0.09,0.99009900990099
2016-07-07,15:00,sz300067,安诺其,9.02,9.18,8.9,9.03,162394,146623856.0,-0.15,-1.6339869281045754
2016-07-08,15:00,sz300067,安诺其,9.03,9.25,8.95,9.1,148559,135738912.0,0.07,0.7751937984496124
2016-07-11,15:00,sz300067,安诺其,9.12,9.83,9.08,9.38,296160,282744000.0,0.28,3.076923076923077
2016-07-12,15:00,sz300067,安诺其,9.38,9.8,9.15,9.75,320390,303405280.0,0.37,3.944562899786781
2016-07-13,15:00,sz300067,安诺其,9.72,9.87,9.44,9.5,332503,320193184.0,-0.25,-2.564102564102564
2016-07-14,15:00,sz300067,安诺其,9.45,9.66,9.44,9.59,157535,150630512.0,0.09,0.9473684210526316
2016-07-15,15:00,sz300067,安诺其,9.75,10.1,9.65,9.7,268423,264135712.0,0.11,1.1470281543274243
2016-07-18,15:00,sz300067,安诺其,9.58,9.62,9.35,9.44,183363,173509440.0,-0.26,-2.6804123711340204
2016-07-19,15:00,sz300067,安诺其,9.4,9.55,9.25,9.43,108813,102237176.0,-0.01,-0.1059322033898305
2016-07-20,15:00,sz300067,安诺其,9.46,9.61,9.3,9.31,134077,126497960.0,-0.12,-1.2725344644750796
2016-07-21,15:00,sz300067,安诺其,9.3,9.42,9.26,9.32,107002,99814328.0,0.01,0.1074113856068743
2016-07-22,15:00,sz300067,安诺其,9.32,9.38,9.15,9.18,90390,83418536.0,-0.14,-1.502145922746781
2016-07-25,15:00,sz300067,安诺其,9.15,9.55,9.14,9.51,150714,141654656.0,0.33,3.594771241830065
2016-07-26,15:00,sz300067,安诺其,9.5,9.59,9.43,9.57,112256,106873368.0,0.06,0.6309148264984227
2016-07-27,15:00,sz300067,安诺其,9.49,9.99,9.27,9.85,432903,422354208.0,0.28,2.9258098223615465
2016-07-28,15:00,sz300067,安诺其,9.94,10.65,9.66,10.5,478435,483552000.0,0.65,6.598984771573605
2016-07-29,15:00,sz300067,安诺其,10.6,10.88,10.13,10.19,526831,554838912.0,-0.31,-2.952380952380953
2016-08-01,15:00,sz300067,安诺其,10.33,10.45,9.67,9.96,344761,345190080.0,-0.23,-2.2571148184494603
2016-08-02,15:00,sz300067,安诺其,9.9,9.99,9.59,9.95,217242,213187776.0,-0.01,-0.1004016064257028
2016-08-03,15:00,sz300067,安诺其,9.88,9.91,9.63,9.85,198621,193828048.0,-0.1,-1.0050251256281406
2016-08-04,15:00,sz300067,安诺其,9.8,10.03,9.69,9.85,215851,212835008.0,0.0,0.0
2016-08-05,15:00,sz300067,安诺其,9.82,9.86,9.6,9.6,170873,165955728.0,-0.25,-2.538071065989848
2016-08-08,15:00,sz300067,安诺其,9.61,9.79,9.45,9.73,102131,98842888.0,0.13,1.3541666666666667
2016-08-09,15:00,sz300067,安诺其,9.74,9.92,9.66,9.9,173124,169726336.0,0.17,1.7471736896197323
2016-08-10,15:00,sz300067,安诺其,9.85,9.97,9.53,9.55,263234,256499408.0,-0.35,-3.535353535353535
2016-08-11,15:00,sz300067,安诺其,9.5,9.5,9.15,9.27,188559,174823088.0,-0.28,-2.931937172774869
2016-08-12,15:00,sz300067,安诺其,9.27,9.5,9.18,9.39,135850,126790152.0,0.12,1.2944983818770228
2016-08-15,15:00,sz300067,安诺其,9.41,9.65,9.24,9.54,162120,153593984.0,0.15,1.5974440894568689
2016-08-16,15:00,sz300067,安诺其,9.53,9.62,9.41,9.45,123342,117019264.0,-0.09,-0.9433962264150944
2016-08-17,15:00,sz300067,安诺其,9.47,9.7,9.4,9.58,143736,137389280.0,0.13,1.3756613756613756
2016-08-18,15:00,sz300067,安诺其,9.55,9.79,9.49,9.57,135084,129808920.0,-0.01,-0.104384133611691
2016-08-19,15:00,sz300067,安诺其,9.5,9.52,9.28,9.38,107899,101016472.0,-0.19,-1.9853709508881925
2016-08-22,15:00,sz300067,安诺其,9.35,9.35,8.98,9.0,131962,120912208.0,-0.38,-4.051172707889126
2016-08-23,15:00,sz300067,安诺其,8.96,9.15,8.9,9.02,86988,78675640.0,0.02,0.2222222222222222
2016-08-24,15:00,sz300067,安诺其,9.06,9.18,9.03,9.1,69333,63179656.0,0.08,0.8869179600886918
2016-08-25,15:00,sz300067,安诺其,9.06,9.07,8.82,9.0,71689,63867736.0,-0.1,-1.098901098901099
2016-08-26,15:00,sz300067,安诺其,9.0,9.13,9.0,9.06,67784,61444004.0,0.06,0.6666666666666667
2016-08-29,15:00,sz300067,安诺其,9.08,9.17,9.05,9.13,67991,62063740.0,0.07,0.772626931567329
2016-08-30,15:00,sz300067,安诺其,9.13,9.25,9.13,9.17,73995,67991496.0,0.04,0.4381161007667031
2016-08-31,15:00,sz300067,安诺其,9.15,9.19,8.96,9.07,61281,55444568.0,-0.1,-1.0905125408942202
2016-09-01,15:00,sz300067,安诺其,9.05,9.14,8.99,9.0,49645,45045072.0,-0.07,-0.7717750826901874
2016-09-02,15:00,sz300067,安诺其,9.0,9.05,8.62,8.7,148831,130431312.0,-0.3,-3.333333333333333
2016-09-05,15:00,sz300067,安诺其,8.8,8.84,8.69,8.74,60210,52781832.0,0.04,0.4597701149425287
2016-09-06,15:00,sz300067,安诺其,8.78,9.05,8.68,9.02,101867,90568096.0,0.28,3.203661327231121
2016-09-07,15:00,sz300067,安诺其,9.02,9.3,9.0,9.09,145737,133792224.0,0.07,0.7760532150776054
2016-09-08,15:00,sz300067,安诺其,9.1,9.19,8.98,9.09,79637,72251264.0,0.0,0.0
2016-09-09,15:00,sz300067,安诺其,9.12,9.15,9.01,9.01,61389,55582436.0,-0.08,-0.88008800880088
2016-09-12,15:00,sz300067,安诺其,8.8,8.89,8.63,8.63,88028,77102216.0,-0.38,-4.217536071032186
2016-09-13,15:00,sz300067,安诺其,8.75,8.79,8.63,8.76,50094,43593688.0,0.13,1.5063731170336037
2016-09-14,15:00,sz300067,安诺其,8.7,8.79,8.66,8.68,39291,34257988.0,-0.08,-0.91324200913242
2016-09-19,15:00,sz300067,安诺其,8.74,8.87,8.71,8.83,40067,35261528.0,0.15,1.7281105990783412
2016-09-20,15:00,sz300067,安诺其,8.83,8.86,8.68,8.72,51766,45282236.0,-0.11,-1.245753114382786
2016-09-21,15:00,sz300067,安诺其,8.75,8.94,8.7,8.92,75280,66638092.0,0.2,2.293577981651376
2016-09-22,15:00,sz300067,安诺其,8.97,9.02,8.87,8.88,69499,62161036.0,-0.04,-0.4484304932735426
2016-09-23,15:00,sz300067,安诺其,8.88,9.01,8.88,8.93,60135,53893248.0,0.05,0.5630630630630631
2016-09-26,15:00,sz300067,安诺其,8.91,8.99,8.69,8.69,56954,50470968.0,-0.24,-2.6875699888017914
2016-09-27,15:00,sz300067,安诺其,8.67,8.84,8.63,8.82,52565,45780920.0,0.13,1.4959723820483315
2016-09-28,15:00,sz300067,安诺其,8.89,8.89,8.76,8.79,36573,32171680.0,-0.03,-0.3401360544217687
2016-09-29,15:00,sz300067,安诺其,8.78,8.87,8.77,8.81,33629,29659204.0,0.02,0.2275312855517633
2016-09-30,15:00,sz300067,安诺其,8.83,9.0,8.8,8.99,67349,60256316.0,0.18,2.0431328036322363
2016-10-10,15:00,sz300067,安诺其,9.08,9.15,8.95,9.11,102758,93152616.0,0.12,1.334816462736374
2016-10-11,15:00,sz300067,安诺其,9.07,9.18,9.05,9.14,93645,85482232.0,0.03,0.3293084522502744
2016-10-12,15:00,sz300067,安诺其,9.08,9.14,9.01,9.11,88975,80664024.0,-0.03,-0.3282275711159737
2016-10-13,15:00,sz300067,安诺其,9.08,9.38,9.05,9.32,156548,144540960.0,0.21,2.305159165751921
2016-10-14,15:00,sz300067,安诺其,9.27,9.38,9.14,9.33,114432,106252168.0,0.01,0.1072961373390558
2016-10-17,15:00,sz300067,安诺其,9.29,9.31,9.03,9.09,92613,85161976.0,-0.24,-2.572347266881029
2016-10-18,15:00,sz300067,安诺其,9.05,9.19,9.05,9.17,60220,54942964.0,0.08,0.88008800880088
2016-10-19,15:00,sz300067,安诺其,9.19,9.24,9.13,9.15,65374,59995692.0,-0.02,-0.218102508178844
2016-10-20,15:00,sz300067,安诺其,9.11,9.18,9.08,9.1,71860,65487372.0,-0.05,-0.546448087431694
2016-10-21,15:00,sz300067,安诺其,9.12,9.15,8.91,9.02,71872,64960724.0,-0.08,-0.8791208791208791
2016-10-24,15:00,sz300067,安诺其,9.03,9.15,9.03,9.12,60259,54837992.0,0.1,1.1086474501108647
2016-10-25,15:00,sz300067,安诺其,9.15,9.17,9.07,9.09,57822,52689524.0,-0.03,-0.3289473684210526
2016-10-26,15:00,sz300067,安诺其,9.07,9.12,9.01,9.05,53311,48272612.0,-0.04,-0.44004400440044
2016-10-27,15:00,sz300067,安诺其,9.05,9.06,8.96,8.97,49219,44264112.0,-0.08,-0.8839779005524863
2016-10-28,15:00,sz300067,安诺其,8.94,8.99,8.79,8.8,68629,60913576.0,-0.17,-1.89520624303233
2016-10-31,15:00,sz300067,安诺其,8.79,8.9,8.72,8.84,44607,39272720.0,0.04,0.4545454545454545
2016-11-01,15:00,sz300067,安诺其,8.84,9.07,8.84,9.04,81277,73152816.0,0.2,2.262443438914027
2016-11-02,15:00,sz300067,安诺其,9.06,9.08,8.99,9.01,56822,51345396.0,-0.03,-0.331858407079646
2016-11-03,15:00,sz300067,安诺其,9.03,9.19,9.02,9.09,95173,86789896.0,0.08,0.8879023307436182
2016-11-04,15:00,sz300067,安诺其,9.09,9.18,9.05,9.16,72086,65856688.0,0.07,0.77007700770077
2016-11-07,15:00,sz300067,安诺其,9.15,9.16,8.9,9.03,63678,57330972.0,-0.13,-1.4192139737991267
2016-11-08,15:00,sz300067,安诺其,9.05,9.07,8.99,9.03,44944,40577720.0,0.0,0.0
2016-11-09,15:00,sz300067,安诺其,9.01,9.06,8.8,8.86,63600,56731172.0,-0.17,-1.8826135105204875
2016-11-10,15:00,sz300067,安诺其,8.94,9.03,8.94,9.03,52823,47535220.0,0.17,1.9187358916478556
2016-11-11,15:00,sz300067,安诺其,9.06,9.1,8.97,9.08,67969,61415428.0,0.05,0.5537098560354374
2016-11-14,15:00,sz300067,安诺其,9.09,9.29,9.08,9.24,125060,115223728.0,0.16,1.762114537444934
2016-11-15,15:00,sz300067,安诺其,9.29,9.29,9.16,9.26,69054,63651140.0,0.02,0.2164502164502164
2016-11-16,15:00,sz300067,安诺其,9.27,9.56,9.23,9.41,155094,145536576.0,0.15,1.6198704103671708
2016-11-17,15:00,sz300067,安诺其,9.34,9.34,9.1,9.24,67118,61915324.0,-0.17,-1.8065887353878851
2016-11-18,15:00,sz300067,安诺其,9.19,9.27,9.13,9.16,52797,48564028.0,-0.08,-0.8658008658008658
2016-11-21,15:00,sz300067,安诺其,9.12,9.23,9.11,9.16,47396,43478604.0,0.0,0.0
2016-11-22,15:00,sz300067,安诺其,9.16,9.28,9.15,9.28,57331,52826676.0,0.12,1.310043668122271
2016-11-23,15:00,sz300067,安诺其,9.28,9.36,9.11,9.15,88472,81546832.0,-0.13,-1.4008620689655171
2016-11-24,15:00,sz300067,安诺其,9.16,9.18,9.02,9.06,57184,52165644.0,-0.09,-0.9836065573770492
2016-11-25,15:00,sz300067,安诺其,9.05,9.11,8.82,9.1,54774,49291856.0,0.04,0.4415011037527593
2016-11-28,15:00,sz300067,安诺其,9.09,9.18,9.04,9.11,53392,48682216.0,0.01,0.1098901098901098
2016-11-29,15:00,sz300067,安诺其,9.1,9.11,8.98,8.98,47806,43269664.0,-0.13,-1.427003293084523
2016-11-30,15:00,sz300067,安诺其,8.97,9.07,8.91,8.99,41283,37141340.0,0.01,0.1113585746102449
2016-12-01,15:00,sz300067,安诺其,9.01,9.2,8.96,9.18,72716,66508552.0,0.19,2.113459399332592
2016-12-02,15:00,sz300067,安诺其,9.18,9.18,8.87,8.87,56843,51100116.0,-0.31,-3.376906318082789
2016-12-05,15:00,sz300067,安诺其,8.81,8.99,8.77,8.87,42488,37873176.0,0.0,0.0
2016-12-06,15:00,sz300067,安诺其,8.89,8.96,8.8,8.81,36189,32007850.0,-0.06,-0.6764374295377678
2016-12-07,15:00,sz300067,安诺其,8.81,8.95,8.79,8.91,35493,31446418.0,0.1,1.135073779795687
2016-12-08,15:00,sz300067,安诺其,8.92,8.94,8.77,8.8,43423,38362972.0,-0.11,-1.2345679012345678
2016-12-09,15:00,sz300067,安诺其,8.83,8.86,8.76,8.77,30838,27152210.0,-0.03,-0.3409090909090909
2016-12-12,15:00,sz300067,安诺其,8.77,8.79,8.08,8.15,69351,58105560.0,-0.62,-7.069555302166476
2016-12-13,15:00,sz300067,安诺其,8.18,8.25,8.02,8.12,39222,31957786.0,-0.03,-0.3680981595092024
2016-12-14,15:00,sz300067,安诺其,8.12,8.19,8.03,8.04,30564,24755684.0,-0.08,-0.9852216748768472
2016-12-15,15:00,sz300067,安诺其,8.01,8.24,7.98,8.16,32208,26255346.0,0.12,1.4925373134328357
2016-12-16,15:00,sz300067,安诺其,8.16,8.28,8.13,8.23,26360,21689116.0,0.07,0.857843137254902
2016-12-19,15:00,sz300067,安诺其,8.23,8.34,8.13,8.26,30454,25057054.0,0.03,0.3645200486026731
2016-12-20,15:00,sz300067,安诺其,8.37,8.38,8.24,8.3,34839,28980810.0,0.04,0.4842615012106537
2016-12-21,15:00,sz300067,安诺其,8.38,8.47,8.31,8.45,33807,28430272.0,0.15,1.8072289156626504
2016-12-22,15:00,sz300067,安诺其,8.47,8.47,8.33,8.38,24642,20643904.0,-0.07,-0.8284023668639053
2016-12-23,15:00,sz300067,安诺其,8.33,8.49,8.3,8.32,19271,16160992.0,-0.06,-0.7159904534606205
2016-12-26,15:00,sz300067,安诺其,8.32,8.43,8.27,8.43,28420,23797586.0,0.11,1.3221153846153846
2016-12-27,15:00,sz300067,安诺其,8.38,8.49,8.38,8.46,22879,19328958.0,0.03,0.3558718861209964
2016-12-28,15:00,sz300067,安诺其,8.5,8.57,8.42,8.47,36188,30867962.0,0.01,0.1182033096926714
2016-12-29,15:00,sz300067,安诺其,8.46,8.62,8.42,8.55,31604,27082410.0,0.08,0.9445100354191264
2016-12-30,15:00,sz300067,安诺其,8.54,8.67,8.52,8.6,33510,28874258.0,0.05,0.5847953216374269
2017-01-03,15:00,sz300067,安诺其,8.65,8.69,8.6,8.65,27475,23761110.0,0.05,0.5813953488372093
2017-01-04,15:00,sz300067,安诺其,8.67,8.73,8.52,8.68,36208,31311946.0,0.03,0.3468208092485549
2017-01-05,15:00,sz300067,安诺其,8.68,8.82,8.64,8.75,39908,34984396.0,0.07,0.8064516129032258
2017-01-06,15:00,sz300067,安诺其,8.76,8.85,8.57,8.6,27198,23591626.0,-0.15,-1.7142857142857144
2017-01-09,15:00,sz300067,安诺其,8.58,8.75,8.55,8.72,19291,16765179.0,0.12,1.3953488372093024
2017-01-10,15:00,sz300067,安诺其,8.72,8.77,8.61,8.62,22837,19822648.0,-0.1,-1.146788990825688
2017-01-11,15:00,sz300067,安诺其,8.62,8.72,8.48,8.49,20491,17579148.0,-0.13,-1.508120649651972
2017-01-12,15:00,sz300067,安诺其,8.49,8.57,8.39,8.43,21987,18634944.0,-0.06,-0.7067137809187279
2017-01-13,15:00,sz300067,安诺其,8.44,8.5,8.26,8.3,27246,22886654.0,-0.13,-1.542111506524318
2017-01-16,15:00,sz300067,安诺其,8.3,8.3,7.85,8.03,54050,43622336.0,-0.27,-3.2530120481927707
2017-01-17,15:00,sz300067,安诺其,8.02,8.25,7.82,8.17,41342,32991330.0,0.14,1.7434620174346205
2017-01-18,15:00,sz300067,安诺其,8.15,8.17,7.82,7.87,61978,49200320.0,-0.3,-3.6719706242350063
2017-01-19,15:00,sz300067,安诺其,7.82,7.88,7.64,7.73,39324,30503748.0,-0.14,-1.7789072426937738
2017-01-20,15:00,sz300067,安诺其,7.74,7.95,7.74,7.9,36144,28447380.0,0.17,2.1992238033635187
2017-01-23,15:00,sz300067,安诺其,7.9,8.1,7.9,8.01,44799,35979160.0,0.11,1.3924050632911391
2017-01-24,15:00,sz300067,安诺其,8.0,8.0,7.87,7.95,30454,24177398.0,-0.06,-0.7490636704119851
2017-01-25,15:00,sz300067,安诺其,7.96,8.13,7.96,8.09,39529,31911962.0,0.14,1.7610062893081762
2017-01-26,15:00,sz300067,安诺其,8.14,8.19,8.11,8.17,20038,16354264.0,0.08,0.9888751545117428
2017-02-03,15:00,sz300067,安诺其,8.15,8.19,7.96,8.14,28477,23070698.0,-0.03,-0.3671970624235006
2017-02-06,15:00,sz300067,安诺其,8.13,8.24,8.13,8.21,39707,32503224.0,0.07,0.85995085995086
2017-02-07,15:00,sz300067,安诺其,8.19,8.36,8.17,8.32,49540,40905560.0,0.11,1.3398294762484777
2017-02-08,15:00,sz300067,安诺其,8.31,8.37,8.26,8.34,34386,28598916.0,0.02,0.2403846153846154
2017-02-09,15:00,sz300067,安诺其,8.34,8.59,8.3,8.52,70085,59624164.0,0.18,2.158273381294964
2017-02-10,15:00,sz300067,安诺其,8.51,8.58,8.43,8.51,48214,41001392.0,-0.01,-0.1173708920187793
2017-02-13,15:00,sz300067,安诺其,8.47,9.01,8.47,8.91,93496,82159952.0,0.4,4.700352526439483
2017-02-14,15:00,sz300067,安诺其,8.81,8.92,8.75,8.8,76736,67751952.0,-0.11,-1.2345679012345678
2017-02-15,15:00,sz300067,安诺其,8.81,8.98,8.55,8.61,51969,45473160.0,-0.19,-2.159090909090909
2017-02-16,15:00,sz300067,安诺其,8.58,8.7,8.55,8.67,41781,36066732.0,0.06,0.6968641114982579
2017-02-17,15:00,sz300067,安诺其,8.66,8.75,8.5,8.55,42982,37041892.0,-0.12,-1.384083044982699
2017-02-20,15:00,sz300067,安诺其,8.55,8.63,8.46,8.61,49264,41986968.0,0.06,0.7017543859649122
2017-02-21,15:00,sz300067,安诺其,8.6,8.75,8.56,8.7,76736,66457088.0,0.09,1.0452961672473868
2017-02-22,15:00,sz300067,安诺其,8.7,8.73,8.51,8.6,68855,59181960.0,-0.1,-1.1494252873563218
2017-02-23,15:00,sz300067,安诺其,8.57,8.59,8.41,8.52,54047,45817036.0,-0.08,-0.9302325581395348
2017-02-24,15:00,sz300067,安诺其,8.51,8.69,8.48,8.65,64396,55428976.0,0.13,1.5258215962441315
2017-02-27,15:00,sz300067,安诺其,8.67,8.72,8.49,8.5,55781,47836444.0,-0.15,-1.7341040462427744
2017-02-28,15:00,sz300067,安诺其,8.54,8.56,8.42,8.54,32958,27989664.0,0.04,0.4705882352941176
2017-03-01,15:00,sz300067,安诺其,8.5,8.67,8.49,8.61,55772,47898080.0,0.07,0.819672131147541
2017-03-02,15:00,sz300067,安诺其,8.64,9.0,8.64,8.71,137183,121112144.0,0.1,1.1614401858304295
2017-03-03,15:00,sz300067,安诺其,8.62,8.67,8.47,8.57,75332,64515576.0,-0.14,-1.6073478760045925
2017-03-06,15:00,sz300067,安诺其,8.54,8.64,8.53,8.62,52389,44992908.0,0.05,0.5834305717619603
2017-03-07,15:00,sz300067,安诺其,8.62,8.84,8.53,8.83,104077,90637752.0,0.21,2.436194895591647
2017-03-08,15:00,sz300067,安诺其,8.83,8.83,8.64,8.74,64287,55962612.0,-0.09,-1.0192525481313703
2017-03-09,15:00,sz300067,安诺其,8.73,8.73,8.51,8.62,48174,41425712.0,-0.12,-1.3729977116704806
2017-03-10,15:00,sz300067,安诺其,8.62,8.66,8.56,8.56,26375,22676248.0,-0.06,-0.6960556844547563
2017-03-13,15:00,sz300067,安诺其,8.57,8.61,8.46,8.61,26855,22955530.0,0.05,0.5841121495327103
2017-03-14,15:00,sz300067,安诺其,8.58,8.63,8.51,8.52,28994,24870010.0,-0.09,-1.0452961672473868
2017-03-15,15:00,sz300067,安诺其,8.5,8.58,8.5,8.55,21962,18725166.0,0.03,0.352112676056338
2017-03-16,15:00,sz300067,安诺其,8.56,8.73,8.54,8.7,53668,46509468.0,0.15,1.7543859649122806
2017-03-17,15:00,sz300067,安诺其,8.74,8.77,8.48,8.51,53964,46571664.0,-0.19,-2.1839080459770117
2017-03-20,15:00,sz300067,安诺其,8.47,8.54,8.46,8.53,41072,34885592.0,0.02,0.2350176263219741
2017-03-21,15:00,sz300067,安诺其,8.52,8.66,8.51,8.56,31930,27438412.0,0.03,0.3516998827667058
2017-03-22,15:00,sz300067,安诺其,8.6,8.67,8.52,8.63,56969,49094192.0,0.07,0.8177570093457943
2017-03-23,15:00,sz300067,安诺其,8.68,8.7,8.5,8.57,41055,35302848.0,-0.06,-0.6952491309385863
2017-03-24,15:00,sz300067,安诺其,8.56,8.7,8.5,8.7,61113,52691440.0,0.13,1.5169194865810969
2017-03-27,15:00,sz300067,安诺其,8.73,8.8,8.66,8.79,86199,75359968.0,0.09,1.0344827586206895
2017-03-28,15:00,sz300067,安诺其,8.76,8.82,8.63,8.67,35954,31229954.0,-0.12,-1.3651877133105803
2017-03-29,15:00,sz300067,安诺其,8.69,8.7,8.53,8.55,36281,31256740.0,-0.12,-1.384083044982699
2017-03-30,15:00,sz300067,安诺其,8.55,8.58,8.13,8.19,65418,54600452.0,-0.36,-4.2105263157894735
2017-03-31,15:00,sz300067,安诺其,8.2,8.28,8.17,8.23,25144,20705770.0,0.04,0.4884004884004884
2017-04-05,15:00,sz300067,安诺其,8.23,8.36,8.23,8.35,30874,25652928.0,0.12,1.4580801944106925
2017-04-06,15:00,sz300067,安诺其,8.3,8.41,8.3,8.38,29061,24325574.0,0.03,0.3592814371257485
2017-04-07,15:00,sz300067,安诺其,8.38,8.39,8.32,8.36,20160,16844044.0,-0.02,-0.2386634844868735
2017-04-10,15:00,sz300067,安诺其,8.36,8.36,8.2,8.22,36103,29791612.0,-0.14,-1.674641148325359
2017-04-11,15:00,sz300067,安诺其,8.22,8.28,8.16,8.27,27234,22390116.0,0.05,0.6082725060827251
2017-04-12,15:00,sz300067,安诺其,8.27,8.27,8.12,8.12,39976,32667130.0,-0.15,-1.8137847642079807
2017-04-13,15:00,sz300067,安诺其,8.13,8.23,8.09,8.12,43156,35237620.0,0.0,0.0
2017-04-14,15:00,sz300067,安诺其,8.14,8.17,8.09,8.12,27596,22420722.0,0.0,0.0
2017-04-17,15:00,sz300067,安诺其,8.12,8.12,7.96,8.0,38444,30820114.0,-0.12,-1.477832512315271
2017-04-18,15:00,sz300067,安诺其,8.0,8.05,7.84,7.89,37399,29715358.0,-0.11,-1.375
2017-04-19,15:00,sz300067,安诺其,7.88,7.92,7.72,7.86,26552,20719680.0,-0.03,-0.3802281368821292
2017-04-20,15:00,sz300067,安诺其,7.86,7.93,7.71,7.75,36825,28657476.0,-0.11,-1.3994910941475829
2017-04-21,15:00,sz300067,安诺其,7.79,7.82,7.74,7.76,16695,12977865.0,0.01,0.1290322580645161
2017-04-24,15:00,sz300067,安诺其,7.76,7.82,7.62,7.65,31718,24366962.0,-0.11,-1.4175257731958764
2017-04-25,15:00,sz300067,安诺其,7.63,7.79,7.63,7.71,18953,14612000.0,0.06,0.7843137254901961
2017-04-26,15:00,sz300067,安诺其,7.75,7.82,7.67,7.8,20296,15716185.0,0.09,1.1673151750972763
2017-04-27,15:00,sz300067,安诺其,7.79,7.98,7.65,7.93,34750,27203746.0,0.13,1.6666666666666667
2017-04-28,15:00,sz300067,安诺其,6.62,6.69,6.56,6.66,26737,17761366.0,-1.27,-16.01513240857503
2017-05-02,15:00,sz300067,安诺其,6.65,6.74,6.61,6.65,24880,16602757.0,-0.01,-0.1501501501501501
2017-05-03,15:00,sz300067,安诺其,6.64,6.68,6.55,6.58,20825,13750875.0,-0.07,-1.0526315789473684
2017-05-04,15:00,sz300067,安诺其,6.56,6.67,6.55,6.62,27658,18302872.0,0.04,0.60790273556231
2017-05-05,15:00,sz300067,安诺其,6.62,6.64,6.48,6.5,29807,19590370.0,-0.12,-1.812688821752266
2017-05-08,15:00,sz300067,安诺其,6.54,6.54,6.1,6.17,74595,47002228.0,-0.33,-5.076923076923077
2017-05-09,15:00,sz300067,安诺其,6.19,6.43,6.13,6.38,41552,26200686.0,0.21,3.403565640194489
2017-05-10,15:00,sz300067,安诺其,6.4,6.4,6.22,6.22,22470,14173758.0,-0.16,-2.507836990595611
2017-05-11,15:00,sz300067,安诺其,6.22,6.27,6.05,6.26,26945,16616742.0,0.04,0.6430868167202572
2017-05-12,15:00,sz300067,安诺其,6.25,6.25,6.17,6.22,18682,11595221.0,-0.04,-0.6389776357827476
2017-05-15,15:00,sz300067,安诺其,6.21,6.27,6.17,6.18,17253,10714726.0,-0.04,-0.6430868167202572
2017-05-16,15:00,sz300067,安诺其,6.19,6.38,6.12,6.36,31704,19765614.0,0.18,2.912621359223301
2017-05-17,15:00,sz300067,安诺其,6.35,6.42,6.31,6.36,26917,17156748.0,0.0,0.0
2017-05-18,15:00,sz300067,安诺其,6.29,6.44,6.28,6.31,22465,14314721.0,-0.05,-0.7861635220125787
2017-05-19,15:00,sz300067,安诺其,6.31,6.37,6.26,6.3,20696,13034543.0,-0.01,-0.1584786053882725
2017-05-22,15:00,sz300067,安诺其,6.3,6.3,6.09,6.1,25985,16077099.0,-0.2,-3.1746031746031744
2017-05-23,15:00,sz300067,安诺其,6.1,6.14,5.96,5.97,23489,14222870.0,-0.13,-2.1311475409836063
2017-05-24,15:00,sz300067,安诺其,5.97,6.08,5.92,6.06,20177,12138832.0,0.09,1.507537688442211
2017-05-25,15:00,sz300067,安诺其,6.07,6.14,5.96,6.11,20653,12518714.0,0.05,0.825082508250825
2017-05-26,15:00,sz300067,安诺其,6.07,6.14,6.07,6.09,14334,8748008.0,-0.02,-0.3273322422258592
2017-05-31,15:00,sz300067,安诺其,6.13,6.19,6.07,6.09,14392,8822598.0,0.0,0.0
2017-06-01,15:00,sz300067,安诺其,6.08,6.14,5.96,5.97,16876,10217512.0,-0.12,-1.9704433497536944
2017-06-02,15:00,sz300067,安诺其,5.97,6.1,5.92,6.07,19705,11852347.0,0.1,1.675041876046901
2017-06-05,15:00,sz300067,安诺其,6.09,6.11,6.04,6.08,19419,11802386.0,0.01,0.1647446457990115
2017-06-06,15:00,sz300067,安诺其,6.05,6.14,6.05,6.13,20080,12248808.0,0.05,0.8223684210526315
2017-06-07,15:00,sz300067,安诺其,6.12,6.26,6.1,6.26,37206,23104298.0,0.13,2.1207177814029365
2017-06-08,15:00,sz300067,安诺其,6.24,6.29,6.19,6.21,25994,16176861.0,-0.05,-0.7987220447284344
2017-06-09,15:00,sz300067,安诺其,6.21,6.24,6.15,6.24,17901,11098734.0,0.03,0.4830917874396135
2017-06-12,15:00,sz300067,安诺其,6.21,6.21,6.05,6.07,25081,15314538.0,-0.17,-2.7243589743589745
2017-06-13,15:00,sz300067,安诺其,6.05,6.17,6.05,6.16,22216,13598192.0,0.09,1.4827018121911038
2017-06-14,15:00,sz300067,安诺其,6.14,6.15,6.04,6.11,30403,18516756.0,-0.05,-0.8116883116883116
2017-06-15,15:00,sz300067,安诺其,6.08,6.3,6.08,6.28,52070,32388776.0,0.17,2.782324058919804
2017-06-16,15:00,sz300067,安诺其,6.28,6.28,6.21,6.24,19451,12134242.0,-0.04,-0.6369426751592357
2017-06-19,15:00,sz300067,安诺其,6.23,6.27,6.22,6.26,33148,20696202.0,0.02,0.3205128205128205
2017-06-20,15:00,sz300067,安诺其,6.26,6.33,6.23,6.31,60256,37851124.0,0.05,0.7987220447284344
2017-06-21,15:00,sz300067,安诺其,6.33,6.34,6.2,6.27,52286,32698278.0,-0.04,-0.6339144215530903
2017-06-22,15:00,sz300067,安诺其,6.32,6.32,6.16,6.16,52824,33063988.0,-0.11,-1.7543859649122806
2017-06-23,15:00,sz300067,安诺其,6.12,6.16,6.06,6.13,36918,22550988.0,-0.03,-0.487012987012987
2017-06-26,15:00,sz300067,安诺其,6.11,6.63,6.08,6.34,81800,51718764.0,0.21,3.4257748776508974
2017-06-27,15:00,sz300067,安诺其,6.3,6.35,6.24,6.28,42337,26620480.0,-0.06,-0.946372239747634
2017-06-28,15:00,sz300067,安诺其,6.27,6.32,6.2,6.26,29887,18676596.0,-0.02,-0.3184713375796179
2017-06-29,15:00,sz300067,安诺其,6.23,6.36,6.22,6.28,37926,23849706.0,0.02,0.3194888178913738
2017-06-30,15:00,sz300067,安诺其,6.27,6.31,6.2,6.29,35055,21950662.0,0.01,0.1592356687898089
2017-07-03,15:00,sz300067,安诺其,6.29,6.35,6.25,6.35,37370,23586818.0,0.06,0.9538950715421304
2017-07-04,15:00,sz300067,安诺其,6.32,6.35,6.27,6.29,27594,17374770.0,-0.06,-0.9448818897637796
2017-07-05,15:00,sz300067,安诺其,6.3,6.35,6.27,6.35,47889,30223268.0,0.06,0.9538950715421304
2017-07-06,15:00,sz300067,安诺其,6.36,6.36,6.29,6.33,45093,28534924.0,-0.02,-0.3149606299212598
2017-07-07,15:00,sz300067,安诺其,6.3,6.39,6.29,6.39,47392,30090240.0,0.06,0.9478672985781992
2017-07-10,15:00,sz300067,安诺其,6.37,6.5,6.36,6.41,70053,45096528.0,0.02,0.3129890453834116
2017-07-11,15:00,sz300067,安诺其,6.37,6.4,6.27,6.28,45742,28908950.0,-0.13,-2.02808112324493
2017-07-12,15:00,sz300067,安诺其,6.3,6.3,6.14,6.24,46199,28687014.0,-0.04,-0.6369426751592357
2017-07-13,15:00,sz300067,安诺其,6.24,6.25,6.18,6.2,36802,22860060.0,-0.04,-0.641025641025641
2017-07-14,15:00,sz300067,安诺其,6.2,6.2,6.12,6.13,35110,21602538.0,-0.07,-1.129032258064516
2017-07-17,15:00,sz300067,安诺其,6.1,6.11,5.79,5.79,68921,40742364.0,-0.34,-5.5464926590538335
2017-07-18,15:00,sz300067,安诺其,5.79,5.85,5.7,5.85,30819,17812900.0,0.06,1.0362694300518136
2017-07-19,15:00,sz300067,安诺其,5.82,6.05,5.78,5.98,41301,24607506.0,0.13,2.2222222222222223
2017-07-20,15:00,sz300067,安诺其,5.91,6.3,5.91,6.14,77296,47241060.0,0.16,2.6755852842809364
2017-07-21,15:00,sz300067,安诺其,6.08,6.16,6.02,6.07,48819,29641712.0,-0.07,-1.1400651465798046
2017-07-24,15:00,sz300067,安诺其,6.04,6.36,6.03,6.29,110033,68383464.0,0.22,3.6243822075782535
2017-07-25,15:00,sz300067,安诺其,6.22,6.27,6.12,6.15,75939,46863588.0,-0.14,-2.2257551669316373
2017-07-26,15:00,sz300067,安诺其,6.15,6.32,6.08,6.28,71538,44379536.0,0.13,2.113821138211382
2017-07-27,15:00,sz300067,安诺其,6.27,6.51,6.22,6.43,153443,98520160.0,0.15,2.388535031847134
2017-07-28,15:00,sz300067,安诺其,6.42,6.47,6.34,6.38,72844,46559748.0,-0.05,-0.7776049766718507
2017-07-31,15:00,sz300067,安诺其,6.39,6.53,6.32,6.48,123967,79816424.0,0.1,1.5673981191222568
2017-08-01,15:00,sz300067,安诺其,6.45,6.72,6.44,6.55,174464,115001288.0,0.07,1.0802469135802468
2017-08-02,15:00,sz300067,安诺其,6.48,6.61,6.35,6.36,129479,83483152.0,-0.19,-2.900763358778626
2017-08-03,15:00,sz300067,安诺其,6.45,7.0,6.45,7.0,201078,136278384.0,0.64,10.062893081761008
2017-08-04,15:00,sz300067,安诺其,7.24,7.32,7.03,7.05,509087,364558368.0,0.05,0.7142857142857143
2017-08-07,15:00,sz300067,安诺其,6.96,7.09,6.8,6.96,252327,175181456.0,-0.09,-1.276595744680851
2017-08-08,15:00,sz300067,安诺其,6.96,7.12,6.85,6.91,256717,179283008.0,-0.05,-0.7183908045977011
2017-08-09,15:00,sz300067,安诺其,6.8,6.87,6.75,6.85,145508,99131496.0,-0.06,-0.8683068017366137
2017-08-10,15:00,sz300067,安诺其,6.78,6.83,6.53,6.63,154434,103114576.0,-0.22,-3.2116788321167884
2017-08-11,15:00,sz300067,安诺其,6.52,6.62,6.4,6.43,110696,71958712.0,-0.2,-3.016591251885369
2017-08-14,15:00,sz300067,安诺其,6.45,6.58,6.43,6.57,84149,54902216.0,0.14,2.177293934681182
2017-08-15,15:00,sz300067,安诺其,6.55,6.64,6.49,6.58,81039,53176356.0,0.01,0.15220700152207
2017-08-16,15:00,sz300067,安诺其,6.58,6.62,6.51,6.57,104304,68403240.0,-0.01,-0.1519756838905775
2017-08-17,15:00,sz300067,安诺其,6.56,6.75,6.5,6.71,156353,103832264.0,0.14,2.13089802130898
2017-08-18,15:00,sz300067,安诺其,6.67,6.87,6.6,6.73,125461,84021392.0,0.02,0.2980625931445603
2017-08-21,15:00,sz300067,安诺其,6.7,6.83,6.63,6.76,100824,67672584.0,0.03,0.4457652303120356
2017-08-22,15:00,sz300067,安诺其,6.72,6.74,6.56,6.57,84394,56009720.0,-0.19,-2.8106508875739644
2017-08-23,15:00,sz300067,安诺其,6.53,6.64,6.46,6.6,68746,44966092.0,0.03,0.45662100456621
2017-08-24,15:00,sz300067,安诺其,6.61,6.81,6.52,6.75,156971,104920520.0,0.15,2.272727272727273
2017-08-25,15:00,sz300067,安诺其,6.81,7.2,6.74,6.96,311170,217478208.0,0.21,3.111111111111111
2017-08-28,15:00,sz300067,安诺其,6.9,7.04,6.84,6.95,182723,127085168.0,-0.01,-0.1436781609195402
2017-08-29,15:00,sz300067,安诺其,6.9,6.99,6.83,6.86,144193,99268808.0,-0.09,-1.2949640287769784
2017-08-30,15:00,sz300067,安诺其,6.81,6.93,6.8,6.87,97710,66953160.0,0.01,0.1457725947521866
2017-08-31,15:00,sz300067,安诺其,6.85,6.92,6.82,6.87,74152,50927472.0,0.0,0.0
2017-09-01,15:00,sz300067,安诺其,6.95,7.56,6.91,7.56,570489,417961152.0,0.69,10.04366812227074
2017-09-04,15:00,sz300067,安诺其,7.68,7.88,7.47,7.71,569793,435720096.0,0.15,1.984126984126984
2017-09-05,15:00,sz300067,安诺其,7.7,8.21,7.59,8.07,511668,402519872.0,0.36,4.669260700389105
2017-09-06,15:00,sz300067,安诺其,7.88,8.86,7.75,8.25,681205,563066816.0,0.18,2.2304832713754648
2017-09-07,15:00,sz300067,安诺其,8.1,8.37,7.86,7.91,341139,275492672.0,-0.34,-4.121212121212121
2017-09-08,15:00,sz300067,安诺其,7.98,8.04,7.77,7.92,183356,144589584.0,0.01,0.1264222503160556
2017-09-11,15:00,sz300067,安诺其,7.83,7.96,7.77,7.85,153405,120437064.0,-0.07,-0.8838383838383838
2017-09-12,15:00,sz300067,安诺其,7.87,7.92,7.7,7.71,226009,175447616.0,-0.14,-1.78343949044586
2017-09-13,15:00,sz300067,安诺其,7.66,7.75,7.57,7.63,175679,134081696.0,-0.08,-1.0376134889753563
2017-09-14,15:00,sz300067,安诺其,7.58,7.7,7.47,7.57,200631,152139632.0,-0.06,-0.7863695937090431
2017-09-15,15:00,sz300067,安诺其,7.55,7.77,7.46,7.65,222057,169599344.0,0.08,1.056803170409511
2017-09-18,15:00,sz300067,安诺其,7.63,7.69,7.43,7.55,165996,124869696.0,-0.1,-1.30718954248366
2017-09-19,15:00,sz300067,安诺其,7.54,7.63,7.46,7.51,114112,85998896.0,-0.04,-0.5298013245033113
2017-09-20,15:00,sz300067,安诺其,7.51,7.64,7.45,7.61,133048,100479480.0,0.1,1.3315579227696404
2017-09-21,15:00,sz300067,安诺其,7.61,7.74,7.55,7.62,159452,122090824.0,0.01,0.1314060446780552
2017-09-22,15:00,sz300067,安诺其,7.58,7.6,7.28,7.35,138889,102608128.0,-0.27,-3.543307086614173
2017-09-25,15:00,sz300067,安诺其,7.35,7.4,7.03,7.07,106324,76603992.0,-0.28,-3.8095238095238098
2017-09-26,15:00,sz300067,安诺其,7.08,7.16,7.03,7.13,55544,39449732.0,0.06,0.8486562942008486
2017-09-27,15:00,sz300067,安诺其,7.16,7.25,7.08,7.17,57860,41445288.0,0.04,0.5610098176718092
2017-09-28,15:00,sz300067,安诺其,7.18,7.2,7.09,7.09,57242,40769368.0,-0.08,-1.1157601115760112
2017-09-29,15:00,sz300067,安诺其,7.15,7.24,7.11,7.18,62662,45006236.0,0.09,1.2693935119887163
2017-10-09,15:00,sz300067,安诺其,7.26,7.31,7.2,7.24,54508,39524064.0,0.06,0.8356545961002786
2017-10-10,15:00,sz300067,安诺其,7.26,7.43,7.21,7.42,92839,67796568.0,0.18,2.4861878453038675
2017-10-11,15:00,sz300067,安诺其,7.42,7.42,7.28,7.29,63825,46749132.0,-0.13,-1.7520215633423182
2017-10-12,15:00,sz300067,安诺其,7.27,7.33,7.09,7.12,86763,62325668.0,-0.17,-2.3319615912208507
2017-10-13,15:00,sz300067,安诺其,7.13,7.29,7.08,7.23,59328,42577324.0,0.11,1.544943820224719
2017-10-16,15:00,sz300067,安诺其,7.22,7.22,6.95,6.97,86238,60849828.0,-0.26,-3.5961272475795294
2017-10-17,15:00,sz300067,安诺其,6.95,7.01,6.9,6.96,40690,28314388.0,-0.01,-0.1434720229555237
2017-10-18,15:00,sz300067,安诺其,7.0,7.04,6.76,6.77,59748,41242096.0,-0.19,-2.7298850574712645
2017-10-19,15:00,sz300067,安诺其,6.77,6.82,6.54,6.6,54561,36315464.0,-0.17,-2.511078286558346
2017-10-20,15:00,sz300067,安诺其,6.63,6.73,6.58,6.72,35229,23523540.0,0.12,1.818181818181818
2017-10-23,15:00,sz300067,安诺其,6.7,6.8,6.67,6.77,32388,21833720.0,0.05,0.744047619047619
2017-10-24,15:00,sz300067,安诺其,6.74,6.75,6.6,6.66,39630,26418548.0,-0.11,-1.6248153618906942
2017-10-25,15:00,sz300067,安诺其,6.67,6.73,6.61,6.72,33571,22442022.0,0.06,0.9009009009009008
2017-10-26,15:00,sz300067,安诺其,6.7,6.82,6.66,6.79,52568,35374960.0,0.07,1.0416666666666663
2017-10-27,15:00,sz300067,安诺其,6.78,6.84,6.66,6.68,38697,26086166.0,-0.11,-1.6200294550810015
2017-10-30,15:00,sz300067,安诺其,6.65,6.69,6.38,6.4,69307,44963440.0,-0.28,-4.191616766467066
2017-10-31,15:00,sz300067,安诺其,6.4,6.46,6.39,6.46,29285,18806180.0,0.06,0.9375
2017-11-01,15:00,sz300067,安诺其,6.46,6.54,6.42,6.48,29769,19301012.0,0.02,0.3095975232198142
2017-11-02,15:00,sz300067,安诺其,6.47,6.47,6.3,6.3,47805,30325952.0,-0.18,-2.7777777777777777
2017-11-03,15:00,sz300067,安诺其,6.3,6.35,6.13,6.2,47554,29583422.0,-0.1,-1.5873015873015872
2017-11-06,15:00,sz300067,安诺其,6.23,6.27,6.14,6.27,30540,18976316.0,0.07,1.129032258064516
2017-11-07,15:00,sz300067,安诺其,6.27,6.3,6.2,6.26,43813,27345306.0,-0.01,-0.1594896331738437
2017-11-08,15:00,sz300067,安诺其,6.25,6.32,6.23,6.25,55692,34973852.0,-0.01,-0.1597444089456869
2017-11-09,15:00,sz300067,安诺其,6.26,6.35,6.19,6.3,75298,47062996.0,0.05,0.8
2017-11-10,15:00,sz300067,安诺其,6.27,6.45,6.27,6.41,85015,54079936.0,0.11,1.746031746031746
2017-11-13,15:00,sz300067,安诺其,6.38,6.62,6.37,6.53,95033,62006988.0,0.12,1.87207488299532
2017-11-14,15:00,sz300067,安诺其,6.53,6.63,6.43,6.57,67004,43680848.0,0.04,0.6125574272588056
2017-11-15,15:00,sz300067,安诺其,6.52,6.61,6.28,6.36,57609,37212616.0,-0.21,-3.1963470319634704
2017-11-16,15:00,sz300067,安诺其,6.33,6.63,6.3,6.55,75648,49291660.0,0.19,2.9874213836477987
2017-11-17,15:00,sz300067,安诺其,6.54,6.6,6.37,6.4,77963,50704940.0,-0.15,-2.2900763358778624
2017-11-24,15:00,sz300067,安诺其,6.02,6.18,5.85,5.9,94606,57121388.0,-0.5,-7.8125
2017-11-27,15:00,sz300067,安诺其,5.91,6.1,5.8,5.91,40518,24259700.0,0.01,0.1694915254237288
2017-11-28,15:00,sz300067,安诺其,5.95,6.01,5.92,5.99,21347,12747244.0,0.08,1.353637901861252
2017-11-29,15:00,sz300067,安诺其,5.99,6.14,5.92,6.12,73121,44159556.0,0.13,2.1702838063439067
2017-11-30,15:00,sz300067,安诺其,6.16,6.21,6.02,6.21,82124,50055944.0,0.09,1.4705882352941175
2017-12-01,15:00,sz300067,安诺其,6.25,6.36,6.14,6.15,92146,57566288.0,-0.06,-0.966183574879227
2017-12-04,15:00,sz300067,安诺其,6.12,6.25,6.05,6.13,83534,51346920.0,-0.02,-0.3252032520325203
2017-12-05,15:00,sz300067,安诺其,6.07,6.09,5.88,5.9,82110,48971716.0,-0.23,-3.752039151712888
2017-12-06,15:00,sz300067,安诺其,5.9,5.95,5.78,5.92,62696,36716528.0,0.02,0.3389830508474576
2017-12-07,15:00,sz300067,安诺其,5.91,5.97,5.88,5.91,32860,19476040.0,-0.01,-0.1689189189189189
2017-12-08,15:00,sz300067,安诺其,5.91,5.99,5.89,5.94,38785,23086904.0,0.03,0.5076142131979695
2017-12-11,15:00,sz300067,安诺其,5.91,6.06,5.91,6.04,50358,30093618.0,0.1,1.6835016835016834
2017-12-12,15:00,sz300067,安诺其,6.02,6.13,5.98,5.98,64126,38785388.0,-0.06,-0.9933774834437088
2017-12-13,15:00,sz300067,安诺其,5.94,6.02,5.92,5.96,37014,22059556.0,-0.02,-0.334448160535117
2017-12-14,15:00,sz300067,安诺其,5.94,5.99,5.9,5.92,30013,17795460.0,-0.04,-0.6711409395973155
2017-12-15,15:00,sz300067,安诺其,5.92,5.95,5.87,5.89,27153,16021751.0,-0.03,-0.5067567567567568
2017-12-18,15:00,sz300067,安诺其,5.92,5.92,5.81,5.86,27411,16061715.0,-0.03,-0.5093378607809848
2017-12-19,15:00,sz300067,安诺其,5.85,5.91,5.83,5.9,29777,17512822.0,0.04,0.6825938566552902
2017-12-20,15:00,sz300067,安诺其,5.9,5.9,5.73,5.74,33271,19302050.0,-0.16,-2.711864406779661
2017-12-21,15:00,sz300067,安诺其,5.75,5.9,5.62,5.8,62505,36086256.0,0.06,1.0452961672473868
2017-12-22,15:00,sz300067,安诺其,5.78,5.81,5.65,5.67,47138,26960148.0,-0.13,-2.2413793103448274
2017-12-25,15:00,sz300067,安诺其,5.65,5.68,5.43,5.49,54576,30295400.0,-0.18,-3.1746031746031744
2017-12-26,15:00,sz300067,安诺其,5.49,5.6,5.47,5.57,35487,19611478.0,0.08,1.4571948998178506
2017-12-27,15:00,sz300067,安诺其,5.56,5.57,5.4,5.44,36286,19947980.0,-0.13,-2.333931777378815
2017-12-28,15:00,sz300067,安诺其,5.41,5.49,5.41,5.43,25617,13980460.0,-0.01,-0.1838235294117647
2017-12-29,15:00,sz300067,安诺其,5.6,5.97,5.6,5.97,99720,58490556.0,0.54,9.94475138121547
2018-01-02,15:00,sz300067,安诺其,6.01,6.09,5.83,6.03,177509,106178432.0,0.06,1.0050251256281406
2018-01-03,15:00,sz300067,安诺其,5.94,6.03,5.9,5.99,86414,51646536.0,-0.04,-0.6633499170812603
2018-01-04,15:00,sz300067,安诺其,5.99,6.12,5.92,6.05,113448,68588848.0,0.06,1.001669449081803
2018-01-05,15:00,sz300067,安诺其,6.0,6.12,5.95,6.09,89458,54028196.0,0.04,0.6611570247933884
2018-01-08,15:00,sz300067,安诺其,6.06,6.08,5.96,6.06,62262,37523656.0,-0.03,-0.4926108374384236
2018-01-09,15:00,sz300067,安诺其,6.03,6.05,5.94,5.96,57812,34577304.0,-0.1,-1.65016501650165
2018-01-10,15:00,sz300067,安诺其,5.96,5.98,5.71,5.82,66475,38874248.0,-0.14,-2.348993288590604
2018-01-11,15:00,sz300067,安诺其,5.81,6.07,5.72,6.05,94372,56080572.0,0.23,3.951890034364261
2018-01-12,15:00,sz300067,安诺其,5.99,6.04,5.85,5.87,61818,36644536.0,-0.18,-2.975206611570248
2018-01-15,15:00,sz300067,安诺其,5.81,5.97,5.79,5.83,45157,26463970.0,-0.04,-0.6814310051107325
2018-01-16,15:00,sz300067,安诺其,5.77,5.97,5.76,5.88,48777,28686586.0,0.05,0.8576329331046313
2018-01-17,15:00,sz300067,安诺其,5.89,6.12,5.81,6.05,95315,57041324.0,0.17,2.891156462585034
2018-01-18,15:00,sz300067,安诺其,5.99,6.44,5.98,6.28,201123,124506600.0,0.23,3.8016528925619832
2018-01-19,15:00,sz300067,安诺其,6.21,6.27,6.07,6.12,123417,76024768.0,-0.16,-2.547770700636943
2018-01-22,15:00,sz300067,安诺其,6.09,6.26,6.07,6.14,92457,56956312.0,0.02,0.326797385620915
2018-01-23,15:00,sz300067,安诺其,6.2,6.32,6.08,6.2,93042,57579216.0,0.06,0.9771986970684038
2018-01-24,15:00,sz300067,安诺其,6.19,6.59,6.14,6.37,192034,122469432.0,0.17,2.741935483870968
2018-01-25,15:00,sz300067,安诺其,6.32,6.59,6.3,6.3,204411,132194992.0,-0.07,-1.098901098901099
2018-01-26,15:00,sz300067,安诺其,6.3,6.38,6.22,6.26,119594,75275352.0,-0.04,-0.6349206349206349
2018-01-29,15:00,sz300067,安诺其,6.23,6.33,6.03,6.06,101057,62096332.0,-0.2,-3.1948881789137378
2018-01-30,15:00,sz300067,安诺其,6.09,6.35,6.06,6.31,106701,66343640.0,0.25,4.125412541254125
2018-01-31,15:00,sz300067,安诺其,6.24,6.24,6.07,6.09,89669,54897732.0,-0.22,-3.4865293185419968
2018-02-22,15:00,sz300067,安诺其,5.79,6.07,5.56,5.87,91768,53694868.0,-0.22,-3.61247947454844
2018-02-23,15:00,sz300067,安诺其,5.92,5.99,5.8,5.9,50255,29568328.0,0.03,0.5110732538330494
2018-02-26,15:00,sz300067,安诺其,5.9,5.96,5.77,5.96,68101,40075420.0,0.06,1.0169491525423728
2018-05-10,15:00,sz300067,安诺其,6.4,6.56,6.11,6.56,283540,179979392.0,0.6,10.06711409395973
2018-05-11,15:00,sz300067,安诺其,6.56,7.13,6.32,6.73,529834,358622176.0,0.17,2.591463414634146
2018-05-14,15:00,sz300067,安诺其,6.57,6.73,6.36,6.46,262191,170552480.0,-0.27,-4.011887072808321
2018-05-15,15:00,sz300067,安诺其,6.52,6.97,6.38,6.75,327248,219967616.0,0.29,4.489164086687306
2018-05-16,15:00,sz300067,安诺其,6.62,6.92,6.6,6.65,245912,166143280.0,-0.1,-1.4814814814814816
2018-05-17,15:00,sz300067,安诺其,6.56,7.32,6.45,7.19,590262,415314048.0,0.54,8.1203007518797
2018-05-18,15:00,sz300067,安诺其,7.02,7.33,6.96,7.18,476994,341328512.0,-0.01,-0.1390820584144645
2018-05-21,15:00,sz300067,安诺其,7.28,7.65,7.15,7.24,429545,317388384.0,0.06,0.8356545961002786
2018-05-22,15:00,sz300067,安诺其,7.15,7.28,7.01,7.22,326956,232881744.0,-0.02,-0.2762430939226519
2018-05-23,15:00,sz300067,安诺其,7.32,7.76,7.31,7.41,467446,350338144.0,0.19,2.631578947368421
2018-05-24,15:00,sz300067,安诺其,7.3,7.57,7.21,7.33,249543,183390272.0,-0.08,-1.0796221322537112
2018-05-25,15:00,sz300067,安诺其,7.26,7.32,6.93,6.94,223517,159012624.0,-0.39,-5.320600272851296
2018-05-28,15:00,sz300067,安诺其,7.1,7.36,7.01,7.08,246147,176873200.0,0.14,2.0172910662824206
2018-05-29,15:00,sz300067,安诺其,6.95,7.05,6.73,6.88,219875,150795344.0,-0.2,-2.824858757062147
2018-05-30,15:00,sz300067,安诺其,6.61,6.79,6.52,6.57,159994,106262800.0,-0.31,-4.505813953488372
2018-05-31,15:00,sz300067,安诺其,6.7,6.83,6.63,6.79,142602,96012160.0,0.22,3.34855403348554
2018-06-01,15:00,sz300067,安诺其,6.71,6.87,6.42,6.52,124250,82578856.0,-0.27,-3.976435935198821
2018-06-04,15:00,sz300067,安诺其,6.54,6.67,6.48,6.52,76696,50374216.0,0.0,0.0
2018-06-05,15:00,sz300067,安诺其,6.5,6.76,6.35,6.72,178700,117260912.0,0.2,3.067484662576687
2018-06-06,15:00,sz300067,安诺其,6.66,6.75,6.57,6.72,127109,84555320.0,0.0,0.0
2018-06-07,15:00,sz300067,安诺其,6.7,6.79,6.57,6.57,136127,91006032.0,-0.15,-2.232142857142857
2018-06-08,15:00,sz300067,安诺其,6.56,6.6,6.28,6.34,132150,84547328.0,-0.23,-3.50076103500761
2018-06-11,15:00,sz300067,安诺其,6.3,6.37,6.06,6.1,102547,63524012.0,-0.24,-3.785488958990536
2018-06-12,15:00,sz300067,安诺其,6.08,6.2,6.0,6.17,64704,39632900.0,0.07,1.147540983606557
2018-06-13,15:00,sz300067,安诺其,6.11,6.13,5.92,5.92,77585,46663096.0,-0.25,-4.051863857374392
2018-06-14,15:00,sz300067,安诺其,5.87,6.02,5.8,5.85,58605,34694128.0,-0.07,-1.1824324324324325
2018-06-15,15:00,sz300067,安诺其,5.92,6.02,5.61,5.69,72299,42081656.0,-0.16,-2.735042735042735
2018-06-19,15:00,sz300067,安诺其,5.53,5.74,5.12,5.22,100234,54323824.0,-0.47,-8.260105448154658
2018-06-20,15:00,sz300067,安诺其,5.37,5.56,5.3,5.49,123526,67334400.0,0.27,5.172413793103448
2018-06-21,15:00,sz300067,安诺其,5.46,5.76,5.46,5.58,140039,78785384.0,0.09,1.639344262295082
2018-06-22,15:00,sz300067,安诺其,5.47,5.75,5.46,5.71,92278,52295440.0,0.13,2.3297491039426523
2018-06-25,15:00,sz300067,安诺其,5.75,5.83,5.57,5.58,63639,36205144.0,-0.13,-2.276707530647986
2018-06-26,15:00,sz300067,安诺其,5.46,5.68,5.4,5.63,53775,29935530.0,0.05,0.8960573476702508
2018-06-27,15:00,sz300067,安诺其,5.63,5.68,5.51,5.54,45587,25533028.0,-0.09,-1.5985790408525755
2018-06-28,15:00,sz300067,安诺其,5.53,5.64,5.44,5.45,51414,28512768.0,-0.09,-1.6245487364620936
2018-06-29,15:00,sz300067,安诺其,5.52,5.74,5.49,5.69,82598,46441664.0,0.24,4.403669724770642
2018-07-02,15:00,sz300067,安诺其,5.68,5.84,5.64,5.77,97041,55829740.0,0.08,1.4059753954305798
2018-07-03,15:00,sz300067,安诺其,5.8,5.83,5.61,5.8,91864,52722376.0,0.03,0.5199306759098787
2018-07-04,15:00,sz300067,安诺其,5.77,5.8,5.62,5.64,60832,34656072.0,-0.16,-2.7586206896551726
2018-07-05,15:00,sz300067,安诺其,5.64,5.68,5.3,5.33,60451,33175484.0,-0.31,-5.49645390070922
2018-07-06,15:00,sz300067,安诺其,5.33,5.47,5.16,5.34,58861,31592214.0,0.01,0.1876172607879924
2018-07-09,15:00,sz300067,安诺其,5.4,5.6,5.35,5.56,60822,33518058.0,0.22,4.119850187265917
2018-07-10,15:00,sz300067,安诺其,5.59,5.98,5.57,5.88,149823,87497192.0,0.32,5.755395683453238
2018-07-11,15:00,sz300067,安诺其,5.68,5.87,5.6,5.79,106269,60902604.0,-0.09,-1.530612244897959
2018-07-12,15:00,sz300067,安诺其,5.76,6.07,5.76,5.94,109098,64594856.0,0.15,2.5906735751295336
2018-07-13,15:00,sz300067,安诺其,5.94,6.0,5.86,5.95,65088,38583100.0,0.01,0.1683501683501683
2018-07-16,15:00,sz300067,安诺其,5.97,6.15,5.9,6.1,107460,65087692.0,0.15,2.5210084033613445
2018-07-17,15:00,sz300067,安诺其,6.08,6.35,6.05,6.26,111408,69222584.0,0.16,2.622950819672131
2018-07-18,15:00,sz300067,安诺其,6.26,6.29,6.11,6.13,76026,47071032.0,-0.13,-2.07667731629393
2018-07-19,15:00,sz300067,安诺其,6.06,6.19,6.04,6.08,47050,28692906.0,-0.05,-0.8156606851549755
2018-07-20,15:00,sz300067,安诺其,6.1,6.17,6.0,6.07,74652,45485672.0,-0.01,-0.1644736842105263
2018-07-23,15:00,sz300067,安诺其,6.03,6.14,6.01,6.13,49066,29862910.0,0.06,0.9884678747940692
2018-07-24,15:00,sz300067,安诺其,6.14,6.23,6.09,6.19,57348,35375856.0,0.06,0.9787928221859704
2018-07-25,15:00,sz300067,安诺其,6.19,6.22,6.14,6.17,41059,25368614.0,-0.02,-0.3231017770597738
2018-07-26,15:00,sz300067,安诺其,6.19,6.26,6.12,6.2,50521,31343228.0,0.03,0.4862236628849271
2018-07-27,15:00,sz300067,安诺其,6.19,6.24,6.06,6.06,37010,22835646.0,-0.14,-2.258064516129032
2018-07-30,15:00,sz300067,安诺其,6.06,6.17,6.04,6.15,47638,29081346.0,0.09,1.4851485148514851
2018-07-31,15:00,sz300067,安诺其,6.09,6.13,5.98,6.05,34431,20865284.0,-0.1,-1.6260162601626018
2018-08-01,15:00,sz300067,安诺其,6.11,6.16,6.0,6.07,32119,19532876.0,0.02,0.3305785123966942
2018-08-02,15:00,sz300067,安诺其,6.02,6.06,5.59,5.73,63581,36753604.0,-0.34,-5.601317957166392
2018-08-03,15:00,sz300067,安诺其,5.75,5.88,5.69,5.78,30994,17951672.0,0.05,0.8726003490401396
2018-08-06,15:00,sz300067,安诺其,5.8,5.83,5.6,5.71,27649,15783644.0,-0.07,-1.2110726643598615
2018-08-07,15:00,sz300067,安诺其,5.74,5.89,5.72,5.88,37052,21581066.0,0.17,2.9772329246935203
2018-08-08,15:00,sz300067,安诺其,5.88,5.9,5.74,5.77,27806,16180818.0,-0.11,-1.870748299319728
2018-08-09,15:00,sz300067,安诺其,5.77,5.9,5.66,5.85,35871,20944686.0,0.08,1.386481802426343
2018-08-10,15:00,sz300067,安诺其,5.83,5.88,5.79,5.82,35354,20620546.0,-0.03,-0.5128205128205128
2018-08-13,15:00,sz300067,安诺其,5.75,5.85,5.7,5.85,28762,16689078.0,0.03,0.5154639175257731
2018-08-14,15:00,sz300067,安诺其,5.82,5.98,5.82,5.84,30551,18028064.0,-0.01,-0.1709401709401709
2018-08-15,15:00,sz300067,安诺其,5.84,5.89,5.72,5.74,23755,13789727.0,-0.1,-1.7123287671232876
2018-08-16,15:00,sz300067,安诺其,5.66,5.78,5.6,5.68,22570,12866168.0,-0.06,-1.0452961672473868
2018-08-17,15:00,sz300067,安诺其,5.74,5.78,5.51,5.54,25510,14394768.0,-0.14,-2.464788732394366
2018-08-20,15:00,sz300067,安诺其,5.54,5.64,5.46,5.62,17842,9904064.0,0.08,1.444043321299639
2018-08-21,15:00,sz300067,安诺其,5.6,5.76,5.6,5.71,22321,12694961.0,0.09,1.601423487544484
2018-08-22,15:00,sz300067,安诺其,5.65,5.75,5.64,5.71,22159,12612398.0,0.0,0.0
2018-08-23,15:00,sz300067,安诺其,5.68,5.78,5.68,5.75,25339,14538919.0,0.04,0.7005253940455342
2018-08-24,15:00,sz300067,安诺其,5.72,5.77,5.7,5.72,15910,9128690.0,-0.03,-0.5217391304347827
2018-08-27,15:00,sz300067,安诺其,5.72,5.79,5.67,5.77,31950,18340892.0,0.05,0.8741258741258742
2018-08-28,15:00,sz300067,安诺其,5.75,5.83,5.75,5.81,29876,17296718.0,0.04,0.6932409012131715
2018-08-29,15:00,sz300067,安诺其,5.79,5.8,5.55,5.7,31695,18042872.0,-0.11,-1.8932874354561104
2018-08-30,15:00,sz300067,安诺其,5.7,5.74,5.64,5.7,24323,13851747.0,0.0,0.0
2018-08-31,15:00,sz300067,安诺其,5.68,5.71,5.56,5.56,26334,14761809.0,-0.14,-2.456140350877193
2018-09-03,15:00,sz300067,安诺其,5.56,5.6,5.52,5.59,17438,9715276.0,0.03,0.539568345323741
2018-09-04,15:00,sz300067,安诺其,5.61,5.67,5.59,5.65,19598,11052845.0,0.06,1.073345259391771
2018-09-05,15:00,sz300067,安诺其,5.62,5.67,5.47,5.52,18859,10522711.0,-0.13,-2.3008849557522124
2018-09-06,15:00,sz300067,安诺其,5.52,5.55,5.4,5.43,21826,11964961.0,-0.09,-1.6304347826086956
2018-09-07,15:00,sz300067,安诺其,5.47,5.57,5.4,5.42,18282,9996232.0,-0.01,-0.1841620626151013
2018-09-10,15:00,sz300067,安诺其,5.4,5.42,5.31,5.34,17312,9293603.0,-0.08,-1.4760147601476017
2018-09-11,15:00,sz300067,安诺其,5.38,5.44,5.2,5.4,39754,21093730.0,0.06,1.1235955056179776
2018-09-12,15:00,sz300067,安诺其,5.38,5.38,5.26,5.31,20776,11043539.0,-0.09,-1.6666666666666667
2018-09-13,15:00,sz300067,安诺其,5.34,5.38,5.27,5.34,18365,9763962.0,0.03,0.5649717514124294
2018-09-14,15:00,sz300067,安诺其,5.34,5.34,5.26,5.3,20369,10780859.0,-0.04,-0.7490636704119851
2018-09-17,15:00,sz300067,安诺其,5.27,5.28,5.13,5.16,18582,9631704.0,-0.14,-2.6415094339622645
2018-09-18,15:00,sz300067,安诺其,5.12,5.2,5.06,5.19,30594,15673462.0,0.03,0.5813953488372093
2018-09-19,15:00,sz300067,安诺其,5.32,5.55,5.32,5.38,61526,33369162.0,0.19,3.6608863198458574
2018-09-20,15:00,sz300067,安诺其,5.33,5.38,5.3,5.34,27515,14660164.0,-0.04,-0.7434944237918215
2018-09-21,15:00,sz300067,安诺其,5.35,5.43,5.28,5.41,31830,17072016.0,0.07,1.310861423220974
2018-09-25,15:00,sz300067,安诺其,5.39,5.39,5.28,5.32,18816,10044686.0,-0.09,-1.6635859519408502
2018-09-26,15:00,sz300067,安诺其,5.32,5.36,5.31,5.36,18844,10057949.0,0.04,0.7518796992481203
2018-09-27,15:00,sz300067,安诺其,5.35,5.36,5.26,5.32,20721,10974835.0,-0.04,-0.7462686567164178
2018-09-28,15:00,sz300067,安诺其,5.28,5.33,5.25,5.29,14697,7768825.5,-0.03,-0.5639097744360901
2018-10-08,15:00,sz300067,安诺其,5.23,5.24,4.95,5.06,54012,27384640.0,-0.23,-4.3478260869565215
2018-10-09,15:00,sz300067,安诺其,5.05,5.08,4.9,5.05,59675,29735222.0,-0.01,-0.1976284584980237
2018-10-10,15:00,sz300067,安诺其,5.02,5.04,4.83,4.98,94377,46412860.0,-0.07,-1.3861386138613865
2018-10-11,15:00,sz300067,安诺其,4.8,4.84,4.48,4.48,78560,36290140.0,-0.5,-10.040160642570282
2018-10-12,15:00,sz300067,安诺其,4.39,4.5,4.03,4.49,116281,49767544.0,0.01,0.2232142857142857
2018-10-15,15:00,sz300067,安诺其,4.45,4.45,4.31,4.31,37699,16461686.0,-0.18,-4.008908685968819
2018-10-16,15:00,sz300067,安诺其,4.33,4.34,4.1,4.25,65882,27679242.0,-0.06,-1.3921113689095126
2018-10-17,15:00,sz300067,安诺其,4.31,4.34,4.1,4.31,77312,32692862.0,0.06,1.411764705882353
2018-10-18,15:00,sz300067,安诺其,4.25,4.25,4.04,4.15,34994,14592406.0,-0.16,-3.712296983758701
2018-10-19,15:00,sz300067,安诺其,4.07,4.24,4.03,4.22,37347,15507275.0,0.07,1.686746987951807
2018-10-22,15:00,sz300067,安诺其,4.26,4.54,4.23,4.38,71732,31543922.0,0.16,3.791469194312796
2018-10-23,15:00,sz300067,安诺其,4.35,4.43,4.28,4.32,39356,17068526.0,-0.06,-1.36986301369863
2018-10-24,15:00,sz300067,安诺其,4.37,4.42,4.3,4.39,28228,12302224.0,0.07,1.6203703703703702
2018-10-25,15:00,sz300067,安诺其,4.29,4.37,4.17,4.37,31074,13279335.0,-0.02,-0.4555808656036446
2018-10-26,15:00,sz300067,安诺其,4.38,4.45,4.34,4.38,31532,13841327.0,0.01,0.2288329519450801
2018-10-29,15:00,sz300067,安诺其,4.4,4.4,4.27,4.35,20480,8874093.0,-0.03,-0.684931506849315
2018-10-30,15:00,sz300067,安诺其,4.35,4.61,4.28,4.52,81908,36453376.0,0.17,3.9080459770114944
2018-10-31,15:00,sz300067,安诺其,4.49,4.72,4.46,4.64,89040,41073700.0,0.12,2.6548672566371683
2018-11-01,15:00,sz300067,安诺其,4.63,4.69,4.56,4.64,47377,21942772.0,0.0,0.0
2018-11-02,15:00,sz300067,安诺其,4.64,4.71,4.63,4.68,58299,27246792.0,0.04,0.8620689655172413
2018-11-05,15:00,sz300067,安诺其,4.71,4.71,4.57,4.63,47507,22019156.0,-0.05,-1.0683760683760684
2018-11-06,15:00,sz300067,安诺其,4.65,4.65,4.55,4.62,29955,13730241.0,-0.01,-0.2159827213822894
2018-11-07,15:00,sz300067,安诺其,4.62,4.65,4.57,4.57,25735,11866796.0,-0.05,-1.0822510822510822
2018-11-08,15:00,sz300067,安诺其,4.58,4.64,4.48,4.5,32521,14814711.0,-0.07,-1.5317286652078774
2018-11-09,15:00,sz300067,安诺其,4.48,4.56,4.46,4.53,21454,9716481.0,0.03,0.6666666666666667
2018-11-12,15:00,sz300067,安诺其,4.54,4.64,4.5,4.64,37230,17086550.0,0.11,2.428256070640177
2018-11-13,15:00,sz300067,安诺其,4.59,4.8,4.58,4.77,65637,30954098.0,0.13,2.8017241379310347
2018-11-14,15:00,sz300067,安诺其,4.79,4.81,4.71,4.74,48649,23174362.0,-0.03,-0.628930817610063
2018-11-15,15:00,sz300067,安诺其,4.74,4.8,4.71,4.79,40421,19222690.0,0.05,1.0548523206751057
2018-11-16,15:00,sz300067,安诺其,4.82,4.88,4.77,4.88,52598,25373200.0,0.09,1.8789144050104385
2018-11-19,15:00,sz300067,安诺其,5.01,5.1,4.92,4.94,86581,43203888.0,0.06,1.2295081967213115
2018-11-20,15:00,sz300067,安诺其,5.1,5.43,5.02,5.43,171199,90952712.0,0.49,9.919028340080972
2018-11-21,15:00,sz300067,安诺其,5.43,5.54,5.12,5.28,216875,115437416.0,-0.15,-2.7624309392265194
2018-11-22,15:00,sz300067,安诺其,5.3,5.48,5.21,5.35,148007,79074376.0,0.07,1.3257575757575757
2018-11-23,15:00,sz300067,安诺其,5.26,5.27,4.85,4.91,118516,60022108.0,-0.44,-8.224299065420562
2018-11-26,15:00,sz300067,安诺其,4.91,5.01,4.84,4.87,48210,23745748.0,-0.04,-0.8146639511201629
2018-11-27,15:00,sz300067,安诺其,4.92,5.11,4.89,4.99,57847,28819912.0,0.12,2.4640657084188917
2018-11-28,15:00,sz300067,安诺其,4.98,5.03,4.82,5.03,40117,19779746.0,0.04,0.8016032064128256
2018-11-29,15:00,sz300067,安诺其,5.04,5.04,4.75,4.75,43695,21463984.0,-0.28,-5.566600397614314
2018-11-30,15:00,sz300067,安诺其,4.78,5.06,4.78,4.91,56213,27733530.0,0.16,3.3684210526315788
2018-12-03,15:00,sz300067,安诺其,5.06,5.1,4.91,5.01,76348,38282616.0,0.1,2.0366598778004072
2018-12-04,15:00,sz300067,安诺其,4.99,5.19,4.95,5.17,73485,37286288.0,0.16,3.1936127744510974
2018-12-05,15:00,sz300067,安诺其,5.07,5.69,4.99,5.42,286748,157063472.0,0.25,4.835589941972921
2018-12-06,15:00,sz300067,安诺其,5.33,5.33,5.14,5.16,172940,90108464.0,-0.26,-4.797047970479705
2018-12-07,15:00,sz300067,安诺其,5.18,5.22,5.08,5.1,53613,27583570.0,-0.06,-1.162790697674419
2018-12-10,15:00,sz300067,安诺其,5.07,5.21,5.02,5.18,59684,30769036.0,0.08,1.568627450980392
2018-12-11,15:00,sz300067,安诺其,5.19,5.43,5.18,5.29,111309,59196360.0,0.11,2.1235521235521237
2018-12-12,15:00,sz300067,安诺其,5.31,5.44,5.22,5.26,48368,25645406.0,-0.03,-0.5671077504725899
2018-12-13,15:00,sz300067,安诺其,5.27,5.39,5.2,5.31,59423,31569496.0,0.05,0.9505703422053232
2018-12-14,15:00,sz300067,安诺其,5.3,5.37,5.13,5.23,48333,25303978.0,-0.08,-1.5065913370998116
2018-12-17,15:00,sz300067,安诺其,5.16,5.56,5.1,5.39,110627,58734800.0,0.16,3.0592734225621414
2018-12-18,15:00,sz300067,安诺其,5.38,5.57,5.22,5.45,117422,63897240.0,0.06,1.1131725417439702
2018-12-19,15:00,sz300067,安诺其,5.35,5.39,5.16,5.2,79033,41557828.0,-0.25,-4.587155963302752
2018-12-20,15:00,sz300067,安诺其,5.19,5.24,5.12,5.2,29852,15497020.0,0.0,0.0
2018-12-21,15:00,sz300067,安诺其,5.18,5.23,5.07,5.12,32839,16895976.0,-0.08,-1.5384615384615383
2018-12-24,15:00,sz300067,安诺其,5.1,5.18,5.04,5.07,32235,16439107.0,-0.05,-0.9765625
2018-12-25,15:00,sz300067,安诺其,5.02,5.03,4.83,4.97,43375,21363868.0,-0.1,-1.9723865877712032
2018-12-26,15:00,sz300067,安诺其,5.0,5.05,4.89,5.0,31318,15549575.0,0.03,0.6036217303822937
2018-12-27,15:00,sz300067,安诺其,5.06,5.1,4.86,4.86,26679,13286940.0,-0.14,-2.8000000000000003
2018-12-28,15:00,sz300067,安诺其,4.85,5.03,4.85,4.95,24329,12048331.0,0.09,1.851851851851852
2019-01-02,15:00,sz300067,安诺其,4.97,5.04,4.88,4.94,15226,7511768.0,-0.01,-0.202020202020202
2019-01-03,15:00,sz300067,安诺其,5.03,5.03,4.9,4.9,20539,10149504.0,-0.04,-0.8097165991902834
2019-01-04,15:00,sz300067,安诺其,4.85,5.0,4.82,4.98,34896,17168280.0,0.08,1.6326530612244898
2019-01-07,15:00,sz300067,安诺其,5.03,5.06,4.97,5.04,32214,16200150.0,0.06,1.2048192771084338
2019-01-08,15:00,sz300067,安诺其,5.0,5.04,4.98,5.0,19749,9876252.0,-0.04,-0.7936507936507936
2019-01-09,15:00,sz300067,安诺其,5.01,5.08,4.96,4.99,37626,18956654.0,-0.01,-0.2
2019-01-10,15:00,sz300067,安诺其,4.97,5.01,4.92,4.94,22651,11235971.0,-0.05,-1.002004008016032
2019-01-11,15:00,sz300067,安诺其,4.97,5.0,4.93,4.97,15503,7687582.5,0.03,0.6072874493927125
2019-01-14,15:00,sz300067,安诺其,4.97,5.05,4.95,5.0,29823,14906691.0,0.03,0.6036217303822937
2019-01-15,15:00,sz300067,安诺其,4.97,5.05,4.93,5.02,29194,14603175.0,0.02,0.4
2019-01-16,15:00,sz300067,安诺其,5.03,5.05,4.96,4.98,22630,11297284.0,-0.04,-0.796812749003984
2019-01-17,15:00,sz300067,安诺其,5.0,5.0,4.93,4.94,21184,10499192.0,-0.04,-0.8032128514056224
2019-01-18,15:00,sz300067,安诺其,4.98,5.02,4.94,4.98,24788,12343925.0,0.04,0.8097165991902834
2019-01-21,15:00,sz300067,安诺其,5.1,5.21,5.01,5.15,77515,39790976.0,0.17,3.413654618473896
2019-01-22,15:00,sz300067,安诺其,5.15,5.27,5.11,5.18,71906,37453340.0,0.03,0.5825242718446602
2019-01-23,15:00,sz300067,安诺其,5.14,5.2,5.05,5.14,34815,17797230.0,-0.04,-0.7722007722007722
2019-01-24,15:00,sz300067,安诺其,5.14,5.18,5.08,5.09,37080,18997750.0,-0.05,-0.9727626459143968
2019-01-25,15:00,sz300067,安诺其,5.09,5.12,4.87,4.9,74710,37300600.0,-0.19,-3.732809430255403
2019-01-28,15:00,sz300067,安诺其,4.98,4.99,4.88,4.9,30000,14763027.0,0.0,0.0
2019-01-29,15:00,sz300067,安诺其,4.88,4.88,4.53,4.78,28967,13794457.0,-0.12,-2.4489795918367347
2019-01-30,15:00,sz300067,安诺其,4.73,4.92,4.73,4.79,20305,9770196.0,0.01,0.209205020920502
2019-01-31,15:00,sz300067,安诺其,4.77,4.86,4.66,4.76,27570,13166787.0,-0.03,-0.6263048016701461
2019-02-01,15:00,sz300067,安诺其,4.76,4.95,4.76,4.89,31604,15336260.0,0.13,2.73109243697479
2019-02-11,15:00,sz300067,安诺其,4.9,4.99,4.86,4.98,29960,14789344.0,0.09,1.8404907975460123
2019-02-12,15:00,sz300067,安诺其,4.98,5.23,4.95,5.12,75270,38391936.0,0.14,2.8112449799196786
2019-02-13,15:00,sz300067,安诺其,5.12,5.17,5.06,5.13,73575,37669808.0,0.01,0.1953125
2019-02-14,15:00,sz300067,安诺其,5.12,5.16,5.05,5.15,52023,26635384.0,0.02,0.3898635477582846
2019-02-15,15:00,sz300067,安诺其,5.1,5.16,5.1,5.12,40591,20807482.0,-0.03,-0.5825242718446602
2019-02-18,15:00,sz300067,安诺其,5.14,5.36,5.12,5.32,108108,57041708.0,0.2,3.90625
2019-02-19,15:00,sz300067,安诺其,5.34,5.36,5.21,5.33,86740,45858772.0,0.01,0.18796992481203
2019-02-20,15:00,sz300067,安诺其,5.33,5.33,5.22,5.24,60470,31792582.0,-0.09,-1.6885553470919326
2019-02-21,15:00,sz300067,安诺其,5.31,5.47,5.23,5.27,135460,72482704.0,0.03,0.5725190839694656
2019-02-22,15:00,sz300067,安诺其,5.34,5.43,5.22,5.42,104104,55593152.0,0.15,2.846299810246679
2019-02-25,15:00,sz300067,安诺其,5.68,5.68,5.4,5.64,237161,131830736.0,0.22,4.059040590405904
2019-02-26,15:00,sz300067,安诺其,5.63,5.9,5.49,5.58,204641,115628944.0,-0.06,-1.0638297872340423
2019-02-27,15:00,sz300067,安诺其,5.55,5.68,5.5,5.58,120870,67550728.0,0.0,0.0
2019-02-28,15:00,sz300067,安诺其,5.62,5.78,5.52,5.66,104628,59135704.0,0.08,1.4336917562724014
2019-03-01,15:00,sz300067,安诺其,5.63,5.72,5.59,5.66,73930,41719992.0,0.0,0.0
2019-03-04,15:00,sz300067,安诺其,5.66,5.8,5.62,5.68,122570,69880272.0,0.02,0.3533568904593639
2019-03-05,15:00,sz300067,安诺其,5.65,5.8,5.62,5.79,183972,104962632.0,0.11,1.936619718309859
2019-03-06,15:00,sz300067,安诺其,5.8,5.86,5.71,5.85,155985,90311128.0,0.06,1.0362694300518136
2019-03-07,15:00,sz300067,安诺其,5.9,6.16,5.89,6.0,192661,116080136.0,0.15,2.564102564102564
2019-03-08,15:00,sz300067,安诺其,5.89,6.25,5.75,5.96,234598,139449808.0,-0.04,-0.6666666666666667
2019-03-11,15:00,sz300067,安诺其,6.12,6.56,6.11,6.56,172869,111823176.0,0.6,10.06711409395973
2019-03-12,15:00,sz300067,安诺其,7.11,7.11,6.57,6.67,538379,368706368.0,0.11,1.676829268292683
2019-03-13,15:00,sz300067,安诺其,6.49,6.97,6.43,6.59,311122,208133056.0,-0.08,-1.199400299850075
2019-03-14,15:00,sz300067,安诺其,6.52,6.62,5.96,6.23,221420,140134384.0,-0.36,-5.462822458270106
2019-03-15,15:00,sz300067,安诺其,6.26,6.51,6.23,6.36,133274,84782656.0,0.13,2.086677367576244
2019-03-18,15:00,sz300067,安诺其,6.4,6.46,6.22,6.46,108926,69094392.0,0.1,1.572327044025157
2019-03-19,15:00,sz300067,安诺其,6.5,6.7,6.48,6.58,141007,92706376.0,0.12,1.8575851393188851
2019-03-20,15:00,sz300067,安诺其,6.56,6.56,6.35,6.45,99375,63965404.0,-0.13,-1.975683890577508
2019-03-21,15:00,sz300067,安诺其,6.47,6.68,6.47,6.56,113837,74682984.0,0.11,1.7054263565891472
2019-03-22,15:00,sz300067,安诺其,7.1,7.22,6.67,6.71,449370,310764480.0,0.15,2.2865853658536586
2019-03-25,15:00,sz300067,安诺其,6.62,7.28,6.36,7.11,486505,340229696.0,0.4,5.961251862891207
2019-03-26,15:00,sz300067,安诺其,7.05,7.66,7.05,7.18,619705,454950560.0,0.07,0.9845288326300984
2019-03-27,15:00,sz300067,安诺其,7.41,7.76,6.93,7.55,675574,498414304.0,0.37,5.153203342618385
2019-03-28,15:00,sz300067,安诺其,7.46,7.49,6.8,6.82,504214,360966208.0,-0.73,-9.668874172185433
2019-03-29,15:00,sz300067,安诺其,6.82,7.18,6.51,6.9,343571,233543744.0,0.08,1.1730205278592376
2019-04-01,15:00,sz300067,安诺其,6.96,7.4,6.91,7.31,375023,270660128.0,0.41,5.942028985507246
2019-04-02,15:00,sz300067,安诺其,7.55,7.79,7.3,7.58,599896,456107936.0,0.27,3.693570451436389
2019-04-03,15:00,sz300067,安诺其,7.35,7.42,7.21,7.4,377037,275732640.0,-0.18,-2.3746701846965697
2019-04-04,15:00,sz300067,安诺其,7.49,7.78,7.4,7.55,483585,366849888.0,0.15,2.027027027027027
2019-04-08,15:00,sz300067,安诺其,7.98,8.31,7.82,8.31,942531,772863040.0,0.76,10.066225165562914
2019-04-09,15:00,sz300067,安诺其,8.0,8.02,7.5,7.67,671380,518622176.0,-0.64,-7.701564380264742
2019-04-10,15:00,sz300067,安诺其,7.48,7.94,7.31,7.66,429987,327231872.0,-0.01,-0.1303780964797914
2019-04-11,15:00,sz300067,安诺其,7.59,7.68,7.21,7.24,290199,215393536.0,-0.42,-5.483028720626632
2019-04-12,15:00,sz300067,安诺其,7.2,7.35,7.13,7.29,142232,102980104.0,0.05,0.6906077348066298
2019-04-15,15:00,sz300067,安诺其,7.38,7.43,7.0,7.0,172276,125257552.0,-0.29,-3.9780521262002746
2019-04-16,15:00,sz300067,安诺其,6.93,7.18,6.92,7.17,172413,121989568.0,0.17,2.4285714285714284
2019-04-17,15:00,sz300067,安诺其,7.21,7.54,7.16,7.32,252493,185900976.0,0.15,2.092050209205021
2019-04-18,15:00,sz300067,安诺其,7.27,7.4,7.15,7.15,207137,150742592.0,-0.17,-2.3224043715847
2019-04-19,15:00,sz300067,安诺其,7.11,7.18,6.96,7.1,170182,119975576.0,-0.05,-0.6993006993006993
2019-04-22,15:00,sz300067,安诺其,7.15,7.25,7.06,7.13,109926,78711464.0,0.03,0.4225352112676055
2019-04-23,15:00,sz300067,安诺其,7.13,7.15,6.97,7.0,105984,74724904.0,-0.13,-1.82328190743338
2019-04-24,15:00,sz300067,安诺其,6.97,7.07,6.77,6.89,140449,96497320.0,-0.11,-1.5714285714285716
2019-04-25,15:00,sz300067,安诺其,6.85,6.89,6.52,6.61,146790,98237032.0,-0.28,-4.063860667634253
2019-04-26,15:00,sz300067,安诺其,6.6,6.67,6.56,6.58,72467,47885188.0,-0.03,-0.453857791225416
2019-04-29,15:00,sz300067,安诺其,6.64,6.83,6.58,6.66,130286,87667008.0,0.08,1.21580547112462
2019-04-30,15:00,sz300067,安诺其,6.71,6.84,6.66,6.78,88664,59894112.0,0.12,1.8018018018018016
2019-05-06,15:00,sz300067,安诺其,6.6,6.69,6.12,6.2,136399,87792104.0,-0.58,-8.55457227138643
2019-05-07,15:00,sz300067,安诺其,6.39,6.54,6.25,6.44,74106,47194932.0,0.24,3.870967741935484
2019-05-08,15:00,sz300067,安诺其,6.31,6.62,6.28,6.49,90199,58706860.0,0.05,0.7763975155279503
2019-05-09,15:00,sz300067,安诺其,6.43,6.51,6.37,6.43,65351,42092004.0,-0.06,-0.9244992295839756
2019-05-10,15:00,sz300067,安诺其,6.48,6.72,6.34,6.62,117303,76828456.0,0.19,2.9548989113530326
2019-05-13,15:00,sz300067,安诺其,6.55,6.99,6.55,6.85,157454,107143144.0,0.23,3.474320241691843
2019-05-14,15:00,sz300067,安诺其,5.12,5.39,5.06,5.35,279851,147170672.0,-1.5,-21.897810218978105
2019-05-15,15:00,sz300067,安诺其,5.37,5.65,5.2,5.4,383408,207304528.0,0.05,0.9345794392523364
2019-05-16,15:00,sz300067,安诺其,5.28,5.33,5.2,5.24,211757,111502160.0,-0.16,-2.9629629629629632
2019-05-17,15:00,sz300067,安诺其,5.21,5.26,5.06,5.15,153232,78683400.0,-0.09,-1.717557251908397
2019-05-20,15:00,sz300067,安诺其,5.13,5.18,4.88,5.18,99318,50167212.0,0.03,0.5825242718446602
2019-05-21,15:00,sz300067,安诺其,5.17,5.25,5.14,5.2,109257,56776072.0,0.02,0.3861003861003861
2019-05-22,15:00,sz300067,安诺其,5.15,5.23,5.03,5.09,109179,55911120.0,-0.11,-2.1153846153846154
2019-05-23,15:00,sz300067,安诺其,5.02,5.09,4.87,4.89,107937,53745956.0,-0.2,-3.9292730844793713
2019-05-24,15:00,sz300067,安诺其,4.82,4.94,4.82,4.87,60396,29419472.0,-0.02,-0.408997955010225
2019-05-27,15:00,sz300067,安诺其,4.88,5.02,4.82,5.0,73070,36185628.0,0.13,2.6694045174537986
2019-05-28,15:00,sz300067,安诺其,5.01,5.07,4.95,4.96,74089,37099412.0,-0.04,-0.8
2019-05-29,15:00,sz300067,安诺其,4.99,4.99,4.89,4.89,60552,29894992.0,-0.07,-1.411290322580645
2019-05-30,15:00,sz300067,安诺其,4.86,4.89,4.7,4.75,70764,33902916.0,-0.14,-2.8629856850715747
2019-05-31,15:00,sz300067,安诺其,4.77,4.82,4.73,4.73,48462,23084710.0,-0.02,-0.4210526315789473
2019-06-03,15:00,sz300067,安诺其,4.78,4.79,4.58,4.61,60557,28201482.0,-0.12,-2.536997885835095
2019-06-04,15:00,sz300067,安诺其,4.59,4.67,4.42,4.46,57421,25948138.0,-0.15,-3.2537960954446854
2019-06-05,15:00,sz300067,安诺其,4.5,4.55,4.42,4.45,42155,18930538.0,-0.01,-0.2242152466367713
2019-06-06,15:00,sz300067,安诺其,4.45,4.85,4.37,4.52,97169,44031924.0,0.07,1.5730337078651686
2019-06-10,15:00,sz300067,安诺其,4.47,4.59,4.47,4.53,44321,20117276.0,0.01,0.2212389380530973
2019-06-11,15:00,sz300067,安诺其,4.58,4.72,4.54,4.71,75944,35238004.0,0.18,3.9735099337748343
2019-06-12,15:00,sz300067,安诺其,4.67,4.76,4.62,4.65,82575,38723588.0,-0.06,-1.2738853503184715
2019-06-13,15:00,sz300067,安诺其,4.62,4.69,4.61,4.64,38864,18066772.0,-0.01,-0.2150537634408602
2019-06-14,15:00,sz300067,安诺其,4.66,4.7,4.45,4.45,55708,25400134.0,-0.19,-4.094827586206897
2019-06-17,15:00,sz300067,安诺其,4.42,4.55,4.42,4.54,46183,20793140.0,0.09,2.02247191011236
2019-06-18,15:00,sz300067,安诺其,4.48,4.56,4.46,4.53,31292,14104929.0,-0.01,-0.2202643171806167
2019-06-19,15:00,sz300067,安诺其,4.63,4.67,4.56,4.58,40126,18484266.0,0.05,1.1037527593818983
2019-06-20,15:00,sz300067,安诺其,4.58,4.65,4.52,4.64,49745,22901918.0,0.06,1.310043668122271
2019-06-21,15:00,sz300067,安诺其,4.72,4.74,4.66,4.7,76033,35765092.0,0.06,1.293103448275862
2019-06-24,15:00,sz300067,安诺其,4.7,4.83,4.67,4.75,84431,40016232.0,0.05,1.0638297872340423
2019-06-25,15:00,sz300067,安诺其,4.72,4.75,4.55,4.66,79232,36702928.0,-0.09,-1.8947368421052635
2019-06-26,15:00,sz300067,安诺其,4.62,4.68,4.61,4.64,31394,14620050.0,-0.02,-0.4291845493562232
2019-06-27,15:00,sz300067,安诺其,4.67,4.7,4.64,4.68,47057,21990788.0,0.04,0.8620689655172413
2019-06-28,15:00,sz300067,安诺其,4.67,4.7,4.53,4.57,51185,23549674.0,-0.11,-2.3504273504273505
2019-07-01,15:00,sz300067,安诺其,4.66,4.77,4.62,4.72,95111,44672008.0,0.15,3.282275711159737
2019-07-02,15:00,sz300067,安诺其,4.68,4.74,4.65,4.67,71427,33486560.0,-0.05,-1.059322033898305
2019-07-03,15:00,sz300067,安诺其,4.7,4.7,4.58,4.6,53678,24745582.0,-0.07,-1.4989293361884368
2019-07-04,15:00,sz300067,安诺其,4.61,4.63,4.5,4.52,53125,24215342.0,-0.08,-1.7391304347826086
2019-07-05,15:00,sz300067,安诺其,4.52,4.63,4.52,4.62,53470,24565588.0,0.1,2.2123893805309733
2019-07-08,15:00,sz300067,安诺其,4.6,4.6,4.38,4.48,82641,36899616.0,-0.14,-3.0303030303030303
2019-07-09,15:00,sz300067,安诺其,4.43,4.47,4.36,4.43,57726,25400398.0,-0.05,-1.1160714285714286
2019-07-10,15:00,sz300067,安诺其,4.43,4.45,4.33,4.38,33159,14508281.0,-0.05,-1.1286681715575622
2019-07-11,15:00,sz300067,安诺其,4.36,4.42,4.32,4.38,38745,16923748.0,0.0,0.0
2019-07-12,15:00,sz300067,安诺其,4.35,4.44,4.35,4.42,40143,17688754.0,0.04,0.91324200913242
2019-07-15,15:00,sz300067,安诺其,4.42,4.53,4.41,4.49,51153,22835152.0,0.07,1.583710407239819
2019-07-16,15:00,sz300067,安诺其,4.48,4.6,4.46,4.58,59366,26977736.0,0.09,2.0044543429844097
2019-07-17,15:00,sz300067,安诺其,4.56,4.72,4.54,4.67,108287,50120268.0,0.09,1.9650655021834065
2019-07-18,15:00,sz300067,安诺其,4.64,4.64,4.48,4.48,76040,34426716.0,-0.19,-4.068522483940043
2019-07-19,15:00,sz300067,安诺其,4.47,4.55,4.44,4.44,50387,22580120.0,-0.04,-0.8928571428571428
2019-07-22,15:00,sz300067,安诺其,4.44,4.48,4.24,4.31,49732,21653954.0,-0.13,-2.927927927927928
2019-07-23,15:00,sz300067,安诺其,4.32,4.38,4.32,4.37,32406,14111236.0,0.06,1.3921113689095126
2019-07-24,15:00,sz300067,安诺其,4.38,4.42,4.35,4.4,61294,26955058.0,0.03,0.6864988558352403
2019-07-25,15:00,sz300067,安诺其,4.4,4.41,4.27,4.38,54857,23926752.0,-0.02,-0.4545454545454545
2019-07-26,15:00,sz300067,安诺其,4.39,4.43,4.32,4.35,56376,24661432.0,-0.03,-0.684931506849315
2019-07-29,15:00,sz300067,安诺其,4.37,4.37,4.2,4.23,85576,36563256.0,-0.12,-2.7586206896551726
2019-07-30,15:00,sz300067,安诺其,4.24,4.26,4.21,4.24,66637,28263932.0,0.01,0.2364066193853428
2019-07-31,15:00,sz300067,安诺其,4.24,4.3,4.12,4.22,90439,37915604.0,-0.02,-0.4716981132075472
2019-08-01,15:00,sz300067,安诺其,4.16,4.21,4.13,4.19,47793,19895490.0,-0.03,-0.7109004739336493
2019-08-02,15:00,sz300067,安诺其,4.13,4.14,4.05,4.14,57682,23607808.0,-0.05,-1.1933174224343674
2019-08-05,15:00,sz300067,安诺其,4.1,4.12,4.06,4.09,33107,13497270.0,-0.05,-1.207729468599034
2019-08-06,15:00,sz300067,安诺其,4.0,4.2,3.77,4.06,94949,37346252.0,-0.03,-0.7334963325183375
2019-08-07,15:00,sz300067,安诺其,4.06,4.11,3.96,4.02,37202,14888197.0,-0.04,-0.9852216748768472
2019-08-08,15:00,sz300067,安诺其,4.01,4.07,3.99,4.01,30182,12131529.0,-0.01,-0.2487562189054726
2019-08-09,15:00,sz300067,安诺其,4.02,4.02,3.9,3.95,42244,16718252.0,-0.06,-1.4962593516209477
2019-08-12,15:00,sz300067,安诺其,3.92,3.99,3.92,3.98,22160,8774702.0,0.03,0.7594936708860759
2019-08-13,15:00,sz300067,安诺其,3.96,4.05,3.93,4.0,40683,16247714.0,0.02,0.5025125628140703
2019-08-14,15:00,sz300067,安诺其,4.02,4.05,3.97,3.99,36832,14773098.0,-0.01,-0.25
2019-08-15,15:00,sz300067,安诺其,3.88,4.01,3.85,3.99,35568,13982537.0,0.0,0.0
2019-08-16,15:00,sz300067,安诺其,3.97,4.05,3.97,4.0,39845,15974329.0,0.01,0.2506265664160401
2019-08-19,15:00,sz300067,安诺其,4.03,4.07,3.98,4.07,94878,38291824.0,0.07,1.7500000000000002
2019-08-20,15:00,sz300067,安诺其,4.06,4.09,4.02,4.04,59898,24309512.0,-0.03,-0.7371007371007371
2019-08-21,15:00,sz300067,安诺其,4.02,4.07,4.01,4.05,39014,15771439.0,0.01,0.2475247524752475
2019-08-22,15:00,sz300067,安诺其,4.06,4.07,4.01,4.07,39517,15979457.0,0.02,0.4938271604938271
2019-08-23,15:00,sz300067,安诺其,4.05,4.08,4.02,4.03,42375,17118172.0,-0.04,-0.9828009828009828
2019-08-26,15:00,sz300067,安诺其,3.94,3.97,3.9,3.96,43342,17090642.0,-0.07,-1.7369727047146404
2019-08-27,15:00,sz300067,安诺其,3.96,4.05,3.96,4.02,54138,21729238.0,0.06,1.5151515151515151
2019-08-28,15:00,sz300067,安诺其,4.02,4.06,4.01,4.06,52102,21070750.0,0.04,0.9950248756218906
2019-08-29,15:00,sz300067,安诺其,4.06,4.08,4.03,4.04,41244,16679782.0,-0.02,-0.4926108374384236
2019-08-30,15:00,sz300067,安诺其,4.04,4.09,3.96,3.97,56824,22826760.0,-0.07,-1.7326732673267329
2019-09-02,15:00,sz300067,安诺其,3.96,4.14,3.95,4.08,82923,33764488.0,0.11,2.770780856423174
2019-09-03,15:00,sz300067,安诺其,4.09,4.15,4.03,4.14,78136,31938726.0,0.06,1.4705882352941175
2019-09-04,15:00,sz300067,安诺其,4.14,4.21,4.12,4.2,114467,47798340.0,0.06,1.4492753623188406
2019-09-05,15:00,sz300067,安诺其,4.23,4.27,4.18,4.19,130125,55037420.0,-0.01,-0.2380952380952381
2019-09-06,15:00,sz300067,安诺其,4.22,4.22,4.12,4.2,61009,25526752.0,0.01,0.2386634844868735
2019-09-09,15:00,sz300067,安诺其,4.26,4.27,4.21,4.25,89572,38017048.0,0.05,1.1904761904761905
2019-09-10,15:00,sz300067,安诺其,4.25,4.31,4.23,4.29,94981,40633072.0,0.04,0.9411764705882352
2019-09-11,15:00,sz300067,安诺其,4.3,4.43,4.27,4.31,146702,63567404.0,0.02,0.4662004662004662
2019-09-12,15:00,sz300067,安诺其,4.29,4.31,4.23,4.27,97453,41535924.0,-0.04,-0.9280742459396752
2019-09-16,15:00,sz300067,安诺其,4.27,4.42,4.27,4.37,152305,66409528.0,0.1,2.3419203747072603
2019-09-17,15:00,sz300067,安诺其,4.45,4.81,4.41,4.81,975438,461222848.0,0.44,10.068649885583524
2019-09-18,15:00,sz300067,安诺其,4.62,4.82,4.55,4.73,802811,373940096.0,-0.08,-1.6632016632016633
2019-09-19,15:00,sz300067,安诺其,4.65,4.67,4.53,4.6,341636,157218880.0,-0.13,-2.748414376321353
2019-09-20,15:00,sz300067,安诺其,4.57,4.61,4.46,4.49,274739,123885976.0,-0.11,-2.391304347826087
2019-09-23,15:00,sz300067,安诺其,4.42,4.48,4.4,4.45,145421,64444152.0,-0.04,-0.8908685968819599
2019-09-24,15:00,sz300067,安诺其,4.45,4.49,4.35,4.36,164175,72538032.0,-0.09,-2.02247191011236
2019-09-25,15:00,sz300067,安诺其,4.36,4.36,4.2,4.22,169755,72549376.0,-0.14,-3.211009174311927
2019-09-26,15:00,sz300067,安诺其,4.23,4.26,4.05,4.06,149399,61558864.0,-0.16,-3.791469194312796
2019-09-27,15:00,sz300067,安诺其,4.06,4.12,4.05,4.11,78296,32071488.0,0.05,1.2315270935960592
2019-09-30,15:00,sz300067,安诺其,4.08,4.11,4.03,4.04,55194,22429560.0,-0.07,-1.70316301703163
2019-10-08,15:00,sz300067,安诺其,4.04,4.08,4.02,4.03,48066,19462506.0,-0.01,-0.2475247524752475
2019-10-09,15:00,sz300067,安诺其,4.0,4.05,3.95,4.05,67297,26862718.0,0.02,0.4962779156327543
2019-10-10,15:00,sz300067,安诺其,4.05,4.1,4.03,4.1,74861,30509646.0,0.05,1.2345679012345678
2019-10-11,15:00,sz300067,安诺其,4.11,4.11,4.05,4.09,61730,25197060.0,-0.01,-0.2439024390243902
2019-10-14,15:00,sz300067,安诺其,4.12,4.19,4.11,4.14,89716,37259924.0,0.05,1.2224938875305624
2019-10-15,15:00,sz300067,安诺其,4.15,4.22,4.14,4.2,90853,38050476.0,0.06,1.4492753623188406
2019-10-16,15:00,sz300067,安诺其,4.23,4.23,4.11,4.12,71181,29630236.0,-0.08,-1.9047619047619049
2019-10-17,15:00,sz300067,安诺其,4.11,4.14,4.08,4.1,57393,23618708.0,-0.02,-0.4854368932038834
2019-10-18,15:00,sz300067,安诺其,4.11,4.11,3.99,4.0,77734,31396052.0,-0.1,-2.4390243902439024
2019-10-21,15:00,sz300067,安诺其,4.0,4.11,3.99,4.06,72679,29466138.0,0.06,1.5
2019-10-22,15:00,sz300067,安诺其,4.06,4.1,4.01,4.1,56158,22763008.0,0.04,0.9852216748768472
2019-10-23,15:00,sz300067,安诺其,4.09,4.09,4.02,4.03,51527,20874774.0,-0.07,-1.707317073170732
2019-10-24,15:00,sz300067,安诺其,4.03,4.07,4.02,4.04,36339,14671841.0,0.01,0.2481389578163771
2019-10-25,15:00,sz300067,安诺其,4.04,4.09,4.02,4.08,44228,17917704.0,0.04,0.99009900990099
2019-10-28,15:00,sz300067,安诺其,4.08,4.18,4.06,4.16,118262,48890068.0,0.08,1.96078431372549
2019-10-29,15:00,sz300067,安诺其,4.3,4.58,4.3,4.58,528281,236475328.0,0.42,10.096153846153848
2019-10-30,15:00,sz300067,安诺其,4.36,4.55,4.19,4.3,469301,205210576.0,-0.28,-6.11353711790393
2019-10-31,15:00,sz300067,安诺其,4.24,4.39,4.2,4.37,310196,133648176.0,0.07,1.627906976744186
2019-11-01,15:00,sz300067,安诺其,4.3,4.64,4.23,4.5,530951,238881120.0,0.13,2.9748283752860414
2019-11-04,15:00,sz300067,安诺其,4.51,4.63,4.45,4.55,402963,182889280.0,0.05,1.1111111111111112
2019-11-05,15:00,sz300067,安诺其,4.47,4.5,4.35,4.39,296371,130915760.0,-0.16,-3.5164835164835164
2019-11-06,15:00,sz300067,安诺其,4.41,4.58,4.35,4.56,406883,182270624.0,0.17,3.87243735763098
2019-11-07,15:00,sz300067,安诺其,4.49,4.75,4.46,4.66,512968,236509136.0,0.1,2.1929824561403506
2019-11-08,15:00,sz300067,安诺其,4.61,4.68,4.51,4.53,279224,127518256.0,-0.13,-2.7896995708154506
2019-11-11,15:00,sz300067,安诺其,4.5,4.51,4.29,4.32,203591,88902768.0,-0.21,-4.635761589403973
2019-11-12,15:00,sz300067,安诺其,4.34,4.45,4.28,4.45,201162,87995704.0,0.13,3.009259259259259
2019-11-13,15:00,sz300067,安诺其,4.4,4.44,4.33,4.39,139754,61032788.0,-0.06,-1.348314606741573
2019-11-14,15:00,sz300067,安诺其,4.37,4.47,4.32,4.42,158948,69968296.0,0.03,0.683371298405467
2019-11-15,15:00,sz300067,安诺其,4.41,4.41,4.24,4.24,164009,70830496.0,-0.18,-4.072398190045249
2019-11-18,15:00,sz300067,安诺其,4.18,4.2,4.1,4.16,117711,48856876.0,-0.08,-1.8867924528301887
2019-11-19,15:00,sz300067,安诺其,4.16,4.23,4.13,4.21,112250,47037816.0,0.05,1.201923076923077
2019-11-20,15:00,sz300067,安诺其,4.21,4.21,4.09,4.09,140379,58084080.0,-0.12,-2.8503562945368173
2019-11-21,15:00,sz300067,安诺其,4.07,4.14,4.06,4.1,60083,24678126.0,0.01,0.2444987775061124
2019-11-22,15:00,sz300067,安诺其,4.1,4.16,4.05,4.08,80257,32921194.0,-0.02,-0.4878048780487805
2019-11-25,15:00,sz300067,安诺其,4.07,4.12,4.06,4.11,60845,24892272.0,0.03,0.7352941176470588
2019-11-26,15:00,sz300067,安诺其,4.12,4.21,4.09,4.17,120887,50195508.0,0.06,1.45985401459854
2019-11-27,15:00,sz300067,安诺其,4.15,4.15,4.1,4.13,82143,33888904.0,-0.04,-0.9592326139088728
2019-11-28,15:00,sz300067,安诺其,4.11,4.17,4.11,4.16,59491,24606030.0,0.03,0.7263922518159807
2019-11-29,15:00,sz300067,安诺其,4.15,4.15,4.11,4.13,43114,17795024.0,-0.03,-0.7211538461538461
2019-12-02,15:00,sz300067,安诺其,4.14,4.17,4.11,4.11,55208,22871842.0,-0.02,-0.4842615012106537
2019-12-03,15:00,sz300067,安诺其,4.1,4.12,4.06,4.12,62110,25407662.0,0.01,0.24330900243309
2019-12-04,15:00,sz300067,安诺其,4.09,4.13,4.07,4.11,42803,17567342.0,-0.01,-0.2427184466019417
2019-12-05,15:00,sz300067,安诺其,4.13,4.17,4.12,4.16,96007,39782424.0,0.05,1.2165450121654502
2019-12-06,15:00,sz300067,安诺其,4.15,4.19,4.13,4.19,91026,37839736.0,0.03,0.7211538461538461
2019-12-09,15:00,sz300067,安诺其,4.18,4.24,4.16,4.23,102249,42981876.0,0.04,0.954653937947494
2019-12-10,15:00,sz300067,安诺其,4.21,4.25,4.16,4.19,89786,37671900.0,-0.04,-0.9456264775413712
2019-12-11,15:00,sz300067,安诺其,4.19,4.28,4.17,4.27,139212,59089040.0,0.08,1.909307875894988
2019-12-12,15:00,sz300067,安诺其,4.27,4.27,4.18,4.19,97357,41121240.0,-0.08,-1.873536299765808
2019-12-13,15:00,sz300067,安诺其,4.23,4.25,4.19,4.24,80746,34057752.0,0.05,1.1933174224343674
2019-12-16,15:00,sz300067,安诺其,4.26,4.31,4.23,4.31,153363,65573996.0,0.07,1.650943396226415
2019-12-17,15:00,sz300067,安诺其,4.29,4.36,4.27,4.34,197231,85153464.0,0.03,0.6960556844547563
2019-12-18,15:00,sz300067,安诺其,4.34,4.37,4.29,4.32,197356,85339640.0,-0.02,-0.4608294930875576
2019-12-19,15:00,sz300067,安诺其,4.31,4.45,4.26,4.44,304394,132940304.0,0.12,2.7777777777777777
2019-12-20,15:00,sz300067,安诺其,4.41,4.43,4.28,4.3,205347,89371936.0,-0.14,-3.153153153153153
2019-12-23,15:00,sz300067,安诺其,4.27,4.29,4.19,4.19,126311,53618104.0,-0.11,-2.558139534883721
2019-12-24,15:00,sz300067,安诺其,4.23,4.27,4.2,4.27,78732,33342128.0,0.08,1.909307875894988
2019-12-25,15:00,sz300067,安诺其,4.26,4.29,4.22,4.26,100749,42884004.0,-0.01,-0.234192037470726
2019-12-26,15:00,sz300067,安诺其,4.24,4.27,4.22,4.27,92694,39365080.0,0.01,0.2347417840375587
2019-12-27,15:00,sz300067,安诺其,4.28,4.29,4.21,4.21,114924,48927472.0,-0.06,-1.405152224824356
2019-12-30,15:00,sz300067,安诺其,4.2,4.27,4.16,4.26,95578,40402264.0,0.05,1.187648456057007
2019-12-31,15:00,sz300067,安诺其,4.28,4.35,4.27,4.3,132252,57009536.0,0.04,0.9389671361502347
2020-01-02,15:00,sz300067,安诺其,4.34,4.45,4.29,4.45,302997,132608016.0,0.15,3.488372093023256
2020-01-03,15:00,sz300067,安诺其,4.46,4.46,4.37,4.39,239447,105339248.0,-0.06,-1.348314606741573
2020-01-06,15:00,sz300067,安诺其,4.41,4.43,4.35,4.39,218101,95736752.0,0.0,0.0
2020-01-07,15:00,sz300067,安诺其,4.39,4.42,4.37,4.42,184831,81403832.0,0.03,0.683371298405467
2020-01-08,15:00,sz300067,安诺其,4.39,4.4,4.3,4.31,194888,84727512.0,-0.11,-2.48868778280543
2020-01-09,15:00,sz300067,安诺其,4.34,4.47,4.34,4.46,245641,108335048.0,0.15,3.480278422273782
2020-01-10,15:00,sz300067,安诺其,4.47,4.47,4.35,4.38,205127,90442984.0,-0.08,-1.7937219730941705
2020-01-13,15:00,sz300067,安诺其,4.37,4.4,4.32,4.4,119241,51937428.0,0.02,0.45662100456621
2020-01-14,15:00,sz300067,安诺其,4.39,4.42,4.37,4.38,137462,60479720.0,-0.02,-0.4545454545454545
2020-01-15,15:00,sz300067,安诺其,4.39,4.4,4.33,4.36,86429,37650236.0,-0.02,-0.45662100456621
2020-01-16,15:00,sz300067,安诺其,4.37,4.38,4.3,4.32,105223,45602744.0,-0.04,-0.9174311926605504
2020-01-17,15:00,sz300067,安诺其,4.31,4.34,4.25,4.25,109784,47182792.0,-0.07,-1.6203703703703702
2020-01-20,15:00,sz300067,安诺其,4.25,4.31,4.21,4.3,90797,38716016.0,0.05,1.1764705882352942
2020-01-21,15:00,sz300067,安诺其,4.32,4.37,4.28,4.28,117056,50701936.0,-0.02,-0.4651162790697674
2020-01-22,15:00,sz300067,安诺其,4.25,4.29,4.15,4.27,113102,47762152.0,-0.01,-0.233644859813084
2020-01-23,15:00,sz300067,安诺其,4.21,4.24,4.04,4.1,169876,70254016.0,-0.17,-3.9812646370023423
2020-02-03,15:00,sz300067,安诺其,3.69,3.69,3.69,3.69,26649,9833481.0,-0.41,-10.0
2020-02-04,15:00,sz300067,安诺其,3.32,3.58,3.32,3.53,172869,60473816.0,-0.16,-4.336043360433604
2020-02-05,15:00,sz300067,安诺其,3.55,3.67,3.54,3.62,123317,44485916.0,0.09,2.549575070821529
2020-02-06,15:00,sz300067,安诺其,3.62,3.79,3.57,3.74,170676,63123180.0,0.12,3.314917127071823
2020-02-07,15:00,sz300067,安诺其,3.74,3.96,3.69,3.91,185042,70935032.0,0.17,4.545454545454546
2020-02-10,15:00,sz300067,安诺其,4.2,4.2,3.97,4.01,295504,120383368.0,0.1,2.557544757033248
2020-02-11,15:00,sz300067,安诺其,3.99,4.0,3.85,3.87,169189,65800936.0,-0.14,-3.491271820448877
2020-02-12,15:00,sz300067,安诺其,3.83,3.91,3.83,3.91,107489,41750600.0,0.04,1.03359173126615
2020-02-13,15:00,sz300067,安诺其,3.89,3.89,3.77,3.78,119461,45620172.0,-0.13,-3.324808184143223
2020-02-14,15:00,sz300067,安诺其,3.8,3.85,3.78,3.82,80287,30633678.0,0.04,1.058201058201058
2020-02-17,15:00,sz300067,安诺其,3.84,3.95,3.82,3.95,131472,51469644.0,0.13,3.4031413612565444
2020-02-18,15:00,sz300067,安诺其,3.95,4.01,3.91,4.01,139736,55415456.0,0.06,1.5189873417721518
2020-02-19,15:00,sz300067,安诺其,4.0,4.03,3.94,3.95,119483,47617768.0,-0.06,-1.4962593516209477
2020-02-20,15:00,sz300067,安诺其,3.99,4.06,3.94,4.06,173861,69793336.0,0.11,2.7848101265822782
2020-02-21,15:00,sz300067,安诺其,4.05,4.09,4.02,4.06,169093,68478448.0,0.0,0.0
2020-02-24,15:00,sz300067,安诺其,4.04,4.06,3.96,4.04,191997,77090952.0,-0.02,-0.4926108374384236
2020-02-25,15:00,sz300067,安诺其,3.92,3.97,3.83,3.94,225087,88003472.0,-0.1,-2.4752475247524752
2020-02-26,15:00,sz300067,安诺其,3.87,4.04,3.87,3.95,193400,76795504.0,0.01,0.2538071065989847
2020-02-27,15:00,sz300067,安诺其,3.98,4.06,3.96,3.98,140486,56096940.0,0.03,0.7594936708860759
2020-02-28,15:00,sz300067,安诺其,3.87,3.91,3.73,3.73,192843,73860408.0,-0.25,-6.281407035175879
2020-03-02,15:00,sz300067,安诺其,3.85,4.03,3.85,3.99,212177,84148904.0,0.26,6.970509383378016
2020-03-03,15:00,sz300067,安诺其,4.01,4.05,3.94,3.99,211729,84621808.0,0.0,0.0
2020-03-04,15:00,sz300067,安诺其,4.08,4.3,4.08,4.15,405948,169404672.0,0.16,4.010025062656641
2020-03-05,15:00,sz300067,安诺其,4.12,4.3,4.12,4.22,387252,163255968.0,0.07,1.686746987951807
2020-03-06,15:00,sz300067,安诺其,4.16,4.34,4.13,4.34,306883,129370760.0,0.12,2.843601895734597
2020-03-09,15:00,sz300067,安诺其,4.28,4.42,4.14,4.14,333043,141469184.0,-0.2,-4.6082949308755765
2020-03-10,15:00,sz300067,安诺其,4.05,4.18,3.96,4.18,246663,100751288.0,0.04,0.966183574879227
2020-03-11,15:00,sz300067,安诺其,4.18,4.19,4.04,4.15,198530,81932696.0,-0.03,-0.7177033492822966
2020-03-12,15:00,sz300067,安诺其,4.15,4.29,4.1,4.2,289882,121560960.0,0.05,1.2048192771084338
2020-03-13,15:00,sz300067,安诺其,3.96,4.14,3.9,4.08,187551,75729504.0,-0.12,-2.857142857142857
2020-03-16,15:00,sz300067,安诺其,4.12,4.27,3.98,3.99,223807,92245112.0,-0.09,-2.2058823529411766
2020-03-17,15:00,sz300067,安诺其,3.97,4.04,3.75,3.88,180713,70011560.0,-0.11,-2.756892230576441
2020-03-18,15:00,sz300067,安诺其,3.91,3.95,3.75,3.76,138253,53256056.0,-0.12,-3.0927835051546397
2020-03-19,15:00,sz300067,安诺其,3.73,3.78,3.61,3.74,115659,42948384.0,-0.02,-0.5319148936170213
2020-03-20,15:00,sz300067,安诺其,3.76,3.78,3.7,3.77,79477,29801298.0,0.03,0.8021390374331552
2020-03-23,15:00,sz300067,安诺其,3.69,3.71,3.58,3.58,96095,34919788.0,-0.19,-5.039787798408488
2020-03-24,15:00,sz300067,安诺其,3.64,3.67,3.53,3.65,75509,27351212.0,0.07,1.9553072625698324
2020-03-25,15:00,sz300067,安诺其,3.72,3.74,3.69,3.72,73170,27174974.0,0.07,1.9178082191780823
2020-03-26,15:00,sz300067,安诺其,3.7,3.76,3.68,3.7,67558,25138188.0,-0.02,-0.5376344086021506
2020-03-27,15:00,sz300067,安诺其,3.74,3.91,3.74,3.88,217891,83749032.0,0.18,4.864864864864865
2020-03-30,15:00,sz300067,安诺其,3.85,3.94,3.67,3.83,185377,70082760.0,-0.05,-1.2886597938144329
2020-03-31,15:00,sz300067,安诺其,3.84,3.91,3.8,3.82,110840,42689620.0,-0.01,-0.2610966057441253
2020-04-01,15:00,sz300067,安诺其,3.81,3.93,3.7,3.71,113470,42816660.0,-0.11,-2.8795811518324608
2020-04-02,15:00,sz300067,安诺其,3.64,3.74,3.64,3.74,75485,27829254.0,0.03,0.8086253369272237
2020-04-03,15:00,sz300067,安诺其,3.72,3.74,3.65,3.71,73980,27440354.0,-0.03,-0.8021390374331552
2020-04-07,15:00,sz300067,安诺其,3.78,3.88,3.75,3.86,165900,63753668.0,0.15,4.043126684636119
2020-04-08,15:00,sz300067,安诺其,3.83,3.95,3.8,3.89,178568,69403264.0,0.03,0.7772020725388601
2020-04-09,15:00,sz300067,安诺其,3.92,3.92,3.82,3.87,153708,59605872.0,-0.02,-0.5141388174807198
2020-04-10,15:00,sz300067,安诺其,3.89,3.89,3.73,3.74,159384,60418652.0,-0.13,-3.359173126614987
2020-04-13,15:00,sz300067,安诺其,3.72,3.73,3.67,3.69,102980,38059104.0,-0.05,-1.3368983957219251
2020-04-14,15:00,sz300067,安诺其,3.71,3.76,3.7,3.76,88055,32847504.0,0.07,1.8970189701897016
2020-04-15,15:00,sz300067,安诺其,3.75,3.79,3.71,3.72,95896,36021208.0,-0.04,-1.0638297872340423
2020-04-16,15:00,sz300067,安诺其,3.7,3.76,3.69,3.74,84604,31550494.0,0.02,0.5376344086021506
2020-04-17,15:00,sz300067,安诺其,3.74,3.77,3.72,3.73,105985,39696228.0,-0.01,-0.267379679144385
2020-04-20,15:00,sz300067,安诺其,3.73,3.75,3.7,3.73,76602,28512712.0,0.0,0.0
2020-04-21,15:00,sz300067,安诺其,3.76,3.82,3.74,3.8,136021,51344724.0,0.07,1.876675603217158
2020-04-22,15:00,sz300067,安诺其,3.78,3.84,3.75,3.81,144154,54817480.0,0.01,0.2631578947368421
2020-04-23,15:00,sz300067,安诺其,3.82,3.83,3.73,3.75,149185,56101404.0,-0.06,-1.574803149606299
2020-04-24,15:00,sz300067,安诺其,3.73,3.76,3.68,3.69,82333,30599704.0,-0.06,-1.6
2020-04-27,15:00,sz300067,安诺其,3.69,3.74,3.66,3.7,56445,20930114.0,0.01,0.2710027100271002
2020-04-28,15:00,sz300067,安诺其,3.73,3.73,3.51,3.61,103912,37672628.0,-0.09,-2.4324324324324325
2020-04-29,15:00,sz300067,安诺其,3.64,3.65,3.6,3.62,54145,19629658.0,0.01,0.2770083102493075
2020-04-30,15:00,sz300067,安诺其,3.65,3.75,3.64,3.74,74149,27459680.0,0.12,3.314917127071823
2020-05-06,15:00,sz300067,安诺其,3.73,3.81,3.71,3.8,102629,38662280.0,0.06,1.6042780748663104
2020-05-07,15:00,sz300067,安诺其,3.79,3.79,3.73,3.75,91988,34507440.0,-0.05,-1.3157894736842104
2020-05-08,15:00,sz300067,安诺其,3.69,3.71,3.66,3.68,95529,35142908.0,-0.07,-1.866666666666667
2020-05-11,15:00,sz300067,安诺其,3.68,3.69,3.62,3.66,70402,25741198.0,-0.02,-0.5434782608695652
2020-05-12,15:00,sz300067,安诺其,3.65,3.67,3.62,3.67,56438,20587886.0,0.01,0.273224043715847
2020-05-13,15:00,sz300067,安诺其,3.65,3.68,3.64,3.67,45119,16482429.0,0.0,0.0
2020-05-14,15:00,sz300067,安诺其,3.64,3.65,3.58,3.59,77090,27840382.0,-0.08,-2.17983651226158
2020-05-15,15:00,sz300067,安诺其,3.6,3.69,3.6,3.64,106023,38843232.0,0.05,1.392757660167131
2020-05-18,15:00,sz300067,安诺其,3.63,3.65,3.54,3.58,95897,34354276.0,-0.06,-1.6483516483516485
2020-05-19,15:00,sz300067,安诺其,3.59,3.62,3.54,3.57,71073,25362190.0,-0.01,-0.2793296089385474
2020-05-20,15:00,sz300067,安诺其,3.57,3.57,3.51,3.52,58629,20731078.0,-0.05,-1.400560224089636
2020-05-21,15:00,sz300067,安诺其,3.53,3.56,3.49,3.5,77973,27471804.0,-0.02,-0.5681818181818182
2020-05-22,15:00,sz300067,安诺其,3.5,3.5,3.42,3.42,70504,24258092.0,-0.08,-2.2857142857142856
2020-05-25,15:00,sz300067,安诺其,3.41,3.45,3.4,3.42,38430,13153158.0,0.0,0.0
2020-05-26,15:00,sz300067,安诺其,3.43,3.48,3.43,3.47,45306,15685734.0,0.05,1.461988304093567
2020-05-27,15:00,sz300067,安诺其,3.47,3.48,3.42,3.44,52578,18158700.0,-0.03,-0.8645533141210375
2020-05-28,15:00,sz300067,安诺其,3.45,3.46,3.37,3.42,56935,19428484.0,-0.02,-0.5813953488372093
2020-05-29,15:00,sz300067,安诺其,3.37,3.43,3.37,3.4,49145,16760393.0,-0.02,-0.5847953216374269
2020-06-01,15:00,sz300067,安诺其,3.4,3.49,3.4,3.47,72213,24992036.0,0.07,2.0588235294117645
2020-06-02,15:00,sz300067,安诺其,3.47,3.52,3.47,3.5,67088,23467582.0,0.03,0.8645533141210375
2020-06-03,15:00,sz300067,安诺其,3.5,3.52,3.48,3.48,59414,20806274.0,-0.02,-0.5714285714285714
2020-06-04,15:00,sz300067,安诺其,3.49,3.53,3.47,3.51,70788,24754718.0,0.03,0.8620689655172413
2020-06-05,15:00,sz300067,安诺其,3.5,3.52,3.48,3.5,52326,18289940.0,-0.01,-0.2849002849002849
2020-06-08,15:00,sz300067,安诺其,3.5,3.63,3.49,3.55,124017,44074936.0,0.05,1.4285714285714286
2020-06-09,15:00,sz300067,安诺其,3.54,3.54,3.47,3.54,78031,27442054.0,-0.01,-0.2816901408450704
2020-06-10,15:00,sz300067,安诺其,3.52,3.53,3.48,3.5,56599,19813576.0,-0.04,-1.1299435028248588
2020-06-11,15:00,sz300067,安诺其,3.51,3.53,3.47,3.47,53249,18602444.0,-0.03,-0.8571428571428572
2020-06-12,15:00,sz300067,安诺其,3.43,3.47,3.4,3.45,50257,17295680.0,-0.02,-0.5763688760806917
2020-06-15,15:00,sz300067,安诺其,3.45,3.52,3.44,3.47,69698,24244878.0,0.02,0.5797101449275363
2020-06-16,15:00,sz300067,安诺其,3.47,3.52,3.47,3.51,59484,20791954.0,0.04,1.1527377521613833
2020-06-17,15:00,sz300067,安诺其,3.52,3.54,3.49,3.52,64459,22649682.0,0.01,0.2849002849002849
2020-06-18,15:00,sz300067,安诺其,3.52,3.53,3.5,3.52,51446,18085858.0,0.0,0.0
2020-06-19,15:00,sz300067,安诺其,3.52,3.55,3.51,3.54,80355,28404882.0,0.02,0.5681818181818182
2020-06-22,15:00,sz300067,安诺其,3.53,3.61,3.52,3.61,153472,54806980.0,0.07,1.977401129943503
2020-06-23,15:00,sz300067,安诺其,3.6,3.62,3.55,3.57,79622,28483014.0,-0.04,-1.10803324099723
2020-06-24,15:00,sz300067,安诺其,3.57,3.57,3.53,3.54,45856,16247279.0,-0.03,-0.8403361344537815
2020-06-29,15:00,sz300067,安诺其,3.52,3.55,3.51,3.51,45200,15924230.0,-0.03,-0.847457627118644
2020-06-30,15:00,sz300067,安诺其,3.53,3.68,3.51,3.64,194916,70326464.0,0.13,3.7037037037037033
2020-07-01,15:00,sz300067,安诺其,3.62,3.63,3.56,3.59,124780,44827676.0,-0.05,-1.3736263736263736
2020-07-02,15:00,sz300067,安诺其,3.57,3.65,3.56,3.63,162521,58684012.0,0.04,1.1142061281337048
2020-07-03,15:00,sz300067,安诺其,3.63,3.69,3.61,3.68,184525,67351488.0,0.05,1.3774104683195594
2020-07-06,15:00,sz300067,安诺其,3.7,3.9,3.68,3.86,290702,110103168.0,0.18,4.891304347826087
2020-07-07,15:00,sz300067,安诺其,3.92,3.94,3.8,3.83,274301,106063952.0,-0.03,-0.7772020725388601
2020-07-08,15:00,sz300067,安诺其,3.82,3.9,3.79,3.88,176089,67680992.0,0.05,1.3054830287206265
2020-07-09,15:00,sz300067,安诺其,3.88,4.02,3.86,3.96,235223,92439504.0,0.08,2.061855670103093
2020-07-10,15:00,sz300067,安诺其,3.95,3.96,3.86,3.87,188961,73858280.0,-0.09,-2.272727272727273
2020-07-13,15:00,sz300067,安诺其,3.86,3.98,3.85,3.98,198734,78388752.0,0.11,2.842377260981912
2020-07-14,15:00,sz300067,安诺其,4.01,4.03,3.88,3.95,209100,82809952.0,-0.03,-0.7537688442211055
2020-07-15,15:00,sz300067,安诺其,3.95,4.0,3.82,3.85,168720,65523092.0,-0.1,-2.5316455696202533
2020-07-16,15:00,sz300067,安诺其,3.84,3.88,3.66,3.68,195567,73927104.0,-0.17,-4.415584415584416
2020-07-17,15:00,sz300067,安诺其,3.68,3.74,3.65,3.71,94498,34957108.0,0.03,0.8152173913043478
2020-07-20,15:00,sz300067,安诺其,3.75,3.93,3.73,3.93,216683,83761952.0,0.22,5.929919137466308
2020-07-21,15:00,sz300067,安诺其,3.94,4.05,3.93,3.99,320608,128172768.0,0.06,1.5267175572519085
2020-07-22,15:00,sz300067,安诺其,3.98,4.04,3.92,3.94,229358,91090232.0,-0.05,-1.2531328320802004
2020-07-23,15:00,sz300067,安诺其,3.89,3.93,3.78,3.86,174837,67369736.0,-0.08,-2.030456852791878
2020-07-24,15:00,sz300067,安诺其,3.87,3.92,3.73,3.75,176763,67463776.0,-0.11,-2.849740932642487
2020-07-27,15:00,sz300067,安诺其,3.77,3.8,3.72,3.77,83624,31413850.0,0.02,0.5333333333333333
2020-07-28,15:00,sz300067,安诺其,3.78,3.82,3.74,3.79,90031,34102896.0,0.02,0.5305039787798408
2020-07-29,15:00,sz300067,安诺其,3.78,3.93,3.72,3.88,170618,65316260.0,0.09,2.3746701846965697
2020-07-30,15:00,sz300067,安诺其,3.88,3.98,3.84,3.98,318229,125383672.0,0.1,2.5773195876288657
2020-07-31,15:00,sz300067,安诺其,4.13,4.37,4.07,4.08,651638,269778688.0,0.1,2.512562814070352
2020-08-03,15:00,sz300067,安诺其,4.2,4.3,4.13,4.2,554853,234559088.0,0.12,2.941176470588235
2020-08-04,15:00,sz300067,安诺其,4.24,4.25,4.05,4.06,374746,154206448.0,-0.14,-3.333333333333333
2020-08-05,15:00,sz300067,安诺其,4.07,4.17,4.02,4.15,253791,103843064.0,0.09,2.2167487684729066
2020-08-06,15:00,sz300067,安诺其,4.2,4.34,4.03,4.29,488308,204404192.0,0.14,3.3734939759036147
2020-08-07,15:00,sz300067,安诺其,4.26,4.72,4.22,4.72,449789,207253024.0,0.43,10.023310023310025
2020-08-10,15:00,sz300067,安诺其,5.19,5.19,5.19,5.19,144221,74851216.0,0.47,9.957627118644067
2020-08-11,15:00,sz300067,安诺其,5.45,5.45,4.75,4.8,1735166,896896448.0,-0.39,-7.514450867052023
2020-08-12,15:00,sz300067,安诺其,4.61,4.74,4.32,4.4,951280,424287296.0,-0.4,-8.333333333333332
2020-08-13,15:00,sz300067,安诺其,4.45,4.57,4.37,4.37,542799,241952800.0,-0.03,-0.6818181818181818
2020-08-14,15:00,sz300067,安诺其,4.29,4.43,4.2,4.39,428465,185473872.0,0.02,0.4576659038901602
2020-08-17,15:00,sz300067,安诺其,4.4,4.43,4.29,4.39,473158,206389184.0,0.0,0.0
2020-08-18,15:00,sz300067,安诺其,4.39,4.59,4.36,4.59,586675,261927472.0,0.2,4.555808656036446
2020-08-19,15:00,sz300067,安诺其,4.52,4.55,4.4,4.41,396410,177365328.0,-0.18,-3.92156862745098
2020-08-20,15:00,sz300067,安诺其,4.34,4.41,4.28,4.34,203355,88515088.0,-0.07,-1.5873015873015872
2020-08-21,15:00,sz300067,安诺其,4.36,4.53,4.36,4.49,292255,129970304.0,0.15,3.4562211981566824
2020-08-24,15:00,sz300067,安诺其,4.4,4.48,4.26,4.4,362709,158471824.0,-0.09,-2.0044543429844097
2020-08-25,15:00,sz300067,安诺其,4.4,4.75,4.34,4.59,623831,285865920.0,0.19,4.318181818181818
2020-08-26,15:00,sz300067,安诺其,4.59,4.83,4.57,4.61,635157,297948832.0,0.02,0.4357298474945534
2020-08-27,15:00,sz300067,安诺其,4.65,4.98,4.48,4.9,684822,328560192.0,0.29,6.29067245119306
2020-08-28,15:00,sz300067,安诺其,4.85,5.12,4.74,4.78,783144,385714080.0,-0.12,-2.4489795918367347
2020-08-31,15:00,sz300067,安诺其,4.81,5.2,4.79,4.94,643712,321253824.0,0.16,3.3472803347280333
2020-09-01,15:00,sz300067,安诺其,4.84,5.07,4.81,4.99,538612,265380336.0,0.05,1.0121457489878545
2020-09-02,15:00,sz300067,安诺其,4.96,5.44,4.91,5.26,914344,474928096.0,0.27,5.410821643286573
2020-09-03,15:00,sz300067,安诺其,5.23,5.35,5.03,5.11,631626,326017408.0,-0.15,-2.8517110266159698
2020-09-04,15:00,sz300067,安诺其,4.96,5.43,4.91,5.37,735400,383571744.0,0.26,5.088062622309197
2020-09-07,15:00,sz300067,安诺其,5.4,5.95,5.26,5.7,984774,551326208.0,0.33,6.145251396648044
2020-09-08,15:00,sz300067,安诺其,5.58,6.47,5.45,6.22,1077918,638150656.0,0.52,9.12280701754386
2020-09-09,15:00,sz300067,安诺其,5.99,7.46,5.95,6.7,2112958,1460791296.0,0.48,7.717041800643088
2020-09-10,15:00,sz300067,安诺其,6.2,6.43,5.36,5.36,1180146,671086784.0,-1.34,-20.0
2020-09-11,15:00,sz300067,安诺其,4.93,5.58,4.53,5.33,1003903,516807968.0,-0.03,-0.5597014925373134
2020-09-14,15:00,sz300067,安诺其,5.31,6.14,5.31,5.99,1092672,626897152.0,0.66,12.382739212007504
2020-09-15,15:00,sz300067,安诺其,6.13,6.28,5.68,5.85,1093724,653277568.0,-0.14,-2.337228714524207
2020-09-16,15:00,sz300067,安诺其,5.86,5.99,5.45,5.59,792994,449280480.0,-0.26,-4.444444444444445
2020-09-17,15:00,sz300067,安诺其,5.6,5.85,5.4,5.85,829330,468970080.0,0.26,4.651162790697675
2020-09-18,15:00,sz300067,安诺其,5.77,5.78,5.5,5.58,660053,370449376.0,-0.27,-4.615384615384616
2020-09-21,15:00,sz300067,安诺其,5.52,5.78,5.44,5.56,488400,275503776.0,-0.02,-0.3584229390681003
2020-09-22,15:00,sz300067,安诺其,5.48,5.62,5.28,5.34,495098,270862272.0,-0.22,-3.956834532374101
2020-09-23,15:00,sz300067,安诺其,5.34,5.45,5.25,5.39,383677,205932640.0,0.05,0.9363295880149812
2020-09-24,15:00,sz300067,安诺其,5.31,5.31,4.9,4.98,564416,287735488.0,-0.41,-7.606679035250464
2020-09-25,15:00,sz300067,安诺其,5.07,5.11,4.9,4.95,288699,143829120.0,-0.03,-0.6024096385542169
2020-09-28,15:00,sz300067,安诺其,4.94,4.99,4.77,4.79,278599,135113088.0,-0.16,-3.2323232323232323
2020-09-29,15:00,sz300067,安诺其,4.86,5.01,4.83,4.93,292718,144295680.0,0.14,2.9227557411273484
2020-09-30,15:00,sz300067,安诺其,4.97,5.08,4.9,4.99,257851,128454440.0,0.06,1.2170385395537524
2020-10-09,15:00,sz300067,安诺其,5.09,5.25,5.03,5.19,289060,149321888.0,0.2,4.008016032064128
2020-10-12,15:00,sz300067,安诺其,5.22,5.44,5.15,5.42,397455,212478816.0,0.23,4.431599229287091
2020-10-13,15:00,sz300067,安诺其,5.42,5.65,5.35,5.65,477194,263936480.0,0.23,4.243542435424354
2020-10-14,15:00,sz300067,安诺其,5.63,5.9,5.47,5.55,625605,354033408.0,-0.1,-1.7699115044247788
2020-10-15,15:00,sz300067,安诺其,5.51,6.45,5.49,6.08,1320690,786700032.0,0.53,9.54954954954955
2020-10-16,15:00,sz300067,安诺其,6.0,6.23,5.85,6.15,975091,589085504.0,0.07,1.151315789473684
2020-10-19,15:00,sz300067,安诺其,6.27,6.39,5.97,6.17,894523,556198592.0,0.02,0.3252032520325203
2020-10-20,15:00,sz300067,安诺其,6.0,6.18,5.94,6.11,703590,426036768.0,-0.06,-0.9724473257698544
2020-10-21,15:00,sz300067,安诺其,6.12,6.14,5.81,5.81,674972,402830848.0,-0.3,-4.909983633387888
2020-10-22,15:00,sz300067,安诺其,5.81,6.03,5.69,5.83,573218,337115104.0,0.02,0.3442340791738382
2020-10-23,15:00,sz300067,安诺其,5.9,6.04,5.76,5.82,446944,263936624.0,-0.01,-0.1715265866209262
2020-10-26,15:00,sz300067,安诺其,5.83,5.89,5.63,5.74,366495,210664640.0,-0.08,-1.3745704467353952
2020-10-27,15:00,sz300067,安诺其,5.7,6.04,5.67,5.94,552231,323717376.0,0.2,3.484320557491289
2020-10-28,15:00,sz300067,安诺其,5.9,5.96,5.48,5.72,629200,357024320.0,-0.22,-3.7037037037037033
2020-10-29,15:00,sz300067,安诺其,5.52,5.84,5.49,5.61,419485,238238448.0,-0.11,-1.9230769230769231
2020-10-30,15:00,sz300067,安诺其,5.63,5.7,5.24,5.24,448985,244599312.0,-0.37,-6.59536541889483
2020-11-02,15:00,sz300067,安诺其,5.25,5.49,5.2,5.39,287186,155026976.0,0.15,2.862595419847328
2020-11-03,15:00,sz300067,安诺其,5.47,5.51,5.4,5.49,246393,134523328.0,0.1,1.855287569573284
2020-11-04,15:00,sz300067,安诺其,5.48,5.52,5.29,5.38,249052,134526544.0,-0.11,-2.0036429872495445
2020-11-05,15:00,sz300067,安诺其,5.46,5.6,5.42,5.51,357417,197057648.0,0.13,2.41635687732342
2020-11-06,15:00,sz300067,安诺其,5.52,5.74,5.27,5.31,549126,301575008.0,-0.2,-3.6297640653357535
2020-11-09,15:00,sz300067,安诺其,5.34,5.65,5.29,5.5,451204,248838624.0,0.19,3.5781544256120528
2020-11-10,15:00,sz300067,安诺其,5.52,5.54,5.12,5.17,511779,269852416.0,-0.33,-6.0
2020-11-11,15:00,sz300067,安诺其,5.15,5.19,4.96,4.98,293681,147977520.0,-0.19,-3.67504835589942
2020-11-12,15:00,sz300067,安诺其,5.01,5.1,4.88,5.09,244664,121926848.0,0.11,2.208835341365462
2020-11-13,15:00,sz300067,安诺其,5.04,5.23,4.99,5.17,282199,144773504.0,0.08,1.5717092337917484
2020-11-16,15:00,sz300067,安诺其,5.27,5.47,5.21,5.45,517066,277635168.0,0.28,5.415860735009671
2020-11-17,15:00,sz300067,安诺其,5.4,5.51,5.26,5.35,367125,196958320.0,-0.1,-1.834862385321101
2020-11-18,15:00,sz300067,安诺其,5.35,5.62,5.3,5.61,634669,347184672.0,0.26,4.859813084112149
2020-11-19,15:00,sz300067,安诺其,5.56,5.56,5.4,5.46,458099,250202144.0,-0.15,-2.6737967914438503
2020-11-20,15:00,sz300067,安诺其,5.43,5.43,5.22,5.31,340078,180638208.0,-0.15,-2.7472527472527477
2020-11-23,15:00,sz300067,安诺其,5.46,6.2,5.42,5.82,1304556,765341056.0,0.51,9.6045197740113
2020-11-24,15:00,sz300067,安诺其,5.62,5.82,5.58,5.72,858529,486829312.0,-0.1,-1.718213058419244
2020-11-25,15:00,sz300067,安诺其,5.67,5.69,5.4,5.4,542480,299683296.0,-0.32,-5.594405594405594
2020-11-26,15:00,sz300067,安诺其,5.42,5.44,5.18,5.2,413620,218145200.0,-0.2,-3.7037037037037033
2020-11-27,15:00,sz300067,安诺其,5.21,5.21,5.04,5.18,284415,146240016.0,-0.02,-0.3846153846153846
2020-11-30,15:00,sz300067,安诺其,5.14,5.23,5.09,5.11,245168,126708616.0,-0.07,-1.351351351351351
2020-12-01,15:00,sz300067,安诺其,5.08,5.2,5.08,5.15,202875,104505752.0,0.04,0.7827788649706457
2020-12-02,15:00,sz300067,安诺其,5.15,5.16,5.06,5.1,214306,109279376.0,-0.05,-0.9708737864077668
2020-12-03,15:00,sz300067,安诺其,5.11,5.12,5.04,5.08,174501,88546872.0,-0.02,-0.392156862745098
2020-12-04,15:00,sz300067,安诺其,5.05,5.3,5.05,5.17,285858,148822976.0,0.09,1.7716535433070866
2020-12-07,15:00,sz300067,安诺其,5.14,5.17,5.07,5.07,165534,84460920.0,-0.1,-1.9342359767891684
2020-12-08,15:00,sz300067,安诺其,5.06,5.09,4.95,4.96,189409,94960312.0,-0.11,-2.1696252465483234
2020-12-09,15:00,sz300067,安诺其,4.98,4.99,4.83,4.84,164372,80502520.0,-0.12,-2.419354838709677
2020-12-10,15:00,sz300067,安诺其,4.82,4.89,4.77,4.85,103626,50176444.0,0.01,0.2066115702479339
2020-12-11,15:00,sz300067,安诺其,4.86,4.87,4.61,4.75,185772,87681112.0,-0.1,-2.061855670103093
2020-12-14,15:00,sz300067,安诺其,4.69,4.86,4.63,4.81,135362,64870948.0,0.06,1.263157894736842
2020-12-15,15:00,sz300067,安诺其,4.81,4.83,4.67,4.68,112596,53203592.0,-0.13,-2.702702702702702
2020-12-16,15:00,sz300067,安诺其,4.68,4.7,4.46,4.48,179823,81987272.0,-0.2,-4.273504273504273
2020-12-17,15:00,sz300067,安诺其,4.45,4.65,4.37,4.61,231044,104592248.0,0.13,2.9017857142857144
2020-12-18,15:00,sz300067,安诺其,4.58,4.65,4.5,4.58,141825,64675968.0,-0.03,-0.6507592190889371
2020-12-21,15:00,sz300067,安诺其,4.54,4.62,4.52,4.59,122335,56048416.0,0.01,0.2183406113537117
2020-12-22,15:00,sz300067,安诺其,4.59,4.75,4.53,4.53,194365,89882976.0,-0.06,-1.30718954248366
2020-12-23,15:00,sz300067,安诺其,4.52,4.58,4.46,4.47,135058,60994080.0,-0.06,-1.3245033112582782
2020-12-24,15:00,sz300067,安诺其,4.47,4.47,4.26,4.3,176452,76754848.0,-0.17,-3.803131991051454
2020-12-25,15:00,sz300067,安诺其,4.28,4.38,4.27,4.35,110794,48076272.0,0.05,1.162790697674419
2020-12-28,15:00,sz300067,安诺其,4.36,4.37,4.21,4.21,115630,49359600.0,-0.14,-3.218390804597701
2020-12-29,15:00,sz300067,安诺其,4.21,4.28,4.18,4.22,108370,45837920.0,0.01,0.2375296912114014
2020-12-30,15:00,sz300067,安诺其,4.26,4.35,4.23,4.3,132811,57032648.0,0.08,1.895734597156398
2020-12-31,15:00,sz300067,安诺其,4.34,4.47,4.3,4.44,179274,78616208.0,0.14,3.255813953488372
2021-01-04,15:00,sz300067,安诺其,4.47,4.68,4.44,4.58,270237,123647872.0,0.14,3.153153153153153
2021-01-05,15:00,sz300067,安诺其,4.51,4.71,4.46,4.62,292607,133689336.0,0.04,0.8733624454148471
2021-01-06,15:00,sz300067,安诺其,4.59,4.6,4.36,4.37,210767,93875464.0,-0.25,-5.411255411255411
2021-01-07,15:00,sz300067,安诺其,4.4,4.43,4.17,4.19,175562,74539448.0,-0.18,-4.118993135011442
2021-01-08,15:00,sz300067,安诺其,4.19,4.3,4.07,4.24,118598,49964180.0,0.05,1.1933174224343674
2021-01-11,15:00,sz300067,安诺其,4.21,4.22,4.01,4.02,162030,66224620.0,-0.22,-5.188679245283019
2021-01-12,15:00,sz300067,安诺其,4.0,4.13,3.99,4.02,111439,45094884.0,0.0,0.0
2021-01-13,15:00,sz300067,安诺其,4.02,4.03,3.82,3.87,183588,71436248.0,-0.15,-3.731343283582089
2021-01-14,15:00,sz300067,安诺其,3.87,3.92,3.76,3.86,105465,40495184.0,-0.01,-0.2583979328165375
2021-01-15,15:00,sz300067,安诺其,3.86,4.01,3.85,4.0,134896,53491856.0,0.14,3.6269430051813463
2021-01-18,15:00,sz300067,安诺其,4.02,4.15,3.99,4.12,125789,51491276.0,0.12,3.0
2021-01-19,15:00,sz300067,安诺其,4.13,4.22,4.1,4.15,112544,46893008.0,0.03,0.7281553398058253
2021-01-20,15:00,sz300067,安诺其,4.2,4.38,4.14,4.31,234787,99884976.0,0.16,3.855421686746989
2021-01-21,15:00,sz300067,安诺其,4.26,4.31,4.15,4.21,204513,86520304.0,-0.1,-2.320185614849188
2021-01-22,15:00,sz300067,安诺其,4.2,4.26,4.12,4.13,130636,54662932.0,-0.08,-1.9002375296912115
2021-01-25,15:00,sz300067,安诺其,4.1,4.18,4.02,4.05,119780,49003688.0,-0.08,-1.937046004842615
2021-01-26,15:00,sz300067,安诺其,4.03,4.13,3.92,3.95,124210,49810264.0,-0.1,-2.469135802469136
2021-01-27,15:00,sz300067,安诺其,3.94,3.99,3.89,3.91,115887,45608792.0,-0.04,-1.0126582278481011
2021-01-28,15:00,sz300067,安诺其,3.88,4.03,3.86,3.94,106371,42280976.0,0.03,0.7672634271099744
2021-01-29,15:00,sz300067,安诺其,3.96,3.97,3.77,3.82,113163,43569520.0,-0.12,-3.045685279187817
2021-02-01,15:00,sz300067,安诺其,3.82,4.04,3.79,3.95,111609,43753620.0,0.13,3.4031413612565444
2021-02-02,15:00,sz300067,安诺其,3.93,4.28,3.92,4.15,242046,100074424.0,0.2,5.063291139240507
2021-02-03,15:00,sz300067,安诺其,4.1,4.14,3.99,4.0,148624,60348228.0,-0.15,-3.614457831325301
2021-02-04,15:00,sz300067,安诺其,3.98,4.03,3.83,3.89,108526,42366968.0,-0.11,-2.75
2021-02-05,15:00,sz300067,安诺其,3.94,3.97,3.83,3.83,75560,29297380.0,-0.06,-1.5424164524421593
2021-02-08,15:00,sz300067,安诺其,3.84,4.11,3.79,3.99,154554,61404396.0,0.16,4.177545691906006
2021-02-09,15:00,sz300067,安诺其,3.95,4.04,3.93,4.0,128169,51115908.0,0.01,0.2506265664160401
2021-02-10,15:00,sz300067,安诺其,4.0,4.28,3.98,4.24,284151,118582656.0,0.24,6.0
2021-02-18,15:00,sz300067,安诺其,4.36,4.4,4.23,4.24,281026,120364656.0,0.0,0.0
2021-02-19,15:00,sz300067,安诺其,4.27,4.43,4.24,4.38,303003,131787472.0,0.14,3.30188679245283
2021-02-22,15:00,sz300067,安诺其,4.49,4.67,4.45,4.54,447844,204623584.0,0.16,3.65296803652968
2021-02-23,15:00,sz300067,安诺其,4.44,4.59,4.43,4.45,281172,126444280.0,-0.09,-1.9823788546255507
2021-02-24,15:00,sz300067,安诺其,4.43,4.57,4.38,4.52,276272,123766240.0,0.07,1.5730337078651686
2021-02-25,15:00,sz300067,安诺其,4.55,4.6,4.28,4.3,252091,110031216.0,-0.22,-4.867256637168142
2021-02-26,15:00,sz300067,安诺其,4.22,4.35,4.2,4.34,161147,69146728.0,0.04,0.9302325581395348
2021-03-01,15:00,sz300067,安诺其,4.37,4.56,4.37,4.55,264106,118276504.0,0.21,4.838709677419355
2021-03-02,15:00,sz300067,安诺其,4.56,4.56,4.38,4.4,214390,95272176.0,-0.15,-3.296703296703297
2021-03-03,15:00,sz300067,安诺其,4.4,4.52,4.38,4.46,175432,78067552.0,0.06,1.3636363636363635
2021-03-04,15:00,sz300067,安诺其,4.41,4.46,4.31,4.32,193551,84713040.0,-0.14,-3.1390134529147984
2021-03-05,15:00,sz300067,安诺其,4.37,4.56,4.34,4.5,269705,120218496.0,0.18,4.166666666666666
2021-03-08,15:00,sz300067,安诺其,4.58,4.87,4.53,4.69,530803,248670592.0,0.19,4.222222222222222
2021-03-09,15:00,sz300067,安诺其,4.66,5.09,4.63,4.72,685346,331565824.0,0.03,0.6396588486140725
2021-03-10,15:00,sz300067,安诺其,4.63,4.75,4.36,4.42,440156,197742096.0,-0.3,-6.3559322033898304
2021-03-11,15:00,sz300067,安诺其,4.4,4.48,4.25,4.48,243581,107053720.0,0.06,1.3574660633484164
2021-03-12,15:00,sz300067,安诺其,4.45,4.49,4.34,4.38,220829,97012584.0,-0.1,-2.232142857142857
2021-03-15,15:00,sz300067,安诺其,4.38,4.46,4.3,4.36,174570,76341712.0,-0.02,-0.45662100456621
2021-03-16,15:00,sz300067,安诺其,4.35,4.6,4.34,4.55,341567,153228464.0,0.19,4.357798165137615
2021-03-17,15:00,sz300067,安诺其,4.6,4.72,4.56,4.65,363968,169140336.0,0.1,2.197802197802198
2021-03-18,15:00,sz300067,安诺其,4.6,4.65,4.55,4.57,216623,99511064.0,-0.08,-1.7204301075268815
2021-03-19,15:00,sz300067,安诺其,4.52,4.63,4.47,4.48,202567,91903688.0,-0.09,-1.9693654266958425
2021-03-22,15:00,sz300067,安诺其,4.47,4.53,4.44,4.49,173264,77711416.0,0.01,0.2232142857142857
2021-03-23,15:00,sz300067,安诺其,4.5,4.5,4.31,4.32,206001,90056640.0,-0.17,-3.78619153674833
2021-03-24,15:00,sz300067,安诺其,4.3,4.34,4.19,4.21,164220,69901616.0,-0.11,-2.5462962962962963
2021-03-25,15:00,sz300067,安诺其,4.22,4.26,4.18,4.22,85535,36131920.0,0.01,0.2375296912114014
2021-03-26,15:00,sz300067,安诺其,4.21,4.28,4.16,4.25,96650,40842104.0,0.03,0.7109004739336493
2021-03-29,15:00,sz300067,安诺其,4.26,4.38,4.2,4.33,184691,79339912.0,0.08,1.8823529411764703
2021-03-30,15:00,sz300067,安诺其,4.35,4.35,4.19,4.21,162028,68815864.0,-0.12,-2.771362586605081
2021-03-31,15:00,sz300067,安诺其,4.2,4.27,4.08,4.26,168025,69850704.0,0.05,1.187648456057007
2021-04-01,15:00,sz300067,安诺其,4.22,4.24,4.16,4.18,80740,33852468.0,-0.08,-1.8779342723004693
2021-04-02,15:00,sz300067,安诺其,4.18,4.22,4.14,4.18,59483,24859008.0,0.0,0.0
2021-04-06,15:00,sz300067,安诺其,4.16,4.23,4.16,4.21,83981,35262796.0,0.03,0.7177033492822966
2021-04-07,15:00,sz300067,安诺其,4.21,4.23,4.17,4.22,80964,34033312.0,0.01,0.2375296912114014
2021-04-08,15:00,sz300067,安诺其,4.2,4.22,4.13,4.15,91290,38175788.0,-0.07,-1.6587677725118484
2021-04-09,15:00,sz300067,安诺其,4.15,4.18,4.11,4.12,71282,29473602.0,-0.03,-0.7228915662650602
2021-04-12,15:00,sz300067,安诺其,4.13,4.13,4.02,4.04,83809,34074232.0,-0.08,-1.9417475728155336
2021-04-13,15:00,sz300067,安诺其,4.04,4.09,4.03,4.08,65837,26691158.0,0.04,0.99009900990099
2021-04-14,15:00,sz300067,安诺其,4.08,4.1,4.05,4.1,48357,19728560.0,0.02,0.4901960784313725
2021-04-15,15:00,sz300067,安诺其,4.1,4.1,4.05,4.07,39160,15914565.0,-0.03,-0.7317073170731708
2021-04-16,15:00,sz300067,安诺其,4.06,4.14,4.06,4.13,63873,26257488.0,0.06,1.4742014742014742
2021-04-19,15:00,sz300067,安诺其,4.14,4.27,4.12,4.24,156269,65944532.0,0.11,2.663438256658596
2021-04-20,15:00,sz300067,安诺其,4.3,4.36,4.22,4.23,186865,80012888.0,-0.01,-0.2358490566037736
2021-04-21,15:00,sz300067,安诺其,4.18,4.22,4.15,4.19,73783,30854354.0,-0.04,-0.9456264775413712
2021-04-22,15:00,sz300067,安诺其,4.19,4.2,4.12,4.14,90153,37406700.0,-0.05,-1.1933174224343674
2021-04-23,15:00,sz300067,安诺其,4.14,4.15,4.05,4.09,61188,24985286.0,-0.05,-1.207729468599034
2021-04-26,15:00,sz300067,安诺其,4.05,4.15,4.04,4.07,63856,26141410.0,-0.02,-0.4889975550122249
2021-04-27,15:00,sz300067,安诺其,4.05,4.05,3.92,3.98,102442,40773848.0,-0.09,-2.211302211302211
2021-04-28,15:00,sz300067,安诺其,3.96,4.07,3.96,4.03,57326,23087044.0,0.05,1.256281407035176
2021-04-29,15:00,sz300067,安诺其,4.03,4.04,3.99,4.02,45761,18368904.0,-0.01,-0.2481389578163771
2021-04-30,15:00,sz300067,安诺其,4.01,4.02,3.94,3.95,54420,21603178.0,-0.07,-1.7412935323383083
2021-05-06,15:00,sz300067,安诺其,3.94,4.01,3.94,3.96,52929,21045878.0,0.01,0.2531645569620253
2021-05-07,15:00,sz300067,安诺其,3.98,4.05,3.92,4.02,90131,36074236.0,0.06,1.5151515151515151
2021-05-10,15:00,sz300067,安诺其,4.01,4.07,4.0,4.04,68139,27523090.0,0.02,0.4975124378109453
2021-05-11,15:00,sz300067,安诺其,4.04,4.07,3.95,4.07,91340,36544664.0,0.03,0.7425742574257426
2021-05-12,15:00,sz300067,安诺其,4.03,4.13,4.02,4.11,103810,42355684.0,0.04,0.9828009828009828
2021-05-13,15:00,sz300067,安诺其,4.15,4.23,4.11,4.11,175436,73146208.0,0.0,0.0
2021-05-14,15:00,sz300067,安诺其,4.11,4.16,4.05,4.15,98115,40303872.0,0.04,0.97323600973236
2021-05-17,15:00,sz300067,安诺其,4.11,4.12,4.0,4.02,110460,44812168.0,-0.13,-3.132530120481928
2021-05-18,15:00,sz300067,安诺其,4.05,4.08,4.03,4.05,57114,23170674.0,0.03,0.7462686567164178
2021-05-19,15:00,sz300067,安诺其,4.05,4.06,4.01,4.02,45726,18423364.0,-0.03,-0.7407407407407408
2021-05-20,15:00,sz300067,安诺其,4.02,4.11,3.98,4.05,83758,33833656.0,0.03,0.7462686567164178
2021-05-21,15:00,sz300067,安诺其,4.03,4.09,4.02,4.05,62178,25239710.0,0.0,0.0
2021-05-24,15:00,sz300067,安诺其,4.05,4.1,4.04,4.09,58401,23814144.0,0.04,0.9876543209876544
2021-05-25,15:00,sz300067,安诺其,4.1,4.11,4.05,4.11,63551,25941576.0,0.02,0.4889975550122249
2021-05-26,15:00,sz300067,安诺其,4.1,4.15,4.09,4.15,86637,35793964.0,0.04,0.97323600973236
2021-05-27,15:00,sz300067,安诺其,4.14,4.16,4.12,4.14,70298,29086520.0,-0.01,-0.2409638554216867
2021-05-28,15:00,sz300067,安诺其,4.14,4.15,4.08,4.1,78830,32369642.0,-0.04,-0.966183574879227
2021-05-31,15:00,sz300067,安诺其,4.12,4.13,4.08,4.11,65844,27038388.0,0.01,0.2439024390243902
2021-06-01,15:00,sz300067,安诺其,4.12,4.19,4.08,4.18,147984,61397516.0,0.07,1.70316301703163
2021-06-02,15:00,sz300067,安诺其,4.19,4.19,4.11,4.12,79260,32845736.0,-0.06,-1.4354066985645932
2021-06-03,15:00,sz300067,安诺其,4.11,4.17,4.1,4.13,85330,35311452.0,0.01,0.2427184466019417
2021-06-04,15:00,sz300067,安诺其,4.11,4.15,4.1,4.12,67320,27776264.0,-0.01,-0.2421307506053268
2021-06-07,15:00,sz300067,安诺其,4.11,4.14,4.04,4.09,124622,50876880.0,-0.03,-0.7281553398058253
2021-06-08,15:00,sz300067,安诺其,4.11,4.19,4.04,4.16,154331,63796052.0,0.07,1.7114914425427872
2021-06-09,15:00,sz300067,安诺其,4.14,4.25,4.13,4.23,184344,77467696.0,0.07,1.6826923076923077
2021-06-10,15:00,sz300067,安诺其,4.19,4.29,4.18,4.25,184132,77866072.0,0.02,0.4728132387706856
2021-06-11,15:00,sz300067,安诺其,4.24,4.33,4.16,4.17,163914,69494424.0,-0.08,-1.8823529411764703
2021-06-15,15:00,sz300067,安诺其,4.18,4.35,4.13,4.35,269178,114763560.0,0.18,4.316546762589928
2021-06-16,15:00,sz300067,安诺其,4.32,4.38,4.26,4.29,198869,85528800.0,-0.06,-1.3793103448275863
2021-06-17,15:00,sz300067,安诺其,4.28,4.31,4.2,4.28,132724,56351552.0,-0.01,-0.2331002331002331
2021-06-18,15:00,sz300067,安诺其,4.26,4.42,4.22,4.38,236072,102463792.0,0.1,2.336448598130841
2021-06-21,15:00,sz300067,安诺其,4.44,4.55,4.35,4.37,323310,143497440.0,-0.01,-0.228310502283105
2021-06-22,15:00,sz300067,安诺其,4.34,4.45,4.33,4.38,218928,95948448.0,0.01,0.2288329519450801
2021-06-23,15:00,sz300067,安诺其,4.38,4.39,4.31,4.33,158828,68885392.0,-0.05,-1.141552511415525
2021-06-24,15:00,sz300067,安诺其,4.31,4.35,4.25,4.28,115158,49470860.0,-0.05,-1.1547344110854505
2021-06-25,15:00,sz300067,安诺其,4.28,4.37,4.24,4.37,147120,63343464.0,0.09,2.102803738317757
2021-06-28,15:00,sz300067,安诺其,4.39,4.39,4.29,4.3,116481,50290540.0,-0.07,-1.6018306636155606
2021-06-29,15:00,sz300067,安诺其,4.28,4.3,4.19,4.19,104967,44437592.0,-0.11,-2.558139534883721
2021-06-30,15:00,sz300067,安诺其,4.19,4.25,4.19,4.25,73475,31049624.0,0.06,1.431980906921241
2021-07-01,15:00,sz300067,安诺其,4.23,4.25,4.1,4.1,108140,45026304.0,-0.15,-3.5294117647058822
2021-07-02,15:00,sz300067,安诺其,4.1,4.28,4.06,4.24,174063,72714720.0,0.14,3.414634146341464
2021-07-05,15:00,sz300067,安诺其,4.26,4.31,4.22,4.3,144466,61597180.0,0.06,1.4150943396226416
2021-07-06,15:00,sz300067,安诺其,4.28,4.34,4.22,4.27,113576,48564376.0,-0.03,-0.6976744186046512
2021-07-07,15:00,sz300067,安诺其,4.22,4.3,4.22,4.26,96852,41254156.0,-0.01,-0.234192037470726
2021-07-08,15:00,sz300067,安诺其,4.25,4.39,4.24,4.35,215013,93037040.0,0.09,2.112676056338028
2021-07-09,15:00,sz300067,安诺其,4.33,4.39,4.3,4.37,149843,64979112.0,0.02,0.4597701149425287
2021-07-12,15:00,sz300067,安诺其,4.37,4.4,4.32,4.36,135207,58942148.0,-0.01,-0.2288329519450801
2021-07-13,15:00,sz300067,安诺其,4.36,4.4,4.34,4.38,145637,63617132.0,0.02,0.4587155963302752
2021-07-14,15:00,sz300067,安诺其,4.37,4.38,4.29,4.3,145336,62918336.0,-0.08,-1.82648401826484
2021-07-15,15:00,sz300067,安诺其,4.3,4.31,4.19,4.23,124466,52714684.0,-0.07,-1.627906976744186
2021-07-16,15:00,sz300067,安诺其,4.21,4.49,4.21,4.37,234893,102552808.0,0.14,3.309692671394799
2021-07-19,15:00,sz300067,安诺其,4.39,4.49,4.34,4.45,255224,112971064.0,0.08,1.8306636155606408
2021-07-20,15:00,sz300067,安诺其,4.41,4.43,4.33,4.42,149632,65593308.0,-0.03,-0.6741573033707865
2021-07-21,15:00,sz300067,安诺其,4.42,4.54,4.41,4.49,259070,116125888.0,0.07,1.583710407239819
2021-07-22,15:00,sz300067,安诺其,4.5,4.64,4.47,4.63,366339,167601232.0,0.14,3.11804008908686
2021-07-23,15:00,sz300067,安诺其,4.6,4.63,4.49,4.51,261070,118630344.0,-0.12,-2.591792656587473
2021-07-26,15:00,sz300067,安诺其,4.5,4.65,4.4,4.53,215068,96951528.0,0.02,0.4434589800443459
2021-07-27,15:00,sz300067,安诺其,4.5,4.6,4.35,4.36,178577,79520408.0,-0.17,-3.7527593818984544
2021-07-28,15:00,sz300067,安诺其,4.34,4.44,4.11,4.23,205001,87866696.0,-0.13,-2.981651376146789
2021-07-29,15:00,sz300067,安诺其,4.28,4.44,4.26,4.39,154104,67124176.0,0.16,3.7825059101654848
2021-07-30,15:00,sz300067,安诺其,4.37,4.64,4.37,4.61,335076,152132128.0,0.22,5.0113895216400905
2021-08-02,15:00,sz300067,安诺其,4.58,4.65,4.53,4.62,218803,100644744.0,0.01,0.2169197396963123
2021-08-03,15:00,sz300067,安诺其,4.6,4.79,4.54,4.67,360832,169261824.0,0.05,1.0822510822510822
2021-08-04,15:00,sz300067,安诺其,4.65,4.78,4.6,4.74,284291,134230592.0,0.07,1.4989293361884368
2021-08-05,15:00,sz300067,安诺其,4.72,4.74,4.62,4.66,254774,119361784.0,-0.08,-1.6877637130801686
2021-08-06,15:00,sz300067,安诺其,4.68,4.86,4.67,4.75,283103,134942560.0,0.09,1.9313304721030045
2021-08-09,15:00,sz300067,安诺其,4.75,4.75,4.61,4.66,206675,96456392.0,-0.09,-1.8947368421052635
2021-08-10,15:00,sz300067,安诺其,4.68,4.85,4.64,4.79,249031,118895144.0,0.13,2.7896995708154506
2021-08-11,15:00,sz300067,安诺其,4.78,4.98,4.71,4.91,322437,157853424.0,0.12,2.5052192066805845
2021-08-12,15:00,sz300067,安诺其,4.92,4.96,4.8,4.95,270639,131971200.0,0.04,0.8146639511201629
2021-08-13,15:00,sz300067,安诺其,4.88,4.88,4.74,4.8,295105,141669424.0,-0.15,-3.0303030303030303
2021-08-16,15:00,sz300067,安诺其,4.82,5.03,4.77,4.81,312274,152195808.0,0.01,0.2083333333333333
2021-08-17,15:00,sz300067,安诺其,4.75,4.83,4.56,4.59,278741,130595264.0,-0.22,-4.573804573804575
2021-08-18,15:00,sz300067,安诺其,4.56,4.96,4.56,4.83,354879,170508752.0,0.24,5.228758169934641
2021-08-19,15:00,sz300067,安诺其,4.76,4.83,4.63,4.69,196974,92594176.0,-0.14,-2.898550724637681
2021-08-20,15:00,sz300067,安诺其,4.72,4.77,4.5,4.58,206096,93975648.0,-0.11,-2.345415778251599
2021-08-23,15:00,sz300067,安诺其,4.58,4.93,4.58,4.87,401661,193607696.0,0.29,6.331877729257641
2021-08-24,15:00,sz300067,安诺其,4.88,4.9,4.81,4.85,182728,88667072.0,-0.02,-0.4106776180698152
2021-08-25,15:00,sz300067,安诺其,4.86,4.89,4.77,4.85,169821,81869992.0,0.0,0.0
2021-08-26,15:00,sz300067,安诺其,4.84,4.98,4.81,4.95,364954,179735200.0,0.1,2.061855670103093
2021-08-27,15:00,sz300067,安诺其,4.85,4.85,4.4,4.64,523988,240174752.0,-0.31,-6.262626262626263
2021-08-30,15:00,sz300067,安诺其,4.66,4.72,4.49,4.56,273217,125897712.0,-0.08,-1.7241379310344829
2021-08-31,15:00,sz300067,安诺其,4.53,4.6,4.5,4.58,150352,68375944.0,0.02,0.4385964912280701
2021-09-01,15:00,sz300067,安诺其,4.58,4.64,4.39,4.41,251757,112675880.0,-0.17,-3.711790393013101
2021-09-02,15:00,sz300067,安诺其,4.41,4.48,4.34,4.47,132773,58815120.0,0.06,1.3605442176870748
2021-09-03,15:00,sz300067,安诺其,4.44,4.68,4.42,4.55,238628,109445904.0,0.08,1.7897091722595078
2021-09-06,15:00,sz300067,安诺其,4.58,4.74,4.52,4.6,203617,93632816.0,0.05,1.098901098901099
2021-09-07,15:00,sz300067,安诺其,4.6,4.85,4.54,4.81,425003,201445440.0,0.21,4.565217391304348
2021-09-08,15:00,sz300067,安诺其,4.78,4.91,4.73,4.86,440760,213615440.0,0.05,1.0395010395010396
2021-09-09,15:00,sz300067,安诺其,4.84,5.06,4.8,4.96,407822,202910992.0,0.1,2.05761316872428
2021-09-10,15:00,sz300067,安诺其,4.9,4.99,4.8,4.87,325167,159150384.0,-0.09,-1.8145161290322585
2021-09-13,15:00,sz300067,安诺其,4.98,5.03,4.8,4.95,306008,150532576.0,0.08,1.642710472279261
2021-09-14,15:00,sz300067,安诺其,4.9,4.96,4.82,4.83,232792,113622000.0,-0.12,-2.4242424242424243
2021-09-15,15:00,sz300067,安诺其,4.88,5.14,4.8,5.08,520159,259421616.0,0.25,5.175983436853002
2021-09-16,15:00,sz300067,安诺其,5.03,5.17,4.91,4.99,467960,235396864.0,-0.09,-1.7716535433070866
2021-09-17,15:00,sz300067,安诺其,4.96,5.02,4.76,4.94,351385,172351616.0,-0.05,-1.002004008016032
2021-09-22,15:00,sz300067,安诺其,4.9,5.51,4.9,5.19,721934,371718016.0,0.25,5.060728744939271
2021-09-23,15:00,sz300067,安诺其,5.5,5.67,5.02,5.08,829186,433290496.0,-0.11,-2.119460500963391
2021-09-24,15:00,sz300067,安诺其,4.99,5.23,4.82,4.82,504286,251098720.0,-0.26,-5.118110236220472
2021-09-27,15:00,sz300067,安诺其,4.82,4.82,4.37,4.38,449106,203676640.0,-0.44,-9.12863070539419
2021-09-28,15:00,sz300067,安诺其,4.4,4.52,4.34,4.47,188047,83360056.0,0.09,2.054794520547945
2021-09-29,15:00,sz300067,安诺其,4.4,4.47,4.25,4.26,184285,80087936.0,-0.21,-4.697986577181208
2021-09-30,15:00,sz300067,安诺其,4.27,4.38,4.27,4.33,127749,55308948.0,0.07,1.643192488262911
2021-10-08,15:00,sz300067,安诺其,4.36,4.5,4.34,4.49,229447,101833336.0,0.16,3.695150115473441
2021-10-11,15:00,sz300067,安诺其,4.49,4.52,4.4,4.47,180650,80560840.0,-0.02,-0.4454342984409799
2021-10-12,15:00,sz300067,安诺其,4.4,4.45,4.23,4.29,169344,73124272.0,-0.18,-4.026845637583892
2021-10-13,15:00,sz300067,安诺其,4.28,4.31,4.18,4.27,110006,46585532.0,-0.02,-0.4662004662004662
2021-10-14,15:00,sz300067,安诺其,4.25,4.28,4.18,4.23,83638,35414776.0,-0.04,-0.936768149882904
2021-10-15,15:00,sz300067,安诺其,4.25,4.25,4.07,4.1,142675,59227928.0,-0.13,-3.0732860520094563
2021-10-18,15:00,sz300067,安诺其,4.11,4.17,4.07,4.16,85166,35176548.0,0.06,1.4634146341463417
2021-10-19,15:00,sz300067,安诺其,4.16,4.17,4.11,4.12,85426,35317800.0,-0.04,-0.9615384615384616
2021-10-20,15:00,sz300067,安诺其,4.1,4.11,4.05,4.07,85798,35021700.0,-0.05,-1.2135922330097086
2021-10-21,15:00,sz300067,安诺其,4.07,4.12,4.03,4.07,101138,41212536.0,0.0,0.0
2021-10-22,15:00,sz300067,安诺其,4.08,4.09,3.95,3.96,131820,52805984.0,-0.11,-2.702702702702702
2021-10-25,15:00,sz300067,安诺其,3.96,4.02,3.95,4.0,61322,24427952.0,0.04,1.0101010101010102
2021-10-26,15:00,sz300067,安诺其,4.0,4.05,3.96,4.0,68001,27274980.0,0.0,0.0
2021-10-27,15:00,sz300067,安诺其,3.99,3.99,3.79,3.84,136344,52535728.0,-0.16,-4.0
2021-10-28,15:00,sz300067,安诺其,3.85,3.89,3.78,3.79,70169,26789824.0,-0.05,-1.3020833333333337
2021-10-29,15:00,sz300067,安诺其,3.81,3.91,3.81,3.9,86146,33381790.0,0.11,2.9023746701846966
2021-11-01,15:00,sz300067,安诺其,3.88,3.98,3.85,3.94,130044,51012820.0,0.04,1.0256410256410255
2021-11-02,15:00,sz300067,安诺其,3.96,4.09,3.89,3.94,252430,99953272.0,0.0,0.0
2021-11-03,15:00,sz300067,安诺其,3.98,4.03,3.92,4.0,205385,81534832.0,0.06,1.5228426395939088
2021-11-04,15:00,sz300067,安诺其,3.97,4.0,3.95,3.97,135938,53924956.0,-0.03,-0.75
2021-11-05,15:00,sz300067,安诺其,3.96,3.97,3.9,3.94,114731,45174112.0,-0.03,-0.7556675062972292
2021-11-08,15:00,sz300067,安诺其,3.94,3.97,3.91,3.96,105712,41683048.0,0.02,0.5076142131979695
2021-11-09,15:00,sz300067,安诺其,3.96,4.04,3.95,4.02,143809,57597028.0,0.06,1.5151515151515151
2021-11-10,15:00,sz300067,安诺其,4.01,4.06,3.98,4.05,136631,54907868.0,0.03,0.7462686567164178
2021-11-11,15:00,sz300067,安诺其,4.04,4.09,4.02,4.07,137096,55604184.0,0.02,0.4938271604938271
2021-11-12,15:00,sz300067,安诺其,4.1,4.1,4.03,4.08,140490,57115372.0,0.01,0.2457002457002457
2021-11-15,15:00,sz300067,安诺其,4.07,4.17,4.05,4.16,187814,77291600.0,0.08,1.96078431372549
2021-11-16,15:00,sz300067,安诺其,4.15,4.23,4.11,4.14,212570,88698448.0,-0.02,-0.4807692307692308
2021-11-17,15:00,sz300067,安诺其,4.13,4.19,4.11,4.18,127059,52851188.0,0.04,0.966183574879227
2021-11-18,15:00,sz300067,安诺其,4.16,4.19,4.1,4.1,139883,58007244.0,-0.08,-1.9138755980861244
2021-11-19,15:00,sz300067,安诺其,4.09,4.2,4.09,4.16,124489,51604908.0,0.06,1.4634146341463417
2021-11-22,15:00,sz300067,安诺其,4.17,4.2,4.14,4.17,95017,39646792.0,0.01,0.2403846153846154
2021-11-23,15:00,sz300067,安诺其,4.17,4.2,4.14,4.16,102090,42494628.0,-0.01,-0.2398081534772182
2021-11-24,15:00,sz300067,安诺其,4.17,4.17,4.1,4.15,108220,44696752.0,-0.01,-0.2403846153846154
2021-11-25,15:00,sz300067,安诺其,4.16,4.19,4.08,4.14,138063,57287552.0,-0.01,-0.2409638554216867
2021-11-26,15:00,sz300067,安诺其,4.13,4.16,4.1,4.12,92841,38327160.0,-0.02,-0.4830917874396135
2021-11-29,15:00,sz300067,安诺其,4.06,4.09,4.04,4.07,112899,45912444.0,-0.05,-1.2135922330097086
2021-11-30,15:00,sz300067,安诺其,4.08,4.18,4.07,4.14,158082,65476480.0,0.07,1.71990171990172
2021-12-01,15:00,sz300067,安诺其,4.14,4.26,4.14,4.25,190324,80198800.0,0.11,2.657004830917874
2021-12-02,15:00,sz300067,安诺其,4.25,4.26,4.19,4.22,140391,59216820.0,-0.03,-0.7058823529411765
2021-12-03,15:00,sz300067,安诺其,4.22,4.25,4.18,4.23,106084,44727604.0,0.01,0.2369668246445497
2021-12-06,15:00,sz300067,安诺其,4.24,4.24,4.09,4.1,137589,57073584.0,-0.13,-3.0732860520094563
2021-12-07,15:00,sz300067,安诺其,4.11,4.15,4.02,4.06,128245,52148036.0,-0.04,-0.975609756097561
2021-12-08,15:00,sz300067,安诺其,4.06,4.12,4.05,4.09,90788,37069156.0,0.03,0.7389162561576355
2021-12-09,15:00,sz300067,安诺其,4.08,4.13,4.07,4.11,108211,44400784.0,0.02,0.4889975550122249
2021-12-10,15:00,sz300067,安诺其,4.13,4.33,4.12,4.22,345823,145886304.0,0.11,2.67639902676399
2021-12-13,15:00,sz300067,安诺其,4.46,4.6,4.26,4.33,559226,243681520.0,0.11,2.6066350710900474
2021-12-14,15:00,sz300067,安诺其,4.29,4.55,4.29,4.48,570484,253029536.0,0.15,3.4642032332563506
2021-12-15,15:00,sz300067,安诺其,4.5,4.5,4.36,4.4,407064,180374624.0,-0.08,-1.7857142857142856
2021-12-16,15:00,sz300067,安诺其,4.41,4.44,4.32,4.36,261312,113792264.0,-0.04,-0.9090909090909092
2021-12-17,15:00,sz300067,安诺其,4.35,4.38,4.3,4.34,178691,77517976.0,-0.02,-0.4587155963302752
2021-12-20,15:00,sz300067,安诺其,4.31,4.36,4.27,4.3,181381,78308520.0,-0.04,-0.9216589861751152
2021-12-21,15:00,sz300067,安诺其,4.28,4.44,4.27,4.42,307295,134419200.0,0.12,2.7906976744186047
2021-12-22,15:00,sz300067,安诺其,4.44,4.46,4.37,4.41,240804,106336664.0,-0.01,-0.2262443438914027
2021-12-23,15:00,sz300067,安诺其,4.38,4.4,4.27,4.28,204646,88304200.0,-0.13,-2.947845804988662
2021-12-24,15:00,sz300067,安诺其,4.28,4.29,4.14,4.16,179950,75615112.0,-0.12,-2.803738317757009
2021-12-27,15:00,sz300067,安诺其,4.14,4.21,4.12,4.18,107586,44888388.0,0.02,0.4807692307692308
2021-12-28,15:00,sz300067,安诺其,4.18,4.29,4.17,4.26,131100,55496260.0,0.08,1.9138755980861244
2021-12-29,15:00,sz300067,安诺其,4.24,4.32,4.23,4.31,169753,72728416.0,0.05,1.1737089201877933
2021-12-30,15:00,sz300067,安诺其,4.31,4.34,4.29,4.3,132279,57031312.0,-0.01,-0.2320185614849187
2021-12-31,15:00,sz300067,安诺其,4.3,4.38,4.27,4.36,158154,68646048.0,0.06,1.3953488372093024
