日期,时间,代码,名称,开盘,最高,最低,收盘,总手,金额,涨幅,涨幅比
2015-01-05,15:00,sh600269,赣粤高速,5.07,5.16,5.0,5.12,603634,307338016.0,0.07,1.3861386138613865
2015-01-06,15:00,sh600269,赣粤高速,5.11,5.48,5.04,5.28,849920,448241760.0,0.16,3.125
2015-01-07,15:00,sh600269,赣粤高速,5.2,5.45,5.15,5.38,838441,445735584.0,0.1,1.893939393939394
2015-01-08,15:00,sh600269,赣粤高速,5.35,5.44,5.07,5.11,687107,358634624.0,-0.27,-5.018587360594796
2015-01-09,15:00,sh600269,赣粤高速,5.07,5.16,4.99,5.02,439329,222290048.0,-0.09,-1.761252446183953
2015-01-12,15:00,sh600269,赣粤高速,4.98,4.98,4.79,4.83,322323,157521776.0,-0.19,-3.784860557768925
2015-01-13,15:00,sh600269,赣粤高速,4.83,4.89,4.8,4.85,148874,72196816.0,0.02,0.4140786749482402
2015-01-14,15:00,sh600269,赣粤高速,4.85,4.9,4.8,4.82,134495,65159640.0,-0.03,-0.6185567010309279
2015-01-15,15:00,sh600269,赣粤高速,4.89,4.97,4.85,4.97,170426,83795192.0,0.15,3.112033195020747
2015-01-16,15:00,sh600269,赣粤高速,5.04,5.08,4.93,4.98,208455,104179696.0,0.01,0.2012072434607646
2015-01-19,15:00,sh600269,赣粤高速,4.8,4.89,4.49,4.58,458955,215773072.0,-0.4,-8.032128514056225
2015-01-20,15:00,sh600269,赣粤高速,4.62,4.78,4.61,4.73,254228,119203336.0,0.15,3.2751091703056767
2015-01-21,15:00,sh600269,赣粤高速,4.74,4.9,4.7,4.89,274266,132084936.0,0.16,3.382663847780127
2015-01-22,15:00,sh600269,赣粤高速,4.89,4.94,4.85,4.9,205833,100684408.0,0.01,0.2044989775051125
2015-01-23,15:00,sh600269,赣粤高速,4.91,4.96,4.82,4.85,189840,92672488.0,-0.05,-1.020408163265306
2015-01-26,15:00,sh600269,赣粤高速,4.85,4.91,4.81,4.91,173788,84361304.0,0.06,1.2371134020618555
2015-01-27,15:00,sh600269,赣粤高速,4.91,4.98,4.82,4.95,332370,163391968.0,0.04,0.8146639511201629
2015-01-28,15:00,sh600269,赣粤高速,4.93,4.98,4.85,4.93,218284,107661984.0,-0.02,-0.404040404040404
2015-01-29,15:00,sh600269,赣粤高速,4.94,5.05,4.87,4.99,303884,151497840.0,0.06,1.2170385395537524
2015-01-30,15:00,sh600269,赣粤高速,5.02,5.03,4.87,4.87,192996,95022016.0,-0.12,-2.404809619238477
2015-02-02,15:00,sh600269,赣粤高速,4.82,4.83,4.71,4.75,196041,93579720.0,-0.12,-2.4640657084188917
2015-02-03,15:00,sh600269,赣粤高速,4.78,4.8,4.72,4.8,168891,80480248.0,0.05,1.0526315789473684
2015-02-04,15:00,sh600269,赣粤高速,4.8,4.82,4.7,4.72,179508,85353312.0,-0.08,-1.6666666666666667
2015-02-05,15:00,sh600269,赣粤高速,4.79,4.81,4.58,4.62,317958,148142560.0,-0.1,-2.11864406779661
2015-02-06,15:00,sh600269,赣粤高速,4.58,4.6,4.42,4.44,259273,116935512.0,-0.18,-3.896103896103896
2015-02-09,15:00,sh600269,赣粤高速,4.41,4.47,4.33,4.37,180754,79207584.0,-0.07,-1.5765765765765765
2015-02-10,15:00,sh600269,赣粤高速,4.37,4.45,4.37,4.45,112714,49818584.0,0.08,1.8306636155606408
2015-02-11,15:00,sh600269,赣粤高速,4.45,4.54,4.45,4.49,98336,44098828.0,0.04,0.8988764044943821
2015-02-12,15:00,sh600269,赣粤高速,4.49,4.52,4.45,4.51,93334,41916908.0,0.02,0.4454342984409799
2015-02-13,15:00,sh600269,赣粤高速,4.55,4.64,4.53,4.61,154150,70861928.0,0.1,2.217294900221729
2015-02-16,15:00,sh600269,赣粤高速,4.59,4.69,4.58,4.68,125612,58487684.0,0.07,1.5184381778741864
2015-02-17,15:00,sh600269,赣粤高速,4.69,4.72,4.67,4.69,142620,67038660.0,0.01,0.2136752136752137
2015-02-25,15:00,sh600269,赣粤高速,4.71,4.72,4.64,4.66,114129,53390884.0,-0.03,-0.6396588486140725
2015-02-26,15:00,sh600269,赣粤高速,4.66,4.75,4.64,4.75,185581,87231128.0,0.09,1.9313304721030045
2015-02-27,15:00,sh600269,赣粤高速,4.75,4.77,4.72,4.74,146551,69563744.0,-0.01,-0.2105263157894736
2015-03-02,15:00,sh600269,赣粤高速,4.78,4.8,4.73,4.77,223854,106554024.0,0.03,0.6329113924050633
2015-03-03,15:00,sh600269,赣粤高速,4.75,4.78,4.68,4.7,267021,125976536.0,-0.07,-1.4675052410901468
2015-03-04,15:00,sh600269,赣粤高速,4.71,4.75,4.69,4.75,165890,78507472.0,0.05,1.0638297872340423
2015-03-05,15:00,sh600269,赣粤高速,4.75,4.75,4.64,4.67,186074,87148120.0,-0.08,-1.6842105263157894
2015-03-06,15:00,sh600269,赣粤高速,4.67,4.71,4.62,4.63,158055,73551504.0,-0.04,-0.8565310492505354
2015-03-09,15:00,sh600269,赣粤高速,4.62,4.76,4.56,4.72,271952,126698424.0,0.09,1.9438444924406049
2015-03-10,15:00,sh600269,赣粤高速,4.72,4.76,4.68,4.71,176030,83133480.0,-0.01,-0.211864406779661
2015-03-11,15:00,sh600269,赣粤高速,4.7,4.74,4.67,4.69,138258,65053472.0,-0.02,-0.4246284501061571
2015-03-12,15:00,sh600269,赣粤高速,4.69,4.75,4.68,4.74,238695,112730904.0,0.05,1.0660980810234542
2015-03-13,15:00,sh600269,赣粤高速,4.77,4.81,4.77,4.8,247464,118503288.0,0.06,1.2658227848101269
2015-03-16,15:00,sh600269,赣粤高速,4.84,4.98,4.83,4.98,411882,203234304.0,0.18,3.75
2015-03-17,15:00,sh600269,赣粤高速,4.94,5.1,4.92,5.08,742120,372869280.0,0.1,2.0080321285140563
2015-03-18,15:00,sh600269,赣粤高速,5.1,5.4,5.08,5.25,771875,403635968.0,0.17,3.346456692913386
2015-03-19,15:00,sh600269,赣粤高速,5.27,5.32,5.18,5.28,675924,355399616.0,0.03,0.5714285714285714
2015-03-20,15:00,sh600269,赣粤高速,5.31,5.46,5.3,5.34,743814,399683776.0,0.06,1.1363636363636365
2015-03-23,15:00,sh600269,赣粤高速,5.37,5.42,5.26,5.37,681937,364476480.0,0.03,0.5617977528089888
2015-03-24,15:00,sh600269,赣粤高速,5.33,5.6,5.28,5.59,1287116,699520000.0,0.22,4.0968342644320295
2015-03-25,15:00,sh600269,赣粤高速,5.64,5.71,5.45,5.48,746456,414178624.0,-0.11,-1.9677996422182469
2015-03-26,15:00,sh600269,赣粤高速,5.4,5.47,5.34,5.4,499404,269226496.0,-0.08,-1.45985401459854
2015-03-27,15:00,sh600269,赣粤高速,5.4,5.43,5.37,5.39,349083,188466160.0,-0.01,-0.1851851851851852
2015-03-30,15:00,sh600269,赣粤高速,5.45,5.53,5.4,5.53,580710,317813376.0,0.14,2.5974025974025974
2015-03-31,15:00,sh600269,赣粤高速,5.48,5.6,5.47,5.48,659516,365576640.0,-0.05,-0.9041591320072332
2015-04-01,15:00,sh600269,赣粤高速,5.5,5.58,5.48,5.57,494196,272835424.0,0.09,1.6423357664233578
2015-04-02,15:00,sh600269,赣粤高速,5.58,5.66,5.52,5.62,631201,353510912.0,0.05,0.8976660682226212
2015-04-03,15:00,sh600269,赣粤高速,5.57,5.7,5.56,5.7,674165,380185952.0,0.08,1.4234875444839856
2015-04-07,15:00,sh600269,赣粤高速,5.75,6.09,5.75,6.05,1067398,638441856.0,0.35,6.140350877192982
2015-04-08,15:00,sh600269,赣粤高速,6.04,6.12,5.86,5.98,869642,520208288.0,-0.07,-1.1570247933884297
2015-04-09,15:00,sh600269,赣粤高速,5.97,6.1,5.83,5.94,697175,414197824.0,-0.04,-0.6688963210702341
2015-04-10,15:00,sh600269,赣粤高速,5.9,6.04,5.9,6.01,588842,353116320.0,0.07,1.1784511784511784
2015-04-13,15:00,sh600269,赣粤高速,6.06,6.61,6.06,6.6,1228504,787020992.0,0.59,9.816971713810316
2015-04-14,15:00,sh600269,赣粤高速,6.6,6.99,6.48,6.74,1151565,779367744.0,0.14,2.121212121212121
2015-04-15,15:00,sh600269,赣粤高速,6.73,7.2,6.7,6.93,1067801,747024384.0,0.19,2.8189910979228485
2015-04-16,15:00,sh600269,赣粤高速,6.93,6.93,6.51,6.8,800145,541270848.0,-0.13,-1.875901875901876
2015-04-17,15:00,sh600269,赣粤高速,6.84,7.02,6.72,6.82,1008421,690896768.0,0.02,0.2941176470588235
2015-04-20,15:00,sh600269,赣粤高速,6.8,6.8,6.53,6.54,993365,660839424.0,-0.28,-4.105571847507331
2015-04-21,15:00,sh600269,赣粤高速,6.5,6.7,6.49,6.7,525570,347036352.0,0.16,2.4464831804281344
2015-04-22,15:00,sh600269,赣粤高速,6.74,6.98,6.74,6.93,803797,555384640.0,0.23,3.4328358208955225
2015-04-23,15:00,sh600269,赣粤高速,7.02,7.47,7.02,7.19,1160197,839922688.0,0.26,3.751803751803752
2015-04-24,15:00,sh600269,赣粤高速,6.98,7.18,6.86,6.99,758120,530804736.0,-0.2,-2.781641168289291
2015-04-27,15:00,sh600269,赣粤高速,7.07,7.21,6.95,7.08,681344,481468672.0,0.09,1.2875536480686696
2015-04-28,15:00,sh600269,赣粤高速,7.09,7.09,6.81,6.95,608463,421569408.0,-0.13,-1.8361581920903955
2015-04-29,15:00,sh600269,赣粤高速,6.92,7.08,6.87,7.05,577590,403878944.0,0.1,1.4388489208633095
2015-04-30,15:00,sh600269,赣粤高速,7.11,7.16,6.87,6.91,531740,371049152.0,-0.14,-1.98581560283688
2015-05-04,15:00,sh600269,赣粤高速,6.87,6.97,6.83,6.92,490657,338680416.0,0.01,0.1447178002894356
2015-05-05,15:00,sh600269,赣粤高速,7.0,7.45,6.91,6.94,1245836,891135936.0,0.02,0.2890173410404624
2015-05-06,15:00,sh600269,赣粤高速,6.98,7.15,6.5,6.75,733962,506333536.0,-0.19,-2.7377521613832854
2015-05-07,15:00,sh600269,赣粤高速,6.65,6.72,6.2,6.21,631067,404946752.0,-0.54,-8.0
2015-05-08,15:00,sh600269,赣粤高速,6.3,6.49,6.24,6.45,538939,343069536.0,0.24,3.864734299516908
2015-05-11,15:00,sh600269,赣粤高速,6.55,6.73,6.45,6.73,493916,325712512.0,0.28,4.341085271317829
2015-05-12,15:00,sh600269,赣粤高速,6.79,6.95,6.73,6.88,554569,379642464.0,0.15,2.2288261515601784
2015-05-13,15:00,sh600269,赣粤高速,6.88,7.1,6.81,6.95,806603,563166144.0,0.07,1.0174418604651163
2015-05-14,15:00,sh600269,赣粤高速,6.96,7.03,6.75,6.85,564644,386607712.0,-0.1,-1.4388489208633095
2015-05-15,15:00,sh600269,赣粤高速,6.81,6.82,6.6,6.61,439527,293457888.0,-0.24,-3.5036496350364965
2015-05-18,15:00,sh600269,赣粤高速,6.59,6.65,6.48,6.49,369665,241545952.0,-0.12,-1.815431164901664
2015-05-19,15:00,sh600269,赣粤高速,6.48,6.73,6.45,6.73,407026,270371840.0,0.24,3.697996918335902
2015-05-20,15:00,sh600269,赣粤高速,6.73,6.82,6.67,6.69,573710,386414496.0,-0.04,-0.5943536404160475
2015-05-21,15:00,sh600269,赣粤高速,6.7,6.76,6.62,6.76,456488,305115104.0,0.07,1.046337817638266
2015-05-22,15:00,sh600269,赣粤高速,6.88,7.03,6.84,7.02,963857,669132032.0,0.26,3.8461538461538463
2015-05-25,15:00,sh600269,赣粤高速,7.13,7.72,7.13,7.72,803379,603561920.0,0.7,9.971509971509972
2015-05-26,15:00,sh600269,赣粤高速,8.33,8.33,7.79,8.01,1944653,1563016064.0,0.29,3.756476683937824
2015-05-27,15:00,sh600269,赣粤高速,8.0,8.04,7.76,7.94,1076227,849974016.0,-0.07,-0.8739076154806492
2015-05-28,15:00,sh600269,赣粤高速,7.95,8.35,7.55,7.65,1565934,1266862592.0,-0.29,-3.6523929471032734
2015-05-29,15:00,sh600269,赣粤高速,7.79,8.0,7.39,7.88,1091701,849889472.0,0.23,3.0065359477124183
2015-06-01,15:00,sh600269,赣粤高速,8.2,8.67,8.05,8.67,1195252,998906624.0,0.79,10.025380710659896
2015-06-02,15:00,sh600269,赣粤高速,9.05,9.5,8.85,9.17,1894744,1728768768.0,0.5,5.767012687427912
2015-06-03,15:00,sh600269,赣粤高速,9.09,9.11,8.75,9.0,1022504,913558656.0,-0.17,-1.8538713195201744
2015-06-04,15:00,sh600269,赣粤高速,8.95,9.32,8.3,9.25,1032071,928021760.0,0.25,2.7777777777777777
2015-06-05,15:00,sh600269,赣粤高速,9.33,9.5,8.81,9.08,955519,872304576.0,-0.17,-1.8378378378378375
2015-06-08,15:00,sh600269,赣粤高速,9.12,9.21,8.8,9.08,921728,828674496.0,0.0,0.0
2015-06-09,15:00,sh600269,赣粤高速,9.09,9.95,9.02,9.67,1200178,1121049728.0,0.59,6.497797356828194
2015-06-10,15:00,sh600269,赣粤高速,9.38,9.45,9.21,9.32,880741,822228480.0,-0.35,-3.619441571871768
2015-06-11,15:00,sh600269,赣粤高速,9.3,9.32,9.0,9.14,758403,689695552.0,-0.18,-1.9313304721030045
2015-06-12,15:00,sh600269,赣粤高速,9.14,9.38,9.06,9.16,770206,707007552.0,0.02,0.2188183807439825
2015-06-15,15:00,sh600269,赣粤高速,9.18,9.6,9.11,9.36,1263840,1180500736.0,0.2,2.1834061135371177
2015-06-16,15:00,sh600269,赣粤高速,9.22,9.55,8.94,9.06,834610,771199296.0,-0.3,-3.205128205128205
2015-06-17,15:00,sh600269,赣粤高速,8.9,9.05,8.4,8.89,843455,737410432.0,-0.17,-1.8763796909492272
2015-06-18,15:00,sh600269,赣粤高速,8.85,8.96,8.51,8.55,565342,496550848.0,-0.34,-3.824521934758155
2015-06-19,15:00,sh600269,赣粤高速,8.29,8.4,7.7,7.7,749485,595421120.0,-0.85,-9.941520467836256
2015-06-23,15:00,sh600269,赣粤高速,7.65,7.79,6.93,7.56,727144,535108160.0,-0.14,-1.818181818181818
2015-06-24,15:00,sh600269,赣粤高速,7.68,7.88,7.66,7.87,725662,564712704.0,0.31,4.1005291005291005
2015-06-25,15:00,sh600269,赣粤高速,7.9,7.9,7.41,7.51,584484,451870304.0,-0.36,-4.5743329097839895
2015-06-26,15:00,sh600269,赣粤高速,7.38,7.38,6.76,6.76,730667,512545536.0,-0.75,-9.986684420772304
2015-06-29,15:00,sh600269,赣粤高速,6.98,7.02,6.09,6.3,787744,515185088.0,-0.46,-6.804733727810651
2015-06-30,15:00,sh600269,赣粤高速,6.38,6.85,5.96,6.8,854862,551095680.0,0.5,7.936507936507936
2015-07-01,15:00,sh600269,赣粤高速,6.86,7.09,6.56,6.61,863946,596205568.0,-0.19,-2.794117647058824
2015-07-02,15:00,sh600269,赣粤高速,6.8,6.89,6.2,6.45,679722,449661920.0,-0.16,-2.4205748865355523
2015-07-03,15:00,sh600269,赣粤高速,6.36,6.5,5.81,5.87,793750,479184832.0,-0.58,-8.992248062015504
2015-07-06,15:00,sh600269,赣粤高速,6.46,6.46,5.57,5.95,855976,519593024.0,0.08,1.362862010221465
2015-07-07,15:00,sh600269,赣粤高速,5.9,5.91,5.36,5.36,804231,442732640.0,-0.59,-9.915966386554622
2015-07-08,15:00,sh600269,赣粤高速,4.82,4.95,4.82,4.82,860446,415488320.0,-0.54,-10.07462686567164
2015-07-09,15:00,sh600269,赣粤高速,4.4,5.3,4.4,5.3,937046,475537216.0,0.48,9.95850622406639
2015-07-10,15:00,sh600269,赣粤高速,5.48,5.83,5.48,5.83,1041456,601616704.0,0.53,10.0
2015-07-13,15:00,sh600269,赣粤高速,6.0,6.41,5.88,6.41,1412273,880768000.0,0.58,9.948542024013722
2015-07-14,15:00,sh600269,赣粤高速,6.3,6.7,6.06,6.18,1329446,843912320.0,-0.23,-3.58814352574103
2015-07-15,15:00,sh600269,赣粤高速,6.04,6.1,5.56,5.56,968136,557062528.0,-0.62,-10.032362459546926
2015-07-16,15:00,sh600269,赣粤高速,5.33,5.85,5.28,5.7,667750,375324288.0,0.14,2.5179856115107917
2015-07-17,15:00,sh600269,赣粤高速,5.75,6.13,5.69,6.05,678769,403111808.0,0.35,6.140350877192982
2015-07-20,15:00,sh600269,赣粤高速,6.05,6.18,5.9,6.07,686089,415145536.0,0.02,0.3305785123966942
2015-07-21,15:00,sh600269,赣粤高速,5.95,6.68,5.88,6.68,1056043,673517760.0,0.61,10.049423393739705
2015-07-22,15:00,sh600269,赣粤高速,6.95,7.03,6.38,6.55,1545271,1038772672.0,-0.13,-1.9461077844311376
2015-07-23,15:00,sh600269,赣粤高速,6.43,6.67,6.33,6.61,1110967,722954688.0,0.06,0.9160305343511452
2015-07-24,15:00,sh600269,赣粤高速,6.58,6.61,6.24,6.34,789843,513181312.0,-0.27,-4.084720121028744
2015-07-27,15:00,sh600269,赣粤高速,6.1,6.3,5.71,5.71,743639,448462624.0,-0.63,-9.936908517350158
2015-07-28,15:00,sh600269,赣粤高速,5.41,5.81,5.16,5.53,682193,372473216.0,-0.18,-3.1523642732049035
2015-07-29,15:00,sh600269,赣粤高速,5.77,5.99,5.58,5.96,587459,336623808.0,0.43,7.775768535262206
2015-07-30,15:00,sh600269,赣粤高速,5.9,6.13,5.76,5.8,598378,356039232.0,-0.16,-2.684563758389262
2015-07-31,15:00,sh600269,赣粤高速,5.68,5.81,5.6,5.69,334291,190522880.0,-0.11,-1.896551724137931
2015-08-03,15:00,sh600269,赣粤高速,5.65,5.68,5.39,5.51,485185,267682928.0,-0.18,-3.163444639718805
2015-08-04,15:00,sh600269,赣粤高速,5.51,5.87,5.51,5.86,526777,300367392.0,0.35,6.352087114337568
2015-08-05,15:00,sh600269,赣粤高速,5.81,6.14,5.77,5.99,795044,474353504.0,0.13,2.218430034129693
2015-08-06,15:00,sh600269,赣粤高速,5.82,5.93,5.81,5.86,428384,251102032.0,-0.13,-2.1702838063439067
2015-08-07,15:00,sh600269,赣粤高速,5.9,6.04,5.9,5.99,429754,256423456.0,0.13,2.218430034129693
2015-08-10,15:00,sh600269,赣粤高速,6.13,6.39,6.05,6.34,831657,519663808.0,0.35,5.843071786310518
2015-08-11,15:00,sh600269,赣粤高速,6.52,6.78,6.41,6.57,1167857,770449216.0,0.23,3.627760252365931
2015-08-12,15:00,sh600269,赣粤高速,6.43,6.72,6.38,6.43,859944,564251136.0,-0.14,-2.13089802130898
2015-08-13,15:00,sh600269,赣粤高速,6.44,6.74,6.43,6.69,807408,534562560.0,0.26,4.043545878693624
2015-08-14,15:00,sh600269,赣粤高速,6.76,6.85,6.58,6.68,627705,420166720.0,-0.01,-0.1494768310911808
2015-08-17,15:00,sh600269,赣粤高速,6.61,6.87,6.48,6.86,739546,494067968.0,0.18,2.694610778443114
2015-08-18,15:00,sh600269,赣粤高速,6.78,6.83,6.17,6.17,948352,617206336.0,-0.69,-10.058309037900877
2015-08-19,15:00,sh600269,赣粤高速,5.99,6.38,5.67,6.33,701243,426490976.0,0.16,2.593192868719611
2015-08-20,15:00,sh600269,赣粤高速,6.18,6.58,6.14,6.17,571112,363630624.0,-0.16,-2.527646129541864
2015-08-21,15:00,sh600269,赣粤高速,6.01,6.11,5.65,5.69,789368,461902432.0,-0.48,-7.779578606158834
2015-08-24,15:00,sh600269,赣粤高速,5.45,5.5,5.12,5.12,619562,322441312.0,-0.57,-10.01757469244288
2015-08-25,15:00,sh600269,赣粤高速,4.63,4.89,4.61,4.61,564096,265580336.0,-0.51,-9.9609375
2015-08-26,15:00,sh600269,赣粤高速,4.71,4.91,4.45,4.62,613706,287928480.0,0.01,0.2169197396963123
2015-08-27,15:00,sh600269,赣粤高速,4.75,4.85,4.55,4.84,550805,260613312.0,0.22,4.761904761904762
2015-08-28,15:00,sh600269,赣粤高速,4.94,5.23,4.87,5.2,671573,337632992.0,0.36,7.43801652892562
2015-08-31,15:00,sh600269,赣粤高速,5.14,5.14,4.92,4.99,487618,244609584.0,-0.21,-4.038461538461538
2015-09-01,15:00,sh600269,赣粤高速,5.1,5.2,4.95,5.03,710252,360294624.0,0.04,0.8016032064128256
2015-09-02,15:00,sh600269,赣粤高速,4.81,5.13,4.74,4.83,470308,230936512.0,-0.2,-3.9761431411530817
2015-09-07,15:00,sh600269,赣粤高速,4.94,5.08,4.9,4.94,423188,211802752.0,0.11,2.2774327122153206
2015-09-08,15:00,sh600269,赣粤高速,4.92,5.15,4.89,5.13,426051,214134480.0,0.19,3.8461538461538463
2015-09-09,15:00,sh600269,赣粤高速,5.19,5.29,5.13,5.25,624370,325683936.0,0.12,2.3391812865497075
2015-09-10,15:00,sh600269,赣粤高速,5.16,5.42,5.1,5.24,627235,330721216.0,-0.01,-0.1904761904761904
2015-09-11,15:00,sh600269,赣粤高速,5.2,5.28,5.12,5.23,378092,196577792.0,-0.01,-0.1908396946564885
2015-09-14,15:00,sh600269,赣粤高速,5.24,5.27,4.73,4.82,512272,254555008.0,-0.41,-7.839388145315487
2015-09-15,15:00,sh600269,赣粤高速,4.71,4.88,4.6,4.64,326922,154504192.0,-0.18,-3.734439834024896
2015-09-16,15:00,sh600269,赣粤高速,4.7,5.1,4.68,5.04,468137,227858736.0,0.4,8.620689655172415
2015-09-17,15:00,sh600269,赣粤高速,5.01,5.13,4.88,4.89,453261,226957904.0,-0.15,-2.976190476190476
2015-09-18,15:00,sh600269,赣粤高速,4.94,4.97,4.81,4.91,225122,110357984.0,0.02,0.408997955010225
2015-09-21,15:00,sh600269,赣粤高速,4.89,5.08,4.84,5.05,337515,168109952.0,0.14,2.8513238289205702
2015-09-22,15:00,sh600269,赣粤高速,5.09,5.12,4.99,5.06,407232,206240368.0,0.01,0.198019801980198
2015-09-23,15:00,sh600269,赣粤高速,4.97,5.0,4.88,4.92,297865,147027280.0,-0.14,-2.766798418972332
2015-09-24,15:00,sh600269,赣粤高速,4.93,5.0,4.91,4.94,187876,93044848.0,0.02,0.4065040650406504
2015-09-25,15:00,sh600269,赣粤高速,4.91,4.94,4.74,4.81,269446,130332448.0,-0.13,-2.631578947368421
2015-09-28,15:00,sh600269,赣粤高速,4.84,4.87,4.75,4.85,220174,105979600.0,0.04,0.8316008316008316
2015-09-29,15:00,sh600269,赣粤高速,4.78,4.8,4.72,4.74,164473,78313112.0,-0.11,-2.268041237113402
2015-09-30,15:00,sh600269,赣粤高速,4.77,4.83,4.74,4.78,174143,83357160.0,0.04,0.8438818565400843
2015-10-08,15:00,sh600269,赣粤高速,4.93,4.98,4.89,4.94,326421,161217712.0,0.16,3.3472803347280333
2015-10-09,15:00,sh600269,赣粤高速,4.93,4.99,4.9,4.98,293034,145073392.0,0.04,0.8097165991902834
2015-10-12,15:00,sh600269,赣粤高速,4.99,5.28,4.99,5.18,563159,289150240.0,0.2,4.016064257028113
2015-10-13,15:00,sh600269,赣粤高速,5.15,5.44,5.12,5.41,725721,383910944.0,0.23,4.440154440154441
2015-10-14,15:00,sh600269,赣粤高速,5.34,5.38,5.21,5.22,510205,269250112.0,-0.19,-3.512014787430684
2015-10-15,15:00,sh600269,赣粤高速,5.17,5.34,5.17,5.33,375205,198583280.0,0.11,2.10727969348659
2015-10-16,15:00,sh600269,赣粤高速,5.42,5.45,5.29,5.37,572760,306867040.0,0.04,0.7504690431519699
2015-10-19,15:00,sh600269,赣粤高速,5.41,5.41,5.23,5.3,419464,223462640.0,-0.07,-1.303538175046555
2015-10-20,15:00,sh600269,赣粤高速,5.29,5.34,5.25,5.34,396600,209855472.0,0.04,0.7547169811320755
2015-10-21,15:00,sh600269,赣粤高速,5.33,5.37,5.03,5.09,697075,366914208.0,-0.25,-4.681647940074907
2015-10-22,15:00,sh600269,赣粤高速,5.11,5.32,5.09,5.26,548926,286587264.0,0.17,3.3398821218074657
2015-10-23,15:00,sh600269,赣粤高速,5.34,5.69,5.27,5.63,1383480,764948224.0,0.37,7.0342205323193925
2015-10-26,15:00,sh600269,赣粤高速,5.63,5.67,5.53,5.6,709958,397038816.0,-0.03,-0.5328596802841918
2015-10-27,15:00,sh600269,赣粤高速,5.58,5.59,5.38,5.57,428571,235640256.0,-0.03,-0.5357142857142857
2015-10-28,15:00,sh600269,赣粤高速,5.56,5.62,5.41,5.43,331514,182938912.0,-0.14,-2.5134649910233398
2015-10-29,15:00,sh600269,赣粤高速,5.46,5.52,5.39,5.46,274983,150199488.0,0.03,0.5524861878453038
2015-10-30,15:00,sh600269,赣粤高速,5.4,5.5,5.3,5.42,345719,186680112.0,-0.04,-0.7326007326007326
2015-11-02,15:00,sh600269,赣粤高速,5.32,5.43,5.25,5.27,258318,137958880.0,-0.15,-2.7675276752767526
2015-11-03,15:00,sh600269,赣粤高速,5.3,5.33,5.2,5.22,245575,128866656.0,-0.05,-0.9487666034155596
2015-11-04,15:00,sh600269,赣粤高速,5.24,5.5,5.24,5.48,439355,237046000.0,0.26,4.980842911877394
2015-11-05,15:00,sh600269,赣粤高速,5.72,5.8,5.57,5.62,918178,521217120.0,0.14,2.554744525547445
2015-11-06,15:00,sh600269,赣粤高速,5.7,6.18,5.65,6.18,1743999,1051379264.0,0.56,9.9644128113879
2015-11-09,15:00,sh600269,赣粤高速,6.24,6.48,6.09,6.14,1567999,982820480.0,-0.04,-0.6472491909385114
2015-11-10,15:00,sh600269,赣粤高速,6.07,6.47,6.02,6.15,876220,542987648.0,0.01,0.1628664495114006
2015-11-11,15:00,sh600269,赣粤高速,6.15,6.2,6.01,6.12,687911,419408064.0,-0.03,-0.4878048780487805
2015-11-12,15:00,sh600269,赣粤高速,6.3,6.7,6.1,6.26,1395420,885941120.0,0.14,2.287581699346405
2015-11-13,15:00,sh600269,赣粤高速,6.1,6.2,5.95,6.06,708206,430647872.0,-0.2,-3.1948881789137378
2015-11-16,15:00,sh600269,赣粤高速,5.97,6.13,5.96,6.11,478597,290209760.0,0.05,0.825082508250825
2015-11-17,15:00,sh600269,赣粤高速,6.18,6.37,6.08,6.11,752748,467420800.0,0.0,0.0
2015-11-18,15:00,sh600269,赣粤高速,6.12,6.17,5.94,5.96,494069,299818240.0,-0.15,-2.454991816693944
2015-11-19,15:00,sh600269,赣粤高速,5.98,6.08,5.95,6.07,359868,215816976.0,0.11,1.8456375838926176
2015-11-20,15:00,sh600269,赣粤高速,6.09,6.11,5.96,6.06,375240,226819264.0,-0.01,-0.1647446457990115
2015-11-23,15:00,sh600269,赣粤高速,6.06,6.09,6.01,6.02,333101,201418160.0,-0.04,-0.6600660066006601
2015-11-24,15:00,sh600269,赣粤高速,6.0,6.0,5.84,5.97,443623,262419792.0,-0.05,-0.8305647840531563
2015-11-25,15:00,sh600269,赣粤高速,5.94,5.98,5.9,5.98,299374,178011968.0,0.01,0.1675041876046901
2015-11-26,15:00,sh600269,赣粤高速,5.98,6.01,5.93,5.96,356112,212609920.0,-0.02,-0.334448160535117
2015-11-27,15:00,sh600269,赣粤高速,5.94,5.94,5.47,5.52,521605,298437152.0,-0.44,-7.38255033557047
2015-11-30,15:00,sh600269,赣粤高速,5.53,5.58,5.3,5.5,401472,218411472.0,-0.02,-0.3623188405797101
2015-12-01,15:00,sh600269,赣粤高速,5.52,5.59,5.46,5.57,267297,147615760.0,0.07,1.2727272727272727
2015-12-02,15:00,sh600269,赣粤高速,5.56,5.66,5.5,5.65,337319,188040960.0,0.08,1.436265709156194
2015-12-03,15:00,sh600269,赣粤高速,5.67,5.7,5.63,5.69,249791,141506128.0,0.04,0.7079646017699115
2015-12-04,15:00,sh600269,赣粤高速,5.65,5.68,5.57,5.58,239808,134661968.0,-0.11,-1.9332161687170475
2015-12-07,15:00,sh600269,赣粤高速,5.59,5.68,5.57,5.65,188526,106094824.0,0.07,1.254480286738351
2015-12-08,15:00,sh600269,赣粤高速,5.63,5.63,5.45,5.48,223098,123314536.0,-0.17,-3.008849557522124
2015-12-09,15:00,sh600269,赣粤高速,5.45,5.5,5.4,5.43,153962,83837688.0,-0.05,-0.9124087591240876
2015-12-10,15:00,sh600269,赣粤高速,5.45,5.49,5.38,5.4,154256,83859744.0,-0.03,-0.5524861878453038
2015-12-11,15:00,sh600269,赣粤高速,5.39,5.42,5.33,5.37,140607,75475040.0,-0.03,-0.5555555555555556
2015-12-14,15:00,sh600269,赣粤高速,5.33,5.52,5.31,5.51,187707,101387848.0,0.14,2.60707635009311
2015-12-15,15:00,sh600269,赣粤高速,5.5,5.51,5.44,5.47,141729,77640272.0,-0.04,-0.7259528130671506
2015-12-16,15:00,sh600269,赣粤高速,5.49,5.53,5.47,5.49,147706,81225336.0,0.02,0.3656307129798903
2015-12-17,15:00,sh600269,赣粤高速,5.54,5.61,5.53,5.61,247673,138208544.0,0.12,2.185792349726776
2015-12-18,15:00,sh600269,赣粤高速,5.59,5.65,5.57,5.59,205622,115168736.0,-0.02,-0.35650623885918
2015-12-21,15:00,sh600269,赣粤高速,5.59,5.91,5.55,5.76,401061,229918736.0,0.17,3.041144901610018
2015-12-22,15:00,sh600269,赣粤高速,5.75,5.79,5.67,5.75,187408,107378528.0,-0.01,-0.1736111111111111
2015-12-23,15:00,sh600269,赣粤高速,5.75,5.89,5.7,5.79,339770,197151328.0,0.04,0.6956521739130435
2015-12-24,15:00,sh600269,赣粤高速,5.76,5.77,5.59,5.65,250196,141408736.0,-0.14,-2.417962003454232
2015-12-25,15:00,sh600269,赣粤高速,5.65,5.83,5.64,5.8,305110,175425920.0,0.15,2.6548672566371683
2015-12-28,15:00,sh600269,赣粤高速,5.85,5.92,5.67,5.67,396917,230740848.0,-0.13,-2.2413793103448274
2015-12-29,15:00,sh600269,赣粤高速,5.65,5.73,5.6,5.72,190957,108237968.0,0.05,0.8818342151675485
2015-12-30,15:00,sh600269,赣粤高速,5.73,5.82,5.7,5.76,224362,129181816.0,0.04,0.6993006993006993
2015-12-31,15:00,sh600269,赣粤高速,5.75,5.82,5.66,5.68,182647,104835232.0,-0.08,-1.3888888888888888
2016-01-04,15:00,sh600269,赣粤高速,5.67,5.69,5.14,5.15,276816,150480096.0,-0.53,-9.330985915492958
2016-01-05,15:00,sh600269,赣粤高速,5.1,5.29,5.04,5.24,315326,163334560.0,0.09,1.7475728155339807
2016-01-06,15:00,sh600269,赣粤高速,5.26,5.39,5.22,5.39,232409,123477752.0,0.15,2.862595419847328
2016-01-07,15:00,sh600269,赣粤高速,5.3,5.3,4.92,4.98,83384,42851228.0,-0.41,-7.606679035250464
2016-01-08,15:00,sh600269,赣粤高速,5.16,5.2,4.95,5.12,309101,158193744.0,0.14,2.8112449799196786
2016-01-11,15:00,sh600269,赣粤高速,5.05,5.25,4.98,4.99,348569,177549536.0,-0.13,-2.5390625
2016-01-12,15:00,sh600269,赣粤高速,5.0,5.1,4.96,5.03,183316,92167680.0,0.04,0.8016032064128256
2016-01-13,15:00,sh600269,赣粤高速,5.07,5.09,4.9,4.91,201635,100966840.0,-0.12,-2.3856858846918487
2016-01-14,15:00,sh600269,赣粤高速,4.82,5.08,4.8,5.06,244958,120980328.0,0.15,3.054989816700611
2016-01-15,15:00,sh600269,赣粤高速,5.04,5.05,4.85,4.88,162962,80440232.0,-0.18,-3.557312252964427
2016-01-18,15:00,sh600269,赣粤高速,4.79,4.95,4.78,4.9,151841,73952344.0,0.02,0.4098360655737705
2016-01-19,15:00,sh600269,赣粤高速,4.9,5.06,4.83,5.04,225114,111837360.0,0.14,2.857142857142857
2016-01-20,15:00,sh600269,赣粤高速,5.03,5.1,4.95,4.98,207476,104242912.0,-0.06,-1.1904761904761905
2016-01-21,15:00,sh600269,赣粤高速,4.94,5.0,4.82,4.84,176250,86659896.0,-0.14,-2.8112449799196786
2016-01-22,15:00,sh600269,赣粤高速,4.9,4.92,4.81,4.89,105969,51545784.0,0.05,1.0330578512396695
2016-01-25,15:00,sh600269,赣粤高速,4.92,4.99,4.9,4.96,121319,59970632.0,0.07,1.4314928425357871
2016-01-26,15:00,sh600269,赣粤高速,4.92,4.94,4.57,4.6,212501,101658432.0,-0.36,-7.258064516129033
2016-01-27,15:00,sh600269,赣粤高速,4.65,4.68,4.38,4.55,174761,78905248.0,-0.05,-1.0869565217391304
2016-01-28,15:00,sh600269,赣粤高速,4.52,4.66,4.45,4.47,177907,81331560.0,-0.08,-1.7582417582417582
2016-01-29,15:00,sh600269,赣粤高速,4.53,4.61,4.42,4.58,197698,89895856.0,0.11,2.460850111856823
2016-02-01,15:00,sh600269,赣粤高速,4.55,4.59,4.39,4.49,121807,54850604.0,-0.09,-1.9650655021834065
2016-02-02,15:00,sh600269,赣粤高速,4.48,4.59,4.48,4.58,136698,62280312.0,0.09,2.0044543429844097
2016-02-03,15:00,sh600269,赣粤高速,4.52,4.56,4.49,4.56,92997,42048940.0,-0.02,-0.4366812227074235
2016-02-04,15:00,sh600269,赣粤高速,4.57,4.63,4.57,4.6,145586,67005108.0,0.04,0.8771929824561403
2016-02-05,15:00,sh600269,赣粤高速,4.6,4.62,4.54,4.56,106931,48938332.0,-0.04,-0.8695652173913043
2016-02-15,15:00,sh600269,赣粤高速,4.42,4.52,4.39,4.5,101562,45289464.0,-0.06,-1.3157894736842104
2016-02-16,15:00,sh600269,赣粤高速,4.49,4.65,4.49,4.64,176389,81109832.0,0.14,3.111111111111111
2016-02-17,15:00,sh600269,赣粤高速,4.62,4.67,4.61,4.66,170407,79062800.0,0.02,0.4310344827586206
2016-02-18,15:00,sh600269,赣粤高速,4.72,4.76,4.67,4.68,161171,76004208.0,0.02,0.4291845493562232
2016-02-19,15:00,sh600269,赣粤高速,4.69,4.7,4.63,4.66,109807,51157904.0,-0.02,-0.4273504273504274
2016-02-22,15:00,sh600269,赣粤高速,4.71,4.77,4.68,4.76,194912,92214720.0,0.1,2.145922746781116
2016-02-23,15:00,sh600269,赣粤高速,4.75,4.77,4.65,4.7,164670,77392264.0,-0.06,-1.2605042016806722
2016-02-24,15:00,sh600269,赣粤高速,4.68,4.76,4.67,4.76,174137,82199920.0,0.06,1.276595744680851
2016-02-25,15:00,sh600269,赣粤高速,4.75,4.75,4.36,4.41,249640,113921128.0,-0.35,-7.352941176470589
2016-02-26,15:00,sh600269,赣粤高速,4.45,4.48,4.39,4.46,141035,62604304.0,0.05,1.1337868480725624
2016-02-29,15:00,sh600269,赣粤高速,4.46,4.46,4.2,4.28,223366,95455056.0,-0.18,-4.035874439461884
2016-03-01,15:00,sh600269,赣粤高速,4.31,4.37,4.27,4.35,130549,56312876.0,0.07,1.6355140186915886
2016-03-02,15:00,sh600269,赣粤高速,4.35,4.6,4.33,4.57,268336,119648160.0,0.22,5.057471264367816
2016-03-03,15:00,sh600269,赣粤高速,4.57,4.59,4.51,4.52,258875,117573656.0,-0.05,-1.0940919037199124
2016-03-04,15:00,sh600269,赣粤高速,4.52,4.54,4.43,4.49,192027,86273768.0,-0.03,-0.6637168141592921
2016-03-07,15:00,sh600269,赣粤高速,4.51,4.59,4.51,4.56,160061,72946888.0,0.07,1.55902004454343
2016-03-08,15:00,sh600269,赣粤高速,4.55,4.55,4.43,4.54,145807,65324676.0,-0.02,-0.4385964912280701
2016-03-09,15:00,sh600269,赣粤高速,4.49,4.51,4.43,4.45,114850,51271632.0,-0.09,-1.9823788546255507
2016-03-10,15:00,sh600269,赣粤高速,4.47,4.48,4.4,4.4,95062,42164564.0,-0.05,-1.1235955056179776
2016-03-11,15:00,sh600269,赣粤高速,4.38,4.43,4.36,4.41,85541,37598900.0,0.01,0.2272727272727272
2016-03-14,15:00,sh600269,赣粤高速,4.45,4.56,4.44,4.53,203275,91910008.0,0.12,2.7210884353741496
2016-03-15,15:00,sh600269,赣粤高速,4.47,4.53,4.47,4.52,121626,54763504.0,-0.01,-0.2207505518763796
2016-03-16,15:00,sh600269,赣粤高速,4.52,4.53,4.48,4.48,98806,44485912.0,-0.04,-0.8849557522123894
2016-03-17,15:00,sh600269,赣粤高速,4.51,4.57,4.49,4.55,150516,68180944.0,0.07,1.5625
2016-03-18,15:00,sh600269,赣粤高速,4.56,4.66,4.55,4.65,233964,108109168.0,0.1,2.197802197802198
2016-03-21,15:00,sh600269,赣粤高速,4.67,4.74,4.66,4.72,280862,132148208.0,0.07,1.5053763440860215
2016-03-22,15:00,sh600269,赣粤高速,4.72,4.72,4.64,4.66,180094,84207000.0,-0.06,-1.2711864406779665
2016-03-23,15:00,sh600269,赣粤高速,4.65,4.7,4.64,4.69,119720,55921300.0,0.03,0.6437768240343348
2016-03-24,15:00,sh600269,赣粤高速,4.66,4.69,4.61,4.62,117481,54654988.0,-0.07,-1.4925373134328357
2016-03-25,15:00,sh600269,赣粤高速,4.6,4.68,4.59,4.68,92764,43039736.0,0.06,1.2987012987012987
2016-03-28,15:00,sh600269,赣粤高速,4.69,4.74,4.68,4.71,161814,76235760.0,0.03,0.641025641025641
2016-03-29,15:00,sh600269,赣粤高速,4.67,4.68,4.54,4.57,215468,99378288.0,-0.14,-2.9723991507431
2016-03-30,15:00,sh600269,赣粤高速,4.6,4.68,4.59,4.68,176312,81939248.0,0.11,2.4070021881838075
2016-03-31,15:00,sh600269,赣粤高速,4.69,4.84,4.69,4.78,320338,152499856.0,0.1,2.1367521367521367
2016-04-01,15:00,sh600269,赣粤高速,4.74,4.81,4.7,4.78,193912,92303520.0,0.0,0.0
2016-04-05,15:00,sh600269,赣粤高速,4.79,4.87,4.76,4.85,241562,116533584.0,0.07,1.4644351464435146
2016-04-06,15:00,sh600269,赣粤高速,4.84,4.94,4.82,4.91,312251,153309712.0,0.06,1.2371134020618555
2016-04-07,15:00,sh600269,赣粤高速,4.95,4.97,4.85,4.88,208868,102222384.0,-0.03,-0.6109979633401221
2016-04-08,15:00,sh600269,赣粤高速,4.83,4.89,4.77,4.81,176476,85401768.0,-0.07,-1.4344262295081966
2016-04-11,15:00,sh600269,赣粤高速,4.85,4.9,4.84,4.86,159381,77632344.0,0.05,1.0395010395010396
2016-04-12,15:00,sh600269,赣粤高速,4.85,4.89,4.78,4.83,131708,63611848.0,-0.03,-0.6172839506172839
2016-04-13,15:00,sh600269,赣粤高速,4.85,4.93,4.84,4.89,218683,107286824.0,0.06,1.2422360248447204
2016-04-14,15:00,sh600269,赣粤高速,4.93,4.93,4.85,4.89,153184,74777744.0,0.0,0.0
2016-04-15,15:00,sh600269,赣粤高速,4.9,4.9,4.82,4.85,188908,91611192.0,-0.04,-0.81799591002045
2016-04-18,15:00,sh600269,赣粤高速,4.81,4.84,4.77,4.81,180145,86558696.0,-0.04,-0.8247422680412372
2016-04-19,15:00,sh600269,赣粤高速,4.82,4.86,4.82,4.84,137460,66561384.0,0.03,0.6237006237006237
2016-04-20,15:00,sh600269,赣粤高速,4.86,4.87,4.6,4.69,233183,110262128.0,-0.15,-3.0991735537190084
2016-04-21,15:00,sh600269,赣粤高速,4.7,4.72,4.64,4.65,104519,48913144.0,-0.04,-0.8528784648187633
2016-04-22,15:00,sh600269,赣粤高速,4.65,4.66,4.58,4.65,103156,47680308.0,0.0,0.0
2016-04-25,15:00,sh600269,赣粤高速,4.63,4.66,4.57,4.62,71081,32794714.0,-0.03,-0.6451612903225806
2016-04-26,15:00,sh600269,赣粤高速,4.63,4.65,4.61,4.65,63947,29593860.0,0.03,0.6493506493506493
2016-04-27,15:00,sh600269,赣粤高速,4.65,4.69,4.62,4.66,82028,38203836.0,0.01,0.2150537634408602
2016-04-28,15:00,sh600269,赣粤高速,4.66,4.67,4.57,4.61,151549,69769760.0,-0.05,-1.072961373390558
2016-04-29,15:00,sh600269,赣粤高速,4.56,4.6,4.53,4.56,112523,51369464.0,-0.05,-1.084598698481562
2016-05-03,15:00,sh600269,赣粤高速,4.57,4.65,4.54,4.64,132234,60999512.0,0.08,1.7543859649122806
2016-05-04,15:00,sh600269,赣粤高速,4.62,4.66,4.61,4.64,115067,53354132.0,0.0,0.0
2016-05-05,15:00,sh600269,赣粤高速,4.62,4.66,4.61,4.64,113948,52731684.0,0.0,0.0
2016-05-06,15:00,sh600269,赣粤高速,4.64,4.65,4.5,4.51,170887,78026800.0,-0.13,-2.8017241379310347
2016-05-09,15:00,sh600269,赣粤高速,4.51,4.52,4.33,4.37,156427,69178912.0,-0.14,-3.104212860310421
2016-05-10,15:00,sh600269,赣粤高速,4.38,4.4,4.35,4.36,74376,32545568.0,-0.01,-0.2288329519450801
2016-05-11,15:00,sh600269,赣粤高速,4.39,4.43,4.34,4.39,97028,42539712.0,0.03,0.6880733944954129
2016-05-12,15:00,sh600269,赣粤高速,4.36,4.45,4.32,4.45,154864,67835472.0,0.06,1.366742596810934
2016-05-13,15:00,sh600269,赣粤高速,4.41,4.49,4.4,4.43,102249,45531828.0,-0.02,-0.449438202247191
2016-05-16,15:00,sh600269,赣粤高速,4.4,4.44,4.33,4.43,105215,46217908.0,0.0,0.0
2016-05-17,15:00,sh600269,赣粤高速,4.44,4.46,4.37,4.42,104607,46163688.0,-0.01,-0.2257336343115124
2016-05-18,15:00,sh600269,赣粤高速,4.46,4.49,4.37,4.4,165857,73599736.0,-0.02,-0.4524886877828055
2016-05-19,15:00,sh600269,赣粤高速,4.38,4.45,4.37,4.4,84156,37121204.0,0.0,0.0
2016-05-20,15:00,sh600269,赣粤高速,4.4,4.45,4.37,4.44,61974,27337478.0,0.04,0.9090909090909092
2016-05-23,15:00,sh600269,赣粤高速,4.44,4.49,4.43,4.48,107521,48008576.0,0.04,0.9009009009009008
2016-05-24,15:00,sh600269,赣粤高速,4.46,4.49,4.44,4.49,104877,46823960.0,0.01,0.2232142857142857
2016-05-25,15:00,sh600269,赣粤高速,4.36,4.36,4.28,4.29,97539,42182336.0,-0.2,-4.4543429844098
2016-05-26,15:00,sh600269,赣粤高速,4.28,4.31,4.22,4.28,91303,38859548.0,-0.01,-0.2331002331002331
2016-05-27,15:00,sh600269,赣粤高速,4.27,4.29,4.24,4.26,64472,27512776.0,-0.02,-0.4672897196261681
2016-05-30,15:00,sh600269,赣粤高速,4.26,4.28,4.22,4.25,72793,30959680.0,-0.01,-0.2347417840375587
2016-05-31,15:00,sh600269,赣粤高速,4.25,4.42,4.24,4.41,238146,103927984.0,0.16,3.7647058823529407
2016-06-01,15:00,sh600269,赣粤高速,4.39,4.42,4.37,4.38,115994,50990908.0,-0.03,-0.6802721088435374
2016-06-02,15:00,sh600269,赣粤高速,4.38,4.4,4.36,4.39,76866,33658812.0,0.01,0.228310502283105
2016-06-03,15:00,sh600269,赣粤高速,4.39,4.41,4.38,4.4,81388,35763044.0,0.01,0.2277904328018223
2016-06-06,15:00,sh600269,赣粤高速,4.4,4.54,4.39,4.44,196903,87926160.0,0.04,0.9090909090909092
2016-06-07,15:00,sh600269,赣粤高速,4.42,4.44,4.38,4.4,105163,46299104.0,-0.04,-0.9009009009009008
2016-06-08,15:00,sh600269,赣粤高速,4.39,4.41,4.36,4.4,63889,28036316.0,0.0,0.0
2016-06-13,15:00,sh600269,赣粤高速,4.37,4.39,4.3,4.31,121188,52730188.0,-0.09,-2.0454545454545454
2016-06-14,15:00,sh600269,赣粤高速,4.31,4.34,4.29,4.31,52517,22613806.0,0.0,0.0
2016-06-15,15:00,sh600269,赣粤高速,4.28,4.39,4.27,4.37,96021,41735836.0,0.06,1.3921113689095126
2016-06-16,15:00,sh600269,赣粤高速,4.35,4.39,4.32,4.33,79436,34572448.0,-0.04,-0.9153318077803204
2016-06-17,15:00,sh600269,赣粤高速,4.34,4.4,4.34,4.35,85265,37247752.0,0.02,0.4618937644341801
2016-06-20,15:00,sh600269,赣粤高速,4.34,4.37,4.32,4.34,45976,19954988.0,-0.01,-0.2298850574712643
2016-06-21,15:00,sh600269,赣粤高速,4.36,4.38,4.3,4.31,182795,79265016.0,-0.03,-0.6912442396313364
2016-06-22,15:00,sh600269,赣粤高速,4.3,4.35,4.29,4.35,86477,37371160.0,0.04,0.9280742459396752
2016-06-23,15:00,sh600269,赣粤高速,4.34,4.35,4.3,4.32,72351,31276266.0,-0.03,-0.6896551724137931
2016-06-24,15:00,sh600269,赣粤高速,4.32,4.34,4.24,4.27,112672,48284136.0,-0.05,-1.1574074074074074
2016-06-27,15:00,sh600269,赣粤高速,4.25,4.34,4.25,4.33,74650,32143740.0,0.06,1.405152224824356
2016-06-28,15:00,sh600269,赣粤高速,4.31,4.35,4.29,4.34,88720,38302212.0,0.01,0.23094688221709
2016-06-29,15:00,sh600269,赣粤高速,4.35,4.36,4.33,4.35,120862,52565728.0,0.01,0.2304147465437788
2016-06-30,15:00,sh600269,赣粤高速,4.36,4.37,4.33,4.35,85180,37056904.0,0.0,0.0
2016-07-01,15:00,sh600269,赣粤高速,4.35,4.41,4.35,4.39,146722,64288628.0,0.04,0.9195402298850576
2016-07-04,15:00,sh600269,赣粤高速,4.37,4.46,4.36,4.44,178210,78847776.0,0.05,1.1389521640091116
2016-07-05,15:00,sh600269,赣粤高速,4.43,4.48,4.42,4.47,188783,84039568.0,0.03,0.6756756756756757
2016-07-06,15:00,sh600269,赣粤高速,4.45,4.46,4.42,4.46,120322,53502376.0,-0.01,-0.2237136465324384
2016-07-07,15:00,sh600269,赣粤高速,4.45,4.48,4.42,4.45,171712,76476832.0,-0.01,-0.2242152466367713
2016-07-08,15:00,sh600269,赣粤高速,4.45,4.48,4.44,4.46,107174,47819688.0,0.01,0.2247191011235955
2016-07-11,15:00,sh600269,赣粤高速,4.47,4.52,4.46,4.47,153253,68915584.0,0.01,0.2242152466367713
2016-07-12,15:00,sh600269,赣粤高速,4.46,4.54,4.45,4.53,181405,81601200.0,0.06,1.342281879194631
2016-07-13,15:00,sh600269,赣粤高速,4.54,4.64,4.54,4.61,259424,119415320.0,0.08,1.7660044150110374
2016-07-14,15:00,sh600269,赣粤高速,4.6,4.62,4.58,4.59,100992,46387568.0,-0.02,-0.4338394793926247
2016-07-15,15:00,sh600269,赣粤高速,4.68,4.72,4.63,4.65,217018,101323096.0,0.06,1.30718954248366
2016-07-18,15:00,sh600269,赣粤高速,4.65,4.68,4.63,4.66,130832,60925132.0,0.01,0.2150537634408602
2016-07-19,15:00,sh600269,赣粤高速,4.66,4.66,4.59,4.63,123210,56937700.0,-0.03,-0.6437768240343348
2016-07-20,15:00,sh600269,赣粤高速,4.63,4.64,4.6,4.6,84669,39091524.0,-0.03,-0.6479481641468683
2016-07-21,15:00,sh600269,赣粤高速,4.61,4.64,4.6,4.62,74762,34539452.0,0.02,0.4347826086956521
2016-07-22,15:00,sh600269,赣粤高速,4.62,4.63,4.55,4.56,84965,38998608.0,-0.06,-1.2987012987012987
2016-07-25,15:00,sh600269,赣粤高速,4.54,4.6,4.54,4.57,103957,47445696.0,0.01,0.219298245614035
2016-07-26,15:00,sh600269,赣粤高速,4.57,4.63,4.55,4.62,92277,42497208.0,0.05,1.0940919037199124
2016-07-27,15:00,sh600269,赣粤高速,4.62,4.7,4.53,4.57,300317,138743824.0,-0.05,-1.0822510822510822
2016-07-28,15:00,sh600269,赣粤高速,4.58,4.73,4.56,4.71,361128,168928736.0,0.14,3.063457330415755
2016-07-29,15:00,sh600269,赣粤高速,4.71,4.79,4.67,4.7,352055,166943024.0,-0.01,-0.2123142250530785
2016-08-01,15:00,sh600269,赣粤高速,4.71,4.72,4.59,4.63,210147,97301680.0,-0.07,-1.4893617021276595
2016-08-02,15:00,sh600269,赣粤高速,4.63,4.64,4.58,4.63,137493,63307848.0,0.0,0.0
2016-08-03,15:00,sh600269,赣粤高速,4.61,4.66,4.6,4.66,117853,54597408.0,0.03,0.6479481641468683
2016-08-04,15:00,sh600269,赣粤高速,4.69,4.73,4.64,4.72,178364,83582800.0,0.06,1.2875536480686696
2016-08-05,15:00,sh600269,赣粤高速,4.7,4.77,4.7,4.73,153403,72656856.0,0.01,0.211864406779661
2016-08-08,15:00,sh600269,赣粤高速,4.75,4.77,4.73,4.76,121230,57572704.0,0.03,0.6342494714587738
2016-08-09,15:00,sh600269,赣粤高速,4.76,4.77,4.72,4.76,194980,92606648.0,0.0,0.0
2016-08-10,15:00,sh600269,赣粤高速,4.76,4.77,4.7,4.7,183774,87035744.0,-0.06,-1.2605042016806722
2016-08-11,15:00,sh600269,赣粤高速,4.7,4.73,4.69,4.69,147160,69354576.0,-0.01,-0.2127659574468085
2016-08-12,15:00,sh600269,赣粤高速,4.7,4.77,4.69,4.77,191829,90780168.0,0.08,1.7057569296375266
2016-08-15,15:00,sh600269,赣粤高速,4.77,4.94,4.76,4.9,489800,238587952.0,0.13,2.7253668763102725
2016-08-16,15:00,sh600269,赣粤高速,4.9,4.92,4.87,4.9,213255,104373496.0,0.0,0.0
2016-08-17,15:00,sh600269,赣粤高速,4.9,4.9,4.84,4.87,152347,74213080.0,-0.03,-0.6122448979591837
2016-08-18,15:00,sh600269,赣粤高速,4.89,4.91,4.87,4.9,157076,76772640.0,0.03,0.6160164271047228
2016-08-19,15:00,sh600269,赣粤高速,4.9,4.9,4.83,4.86,160951,78361208.0,-0.04,-0.8163265306122449
2016-08-22,15:00,sh600269,赣粤高速,4.88,4.89,4.83,4.85,108708,52757632.0,-0.01,-0.205761316872428
2016-08-23,15:00,sh600269,赣粤高速,4.85,4.89,4.84,4.87,127136,61833692.0,0.02,0.4123711340206186
2016-08-24,15:00,sh600269,赣粤高速,4.87,4.89,4.85,4.87,131274,63904340.0,0.0,0.0
2016-08-25,15:00,sh600269,赣粤高速,4.85,4.85,4.76,4.81,204304,98209144.0,-0.06,-1.2320328542094456
2016-08-26,15:00,sh600269,赣粤高速,4.81,4.84,4.8,4.82,106343,51293120.0,0.01,0.2079002079002079
2016-08-29,15:00,sh600269,赣粤高速,4.81,4.86,4.79,4.86,137147,66257964.0,0.04,0.8298755186721992
2016-08-30,15:00,sh600269,赣粤高速,4.85,4.89,4.83,4.87,114469,55814712.0,0.01,0.205761316872428
2016-08-31,15:00,sh600269,赣粤高速,4.87,4.9,4.84,4.88,149085,72607144.0,0.01,0.2053388090349076
2016-09-01,15:00,sh600269,赣粤高速,4.88,4.91,4.85,4.85,127741,62298684.0,-0.03,-0.6147540983606558
2016-09-02,15:00,sh600269,赣粤高速,4.83,4.88,4.83,4.85,122124,59276892.0,0.0,0.0
2016-09-05,15:00,sh600269,赣粤高速,4.87,4.88,4.85,4.87,80803,39274532.0,0.02,0.4123711340206186
2016-09-06,15:00,sh600269,赣粤高速,4.86,4.89,4.83,4.88,138019,67069488.0,0.01,0.2053388090349076
2016-09-07,15:00,sh600269,赣粤高速,4.88,4.9,4.86,4.87,124973,60949484.0,-0.01,-0.2049180327868852
2016-09-08,15:00,sh600269,赣粤高速,4.86,4.87,4.84,4.86,85019,41269624.0,-0.01,-0.2053388090349076
2016-09-09,15:00,sh600269,赣粤高速,4.85,4.86,4.8,4.8,124351,60160416.0,-0.06,-1.2345679012345678
2016-09-12,15:00,sh600269,赣粤高速,4.77,4.77,4.68,4.73,184294,87011104.0,-0.07,-1.4583333333333333
2016-09-13,15:00,sh600269,赣粤高速,4.72,4.75,4.69,4.71,96598,45608512.0,-0.02,-0.4228329809725158
2016-09-14,15:00,sh600269,赣粤高速,4.7,4.72,4.68,4.69,80763,37919532.0,-0.02,-0.4246284501061571
2016-09-19,15:00,sh600269,赣粤高速,4.69,4.73,4.69,4.72,80568,37982660.0,0.03,0.6396588486140725
2016-09-20,15:00,sh600269,赣粤高速,4.71,4.72,4.69,4.71,89165,41945080.0,-0.01,-0.211864406779661
2016-09-21,15:00,sh600269,赣粤高速,4.71,4.74,4.7,4.71,87945,41539720.0,0.0,0.0
2016-09-22,15:00,sh600269,赣粤高速,4.74,4.8,4.73,4.76,162879,77695496.0,0.05,1.0615711252653928
2016-09-23,15:00,sh600269,赣粤高速,4.78,4.79,4.75,4.76,67582,32206050.0,0.0,0.0
2016-09-26,15:00,sh600269,赣粤高速,4.75,4.76,4.68,4.68,81434,38452760.0,-0.08,-1.680672268907563
2016-09-27,15:00,sh600269,赣粤高速,4.68,4.71,4.67,4.71,92007,43149060.0,0.03,0.641025641025641
2016-09-28,15:00,sh600269,赣粤高速,4.71,4.72,4.69,4.7,48279,22691728.0,-0.01,-0.2123142250530785
2016-09-29,15:00,sh600269,赣粤高速,4.7,4.73,4.69,4.71,67276,31708364.0,0.01,0.2127659574468085
2016-09-30,15:00,sh600269,赣粤高速,4.7,4.76,4.69,4.74,113326,53507280.0,0.03,0.6369426751592357
2016-10-10,15:00,sh600269,赣粤高速,4.75,4.8,4.74,4.78,160687,76575832.0,0.04,0.8438818565400843
2016-10-11,15:00,sh600269,赣粤高速,4.8,4.8,4.76,4.78,106262,50739516.0,0.0,0.0
2016-10-12,15:00,sh600269,赣粤高速,4.77,4.78,4.75,4.77,84066,40071568.0,-0.01,-0.209205020920502
2016-10-13,15:00,sh600269,赣粤高速,4.77,4.8,4.76,4.78,127262,60829960.0,0.01,0.2096436058700209
2016-10-14,15:00,sh600269,赣粤高速,4.79,4.82,4.78,4.81,171456,82319888.0,0.03,0.6276150627615062
2016-10-17,15:00,sh600269,赣粤高速,4.82,4.85,4.78,4.8,182464,88027112.0,-0.01,-0.2079002079002079
2016-10-18,15:00,sh600269,赣粤高速,4.79,4.84,4.77,4.84,150844,72553616.0,0.04,0.8333333333333334
2016-10-19,15:00,sh600269,赣粤高速,4.84,4.87,4.82,4.83,143811,69721400.0,-0.01,-0.2066115702479339
2016-10-20,15:00,sh600269,赣粤高速,4.83,4.86,4.83,4.85,104263,50504944.0,0.02,0.4140786749482402
2016-10-21,15:00,sh600269,赣粤高速,4.84,4.86,4.8,4.82,157938,76232320.0,-0.03,-0.6185567010309279
2016-10-24,15:00,sh600269,赣粤高速,4.82,4.9,4.82,4.88,254238,123893560.0,0.06,1.2448132780082988
2016-10-25,15:00,sh600269,赣粤高速,4.89,4.9,4.87,4.9,138743,67817208.0,0.02,0.4098360655737705
2016-10-26,15:00,sh600269,赣粤高速,4.9,4.9,4.86,4.88,115561,56409088.0,-0.02,-0.4081632653061224
2016-10-27,15:00,sh600269,赣粤高速,4.87,4.89,4.86,4.88,96740,47135368.0,0.0,0.0
2016-10-28,15:00,sh600269,赣粤高速,4.88,4.89,4.85,4.85,107632,52418412.0,-0.03,-0.6147540983606558
2016-10-31,15:00,sh600269,赣粤高速,4.84,4.86,4.8,4.85,117527,56737472.0,0.0,0.0
2016-11-01,15:00,sh600269,赣粤高速,4.85,4.86,4.83,4.85,100993,48901536.0,0.0,0.0
2016-11-02,15:00,sh600269,赣粤高速,4.84,4.86,4.81,4.81,106740,51598204.0,-0.04,-0.8247422680412372
2016-11-03,15:00,sh600269,赣粤高速,4.8,4.86,4.8,4.85,117825,56922520.0,0.04,0.8316008316008316
2016-11-04,15:00,sh600269,赣粤高速,4.83,4.86,4.83,4.84,116532,56452872.0,-0.01,-0.2061855670103093
2016-11-07,15:00,sh600269,赣粤高速,4.84,4.86,4.82,4.85,103360,50037688.0,0.01,0.2066115702479339
2016-11-08,15:00,sh600269,赣粤高速,4.86,4.88,4.84,4.86,117340,57043792.0,0.01,0.2061855670103093
2016-11-09,15:00,sh600269,赣粤高速,4.86,4.87,4.79,4.82,139273,67237040.0,-0.04,-0.823045267489712
2016-11-10,15:00,sh600269,赣粤高速,4.83,4.9,4.83,4.89,207852,101269888.0,0.07,1.4522821576763485
2016-11-11,15:00,sh600269,赣粤高速,4.89,4.94,4.88,4.93,234460,115103040.0,0.04,0.81799591002045
2016-11-14,15:00,sh600269,赣粤高速,4.92,5.05,4.92,5.0,306799,153576464.0,0.07,1.4198782961460443
2016-11-15,15:00,sh600269,赣粤高速,5.0,5.02,4.97,4.98,127039,63375760.0,-0.02,-0.4
2016-11-16,15:00,sh600269,赣粤高速,4.98,5.03,4.97,5.01,162519,81342944.0,0.03,0.6024096385542169
2016-11-17,15:00,sh600269,赣粤高速,5.0,5.02,4.98,5.01,104347,52170988.0,0.0,0.0
2016-11-18,15:00,sh600269,赣粤高速,5.01,5.02,4.95,4.96,179703,89538704.0,-0.05,-0.998003992015968
2016-11-21,15:00,sh600269,赣粤高速,4.95,5.07,4.94,5.05,288036,144740752.0,0.09,1.8145161290322585
2016-11-22,15:00,sh600269,赣粤高速,5.05,5.07,5.03,5.06,166507,84015480.0,0.01,0.198019801980198
2016-11-23,15:00,sh600269,赣粤高速,5.06,5.08,5.01,5.03,187599,94677464.0,-0.03,-0.592885375494071
2016-11-24,15:00,sh600269,赣粤高速,5.03,5.06,5.01,5.03,149400,75248944.0,0.0,0.0
2016-11-25,15:00,sh600269,赣粤高速,5.03,5.05,4.98,5.04,186057,93300640.0,0.01,0.198807157057654
2016-11-28,15:00,sh600269,赣粤高速,5.07,5.23,5.04,5.18,567024,291812512.0,0.14,2.7777777777777777
2016-11-29,15:00,sh600269,赣粤高速,5.18,5.21,5.14,5.17,310628,160854576.0,-0.01,-0.193050193050193
2016-11-30,15:00,sh600269,赣粤高速,5.16,5.18,5.09,5.1,226308,115992744.0,-0.07,-1.3539651837524178
2016-12-01,15:00,sh600269,赣粤高速,5.11,5.13,5.09,5.13,198467,101455000.0,0.03,0.5882352941176471
2016-12-02,15:00,sh600269,赣粤高速,5.12,5.18,5.08,5.09,242223,123953936.0,-0.04,-0.7797270955165692
2016-12-05,15:00,sh600269,赣粤高速,5.05,5.1,5.03,5.06,186871,94674320.0,-0.03,-0.5893909626719057
2016-12-06,15:00,sh600269,赣粤高速,5.08,5.1,5.05,5.06,89971,45651784.0,0.0,0.0
2016-12-07,15:00,sh600269,赣粤高速,5.06,5.13,5.05,5.12,161547,82239184.0,0.06,1.185770750988142
2016-12-08,15:00,sh600269,赣粤高速,5.12,5.13,5.09,5.1,82746,42263032.0,-0.02,-0.390625
2016-12-09,15:00,sh600269,赣粤高速,5.1,5.19,5.08,5.18,247156,127321072.0,0.08,1.568627450980392
2016-12-12,15:00,sh600269,赣粤高速,5.19,5.22,5.01,5.02,403401,206213920.0,-0.16,-3.088803088803089
2016-12-13,15:00,sh600269,赣粤高速,5.0,5.06,4.99,5.03,177969,89293328.0,0.01,0.199203187250996
2016-12-14,15:00,sh600269,赣粤高速,5.03,5.13,5.02,5.1,236675,120383104.0,0.07,1.3916500994035783
2016-12-15,15:00,sh600269,赣粤高速,5.05,5.11,5.01,5.04,269305,136191680.0,-0.06,-1.1764705882352942
2016-12-16,15:00,sh600269,赣粤高速,5.05,5.08,5.02,5.06,131192,66238280.0,0.02,0.3968253968253968
2016-12-19,15:00,sh600269,赣粤高速,5.05,5.09,5.01,5.03,160217,80776720.0,-0.03,-0.592885375494071
2016-12-20,15:00,sh600269,赣粤高速,5.02,5.03,4.96,4.99,163375,81544856.0,-0.04,-0.7952286282306162
2016-12-21,15:00,sh600269,赣粤高速,5.0,5.03,4.98,5.02,114562,57431396.0,0.03,0.6012024048096193
2016-12-22,15:00,sh600269,赣粤高速,5.03,5.08,5.01,5.08,173057,87559448.0,0.06,1.195219123505976
2016-12-23,15:00,sh600269,赣粤高速,5.07,5.08,5.0,5.01,121922,61360824.0,-0.07,-1.3779527559055118
2016-12-26,15:00,sh600269,赣粤高速,5.0,5.05,4.98,5.04,122063,61167552.0,0.03,0.5988023952095809
2016-12-27,15:00,sh600269,赣粤高速,5.03,5.06,5.03,5.04,86314,43556472.0,0.0,0.0
2016-12-28,15:00,sh600269,赣粤高速,5.04,5.06,5.02,5.03,64626,32595860.0,-0.01,-0.1984126984126984
2016-12-29,15:00,sh600269,赣粤高速,5.02,5.04,5.0,5.03,69401,34852896.0,0.0,0.0
2016-12-30,15:00,sh600269,赣粤高速,5.03,5.04,5.01,5.03,64069,32188932.0,0.0,0.0
2017-01-03,15:00,sh600269,赣粤高速,5.03,5.09,5.03,5.09,159876,81069544.0,0.06,1.1928429423459244
2017-01-04,15:00,sh600269,赣粤高速,5.09,5.11,5.07,5.11,131548,67060376.0,0.02,0.3929273084479371
2017-01-05,15:00,sh600269,赣粤高速,5.12,5.13,5.09,5.11,120893,61787392.0,0.0,0.0
2017-01-06,15:00,sh600269,赣粤高速,5.1,5.12,5.07,5.09,124729,63585716.0,-0.02,-0.3913894324853229
2017-01-09,15:00,sh600269,赣粤高速,5.08,5.14,5.07,5.14,161502,82689296.0,0.05,0.9823182711198428
2017-01-10,15:00,sh600269,赣粤高速,5.13,5.18,5.11,5.15,169118,87055560.0,0.01,0.1945525291828793
2017-01-11,15:00,sh600269,赣粤高速,5.15,5.15,5.1,5.1,116472,59658380.0,-0.05,-0.9708737864077668
2017-01-12,15:00,sh600269,赣粤高速,5.09,5.13,5.06,5.08,108874,55437136.0,-0.02,-0.392156862745098
2017-01-13,15:00,sh600269,赣粤高速,5.08,5.08,5.01,5.04,131853,66551080.0,-0.04,-0.7874015748031495
2017-01-16,15:00,sh600269,赣粤高速,5.02,5.04,4.88,4.97,256210,127328312.0,-0.07,-1.3888888888888888
2017-01-17,15:00,sh600269,赣粤高速,4.96,5.05,4.95,5.03,166506,83280128.0,0.06,1.2072434607645874
2017-01-18,15:00,sh600269,赣粤高速,5.03,5.07,5.01,5.05,163943,82741568.0,0.02,0.3976143141153081
2017-01-19,15:00,sh600269,赣粤高速,5.05,5.11,5.04,5.06,159554,80941656.0,0.01,0.198019801980198
2017-01-20,15:00,sh600269,赣粤高速,5.07,5.1,5.06,5.09,121770,61940564.0,0.03,0.592885375494071
2017-01-23,15:00,sh600269,赣粤高速,5.12,5.16,5.1,5.15,206527,105978160.0,0.06,1.1787819253438114
2017-01-24,15:00,sh600269,赣粤高速,5.15,5.23,5.13,5.19,286346,148425456.0,0.04,0.7766990291262136
2017-01-25,15:00,sh600269,赣粤高速,5.19,5.21,5.16,5.18,112506,58267080.0,-0.01,-0.1926782273603083
2017-01-26,15:00,sh600269,赣粤高速,5.18,5.2,5.14,5.17,126059,65266260.0,-0.01,-0.193050193050193
2017-02-03,15:00,sh600269,赣粤高速,5.18,5.19,5.15,5.16,68917,35576456.0,-0.01,-0.1934235976789168
2017-02-06,15:00,sh600269,赣粤高速,5.15,5.22,5.15,5.21,144849,75230704.0,0.05,0.9689922480620154
2017-02-07,15:00,sh600269,赣粤高速,5.22,5.22,5.17,5.19,113615,58941924.0,-0.02,-0.3838771593090211
2017-02-08,15:00,sh600269,赣粤高速,5.19,5.22,5.16,5.22,116842,60634708.0,0.03,0.5780346820809248
2017-02-09,15:00,sh600269,赣粤高速,5.21,5.27,5.21,5.24,248802,130353008.0,0.02,0.3831417624521072
2017-02-10,15:00,sh600269,赣粤高速,5.25,5.34,5.24,5.32,286663,151840544.0,0.08,1.5267175572519085
2017-02-13,15:00,sh600269,赣粤高速,5.33,5.42,5.32,5.37,249555,133830376.0,0.05,0.9398496240601504
2017-02-14,15:00,sh600269,赣粤高速,5.36,5.38,5.33,5.35,127115,68039160.0,-0.02,-0.37243947858473
2017-02-15,15:00,sh600269,赣粤高速,5.35,5.38,5.3,5.3,235513,125623304.0,-0.05,-0.9345794392523364
2017-02-16,15:00,sh600269,赣粤高速,5.31,5.36,5.29,5.34,130611,69638272.0,0.04,0.7547169811320755
2017-02-17,15:00,sh600269,赣粤高速,5.36,5.36,5.26,5.27,177241,94007432.0,-0.07,-1.310861423220974
2017-02-20,15:00,sh600269,赣粤高速,5.27,5.4,5.26,5.39,219882,117344120.0,0.12,2.2770398481973437
2017-02-21,15:00,sh600269,赣粤高速,5.45,5.55,5.45,5.47,500844,274994720.0,0.08,1.4842300556586272
2017-02-22,15:00,sh600269,赣粤高速,5.46,5.53,5.45,5.53,307201,168600992.0,0.06,1.0968921389396709
2017-02-23,15:00,sh600269,赣粤高速,5.53,5.55,5.48,5.52,237452,130905320.0,-0.01,-0.1808318264014466
2017-02-24,15:00,sh600269,赣粤高速,5.53,5.55,5.49,5.54,200698,110723240.0,0.02,0.3623188405797101
2017-02-27,15:00,sh600269,赣粤高速,5.53,5.54,5.45,5.46,186944,102770736.0,-0.08,-1.444043321299639
2017-02-28,15:00,sh600269,赣粤高速,5.48,5.51,5.46,5.49,127335,69837160.0,0.03,0.5494505494505495
2017-03-01,15:00,sh600269,赣粤高速,5.5,5.54,5.47,5.53,165579,91365496.0,0.04,0.7285974499089253
2017-03-02,15:00,sh600269,赣粤高速,5.54,5.56,5.49,5.5,170722,94385960.0,-0.03,-0.5424954792043399
2017-03-03,15:00,sh600269,赣粤高速,5.5,5.5,5.44,5.48,165137,90221744.0,-0.02,-0.3636363636363636
2017-03-06,15:00,sh600269,赣粤高速,5.47,5.52,5.47,5.52,127579,70191200.0,0.04,0.7299270072992701
2017-03-07,15:00,sh600269,赣粤高速,5.5,5.5,5.35,5.36,445140,240203376.0,-0.16,-2.898550724637681
2017-03-08,15:00,sh600269,赣粤高速,5.37,5.37,5.32,5.36,159478,85369240.0,0.0,0.0
2017-03-09,15:00,sh600269,赣粤高速,5.35,5.36,5.26,5.28,180828,95661640.0,-0.08,-1.4925373134328357
2017-03-10,15:00,sh600269,赣粤高速,5.28,5.31,5.27,5.3,80717,42704992.0,0.02,0.3787878787878788
2017-03-13,15:00,sh600269,赣粤高速,5.3,5.34,5.25,5.34,120347,63881420.0,0.04,0.7547169811320755
2017-03-14,15:00,sh600269,赣粤高速,5.34,5.36,5.31,5.34,91324,48730368.0,0.0,0.0
2017-03-15,15:00,sh600269,赣粤高速,5.33,5.34,5.3,5.32,85038,45233920.0,-0.02,-0.3745318352059925
2017-03-16,15:00,sh600269,赣粤高速,5.32,5.38,5.32,5.37,119096,63800856.0,0.05,0.9398496240601504
2017-03-17,15:00,sh600269,赣粤高速,5.37,5.38,5.28,5.29,130764,69767824.0,-0.08,-1.48975791433892
2017-03-20,15:00,sh600269,赣粤高速,5.32,5.4,5.32,5.35,147577,79060472.0,0.06,1.1342155009451798
2017-03-21,15:00,sh600269,赣粤高速,5.35,5.42,5.33,5.39,169566,91284272.0,0.04,0.7476635514018692
2017-03-22,15:00,sh600269,赣粤高速,5.36,5.39,5.34,5.37,112430,60234536.0,-0.02,-0.3710575139146568
2017-03-23,15:00,sh600269,赣粤高速,5.37,5.38,5.3,5.33,137416,73301552.0,-0.04,-0.74487895716946
2017-03-24,15:00,sh600269,赣粤高速,5.32,5.38,5.32,5.37,139482,74544024.0,0.04,0.7504690431519699
2017-03-27,15:00,sh600269,赣粤高速,5.37,5.43,5.36,5.43,212916,115100944.0,0.06,1.11731843575419
2017-03-28,15:00,sh600269,赣粤高速,5.42,5.42,5.38,5.39,78664,42446384.0,-0.04,-0.7366482504604052
2017-03-29,15:00,sh600269,赣粤高速,5.4,5.67,5.37,5.53,535185,296194912.0,0.14,2.5974025974025974
2017-03-30,15:00,sh600269,赣粤高速,5.5,5.53,5.39,5.42,380318,207516416.0,-0.11,-1.9891500904159127
2017-03-31,15:00,sh600269,赣粤高速,5.41,5.45,5.37,5.44,196195,106153336.0,0.02,0.3690036900369003
2017-04-05,15:00,sh600269,赣粤高速,5.43,5.52,5.43,5.51,217011,119050128.0,0.07,1.2867647058823528
2017-04-06,15:00,sh600269,赣粤高速,5.5,5.55,5.48,5.52,203648,112283648.0,0.01,0.1814882032667876
2017-04-07,15:00,sh600269,赣粤高速,5.55,5.59,5.52,5.54,286773,159263792.0,0.02,0.3623188405797101
2017-04-10,15:00,sh600269,赣粤高速,5.54,5.55,5.5,5.55,209953,116041032.0,0.01,0.1805054151624548
2017-04-11,15:00,sh600269,赣粤高速,5.5,5.62,5.49,5.6,301216,167299808.0,0.05,0.9009009009009008
2017-04-12,15:00,sh600269,赣粤高速,5.63,5.69,5.59,5.61,402672,226921824.0,0.01,0.1785714285714285
2017-04-13,15:00,sh600269,赣粤高速,5.6,5.64,5.57,5.61,188992,105964760.0,0.0,0.0
2017-04-14,15:00,sh600269,赣粤高速,5.6,5.6,5.48,5.5,265176,146846544.0,-0.11,-1.96078431372549
2017-04-17,15:00,sh600269,赣粤高速,5.49,5.51,5.43,5.47,184032,100692784.0,-0.03,-0.5454545454545455
2017-04-18,15:00,sh600269,赣粤高速,5.46,5.49,5.42,5.42,155760,84990152.0,-0.05,-0.9140767824497258
2017-04-19,15:00,sh600269,赣粤高速,5.41,5.43,5.31,5.36,228458,122368200.0,-0.06,-1.107011070110701
2017-04-20,15:00,sh600269,赣粤高速,5.35,5.38,5.32,5.37,175825,94061520.0,0.01,0.1865671641791044
2017-04-21,15:00,sh600269,赣粤高速,5.38,5.38,5.32,5.34,119110,63770220.0,-0.03,-0.5586592178770949
2017-04-24,15:00,sh600269,赣粤高速,5.34,5.36,5.19,5.19,242629,127545264.0,-0.15,-2.808988764044944
2017-04-25,15:00,sh600269,赣粤高速,5.24,5.28,5.19,5.25,154030,80789656.0,0.06,1.1560693641618496
2017-04-26,15:00,sh600269,赣粤高速,5.26,5.36,5.25,5.32,201826,107393088.0,0.07,1.3333333333333337
2017-04-27,15:00,sh600269,赣粤高速,5.3,5.33,5.23,5.32,146211,77309568.0,0.0,0.0
2017-04-28,15:00,sh600269,赣粤高速,5.32,5.36,5.3,5.35,106002,56504288.0,0.03,0.5639097744360901
2017-05-02,15:00,sh600269,赣粤高速,5.36,5.38,5.33,5.36,160206,85742704.0,0.01,0.1869158878504673
2017-05-03,15:00,sh600269,赣粤高速,5.36,5.36,5.3,5.33,114098,60860808.0,-0.03,-0.5597014925373134
2017-05-04,15:00,sh600269,赣粤高速,5.32,5.34,5.29,5.3,108958,57855848.0,-0.03,-0.5628517823639775
2017-05-05,15:00,sh600269,赣粤高速,5.29,5.3,5.22,5.23,104657,54930644.0,-0.07,-1.3207547169811322
2017-05-08,15:00,sh600269,赣粤高速,5.22,5.23,5.15,5.16,134584,69755168.0,-0.07,-1.338432122370937
2017-05-09,15:00,sh600269,赣粤高速,5.15,5.19,5.12,5.19,105966,54698212.0,0.03,0.5813953488372093
2017-05-10,15:00,sh600269,赣粤高速,5.18,5.2,5.08,5.1,133221,68788880.0,-0.09,-1.7341040462427744
2017-05-11,15:00,sh600269,赣粤高速,5.1,5.1,4.93,5.05,262501,131843464.0,-0.05,-0.9803921568627452
2017-05-12,15:00,sh600269,赣粤高速,5.05,5.1,5.0,5.08,159260,80486024.0,0.03,0.594059405940594
2017-05-15,15:00,sh600269,赣粤高速,5.08,5.16,5.08,5.11,151366,77478456.0,0.03,0.5905511811023622
2017-05-16,15:00,sh600269,赣粤高速,5.1,5.18,5.08,5.18,130522,66852504.0,0.07,1.36986301369863
2017-05-17,15:00,sh600269,赣粤高速,5.19,5.24,5.18,5.19,143586,74785392.0,0.01,0.193050193050193
2017-05-18,15:00,sh600269,赣粤高速,5.16,5.21,5.14,5.17,76224,39437836.0,-0.02,-0.3853564547206166
2017-05-19,15:00,sh600269,赣粤高速,5.18,5.2,5.17,5.19,74244,38479704.0,0.02,0.3868471953578337
2017-05-22,15:00,sh600269,赣粤高速,5.2,5.2,5.1,5.12,123756,63758300.0,-0.07,-1.348747591522158
2017-05-23,15:00,sh600269,赣粤高速,5.13,5.13,5.08,5.1,123777,63156224.0,-0.02,-0.390625
2017-05-24,15:00,sh600269,赣粤高速,5.09,5.14,5.05,5.13,136827,69808776.0,0.03,0.5882352941176471
2017-05-25,15:00,sh600269,赣粤高速,4.99,5.09,4.95,5.07,198500,99907456.0,-0.06,-1.1695906432748535
2017-05-26,15:00,sh600269,赣粤高速,5.07,5.1,5.05,5.05,92563,46943916.0,-0.02,-0.3944773175542406
2017-05-31,15:00,sh600269,赣粤高速,5.08,5.12,5.04,5.06,128695,65319272.0,0.01,0.198019801980198
2017-06-01,15:00,sh600269,赣粤高速,5.06,5.06,5.02,5.04,90448,45619576.0,-0.02,-0.3952569169960474
2017-06-02,15:00,sh600269,赣粤高速,5.03,5.09,4.98,5.08,226320,114047680.0,0.04,0.7936507936507936
2017-06-05,15:00,sh600269,赣粤高速,5.09,5.1,5.07,5.08,144612,73487616.0,0.0,0.0
2017-06-06,15:00,sh600269,赣粤高速,5.08,5.1,5.07,5.09,139315,70824512.0,0.01,0.1968503937007873
2017-06-07,15:00,sh600269,赣粤高速,5.09,5.14,5.07,5.14,159740,81788696.0,0.05,0.9823182711198428
2017-06-08,15:00,sh600269,赣粤高速,5.14,5.15,5.11,5.13,118436,60801632.0,-0.01,-0.1945525291828793
2017-06-09,15:00,sh600269,赣粤高速,5.14,5.14,5.11,5.13,110582,56670672.0,0.0,0.0
2017-06-12,15:00,sh600269,赣粤高速,5.12,5.22,5.09,5.14,275624,142296256.0,0.01,0.1949317738791423
2017-06-13,15:00,sh600269,赣粤高速,5.12,5.16,5.09,5.16,146745,75320448.0,0.02,0.3891050583657587
2017-06-14,15:00,sh600269,赣粤高速,5.14,5.17,5.11,5.14,94781,48716388.0,-0.02,-0.3875968992248062
2017-06-15,15:00,sh600269,赣粤高速,5.14,5.16,5.13,5.15,109415,56299580.0,0.01,0.1945525291828793
2017-06-16,15:00,sh600269,赣粤高速,5.15,5.15,5.1,5.11,98969,50705384.0,-0.04,-0.7766990291262136
2017-06-19,15:00,sh600269,赣粤高速,5.12,5.15,5.11,5.15,104809,53826468.0,0.04,0.7827788649706457
2017-06-20,15:00,sh600269,赣粤高速,5.15,5.18,5.13,5.16,140623,72490864.0,0.01,0.1941747572815534
2017-06-21,15:00,sh600269,赣粤高速,5.16,5.17,5.13,5.16,121280,62479152.0,0.0,0.0
2017-06-22,15:00,sh600269,赣粤高速,5.15,5.21,5.14,5.15,199405,103205936.0,-0.01,-0.1937984496124031
2017-06-23,15:00,sh600269,赣粤高速,5.14,5.15,5.07,5.12,154957,79207024.0,-0.03,-0.5825242718446602
2017-06-26,15:00,sh600269,赣粤高速,5.12,5.18,5.11,5.17,179013,92263288.0,0.05,0.9765625
2017-06-27,15:00,sh600269,赣粤高速,5.17,5.19,5.16,5.18,107507,55600888.0,0.01,0.1934235976789168
2017-06-28,15:00,sh600269,赣粤高速,5.19,5.24,5.17,5.18,262054,136394720.0,0.0,0.0
2017-06-29,15:00,sh600269,赣粤高速,5.19,5.22,5.17,5.19,108390,56298564.0,0.01,0.193050193050193
2017-06-30,15:00,sh600269,赣粤高速,5.18,5.22,5.17,5.21,119468,62062544.0,0.02,0.3853564547206166
2017-07-03,15:00,sh600269,赣粤高速,5.2,5.26,5.2,5.26,231793,121409160.0,0.05,0.9596928982725528
2017-07-04,15:00,sh600269,赣粤高速,5.26,5.26,5.2,5.22,161442,84389032.0,-0.04,-0.7604562737642585
2017-07-05,15:00,sh600269,赣粤高速,5.22,5.3,5.21,5.29,220677,116271176.0,0.07,1.3409961685823757
2017-07-06,15:00,sh600269,赣粤高速,5.28,5.34,5.25,5.32,261023,138383040.0,0.03,0.5671077504725899
2017-07-07,15:00,sh600269,赣粤高速,5.3,5.33,5.28,5.33,155727,82591584.0,0.01,0.18796992481203
2017-07-10,15:00,sh600269,赣粤高速,5.32,5.37,5.3,5.35,232897,124233504.0,0.02,0.3752345215759849
2017-07-11,15:00,sh600269,赣粤高速,5.34,5.34,5.26,5.28,245107,130046168.0,-0.07,-1.3084112149532712
2017-07-12,15:00,sh600269,赣粤高速,5.26,5.31,5.24,5.27,203073,106989192.0,-0.01,-0.1893939393939394
2017-07-13,15:00,sh600269,赣粤高速,5.27,5.34,5.25,5.33,200910,106598496.0,0.06,1.1385199240986716
2017-07-14,15:00,sh600269,赣粤高速,5.32,5.36,5.31,5.33,125341,66799792.0,0.0,0.0
2017-07-17,15:00,sh600269,赣粤高速,5.33,5.34,5.18,5.24,306497,161361376.0,-0.09,-1.6885553470919326
2017-07-18,15:00,sh600269,赣粤高速,5.24,5.28,5.23,5.27,163472,85846064.0,0.03,0.5725190839694656
2017-07-19,15:00,sh600269,赣粤高速,5.27,5.5,5.25,5.49,677437,367248512.0,0.22,4.174573055028463
2017-07-20,15:00,sh600269,赣粤高速,5.5,5.51,5.44,5.48,358276,196182480.0,-0.01,-0.1821493624772313
2017-07-21,15:00,sh600269,赣粤高速,5.5,5.64,5.48,5.6,601656,335886016.0,0.12,2.18978102189781
2017-07-24,15:00,sh600269,赣粤高速,5.62,6.15,5.6,6.01,1485051,883990464.0,0.41,7.321428571428572
2017-07-25,15:00,sh600269,赣粤高速,5.93,5.95,5.72,5.81,871356,506305760.0,-0.2,-3.327787021630616
2017-07-26,15:00,sh600269,赣粤高速,5.79,5.85,5.69,5.79,647130,372714432.0,-0.02,-0.3442340791738382
2017-07-27,15:00,sh600269,赣粤高速,5.78,5.96,5.75,5.77,670049,391534848.0,-0.02,-0.3454231433506045
2017-07-28,15:00,sh600269,赣粤高速,5.73,5.75,5.66,5.7,329933,188166688.0,-0.07,-1.2131715771230502
2017-07-31,15:00,sh600269,赣粤高速,5.69,5.85,5.67,5.81,427682,246898368.0,0.11,1.9298245614035088
2017-08-01,15:00,sh600269,赣粤高速,5.8,5.88,5.72,5.77,421662,244721872.0,-0.04,-0.6884681583476765
2017-08-02,15:00,sh600269,赣粤高速,5.75,5.8,5.69,5.7,301125,172821168.0,-0.07,-1.2131715771230502
2017-08-03,15:00,sh600269,赣粤高速,5.69,5.72,5.59,5.62,379597,214386400.0,-0.08,-1.4035087719298245
2017-08-04,15:00,sh600269,赣粤高速,5.63,5.71,5.61,5.66,301600,171074144.0,0.04,0.7117437722419928
2017-08-07,15:00,sh600269,赣粤高速,5.64,5.7,5.63,5.69,175496,99491040.0,0.03,0.5300353356890459
2017-08-08,15:00,sh600269,赣粤高速,5.71,5.86,5.69,5.78,387651,223806800.0,0.09,1.5817223198594026
2017-08-09,15:00,sh600269,赣粤高速,5.7,5.7,5.53,5.6,570370,319771552.0,-0.18,-3.1141868512110724
2017-08-10,15:00,sh600269,赣粤高速,5.57,5.59,5.47,5.48,339537,187477952.0,-0.12,-2.142857142857143
2017-08-11,15:00,sh600269,赣粤高速,5.46,5.51,5.36,5.37,263924,143283200.0,-0.11,-2.0072992700729926
2017-08-14,15:00,sh600269,赣粤高速,5.35,5.44,5.35,5.43,164876,89165600.0,0.06,1.11731843575419
2017-08-15,15:00,sh600269,赣粤高速,5.43,5.46,5.4,5.42,138527,75162880.0,-0.01,-0.1841620626151013
2017-08-16,15:00,sh600269,赣粤高速,5.41,5.42,5.34,5.4,162121,87230632.0,-0.02,-0.3690036900369003
2017-08-17,15:00,sh600269,赣粤高速,5.39,5.48,5.38,5.46,178304,96799584.0,0.06,1.1111111111111112
2017-08-18,15:00,sh600269,赣粤高速,5.43,5.53,5.41,5.49,191961,105219336.0,0.03,0.5494505494505495
2017-08-21,15:00,sh600269,赣粤高速,5.47,5.49,5.45,5.48,103530,56656064.0,-0.01,-0.1821493624772313
2017-08-22,15:00,sh600269,赣粤高速,5.48,5.48,5.43,5.45,92347,50427432.0,-0.03,-0.5474452554744526
2017-08-23,15:00,sh600269,赣粤高速,5.46,5.46,5.4,5.41,113564,61587632.0,-0.04,-0.7339449541284404
2017-08-24,15:00,sh600269,赣粤高速,5.41,5.42,5.35,5.35,137510,73959032.0,-0.06,-1.1090573012939002
2017-08-25,15:00,sh600269,赣粤高速,5.35,5.48,5.34,5.45,189758,103025144.0,0.1,1.8691588785046729
2017-08-28,15:00,sh600269,赣粤高速,5.47,5.53,5.44,5.51,241503,132884032.0,0.06,1.1009174311926606
2017-08-29,15:00,sh600269,赣粤高速,5.52,5.57,5.49,5.51,151053,83474312.0,0.0,0.0
2017-08-30,15:00,sh600269,赣粤高速,5.52,5.57,5.5,5.55,148836,82458728.0,0.04,0.7259528130671506
2017-08-31,15:00,sh600269,赣粤高速,5.55,5.57,5.48,5.53,180673,99549896.0,-0.02,-0.3603603603603603
2017-09-01,15:00,sh600269,赣粤高速,5.52,5.56,5.49,5.55,225346,124559584.0,0.02,0.3616636528028933
2017-09-04,15:00,sh600269,赣粤高速,5.55,5.57,5.52,5.53,156479,86710000.0,-0.02,-0.3603603603603603
2017-09-05,15:00,sh600269,赣粤高速,5.54,5.55,5.5,5.52,151995,83838808.0,-0.01,-0.1808318264014466
2017-09-06,15:00,sh600269,赣粤高速,5.51,5.51,5.46,5.49,168084,92088184.0,-0.03,-0.5434782608695652
2017-09-07,15:00,sh600269,赣粤高速,5.48,5.52,5.47,5.48,117265,64435124.0,-0.01,-0.1821493624772313
2017-09-08,15:00,sh600269,赣粤高速,5.47,5.5,5.47,5.49,82278,45130400.0,0.01,0.1824817518248175
2017-09-11,15:00,sh600269,赣粤高速,5.49,5.52,5.47,5.51,126583,69662376.0,0.02,0.3642987249544626
2017-09-12,15:00,sh600269,赣粤高速,5.52,5.52,5.46,5.48,148824,81818416.0,-0.03,-0.5444646098003629
2017-09-13,15:00,sh600269,赣粤高速,5.48,5.49,5.43,5.47,131759,71947624.0,-0.01,-0.1824817518248175
2017-09-14,15:00,sh600269,赣粤高速,5.47,5.51,5.45,5.48,126605,69368800.0,0.01,0.1828153564899451
2017-09-15,15:00,sh600269,赣粤高速,5.49,5.49,5.4,5.42,171118,93086072.0,-0.06,-1.094890510948905
2017-09-18,15:00,sh600269,赣粤高速,5.41,5.44,5.39,5.42,130078,70477104.0,0.0,0.0
2017-09-19,15:00,sh600269,赣粤高速,5.42,5.45,5.39,5.4,103626,56157924.0,-0.02,-0.3690036900369003
2017-09-20,15:00,sh600269,赣粤高速,5.4,5.42,5.36,5.41,152975,82471072.0,0.01,0.1851851851851852
2017-09-21,15:00,sh600269,赣粤高速,5.4,5.41,5.36,5.37,131278,70704328.0,-0.04,-0.7393715341959335
2017-09-22,15:00,sh600269,赣粤高速,5.37,5.37,5.32,5.34,116090,61983256.0,-0.03,-0.5586592178770949
2017-09-25,15:00,sh600269,赣粤高速,5.34,5.34,5.27,5.28,113018,59866384.0,-0.06,-1.1235955056179776
2017-09-26,15:00,sh600269,赣粤高速,5.28,5.3,5.27,5.3,71482,37780104.0,0.02,0.3787878787878788
2017-09-27,15:00,sh600269,赣粤高速,5.31,5.34,5.29,5.33,98542,52420212.0,0.03,0.5660377358490566
2017-09-28,15:00,sh600269,赣粤高速,5.34,5.34,5.29,5.29,83686,44399556.0,-0.04,-0.7504690431519699
2017-09-29,15:00,sh600269,赣粤高速,5.3,5.33,5.29,5.32,111027,58881320.0,0.03,0.5671077504725899
2017-10-09,15:00,sh600269,赣粤高速,5.34,5.42,5.33,5.38,218227,117260224.0,0.06,1.1278195488721805
2017-10-10,15:00,sh600269,赣粤高速,5.37,5.41,5.35,5.4,128204,69025688.0,0.02,0.3717472118959107
2017-10-11,15:00,sh600269,赣粤高速,5.4,5.41,5.37,5.39,91434,49271040.0,-0.01,-0.1851851851851852
2017-10-12,15:00,sh600269,赣粤高速,5.39,5.4,5.33,5.36,99440,53322228.0,-0.03,-0.5565862708719851
2017-10-13,15:00,sh600269,赣粤高速,5.36,5.37,5.34,5.36,86431,46264028.0,0.0,0.0
2017-10-16,15:00,sh600269,赣粤高速,5.36,5.37,5.31,5.32,123591,65952896.0,-0.04,-0.7462686567164178
2017-10-17,15:00,sh600269,赣粤高速,5.32,5.33,5.28,5.3,90507,47960644.0,-0.02,-0.3759398496240601
2017-10-18,15:00,sh600269,赣粤高速,5.3,5.32,5.28,5.29,68198,36124992.0,-0.01,-0.1886792452830188
2017-10-19,15:00,sh600269,赣粤高速,5.29,5.29,5.25,5.25,113810,59914816.0,-0.04,-0.7561436672967864
2017-10-20,15:00,sh600269,赣粤高速,5.26,5.3,5.26,5.29,96399,50938108.0,0.04,0.7619047619047619
2017-10-23,15:00,sh600269,赣粤高速,5.29,5.31,5.28,5.31,63628,33676024.0,0.02,0.3780718336483932
2017-10-24,15:00,sh600269,赣粤高速,5.3,5.3,5.26,5.29,140046,73871904.0,-0.02,-0.3766478342749529
2017-10-25,15:00,sh600269,赣粤高速,5.28,5.3,5.25,5.3,90576,47838376.0,0.01,0.1890359168241966
2017-10-26,15:00,sh600269,赣粤高速,5.3,5.34,5.28,5.34,164932,87764080.0,0.04,0.7547169811320755
2017-10-27,15:00,sh600269,赣粤高速,5.33,5.34,5.3,5.31,101848,54154704.0,-0.03,-0.5617977528089888
2017-10-30,15:00,sh600269,赣粤高速,5.31,5.32,5.24,5.26,158550,83415800.0,-0.05,-0.9416195856873822
2017-10-31,15:00,sh600269,赣粤高速,5.27,5.27,5.25,5.27,83927,44156052.0,0.01,0.1901140684410646
2017-11-01,15:00,sh600269,赣粤高速,5.26,5.3,5.26,5.27,88051,46419256.0,0.0,0.0
2017-11-02,15:00,sh600269,赣粤高速,5.27,5.28,5.23,5.25,80169,42066672.0,-0.02,-0.3795066413662239
2017-11-03,15:00,sh600269,赣粤高速,5.3,5.33,5.23,5.28,172782,91284040.0,0.03,0.5714285714285714
2017-11-06,15:00,sh600269,赣粤高速,5.26,5.29,5.25,5.28,104461,55032176.0,0.0,0.0
2017-11-07,15:00,sh600269,赣粤高速,5.26,5.31,5.26,5.3,80565,42608960.0,0.02,0.3787878787878788
2017-11-08,15:00,sh600269,赣粤高速,5.3,5.36,5.29,5.35,189752,101158784.0,0.05,0.9433962264150944
2017-11-09,15:00,sh600269,赣粤高速,5.33,5.35,5.32,5.35,87893,46871964.0,0.0,0.0
2017-11-10,15:00,sh600269,赣粤高速,5.34,5.35,5.31,5.33,70990,37809128.0,-0.02,-0.3738317757009346
2017-11-13,15:00,sh600269,赣粤高速,5.33,5.34,5.3,5.31,113621,60368336.0,-0.02,-0.3752345215759849
2017-11-14,15:00,sh600269,赣粤高速,5.3,5.31,5.26,5.27,86251,45551008.0,-0.04,-0.7532956685499058
2017-11-15,15:00,sh600269,赣粤高速,5.27,5.29,5.22,5.23,99360,52119564.0,-0.04,-0.7590132827324478
2017-11-16,15:00,sh600269,赣粤高速,5.24,5.26,5.21,5.24,82402,43134216.0,0.01,0.1912045889101338
2017-11-17,15:00,sh600269,赣粤高速,5.23,5.23,5.15,5.17,151901,78767968.0,-0.07,-1.3358778625954195
2017-11-20,15:00,sh600269,赣粤高速,5.16,5.16,5.11,5.15,87377,44868472.0,-0.02,-0.3868471953578337
2017-11-21,15:00,sh600269,赣粤高速,5.16,5.2,5.15,5.19,72506,37582740.0,0.04,0.7766990291262136
2017-11-22,15:00,sh600269,赣粤高速,5.19,5.26,5.18,5.24,127782,66694324.0,0.05,0.9633911368015412
2017-11-23,15:00,sh600269,赣粤高速,5.23,5.25,5.15,5.19,108193,56207488.0,-0.05,-0.9541984732824428
2017-11-24,15:00,sh600269,赣粤高速,5.17,5.19,5.14,5.18,69367,35817388.0,-0.01,-0.1926782273603083
2017-11-27,15:00,sh600269,赣粤高速,5.17,5.19,5.14,5.15,53205,27482394.0,-0.03,-0.5791505791505791
2017-11-28,15:00,sh600269,赣粤高速,5.16,5.19,5.14,5.19,61564,31807936.0,0.04,0.7766990291262136
2017-11-29,15:00,sh600269,赣粤高速,5.19,5.2,5.15,5.19,75738,39152032.0,0.0,0.0
2017-11-30,15:00,sh600269,赣粤高速,5.18,5.21,5.17,5.18,70822,36741632.0,-0.01,-0.1926782273603083
2017-12-01,15:00,sh600269,赣粤高速,5.17,5.2,5.16,5.18,64712,33555048.0,0.0,0.0
2017-12-04,15:00,sh600269,赣粤高速,5.18,5.2,5.16,5.17,64787,33573720.0,-0.01,-0.193050193050193
2017-12-05,15:00,sh600269,赣粤高速,5.17,5.18,5.12,5.14,109073,56177896.0,-0.03,-0.5802707930367506
2017-12-06,15:00,sh600269,赣粤高速,5.14,5.14,5.1,5.13,94413,48329356.0,-0.01,-0.1945525291828793
2017-12-07,15:00,sh600269,赣粤高速,5.13,5.16,5.1,5.14,88073,45249356.0,0.01,0.1949317738791423
2017-12-08,15:00,sh600269,赣粤高速,5.14,5.17,5.12,5.17,81488,41958368.0,0.03,0.5836575875486382
2017-12-11,15:00,sh600269,赣粤高速,5.17,5.18,5.14,5.18,69477,35830076.0,0.01,0.1934235976789168
2017-12-12,15:00,sh600269,赣粤高速,5.17,5.18,5.13,5.14,50854,26193656.0,-0.04,-0.7722007722007722
2017-12-13,15:00,sh600269,赣粤高速,5.14,5.15,5.12,5.15,42684,21911896.0,0.01,0.1945525291828793
2017-12-14,15:00,sh600269,赣粤高速,5.13,5.15,5.12,5.14,48845,25090588.0,-0.01,-0.1941747572815534
2017-12-15,15:00,sh600269,赣粤高速,5.13,5.14,5.09,5.11,59072,30195464.0,-0.03,-0.5836575875486382
2017-12-18,15:00,sh600269,赣粤高速,5.11,5.12,5.08,5.1,42303,21574794.0,-0.01,-0.1956947162426614
2017-12-19,15:00,sh600269,赣粤高速,5.1,5.12,5.09,5.11,39818,20328444.0,0.01,0.196078431372549
2017-12-20,15:00,sh600269,赣粤高速,5.11,5.11,5.06,5.08,50173,25507016.0,-0.03,-0.5870841487279843
2017-12-21,15:00,sh600269,赣粤高速,5.08,5.08,5.03,5.06,87950,44447736.0,-0.02,-0.3937007874015747
2017-12-22,15:00,sh600269,赣粤高速,5.05,5.07,5.03,5.05,44258,22360880.0,-0.01,-0.1976284584980237
2017-12-25,15:00,sh600269,赣粤高速,5.06,5.07,5.02,5.03,58243,29387880.0,-0.02,-0.396039603960396
2017-12-26,15:00,sh600269,赣粤高速,5.03,5.08,5.02,5.08,46916,23707330.0,0.05,0.9940357852882704
2017-12-27,15:00,sh600269,赣粤高速,5.08,5.08,5.04,5.05,47771,24188688.0,-0.03,-0.5905511811023622
2017-12-28,15:00,sh600269,赣粤高速,5.08,5.12,5.08,5.11,91936,46895052.0,0.06,1.188118811881188
2017-12-29,15:00,sh600269,赣粤高速,5.11,5.12,5.08,5.12,58346,29763380.0,0.01,0.1956947162426614
2018-01-02,15:00,sh600269,赣粤高速,5.12,5.18,5.12,5.17,141104,72772080.0,0.05,0.9765625
2018-01-03,15:00,sh600269,赣粤高速,5.16,5.21,5.16,5.19,130914,67919176.0,0.02,0.3868471953578337
2018-01-04,15:00,sh600269,赣粤高速,5.18,5.2,5.17,5.19,68866,35725232.0,0.0,0.0
2018-01-05,15:00,sh600269,赣粤高速,5.17,5.23,5.17,5.2,111896,58201768.0,0.01,0.1926782273603083
2018-01-08,15:00,sh600269,赣粤高速,5.2,5.24,5.16,5.22,138033,71827224.0,0.02,0.3846153846153846
2018-01-09,15:00,sh600269,赣粤高速,5.22,5.24,5.19,5.21,89927,46903144.0,-0.01,-0.1915708812260536
2018-01-10,15:00,sh600269,赣粤高速,5.2,5.21,5.16,5.19,99163,51470032.0,-0.02,-0.3838771593090211
2018-01-11,15:00,sh600269,赣粤高速,5.2,5.2,5.17,5.2,53113,27566208.0,0.01,0.1926782273603083
2018-01-12,15:00,sh600269,赣粤高速,5.2,5.2,5.17,5.19,78213,40575392.0,-0.01,-0.1923076923076923
2018-01-15,15:00,sh600269,赣粤高速,5.19,5.19,5.13,5.14,102587,53003812.0,-0.05,-0.9633911368015412
2018-01-16,15:00,sh600269,赣粤高速,5.14,5.17,5.13,5.17,88806,45759580.0,0.03,0.5836575875486382
2018-01-17,15:00,sh600269,赣粤高速,5.16,5.28,5.16,5.26,230940,121067208.0,0.09,1.7408123791102514
2018-01-18,15:00,sh600269,赣粤高速,5.25,5.27,5.24,5.26,104725,54971464.0,0.0,0.0
2018-01-19,15:00,sh600269,赣粤高速,5.26,5.35,5.25,5.32,203854,108437272.0,0.06,1.1406844106463878
2018-01-22,15:00,sh600269,赣粤高速,5.32,5.35,5.28,5.34,150326,80101424.0,0.02,0.3759398496240601
2018-01-23,15:00,sh600269,赣粤高速,5.34,5.37,5.33,5.36,141260,75609600.0,0.02,0.3745318352059925
2018-01-24,15:00,sh600269,赣粤高速,5.35,5.49,5.34,5.4,393341,213358016.0,0.04,0.7462686567164178
2018-01-25,15:00,sh600269,赣粤高速,5.39,5.42,5.36,5.39,197189,106253312.0,-0.01,-0.1851851851851852
2018-01-26,15:00,sh600269,赣粤高速,5.39,5.41,5.37,5.39,116567,62882372.0,0.0,0.0
2018-01-29,15:00,sh600269,赣粤高速,5.39,5.41,5.32,5.34,176724,94788872.0,-0.05,-0.927643784786642
2018-01-30,15:00,sh600269,赣粤高速,5.33,5.35,5.31,5.31,117666,62684832.0,-0.03,-0.5617977528089888
2018-01-31,15:00,sh600269,赣粤高速,5.3,5.32,5.26,5.27,145951,77169720.0,-0.04,-0.7532956685499058
2018-02-01,15:00,sh600269,赣粤高速,5.27,5.29,5.13,5.17,199231,103858648.0,-0.1,-1.8975332068311197
2018-02-02,15:00,sh600269,赣粤高速,5.16,5.22,5.1,5.21,127224,65703192.0,0.04,0.7736943907156674
2018-02-05,15:00,sh600269,赣粤高速,5.15,5.27,5.13,5.27,141961,74074344.0,0.06,1.151631477927063
2018-02-06,15:00,sh600269,赣粤高速,5.22,5.25,5.13,5.14,160264,83248056.0,-0.13,-2.4667931688804554
2018-02-07,15:00,sh600269,赣粤高速,5.16,5.23,5.11,5.13,182188,94149528.0,-0.01,-0.1945525291828793
2018-02-08,15:00,sh600269,赣粤高速,5.13,5.16,5.07,5.11,160612,82079208.0,-0.02,-0.3898635477582846
2018-02-09,15:00,sh600269,赣粤高速,5.01,5.05,4.88,4.91,303265,150376752.0,-0.2,-3.9138943248532287
2018-02-12,15:00,sh600269,赣粤高速,4.94,4.97,4.89,4.94,121224,59857344.0,0.03,0.6109979633401221
2018-02-13,15:00,sh600269,赣粤高速,4.96,4.99,4.94,4.94,101177,50249968.0,0.0,0.0
2018-02-14,15:00,sh600269,赣粤高速,4.95,4.96,4.89,4.92,105900,52099136.0,-0.02,-0.4048582995951417
2018-02-22,15:00,sh600269,赣粤高速,4.95,5.0,4.94,4.99,83468,41489612.0,0.07,1.4227642276422765
2018-02-23,15:00,sh600269,赣粤高速,4.97,5.02,4.97,5.01,87518,43767992.0,0.02,0.4008016032064128
2018-02-26,15:00,sh600269,赣粤高速,5.02,5.05,5.0,5.04,112876,56707152.0,0.03,0.5988023952095809
2018-02-27,15:00,sh600269,赣粤高速,5.04,5.05,4.99,5.0,113270,56762464.0,-0.04,-0.7936507936507936
2018-02-28,15:00,sh600269,赣粤高速,5.0,5.0,4.96,4.98,71075,35383628.0,-0.02,-0.4
2018-03-01,15:00,sh600269,赣粤高速,4.96,5.0,4.96,4.99,59352,29569818.0,0.01,0.2008032128514056
2018-03-02,15:00,sh600269,赣粤高速,4.97,4.98,4.95,4.97,58914,29259576.0,-0.02,-0.4008016032064128
2018-03-05,15:00,sh600269,赣粤高速,4.97,4.98,4.95,4.96,35793,17766656.0,-0.01,-0.2012072434607646
2018-03-06,15:00,sh600269,赣粤高速,4.98,5.02,4.96,5.02,92705,46284844.0,0.06,1.2096774193548387
2018-03-07,15:00,sh600269,赣粤高速,5.02,5.04,4.99,5.01,96735,48567656.0,-0.01,-0.199203187250996
2018-03-08,15:00,sh600269,赣粤高速,5.01,5.06,5.0,5.05,90458,45562916.0,0.04,0.7984031936127743
2018-03-09,15:00,sh600269,赣粤高速,5.05,5.06,5.02,5.05,79026,39818544.0,0.0,0.0
2018-03-12,15:00,sh600269,赣粤高速,5.06,5.07,5.04,5.06,81954,41408888.0,0.01,0.198019801980198
2018-03-13,15:00,sh600269,赣粤高速,5.06,5.06,5.01,5.02,81298,40884180.0,-0.04,-0.7905138339920948
2018-03-14,15:00,sh600269,赣粤高速,5.02,5.03,4.99,4.99,69266,34646624.0,-0.03,-0.5976095617529881
2018-03-15,15:00,sh600269,赣粤高速,4.98,5.0,4.97,4.99,57708,28749964.0,0.0,0.0
2018-03-16,15:00,sh600269,赣粤高速,5.0,5.01,4.98,4.98,38817,19383390.0,-0.01,-0.2004008016032064
2018-03-19,15:00,sh600269,赣粤高速,4.98,4.99,4.95,4.97,55049,27352440.0,-0.01,-0.2008032128514056
2018-03-20,15:00,sh600269,赣粤高速,4.96,4.98,4.95,4.98,47018,23336376.0,0.01,0.2012072434607646
2018-03-21,15:00,sh600269,赣粤高速,4.98,5.1,4.97,5.03,184771,93279008.0,0.05,1.0040160642570282
2018-03-22,15:00,sh600269,赣粤高速,5.03,5.04,5.0,5.04,90456,45397320.0,0.01,0.198807157057654
2018-03-23,15:00,sh600269,赣粤高速,4.98,4.98,4.81,4.84,190463,93466664.0,-0.2,-3.968253968253968
2018-03-26,15:00,sh600269,赣粤高速,4.8,4.89,4.76,4.89,125019,60138740.0,0.05,1.0330578512396695
2018-03-27,15:00,sh600269,赣粤高速,4.89,4.9,4.86,4.89,168810,82332224.0,0.0,0.0
2018-03-28,15:00,sh600269,赣粤高速,4.86,4.86,4.8,4.82,117380,56669032.0,-0.07,-1.4314928425357871
2018-03-29,15:00,sh600269,赣粤高速,4.82,4.85,4.8,4.83,109792,52922360.0,0.01,0.2074688796680498
2018-03-30,15:00,sh600269,赣粤高速,4.83,4.85,4.8,4.81,99011,47742120.0,-0.02,-0.4140786749482402
2018-04-02,15:00,sh600269,赣粤高速,4.81,4.83,4.79,4.79,91986,44238760.0,-0.02,-0.4158004158004158
2018-04-03,15:00,sh600269,赣粤高速,4.76,4.76,4.72,4.74,103209,48910596.0,-0.05,-1.0438413361169103
2018-04-04,15:00,sh600269,赣粤高速,4.75,4.76,4.71,4.72,68888,32635196.0,-0.02,-0.4219409282700421
2018-04-09,15:00,sh600269,赣粤高速,4.7,4.74,4.7,4.72,62923,29651790.0,0.0,0.0
2018-04-10,15:00,sh600269,赣粤高速,4.72,4.78,4.71,4.77,99247,47089272.0,0.05,1.059322033898305
2018-04-11,15:00,sh600269,赣粤高速,4.78,4.8,4.75,4.77,66002,31541744.0,0.0,0.0
2018-04-12,15:00,sh600269,赣粤高速,4.77,4.78,4.72,4.74,81052,38470992.0,-0.03,-0.628930817610063
2018-04-13,15:00,sh600269,赣粤高速,4.75,4.76,4.72,4.73,44625,21127894.0,-0.01,-0.210970464135021
2018-04-16,15:00,sh600269,赣粤高速,4.72,4.74,4.66,4.67,80199,37641112.0,-0.06,-1.2684989429175475
2018-04-17,15:00,sh600269,赣粤高速,4.69,4.7,4.62,4.64,86807,40459808.0,-0.03,-0.6423982869379015
2018-04-18,15:00,sh600269,赣粤高速,4.66,4.68,4.61,4.64,66422,30770366.0,0.0,0.0
2018-04-19,15:00,sh600269,赣粤高速,4.64,4.67,4.63,4.66,54453,25339952.0,0.02,0.4310344827586206
2018-04-20,15:00,sh600269,赣粤高速,4.64,4.65,4.56,4.57,89886,41377448.0,-0.09,-1.9313304721030045
2018-04-23,15:00,sh600269,赣粤高速,4.58,4.63,4.56,4.6,55977,25706464.0,0.03,0.6564551422319475
2018-04-24,15:00,sh600269,赣粤高速,4.61,4.66,4.6,4.65,74648,34651312.0,0.05,1.0869565217391304
2018-04-25,15:00,sh600269,赣粤高速,4.64,4.65,4.62,4.63,68254,31587624.0,-0.02,-0.4301075268817204
2018-04-26,15:00,sh600269,赣粤高速,4.63,4.63,4.58,4.58,51063,23479036.0,-0.05,-1.079913606911447
2018-04-27,15:00,sh600269,赣粤高速,4.58,4.59,4.54,4.57,57703,26341820.0,-0.01,-0.2183406113537117
2018-05-02,15:00,sh600269,赣粤高速,4.56,4.59,4.55,4.58,58061,26548836.0,0.01,0.2188183807439825
2018-05-03,15:00,sh600269,赣粤高速,4.57,4.6,4.54,4.59,53910,24635160.0,0.01,0.2183406113537117
2018-05-04,15:00,sh600269,赣粤高速,4.58,4.59,4.56,4.57,46946,21463980.0,-0.02,-0.4357298474945534
2018-05-07,15:00,sh600269,赣粤高速,4.58,4.63,4.57,4.62,59647,27464548.0,0.05,1.0940919037199124
2018-05-08,15:00,sh600269,赣粤高速,4.62,4.64,4.6,4.64,53247,24610640.0,0.02,0.4329004329004329
2018-05-09,15:00,sh600269,赣粤高速,4.63,4.64,4.61,4.63,37928,17544616.0,-0.01,-0.2155172413793103
2018-05-10,15:00,sh600269,赣粤高速,4.63,4.64,4.62,4.64,33792,15641483.0,0.01,0.2159827213822894
2018-05-11,15:00,sh600269,赣粤高速,4.63,4.65,4.62,4.63,37986,17604272.0,-0.01,-0.2155172413793103
2018-05-14,15:00,sh600269,赣粤高速,4.64,4.64,4.61,4.61,38123,17623728.0,-0.02,-0.4319654427645789
2018-05-15,15:00,sh600269,赣粤高速,4.61,4.63,4.59,4.63,31497,14503377.0,0.02,0.4338394793926247
2018-05-16,15:00,sh600269,赣粤高速,4.62,4.62,4.59,4.61,27553,12694310.0,-0.02,-0.4319654427645789
2018-05-17,15:00,sh600269,赣粤高速,4.6,4.61,4.59,4.59,21493,9883885.0,-0.02,-0.4338394793926247
2018-05-18,15:00,sh600269,赣粤高速,4.59,4.62,4.59,4.62,35670,16441617.0,0.03,0.6535947712418301
2018-05-21,15:00,sh600269,赣粤高速,4.63,4.68,4.63,4.66,79627,37075572.0,0.04,0.8658008658008658
2018-05-22,15:00,sh600269,赣粤高速,4.67,4.67,4.64,4.66,34972,16262589.0,0.0,0.0
2018-05-23,15:00,sh600269,赣粤高速,4.66,4.66,4.62,4.63,43109,20000156.0,-0.03,-0.6437768240343348
2018-05-24,15:00,sh600269,赣粤高速,4.63,4.64,4.59,4.6,51523,23782198.0,-0.03,-0.6479481641468683
2018-05-25,15:00,sh600269,赣粤高速,4.59,4.6,4.56,4.57,47132,21567232.0,-0.03,-0.6521739130434783
2018-05-28,15:00,sh600269,赣粤高速,4.56,4.58,4.54,4.57,45965,20950464.0,0.0,0.0
2018-05-29,15:00,sh600269,赣粤高速,4.57,4.58,4.53,4.54,41898,19060484.0,-0.03,-0.6564551422319475
2018-05-30,15:00,sh600269,赣粤高速,4.51,4.52,4.42,4.43,101545,45282976.0,-0.11,-2.4229074889867843
2018-05-31,15:00,sh600269,赣粤高速,4.45,4.47,4.44,4.45,40333,17968704.0,0.02,0.4514672686230248
2018-06-01,15:00,sh600269,赣粤高速,4.44,4.47,4.43,4.45,55810,24826432.0,0.0,0.0
2018-06-04,15:00,sh600269,赣粤高速,4.45,4.47,4.44,4.45,37632,16768767.0,0.0,0.0
2018-06-05,15:00,sh600269,赣粤高速,4.46,4.48,4.45,4.47,32687,14587525.0,0.02,0.449438202247191
2018-06-06,15:00,sh600269,赣粤高速,4.47,4.47,4.45,4.46,29374,13091357.0,-0.01,-0.2237136465324384
2018-06-07,15:00,sh600269,赣粤高速,4.46,4.49,4.45,4.46,43956,19639736.0,0.0,0.0
2018-06-08,15:00,sh600269,赣粤高速,4.47,4.47,4.38,4.39,84293,37133708.0,-0.07,-1.5695067264573992
2018-06-11,15:00,sh600269,赣粤高速,4.39,4.4,4.36,4.37,49323,21583156.0,-0.02,-0.4555808656036446
2018-06-12,15:00,sh600269,赣粤高速,4.36,4.38,4.33,4.38,40526,17672200.0,0.01,0.2288329519450801
2018-06-13,15:00,sh600269,赣粤高速,4.38,4.38,4.33,4.34,33876,14736131.0,-0.04,-0.91324200913242
2018-06-14,15:00,sh600269,赣粤高速,4.34,4.36,4.32,4.34,29122,12634123.0,0.0,0.0
2018-06-15,15:00,sh600269,赣粤高速,4.33,4.36,4.3,4.32,61874,26773108.0,-0.02,-0.4608294930875576
2018-06-19,15:00,sh600269,赣粤高速,4.3,4.3,4.01,4.07,153209,63662456.0,-0.25,-5.787037037037037
2018-06-20,15:00,sh600269,赣粤高速,4.05,4.11,4.03,4.09,75688,30793770.0,0.02,0.4914004914004914
2018-06-21,15:00,sh600269,赣粤高速,4.08,4.12,4.01,4.03,80355,32672424.0,-0.06,-1.466992665036675
2018-06-22,15:00,sh600269,赣粤高速,4.01,4.09,4.0,4.06,58223,23571020.0,0.03,0.7444168734491315
2018-06-25,15:00,sh600269,赣粤高速,4.08,4.1,4.03,4.04,42636,17297328.0,-0.02,-0.4926108374384236
2018-06-26,15:00,sh600269,赣粤高速,4.06,4.08,4.03,4.07,60445,24526300.0,0.03,0.7425742574257426
2018-06-27,15:00,sh600269,赣粤高速,4.07,4.08,4.04,4.05,48523,19700650.0,-0.02,-0.4914004914004914
2018-06-28,15:00,sh600269,赣粤高速,4.04,4.06,3.99,4.02,51238,20660998.0,-0.03,-0.7407407407407408
2018-06-29,15:00,sh600269,赣粤高速,4.03,4.1,4.02,4.09,52428,21297476.0,0.07,1.7412935323383083
2018-07-02,15:00,sh600269,赣粤高速,4.09,4.1,4.0,4.02,68658,27772838.0,-0.07,-1.7114914425427872
2018-07-03,15:00,sh600269,赣粤高速,4.02,4.06,3.99,4.06,58377,23486384.0,0.04,0.9950248756218906
2018-07-04,15:00,sh600269,赣粤高速,4.04,4.07,4.03,4.04,35001,14167547.0,-0.02,-0.4926108374384236
2018-07-05,15:00,sh600269,赣粤高速,4.04,4.06,4.0,4.0,35910,14440697.0,-0.04,-0.99009900990099
2018-07-06,15:00,sh600269,赣粤高速,4.01,4.04,3.96,4.01,55546,22259452.0,0.01,0.25
2018-07-09,15:00,sh600269,赣粤高速,4.01,4.08,4.01,4.06,55629,22538044.0,0.05,1.2468827930174564
2018-07-10,15:00,sh600269,赣粤高速,4.06,4.09,4.05,4.07,41828,17009008.0,0.01,0.2463054187192118
2018-07-11,15:00,sh600269,赣粤高速,4.05,4.05,3.99,4.03,55705,22431088.0,-0.04,-0.9828009828009828
2018-07-12,15:00,sh600269,赣粤高速,4.03,4.11,4.03,4.09,79823,32624110.0,0.06,1.488833746898263
2018-07-13,15:00,sh600269,赣粤高速,4.1,4.14,4.09,4.12,56071,23070832.0,0.03,0.7334963325183375
2018-07-16,15:00,sh600269,赣粤高速,4.12,4.14,4.1,4.13,36694,15112365.0,0.01,0.2427184466019417
2018-07-17,15:00,sh600269,赣粤高速,4.13,4.13,4.09,4.12,23864,9803274.0,-0.01,-0.2421307506053268
2018-07-18,15:00,sh600269,赣粤高速,4.12,4.14,4.11,4.11,36197,14920909.0,-0.01,-0.2427184466019417
2018-07-19,15:00,sh600269,赣粤高速,4.12,4.12,4.07,4.09,31198,12777172.0,-0.02,-0.48661800486618
2018-07-20,15:00,sh600269,赣粤高速,4.08,4.19,4.07,4.18,81156,33605720.0,0.09,2.2004889975550124
2018-07-23,15:00,sh600269,赣粤高速,4.16,4.23,4.15,4.23,75540,31681914.0,0.05,1.1961722488038278
2018-07-24,15:00,sh600269,赣粤高速,4.23,4.32,4.21,4.32,131716,56479816.0,0.09,2.127659574468085
2018-07-25,15:00,sh600269,赣粤高速,4.3,4.33,4.28,4.3,63698,27440850.0,-0.02,-0.4629629629629629
2018-07-26,15:00,sh600269,赣粤高速,4.35,4.37,4.33,4.34,84286,36633084.0,0.04,0.9302325581395348
2018-07-27,15:00,sh600269,赣粤高速,4.35,4.35,4.33,4.33,38455,16688183.0,-0.01,-0.2304147465437788
2018-07-30,15:00,sh600269,赣粤高速,4.32,4.35,4.31,4.33,37975,16443298.0,0.0,0.0
2018-07-31,15:00,sh600269,赣粤高速,4.33,4.35,4.32,4.35,29965,12990984.0,0.02,0.4618937644341801
2018-08-01,15:00,sh600269,赣粤高速,4.35,4.36,4.31,4.32,57460,24888960.0,-0.03,-0.6896551724137931
2018-08-02,15:00,sh600269,赣粤高速,4.29,4.33,4.17,4.25,104608,44307096.0,-0.07,-1.6203703703703702
2018-08-03,15:00,sh600269,赣粤高速,4.09,4.11,4.06,4.08,51337,20990804.0,-0.17,-4.0
2018-08-06,15:00,sh600269,赣粤高速,4.07,4.1,4.03,4.03,46962,19095216.0,-0.05,-1.2254901960784317
2018-08-07,15:00,sh600269,赣粤高速,4.04,4.12,4.04,4.11,55720,22792464.0,0.08,1.9851116625310172
2018-08-08,15:00,sh600269,赣粤高速,4.12,4.12,4.07,4.09,46254,18949896.0,-0.02,-0.48661800486618
2018-08-09,15:00,sh600269,赣粤高速,4.07,4.15,4.07,4.14,57244,23596112.0,0.05,1.2224938875305624
2018-08-10,15:00,sh600269,赣粤高速,4.14,4.15,4.11,4.15,57081,23634908.0,0.01,0.2415458937198067
2018-08-13,15:00,sh600269,赣粤高速,4.12,4.17,4.11,4.15,63616,26310912.0,0.0,0.0
2018-08-14,15:00,sh600269,赣粤高速,4.14,4.17,4.13,4.17,29136,12088877.0,0.02,0.4819277108433735
2018-08-15,15:00,sh600269,赣粤高速,4.16,4.16,4.09,4.1,36656,15130492.0,-0.07,-1.6786570743405276
2018-08-16,15:00,sh600269,赣粤高速,4.09,4.1,4.06,4.08,34459,14065704.0,-0.02,-0.4878048780487805
2018-08-17,15:00,sh600269,赣粤高速,4.08,4.11,4.01,4.03,43643,17668060.0,-0.05,-1.2254901960784317
2018-08-20,15:00,sh600269,赣粤高速,4.02,4.06,4.01,4.05,33617,13554975.0,0.02,0.4962779156327543
2018-08-21,15:00,sh600269,赣粤高速,4.04,4.1,4.04,4.09,31364,12800758.0,0.04,0.9876543209876544
2018-08-22,15:00,sh600269,赣粤高速,4.09,4.09,4.06,4.08,25315,10318076.0,-0.01,-0.2444987775061124
2018-08-23,15:00,sh600269,赣粤高速,4.08,4.1,4.06,4.08,28541,11652751.0,0.0,0.0
2018-08-24,15:00,sh600269,赣粤高速,4.07,4.1,4.06,4.09,26481,10806128.0,0.01,0.2450980392156862
2018-08-27,15:00,sh600269,赣粤高速,4.09,4.13,4.08,4.12,45073,18533788.0,0.03,0.7334963325183375
2018-08-28,15:00,sh600269,赣粤高速,4.12,4.15,4.1,4.11,35859,14759415.0,-0.01,-0.2427184466019417
2018-08-29,15:00,sh600269,赣粤高速,4.1,4.11,4.07,4.08,28129,11494127.0,-0.03,-0.7299270072992701
2018-08-30,15:00,sh600269,赣粤高速,4.07,4.1,4.05,4.07,34752,14146573.0,-0.01,-0.2450980392156862
2018-08-31,15:00,sh600269,赣粤高速,4.06,4.08,4.04,4.05,30065,12198827.0,-0.02,-0.4914004914004914
2018-09-03,15:00,sh600269,赣粤高速,4.05,4.06,4.02,4.05,35991,14548537.0,0.0,0.0
2018-09-04,15:00,sh600269,赣粤高速,4.08,4.12,4.08,4.11,54127,22193880.0,0.06,1.4814814814814816
2018-09-05,15:00,sh600269,赣粤高速,4.1,4.11,4.08,4.09,35141,14400254.0,-0.02,-0.48661800486618
2018-09-06,15:00,sh600269,赣粤高速,4.06,4.09,4.04,4.05,34436,14010279.0,-0.04,-0.9779951100244498
2018-09-07,15:00,sh600269,赣粤高速,4.05,4.09,4.05,4.07,36168,14701769.0,0.02,0.4938271604938271
2018-09-10,15:00,sh600269,赣粤高速,4.07,4.08,4.04,4.05,45462,18441960.0,-0.02,-0.4914004914004914
2018-09-11,15:00,sh600269,赣粤高速,4.06,4.06,4.02,4.03,41521,16736896.0,-0.02,-0.4938271604938271
2018-09-12,15:00,sh600269,赣粤高速,4.02,4.04,4.01,4.02,20878,8403549.0,-0.01,-0.2481389578163771
2018-09-13,15:00,sh600269,赣粤高速,4.04,4.06,4.02,4.03,42123,17024964.0,0.01,0.2487562189054726
2018-09-14,15:00,sh600269,赣粤高速,4.05,4.06,4.03,4.04,29486,11934522.0,0.01,0.2481389578163771
2018-09-17,15:00,sh600269,赣粤高速,4.05,4.05,4.01,4.02,39092,15741077.0,-0.02,-0.495049504950495
2018-09-18,15:00,sh600269,赣粤高速,4.03,4.09,4.01,4.08,45530,18450548.0,0.06,1.4925373134328357
2018-09-19,15:00,sh600269,赣粤高速,4.06,4.12,4.06,4.09,50973,20883916.0,0.01,0.2450980392156862
2018-09-20,15:00,sh600269,赣粤高速,4.09,4.11,4.08,4.1,29300,12009697.0,0.01,0.2444987775061124
2018-09-21,15:00,sh600269,赣粤高速,4.08,4.16,4.08,4.16,76980,31847424.0,0.06,1.4634146341463417
2018-09-25,15:00,sh600269,赣粤高速,4.15,4.15,4.12,4.13,46700,19290536.0,-0.03,-0.7211538461538461
2018-09-26,15:00,sh600269,赣粤高速,4.12,4.16,4.12,4.13,72852,30154344.0,0.0,0.0
2018-09-27,15:00,sh600269,赣粤高速,4.13,4.14,4.1,4.1,38871,16002399.0,-0.03,-0.7263922518159807
2018-09-28,15:00,sh600269,赣粤高速,4.1,4.13,4.1,4.13,44112,18173450.0,0.03,0.7317073170731708
2018-10-08,15:00,sh600269,赣粤高速,4.1,4.1,4.04,4.05,75909,30919096.0,-0.08,-1.937046004842615
2018-10-09,15:00,sh600269,赣粤高速,4.06,4.07,4.04,4.05,38860,15750283.0,0.0,0.0
2018-10-10,15:00,sh600269,赣粤高速,4.05,4.09,4.05,4.08,31107,12653650.0,0.03,0.7407407407407408
2018-10-11,15:00,sh600269,赣粤高速,4.03,4.03,3.85,3.86,141285,55655540.0,-0.22,-5.392156862745098
2018-10-12,15:00,sh600269,赣粤高速,3.85,3.86,3.76,3.85,91476,34986120.0,-0.01,-0.2590673575129534
2018-10-15,15:00,sh600269,赣粤高速,3.86,3.87,3.79,3.8,57619,22069208.0,-0.05,-1.2987012987012987
2018-10-16,15:00,sh600269,赣粤高速,3.8,3.82,3.73,3.74,76397,28783578.0,-0.06,-1.5789473684210529
2018-10-17,15:00,sh600269,赣粤高速,3.78,3.8,3.73,3.77,43695,16432716.0,0.03,0.8021390374331552
2018-10-18,15:00,sh600269,赣粤高速,3.77,3.77,3.7,3.7,51522,19158724.0,-0.07,-1.8567639257294428
2018-10-19,15:00,sh600269,赣粤高速,3.68,3.76,3.66,3.76,74008,27557132.0,0.06,1.6216216216216215
2018-10-22,15:00,sh600269,赣粤高速,3.77,3.93,3.77,3.89,142510,55099536.0,0.13,3.4574468085106385
2018-10-23,15:00,sh600269,赣粤高速,3.89,3.9,3.82,3.84,73879,28489158.0,-0.05,-1.2853470437017995
2018-10-24,15:00,sh600269,赣粤高速,3.81,3.89,3.81,3.87,66189,25551212.0,0.03,0.78125
2018-10-25,15:00,sh600269,赣粤高速,3.82,3.87,3.8,3.86,77566,29673628.0,-0.01,-0.2583979328165375
2018-10-26,15:00,sh600269,赣粤高速,3.87,3.91,3.86,3.88,77517,30126900.0,0.02,0.5181347150259068
2018-10-29,15:00,sh600269,赣粤高速,3.88,3.89,3.84,3.87,61969,23953404.0,-0.01,-0.2577319587628865
2018-10-30,15:00,sh600269,赣粤高速,3.85,3.9,3.82,3.88,89041,34427600.0,0.01,0.2583979328165375
2018-10-31,15:00,sh600269,赣粤高速,3.88,3.93,3.87,3.89,98609,38505560.0,0.01,0.2577319587628865
2018-11-01,15:00,sh600269,赣粤高速,3.91,3.93,3.89,3.9,107970,42243888.0,0.01,0.2570694087403599
2018-11-02,15:00,sh600269,赣粤高速,3.92,3.96,3.92,3.96,120098,47313612.0,0.06,1.5384615384615383
2018-11-05,15:00,sh600269,赣粤高速,3.95,3.98,3.93,3.98,95895,37944868.0,0.02,0.5050505050505051
2018-11-06,15:00,sh600269,赣粤高速,3.97,3.99,3.94,3.97,62635,24810392.0,-0.01,-0.2512562814070351
2018-11-07,15:00,sh600269,赣粤高速,3.99,4.0,3.95,3.96,53130,21112684.0,-0.01,-0.2518891687657431
2018-11-08,15:00,sh600269,赣粤高速,3.98,3.99,3.96,3.96,42296,16800328.0,0.0,0.0
2018-11-09,15:00,sh600269,赣粤高速,3.96,3.97,3.9,3.92,73757,29020084.0,-0.04,-1.0101010101010102
2018-11-12,15:00,sh600269,赣粤高速,3.95,4.13,3.94,4.11,269220,109272864.0,0.19,4.846938775510204
2018-11-13,15:00,sh600269,赣粤高速,4.05,4.14,4.02,4.13,166676,68371656.0,0.02,0.48661800486618
2018-11-14,15:00,sh600269,赣粤高速,4.12,4.16,4.1,4.13,119116,49195516.0,0.0,0.0
2018-11-15,15:00,sh600269,赣粤高速,4.12,4.16,4.11,4.14,108523,44863844.0,0.01,0.2421307506053268
2018-11-16,15:00,sh600269,赣粤高速,4.15,4.26,4.12,4.2,193730,81335272.0,0.06,1.4492753623188406
2018-11-19,15:00,sh600269,赣粤高速,4.2,4.27,4.18,4.25,132238,55955648.0,0.05,1.1904761904761905
2018-11-20,15:00,sh600269,赣粤高速,4.21,4.27,4.17,4.18,166540,70236976.0,-0.07,-1.647058823529412
2018-11-21,15:00,sh600269,赣粤高速,4.14,4.21,4.13,4.19,76079,31776428.0,0.01,0.2392344497607655
2018-11-22,15:00,sh600269,赣粤高速,4.19,4.21,4.18,4.19,48882,20497492.0,0.0,0.0
2018-11-23,15:00,sh600269,赣粤高速,4.18,4.19,4.06,4.08,120564,49545252.0,-0.11,-2.6252983293556085
2018-11-26,15:00,sh600269,赣粤高速,4.08,4.11,4.03,4.05,57790,23542688.0,-0.03,-0.7352941176470588
2018-11-27,15:00,sh600269,赣粤高速,4.07,4.09,4.04,4.06,45208,18376712.0,0.01,0.2469135802469135
2018-11-28,15:00,sh600269,赣粤高速,4.06,4.09,4.03,4.09,50788,20642836.0,0.03,0.7389162561576355
2018-11-29,15:00,sh600269,赣粤高速,4.09,4.11,4.03,4.04,54183,22077848.0,-0.05,-1.2224938875305624
2018-11-30,15:00,sh600269,赣粤高速,4.04,4.07,4.02,4.06,50375,20350888.0,0.02,0.495049504950495
2018-12-03,15:00,sh600269,赣粤高速,4.13,4.16,4.11,4.15,110312,45642848.0,0.09,2.2167487684729066
2018-12-04,15:00,sh600269,赣粤高速,4.15,4.16,4.11,4.14,59651,24622420.0,-0.01,-0.2409638554216867
2018-12-05,15:00,sh600269,赣粤高速,4.09,4.11,4.07,4.09,47127,19287988.0,-0.05,-1.207729468599034
2018-12-06,15:00,sh600269,赣粤高速,4.08,4.1,4.02,4.04,68530,27734664.0,-0.05,-1.2224938875305624
2018-12-07,15:00,sh600269,赣粤高速,4.04,4.05,4.03,4.05,31821,12848148.0,0.01,0.2475247524752475
2018-12-10,15:00,sh600269,赣粤高速,4.04,4.05,3.97,3.99,49377,19765584.0,-0.06,-1.4814814814814816
2018-12-11,15:00,sh600269,赣粤高速,3.99,4.01,3.99,4.0,17284,6913509.0,0.01,0.2506265664160401
2018-12-12,15:00,sh600269,赣粤高速,4.0,4.02,4.0,4.01,23973,9619769.0,0.01,0.25
2018-12-13,15:00,sh600269,赣粤高速,4.01,4.05,3.98,4.03,53010,21289092.0,0.02,0.4987531172069825
2018-12-14,15:00,sh600269,赣粤高速,4.02,4.02,3.96,3.97,64088,25541580.0,-0.06,-1.488833746898263
2018-12-17,15:00,sh600269,赣粤高速,3.95,3.99,3.94,3.96,43567,17267588.0,-0.01,-0.2518891687657431
2018-12-18,15:00,sh600269,赣粤高速,3.94,3.98,3.93,3.96,45259,17910580.0,0.0,0.0
2018-12-19,15:00,sh600269,赣粤高速,3.98,3.98,3.93,3.93,49383,19505070.0,-0.03,-0.7575757575757576
2018-12-20,15:00,sh600269,赣粤高速,3.95,3.95,3.89,3.91,63943,25062104.0,-0.02,-0.5089058524173028
2018-12-21,15:00,sh600269,赣粤高速,3.92,3.92,3.87,3.89,59750,23252752.0,-0.02,-0.5115089514066496
2018-12-24,15:00,sh600269,赣粤高速,3.89,3.93,3.88,3.92,36998,14476902.0,0.03,0.7712082262210797
2018-12-25,15:00,sh600269,赣粤高速,3.91,3.91,3.84,3.88,63973,24732504.0,-0.04,-1.020408163265306
2018-12-26,15:00,sh600269,赣粤高速,3.88,3.91,3.87,3.9,39506,15360058.0,0.02,0.5154639175257731
2018-12-27,15:00,sh600269,赣粤高速,3.94,3.94,3.87,3.87,47945,18729380.0,-0.03,-0.7692307692307693
2018-12-28,15:00,sh600269,赣粤高速,3.87,3.9,3.85,3.9,36892,14314180.0,0.03,0.7751937984496124
2019-01-02,15:00,sh600269,赣粤高速,3.9,3.9,3.85,3.87,41754,16186654.0,-0.03,-0.7692307692307693
2019-01-03,15:00,sh600269,赣粤高速,3.88,3.92,3.86,3.88,46878,18232874.0,0.01,0.2583979328165375
2019-01-04,15:00,sh600269,赣粤高速,3.87,3.96,3.86,3.96,67276,26403188.0,0.08,2.061855670103093
2019-01-07,15:00,sh600269,赣粤高速,3.98,4.0,3.94,3.99,95465,37856220.0,0.03,0.7575757575757576
2019-01-08,15:00,sh600269,赣粤高速,3.98,4.04,3.96,4.0,67897,27163016.0,0.01,0.2506265664160401
2019-01-09,15:00,sh600269,赣粤高速,4.0,4.04,3.98,4.01,61425,24699034.0,0.01,0.25
2019-01-10,15:00,sh600269,赣粤高速,4.01,4.04,4.0,4.01,40722,16341438.0,0.0,0.0
2019-01-11,15:00,sh600269,赣粤高速,4.01,4.02,3.97,4.01,46204,18471956.0,0.0,0.0
2019-01-14,15:00,sh600269,赣粤高速,4.0,4.03,3.99,4.02,52169,20966770.0,0.01,0.2493765586034912
2019-01-15,15:00,sh600269,赣粤高速,4.01,4.05,4.0,4.04,58203,23473764.0,0.02,0.4975124378109453
2019-01-16,15:00,sh600269,赣粤高速,4.02,4.05,4.02,4.03,40524,16330645.0,-0.01,-0.2475247524752475
2019-01-17,15:00,sh600269,赣粤高速,4.02,4.06,4.01,4.05,67479,27278676.0,0.02,0.4962779156327543
2019-01-18,15:00,sh600269,赣粤高速,4.05,4.06,4.02,4.05,62609,25317728.0,0.0,0.0
2019-01-21,15:00,sh600269,赣粤高速,4.06,4.06,4.02,4.04,66952,27021052.0,-0.01,-0.2469135802469135
2019-01-22,15:00,sh600269,赣粤高速,4.02,4.04,3.99,4.0,60962,24440926.0,-0.04,-0.99009900990099
2019-01-23,15:00,sh600269,赣粤高速,3.99,4.01,3.98,3.99,33877,13529909.0,-0.01,-0.25
2019-01-24,15:00,sh600269,赣粤高速,4.0,4.03,3.98,3.99,46874,18781276.0,0.0,0.0
2019-01-25,15:00,sh600269,赣粤高速,4.0,4.02,3.99,4.0,38925,15603729.0,0.01,0.2506265664160401
2019-01-28,15:00,sh600269,赣粤高速,4.01,4.02,3.97,3.98,45317,18099988.0,-0.02,-0.5
2019-01-29,15:00,sh600269,赣粤高速,3.98,3.98,3.88,3.94,75108,29546324.0,-0.04,-1.0050251256281406
2019-01-30,15:00,sh600269,赣粤高速,3.93,3.95,3.91,3.92,29627,11647290.0,-0.02,-0.5076142131979695
2019-01-31,15:00,sh600269,赣粤高速,3.93,3.95,3.89,3.9,64245,25187900.0,-0.02,-0.5102040816326531
2019-02-01,15:00,sh600269,赣粤高速,3.91,3.97,3.91,3.97,54690,21530264.0,0.07,1.7948717948717947
2019-02-11,15:00,sh600269,赣粤高速,3.96,4.02,3.96,4.01,71961,28714084.0,0.04,1.0075566750629723
2019-02-12,15:00,sh600269,赣粤高速,4.0,4.05,3.99,4.04,67979,27367990.0,0.03,0.7481296758104738
2019-02-13,15:00,sh600269,赣粤高速,4.04,4.08,4.02,4.07,95825,38853272.0,0.03,0.7425742574257426
2019-02-14,15:00,sh600269,赣粤高速,4.07,4.09,4.05,4.07,80874,32909144.0,0.0,0.0
2019-02-15,15:00,sh600269,赣粤高速,4.07,4.08,4.02,4.03,78087,31600960.0,-0.04,-0.9828009828009828
2019-02-18,15:00,sh600269,赣粤高速,4.04,4.11,4.04,4.1,123207,50267824.0,0.07,1.7369727047146404
2019-02-19,15:00,sh600269,赣粤高速,4.11,4.14,4.08,4.11,158451,65205976.0,0.01,0.2439024390243902
2019-02-20,15:00,sh600269,赣粤高速,4.11,4.12,4.08,4.11,85919,35273104.0,0.0,0.0
2019-02-21,15:00,sh600269,赣粤高速,4.1,4.14,4.08,4.1,104952,43097448.0,-0.01,-0.24330900243309
2019-02-22,15:00,sh600269,赣粤高速,4.1,4.15,4.08,4.14,135559,55749288.0,0.04,0.975609756097561
2019-02-25,15:00,sh600269,赣粤高速,4.16,4.36,4.16,4.35,435277,185384576.0,0.21,5.072463768115942
2019-02-26,15:00,sh600269,赣粤高速,4.34,4.46,4.28,4.35,474926,207153072.0,0.0,0.0
2019-02-27,15:00,sh600269,赣粤高速,4.35,4.44,4.33,4.36,308299,135038592.0,0.01,0.2298850574712643
2019-02-28,15:00,sh600269,赣粤高速,4.37,4.4,4.32,4.34,154554,67315736.0,-0.02,-0.4587155963302752
2019-03-01,15:00,sh600269,赣粤高速,4.36,4.39,4.33,4.39,147070,64095480.0,0.05,1.152073732718894
2019-03-04,15:00,sh600269,赣粤高速,4.4,4.51,4.4,4.43,311908,138773888.0,0.04,0.9111617312072892
2019-03-05,15:00,sh600269,赣粤高速,4.41,4.45,4.39,4.45,191127,84553256.0,0.02,0.4514672686230248
2019-03-06,15:00,sh600269,赣粤高速,4.46,4.57,4.46,4.56,369654,166836336.0,0.11,2.4719101123595504
2019-03-07,15:00,sh600269,赣粤高速,4.54,4.69,4.53,4.64,365152,168233888.0,0.08,1.7543859649122806
2019-03-08,15:00,sh600269,赣粤高速,4.63,4.64,4.42,4.42,362231,164312752.0,-0.22,-4.741379310344827
2019-03-11,15:00,sh600269,赣粤高速,4.42,4.53,4.41,4.53,183165,82064528.0,0.11,2.48868778280543
2019-03-12,15:00,sh600269,赣粤高速,4.56,4.73,4.54,4.6,366192,168687488.0,0.07,1.545253863134658
2019-03-13,15:00,sh600269,赣粤高速,4.6,4.7,4.55,4.57,279699,129126664.0,-0.03,-0.6521739130434783
2019-03-14,15:00,sh600269,赣粤高速,4.55,4.58,4.4,4.45,231156,103633528.0,-0.12,-2.62582056892779
2019-03-15,15:00,sh600269,赣粤高速,4.46,4.54,4.45,4.53,148989,67027084.0,0.08,1.7977528089887642
2019-03-18,15:00,sh600269,赣粤高速,4.55,4.6,4.51,4.59,152098,69338168.0,0.06,1.3245033112582782
2019-03-19,15:00,sh600269,赣粤高速,4.61,4.67,4.6,4.62,197041,91292944.0,0.03,0.6535947712418301
2019-03-20,15:00,sh600269,赣粤高速,4.62,4.63,4.56,4.62,140192,64495592.0,0.0,0.0
2019-03-21,15:00,sh600269,赣粤高速,4.62,4.66,4.61,4.64,139884,64899192.0,0.02,0.4329004329004329
2019-03-22,15:00,sh600269,赣粤高速,4.66,4.68,4.59,4.68,178225,82724768.0,0.04,0.8620689655172413
2019-03-25,15:00,sh600269,赣粤高速,4.62,4.7,4.61,4.63,190534,88754384.0,-0.05,-1.0683760683760684
2019-03-26,15:00,sh600269,赣粤高速,4.61,4.64,4.44,4.46,304852,137814672.0,-0.17,-3.67170626349892
2019-03-27,15:00,sh600269,赣粤高速,4.46,4.5,4.42,4.48,146966,65544488.0,0.02,0.4484304932735426
2019-03-28,15:00,sh600269,赣粤高速,4.46,4.51,4.43,4.45,119547,53518124.0,-0.03,-0.6696428571428571
2019-03-29,15:00,sh600269,赣粤高速,4.45,4.54,4.42,4.53,166800,74839296.0,0.08,1.7977528089887642
2019-04-01,15:00,sh600269,赣粤高速,4.53,4.65,4.53,4.64,274310,126180656.0,0.11,2.428256070640177
2019-04-02,15:00,sh600269,赣粤高速,4.64,4.66,4.6,4.61,186071,86113376.0,-0.03,-0.646551724137931
2019-04-03,15:00,sh600269,赣粤高速,4.6,4.66,4.59,4.66,207097,95833672.0,0.05,1.084598698481562
2019-04-04,15:00,sh600269,赣粤高速,4.69,4.76,4.67,4.69,293408,138148704.0,0.03,0.6437768240343348
2019-04-08,15:00,sh600269,赣粤高速,4.72,4.76,4.63,4.69,299361,140725936.0,0.0,0.0
2019-04-09,15:00,sh600269,赣粤高速,4.69,4.74,4.66,4.73,186236,87679888.0,0.04,0.8528784648187633
2019-04-10,15:00,sh600269,赣粤高速,4.71,4.8,4.67,4.77,276258,131085144.0,0.04,0.8456659619450317
2019-04-11,15:00,sh600269,赣粤高速,4.76,4.78,4.69,4.69,220514,104508128.0,-0.08,-1.677148846960168
2019-04-12,15:00,sh600269,赣粤高速,4.68,4.7,4.63,4.7,142059,66271612.0,0.01,0.2132196162046908
2019-04-15,15:00,sh600269,赣粤高速,4.82,4.86,4.72,4.72,286862,137660848.0,0.02,0.425531914893617
2019-04-16,15:00,sh600269,赣粤高速,4.71,4.79,4.66,4.79,203693,96380088.0,0.07,1.4830508474576272
2019-04-17,15:00,sh600269,赣粤高速,4.79,4.82,4.78,4.81,213510,102521200.0,0.02,0.417536534446764
2019-04-18,15:00,sh600269,赣粤高速,4.8,4.82,4.77,4.78,138297,66338696.0,-0.03,-0.6237006237006237
2019-04-19,15:00,sh600269,赣粤高速,4.79,4.81,4.73,4.79,136232,65040480.0,0.01,0.209205020920502
2019-04-22,15:00,sh600269,赣粤高速,4.8,4.86,4.76,4.76,268312,129233784.0,-0.03,-0.6263048016701461
2019-04-23,15:00,sh600269,赣粤高速,4.77,4.78,4.71,4.73,126407,59941888.0,-0.03,-0.6302521008403361
2019-04-24,15:00,sh600269,赣粤高速,4.75,4.76,4.68,4.76,126588,59809656.0,0.03,0.6342494714587738
2019-04-25,15:00,sh600269,赣粤高速,4.75,4.75,4.59,4.61,159816,74729504.0,-0.15,-3.1512605042016806
2019-04-26,15:00,sh600269,赣粤高速,4.59,4.62,4.57,4.59,118772,54594368.0,-0.02,-0.4338394793926247
2019-04-29,15:00,sh600269,赣粤高速,4.65,4.7,4.61,4.62,214160,99689600.0,0.03,0.6535947712418301
2019-04-30,15:00,sh600269,赣粤高速,4.62,4.85,4.61,4.82,432635,206785520.0,0.2,4.329004329004329
2019-05-06,15:00,sh600269,赣粤高速,4.75,4.75,4.48,4.55,428560,197627424.0,-0.27,-5.601659751037345
2019-05-07,15:00,sh600269,赣粤高速,4.56,4.64,4.51,4.64,262513,120201856.0,0.09,1.9780219780219777
2019-05-08,15:00,sh600269,赣粤高速,4.56,4.64,4.53,4.57,194181,89134624.0,-0.07,-1.5086206896551724
2019-05-09,15:00,sh600269,赣粤高速,4.53,4.56,4.45,4.47,195891,88147736.0,-0.1,-2.1881838074398248
2019-05-10,15:00,sh600269,赣粤高速,4.5,4.57,4.46,4.56,188421,85378184.0,0.09,2.013422818791946
2019-05-13,15:00,sh600269,赣粤高速,4.53,4.55,4.5,4.51,129800,58688504.0,-0.05,-1.0964912280701753
2019-05-14,15:00,sh600269,赣粤高速,4.46,4.53,4.46,4.49,101747,45848384.0,-0.02,-0.4434589800443459
2019-05-15,15:00,sh600269,赣粤高速,4.53,4.6,4.51,4.57,154381,70276048.0,0.08,1.7817371937639197
2019-05-16,15:00,sh600269,赣粤高速,4.56,4.76,4.54,4.71,314111,146535920.0,0.14,3.063457330415755
2019-05-17,15:00,sh600269,赣粤高速,4.7,4.75,4.52,4.53,333247,154836912.0,-0.18,-3.821656050955414
2019-05-20,15:00,sh600269,赣粤高速,4.53,4.55,4.39,4.44,245238,108851096.0,-0.09,-1.9867549668874172
2019-05-21,15:00,sh600269,赣粤高速,4.45,4.52,4.42,4.49,158803,71139352.0,0.05,1.1261261261261262
2019-05-22,15:00,sh600269,赣粤高速,4.51,4.51,4.4,4.44,145043,64607200.0,-0.05,-1.11358574610245
2019-05-23,15:00,sh600269,赣粤高速,4.45,4.49,4.41,4.45,104250,46336316.0,0.01,0.2252252252252252
2019-05-24,15:00,sh600269,赣粤高速,4.43,4.45,4.4,4.41,77996,34499176.0,-0.04,-0.8988764044943821
2019-05-27,15:00,sh600269,赣粤高速,4.41,4.5,4.4,4.47,114206,50890828.0,0.06,1.3605442176870748
2019-05-28,15:00,sh600269,赣粤高速,4.47,4.52,4.46,4.47,100306,45044988.0,0.0,0.0
2019-05-29,15:00,sh600269,赣粤高速,4.48,4.53,4.47,4.51,80776,36316480.0,0.04,0.8948545861297539
2019-05-30,15:00,sh600269,赣粤高速,4.48,4.5,4.46,4.49,76655,34356128.0,-0.02,-0.4434589800443459
2019-05-31,15:00,sh600269,赣粤高速,4.49,4.51,4.47,4.48,65666,29480550.0,-0.01,-0.2227171492204899
2019-06-03,15:00,sh600269,赣粤高速,4.48,4.51,4.45,4.49,107729,48279252.0,0.01,0.2232142857142857
2019-06-04,15:00,sh600269,赣粤高速,4.48,4.48,4.43,4.44,68675,30579020.0,-0.05,-1.11358574610245
2019-06-05,15:00,sh600269,赣粤高速,4.48,4.5,4.44,4.46,47088,21010080.0,0.02,0.4504504504504504
2019-06-06,15:00,sh600269,赣粤高速,4.46,4.46,4.39,4.39,85428,37768036.0,-0.07,-1.5695067264573992
2019-06-10,15:00,sh600269,赣粤高速,4.4,4.44,4.39,4.42,55970,24708900.0,0.03,0.683371298405467
2019-06-11,15:00,sh600269,赣粤高速,4.42,4.52,4.42,4.51,136069,61002380.0,0.09,2.0361990950226243
2019-06-12,15:00,sh600269,赣粤高速,4.48,4.51,4.47,4.49,95182,42754972.0,-0.02,-0.4434589800443459
2019-06-13,15:00,sh600269,赣粤高速,4.4,4.41,4.36,4.39,73157,32094848.0,-0.1,-2.2271714922049
2019-06-14,15:00,sh600269,赣粤高速,4.41,4.41,4.34,4.35,63817,27901652.0,-0.04,-0.9111617312072892
2019-06-17,15:00,sh600269,赣粤高速,4.35,4.37,4.33,4.36,44036,19179356.0,0.01,0.2298850574712643
2019-06-18,15:00,sh600269,赣粤高速,4.37,4.39,4.34,4.38,53563,23425558.0,0.02,0.4587155963302752
2019-06-19,15:00,sh600269,赣粤高速,4.44,4.45,4.41,4.42,95987,42470704.0,0.04,0.91324200913242
2019-06-20,15:00,sh600269,赣粤高速,4.42,4.49,4.41,4.47,126697,56448840.0,0.05,1.1312217194570136
2019-06-21,15:00,sh600269,赣粤高速,4.47,4.55,4.47,4.52,140972,63460388.0,0.05,1.1185682326621924
2019-06-24,15:00,sh600269,赣粤高速,4.51,4.51,4.47,4.51,83717,37609072.0,-0.01,-0.2212389380530973
2019-06-25,15:00,sh600269,赣粤高速,4.52,4.52,4.43,4.46,92502,41247888.0,-0.05,-1.1086474501108647
2019-06-26,15:00,sh600269,赣粤高速,4.46,4.47,4.43,4.45,44249,19715948.0,-0.01,-0.2242152466367713
2019-06-27,15:00,sh600269,赣粤高速,4.47,4.5,4.45,4.47,73137,32754664.0,0.02,0.449438202247191
2019-06-28,15:00,sh600269,赣粤高速,4.5,4.51,4.43,4.44,68643,30634328.0,-0.03,-0.6711409395973155
2019-07-01,15:00,sh600269,赣粤高速,4.49,4.52,4.47,4.51,127468,57359076.0,0.07,1.5765765765765765
2019-07-02,15:00,sh600269,赣粤高速,4.51,4.52,4.49,4.51,77340,34851828.0,0.0,0.0
2019-07-03,15:00,sh600269,赣粤高速,4.51,4.51,4.45,4.47,80539,36066244.0,-0.04,-0.8869179600886918
2019-07-04,15:00,sh600269,赣粤高速,4.47,4.53,4.47,4.51,84636,38072332.0,0.04,0.8948545861297539
2019-07-05,15:00,sh600269,赣粤高速,4.51,4.6,4.48,4.56,205008,93343104.0,0.05,1.1086474501108647
2019-07-08,15:00,sh600269,赣粤高速,4.55,4.56,4.43,4.46,148722,66643576.0,-0.1,-2.1929824561403506
2019-07-09,15:00,sh600269,赣粤高速,4.45,4.46,4.4,4.45,102488,45363048.0,-0.01,-0.2242152466367713
2019-07-10,15:00,sh600269,赣粤高速,4.43,4.45,4.38,4.4,75348,33243984.0,-0.05,-1.1235955056179776
2019-07-11,15:00,sh600269,赣粤高速,4.41,4.44,4.39,4.41,59072,26083284.0,0.01,0.2272727272727272
2019-07-12,15:00,sh600269,赣粤高速,4.41,4.42,4.36,4.4,65779,28911944.0,-0.01,-0.2267573696145124
2019-07-15,15:00,sh600269,赣粤高速,4.41,4.44,4.36,4.42,99670,43911760.0,0.02,0.4545454545454545
2019-07-16,15:00,sh600269,赣粤高速,4.42,4.42,4.39,4.42,52078,22973306.0,0.0,0.0
2019-07-17,15:00,sh600269,赣粤高速,4.42,4.42,4.39,4.4,61153,26947804.0,-0.02,-0.4524886877828055
2019-07-18,15:00,sh600269,赣粤高速,4.4,4.4,4.36,4.37,67462,29477768.0,-0.03,-0.6818181818181818
2019-07-19,15:00,sh600269,赣粤高速,4.38,4.41,4.36,4.39,59398,26046484.0,0.02,0.4576659038901602
2019-07-22,15:00,sh600269,赣粤高速,4.39,4.39,4.32,4.33,82451,35854816.0,-0.06,-1.366742596810934
2019-07-23,15:00,sh600269,赣粤高速,4.34,4.35,4.32,4.33,49829,21607596.0,0.0,0.0
2019-07-24,15:00,sh600269,赣粤高速,4.34,4.38,4.34,4.35,50908,22203988.0,0.02,0.4618937644341801
2019-07-25,15:00,sh600269,赣粤高速,4.35,4.39,4.34,4.38,51899,22681692.0,0.03,0.6896551724137931
2019-07-26,15:00,sh600269,赣粤高速,4.38,4.39,4.35,4.37,41873,18281572.0,-0.01,-0.228310502283105
2019-07-29,15:00,sh600269,赣粤高速,4.37,4.38,4.35,4.37,45377,19816284.0,0.0,0.0
2019-07-30,15:00,sh600269,赣粤高速,4.38,4.4,4.36,4.39,75948,33328950.0,0.02,0.4576659038901602
2019-07-31,15:00,sh600269,赣粤高速,4.38,4.38,4.36,4.37,39617,17314952.0,-0.02,-0.4555808656036446
2019-08-01,15:00,sh600269,赣粤高速,4.36,4.36,4.33,4.34,68610,29789364.0,-0.03,-0.6864988558352403
2019-08-02,15:00,sh600269,赣粤高速,4.29,4.3,4.26,4.28,94322,40349204.0,-0.06,-1.3824884792626728
2019-08-05,15:00,sh600269,赣粤高速,4.28,4.29,4.23,4.24,68130,29031880.0,-0.04,-0.9345794392523364
2019-08-06,15:00,sh600269,赣粤高速,4.2,4.21,4.06,4.13,109859,45394728.0,-0.11,-2.5943396226415096
2019-08-07,15:00,sh600269,赣粤高速,4.14,4.15,4.1,4.13,54006,22298684.0,0.0,0.0
2019-08-08,15:00,sh600269,赣粤高速,4.15,4.15,4.12,4.13,47734,19740794.0,0.0,0.0
2019-08-09,15:00,sh600269,赣粤高速,4.15,4.15,4.1,4.11,38773,15991760.0,-0.02,-0.4842615012106537
2019-08-12,15:00,sh600269,赣粤高速,4.1,4.15,4.1,4.15,35255,14561671.0,0.04,0.97323600973236
2019-08-13,15:00,sh600269,赣粤高速,4.13,4.14,4.11,4.12,26806,11051399.0,-0.03,-0.7228915662650602
2019-08-14,15:00,sh600269,赣粤高速,4.15,4.16,4.13,4.15,43275,17948360.0,0.03,0.7281553398058253
2019-08-15,15:00,sh600269,赣粤高速,4.09,4.13,4.05,4.13,47027,19261244.0,-0.02,-0.4819277108433735
2019-08-16,15:00,sh600269,赣粤高速,4.12,4.15,4.11,4.13,39759,16436185.0,0.0,0.0
2019-08-19,15:00,sh600269,赣粤高速,4.14,4.2,4.14,4.2,70646,29516356.0,0.07,1.694915254237288
2019-08-20,15:00,sh600269,赣粤高速,4.2,4.22,4.18,4.19,54189,22768592.0,-0.01,-0.2380952380952381
2019-08-21,15:00,sh600269,赣粤高速,4.19,4.22,4.18,4.21,41457,17425526.0,0.02,0.477326968973747
2019-08-22,15:00,sh600269,赣粤高速,4.22,4.25,4.19,4.24,61357,25844752.0,0.03,0.7125890736342043
2019-08-23,15:00,sh600269,赣粤高速,4.24,4.25,4.2,4.22,42321,17870408.0,-0.02,-0.4716981132075472
2019-08-26,15:00,sh600269,赣粤高速,4.16,4.23,4.14,4.22,78989,33093192.0,0.0,0.0
2019-08-27,15:00,sh600269,赣粤高速,4.2,4.31,4.19,4.27,152883,65030456.0,0.05,1.1848341232227488
2019-08-28,15:00,sh600269,赣粤高速,4.25,4.26,4.2,4.22,95369,40268384.0,-0.05,-1.1709601873536302
2019-08-29,15:00,sh600269,赣粤高速,4.23,4.23,4.18,4.2,59610,25025716.0,-0.02,-0.4739336492890995
2019-08-30,15:00,sh600269,赣粤高速,4.21,4.23,4.13,4.15,92571,38729960.0,-0.05,-1.1904761904761905
2019-09-02,15:00,sh600269,赣粤高速,4.15,4.2,4.12,4.19,131112,54574860.0,0.04,0.9638554216867472
2019-09-03,15:00,sh600269,赣粤高速,4.18,4.19,4.15,4.18,66131,27599188.0,-0.01,-0.2386634844868735
2019-09-04,15:00,sh600269,赣粤高速,4.17,4.22,4.16,4.22,124066,52016188.0,0.04,0.9569377990430622
2019-09-05,15:00,sh600269,赣粤高速,4.22,4.28,4.22,4.24,157347,66943624.0,0.02,0.4739336492890995
2019-09-06,15:00,sh600269,赣粤高速,4.26,4.28,4.21,4.24,102521,43480800.0,0.0,0.0
2019-09-09,15:00,sh600269,赣粤高速,4.26,4.3,4.23,4.27,172455,73623232.0,0.03,0.7075471698113208
2019-09-10,15:00,sh600269,赣粤高速,4.27,4.28,4.23,4.27,92084,39146144.0,0.0,0.0
2019-09-11,15:00,sh600269,赣粤高速,4.27,4.28,4.25,4.25,82765,35286140.0,-0.02,-0.468384074941452
2019-09-12,15:00,sh600269,赣粤高速,4.26,4.27,4.24,4.26,83563,35556704.0,0.01,0.2352941176470588
2019-09-16,15:00,sh600269,赣粤高速,4.27,4.28,4.25,4.26,104581,44585156.0,0.0,0.0
2019-09-17,15:00,sh600269,赣粤高速,4.26,4.26,4.12,4.15,200421,83810880.0,-0.11,-2.582159624413145
2019-09-18,15:00,sh600269,赣粤高速,4.15,4.16,4.14,4.15,106221,44080512.0,0.0,0.0
2019-09-19,15:00,sh600269,赣粤高速,4.15,4.17,4.14,4.17,48109,20001960.0,0.02,0.4819277108433735
2019-09-20,15:00,sh600269,赣粤高速,4.18,4.19,4.16,4.17,48286,20142968.0,0.0,0.0
2019-09-23,15:00,sh600269,赣粤高速,4.16,4.16,4.11,4.12,67931,28006188.0,-0.05,-1.1990407673860912
2019-09-24,15:00,sh600269,赣粤高速,4.13,4.15,4.12,4.14,50645,20943610.0,0.02,0.4854368932038834
2019-09-25,15:00,sh600269,赣粤高速,4.13,4.13,4.1,4.11,43356,17819996.0,-0.03,-0.7246376811594203
2019-09-26,15:00,sh600269,赣粤高速,4.12,4.14,4.1,4.11,73326,30208632.0,0.0,0.0
2019-09-27,15:00,sh600269,赣粤高速,4.11,4.14,4.11,4.13,40362,16636014.0,0.02,0.48661800486618
2019-09-30,15:00,sh600269,赣粤高速,4.13,4.14,4.11,4.11,33137,13657899.0,-0.02,-0.4842615012106537
2019-10-08,15:00,sh600269,赣粤高速,4.1,4.13,4.09,4.11,42711,17554764.0,0.0,0.0
2019-10-09,15:00,sh600269,赣粤高速,4.11,4.14,4.09,4.14,40560,16704870.0,0.03,0.7299270072992701
2019-10-10,15:00,sh600269,赣粤高速,4.14,4.16,4.13,4.14,67390,27915144.0,0.0,0.0
2019-10-11,15:00,sh600269,赣粤高速,4.15,4.17,4.13,4.16,79550,33027996.0,0.02,0.4830917874396135
2019-10-14,15:00,sh600269,赣粤高速,4.18,4.22,4.17,4.21,157090,66011028.0,0.05,1.201923076923077
2019-10-15,15:00,sh600269,赣粤高速,4.21,4.21,4.17,4.19,77011,32290348.0,-0.02,-0.4750593824228029
2019-10-16,15:00,sh600269,赣粤高速,4.19,4.21,4.16,4.18,81509,34157028.0,-0.01,-0.2386634844868735
2019-10-17,15:00,sh600269,赣粤高速,4.18,4.19,4.15,4.16,45363,18908592.0,-0.02,-0.4784688995215311
2019-10-18,15:00,sh600269,赣粤高速,4.17,4.18,4.09,4.11,74087,30605144.0,-0.05,-1.201923076923077
2019-10-21,15:00,sh600269,赣粤高速,4.1,4.12,4.08,4.11,78544,32164020.0,0.0,0.0
2019-10-22,15:00,sh600269,赣粤高速,4.1,4.13,4.09,4.12,47640,19577036.0,0.01,0.24330900243309
2019-10-23,15:00,sh600269,赣粤高速,4.12,4.12,4.09,4.09,46546,19121006.0,-0.03,-0.7281553398058253
2019-10-24,15:00,sh600269,赣粤高速,4.1,4.12,4.09,4.1,42146,17295084.0,0.01,0.2444987775061124
2019-10-25,15:00,sh600269,赣粤高速,4.1,4.13,4.09,4.12,39844,16378139.0,0.02,0.4878048780487805
2019-10-28,15:00,sh600269,赣粤高速,4.12,4.15,4.11,4.15,62505,25850304.0,0.03,0.7281553398058253
2019-10-29,15:00,sh600269,赣粤高速,4.15,4.15,4.11,4.11,37770,15597623.0,-0.04,-0.9638554216867472
2019-10-30,15:00,sh600269,赣粤高速,4.1,4.11,4.07,4.08,91389,37376412.0,-0.03,-0.7299270072992701
2019-10-31,15:00,sh600269,赣粤高速,4.08,4.09,4.05,4.06,51696,21024064.0,-0.02,-0.4901960784313725
2019-11-01,15:00,sh600269,赣粤高速,4.06,4.09,4.05,4.09,39123,15931714.0,0.03,0.7389162561576355
2019-11-04,15:00,sh600269,赣粤高速,4.08,4.1,4.08,4.09,30420,12438964.0,0.0,0.0
2019-11-05,15:00,sh600269,赣粤高速,4.1,4.12,4.08,4.11,64031,26263300.0,0.02,0.4889975550122249
2019-11-06,15:00,sh600269,赣粤高速,4.1,4.12,4.09,4.1,41953,17213538.0,-0.01,-0.24330900243309
2019-11-07,15:00,sh600269,赣粤高速,4.1,4.12,4.09,4.1,35193,14433982.0,0.0,0.0
2019-11-08,15:00,sh600269,赣粤高速,4.12,4.12,4.08,4.09,49337,20206324.0,-0.01,-0.2439024390243902
2019-11-11,15:00,sh600269,赣粤高速,4.08,4.08,4.02,4.02,83743,33912516.0,-0.07,-1.7114914425427872
2019-11-12,15:00,sh600269,赣粤高速,4.03,4.05,4.02,4.04,34872,14057307.0,0.02,0.4975124378109453
2019-11-13,15:00,sh600269,赣粤高速,4.03,4.04,4.02,4.03,28514,11487180.0,-0.01,-0.2475247524752475
2019-11-14,15:00,sh600269,赣粤高速,4.03,4.04,4.02,4.03,31818,12816443.0,0.0,0.0
2019-11-15,15:00,sh600269,赣粤高速,4.03,4.03,3.99,3.99,40487,16208268.0,-0.04,-0.9925558312655088
2019-11-18,15:00,sh600269,赣粤高速,3.99,4.02,3.99,4.01,28404,11370557.0,0.02,0.5012531328320802
2019-11-19,15:00,sh600269,赣粤高速,4.02,4.05,4.0,4.04,38400,15476440.0,0.03,0.7481296758104738
2019-11-20,15:00,sh600269,赣粤高速,4.03,4.05,4.02,4.03,31816,12830205.0,-0.01,-0.2475247524752475
2019-11-21,15:00,sh600269,赣粤高速,4.02,4.03,4.01,4.02,21884,8791062.0,-0.01,-0.2481389578163771
2019-11-22,15:00,sh600269,赣粤高速,4.02,4.05,3.98,4.02,56210,22549628.0,0.0,0.0
2019-11-25,15:00,sh600269,赣粤高速,4.01,4.07,4.0,4.07,67314,27234796.0,0.05,1.2437810945273633
2019-11-26,15:00,sh600269,赣粤高速,4.07,4.07,4.04,4.05,38125,15449166.0,-0.02,-0.4914004914004914
2019-11-27,15:00,sh600269,赣粤高速,4.04,4.05,4.02,4.03,29444,11881212.0,-0.02,-0.4938271604938271
2019-11-28,15:00,sh600269,赣粤高速,4.04,4.04,4.02,4.02,26374,10627836.0,-0.01,-0.2481389578163771
2019-11-29,15:00,sh600269,赣粤高速,4.02,4.03,4.01,4.03,19323,7764478.0,0.01,0.2487562189054726
2019-12-02,15:00,sh600269,赣粤高速,4.03,4.04,4.01,4.02,30802,12386762.0,-0.01,-0.2481389578163771
2019-12-03,15:00,sh600269,赣粤高速,4.02,4.03,4.0,4.03,29488,11830767.0,0.01,0.2487562189054726
2019-12-04,15:00,sh600269,赣粤高速,4.02,4.03,4.01,4.03,24767,9961179.0,0.0,0.0
2019-12-05,15:00,sh600269,赣粤高速,4.02,4.05,4.02,4.04,53949,21737422.0,0.01,0.2481389578163771
2019-12-06,15:00,sh600269,赣粤高速,4.04,4.04,4.02,4.04,37986,15311415.0,0.0,0.0
2019-12-09,15:00,sh600269,赣粤高速,4.03,4.07,4.02,4.06,68476,27708716.0,0.02,0.495049504950495
2019-12-10,15:00,sh600269,赣粤高速,4.04,4.06,4.04,4.05,35897,14543245.0,-0.01,-0.2463054187192118
2019-12-11,15:00,sh600269,赣粤高速,4.05,4.06,4.03,4.04,47368,19135916.0,-0.01,-0.2469135802469135
2019-12-12,15:00,sh600269,赣粤高速,4.04,4.07,4.03,4.04,88737,35916996.0,0.0,0.0
2019-12-13,15:00,sh600269,赣粤高速,4.04,4.09,4.04,4.08,121417,49323368.0,0.04,0.99009900990099
2019-12-16,15:00,sh600269,赣粤高速,4.09,4.11,4.07,4.1,96957,39629300.0,0.02,0.4901960784313725
2019-12-17,15:00,sh600269,赣粤高速,4.11,4.15,4.09,4.14,125257,51644664.0,0.04,0.975609756097561
2019-12-18,15:00,sh600269,赣粤高速,4.13,4.14,4.1,4.11,84186,34695384.0,-0.03,-0.7246376811594203
2019-12-19,15:00,sh600269,赣粤高速,4.11,4.13,4.11,4.13,35733,14724985.0,0.02,0.48661800486618
2019-12-20,15:00,sh600269,赣粤高速,4.13,4.14,4.1,4.11,54255,22350272.0,-0.02,-0.4842615012106537
2019-12-23,15:00,sh600269,赣粤高速,4.12,4.12,4.07,4.07,61424,25129680.0,-0.04,-0.97323600973236
2019-12-24,15:00,sh600269,赣粤高速,4.07,4.09,4.07,4.09,64422,26270056.0,0.02,0.4914004914004914
2019-12-25,15:00,sh600269,赣粤高速,4.07,4.09,4.06,4.07,46999,19150256.0,-0.02,-0.4889975550122249
2019-12-26,15:00,sh600269,赣粤高速,4.07,4.08,4.06,4.08,67847,27609924.0,0.01,0.2457002457002457
2019-12-27,15:00,sh600269,赣粤高速,4.08,4.11,4.07,4.07,102103,41732864.0,-0.01,-0.2450980392156862
2019-12-30,15:00,sh600269,赣粤高速,4.07,4.12,4.06,4.12,101000,41358004.0,0.05,1.2285012285012284
2019-12-31,15:00,sh600269,赣粤高速,4.11,4.13,4.1,4.13,83699,34440448.0,0.01,0.2427184466019417
2020-01-02,15:00,sh600269,赣粤高速,4.14,4.18,4.14,4.16,149323,62069616.0,0.03,0.7263922518159807
2020-01-03,15:00,sh600269,赣粤高速,4.17,4.19,4.16,4.17,150706,62886244.0,0.01,0.2403846153846154
2020-01-06,15:00,sh600269,赣粤高速,4.16,4.18,4.14,4.15,109506,45533576.0,-0.02,-0.4796163069544364
2020-01-07,15:00,sh600269,赣粤高速,4.15,4.18,4.15,4.17,78873,32839344.0,0.02,0.4819277108433735
2020-01-08,15:00,sh600269,赣粤高速,4.16,4.16,4.12,4.12,117346,48603856.0,-0.05,-1.1990407673860912
2020-01-09,15:00,sh600269,赣粤高速,4.14,4.16,4.13,4.16,59558,24693580.0,0.04,0.9708737864077668
2020-01-10,15:00,sh600269,赣粤高速,4.16,4.17,4.14,4.15,49782,20668720.0,-0.01,-0.2403846153846154
2020-01-13,15:00,sh600269,赣粤高速,4.15,4.16,4.13,4.16,62135,25744186.0,0.01,0.2409638554216867
2020-01-14,15:00,sh600269,赣粤高速,4.17,4.17,4.13,4.14,86866,36077940.0,-0.02,-0.4807692307692308
2020-01-15,15:00,sh600269,赣粤高速,4.14,4.15,4.11,4.12,65214,26886904.0,-0.02,-0.4830917874396135
2020-01-16,15:00,sh600269,赣粤高速,4.12,4.13,4.1,4.11,41809,17198320.0,-0.01,-0.2427184466019417
2020-01-17,15:00,sh600269,赣粤高速,4.12,4.13,4.1,4.1,49191,20226110.0,-0.01,-0.24330900243309
2020-01-20,15:00,sh600269,赣粤高速,4.11,4.12,4.1,4.12,47881,19697480.0,0.02,0.4878048780487805
2020-01-21,15:00,sh600269,赣粤高速,4.12,4.12,4.07,4.07,95481,38982768.0,-0.05,-1.2135922330097086
2020-01-22,15:00,sh600269,赣粤高速,4.06,4.07,4.04,4.06,56102,22746126.0,-0.01,-0.2457002457002457
2020-01-23,15:00,sh600269,赣粤高速,4.05,4.06,3.96,3.98,136191,54449480.0,-0.08,-1.9704433497536944
2020-02-03,15:00,sh600269,赣粤高速,3.58,3.62,3.58,3.58,187556,67295272.0,-0.4,-10.050251256281408
2020-02-04,15:00,sh600269,赣粤高速,3.54,3.64,3.53,3.63,135864,48938744.0,0.05,1.3966480446927374
2020-02-05,15:00,sh600269,赣粤高速,3.64,3.71,3.61,3.67,119281,43734248.0,0.04,1.1019283746556474
2020-02-06,15:00,sh600269,赣粤高速,3.67,3.71,3.63,3.69,133700,49050992.0,0.02,0.544959128065395
2020-02-07,15:00,sh600269,赣粤高速,3.67,3.69,3.64,3.69,118449,43376608.0,0.0,0.0
2020-02-10,15:00,sh600269,赣粤高速,3.66,3.73,3.65,3.73,87081,32227584.0,0.04,1.084010840108401
2020-02-11,15:00,sh600269,赣粤高速,3.73,3.81,3.72,3.75,105277,39759836.0,0.02,0.5361930294906166
2020-02-12,15:00,sh600269,赣粤高速,3.75,3.77,3.73,3.77,63489,23826672.0,0.02,0.5333333333333333
2020-02-13,15:00,sh600269,赣粤高速,3.75,3.77,3.71,3.73,56980,21292588.0,-0.04,-1.0610079575596816
2020-02-14,15:00,sh600269,赣粤高速,3.71,3.74,3.71,3.72,40737,15177462.0,-0.01,-0.2680965147453083
2020-02-17,15:00,sh600269,赣粤高速,3.65,3.76,3.64,3.76,137329,50901440.0,0.04,1.0752688172043012
2020-02-18,15:00,sh600269,赣粤高速,3.74,3.76,3.73,3.74,54375,20366680.0,-0.02,-0.5319148936170213
2020-02-19,15:00,sh600269,赣粤高速,3.75,3.78,3.74,3.74,80319,30189720.0,0.0,0.0
2020-02-20,15:00,sh600269,赣粤高速,3.75,3.81,3.74,3.8,109323,41303872.0,0.06,1.6042780748663104
2020-02-21,15:00,sh600269,赣粤高速,3.8,3.82,3.78,3.8,99252,37693720.0,0.0,0.0
2020-02-24,15:00,sh600269,赣粤高速,3.79,3.79,3.75,3.77,109258,41137256.0,-0.03,-0.7894736842105263
2020-02-25,15:00,sh600269,赣粤高速,3.73,3.74,3.66,3.73,122512,45455200.0,-0.04,-1.0610079575596816
2020-02-26,15:00,sh600269,赣粤高速,3.69,3.79,3.68,3.75,118033,44241484.0,0.02,0.5361930294906166
2020-02-27,15:00,sh600269,赣粤高速,3.75,3.79,3.74,3.75,89641,33742452.0,0.0,0.0
2020-02-28,15:00,sh600269,赣粤高速,3.71,3.73,3.64,3.64,134564,49499060.0,-0.11,-2.933333333333333
2020-03-02,15:00,sh600269,赣粤高速,3.64,3.74,3.64,3.73,108977,40403448.0,0.09,2.4725274725274726
2020-03-03,15:00,sh600269,赣粤高速,3.75,3.8,3.72,3.75,153607,57831544.0,0.02,0.5361930294906166
2020-03-04,15:00,sh600269,赣粤高速,3.72,3.78,3.72,3.78,106246,39803236.0,0.03,0.8
2020-03-05,15:00,sh600269,赣粤高速,3.79,3.84,3.78,3.83,202786,77330192.0,0.05,1.3227513227513228
2020-03-06,15:00,sh600269,赣粤高速,3.81,3.81,3.77,3.79,135495,51342860.0,-0.04,-1.0443864229765014
2020-03-09,15:00,sh600269,赣粤高速,3.74,3.75,3.7,3.73,146879,54732032.0,-0.06,-1.58311345646438
2020-03-10,15:00,sh600269,赣粤高速,3.71,3.8,3.67,3.8,186182,69568720.0,0.07,1.876675603217158
2020-03-11,15:00,sh600269,赣粤高速,3.8,3.84,3.78,3.78,161333,61439640.0,-0.02,-0.5263157894736842
2020-03-12,15:00,sh600269,赣粤高速,3.75,3.75,3.7,3.73,111260,41420400.0,-0.05,-1.3227513227513228
2020-03-13,15:00,sh600269,赣粤高速,3.6,3.68,3.57,3.67,187614,67964960.0,-0.06,-1.6085790884718498
2020-03-16,15:00,sh600269,赣粤高速,3.68,3.74,3.62,3.62,152858,56252432.0,-0.05,-1.3623978201634876
2020-03-17,15:00,sh600269,赣粤高速,3.63,3.66,3.5,3.61,122865,44135340.0,-0.01,-0.2762430939226519
2020-03-18,15:00,sh600269,赣粤高速,3.63,3.64,3.55,3.55,87651,31599596.0,-0.06,-1.662049861495845
2020-03-19,15:00,sh600269,赣粤高速,3.54,3.56,3.49,3.53,108609,38256840.0,-0.02,-0.5633802816901409
2020-03-20,15:00,sh600269,赣粤高速,3.55,3.56,3.52,3.55,51241,18142440.0,0.02,0.56657223796034
2020-03-23,15:00,sh600269,赣粤高速,3.51,3.52,3.45,3.47,97452,34032364.0,-0.08,-2.2535211267605635
2020-03-24,15:00,sh600269,赣粤高速,3.51,3.52,3.47,3.52,76448,26764468.0,0.05,1.440922190201729
2020-03-25,15:00,sh600269,赣粤高速,3.56,3.59,3.54,3.56,75513,26883200.0,0.04,1.1363636363636365
2020-03-26,15:00,sh600269,赣粤高速,3.55,3.56,3.5,3.52,71059,25097492.0,-0.04,-1.1235955056179776
2020-03-27,15:00,sh600269,赣粤高速,3.54,3.55,3.51,3.52,96410,34053824.0,0.0,0.0
2020-03-30,15:00,sh600269,赣粤高速,3.5,3.51,3.45,3.48,91462,31764200.0,-0.04,-1.1363636363636365
2020-03-31,15:00,sh600269,赣粤高速,3.5,3.51,3.46,3.47,45154,15737821.0,-0.01,-0.2873563218390804
2020-04-01,15:00,sh600269,赣粤高速,3.47,3.49,3.45,3.46,41502,14417147.0,-0.01,-0.2881844380403458
2020-04-02,15:00,sh600269,赣粤高速,3.44,3.5,3.44,3.5,49380,17146948.0,0.04,1.1560693641618496
2020-04-03,15:00,sh600269,赣粤高速,3.48,3.5,3.47,3.47,41479,14439661.0,-0.03,-0.8571428571428572
2020-04-07,15:00,sh600269,赣粤高速,3.51,3.53,3.5,3.52,85796,30129438.0,0.05,1.440922190201729
2020-04-08,15:00,sh600269,赣粤高速,3.51,3.52,3.49,3.51,68086,23878602.0,-0.01,-0.2840909090909091
2020-04-09,15:00,sh600269,赣粤高速,3.53,3.53,3.5,3.51,56631,19920444.0,0.0,0.0
2020-04-10,15:00,sh600269,赣粤高速,3.51,3.52,3.47,3.48,72670,25359582.0,-0.03,-0.8547008547008548
2020-04-13,15:00,sh600269,赣粤高速,3.47,3.78,3.46,3.61,327366,118377968.0,0.13,3.7356321839080464
2020-04-14,15:00,sh600269,赣粤高速,3.55,3.59,3.54,3.57,156727,55833276.0,-0.04,-1.10803324099723
2020-04-15,15:00,sh600269,赣粤高速,3.57,3.58,3.51,3.52,87786,31062432.0,-0.05,-1.400560224089636
2020-04-16,15:00,sh600269,赣粤高速,3.53,3.55,3.5,3.54,45925,16181518.0,0.02,0.5681818181818182
2020-04-17,15:00,sh600269,赣粤高速,3.54,3.55,3.52,3.54,50416,17826892.0,0.0,0.0
2020-04-20,15:00,sh600269,赣粤高速,3.54,3.58,3.52,3.58,89672,31919610.0,0.04,1.1299435028248588
2020-04-21,15:00,sh600269,赣粤高速,3.57,3.57,3.52,3.54,70014,24756848.0,-0.04,-1.11731843575419
2020-04-22,15:00,sh600269,赣粤高速,3.53,3.55,3.52,3.54,40362,14257514.0,0.0,0.0
2020-04-23,15:00,sh600269,赣粤高速,3.55,3.55,3.53,3.53,44736,15827425.0,-0.01,-0.2824858757062147
2020-04-24,15:00,sh600269,赣粤高速,3.53,3.54,3.51,3.51,49127,17320600.0,-0.02,-0.56657223796034
2020-04-27,15:00,sh600269,赣粤高速,3.51,3.6,3.51,3.55,125894,44961236.0,0.04,1.1396011396011396
2020-04-28,15:00,sh600269,赣粤高速,3.56,3.58,3.5,3.57,95709,33885668.0,0.02,0.5633802816901409
2020-04-29,15:00,sh600269,赣粤高速,3.61,3.65,3.6,3.64,170350,61730676.0,0.07,1.96078431372549
2020-04-30,15:00,sh600269,赣粤高速,3.61,3.63,3.58,3.62,127670,45992672.0,-0.02,-0.5494505494505495
2020-05-06,15:00,sh600269,赣粤高速,3.58,3.63,3.58,3.62,77767,28000084.0,0.0,0.0
2020-05-07,15:00,sh600269,赣粤高速,3.62,3.64,3.6,3.6,47815,17290940.0,-0.02,-0.5524861878453038
2020-05-08,15:00,sh600269,赣粤高速,3.6,3.62,3.58,3.61,65706,23650542.0,0.01,0.2777777777777778
2020-05-11,15:00,sh600269,赣粤高速,3.61,3.61,3.57,3.58,51644,18526730.0,-0.03,-0.8310249307479225
2020-05-12,15:00,sh600269,赣粤高速,3.57,3.58,3.54,3.55,38460,13675325.0,-0.03,-0.8379888268156425
2020-05-13,15:00,sh600269,赣粤高速,3.54,3.56,3.53,3.56,23503,8338584.0,0.01,0.2816901408450704
2020-05-14,15:00,sh600269,赣粤高速,3.55,3.56,3.53,3.54,38177,13531948.0,-0.02,-0.5617977528089888
2020-05-15,15:00,sh600269,赣粤高速,3.55,3.56,3.54,3.56,27835,9880465.0,0.02,0.5649717514124294
2020-05-18,15:00,sh600269,赣粤高速,3.56,3.56,3.54,3.55,27608,9807281.0,-0.01,-0.2808988764044944
2020-05-19,15:00,sh600269,赣粤高速,3.56,3.57,3.55,3.56,22228,7907123.0,0.01,0.2816901408450704
2020-05-20,15:00,sh600269,赣粤高速,3.55,3.56,3.53,3.54,26489,9381478.0,-0.02,-0.5617977528089888
2020-05-21,15:00,sh600269,赣粤高速,3.54,3.55,3.52,3.52,29266,10326527.0,-0.02,-0.5649717514124294
2020-05-22,15:00,sh600269,赣粤高速,3.52,3.52,3.47,3.48,48154,16807460.0,-0.04,-1.1363636363636365
2020-05-25,15:00,sh600269,赣粤高速,3.48,3.49,3.47,3.49,22966,7994992.0,0.01,0.2873563218390804
2020-05-26,15:00,sh600269,赣粤高速,3.48,3.51,3.48,3.5,19725,6895120.0,0.01,0.2865329512893982
2020-05-27,15:00,sh600269,赣粤高速,3.5,3.52,3.5,3.51,26226,9190641.0,0.01,0.2857142857142857
2020-05-28,15:00,sh600269,赣粤高速,3.51,3.52,3.49,3.51,26209,9189170.0,0.0,0.0
2020-05-29,15:00,sh600269,赣粤高速,3.51,3.52,3.48,3.51,44329,15502627.0,0.0,0.0
2020-06-01,15:00,sh600269,赣粤高速,3.51,3.56,3.49,3.55,58403,20632156.0,0.04,1.1396011396011396
2020-06-02,15:00,sh600269,赣粤高速,3.56,3.56,3.53,3.55,32156,11394171.0,0.0,0.0
2020-06-03,15:00,sh600269,赣粤高速,3.55,3.56,3.54,3.55,35838,12716045.0,0.0,0.0
2020-06-04,15:00,sh600269,赣粤高速,3.55,3.55,3.53,3.54,29739,10525867.0,-0.01,-0.2816901408450704
2020-06-05,15:00,sh600269,赣粤高速,3.54,3.55,3.53,3.55,20218,7162521.0,0.01,0.2824858757062147
2020-06-08,15:00,sh600269,赣粤高速,3.55,3.57,3.54,3.54,32957,11701856.0,-0.01,-0.2816901408450704
2020-06-09,15:00,sh600269,赣粤高速,3.55,3.56,3.54,3.56,27240,9666010.0,0.02,0.5649717514124294
2020-06-10,15:00,sh600269,赣粤高速,3.55,3.55,3.54,3.54,17666,6260111.0,-0.02,-0.5617977528089888
2020-06-11,15:00,sh600269,赣粤高速,3.54,3.55,3.51,3.52,31097,10956767.0,-0.02,-0.5649717514124294
2020-06-12,15:00,sh600269,赣粤高速,3.49,3.52,3.48,3.51,37828,13225454.0,-0.01,-0.2840909090909091
2020-06-15,15:00,sh600269,赣粤高速,3.5,3.51,3.48,3.49,46976,16426446.0,-0.02,-0.5698005698005698
2020-06-16,15:00,sh600269,赣粤高速,3.5,3.51,3.49,3.51,34587,12111682.0,0.02,0.5730659025787965
2020-06-17,15:00,sh600269,赣粤高速,3.51,3.51,3.49,3.5,28739,10060933.0,-0.01,-0.2849002849002849
2020-06-18,15:00,sh600269,赣粤高速,3.5,3.52,3.49,3.52,56738,19897348.0,0.02,0.5714285714285714
2020-06-19,15:00,sh600269,赣粤高速,3.51,3.54,3.51,3.52,52243,18389528.0,0.0,0.0
2020-06-22,15:00,sh600269,赣粤高速,3.52,3.53,3.5,3.5,49417,17366768.0,-0.02,-0.5681818181818182
2020-06-23,15:00,sh600269,赣粤高速,3.51,3.51,3.48,3.5,48490,16961406.0,0.0,0.0
2020-06-24,15:00,sh600269,赣粤高速,3.5,3.51,3.49,3.5,25911,9055960.0,0.0,0.0
2020-06-29,15:00,sh600269,赣粤高速,3.49,3.5,3.47,3.47,41508,14443934.0,-0.03,-0.8571428571428572
2020-06-30,15:00,sh600269,赣粤高速,3.48,3.5,3.47,3.49,38752,13512022.0,0.02,0.5763688760806917
2020-07-01,15:00,sh600269,赣粤高速,3.49,3.52,3.49,3.51,55934,19606820.0,0.02,0.5730659025787965
2020-07-02,15:00,sh600269,赣粤高速,3.51,3.57,3.51,3.56,122657,43435132.0,0.05,1.4245014245014245
2020-07-03,15:00,sh600269,赣粤高速,3.56,3.62,3.56,3.62,177467,63893732.0,0.06,1.6853932584269662
2020-07-06,15:00,sh600269,赣粤高速,3.64,3.78,3.64,3.78,282772,105311712.0,0.16,4.41988950276243
2020-07-07,15:00,sh600269,赣粤高速,3.81,3.85,3.73,3.74,258344,97906864.0,-0.04,-1.058201058201058
2020-07-08,15:00,sh600269,赣粤高速,3.75,3.81,3.72,3.79,139608,52606288.0,0.05,1.3368983957219251
2020-07-09,15:00,sh600269,赣粤高速,3.79,3.92,3.77,3.88,323142,124418200.0,0.09,2.3746701846965697
2020-07-10,15:00,sh600269,赣粤高速,3.86,3.9,3.83,3.83,137631,53053236.0,-0.05,-1.2886597938144329
2020-07-13,15:00,sh600269,赣粤高速,3.84,3.9,3.83,3.88,183835,71249136.0,0.05,1.3054830287206265
2020-07-14,15:00,sh600269,赣粤高速,3.89,3.9,3.81,3.85,138780,53536720.0,-0.03,-0.7731958762886598
2020-07-15,15:00,sh600269,赣粤高速,3.88,3.88,3.77,3.81,175511,67030632.0,-0.04,-1.0389610389610389
2020-07-16,15:00,sh600269,赣粤高速,3.68,3.7,3.58,3.58,142310,51882636.0,-0.23,-6.036745406824147
2020-07-17,15:00,sh600269,赣粤高速,3.58,3.61,3.55,3.57,79276,28372350.0,-0.01,-0.2793296089385474
2020-07-20,15:00,sh600269,赣粤高速,3.58,3.67,3.57,3.65,86973,31578684.0,0.08,2.2408963585434174
2020-07-21,15:00,sh600269,赣粤高速,3.67,3.69,3.63,3.65,77076,28184820.0,0.0,0.0
2020-07-22,15:00,sh600269,赣粤高速,3.64,3.71,3.63,3.66,103106,37796012.0,0.01,0.273972602739726
2020-07-23,15:00,sh600269,赣粤高速,3.65,3.66,3.57,3.62,75943,27424724.0,-0.04,-1.092896174863388
2020-07-24,15:00,sh600269,赣粤高速,3.6,3.62,3.5,3.55,112665,40006100.0,-0.07,-1.9337016574585637
2020-07-27,15:00,sh600269,赣粤高速,3.55,3.55,3.51,3.52,37324,13161939.0,-0.03,-0.8450704225352111
2020-07-28,15:00,sh600269,赣粤高速,3.53,3.55,3.52,3.53,34650,12251510.0,0.01,0.2840909090909091
2020-07-29,15:00,sh600269,赣粤高速,3.54,3.56,3.51,3.56,57777,20470888.0,0.03,0.84985835694051
2020-07-30,15:00,sh600269,赣粤高速,3.56,3.62,3.55,3.59,83373,29809792.0,0.03,0.8426966292134831
2020-07-31,15:00,sh600269,赣粤高速,3.6,3.62,3.56,3.59,56966,20437720.0,0.0,0.0
2020-08-03,15:00,sh600269,赣粤高速,3.59,3.62,3.57,3.62,98110,35343176.0,0.03,0.8356545961002786
2020-08-04,15:00,sh600269,赣粤高速,3.63,3.65,3.59,3.61,112508,40668904.0,-0.01,-0.2762430939226519
2020-08-05,15:00,sh600269,赣粤高速,3.61,3.62,3.58,3.6,64849,23313484.0,-0.01,-0.2770083102493075
2020-08-06,15:00,sh600269,赣粤高速,3.6,3.6,3.56,3.59,64135,22958702.0,-0.01,-0.2777777777777778
2020-08-07,15:00,sh600269,赣粤高速,3.58,3.58,3.53,3.55,55994,19902212.0,-0.04,-1.1142061281337048
2020-08-10,15:00,sh600269,赣粤高速,3.57,3.59,3.55,3.58,55673,19881996.0,0.03,0.8450704225352111
2020-08-11,15:00,sh600269,赣粤高速,3.58,3.6,3.54,3.55,55333,19815012.0,-0.03,-0.8379888268156425
2020-08-12,15:00,sh600269,赣粤高速,3.55,3.57,3.52,3.57,65035,23010220.0,0.02,0.5633802816901409
2020-08-13,15:00,sh600269,赣粤高速,3.57,3.61,3.56,3.59,108207,38833968.0,0.02,0.5602240896358543
2020-08-14,15:00,sh600269,赣粤高速,3.59,3.6,3.57,3.6,43505,15612830.0,0.01,0.2785515320334262
2020-08-17,15:00,sh600269,赣粤高速,3.6,3.64,3.59,3.64,92796,33634984.0,0.04,1.1111111111111112
2020-08-18,15:00,sh600269,赣粤高速,3.65,3.65,3.61,3.63,70565,25593434.0,-0.01,-0.2747252747252747
2020-08-19,15:00,sh600269,赣粤高速,3.65,3.67,3.63,3.65,128288,46845068.0,0.02,0.5509641873278237
2020-08-20,15:00,sh600269,赣粤高速,3.65,3.68,3.64,3.65,99291,36340008.0,0.0,0.0
2020-08-21,15:00,sh600269,赣粤高速,3.65,3.66,3.63,3.66,75199,27429892.0,0.01,0.273972602739726
2020-08-24,15:00,sh600269,赣粤高速,3.66,3.66,3.61,3.65,53263,19405628.0,-0.01,-0.273224043715847
2020-08-25,15:00,sh600269,赣粤高速,3.63,3.64,3.58,3.6,83840,30276070.0,-0.05,-1.36986301369863
2020-08-26,15:00,sh600269,赣粤高速,3.6,3.6,3.55,3.57,60106,21530092.0,-0.03,-0.8333333333333334
2020-08-27,15:00,sh600269,赣粤高速,3.57,3.59,3.54,3.56,69027,24583932.0,-0.01,-0.2801120448179272
2020-08-28,15:00,sh600269,赣粤高速,3.57,3.57,3.54,3.56,97479,34679048.0,0.0,0.0
2020-08-31,15:00,sh600269,赣粤高速,3.56,3.59,3.55,3.57,65572,23422256.0,0.01,0.2808988764044944
2020-09-01,15:00,sh600269,赣粤高速,3.56,3.57,3.52,3.55,46325,16437147.0,-0.02,-0.5602240896358543
2020-09-02,15:00,sh600269,赣粤高速,3.56,3.57,3.53,3.54,37944,13459183.0,-0.01,-0.2816901408450704
2020-09-03,15:00,sh600269,赣粤高速,3.55,3.56,3.53,3.54,39209,13898031.0,0.0,0.0
2020-09-04,15:00,sh600269,赣粤高速,3.52,3.53,3.5,3.52,72031,25324420.0,-0.02,-0.5649717514124294
2020-09-07,15:00,sh600269,赣粤高速,3.53,3.54,3.5,3.51,57521,20249900.0,-0.01,-0.2840909090909091
2020-09-08,15:00,sh600269,赣粤高速,3.51,3.56,3.5,3.55,75981,26829584.0,0.04,1.1396011396011396
2020-09-09,15:00,sh600269,赣粤高速,3.53,3.58,3.51,3.55,152322,54087988.0,0.0,0.0
2020-09-10,15:00,sh600269,赣粤高速,3.57,3.57,3.5,3.51,103319,36503560.0,-0.04,-1.1267605633802815
2020-09-11,15:00,sh600269,赣粤高速,3.5,3.51,3.47,3.49,96158,33543788.0,-0.02,-0.5698005698005698
2020-09-14,15:00,sh600269,赣粤高速,3.49,3.5,3.48,3.5,43739,15262094.0,0.01,0.2865329512893982
2020-09-15,15:00,sh600269,赣粤高速,3.51,3.53,3.49,3.51,69540,24392372.0,0.01,0.2857142857142857
2020-09-16,15:00,sh600269,赣粤高速,3.5,3.52,3.49,3.51,36917,12941835.0,0.0,0.0
2020-09-17,15:00,sh600269,赣粤高速,3.51,3.51,3.48,3.49,47312,16542079.0,-0.02,-0.5698005698005698
2020-09-18,15:00,sh600269,赣粤高速,3.5,3.53,3.49,3.52,65486,22965568.0,0.03,0.8595988538681949
2020-09-21,15:00,sh600269,赣粤高速,3.52,3.55,3.51,3.54,90077,31842332.0,0.02,0.5681818181818182
2020-09-22,15:00,sh600269,赣粤高速,3.52,3.53,3.49,3.5,80440,28196448.0,-0.04,-1.1299435028248588
2020-09-23,15:00,sh600269,赣粤高速,3.5,3.51,3.48,3.5,40859,14276020.0,0.0,0.0
2020-09-24,15:00,sh600269,赣粤高速,3.49,3.49,3.44,3.46,64251,22253106.0,-0.04,-1.1428571428571428
2020-09-25,15:00,sh600269,赣粤高速,3.45,3.46,3.43,3.44,39058,13446301.0,-0.02,-0.5780346820809248
2020-09-28,15:00,sh600269,赣粤高速,3.44,3.45,3.42,3.43,43404,14893955.0,-0.01,-0.2906976744186046
2020-09-29,15:00,sh600269,赣粤高速,3.43,3.45,3.42,3.42,32406,11119635.0,-0.01,-0.2915451895043732
2020-09-30,15:00,sh600269,赣粤高速,3.42,3.45,3.4,3.4,38916,13314611.0,-0.02,-0.5847953216374269
2020-10-09,15:00,sh600269,赣粤高速,3.42,3.45,3.42,3.44,32958,11319837.0,0.04,1.1764705882352942
2020-10-12,15:00,sh600269,赣粤高速,3.44,3.49,3.44,3.48,63679,22103944.0,0.04,1.162790697674419
2020-10-13,15:00,sh600269,赣粤高速,3.48,3.48,3.45,3.47,45040,15589932.0,-0.01,-0.2873563218390804
2020-10-14,15:00,sh600269,赣粤高速,3.46,3.48,3.45,3.46,26156,9057063.0,-0.01,-0.2881844380403458
2020-10-15,15:00,sh600269,赣粤高速,3.45,3.47,3.44,3.45,36530,12612890.0,-0.01,-0.2890173410404624
2020-10-16,15:00,sh600269,赣粤高速,3.44,3.46,3.43,3.44,34211,11798214.0,-0.01,-0.2898550724637681
2020-10-19,15:00,sh600269,赣粤高速,3.44,3.46,3.44,3.45,32559,11237201.0,0.01,0.2906976744186046
2020-10-20,15:00,sh600269,赣粤高速,3.45,3.45,3.43,3.45,26210,9026122.0,0.0,0.0
2020-10-21,15:00,sh600269,赣粤高速,3.46,3.46,3.44,3.45,31067,10708122.0,0.0,0.0
2020-10-22,15:00,sh600269,赣粤高速,3.45,3.45,3.42,3.44,43123,14783308.0,-0.01,-0.2898550724637681
2020-10-23,15:00,sh600269,赣粤高速,3.44,3.45,3.42,3.43,32974,11334081.0,-0.01,-0.2906976744186046
2020-10-26,15:00,sh600269,赣粤高速,3.44,3.44,3.42,3.43,28052,9609394.0,0.0,0.0
2020-10-27,15:00,sh600269,赣粤高速,3.43,3.43,3.41,3.43,28288,9673143.0,0.0,0.0
2020-10-28,15:00,sh600269,赣粤高速,3.43,3.43,3.4,3.42,28282,9665582.0,-0.01,-0.2915451895043732
2020-10-29,15:00,sh600269,赣粤高速,3.41,3.42,3.4,3.42,33763,11503536.0,0.0,0.0
2020-10-30,15:00,sh600269,赣粤高速,3.41,3.42,3.38,3.38,58393,19861688.0,-0.04,-1.1695906432748535
2020-11-02,15:00,sh600269,赣粤高速,3.37,3.39,3.36,3.37,50711,17113240.0,-0.01,-0.2958579881656805
2020-11-03,15:00,sh600269,赣粤高速,3.38,3.42,3.37,3.4,40840,13882793.0,0.03,0.8902077151335311
2020-11-04,15:00,sh600269,赣粤高速,3.4,3.41,3.39,3.4,26808,9107709.0,0.0,0.0
2020-11-05,15:00,sh600269,赣粤高速,3.41,3.42,3.4,3.41,54016,18419340.0,0.01,0.2941176470588235
2020-11-06,15:00,sh600269,赣粤高速,3.41,3.43,3.4,3.42,49049,16752072.0,0.01,0.2932551319648094
2020-11-09,15:00,sh600269,赣粤高速,3.43,3.47,3.42,3.46,65246,22521500.0,0.04,1.1695906432748535
2020-11-10,15:00,sh600269,赣粤高速,3.47,3.48,3.44,3.45,65442,22653344.0,-0.01,-0.2890173410404624
2020-11-11,15:00,sh600269,赣粤高速,3.45,3.5,3.43,3.48,75037,26036212.0,0.03,0.8695652173913043
2020-11-12,15:00,sh600269,赣粤高速,3.48,3.49,3.45,3.47,43721,15142829.0,-0.01,-0.2873563218390804
2020-11-13,15:00,sh600269,赣粤高速,3.46,3.47,3.43,3.44,42363,14586470.0,-0.03,-0.8645533141210375
2020-11-16,15:00,sh600269,赣粤高速,3.45,3.5,3.44,3.49,69975,24313864.0,0.05,1.4534883720930232
2020-11-17,15:00,sh600269,赣粤高速,3.48,3.51,3.47,3.5,77188,26953058.0,0.01,0.2865329512893982
2020-11-18,15:00,sh600269,赣粤高速,3.51,3.53,3.5,3.52,65882,23173792.0,0.02,0.5714285714285714
2020-11-19,15:00,sh600269,赣粤高速,3.52,3.54,3.49,3.5,64356,22626490.0,-0.02,-0.5681818181818182
2020-11-20,15:00,sh600269,赣粤高速,3.51,3.52,3.48,3.51,55791,19524764.0,0.01,0.2857142857142857
2020-11-23,15:00,sh600269,赣粤高速,3.5,3.55,3.5,3.53,83960,29612878.0,0.02,0.5698005698005698
2020-11-24,15:00,sh600269,赣粤高速,3.53,3.55,3.51,3.51,73037,25782120.0,-0.02,-0.56657223796034
2020-11-25,15:00,sh600269,赣粤高速,3.52,3.54,3.49,3.49,63637,22398760.0,-0.02,-0.5698005698005698
2020-11-26,15:00,sh600269,赣粤高速,3.49,3.51,3.47,3.5,55282,19303378.0,0.01,0.2865329512893982
2020-11-27,15:00,sh600269,赣粤高速,3.5,3.53,3.49,3.53,50988,17899326.0,0.03,0.8571428571428572
2020-11-30,15:00,sh600269,赣粤高速,3.52,3.59,3.52,3.53,136391,48552512.0,0.0,0.0
2020-12-01,15:00,sh600269,赣粤高速,3.51,3.57,3.48,3.57,163810,57744564.0,0.04,1.13314447592068
2020-12-02,15:00,sh600269,赣粤高速,3.55,3.65,3.55,3.62,281254,101559592.0,0.05,1.400560224089636
2020-12-03,15:00,sh600269,赣粤高速,3.61,3.73,3.57,3.58,286195,103748136.0,-0.04,-1.1049723756906076
2020-12-04,15:00,sh600269,赣粤高速,3.57,3.57,3.5,3.53,234069,82599472.0,-0.05,-1.3966480446927374
2020-12-07,15:00,sh600269,赣粤高速,3.53,3.54,3.49,3.49,93490,32776024.0,-0.04,-1.13314447592068
2020-12-08,15:00,sh600269,赣粤高速,3.5,3.51,3.48,3.49,57880,20203092.0,0.0,0.0
2020-12-09,15:00,sh600269,赣粤高速,3.49,3.51,3.43,3.44,109778,38121864.0,-0.05,-1.4326647564469914
2020-12-10,15:00,sh600269,赣粤高速,3.44,3.45,3.41,3.43,89461,30706204.0,-0.01,-0.2906976744186046
2020-12-11,15:00,sh600269,赣粤高速,3.43,3.44,3.34,3.43,223249,75649360.0,0.0,0.0
2020-12-14,15:00,sh600269,赣粤高速,3.4,3.41,3.38,3.4,71045,24089944.0,-0.03,-0.8746355685131195
2020-12-15,15:00,sh600269,赣粤高速,3.39,3.4,3.37,3.38,48335,16352997.0,-0.02,-0.5882352941176471
2020-12-16,15:00,sh600269,赣粤高速,3.38,3.4,3.37,3.38,44005,14902375.0,0.0,0.0
2020-12-17,15:00,sh600269,赣粤高速,3.37,3.41,3.37,3.4,69894,23673012.0,0.02,0.591715976331361
2020-12-18,15:00,sh600269,赣粤高速,3.4,3.43,3.39,3.4,53974,18368896.0,0.0,0.0
2020-12-21,15:00,sh600269,赣粤高速,3.41,3.42,3.39,3.42,41835,14276276.0,0.02,0.5882352941176471
2020-12-22,15:00,sh600269,赣粤高速,3.42,3.42,3.35,3.36,66308,22433972.0,-0.06,-1.7543859649122806
2020-12-23,15:00,sh600269,赣粤高速,3.36,3.39,3.36,3.37,37248,12564606.0,0.01,0.2976190476190476
2020-12-24,15:00,sh600269,赣粤高速,3.36,3.38,3.33,3.34,70981,23779264.0,-0.03,-0.8902077151335311
2020-12-25,15:00,sh600269,赣粤高速,3.34,3.4,3.33,3.39,56924,19219472.0,0.05,1.497005988023952
2020-12-28,15:00,sh600269,赣粤高速,3.39,3.4,3.37,3.37,44785,15140081.0,-0.02,-0.5899705014749262
2020-12-29,15:00,sh600269,赣粤高速,3.37,3.4,3.36,3.39,42536,14396737.0,0.02,0.5934718100890208
2020-12-30,15:00,sh600269,赣粤高速,3.4,3.4,3.37,3.4,36403,12328894.0,0.01,0.2949852507374631
2020-12-31,15:00,sh600269,赣粤高速,3.4,3.43,3.39,3.42,62934,21481084.0,0.02,0.5882352941176471
2021-01-04,15:00,sh600269,赣粤高速,3.43,3.43,3.4,3.42,58298,19891308.0,0.0,0.0
2021-01-05,15:00,sh600269,赣粤高速,3.41,3.41,3.38,3.39,61532,20892430.0,-0.03,-0.8771929824561403
2021-01-06,15:00,sh600269,赣粤高速,3.39,3.41,3.38,3.39,55290,18756356.0,0.0,0.0
2021-01-07,15:00,sh600269,赣粤高速,3.39,3.39,3.34,3.35,82741,27814542.0,-0.04,-1.1799410029498525
2021-01-08,15:00,sh600269,赣粤高速,3.35,3.37,3.34,3.35,41836,14034424.0,0.0,0.0
2021-01-11,15:00,sh600269,赣粤高速,3.35,3.36,3.3,3.31,79649,26496772.0,-0.04,-1.1940298507462688
2021-01-12,15:00,sh600269,赣粤高速,3.31,3.33,3.3,3.32,59932,19835148.0,0.01,0.3021148036253776
2021-01-13,15:00,sh600269,赣粤高速,3.32,3.32,3.28,3.31,48113,15865592.0,-0.01,-0.3012048192771084
2021-01-14,15:00,sh600269,赣粤高速,3.3,3.33,3.29,3.32,49686,16472521.0,0.01,0.3021148036253776
2021-01-15,15:00,sh600269,赣粤高速,3.32,3.35,3.31,3.34,46452,15470693.0,0.02,0.6024096385542169
2021-01-18,15:00,sh600269,赣粤高速,3.33,3.34,3.32,3.34,33483,11155320.0,0.0,0.0
2021-01-19,15:00,sh600269,赣粤高速,3.34,3.35,3.33,3.35,42602,14234068.0,0.01,0.2994011976047904
2021-01-20,15:00,sh600269,赣粤高速,3.35,3.35,3.33,3.34,24854,8300524.0,-0.01,-0.2985074626865672
2021-01-21,15:00,sh600269,赣粤高速,3.34,3.37,3.33,3.34,48134,16129040.0,0.0,0.0
2021-01-22,15:00,sh600269,赣粤高速,3.34,3.34,3.31,3.31,39008,12944622.0,-0.03,-0.8982035928143712
2021-01-25,15:00,sh600269,赣粤高速,3.31,3.32,3.28,3.29,47925,15775162.0,-0.02,-0.6042296072507553
2021-01-26,15:00,sh600269,赣粤高速,3.29,3.3,3.27,3.28,43993,14434313.0,-0.01,-0.303951367781155
2021-01-27,15:00,sh600269,赣粤高速,3.28,3.3,3.27,3.28,40300,13223403.0,0.0,0.0
2021-01-28,15:00,sh600269,赣粤高速,3.27,3.29,3.24,3.25,47162,15371348.0,-0.03,-0.9146341463414632
2021-01-29,15:00,sh600269,赣粤高速,3.27,3.3,3.26,3.27,54960,18020212.0,0.02,0.6153846153846154
2021-02-01,15:00,sh600269,赣粤高速,3.27,3.31,3.26,3.3,49370,16235838.0,0.03,0.9174311926605504
2021-02-02,15:00,sh600269,赣粤高速,3.3,3.31,3.27,3.29,48113,15832424.0,-0.01,-0.303030303030303
2021-02-03,15:00,sh600269,赣粤高速,3.29,3.29,3.25,3.26,36296,11850651.0,-0.03,-0.911854103343465
2021-02-04,15:00,sh600269,赣粤高速,3.26,3.27,3.2,3.21,59780,19271116.0,-0.05,-1.5337423312883436
2021-02-05,15:00,sh600269,赣粤高速,3.2,3.23,3.2,3.22,40029,12866406.0,0.01,0.3115264797507788
2021-02-08,15:00,sh600269,赣粤高速,3.22,3.25,3.22,3.24,30546,9882521.0,0.02,0.6211180124223602
2021-02-09,15:00,sh600269,赣粤高速,3.23,3.25,3.22,3.25,35763,11559931.0,0.01,0.3086419753086419
2021-02-10,15:00,sh600269,赣粤高速,3.24,3.27,3.23,3.26,31986,10410855.0,0.01,0.3076923076923077
2021-02-18,15:00,sh600269,赣粤高速,3.28,3.31,3.28,3.3,55483,18297168.0,0.04,1.2269938650306749
2021-02-19,15:00,sh600269,赣粤高速,3.31,3.41,3.3,3.39,119488,40275432.0,0.09,2.727272727272727
2021-02-22,15:00,sh600269,赣粤高速,3.42,3.47,3.41,3.43,132401,45538068.0,0.04,1.1799410029498525
2021-02-23,15:00,sh600269,赣粤高速,3.44,3.44,3.4,3.42,64334,22008772.0,-0.01,-0.2915451895043732
2021-02-24,15:00,sh600269,赣粤高速,3.41,3.43,3.38,3.4,52355,17830872.0,-0.02,-0.5847953216374269
2021-02-25,15:00,sh600269,赣粤高速,3.41,3.43,3.4,3.42,75659,25835216.0,0.02,0.5882352941176471
2021-02-26,15:00,sh600269,赣粤高速,3.38,3.42,3.36,3.38,62721,21226680.0,-0.04,-1.1695906432748535
2021-03-01,15:00,sh600269,赣粤高速,3.38,3.4,3.37,3.39,45616,15437796.0,0.01,0.2958579881656805
2021-03-02,15:00,sh600269,赣粤高速,3.4,3.4,3.35,3.38,57474,19400696.0,-0.01,-0.2949852507374631
2021-03-03,15:00,sh600269,赣粤高速,3.43,3.47,3.42,3.43,115213,39617976.0,0.05,1.4792899408284024
2021-03-04,15:00,sh600269,赣粤高速,3.44,3.45,3.41,3.43,83437,28654674.0,0.0,0.0
2021-03-05,15:00,sh600269,赣粤高速,3.43,3.44,3.42,3.43,52240,17909866.0,0.0,0.0
2021-03-08,15:00,sh600269,赣粤高速,3.44,3.45,3.42,3.43,59325,20384640.0,0.0,0.0
2021-03-09,15:00,sh600269,赣粤高速,3.42,3.46,3.39,3.44,107823,36980836.0,0.01,0.2915451895043732
2021-03-10,15:00,sh600269,赣粤高速,3.44,3.47,3.43,3.44,75960,26215140.0,0.0,0.0
2021-03-11,15:00,sh600269,赣粤高速,3.43,3.45,3.43,3.45,57176,19679564.0,0.01,0.2906976744186046
2021-03-12,15:00,sh600269,赣粤高速,3.45,3.53,3.44,3.51,166412,58122640.0,0.06,1.7391304347826086
2021-03-15,15:00,sh600269,赣粤高速,3.5,3.58,3.5,3.54,140549,49786344.0,0.03,0.8547008547008548
2021-03-16,15:00,sh600269,赣粤高速,3.53,3.57,3.53,3.54,70430,24961652.0,0.0,0.0
2021-03-17,15:00,sh600269,赣粤高速,3.55,3.55,3.49,3.51,94459,33207576.0,-0.03,-0.847457627118644
2021-03-18,15:00,sh600269,赣粤高速,3.51,3.54,3.49,3.52,80352,28261484.0,0.01,0.2849002849002849
2021-03-19,15:00,sh600269,赣粤高速,3.5,3.52,3.47,3.48,90601,31673768.0,-0.04,-1.1363636363636365
2021-03-22,15:00,sh600269,赣粤高速,3.48,3.54,3.48,3.53,80709,28353922.0,0.05,1.4367816091954022
2021-03-23,15:00,sh600269,赣粤高速,3.54,3.54,3.5,3.52,62924,22105592.0,-0.01,-0.28328611898017
2021-03-24,15:00,sh600269,赣粤高速,3.52,3.53,3.48,3.5,70547,24711956.0,-0.02,-0.5681818181818182
2021-03-25,15:00,sh600269,赣粤高速,3.51,3.52,3.48,3.49,54013,18890836.0,-0.01,-0.2857142857142857
2021-03-26,15:00,sh600269,赣粤高速,3.48,3.51,3.48,3.49,53124,18571164.0,0.0,0.0
2021-03-29,15:00,sh600269,赣粤高速,3.49,3.56,3.49,3.56,103099,36425896.0,0.07,2.005730659025788
2021-03-30,15:00,sh600269,赣粤高速,3.56,3.56,3.52,3.53,66125,23364492.0,-0.03,-0.8426966292134831
2021-03-31,15:00,sh600269,赣粤高速,3.55,3.6,3.53,3.58,157626,56301464.0,0.05,1.41643059490085
2021-04-01,15:00,sh600269,赣粤高速,3.58,3.61,3.57,3.6,148878,53440696.0,0.02,0.5586592178770949
2021-04-02,15:00,sh600269,赣粤高速,3.59,3.61,3.58,3.6,97862,35168224.0,0.0,0.0
2021-04-06,15:00,sh600269,赣粤高速,3.59,3.6,3.56,3.58,82953,29625922.0,-0.02,-0.5555555555555556
2021-04-07,15:00,sh600269,赣粤高速,3.65,3.68,3.62,3.64,250557,91328000.0,0.06,1.675977653631285
2021-04-08,15:00,sh600269,赣粤高速,3.63,3.67,3.62,3.63,105966,38548408.0,-0.01,-0.2747252747252747
2021-04-09,15:00,sh600269,赣粤高速,3.63,3.63,3.61,3.63,62330,22566938.0,0.0,0.0
2021-04-12,15:00,sh600269,赣粤高速,3.63,3.7,3.61,3.68,151394,55431128.0,0.05,1.3774104683195594
2021-04-13,15:00,sh600269,赣粤高速,3.68,3.68,3.63,3.65,78465,28629000.0,-0.03,-0.8152173913043478
2021-04-14,15:00,sh600269,赣粤高速,3.64,3.66,3.63,3.65,55292,20178512.0,0.0,0.0
2021-04-15,15:00,sh600269,赣粤高速,3.66,3.7,3.65,3.69,92822,34186260.0,0.04,1.095890410958904
2021-04-16,15:00,sh600269,赣粤高速,3.68,3.72,3.67,3.7,88261,32685916.0,0.01,0.2710027100271002
2021-04-19,15:00,sh600269,赣粤高速,3.7,3.75,3.7,3.74,106407,39726336.0,0.04,1.0810810810810811
2021-04-20,15:00,sh600269,赣粤高速,3.73,3.74,3.69,3.7,78040,28999634.0,-0.04,-1.06951871657754
2021-04-21,15:00,sh600269,赣粤高速,3.69,3.71,3.68,3.69,50606,18695444.0,-0.01,-0.2702702702702703
2021-04-22,15:00,sh600269,赣粤高速,3.69,3.71,3.68,3.69,45493,16805782.0,0.0,0.0
2021-04-23,15:00,sh600269,赣粤高速,3.69,3.7,3.6,3.61,160541,58374352.0,-0.08,-2.168021680216802
2021-04-26,15:00,sh600269,赣粤高速,3.62,3.64,3.6,3.62,76036,27577176.0,0.01,0.2770083102493075
2021-04-27,15:00,sh600269,赣粤高速,3.62,3.64,3.59,3.64,62611,22624520.0,0.02,0.5524861878453038
2021-04-28,15:00,sh600269,赣粤高速,3.6,3.61,3.55,3.57,146507,52463904.0,-0.07,-1.9230769230769231
2021-04-29,15:00,sh600269,赣粤高速,3.56,3.6,3.55,3.58,55719,19948400.0,0.01,0.2801120448179272
2021-04-30,15:00,sh600269,赣粤高速,3.59,3.59,3.56,3.56,62647,22383952.0,-0.02,-0.5586592178770949
2021-05-06,15:00,sh600269,赣粤高速,3.56,3.63,3.56,3.62,78826,28402880.0,0.06,1.6853932584269662
2021-05-07,15:00,sh600269,赣粤高速,3.61,3.67,3.61,3.65,77803,28374042.0,0.03,0.8287292817679558
2021-05-10,15:00,sh600269,赣粤高速,3.68,3.69,3.64,3.68,110317,40405212.0,0.03,0.821917808219178
2021-05-11,15:00,sh600269,赣粤高速,3.67,3.7,3.66,3.7,58965,21748894.0,0.02,0.5434782608695652
2021-05-12,15:00,sh600269,赣粤高速,3.7,3.71,3.67,3.71,77675,28658630.0,0.01,0.2702702702702703
2021-05-13,15:00,sh600269,赣粤高速,3.68,3.71,3.66,3.69,118554,43711712.0,-0.02,-0.5390835579514826
2021-05-14,15:00,sh600269,赣粤高速,3.49,3.52,3.49,3.5,130089,45528204.0,-0.19,-5.149051490514905
2021-05-17,15:00,sh600269,赣粤高速,3.5,3.51,3.48,3.48,77941,27246416.0,-0.02,-0.5714285714285714
2021-05-18,15:00,sh600269,赣粤高速,3.49,3.49,3.43,3.45,75887,26240656.0,-0.03,-0.8620689655172413
2021-05-19,15:00,sh600269,赣粤高速,3.46,3.46,3.42,3.43,69987,24043100.0,-0.02,-0.5797101449275363
2021-05-20,15:00,sh600269,赣粤高速,3.42,3.43,3.37,3.38,68409,23223582.0,-0.05,-1.4577259475218658
2021-05-21,15:00,sh600269,赣粤高速,3.39,3.42,3.38,3.39,37960,12899646.0,0.01,0.2958579881656805
2021-05-24,15:00,sh600269,赣粤高速,3.39,3.43,3.38,3.42,40378,13775607.0,0.03,0.8849557522123894
2021-05-25,15:00,sh600269,赣粤高速,3.42,3.43,3.4,3.43,42765,14611532.0,0.01,0.2923976608187134
2021-05-26,15:00,sh600269,赣粤高速,3.43,3.43,3.39,3.42,54695,18661040.0,-0.01,-0.2915451895043732
2021-05-27,15:00,sh600269,赣粤高速,3.42,3.43,3.4,3.41,41905,14309030.0,-0.01,-0.2923976608187134
2021-05-28,15:00,sh600269,赣粤高速,3.41,3.42,3.39,3.4,47954,16320397.0,-0.01,-0.2932551319648094
2021-05-31,15:00,sh600269,赣粤高速,3.4,3.41,3.38,3.39,54599,18515688.0,-0.01,-0.2941176470588235
2021-06-01,15:00,sh600269,赣粤高速,3.4,3.41,3.38,3.4,46775,15892998.0,0.01,0.2949852507374631
2021-06-02,15:00,sh600269,赣粤高速,3.4,3.4,3.37,3.38,60056,20314356.0,-0.02,-0.5882352941176471
2021-06-03,15:00,sh600269,赣粤高速,3.38,3.4,3.37,3.39,33754,11454642.0,0.01,0.2958579881656805
2021-06-04,15:00,sh600269,赣粤高速,3.39,3.41,3.39,3.39,35443,12046107.0,0.0,0.0
2021-06-07,15:00,sh600269,赣粤高速,3.4,3.41,3.39,3.4,48871,16623110.0,0.01,0.2949852507374631
2021-06-08,15:00,sh600269,赣粤高速,3.4,3.41,3.39,3.4,35478,12053406.0,0.0,0.0
2021-06-09,15:00,sh600269,赣粤高速,3.39,3.41,3.39,3.41,38287,13033230.0,0.01,0.2941176470588235
2021-06-10,15:00,sh600269,赣粤高速,3.4,3.42,3.39,3.4,49677,16917104.0,-0.01,-0.2932551319648094
2021-06-11,15:00,sh600269,赣粤高速,3.39,3.4,3.37,3.38,55413,18770138.0,-0.02,-0.5882352941176471
2021-06-15,15:00,sh600269,赣粤高速,3.38,3.39,3.34,3.34,57833,19395176.0,-0.04,-1.183431952662722
2021-06-16,15:00,sh600269,赣粤高速,3.35,3.38,3.33,3.34,57410,19261182.0,0.0,0.0
2021-06-17,15:00,sh600269,赣粤高速,3.34,3.37,3.32,3.35,48005,16093233.0,0.01,0.2994011976047904
2021-06-18,15:00,sh600269,赣粤高速,3.35,3.37,3.33,3.35,50416,16887066.0,0.0,0.0
2021-06-21,15:00,sh600269,赣粤高速,3.35,3.36,3.32,3.34,62564,20903410.0,-0.01,-0.2985074626865672
2021-06-22,15:00,sh600269,赣粤高速,3.34,3.39,3.33,3.38,58976,19845044.0,0.04,1.1976047904191618
2021-06-23,15:00,sh600269,赣粤高速,3.37,3.37,3.35,3.35,35650,11976017.0,-0.03,-0.8875739644970414
2021-06-24,15:00,sh600269,赣粤高速,3.35,3.41,3.34,3.4,90328,30505906.0,0.05,1.4925373134328357
2021-06-25,15:00,sh600269,赣粤高速,3.39,3.41,3.37,3.39,46330,15695467.0,-0.01,-0.2941176470588235
2021-06-28,15:00,sh600269,赣粤高速,3.4,3.41,3.37,3.37,54438,18450360.0,-0.02,-0.5899705014749262
2021-06-29,15:00,sh600269,赣粤高速,3.37,3.39,3.34,3.35,59422,19957140.0,-0.02,-0.5934718100890208
2021-06-30,15:00,sh600269,赣粤高速,3.35,3.37,3.34,3.36,46903,15730597.0,0.01,0.2985074626865672
2021-07-01,15:00,sh600269,赣粤高速,3.36,3.37,3.33,3.33,69988,23446892.0,-0.03,-0.8928571428571428
2021-07-02,15:00,sh600269,赣粤高速,3.33,3.35,3.33,3.33,30914,10323062.0,0.0,0.0
2021-07-05,15:00,sh600269,赣粤高速,3.35,3.36,3.34,3.35,44990,15088332.0,0.02,0.6006006006006006
2021-07-06,15:00,sh600269,赣粤高速,3.36,3.37,3.34,3.36,45937,15412744.0,0.01,0.2985074626865672
2021-07-07,15:00,sh600269,赣粤高速,3.35,3.36,3.34,3.34,30746,10292364.0,-0.02,-0.5952380952380952
2021-07-08,15:00,sh600269,赣粤高速,3.35,3.35,3.33,3.34,36299,12108704.0,0.0,0.0
2021-07-09,15:00,sh600269,赣粤高速,3.32,3.35,3.32,3.34,48555,16196708.0,0.0,0.0
2021-07-12,15:00,sh600269,赣粤高速,3.34,3.35,3.32,3.33,74657,24862848.0,-0.01,-0.2994011976047904
2021-07-13,15:00,sh600269,赣粤高速,3.33,3.34,3.32,3.34,46781,15555030.0,0.01,0.3003003003003003
2021-07-14,15:00,sh600269,赣粤高速,3.33,3.34,3.32,3.33,26863,8947825.0,-0.01,-0.2994011976047904
2021-07-15,15:00,sh600269,赣粤高速,3.32,3.34,3.3,3.32,53913,17879932.0,-0.01,-0.3003003003003003
2021-07-16,15:00,sh600269,赣粤高速,3.32,3.34,3.31,3.33,31581,10513948.0,0.01,0.3012048192771084
2021-07-19,15:00,sh600269,赣粤高速,3.33,3.33,3.31,3.32,29294,9721579.0,-0.01,-0.3003003003003003
2021-07-20,15:00,sh600269,赣粤高速,3.31,3.32,3.3,3.32,29976,9936933.0,0.0,0.0
2021-07-21,15:00,sh600269,赣粤高速,3.32,3.34,3.31,3.33,42154,14036413.0,0.01,0.3012048192771084
2021-07-22,15:00,sh600269,赣粤高速,3.34,3.36,3.32,3.34,66365,22147804.0,0.01,0.3003003003003003
2021-07-23,15:00,sh600269,赣粤高速,3.34,3.34,3.32,3.34,35708,11897212.0,0.0,0.0
2021-07-26,15:00,sh600269,赣粤高速,3.33,3.33,3.3,3.32,58237,19307202.0,-0.02,-0.5988023952095809
2021-07-27,15:00,sh600269,赣粤高速,3.31,3.32,3.3,3.3,49664,16453895.0,-0.02,-0.6024096385542169
2021-07-28,15:00,sh600269,赣粤高速,3.3,3.31,3.22,3.26,68132,22246272.0,-0.04,-1.2121212121212122
2021-07-29,15:00,sh600269,赣粤高速,3.27,3.28,3.24,3.26,58638,19083184.0,0.0,0.0
2021-07-30,15:00,sh600269,赣粤高速,3.26,3.26,3.23,3.26,44441,14423169.0,0.0,0.0
2021-08-02,15:00,sh600269,赣粤高速,3.24,3.28,3.21,3.27,58924,19130564.0,0.01,0.3067484662576687
2021-08-03,15:00,sh600269,赣粤高速,3.27,3.29,3.26,3.27,40704,13329891.0,0.0,0.0
2021-08-04,15:00,sh600269,赣粤高速,3.28,3.28,3.26,3.27,22542,7376910.0,0.0,0.0
2021-08-05,15:00,sh600269,赣粤高速,3.28,3.28,3.26,3.27,34125,11164388.0,0.0,0.0
2021-08-06,15:00,sh600269,赣粤高速,3.27,3.28,3.26,3.28,24425,7994569.0,0.01,0.3058103975535168
2021-08-09,15:00,sh600269,赣粤高速,3.28,3.36,3.28,3.36,86402,28819496.0,0.08,2.4390243902439024
2021-08-10,15:00,sh600269,赣粤高速,3.34,3.35,3.31,3.32,67336,22403004.0,-0.04,-1.1904761904761905
2021-08-11,15:00,sh600269,赣粤高速,3.33,3.34,3.32,3.32,69916,23268750.0,0.0,0.0
2021-08-12,15:00,sh600269,赣粤高速,3.33,3.34,3.32,3.33,41496,13796408.0,0.01,0.3012048192771084
2021-08-13,15:00,sh600269,赣粤高速,3.33,3.33,3.31,3.31,45991,15261557.0,-0.02,-0.6006006006006006
2021-08-16,15:00,sh600269,赣粤高速,3.32,3.33,3.3,3.32,41875,13893337.0,0.01,0.3021148036253776
2021-08-17,15:00,sh600269,赣粤高速,3.32,3.33,3.28,3.29,51827,17160036.0,-0.03,-0.9036144578313252
2021-08-18,15:00,sh600269,赣粤高速,3.29,3.31,3.28,3.31,53156,17531886.0,0.02,0.60790273556231
2021-08-19,15:00,sh600269,赣粤高速,3.31,3.31,3.28,3.3,48598,16016953.0,-0.01,-0.3021148036253776
2021-08-20,15:00,sh600269,赣粤高速,3.29,3.3,3.27,3.29,58301,19125812.0,-0.01,-0.303030303030303
2021-08-23,15:00,sh600269,赣粤高速,3.29,3.32,3.29,3.31,61434,20319244.0,0.02,0.60790273556231
2021-08-24,15:00,sh600269,赣粤高速,3.32,3.34,3.3,3.33,62360,20725924.0,0.02,0.6042296072507553
2021-08-25,15:00,sh600269,赣粤高速,3.33,3.37,3.33,3.36,70135,23485252.0,0.03,0.9009009009009008
2021-08-26,15:00,sh600269,赣粤高速,3.36,3.42,3.35,3.38,122243,41303444.0,0.02,0.5952380952380952
2021-08-27,15:00,sh600269,赣粤高速,3.38,3.39,3.35,3.37,57463,19360632.0,-0.01,-0.2958579881656805
2021-08-30,15:00,sh600269,赣粤高速,3.37,3.38,3.35,3.37,78415,26361938.0,0.0,0.0
2021-08-31,15:00,sh600269,赣粤高速,3.36,3.41,3.33,3.4,148803,50191024.0,0.03,0.8902077151335311
2021-09-01,15:00,sh600269,赣粤高速,3.4,3.43,3.38,3.43,155196,52937592.0,0.03,0.8823529411764706
2021-09-02,15:00,sh600269,赣粤高速,3.41,3.45,3.4,3.43,116280,39897720.0,0.0,0.0
2021-09-03,15:00,sh600269,赣粤高速,3.45,3.46,3.43,3.44,138680,47745528.0,0.01,0.2915451895043732
2021-09-06,15:00,sh600269,赣粤高速,3.44,3.47,3.44,3.46,103681,35889576.0,0.02,0.5813953488372093
2021-09-07,15:00,sh600269,赣粤高速,3.46,3.53,3.46,3.51,203081,70879488.0,0.05,1.4450867052023122
2021-09-08,15:00,sh600269,赣粤高速,3.52,3.58,3.51,3.58,186158,66062016.0,0.07,1.9943019943019944
2021-09-09,15:00,sh600269,赣粤高速,3.58,3.7,3.57,3.68,353504,129239504.0,0.1,2.793296089385475
2021-09-10,15:00,sh600269,赣粤高速,3.68,3.73,3.61,3.63,258696,95047544.0,-0.05,-1.358695652173913
2021-09-13,15:00,sh600269,赣粤高速,3.63,3.68,3.61,3.67,203026,74101048.0,0.04,1.1019283746556474
2021-09-14,15:00,sh600269,赣粤高速,3.67,3.69,3.56,3.57,184156,66767384.0,-0.1,-2.7247956403269757
2021-09-15,15:00,sh600269,赣粤高速,3.58,3.61,3.56,3.58,153250,54869416.0,0.01,0.2801120448179272
2021-09-16,15:00,sh600269,赣粤高速,3.57,3.66,3.52,3.52,171469,61660628.0,-0.06,-1.675977653631285
2021-09-17,15:00,sh600269,赣粤高速,3.52,3.56,3.48,3.51,163876,57627224.0,-0.01,-0.2840909090909091
2021-09-22,15:00,sh600269,赣粤高速,3.5,3.65,3.48,3.65,237079,84787384.0,0.14,3.988603988603988
2021-09-23,15:00,sh600269,赣粤高速,3.64,3.75,3.64,3.7,269174,99492320.0,0.05,1.36986301369863
2021-09-24,15:00,sh600269,赣粤高速,3.71,3.73,3.62,3.65,175644,64557960.0,-0.05,-1.351351351351351
2021-09-27,15:00,sh600269,赣粤高速,3.64,3.68,3.54,3.6,194952,70340304.0,-0.05,-1.36986301369863
2021-09-28,15:00,sh600269,赣粤高速,3.6,3.67,3.58,3.64,122192,44340692.0,0.04,1.1111111111111112
2021-09-29,15:00,sh600269,赣粤高速,3.62,3.66,3.57,3.57,124752,45050068.0,-0.07,-1.9230769230769231
2021-09-30,15:00,sh600269,赣粤高速,3.57,3.62,3.53,3.57,165007,58753156.0,0.0,0.0
2021-10-08,15:00,sh600269,赣粤高速,3.58,3.71,3.57,3.69,227055,83095216.0,0.12,3.361344537815126
2021-10-11,15:00,sh600269,赣粤高速,3.69,3.7,3.65,3.69,125309,46104448.0,0.0,0.0
2021-10-12,15:00,sh600269,赣粤高速,3.67,3.69,3.6,3.66,136117,49557832.0,-0.03,-0.8130081300813009
2021-10-13,15:00,sh600269,赣粤高速,3.65,3.69,3.56,3.66,188732,68293904.0,0.0,0.0
2021-10-14,15:00,sh600269,赣粤高速,3.64,3.66,3.59,3.64,91459,33222532.0,-0.02,-0.546448087431694
2021-10-15,15:00,sh600269,赣粤高速,3.64,3.65,3.59,3.6,102718,37042416.0,-0.04,-1.098901098901099
2021-10-18,15:00,sh600269,赣粤高速,3.61,3.64,3.59,3.63,95415,34558964.0,0.03,0.8333333333333334
2021-10-19,15:00,sh600269,赣粤高速,3.63,3.66,3.6,3.62,75177,27272040.0,-0.01,-0.2754820936639118
2021-10-20,15:00,sh600269,赣粤高速,3.62,3.63,3.54,3.56,100012,35823876.0,-0.06,-1.6574585635359116
2021-10-21,15:00,sh600269,赣粤高速,3.56,3.58,3.52,3.53,68845,24446332.0,-0.03,-0.8426966292134831
2021-10-22,15:00,sh600269,赣粤高速,3.53,3.54,3.46,3.47,110458,38532768.0,-0.06,-1.69971671388102
2021-10-25,15:00,sh600269,赣粤高速,3.46,3.5,3.43,3.48,84272,29209246.0,0.01,0.2881844380403458
2021-10-26,15:00,sh600269,赣粤高速,3.47,3.49,3.44,3.45,45662,15819743.0,-0.03,-0.8620689655172413
2021-10-27,15:00,sh600269,赣粤高速,3.46,3.46,3.38,3.39,84188,28666212.0,-0.06,-1.7391304347826086
2021-10-28,15:00,sh600269,赣粤高速,3.4,3.4,3.35,3.36,92084,30993136.0,-0.03,-0.8849557522123894
2021-10-29,15:00,sh600269,赣粤高速,3.35,3.39,3.33,3.37,92226,30991536.0,0.01,0.2976190476190476
2021-11-01,15:00,sh600269,赣粤高速,3.34,3.34,3.28,3.32,141254,46778696.0,-0.05,-1.483679525222552
2021-11-02,15:00,sh600269,赣粤高速,3.32,3.32,3.23,3.25,134833,44160408.0,-0.07,-2.108433734939759
2021-11-03,15:00,sh600269,赣粤高速,3.26,3.28,3.23,3.26,84661,27568664.0,0.01,0.3076923076923077
2021-11-04,15:00,sh600269,赣粤高速,3.26,3.27,3.23,3.26,58411,18977854.0,0.0,0.0
2021-11-05,15:00,sh600269,赣粤高速,3.25,3.27,3.24,3.25,61059,19854972.0,-0.01,-0.3067484662576687
2021-11-08,15:00,sh600269,赣粤高速,3.26,3.27,3.24,3.27,67833,22105024.0,0.02,0.6153846153846154
2021-11-09,15:00,sh600269,赣粤高速,3.27,3.28,3.25,3.27,48508,15847459.0,0.0,0.0
2021-11-10,15:00,sh600269,赣粤高速,3.27,3.28,3.24,3.28,58501,19058372.0,0.01,0.3058103975535168
2021-11-11,15:00,sh600269,赣粤高速,3.28,3.32,3.26,3.31,95486,31469868.0,0.03,0.9146341463414632
2021-11-12,15:00,sh600269,赣粤高速,3.31,3.31,3.28,3.29,45042,14827440.0,-0.02,-0.6042296072507553
2021-11-15,15:00,sh600269,赣粤高速,3.3,3.32,3.28,3.32,61487,20293034.0,0.03,0.911854103343465
2021-11-16,15:00,sh600269,赣粤高速,3.31,3.32,3.29,3.3,52654,17403896.0,-0.02,-0.6024096385542169
2021-11-17,15:00,sh600269,赣粤高速,3.3,3.31,3.28,3.3,53614,17652948.0,0.0,0.0
2021-11-18,15:00,sh600269,赣粤高速,3.29,3.32,3.28,3.29,64949,21424360.0,-0.01,-0.303030303030303
2021-11-19,15:00,sh600269,赣粤高速,3.29,3.31,3.28,3.31,52192,17206036.0,0.02,0.60790273556231
2021-11-22,15:00,sh600269,赣粤高速,3.3,3.31,3.27,3.28,70790,23297664.0,-0.03,-0.906344410876133
2021-11-23,15:00,sh600269,赣粤高速,3.28,3.3,3.28,3.3,48147,15845526.0,0.02,0.6097560975609756
2021-11-24,15:00,sh600269,赣粤高速,3.29,3.3,3.28,3.3,46275,15222731.0,0.0,0.0
2021-11-25,15:00,sh600269,赣粤高速,3.3,3.31,3.29,3.3,26062,8589889.0,0.0,0.0
2021-11-26,15:00,sh600269,赣粤高速,3.29,3.3,3.26,3.29,72042,23602220.0,-0.01,-0.303030303030303
2021-11-29,15:00,sh600269,赣粤高速,3.26,3.27,3.25,3.26,53460,17439040.0,-0.03,-0.911854103343465
2021-11-30,15:00,sh600269,赣粤高速,3.26,3.28,3.25,3.28,49523,16199917.0,0.02,0.6134969325153374
2021-12-01,15:00,sh600269,赣粤高速,3.27,3.31,3.26,3.31,84313,27753624.0,0.03,0.9146341463414632
2021-12-02,15:00,sh600269,赣粤高速,3.3,3.33,3.3,3.3,85159,28187196.0,-0.01,-0.3021148036253776
2021-12-03,15:00,sh600269,赣粤高速,3.31,3.36,3.3,3.35,111933,37338632.0,0.05,1.5151515151515151
2021-12-06,15:00,sh600269,赣粤高速,3.33,3.35,3.31,3.32,79085,26364654.0,-0.03,-0.8955223880597015
2021-12-07,15:00,sh600269,赣粤高速,3.34,3.35,3.31,3.33,52517,17486624.0,0.01,0.3012048192771084
2021-12-08,15:00,sh600269,赣粤高速,3.34,3.34,3.31,3.33,52014,17276734.0,0.0,0.0
2021-12-09,15:00,sh600269,赣粤高速,3.33,3.36,3.32,3.35,90392,30227942.0,0.02,0.6006006006006006
2021-12-10,15:00,sh600269,赣粤高速,3.34,3.36,3.33,3.34,56362,18835852.0,-0.01,-0.2985074626865672
2021-12-13,15:00,sh600269,赣粤高速,3.34,3.36,3.34,3.34,46031,15403941.0,0.0,0.0
2021-12-14,15:00,sh600269,赣粤高速,3.34,3.34,3.32,3.33,31228,10394458.0,-0.01,-0.2994011976047904
2021-12-15,15:00,sh600269,赣粤高速,3.33,3.4,3.32,3.38,111786,37629128.0,0.05,1.5015015015015014
2021-12-16,15:00,sh600269,赣粤高速,3.37,3.4,3.37,3.4,65930,22304642.0,0.02,0.591715976331361
2021-12-17,15:00,sh600269,赣粤高速,3.4,3.42,3.37,3.38,76451,25918614.0,-0.02,-0.5882352941176471
2021-12-20,15:00,sh600269,赣粤高速,3.39,3.42,3.37,3.4,82474,28035644.0,0.02,0.591715976331361
2021-12-21,15:00,sh600269,赣粤高速,3.4,3.47,3.39,3.46,112703,38771624.0,0.06,1.7647058823529411
2021-12-22,15:00,sh600269,赣粤高速,3.47,3.49,3.43,3.45,98879,34181112.0,-0.01,-0.2890173410404624
2021-12-23,15:00,sh600269,赣粤高速,3.44,3.45,3.4,3.41,58633,20054742.0,-0.04,-1.1594202898550725
2021-12-24,15:00,sh600269,赣粤高速,3.42,3.43,3.36,3.38,95381,32299044.0,-0.03,-0.8797653958944283
2021-12-27,15:00,sh600269,赣粤高速,3.39,3.41,3.38,3.41,54430,18515678.0,0.03,0.8875739644970414
2021-12-28,15:00,sh600269,赣粤高速,3.41,3.41,3.37,3.39,67317,22772008.0,-0.02,-0.5865102639296188
2021-12-29,15:00,sh600269,赣粤高速,3.39,3.41,3.38,3.4,45033,15285319.0,0.01,0.2949852507374631
2021-12-30,15:00,sh600269,赣粤高速,3.4,3.44,3.4,3.41,57094,19521328.0,0.01,0.2941176470588235
2021-12-31,15:00,sh600269,赣粤高速,3.42,3.43,3.41,3.43,45900,15711750.0,0.02,0.5865102639296188
