日期,时间,代码,名称,开盘,最高,最低,收盘,总手,金额,涨幅,涨幅比
2015-01-05,15:00,sh600586,金晶科技,4.08,4.17,4.04,4.15,487811,200837040.0,0.08,1.9656019656019657
2015-01-06,15:00,sh600586,金晶科技,4.12,4.22,4.1,4.21,536489,223441312.0,0.06,1.4457831325301205
2015-01-07,15:00,sh600586,金晶科技,4.2,4.2,4.12,4.16,312366,129995360.0,-0.05,-1.187648456057007
2015-01-08,15:00,sh600586,金晶科技,4.14,4.16,4.04,4.06,280266,114439664.0,-0.1,-2.403846153846154
2015-01-09,15:00,sh600586,金晶科技,4.05,4.12,4.01,4.04,271559,110671784.0,-0.02,-0.4926108374384236
2015-01-12,15:00,sh600586,金晶科技,4.02,4.08,3.93,3.95,258449,102644904.0,-0.09,-2.2277227722772275
2015-01-13,15:00,sh600586,金晶科技,3.95,3.98,3.93,3.97,123158,48689696.0,0.02,0.5063291139240507
2015-01-14,15:00,sh600586,金晶科技,3.97,3.97,3.83,3.86,206506,80579384.0,-0.11,-2.770780856423174
2015-01-15,15:00,sh600586,金晶科技,3.86,3.91,3.82,3.91,166519,64395600.0,0.05,1.2953367875647668
2015-01-16,15:00,sh600586,金晶科技,3.91,3.93,3.87,3.91,163963,63946148.0,0.0,0.0
2015-01-19,15:00,sh600586,金晶科技,3.87,3.87,3.57,3.64,310274,115666400.0,-0.27,-6.905370843989769
2015-01-20,15:00,sh600586,金晶科技,3.63,3.77,3.63,3.74,191720,71209152.0,0.1,2.7472527472527477
2015-01-21,15:00,sh600586,金晶科技,3.75,3.84,3.73,3.84,185461,70357064.0,0.1,2.6737967914438503
2015-01-22,15:00,sh600586,金晶科技,3.82,3.87,3.81,3.86,150770,58062832.0,0.02,0.5208333333333333
2015-01-23,15:00,sh600586,金晶科技,3.86,3.86,3.8,3.82,159302,60966580.0,-0.04,-1.0362694300518136
2015-01-26,15:00,sh600586,金晶科技,3.82,3.9,3.8,3.89,189006,73051616.0,0.07,1.832460732984293
2015-01-27,15:00,sh600586,金晶科技,3.89,3.95,3.85,3.92,255881,99950080.0,0.03,0.7712082262210797
2015-01-28,15:00,sh600586,金晶科技,3.92,3.96,3.88,3.93,172194,67566384.0,0.01,0.2551020408163265
2015-01-29,15:00,sh600586,金晶科技,3.89,3.92,3.87,3.89,129696,50492300.0,-0.04,-1.0178117048346056
2015-01-30,15:00,sh600586,金晶科技,3.88,3.92,3.83,3.84,141398,54746244.0,-0.05,-1.2853470437017995
2015-02-02,15:00,sh600586,金晶科技,3.79,3.8,3.74,3.77,142732,53779760.0,-0.07,-1.8229166666666667
2015-02-03,15:00,sh600586,金晶科技,3.79,3.82,3.76,3.81,100537,38128976.0,0.04,1.0610079575596816
2015-02-04,15:00,sh600586,金晶科技,3.81,3.83,3.76,3.76,127549,48439804.0,-0.05,-1.3123359580052494
2015-02-05,15:00,sh600586,金晶科技,3.79,3.81,3.73,3.73,109531,41228444.0,-0.03,-0.7978723404255319
2015-02-06,15:00,sh600586,金晶科技,3.72,3.74,3.63,3.65,122323,45007356.0,-0.08,-2.1447721179624666
2015-02-09,15:00,sh600586,金晶科技,3.63,3.67,3.62,3.64,95416,34771672.0,-0.01,-0.273972602739726
2015-02-10,15:00,sh600586,金晶科技,3.64,3.68,3.58,3.67,148193,53696232.0,0.03,0.8241758241758242
2015-02-11,15:00,sh600586,金晶科技,3.66,3.7,3.65,3.69,94923,34871692.0,0.02,0.544959128065395
2015-02-12,15:00,sh600586,金晶科技,3.69,3.74,3.69,3.73,91167,33908836.0,0.04,1.084010840108401
2015-02-13,15:00,sh600586,金晶科技,3.75,3.85,3.73,3.82,164370,62590536.0,0.09,2.412868632707774
2015-02-16,15:00,sh600586,金晶科技,3.82,3.89,3.8,3.89,161233,62190660.0,0.07,1.832460732984293
2015-02-17,15:00,sh600586,金晶科技,3.89,3.93,3.85,3.9,143028,55467428.0,0.01,0.2570694087403599
2015-02-25,15:00,sh600586,金晶科技,3.89,3.93,3.86,3.9,124401,48427464.0,0.0,0.0
2015-02-26,15:00,sh600586,金晶科技,3.91,4.06,3.91,3.95,304101,120079888.0,0.05,1.282051282051282
2015-02-27,15:00,sh600586,金晶科技,3.96,3.99,3.93,3.96,197415,78163944.0,0.01,0.2531645569620253
2015-03-02,15:00,sh600586,金晶科技,3.98,4.03,3.96,4.03,291885,116920040.0,0.07,1.7676767676767675
2015-03-03,15:00,sh600586,金晶科技,4.01,4.18,4.0,4.13,612705,252087696.0,0.1,2.481389578163772
2015-03-04,15:00,sh600586,金晶科技,4.11,4.23,4.06,4.18,563537,235000624.0,0.05,1.2106537530266344
2015-03-05,15:00,sh600586,金晶科技,4.2,4.37,4.15,4.33,638781,270147488.0,0.15,3.588516746411483
2015-03-06,15:00,sh600586,金晶科技,4.48,4.48,4.22,4.23,663019,288129376.0,-0.1,-2.3094688221709005
2015-03-09,15:00,sh600586,金晶科技,4.2,4.3,4.12,4.3,318920,134953824.0,0.07,1.6548463356973997
2015-03-10,15:00,sh600586,金晶科技,4.27,4.44,4.25,4.37,421874,184535888.0,0.07,1.627906976744186
2015-03-11,15:00,sh600586,金晶科技,4.37,4.58,4.3,4.47,559333,247896624.0,0.1,2.2883295194508007
2015-03-12,15:00,sh600586,金晶科技,4.44,4.51,4.36,4.38,386004,170647952.0,-0.09,-2.013422818791946
2015-03-13,15:00,sh600586,金晶科技,4.38,4.42,4.33,4.4,222716,97314240.0,0.02,0.45662100456621
2015-03-16,15:00,sh600586,金晶科技,4.41,4.52,4.41,4.49,347704,155677744.0,0.09,2.0454545454545454
2015-03-17,15:00,sh600586,金晶科技,4.51,4.59,4.45,4.52,514707,232551232.0,0.03,0.6681514476614699
2015-03-18,15:00,sh600586,金晶科技,4.5,4.68,4.49,4.67,560592,258555216.0,0.15,3.3185840707964607
2015-03-19,15:00,sh600586,金晶科技,4.68,4.93,4.64,4.9,823248,397403776.0,0.23,4.925053533190578
2015-03-20,15:00,sh600586,金晶科技,4.91,5.1,4.86,4.89,781947,386977024.0,-0.01,-0.2040816326530612
2015-03-23,15:00,sh600586,金晶科技,4.89,5.22,4.89,5.19,651495,332019264.0,0.3,6.134969325153374
2015-03-24,15:00,sh600586,金晶科技,5.19,5.48,5.08,5.35,1028973,544521408.0,0.16,3.0828516377649327
2015-03-25,15:00,sh600586,金晶科技,5.35,5.35,5.16,5.23,540675,283971968.0,-0.12,-2.2429906542056077
2015-03-26,15:00,sh600586,金晶科技,5.18,5.28,5.1,5.12,498360,257138240.0,-0.11,-2.103250478011472
2015-03-27,15:00,sh600586,金晶科技,5.12,5.21,5.08,5.2,367860,189077808.0,0.08,1.5625
2015-03-30,15:00,sh600586,金晶科技,5.24,5.34,5.19,5.23,495237,259064656.0,0.03,0.576923076923077
2015-03-31,15:00,sh600586,金晶科技,5.25,5.35,5.14,5.28,652926,342788384.0,0.05,0.9560229445506692
2015-04-01,15:00,sh600586,金晶科技,5.24,5.46,5.21,5.42,795648,424684832.0,0.14,2.6515151515151514
2015-04-02,15:00,sh600586,金晶科技,5.44,5.65,5.38,5.55,673347,372485696.0,0.13,2.3985239852398523
2015-04-03,15:00,sh600586,金晶科技,5.5,5.75,5.42,5.66,591363,332595552.0,0.11,1.981981981981982
2015-04-07,15:00,sh600586,金晶科技,5.67,5.81,5.62,5.78,622668,356891424.0,0.12,2.120141342756184
2015-04-08,15:00,sh600586,金晶科技,5.78,5.81,5.51,5.69,631484,357966688.0,-0.09,-1.5570934256055362
2015-04-09,15:00,sh600586,金晶科技,5.66,5.67,5.28,5.46,684866,373612736.0,-0.23,-4.042179261862917
2015-04-10,15:00,sh600586,金晶科技,5.52,5.61,5.48,5.57,428540,238294672.0,0.11,2.0146520146520146
2015-04-13,15:00,sh600586,金晶科技,5.58,5.73,5.51,5.69,590031,332141824.0,0.12,2.154398563734291
2015-04-14,15:00,sh600586,金晶科技,5.67,6.07,5.62,5.89,824908,487888512.0,0.2,3.5149384885764503
2015-04-15,15:00,sh600586,金晶科技,5.89,5.92,5.57,5.64,538813,309493120.0,-0.25,-4.244482173174872
2015-04-16,15:00,sh600586,金晶科技,5.72,5.87,5.6,5.78,586996,337051648.0,0.14,2.4822695035460995
2015-04-17,15:00,sh600586,金晶科技,5.82,5.84,5.7,5.76,672212,387952160.0,-0.02,-0.3460207612456747
2015-04-20,15:00,sh600586,金晶科技,5.72,5.97,5.55,5.92,898351,514850752.0,0.16,2.7777777777777777
2015-04-21,15:00,sh600586,金晶科技,5.76,6.05,5.7,6.04,996320,590908480.0,0.12,2.027027027027027
2015-04-22,15:00,sh600586,金晶科技,6.04,6.23,5.97,6.19,766210,471668224.0,0.15,2.4834437086092715
2015-04-23,15:00,sh600586,金晶科技,6.19,6.52,6.11,6.27,871669,550866176.0,0.08,1.292407108239095
2015-04-24,15:00,sh600586,金晶科技,6.19,6.45,6.09,6.33,733498,457883904.0,0.06,0.9569377990430622
2015-04-27,15:00,sh600586,金晶科技,6.33,6.45,6.27,6.38,689216,438880896.0,0.05,0.7898894154818324
2015-04-28,15:00,sh600586,金晶科技,6.41,6.42,6.12,6.22,580102,361433888.0,-0.16,-2.507836990595611
2015-04-29,15:00,sh600586,金晶科技,6.26,6.35,6.16,6.27,511751,321167456.0,0.05,0.8038585209003215
2015-04-30,15:00,sh600586,金晶科技,6.31,6.32,6.14,6.23,511213,317411200.0,-0.04,-0.6379585326953748
2015-05-04,15:00,sh600586,金晶科技,6.24,6.26,6.12,6.21,405215,250969200.0,-0.02,-0.3210272873194221
2015-05-05,15:00,sh600586,金晶科技,6.24,6.24,5.89,5.9,542890,328520960.0,-0.31,-4.99194847020934
2015-05-06,15:00,sh600586,金晶科技,5.92,6.05,5.6,5.68,441519,257853744.0,-0.22,-3.728813559322034
2015-05-07,15:00,sh600586,金晶科技,5.68,5.75,5.38,5.47,473243,261696976.0,-0.21,-3.697183098591549
2015-05-08,15:00,sh600586,金晶科技,5.52,5.57,5.4,5.57,490712,269999296.0,0.1,1.828153564899452
2015-05-11,15:00,sh600586,金晶科技,5.62,5.79,5.53,5.79,506094,287718304.0,0.22,3.949730700179533
2015-05-12,15:00,sh600586,金晶科技,5.8,5.88,5.74,5.84,425980,247244912.0,0.05,0.8635578583765112
2015-05-13,15:00,sh600586,金晶科技,5.86,6.02,5.75,5.91,579112,341480064.0,0.07,1.1986301369863013
2015-05-14,15:00,sh600586,金晶科技,5.95,6.02,5.81,5.9,461788,272664928.0,-0.01,-0.1692047377326565
2015-05-15,15:00,sh600586,金晶科技,5.86,5.86,5.65,5.76,385528,221261152.0,-0.14,-2.3728813559322037
2015-05-18,15:00,sh600586,金晶科技,5.79,5.82,5.68,5.77,359944,207344912.0,0.01,0.1736111111111111
2015-05-19,15:00,sh600586,金晶科技,5.78,5.98,5.75,5.95,493431,290006592.0,0.18,3.119584055459272
2015-05-20,15:00,sh600586,金晶科技,5.93,6.15,5.91,6.0,796541,482746880.0,0.05,0.8403361344537815
2015-05-21,15:00,sh600586,金晶科技,6.0,6.6,5.95,6.6,690767,436644128.0,0.6,10.0
2015-05-22,15:00,sh600586,金晶科技,7.2,7.2,6.76,6.92,1845466,1286423936.0,0.32,4.848484848484849
2015-05-25,15:00,sh600586,金晶科技,6.92,7.5,6.79,7.39,1272003,911849856.0,0.47,6.791907514450866
2015-05-26,15:00,sh600586,金晶科技,7.39,8.13,7.25,8.13,1461633,1143108736.0,0.74,10.013531799729364
2015-05-27,15:00,sh600586,金晶科技,8.15,8.94,8.15,8.94,1746911,1533389568.0,0.81,9.96309963099631
2015-05-28,15:00,sh600586,金晶科技,9.19,9.55,8.1,8.27,2279023,2054434560.0,-0.67,-7.494407158836688
2015-05-29,15:00,sh600586,金晶科技,8.0,8.94,7.55,8.6,1499686,1244024960.0,0.33,3.990326481257558
2015-06-01,15:00,sh600586,金晶科技,8.61,8.92,8.46,8.81,1312061,1139113728.0,0.21,2.441860465116279
2015-06-02,15:00,sh600586,金晶科技,8.81,8.97,8.5,8.82,1155507,1008043584.0,0.01,0.1135073779795686
2015-06-03,15:00,sh600586,金晶科技,8.79,8.79,8.22,8.57,1077415,920588736.0,-0.25,-2.8344671201814062
2015-06-04,15:00,sh600586,金晶科技,8.58,9.43,8.3,9.43,1838519,1649643136.0,0.86,10.035005834305718
2015-06-05,15:00,sh600586,金晶科技,9.85,10.19,9.6,9.92,1857812,1841863936.0,0.49,5.196182396606575
2015-06-08,15:00,sh600586,金晶科技,9.88,9.89,9.4,9.56,1161810,1111153024.0,-0.36,-3.629032258064517
2015-06-09,15:00,sh600586,金晶科技,9.45,9.65,9.23,9.59,824564,771556352.0,0.03,0.3138075313807531
2015-06-10,15:00,sh600586,金晶科技,9.54,10.1,9.28,9.74,957668,934232640.0,0.15,1.5641293013555788
2015-06-11,15:00,sh600586,金晶科技,9.58,9.8,9.5,9.64,684208,658117632.0,-0.1,-1.026694045174538
2015-06-12,15:00,sh600586,金晶科技,9.63,10.2,9.58,9.88,1096728,1086688000.0,0.24,2.489626556016597
2015-06-15,15:00,sh600586,金晶科技,9.8,10.58,9.8,10.28,1129351,1146562176.0,0.4,4.048582995951417
2015-06-16,15:00,sh600586,金晶科技,10.02,10.29,9.4,9.57,898289,885051584.0,-0.71,-6.906614785992218
2015-06-17,15:00,sh600586,金晶科技,9.65,9.8,8.92,9.55,788008,734565312.0,-0.02,-0.2089864158829676
2015-06-18,15:00,sh600586,金晶科技,9.49,9.89,9.3,9.34,655553,627920704.0,-0.21,-2.198952879581152
2015-06-19,15:00,sh600586,金晶科技,9.05,9.24,8.41,8.41,607102,529543072.0,-0.93,-9.957173447537471
2015-06-23,15:00,sh600586,金晶科技,8.3,8.51,7.57,8.11,731045,581506944.0,-0.3,-3.56718192627824
2015-06-24,15:00,sh600586,金晶科技,8.22,8.47,8.05,8.39,619040,513176896.0,0.28,3.45252774352651
2015-06-25,15:00,sh600586,金晶科技,8.4,8.47,7.66,7.84,556258,453732672.0,-0.55,-6.555423122765197
2015-06-26,15:00,sh600586,金晶科技,7.7,7.7,7.06,7.06,527110,381503360.0,-0.78,-9.948979591836734
2015-06-29,15:00,sh600586,金晶科技,7.32,7.37,6.35,6.35,759173,503742592.0,-0.71,-10.056657223796034
2015-06-30,15:00,sh600586,金晶科技,6.18,6.91,5.72,6.88,872448,546253056.0,0.53,8.346456692913385
2015-07-01,15:00,sh600586,金晶科技,6.72,7.11,6.29,6.35,731424,496643584.0,-0.53,-7.703488372093023
2015-07-02,15:00,sh600586,金晶科技,6.38,6.48,5.72,5.72,660116,396543232.0,-0.63,-9.921259842519683
2015-07-03,15:00,sh600586,金晶科技,5.18,5.94,5.16,5.2,628980,340248352.0,-0.52,-9.090909090909092
2015-07-06,15:00,sh600586,金晶科技,5.7,5.72,4.7,5.37,803635,424515232.0,0.17,3.2692307692307696
2015-07-07,15:00,sh600586,金晶科技,5.11,5.25,4.83,4.83,499841,247129600.0,-0.54,-10.05586592178771
2015-07-08,15:00,sh600586,金晶科技,4.35,4.84,4.35,4.53,1272034,581456320.0,-0.3,-6.211180124223603
2015-07-09,15:00,sh600586,金晶科技,4.34,4.98,4.34,4.98,478628,229881840.0,0.45,9.933774834437086
2015-07-10,15:00,sh600586,金晶科技,5.24,5.48,5.24,5.48,343650,186605392.0,0.5,10.040160642570282
2015-07-13,15:00,sh600586,金晶科技,5.9,6.03,5.59,6.03,676773,401087808.0,0.55,10.036496350364963
2015-07-14,15:00,sh600586,金晶科技,6.16,6.48,5.85,6.09,913487,566477824.0,0.06,0.9950248756218906
2015-07-15,15:00,sh600586,金晶科技,5.88,5.98,5.48,5.48,508604,288072192.0,-0.61,-10.016420361247947
2015-07-16,15:00,sh600586,金晶科技,5.48,5.82,4.99,5.63,468975,258089632.0,0.15,2.737226277372263
2015-07-17,15:00,sh600586,金晶科技,5.67,6.15,5.64,5.98,494853,291608128.0,0.35,6.216696269982238
2015-07-20,15:00,sh600586,金晶科技,5.94,6.15,5.82,6.0,492397,295359072.0,0.02,0.334448160535117
2015-07-21,15:00,sh600586,金晶科技,5.94,6.06,5.77,6.0,398548,238012304.0,0.0,0.0
2015-07-22,15:00,sh600586,金晶科技,5.98,6.11,5.81,6.05,483134,289900128.0,0.05,0.8333333333333334
2015-07-23,15:00,sh600586,金晶科技,6.05,6.4,6.0,6.3,621391,387455872.0,0.25,4.132231404958678
2015-07-24,15:00,sh600586,金晶科技,6.25,6.32,6.0,6.04,599942,371488768.0,-0.26,-4.126984126984127
2015-07-27,15:00,sh600586,金晶科技,5.9,5.98,5.44,5.44,463687,266333072.0,-0.6,-9.933774834437086
2015-07-28,15:00,sh600586,金晶科技,5.25,5.48,4.93,5.31,507273,263134928.0,-0.13,-2.389705882352941
2015-07-29,15:00,sh600586,金晶科技,5.4,5.65,5.2,5.61,303428,163043056.0,0.3,5.649717514124294
2015-07-30,15:00,sh600586,金晶科技,5.59,5.68,5.3,5.34,323236,179005008.0,-0.27,-4.81283422459893
2015-07-31,15:00,sh600586,金晶科技,5.23,5.38,5.21,5.28,237492,125025296.0,-0.06,-1.1235955056179776
2015-08-03,15:00,sh600586,金晶科技,5.28,5.51,5.08,5.49,340830,177990992.0,0.21,3.977272727272727
2015-08-04,15:00,sh600586,金晶科技,5.48,5.75,5.36,5.71,356336,198356752.0,0.22,4.007285974499089
2015-08-05,15:00,sh600586,金晶科技,5.7,5.73,5.46,5.55,271919,152619840.0,-0.16,-2.8021015761821366
2015-08-06,15:00,sh600586,金晶科技,5.41,5.86,5.35,5.75,408920,232501184.0,0.2,3.603603603603604
2015-08-07,15:00,sh600586,金晶科技,5.75,5.87,5.69,5.83,432358,250296128.0,0.08,1.391304347826087
2015-08-10,15:00,sh600586,金晶科技,5.83,6.2,5.78,6.11,560983,335645664.0,0.28,4.802744425385934
2015-08-11,15:00,sh600586,金晶科技,6.09,6.15,5.98,6.05,455807,276578496.0,-0.06,-0.9819967266775778
2015-08-12,15:00,sh600586,金晶科技,5.96,6.06,5.91,5.92,272260,162597616.0,-0.13,-2.1487603305785123
2015-08-13,15:00,sh600586,金晶科技,5.89,6.07,5.8,6.06,342667,204329008.0,0.14,2.364864864864865
2015-08-14,15:00,sh600586,金晶科技,6.07,6.39,6.0,6.14,623442,385377952.0,0.08,1.32013201320132
2015-08-17,15:00,sh600586,金晶科技,6.08,6.35,5.98,6.33,561085,347198688.0,0.19,3.0944625407166124
2015-08-18,15:00,sh600586,金晶科技,6.36,6.36,5.7,5.7,582673,350977760.0,-0.63,-9.95260663507109
2015-08-19,15:00,sh600586,金晶科技,5.46,6.02,5.43,5.95,482193,275910848.0,0.25,4.385964912280701
2015-08-20,15:00,sh600586,金晶科技,5.9,6.55,5.83,6.55,1239716,798376704.0,0.6,10.084033613445378
2015-08-21,15:00,sh600586,金晶科技,6.41,6.48,5.9,5.9,1058639,648192448.0,-0.65,-9.923664122137405
2015-08-24,15:00,sh600586,金晶科技,5.45,5.56,5.31,5.31,309339,165231392.0,-0.59,-10.0
2015-08-25,15:00,sh600586,金晶科技,4.78,4.94,4.78,4.78,282601,135757888.0,-0.53,-9.981167608286253
2015-08-26,15:00,sh600586,金晶科技,4.73,4.95,4.3,4.31,451909,207873792.0,-0.47,-9.832635983263598
2015-08-27,15:00,sh600586,金晶科技,4.36,4.69,4.12,4.49,311949,137132560.0,0.18,4.176334106728538
2015-08-28,15:00,sh600586,金晶科技,4.56,4.91,4.46,4.89,385145,179550576.0,0.4,8.908685968819599
2015-08-31,15:00,sh600586,金晶科技,4.83,4.83,4.6,4.61,283326,133087488.0,-0.28,-5.725971370143149
2015-09-01,15:00,sh600586,金晶科技,4.56,4.57,4.18,4.19,216934,93583136.0,-0.42,-9.11062906724512
2015-09-02,15:00,sh600586,金晶科技,4.01,4.38,3.98,4.09,219735,91838456.0,-0.1,-2.386634844868735
2015-09-07,15:00,sh600586,金晶科技,4.08,4.32,4.07,4.13,235967,99215632.0,0.04,0.9779951100244498
2015-09-08,15:00,sh600586,金晶科技,4.17,4.35,4.1,4.31,178259,75287696.0,0.18,4.358353510895883
2015-09-09,15:00,sh600586,金晶科技,4.38,4.58,4.3,4.56,323337,144390784.0,0.25,5.800464037122969
2015-09-10,15:00,sh600586,金晶科技,4.54,4.63,4.41,4.45,241750,108776064.0,-0.11,-2.4122807017543857
2015-09-11,15:00,sh600586,金晶科技,4.47,4.62,4.42,4.54,225915,102267896.0,0.09,2.02247191011236
2015-09-14,15:00,sh600586,金晶科技,4.58,4.58,4.09,4.09,286174,121799792.0,-0.45,-9.911894273127754
2015-09-15,15:00,sh600586,金晶科技,4.03,4.15,3.88,3.89,177288,71022344.0,-0.2,-4.88997555012225
2015-09-16,15:00,sh600586,金晶科技,3.9,4.28,3.9,4.24,216034,88500080.0,0.35,8.997429305912597
2015-09-17,15:00,sh600586,金晶科技,4.23,4.33,4.1,4.12,248565,105135136.0,-0.12,-2.8301886792452837
2015-09-18,15:00,sh600586,金晶科技,4.18,4.22,4.02,4.12,155803,64213104.0,0.0,0.0
2015-09-21,15:00,sh600586,金晶科技,4.06,4.36,4.01,4.31,257222,107838912.0,0.19,4.611650485436893
2015-09-22,15:00,sh600586,金晶科技,4.28,4.47,4.24,4.39,284855,123723168.0,0.08,1.8561484918793505
2015-09-23,15:00,sh600586,金晶科技,4.3,4.5,4.27,4.32,322054,141950048.0,-0.07,-1.5945330296127564
2015-09-24,15:00,sh600586,金晶科技,4.31,4.4,4.28,4.37,237804,102932992.0,0.05,1.1574074074074074
2015-09-25,15:00,sh600586,金晶科技,4.32,4.36,4.01,4.05,259401,107856680.0,-0.32,-7.322654462242563
2015-09-28,15:00,sh600586,金晶科技,4.05,4.17,4.03,4.14,113736,46676572.0,0.09,2.2222222222222223
2015-09-29,15:00,sh600586,金晶科技,4.07,4.12,4.02,4.05,114644,46620864.0,-0.09,-2.1739130434782608
2015-09-30,15:00,sh600586,金晶科技,4.07,4.18,4.05,4.1,109049,44767908.0,0.05,1.2345679012345678
2015-10-08,15:00,sh600586,金晶科技,4.22,4.3,4.19,4.25,188899,79940608.0,0.15,3.658536585365853
2015-10-09,15:00,sh600586,金晶科技,4.24,4.33,4.2,4.31,203276,86912104.0,0.06,1.411764705882353
2015-10-12,15:00,sh600586,金晶科技,4.34,4.54,4.3,4.52,311833,139001344.0,0.21,4.872389791183294
2015-10-13,15:00,sh600586,金晶科技,4.46,4.57,4.43,4.53,277318,124622104.0,0.01,0.2212389380530973
2015-10-14,15:00,sh600586,金晶科技,4.5,4.67,4.48,4.52,332679,151988800.0,-0.01,-0.2207505518763796
2015-10-15,15:00,sh600586,金晶科技,4.48,4.65,4.44,4.65,307027,140926592.0,0.13,2.8761061946902653
2015-10-16,15:00,sh600586,金晶科技,4.7,4.84,4.65,4.75,330722,156565728.0,0.1,2.1505376344086025
2015-10-19,15:00,sh600586,金晶科技,4.76,4.76,4.58,4.66,285400,132985160.0,-0.09,-1.8947368421052635
2015-10-20,15:00,sh600586,金晶科技,4.65,4.8,4.56,4.75,276851,130135936.0,0.09,1.9313304721030045
2015-10-21,15:00,sh600586,金晶科技,4.75,4.86,4.31,4.41,412216,191988208.0,-0.34,-7.157894736842104
2015-10-22,15:00,sh600586,金晶科技,4.34,4.64,4.34,4.61,251135,112390312.0,0.2,4.535147392290249
2015-10-23,15:00,sh600586,金晶科技,4.61,4.78,4.58,4.76,361184,169797952.0,0.15,3.2537960954446854
2015-10-26,15:00,sh600586,金晶科技,4.82,4.83,4.68,4.75,315682,149925168.0,-0.01,-0.2100840336134453
2015-10-27,15:00,sh600586,金晶科技,4.74,4.93,4.52,4.89,418484,198709568.0,0.14,2.9473684210526314
2015-10-28,15:00,sh600586,金晶科技,4.88,4.93,4.66,4.71,274520,132021344.0,-0.18,-3.6809815950920246
2015-10-29,15:00,sh600586,金晶科技,4.73,4.78,4.65,4.74,199734,94294184.0,0.03,0.6369426751592357
2015-10-30,15:00,sh600586,金晶科技,4.74,5.21,4.7,5.0,811688,407902208.0,0.26,5.485232067510549
2015-11-02,15:00,sh600586,金晶科技,4.85,5.45,4.72,5.31,763157,398330496.0,0.31,6.2
2015-11-03,15:00,sh600586,金晶科技,5.28,5.84,5.17,5.83,847241,475528736.0,0.52,9.792843691148777
2015-11-04,15:00,sh600586,金晶科技,5.83,6.03,5.6,5.97,962247,557642432.0,0.14,2.401372212692967
2015-11-05,15:00,sh600586,金晶科技,5.84,5.92,5.64,5.74,727547,419523712.0,-0.23,-3.852596314907872
2015-11-06,15:00,sh600586,金晶科技,5.72,5.82,5.67,5.76,409855,235042448.0,0.02,0.3484320557491289
2015-11-09,15:00,sh600586,金晶科技,5.63,5.72,5.51,5.62,788367,441617920.0,-0.14,-2.430555555555556
2015-11-10,15:00,sh600586,金晶科技,5.56,5.78,5.54,5.66,496158,280821472.0,0.04,0.7117437722419928
2015-11-11,15:00,sh600586,金晶科技,5.65,5.95,5.59,5.92,722754,419846912.0,0.26,4.593639575971731
2015-11-12,15:00,sh600586,金晶科技,6.12,6.19,5.8,5.89,914512,547194816.0,-0.03,-0.5067567567567568
2015-11-13,15:00,sh600586,金晶科技,5.71,5.82,5.51,5.66,440747,250116656.0,-0.23,-3.904923599320883
2015-11-16,15:00,sh600586,金晶科技,5.56,5.85,5.4,5.78,454337,254024352.0,0.12,2.120141342756184
2015-11-17,15:00,sh600586,金晶科技,5.82,5.93,5.71,5.83,526651,305309632.0,0.05,0.8650519031141869
2015-11-18,15:00,sh600586,金晶科技,5.79,6.05,5.78,5.8,644700,382617600.0,-0.03,-0.5145797598627788
2015-11-19,15:00,sh600586,金晶科技,5.78,5.85,5.63,5.83,375369,214757648.0,0.03,0.5172413793103449
2015-11-20,15:00,sh600586,金晶科技,5.87,5.88,5.66,5.78,490988,283162464.0,-0.05,-0.8576329331046313
2015-11-23,15:00,sh600586,金晶科技,5.75,5.75,5.58,5.6,489471,277475712.0,-0.18,-3.1141868512110724
2015-11-24,15:00,sh600586,金晶科技,5.6,5.66,5.43,5.57,325777,180201152.0,-0.03,-0.5357142857142857
2015-11-25,15:00,sh600586,金晶科技,5.63,5.64,5.54,5.61,294250,164265536.0,0.04,0.718132854578097
2015-11-26,15:00,sh600586,金晶科技,5.61,5.76,5.53,5.66,437567,246987552.0,0.05,0.8912655971479502
2015-11-27,15:00,sh600586,金晶科技,5.62,5.62,5.09,5.1,385120,206088864.0,-0.56,-9.89399293286219
2015-11-30,15:00,sh600586,金晶科技,5.1,5.18,4.71,5.09,370074,185784032.0,-0.01,-0.196078431372549
2015-12-01,15:00,sh600586,金晶科技,5.1,5.6,5.08,5.6,442090,244669120.0,0.51,10.019646365422396
2015-12-02,15:00,sh600586,金晶科技,5.99,6.16,5.65,5.91,1489055,886789120.0,0.31,5.535714285714286
2015-12-03,15:00,sh600586,金晶科技,5.8,6.3,5.66,6.14,1119293,680998336.0,0.23,3.8917089678511
2015-12-04,15:00,sh600586,金晶科技,6.0,6.37,5.97,6.16,885582,548076864.0,0.02,0.3257328990228013
2015-12-07,15:00,sh600586,金晶科技,6.15,6.35,6.01,6.23,605247,375667520.0,0.07,1.1363636363636365
2015-12-08,15:00,sh600586,金晶科技,6.23,6.23,5.91,5.92,456705,276599648.0,-0.31,-4.975922953451043
2015-12-09,15:00,sh600586,金晶科技,5.87,6.19,5.84,6.16,405378,243971008.0,0.24,4.054054054054054
2015-12-10,15:00,sh600586,金晶科技,6.09,6.29,6.02,6.13,370458,227639360.0,-0.03,-0.487012987012987
2015-12-11,15:00,sh600586,金晶科技,6.13,6.62,6.1,6.25,610266,388636096.0,0.12,1.957585644371941
2015-12-14,15:00,sh600586,金晶科技,6.15,6.88,6.08,6.88,1185238,791838912.0,0.63,10.08
2015-12-15,15:00,sh600586,金晶科技,6.87,6.98,6.69,6.92,845367,579431232.0,0.04,0.5813953488372093
2015-12-16,15:00,sh600586,金晶科技,6.87,7.0,6.65,6.75,600338,408333056.0,-0.17,-2.4566473988439306
2015-12-17,15:00,sh600586,金晶科技,6.76,6.86,6.65,6.8,628431,425332992.0,0.05,0.7407407407407408
2015-12-18,15:00,sh600586,金晶科技,6.8,6.81,6.58,6.7,497066,332618752.0,-0.1,-1.4705882352941175
2015-12-21,15:00,sh600586,金晶科技,6.77,7.05,6.69,6.95,684303,472804000.0,0.25,3.731343283582089
2015-12-22,15:00,sh600586,金晶科技,6.9,6.98,6.72,6.86,445620,303091456.0,-0.09,-1.2949640287769784
2015-12-23,15:00,sh600586,金晶科技,6.79,6.85,6.6,6.66,435941,291869472.0,-0.2,-2.915451895043732
2015-12-24,15:00,sh600586,金晶科技,6.74,6.76,6.42,6.61,316339,208910288.0,-0.05,-0.7507507507507507
2015-12-25,15:00,sh600586,金晶科技,6.7,6.75,6.48,6.6,313465,206741536.0,-0.01,-0.151285930408472
2015-12-28,15:00,sh600586,金晶科技,6.62,6.64,6.23,6.32,438244,285220544.0,-0.28,-4.242424242424243
2015-12-29,15:00,sh600586,金晶科技,6.32,6.36,6.04,6.26,483713,299114624.0,-0.06,-0.949367088607595
2015-12-30,15:00,sh600586,金晶科技,6.27,6.4,6.2,6.34,329748,208110832.0,0.08,1.2779552715654952
2015-12-31,15:00,sh600586,金晶科技,6.37,6.42,6.08,6.11,337034,209575360.0,-0.23,-3.627760252365931
2016-01-04,15:00,sh600586,金晶科技,6.06,6.11,5.5,5.5,334227,191287504.0,-0.61,-9.983633387888707
2016-01-05,15:00,sh600586,金晶科技,5.12,5.52,5.0,5.23,486711,256483264.0,-0.27,-4.909090909090909
2016-01-06,15:00,sh600586,金晶科技,5.24,5.48,5.24,5.44,382654,205455904.0,0.21,4.015296367112811
2016-01-07,15:00,sh600586,金晶科技,5.4,5.4,4.9,4.91,104837,53790780.0,-0.53,-9.742647058823527
2016-01-08,15:00,sh600586,金晶科技,5.07,5.17,4.62,5.08,441660,221461840.0,0.17,3.462321792260693
2016-01-11,15:00,sh600586,金晶科技,5.0,5.19,4.6,4.7,351304,172996848.0,-0.38,-7.480314960629922
2016-01-12,15:00,sh600586,金晶科技,4.79,4.82,4.6,4.75,288733,136377200.0,0.05,1.0638297872340423
2016-01-13,15:00,sh600586,金晶科技,4.81,4.83,4.47,4.52,306044,143043152.0,-0.23,-4.842105263157895
2016-01-14,15:00,sh600586,金晶科技,4.49,4.66,4.24,4.63,330613,149250992.0,0.11,2.433628318584071
2016-01-15,15:00,sh600586,金晶科技,4.54,4.67,4.3,4.39,280105,125719336.0,-0.24,-5.183585313174946
2016-01-18,15:00,sh600586,金晶科技,4.38,4.47,4.26,4.41,224283,98327984.0,0.02,0.4555808656036446
2016-01-19,15:00,sh600586,金晶科技,4.4,4.65,4.35,4.6,313749,141412112.0,0.19,4.308390022675737
2016-01-20,15:00,sh600586,金晶科技,4.54,4.66,4.44,4.53,269260,122702416.0,-0.07,-1.5217391304347827
2016-01-21,15:00,sh600586,金晶科技,4.44,4.56,4.27,4.29,275559,122370528.0,-0.24,-5.298013245033113
2016-01-22,15:00,sh600586,金晶科技,4.25,4.36,4.12,4.32,273918,116674616.0,0.03,0.6993006993006993
2016-01-25,15:00,sh600586,金晶科技,4.33,4.43,4.27,4.42,188655,82017136.0,0.1,2.314814814814815
2016-01-26,15:00,sh600586,金晶科技,4.36,4.39,3.98,4.0,250355,104257416.0,-0.42,-9.502262443438914
2016-01-27,15:00,sh600586,金晶科技,4.04,4.08,3.6,3.89,263235,101005384.0,-0.11,-2.75
2016-01-28,15:00,sh600586,金晶科技,3.81,3.94,3.67,3.82,148894,57026776.0,-0.07,-1.7994858611825193
2016-01-29,15:00,sh600586,金晶科技,3.82,4.0,3.78,3.93,176677,68862016.0,0.11,2.8795811518324608
2016-02-01,15:00,sh600586,金晶科技,3.92,4.06,3.81,3.96,228171,90174160.0,0.03,0.7633587786259541
2016-02-02,15:00,sh600586,金晶科技,3.95,4.09,3.92,4.05,176742,71206168.0,0.09,2.272727272727273
2016-02-03,15:00,sh600586,金晶科技,3.98,4.05,3.93,4.03,146079,58042348.0,-0.02,-0.4938271604938271
2016-02-04,15:00,sh600586,金晶科技,4.02,4.13,4.0,4.05,219175,89123504.0,0.02,0.4962779156327543
2016-02-05,15:00,sh600586,金晶科技,4.07,4.11,4.04,4.09,161901,65879360.0,0.04,0.9876543209876544
2016-02-15,15:00,sh600586,金晶科技,3.92,4.3,3.82,4.16,201882,82393128.0,0.07,1.7114914425427872
2016-02-16,15:00,sh600586,金晶科技,4.18,4.42,4.13,4.42,510385,218997136.0,0.26,6.25
2016-02-17,15:00,sh600586,金晶科技,4.38,4.65,4.35,4.56,469205,210823568.0,0.14,3.167420814479638
2016-02-18,15:00,sh600586,金晶科技,4.57,4.63,4.46,4.55,272333,123772520.0,-0.01,-0.219298245614035
2016-02-19,15:00,sh600586,金晶科技,4.53,4.79,4.52,4.63,303514,141196320.0,0.08,1.7582417582417582
2016-02-22,15:00,sh600586,金晶科技,4.63,4.88,4.57,4.73,360392,170016432.0,0.1,2.159827213822894
2016-02-23,15:00,sh600586,金晶科技,4.73,4.84,4.68,4.74,329098,155834000.0,0.01,0.2114164904862579
2016-02-24,15:00,sh600586,金晶科技,4.74,4.79,4.5,4.66,240624,111517448.0,-0.08,-1.6877637130801686
2016-02-25,15:00,sh600586,金晶科技,4.64,4.64,4.19,4.19,386824,168735968.0,-0.47,-10.085836909871244
2016-02-26,15:00,sh600586,金晶科技,4.2,4.28,4.03,4.18,217802,90647672.0,-0.01,-0.2386634844868735
2016-02-29,15:00,sh600586,金晶科技,4.13,4.19,3.85,3.94,224671,88836840.0,-0.24,-5.741626794258373
2016-03-01,15:00,sh600586,金晶科技,3.98,4.08,3.9,4.02,188726,75359480.0,0.08,2.030456852791878
2016-03-02,15:00,sh600586,金晶科技,4.02,4.42,4.0,4.42,484888,208735072.0,0.4,9.950248756218906
2016-03-03,15:00,sh600586,金晶科技,4.47,4.78,4.41,4.51,751079,343521952.0,0.09,2.0361990950226243
2016-03-04,15:00,sh600586,金晶科技,4.38,4.58,4.15,4.24,421530,183170880.0,-0.27,-5.986696230598669
2016-03-07,15:00,sh600586,金晶科技,4.25,4.45,4.25,4.37,287880,125051360.0,0.13,3.0660377358490565
2016-03-08,15:00,sh600586,金晶科技,4.58,4.65,4.3,4.49,430135,191479072.0,0.12,2.745995423340961
2016-03-09,15:00,sh600586,金晶科技,4.28,4.35,4.22,4.32,229944,98736720.0,-0.17,-3.78619153674833
2016-03-10,15:00,sh600586,金晶科技,4.31,4.37,4.19,4.2,190733,81209712.0,-0.12,-2.7777777777777777
2016-03-11,15:00,sh600586,金晶科技,4.15,4.17,4.07,4.14,161813,66772500.0,-0.06,-1.4285714285714286
2016-03-14,15:00,sh600586,金晶科技,4.2,4.34,4.16,4.25,255902,109149672.0,0.11,2.657004830917874
2016-03-15,15:00,sh600586,金晶科技,4.25,4.27,4.16,4.19,139800,58769872.0,-0.06,-1.411764705882353
2016-03-16,15:00,sh600586,金晶科技,4.23,4.25,4.1,4.12,134312,55730612.0,-0.07,-1.6706443914081146
2016-03-17,15:00,sh600586,金晶科技,4.14,4.32,4.11,4.27,315304,133228552.0,0.15,3.640776699029126
2016-03-18,15:00,sh600586,金晶科技,4.29,4.52,4.27,4.46,466966,205453632.0,0.19,4.449648711943794
2016-03-21,15:00,sh600586,金晶科技,4.5,4.53,4.41,4.52,595771,266377120.0,0.06,1.345291479820628
2016-03-22,15:00,sh600586,金晶科技,4.49,4.58,4.43,4.49,408010,184090784.0,-0.03,-0.6637168141592921
2016-03-23,15:00,sh600586,金晶科技,4.48,4.58,4.42,4.52,274747,123520128.0,0.03,0.6681514476614699
2016-03-24,15:00,sh600586,金晶科技,4.47,4.5,4.39,4.4,286269,127064512.0,-0.12,-2.6548672566371683
2016-03-25,15:00,sh600586,金晶科技,4.4,4.56,4.38,4.47,298122,133148496.0,0.07,1.5909090909090908
2016-03-28,15:00,sh600586,金晶科技,4.45,4.51,4.38,4.41,277228,123495984.0,-0.06,-1.342281879194631
2016-03-29,15:00,sh600586,金晶科技,4.38,4.41,4.2,4.26,218120,93526672.0,-0.15,-3.4013605442176877
2016-03-30,15:00,sh600586,金晶科技,4.29,4.42,4.27,4.42,196659,85272712.0,0.16,3.755868544600939
2016-03-31,15:00,sh600586,金晶科技,4.41,4.47,4.38,4.44,230961,102135448.0,0.02,0.4524886877828055
2016-04-01,15:00,sh600586,金晶科技,4.41,4.49,4.26,4.44,291050,127428112.0,0.0,0.0
2016-04-05,15:00,sh600586,金晶科技,4.44,4.65,4.42,4.62,489488,223311488.0,0.18,4.054054054054054
2016-04-06,15:00,sh600586,金晶科技,4.58,5.01,4.55,4.89,801570,381856928.0,0.27,5.844155844155844
2016-04-07,15:00,sh600586,金晶科技,4.86,4.89,4.7,4.71,410669,196400544.0,-0.18,-3.6809815950920246
2016-04-08,15:00,sh600586,金晶科技,4.68,4.69,4.6,4.65,231293,107154240.0,-0.06,-1.2738853503184715
2016-04-11,15:00,sh600586,金晶科技,4.69,4.78,4.66,4.74,262762,124195056.0,0.09,1.935483870967742
2016-04-12,15:00,sh600586,金晶科技,4.75,4.75,4.64,4.7,195362,91535592.0,-0.04,-0.8438818565400843
2016-04-13,15:00,sh600586,金晶科技,4.73,4.95,4.73,4.81,533365,259902464.0,0.11,2.3404255319148937
2016-04-14,15:00,sh600586,金晶科技,4.83,4.9,4.76,4.88,244849,118062664.0,0.07,1.4553014553014554
2016-04-15,15:00,sh600586,金晶科技,4.84,4.95,4.8,4.88,317031,155366672.0,0.0,0.0
2016-04-18,15:00,sh600586,金晶科技,4.82,4.86,4.69,4.7,281882,134144984.0,-0.18,-3.6885245901639343
2016-04-19,15:00,sh600586,金晶科技,4.71,4.76,4.64,4.71,211600,99041120.0,0.01,0.2127659574468085
2016-04-20,15:00,sh600586,金晶科技,4.73,4.75,4.33,4.46,379687,170802896.0,-0.25,-5.3078556263269645
2016-04-21,15:00,sh600586,金晶科技,4.45,4.55,4.4,4.43,204123,91514072.0,-0.03,-0.672645739910314
2016-04-22,15:00,sh600586,金晶科技,4.4,4.42,4.33,4.39,240573,105243456.0,-0.04,-0.9029345372460496
2016-04-25,15:00,sh600586,金晶科技,4.38,4.41,4.32,4.39,156326,68341872.0,0.0,0.0
2016-04-26,15:00,sh600586,金晶科技,4.4,4.45,4.35,4.45,177052,77769768.0,0.06,1.366742596810934
2016-04-27,15:00,sh600586,金晶科技,4.41,4.49,4.41,4.43,176233,78547144.0,-0.02,-0.449438202247191
2016-04-28,15:00,sh600586,金晶科技,4.46,4.46,4.3,4.39,157811,69157688.0,-0.04,-0.9029345372460496
2016-04-29,15:00,sh600586,金晶科技,4.35,4.4,4.33,4.36,115471,50423056.0,-0.03,-0.683371298405467
2016-05-03,15:00,sh600586,金晶科技,4.36,4.51,4.35,4.5,199990,88790472.0,0.14,3.211009174311927
2016-05-04,15:00,sh600586,金晶科技,4.48,4.58,4.44,4.57,234286,105497456.0,0.07,1.5555555555555556
2016-05-05,15:00,sh600586,金晶科技,4.54,4.72,4.52,4.67,336088,156295264.0,0.1,2.1881838074398248
2016-05-06,15:00,sh600586,金晶科技,4.63,4.68,4.45,4.45,261816,119375408.0,-0.22,-4.710920770877944
2016-05-09,15:00,sh600586,金晶科技,4.4,4.4,4.18,4.31,285421,121707528.0,-0.14,-3.146067415730337
2016-05-10,15:00,sh600586,金晶科技,4.26,4.4,4.26,4.32,193703,84157152.0,0.01,0.2320185614849187
2016-05-11,15:00,sh600586,金晶科技,4.36,4.38,4.22,4.26,110706,47498308.0,-0.06,-1.3888888888888888
2016-05-12,15:00,sh600586,金晶科技,4.22,4.22,4.04,4.17,130183,53879400.0,-0.09,-2.112676056338028
2016-05-13,15:00,sh600586,金晶科技,4.18,4.25,4.11,4.15,113867,47561048.0,-0.02,-0.4796163069544364
2016-05-16,15:00,sh600586,金晶科技,4.15,4.23,4.11,4.23,104265,43512724.0,0.08,1.9277108433734944
2016-05-17,15:00,sh600586,金晶科技,4.22,4.25,4.16,4.23,113626,47770100.0,0.0,0.0
2016-05-18,15:00,sh600586,金晶科技,4.19,4.19,4.0,4.06,158514,64615220.0,-0.17,-4.018912529550828
2016-05-19,15:00,sh600586,金晶科技,4.06,4.11,4.01,4.05,137258,55841288.0,-0.01,-0.2463054187192118
2016-05-20,15:00,sh600586,金晶科技,4.0,4.17,3.99,4.12,145841,59643140.0,0.07,1.728395061728395
2016-05-23,15:00,sh600586,金晶科技,4.1,4.22,4.1,4.17,169888,70807912.0,0.05,1.2135922330097086
2016-05-24,15:00,sh600586,金晶科技,4.15,4.15,4.04,4.11,106684,43658348.0,-0.06,-1.4388489208633095
2016-05-25,15:00,sh600586,金晶科技,4.12,4.15,4.05,4.08,101882,41699244.0,-0.03,-0.7299270072992701
2016-05-26,15:00,sh600586,金晶科技,4.05,4.1,3.99,4.07,118781,47939568.0,-0.01,-0.2450980392156862
2016-05-27,15:00,sh600586,金晶科技,4.09,4.12,4.04,4.09,93214,38049880.0,0.02,0.4914004914004914
2016-05-30,15:00,sh600586,金晶科技,4.05,4.08,4.02,4.05,72727,29429262.0,-0.04,-0.9779951100244498
2016-05-31,15:00,sh600586,金晶科技,4.08,4.33,4.07,4.31,346716,147153968.0,0.26,6.419753086419753
2016-06-01,15:00,sh600586,金晶科技,4.34,4.44,4.3,4.32,236826,103075984.0,0.01,0.2320185614849187
2016-06-02,15:00,sh600586,金晶科技,4.3,4.59,4.29,4.46,360981,161147424.0,0.14,3.2407407407407405
2016-06-03,15:00,sh600586,金晶科技,4.42,4.46,4.36,4.43,232377,102402408.0,-0.03,-0.672645739910314
2016-06-06,15:00,sh600586,金晶科技,4.43,4.44,4.33,4.37,166084,72728200.0,-0.06,-1.3544018058690743
2016-06-07,15:00,sh600586,金晶科技,4.37,4.39,4.3,4.35,133245,57666280.0,-0.02,-0.4576659038901602
2016-06-08,15:00,sh600586,金晶科技,4.35,4.39,4.28,4.35,154754,66943388.0,0.0,0.0
2016-06-13,15:00,sh600586,金晶科技,4.3,4.32,4.07,4.08,165844,70106256.0,-0.27,-6.206896551724138
2016-06-14,15:00,sh600586,金晶科技,4.09,4.21,4.07,4.15,147602,61103216.0,0.07,1.715686274509804
2016-06-15,15:00,sh600586,金晶科技,4.1,4.31,4.08,4.25,154246,65124568.0,0.1,2.409638554216868
2016-06-16,15:00,sh600586,金晶科技,4.22,4.3,4.19,4.22,192946,81806752.0,-0.03,-0.7058823529411765
2016-06-17,15:00,sh600586,金晶科技,4.23,4.29,4.21,4.27,195336,83243256.0,0.05,1.1848341232227488
2016-06-20,15:00,sh600586,金晶科技,4.27,4.27,4.16,4.21,130863,54987632.0,-0.06,-1.405152224824356
2016-06-21,15:00,sh600586,金晶科技,4.24,4.27,4.13,4.16,135408,56996984.0,-0.05,-1.187648456057007
2016-06-22,15:00,sh600586,金晶科技,4.17,4.24,4.12,4.22,109312,45737480.0,0.06,1.4423076923076923
2016-06-23,15:00,sh600586,金晶科技,4.22,4.22,4.13,4.18,110639,46174208.0,-0.04,-0.9478672985781992
2016-06-24,15:00,sh600586,金晶科技,4.19,4.21,4.06,4.14,158623,65563904.0,-0.04,-0.9569377990430622
2016-06-27,15:00,sh600586,金晶科技,4.1,4.2,4.1,4.2,120954,50463412.0,0.06,1.4492753623188406
2016-06-28,15:00,sh600586,金晶科技,4.18,4.25,4.16,4.23,218312,91965880.0,0.03,0.7142857142857143
2016-06-29,15:00,sh600586,金晶科技,4.24,4.3,4.21,4.29,268956,114366120.0,0.06,1.4184397163120568
2016-06-30,15:00,sh600586,金晶科技,4.28,4.31,4.23,4.3,212239,90654552.0,0.01,0.2331002331002331
2016-07-01,15:00,sh600586,金晶科技,4.3,4.31,4.21,4.23,161513,68723432.0,-0.07,-1.627906976744186
2016-07-04,15:00,sh600586,金晶科技,4.2,4.35,4.17,4.32,251914,107962152.0,0.09,2.127659574468085
2016-07-05,15:00,sh600586,金晶科技,4.32,4.37,4.29,4.32,226230,97840112.0,0.0,0.0
2016-07-06,15:00,sh600586,金晶科技,4.31,4.35,4.27,4.34,197373,85147800.0,0.02,0.4629629629629629
2016-07-07,15:00,sh600586,金晶科技,4.32,4.44,4.28,4.41,320186,139378032.0,0.07,1.6129032258064515
2016-07-08,15:00,sh600586,金晶科技,4.37,4.39,4.32,4.33,178813,77644592.0,-0.08,-1.8140589569161
2016-07-11,15:00,sh600586,金晶科技,4.33,4.36,4.3,4.31,180347,78113760.0,-0.02,-0.4618937644341801
2016-07-12,15:00,sh600586,金晶科技,4.31,4.38,4.28,4.37,236082,102157872.0,0.06,1.3921113689095126
2016-07-13,15:00,sh600586,金晶科技,4.37,4.43,4.36,4.39,244082,107095640.0,0.02,0.4576659038901602
2016-07-14,15:00,sh600586,金晶科技,4.37,4.39,4.33,4.36,188026,81991152.0,-0.03,-0.683371298405467
2016-07-15,15:00,sh600586,金晶科技,4.36,4.39,4.35,4.38,172130,75196416.0,0.02,0.4587155963302752
2016-07-18,15:00,sh600586,金晶科技,4.38,4.4,4.3,4.34,175527,76336128.0,-0.04,-0.91324200913242
2016-07-19,15:00,sh600586,金晶科技,4.32,4.44,4.31,4.43,284988,124576992.0,0.09,2.0737327188940093
2016-07-20,15:00,sh600586,金晶科技,4.43,4.48,4.39,4.42,257375,114039488.0,-0.01,-0.2257336343115124
2016-07-21,15:00,sh600586,金晶科技,4.42,4.48,4.4,4.43,214882,95486920.0,0.01,0.2262443438914027
2016-07-22,15:00,sh600586,金晶科技,4.43,4.44,4.36,4.38,157368,69183784.0,-0.05,-1.1286681715575622
2016-07-25,15:00,sh600586,金晶科技,4.38,4.56,4.35,4.54,466363,209291776.0,0.16,3.65296803652968
2016-07-26,15:00,sh600586,金晶科技,4.57,4.57,4.49,4.55,350762,158727104.0,0.01,0.2202643171806167
2016-07-27,15:00,sh600586,金晶科技,4.54,4.56,4.27,4.33,389959,172042960.0,-0.22,-4.835164835164836
2016-07-28,15:00,sh600586,金晶科技,4.34,4.37,4.26,4.33,216708,93466568.0,0.0,0.0
2016-07-29,15:00,sh600586,金晶科技,4.32,4.32,4.28,4.29,114393,49134564.0,-0.04,-0.9237875288683602
2016-08-01,15:00,sh600586,金晶科技,4.25,4.26,4.16,4.2,129103,54154048.0,-0.09,-2.097902097902098
2016-08-02,15:00,sh600586,金晶科技,4.18,4.24,4.18,4.22,83635,35277276.0,0.02,0.4761904761904762
2016-08-03,15:00,sh600586,金晶科技,4.22,4.3,4.2,4.26,109953,46721220.0,0.04,0.9478672985781992
2016-08-04,15:00,sh600586,金晶科技,4.25,4.28,4.22,4.26,101840,43272228.0,0.0,0.0
2016-08-05,15:00,sh600586,金晶科技,4.26,4.35,4.25,4.29,149482,64351800.0,0.03,0.7042253521126761
2016-08-08,15:00,sh600586,金晶科技,4.29,4.34,4.25,4.34,95932,41361052.0,0.05,1.1655011655011656
2016-08-09,15:00,sh600586,金晶科技,4.39,4.44,4.38,4.42,241130,106371120.0,0.08,1.8433179723502304
2016-08-10,15:00,sh600586,金晶科技,4.4,4.86,4.38,4.6,827895,386911360.0,0.18,4.072398190045249
2016-08-11,15:00,sh600586,金晶科技,4.54,4.56,4.42,4.43,443433,198504656.0,-0.17,-3.695652173913044
2016-08-12,15:00,sh600586,金晶科技,4.42,4.51,4.39,4.49,368251,164024608.0,0.06,1.3544018058690743
2016-08-15,15:00,sh600586,金晶科技,4.5,4.61,4.42,4.54,434659,196433392.0,0.05,1.11358574610245
2016-08-16,15:00,sh600586,金晶科技,4.54,4.63,4.53,4.54,333866,152049072.0,0.0,0.0
2016-08-17,15:00,sh600586,金晶科技,4.59,4.99,4.55,4.99,1572792,765815808.0,0.45,9.911894273127754
2016-08-18,15:00,sh600586,金晶科技,4.96,4.98,4.82,4.92,790394,387286592.0,-0.07,-1.402805611222445
2016-08-19,15:00,sh600586,金晶科技,4.9,5.07,4.86,4.88,617976,305747104.0,-0.04,-0.8130081300813009
2016-08-22,15:00,sh600586,金晶科技,4.92,5.07,4.87,4.89,432260,213096032.0,0.01,0.2049180327868852
2016-08-23,15:00,sh600586,金晶科技,4.89,4.95,4.76,4.89,363969,177047488.0,0.0,0.0
2016-08-24,15:00,sh600586,金晶科技,4.88,4.9,4.7,4.72,499150,237682256.0,-0.17,-3.476482617586912
2016-08-25,15:00,sh600586,金晶科技,4.68,4.69,4.56,4.68,245650,113938496.0,-0.04,-0.847457627118644
2016-08-26,15:00,sh600586,金晶科技,4.71,4.74,4.66,4.67,218593,102665528.0,-0.01,-0.2136752136752137
2016-08-29,15:00,sh600586,金晶科技,4.67,4.78,4.62,4.73,237521,112428680.0,0.06,1.284796573875803
2016-08-30,15:00,sh600586,金晶科技,4.71,4.76,4.65,4.68,153752,72319520.0,-0.05,-1.0570824524312896
2016-08-31,15:00,sh600586,金晶科技,4.66,4.7,4.62,4.69,145756,68013904.0,0.01,0.2136752136752137
2016-09-01,15:00,sh600586,金晶科技,4.69,4.69,4.58,4.58,178165,82462584.0,-0.11,-2.345415778251599
2016-09-02,15:00,sh600586,金晶科技,4.57,4.6,4.5,4.53,197000,89552024.0,-0.05,-1.0917030567685588
2016-09-05,15:00,sh600586,金晶科技,4.54,4.65,4.53,4.62,162994,74954464.0,0.09,1.9867549668874172
2016-09-06,15:00,sh600586,金晶科技,4.62,4.67,4.51,4.66,189469,87228336.0,0.04,0.8658008658008658
2016-09-07,15:00,sh600586,金晶科技,4.73,4.87,4.71,4.72,415349,198567232.0,0.06,1.2875536480686696
2016-09-08,15:00,sh600586,金晶科技,4.69,4.77,4.65,4.74,214021,100980120.0,0.02,0.423728813559322
2016-09-09,15:00,sh600586,金晶科技,4.74,4.77,4.64,4.65,181926,85330072.0,-0.09,-1.89873417721519
2016-09-12,15:00,sh600586,金晶科技,4.55,4.58,4.48,4.49,219459,99132960.0,-0.16,-3.4408602150537635
2016-09-13,15:00,sh600586,金晶科技,4.5,4.54,4.46,4.51,128591,57777884.0,0.02,0.4454342984409799
2016-09-14,15:00,sh600586,金晶科技,4.47,4.54,4.45,4.49,95284,42812968.0,-0.02,-0.4434589800443459
2016-09-19,15:00,sh600586,金晶科技,4.47,4.55,4.47,4.53,93478,42278676.0,0.04,0.8908685968819599
2016-09-20,15:00,sh600586,金晶科技,4.54,4.55,4.49,4.53,76325,34474396.0,0.0,0.0
2016-09-21,15:00,sh600586,金晶科技,4.52,4.56,4.49,4.54,97785,44386248.0,0.01,0.2207505518763796
2016-09-22,15:00,sh600586,金晶科技,4.56,4.72,4.55,4.66,278520,129379240.0,0.12,2.643171806167401
2016-09-23,15:00,sh600586,金晶科技,4.67,4.67,4.6,4.67,137015,63468616.0,0.01,0.2145922746781116
2016-09-26,15:00,sh600586,金晶科技,4.66,4.75,4.58,4.64,264713,123527216.0,-0.03,-0.6423982869379015
2016-09-27,15:00,sh600586,金晶科技,4.58,4.75,4.58,4.72,259434,121529056.0,0.08,1.7241379310344829
2016-09-28,15:00,sh600586,金晶科技,4.68,4.75,4.66,4.68,146636,68898744.0,-0.04,-0.847457627118644
2016-09-29,15:00,sh600586,金晶科技,4.7,4.7,4.62,4.62,125098,58231260.0,-0.06,-1.282051282051282
2016-09-30,15:00,sh600586,金晶科技,4.62,4.66,4.58,4.6,117431,54211480.0,-0.02,-0.4329004329004329
2016-10-10,15:00,sh600586,金晶科技,4.61,4.69,4.57,4.69,161882,75091440.0,0.09,1.956521739130435
2016-10-11,15:00,sh600586,金晶科技,4.7,4.73,4.65,4.7,146932,68869048.0,0.01,0.2132196162046908
2016-10-12,15:00,sh600586,金晶科技,4.67,4.7,4.63,4.67,139759,65189040.0,-0.03,-0.6382978723404255
2016-10-13,15:00,sh600586,金晶科技,4.66,4.74,4.66,4.71,215448,101350224.0,0.04,0.8565310492505354
2016-10-14,15:00,sh600586,金晶科技,4.69,4.75,4.65,4.74,188123,88498216.0,0.03,0.6369426751592357
2016-10-17,15:00,sh600586,金晶科技,4.73,4.73,4.6,4.63,173593,81222960.0,-0.11,-2.320675105485232
2016-10-18,15:00,sh600586,金晶科技,4.62,4.71,4.6,4.71,156662,73150936.0,0.08,1.7278617710583155
2016-10-19,15:00,sh600586,金晶科技,4.7,4.72,4.64,4.67,148891,69636376.0,-0.04,-0.8492569002123143
2016-10-20,15:00,sh600586,金晶科技,4.67,4.68,4.61,4.64,138690,64310024.0,-0.03,-0.6423982869379015
2016-10-21,15:00,sh600586,金晶科技,4.63,4.64,4.53,4.58,213143,97666584.0,-0.06,-1.293103448275862
2016-10-24,15:00,sh600586,金晶科技,4.57,4.63,4.55,4.61,154064,70917472.0,0.03,0.6550218340611353
2016-10-25,15:00,sh600586,金晶科技,4.62,4.67,4.6,4.67,155169,72064344.0,0.06,1.3015184381778742
2016-10-26,15:00,sh600586,金晶科技,4.66,4.66,4.58,4.6,194243,89445440.0,-0.07,-1.4989293361884368
2016-10-27,15:00,sh600586,金晶科技,4.59,4.62,4.57,4.61,94381,43372464.0,0.01,0.217391304347826
2016-10-28,15:00,sh600586,金晶科技,4.58,4.61,4.56,4.57,102629,47081264.0,-0.04,-0.8676789587852495
2016-10-31,15:00,sh600586,金晶科技,4.57,4.6,4.54,4.58,101136,46202108.0,0.01,0.2188183807439825
2016-11-01,15:00,sh600586,金晶科技,4.59,4.64,4.58,4.63,125081,57721284.0,0.05,1.0917030567685588
2016-11-02,15:00,sh600586,金晶科技,4.62,4.63,4.56,4.57,97700,44937136.0,-0.06,-1.2958963282937366
2016-11-03,15:00,sh600586,金晶科技,4.56,4.62,4.55,4.62,129547,59570204.0,0.05,1.0940919037199124
2016-11-04,15:00,sh600586,金晶科技,4.6,4.64,4.58,4.63,120043,55430904.0,0.01,0.2164502164502164
2016-11-07,15:00,sh600586,金晶科技,4.65,4.74,4.65,4.68,285619,133921864.0,0.05,1.079913606911447
2016-11-08,15:00,sh600586,金晶科技,4.71,4.74,4.67,4.69,232816,109394096.0,0.01,0.2136752136752137
2016-11-09,15:00,sh600586,金晶科技,4.68,4.69,4.56,4.6,199193,92154752.0,-0.09,-1.9189765458422177
2016-11-10,15:00,sh600586,金晶科技,4.65,4.69,4.62,4.69,209394,97488704.0,0.09,1.956521739130435
2016-11-11,15:00,sh600586,金晶科技,4.67,4.76,4.66,4.73,272404,128340368.0,0.04,0.8528784648187633
2016-11-14,15:00,sh600586,金晶科技,4.7,4.79,4.67,4.76,312554,148488384.0,0.03,0.6342494714587738
2016-11-15,15:00,sh600586,金晶科技,4.75,4.81,4.73,4.78,240614,114937256.0,0.02,0.4201680672268907
2016-11-16,15:00,sh600586,金晶科技,4.78,4.85,4.75,4.77,206335,98986856.0,-0.01,-0.209205020920502
2016-11-17,15:00,sh600586,金晶科技,4.76,4.96,4.71,4.85,480027,232857856.0,0.08,1.677148846960168
2016-11-18,15:00,sh600586,金晶科技,4.81,4.87,4.76,4.77,278426,134088256.0,-0.08,-1.6494845360824744
2016-11-21,15:00,sh600586,金晶科技,4.78,4.8,4.72,4.74,195696,93053248.0,-0.03,-0.628930817610063
2016-11-22,15:00,sh600586,金晶科技,4.75,4.78,4.73,4.78,187810,89316360.0,0.04,0.8438818565400843
2016-11-23,15:00,sh600586,金晶科技,4.78,4.78,4.72,4.74,166596,79078456.0,-0.04,-0.8368200836820083
2016-11-24,15:00,sh600586,金晶科技,4.72,4.76,4.7,4.73,135028,63982208.0,-0.01,-0.210970464135021
2016-11-25,15:00,sh600586,金晶科技,4.73,4.73,4.63,4.7,166733,77970432.0,-0.03,-0.6342494714587738
2016-11-28,15:00,sh600586,金晶科技,4.71,4.78,4.68,4.76,182702,86710696.0,0.06,1.276595744680851
2016-11-29,15:00,sh600586,金晶科技,4.74,4.79,4.69,4.69,196854,93501632.0,-0.07,-1.4705882352941175
2016-11-30,15:00,sh600586,金晶科技,4.67,4.72,4.65,4.67,134760,62977624.0,-0.02,-0.4264392324093816
2016-12-01,15:00,sh600586,金晶科技,4.69,4.69,4.66,4.69,89491,41855156.0,0.02,0.4282655246252677
2016-12-02,15:00,sh600586,金晶科技,4.7,4.7,4.58,4.6,247175,114314128.0,-0.09,-1.9189765458422177
2016-12-05,15:00,sh600586,金晶科技,4.56,4.62,4.51,4.58,110230,50477720.0,-0.02,-0.4347826086956521
2016-12-06,15:00,sh600586,金晶科技,4.58,4.61,4.57,4.59,79064,36304512.0,0.01,0.2183406113537117
2016-12-07,15:00,sh600586,金晶科技,4.6,4.63,4.58,4.62,118955,54759968.0,0.03,0.6535947712418301
2016-12-08,15:00,sh600586,金晶科技,4.62,4.64,4.59,4.61,114715,52940468.0,-0.01,-0.2164502164502164
2016-12-09,15:00,sh600586,金晶科技,4.61,4.63,4.57,4.6,114239,52579672.0,-0.01,-0.2169197396963123
2016-12-12,15:00,sh600586,金晶科技,4.59,4.61,4.38,4.39,222855,100375920.0,-0.21,-4.565217391304348
2016-12-13,15:00,sh600586,金晶科技,4.41,4.42,4.33,4.4,125222,54877032.0,0.01,0.2277904328018223
2016-12-14,15:00,sh600586,金晶科技,4.38,4.45,4.36,4.41,98366,43459128.0,0.01,0.2272727272727272
2016-12-15,15:00,sh600586,金晶科技,4.4,4.47,4.38,4.44,107900,47769528.0,0.03,0.6802721088435374
2016-12-16,15:00,sh600586,金晶科技,4.43,4.49,4.42,4.47,81672,36416244.0,0.03,0.6756756756756757
2016-12-19,15:00,sh600586,金晶科技,4.46,4.47,4.41,4.45,96073,42654208.0,-0.02,-0.4474272930648769
2016-12-20,15:00,sh600586,金晶科技,4.45,4.49,4.43,4.47,101518,45331052.0,0.02,0.449438202247191
2016-12-21,15:00,sh600586,金晶科技,4.47,4.51,4.45,4.5,68942,30988160.0,0.03,0.6711409395973155
2016-12-22,15:00,sh600586,金晶科技,4.5,4.57,4.46,4.52,135175,61115788.0,0.02,0.4444444444444444
2016-12-23,15:00,sh600586,金晶科技,4.52,4.52,4.45,4.45,73449,32917376.0,-0.07,-1.5486725663716814
2016-12-26,15:00,sh600586,金晶科技,4.45,4.52,4.41,4.52,93822,41900744.0,0.07,1.5730337078651686
2016-12-27,15:00,sh600586,金晶科技,4.5,4.56,4.5,4.51,72544,32847436.0,-0.01,-0.2212389380530973
2016-12-28,15:00,sh600586,金晶科技,4.52,4.55,4.49,4.5,58975,26644430.0,-0.01,-0.2217294900221729
2016-12-29,15:00,sh600586,金晶科技,4.5,4.6,4.5,4.52,103482,47027788.0,0.02,0.4444444444444444
2016-12-30,15:00,sh600586,金晶科技,4.51,4.65,4.5,4.63,202088,92906680.0,0.11,2.433628318584071
2017-01-03,15:00,sh600586,金晶科技,4.62,4.7,4.6,4.68,143118,66289560.0,0.05,1.079913606911447
2017-01-04,15:00,sh600586,金晶科技,4.66,4.67,4.63,4.65,98861,45922592.0,-0.03,-0.641025641025641
2017-01-05,15:00,sh600586,金晶科技,4.66,4.74,4.62,4.7,152897,71157728.0,0.05,1.0752688172043012
2017-01-06,15:00,sh600586,金晶科技,4.68,4.7,4.63,4.69,99802,46554216.0,-0.01,-0.2127659574468085
2017-01-09,15:00,sh600586,金晶科技,4.68,4.68,4.63,4.68,110564,51435996.0,-0.01,-0.2132196162046908
2017-01-10,15:00,sh600586,金晶科技,4.67,4.78,4.64,4.74,209184,98881104.0,0.06,1.282051282051282
2017-01-11,15:00,sh600586,金晶科技,4.72,4.78,4.66,4.69,100062,47123084.0,-0.05,-1.0548523206751057
2017-01-12,15:00,sh600586,金晶科技,4.7,4.74,4.57,4.59,211243,98118432.0,-0.1,-2.1321961620469083
2017-01-13,15:00,sh600586,金晶科技,4.56,4.61,4.4,4.5,145993,66235184.0,-0.09,-1.96078431372549
2017-01-16,15:00,sh600586,金晶科技,4.49,4.49,4.3,4.46,294561,129324344.0,-0.04,-0.8888888888888888
2017-01-17,15:00,sh600586,金晶科技,4.41,4.47,4.35,4.43,123125,54295016.0,-0.03,-0.672645739910314
2017-01-18,15:00,sh600586,金晶科技,4.41,4.45,4.4,4.41,79488,35198420.0,-0.02,-0.4514672686230248
2017-01-19,15:00,sh600586,金晶科技,4.4,4.43,4.39,4.4,55428,24415936.0,-0.01,-0.2267573696145124
2017-01-20,15:00,sh600586,金晶科技,4.4,4.45,4.39,4.44,71044,31498122.0,0.04,0.9090909090909092
2017-01-23,15:00,sh600586,金晶科技,4.44,4.65,4.43,4.59,162531,73803200.0,0.15,3.3783783783783785
2017-01-24,15:00,sh600586,金晶科技,4.58,4.67,4.52,4.55,195035,88769416.0,-0.04,-0.8714596949891068
2017-01-25,15:00,sh600586,金晶科技,4.54,4.56,4.42,4.55,146337,66254740.0,0.0,0.0
2017-01-26,15:00,sh600586,金晶科技,4.54,4.62,4.53,4.6,144265,66086572.0,0.05,1.098901098901099
2017-02-03,15:00,sh600586,金晶科技,4.58,4.61,4.53,4.57,75517,34471892.0,-0.03,-0.6521739130434783
2017-02-06,15:00,sh600586,金晶科技,4.56,4.6,4.54,4.59,97434,44510892.0,0.02,0.437636761487965
2017-02-07,15:00,sh600586,金晶科技,4.57,4.59,4.55,4.59,70455,32176092.0,0.0,0.0
2017-02-08,15:00,sh600586,金晶科技,4.58,4.62,4.55,4.61,126739,58084780.0,0.02,0.4357298474945534
2017-02-09,15:00,sh600586,金晶科技,4.61,4.75,4.59,4.67,318925,149198896.0,0.06,1.3015184381778742
2017-02-10,15:00,sh600586,金晶科技,4.69,4.92,4.65,4.84,914700,438626144.0,0.17,3.640256959314775
2017-02-13,15:00,sh600586,金晶科技,4.88,4.88,4.76,4.78,539019,259262656.0,-0.06,-1.2396694214876034
2017-02-14,15:00,sh600586,金晶科技,4.77,4.9,4.74,4.87,380698,183315472.0,0.09,1.882845188284519
2017-02-15,15:00,sh600586,金晶科技,4.84,4.9,4.71,4.78,357438,171880688.0,-0.09,-1.8480492813141685
2017-02-16,15:00,sh600586,金晶科技,4.76,5.0,4.75,4.89,502028,243925056.0,0.11,2.301255230125523
2017-02-17,15:00,sh600586,金晶科技,4.93,5.04,4.81,4.83,477654,234445168.0,-0.06,-1.2269938650306749
2017-02-20,15:00,sh600586,金晶科技,4.8,4.89,4.77,4.88,341604,165301680.0,0.05,1.0351966873706004
2017-02-21,15:00,sh600586,金晶科技,4.88,4.92,4.83,4.86,250957,121988176.0,-0.02,-0.4098360655737705
2017-02-22,15:00,sh600586,金晶科技,4.86,5.04,4.85,4.94,508221,251141088.0,0.08,1.646090534979424
2017-02-23,15:00,sh600586,金晶科技,4.96,5.14,4.91,4.99,587872,294618080.0,0.05,1.0121457489878545
2017-02-24,15:00,sh600586,金晶科技,4.94,4.96,4.84,4.92,367182,179804880.0,-0.07,-1.402805611222445
2017-02-27,15:00,sh600586,金晶科技,4.89,4.92,4.83,4.84,238304,115962760.0,-0.08,-1.6260162601626018
2017-02-28,15:00,sh600586,金晶科技,4.83,4.88,4.82,4.87,132671,64414208.0,0.03,0.6198347107438017
2017-03-01,15:00,sh600586,金晶科技,4.87,4.94,4.84,4.88,219323,107191520.0,0.01,0.2053388090349076
2017-03-02,15:00,sh600586,金晶科技,4.88,4.89,4.78,4.79,240905,116063312.0,-0.09,-1.8442622950819672
2017-03-03,15:00,sh600586,金晶科技,4.77,4.78,4.71,4.75,149728,71069712.0,-0.04,-0.8350730688935281
2017-03-06,15:00,sh600586,金晶科技,4.76,4.79,4.75,4.78,178588,85204208.0,0.03,0.631578947368421
2017-03-07,15:00,sh600586,金晶科技,4.8,4.81,4.76,4.8,153744,73519912.0,0.02,0.4184100418410041
2017-03-08,15:00,sh600586,金晶科技,4.78,4.8,4.7,4.72,159522,75715496.0,-0.08,-1.6666666666666667
2017-03-09,15:00,sh600586,金晶科技,4.71,4.72,4.64,4.67,150857,70474416.0,-0.05,-1.059322033898305
2017-03-10,15:00,sh600586,金晶科技,4.67,4.7,4.66,4.67,112635,52685612.0,0.0,0.0
2017-03-13,15:00,sh600586,金晶科技,4.66,4.74,4.63,4.72,151258,70891616.0,0.05,1.070663811563169
2017-03-14,15:00,sh600586,金晶科技,4.73,4.79,4.7,4.78,204213,96893528.0,0.06,1.2711864406779665
2017-03-15,15:00,sh600586,金晶科技,4.77,4.81,4.75,4.78,131091,62711128.0,0.0,0.0
2017-03-16,15:00,sh600586,金晶科技,4.78,4.83,4.77,4.8,139090,66713740.0,0.02,0.4184100418410041
2017-03-17,15:00,sh600586,金晶科技,4.81,4.92,4.81,4.85,386320,188472944.0,0.05,1.0416666666666663
2017-03-20,15:00,sh600586,金晶科技,4.86,4.91,4.83,4.91,225572,109974192.0,0.06,1.2371134020618555
2017-03-21,15:00,sh600586,金晶科技,4.91,4.95,4.85,4.9,155540,76203456.0,-0.01,-0.2036659877800407
2017-03-22,15:00,sh600586,金晶科技,4.84,4.87,4.81,4.86,132259,64091080.0,-0.04,-0.8163265306122449
2017-03-23,15:00,sh600586,金晶科技,4.86,4.91,4.81,4.9,141280,68885080.0,0.04,0.823045267489712
2017-03-24,15:00,sh600586,金晶科技,4.88,5.05,4.87,4.99,378948,188985792.0,0.09,1.8367346938775515
2017-03-27,15:00,sh600586,金晶科技,5.01,5.04,4.9,4.93,229314,113404624.0,-0.06,-1.2024048096192386
2017-03-28,15:00,sh600586,金晶科技,4.95,4.96,4.91,4.93,141272,69669328.0,0.0,0.0
2017-03-29,15:00,sh600586,金晶科技,4.95,5.03,4.86,4.96,318876,157964928.0,0.03,0.6085192697768762
2017-03-30,15:00,sh600586,金晶科技,4.96,5.09,4.86,5.06,478139,238932512.0,0.1,2.0161290322580645
2017-03-31,15:00,sh600586,金晶科技,5.07,5.1,4.98,5.03,332563,167393568.0,-0.03,-0.592885375494071
2017-04-05,15:00,sh600586,金晶科技,5.19,5.33,5.13,5.19,490083,254738112.0,0.16,3.180914512922465
2017-04-06,15:00,sh600586,金晶科技,5.22,5.49,5.17,5.37,605929,324987584.0,0.18,3.4682080924855487
2017-04-07,15:00,sh600586,金晶科技,5.3,5.38,5.23,5.31,295931,156760144.0,-0.06,-1.11731843575419
2017-04-10,15:00,sh600586,金晶科技,5.28,5.34,5.21,5.28,275591,144763504.0,-0.03,-0.5649717514124294
2017-04-11,15:00,sh600586,金晶科技,5.26,5.31,5.11,5.24,310766,161955632.0,-0.04,-0.7575757575757576
2017-04-12,15:00,sh600586,金晶科技,5.2,5.28,5.16,5.18,222675,116388536.0,-0.06,-1.1450381679389312
2017-04-13,15:00,sh600586,金晶科技,5.18,5.26,5.16,5.24,172531,89842336.0,0.06,1.1583011583011582
2017-04-14,15:00,sh600586,金晶科技,5.24,5.37,5.21,5.22,248703,131336936.0,-0.02,-0.381679389312977
2017-04-17,15:00,sh600586,金晶科技,5.25,5.25,5.02,5.04,263576,135081376.0,-0.18,-3.4482758620689653
2017-04-18,15:00,sh600586,金晶科技,5.06,5.13,4.99,5.11,186724,94775664.0,0.07,1.3888888888888888
2017-04-19,15:00,sh600586,金晶科技,5.1,5.1,4.94,4.98,172661,86268368.0,-0.13,-2.5440313111545985
2017-04-20,15:00,sh600586,金晶科技,5.01,5.07,4.96,5.07,150884,75874152.0,0.09,1.8072289156626504
2017-04-21,15:00,sh600586,金晶科技,5.09,5.14,5.03,5.04,139034,70667752.0,-0.03,-0.591715976331361
2017-04-24,15:00,sh600586,金晶科技,5.01,5.04,4.85,4.87,154797,76198088.0,-0.17,-3.373015873015873
2017-04-25,15:00,sh600586,金晶科技,4.86,4.96,4.83,4.89,82335,40423448.0,0.02,0.4106776180698152
2017-04-26,15:00,sh600586,金晶科技,4.89,4.98,4.89,4.96,86684,42926644.0,0.07,1.4314928425357871
2017-04-27,15:00,sh600586,金晶科技,4.98,5.02,4.88,5.0,159593,79331728.0,0.04,0.8064516129032258
2017-04-28,15:00,sh600586,金晶科技,5.01,5.1,5.0,5.1,166734,84515152.0,0.1,2.0
2017-05-02,15:00,sh600586,金晶科技,5.11,5.13,5.01,5.08,123590,62538952.0,-0.02,-0.392156862745098
2017-05-03,15:00,sh600586,金晶科技,5.07,5.1,4.96,4.98,153548,77372168.0,-0.1,-1.968503937007874
2017-05-04,15:00,sh600586,金晶科技,4.95,5.06,4.94,4.97,134059,67157592.0,-0.01,-0.2008032128514056
2017-05-05,15:00,sh600586,金晶科技,4.94,5.0,4.82,4.84,137221,67641608.0,-0.13,-2.61569416498994
2017-05-08,15:00,sh600586,金晶科技,4.84,4.87,4.51,4.58,204929,96932984.0,-0.26,-5.371900826446281
2017-05-09,15:00,sh600586,金晶科技,4.58,4.65,4.49,4.64,162236,74481136.0,0.06,1.310043668122271
2017-05-10,15:00,sh600586,金晶科技,4.65,4.68,4.45,4.45,128360,58632344.0,-0.19,-4.094827586206897
2017-05-11,15:00,sh600586,金晶科技,4.45,4.48,4.05,4.35,223840,95558288.0,-0.1,-2.247191011235955
2017-05-12,15:00,sh600586,金晶科技,4.35,4.43,4.29,4.39,109575,47882868.0,0.04,0.9195402298850576
2017-05-15,15:00,sh600586,金晶科技,4.39,4.57,4.39,4.51,126969,57199224.0,0.12,2.733485193621868
2017-05-16,15:00,sh600586,金晶科技,4.52,4.63,4.47,4.59,87253,39679080.0,0.08,1.7738359201773837
2017-05-17,15:00,sh600586,金晶科技,4.57,4.66,4.55,4.59,115706,53390520.0,0.0,0.0
2017-05-18,15:00,sh600586,金晶科技,4.57,4.62,4.52,4.58,87550,39905928.0,-0.01,-0.2178649237472767
2017-05-19,15:00,sh600586,金晶科技,4.56,4.57,4.46,4.49,75610,34106320.0,-0.09,-1.9650655021834065
2017-05-22,15:00,sh600586,金晶科技,4.49,4.57,4.4,4.43,104276,46811564.0,-0.06,-1.33630289532294
2017-05-23,15:00,sh600586,金晶科技,4.43,4.45,4.18,4.22,141882,60973952.0,-0.21,-4.740406320541761
2017-05-24,15:00,sh600586,金晶科技,4.18,4.31,4.09,4.23,126743,53193492.0,0.01,0.2369668246445497
2017-05-25,15:00,sh600586,金晶科技,4.25,4.35,4.18,4.34,101976,43536860.0,0.11,2.6004728132387704
2017-05-26,15:00,sh600586,金晶科技,4.3,4.34,4.27,4.29,57836,24904888.0,-0.05,-1.152073732718894
2017-05-31,15:00,sh600586,金晶科技,4.34,4.37,4.28,4.29,82113,35514828.0,0.0,0.0
2017-06-01,15:00,sh600586,金晶科技,4.29,4.3,4.11,4.13,111229,46742160.0,-0.16,-3.7296037296037294
2017-06-02,15:00,sh600586,金晶科技,4.11,4.27,4.06,4.24,136439,56506628.0,0.11,2.663438256658596
2017-06-05,15:00,sh600586,金晶科技,4.25,4.36,4.21,4.36,121578,52098292.0,0.12,2.8301886792452837
2017-06-06,15:00,sh600586,金晶科技,4.35,4.5,4.29,4.48,148948,65087508.0,0.12,2.752293577981652
2017-06-07,15:00,sh600586,金晶科技,4.59,4.68,4.51,4.65,304182,139603280.0,0.17,3.7946428571428568
2017-06-08,15:00,sh600586,金晶科技,4.58,4.64,4.49,4.52,207419,94485704.0,-0.13,-2.795698924731183
2017-06-09,15:00,sh600586,金晶科技,4.52,4.57,4.48,4.53,115781,52331976.0,0.01,0.2212389380530973
2017-06-12,15:00,sh600586,金晶科技,4.48,4.52,4.4,4.44,120275,53397944.0,-0.09,-1.9867549668874172
2017-06-13,15:00,sh600586,金晶科技,4.4,4.54,4.4,4.51,77883,35010096.0,0.07,1.5765765765765765
2017-06-14,15:00,sh600586,金晶科技,4.51,4.62,4.51,4.52,137999,63020536.0,0.01,0.2217294900221729
2017-06-15,15:00,sh600586,金晶科技,4.52,4.66,4.52,4.65,170659,78747536.0,0.13,2.8761061946902653
2017-06-16,15:00,sh600586,金晶科技,4.65,4.66,4.61,4.61,80425,37236836.0,-0.04,-0.8602150537634409
2017-06-19,15:00,sh600586,金晶科技,4.61,4.67,4.59,4.66,87728,40735528.0,0.05,1.084598698481562
2017-06-20,15:00,sh600586,金晶科技,4.66,4.72,4.62,4.7,103949,48717208.0,0.04,0.8583690987124464
2017-06-21,15:00,sh600586,金晶科技,4.7,4.72,4.62,4.65,68999,32224056.0,-0.05,-1.0638297872340423
2017-06-22,15:00,sh600586,金晶科技,4.61,4.67,4.54,4.57,73634,33995628.0,-0.08,-1.7204301075268815
2017-06-23,15:00,sh600586,金晶科技,4.51,4.59,4.51,4.58,60963,27748096.0,0.01,0.2188183807439825
2017-06-26,15:00,sh600586,金晶科技,4.58,4.81,4.57,4.79,203990,96522928.0,0.21,4.585152838427948
2017-06-27,15:00,sh600586,金晶科技,4.82,4.82,4.73,4.77,75713,36040152.0,-0.02,-0.417536534446764
2017-06-28,15:00,sh600586,金晶科技,4.79,4.92,4.75,4.86,144580,70391024.0,0.09,1.8867924528301887
2017-06-29,15:00,sh600586,金晶科技,4.85,4.91,4.83,4.88,70923,34540252.0,0.02,0.411522633744856
2017-06-30,15:00,sh600586,金晶科技,4.89,4.93,4.84,4.89,75892,37069336.0,0.01,0.2049180327868852
2017-07-03,15:00,sh600586,金晶科技,4.91,4.92,4.8,4.86,88531,42863804.0,-0.03,-0.6134969325153374
2017-07-04,15:00,sh600586,金晶科技,4.85,4.94,4.83,4.9,101532,49786932.0,0.04,0.823045267489712
2017-07-05,15:00,sh600586,金晶科技,4.88,5.03,4.88,5.01,130477,64937424.0,0.11,2.2448979591836733
2017-07-06,15:00,sh600586,金晶科技,5.03,5.04,4.95,5.01,80589,40293184.0,0.0,0.0
2017-07-07,15:00,sh600586,金晶科技,4.97,5.02,4.96,5.02,70678,35288460.0,0.01,0.1996007984031935
2017-07-10,15:00,sh600586,金晶科技,5.02,5.09,5.0,5.07,110330,55784140.0,0.05,0.99601593625498
2017-07-11,15:00,sh600586,金晶科技,5.07,5.11,4.97,4.99,144200,72799608.0,-0.08,-1.5779092702169626
2017-07-12,15:00,sh600586,金晶科技,4.99,5.01,4.83,4.92,162970,79903192.0,-0.07,-1.402805611222445
2017-07-13,15:00,sh600586,金晶科技,4.94,5.12,4.93,5.1,196179,99202976.0,0.18,3.658536585365853
2017-07-14,15:00,sh600586,金晶科技,5.13,5.15,5.06,5.09,142303,72575360.0,-0.01,-0.196078431372549
2017-07-17,15:00,sh600586,金晶科技,5.11,5.11,4.83,4.91,208678,103211280.0,-0.18,-3.536345776031434
2017-07-18,15:00,sh600586,金晶科技,4.9,4.95,4.7,4.88,155648,74873968.0,-0.03,-0.6109979633401221
2017-07-19,15:00,sh600586,金晶科技,4.92,5.25,4.92,5.21,377479,192767568.0,0.33,6.762295081967213
2017-07-20,15:00,sh600586,金晶科技,5.19,5.28,5.13,5.18,309909,160491584.0,-0.03,-0.5758157389635317
2017-07-21,15:00,sh600586,金晶科技,5.14,5.19,5.1,5.15,141243,72511128.0,-0.03,-0.5791505791505791
2017-07-24,15:00,sh600586,金晶科技,5.15,5.35,5.15,5.18,261711,137365424.0,0.03,0.5825242718446602
2017-07-25,15:00,sh600586,金晶科技,5.18,5.28,5.06,5.27,196725,101524672.0,0.09,1.7374517374517375
2017-07-26,15:00,sh600586,金晶科技,5.26,5.33,5.14,5.28,230625,121387048.0,0.01,0.1897533206831119
2017-07-27,15:00,sh600586,金晶科技,5.23,5.42,5.23,5.32,248553,132411968.0,0.04,0.7575757575757576
2017-07-28,15:00,sh600586,金晶科技,5.32,5.62,5.27,5.61,464610,254717136.0,0.29,5.451127819548872
2017-07-31,15:00,sh600586,金晶科技,5.64,5.76,5.51,5.7,567319,319620256.0,0.09,1.6042780748663104
2017-08-01,15:00,sh600586,金晶科技,5.64,5.7,5.53,5.58,295910,165360272.0,-0.12,-2.1052631578947367
2017-08-02,15:00,sh600586,金晶科技,5.56,5.6,5.44,5.46,238553,131552824.0,-0.12,-2.1505376344086025
2017-08-03,15:00,sh600586,金晶科技,5.45,5.55,5.43,5.45,152393,83400008.0,-0.01,-0.1831501831501831
2017-08-04,15:00,sh600586,金晶科技,5.44,5.55,5.28,5.29,246904,134011888.0,-0.16,-2.9357798165137616
2017-08-07,15:00,sh600586,金晶科技,5.33,5.39,5.26,5.38,150964,80518400.0,0.09,1.7013232514177694
2017-08-08,15:00,sh600586,金晶科技,5.35,5.44,5.33,5.38,139713,75419184.0,0.0,0.0
2017-08-09,15:00,sh600586,金晶科技,5.36,5.39,5.25,5.37,161658,85995200.0,-0.01,-0.1858736059479553
2017-08-10,15:00,sh600586,金晶科技,5.37,5.47,5.27,5.43,207103,111557968.0,0.06,1.11731843575419
2017-08-11,15:00,sh600586,金晶科技,5.38,5.41,4.94,5.08,331459,172405728.0,-0.35,-6.445672191528545
2017-08-14,15:00,sh600586,金晶科技,5.07,5.15,5.05,5.12,155511,79431624.0,0.04,0.7874015748031495
2017-08-15,15:00,sh600586,金晶科技,5.1,5.22,5.08,5.2,131499,68130968.0,0.08,1.5625
2017-08-16,15:00,sh600586,金晶科技,5.17,5.24,5.12,5.17,103836,53673680.0,-0.03,-0.576923076923077
2017-08-17,15:00,sh600586,金晶科技,5.14,5.33,5.14,5.28,163243,85689584.0,0.11,2.127659574468085
2017-08-18,15:00,sh600586,金晶科技,5.26,5.31,5.18,5.22,114958,60240248.0,-0.06,-1.1363636363636365
2017-08-21,15:00,sh600586,金晶科技,5.23,5.3,5.21,5.27,81425,42789432.0,0.05,0.9578544061302682
2017-08-22,15:00,sh600586,金晶科技,5.25,5.31,5.23,5.27,80774,42586896.0,0.0,0.0
2017-08-23,15:00,sh600586,金晶科技,5.24,5.29,5.09,5.18,107052,55501000.0,-0.09,-1.7077798861480076
2017-08-24,15:00,sh600586,金晶科技,5.17,5.18,5.1,5.14,76514,39338040.0,-0.04,-0.7722007722007722
2017-08-25,15:00,sh600586,金晶科技,5.14,5.23,5.1,5.19,83629,43197008.0,0.05,0.9727626459143968
2017-08-28,15:00,sh600586,金晶科技,5.18,5.35,5.16,5.34,172556,91243808.0,0.15,2.8901734104046244
2017-08-29,15:00,sh600586,金晶科技,5.33,5.45,5.31,5.33,98726,53075280.0,-0.01,-0.1872659176029962
2017-08-30,15:00,sh600586,金晶科技,5.34,5.44,5.33,5.35,115680,62257960.0,0.02,0.3752345215759849
2017-08-31,15:00,sh600586,金晶科技,5.37,5.43,5.28,5.38,157873,84493640.0,0.03,0.5607476635514018
2017-09-01,15:00,sh600586,金晶科技,5.4,5.63,5.38,5.6,404120,223651840.0,0.22,4.089219330855019
2017-09-04,15:00,sh600586,金晶科技,5.6,5.68,5.5,5.54,233095,129880608.0,-0.06,-1.0714285714285714
2017-09-05,15:00,sh600586,金晶科技,5.5,5.61,5.48,5.59,186660,103576256.0,0.05,0.9025270758122744
2017-09-06,15:00,sh600586,金晶科技,5.58,5.6,5.45,5.5,166777,91703984.0,-0.09,-1.6100178890876566
2017-09-07,15:00,sh600586,金晶科技,5.5,5.54,5.34,5.36,223549,120757056.0,-0.14,-2.5454545454545454
2017-09-08,15:00,sh600586,金晶科技,5.34,5.38,5.29,5.34,128122,68424992.0,-0.02,-0.3731343283582089
2017-09-11,15:00,sh600586,金晶科技,5.35,5.41,5.33,5.37,117210,62923640.0,0.03,0.5617977528089888
2017-09-12,15:00,sh600586,金晶科技,5.37,5.38,5.27,5.29,165934,88367624.0,-0.08,-1.48975791433892
2017-09-13,15:00,sh600586,金晶科技,5.29,5.36,5.22,5.36,108014,57356348.0,0.07,1.3232514177693762
2017-09-14,15:00,sh600586,金晶科技,5.35,5.44,5.28,5.32,157399,84361848.0,-0.04,-0.7462686567164178
2017-09-15,15:00,sh600586,金晶科技,5.3,5.34,5.25,5.28,127844,67570304.0,-0.04,-0.7518796992481203
2017-09-18,15:00,sh600586,金晶科技,5.27,5.31,5.25,5.31,99906,52748684.0,0.03,0.5681818181818182
2017-09-19,15:00,sh600586,金晶科技,5.35,5.46,5.33,5.35,217956,117593992.0,0.04,0.7532956685499058
2017-09-20,15:00,sh600586,金晶科技,5.39,5.4,5.18,5.29,199653,105217952.0,-0.06,-1.1214953271028036
2017-09-21,15:00,sh600586,金晶科技,5.25,5.28,5.11,5.13,179696,93529168.0,-0.16,-3.0245746691871456
2017-09-22,15:00,sh600586,金晶科技,5.11,5.16,5.03,5.14,100147,51163940.0,0.01,0.1949317738791423
2017-09-25,15:00,sh600586,金晶科技,5.14,5.15,5.0,5.06,91864,46618196.0,-0.08,-1.556420233463035
2017-09-26,15:00,sh600586,金晶科技,5.06,5.14,5.06,5.12,65133,33226480.0,0.06,1.185770750988142
2017-09-27,15:00,sh600586,金晶科技,5.12,5.19,5.11,5.13,58248,29963782.0,0.01,0.1953125
2017-09-28,15:00,sh600586,金晶科技,5.12,5.16,5.09,5.1,67147,34455796.0,-0.03,-0.5847953216374269
2017-09-29,15:00,sh600586,金晶科技,5.1,5.15,5.07,5.13,81279,41575304.0,0.03,0.5882352941176471
2017-10-09,15:00,sh600586,金晶科技,5.16,5.24,5.15,5.16,100722,52267452.0,0.03,0.5847953216374269
2017-10-10,15:00,sh600586,金晶科技,5.17,5.21,5.15,5.2,78161,40536392.0,0.04,0.7751937984496124
2017-10-11,15:00,sh600586,金晶科技,5.2,5.23,5.13,5.17,85052,43943116.0,-0.03,-0.576923076923077
2017-10-12,15:00,sh600586,金晶科技,5.17,5.19,5.05,5.08,115794,58895864.0,-0.09,-1.7408123791102514
2017-10-13,15:00,sh600586,金晶科技,5.08,5.18,5.04,5.15,73538,37598808.0,0.07,1.3779527559055118
2017-10-16,15:00,sh600586,金晶科技,5.17,5.17,4.99,5.01,164977,83485944.0,-0.14,-2.718446601941748
2017-10-17,15:00,sh600586,金晶科技,5.01,5.02,4.91,4.93,107440,53184564.0,-0.08,-1.596806387225549
2017-10-18,15:00,sh600586,金晶科技,4.95,4.97,4.83,4.86,146365,71685152.0,-0.07,-1.4198782961460443
2017-10-19,15:00,sh600586,金晶科技,4.82,4.94,4.81,4.83,75913,36802180.0,-0.03,-0.6172839506172839
2017-10-20,15:00,sh600586,金晶科技,4.83,4.91,4.8,4.9,71814,34952400.0,0.07,1.4492753623188406
2017-10-23,15:00,sh600586,金晶科技,4.92,4.99,4.89,4.95,66461,32870940.0,0.05,1.020408163265306
2017-10-24,15:00,sh600586,金晶科技,4.95,4.95,4.84,4.87,75926,37043176.0,-0.08,-1.616161616161616
2017-10-25,15:00,sh600586,金晶科技,4.88,4.91,4.86,4.89,54266,26529600.0,0.02,0.4106776180698152
2017-10-26,15:00,sh600586,金晶科技,4.89,4.91,4.83,4.88,83487,40645432.0,-0.01,-0.2044989775051125
2017-10-27,15:00,sh600586,金晶科技,4.88,4.94,4.86,4.88,80572,39457168.0,0.0,0.0
2017-10-30,15:00,sh600586,金晶科技,4.86,4.87,4.6,4.67,175461,82506592.0,-0.21,-4.30327868852459
2017-10-31,15:00,sh600586,金晶科技,4.7,4.72,4.61,4.71,79895,37269456.0,0.04,0.8565310492505354
2017-11-01,15:00,sh600586,金晶科技,4.7,4.71,4.65,4.66,88672,41408564.0,-0.05,-1.0615711252653928
2017-11-02,15:00,sh600586,金晶科技,4.65,4.76,4.58,4.71,146001,68531576.0,0.05,1.072961373390558
2017-11-03,15:00,sh600586,金晶科技,4.71,4.73,4.64,4.68,87942,41045368.0,-0.03,-0.6369426751592357
2017-11-06,15:00,sh600586,金晶科技,4.68,4.7,4.59,4.67,74547,34514868.0,-0.01,-0.2136752136752137
2017-11-07,15:00,sh600586,金晶科技,4.67,4.67,4.57,4.64,108868,50155152.0,-0.03,-0.6423982869379015
2017-11-08,15:00,sh600586,金晶科技,4.63,4.64,4.57,4.6,125403,57810760.0,-0.04,-0.8620689655172413
2017-11-09,15:00,sh600586,金晶科技,4.58,4.63,4.58,4.61,89100,41013312.0,0.01,0.217391304347826
2017-11-10,15:00,sh600586,金晶科技,4.61,4.74,4.54,4.69,230579,106799840.0,0.08,1.735357917570499
2017-11-13,15:00,sh600586,金晶科技,4.67,4.84,4.63,4.8,213036,100979312.0,0.11,2.345415778251599
2017-11-14,15:00,sh600586,金晶科技,4.76,4.79,4.7,4.73,152440,72235184.0,-0.07,-1.4583333333333333
2017-11-15,15:00,sh600586,金晶科技,4.73,4.81,4.7,4.74,107760,51146328.0,0.01,0.2114164904862579
2017-11-16,15:00,sh600586,金晶科技,4.74,4.78,4.65,4.67,105464,49722468.0,-0.07,-1.4767932489451476
2017-11-17,15:00,sh600586,金晶科技,4.69,4.69,4.56,4.58,104314,48163824.0,-0.09,-1.9271948608137044
2017-11-20,15:00,sh600586,金晶科技,4.56,4.62,4.42,4.59,78983,35578556.0,0.01,0.2183406113537117
2017-11-21,15:00,sh600586,金晶科技,4.6,4.61,4.46,4.52,106543,48143352.0,-0.07,-1.5250544662309369
2017-11-22,15:00,sh600586,金晶科技,4.52,4.58,4.46,4.5,81999,37017852.0,-0.02,-0.4424778761061947
2017-11-23,15:00,sh600586,金晶科技,4.47,4.58,4.46,4.46,125609,56856268.0,-0.04,-0.8888888888888888
2017-11-24,15:00,sh600586,金晶科技,4.46,4.46,4.35,4.41,86817,38147108.0,-0.05,-1.1210762331838564
2017-11-27,15:00,sh600586,金晶科技,4.41,4.44,4.34,4.35,64669,28415586.0,-0.06,-1.3605442176870748
2017-11-28,15:00,sh600586,金晶科技,4.35,4.41,4.33,4.4,53944,23554138.0,0.05,1.1494252873563218
2017-11-29,15:00,sh600586,金晶科技,4.39,4.55,4.39,4.53,142102,63789520.0,0.13,2.9545454545454546
2017-11-30,15:00,sh600586,金晶科技,4.55,4.6,4.49,4.55,106219,48283608.0,0.02,0.4415011037527593
2017-12-01,15:00,sh600586,金晶科技,4.51,4.57,4.46,4.51,102472,46228016.0,-0.04,-0.8791208791208791
2017-12-04,15:00,sh600586,金晶科技,4.54,4.56,4.46,4.49,98132,44345528.0,-0.02,-0.4434589800443459
2017-12-05,15:00,sh600586,金晶科技,4.46,4.5,4.33,4.35,93298,41104116.0,-0.14,-3.11804008908686
2017-12-06,15:00,sh600586,金晶科技,4.36,4.38,4.28,4.37,101767,43999632.0,0.02,0.4597701149425287
2017-12-07,15:00,sh600586,金晶科技,4.35,4.36,4.3,4.32,86041,37197536.0,-0.05,-1.1441647597254003
2017-12-08,15:00,sh600586,金晶科技,4.31,4.38,4.29,4.37,86133,37464312.0,0.05,1.1574074074074074
2017-12-11,15:00,sh600586,金晶科技,4.36,4.43,4.34,4.41,83202,36645200.0,0.04,0.9153318077803204
2017-12-12,15:00,sh600586,金晶科技,4.41,4.43,4.36,4.38,73472,32298616.0,-0.03,-0.6802721088435374
2017-12-13,15:00,sh600586,金晶科技,4.38,4.41,4.35,4.41,62475,27374028.0,0.03,0.684931506849315
2017-12-14,15:00,sh600586,金晶科技,4.39,4.5,4.39,4.5,110831,49527252.0,0.09,2.0408163265306123
2017-12-15,15:00,sh600586,金晶科技,4.47,4.58,4.44,4.49,100962,45576984.0,-0.01,-0.2222222222222222
2017-12-18,15:00,sh600586,金晶科技,4.49,4.54,4.47,4.49,51460,23190674.0,0.0,0.0
2017-12-19,15:00,sh600586,金晶科技,4.49,4.53,4.48,4.52,47073,21191032.0,0.03,0.6681514476614699
2017-12-20,15:00,sh600586,金晶科技,4.52,4.53,4.43,4.46,56958,25442828.0,-0.06,-1.327433628318584
2017-12-21,15:00,sh600586,金晶科技,4.46,4.52,4.4,4.49,62793,27975240.0,0.03,0.672645739910314
2017-12-22,15:00,sh600586,金晶科技,4.47,4.54,4.46,4.53,79474,35783196.0,0.04,0.8908685968819599
2017-12-25,15:00,sh600586,金晶科技,4.5,4.53,4.42,4.42,63422,28423072.0,-0.11,-2.428256070640177
2017-12-26,15:00,sh600586,金晶科技,4.4,4.44,4.34,4.43,68118,29954638.0,0.01,0.2262443438914027
2017-12-27,15:00,sh600586,金晶科技,4.43,4.53,4.4,4.46,85543,38363992.0,0.03,0.6772009029345373
2017-12-28,15:00,sh600586,金晶科技,4.45,4.53,4.43,4.52,67530,30348424.0,0.06,1.345291479820628
2017-12-29,15:00,sh600586,金晶科技,4.52,4.57,4.51,4.55,62396,28309814.0,0.03,0.6637168141592921
2018-01-02,15:00,sh600586,金晶科技,4.57,4.63,4.53,4.6,101699,46648328.0,0.05,1.098901098901099
2018-01-03,15:00,sh600586,金晶科技,4.58,4.65,4.57,4.65,139835,64460960.0,0.05,1.0869565217391304
2018-01-04,15:00,sh600586,金晶科技,4.64,4.64,4.55,4.59,133002,61077672.0,-0.06,-1.2903225806451613
2018-01-05,15:00,sh600586,金晶科技,4.58,4.61,4.56,4.58,79500,36460504.0,-0.01,-0.2178649237472767
2018-01-08,15:00,sh600586,金晶科技,4.58,4.65,4.54,4.64,118168,54428868.0,0.06,1.310043668122271
2018-01-09,15:00,sh600586,金晶科技,4.64,4.65,4.57,4.59,80830,37135960.0,-0.05,-1.0775862068965518
2018-01-10,15:00,sh600586,金晶科技,4.59,4.61,4.48,4.52,131385,59452904.0,-0.07,-1.5250544662309369
2018-01-11,15:00,sh600586,金晶科技,4.5,4.51,4.44,4.5,78682,35148164.0,-0.02,-0.4424778761061947
2018-01-12,15:00,sh600586,金晶科技,4.5,4.52,4.46,4.5,64416,28921500.0,0.0,0.0
2018-01-15,15:00,sh600586,金晶科技,4.49,4.51,4.34,4.37,122818,54083784.0,-0.13,-2.888888888888889
2018-01-16,15:00,sh600586,金晶科技,4.35,4.39,4.34,4.37,61865,27004806.0,0.0,0.0
2018-01-17,15:00,sh600586,金晶科技,4.37,4.4,4.34,4.39,67895,29651512.0,0.02,0.4576659038901602
2018-01-18,15:00,sh600586,金晶科技,4.39,4.4,4.35,4.37,57163,25017604.0,-0.02,-0.4555808656036446
2018-01-19,15:00,sh600586,金晶科技,4.35,4.38,4.33,4.36,58028,25269912.0,-0.01,-0.2288329519450801
2018-01-22,15:00,sh600586,金晶科技,4.34,4.39,4.31,4.38,51150,22251532.0,0.02,0.4587155963302752
2018-01-23,15:00,sh600586,金晶科技,4.38,4.39,4.35,4.37,51291,22373312.0,-0.01,-0.228310502283105
2018-01-24,15:00,sh600586,金晶科技,4.36,4.38,4.34,4.36,48257,21033290.0,-0.01,-0.2288329519450801
2018-01-25,15:00,sh600586,金晶科技,4.36,4.43,4.35,4.4,66445,29226220.0,0.04,0.9174311926605504
2018-01-26,15:00,sh600586,金晶科技,4.39,4.46,4.38,4.44,82583,36575648.0,0.04,0.9090909090909092
2018-01-29,15:00,sh600586,金晶科技,4.44,4.45,4.33,4.35,91362,39966808.0,-0.09,-2.027027027027027
2018-01-30,15:00,sh600586,金晶科技,4.34,4.36,4.32,4.35,49373,21417956.0,0.0,0.0
2018-01-31,15:00,sh600586,金晶科技,4.33,4.33,4.12,4.17,153733,64812924.0,-0.18,-4.137931034482759
2018-02-01,15:00,sh600586,金晶科技,4.17,4.25,4.03,4.06,101818,42018396.0,-0.11,-2.6378896882494005
2018-02-02,15:00,sh600586,金晶科技,4.06,4.07,3.95,4.04,76589,30779364.0,-0.02,-0.4926108374384236
2018-02-05,15:00,sh600586,金晶科技,4.04,4.25,4.01,4.12,97574,40466796.0,0.08,1.98019801980198
2018-02-06,15:00,sh600586,金晶科技,4.08,4.13,3.98,3.99,77865,31560876.0,-0.13,-3.155339805825242
2018-02-07,15:00,sh600586,金晶科技,4.06,4.09,3.96,4.04,58957,23774510.0,0.05,1.2531328320802004
2018-02-08,15:00,sh600586,金晶科技,4.04,4.1,4.01,4.08,50762,20670008.0,0.04,0.99009900990099
2018-02-09,15:00,sh600586,金晶科技,4.0,4.03,3.8,3.89,101661,39899200.0,-0.19,-4.65686274509804
2018-02-12,15:00,sh600586,金晶科技,3.94,3.98,3.92,3.98,42409,16802600.0,0.09,2.313624678663239
2018-02-13,15:00,sh600586,金晶科技,3.98,4.07,3.98,4.03,60307,24345570.0,0.05,1.256281407035176
2018-02-14,15:00,sh600586,金晶科技,4.03,4.05,4.0,4.05,38231,15411721.0,0.02,0.4962779156327543
2018-02-22,15:00,sh600586,金晶科技,4.07,4.1,3.99,4.05,235891,94740752.0,0.0,0.0
2018-02-23,15:00,sh600586,金晶科技,4.04,4.04,3.99,4.01,79777,32029896.0,-0.04,-0.9876543209876544
2018-02-26,15:00,sh600586,金晶科技,4.02,4.06,3.99,4.06,104641,42200320.0,0.05,1.2468827930174564
2018-02-27,15:00,sh600586,金晶科技,4.05,4.06,4.02,4.03,65259,26326566.0,-0.03,-0.7389162561576355
2018-02-28,15:00,sh600586,金晶科技,4.01,4.04,3.98,4.02,58243,23344866.0,-0.01,-0.2481389578163771
2018-03-01,15:00,sh600586,金晶科技,3.99,4.18,3.99,4.1,138518,56543896.0,0.08,1.9900497512437807
2018-03-02,15:00,sh600586,金晶科技,4.07,4.1,4.05,4.09,76256,31085884.0,-0.01,-0.2439024390243902
2018-03-05,15:00,sh600586,金晶科技,4.07,4.11,4.07,4.09,52396,21435318.0,0.0,0.0
2018-03-06,15:00,sh600586,金晶科技,4.09,4.14,4.07,4.13,79044,32430852.0,0.04,0.9779951100244498
2018-03-07,15:00,sh600586,金晶科技,4.12,4.28,4.1,4.17,201163,84474760.0,0.04,0.9685230024213076
2018-03-08,15:00,sh600586,金晶科技,4.17,4.21,4.13,4.18,72736,30334328.0,0.01,0.2398081534772182
2018-03-09,15:00,sh600586,金晶科技,4.18,4.24,4.17,4.21,84005,35243504.0,0.03,0.7177033492822966
2018-03-12,15:00,sh600586,金晶科技,4.21,4.24,4.19,4.23,89111,37571024.0,0.02,0.4750593824228029
2018-03-13,15:00,sh600586,金晶科技,4.23,4.23,4.16,4.21,106118,44412272.0,-0.02,-0.4728132387706856
2018-03-14,15:00,sh600586,金晶科技,4.19,4.23,4.16,4.2,97675,40910200.0,-0.01,-0.2375296912114014
2018-03-15,15:00,sh600586,金晶科技,4.23,4.28,4.2,4.22,162350,68902136.0,0.02,0.4761904761904762
2018-03-16,15:00,sh600586,金晶科技,4.2,4.22,4.17,4.18,92747,38829560.0,-0.04,-0.9478672985781992
2018-03-19,15:00,sh600586,金晶科技,4.16,4.21,4.13,4.2,79412,33100370.0,0.02,0.4784688995215311
2018-03-20,15:00,sh600586,金晶科技,4.17,4.23,4.15,4.18,50707,21235752.0,-0.02,-0.4761904761904762
2018-03-21,15:00,sh600586,金晶科技,4.17,4.21,4.17,4.17,71212,29861244.0,-0.01,-0.2392344497607655
2018-03-22,15:00,sh600586,金晶科技,4.15,4.2,4.1,4.17,78070,32489076.0,0.0,0.0
2018-03-23,15:00,sh600586,金晶科技,4.1,4.11,3.83,3.93,137633,54845136.0,-0.24,-5.755395683453238
2018-03-26,15:00,sh600586,金晶科技,3.88,3.96,3.83,3.96,62804,24500490.0,0.03,0.7633587786259541
2018-03-27,15:00,sh600586,金晶科技,4.0,4.06,3.98,4.03,54605,21950152.0,0.07,1.7676767676767675
2018-03-28,15:00,sh600586,金晶科技,4.01,4.01,3.95,3.96,48683,19370856.0,-0.07,-1.7369727047146404
2018-03-29,15:00,sh600586,金晶科技,3.97,4.03,3.96,4.02,56759,22706108.0,0.06,1.5151515151515151
2018-03-30,15:00,sh600586,金晶科技,4.02,4.05,4.01,4.01,44217,17792436.0,-0.01,-0.2487562189054726
2018-04-02,15:00,sh600586,金晶科技,4.01,4.07,4.01,4.05,60373,24438548.0,0.04,0.997506234413965
2018-04-03,15:00,sh600586,金晶科技,4.02,4.04,3.96,3.99,54503,21776288.0,-0.06,-1.4814814814814816
2018-04-04,15:00,sh600586,金晶科技,3.99,4.03,3.98,3.99,43784,17505692.0,0.0,0.0
2018-04-09,15:00,sh600586,金晶科技,4.0,4.02,3.93,3.97,48067,19039550.0,-0.02,-0.5012531328320802
2018-04-10,15:00,sh600586,金晶科技,3.96,4.02,3.94,4.01,62835,24997172.0,0.04,1.0075566750629723
2018-04-11,15:00,sh600586,金晶科技,4.02,4.04,4.01,4.04,60979,24576104.0,0.03,0.7481296758104738
2018-04-12,15:00,sh600586,金晶科技,4.04,4.04,3.97,3.99,60359,24096800.0,-0.05,-1.2376237623762376
2018-04-13,15:00,sh600586,金晶科技,3.99,4.05,3.99,4.0,44524,17899396.0,0.01,0.2506265664160401
2018-04-16,15:00,sh600586,金晶科技,3.99,4.01,3.95,3.97,50472,20061264.0,-0.03,-0.75
2018-04-17,15:00,sh600586,金晶科技,3.98,3.99,3.91,3.91,51045,20130402.0,-0.06,-1.5113350125944585
2018-04-18,15:00,sh600586,金晶科技,3.93,3.94,3.88,3.94,40565,15882622.0,0.03,0.7672634271099744
2018-04-19,15:00,sh600586,金晶科技,3.94,3.96,3.91,3.94,40861,16098574.0,0.0,0.0
2018-04-20,15:00,sh600586,金晶科技,3.92,3.95,3.86,3.88,34971,13671313.0,-0.06,-1.5228426395939088
2018-04-23,15:00,sh600586,金晶科技,3.88,3.9,3.82,3.85,55783,21583276.0,-0.03,-0.7731958762886598
2018-04-24,15:00,sh600586,金晶科技,3.85,3.9,3.84,3.9,50589,19633204.0,0.05,1.2987012987012987
2018-04-25,15:00,sh600586,金晶科技,3.86,3.9,3.86,3.88,28849,11190611.0,-0.02,-0.5128205128205128
2018-04-26,15:00,sh600586,金晶科技,3.89,3.89,3.82,3.82,42184,16217225.0,-0.06,-1.5463917525773196
2018-04-27,15:00,sh600586,金晶科技,3.84,3.87,3.8,3.85,43602,16716033.0,0.03,0.7853403141361256
2018-05-02,15:00,sh600586,金晶科技,3.83,3.86,3.82,3.84,30065,11522678.0,-0.01,-0.2597402597402597
2018-05-03,15:00,sh600586,金晶科技,3.84,3.87,3.78,3.87,46550,17838488.0,0.03,0.78125
2018-05-04,15:00,sh600586,金晶科技,3.87,3.9,3.85,3.89,32713,12703093.0,0.02,0.516795865633075
2018-05-07,15:00,sh600586,金晶科技,3.88,4.04,3.86,3.97,101128,39957968.0,0.08,2.056555269922879
2018-05-08,15:00,sh600586,金晶科技,3.95,4.01,3.95,3.98,56355,22417212.0,0.01,0.2518891687657431
2018-05-09,15:00,sh600586,金晶科技,3.98,3.99,3.93,3.95,25033,9894196.0,-0.03,-0.7537688442211055
2018-05-10,15:00,sh600586,金晶科技,3.96,3.97,3.92,3.94,35310,13912384.0,-0.01,-0.2531645569620253
2018-05-11,15:00,sh600586,金晶科技,3.93,3.96,3.92,3.94,31423,12371120.0,0.0,0.0
2018-05-14,15:00,sh600586,金晶科技,3.92,3.98,3.92,3.93,37296,14706355.0,-0.01,-0.2538071065989847
2018-05-15,15:00,sh600586,金晶科技,3.94,3.95,3.88,3.94,32927,12905111.0,0.01,0.2544529262086514
2018-05-16,15:00,sh600586,金晶科技,3.94,3.94,3.9,3.92,28396,11143781.0,-0.02,-0.5076142131979695
2018-05-17,15:00,sh600586,金晶科技,3.9,3.98,3.9,3.95,32924,12947304.0,0.03,0.7653061224489796
2018-05-18,15:00,sh600586,金晶科技,3.95,4.08,3.93,4.07,183458,73803120.0,0.12,3.037974683544304
2018-05-21,15:00,sh600586,金晶科技,4.07,4.18,4.04,4.11,157249,64482524.0,0.04,0.9828009828009828
2018-05-22,15:00,sh600586,金晶科技,4.13,4.18,4.07,4.1,104406,42763316.0,-0.01,-0.24330900243309
2018-05-23,15:00,sh600586,金晶科技,4.09,4.13,4.0,4.01,88851,35946692.0,-0.09,-2.195121951219512
2018-05-24,15:00,sh600586,金晶科技,4.04,4.04,4.0,4.01,42559,17077840.0,0.0,0.0
2018-05-25,15:00,sh600586,金晶科技,4.01,4.02,3.95,3.96,51173,20380552.0,-0.05,-1.2468827930174564
2018-05-28,15:00,sh600586,金晶科技,3.97,3.98,3.93,3.93,41598,16449845.0,-0.03,-0.7575757575757576
2018-05-29,15:00,sh600586,金晶科技,3.93,3.95,3.89,3.9,35441,13898326.0,-0.03,-0.7633587786259541
2018-05-30,15:00,sh600586,金晶科技,3.87,3.87,3.78,3.8,69104,26446228.0,-0.1,-2.564102564102564
2018-05-31,15:00,sh600586,金晶科技,3.81,3.85,3.81,3.83,41380,15844495.0,0.03,0.7894736842105263
2018-06-01,15:00,sh600586,金晶科技,3.8,3.85,3.8,3.84,33817,12934364.0,0.01,0.2610966057441253
2018-06-04,15:00,sh600586,金晶科技,3.86,3.86,3.82,3.83,25769,9868911.0,-0.01,-0.2604166666666666
2018-06-05,15:00,sh600586,金晶科技,3.83,3.85,3.8,3.85,40045,15297886.0,0.02,0.5221932114882507
2018-06-06,15:00,sh600586,金晶科技,3.81,3.83,3.8,3.82,42192,16077655.0,-0.03,-0.7792207792207793
2018-06-07,15:00,sh600586,金晶科技,3.81,3.82,3.73,3.74,62554,23625342.0,-0.08,-2.094240837696335
2018-06-08,15:00,sh600586,金晶科技,3.74,3.74,3.63,3.68,59425,21990676.0,-0.06,-1.6042780748663104
2018-06-11,15:00,sh600586,金晶科技,3.69,3.69,3.63,3.65,26523,9683181.0,-0.03,-0.8152173913043478
2018-06-12,15:00,sh600586,金晶科技,3.67,3.71,3.64,3.69,37063,13614243.0,0.04,1.095890410958904
2018-06-13,15:00,sh600586,金晶科技,3.69,3.71,3.65,3.66,24579,9045862.0,-0.03,-0.8130081300813009
2018-06-14,15:00,sh600586,金晶科技,3.66,3.72,3.65,3.71,31684,11708350.0,0.05,1.366120218579235
2018-06-15,15:00,sh600586,金晶科技,3.71,3.71,3.58,3.63,36510,13339489.0,-0.08,-2.15633423180593
2018-06-19,15:00,sh600586,金晶科技,3.61,3.61,3.27,3.29,100027,33786040.0,-0.34,-9.366391184573002
2018-06-20,15:00,sh600586,金晶科技,3.29,3.32,3.25,3.31,60032,19780368.0,0.02,0.60790273556231
2018-06-21,15:00,sh600586,金晶科技,3.31,3.35,3.26,3.27,38850,12847955.0,-0.04,-1.2084592145015105
2018-06-22,15:00,sh600586,金晶科技,3.28,3.3,3.24,3.28,36537,11941647.0,0.01,0.3058103975535168
2018-06-25,15:00,sh600586,金晶科技,3.31,3.31,3.23,3.25,29705,9742309.0,-0.03,-0.9146341463414632
2018-06-26,15:00,sh600586,金晶科技,3.22,3.25,3.18,3.24,31240,10031362.0,-0.01,-0.3076923076923077
2018-06-27,15:00,sh600586,金晶科技,3.24,3.28,3.21,3.23,43635,14150515.0,-0.01,-0.3086419753086419
2018-06-28,15:00,sh600586,金晶科技,3.23,3.26,3.2,3.2,29426,9509992.0,-0.03,-0.9287925696594428
2018-06-29,15:00,sh600586,金晶科技,3.21,3.27,3.21,3.27,37025,12006323.0,0.07,2.1875
2018-07-02,15:00,sh600586,金晶科技,3.27,3.46,3.27,3.31,85839,28705650.0,0.04,1.2232415902140672
2018-07-03,15:00,sh600586,金晶科技,3.27,3.29,3.21,3.27,45341,14729730.0,-0.04,-1.2084592145015105
2018-07-04,15:00,sh600586,金晶科技,3.25,3.27,3.22,3.24,26616,8636572.0,-0.03,-0.9174311926605504
2018-07-05,15:00,sh600586,金晶科技,3.24,3.27,3.2,3.2,26943,8711063.0,-0.04,-1.2345679012345678
2018-07-06,15:00,sh600586,金晶科技,3.2,3.25,3.1,3.22,39801,12695940.0,0.02,0.625
2018-07-09,15:00,sh600586,金晶科技,3.23,3.3,3.22,3.3,43511,14220851.0,0.08,2.484472049689441
2018-07-10,15:00,sh600586,金晶科技,3.52,3.63,3.39,3.44,157325,54640780.0,0.14,4.242424242424243
2018-07-11,15:00,sh600586,金晶科技,3.32,3.38,3.29,3.34,84071,28007940.0,-0.1,-2.9069767441860463
2018-07-12,15:00,sh600586,金晶科技,3.3,3.41,3.3,3.41,69177,23402148.0,0.07,2.095808383233533
2018-07-13,15:00,sh600586,金晶科技,3.43,3.43,3.37,3.4,35770,12123114.0,-0.01,-0.2932551319648094
2018-07-16,15:00,sh600586,金晶科技,3.4,3.4,3.35,3.36,25915,8735548.0,-0.04,-1.1764705882352942
2018-07-17,15:00,sh600586,金晶科技,3.36,3.37,3.31,3.36,30768,10287460.0,0.0,0.0
2018-07-18,15:00,sh600586,金晶科技,3.35,3.42,3.35,3.37,36396,12338333.0,0.01,0.2976190476190476
2018-07-19,15:00,sh600586,金晶科技,3.39,3.4,3.35,3.39,27435,9263600.0,0.02,0.5934718100890208
2018-07-20,15:00,sh600586,金晶科技,3.38,3.41,3.36,3.4,29006,9836796.0,0.01,0.2949852507374631
2018-07-23,15:00,sh600586,金晶科技,3.41,3.46,3.39,3.45,59629,20478722.0,0.05,1.4705882352941175
2018-07-24,15:00,sh600586,金晶科技,3.46,3.55,3.43,3.53,75567,26597092.0,0.08,2.318840579710145
2018-07-25,15:00,sh600586,金晶科技,3.53,3.57,3.51,3.53,53338,18835932.0,0.0,0.0
2018-07-26,15:00,sh600586,金晶科技,3.52,3.56,3.49,3.5,67383,23721590.0,-0.03,-0.84985835694051
2018-07-27,15:00,sh600586,金晶科技,3.51,3.57,3.51,3.52,63871,22584352.0,0.02,0.5714285714285714
2018-07-30,15:00,sh600586,金晶科技,3.47,3.55,3.47,3.49,40583,14256774.0,-0.03,-0.8522727272727272
2018-07-31,15:00,sh600586,金晶科技,3.5,3.52,3.46,3.48,32181,11201965.0,-0.01,-0.2865329512893982
2018-08-01,15:00,sh600586,金晶科技,3.48,3.51,3.44,3.45,34696,12068474.0,-0.03,-0.8620689655172413
2018-08-02,15:00,sh600586,金晶科技,3.44,3.45,3.22,3.35,63926,21304042.0,-0.1,-2.898550724637681
2018-08-03,15:00,sh600586,金晶科技,3.38,3.38,3.32,3.34,26562,8890071.0,-0.01,-0.2985074626865672
2018-08-06,15:00,sh600586,金晶科技,3.32,3.35,3.28,3.31,30640,10154823.0,-0.03,-0.8982035928143712
2018-08-07,15:00,sh600586,金晶科技,3.31,3.4,3.31,3.4,44313,14854445.0,0.09,2.719033232628399
2018-08-08,15:00,sh600586,金晶科技,3.4,3.42,3.35,3.37,46605,15787571.0,-0.03,-0.8823529411764706
2018-08-09,15:00,sh600586,金晶科技,3.37,3.43,3.35,3.43,51657,17602196.0,0.06,1.7804154302670625
2018-08-10,15:00,sh600586,金晶科技,3.42,3.48,3.4,3.44,49022,16864828.0,0.01,0.2915451895043732
2018-08-13,15:00,sh600586,金晶科技,3.42,3.48,3.39,3.47,42483,14563737.0,0.03,0.872093023255814
2018-08-14,15:00,sh600586,金晶科技,3.51,3.58,3.46,3.48,81397,28631854.0,0.01,0.2881844380403458
2018-08-15,15:00,sh600586,金晶科技,3.49,3.49,3.37,3.38,59507,20360016.0,-0.1,-2.8735632183908044
2018-08-16,15:00,sh600586,金晶科技,3.36,3.4,3.32,3.36,36228,12185737.0,-0.02,-0.591715976331361
2018-08-17,15:00,sh600586,金晶科技,3.37,3.39,3.3,3.33,36230,12119539.0,-0.03,-0.8928571428571428
2018-08-20,15:00,sh600586,金晶科技,3.31,3.34,3.24,3.32,51781,17039844.0,-0.01,-0.3003003003003003
2018-08-21,15:00,sh600586,金晶科技,3.34,3.39,3.31,3.34,53937,18066996.0,0.02,0.6024096385542169
2018-08-22,15:00,sh600586,金晶科技,3.33,3.35,3.28,3.29,35763,11878063.0,-0.05,-1.497005988023952
2018-08-23,15:00,sh600586,金晶科技,3.28,3.33,3.27,3.3,33765,11137660.0,0.01,0.303951367781155
2018-08-24,15:00,sh600586,金晶科技,3.3,3.33,3.28,3.32,27219,9012147.0,0.02,0.6060606060606061
2018-08-27,15:00,sh600586,金晶科技,3.32,3.38,3.32,3.38,34460,11587473.0,0.06,1.8072289156626504
2018-08-28,15:00,sh600586,金晶科技,3.38,3.38,3.35,3.35,32584,10957123.0,-0.03,-0.8875739644970414
2018-08-29,15:00,sh600586,金晶科技,3.34,3.39,3.34,3.36,35133,11827479.0,0.01,0.2985074626865672
2018-08-30,15:00,sh600586,金晶科技,3.35,3.37,3.32,3.35,28198,9432882.0,-0.01,-0.2976190476190476
2018-08-31,15:00,sh600586,金晶科技,3.33,3.35,3.31,3.33,26452,8809746.0,-0.02,-0.5970149253731344
2018-09-03,15:00,sh600586,金晶科技,3.34,3.34,3.29,3.32,24007,7936049.0,-0.01,-0.3003003003003003
2018-09-04,15:00,sh600586,金晶科技,3.31,3.34,3.27,3.33,38346,12715539.0,0.01,0.3012048192771084
2018-09-05,15:00,sh600586,金晶科技,3.31,3.33,3.28,3.28,26735,8830055.0,-0.05,-1.5015015015015014
2018-09-06,15:00,sh600586,金晶科技,3.29,3.3,3.27,3.28,20061,6583376.0,0.0,0.0
2018-09-07,15:00,sh600586,金晶科技,3.27,3.32,3.26,3.29,41122,13513247.0,0.01,0.3048780487804878
2018-09-10,15:00,sh600586,金晶科技,3.28,3.28,3.22,3.23,30454,9899735.0,-0.06,-1.82370820668693
2018-09-11,15:00,sh600586,金晶科技,3.23,3.25,3.2,3.22,17249,5552635.0,-0.01,-0.3095975232198142
2018-09-12,15:00,sh600586,金晶科技,3.22,3.23,3.18,3.21,20753,6654498.0,-0.01,-0.3105590062111801
2018-09-13,15:00,sh600586,金晶科技,3.21,3.24,3.19,3.23,22142,7118945.0,0.02,0.6230529595015576
2018-09-14,15:00,sh600586,金晶科技,3.23,3.23,3.18,3.19,29810,9561136.0,-0.04,-1.238390092879257
2018-09-17,15:00,sh600586,金晶科技,3.21,3.21,3.13,3.13,25618,8098807.0,-0.06,-1.8808777429467085
2018-09-18,15:00,sh600586,金晶科技,3.15,3.2,3.13,3.19,32804,10394176.0,0.06,1.9169329073482428
2018-09-19,15:00,sh600586,金晶科技,3.19,3.25,3.17,3.23,39430,12713073.0,0.04,1.2539184952978055
2018-09-20,15:00,sh600586,金晶科技,3.24,3.24,3.21,3.22,31833,10265648.0,-0.01,-0.3095975232198142
2018-09-21,15:00,sh600586,金晶科技,3.21,3.26,3.21,3.25,43318,14023000.0,0.03,0.9316770186335404
2018-09-25,15:00,sh600586,金晶科技,3.23,3.27,3.23,3.26,40523,13151964.0,0.01,0.3076923076923077
2018-09-26,15:00,sh600586,金晶科技,3.26,3.27,3.24,3.25,29058,9460252.0,-0.01,-0.3067484662576687
2018-09-27,15:00,sh600586,金晶科技,3.25,3.25,3.2,3.2,34093,11000812.0,-0.05,-1.5384615384615383
2018-09-28,15:00,sh600586,金晶科技,3.21,3.35,3.2,3.25,82444,26894890.0,0.05,1.5625
2018-10-08,15:00,sh600586,金晶科技,3.21,3.22,3.16,3.17,43187,13800283.0,-0.08,-2.4615384615384617
2018-10-09,15:00,sh600586,金晶科技,3.18,3.2,3.16,3.18,29156,9260781.0,0.01,0.3154574132492113
2018-10-10,15:00,sh600586,金晶科技,3.19,3.2,3.17,3.18,20267,6459982.0,0.0,0.0
2018-10-11,15:00,sh600586,金晶科技,3.15,3.15,2.94,2.97,65157,19699032.0,-0.21,-6.60377358490566
2018-10-12,15:00,sh600586,金晶科技,2.92,2.99,2.82,2.97,42237,12329582.0,0.0,0.0
2018-10-15,15:00,sh600586,金晶科技,2.97,3.0,2.91,2.93,25866,7656907.0,-0.04,-1.3468013468013469
2018-10-16,15:00,sh600586,金晶科技,2.92,2.96,2.79,2.85,50215,14457726.0,-0.08,-2.7303754266211606
2018-10-17,15:00,sh600586,金晶科技,2.91,2.92,2.81,2.84,40099,11504682.0,-0.01,-0.3508771929824561
2018-10-18,15:00,sh600586,金晶科技,2.85,2.86,2.74,2.76,53189,14957064.0,-0.08,-2.8169014084507045
2018-10-19,15:00,sh600586,金晶科技,2.78,2.8,2.72,2.76,96729,26700256.0,0.0,0.0
2018-10-22,15:00,sh600586,金晶科技,2.78,2.91,2.78,2.84,207956,59417480.0,0.08,2.898550724637681
2018-10-23,15:00,sh600586,金晶科技,2.84,2.91,2.8,2.8,157094,44845224.0,-0.04,-1.4084507042253522
2018-10-24,15:00,sh600586,金晶科技,2.78,2.83,2.76,2.81,69460,19449074.0,0.01,0.3571428571428571
2018-10-25,15:00,sh600586,金晶科技,2.74,2.8,2.7,2.79,69386,19077192.0,-0.02,-0.7117437722419928
2018-10-26,15:00,sh600586,金晶科技,2.81,2.86,2.8,2.85,70643,20034296.0,0.06,2.1505376344086025
2018-10-29,15:00,sh600586,金晶科技,2.84,2.87,2.83,2.87,81117,23154304.0,0.02,0.7017543859649122
2018-10-30,15:00,sh600586,金晶科技,2.9,3.16,2.88,3.16,319671,97716904.0,0.29,10.104529616724738
2018-10-31,15:00,sh600586,金晶科技,3.21,3.3,3.08,3.09,363334,115173712.0,-0.07,-2.2151898734177213
2018-11-01,15:00,sh600586,金晶科技,3.07,3.12,3.03,3.07,190008,58383320.0,-0.02,-0.6472491909385114
2018-11-02,15:00,sh600586,金晶科技,3.11,3.11,3.06,3.11,132441,40902584.0,0.04,1.3029315960912051
2018-11-05,15:00,sh600586,金晶科技,3.08,3.11,3.05,3.09,106391,32786678.0,-0.02,-0.6430868167202572
2018-11-06,15:00,sh600586,金晶科技,3.08,3.08,3.04,3.06,70891,21672756.0,-0.03,-0.9708737864077668
2018-11-07,15:00,sh600586,金晶科技,3.08,3.1,3.05,3.06,75893,23334376.0,0.0,0.0
2018-11-08,15:00,sh600586,金晶科技,3.07,3.1,3.05,3.08,64411,19798484.0,0.02,0.6535947712418301
2018-11-09,15:00,sh600586,金晶科技,3.09,3.09,3.04,3.06,46925,14344818.0,-0.02,-0.6493506493506493
2018-11-12,15:00,sh600586,金晶科技,3.07,3.15,3.04,3.13,104706,32480336.0,0.07,2.287581699346405
2018-11-13,15:00,sh600586,金晶科技,3.09,3.22,3.08,3.2,189778,60189372.0,0.07,2.2364217252396164
2018-11-14,15:00,sh600586,金晶科技,3.2,3.23,3.15,3.17,96932,30847028.0,-0.03,-0.9375
2018-11-15,15:00,sh600586,金晶科技,3.18,3.27,3.17,3.24,121886,39382664.0,0.07,2.2082018927444795
2018-11-16,15:00,sh600586,金晶科技,3.26,3.26,3.21,3.23,96940,31320114.0,-0.01,-0.3086419753086419
2018-11-19,15:00,sh600586,金晶科技,3.23,3.28,3.19,3.27,111429,36111996.0,0.04,1.238390092879257
2018-11-20,15:00,sh600586,金晶科技,3.26,3.26,3.18,3.19,83257,26843528.0,-0.08,-2.4464831804281344
2018-11-21,15:00,sh600586,金晶科技,3.17,3.19,3.13,3.19,62176,19651264.0,0.0,0.0
2018-11-22,15:00,sh600586,金晶科技,3.2,3.21,3.14,3.15,57257,18138298.0,-0.04,-1.2539184952978055
2018-11-23,15:00,sh600586,金晶科技,3.16,3.16,3.02,3.03,72699,22355208.0,-0.12,-3.8095238095238098
2018-11-26,15:00,sh600586,金晶科技,3.05,3.07,3.01,3.02,42507,12922485.0,-0.01,-0.33003300330033
2018-11-27,15:00,sh600586,金晶科技,3.04,3.06,3.03,3.05,37317,11365800.0,0.03,0.9933774834437088
2018-11-28,15:00,sh600586,金晶科技,3.05,3.19,3.02,3.14,75428,23399372.0,0.09,2.950819672131148
2018-11-29,15:00,sh600586,金晶科技,3.11,3.15,3.06,3.06,48990,15243488.0,-0.08,-2.547770700636943
2018-11-30,15:00,sh600586,金晶科技,3.05,3.1,3.04,3.1,36782,11273260.0,0.04,1.30718954248366
2018-12-03,15:00,sh600586,金晶科技,3.15,3.19,3.14,3.16,78559,24868654.0,0.06,1.935483870967742
2018-12-04,15:00,sh600586,金晶科技,3.14,3.18,3.14,3.18,49060,15529979.0,0.02,0.6329113924050633
2018-12-05,15:00,sh600586,金晶科技,3.15,3.18,3.11,3.16,62617,19727488.0,-0.02,-0.628930817610063
2018-12-06,15:00,sh600586,金晶科技,3.18,3.21,3.14,3.15,81397,25839974.0,-0.01,-0.3164556962025316
2018-12-07,15:00,sh600586,金晶科技,3.16,3.19,3.13,3.19,50410,15915979.0,0.04,1.2698412698412698
2018-12-10,15:00,sh600586,金晶科技,3.17,3.19,3.14,3.17,44492,14074323.0,-0.02,-0.6269592476489028
2018-12-11,15:00,sh600586,金晶科技,3.15,3.19,3.15,3.18,37781,11981352.0,0.01,0.3154574132492113
2018-12-12,15:00,sh600586,金晶科技,3.19,3.19,3.09,3.1,125209,38983236.0,-0.08,-2.515723270440252
2018-12-13,15:00,sh600586,金晶科技,3.1,3.14,3.08,3.11,64094,19952776.0,0.01,0.3225806451612903
2018-12-14,15:00,sh600586,金晶科技,3.09,3.11,3.03,3.04,55424,17003308.0,-0.07,-2.2508038585209005
2018-12-17,15:00,sh600586,金晶科技,3.04,3.05,2.99,3.02,45710,13776560.0,-0.02,-0.6578947368421052
2018-12-18,15:00,sh600586,金晶科技,3.0,3.02,2.95,2.96,72118,21455368.0,-0.06,-1.9867549668874172
2018-12-19,15:00,sh600586,金晶科技,2.98,2.98,2.88,2.9,75464,21965458.0,-0.06,-2.027027027027027
2018-12-20,15:00,sh600586,金晶科技,2.9,2.94,2.89,2.92,42451,12349577.0,0.02,0.6896551724137931
2018-12-21,15:00,sh600586,金晶科技,2.92,2.92,2.87,2.89,36505,10550411.0,-0.03,-1.0273972602739725
2018-12-24,15:00,sh600586,金晶科技,2.89,2.92,2.88,2.91,34724,10067833.0,0.02,0.6920415224913495
2018-12-25,15:00,sh600586,金晶科技,2.89,2.89,2.8,2.87,62871,17842988.0,-0.04,-1.3745704467353952
2018-12-26,15:00,sh600586,金晶科技,2.86,2.9,2.85,2.87,41487,11902846.0,0.0,0.0
2018-12-27,15:00,sh600586,金晶科技,2.9,2.94,2.79,2.8,60469,17275378.0,-0.07,-2.4390243902439024
2018-12-28,15:00,sh600586,金晶科技,2.81,2.86,2.81,2.83,43697,12385475.0,0.03,1.0714285714285714
2019-01-02,15:00,sh600586,金晶科技,2.83,2.87,2.82,2.85,37828,10778455.0,0.02,0.7067137809187279
2019-01-03,15:00,sh600586,金晶科技,2.86,2.89,2.84,2.86,35051,10060241.0,0.01,0.3508771929824561
2019-01-04,15:00,sh600586,金晶科技,2.85,2.93,2.82,2.92,61734,17870206.0,0.06,2.097902097902098
2019-01-07,15:00,sh600586,金晶科技,2.94,2.97,2.93,2.96,63475,18731392.0,0.04,1.36986301369863
2019-01-08,15:00,sh600586,金晶科技,2.96,2.97,2.92,2.95,38916,11485746.0,-0.01,-0.3378378378378378
2019-01-09,15:00,sh600586,金晶科技,2.96,3.01,2.94,2.94,81226,24196596.0,-0.01,-0.3389830508474576
2019-01-10,15:00,sh600586,金晶科技,2.95,3.02,2.94,2.98,89104,26600072.0,0.04,1.3605442176870748
2019-01-11,15:00,sh600586,金晶科技,2.96,3.03,2.96,3.0,74242,22177888.0,0.02,0.6711409395973155
2019-01-14,15:00,sh600586,金晶科技,2.99,3.0,2.96,2.97,55190,16426999.0,-0.03,-1.0
2019-01-15,15:00,sh600586,金晶科技,2.96,2.99,2.94,2.98,59305,17588954.0,0.01,0.3367003367003366
2019-01-16,15:00,sh600586,金晶科技,2.99,3.0,2.89,2.95,116104,34273740.0,-0.03,-1.006711409395973
2019-01-17,15:00,sh600586,金晶科技,2.94,2.96,2.92,2.92,63052,18512788.0,-0.03,-1.0169491525423728
2019-01-18,15:00,sh600586,金晶科技,2.92,3.15,2.92,3.01,224392,68418376.0,0.09,3.0821917808219177
2019-01-21,15:00,sh600586,金晶科技,3.0,3.13,2.97,3.05,197109,59797328.0,0.04,1.32890365448505
2019-01-22,15:00,sh600586,金晶科技,3.05,3.05,2.98,3.0,117923,35412376.0,-0.05,-1.639344262295082
2019-01-23,15:00,sh600586,金晶科技,2.99,3.01,2.96,2.98,71220,21269430.0,-0.02,-0.6666666666666667
2019-01-24,15:00,sh600586,金晶科技,2.98,3.02,2.96,2.99,85316,25468020.0,0.01,0.3355704697986577
2019-01-25,15:00,sh600586,金晶科技,2.99,3.0,2.95,2.95,86834,25852844.0,-0.04,-1.3377926421404682
2019-01-28,15:00,sh600586,金晶科技,2.96,2.98,2.91,2.93,82974,24413864.0,-0.02,-0.6779661016949152
2019-01-29,15:00,sh600586,金晶科技,2.93,2.93,2.83,2.89,78145,22461196.0,-0.04,-1.3651877133105803
2019-01-30,15:00,sh600586,金晶科技,2.89,2.93,2.86,2.9,51629,14939298.0,0.01,0.3460207612456747
2019-01-31,15:00,sh600586,金晶科技,2.9,2.91,2.84,2.88,64756,18657902.0,-0.02,-0.6896551724137931
2019-02-01,15:00,sh600586,金晶科技,2.9,2.97,2.87,2.95,84625,24782774.0,0.07,2.430555555555556
2019-02-11,15:00,sh600586,金晶科技,2.95,3.0,2.94,3.0,83324,24837800.0,0.05,1.694915254237288
2019-02-12,15:00,sh600586,金晶科技,3.0,3.08,2.99,3.04,132570,40283708.0,0.04,1.3333333333333337
2019-02-13,15:00,sh600586,金晶科技,3.03,3.16,3.02,3.09,189257,58614852.0,0.05,1.644736842105263
2019-02-14,15:00,sh600586,金晶科技,3.08,3.13,3.05,3.11,133663,41390324.0,0.02,0.6472491909385114
2019-02-15,15:00,sh600586,金晶科技,3.11,3.11,3.05,3.05,120902,37139304.0,-0.06,-1.929260450160772
2019-02-18,15:00,sh600586,金晶科技,3.07,3.21,3.07,3.19,218374,68385728.0,0.14,4.590163934426229
2019-02-19,15:00,sh600586,金晶科技,3.22,3.25,3.13,3.17,255270,81374704.0,-0.02,-0.6269592476489028
2019-02-20,15:00,sh600586,金晶科技,3.17,3.19,3.11,3.15,149920,47136516.0,-0.02,-0.6309148264984227
2019-02-21,15:00,sh600586,金晶科技,3.15,3.21,3.12,3.16,213874,67679688.0,0.01,0.3174603174603174
2019-02-22,15:00,sh600586,金晶科技,3.15,3.22,3.12,3.21,166705,52867660.0,0.05,1.5822784810126582
2019-02-25,15:00,sh600586,金晶科技,3.23,3.35,3.21,3.33,309645,101693576.0,0.12,3.738317757009345
2019-02-26,15:00,sh600586,金晶科技,3.35,3.38,3.28,3.32,315780,105350560.0,-0.01,-0.3003003003003003
2019-02-27,15:00,sh600586,金晶科技,3.31,3.38,3.27,3.3,247485,82329736.0,-0.02,-0.6024096385542169
2019-02-28,15:00,sh600586,金晶科技,3.3,3.35,3.28,3.32,159054,52714352.0,0.02,0.6060606060606061
2019-03-01,15:00,sh600586,金晶科技,3.31,3.39,3.3,3.39,274385,91657544.0,0.07,2.108433734939759
2019-03-04,15:00,sh600586,金晶科技,3.42,3.48,3.38,3.41,268509,91770176.0,0.02,0.5899705014749262
2019-03-05,15:00,sh600586,金晶科技,3.39,3.53,3.37,3.52,289850,99684096.0,0.11,3.225806451612903
2019-03-06,15:00,sh600586,金晶科技,3.52,3.62,3.48,3.61,291707,103401192.0,0.09,2.556818181818182
2019-03-07,15:00,sh600586,金晶科技,3.62,3.83,3.57,3.69,313134,115779144.0,0.08,2.21606648199446
2019-03-08,15:00,sh600586,金晶科技,3.65,3.66,3.44,3.5,343751,122299696.0,-0.19,-5.149051490514905
2019-03-11,15:00,sh600586,金晶科技,3.48,3.61,3.47,3.61,307041,108574224.0,0.11,3.1428571428571432
2019-03-12,15:00,sh600586,金晶科技,3.64,3.74,3.61,3.68,387980,142453616.0,0.07,1.9390581717451525
2019-03-13,15:00,sh600586,金晶科技,3.66,3.67,3.53,3.56,223591,80758408.0,-0.12,-3.260869565217391
2019-03-14,15:00,sh600586,金晶科技,3.56,3.58,3.41,3.44,165007,57331804.0,-0.12,-3.3707865168539324
2019-03-15,15:00,sh600586,金晶科技,3.46,3.55,3.45,3.52,158599,55576212.0,0.08,2.3255813953488373
2019-03-18,15:00,sh600586,金晶科技,3.52,3.63,3.49,3.63,157451,56190964.0,0.11,3.125
2019-03-19,15:00,sh600586,金晶科技,3.62,3.64,3.56,3.58,127563,45887268.0,-0.05,-1.3774104683195594
2019-03-20,15:00,sh600586,金晶科技,3.58,3.63,3.55,3.62,146278,52659364.0,0.04,1.11731843575419
2019-03-21,15:00,sh600586,金晶科技,3.63,3.68,3.61,3.67,197080,72036608.0,0.05,1.3812154696132597
2019-03-22,15:00,sh600586,金晶科技,3.66,3.66,3.57,3.64,174944,63157316.0,-0.03,-0.8174386920980926
2019-03-25,15:00,sh600586,金晶科技,3.57,3.76,3.53,3.68,346015,127409208.0,0.04,1.098901098901099
2019-03-26,15:00,sh600586,金晶科技,3.68,3.71,3.56,3.58,197539,71631264.0,-0.1,-2.717391304347826
2019-03-27,15:00,sh600586,金晶科技,3.6,3.62,3.46,3.56,131793,46642020.0,-0.02,-0.5586592178770949
2019-03-28,15:00,sh600586,金晶科技,3.55,3.61,3.49,3.51,116283,41317504.0,-0.05,-1.4044943820224718
2019-03-29,15:00,sh600586,金晶科技,3.53,3.63,3.48,3.63,142021,50631608.0,0.12,3.418803418803419
2019-04-01,15:00,sh600586,金晶科技,3.63,3.76,3.63,3.74,324250,120301784.0,0.11,3.0303030303030303
2019-04-02,15:00,sh600586,金晶科技,3.78,3.78,3.68,3.69,209911,77930912.0,-0.05,-1.3368983957219251
2019-04-03,15:00,sh600586,金晶科技,3.68,3.75,3.66,3.73,218816,81248176.0,0.04,1.084010840108401
2019-04-04,15:00,sh600586,金晶科技,3.74,3.77,3.7,3.74,223715,83559696.0,0.01,0.2680965147453083
2019-04-08,15:00,sh600586,金晶科技,3.77,3.81,3.67,3.73,260504,97531424.0,-0.01,-0.267379679144385
2019-04-09,15:00,sh600586,金晶科技,3.74,3.74,3.67,3.72,168925,62577056.0,-0.01,-0.2680965147453083
2019-04-10,15:00,sh600586,金晶科技,3.7,3.76,3.67,3.75,197765,73574056.0,0.03,0.8064516129032258
2019-04-11,15:00,sh600586,金晶科技,3.75,3.75,3.62,3.62,240411,88386784.0,-0.13,-3.4666666666666663
2019-04-12,15:00,sh600586,金晶科技,3.61,3.64,3.52,3.54,231819,82612992.0,-0.08,-2.209944751381215
2019-04-15,15:00,sh600586,金晶科技,3.57,3.6,3.5,3.5,208300,74200504.0,-0.04,-1.1299435028248588
2019-04-16,15:00,sh600586,金晶科技,3.51,3.57,3.43,3.57,247939,86828296.0,0.07,2.0
2019-04-17,15:00,sh600586,金晶科技,3.55,3.68,3.52,3.66,369269,132916360.0,0.09,2.5210084033613445
2019-04-18,15:00,sh600586,金晶科技,3.64,3.69,3.57,3.58,292218,106049056.0,-0.08,-2.185792349726776
2019-04-19,15:00,sh600586,金晶科技,3.61,3.64,3.56,3.64,174366,62755488.0,0.06,1.675977653631285
2019-04-22,15:00,sh600586,金晶科技,3.65,3.68,3.53,3.53,266391,96059616.0,-0.11,-3.021978021978022
2019-04-23,15:00,sh600586,金晶科技,3.53,3.57,3.45,3.46,216123,75669632.0,-0.07,-1.9830028328611895
2019-04-24,15:00,sh600586,金晶科技,3.48,3.51,3.44,3.51,131935,45886008.0,0.05,1.4450867052023122
2019-04-25,15:00,sh600586,金晶科技,3.5,3.5,3.33,3.35,220520,75375744.0,-0.16,-4.558404558404559
2019-04-26,15:00,sh600586,金晶科技,3.34,3.36,3.3,3.31,128442,42691284.0,-0.04,-1.1940298507462688
2019-04-29,15:00,sh600586,金晶科技,3.3,3.32,3.17,3.2,160493,52180792.0,-0.11,-3.3232628398791544
2019-04-30,15:00,sh600586,金晶科技,3.18,3.35,3.16,3.33,204957,66952208.0,0.13,4.0625
2019-05-06,15:00,sh600586,金晶科技,3.24,3.27,3.01,3.17,234159,73899920.0,-0.16,-4.804804804804805
2019-05-07,15:00,sh600586,金晶科技,3.15,3.42,3.15,3.37,251789,81919120.0,0.2,6.309148264984227
2019-05-08,15:00,sh600586,金晶科技,3.28,3.36,3.26,3.34,142365,47175376.0,-0.03,-0.8902077151335311
2019-05-09,15:00,sh600586,金晶科技,3.32,3.32,3.25,3.3,80802,26554584.0,-0.04,-1.1976047904191618
2019-05-10,15:00,sh600586,金晶科技,3.29,3.45,3.26,3.43,207609,69775280.0,0.13,3.939393939393939
2019-05-13,15:00,sh600586,金晶科技,3.39,3.43,3.36,3.41,112516,38092160.0,-0.02,-0.5830903790087464
2019-05-14,15:00,sh600586,金晶科技,3.39,3.42,3.26,3.32,278237,92828120.0,-0.09,-2.6392961876832843
2019-05-15,15:00,sh600586,金晶科技,3.35,3.42,3.29,3.35,272510,90781536.0,0.03,0.9036144578313252
2019-05-16,15:00,sh600586,金晶科技,3.34,3.38,3.31,3.31,261317,87386008.0,-0.04,-1.1940298507462688
2019-05-17,15:00,sh600586,金晶科技,3.32,3.34,3.18,3.22,254531,83304848.0,-0.09,-2.719033232628399
2019-05-20,15:00,sh600586,金晶科技,3.21,3.22,3.11,3.13,107029,33706624.0,-0.09,-2.7950310559006213
2019-05-21,15:00,sh600586,金晶科技,3.15,3.26,3.13,3.19,121828,39023056.0,0.06,1.9169329073482428
2019-05-22,15:00,sh600586,金晶科技,3.21,3.22,3.12,3.17,112598,35845672.0,-0.02,-0.6269592476489028
2019-05-23,15:00,sh600586,金晶科技,3.19,3.19,3.03,3.07,106872,33353188.0,-0.1,-3.154574132492113
2019-05-24,15:00,sh600586,金晶科技,3.07,3.22,3.02,3.2,205616,64181428.0,0.13,4.234527687296417
2019-05-27,15:00,sh600586,金晶科技,3.17,3.33,3.15,3.3,120714,39080616.0,0.1,3.125
2019-05-28,15:00,sh600586,金晶科技,3.29,3.29,3.23,3.29,77015,25164272.0,-0.01,-0.303030303030303
2019-05-29,15:00,sh600586,金晶科技,3.27,3.35,3.24,3.33,104022,34376776.0,0.04,1.21580547112462
2019-05-30,15:00,sh600586,金晶科技,3.29,3.31,3.2,3.28,187496,60775328.0,-0.05,-1.5015015015015014
2019-05-31,15:00,sh600586,金晶科技,3.27,3.29,3.18,3.18,182292,58871616.0,-0.1,-3.048780487804878
2019-06-03,15:00,sh600586,金晶科技,3.14,3.18,3.02,3.06,190836,58905948.0,-0.12,-3.7735849056603774
2019-06-04,15:00,sh600586,金晶科技,3.07,3.07,2.95,2.97,131514,39716156.0,-0.09,-2.941176470588235
2019-06-05,15:00,sh600586,金晶科技,3.0,3.09,2.95,3.07,171275,51983316.0,0.1,3.3670033670033668
2019-06-06,15:00,sh600586,金晶科技,3.06,3.07,2.98,3.03,77581,23418726.0,-0.04,-1.3029315960912051
2019-06-10,15:00,sh600586,金晶科技,3.03,3.14,3.01,3.12,88848,27357500.0,0.09,2.9702970297029703
2019-06-11,15:00,sh600586,金晶科技,3.17,3.24,3.14,3.24,170106,54283448.0,0.12,3.8461538461538463
2019-06-12,15:00,sh600586,金晶科技,3.2,3.21,3.16,3.17,93000,29613552.0,-0.07,-2.1604938271604937
2019-06-13,15:00,sh600586,金晶科技,3.16,3.18,3.08,3.15,130513,40750684.0,-0.02,-0.6309148264984227
2019-06-14,15:00,sh600586,金晶科技,3.15,3.15,3.08,3.08,69183,21550412.0,-0.07,-2.2222222222222223
2019-06-17,15:00,sh600586,金晶科技,3.06,3.11,3.01,3.03,92794,28367428.0,-0.05,-1.6233766233766231
2019-06-18,15:00,sh600586,金晶科技,3.05,3.11,3.04,3.1,100042,30825528.0,0.07,2.31023102310231
2019-06-19,15:00,sh600586,金晶科技,3.13,3.19,3.11,3.15,94782,29764538.0,0.05,1.6129032258064515
2019-06-20,15:00,sh600586,金晶科技,3.13,3.23,3.11,3.2,124298,39469196.0,0.05,1.5873015873015872
2019-06-21,15:00,sh600586,金晶科技,3.2,3.26,3.18,3.26,169071,54362048.0,0.06,1.875
2019-06-24,15:00,sh600586,金晶科技,3.23,3.24,3.21,3.23,63444,20449796.0,-0.03,-0.9202453987730062
2019-06-25,15:00,sh600586,金晶科技,3.23,3.25,3.15,3.22,82642,26360142.0,-0.01,-0.3095975232198142
2019-06-26,15:00,sh600586,金晶科技,3.2,3.25,3.17,3.21,182745,58418964.0,-0.01,-0.3105590062111801
2019-06-27,15:00,sh600586,金晶科技,3.2,3.26,3.18,3.24,173005,55632336.0,0.03,0.9345794392523364
2019-06-28,15:00,sh600586,金晶科技,3.22,3.23,3.18,3.23,76977,24649146.0,-0.01,-0.3086419753086419
2019-07-01,15:00,sh600586,金晶科技,3.26,3.3,3.23,3.27,254135,82694760.0,0.04,1.238390092879257
2019-07-02,15:00,sh600586,金晶科技,3.25,3.26,3.2,3.21,88411,28559000.0,-0.06,-1.834862385321101
2019-07-03,15:00,sh600586,金晶科技,3.21,3.27,3.15,3.26,218896,70544832.0,0.05,1.557632398753894
2019-07-04,15:00,sh600586,金晶科技,3.25,3.28,3.18,3.2,195374,63073880.0,-0.06,-1.8404907975460123
2019-07-05,15:00,sh600586,金晶科技,3.19,3.24,3.17,3.23,135247,43224176.0,0.03,0.9375
2019-07-08,15:00,sh600586,金晶科技,3.2,3.24,3.11,3.12,195882,61771312.0,-0.11,-3.4055727554179565
2019-07-09,15:00,sh600586,金晶科技,3.13,3.14,3.08,3.11,95713,29676028.0,-0.01,-0.3205128205128205
2019-07-10,15:00,sh600586,金晶科技,3.11,3.11,3.0,3.02,116648,35679824.0,-0.09,-2.893890675241157
2019-07-11,15:00,sh600586,金晶科技,3.04,3.07,3.02,3.04,66152,20129902.0,0.02,0.6622516556291391
2019-07-12,15:00,sh600586,金晶科技,3.03,3.09,3.02,3.07,67538,20665984.0,0.03,0.986842105263158
2019-07-15,15:00,sh600586,金晶科技,3.06,3.09,3.03,3.08,51707,15843126.0,0.01,0.3257328990228013
2019-07-16,15:00,sh600586,金晶科技,3.06,3.09,3.06,3.08,39378,12113766.0,0.0,0.0
2019-07-17,15:00,sh600586,金晶科技,3.08,3.09,3.06,3.08,43400,13370312.0,0.0,0.0
2019-07-18,15:00,sh600586,金晶科技,3.07,3.07,3.03,3.04,54408,16588717.0,-0.04,-1.2987012987012987
2019-07-19,15:00,sh600586,金晶科技,3.01,3.02,2.99,3.01,53372,16048439.0,-0.03,-0.986842105263158
2019-07-22,15:00,sh600586,金晶科技,3.0,3.02,2.94,2.95,69956,20680232.0,-0.06,-1.9933554817275747
2019-07-23,15:00,sh600586,金晶科技,2.95,2.97,2.94,2.96,32637,9639359.0,0.01,0.3389830508474576
2019-07-24,15:00,sh600586,金晶科技,2.96,3.01,2.96,2.97,59168,17637004.0,0.01,0.3378378378378378
2019-07-25,15:00,sh600586,金晶科技,2.97,2.98,2.95,2.97,34217,10149055.0,0.0,0.0
2019-07-26,15:00,sh600586,金晶科技,2.97,2.99,2.96,2.98,42052,12492234.0,0.01,0.3367003367003366
2019-07-29,15:00,sh600586,金晶科技,2.98,2.99,2.96,2.97,28134,8364331.0,-0.01,-0.3355704697986577
2019-07-30,15:00,sh600586,金晶科技,2.97,2.99,2.95,2.98,41414,12335724.0,0.01,0.3367003367003366
2019-07-31,15:00,sh600586,金晶科技,2.97,2.97,2.94,2.95,35816,10572812.0,-0.03,-1.006711409395973
2019-08-01,15:00,sh600586,金晶科技,2.94,2.95,2.91,2.92,41033,12001353.0,-0.03,-1.0169491525423728
2019-08-02,15:00,sh600586,金晶科技,2.89,2.9,2.85,2.86,57004,16349620.0,-0.06,-2.054794520547945
2019-08-05,15:00,sh600586,金晶科技,2.86,2.88,2.84,2.84,36500,10412945.0,-0.02,-0.6993006993006993
2019-08-06,15:00,sh600586,金晶科技,2.81,2.82,2.69,2.73,92044,25314782.0,-0.11,-3.873239436619718
2019-08-07,15:00,sh600586,金晶科技,2.75,2.78,2.74,2.76,42313,11664767.0,0.03,1.098901098901099
2019-08-08,15:00,sh600586,金晶科技,2.78,2.78,2.75,2.76,26087,7212855.0,0.0,0.0
2019-08-09,15:00,sh600586,金晶科技,2.78,2.78,2.7,2.77,56822,15580362.0,0.01,0.3623188405797101
2019-08-12,15:00,sh600586,金晶科技,2.76,2.81,2.75,2.81,36687,10220013.0,0.04,1.444043321299639
2019-08-13,15:00,sh600586,金晶科技,2.78,2.79,2.76,2.78,21797,6045131.0,-0.03,-1.0676156583629894
2019-08-14,15:00,sh600586,金晶科技,2.8,2.82,2.76,2.78,42760,11945887.0,0.0,0.0
2019-08-15,15:00,sh600586,金晶科技,2.72,2.77,2.7,2.76,38960,10668403.0,-0.02,-0.7194244604316548
2019-08-16,15:00,sh600586,金晶科技,2.77,2.78,2.75,2.76,34424,9528022.0,0.0,0.0
2019-08-19,15:00,sh600586,金晶科技,2.78,2.83,2.77,2.82,48718,13675750.0,0.06,2.1739130434782608
2019-08-20,15:00,sh600586,金晶科技,2.83,2.87,2.82,2.84,59680,16972112.0,0.02,0.7092198581560284
2019-08-21,15:00,sh600586,金晶科技,2.84,2.88,2.82,2.87,62066,17678464.0,0.03,1.056338028169014
2019-08-22,15:00,sh600586,金晶科技,2.88,2.88,2.84,2.87,39036,11143823.0,0.0,0.0
2019-08-23,15:00,sh600586,金晶科技,2.86,2.98,2.86,2.9,128712,37478128.0,0.03,1.0452961672473868
2019-08-26,15:00,sh600586,金晶科技,2.85,2.85,2.81,2.83,68243,19280680.0,-0.07,-2.413793103448276
2019-08-27,15:00,sh600586,金晶科技,2.83,2.87,2.82,2.86,85570,24354088.0,0.03,1.060070671378092
2019-08-28,15:00,sh600586,金晶科技,2.85,2.87,2.83,2.85,65969,18769652.0,-0.01,-0.3496503496503496
2019-08-29,15:00,sh600586,金晶科技,2.85,2.85,2.82,2.83,47864,13561477.0,-0.02,-0.7017543859649122
2019-08-30,15:00,sh600586,金晶科技,2.84,2.85,2.78,2.79,54759,15399144.0,-0.04,-1.413427561837456
2019-09-02,15:00,sh600586,金晶科技,2.79,2.84,2.78,2.83,49285,13885120.0,0.04,1.4336917562724014
2019-09-03,15:00,sh600586,金晶科技,2.82,2.83,2.8,2.82,70468,19843972.0,-0.01,-0.3533568904593639
2019-09-04,15:00,sh600586,金晶科技,2.81,2.85,2.81,2.84,71675,20267696.0,0.02,0.7092198581560284
2019-09-05,15:00,sh600586,金晶科技,2.85,2.89,2.84,2.85,127904,36636696.0,0.01,0.352112676056338
2019-09-06,15:00,sh600586,金晶科技,2.86,2.87,2.84,2.87,67036,19153684.0,0.02,0.7017543859649122
2019-09-09,15:00,sh600586,金晶科技,2.89,2.92,2.86,2.91,112318,32454712.0,0.04,1.3937282229965158
2019-09-10,15:00,sh600586,金晶科技,2.91,2.95,2.85,2.94,147948,43009620.0,0.03,1.0309278350515465
2019-09-11,15:00,sh600586,金晶科技,2.93,3.01,2.9,3.0,289643,85715736.0,0.06,2.0408163265306123
2019-09-12,15:00,sh600586,金晶科技,2.97,3.11,2.96,3.09,237697,72173808.0,0.09,3.0
2019-09-16,15:00,sh600586,金晶科技,3.1,3.1,2.99,3.0,283232,85944488.0,-0.09,-2.912621359223301
2019-09-17,15:00,sh600586,金晶科技,3.01,3.01,2.92,2.93,117974,34794112.0,-0.07,-2.333333333333333
2019-09-18,15:00,sh600586,金晶科技,2.94,2.95,2.92,2.92,46151,13524965.0,-0.01,-0.3412969283276451
2019-09-19,15:00,sh600586,金晶科技,2.93,2.94,2.89,2.92,64411,18755052.0,0.0,0.0
2019-09-20,15:00,sh600586,金晶科技,2.92,2.94,2.9,2.92,53489,15605279.0,0.0,0.0
2019-09-23,15:00,sh600586,金晶科技,2.91,2.91,2.84,2.85,97719,27974108.0,-0.07,-2.3972602739726026
2019-09-24,15:00,sh600586,金晶科技,2.85,2.91,2.85,2.88,77305,22298032.0,0.03,1.0526315789473684
2019-09-25,15:00,sh600586,金晶科技,2.86,2.87,2.8,2.8,73235,20765638.0,-0.08,-2.7777777777777777
2019-09-26,15:00,sh600586,金晶科技,2.82,2.84,2.77,2.8,65510,18362694.0,0.0,0.0
2019-09-27,15:00,sh600586,金晶科技,2.81,2.84,2.78,2.83,31671,8928712.0,0.03,1.0714285714285714
2019-09-30,15:00,sh600586,金晶科技,2.83,2.84,2.81,2.83,24554,6931042.0,0.0,0.0
2019-10-08,15:00,sh600586,金晶科技,2.83,2.84,2.81,2.83,27862,7874542.0,0.0,0.0
2019-10-09,15:00,sh600586,金晶科技,2.8,2.84,2.8,2.83,56682,15966722.0,0.0,0.0
2019-10-10,15:00,sh600586,金晶科技,2.82,2.87,2.81,2.86,54218,15416696.0,0.03,1.060070671378092
2019-10-11,15:00,sh600586,金晶科技,2.85,2.87,2.83,2.86,38761,11046529.0,0.0,0.0
2019-10-14,15:00,sh600586,金晶科技,2.87,2.91,2.86,2.91,77976,22574974.0,0.05,1.7482517482517483
2019-10-15,15:00,sh600586,金晶科技,2.91,2.91,2.88,2.9,32461,9389992.0,-0.01,-0.3436426116838488
2019-10-16,15:00,sh600586,金晶科技,2.9,2.91,2.86,2.86,34035,9807720.0,-0.04,-1.3793103448275863
2019-10-17,15:00,sh600586,金晶科技,2.85,2.87,2.83,2.83,33533,9550224.0,-0.03,-1.048951048951049
2019-10-18,15:00,sh600586,金晶科技,2.83,2.89,2.82,2.84,58568,16689931.0,0.01,0.3533568904593639
2019-10-21,15:00,sh600586,金晶科技,2.83,2.86,2.78,2.84,56178,15814556.0,0.0,0.0
2019-10-22,15:00,sh600586,金晶科技,2.85,2.98,2.85,2.92,141313,41152632.0,0.08,2.8169014084507045
2019-10-23,15:00,sh600586,金晶科技,2.9,2.9,2.86,2.87,71376,20503906.0,-0.05,-1.7123287671232876
2019-10-24,15:00,sh600586,金晶科技,2.86,2.88,2.82,2.88,62653,17845884.0,0.01,0.3484320557491289
2019-10-25,15:00,sh600586,金晶科技,2.86,2.89,2.84,2.88,48667,13966332.0,0.0,0.0
2019-10-28,15:00,sh600586,金晶科技,2.87,2.91,2.87,2.9,61564,17802676.0,0.02,0.6944444444444444
2019-10-29,15:00,sh600586,金晶科技,2.9,2.9,2.86,2.86,47844,13751366.0,-0.04,-1.3793103448275863
2019-10-30,15:00,sh600586,金晶科技,2.87,2.87,2.82,2.82,42456,12025031.0,-0.04,-1.3986013986013983
2019-10-31,15:00,sh600586,金晶科技,2.81,2.83,2.79,2.8,47594,13364502.0,-0.02,-0.7092198581560284
2019-11-01,15:00,sh600586,金晶科技,2.81,2.83,2.8,2.81,23417,6598458.0,0.01,0.3571428571428571
2019-11-04,15:00,sh600586,金晶科技,2.81,2.84,2.81,2.81,27429,7745765.0,0.0,0.0
2019-11-05,15:00,sh600586,金晶科技,2.81,2.84,2.81,2.82,38758,10949680.0,0.01,0.3558718861209964
2019-11-06,15:00,sh600586,金晶科技,2.82,2.83,2.8,2.82,34499,9724142.0,0.0,0.0
2019-11-07,15:00,sh600586,金晶科技,2.82,2.84,2.82,2.83,33351,9431472.0,0.01,0.3546099290780142
2019-11-08,15:00,sh600586,金晶科技,2.83,2.85,2.82,2.82,28462,8054986.0,-0.01,-0.3533568904593639
2019-11-11,15:00,sh600586,金晶科技,2.8,2.82,2.74,2.75,56788,15709548.0,-0.07,-2.4822695035460995
2019-11-12,15:00,sh600586,金晶科技,2.75,2.76,2.72,2.75,28381,7778286.0,0.0,0.0
2019-11-13,15:00,sh600586,金晶科技,2.75,2.77,2.74,2.75,31437,8665084.0,0.0,0.0
2019-11-14,15:00,sh600586,金晶科技,2.75,2.76,2.73,2.75,30561,8391813.0,0.0,0.0
2019-11-15,15:00,sh600586,金晶科技,2.75,2.76,2.72,2.72,29616,8089620.0,-0.03,-1.090909090909091
2019-11-18,15:00,sh600586,金晶科技,2.72,2.74,2.71,2.73,20645,5626280.0,0.01,0.3676470588235294
2019-11-19,15:00,sh600586,金晶科技,2.73,2.76,2.72,2.76,28077,7709405.0,0.03,1.098901098901099
2019-11-20,15:00,sh600586,金晶科技,2.75,2.76,2.72,2.73,29218,7987403.0,-0.03,-1.0869565217391304
2019-11-21,15:00,sh600586,金晶科技,2.73,2.75,2.71,2.74,29208,7976143.0,0.01,0.3663003663003663
2019-11-22,15:00,sh600586,金晶科技,2.78,2.84,2.75,2.78,98178,27468844.0,0.04,1.45985401459854
2019-11-25,15:00,sh600586,金晶科技,2.77,2.8,2.74,2.8,57636,15998763.0,0.02,0.7194244604316548
2019-11-26,15:00,sh600586,金晶科技,2.8,2.8,2.77,2.78,37331,10385611.0,-0.02,-0.7142857142857143
2019-11-27,15:00,sh600586,金晶科技,2.79,2.79,2.71,2.73,64206,17569060.0,-0.05,-1.7985611510791366
2019-11-28,15:00,sh600586,金晶科技,2.73,2.74,2.71,2.72,24038,6548545.0,-0.01,-0.3663003663003663
2019-11-29,15:00,sh600586,金晶科技,2.72,2.74,2.71,2.74,23166,6308591.0,0.02,0.7352941176470588
2019-12-02,15:00,sh600586,金晶科技,2.73,2.74,2.72,2.72,29958,8168259.0,-0.02,-0.7299270072992701
2019-12-03,15:00,sh600586,金晶科技,2.71,2.74,2.7,2.74,23049,6276788.0,0.02,0.7352941176470588
2019-12-04,15:00,sh600586,金晶科技,2.73,2.75,2.72,2.74,23005,6300863.0,0.0,0.0
2019-12-05,15:00,sh600586,金晶科技,2.74,2.77,2.74,2.77,47655,13137027.0,0.03,1.094890510948905
2019-12-06,15:00,sh600586,金晶科技,2.77,2.78,2.75,2.77,35763,9897629.0,0.0,0.0
2019-12-09,15:00,sh600586,金晶科技,2.78,2.78,2.75,2.77,37970,10519597.0,0.0,0.0
2019-12-10,15:00,sh600586,金晶科技,2.77,2.81,2.75,2.8,77504,21595322.0,0.03,1.083032490974729
2019-12-11,15:00,sh600586,金晶科技,2.81,2.81,2.78,2.79,40073,11183310.0,-0.01,-0.3571428571428571
2019-12-12,15:00,sh600586,金晶科技,2.79,2.79,2.75,2.76,47556,13187070.0,-0.03,-1.0752688172043012
2019-12-13,15:00,sh600586,金晶科技,2.77,2.79,2.76,2.78,43476,12060352.0,0.02,0.7246376811594203
2019-12-16,15:00,sh600586,金晶科技,2.79,2.8,2.77,2.8,48527,13543306.0,0.02,0.7194244604316548
2019-12-17,15:00,sh600586,金晶科技,2.8,2.84,2.79,2.83,82828,23383772.0,0.03,1.0714285714285714
2019-12-18,15:00,sh600586,金晶科技,2.83,2.84,2.81,2.83,80759,22843196.0,0.0,0.0
2019-12-19,15:00,sh600586,金晶科技,2.83,2.86,2.82,2.85,64251,18235548.0,0.02,0.7067137809187279
2019-12-20,15:00,sh600586,金晶科技,2.84,2.89,2.83,2.84,117157,33554704.0,-0.01,-0.3508771929824561
2019-12-23,15:00,sh600586,金晶科技,2.83,2.84,2.78,2.78,69372,19474540.0,-0.06,-2.112676056338028
2019-12-24,15:00,sh600586,金晶科技,2.78,2.82,2.77,2.8,35622,9957056.0,0.02,0.7194244604316548
2019-12-25,15:00,sh600586,金晶科技,2.8,2.81,2.78,2.79,32604,9108027.0,-0.01,-0.3571428571428571
2019-12-26,15:00,sh600586,金晶科技,2.79,2.84,2.78,2.84,66533,18764524.0,0.05,1.7921146953405016
2019-12-27,15:00,sh600586,金晶科技,2.85,2.86,2.81,2.81,110721,31420940.0,-0.03,-1.056338028169014
2019-12-30,15:00,sh600586,金晶科技,2.82,2.92,2.8,2.91,207081,59573436.0,0.1,3.558718861209965
2019-12-31,15:00,sh600586,金晶科技,2.89,2.9,2.85,2.88,123753,35573028.0,-0.03,-1.0309278350515465
2020-01-02,15:00,sh600586,金晶科技,2.89,2.91,2.88,2.89,131004,37928268.0,0.01,0.3472222222222222
2020-01-03,15:00,sh600586,金晶科技,2.89,2.91,2.87,2.9,96573,27926308.0,0.01,0.3460207612456747
2020-01-06,15:00,sh600586,金晶科技,2.88,2.92,2.87,2.9,106661,30955726.0,0.0,0.0
2020-01-07,15:00,sh600586,金晶科技,2.9,2.96,2.89,2.93,132218,38692320.0,0.03,1.0344827586206895
2020-01-08,15:00,sh600586,金晶科技,2.91,2.92,2.86,2.87,104010,30108194.0,-0.06,-2.04778156996587
2020-01-09,15:00,sh600586,金晶科技,2.89,2.91,2.88,2.91,84098,24365426.0,0.04,1.3937282229965158
2020-01-10,15:00,sh600586,金晶科技,2.91,2.92,2.88,2.91,75006,21728032.0,0.0,0.0
2020-01-13,15:00,sh600586,金晶科技,2.9,2.9,2.87,2.89,72346,20860788.0,-0.02,-0.6872852233676976
2020-01-14,15:00,sh600586,金晶科技,2.9,2.91,2.88,2.88,67739,19599800.0,-0.01,-0.3460207612456747
2020-01-15,15:00,sh600586,金晶科技,2.88,2.9,2.85,2.86,61019,17468058.0,-0.02,-0.6944444444444444
2020-01-16,15:00,sh600586,金晶科技,2.85,2.88,2.84,2.86,64903,18551492.0,0.0,0.0
2020-01-17,15:00,sh600586,金晶科技,2.86,2.87,2.83,2.84,45744,13015088.0,-0.02,-0.6993006993006993
2020-01-20,15:00,sh600586,金晶科技,2.83,2.85,2.82,2.85,46506,13176695.0,0.01,0.352112676056338
2020-01-21,15:00,sh600586,金晶科技,2.84,2.86,2.82,2.84,53399,15129108.0,-0.01,-0.3508771929824561
2020-01-22,15:00,sh600586,金晶科技,2.83,2.84,2.8,2.83,51358,14492869.0,-0.01,-0.352112676056338
2020-01-23,15:00,sh600586,金晶科技,2.82,2.82,2.75,2.76,86431,24056376.0,-0.07,-2.4734982332155475
2020-02-03,15:00,sh600586,金晶科技,2.48,2.48,2.48,2.48,34060,8446880.0,-0.28,-10.144927536231885
2020-02-04,15:00,sh600586,金晶科技,2.33,2.44,2.31,2.4,189049,45017904.0,-0.08,-3.225806451612903
2020-02-05,15:00,sh600586,金晶科技,2.41,2.48,2.38,2.43,125321,30454860.0,0.03,1.25
2020-02-06,15:00,sh600586,金晶科技,2.43,2.47,2.4,2.45,122768,29920868.0,0.02,0.823045267489712
2020-02-07,15:00,sh600586,金晶科技,2.45,2.52,2.42,2.47,143131,35381728.0,0.02,0.8163265306122449
2020-02-10,15:00,sh600586,金晶科技,2.46,2.53,2.43,2.52,117433,29233160.0,0.05,2.0242914979757085
2020-02-11,15:00,sh600586,金晶科技,2.52,2.77,2.51,2.77,504077,137277392.0,0.25,9.92063492063492
2020-02-12,15:00,sh600586,金晶科技,2.83,3.05,2.78,3.05,427756,126068488.0,0.28,10.108303249097473
2020-02-13,15:00,sh600586,金晶科技,3.36,3.36,3.29,3.3,1361291,456870528.0,0.25,8.19672131147541
2020-02-14,15:00,sh600586,金晶科技,3.1,3.14,2.97,2.99,1322849,403301216.0,-0.31,-9.393939393939393
2020-02-17,15:00,sh600586,金晶科技,2.91,3.0,2.87,2.97,703820,207778240.0,-0.02,-0.6688963210702341
2020-02-18,15:00,sh600586,金晶科技,2.99,3.27,2.97,3.27,1192431,385487232.0,0.3,10.1010101010101
2020-02-19,15:00,sh600586,金晶科技,3.3,3.6,3.2,3.39,1829421,626036992.0,0.12,3.669724770642202
2020-02-20,15:00,sh600586,金晶科技,3.29,3.36,3.15,3.32,1040168,338601536.0,-0.07,-2.0648967551622417
2020-02-21,15:00,sh600586,金晶科技,3.27,3.6,3.22,3.37,1138335,386100224.0,0.05,1.5060240963855422
2020-02-24,15:00,sh600586,金晶科技,3.27,3.59,3.26,3.51,1106665,381593152.0,0.14,4.154302670623145
2020-02-25,15:00,sh600586,金晶科技,3.38,3.8,3.3,3.7,1331139,482090496.0,0.19,5.413105413105413
2020-02-26,15:00,sh600586,金晶科技,3.6,3.73,3.33,3.36,1104257,387311936.0,-0.34,-9.18918918918919
2020-02-27,15:00,sh600586,金晶科技,3.4,3.46,3.25,3.34,496906,166392480.0,-0.02,-0.5952380952380952
2020-02-28,15:00,sh600586,金晶科技,3.18,3.24,3.07,3.1,543272,170732192.0,-0.24,-7.18562874251497
2020-03-02,15:00,sh600586,金晶科技,3.15,3.27,3.13,3.22,362336,116036720.0,0.12,3.870967741935484
2020-03-03,15:00,sh600586,金晶科技,3.27,3.34,3.17,3.2,401582,130941120.0,-0.02,-0.6211180124223602
2020-03-04,15:00,sh600586,金晶科技,3.15,3.24,3.15,3.22,258710,82462656.0,0.02,0.625
2020-03-05,15:00,sh600586,金晶科技,3.33,3.35,3.24,3.28,392113,129347984.0,0.06,1.8633540372670807
2020-03-06,15:00,sh600586,金晶科技,3.23,3.27,3.2,3.23,300011,97008520.0,-0.05,-1.524390243902439
2020-03-09,15:00,sh600586,金晶科技,3.12,3.18,3.06,3.07,335893,104470648.0,-0.16,-4.953560371517028
2020-03-10,15:00,sh600586,金晶科技,3.01,3.13,2.98,3.12,261505,80156616.0,0.05,1.6286644951140066
2020-03-11,15:00,sh600586,金晶科技,3.15,3.19,3.07,3.08,217684,68275568.0,-0.04,-1.282051282051282
2020-03-12,15:00,sh600586,金晶科技,3.05,3.07,2.99,3.01,196625,59320368.0,-0.07,-2.272727272727273
2020-03-13,15:00,sh600586,金晶科技,2.88,3.0,2.83,2.96,213466,62126528.0,-0.05,-1.6611295681063123
2020-03-16,15:00,sh600586,金晶科技,3.02,3.03,2.85,2.86,194447,57129072.0,-0.1,-3.3783783783783785
2020-03-17,15:00,sh600586,金晶科技,2.83,2.94,2.76,2.87,180948,51333360.0,0.01,0.3496503496503496
2020-03-18,15:00,sh600586,金晶科技,2.89,2.94,2.82,2.83,145693,41978800.0,-0.04,-1.3937282229965158
2020-03-19,15:00,sh600586,金晶科技,2.8,2.88,2.78,2.87,147829,41938252.0,0.04,1.413427561837456
2020-03-20,15:00,sh600586,金晶科技,2.89,2.9,2.83,2.89,108986,31234180.0,0.02,0.6968641114982579
2020-03-23,15:00,sh600586,金晶科技,2.86,2.86,2.77,2.78,121556,34219328.0,-0.11,-3.8062283737024223
2020-03-24,15:00,sh600586,金晶科技,2.81,2.84,2.72,2.8,107417,29951652.0,0.02,0.7194244604316548
2020-03-25,15:00,sh600586,金晶科技,2.85,2.9,2.84,2.89,149690,42901008.0,0.09,3.214285714285714
2020-03-26,15:00,sh600586,金晶科技,2.85,2.89,2.82,2.83,94457,26965828.0,-0.06,-2.0761245674740483
2020-03-27,15:00,sh600586,金晶科技,2.85,2.86,2.82,2.83,75424,21412642.0,0.0,0.0
2020-03-30,15:00,sh600586,金晶科技,2.78,2.8,2.72,2.76,103537,28508272.0,-0.07,-2.4734982332155475
2020-03-31,15:00,sh600586,金晶科技,2.78,2.81,2.73,2.74,60878,16792360.0,-0.02,-0.7246376811594203
2020-04-01,15:00,sh600586,金晶科技,2.74,2.77,2.71,2.72,74122,20297552.0,-0.02,-0.7299270072992701
2020-04-02,15:00,sh600586,金晶科技,2.7,2.76,2.67,2.76,80435,21829692.0,0.04,1.4705882352941175
2020-04-03,15:00,sh600586,金晶科技,2.75,2.76,2.69,2.7,66210,18038320.0,-0.06,-2.1739130434782608
2020-04-07,15:00,sh600586,金晶科技,2.74,2.79,2.72,2.79,116041,31980408.0,0.09,3.333333333333333
2020-04-08,15:00,sh600586,金晶科技,2.79,2.83,2.76,2.82,109862,30800658.0,0.03,1.0752688172043012
2020-04-09,15:00,sh600586,金晶科技,2.83,2.85,2.82,2.85,113899,32320496.0,0.03,1.0638297872340423
2020-04-10,15:00,sh600586,金晶科技,2.86,2.86,2.74,2.76,104455,29107968.0,-0.09,-3.1578947368421053
2020-04-13,15:00,sh600586,金晶科技,2.73,2.76,2.71,2.74,59792,16369778.0,-0.02,-0.7246376811594203
2020-04-14,15:00,sh600586,金晶科技,2.75,2.79,2.74,2.79,55804,15457248.0,0.05,1.824817518248175
2020-04-15,15:00,sh600586,金晶科技,2.79,2.88,2.77,2.84,200855,57098464.0,0.05,1.7921146953405016
2020-04-16,15:00,sh600586,金晶科技,2.85,2.85,2.78,2.82,134446,37742412.0,-0.02,-0.7042253521126761
2020-04-17,15:00,sh600586,金晶科技,2.84,2.86,2.8,2.82,145362,41126972.0,0.0,0.0
2020-04-20,15:00,sh600586,金晶科技,2.83,2.84,2.8,2.82,78212,22023248.0,0.0,0.0
2020-04-21,15:00,sh600586,金晶科技,2.81,2.81,2.72,2.76,107974,29784462.0,-0.06,-2.127659574468085
2020-04-22,15:00,sh600586,金晶科技,2.74,2.78,2.72,2.77,60190,16585685.0,0.01,0.3623188405797101
2020-04-23,15:00,sh600586,金晶科技,2.76,2.78,2.74,2.75,69171,19068168.0,-0.02,-0.7220216606498195
2020-04-24,15:00,sh600586,金晶科技,2.75,2.76,2.7,2.7,78106,21239668.0,-0.05,-1.818181818181818
2020-04-27,15:00,sh600586,金晶科技,2.69,2.71,2.68,2.69,55809,15059989.0,-0.01,-0.3703703703703704
2020-04-28,15:00,sh600586,金晶科技,2.69,2.69,2.51,2.67,96037,25193702.0,-0.02,-0.7434944237918215
2020-04-29,15:00,sh600586,金晶科技,2.66,2.7,2.63,2.65,66286,17663066.0,-0.02,-0.7490636704119851
2020-04-30,15:00,sh600586,金晶科技,2.65,2.72,2.65,2.71,86788,23371950.0,0.06,2.2641509433962264
2020-05-06,15:00,sh600586,金晶科技,2.68,2.74,2.67,2.74,67964,18430380.0,0.03,1.107011070110701
2020-05-07,15:00,sh600586,金晶科技,2.75,2.77,2.71,2.72,64671,17698188.0,-0.02,-0.7299270072992701
2020-05-08,15:00,sh600586,金晶科技,2.72,2.79,2.72,2.77,108388,29884176.0,0.05,1.8382352941176472
2020-05-11,15:00,sh600586,金晶科技,2.77,2.8,2.74,2.76,89827,24886696.0,-0.01,-0.3610108303249097
2020-05-12,15:00,sh600586,金晶科技,2.75,2.75,2.7,2.74,63388,17287032.0,-0.02,-0.7246376811594203
2020-05-13,15:00,sh600586,金晶科技,2.73,2.74,2.71,2.72,50950,13861415.0,-0.02,-0.7299270072992701
2020-05-14,15:00,sh600586,金晶科技,2.72,2.72,2.68,2.69,55913,15079094.0,-0.03,-1.1029411764705883
2020-05-15,15:00,sh600586,金晶科技,2.7,2.71,2.68,2.69,49210,13264016.0,0.0,0.0
2020-05-18,15:00,sh600586,金晶科技,2.69,2.71,2.68,2.7,55202,14910667.0,0.01,0.3717472118959107
2020-05-19,15:00,sh600586,金晶科技,2.71,2.73,2.7,2.71,45104,12246114.0,0.01,0.3703703703703704
2020-05-20,15:00,sh600586,金晶科技,2.71,2.71,2.66,2.66,72083,19295448.0,-0.05,-1.8450184501845015
2020-05-21,15:00,sh600586,金晶科技,2.66,2.68,2.64,2.65,55785,14837539.0,-0.01,-0.3759398496240601
2020-05-22,15:00,sh600586,金晶科技,2.64,2.65,2.57,2.57,79151,20596954.0,-0.08,-3.018867924528302
2020-05-25,15:00,sh600586,金晶科技,2.58,2.69,2.57,2.68,111230,29541160.0,0.11,4.280155642023346
2020-05-26,15:00,sh600586,金晶科技,2.69,2.71,2.65,2.7,71612,19160742.0,0.02,0.7462686567164178
2020-05-27,15:00,sh600586,金晶科技,2.69,2.7,2.65,2.65,57639,15333513.0,-0.05,-1.851851851851852
2020-05-28,15:00,sh600586,金晶科技,2.66,2.7,2.63,2.7,75917,20190932.0,0.05,1.8867924528301887
2020-05-29,15:00,sh600586,金晶科技,2.69,2.7,2.67,2.69,62197,16731918.0,-0.01,-0.3703703703703704
2020-06-01,15:00,sh600586,金晶科技,2.68,2.77,2.68,2.76,131328,35901996.0,0.07,2.6022304832713754
2020-06-02,15:00,sh600586,金晶科技,2.75,2.79,2.73,2.78,108282,29954412.0,0.02,0.7246376811594203
2020-06-03,15:00,sh600586,金晶科技,2.78,2.79,2.73,2.73,92992,25616544.0,-0.05,-1.7985611510791366
2020-06-04,15:00,sh600586,金晶科技,2.75,2.76,2.72,2.74,62699,17167094.0,0.01,0.3663003663003663
2020-06-05,15:00,sh600586,金晶科技,2.75,2.76,2.72,2.75,62837,17224816.0,0.01,0.364963503649635
2020-06-08,15:00,sh600586,金晶科技,2.74,2.82,2.74,2.81,173775,48458192.0,0.06,2.181818181818182
2020-06-09,15:00,sh600586,金晶科技,2.79,2.81,2.77,2.79,73786,20571196.0,-0.02,-0.7117437722419928
2020-06-10,15:00,sh600586,金晶科技,2.78,2.79,2.73,2.75,85878,23660428.0,-0.04,-1.4336917562724014
2020-06-11,15:00,sh600586,金晶科技,2.74,2.77,2.73,2.74,71891,19807704.0,-0.01,-0.3636363636363636
2020-06-12,15:00,sh600586,金晶科技,2.7,2.75,2.67,2.75,82228,22315084.0,0.01,0.364963503649635
2020-06-15,15:00,sh600586,金晶科技,2.73,2.77,2.71,2.71,87561,23949922.0,-0.04,-1.4545454545454546
2020-06-16,15:00,sh600586,金晶科技,2.72,2.75,2.71,2.73,82227,22430694.0,0.02,0.7380073800738007
2020-06-17,15:00,sh600586,金晶科技,2.73,2.75,2.71,2.73,54355,14813975.0,0.0,0.0
2020-06-18,15:00,sh600586,金晶科技,2.73,2.74,2.69,2.73,78372,21322720.0,0.0,0.0
2020-06-19,15:00,sh600586,金晶科技,2.73,2.85,2.72,2.8,203609,56748888.0,0.07,2.564102564102564
2020-06-22,15:00,sh600586,金晶科技,2.81,2.83,2.78,2.8,137849,38636140.0,0.0,0.0
2020-06-23,15:00,sh600586,金晶科技,2.79,2.82,2.78,2.79,77991,21860456.0,-0.01,-0.3571428571428571
2020-06-24,15:00,sh600586,金晶科技,2.79,3.07,2.79,3.07,411314,123723928.0,0.28,10.03584229390681
2020-06-29,15:00,sh600586,金晶科技,3.38,3.38,3.38,3.38,127587,43124408.0,0.31,10.09771986970684
2020-06-30,15:00,sh600586,金晶科技,3.6,3.72,3.51,3.72,1223604,444836704.0,0.34,10.059171597633137
2020-07-01,15:00,sh600586,金晶科技,3.9,4.08,3.57,3.83,2542292,973922496.0,0.11,2.956989247311828
2020-07-02,15:00,sh600586,金晶科技,3.8,3.87,3.57,3.78,1581167,585399936.0,-0.05,-1.3054830287206265
2020-07-03,15:00,sh600586,金晶科技,3.66,3.77,3.51,3.51,1320174,478671264.0,-0.27,-7.142857142857142
2020-07-06,15:00,sh600586,金晶科技,3.43,3.6,3.34,3.55,1359427,471439392.0,0.04,1.1396011396011396
2020-07-07,15:00,sh600586,金晶科技,3.52,3.91,3.43,3.76,1737556,637768320.0,0.21,5.915492957746479
2020-07-08,15:00,sh600586,金晶科技,3.66,3.85,3.61,3.8,1238782,464737376.0,0.04,1.0638297872340423
2020-07-09,15:00,sh600586,金晶科技,3.76,3.93,3.72,3.82,1071852,410324544.0,0.02,0.5263157894736842
2020-07-10,15:00,sh600586,金晶科技,3.74,3.81,3.6,3.61,956514,351832608.0,-0.21,-5.49738219895288
2020-07-13,15:00,sh600586,金晶科技,3.61,3.97,3.57,3.97,682592,266039968.0,0.36,9.97229916897507
2020-07-14,15:00,sh600586,金晶科技,4.15,4.3,3.91,4.21,2128227,879099712.0,0.24,6.045340050377834
2020-07-15,15:00,sh600586,金晶科技,4.03,4.09,3.76,3.79,1126304,439735200.0,-0.42,-9.97624703087886
2020-07-16,15:00,sh600586,金晶科技,3.85,3.95,3.57,3.58,696852,262497280.0,-0.21,-5.540897097625329
2020-07-17,15:00,sh600586,金晶科技,3.59,3.7,3.48,3.5,490701,175114736.0,-0.08,-2.23463687150838
2020-07-20,15:00,sh600586,金晶科技,3.55,3.74,3.51,3.73,576807,210549568.0,0.23,6.571428571428571
2020-07-21,15:00,sh600586,金晶科技,3.73,3.88,3.67,3.8,639573,242763008.0,0.07,1.876675603217158
2020-07-22,15:00,sh600586,金晶科技,3.84,3.9,3.74,3.81,561526,214504960.0,0.01,0.2631578947368421
2020-07-23,15:00,sh600586,金晶科技,3.75,3.76,3.5,3.64,678098,246219664.0,-0.17,-4.461942257217848
2020-07-24,15:00,sh600586,金晶科技,3.58,3.66,3.48,3.51,430759,153707232.0,-0.13,-3.571428571428571
2020-07-27,15:00,sh600586,金晶科技,3.61,3.64,3.52,3.56,309211,110727536.0,0.05,1.4245014245014245
2020-07-28,15:00,sh600586,金晶科技,3.58,3.62,3.42,3.48,374504,131362424.0,-0.08,-2.247191011235955
2020-07-29,15:00,sh600586,金晶科技,3.45,3.55,3.35,3.55,357944,124024392.0,0.07,2.0114942528735638
2020-07-30,15:00,sh600586,金晶科技,3.53,3.6,3.48,3.5,306869,108330888.0,-0.05,-1.4084507042253522
2020-07-31,15:00,sh600586,金晶科技,3.49,3.77,3.48,3.61,534601,193356432.0,0.11,3.1428571428571432
2020-08-03,15:00,sh600586,金晶科技,3.7,3.75,3.61,3.68,487313,178120496.0,0.07,1.9390581717451525
2020-08-04,15:00,sh600586,金晶科技,3.79,4.05,3.72,3.88,1152292,446281504.0,0.2,5.434782608695652
2020-08-05,15:00,sh600586,金晶科技,3.79,3.83,3.66,3.79,700694,261969744.0,-0.09,-2.31958762886598
2020-08-06,15:00,sh600586,金晶科技,3.8,3.99,3.76,3.91,777691,302030368.0,0.12,3.16622691292876
2020-08-07,15:00,sh600586,金晶科技,3.86,3.86,3.71,3.77,535212,201854976.0,-0.14,-3.580562659846547
2020-08-10,15:00,sh600586,金晶科技,3.8,3.88,3.71,3.78,355430,134917856.0,0.01,0.2652519893899204
2020-08-11,15:00,sh600586,金晶科技,3.85,3.91,3.71,3.73,510677,195322976.0,-0.05,-1.3227513227513228
2020-08-12,15:00,sh600586,金晶科技,3.63,3.64,3.48,3.54,489839,173631920.0,-0.19,-5.093833780160858
2020-08-13,15:00,sh600586,金晶科技,3.57,3.59,3.5,3.53,246215,86916240.0,-0.01,-0.2824858757062147
2020-08-14,15:00,sh600586,金晶科技,3.5,3.53,3.43,3.53,253007,88049208.0,0.0,0.0
2020-08-17,15:00,sh600586,金晶科技,3.52,3.59,3.5,3.58,288168,102416720.0,0.05,1.41643059490085
2020-08-18,15:00,sh600586,金晶科技,3.58,3.63,3.58,3.63,252451,91038464.0,0.05,1.3966480446927374
2020-08-19,15:00,sh600586,金晶科技,3.61,3.62,3.53,3.55,228041,81474896.0,-0.08,-2.203856749311295
2020-08-20,15:00,sh600586,金晶科技,3.51,3.56,3.5,3.51,167100,58763552.0,-0.04,-1.1267605633802815
2020-08-21,15:00,sh600586,金晶科技,3.51,3.55,3.49,3.52,151360,53274416.0,0.01,0.2849002849002849
2020-08-24,15:00,sh600586,金晶科技,3.53,3.53,3.45,3.5,129788,45302792.0,-0.02,-0.5681818181818182
2020-08-25,15:00,sh600586,金晶科技,3.5,3.54,3.46,3.46,147050,51374880.0,-0.04,-1.1428571428571428
2020-08-26,15:00,sh600586,金晶科技,3.46,3.5,3.39,3.4,179365,61815128.0,-0.06,-1.7341040462427744
2020-08-27,15:00,sh600586,金晶科技,3.4,3.43,3.33,3.43,152762,51622544.0,0.03,0.8823529411764706
2020-08-28,15:00,sh600586,金晶科技,3.43,3.7,3.4,3.63,474981,169779360.0,0.2,5.830903790087463
2020-08-31,15:00,sh600586,金晶科技,3.72,3.94,3.72,3.76,725735,277374880.0,0.13,3.581267217630854
2020-09-01,15:00,sh600586,金晶科技,3.75,3.84,3.65,3.77,403832,150239904.0,0.01,0.2659574468085106
2020-09-02,15:00,sh600586,金晶科技,3.77,3.8,3.68,3.73,254975,95060744.0,-0.04,-1.0610079575596816
2020-09-03,15:00,sh600586,金晶科技,3.74,3.76,3.65,3.69,238029,87829984.0,-0.04,-1.0723860589812333
2020-09-04,15:00,sh600586,金晶科技,3.59,3.64,3.55,3.61,216574,78005816.0,-0.08,-2.168021680216802
2020-09-07,15:00,sh600586,金晶科技,3.6,3.69,3.54,3.6,291026,105175792.0,-0.01,-0.2770083102493075
2020-09-08,15:00,sh600586,金晶科技,3.6,3.65,3.53,3.62,236324,85227720.0,0.02,0.5555555555555556
2020-09-09,15:00,sh600586,金晶科技,3.6,3.71,3.56,3.63,300413,109399360.0,0.01,0.2762430939226519
2020-09-10,15:00,sh600586,金晶科技,3.63,3.75,3.5,3.54,363098,131947512.0,-0.09,-2.479338842975207
2020-09-11,15:00,sh600586,金晶科技,3.49,3.51,3.39,3.5,253861,87357808.0,-0.04,-1.1299435028248588
2020-09-14,15:00,sh600586,金晶科技,3.52,3.54,3.43,3.46,142480,49535744.0,-0.04,-1.1428571428571428
2020-09-15,15:00,sh600586,金晶科技,3.47,3.5,3.42,3.48,111891,38739872.0,0.02,0.5780346820809248
2020-09-16,15:00,sh600586,金晶科技,3.45,3.48,3.43,3.45,83568,28813524.0,-0.03,-0.8620689655172413
2020-09-17,15:00,sh600586,金晶科技,3.43,3.54,3.4,3.47,130338,45144108.0,0.02,0.5797101449275363
2020-09-18,15:00,sh600586,金晶科技,3.47,3.51,3.44,3.49,87396,30358332.0,0.02,0.5763688760806917
2020-09-21,15:00,sh600586,金晶科技,3.5,3.53,3.47,3.48,91330,31852282.0,-0.01,-0.2865329512893982
2020-09-22,15:00,sh600586,金晶科技,3.44,3.5,3.42,3.45,87411,30160266.0,-0.03,-0.8620689655172413
2020-09-23,15:00,sh600586,金晶科技,3.45,3.47,3.41,3.46,87496,30178720.0,0.01,0.2898550724637681
2020-09-24,15:00,sh600586,金晶科技,3.42,3.46,3.41,3.42,84784,29072476.0,-0.04,-1.1560693641618496
2020-09-25,15:00,sh600586,金晶科技,3.43,3.44,3.28,3.35,194782,65019648.0,-0.07,-2.046783625730994
2020-09-28,15:00,sh600586,金晶科技,3.35,3.38,3.3,3.35,86106,28878440.0,0.0,0.0
2020-09-29,15:00,sh600586,金晶科技,3.38,3.38,3.2,3.2,247038,80945288.0,-0.15,-4.477611940298507
2020-09-30,15:00,sh600586,金晶科技,3.22,3.28,3.19,3.25,133344,43316064.0,0.05,1.5625
2020-10-09,15:00,sh600586,金晶科技,3.58,3.58,3.58,3.58,141937,50813524.0,0.33,10.153846153846152
2020-10-12,15:00,sh600586,金晶科技,3.59,3.71,3.55,3.65,656125,238402624.0,0.07,1.9553072625698324
2020-10-13,15:00,sh600586,金晶科技,3.61,3.63,3.53,3.57,259155,92776032.0,-0.08,-2.191780821917808
2020-10-14,15:00,sh600586,金晶科技,3.57,3.93,3.53,3.93,562301,215693120.0,0.36,10.084033613445378
2020-10-15,15:00,sh600586,金晶科技,3.93,3.93,3.7,3.73,769467,291544512.0,-0.2,-5.089058524173027
2020-10-16,15:00,sh600586,金晶科技,3.74,3.77,3.65,3.71,312022,115632304.0,-0.02,-0.5361930294906166
2020-10-19,15:00,sh600586,金晶科技,3.71,3.76,3.61,3.61,257136,94459768.0,-0.1,-2.6954177897574128
2020-10-20,15:00,sh600586,金晶科技,3.62,3.75,3.6,3.73,293914,108832232.0,0.12,3.32409972299169
2020-10-21,15:00,sh600586,金晶科技,3.72,3.73,3.63,3.65,182491,66771452.0,-0.08,-2.1447721179624666
2020-10-22,15:00,sh600586,金晶科技,3.64,3.65,3.53,3.59,189067,67762880.0,-0.06,-1.643835616438356
2020-10-23,15:00,sh600586,金晶科技,3.61,3.63,3.53,3.55,135459,48396352.0,-0.04,-1.1142061281337048
2020-10-26,15:00,sh600586,金晶科技,3.52,3.6,3.48,3.56,116850,41374736.0,0.01,0.2816901408450704
2020-10-27,15:00,sh600586,金晶科技,3.54,3.59,3.5,3.52,81245,28727480.0,-0.04,-1.1235955056179776
2020-10-28,15:00,sh600586,金晶科技,3.51,3.54,3.45,3.53,114394,39997480.0,0.01,0.2840909090909091
2020-10-29,15:00,sh600586,金晶科技,3.47,3.8,3.47,3.67,326039,119020432.0,0.14,3.966005665722379
2020-10-30,15:00,sh600586,金晶科技,3.65,3.78,3.61,3.71,398301,147674528.0,0.04,1.08991825613079
2020-11-02,15:00,sh600586,金晶科技,3.78,3.86,3.66,3.8,438508,165665376.0,0.09,2.4258760107816717
2020-11-03,15:00,sh600586,金晶科技,3.78,3.79,3.72,3.77,258412,96998344.0,-0.03,-0.7894736842105263
2020-11-04,15:00,sh600586,金晶科技,4.14,4.15,4.01,4.06,1586160,652575680.0,0.29,7.6923076923076925
2020-11-05,15:00,sh600586,金晶科技,3.98,4.18,3.89,4.05,1186591,480903392.0,-0.01,-0.2463054187192118
2020-11-06,15:00,sh600586,金晶科技,4.06,4.46,4.01,4.33,1385421,587551360.0,0.28,6.91358024691358
2020-11-09,15:00,sh600586,金晶科技,4.36,4.6,4.3,4.33,1241160,547222528.0,0.0,0.0
2020-11-10,15:00,sh600586,金晶科技,4.34,4.68,4.25,4.61,1142321,507308608.0,0.28,6.466512702078522
2020-11-11,15:00,sh600586,金晶科技,4.51,4.81,4.44,4.53,1155340,537314752.0,-0.08,-1.735357917570499
2020-11-12,15:00,sh600586,金晶科技,4.48,4.66,4.43,4.6,792171,360158848.0,0.07,1.545253863134658
2020-11-13,15:00,sh600586,金晶科技,4.58,4.68,4.46,4.61,580338,266096400.0,0.01,0.217391304347826
2020-11-16,15:00,sh600586,金晶科技,4.68,4.89,4.61,4.76,876284,417844032.0,0.15,3.2537960954446854
2020-11-17,15:00,sh600586,金晶科技,4.71,5.05,4.66,4.79,963304,471914464.0,0.03,0.6302521008403361
2020-11-18,15:00,sh600586,金晶科技,4.74,5.03,4.69,4.91,892668,435183488.0,0.12,2.5052192066805845
2020-11-19,15:00,sh600586,金晶科技,4.87,4.95,4.68,4.68,702475,334292032.0,-0.23,-4.684317718940937
2020-11-20,15:00,sh600586,金晶科技,4.69,4.79,4.61,4.68,587069,274829952.0,0.0,0.0
2020-11-23,15:00,sh600586,金晶科技,4.67,4.93,4.65,4.8,588927,283320000.0,0.12,2.564102564102564
2020-11-24,15:00,sh600586,金晶科技,4.77,5.04,4.72,4.89,705422,344872416.0,0.09,1.875
2020-11-25,15:00,sh600586,金晶科技,4.9,4.94,4.71,4.71,406074,194520976.0,-0.18,-3.6809815950920246
2020-11-26,15:00,sh600586,金晶科技,4.71,4.74,4.48,4.6,422217,193397008.0,-0.11,-2.335456475583864
2020-11-27,15:00,sh600586,金晶科技,4.61,4.66,4.4,4.62,351939,159858288.0,0.02,0.4347826086956521
2020-11-30,15:00,sh600586,金晶科技,4.61,4.75,4.55,4.67,366524,170411216.0,0.05,1.0822510822510822
2020-12-01,15:00,sh600586,金晶科技,4.66,5.14,4.57,5.02,1023253,506737824.0,0.35,7.494646680942184
2020-12-02,15:00,sh600586,金晶科技,5.1,5.35,5.0,5.2,860856,447434208.0,0.18,3.5856573705179287
2020-12-03,15:00,sh600586,金晶科技,5.19,5.19,5.01,5.06,509652,257996096.0,-0.14,-2.6923076923076925
2020-12-04,15:00,sh600586,金晶科技,5.11,5.14,4.87,4.94,435042,215459504.0,-0.12,-2.371541501976284
2020-12-07,15:00,sh600586,金晶科技,4.96,5.11,4.91,4.95,398948,198233584.0,0.01,0.2024291497975708
2020-12-08,15:00,sh600586,金晶科技,4.91,4.96,4.83,4.91,272030,133105664.0,-0.04,-0.8080808080808081
2020-12-09,15:00,sh600586,金晶科技,4.9,4.91,4.7,4.7,411623,196879616.0,-0.21,-4.276985743380855
2020-12-10,15:00,sh600586,金晶科技,4.73,4.81,4.7,4.74,305638,145378688.0,0.04,0.851063829787234
2020-12-11,15:00,sh600586,金晶科技,4.77,5.21,4.74,5.21,1090967,546776640.0,0.47,9.915611814345992
2020-12-14,15:00,sh600586,金晶科技,5.48,5.73,5.4,5.73,762601,433412416.0,0.52,9.980806142034549
2020-12-15,15:00,sh600586,金晶科技,6.29,6.3,5.77,6.19,2610854,1593778048.0,0.46,8.027923211169284
2020-12-16,15:00,sh600586,金晶科技,6.01,6.47,5.78,5.89,1973205,1197785216.0,-0.3,-4.846526655896607
2020-12-17,15:00,sh600586,金晶科技,5.72,6.26,5.61,6.15,1839791,1086435200.0,0.26,4.414261460101868
2020-12-18,15:00,sh600586,金晶科技,6.0,6.14,5.82,5.97,1240913,742276288.0,-0.18,-2.9268292682926838
2020-12-21,15:00,sh600586,金晶科技,6.09,6.26,5.97,6.12,1261481,771760000.0,0.15,2.512562814070352
2020-12-22,15:00,sh600586,金晶科技,6.03,6.44,6.02,6.11,1409204,876161408.0,-0.01,-0.1633986928104575
2020-12-23,15:00,sh600586,金晶科技,6.19,6.49,6.11,6.33,1309551,824428480.0,0.22,3.600654664484452
2020-12-24,15:00,sh600586,金晶科技,6.26,6.3,6.05,6.11,954086,585830912.0,-0.22,-3.4755134281200637
2020-12-25,15:00,sh600586,金晶科技,6.08,6.3,5.88,6.3,974883,593934144.0,0.19,3.109656301145663
2020-12-28,15:00,sh600586,金晶科技,6.2,6.29,5.98,6.07,806857,492466688.0,-0.23,-3.650793650793651
2020-12-29,15:00,sh600586,金晶科技,6.01,6.03,5.52,5.53,914462,524411968.0,-0.54,-8.896210873146623
2020-12-30,15:00,sh600586,金晶科技,5.63,6.08,5.6,6.08,822363,494022112.0,0.55,9.945750452079563
2020-12-31,15:00,sh600586,金晶科技,6.24,6.62,6.16,6.5,1547567,995247232.0,0.42,6.907894736842106
2021-01-04,15:00,sh600586,金晶科技,6.52,6.9,6.52,6.8,1168813,787289984.0,0.3,4.615384615384616
2021-01-05,15:00,sh600586,金晶科技,6.78,6.94,6.62,6.77,880566,592309248.0,-0.03,-0.4411764705882353
2021-01-06,15:00,sh600586,金晶科技,6.68,6.73,6.44,6.53,730413,478372448.0,-0.24,-3.5450516986706058
2021-01-07,15:00,sh600586,金晶科技,6.53,7.05,6.45,6.89,1328854,895502912.0,0.36,5.51301684532925
2021-01-08,15:00,sh600586,金晶科技,6.85,7.58,6.68,7.42,1442972,1036354752.0,0.53,7.6923076923076925
2021-01-11,15:00,sh600586,金晶科技,7.24,7.33,6.69,7.12,1062847,751617216.0,-0.3,-4.043126684636119
2021-01-12,15:00,sh600586,金晶科技,7.02,7.26,6.82,7.24,844550,597908224.0,0.12,1.6853932584269662
2021-01-13,15:00,sh600586,金晶科技,7.2,7.69,6.98,7.14,1154736,845522432.0,-0.1,-1.3812154696132597
2021-01-14,15:00,sh600586,金晶科技,6.97,7.4,6.81,7.02,802419,567834112.0,-0.12,-1.680672268907563
2021-01-15,15:00,sh600586,金晶科技,6.93,6.96,6.6,6.84,708039,480797440.0,-0.18,-2.564102564102564
2021-01-18,15:00,sh600586,金晶科技,7.04,7.52,7.04,7.52,1184463,870160128.0,0.68,9.941520467836256
2021-01-19,15:00,sh600586,金晶科技,7.73,8.22,7.57,7.88,1377618,1092916608.0,0.36,4.787234042553192
2021-01-20,15:00,sh600586,金晶科技,8.01,8.05,7.44,7.8,985750,752015552.0,-0.08,-1.015228426395939
2021-01-21,15:00,sh600586,金晶科技,7.8,8.15,7.6,7.98,1154246,908960320.0,0.18,2.307692307692308
2021-01-22,15:00,sh600586,金晶科技,7.87,8.12,7.73,7.88,936095,736828352.0,-0.1,-1.2531328320802004
2021-01-25,15:00,sh600586,金晶科技,7.72,7.75,7.41,7.5,861838,653677888.0,-0.38,-4.822335025380711
2021-01-26,15:00,sh600586,金晶科技,7.51,7.65,7.17,7.33,682195,500466240.0,-0.17,-2.2666666666666666
2021-01-27,15:00,sh600586,金晶科技,7.34,7.38,6.81,7.05,792428,557414592.0,-0.28,-3.819918144611187
2021-01-28,15:00,sh600586,金晶科技,6.85,6.87,6.35,6.35,954192,617539456.0,-0.7,-9.929078014184398
2021-01-29,15:00,sh600586,金晶科技,6.25,6.47,6.05,6.37,761923,477016384.0,0.02,0.3149606299212598
2021-02-01,15:00,sh600586,金晶科技,6.32,6.59,6.08,6.57,638496,404194240.0,0.2,3.139717425431711
2021-02-02,15:00,sh600586,金晶科技,6.68,7.07,6.52,6.89,852953,579579648.0,0.32,4.87062404870624
2021-02-03,15:00,sh600586,金晶科技,6.85,7.04,6.73,6.77,622348,428918304.0,-0.12,-1.741654571843251
2021-02-04,15:00,sh600586,金晶科技,6.76,6.87,6.54,6.86,536037,359473632.0,0.09,1.329394387001477
2021-02-05,15:00,sh600586,金晶科技,6.88,7.17,6.77,7.06,745552,519682592.0,0.2,2.915451895043732
2021-02-08,15:00,sh600586,金晶科技,6.99,7.49,6.5,7.09,837525,597905984.0,0.03,0.424929178470255
2021-02-09,15:00,sh600586,金晶科技,6.99,7.19,6.78,7.0,753044,527651424.0,-0.09,-1.2693935119887163
2021-02-10,15:00,sh600586,金晶科技,6.8,6.82,6.3,6.38,1078600,700752128.0,-0.62,-8.857142857142856
2021-02-18,15:00,sh600586,金晶科技,6.5,7.02,6.5,7.02,1101611,760589760.0,0.64,10.031347962382444
2021-02-19,15:00,sh600586,金晶科技,7.1,7.7,7.05,7.48,1409301,1029297664.0,0.46,6.552706552706552
2021-02-22,15:00,sh600586,金晶科技,7.54,7.68,7.36,7.41,1010742,759238016.0,-0.07,-0.9358288770053476
2021-02-23,15:00,sh600586,金晶科技,7.55,7.6,7.1,7.27,907632,661680640.0,-0.14,-1.889338731443995
2021-02-24,15:00,sh600586,金晶科技,7.21,7.31,6.75,6.87,810694,568812352.0,-0.4,-5.502063273727647
2021-02-25,15:00,sh600586,金晶科技,6.95,7.05,6.6,7.0,561778,384771968.0,0.13,1.892285298398836
2021-02-26,15:00,sh600586,金晶科技,6.77,6.98,6.72,6.86,314311,215566912.0,-0.14,-2.0
2021-03-01,15:00,sh600586,金晶科技,6.98,7.28,6.91,7.26,573621,409805984.0,0.4,5.830903790087463
2021-03-02,15:00,sh600586,金晶科技,7.28,7.28,6.93,7.07,519031,366097312.0,-0.19,-2.6170798898071626
2021-03-03,15:00,sh600586,金晶科技,7.07,7.49,6.96,7.27,670221,483590432.0,0.2,2.828854314002829
2021-03-04,15:00,sh600586,金晶科技,7.11,7.47,7.05,7.34,873244,636872128.0,0.07,0.9628610729023384
2021-03-05,15:00,sh600586,金晶科技,7.28,7.74,7.16,7.66,929359,694516480.0,0.32,4.35967302452316
2021-03-08,15:00,sh600586,金晶科技,7.59,7.59,7.12,7.12,868873,639282880.0,-0.54,-7.049608355091384
2021-03-09,15:00,sh600586,金晶科技,6.91,7.07,6.41,6.61,691190,465506816.0,-0.51,-7.162921348314606
2021-03-10,15:00,sh600586,金晶科技,6.75,6.77,6.46,6.53,347880,227853632.0,-0.08,-1.2102874432677762
2021-03-11,15:00,sh600586,金晶科技,6.57,6.75,6.47,6.71,323793,214871680.0,0.18,2.756508422664625
2021-03-12,15:00,sh600586,金晶科技,6.69,6.78,6.56,6.72,285327,190018512.0,0.01,0.1490312965722801
2021-03-15,15:00,sh600586,金晶科技,6.74,6.74,6.51,6.59,275919,181580848.0,-0.13,-1.934523809523809
2021-03-16,15:00,sh600586,金晶科技,6.57,6.7,6.39,6.46,284602,185016528.0,-0.13,-1.9726858877086493
2021-03-17,15:00,sh600586,金晶科技,6.4,6.52,6.29,6.42,254241,162434048.0,-0.04,-0.6191950464396285
2021-03-18,15:00,sh600586,金晶科技,6.44,6.55,6.37,6.49,253857,164608880.0,0.07,1.0903426791277258
2021-03-19,15:00,sh600586,金晶科技,6.38,6.45,6.18,6.22,373550,235060544.0,-0.27,-4.160246533127889
2021-03-22,15:00,sh600586,金晶科技,6.24,6.46,6.22,6.39,253383,161357520.0,0.17,2.733118971061093
2021-03-23,15:00,sh600586,金晶科技,6.41,6.77,6.41,6.5,390000,256903760.0,0.11,1.7214397496087637
2021-03-24,15:00,sh600586,金晶科技,6.39,6.48,6.22,6.3,273595,172775264.0,-0.2,-3.076923076923077
2021-03-25,15:00,sh600586,金晶科技,6.26,6.32,6.13,6.25,199371,123653504.0,-0.05,-0.7936507936507936
2021-03-26,15:00,sh600586,金晶科技,6.34,6.68,6.34,6.59,444383,290262144.0,0.34,5.44
2021-03-29,15:00,sh600586,金晶科技,6.6,6.76,6.52,6.65,331522,221560912.0,0.06,0.9104704097116844
2021-03-30,15:00,sh600586,金晶科技,6.65,6.75,6.57,6.69,270627,180950912.0,0.04,0.6015037593984963
2021-03-31,15:00,sh600586,金晶科技,6.69,6.72,6.48,6.66,234780,155050432.0,-0.03,-0.4484304932735426
2021-04-01,15:00,sh600586,金晶科技,6.6,6.71,6.56,6.59,203021,134224112.0,-0.07,-1.0510510510510511
2021-04-02,15:00,sh600586,金晶科技,6.59,6.67,6.5,6.66,246530,162888928.0,0.07,1.062215477996965
2021-04-06,15:00,sh600586,金晶科技,6.7,7.2,6.68,7.16,600260,420592544.0,0.5,7.5075075075075075
2021-04-07,15:00,sh600586,金晶科技,7.15,7.32,7.11,7.3,483989,349267776.0,0.14,1.9553072625698324
2021-04-08,15:00,sh600586,金晶科技,7.26,7.5,7.21,7.27,538535,395749984.0,-0.03,-0.410958904109589
2021-04-09,15:00,sh600586,金晶科技,7.17,7.2,6.54,6.63,1134827,767602112.0,-0.64,-8.803301237964236
2021-04-12,15:00,sh600586,金晶科技,6.4,6.55,6.2,6.22,701650,448077920.0,-0.41,-6.184012066365008
2021-04-13,15:00,sh600586,金晶科技,6.17,6.34,6.16,6.27,315653,197229408.0,0.05,0.8038585209003215
2021-04-14,15:00,sh600586,金晶科技,6.23,6.35,6.18,6.35,202186,127070688.0,0.08,1.2759170653907497
2021-04-15,15:00,sh600586,金晶科技,6.29,6.49,6.25,6.43,218065,139396640.0,0.08,1.2598425196850394
2021-04-16,15:00,sh600586,金晶科技,6.47,6.67,6.42,6.65,312140,204910336.0,0.22,3.421461897356143
2021-04-19,15:00,sh600586,金晶科技,6.65,6.83,6.61,6.8,312613,210649280.0,0.15,2.255639097744361
2021-04-20,15:00,sh600586,金晶科技,6.81,7.01,6.71,6.82,375315,257566128.0,0.02,0.2941176470588235
2021-04-21,15:00,sh600586,金晶科技,6.8,7.13,6.76,7.0,405410,284057568.0,0.18,2.6392961876832843
2021-04-22,15:00,sh600586,金晶科技,7.01,7.11,6.81,7.05,578686,404799392.0,0.05,0.7142857142857143
2021-04-23,15:00,sh600586,金晶科技,7.1,7.15,6.5,6.8,1095401,747617920.0,-0.25,-3.546099290780142
2021-04-26,15:00,sh600586,金晶科技,6.87,7.1,6.77,6.77,627372,435156928.0,-0.03,-0.4411764705882353
2021-04-27,15:00,sh600586,金晶科技,6.83,6.9,6.64,6.7,345047,232502672.0,-0.07,-1.03397341211226
2021-04-28,15:00,sh600586,金晶科技,6.73,7.03,6.65,6.9,505416,347129856.0,0.2,2.985074626865672
2021-04-29,15:00,sh600586,金晶科技,6.97,7.05,6.82,6.9,375398,259213344.0,0.0,0.0
2021-04-30,15:00,sh600586,金晶科技,6.87,7.04,6.84,6.98,437338,303635296.0,0.08,1.1594202898550725
2021-05-06,15:00,sh600586,金晶科技,7.06,7.13,6.93,7.03,488265,342923488.0,0.05,0.7163323782234957
2021-05-07,15:00,sh600586,金晶科技,7.0,7.28,6.92,7.13,740927,525971808.0,0.1,1.422475106685633
2021-05-10,15:00,sh600586,金晶科技,7.1,7.52,7.07,7.49,843979,617729600.0,0.36,5.049088359046284
2021-05-11,15:00,sh600586,金晶科技,7.4,7.46,6.96,7.28,840354,604534528.0,-0.21,-2.803738317757009
2021-05-12,15:00,sh600586,金晶科技,7.2,7.46,7.18,7.43,631106,464078368.0,0.15,2.06043956043956
2021-05-13,15:00,sh600586,金晶科技,7.31,7.54,7.09,7.12,608644,442505472.0,-0.31,-4.172274562584119
2021-05-14,15:00,sh600586,金晶科技,7.17,7.23,6.96,7.04,498332,350920608.0,-0.08,-1.1235955056179776
2021-05-17,15:00,sh600586,金晶科技,7.05,7.17,7.0,7.06,386378,273274240.0,0.02,0.2840909090909091
2021-05-18,15:00,sh600586,金晶科技,7.08,7.12,6.99,7.04,281888,198518272.0,-0.02,-0.28328611898017
2021-05-19,15:00,sh600586,金晶科技,7.0,7.13,6.93,7.09,322721,227870816.0,0.05,0.7102272727272727
2021-05-20,15:00,sh600586,金晶科技,6.98,6.98,6.56,6.71,567060,380828512.0,-0.38,-5.359661495063469
2021-05-21,15:00,sh600586,金晶科技,6.7,6.79,6.65,6.68,278274,186687616.0,-0.03,-0.4470938897168405
2021-05-24,15:00,sh600586,金晶科技,6.68,6.72,6.62,6.69,225680,150514224.0,0.01,0.1497005988023952
2021-05-25,15:00,sh600586,金晶科技,6.71,6.94,6.65,6.87,408978,278508384.0,0.18,2.690582959641256
2021-05-26,15:00,sh600586,金晶科技,6.86,6.96,6.84,6.9,266989,184011616.0,0.03,0.4366812227074235
2021-05-27,15:00,sh600586,金晶科技,6.92,7.03,6.85,6.92,331934,229981360.0,0.02,0.2898550724637681
2021-05-28,15:00,sh600586,金晶科技,6.92,6.96,6.73,6.82,336644,230435200.0,-0.1,-1.4450867052023122
2021-05-31,15:00,sh600586,金晶科技,6.65,6.8,6.44,6.8,454689,300533344.0,-0.02,-0.2932551319648094
2021-06-01,15:00,sh600586,金晶科技,6.72,7.04,6.65,7.04,501430,342655232.0,0.24,3.5294117647058822
2021-06-02,15:00,sh600586,金晶科技,7.0,7.2,6.95,7.03,509408,359883520.0,-0.01,-0.1420454545454545
2021-06-03,15:00,sh600586,金晶科技,7.0,7.14,6.89,7.05,437281,307416544.0,0.02,0.2844950213371266
2021-06-04,15:00,sh600586,金晶科技,6.98,7.04,6.79,6.86,426429,295115520.0,-0.19,-2.695035460992908
2021-06-07,15:00,sh600586,金晶科技,6.86,7.4,6.85,7.29,886039,640806400.0,0.43,6.268221574344024
2021-06-08,15:00,sh600586,金晶科技,7.25,7.32,7.07,7.12,479737,343748576.0,-0.17,-2.3319615912208507
2021-06-09,15:00,sh600586,金晶科技,7.13,7.23,6.98,7.13,405320,287166304.0,0.01,0.1404494382022472
2021-06-10,15:00,sh600586,金晶科技,7.06,7.4,7.04,7.35,752244,544220096.0,0.22,3.0855539971949506
2021-06-11,15:00,sh600586,金晶科技,7.35,7.49,7.1,7.11,591182,428229888.0,-0.24,-3.26530612244898
2021-06-15,15:00,sh600586,金晶科技,7.05,7.18,6.98,7.05,346706,245165008.0,-0.06,-0.8438818565400843
2021-06-16,15:00,sh600586,金晶科技,7.03,7.04,6.36,6.62,836200,556514432.0,-0.43,-6.0992907801418434
2021-06-17,15:00,sh600586,金晶科技,6.55,6.65,6.55,6.6,215239,141985008.0,-0.02,-0.3021148036253776
2021-06-18,15:00,sh600586,金晶科技,6.57,6.75,6.45,6.72,283083,186004608.0,0.12,1.818181818181818
2021-06-21,15:00,sh600586,金晶科技,6.77,6.94,6.72,6.81,349877,239407712.0,0.09,1.3392857142857142
2021-06-22,15:00,sh600586,金晶科技,6.78,6.88,6.76,6.82,185917,126883368.0,0.01,0.1468428781204111
2021-06-23,15:00,sh600586,金晶科技,6.79,7.14,6.79,7.08,506598,354452480.0,0.26,3.812316715542522
2021-06-24,15:00,sh600586,金晶科技,7.17,7.49,7.16,7.38,1115119,817863808.0,0.3,4.23728813559322
2021-06-25,15:00,sh600586,金晶科技,7.38,8.12,7.38,8.12,1351067,1081212928.0,0.74,10.02710027100271
2021-06-28,15:00,sh600586,金晶科技,8.35,8.93,8.3,8.93,2479313,2172882688.0,0.81,9.975369458128078
2021-06-29,15:00,sh600586,金晶科技,9.05,9.79,8.98,9.42,3007588,2868838144.0,0.49,5.487122060470324
2021-06-30,15:00,sh600586,金晶科技,9.49,9.6,9.18,9.31,1919185,1794629248.0,-0.11,-1.167728237791932
2021-07-01,15:00,sh600586,金晶科技,9.33,9.44,8.82,8.82,1341569,1224743936.0,-0.49,-5.263157894736842
2021-07-02,15:00,sh600586,金晶科技,8.92,9.04,8.71,8.8,1032680,914495936.0,-0.02,-0.2267573696145124
2021-07-05,15:00,sh600586,金晶科技,8.99,9.13,8.81,8.89,1057987,946811456.0,0.09,1.0227272727272727
2021-07-06,15:00,sh600586,金晶科技,9.04,9.44,8.77,9.08,1336237,1212156928.0,0.19,2.1372328458942635
2021-07-07,15:00,sh600586,金晶科技,8.89,9.43,8.64,9.11,1358178,1236755456.0,0.03,0.3303964757709251
2021-07-08,15:00,sh600586,金晶科技,9.1,9.58,9.04,9.15,1317417,1221885824.0,0.04,0.4390779363336992
2021-07-09,15:00,sh600586,金晶科技,9.02,9.34,8.91,9.24,954804,873887424.0,0.09,0.9836065573770492
2021-07-12,15:00,sh600586,金晶科技,9.37,10.16,9.12,9.83,1711720,1661351808.0,0.59,6.3852813852813854
2021-07-13,15:00,sh600586,金晶科技,9.84,10.81,9.84,10.81,1682843,1763223040.0,0.98,9.969481180061038
2021-07-14,15:00,sh600586,金晶科技,11.0,11.0,9.97,9.99,1900096,1959846912.0,-0.82,-7.585568917668825
2021-07-15,15:00,sh600586,金晶科技,9.81,10.16,9.68,10.06,1143868,1139276928.0,0.07,0.7007007007007007
2021-07-16,15:00,sh600586,金晶科技,9.95,10.75,9.95,10.38,1095574,1130884480.0,0.32,3.180914512922465
2021-07-19,15:00,sh600586,金晶科技,10.65,10.9,10.23,10.31,1019170,1079117440.0,-0.07,-0.674373795761079
2021-07-20,15:00,sh600586,金晶科技,10.1,10.53,10.0,10.37,722286,743772160.0,0.06,0.5819592628516004
2021-07-21,15:00,sh600586,金晶科技,10.85,10.96,10.32,10.66,1190377,1264989824.0,0.29,2.796528447444552
2021-07-22,15:00,sh600586,金晶科技,10.66,11.46,10.39,11.16,1330182,1446013312.0,0.5,4.690431519699812
2021-07-23,15:00,sh600586,金晶科技,11.0,11.08,10.48,10.6,1075326,1157116160.0,-0.56,-5.017921146953405
2021-07-26,15:00,sh600586,金晶科技,10.29,10.72,9.89,10.13,950428,972031872.0,-0.47,-4.433962264150943
2021-07-27,15:00,sh600586,金晶科技,10.06,10.26,9.12,9.12,1221968,1188128000.0,-1.01,-9.970384995064164
2021-07-28,15:00,sh600586,金晶科技,8.89,9.37,8.31,9.19,984009,883072448.0,0.07,0.7675438596491228
2021-07-29,15:00,sh600586,金晶科技,9.32,9.82,9.32,9.69,690854,661770816.0,0.5,5.44069640914037
2021-07-30,15:00,sh600586,金晶科技,9.57,9.89,9.54,9.72,541290,525191936.0,0.03,0.3095975232198142
2021-08-02,15:00,sh600586,金晶科技,9.6,10.18,9.57,10.17,712245,713147968.0,0.45,4.62962962962963
2021-08-03,15:00,sh600586,金晶科技,10.11,10.38,9.82,10.01,632187,638478592.0,-0.16,-1.5732546705998034
2021-08-04,15:00,sh600586,金晶科技,9.91,10.41,9.91,10.32,611053,626573056.0,0.31,3.096903096903097
2021-08-05,15:00,sh600586,金晶科技,10.21,10.36,9.96,10.13,535174,541008576.0,-0.19,-1.8410852713178296
2021-08-06,15:00,sh600586,金晶科技,10.19,10.38,9.95,10.29,564521,577065216.0,0.16,1.5794669299111548
2021-08-09,15:00,sh600586,金晶科技,10.63,11.32,10.33,11.32,1490140,1615215360.0,1.03,10.00971817298348
2021-08-10,15:00,sh600586,金晶科技,11.32,12.12,11.2,11.5,1460224,1702326784.0,0.18,1.5901060070671376
2021-08-11,15:00,sh600586,金晶科技,11.32,11.52,11.0,11.04,1105090,1236593408.0,-0.46,-4.0
2021-08-12,15:00,sh600586,金晶科技,11.04,11.32,10.84,11.08,872303,963369024.0,0.04,0.3623188405797101
2021-08-13,15:00,sh600586,金晶科技,11.05,11.13,10.72,10.94,580256,632757440.0,-0.14,-1.263537906137184
2021-08-16,15:00,sh600586,金晶科技,11.07,11.18,10.52,10.62,692298,744875904.0,-0.32,-2.9250457038391224
2021-08-17,15:00,sh600586,金晶科技,10.6,10.77,10.03,10.13,709847,735543360.0,-0.49,-4.613935969868174
2021-08-18,15:00,sh600586,金晶科技,10.1,10.43,9.97,10.22,579510,591963520.0,0.09,0.8884501480750246
2021-08-19,15:00,sh600586,金晶科技,10.1,10.28,9.95,10.17,462111,467573952.0,-0.05,-0.4892367906066536
2021-08-20,15:00,sh600586,金晶科技,10.15,10.63,9.95,10.6,685317,715104704.0,0.43,4.2281219272369714
2021-08-23,15:00,sh600586,金晶科技,10.66,10.77,10.48,10.65,591279,627533504.0,0.05,0.4716981132075472
2021-08-24,15:00,sh600586,金晶科技,10.66,10.92,10.42,10.8,704997,755374272.0,0.15,1.4084507042253522
2021-08-25,15:00,sh600586,金晶科技,10.8,11.32,10.33,11.06,1127407,1213857152.0,0.26,2.4074074074074074
2021-08-26,15:00,sh600586,金晶科技,10.89,11.46,10.78,11.13,1157413,1295574144.0,0.07,0.6329113924050633
2021-08-27,15:00,sh600586,金晶科技,11.01,11.44,10.65,11.41,1137810,1265533312.0,0.28,2.515723270440252
2021-08-30,15:00,sh600586,金晶科技,11.6,12.08,11.51,11.8,1187058,1397200896.0,0.39,3.4180543382997373
2021-08-31,15:00,sh600586,金晶科技,12.25,12.91,11.82,12.67,1380939,1733834624.0,0.87,7.372881355932204
2021-09-01,15:00,sh600586,金晶科技,12.55,13.13,11.4,11.67,1567523,1921828608.0,-1.0,-7.892659826361484
2021-09-02,15:00,sh600586,金晶科技,11.82,12.84,11.76,12.84,1333761,1664520960.0,1.17,10.025706940874036
2021-09-03,15:00,sh600586,金晶科技,13.25,13.72,12.75,13.05,1635599,2160580608.0,0.21,1.6355140186915886
2021-09-06,15:00,sh600586,金晶科技,12.77,12.98,11.85,12.22,1248891,1527945728.0,-0.83,-6.360153256704981
2021-09-07,15:00,sh600586,金晶科技,12.22,12.64,11.91,12.56,997247,1230305152.0,0.34,2.782324058919804
2021-09-08,15:00,sh600586,金晶科技,12.52,13.48,12.3,13.3,1345605,1738608384.0,0.74,5.89171974522293
2021-09-09,15:00,sh600586,金晶科技,13.0,13.03,12.61,12.8,918447,1177187968.0,-0.5,-3.7593984962406015
2021-09-10,15:00,sh600586,金晶科技,12.75,12.97,12.15,12.57,889362,1116417536.0,-0.23,-1.7968749999999998
2021-09-13,15:00,sh600586,金晶科技,12.35,12.69,11.98,12.13,883578,1078842624.0,-0.44,-3.5003977724741446
2021-09-14,15:00,sh600586,金晶科技,11.98,12.42,11.87,11.97,665674,807420160.0,-0.16,-1.3190436933223413
2021-09-15,15:00,sh600586,金晶科技,11.88,12.8,11.83,12.74,1020158,1267474560.0,0.77,6.432748538011696
2021-09-16,15:00,sh600586,金晶科技,12.54,12.68,12.0,12.07,797535,980122880.0,-0.67,-5.259026687598116
2021-09-17,15:00,sh600586,金晶科技,12.01,12.76,11.91,12.17,708317,870328320.0,0.1,0.8285004142502072
2021-09-22,15:00,sh600586,金晶科技,11.94,11.95,10.95,11.69,1114806,1266598400.0,-0.48,-3.9441248972884138
2021-09-23,15:00,sh600586,金晶科技,11.6,12.16,11.34,11.43,732381,862293440.0,-0.26,-2.2241231822070144
2021-09-24,15:00,sh600586,金晶科技,11.3,11.42,10.92,11.1,546181,608579200.0,-0.33,-2.8871391076115485
2021-09-27,15:00,sh600586,金晶科技,11.12,11.27,10.13,10.42,686629,725447104.0,-0.68,-6.126126126126126
2021-09-28,15:00,sh600586,金晶科技,10.42,11.08,10.42,10.82,556892,602257728.0,0.4,3.83877159309021
2021-09-29,15:00,sh600586,金晶科技,10.7,11.06,10.3,10.32,528005,561926464.0,-0.5,-4.621072088724584
2021-09-30,15:00,sh600586,金晶科技,10.37,10.54,10.21,10.51,350022,364481280.0,0.19,1.8410852713178296
2021-10-08,15:00,sh600586,金晶科技,10.69,10.82,10.19,10.64,427274,448545920.0,0.13,1.236917221693625
2021-10-11,15:00,sh600586,金晶科技,10.66,10.85,10.18,10.31,647147,678197760.0,-0.33,-3.101503759398496
2021-10-12,15:00,sh600586,金晶科技,10.4,10.68,10.29,10.6,826439,867562496.0,0.29,2.8128031037827355
2021-10-13,15:00,sh600586,金晶科技,10.7,11.37,10.64,11.24,973959,1074286464.0,0.64,6.037735849056604
2021-10-14,15:00,sh600586,金晶科技,11.25,11.65,11.06,11.33,812646,928527424.0,0.09,0.800711743772242
2021-10-15,15:00,sh600586,金晶科技,11.15,11.44,10.95,11.32,508200,569288640.0,-0.01,-0.088261253309797
2021-10-18,15:00,sh600586,金晶科技,11.22,11.49,11.05,11.49,501130,564319360.0,0.17,1.5017667844522968
2021-10-19,15:00,sh600586,金晶科技,11.4,11.44,11.18,11.24,411788,464258336.0,-0.25,-2.175805047867711
2021-10-20,15:00,sh600586,金晶科技,11.05,11.35,11.03,11.12,448366,501167424.0,-0.12,-1.0676156583629894
2021-10-21,15:00,sh600586,金晶科技,11.11,11.31,10.76,10.79,546590,603180736.0,-0.33,-2.9676258992805757
2021-10-22,15:00,sh600586,金晶科技,10.71,10.75,10.28,10.35,598996,628227584.0,-0.44,-4.077849860982391
2021-10-25,15:00,sh600586,金晶科技,10.2,10.6,10.13,10.5,390106,406954560.0,0.15,1.4492753623188406
2021-10-26,15:00,sh600586,金晶科技,10.46,10.61,10.26,10.4,357568,373052544.0,-0.1,-0.9523809523809524
2021-10-27,15:00,sh600586,金晶科技,10.39,10.44,10.02,10.18,456960,465112032.0,-0.22,-2.1153846153846154
2021-10-28,15:00,sh600586,金晶科技,10.14,10.29,9.8,9.86,435937,435090976.0,-0.32,-3.143418467583497
2021-10-29,15:00,sh600586,金晶科技,9.83,10.19,9.83,10.06,401660,402277184.0,0.2,2.028397565922921
2021-11-01,15:00,sh600586,金晶科技,10.04,10.45,9.96,10.4,467513,481923840.0,0.34,3.37972166998012
2021-11-02,15:00,sh600586,金晶科技,10.4,10.45,9.71,9.77,582624,583270528.0,-0.63,-6.057692307692308
2021-11-03,15:00,sh600586,金晶科技,9.67,9.81,9.23,9.61,442677,421403872.0,-0.16,-1.6376663254861823
2021-11-04,15:00,sh600586,金晶科技,9.61,9.75,9.6,9.7,255067,246716288.0,0.09,0.9365244536940688
2021-11-05,15:00,sh600586,金晶科技,9.6,9.6,8.88,9.03,654572,601484544.0,-0.67,-6.907216494845361
2021-11-08,15:00,sh600586,金晶科技,9.04,9.13,8.94,9.02,256078,231313600.0,-0.01,-0.1107419712070874
2021-11-09,15:00,sh600586,金晶科技,9.08,9.34,9.02,9.07,307742,281804992.0,0.05,0.5543237250554324
2021-11-10,15:00,sh600586,金晶科技,9.0,9.04,8.73,9.01,412473,365695008.0,-0.06,-0.6615214994487321
2021-11-11,15:00,sh600586,金晶科技,9.0,9.2,8.95,9.18,342573,311388032.0,0.17,1.8867924528301887
2021-11-12,15:00,sh600586,金晶科技,9.17,9.37,9.11,9.34,373483,346559296.0,0.16,1.7429193899782136
2021-11-15,15:00,sh600586,金晶科技,9.34,9.35,9.08,9.16,290736,266183952.0,-0.18,-1.9271948608137044
2021-11-16,15:00,sh600586,金晶科技,9.16,9.23,8.95,8.98,259957,235976064.0,-0.18,-1.9650655021834065
2021-11-17,15:00,sh600586,金晶科技,8.92,9.23,8.92,9.19,250284,228030864.0,0.21,2.338530066815145
2021-11-18,15:00,sh600586,金晶科技,9.19,9.45,9.15,9.33,381168,355256480.0,0.14,1.5233949945593035
2021-11-19,15:00,sh600586,金晶科技,9.33,9.39,9.13,9.36,362991,336247904.0,0.03,0.3215434083601286
2021-11-22,15:00,sh600586,金晶科技,9.38,9.68,9.35,9.66,398056,380976896.0,0.3,3.205128205128205
2021-11-23,15:00,sh600586,金晶科技,9.61,9.66,9.49,9.57,315236,301844288.0,-0.09,-0.9316770186335404
2021-11-24,15:00,sh600586,金晶科技,9.57,9.57,9.42,9.49,223595,212220064.0,-0.08,-0.8359456635318705
2021-11-25,15:00,sh600586,金晶科技,9.49,9.58,9.42,9.43,175736,166554736.0,-0.06,-0.6322444678609063
2021-11-26,15:00,sh600586,金晶科技,9.48,9.53,9.39,9.42,193217,182398880.0,-0.01,-0.1060445387062566
2021-11-29,15:00,sh600586,金晶科技,9.24,9.41,9.08,9.35,238023,220646880.0,-0.07,-0.743099787685775
2021-11-30,15:00,sh600586,金晶科技,9.38,9.56,9.32,9.38,249195,235310528.0,0.03,0.320855614973262
2021-12-01,15:00,sh600586,金晶科技,9.38,9.43,9.25,9.42,239681,223356416.0,0.04,0.4264392324093816
2021-12-02,15:00,sh600586,金晶科技,9.39,9.4,9.23,9.23,206283,191768288.0,-0.19,-2.0169851380042463
2021-12-03,15:00,sh600586,金晶科技,9.25,9.65,9.15,9.62,486224,461080096.0,0.39,4.225352112676056
2021-12-06,15:00,sh600586,金晶科技,9.69,9.98,9.53,9.77,590224,579334080.0,0.15,1.5592515592515594
2021-12-07,15:00,sh600586,金晶科技,9.93,9.97,9.56,9.8,410545,400967744.0,0.03,0.3070624360286591
2021-12-08,15:00,sh600586,金晶科技,9.69,9.76,9.62,9.69,278071,268961856.0,-0.11,-1.1224489795918366
2021-12-09,15:00,sh600586,金晶科技,9.6,9.66,9.53,9.62,252099,241706560.0,-0.07,-0.7223942208462332
2021-12-10,15:00,sh600586,金晶科技,9.57,9.61,9.43,9.47,243101,230948768.0,-0.15,-1.5592515592515594
2021-12-13,15:00,sh600586,金晶科技,9.45,9.64,9.4,9.54,244012,233077648.0,0.07,0.7391763463569165
2021-12-14,15:00,sh600586,金晶科技,9.54,9.54,9.24,9.25,347843,324746912.0,-0.29,-3.039832285115304
2021-12-15,15:00,sh600586,金晶科技,9.26,9.37,9.23,9.26,162276,151006688.0,0.01,0.1081081081081081
2021-12-16,15:00,sh600586,金晶科技,9.33,9.72,9.32,9.72,488498,467834464.0,0.46,4.967602591792657
2021-12-17,15:00,sh600586,金晶科技,9.75,9.75,9.51,9.52,326080,312119680.0,-0.2,-2.05761316872428
2021-12-20,15:00,sh600586,金晶科技,9.49,9.5,9.11,9.14,332408,306875136.0,-0.38,-3.9915966386554618
2021-12-21,15:00,sh600586,金晶科技,9.14,9.26,9.1,9.22,149453,137137808.0,0.08,0.87527352297593
2021-12-22,15:00,sh600586,金晶科技,9.24,9.29,9.15,9.17,163247,150218736.0,-0.05,-0.5422993492407809
2021-12-23,15:00,sh600586,金晶科技,9.17,9.23,9.08,9.19,188158,172290720.0,0.02,0.218102508178844
2021-12-24,15:00,sh600586,金晶科技,9.19,9.2,8.95,9.02,220992,199690176.0,-0.17,-1.8498367791077257
2021-12-27,15:00,sh600586,金晶科技,8.92,9.0,8.85,8.87,182797,163033264.0,-0.15,-1.662971175166297
2021-12-28,15:00,sh600586,金晶科技,8.87,8.98,8.84,8.97,123638,110346016.0,0.1,1.1273957158962795
2021-12-29,15:00,sh600586,金晶科技,8.93,8.97,8.85,8.89,135659,120670008.0,-0.08,-0.8918617614269788
2021-12-30,15:00,sh600586,金晶科技,8.89,8.99,8.88,8.95,124924,111835456.0,0.06,0.6749156355455568
2021-12-31,15:00,sh600586,金晶科技,8.97,9.26,8.97,9.26,244677,223806032.0,0.31,3.4636871508379885
