日期,时间,代码,名称,开盘,最高,最低,收盘,总手,金额,涨幅,涨幅比
2015-01-05,15:00,sh600612,老凤祥,32.34,33.19,31.5,32.78,24328,78810784.0,0.45,1.391896071759975
2015-01-06,15:00,sh600612,老凤祥,32.69,33.25,32.32,33.05,41249,135430800.0,0.27,0.823672971323978
2015-01-07,15:00,sh600612,老凤祥,33.23,34.96,33.0,33.98,32606,110967184.0,0.93,2.8139183055975794
2015-01-08,15:00,sh600612,老凤祥,33.52,34.4,33.02,34.05,18356,61839500.0,0.07,0.2060035314891112
2015-01-09,15:00,sh600612,老凤祥,34.0,34.19,33.58,34.07,13935,47416184.0,0.02,0.0587371512481644
2015-01-12,15:00,sh600612,老凤祥,34.05,34.28,33.23,33.55,12879,43113888.0,-0.52,-1.5262694452597594
2015-01-13,15:00,sh600612,老凤祥,33.3,34.5,33.3,34.5,13460,45800796.0,0.95,2.831594634873324
2015-01-14,15:00,sh600612,老凤祥,34.58,34.65,33.7,33.93,10133,34408684.0,-0.57,-1.652173913043478
2015-01-15,15:00,sh600612,老凤祥,33.46,34.1,33.4,33.85,9119,30632298.0,-0.08,-0.2357795461243736
2015-01-16,15:00,sh600612,老凤祥,34.6,36.28,34.28,34.8,29438,102984520.0,0.95,2.806499261447563
2015-01-19,15:00,sh600612,老凤祥,34.0,35.8,33.61,33.66,27110,94349168.0,-1.14,-3.2758620689655173
2015-01-20,15:00,sh600612,老凤祥,33.66,33.98,33.33,33.7,15717,52955068.0,0.04,0.11883541295306
2015-01-21,15:00,sh600612,老凤祥,34.19,35.19,33.85,34.97,20138,69983152.0,1.27,3.7685459940652817
2015-01-22,15:00,sh600612,老凤祥,34.7,36.6,34.5,36.36,34062,122218536.0,1.39,3.9748355733485847
2015-01-23,15:00,sh600612,老凤祥,36.7,38.39,36.6,37.95,46441,174016752.0,1.59,4.372937293729374
2015-01-26,15:00,sh600612,老凤祥,37.96,38.28,37.4,38.06,23382,88414808.0,0.11,0.2898550724637681
2015-01-27,15:00,sh600612,老凤祥,37.75,38.39,37.07,37.7,22394,84711888.0,-0.36,-0.9458749343142407
2015-01-28,15:00,sh600612,老凤祥,37.79,37.79,36.7,36.87,12855,47588340.0,-0.83,-2.20159151193634
2015-01-29,15:00,sh600612,老凤祥,36.46,36.46,35.19,35.71,22004,78297288.0,-1.16,-3.146189313805261
2015-01-30,15:00,sh600612,老凤祥,35.3,35.86,34.78,35.09,10526,36969136.0,-0.62,-1.7362083450014003
2015-02-02,15:00,sh600612,老凤祥,34.66,35.58,34.66,35.17,7092,24970348.0,0.08,0.2279851809632374
2015-02-03,15:00,sh600612,老凤祥,35.19,35.91,35.0,35.54,10066,35593592.0,0.37,1.0520329826556725
2015-02-04,15:00,sh600612,老凤祥,35.49,35.54,34.07,34.4,18434,63980448.0,-1.14,-3.2076533483398983
2015-02-05,15:00,sh600612,老凤祥,34.7,34.94,34.21,34.64,10274,35467756.0,0.24,0.6976744186046512
2015-02-06,15:00,sh600612,老凤祥,34.59,34.59,33.8,34.13,11252,38298404.0,-0.51,-1.4722863741339491
2015-02-09,15:00,sh600612,老凤祥,33.8,34.23,32.87,33.34,17627,58713932.0,-0.79,-2.314679167887489
2015-02-10,15:00,sh600612,老凤祥,33.3,34.75,33.08,34.55,11928,40558324.0,1.21,3.629274145170966
2015-02-11,15:00,sh600612,老凤祥,34.53,34.53,33.83,34.28,8786,30043940.0,-0.27,-0.7814761215629523
2015-02-12,15:00,sh600612,老凤祥,34.1,34.57,34.05,34.32,5101,17472382.0,0.04,0.116686114352392
2015-02-13,15:00,sh600612,老凤祥,34.25,35.59,34.25,35.5,19649,69304904.0,1.18,3.4382284382284385
2015-02-16,15:00,sh600612,老凤祥,35.56,36.59,35.15,35.86,13547,48874500.0,0.36,1.0140845070422535
2015-02-17,15:00,sh600612,老凤祥,35.82,37.96,35.8,37.47,25920,96531264.0,1.61,4.48968209704406
2015-02-25,15:00,sh600612,老凤祥,37.0,38.01,35.11,37.37,14968,55385636.0,-0.1,-0.2668801708033093
2015-02-26,15:00,sh600612,老凤祥,37.02,37.79,36.51,36.96,10842,40179860.0,-0.41,-1.097136740701097
2015-02-27,15:00,sh600612,老凤祥,36.96,37.38,36.62,36.81,4358,16068014.0,-0.15,-0.4058441558441558
2015-03-02,15:00,sh600612,老凤祥,37.0,37.15,36.5,36.79,6176,22706068.0,-0.02,-0.0543330616680249
2015-03-03,15:00,sh600612,老凤祥,36.75,36.85,36.03,36.52,9615,35004056.0,-0.27,-0.7338950801848328
2015-03-04,15:00,sh600612,老凤祥,36.48,36.66,36.08,36.62,8500,31038362.0,0.1,0.2738225629791895
2015-03-05,15:00,sh600612,老凤祥,36.7,37.16,36.28,36.61,13095,47992132.0,-0.01,-0.0273074822501365
2015-03-06,15:00,sh600612,老凤祥,36.59,37.88,36.31,36.91,16220,60302924.0,0.3,0.819448238186288
2015-03-09,15:00,sh600612,老凤祥,36.36,36.91,35.42,36.35,18068,65201492.0,-0.56,-1.5172040097534545
2015-03-10,15:00,sh600612,老凤祥,36.46,38.45,36.01,36.98,23962,89393456.0,0.63,1.733149931224209
2015-03-11,15:00,sh600612,老凤祥,37.0,37.6,36.38,36.74,11526,42711332.0,-0.24,-0.6489994591671173
2015-03-12,15:00,sh600612,老凤祥,36.98,37.35,36.23,36.7,14513,53432260.0,-0.04,-0.1088731627653783
2015-03-13,15:00,sh600612,老凤祥,36.76,38.47,36.7,37.58,18557,69694072.0,0.88,2.3978201634877383
2015-03-16,15:00,sh600612,老凤祥,37.46,38.2,37.46,38.0,25752,97603856.0,0.42,1.1176157530601385
2015-03-17,15:00,sh600612,老凤祥,38.01,38.18,37.57,38.02,21882,82942600.0,0.02,0.0526315789473684
2015-03-18,15:00,sh600612,老凤祥,38.18,40.47,38.08,40.1,28364,112500800.0,2.08,5.470804839558127
2015-03-19,15:00,sh600612,老凤祥,40.16,40.45,39.55,40.17,20586,82162192.0,0.07,0.1745635910224439
2015-03-20,15:00,sh600612,老凤祥,39.95,40.12,39.3,39.71,18996,75379392.0,-0.46,-1.1451331839681351
2015-03-23,15:00,sh600612,老凤祥,39.8,40.78,39.4,39.68,22288,89111552.0,-0.03,-0.0755477209770838
2015-03-24,15:00,sh600612,老凤祥,39.55,40.88,39.5,40.75,31397,125983440.0,1.07,2.696572580645161
2015-03-25,15:00,sh600612,老凤祥,40.5,42.48,40.44,41.76,21487,90118856.0,1.01,2.478527607361963
2015-03-26,15:00,sh600612,老凤祥,42.01,45.94,40.67,45.94,31921,140063488.0,4.18,10.009578544061302
2015-03-27,15:00,sh600612,老凤祥,46.58,47.56,44.58,47.06,30857,143551952.0,1.12,2.437962559860688
2015-03-30,15:00,sh600612,老凤祥,46.2,48.51,46.2,46.98,18204,85502096.0,-0.08,-0.1699957501062473
2015-03-31,15:00,sh600612,老凤祥,46.35,46.92,45.1,45.3,16996,77568728.0,-1.68,-3.5759897828863343
2015-04-01,15:00,sh600612,老凤祥,45.52,45.52,44.0,45.16,35632,158923328.0,-0.14,-0.3090507726269316
2015-04-02,15:00,sh600612,老凤祥,45.09,45.65,44.63,45.4,13451,60635016.0,0.24,0.5314437555358724
2015-04-09,15:00,sh600612,老凤祥,45.1,46.24,43.66,46.0,41726,184891152.0,0.6,1.3215859030837005
2015-04-10,15:00,sh600612,老凤祥,45.66,46.5,45.05,46.08,21235,97633560.0,0.08,0.1739130434782608
2015-04-13,15:00,sh600612,老凤祥,46.23,47.0,45.65,46.37,31068,143665088.0,0.29,0.6293402777777778
2015-04-14,15:00,sh600612,老凤祥,46.46,46.46,44.7,45.34,18773,85030680.0,-1.03,-2.2212637481130044
2015-04-15,15:00,sh600612,老凤祥,44.88,44.88,43.65,43.76,28022,123247896.0,-1.58,-3.4847816497573887
2015-04-16,15:00,sh600612,老凤祥,43.5,44.94,42.01,44.88,15779,69691696.0,1.12,2.5594149908592323
2015-04-17,15:00,sh600612,老凤祥,45.0,45.2,44.5,45.07,20311,91365384.0,0.19,0.4233511586452763
2015-04-20,15:00,sh600612,老凤祥,45.09,47.8,44.0,45.18,35222,160011136.0,0.11,0.2440647881073885
2015-04-21,15:00,sh600612,老凤祥,45.18,49.0,45.15,48.91,32259,152711024.0,3.73,8.255865427180169
2015-04-22,15:00,sh600612,老凤祥,48.81,49.95,48.01,49.08,16199,79412160.0,0.17,0.3475771825802494
2015-04-23,15:00,sh600612,老凤祥,48.38,49.08,47.7,48.09,10873,52305740.0,-0.99,-2.017114914425428
2015-04-24,15:00,sh600612,老凤祥,47.49,48.0,46.65,47.88,13342,62852700.0,-0.21,-0.4366812227074235
2015-04-27,15:00,sh600612,老凤祥,47.88,48.97,47.53,48.26,10377,50264544.0,0.38,0.7936507936507936
2015-04-28,15:00,sh600612,老凤祥,49.01,53.09,49.01,53.09,35551,185321920.0,4.83,10.008288437629506
2015-04-29,15:00,sh600612,老凤祥,53.4,58.0,52.37,54.19,40759,223719296.0,1.1,2.071953286871351
2015-04-30,15:00,sh600612,老凤祥,54.19,54.59,52.73,53.1,19602,104310592.0,-1.09,-2.0114412253183245
2015-05-04,15:00,sh600612,老凤祥,52.0,52.7,51.16,51.55,24023,124532424.0,-1.55,-2.919020715630885
2015-05-05,15:00,sh600612,老凤祥,51.67,51.67,48.7,49.15,15340,76733248.0,-2.4,-4.655674102812803
2015-05-06,15:00,sh600612,老凤祥,49.15,49.49,47.88,48.14,18030,87726800.0,-1.01,-2.0549338758901325
2015-05-07,15:00,sh600612,老凤祥,48.5,48.65,47.26,47.46,10715,51227452.0,-0.68,-1.4125467386788533
2015-05-08,15:00,sh600612,老凤祥,47.63,48.38,46.9,47.49,18022,85675632.0,0.03,0.0632111251580278
2015-05-11,15:00,sh600612,老凤祥,48.3,50.58,47.15,50.26,49338,240374896.0,2.77,5.832806906717203
2015-05-12,15:00,sh600612,老凤祥,50.09,54.24,49.51,53.84,41351,213855120.0,3.58,7.122960604854756
2015-05-13,15:00,sh600612,老凤祥,53.05,53.08,51.87,51.88,26530,138539776.0,-1.96,-3.640416047548292
2015-05-14,15:00,sh600612,老凤祥,52.37,52.79,51.0,51.88,16288,84477640.0,0.0,0.0
2015-05-15,15:00,sh600612,老凤祥,51.88,53.6,50.02,52.98,25097,131434848.0,1.1,2.120277563608327
2015-05-18,15:00,sh600612,老凤祥,51.1,53.5,51.02,52.45,19314,100280712.0,-0.53,-1.0003775009437523
2015-05-19,15:00,sh600612,老凤祥,51.25,54.77,51.25,54.02,27408,146709712.0,1.57,2.9933269780743563
2015-05-20,15:00,sh600612,老凤祥,54.38,57.6,54.3,55.99,39534,221766096.0,1.97,3.6467974824139207
2015-05-21,15:00,sh600612,老凤祥,56.1,56.6,54.5,55.59,14875,82218864.0,-0.4,-0.7144132880871584
2015-05-22,15:00,sh600612,老凤祥,55.8,56.98,55.0,56.51,16351,91223832.0,0.92,1.6549739161719732
2015-05-25,15:00,sh600612,老凤祥,56.55,58.0,54.8,57.74,25242,141339488.0,1.23,2.176605910458326
2015-05-26,15:00,sh600612,老凤祥,57.01,59.55,56.21,58.7,19381,112192312.0,0.96,1.662625562868029
2015-05-27,15:00,sh600612,老凤祥,58.2,60.01,57.37,57.47,18513,107841912.0,-1.23,-2.095400340715502
2015-05-28,15:00,sh600612,老凤祥,57.3,57.4,54.4,54.45,25438,143165312.0,-3.02,-5.254915608143379
2015-05-29,15:00,sh600612,老凤祥,54.46,55.88,53.0,54.78,25825,140853008.0,0.33,0.6060606060606061
2015-06-01,15:00,sh600612,老凤祥,54.5,58.68,53.67,58.27,27725,159161088.0,3.49,6.370938298649143
2015-06-02,15:00,sh600612,老凤祥,57.7,61.07,57.45,60.99,21906,128644888.0,2.72,4.6679251759052685
2015-06-03,15:00,sh600612,老凤祥,61.3,61.3,57.58,60.2,14524,86522088.0,-0.79,-1.295294310542712
2015-06-04,15:00,sh600612,老凤祥,59.88,66.22,57.7,66.22,47208,297003232.0,6.02,10.0
2015-06-05,15:00,sh600612,老凤祥,65.38,66.2,63.78,63.94,26023,168446768.0,-2.28,-3.4430685593476293
2015-06-08,15:00,sh600612,老凤祥,63.0,66.2,62.66,64.95,26069,169419744.0,1.01,1.579605880512981
2015-06-09,15:00,sh600612,老凤祥,64.1,64.5,61.94,61.99,23614,147799520.0,-2.96,-4.557351809083911
2015-06-10,15:00,sh600612,老凤祥,62.0,62.0,59.11,60.49,51120,307666080.0,-1.5,-2.419745120180674
2015-06-11,15:00,sh600612,老凤祥,59.83,60.29,58.44,59.88,43375,256614400.0,-0.61,-1.008431145643908
2015-06-12,15:00,sh600612,老凤祥,60.2,60.88,59.52,60.16,52369,314616256.0,0.28,0.4676018704074816
2015-06-15,15:00,sh600612,老凤祥,59.95,60.88,58.0,58.07,35518,211320880.0,-2.09,-3.47406914893617
2015-06-16,15:00,sh600612,老凤祥,57.0,58.1,56.4,56.48,21919,125506560.0,-1.59,-2.7380747373859133
2015-06-17,15:00,sh600612,老凤祥,56.01,57.86,54.11,57.81,40322,227586528.0,1.33,2.354815864022662
2015-06-18,15:00,sh600612,老凤祥,57.66,58.09,56.6,57.31,21652,124370112.0,-0.5,-0.864902266043937
2015-06-19,15:00,sh600612,老凤祥,56.0,59.3,52.11,56.88,50962,290279904.0,-0.43,-0.7503053568312685
2015-06-23,15:00,sh600612,老凤祥,57.0,62.3,52.53,61.4,53454,310722208.0,4.52,7.946554149085795
2015-06-24,15:00,sh600612,老凤祥,62.5,62.5,59.2,60.67,45075,272759936.0,-0.73,-1.1889250814332248
2015-06-25,15:00,sh600612,老凤祥,60.02,60.99,57.0,57.09,38201,225805440.0,-3.58,-5.900774682709741
2015-06-26,15:00,sh600612,老凤祥,55.6,55.6,51.38,51.38,34800,185085616.0,-5.71,-10.001751620248733
2015-06-29,15:00,sh600612,老凤祥,52.88,54.5,46.38,51.41,41650,209579584.0,0.03,0.0583884780070066
2015-06-30,15:00,sh600612,老凤祥,51.2,54.98,48.0,53.54,38196,197679552.0,2.13,4.143162808792064
2015-07-01,15:00,sh600612,老凤祥,53.1,55.6,50.0,50.61,26786,143566560.0,-2.93,-5.472543892416884
2015-07-02,15:00,sh600612,老凤祥,50.8,51.98,46.62,48.97,30629,149866400.0,-1.64,-3.2404663110057306
2015-07-03,15:00,sh600612,老凤祥,47.32,51.65,44.18,50.12,46162,225752368.0,1.15,2.3483765570757607
2015-07-06,15:00,sh600612,老凤祥,46.21,55.13,45.2,47.35,45066,225189504.0,-2.77,-5.526735833998404
2015-07-07,15:00,sh600612,老凤祥,46.0,46.0,42.62,42.62,19430,84076416.0,-4.73,-9.989440337909189
2015-07-08,15:00,sh600612,老凤祥,38.36,38.36,38.36,38.36,22637,86835536.0,-4.26,-9.99530736743313
2015-07-09,15:00,sh600612,老凤祥,34.52,42.2,34.52,42.2,52235,206476144.0,3.84,10.010427528675704
2015-07-10,15:00,sh600612,老凤祥,46.42,46.42,43.2,46.42,28007,129632960.0,4.22,10.0
2015-07-13,15:00,sh600612,老凤祥,51.06,51.06,51.06,51.06,14156,72281352.0,4.64,9.995691512279189
2015-07-14,15:00,sh600612,老凤祥,53.3,56.0,50.38,52.3,39511,209571408.0,1.24,2.428515471993733
2015-07-15,15:00,sh600612,老凤祥,52.29,52.29,47.07,47.07,22945,111766760.0,-5.23,-10.0
2015-07-16,15:00,sh600612,老凤祥,45.7,49.18,43.0,48.03,24440,113529928.0,0.96,2.039515615041428
2015-07-17,15:00,sh600612,老凤祥,48.15,50.88,48.15,50.58,18335,91165832.0,2.55,5.309181761399126
2015-07-20,15:00,sh600612,老凤祥,50.56,50.98,48.0,49.72,20816,103717712.0,-0.86,-1.7002767892447608
2015-07-21,15:00,sh600612,老凤祥,48.11,49.5,47.73,48.18,24817,119450040.0,-1.54,-3.0973451327433628
2015-07-22,15:00,sh600612,老凤祥,48.18,48.42,46.95,47.34,13840,65653356.0,-0.84,-1.7434620174346205
2015-07-23,15:00,sh600612,老凤祥,46.93,50.3,46.93,49.74,23115,112776768.0,2.4,5.069708491761723
2015-07-24,15:00,sh600612,老凤祥,49.8,51.98,49.28,49.87,19463,98632056.0,0.13,0.2613590671491757
2015-07-27,15:00,sh600612,老凤祥,48.95,49.5,44.88,44.88,23996,112000488.0,-4.99,-10.00601564066573
2015-07-28,15:00,sh600612,老凤祥,43.31,45.97,41.01,44.07,35211,150952896.0,-0.81,-1.8048128342245988
2015-07-29,15:00,sh600612,老凤祥,43.88,45.89,42.03,44.95,25217,109818992.0,0.88,1.996823235761289
2015-07-30,15:00,sh600612,老凤祥,44.58,44.96,42.51,42.67,14016,61548800.0,-2.28,-5.07230255839822
2015-07-31,15:00,sh600612,老凤祥,41.4,42.67,41.33,41.72,12356,51572944.0,-0.95,-2.226388563393485
2015-08-03,15:00,sh600612,老凤祥,41.05,41.43,38.21,40.32,23512,93424928.0,-1.4,-3.355704697986577
2015-08-04,15:00,sh600612,老凤祥,40.88,43.98,40.51,43.9,21805,91603080.0,3.58,8.878968253968255
2015-08-05,15:00,sh600612,老凤祥,43.85,44.88,43.02,44.3,20185,88985584.0,0.4,0.9111617312072892
2015-08-06,15:00,sh600612,老凤祥,43.65,44.58,43.08,44.27,8094,35732892.0,-0.03,-0.0677200902934537
2015-08-07,15:00,sh600612,老凤祥,44.7,45.92,44.7,45.9,13971,63295284.0,1.63,3.681951660266546
2015-08-10,15:00,sh600612,老凤祥,45.5,49.5,44.03,49.05,27458,129402576.0,3.15,6.862745098039216
2015-08-11,15:00,sh600612,老凤祥,48.84,53.95,48.2,51.32,46520,240887280.0,2.27,4.6279306829765545
2015-08-12,15:00,sh600612,老凤祥,50.8,53.2,49.9,50.1,35925,186347200.0,-1.22,-2.377240841777085
2015-08-13,15:00,sh600612,老凤祥,50.18,54.71,50.18,52.7,52721,279344992.0,2.6,5.189620758483033
2015-08-14,15:00,sh600612,老凤祥,54.39,54.39,49.9,50.56,51862,265515296.0,-2.14,-4.060721062618596
2015-08-17,15:00,sh600612,老凤祥,50.45,52.5,48.88,51.36,35811,182001616.0,0.8,1.5822784810126582
2015-08-18,15:00,sh600612,老凤祥,51.58,51.58,46.22,46.87,28783,139827168.0,-4.49,-8.74221183800623
2015-08-19,15:00,sh600612,老凤祥,46.0,48.8,44.8,48.3,21382,100353360.0,1.43,3.050992105824621
2015-08-20,15:00,sh600612,老凤祥,47.94,50.1,46.92,46.99,25662,125922600.0,-1.31,-2.7122153209109734
2015-08-21,15:00,sh600612,老凤祥,47.8,50.2,46.5,46.99,32305,157355584.0,0.0,0.0
2015-08-24,15:00,sh600612,老凤祥,43.3,47.99,42.29,42.6,33617,149379328.0,-4.39,-9.342413279421152
2015-08-25,15:00,sh600612,老凤祥,41.15,44.87,41.11,41.15,33978,145626544.0,-1.45,-3.403755868544601
2015-08-26,15:00,sh600612,老凤祥,42.0,44.2,41.11,42.49,30999,131715752.0,1.34,3.256379100850547
2015-08-27,15:00,sh600612,老凤祥,42.11,44.44,42.11,44.32,21477,93522072.0,1.83,4.306895740174159
2015-08-28,15:00,sh600612,老凤祥,44.44,48.1,43.68,48.0,23212,106321672.0,3.68,8.303249097472925
2015-08-31,15:00,sh600612,老凤祥,47.08,48.13,46.7,47.02,16422,77899304.0,-0.98,-2.0416666666666665
2015-09-01,15:00,sh600612,老凤祥,47.2,48.23,45.6,47.02,17544,83060160.0,0.0,0.0
2015-09-02,15:00,sh600612,老凤祥,45.5,47.19,43.35,44.63,16239,73164456.0,-2.39,-5.082943428328371
2015-09-07,15:00,sh600612,老凤祥,44.4,46.0,44.22,44.6,12317,55885896.0,-0.03,-0.0672193591754425
2015-09-08,15:00,sh600612,老凤祥,44.3,47.88,43.4,47.67,18405,84369848.0,3.07,6.883408071748878
2015-09-09,15:00,sh600612,老凤祥,49.8,49.99,46.72,47.37,32021,155406976.0,-0.3,-0.6293266205160478
2015-09-10,15:00,sh600612,老凤祥,46.0,46.98,45.14,46.49,24434,112098576.0,-0.88,-1.8577158539159808
2015-09-11,15:00,sh600612,老凤祥,45.8,49.99,45.63,49.82,23638,112477952.0,3.33,7.162830716283071
2015-09-14,15:00,sh600612,老凤祥,51.1,51.9,46.82,47.71,33322,164254064.0,-2.11,-4.235246888799679
2015-09-15,15:00,sh600612,老凤祥,45.8,47.79,43.8,44.46,17368,79989864.0,-3.25,-6.811989100817439
2015-09-16,15:00,sh600612,老凤祥,44.8,48.91,44.01,48.72,21393,99055752.0,4.26,9.581646423751687
2015-09-17,15:00,sh600612,老凤祥,48.01,49.0,46.13,46.27,24840,118450608.0,-2.45,-5.028735632183908
2015-09-18,15:00,sh600612,老凤祥,47.0,47.0,45.5,46.26,8822,40818964.0,-0.01,-0.0216122757726388
2015-09-21,15:00,sh600612,老凤祥,46.49,47.99,45.83,47.65,13114,61950940.0,1.39,3.004755728491137
2015-09-22,15:00,sh600612,老凤祥,47.65,48.46,47.03,48.38,18206,87163944.0,0.73,1.5320041972717735
2015-09-23,15:00,sh600612,老凤祥,47.47,47.9,46.76,46.97,12027,56905028.0,-1.41,-2.9144274493592395
2015-09-24,15:00,sh600612,老凤祥,46.97,47.9,46.77,47.69,7200,34010088.0,0.72,1.5328933361720247
2015-09-25,15:00,sh600612,老凤祥,48.0,49.5,46.88,47.54,12979,62674748.0,-0.15,-0.3145313482910463
2015-09-28,15:00,sh600612,老凤祥,47.02,47.58,46.4,47.48,4820,22660266.0,-0.06,-0.1262095077829196
2015-09-29,15:00,sh600612,老凤祥,47.0,47.55,46.58,47.0,5246,24685150.0,-0.48,-1.0109519797809603
2015-09-30,15:00,sh600612,老凤祥,47.49,47.49,46.3,46.32,6216,29090398.0,-0.68,-1.446808510638298
2015-10-08,15:00,sh600612,老凤祥,46.98,47.5,46.52,47.2,17548,82540760.0,0.88,1.8998272884283247
2015-10-09,15:00,sh600612,老凤祥,47.13,47.18,45.51,46.39,19592,90476248.0,-0.81,-1.7161016949152543
2015-10-12,15:00,sh600612,老凤祥,46.45,50.04,46.39,48.54,46489,224648368.0,2.15,4.634619530071136
2015-10-13,15:00,sh600612,老凤祥,47.97,48.55,47.01,48.38,16118,77067536.0,-0.16,-0.3296250515039143
2015-10-14,15:00,sh600612,老凤祥,48.18,49.09,46.71,47.09,18098,86385176.0,-1.29,-2.666391070690368
2015-10-15,15:00,sh600612,老凤祥,50.4,50.4,48.01,48.74,22122,107879952.0,1.65,3.503928647271183
2015-10-16,15:00,sh600612,老凤祥,49.47,50.3,47.9,49.99,31136,153226832.0,1.25,2.564628641772672
2015-10-19,15:00,sh600612,老凤祥,49.75,50.66,49.08,49.96,27690,138275120.0,-0.03,-0.06001200240048
2015-10-20,15:00,sh600612,老凤祥,50.02,50.03,49.37,49.97,15147,75319384.0,0.01,0.0200160128102481
2015-10-21,15:00,sh600612,老凤祥,49.97,50.02,44.99,46.28,33163,158653616.0,-3.69,-7.384430658395037
2015-10-22,15:00,sh600612,老凤祥,46.3,46.89,45.22,46.41,31924,146455504.0,0.13,0.2808988764044944
2015-10-23,15:00,sh600612,老凤祥,46.4,47.35,45.1,46.63,33198,151934384.0,0.22,0.4740357681534152
2015-10-26,15:00,sh600612,老凤祥,46.8,46.88,45.5,46.11,24350,112149952.0,-0.52,-1.115161912931589
2015-10-27,15:00,sh600612,老凤祥,46.0,46.73,45.31,46.57,14890,68477200.0,0.46,0.9976144003469964
2015-10-28,15:00,sh600612,老凤祥,46.25,46.5,45.21,45.42,14794,67776760.0,-1.15,-2.4694009018681555
2015-10-29,15:00,sh600612,老凤祥,45.4,45.8,43.68,44.94,37080,164247792.0,-0.48,-1.056803170409511
2015-10-30,15:00,sh600612,老凤祥,45.0,45.06,43.63,44.02,17173,75883536.0,-0.92,-2.047174009790832
2015-11-02,15:00,sh600612,老凤祥,43.32,44.26,43.3,43.89,24823,108796864.0,-0.13,-0.295320308950477
2015-11-03,15:00,sh600612,老凤祥,43.81,44.15,43.66,43.95,11271,49521432.0,0.06,0.1367053998632946
2015-11-04,15:00,sh600612,老凤祥,43.82,44.9,43.8,44.89,28444,126542592.0,0.94,2.138794084186576
2015-11-05,15:00,sh600612,老凤祥,44.75,45.29,44.3,44.89,31036,138796096.0,0.0,0.0
2015-11-06,15:00,sh600612,老凤祥,44.88,44.99,44.51,44.97,34388,153879104.0,0.08,0.1782134105591445
2015-11-09,15:00,sh600612,老凤祥,44.48,44.64,43.52,44.05,44431,195499168.0,-0.92,-2.0458083166555485
2015-11-10,15:00,sh600612,老凤祥,44.05,44.88,44.0,44.84,38761,172582128.0,0.79,1.793416572077185
2015-11-11,15:00,sh600612,老凤祥,44.98,44.98,44.21,44.63,24853,110661256.0,-0.21,-0.4683318465655665
2015-11-12,15:00,sh600612,老凤祥,44.71,45.6,44.55,45.05,29056,130832008.0,0.42,0.9410710284561952
2015-11-13,15:00,sh600612,老凤祥,44.8,44.9,43.98,44.1,21288,94165520.0,-0.95,-2.108768035516093
2015-11-16,15:00,sh600612,老凤祥,44.4,44.99,44.29,44.96,20739,92790344.0,0.86,1.9501133786848075
2015-11-17,15:00,sh600612,老凤祥,45.11,45.29,44.33,44.35,23534,105345728.0,-0.61,-1.3567615658362988
2015-11-18,15:00,sh600612,老凤祥,44.36,44.55,43.8,43.96,13877,61229540.0,-0.39,-0.8793686583990981
2015-11-19,15:00,sh600612,老凤祥,44.0,44.19,43.84,44.09,14825,65252952.0,0.13,0.2957233848953594
2015-11-20,15:00,sh600612,老凤祥,44.14,44.65,43.95,44.35,17348,76983088.0,0.26,0.5897028804717622
2015-11-23,15:00,sh600612,老凤祥,44.34,44.44,43.51,43.63,17588,77521368.0,-0.72,-1.6234498308906424
2015-11-24,15:00,sh600612,老凤祥,43.55,44.24,43.32,43.96,14167,62024624.0,0.33,0.756360302544121
2015-11-25,15:00,sh600612,老凤祥,44.12,44.4,43.82,44.19,23330,102710048.0,0.23,0.5232029117379436
2015-11-26,15:00,sh600612,老凤祥,44.1,44.16,43.4,43.46,22607,98775304.0,-0.73,-1.6519574564381083
2015-11-27,15:00,sh600612,老凤祥,43.4,43.46,40.96,40.99,30903,129978704.0,-2.47,-5.683387022549471
2015-11-30,15:00,sh600612,老凤祥,41.6,41.6,39.8,40.4,19900,80719536.0,-0.59,-1.4393754574286413
2015-12-01,15:00,sh600612,老凤祥,40.48,40.75,39.9,40.18,15090,60680444.0,-0.22,-0.5445544554455445
2015-12-02,15:00,sh600612,老凤祥,40.3,40.94,39.9,40.65,14380,57967248.0,0.47,1.16973618715779
2015-12-03,15:00,sh600612,老凤祥,40.95,41.34,40.6,41.3,12347,50513132.0,0.65,1.5990159901599017
2015-12-04,15:00,sh600612,老凤祥,41.31,42.2,41.11,41.99,17788,74592736.0,0.69,1.6707021791767551
2015-12-07,15:00,sh600612,老凤祥,42.59,42.63,41.01,41.67,10578,44070200.0,-0.32,-0.7620862110026196
2015-12-08,15:00,sh600612,老凤祥,41.29,41.29,40.46,40.99,16611,67993352.0,-0.68,-1.6318694504439644
2015-12-09,15:00,sh600612,老凤祥,40.61,41.37,40.61,41.1,6277,25761626.0,0.11,0.2683581361307636
2015-12-10,15:00,sh600612,老凤祥,41.1,41.7,40.75,41.3,9640,39758976.0,0.2,0.48661800486618
2015-12-11,15:00,sh600612,老凤祥,41.14,41.29,40.55,41.19,9564,39080392.0,-0.11,-0.2663438256658595
2015-12-14,15:00,sh600612,老凤祥,40.88,42.79,40.62,41.9,13503,56643728.0,0.71,1.72371934935664
2015-12-15,15:00,sh600612,老凤祥,41.05,42.19,41.05,42.02,11913,49813552.0,0.12,0.2863961813842482
2015-12-16,15:00,sh600612,老凤祥,42.14,44.57,41.96,43.15,28930,125775304.0,1.13,2.689195621132794
2015-12-17,15:00,sh600612,老凤祥,43.97,44.44,43.33,43.69,17941,78662112.0,0.54,1.2514484356894553
2015-12-18,15:00,sh600612,老凤祥,43.18,43.98,43.0,43.75,9216,40243948.0,0.06,0.1373311970702678
2015-12-21,15:00,sh600612,老凤祥,43.73,45.18,43.02,45.01,29525,130734456.0,1.26,2.88
2015-12-22,15:00,sh600612,老凤祥,46.12,46.56,45.2,45.89,29178,134077184.0,0.88,1.9551210842035105
2015-12-23,15:00,sh600612,老凤祥,45.55,46.58,44.44,44.51,16727,76305104.0,-1.38,-3.007191109174112
2015-12-24,15:00,sh600612,老凤祥,44.52,46.3,44.42,44.57,15742,71228968.0,0.06,0.1348011682767917
2015-12-25,15:00,sh600612,老凤祥,45.0,45.45,44.4,44.98,9466,42548276.0,0.41,0.9199012788871438
2015-12-28,15:00,sh600612,老凤祥,45.05,45.38,43.75,43.9,9949,44551512.0,-1.08,-2.401067140951534
2015-12-29,15:00,sh600612,老凤祥,43.31,44.48,42.51,42.87,14381,62222524.0,-1.03,-2.34624145785877
2015-12-30,15:00,sh600612,老凤祥,42.9,43.29,42.75,42.88,9016,38770436.0,0.01,0.0233263354327035
2015-12-31,15:00,sh600612,老凤祥,43.0,43.6,42.85,43.26,11972,51783492.0,0.38,0.8861940298507462
2016-01-04,15:00,sh600612,老凤祥,42.92,43.53,40.0,40.05,11675,49122996.0,-3.21,-7.420249653259361
2016-01-05,15:00,sh600612,老凤祥,40.21,41.9,39.68,40.9,12747,51745204.0,0.85,2.1223470661672907
2016-01-06,15:00,sh600612,老凤祥,41.0,41.8,40.6,41.19,10994,45410452.0,0.29,0.7090464547677261
2016-01-07,15:00,sh600612,老凤祥,41.0,41.2,39.08,39.34,2277,9105022.0,-1.85,-4.491381403253217
2016-01-08,15:00,sh600612,老凤祥,40.75,41.2,39.0,40.15,23750,95732696.0,0.81,2.0589730554143366
2016-01-11,15:00,sh600612,老凤祥,39.6,40.19,38.02,38.47,16241,64102032.0,-1.68,-4.184308841843088
2016-01-12,15:00,sh600612,老凤祥,38.48,39.9,38.38,39.51,7694,29805812.0,1.04,2.703405250844814
2016-01-13,15:00,sh600612,老凤祥,39.94,42.2,39.0,39.25,15396,62563460.0,-0.26,-0.6580612503163756
2016-01-14,15:00,sh600612,老凤祥,38.0,40.55,37.51,40.14,10138,40500456.0,0.89,2.267515923566879
2016-01-15,15:00,sh600612,老凤祥,39.98,40.05,38.08,38.59,7384,28974140.0,-1.55,-3.861484803188839
2016-01-18,15:00,sh600612,老凤祥,38.2,40.1,38.0,39.89,6334,24935396.0,1.3,3.3687483804094325
2016-01-19,15:00,sh600612,老凤祥,39.51,40.93,39.2,40.53,7322,29393464.0,0.64,1.6044121333667585
2016-01-20,15:00,sh600612,老凤祥,40.27,40.78,38.2,38.88,20212,78606416.0,-1.65,-4.071058475203553
2016-01-21,15:00,sh600612,老凤祥,38.47,38.98,37.73,37.8,10702,41092368.0,-1.08,-2.7777777777777777
2016-01-22,15:00,sh600612,老凤祥,38.29,38.29,36.8,37.74,6013,22547914.0,-0.06,-0.1587301587301587
2016-01-25,15:00,sh600612,老凤祥,37.85,38.16,37.37,37.93,7094,26846610.0,0.19,0.50344462109168
2016-01-26,15:00,sh600612,老凤祥,38.0,38.12,35.76,36.13,8112,30200866.0,-1.8,-4.745583970471922
2016-01-27,15:00,sh600612,老凤祥,36.36,36.38,34.14,36.28,8526,30012854.0,0.15,0.4151674508718516
2016-01-28,15:00,sh600612,老凤祥,35.5,36.01,34.97,35.46,7087,25118236.0,-0.82,-2.2601984564498347
2016-01-29,15:00,sh600612,老凤祥,35.07,36.58,34.5,36.4,8428,30031888.0,0.94,2.6508742244782857
2016-02-01,15:00,sh600612,老凤祥,35.98,36.65,35.78,36.18,7232,26144532.0,-0.22,-0.6043956043956045
2016-02-02,15:00,sh600612,老凤祥,36.49,36.8,36.36,36.67,6613,24189350.0,0.49,1.3543394140409066
2016-02-03,15:00,sh600612,老凤祥,36.35,36.51,35.83,36.03,5687,20537724.0,-0.64,-1.745295882192528
2016-02-04,15:00,sh600612,老凤祥,36.55,39.63,36.55,39.48,28340,110251144.0,3.45,9.575353871773522
2016-02-05,15:00,sh600612,老凤祥,40.5,42.88,39.28,40.68,66489,272623424.0,1.2,3.0395136778115504
2016-02-15,15:00,sh600612,老凤祥,43.5,44.5,42.0,43.23,54096,234279296.0,2.55,6.268436578171091
2016-02-16,15:00,sh600612,老凤祥,41.85,42.94,40.8,42.49,59013,246101088.0,-0.74,-1.7117742308582002
2016-02-17,15:00,sh600612,老凤祥,41.34,41.34,40.68,41.09,40372,165325632.0,-1.4,-3.2948929159802307
2016-02-18,15:00,sh600612,老凤祥,41.2,41.38,40.2,40.37,26462,107472576.0,-0.72,-1.7522511559990268
2016-02-19,15:00,sh600612,老凤祥,40.65,41.14,39.72,40.36,29626,120464944.0,-0.01,-0.0247708694575179
2016-02-22,15:00,sh600612,老凤祥,40.43,40.75,40.06,40.6,24604,99293864.0,0.24,0.5946481665014867
2016-02-23,15:00,sh600612,老凤祥,40.26,41.09,39.74,40.92,29928,121240904.0,0.32,0.7881773399014778
2016-02-24,15:00,sh600612,老凤祥,40.5,41.7,39.82,41.58,43689,179289168.0,0.66,1.6129032258064515
2016-02-25,15:00,sh600612,老凤祥,41.1,41.3,37.42,37.66,33741,134535920.0,-3.92,-9.427609427609427
2016-02-26,15:00,sh600612,老凤祥,37.88,38.49,35.0,37.4,21239,78310976.0,-0.26,-0.6903876792352629
2016-02-29,15:00,sh600612,老凤祥,36.88,36.88,34.88,36.03,22331,79603568.0,-1.37,-3.663101604278075
2016-03-01,15:00,sh600612,老凤祥,36.24,39.63,36.0,39.29,35122,133464400.0,3.26,9.048015542603387
2016-03-02,15:00,sh600612,老凤祥,38.53,40.41,38.33,40.0,28043,110791640.0,0.71,1.807075591753627
2016-03-03,15:00,sh600612,老凤祥,40.0,40.88,39.22,40.78,18907,75964712.0,0.78,1.95
2016-03-04,15:00,sh600612,老凤祥,41.3,42.2,40.55,40.94,34345,142670544.0,0.16,0.392349190779794
2016-03-07,15:00,sh600612,老凤祥,41.18,42.58,40.01,41.99,26066,107256488.0,1.05,2.5647288715192964
2016-03-08,15:00,sh600612,老凤祥,41.12,41.59,39.92,41.11,16044,65129984.0,-0.88,-2.095737080257204
2016-03-09,15:00,sh600612,老凤祥,40.12,40.75,38.5,40.21,9157,36829660.0,-0.9,-2.189248358063731
2016-03-10,15:00,sh600612,老凤祥,40.21,40.35,39.33,39.7,13733,54696528.0,-0.51,-1.2683412086545636
2016-03-11,15:00,sh600612,老凤祥,40.15,40.85,40.15,40.38,11041,44753284.0,0.68,1.712846347607053
2016-03-14,15:00,sh600612,老凤祥,40.4,41.0,39.55,40.99,10381,42158384.0,0.61,1.510648836057454
2016-03-15,15:00,sh600612,老凤祥,40.4,40.58,39.9,40.13,9536,38302964.0,-0.86,-2.098072700658697
2016-03-16,15:00,sh600612,老凤祥,39.9,42.5,39.9,41.54,20483,85007264.0,1.41,3.5135808621978573
2016-03-17,15:00,sh600612,老凤祥,41.51,42.55,41.11,41.34,24649,102991520.0,-0.2,-0.4814636494944632
2016-03-18,15:00,sh600612,老凤祥,41.7,42.36,41.35,42.01,21632,90704224.0,0.67,1.62070633768747
2016-03-21,15:00,sh600612,老凤祥,41.9,43.38,41.55,42.08,17234,73156016.0,0.07,0.1666269935729588
2016-03-22,15:00,sh600612,老凤祥,41.3,42.26,41.22,41.92,8076,33807652.0,-0.16,-0.3802281368821292
2016-03-23,15:00,sh600612,老凤祥,42.18,42.18,41.07,41.32,9125,37834336.0,-0.6,-1.431297709923664
2016-03-24,15:00,sh600612,老凤祥,40.8,40.8,40.12,40.57,11496,46502276.0,-0.75,-1.8151016456921587
2016-03-25,15:00,sh600612,老凤祥,40.8,40.87,40.01,40.58,10714,43306124.0,0.01,0.0246487552378604
2016-03-28,15:00,sh600612,老凤祥,40.8,41.5,39.91,40.4,14967,61066112.0,-0.18,-0.4435682602267126
2016-03-29,15:00,sh600612,老凤祥,40.38,40.39,39.53,39.67,8502,33825380.0,-0.73,-1.8069306930693068
2016-03-30,15:00,sh600612,老凤祥,39.97,40.78,39.91,40.3,12892,51859628.0,0.63,1.5881018401814977
2016-03-31,15:00,sh600612,老凤祥,40.3,40.83,40.19,40.67,20188,81838488.0,0.37,0.9181141439205956
2016-04-01,15:00,sh600612,老凤祥,40.66,42.1,40.41,41.9,26041,107548392.0,1.23,3.024342267027293
2016-04-05,15:00,sh600612,老凤祥,41.58,42.15,41.06,42.04,15443,64659864.0,0.14,0.3341288782816229
2016-04-06,15:00,sh600612,老凤祥,41.85,42.08,41.58,41.95,7571,31669466.0,-0.09,-0.2140818268315889
2016-04-07,15:00,sh600612,老凤祥,41.84,42.17,41.77,42.11,9326,39128144.0,0.16,0.3814064362336114
2016-04-08,15:00,sh600612,老凤祥,42.05,42.12,41.54,41.73,15009,62886572.0,-0.38,-0.9023984801709808
2016-04-11,15:00,sh600612,老凤祥,41.9,42.68,41.58,42.48,10875,45988972.0,0.75,1.7972681524083391
2016-04-12,15:00,sh600612,老凤祥,42.52,43.68,42.3,42.47,17880,77260576.0,-0.01,-0.0235404896421845
2016-04-13,15:00,sh600612,老凤祥,42.45,43.47,42.2,42.25,19304,82329344.0,-0.22,-0.5180127148575465
2016-04-14,15:00,sh600612,老凤祥,42.42,43.41,42.42,42.77,17241,74313776.0,0.52,1.2307692307692308
2016-04-15,15:00,sh600612,老凤祥,42.68,43.2,41.82,41.98,12872,54299604.0,-0.79,-1.8470890811316345
2016-04-18,15:00,sh600612,老凤祥,41.62,41.62,40.81,41.0,14131,58170472.0,-0.98,-2.334444973797046
2016-04-19,15:00,sh600612,老凤祥,40.6,41.47,40.6,41.45,5783,23821924.0,0.45,1.097560975609756
2016-04-20,15:00,sh600612,老凤祥,41.7,42.39,39.5,40.62,12793,52120948.0,-0.83,-2.0024125452352237
2016-04-21,15:00,sh600612,老凤祥,40.62,40.86,39.8,40.13,6475,26067708.0,-0.49,-1.20630231413097
2016-04-22,15:00,sh600612,老凤祥,40.0,40.2,39.5,40.01,5989,23898894.0,-0.12,-0.299028158484924
2016-04-25,15:00,sh600612,老凤祥,40.06,40.74,39.5,40.64,9515,38118180.0,0.63,1.5746063484128967
2016-04-26,15:00,sh600612,老凤祥,40.75,41.23,40.3,41.21,7341,29989508.0,0.57,1.4025590551181102
2016-04-27,15:00,sh600612,老凤祥,41.31,42.1,40.71,41.98,8518,35516520.0,0.77,1.868478524629944
2016-04-28,15:00,sh600612,老凤祥,42.1,42.14,41.0,41.79,12172,50738348.0,-0.19,-0.4525964745116722
2016-04-29,15:00,sh600612,老凤祥,42.1,42.85,41.18,42.37,9744,41282812.0,0.58,1.3878918401531466
2016-05-03,15:00,sh600612,老凤祥,42.96,43.68,42.58,43.58,19751,85746160.0,1.21,2.8557941940051923
2016-05-04,15:00,sh600612,老凤祥,43.2,43.67,42.6,43.54,11498,49926592.0,-0.04,-0.0917852225791647
2016-05-05,15:00,sh600612,老凤祥,43.35,43.35,42.86,43.14,4132,17775164.0,-0.4,-0.9186954524575104
2016-05-06,15:00,sh600612,老凤祥,43.14,43.25,41.98,42.36,6612,28042814.0,-0.78,-1.808066759388039
2016-05-09,15:00,sh600612,老凤祥,42.39,42.88,41.52,41.56,7542,31717462.0,-0.8,-1.8885741265344664
2016-05-10,15:00,sh600612,老凤祥,41.64,41.64,39.77,40.4,14542,58410808.0,-1.16,-2.791145332050048
2016-05-11,15:00,sh600612,老凤祥,40.65,41.08,40.28,40.61,12234,49790984.0,0.21,0.5198019801980198
2016-05-12,15:00,sh600612,老凤祥,40.61,41.04,39.58,40.6,4477,18114628.0,-0.01,-0.0246244767298694
2016-05-13,15:00,sh600612,老凤祥,40.51,40.72,39.88,39.95,9112,36676828.0,-0.65,-1.600985221674877
2016-05-16,15:00,sh600612,老凤祥,40.11,40.98,39.8,40.82,7021,28397372.0,0.87,2.1777221526908632
2016-05-17,15:00,sh600612,老凤祥,40.82,40.88,40.45,40.64,5006,20334562.0,-0.18,-0.4409603135717785
2016-05-18,15:00,sh600612,老凤祥,40.65,40.65,40.0,40.49,3802,15301241.0,-0.15,-0.3690944881889764
2016-05-19,15:00,sh600612,老凤祥,40.2,40.43,39.6,39.79,5825,23332954.0,-0.7,-1.7288219313410718
2016-05-20,15:00,sh600612,老凤祥,40.0,40.0,38.76,39.06,12674,49630208.0,-0.73,-1.834631817039457
2016-05-23,15:00,sh600612,老凤祥,39.07,39.5,38.91,39.04,9781,38281996.0,-0.02,-0.0512032770097286
2016-05-24,15:00,sh600612,老凤祥,39.04,39.18,38.45,38.51,9991,38681460.0,-0.53,-1.3575819672131146
2016-05-25,15:00,sh600612,老凤祥,38.6,38.84,37.49,37.86,20181,76521592.0,-0.65,-1.6878732796676188
2016-05-26,15:00,sh600612,老凤祥,37.9,38.09,37.41,37.69,9863,37199228.0,-0.17,-0.4490227152667723
2016-05-27,15:00,sh600612,老凤祥,37.9,38.38,37.5,38.32,10736,40870892.0,0.63,1.671530910055718
2016-05-30,15:00,sh600612,老凤祥,38.05,39.53,37.45,39.4,15469,60403820.0,1.08,2.8183716075156577
2016-05-31,15:00,sh600612,老凤祥,39.29,39.92,38.85,39.88,14226,56288024.0,0.48,1.2182741116751268
2016-06-01,15:00,sh600612,老凤祥,39.61,39.89,39.02,39.5,16328,64293300.0,-0.38,-0.9528585757271816
2016-06-02,15:00,sh600612,老凤祥,39.29,39.37,39.08,39.23,6052,23713406.0,-0.27,-0.6835443037974683
2016-06-03,15:00,sh600612,老凤祥,39.19,39.44,38.91,39.24,7735,30304114.0,0.01,0.0254906958959979
2016-06-06,15:00,sh600612,老凤祥,39.8,40.42,39.78,39.9,11992,48143180.0,0.66,1.6819571865443423
2016-06-07,15:00,sh600612,老凤祥,39.8,39.97,39.18,39.47,5838,23009288.0,-0.43,-1.0776942355889725
2016-06-08,15:00,sh600612,老凤祥,39.25,39.82,39.08,39.54,4972,19592510.0,0.07,0.177349885989359
2016-06-13,15:00,sh600612,老凤祥,39.68,40.72,39.0,39.66,14892,59682944.0,0.12,0.3034901365705614
2016-06-14,15:00,sh600612,老凤祥,39.6,39.67,38.1,38.54,15711,60633052.0,-1.12,-2.8240040342914776
2016-06-15,15:00,sh600612,老凤祥,38.01,39.65,38.01,39.3,8976,34941636.0,0.76,1.9719771665801764
2016-06-16,15:00,sh600612,老凤祥,39.35,40.69,39.32,40.39,14915,59660140.0,1.09,2.7735368956743005
2016-06-17,15:00,sh600612,老凤祥,39.8,40.1,39.47,39.62,8876,35252564.0,-0.77,-1.9064124783362215
2016-06-20,15:00,sh600612,老凤祥,39.76,40.44,39.52,39.91,7574,30264068.0,0.29,0.7319535588086825
2016-06-21,15:00,sh600612,老凤祥,40.0,40.15,39.11,39.42,5448,21582286.0,-0.49,-1.2277624655474817
2016-06-22,15:00,sh600612,老凤祥,39.33,39.56,39.12,39.44,3282,12925848.0,0.02,0.0507356671740233
2016-06-23,15:00,sh600612,老凤祥,39.68,39.78,39.3,39.54,2589,10239449.0,0.1,0.2535496957403651
2016-06-24,15:00,sh600612,老凤祥,39.66,43.3,39.4,42.66,43737,180708784.0,3.12,7.890743550834597
2016-06-27,15:00,sh600612,老凤祥,42.5,42.5,40.82,41.5,25896,107192152.0,-1.16,-2.719174871073605
2016-06-28,15:00,sh600612,老凤祥,41.4,41.75,40.86,41.2,15906,65618392.0,-0.3,-0.7228915662650602
2016-06-29,15:00,sh600612,老凤祥,41.13,41.48,40.9,41.13,12159,49944128.0,-0.07,-0.1699029126213592
2016-06-30,15:00,sh600612,老凤祥,40.97,41.06,40.63,40.85,9288,37892756.0,-0.28,-0.6807682956479455
2016-07-01,15:00,sh600612,老凤祥,40.75,42.13,40.75,41.45,15968,66309436.0,0.6,1.4687882496940026
2016-07-04,15:00,sh600612,老凤祥,41.2,42.95,41.2,42.28,24790,105052824.0,0.83,2.0024125452352237
2016-07-05,15:00,sh600612,老凤祥,42.11,42.24,41.72,42.03,10409,43686380.0,-0.25,-0.5912961210974457
2016-07-06,15:00,sh600612,老凤祥,42.28,45.4,42.28,45.38,68288,300026592.0,3.35,7.970497263859149
2016-07-07,15:00,sh600612,老凤祥,45.38,48.54,44.98,46.7,67695,319193952.0,1.32,2.908770383428823
2016-07-08,15:00,sh600612,老凤祥,45.8,46.0,44.75,45.18,29466,133354648.0,-1.52,-3.2548179871520344
2016-07-11,15:00,sh600612,老凤祥,45.5,48.17,45.5,46.83,52277,247028576.0,1.65,3.6520584329349273
2016-07-12,15:00,sh600612,老凤祥,46.2,47.67,45.61,46.85,28278,132488104.0,0.02,0.0427076660260516
2016-07-13,15:00,sh600612,老凤祥,46.2,47.87,45.68,47.79,28206,130988968.0,0.94,2.006403415154749
2016-07-14,15:00,sh600612,老凤祥,47.8,47.8,46.81,47.01,19664,92830688.0,-0.78,-1.6321406151914626
2016-07-15,15:00,sh600612,老凤祥,46.5,47.2,46.0,46.92,18176,84655400.0,-0.09,-0.1914486279514997
2016-07-18,15:00,sh600612,老凤祥,45.7,46.19,44.8,44.96,19639,88766800.0,-1.96,-4.177323103154305
2016-07-19,15:00,sh600612,老凤祥,44.9,44.94,43.03,43.79,21765,95203528.0,-1.17,-2.6023131672597866
2016-07-20,15:00,sh600612,老凤祥,43.85,44.17,43.2,43.57,12486,54373860.0,-0.22,-0.5023978077186573
2016-07-21,15:00,sh600612,老凤祥,43.45,44.37,43.16,44.29,16655,72804424.0,0.72,1.6525131971540052
2016-07-22,15:00,sh600612,老凤祥,44.5,44.7,43.17,43.23,13960,61200936.0,-1.06,-2.39331677579589
2016-07-25,15:00,sh600612,老凤祥,42.95,43.1,41.82,42.0,14180,60141384.0,-1.23,-2.8452463566967383
2016-07-26,15:00,sh600612,老凤祥,42.0,43.69,41.88,43.22,21651,92029736.0,1.22,2.9047619047619047
2016-07-27,15:00,sh600612,老凤祥,42.86,44.25,42.5,42.68,25448,109450856.0,-0.54,-1.2494215640906987
2016-07-28,15:00,sh600612,老凤祥,44.0,44.8,43.21,44.51,34670,152278000.0,1.83,4.287722586691658
2016-07-29,15:00,sh600612,老凤祥,43.84,45.47,43.84,44.78,16621,74054936.0,0.27,0.6066052572455628
2016-08-01,15:00,sh600612,老凤祥,44.81,45.99,43.62,44.07,16202,73029512.0,-0.71,-1.5855292541313084
2016-08-02,15:00,sh600612,老凤祥,44.16,44.85,43.18,44.71,13031,56767316.0,0.64,1.4522350805536646
2016-08-03,15:00,sh600612,老凤祥,45.0,45.24,44.61,44.63,12299,55215280.0,-0.08,-0.1789308879445314
2016-08-04,15:00,sh600612,老凤祥,43.94,43.94,43.1,43.5,15739,68209088.0,-1.13,-2.531929195608335
2016-08-05,15:00,sh600612,老凤祥,43.5,43.5,43.0,43.11,6305,27214860.0,-0.39,-0.8965517241379309
2016-08-08,15:00,sh600612,老凤祥,42.17,42.79,42.01,42.62,8180,34643956.0,-0.49,-1.1366272326606357
2016-08-09,15:00,sh600612,老凤祥,42.6,42.98,42.32,42.74,5514,23514182.0,0.12,0.2815579540122008
2016-08-10,15:00,sh600612,老凤祥,42.81,44.13,42.81,44.04,17874,78139640.0,1.3,3.0416471689284044
2016-08-11,15:00,sh600612,老凤祥,43.7,43.7,43.2,43.27,5745,24926850.0,-0.77,-1.748410535876476
2016-08-12,15:00,sh600612,老凤祥,43.18,43.29,42.83,43.1,6666,28726370.0,-0.17,-0.392881904321701
2016-08-15,15:00,sh600612,老凤祥,43.07,43.68,42.8,43.43,22652,97734280.0,0.33,0.765661252900232
2016-08-16,15:00,sh600612,老凤祥,43.35,44.19,43.3,43.78,19401,84748256.0,0.35,0.8058945429426664
2016-08-17,15:00,sh600612,老凤祥,43.65,44.03,43.4,43.73,17853,78194016.0,-0.05,-0.1142074006395614
2016-08-18,15:00,sh600612,老凤祥,43.61,44.37,43.61,43.84,8208,36031404.0,0.11,0.2515435627715527
2016-08-19,15:00,sh600612,老凤祥,43.84,44.13,43.25,43.84,7426,32550958.0,0.0,0.0
2016-08-22,15:00,sh600612,老凤祥,43.75,43.75,42.42,42.56,15264,65239492.0,-1.28,-2.9197080291970803
2016-08-23,15:00,sh600612,老凤祥,42.51,42.85,42.1,42.69,5863,24922508.0,0.13,0.3054511278195488
2016-08-24,15:00,sh600612,老凤祥,42.64,42.78,42.33,42.41,9103,38648876.0,-0.28,-0.65589130944015
2016-08-25,15:00,sh600612,老凤祥,42.06,42.2,41.0,41.28,14565,60262136.0,-1.13,-2.664465927847206
2016-08-26,15:00,sh600612,老凤祥,41.24,41.9,40.9,41.75,8560,35539912.0,0.47,1.1385658914728682
2016-08-29,15:00,sh600612,老凤祥,41.48,42.18,41.05,41.96,6192,25904556.0,0.21,0.502994011976048
2016-08-30,15:00,sh600612,老凤祥,42.0,42.39,41.53,41.62,6151,25800186.0,-0.34,-0.8102955195424213
2016-08-31,15:00,sh600612,老凤祥,41.6,41.96,41.38,41.53,8713,36257660.0,-0.09,-0.2162421912542047
2016-09-01,15:00,sh600612,老凤祥,41.65,41.96,41.53,41.57,7166,29918322.0,0.04,0.0963159162051529
2016-09-02,15:00,sh600612,老凤祥,41.6,41.75,41.45,41.57,4646,19347508.0,0.0,0.0
2016-09-05,15:00,sh600612,老凤祥,41.9,41.97,41.39,41.46,12699,52745600.0,-0.11,-0.2646139042578783
2016-09-06,15:00,sh600612,老凤祥,41.55,41.55,41.06,41.4,8139,33554104.0,-0.06,-0.1447178002894356
2016-09-07,15:00,sh600612,老凤祥,41.7,42.7,41.7,42.36,15201,64273464.0,0.96,2.318840579710145
2016-09-08,15:00,sh600612,老凤祥,42.04,42.49,41.87,42.14,10254,43111412.0,-0.22,-0.5193578847969783
2016-09-09,15:00,sh600612,老凤祥,41.91,43.48,41.7,43.02,14494,61929280.0,0.88,2.08827717133365
2016-09-12,15:00,sh600612,老凤祥,42.43,42.43,41.6,41.65,5659,23745336.0,-1.37,-3.1845653184565315
2016-09-13,15:00,sh600612,老凤祥,42.04,42.11,40.9,41.11,6305,25999774.0,-0.54,-1.296518607442977
2016-09-14,15:00,sh600612,老凤祥,40.48,41.35,40.48,41.16,4609,18893006.0,0.05,0.1216249087813184
2016-09-19,15:00,sh600612,老凤祥,41.01,41.3,40.99,41.16,2525,10392718.0,0.0,0.0
2016-09-20,15:00,sh600612,老凤祥,41.42,41.49,40.5,40.7,7690,31427060.0,-0.46,-1.1175898931000972
2016-09-21,15:00,sh600612,老凤祥,40.7,41.38,40.65,41.12,5053,20791958.0,0.42,1.0319410319410318
2016-09-22,15:00,sh600612,老凤祥,41.43,41.83,40.92,41.13,7535,31072666.0,0.01,0.0243190661478599
2016-09-23,15:00,sh600612,老凤祥,41.02,41.13,40.09,40.35,8302,33618928.0,-0.78,-1.896425966447848
2016-09-26,15:00,sh600612,老凤祥,40.4,40.5,40.13,40.21,9078,36545220.0,-0.14,-0.3469640644361834
2016-09-27,15:00,sh600612,老凤祥,40.21,40.66,40.0,40.36,3447,13886760.0,0.15,0.3730415319572245
2016-09-28,15:00,sh600612,老凤祥,40.37,40.62,40.01,40.58,7751,31279474.0,0.22,0.5450941526263627
2016-09-29,15:00,sh600612,老凤祥,40.56,40.84,40.33,40.67,9539,38775232.0,0.09,0.2217841301133563
2016-09-30,15:00,sh600612,老凤祥,40.59,41.03,40.44,41.01,4719,19262960.0,0.34,0.8359970494221785
2016-10-10,15:00,sh600612,老凤祥,40.68,41.09,40.25,41.04,6250,25535598.0,0.03,0.0731528895391368
2016-10-11,15:00,sh600612,老凤祥,41.14,41.22,40.8,41.2,5628,23087862.0,0.16,0.3898635477582846
2016-10-12,15:00,sh600612,老凤祥,41.22,41.37,40.89,41.02,3981,16324594.0,-0.18,-0.4368932038834952
2016-10-13,15:00,sh600612,老凤祥,41.05,41.06,40.56,40.6,8608,35112944.0,-0.42,-1.023890784982935
2016-10-14,15:00,sh600612,老凤祥,40.63,40.96,40.14,40.66,8186,33032272.0,0.06,0.1477832512315271
2016-10-17,15:00,sh600612,老凤祥,40.54,40.91,40.35,40.79,5450,22132392.0,0.13,0.3197245450073782
2016-10-18,15:00,sh600612,老凤祥,40.4,41.07,40.11,41.02,7189,29205284.0,0.23,0.5638636920813925
2016-10-19,15:00,sh600612,老凤祥,40.93,42.5,40.8,41.49,11708,48787960.0,0.47,1.1457825450999513
2016-10-20,15:00,sh600612,老凤祥,41.44,41.7,41.04,41.07,6314,26153168.0,-0.42,-1.0122921185827911
2016-10-21,15:00,sh600612,老凤祥,41.3,41.31,40.38,40.84,5908,24097776.0,-0.23,-0.5600194789383979
2016-10-24,15:00,sh600612,老凤祥,40.79,41.06,40.55,40.92,3421,13987630.0,0.08,0.1958863858961802
2016-10-25,15:00,sh600612,老凤祥,40.85,41.15,40.65,41.14,9404,38474144.0,0.22,0.5376344086021506
2016-10-26,15:00,sh600612,老凤祥,41.14,41.36,40.83,41.16,5144,21145740.0,0.02,0.0486144871171609
2016-10-27,15:00,sh600612,老凤祥,41.21,41.21,40.85,40.88,4306,17622606.0,-0.28,-0.6802721088435374
2016-10-28,15:00,sh600612,老凤祥,41.1,41.25,40.92,40.97,6431,26428534.0,0.09,0.2201565557729941
2016-10-31,15:00,sh600612,老凤祥,41.1,41.48,41.02,41.32,7103,29333970.0,0.35,0.8542836221625579
2016-11-01,15:00,sh600612,老凤祥,41.39,41.85,41.15,41.49,6272,25973040.0,0.17,0.4114230396902226
2016-11-02,15:00,sh600612,老凤祥,41.63,45.64,41.53,43.66,35377,154139184.0,2.17,5.230175946011087
2016-11-03,15:00,sh600612,老凤祥,43.68,43.68,42.56,43.3,21683,93310616.0,-0.36,-0.8245533669262484
2016-11-04,15:00,sh600612,老凤祥,42.85,43.18,42.41,42.45,12130,51881252.0,-0.85,-1.9630484988452657
2016-11-07,15:00,sh600612,老凤祥,42.22,42.47,41.68,42.11,12524,52465368.0,-0.34,-0.800942285041225
2016-11-08,15:00,sh600612,老凤祥,41.9,41.97,41.72,41.9,9761,40860480.0,-0.21,-0.4986938969365946
2016-11-09,15:00,sh600612,老凤祥,41.98,45.0,41.94,43.52,58737,254387200.0,1.62,3.866348448687351
2016-11-10,15:00,sh600612,老凤祥,42.1,42.5,41.68,42.4,36502,153911264.0,-1.12,-2.5735294117647056
2016-11-11,15:00,sh600612,老凤祥,41.9,42.07,41.61,41.7,23823,99453232.0,-0.7,-1.650943396226415
2016-11-14,15:00,sh600612,老凤祥,41.0,41.58,40.72,40.95,24371,100036928.0,-0.75,-1.7985611510791366
2016-11-15,15:00,sh600612,老凤祥,41.01,41.25,40.95,41.12,9058,37229140.0,0.17,0.4151404151404151
2016-11-16,15:00,sh600612,老凤祥,41.12,41.27,40.75,40.97,13657,55896312.0,-0.15,-0.3647859922178988
2016-11-17,15:00,sh600612,老凤祥,40.97,41.11,40.7,40.83,19561,79927848.0,-0.14,-0.3417134488650232
2016-11-18,15:00,sh600612,老凤祥,40.66,40.66,40.07,40.5,28648,115361280.0,-0.33,-0.8082292432035268
2016-11-21,15:00,sh600612,老凤祥,40.25,40.48,40.2,40.47,13161,53092636.0,-0.03,-0.074074074074074
2016-11-22,15:00,sh600612,老凤祥,40.53,40.64,40.35,40.51,14007,56662824.0,0.04,0.098838645910551
2016-11-23,15:00,sh600612,老凤祥,40.42,40.59,40.4,40.51,9035,36592144.0,0.0,0.0
2016-11-24,15:00,sh600612,老凤祥,40.25,40.35,39.95,40.24,13250,53203344.0,-0.27,-0.6665020982473463
2016-11-25,15:00,sh600612,老凤祥,40.27,40.27,40.0,40.21,7941,31857218.0,-0.03,-0.0745526838966202
2016-11-28,15:00,sh600612,老凤祥,40.39,40.55,40.38,40.47,10831,43853088.0,0.26,0.6466053220591892
2016-11-29,15:00,sh600612,老凤祥,40.5,40.68,40.3,40.34,12111,49096192.0,-0.13,-0.3212255992092908
2016-11-30,15:00,sh600612,老凤祥,40.28,40.46,40.12,40.32,7057,28455930.0,-0.02,-0.0495785820525532
2016-12-01,15:00,sh600612,老凤祥,40.2,40.3,39.86,40.05,20281,81174712.0,-0.27,-0.6696428571428571
2016-12-02,15:00,sh600612,老凤祥,40.04,40.08,39.81,39.89,8844,35324284.0,-0.16,-0.3995006242197253
2016-12-05,15:00,sh600612,老凤祥,39.83,39.85,38.61,38.85,15391,60340560.0,-1.04,-2.607169716720983
2016-12-06,15:00,sh600612,老凤祥,38.87,39.06,38.6,38.79,10186,39465888.0,-0.06,-0.1544401544401544
2016-12-07,15:00,sh600612,老凤祥,38.83,38.95,38.58,38.91,8257,31995916.0,0.12,0.3093580819798917
2016-12-08,15:00,sh600612,老凤祥,38.98,39.38,38.98,39.12,14223,55695520.0,0.21,0.5397070161912104
2016-12-09,15:00,sh600612,老凤祥,38.96,39.08,38.75,38.84,8062,31326970.0,-0.28,-0.7157464212678937
2016-12-12,15:00,sh600612,老凤祥,38.77,38.79,37.31,37.32,16329,61978328.0,-1.52,-3.913491246138002
2016-12-13,15:00,sh600612,老凤祥,37.58,37.59,36.95,37.3,9423,35059916.0,-0.02,-0.0535905680600214
2016-12-14,15:00,sh600612,老凤祥,37.36,38.55,37.03,38.2,13133,49797360.0,0.9,2.412868632707774
2016-12-15,15:00,sh600612,老凤祥,38.09,38.09,37.19,37.85,16340,61406256.0,-0.35,-0.9162303664921464
2016-12-16,15:00,sh600612,老凤祥,37.75,37.85,37.39,37.52,10355,38862888.0,-0.33,-0.8718626155878468
2016-12-19,15:00,sh600612,老凤祥,37.6,37.69,37.25,37.34,10989,41084968.0,-0.18,-0.4797441364605544
2016-12-20,15:00,sh600612,老凤祥,37.4,37.82,37.4,37.49,9947,37351832.0,0.15,0.4017139796464917
2016-12-21,15:00,sh600612,老凤祥,37.55,37.61,37.41,37.56,9320,34935412.0,0.07,0.1867164577220592
2016-12-22,15:00,sh600612,老凤祥,37.6,37.67,37.2,37.29,10427,38971544.0,-0.27,-0.7188498402555911
2016-12-23,15:00,sh600612,老凤祥,37.34,37.37,36.66,36.69,12590,46496576.0,-0.6,-1.6090104585679808
2016-12-26,15:00,sh600612,老凤祥,36.67,36.85,36.13,36.51,13397,48620336.0,-0.18,-0.490596892886345
2016-12-27,15:00,sh600612,老凤祥,36.46,37.1,36.2,37.0,12537,45888600.0,0.49,1.3420980553273076
2016-12-28,15:00,sh600612,老凤祥,36.98,36.98,36.62,36.84,8037,29529848.0,-0.16,-0.4324324324324324
2016-12-29,15:00,sh600612,老凤祥,36.84,37.06,36.7,36.71,13018,47957272.0,-0.13,-0.3528773072747014
2016-12-30,15:00,sh600612,老凤祥,36.85,37.26,36.83,37.23,15067,55831448.0,0.52,1.4165077635521657
2017-01-03,15:00,sh600612,老凤祥,37.22,37.54,37.01,37.51,17664,65764660.0,0.28,0.75208165457964
2017-01-04,15:00,sh600612,老凤祥,37.58,37.83,37.51,37.72,22129,83358704.0,0.21,0.5598507064782724
2017-01-05,15:00,sh600612,老凤祥,37.72,38.77,37.72,38.49,35879,137969584.0,0.77,2.04135737009544
2017-01-06,15:00,sh600612,老凤祥,39.2,40.25,38.63,39.6,65905,261785760.0,1.11,2.883865939204989
2017-01-09,15:00,sh600612,老凤祥,39.2,39.8,39.01,39.77,16886,66629900.0,0.17,0.4292929292929293
2017-01-10,15:00,sh600612,老凤祥,39.77,40.4,39.25,39.48,17886,71149544.0,-0.29,-0.7291928589388987
2017-01-11,15:00,sh600612,老凤祥,39.31,40.15,39.0,40.1,20933,82829840.0,0.62,1.5704154002026345
2017-01-12,15:00,sh600612,老凤祥,39.86,40.3,39.86,39.96,13748,55103640.0,-0.14,-0.3491271820448878
2017-01-13,15:00,sh600612,老凤祥,39.96,40.36,39.13,40.23,17819,71015528.0,0.27,0.6756756756756757
2017-01-16,15:00,sh600612,老凤祥,40.0,40.99,39.06,40.87,40477,162789520.0,0.64,1.5908525975640069
2017-01-17,15:00,sh600612,老凤祥,40.87,40.87,39.79,40.19,16964,68028384.0,-0.68,-1.6638120871054565
2017-01-18,15:00,sh600612,老凤祥,40.17,40.39,39.81,40.11,8350,33447088.0,-0.08,-0.1990544911669569
2017-01-19,15:00,sh600612,老凤祥,39.88,40.11,39.69,39.84,6117,24392120.0,-0.27,-0.6731488406881078
2017-01-20,15:00,sh600612,老凤祥,39.92,40.22,39.85,40.09,7361,29455876.0,0.25,0.6275100401606426
2017-01-23,15:00,sh600612,老凤祥,40.0,40.19,39.5,39.87,5285,21095726.0,-0.22,-0.5487652781242205
2017-01-24,15:00,sh600612,老凤祥,40.8,41.2,40.18,41.07,28114,114603048.0,1.2,3.0097817908201656
2017-01-25,15:00,sh600612,老凤祥,40.94,41.2,40.5,41.05,17842,72927248.0,-0.02,-0.0486973459946432
2017-01-26,15:00,sh600612,老凤祥,41.0,41.2,40.7,40.83,5116,20937036.0,-0.22,-0.535931790499391
2017-02-03,15:00,sh600612,老凤祥,41.02,41.87,41.02,41.75,21725,90386712.0,0.92,2.253245162870438
2017-02-06,15:00,sh600612,老凤祥,41.64,42.0,41.35,41.58,19586,81635992.0,-0.17,-0.407185628742515
2017-02-07,15:00,sh600612,老凤祥,41.9,42.3,40.8,41.19,25719,106841328.0,-0.39,-0.937950937950938
2017-02-08,15:00,sh600612,老凤祥,41.0,41.3,40.6,41.09,5263,21559070.0,-0.1,-0.2427773731488225
2017-02-09,15:00,sh600612,老凤祥,41.2,41.2,40.98,41.12,5096,20935522.0,0.03,0.0730104648332927
2017-02-10,15:00,sh600612,老凤祥,41.1,41.12,40.02,40.26,13419,54168908.0,-0.86,-2.091439688715953
2017-02-13,15:00,sh600612,老凤祥,40.02,40.78,39.83,40.62,15044,60596456.0,0.36,0.8941877794336811
2017-02-14,15:00,sh600612,老凤祥,40.5,40.8,40.25,40.66,8094,32877856.0,0.04,0.0984736582964057
2017-02-15,15:00,sh600612,老凤祥,40.49,40.75,40.12,40.28,6002,24210276.0,-0.38,-0.9345794392523364
2017-02-16,15:00,sh600612,老凤祥,40.28,40.6,39.93,40.22,9917,39809144.0,-0.06,-0.1489572989076464
2017-02-17,15:00,sh600612,老凤祥,40.24,40.33,40.08,40.21,8584,34528812.0,-0.01,-0.0248632521133764
2017-02-20,15:00,sh600612,老凤祥,40.2,40.98,40.16,40.97,14537,58886184.0,0.76,1.890077095249938
2017-02-21,15:00,sh600612,老凤祥,40.86,41.58,40.75,41.54,13612,56206096.0,0.57,1.3912618989504515
2017-02-22,15:00,sh600612,老凤祥,41.4,41.85,41.3,41.32,6374,26465048.0,-0.22,-0.5296100144439095
2017-02-23,15:00,sh600612,老凤祥,41.38,41.69,40.87,41.13,9249,38078132.0,-0.19,-0.4598257502420135
2017-02-24,15:00,sh600612,老凤祥,41.13,41.8,41.13,41.61,10400,43168340.0,0.48,1.1670313639679066
2017-02-27,15:00,sh600612,老凤祥,41.69,42.0,41.18,41.42,10234,42764768.0,-0.19,-0.45662100456621
2017-02-28,15:00,sh600612,老凤祥,41.3,41.63,41.15,41.38,3388,14036038.0,-0.04,-0.0965717044905842
2017-03-01,15:00,sh600612,老凤祥,41.38,41.67,41.12,41.64,7966,32986170.0,0.26,0.6283228612856452
2017-03-02,15:00,sh600612,老凤祥,41.64,41.72,41.2,41.57,6551,27205514.0,-0.07,-0.1681075888568683
2017-03-03,15:00,sh600612,老凤祥,41.22,41.27,40.53,40.87,12766,52128760.0,-0.7,-1.6839066634592252
2017-03-06,15:00,sh600612,老凤祥,40.62,41.13,40.6,40.89,4810,19711216.0,0.02,0.0489356496207487
2017-03-07,15:00,sh600612,老凤祥,40.91,41.57,40.82,41.56,9499,39210984.0,0.67,1.6385424309122036
2017-03-08,15:00,sh600612,老凤祥,41.55,41.55,41.05,41.22,3061,12614822.0,-0.34,-0.8180943214629451
2017-03-09,15:00,sh600612,老凤祥,41.17,41.17,40.56,40.7,4873,19836316.0,-0.52,-1.2615235322658904
2017-03-10,15:00,sh600612,老凤祥,40.7,40.8,39.59,39.87,15224,61206492.0,-0.83,-2.03931203931204
2017-03-13,15:00,sh600612,老凤祥,39.99,40.66,39.62,40.37,13147,52959064.0,0.5,1.254075746175069
2017-03-14,15:00,sh600612,老凤祥,40.47,40.47,40.11,40.18,2652,10681275.0,-0.19,-0.4706465196928412
2017-03-15,15:00,sh600612,老凤祥,39.98,40.23,39.79,39.99,6557,26167188.0,-0.19,-0.4728720756595321
2017-03-16,15:00,sh600612,老凤祥,40.39,40.75,40.35,40.36,17061,69231152.0,0.37,0.9252313078269568
2017-03-17,15:00,sh600612,老凤祥,40.38,40.6,40.07,40.29,5613,22616072.0,-0.07,-0.1734390485629336
2017-03-20,15:00,sh600612,老凤祥,40.16,40.46,39.92,40.0,11854,47502568.0,-0.29,-0.7197815835194837
2017-03-21,15:00,sh600612,老凤祥,40.16,40.35,40.0,40.24,6699,26931432.0,0.24,0.6
2017-03-22,15:00,sh600612,老凤祥,40.25,40.69,40.0,40.23,12275,49455956.0,-0.01,-0.0248508946322067
2017-03-23,15:00,sh600612,老凤祥,40.23,41.5,40.03,41.46,25524,104770904.0,1.23,3.0574198359433256
2017-03-24,15:00,sh600612,老凤祥,41.4,41.79,40.85,41.53,13879,57425512.0,0.07,0.1688374336710082
2017-03-27,15:00,sh600612,老凤祥,41.52,41.97,41.1,41.26,10254,42582388.0,-0.27,-0.6501324343847821
2017-03-28,15:00,sh600612,老凤祥,41.38,41.62,40.76,40.9,6859,28133280.0,-0.36,-0.872515753756665
2017-03-29,15:00,sh600612,老凤祥,40.9,40.9,39.38,39.65,19838,79185208.0,-1.25,-3.056234718826406
2017-03-30,15:00,sh600612,老凤祥,39.46,39.74,39.22,39.41,7977,31524216.0,-0.24,-0.605296343001261
2017-03-31,15:00,sh600612,老凤祥,39.4,39.59,38.8,39.38,8419,32991124.0,-0.03,-0.0761228114691702
2017-04-05,15:00,sh600612,老凤祥,39.35,39.65,38.91,39.63,17730,69509888.0,0.25,0.6348400203148806
2017-04-06,15:00,sh600612,老凤祥,39.51,39.51,39.01,39.22,13835,54214072.0,-0.41,-1.034569770375978
2017-04-07,15:00,sh600612,老凤祥,39.2,40.29,39.2,39.9,23941,95684800.0,0.68,1.7338092809790924
2017-04-10,15:00,sh600612,老凤祥,39.55,39.55,38.9,39.16,13188,51543888.0,-0.74,-1.8546365914786969
2017-04-11,15:00,sh600612,老凤祥,39.12,39.86,39.0,39.73,17501,69266160.0,0.57,1.4555669050051072
2017-04-12,15:00,sh600612,老凤祥,40.03,40.2,39.78,39.91,14188,56625352.0,0.18,0.4530581424616158
2017-04-13,15:00,sh600612,老凤祥,40.2,40.23,39.82,40.01,9252,37045432.0,0.1,0.2505637684790779
2017-04-14,15:00,sh600612,老凤祥,40.18,40.79,39.32,39.37,19464,78016448.0,-0.64,-1.5996000999750064
2017-04-17,15:00,sh600612,老凤祥,39.49,39.49,38.62,38.81,12218,47493280.0,-0.56,-1.4224028448056898
2017-04-18,15:00,sh600612,老凤祥,38.88,39.64,38.75,39.6,13478,52544016.0,0.79,2.035557845916001
2017-04-19,15:00,sh600612,老凤祥,39.38,39.55,38.83,39.25,6707,26192128.0,-0.35,-0.8838383838383838
2017-04-20,15:00,sh600612,老凤祥,39.0,39.58,39.0,39.3,8382,32940164.0,0.05,0.1273885350318471
2017-04-21,15:00,sh600612,老凤祥,40.0,40.62,39.56,40.09,20412,81880304.0,0.79,2.010178117048346
2017-04-24,15:00,sh600612,老凤祥,40.03,41.88,39.52,41.3,36713,151000720.0,1.21,3.0182090296832125
2017-04-25,15:00,sh600612,老凤祥,41.0,42.4,40.71,41.66,18765,78319688.0,0.36,0.8716707021791767
2017-04-26,15:00,sh600612,老凤祥,41.45,42.62,41.45,42.1,21323,89868224.0,0.44,1.056168987037926
2017-04-27,15:00,sh600612,老凤祥,42.13,42.49,41.6,42.4,16506,69455432.0,0.3,0.7125890736342043
2017-04-28,15:00,sh600612,老凤祥,42.65,43.55,42.65,43.49,25132,108626712.0,1.09,2.570754716981132
2017-05-02,15:00,sh600612,老凤祥,43.63,43.63,42.18,42.45,16449,70290544.0,-1.04,-2.3913543343297308
2017-05-03,15:00,sh600612,老凤祥,42.75,43.0,42.19,42.34,8902,37811736.0,-0.11,-0.2591283863368669
2017-05-04,15:00,sh600612,老凤祥,42.36,42.8,42.04,42.27,11421,48334768.0,-0.07,-0.1653282947567312
2017-05-05,15:00,sh600612,老凤祥,42.27,42.78,41.46,41.64,12812,54072032.0,-0.63,-1.4904187366926898
2017-05-08,15:00,sh600612,老凤祥,41.65,42.26,41.25,41.83,10436,43716260.0,0.19,0.4562920268972142
2017-05-09,15:00,sh600612,老凤祥,41.17,42.08,41.05,41.65,6965,28943914.0,-0.18,-0.4303131723643318
2017-05-10,15:00,sh600612,老凤祥,41.5,41.88,40.71,40.75,10243,42364784.0,-0.9,-2.1608643457382954
2017-05-11,15:00,sh600612,老凤祥,40.74,41.54,40.6,41.2,13723,56546816.0,0.45,1.1042944785276074
2017-05-12,15:00,sh600612,老凤祥,41.2,41.6,40.85,41.21,9102,37506912.0,0.01,0.0242718446601941
2017-05-15,15:00,sh600612,老凤祥,41.24,41.53,41.02,41.39,7294,30095476.0,0.18,0.4367871875758311
2017-05-16,15:00,sh600612,老凤祥,41.3,42.34,41.08,42.25,14114,59012520.0,0.86,2.0777965692196183
2017-05-17,15:00,sh600612,老凤祥,42.01,42.71,42.01,42.31,11283,47948164.0,0.06,0.1420118343195266
2017-05-18,15:00,sh600612,老凤祥,42.17,43.34,41.6,41.94,16105,68392808.0,-0.37,-0.8744977546679272
2017-05-19,15:00,sh600612,老凤祥,41.58,42.92,41.3,42.69,15730,66781832.0,0.75,1.78826895565093
2017-05-22,15:00,sh600612,老凤祥,42.79,43.53,42.36,42.92,21561,92814768.0,0.23,0.5387678613258374
2017-05-23,15:00,sh600612,老凤祥,42.92,44.28,42.35,43.28,29691,128586288.0,0.36,0.8387698042870456
2017-05-24,15:00,sh600612,老凤祥,42.57,44.1,42.15,43.83,16115,69887904.0,0.55,1.2707948243992606
2017-05-25,15:00,sh600612,老凤祥,43.5,43.84,42.56,43.21,13118,56524308.0,-0.62,-1.4145562400182523
2017-05-26,15:00,sh600612,老凤祥,43.17,43.78,42.84,43.2,7724,33338924.0,-0.01,-0.023142791020597
2017-05-31,15:00,sh600612,老凤祥,43.19,44.3,43.1,44.29,20127,88426224.0,1.09,2.5231481481481484
2017-06-01,15:00,sh600612,老凤祥,44.38,44.77,43.96,44.29,15076,66923848.0,0.0,0.0
2017-06-02,15:00,sh600612,老凤祥,44.28,44.39,43.03,43.55,11779,51301148.0,-0.74,-1.67080605102732
2017-06-05,15:00,sh600612,老凤祥,43.5,44.2,43.34,43.58,7240,31751338.0,0.03,0.0688863375430539
2017-06-06,15:00,sh600612,老凤祥,43.75,44.33,43.03,44.28,10639,46275796.0,0.7,1.606241395135383
2017-06-07,15:00,sh600612,老凤祥,44.29,44.68,43.85,44.4,14817,65777360.0,0.12,0.2710027100271002
2017-06-08,15:00,sh600612,老凤祥,43.6,44.75,43.6,44.44,10291,45739500.0,0.04,0.09009009009009
2017-06-09,15:00,sh600612,老凤祥,44.2,45.87,44.2,45.3,20423,92437216.0,0.86,1.935193519351935
2017-06-12,15:00,sh600612,老凤祥,45.31,47.57,45.31,47.27,30141,140776288.0,1.97,4.34878587196468
2017-06-13,15:00,sh600612,老凤祥,47.22,47.75,46.8,47.3,13037,61632952.0,0.03,0.0634651999153797
2017-06-14,15:00,sh600612,老凤祥,47.55,47.97,46.7,47.92,14584,69083632.0,0.62,1.3107822410147991
2017-06-15,15:00,sh600612,老凤祥,47.72,47.72,45.7,45.79,20010,93358112.0,-2.13,-4.4449081803005015
2017-06-16,15:00,sh600612,老凤祥,46.0,46.45,45.0,45.99,8922,41118284.0,0.2,0.4367765887748416
2017-06-19,15:00,sh600612,老凤祥,45.76,46.74,45.51,46.63,9752,45188320.0,0.64,1.3916068710589258
2017-06-20,15:00,sh600612,老凤祥,46.47,47.0,46.3,46.43,13792,64422268.0,-0.2,-0.4289084280506112
2017-06-21,15:00,sh600612,老凤祥,46.41,46.6,45.68,46.3,19651,90281792.0,-0.13,-0.2799913848804652
2017-06-22,15:00,sh600612,老凤祥,46.25,47.79,46.22,46.31,16323,76938616.0,0.01,0.0215982721382289
2017-06-23,15:00,sh600612,老凤祥,46.17,49.18,46.0,49.15,26600,126802528.0,2.84,6.132584754912545
2017-06-26,15:00,sh600612,老凤祥,48.88,49.37,48.31,49.16,20039,97780880.0,0.01,0.0203458799593082
2017-06-27,15:00,sh600612,老凤祥,49.15,49.15,48.18,48.68,12410,60289816.0,-0.48,-0.9764035801464606
2017-06-28,15:00,sh600612,老凤祥,48.11,48.53,47.76,47.99,18372,88184256.0,-0.69,-1.4174198849630235
2017-06-29,15:00,sh600612,老凤祥,47.89,48.88,47.77,48.72,16228,78516960.0,0.73,1.521150239633257
2017-06-30,15:00,sh600612,老凤祥,48.5,49.58,47.82,48.97,12366,60219184.0,0.25,0.513136288998358
2017-07-03,15:00,sh600612,老凤祥,48.63,48.87,47.91,48.15,17450,84313536.0,-0.82,-1.6744945885235858
2017-07-04,15:00,sh600612,老凤祥,48.15,48.79,47.25,47.58,18249,87366624.0,-0.57,-1.1838006230529596
2017-07-05,15:00,sh600612,老凤祥,47.77,48.44,47.2,48.43,10647,50974192.0,0.85,1.7864649012189997
2017-07-06,15:00,sh600612,老凤祥,48.28,48.44,47.71,48.2,9288,44662288.0,-0.23,-0.474912244476564
2017-07-07,15:00,sh600612,老凤祥,47.88,48.28,46.2,46.35,21620,101595928.0,-1.85,-3.838174273858921
2017-07-10,15:00,sh600612,老凤祥,46.12,46.38,44.69,44.86,29937,136055680.0,-1.49,-3.214670981661273
2017-07-11,15:00,sh600612,老凤祥,44.85,45.69,44.85,45.27,17398,78856384.0,0.41,0.9139545251894784
2017-07-12,15:00,sh600612,老凤祥,45.69,45.7,45.02,45.69,9914,45015724.0,0.42,0.9277667329357192
2017-07-13,15:00,sh600612,老凤祥,45.79,45.79,44.66,45.16,20502,92257480.0,-0.53,-1.1599912453490917
2017-07-14,15:00,sh600612,老凤祥,45.39,45.4,44.68,45.39,15107,68135144.0,0.23,0.5093002657218778
2017-07-17,15:00,sh600612,老凤祥,44.6,44.6,42.31,42.95,13719,59679792.0,-2.44,-5.375633399427186
2017-07-18,15:00,sh600612,老凤祥,43.4,43.97,42.65,43.73,9137,39802052.0,0.78,1.8160651920838184
2017-07-19,15:00,sh600612,老凤祥,43.88,44.23,43.4,44.0,15690,68781216.0,0.27,0.6174251086210839
2017-07-20,15:00,sh600612,老凤祥,43.95,44.77,43.57,44.31,15886,70370048.0,0.31,0.7045454545454546
2017-07-21,15:00,sh600612,老凤祥,44.26,44.97,44.1,44.45,13895,61892896.0,0.14,0.315955766192733
2017-07-24,15:00,sh600612,老凤祥,44.04,44.72,44.01,44.3,14683,65073248.0,-0.15,-0.3374578177727784
2017-07-25,15:00,sh600612,老凤祥,44.3,44.7,43.95,43.98,13799,61083860.0,-0.32,-0.7223476297968396
2017-07-26,15:00,sh600612,老凤祥,43.88,44.5,43.88,44.42,11989,52969976.0,0.44,1.0004547521600726
2017-07-27,15:00,sh600612,老凤祥,44.55,44.55,43.7,43.9,9129,40276420.0,-0.52,-1.170643854119766
2017-07-28,15:00,sh600612,老凤祥,43.89,44.21,43.45,43.9,9777,42911080.0,0.0,0.0
2017-07-31,15:00,sh600612,老凤祥,44.24,45.0,44.04,44.75,18193,81447856.0,0.85,1.9362186788154896
2017-08-01,15:00,sh600612,老凤祥,44.66,45.65,44.37,45.6,14713,66278864.0,0.85,1.899441340782123
2017-08-02,15:00,sh600612,老凤祥,45.5,45.55,44.7,44.83,11776,52974300.0,-0.77,-1.6885964912280702
2017-08-03,15:00,sh600612,老凤祥,44.82,44.83,42.82,43.31,18310,79896544.0,-1.52,-3.3905866607182693
2017-08-04,15:00,sh600612,老凤祥,43.23,43.5,42.28,42.44,21082,89831736.0,-0.87,-2.008773955206649
2017-08-07,15:00,sh600612,老凤祥,42.05,42.7,42.05,42.56,9115,38654760.0,0.12,0.2827521206409048
2017-08-08,15:00,sh600612,老凤祥,42.66,42.7,41.99,42.56,14891,62946408.0,0.0,0.0
2017-08-09,15:00,sh600612,老凤祥,42.56,43.29,42.18,42.82,17816,76597904.0,0.26,0.6109022556390977
2017-08-10,15:00,sh600612,老凤祥,43.15,44.02,43.15,43.83,19331,84577120.0,1.01,2.358710882765063
2017-08-11,15:00,sh600612,老凤祥,43.62,45.36,43.62,44.63,30198,135380640.0,0.8,1.825233858088068
2017-08-14,15:00,sh600612,老凤祥,45.0,45.0,44.15,44.37,16209,72062088.0,-0.26,-0.5825677795205019
2017-08-15,15:00,sh600612,老凤祥,44.59,44.59,43.16,43.64,16212,70534528.0,-0.73,-1.6452558034708136
2017-08-16,15:00,sh600612,老凤祥,43.22,43.81,43.22,43.62,9583,41701428.0,-0.02,-0.0458295142071494
2017-08-17,15:00,sh600612,老凤祥,43.7,43.97,43.35,43.61,4982,21716298.0,-0.01,-0.0229252636405318
2017-08-18,15:00,sh600612,老凤祥,43.61,44.4,43.54,44.3,12727,56096544.0,0.69,1.582205916074295
2017-08-21,15:00,sh600612,老凤祥,44.43,44.43,43.78,43.97,8001,35207000.0,-0.33,-0.744920993227991
2017-08-22,15:00,sh600612,老凤祥,43.9,43.92,43.28,43.47,7206,31355856.0,-0.5,-1.137138958380714
2017-08-23,15:00,sh600612,老凤祥,43.4,43.4,42.71,42.96,9968,42768280.0,-0.51,-1.173222912353347
2017-08-24,15:00,sh600612,老凤祥,42.9,42.92,42.47,42.73,9996,42636248.0,-0.23,-0.5353817504655494
2017-08-25,15:00,sh600612,老凤祥,42.73,43.43,42.71,43.25,12710,54673016.0,0.52,1.2169435993447226
2017-08-28,15:00,sh600612,老凤祥,43.25,43.25,42.13,42.84,31446,133468088.0,-0.41,-0.9479768786127168
2017-08-29,15:00,sh600612,老凤祥,43.01,43.15,42.19,42.38,23668,100478992.0,-0.46,-1.0737628384687208
2017-08-30,15:00,sh600612,老凤祥,42.23,42.75,42.23,42.34,12339,52424632.0,-0.04,-0.094384143463898
2017-08-31,15:00,sh600612,老凤祥,42.48,42.68,42.1,42.53,9344,39674880.0,0.19,0.4487482286254133
2017-09-01,15:00,sh600612,老凤祥,42.49,43.81,42.3,43.58,33254,144311712.0,1.05,2.468845520808841
2017-09-04,15:00,sh600612,老凤祥,43.83,44.28,43.62,44.12,15299,67274464.0,0.54,1.2391005048187242
2017-09-05,15:00,sh600612,老凤祥,43.96,44.55,43.94,44.45,16496,73086576.0,0.33,0.7479601087941976
2017-09-06,15:00,sh600612,老凤祥,44.57,44.57,43.8,44.25,8651,38141844.0,-0.2,-0.4499437570303712
2017-09-07,15:00,sh600612,老凤祥,44.19,44.19,43.42,43.46,10169,44381112.0,-0.79,-1.7853107344632766
2017-09-08,15:00,sh600612,老凤祥,43.36,44.4,43.08,43.21,14369,62928640.0,-0.25,-0.5752416014726185
2017-09-11,15:00,sh600612,老凤祥,43.09,43.49,42.83,43.31,9466,40829972.0,0.1,0.2314279102059708
2017-09-12,15:00,sh600612,老凤祥,43.1,43.1,41.98,42.09,28420,120207400.0,-1.22,-2.8169014084507045
2017-09-13,15:00,sh600612,老凤祥,42.16,42.83,42.15,42.67,16391,69692984.0,0.58,1.37799952482775
2017-09-14,15:00,sh600612,老凤祥,42.55,42.99,42.23,42.46,8807,37477344.0,-0.21,-0.4921490508554019
2017-09-15,15:00,sh600612,老凤祥,42.34,42.8,42.1,42.74,11039,46902792.0,0.28,0.659444182760245
2017-09-18,15:00,sh600612,老凤祥,42.6,42.75,42.25,42.32,13576,57495968.0,-0.42,-0.9826860084230228
2017-09-19,15:00,sh600612,老凤祥,42.37,42.47,42.16,42.29,7438,31452176.0,-0.03,-0.0708884688090737
2017-09-20,15:00,sh600612,老凤祥,42.33,42.75,41.25,42.27,17922,75257240.0,-0.02,-0.0472925041380941
2017-09-21,15:00,sh600612,老凤祥,42.02,42.15,41.54,41.59,12585,52616936.0,-0.68,-1.6087059380175066
2017-09-22,15:00,sh600612,老凤祥,41.44,41.74,40.88,41.16,16662,68500960.0,-0.43,-1.033902380379899
2017-09-25,15:00,sh600612,老凤祥,41.0,41.14,40.7,40.86,16749,68560408.0,-0.3,-0.7288629737609329
2017-09-26,15:00,sh600612,老凤祥,41.02,41.36,40.56,40.61,15313,62661264.0,-0.25,-0.6118453255017132
2017-09-27,15:00,sh600612,老凤祥,40.79,41.16,40.51,41.13,17149,69811936.0,0.52,1.2804727899532136
2017-09-28,15:00,sh600612,老凤祥,41.25,41.3,40.4,40.68,11296,46168696.0,-0.45,-1.0940919037199124
2017-09-29,15:00,sh600612,老凤祥,40.75,41.34,40.7,41.29,10177,41892476.0,0.61,1.4995083579154376
2017-10-09,15:00,sh600612,老凤祥,41.35,41.45,41.08,41.31,10859,44757400.0,0.02,0.0484378784209251
2017-10-10,15:00,sh600612,老凤祥,41.31,42.2,41.15,42.0,16155,67515584.0,0.69,1.670297748729121
2017-10-11,15:00,sh600612,老凤祥,41.96,42.22,41.85,41.88,18084,76070176.0,-0.12,-0.2857142857142857
2017-10-12,15:00,sh600612,老凤祥,42.17,42.42,41.87,41.95,14052,59186196.0,0.07,0.1671442215854823
2017-10-13,15:00,sh600612,老凤祥,41.96,42.15,41.53,41.62,8364,34847912.0,-0.33,-0.7866507747318237
2017-10-16,15:00,sh600612,老凤祥,41.65,41.94,41.35,41.7,12561,52224700.0,0.08,0.1922152811148486
2017-10-17,15:00,sh600612,老凤祥,41.78,41.83,41.24,41.58,7120,29564516.0,-0.12,-0.2877697841726618
2017-10-18,15:00,sh600612,老凤祥,41.57,41.67,40.81,41.08,12552,51620996.0,-0.5,-1.2025012025012023
2017-10-19,15:00,sh600612,老凤祥,41.18,41.18,40.57,40.84,6640,27075624.0,-0.24,-0.5842259006815969
2017-10-20,15:00,sh600612,老凤祥,40.79,41.52,40.78,41.39,8759,36033720.0,0.55,1.346718903036239
2017-10-23,15:00,sh600612,老凤祥,41.43,42.11,41.33,41.99,13892,58156776.0,0.6,1.449625513409036
2017-10-24,15:00,sh600612,老凤祥,41.92,42.08,41.67,41.88,4925,20590898.0,-0.11,-0.2619671350321505
2017-10-25,15:00,sh600612,老凤祥,41.7,42.64,41.69,42.54,16278,68752016.0,0.66,1.5759312320916905
2017-10-26,15:00,sh600612,老凤祥,42.5,42.92,42.3,42.87,17262,73628848.0,0.33,0.7757404795486601
2017-10-27,15:00,sh600612,老凤祥,42.89,43.42,42.31,42.63,18771,80830712.0,-0.24,-0.5598320503848845
2017-10-30,15:00,sh600612,老凤祥,42.72,43.63,42.57,42.59,23999,103072944.0,-0.04,-0.0938306357025568
2017-10-31,15:00,sh600612,老凤祥,42.81,42.81,42.09,42.27,12694,53700564.0,-0.32,-0.7513500821789153
2017-11-01,15:00,sh600612,老凤祥,42.28,43.35,42.22,42.47,15637,66738488.0,0.2,0.4731488052992667
2017-11-02,15:00,sh600612,老凤祥,42.88,43.32,42.47,42.49,14547,62416704.0,0.02,0.0470920649870496
2017-11-03,15:00,sh600612,老凤祥,42.49,43.3,42.43,42.95,17904,76999240.0,0.46,1.0826076723935043
2017-11-06,15:00,sh600612,老凤祥,43.0,43.47,42.6,43.45,23287,100272856.0,0.5,1.1641443538998837
2017-11-07,15:00,sh600612,老凤祥,43.62,44.76,43.56,44.33,27000,119524512.0,0.88,2.0253164556962027
2017-11-08,15:00,sh600612,老凤祥,44.33,44.74,43.81,44.15,13929,61581124.0,-0.18,-0.4060455673358899
2017-11-09,15:00,sh600612,老凤祥,43.89,44.28,43.6,44.2,14246,62444888.0,0.05,0.1132502831257078
2017-11-10,15:00,sh600612,老凤祥,44.39,44.89,44.09,44.5,18805,83436136.0,0.3,0.6787330316742082
2017-11-13,15:00,sh600612,老凤祥,44.5,44.64,43.75,43.79,22440,98791024.0,-0.71,-1.595505617977528
2017-11-14,15:00,sh600612,老凤祥,43.78,44.12,43.3,43.39,16000,69960856.0,-0.4,-0.9134505594884678
2017-11-15,15:00,sh600612,老凤祥,43.34,43.93,43.08,43.52,14068,61229888.0,0.13,0.2996082046554505
2017-11-16,15:00,sh600612,老凤祥,43.75,43.75,42.91,42.99,10841,46875896.0,-0.53,-1.2178308823529411
2017-11-17,15:00,sh600612,老凤祥,43.03,43.3,41.32,41.4,21124,89394872.0,-1.59,-3.6985345429169576
2017-11-20,15:00,sh600612,老凤祥,41.4,42.34,41.4,42.24,15693,65817432.0,0.84,2.0289855072463765
2017-11-21,15:00,sh600612,老凤祥,42.34,42.34,41.38,41.54,17979,74842336.0,-0.7,-1.6571969696969695
2017-11-22,15:00,sh600612,老凤祥,41.31,41.73,41.0,41.28,17403,72034992.0,-0.26,-0.6259027443428021
2017-11-23,15:00,sh600612,老凤祥,41.07,41.28,39.82,39.84,18854,76398912.0,-1.44,-3.488372093023256
2017-11-24,15:00,sh600612,老凤祥,40.0,40.32,39.36,40.03,11581,46241304.0,0.19,0.4769076305220884
2017-11-27,15:00,sh600612,老凤祥,40.0,40.0,39.25,39.32,7934,31408378.0,-0.71,-1.7736697476892331
2017-11-28,15:00,sh600612,老凤祥,39.5,40.18,39.33,40.09,5251,20941102.0,0.77,1.958290946083418
2017-11-29,15:00,sh600612,老凤祥,40.07,40.64,39.85,40.49,8406,33815472.0,0.4,0.9977550511349464
2017-11-30,15:00,sh600612,老凤祥,40.37,40.7,39.85,40.01,8889,35737800.0,-0.48,-1.185477895776735
2017-12-01,15:00,sh600612,老凤祥,39.98,40.33,39.71,40.13,6265,25095172.0,0.12,0.2999250187453136
2017-12-04,15:00,sh600612,老凤祥,40.13,40.65,39.84,39.96,7556,30427636.0,-0.17,-0.423623224520309
2017-12-05,15:00,sh600612,老凤祥,39.82,40.33,39.78,40.3,7012,28169824.0,0.34,0.8508508508508509
2017-12-06,15:00,sh600612,老凤祥,40.0,40.5,39.86,40.39,5395,21703268.0,0.09,0.2233250620347394
2017-12-07,15:00,sh600612,老凤祥,40.49,40.5,39.86,40.18,6644,26674928.0,-0.21,-0.5199306759098787
2017-12-08,15:00,sh600612,老凤祥,40.08,40.17,39.78,39.87,8428,33652808.0,-0.31,-0.7715281234444997
2017-12-11,15:00,sh600612,老凤祥,39.9,40.1,39.85,39.91,6400,25570764.0,0.04,0.1003260596940055
2017-12-12,15:00,sh600612,老凤祥,39.92,40.03,39.5,39.64,4801,19081896.0,-0.27,-0.6765221748935104
2017-12-13,15:00,sh600612,老凤祥,39.51,39.75,39.44,39.55,5515,21822770.0,-0.09,-0.2270433905146316
2017-12-14,15:00,sh600612,老凤祥,39.75,40.35,39.75,40.32,9107,36509232.0,0.77,1.9469026548672568
2017-12-15,15:00,sh600612,老凤祥,40.4,40.52,40.04,40.39,7117,28700640.0,0.07,0.1736111111111111
2017-12-18,15:00,sh600612,老凤祥,40.4,40.58,39.95,40.1,8744,35172580.0,-0.29,-0.7179995048279277
2017-12-19,15:00,sh600612,老凤祥,40.02,40.59,40.02,40.53,7982,32327738.0,0.43,1.0723192019950123
2017-12-20,15:00,sh600612,老凤祥,40.53,40.69,40.29,40.44,4712,19071946.0,-0.09,-0.2220577350111028
2017-12-21,15:00,sh600612,老凤祥,40.4,40.63,40.01,40.32,4900,19716600.0,-0.12,-0.2967359050445104
2017-12-22,15:00,sh600612,老凤祥,40.53,40.69,40.37,40.59,5302,21500282.0,0.27,0.6696428571428571
2017-12-25,15:00,sh600612,老凤祥,40.77,41.3,40.49,41.15,9959,40881116.0,0.56,1.379650160137965
2017-12-26,15:00,sh600612,老凤祥,41.26,41.3,40.83,41.18,3659,15021605.0,0.03,0.0729040097205346
2017-12-27,15:00,sh600612,老凤祥,41.22,41.32,40.3,40.31,8558,34865536.0,-0.87,-2.112676056338028
2017-12-28,15:00,sh600612,老凤祥,40.4,41.1,40.31,40.82,9443,38332128.0,0.51,1.2651947407591169
2017-12-29,15:00,sh600612,老凤祥,40.82,41.2,40.6,41.16,8435,34577392.0,0.34,0.8329250367466928
2018-01-02,15:00,sh600612,老凤祥,41.0,41.7,41.0,41.55,9961,41335288.0,0.39,0.9475218658892128
2018-01-03,15:00,sh600612,老凤祥,41.91,42.85,41.9,42.23,17974,76392576.0,0.68,1.6365824308062575
2018-01-04,15:00,sh600612,老凤祥,42.02,42.65,41.73,42.54,9225,38966584.0,0.31,0.7340753019180677
2018-01-05,15:00,sh600612,老凤祥,42.7,42.83,42.26,42.5,6327,26858630.0,-0.04,-0.0940291490362012
2018-01-08,15:00,sh600612,老凤祥,42.5,42.94,42.2,42.67,5943,25301576.0,0.17,0.4
2018-01-09,15:00,sh600612,老凤祥,42.57,42.93,42.38,42.61,9132,38948840.0,-0.06,-0.1406140145301148
2018-01-10,15:00,sh600612,老凤祥,42.49,42.49,41.6,41.84,11978,50211860.0,-0.77,-1.807087538136588
2018-01-11,15:00,sh600612,老凤祥,41.9,42.24,41.7,42.18,8122,34180864.0,0.34,0.8126195028680689
2018-01-12,15:00,sh600612,老凤祥,42.18,42.67,42.15,42.62,9017,38251980.0,0.44,1.0431484115694645
2018-01-15,15:00,sh600612,老凤祥,43.03,43.2,41.9,42.3,17489,74828864.0,-0.32,-0.7508212106992023
2018-01-16,15:00,sh600612,老凤祥,41.98,43.25,41.95,43.15,11235,48161040.0,0.85,2.0094562647754137
2018-01-17,15:00,sh600612,老凤祥,43.25,43.3,41.99,42.16,12930,55096544.0,-0.99,-2.294322132097335
2018-01-18,15:00,sh600612,老凤祥,42.0,42.66,41.74,41.81,9189,38656536.0,-0.35,-0.8301707779886147
2018-01-19,15:00,sh600612,老凤祥,41.62,42.7,41.36,42.47,11662,49021740.0,0.66,1.5785697201626403
2018-01-22,15:00,sh600612,老凤祥,42.29,43.37,42.25,43.24,13406,57762940.0,0.77,1.8130445020014128
2018-01-23,15:00,sh600612,老凤祥,43.35,43.65,42.85,43.07,7933,34247556.0,-0.17,-0.393154486586494
2018-01-24,15:00,sh600612,老凤祥,43.1,43.3,42.75,43.04,4974,21384790.0,-0.03,-0.0696540515439981
2018-01-25,15:00,sh600612,老凤祥,43.9,46.24,43.75,45.71,47017,211568496.0,2.67,6.203531598513011
2018-01-26,15:00,sh600612,老凤祥,45.73,45.97,44.92,45.1,19813,89926768.0,-0.61,-1.3345001093852549
2018-01-29,15:00,sh600612,老凤祥,45.18,46.3,44.62,44.91,17771,80888200.0,-0.19,-0.4212860310421286
2018-01-30,15:00,sh600612,老凤祥,44.92,45.4,44.2,44.5,11854,53210492.0,-0.41,-0.9129369850812736
2018-01-31,15:00,sh600612,老凤祥,44.4,45.37,44.18,44.66,11421,51199508.0,0.16,0.3595505617977528
2018-02-01,15:00,sh600612,老凤祥,44.61,44.86,43.3,44.51,16176,71282216.0,-0.15,-0.3358710255261979
2018-02-02,15:00,sh600612,老凤祥,44.2,44.65,43.04,43.94,29627,129785352.0,-0.57,-1.2806110986295214
2018-02-05,15:00,sh600612,老凤祥,43.4,44.15,43.1,43.71,12613,55042960.0,-0.23,-0.5234410559854347
2018-02-06,15:00,sh600612,老凤祥,43.38,44.15,42.25,42.4,16045,69679128.0,-1.31,-2.997025852207733
2018-02-07,15:00,sh600612,老凤祥,42.63,43.03,40.55,42.02,15967,66970976.0,-0.38,-0.8962264150943396
2018-02-08,15:00,sh600612,老凤祥,41.44,42.7,41.2,41.23,7837,32912290.0,-0.79,-1.8800571156592096
2018-02-09,15:00,sh600612,老凤祥,41.0,41.23,39.54,40.58,11263,45591924.0,-0.65,-1.5765219500363814
2018-02-12,15:00,sh600612,老凤祥,40.6,41.02,39.91,40.91,5690,23167316.0,0.33,0.8132084770823066
2018-02-13,15:00,sh600612,老凤祥,40.91,41.9,40.91,41.86,8045,33551164.0,0.95,2.3221706184307016
2018-02-14,15:00,sh600612,老凤祥,41.86,42.09,41.52,41.76,3703,15481789.0,-0.1,-0.2388915432393693
2018-02-22,15:00,sh600612,老凤祥,41.94,42.5,41.6,42.44,6780,28490026.0,0.68,1.628352490421456
2018-02-23,15:00,sh600612,老凤祥,42.32,42.75,42.0,42.18,5759,24400332.0,-0.26,-0.6126295947219604
2018-02-26,15:00,sh600612,老凤祥,42.2,42.47,42.01,42.4,4828,20403140.0,0.22,0.5215742057847321
2018-02-27,15:00,sh600612,老凤祥,42.39,44.18,42.31,43.89,21607,94354776.0,1.49,3.5141509433962264
2018-02-28,15:00,sh600612,老凤祥,43.96,44.3,43.03,44.09,11194,48874740.0,0.2,0.4556846662109819
2018-03-01,15:00,sh600612,老凤祥,43.87,44.74,43.38,44.12,8957,39554824.0,0.03,0.0680426400544341
2018-03-02,15:00,sh600612,老凤祥,43.93,44.78,43.63,44.45,10420,46267104.0,0.33,0.7479601087941976
2018-03-05,15:00,sh600612,老凤祥,44.39,44.8,43.72,43.81,7284,32166096.0,-0.64,-1.4398200224971878
2018-03-06,15:00,sh600612,老凤祥,44.18,44.34,43.7,43.99,5464,23971882.0,0.18,0.4108650992923989
2018-03-07,15:00,sh600612,老凤祥,44.13,45.0,44.09,44.87,9873,44184676.0,0.88,2.000454648783814
2018-03-08,15:00,sh600612,老凤祥,44.63,44.8,43.9,44.62,7731,34193736.0,-0.25,-0.5571651437486072
2018-03-09,15:00,sh600612,老凤祥,44.6,45.9,44.29,45.8,13275,60020476.0,1.18,2.6445540116539665
2018-03-12,15:00,sh600612,老凤祥,45.69,46.8,45.38,45.49,11087,51174204.0,-0.31,-0.6768558951965066
2018-03-13,15:00,sh600612,老凤祥,45.0,45.0,42.71,43.61,23770,103526448.0,-1.88,-4.132776434381183
2018-03-14,15:00,sh600612,老凤祥,43.33,43.33,42.26,42.64,13652,58275156.0,-0.97,-2.224260490713139
2018-03-15,15:00,sh600612,老凤祥,42.5,43.1,42.5,42.91,7658,32846776.0,0.27,0.6332082551594747
2018-03-16,15:00,sh600612,老凤祥,42.89,43.23,42.21,42.64,6736,28803480.0,-0.27,-0.6292239571195526
2018-03-19,15:00,sh600612,老凤祥,42.5,42.92,42.32,42.7,3728,15888186.0,0.06,0.1407129455909943
2018-03-20,15:00,sh600612,老凤祥,42.69,43.15,42.44,43.11,7621,32650560.0,0.41,0.9601873536299764
2018-03-21,15:00,sh600612,老凤祥,43.1,43.58,42.4,42.9,7670,32867816.0,-0.21,-0.4871259568545582
2018-03-22,15:00,sh600612,老凤祥,43.16,43.28,42.26,42.36,6053,25831796.0,-0.54,-1.2587412587412588
2018-03-23,15:00,sh600612,老凤祥,41.6,43.34,41.6,42.19,18144,77474432.0,-0.17,-0.4013220018885741
2018-03-26,15:00,sh600612,老凤祥,42.0,42.0,41.03,41.5,11789,48937032.0,-0.69,-1.6354586394880304
2018-03-27,15:00,sh600612,老凤祥,41.51,41.98,41.06,41.95,22015,91430968.0,0.45,1.0843373493975903
2018-03-28,15:00,sh600612,老凤祥,41.52,41.75,41.3,41.31,7400,30679264.0,-0.64,-1.5256257449344457
2018-03-29,15:00,sh600612,老凤祥,41.28,41.47,40.6,41.0,14882,60796324.0,-0.31,-0.7504236262406196
2018-03-30,15:00,sh600612,老凤祥,40.87,41.16,40.77,40.91,5610,22992800.0,-0.09,-0.2195121951219512
2018-04-02,15:00,sh600612,老凤祥,41.0,41.0,40.5,40.84,12883,52441460.0,-0.07,-0.1711073087264727
2018-04-03,15:00,sh600612,老凤祥,40.97,41.98,40.68,41.4,21834,90189384.0,0.56,1.3712047012732616
2018-04-04,15:00,sh600612,老凤祥,41.33,42.17,41.0,41.89,14245,59363192.0,0.49,1.1835748792270533
2018-04-09,15:00,sh600612,老凤祥,41.6,42.44,41.55,42.07,14077,59341168.0,0.18,0.429696825017904
2018-04-10,15:00,sh600612,老凤祥,41.9,42.19,41.44,41.64,9500,39653772.0,-0.43,-1.0221060137865463
2018-04-11,15:00,sh600612,老凤祥,41.71,42.4,41.42,42.07,16509,69067304.0,0.43,1.032660902977906
2018-04-12,15:00,sh600612,老凤祥,41.91,42.51,41.88,42.03,11520,48520400.0,-0.04,-0.0950796291894461
2018-04-13,15:00,sh600612,老凤祥,41.9,41.9,40.91,41.0,11641,47990728.0,-1.03,-2.450630502022365
2018-04-16,15:00,sh600612,老凤祥,41.15,41.49,40.29,40.6,12215,49873780.0,-0.4,-0.975609756097561
2018-04-17,15:00,sh600612,老凤祥,40.38,40.64,39.99,40.18,10781,43371780.0,-0.42,-1.0344827586206895
2018-04-18,15:00,sh600612,老凤祥,40.28,40.35,39.85,40.23,10076,40365668.0,0.05,0.1244400199104031
2018-04-19,15:00,sh600612,老凤祥,40.22,40.68,39.98,40.58,11020,44520136.0,0.35,0.8699975142928162
2018-04-20,15:00,sh600612,老凤祥,40.53,40.53,39.25,39.27,15191,60357556.0,-1.31,-3.22819122720552
2018-04-23,15:00,sh600612,老凤祥,39.5,39.5,37.13,38.18,17964,68459152.0,-1.09,-2.775655716832188
2018-04-24,15:00,sh600612,老凤祥,38.2,38.41,37.75,38.1,19425,73888992.0,-0.08,-0.2095337873232058
2018-04-25,15:00,sh600612,老凤祥,38.0,38.0,36.88,37.55,32708,121791568.0,-0.55,-1.4435695538057742
2018-04-26,15:00,sh600612,老凤祥,37.3,37.3,36.35,36.4,21218,77789552.0,-1.15,-3.062583222370173
2018-04-27,15:00,sh600612,老凤祥,36.18,36.86,36.18,36.74,8509,31193952.0,0.34,0.934065934065934
2018-05-02,15:00,sh600612,老凤祥,36.82,37.0,36.21,36.35,12314,44975412.0,-0.39,-1.0615133369624388
2018-05-03,15:00,sh600612,老凤祥,36.37,36.7,36.37,36.68,9101,33265320.0,0.33,0.907840440165062
2018-05-04,15:00,sh600612,老凤祥,36.75,37.38,36.69,37.3,10563,39218916.0,0.62,1.6902944383860414
2018-05-07,15:00,sh600612,老凤祥,37.35,37.68,36.8,37.4,8298,30918688.0,0.1,0.2680965147453083
2018-05-08,15:00,sh600612,老凤祥,37.4,38.11,37.25,37.88,12540,47426944.0,0.48,1.2834224598930482
2018-05-09,15:00,sh600612,老凤祥,37.9,37.98,37.55,37.8,9371,35396380.0,-0.08,-0.2111932418162618
2018-05-10,15:00,sh600612,老凤祥,37.9,37.9,37.38,37.67,8883,33394512.0,-0.13,-0.3439153439153439
2018-05-11,15:00,sh600612,老凤祥,37.7,37.75,37.3,37.47,5618,21064970.0,-0.2,-0.5309264666843642
2018-05-14,15:00,sh600612,老凤祥,37.38,37.58,37.25,37.32,6277,23444292.0,-0.15,-0.4003202562049639
2018-05-15,15:00,sh600612,老凤祥,37.28,37.49,36.68,36.94,10716,39607776.0,-0.38,-1.0182207931404073
2018-05-16,15:00,sh600612,老凤祥,36.76,38.38,36.6,38.03,26378,99353624.0,1.09,2.9507309149972927
2018-05-17,15:00,sh600612,老凤祥,38.0,38.15,37.45,37.62,12551,47434196.0,-0.41,-1.0780962398106757
2018-05-18,15:00,sh600612,老凤祥,37.52,37.7,37.0,37.44,9678,36128096.0,-0.18,-0.4784688995215311
2018-05-21,15:00,sh600612,老凤祥,37.4,37.65,37.35,37.47,11293,42301024.0,0.03,0.0801282051282051
2018-05-22,15:00,sh600612,老凤祥,37.36,37.62,37.36,37.58,7529,28234548.0,0.11,0.2935681878836402
2018-05-23,15:00,sh600612,老凤祥,37.58,37.58,37.04,37.12,10187,37859160.0,-0.46,-1.2240553485896752
2018-05-24,15:00,sh600612,老凤祥,37.2,37.63,37.13,37.49,7562,28320178.0,0.37,0.9967672413793104
2018-05-25,15:00,sh600612,老凤祥,37.54,37.65,37.25,37.51,6596,24718224.0,0.02,0.0533475593491597
2018-05-28,15:00,sh600612,老凤祥,37.36,37.4,36.66,37.08,8575,31703998.0,-0.43,-1.1463609704078912
2018-05-29,15:00,sh600612,老凤祥,36.91,37.81,36.91,37.47,12694,47674984.0,0.39,1.051779935275081
2018-05-30,15:00,sh600612,老凤祥,37.59,38.05,37.0,38.01,19615,73805640.0,0.54,1.4411529223378703
2018-05-31,15:00,sh600612,老凤祥,38.0,39.95,37.41,39.78,44594,173100384.0,1.77,4.656669297553275
2018-06-01,15:00,sh600612,老凤祥,39.44,39.44,38.38,38.45,19848,76961264.0,-1.33,-3.3433886375062847
2018-06-04,15:00,sh600612,老凤祥,38.2,38.6,37.93,38.01,10815,41316528.0,-0.44,-1.1443433029908971
2018-06-05,15:00,sh600612,老凤祥,38.0,38.4,37.74,38.27,7848,29985024.0,0.26,0.684030518284662
2018-06-06,15:00,sh600612,老凤祥,38.15,38.52,37.8,38.03,8486,32358672.0,-0.24,-0.6271230729030572
2018-06-07,15:00,sh600612,老凤祥,38.1,38.15,37.75,37.86,8463,32077996.0,-0.17,-0.4470155140678412
2018-06-08,15:00,sh600612,老凤祥,37.86,37.88,37.3,37.4,8539,32051356.0,-0.46,-1.2150026413100898
2018-06-11,15:00,sh600612,老凤祥,37.65,37.69,36.87,37.12,8202,30569446.0,-0.28,-0.7486631016042781
2018-06-12,15:00,sh600612,老凤祥,37.0,38.03,37.0,38.01,10844,40680940.0,0.89,2.397629310344828
2018-06-13,15:00,sh600612,老凤祥,38.01,38.1,37.65,37.69,8597,32519928.0,-0.32,-0.8418837148118916
2018-06-14,15:00,sh600612,老凤祥,37.5,37.73,37.15,37.3,5830,21805716.0,-0.39,-1.0347572300344918
2018-06-15,15:00,sh600612,老凤祥,37.3,37.4,36.49,36.56,10339,38023920.0,-0.74,-1.9839142091152813
2018-06-19,15:00,sh600612,老凤祥,36.56,36.56,33.88,35.33,13740,48775720.0,-1.23,-3.3643326039387307
2018-06-20,15:00,sh600612,老凤祥,35.2,36.0,34.49,35.61,8287,29268164.0,0.28,0.7925275969431078
2018-06-21,15:00,sh600612,老凤祥,35.45,36.66,35.27,36.2,17534,63639908.0,0.59,1.6568379668632407
2018-06-22,15:00,sh600612,老凤祥,36.16,36.57,35.85,36.53,5738,20815884.0,0.33,0.9116022099447514
2018-06-25,15:00,sh600612,老凤祥,36.79,36.8,36.4,36.58,5806,21281180.0,0.05,0.1368738023542293
2018-06-26,15:00,sh600612,老凤祥,36.58,36.6,36.12,36.44,4225,15377880.0,-0.14,-0.3827227993439037
2018-06-27,15:00,sh600612,老凤祥,36.39,36.6,36.16,36.32,3872,14093141.0,-0.12,-0.3293084522502744
2018-06-28,15:00,sh600612,老凤祥,36.31,36.38,35.77,35.81,3270,11781776.0,-0.51,-1.4041850220264318
2018-06-29,15:00,sh600612,老凤祥,35.81,36.3,35.51,35.94,5717,20531816.0,0.13,0.3630270874057525
2018-07-02,15:00,sh600612,老凤祥,35.98,35.98,35.02,35.38,4141,14734136.0,-0.56,-1.5581524763494714
2018-07-03,15:00,sh600612,老凤祥,35.6,35.6,34.27,35.25,8454,29509032.0,-0.13,-0.36743923120407
2018-07-04,15:00,sh600612,老凤祥,35.22,36.18,34.55,35.14,9925,34885840.0,-0.11,-0.3120567375886525
2018-07-05,15:00,sh600612,老凤祥,35.0,35.0,34.28,34.32,6002,20782408.0,-0.82,-2.333523050654525
2018-07-06,15:00,sh600612,老凤祥,34.3,34.3,32.78,33.44,15224,50879708.0,-0.88,-2.564102564102564
2018-07-09,15:00,sh600612,老凤祥,33.4,34.0,33.32,33.8,10492,35352488.0,0.36,1.076555023923445
2018-07-10,15:00,sh600612,老凤祥,34.08,34.64,33.88,34.38,7486,25646928.0,0.58,1.7159763313609466
2018-07-11,15:00,sh600612,老凤祥,34.38,34.38,33.43,33.69,8328,28075324.0,-0.69,-2.006980802792321
2018-07-12,15:00,sh600612,老凤祥,33.53,34.32,33.4,34.24,5887,20088702.0,0.55,1.6325319085782133
2018-07-13,15:00,sh600612,老凤祥,34.33,34.9,34.17,34.86,6943,24035296.0,0.62,1.8107476635514017
2018-07-16,15:00,sh600612,老凤祥,34.87,35.48,34.84,35.19,14505,51173352.0,0.33,0.9466437177280552
2018-07-17,15:00,sh600612,老凤祥,34.32,34.48,33.26,34.4,9224,31405220.0,-0.79,-2.244955953395851
2018-07-18,15:00,sh600612,老凤祥,34.19,35.66,33.89,35.31,14365,50590164.0,0.91,2.6453488372093026
2018-07-19,15:00,sh600612,老凤祥,35.44,35.44,34.0,34.37,5410,18723706.0,-0.94,-2.6621353724157464
2018-07-20,15:00,sh600612,老凤祥,34.54,34.72,34.1,34.47,3149,10826665.0,0.1,0.2909514111143438
2018-07-23,15:00,sh600612,老凤祥,34.6,34.6,34.13,34.52,4308,14838444.0,0.05,0.1450536698578474
2018-07-24,15:00,sh600612,老凤祥,34.49,34.69,34.4,34.63,7885,27251220.0,0.11,0.3186558516801854
2018-07-25,15:00,sh600612,老凤祥,34.65,34.95,34.52,34.59,8879,30799790.0,-0.04,-0.1155067860236788
2018-07-26,15:00,sh600612,老凤祥,34.93,34.93,33.74,33.82,10304,35166384.0,-0.77,-2.2260769008383927
2018-07-27,15:00,sh600612,老凤祥,33.84,34.15,33.33,33.38,10969,36820044.0,-0.44,-1.3010053222945004
2018-07-30,15:00,sh600612,老凤祥,33.38,33.51,33.02,33.09,6016,19971752.0,-0.29,-0.8687837028160574
2018-07-31,15:00,sh600612,老凤祥,33.13,33.34,32.9,33.29,4297,14255581.0,0.2,0.6044122091266244
2018-08-01,15:00,sh600612,老凤祥,33.27,33.55,32.91,32.93,4389,14537976.0,-0.36,-1.081405827575849
2018-08-02,15:00,sh600612,老凤祥,33.02,33.03,31.74,31.97,6733,21626992.0,-0.96,-2.915274825387185
2018-08-03,15:00,sh600612,老凤祥,31.97,32.15,31.46,31.74,5582,17736332.0,-0.23,-0.7194244604316548
2018-08-06,15:00,sh600612,老凤祥,31.74,32.06,31.39,31.4,4891,15505624.0,-0.34,-1.0712035286704475
2018-08-07,15:00,sh600612,老凤祥,31.42,31.68,30.52,31.01,17272,53502436.0,-0.39,-1.2420382165605095
2018-08-08,15:00,sh600612,老凤祥,31.03,31.03,30.09,30.11,11864,36150920.0,-0.9,-2.90228958400516
2018-08-09,15:00,sh600612,老凤祥,30.09,30.49,29.65,30.42,14730,44390012.0,0.31,1.0295582862836268
2018-08-10,15:00,sh600612,老凤祥,30.28,30.54,30.13,30.29,9506,28810684.0,-0.13,-0.4273504273504274
2018-08-13,15:00,sh600612,老凤祥,30.29,30.64,30.06,30.43,7673,23293428.0,0.14,0.462198745460548
2018-08-14,15:00,sh600612,老凤祥,30.4,30.4,29.87,29.93,11040,33157276.0,-0.5,-1.643115346697338
2018-08-15,15:00,sh600612,老凤祥,29.93,30.36,28.9,29.27,20162,59664520.0,-0.66,-2.2051453391246243
2018-08-16,15:00,sh600612,老凤祥,28.95,29.44,28.38,29.07,15392,44841300.0,-0.2,-0.6832934745473181
2018-08-17,15:00,sh600612,老凤祥,30.0,31.4,29.7,30.51,31564,96875472.0,1.44,4.953560371517028
2018-08-20,15:00,sh600612,老凤祥,30.25,30.66,29.09,30.0,14736,43934896.0,-0.51,-1.671583087512291
2018-08-21,15:00,sh600612,老凤祥,29.8,30.44,29.5,30.24,24658,73370928.0,0.24,0.8
2018-08-22,15:00,sh600612,老凤祥,30.06,30.06,29.45,29.61,8601,25540100.0,-0.63,-2.083333333333333
2018-08-23,15:00,sh600612,老凤祥,29.48,29.88,29.48,29.64,5316,15789372.0,0.03,0.1013171225937183
2018-08-24,15:00,sh600612,老凤祥,29.67,30.64,29.56,30.55,13276,40168412.0,0.91,3.070175438596491
2018-08-27,15:00,sh600612,老凤祥,30.65,32.53,30.55,31.99,23872,76005584.0,1.44,4.713584288052373
2018-08-28,15:00,sh600612,老凤祥,32.52,33.54,32.51,33.04,19750,65466516.0,1.05,3.282275711159737
2018-08-29,15:00,sh600612,老凤祥,33.52,34.36,33.0,34.27,20189,68193608.0,1.23,3.722760290556901
2018-08-30,15:00,sh600612,老凤祥,34.06,34.65,33.76,34.3,17206,58909836.0,0.03,0.0875401225561715
2018-08-31,15:00,sh600612,老凤祥,34.5,34.55,33.88,33.9,9598,32731808.0,-0.4,-1.1661807580174928
2018-09-03,15:00,sh600612,老凤祥,33.97,35.2,33.75,33.92,15468,53114228.0,0.02,0.0589970501474926
2018-09-04,15:00,sh600612,老凤祥,33.92,34.8,33.9,34.55,10017,34560764.0,0.63,1.857311320754717
2018-09-05,15:00,sh600612,老凤祥,34.61,34.77,33.58,33.99,14291,48677132.0,-0.56,-1.6208393632416789
2018-09-06,15:00,sh600612,老凤祥,34.05,35.2,34.05,34.78,15534,54182152.0,0.79,2.3242130038246547
2018-09-07,15:00,sh600612,老凤祥,34.63,35.43,34.51,35.01,10931,38229464.0,0.23,0.6612995974698103
2018-09-10,15:00,sh600612,老凤祥,34.98,34.98,33.4,34.0,18658,63417888.0,-1.01,-2.8848900314195944
2018-09-11,15:00,sh600612,老凤祥,34.2,36.27,34.0,35.7,21774,77075200.0,1.7,5.0
2018-09-12,15:00,sh600612,老凤祥,36.06,36.13,34.0,34.55,15968,55631816.0,-1.15,-3.221288515406162
2018-09-13,15:00,sh600612,老凤祥,35.0,36.99,34.91,36.0,27510,99275608.0,1.45,4.196816208393632
2018-09-14,15:00,sh600612,老凤祥,36.6,37.03,35.98,36.55,22817,83336624.0,0.55,1.5277777777777777
2018-09-17,15:00,sh600612,老凤祥,36.5,36.56,35.45,36.56,15079,54465068.0,0.01,0.027359781121751
2018-09-18,15:00,sh600612,老凤祥,36.5,36.96,36.01,36.86,12364,45137484.0,0.3,0.8205689277899343
2018-09-19,15:00,sh600612,老凤祥,36.94,37.03,36.0,37.0,19482,71210040.0,0.14,0.3798155181768855
2018-09-20,15:00,sh600612,老凤祥,36.63,36.85,36.15,36.25,9587,34905280.0,-0.75,-2.027027027027027
2018-09-21,15:00,sh600612,老凤祥,36.44,36.97,36.21,36.88,14930,54556272.0,0.63,1.7379310344827583
2018-09-25,15:00,sh600612,老凤祥,36.8,36.98,36.35,36.49,8336,30504172.0,-0.39,-1.0574837310195226
2018-09-26,15:00,sh600612,老凤祥,36.36,38.06,36.36,38.0,16301,61238636.0,1.51,4.1381200328857215
2018-09-27,15:00,sh600612,老凤祥,37.73,37.83,37.11,37.26,9632,36001092.0,-0.74,-1.947368421052632
2018-09-28,15:00,sh600612,老凤祥,37.08,38.3,36.88,38.04,10769,40735220.0,0.78,2.0933977455716586
2018-10-08,15:00,sh600612,老凤祥,37.63,38.35,36.75,37.15,11327,42665232.0,-0.89,-2.3396424815983177
2018-10-09,15:00,sh600612,老凤祥,37.15,37.97,37.15,37.35,5855,22020880.0,0.2,0.5383580080753702
2018-10-10,15:00,sh600612,老凤祥,37.3,38.87,37.3,38.43,10755,41147184.0,1.08,2.891566265060241
2018-10-11,15:00,sh600612,老凤祥,37.42,38.78,35.98,36.0,23967,89335384.0,-2.43,-6.323185011709602
2018-10-12,15:00,sh600612,老凤祥,36.6,38.63,36.6,38.19,20978,79391800.0,2.19,6.083333333333334
2018-10-15,15:00,sh600612,老凤祥,38.41,38.6,37.0,37.33,14483,54422328.0,-0.86,-2.251898402723226
2018-10-16,15:00,sh600612,老凤祥,37.6,37.82,35.66,36.26,9007,32991040.0,-1.07,-2.8663273506563085
2018-10-17,15:00,sh600612,老凤祥,36.35,36.66,34.02,35.12,10468,36801144.0,-1.14,-3.143960286817429
2018-10-18,15:00,sh600612,老凤祥,35.12,35.56,34.4,35.19,14118,49515000.0,0.07,0.1993166287015945
2018-10-19,15:00,sh600612,老凤祥,35.19,35.64,34.5,35.6,11001,38644176.0,0.41,1.1651037226484795
2018-10-22,15:00,sh600612,老凤祥,35.85,38.79,35.8,38.46,21886,83096832.0,2.86,8.03370786516854
2018-10-23,15:00,sh600612,老凤祥,38.6,38.8,36.76,37.41,13073,48894064.0,-1.05,-2.730109204368175
2018-10-24,15:00,sh600612,老凤祥,37.43,37.69,36.0,36.6,13251,48830964.0,-0.81,-2.165196471531676
2018-10-25,15:00,sh600612,老凤祥,36.18,37.82,36.03,37.47,12821,47551056.0,0.87,2.3770491803278686
2018-10-26,15:00,sh600612,老凤祥,37.37,37.84,36.66,37.26,8289,30996992.0,-0.21,-0.5604483586869495
2018-10-29,15:00,sh600612,老凤祥,37.22,37.71,36.4,36.46,8126,30001002.0,-0.8,-2.147074610842727
2018-10-30,15:00,sh600612,老凤祥,36.38,36.78,35.81,36.35,5487,19907398.0,-0.11,-0.301700493691717
2018-10-31,15:00,sh600612,老凤祥,36.32,37.19,36.31,36.54,8749,32117044.0,0.19,0.5226960110041265
2018-11-01,15:00,sh600612,老凤祥,36.54,37.4,36.26,37.24,12016,44176204.0,0.7,1.9157088122605364
2018-11-02,15:00,sh600612,老凤祥,37.2,37.49,36.7,37.42,9754,36289256.0,0.18,0.4833512352309345
2018-11-05,15:00,sh600612,老凤祥,37.2,37.98,37.01,37.15,7417,27710880.0,-0.27,-0.7215392838054516
2018-11-06,15:00,sh600612,老凤祥,37.23,37.24,36.54,36.74,3937,14458518.0,-0.41,-1.1036339165545088
2018-11-07,15:00,sh600612,老凤祥,36.89,36.89,36.4,36.58,4787,17518826.0,-0.16,-0.4354926510615133
2018-11-08,15:00,sh600612,老凤祥,36.48,36.8,36.41,36.53,4490,16435718.0,-0.05,-0.1366867140513942
2018-11-09,15:00,sh600612,老凤祥,36.3,36.32,35.65,35.79,9142,32770322.0,-0.74,-2.025732274842595
2018-11-12,15:00,sh600612,老凤祥,35.79,36.37,35.51,36.32,6705,24034936.0,0.53,1.4808605755797708
2018-11-13,15:00,sh600612,老凤祥,36.11,37.29,35.84,36.9,10048,36921064.0,0.58,1.5969162995594712
2018-11-14,15:00,sh600612,老凤祥,36.8,37.04,36.35,36.55,4783,17509598.0,-0.35,-0.9485094850948508
2018-11-15,15:00,sh600612,老凤祥,36.55,36.79,36.3,36.75,6876,25165068.0,0.2,0.5471956224350205
2018-11-16,15:00,sh600612,老凤祥,36.98,36.98,36.38,36.72,8941,32763552.0,-0.03,-0.0816326530612245
2018-11-19,15:00,sh600612,老凤祥,36.71,37.5,36.41,37.19,8484,31514344.0,0.47,1.2799564270152506
2018-11-20,15:00,sh600612,老凤祥,37.13,38.85,36.85,37.03,25138,95306520.0,-0.16,-0.4302231782737295
2018-11-21,15:00,sh600612,老凤祥,36.98,37.99,36.82,37.15,10302,38434996.0,0.12,0.3240615716986227
2018-11-22,15:00,sh600612,老凤祥,37.2,37.4,36.9,37.27,4759,17671364.0,0.12,0.3230148048452221
2018-11-23,15:00,sh600612,老凤祥,37.08,37.08,35.71,36.03,9822,35572716.0,-1.24,-3.3270727126375097
2018-11-26,15:00,sh600612,老凤祥,36.03,36.15,35.36,35.59,4923,17559212.0,-0.44,-1.2212045517624202
2018-11-27,15:00,sh600612,老凤祥,35.5,35.99,35.15,35.28,6186,21949412.0,-0.31,-0.8710311885361057
2018-11-28,15:00,sh600612,老凤祥,35.39,35.66,35.2,35.66,3070,10886715.0,0.38,1.0770975056689345
2018-11-29,15:00,sh600612,老凤祥,35.66,37.31,35.66,36.55,9938,36487872.0,0.89,2.495793606281548
2018-11-30,15:00,sh600612,老凤祥,36.55,38.5,36.55,38.0,23388,88937920.0,1.45,3.967168262653898
2018-12-03,15:00,sh600612,老凤祥,38.0,39.3,37.61,38.8,20399,79077488.0,0.8,2.1052631578947367
2018-12-04,15:00,sh600612,老凤祥,38.72,39.18,38.48,38.8,15304,59300224.0,0.0,0.0
2018-12-05,15:00,sh600612,老凤祥,38.68,39.36,38.56,39.0,15097,58815036.0,0.2,0.5154639175257731
2018-12-06,15:00,sh600612,老凤祥,38.81,40.35,38.81,39.7,28207,112564928.0,0.7,1.7948717948717947
2018-12-07,15:00,sh600612,老凤祥,39.9,40.08,38.91,39.85,9372,37236056.0,0.15,0.3778337531486146
2018-12-10,15:00,sh600612,老凤祥,39.73,40.89,39.73,40.45,8670,35138636.0,0.6,1.5056461731493098
2018-12-11,15:00,sh600612,老凤祥,40.33,40.6,39.01,40.49,8503,34050596.0,0.04,0.0988875154511743
2018-12-12,15:00,sh600612,老凤祥,40.48,40.6,38.65,39.09,17172,67283280.0,-1.4,-3.4576438626821435
2018-12-13,15:00,sh600612,老凤祥,39.44,40.3,39.24,40.05,16717,66493700.0,0.96,2.4558710667689945
2018-12-14,15:00,sh600612,老凤祥,39.88,40.96,39.2,39.23,13868,55355624.0,-0.82,-2.0474406991260925
2018-12-17,15:00,sh600612,老凤祥,39.31,40.3,39.15,39.4,8146,32280668.0,0.17,0.4333418302319653
2018-12-18,15:00,sh600612,老凤祥,40.08,42.17,39.64,41.65,24525,101458256.0,2.25,5.710659898477157
2018-12-19,15:00,sh600612,老凤祥,41.19,41.74,40.18,40.38,19147,78229936.0,-1.27,-3.04921968787515
2018-12-20,15:00,sh600612,老凤祥,40.1,41.3,39.21,40.95,15225,61767996.0,0.57,1.411589895988113
2018-12-21,15:00,sh600612,老凤祥,41.12,42.63,39.88,40.5,22252,92486632.0,-0.45,-1.098901098901099
2018-12-24,15:00,sh600612,老凤祥,40.83,41.22,39.6,41.2,13010,52480916.0,0.7,1.728395061728395
2018-12-25,15:00,sh600612,老凤祥,40.9,42.63,40.9,42.02,20669,86611544.0,0.82,1.9902912621359223
2018-12-26,15:00,sh600612,老凤祥,41.92,44.18,41.73,43.58,20982,90674928.0,1.56,3.712517848643503
2018-12-27,15:00,sh600612,老凤祥,43.25,44.78,42.33,43.88,29517,128329168.0,0.3,0.6883891693437356
2018-12-28,15:00,sh600612,老凤祥,43.5,45.05,43.01,45.0,24399,107169408.0,1.12,2.552415679124886
2019-01-02,15:00,sh600612,老凤祥,44.52,45.8,43.0,43.21,19231,83986176.0,-1.79,-3.977777777777778
2019-01-03,15:00,sh600612,老凤祥,43.2,43.9,42.43,43.71,16737,72425864.0,0.5,1.157139551029854
2019-01-04,15:00,sh600612,老凤祥,43.4,45.0,42.5,43.09,17734,76594824.0,-0.62,-1.4184397163120568
2019-01-07,15:00,sh600612,老凤祥,42.66,45.0,42.38,44.5,20120,88287168.0,1.41,3.2722209329310745
2019-01-08,15:00,sh600612,老凤祥,44.23,44.65,43.51,43.72,9429,41495156.0,-0.78,-1.752808988764045
2019-01-09,15:00,sh600612,老凤祥,43.87,44.13,42.86,43.2,11601,50331052.0,-0.52,-1.1893870082342175
2019-01-10,15:00,sh600612,老凤祥,43.2,43.88,42.82,43.37,12326,53361708.0,0.17,0.3935185185185185
2019-01-11,15:00,sh600612,老凤祥,43.08,43.08,41.5,41.99,22426,94300944.0,-1.38,-3.181922988240719
2019-01-14,15:00,sh600612,老凤祥,41.8,42.24,41.52,42.02,10284,43124476.0,0.03,0.0714455822814956
2019-01-15,15:00,sh600612,老凤祥,42.11,42.11,40.66,41.7,23143,95526328.0,-0.32,-0.7615421227986673
2019-01-16,15:00,sh600612,老凤祥,41.72,42.11,41.34,41.82,16659,69607104.0,0.12,0.2877697841726618
2019-01-17,15:00,sh600612,老凤祥,41.98,43.5,41.55,43.45,22394,96016144.0,1.63,3.89765662362506
2019-01-18,15:00,sh600612,老凤祥,43.0,43.12,41.95,42.24,24387,103198176.0,-1.21,-2.7848101265822782
2019-01-21,15:00,sh600612,老凤祥,41.61,42.9,39.85,42.78,27033,111624616.0,0.54,1.278409090909091
2019-01-22,15:00,sh600612,老凤祥,42.29,43.43,42.09,42.85,16089,69163552.0,0.07,0.163627863487611
2019-01-23,15:00,sh600612,老凤祥,42.5,43.26,42.01,42.23,7032,29861180.0,-0.62,-1.4469078179696615
2019-01-24,15:00,sh600612,老凤祥,42.23,42.5,41.82,42.11,6024,25333906.0,-0.12,-0.2841581813876391
2019-01-25,15:00,sh600612,老凤祥,42.04,42.25,41.38,41.89,4527,18960336.0,-0.22,-0.5224412253621468
2019-01-28,15:00,sh600612,老凤祥,42.35,43.2,42.35,42.64,8866,37872024.0,0.75,1.7904034375746003
2019-01-29,15:00,sh600612,老凤祥,42.85,43.09,42.1,42.66,11995,51166664.0,0.02,0.0469043151969981
2019-01-30,15:00,sh600612,老凤祥,42.95,43.18,42.33,42.7,10295,44065496.0,0.04,0.093764650726676
2019-01-31,15:00,sh600612,老凤祥,42.82,43.18,42.55,42.61,8503,36360076.0,-0.09,-0.2107728337236534
2019-02-01,15:00,sh600612,老凤祥,42.62,42.92,42.18,42.4,6793,28862392.0,-0.21,-0.4928420558554329
2019-02-11,15:00,sh600612,老凤祥,42.4,42.82,42.17,42.68,7477,31826224.0,0.28,0.6603773584905661
2019-02-12,15:00,sh600612,老凤祥,42.67,42.67,41.59,42.0,18249,76659648.0,-0.68,-1.5932521087160263
2019-02-13,15:00,sh600612,老凤祥,41.82,42.31,41.82,42.2,20177,85038432.0,0.2,0.4761904761904762
2019-02-14,15:00,sh600612,老凤祥,42.05,44.79,42.05,44.29,27729,120815552.0,2.09,4.95260663507109
2019-02-15,15:00,sh600612,老凤祥,44.51,44.51,42.31,42.75,24980,107694712.0,-1.54,-3.4770828629487465
2019-02-18,15:00,sh600612,老凤祥,42.75,43.83,42.62,43.58,19124,83166816.0,0.83,1.9415204678362568
2019-02-19,15:00,sh600612,老凤祥,44.0,44.02,42.27,43.0,24194,104295336.0,-0.58,-1.3308857273978891
2019-02-20,15:00,sh600612,老凤祥,43.35,43.88,42.33,42.84,19279,82930400.0,-0.16,-0.3720930232558139
2019-02-21,15:00,sh600612,老凤祥,42.82,42.82,42.01,42.6,13636,57830940.0,-0.24,-0.5602240896358543
2019-02-22,15:00,sh600612,老凤祥,42.15,42.21,41.68,42.17,15840,66434920.0,-0.43,-1.0093896713615025
2019-02-25,15:00,sh600612,老凤祥,42.21,42.96,41.71,42.86,41881,177263952.0,0.69,1.636234289779464
2019-02-26,15:00,sh600612,老凤祥,42.79,43.37,42.28,42.31,24203,103154944.0,-0.55,-1.2832477834811011
2019-02-27,15:00,sh600612,老凤祥,42.3,42.52,41.5,41.99,18092,76116320.0,-0.32,-0.7563223824155046
2019-02-28,15:00,sh600612,老凤祥,41.93,42.19,40.61,41.3,28415,117336728.0,-0.69,-1.6432483924743988
2019-03-01,15:00,sh600612,老凤祥,40.98,41.35,40.68,41.08,22588,92286512.0,-0.22,-0.5326876513317191
2019-03-04,15:00,sh600612,老凤祥,40.93,42.04,40.7,42.0,38714,161184816.0,0.92,2.239532619279455
2019-03-05,15:00,sh600612,老凤祥,41.95,41.95,40.86,41.3,33304,137305904.0,-0.7,-1.6666666666666667
2019-03-06,15:00,sh600612,老凤祥,41.35,41.98,41.13,41.7,34315,142552688.0,0.4,0.9685230024213076
2019-03-07,15:00,sh600612,老凤祥,41.7,41.7,40.88,41.0,30167,124133080.0,-0.7,-1.6786570743405276
2019-03-08,15:00,sh600612,老凤祥,40.8,41.65,40.45,40.45,32176,131865064.0,-0.55,-1.3414634146341464
2019-03-11,15:00,sh600612,老凤祥,40.45,41.05,39.88,40.96,29693,119581640.0,0.51,1.260815822002472
2019-03-12,15:00,sh600612,老凤祥,40.85,41.3,40.6,41.13,27720,113800520.0,0.17,0.4150390625
2019-03-13,15:00,sh600612,老凤祥,41.18,41.27,40.1,40.26,23247,94355704.0,-0.87,-2.1152443471918305
2019-03-14,15:00,sh600612,老凤祥,40.29,40.29,39.21,39.46,25218,100015696.0,-0.8,-1.987083954297069
2019-03-15,15:00,sh600612,老凤祥,39.2,41.25,39.2,41.25,44314,180517216.0,1.79,4.536239229599595
2019-03-18,15:00,sh600612,老凤祥,41.3,42.48,41.3,42.37,38971,164359568.0,1.12,2.7151515151515158
2019-03-19,15:00,sh600612,老凤祥,42.37,43.28,42.37,43.09,30749,132268064.0,0.72,1.6993155534576352
2019-03-20,15:00,sh600612,老凤祥,43.09,43.5,42.1,42.8,17378,74321888.0,-0.29,-0.6730099791134834
2019-03-21,15:00,sh600612,老凤祥,42.96,43.3,42.41,42.76,18924,81112872.0,-0.04,-0.0934579439252336
2019-03-22,15:00,sh600612,老凤祥,42.61,43.09,42.31,42.81,14405,61520256.0,0.05,0.1169317118802619
2019-03-25,15:00,sh600612,老凤祥,42.6,43.4,42.5,42.86,17507,75242752.0,0.05,0.116795141322121
2019-03-26,15:00,sh600612,老凤祥,42.92,43.3,42.02,42.16,17041,72712960.0,-0.7,-1.6332244517032195
2019-03-27,15:00,sh600612,老凤祥,42.39,42.39,41.15,42.35,14208,59512012.0,0.19,0.4506641366223909
2019-03-28,15:00,sh600612,老凤祥,41.99,43.77,41.82,43.59,28818,124146872.0,1.24,2.9279811097992914
2019-03-29,15:00,sh600612,老凤祥,43.31,44.68,42.71,44.4,30554,133847328.0,0.81,1.8582243633860973
2019-04-01,15:00,sh600612,老凤祥,44.5,45.43,44.04,44.99,21872,98339384.0,0.59,1.3288288288288288
2019-04-02,15:00,sh600612,老凤祥,44.97,45.2,44.5,44.86,13533,60656796.0,-0.13,-0.288953100689042
2019-04-03,15:00,sh600612,老凤祥,44.9,45.66,44.51,45.51,18159,81815368.0,0.65,1.4489522960321
2019-04-04,15:00,sh600612,老凤祥,45.5,46.3,45.0,45.03,15501,70523776.0,-0.48,-1.054713249835201
2019-04-08,15:00,sh600612,老凤祥,45.5,47.5,45.5,47.2,31228,145014192.0,2.17,4.819009549189429
2019-04-09,15:00,sh600612,老凤祥,47.1,47.3,46.3,46.99,22090,103403664.0,-0.21,-0.4449152542372881
2019-04-10,15:00,sh600612,老凤祥,46.7,49.15,46.34,48.4,23305,112076048.0,1.41,3.0006384337093
2019-04-11,15:00,sh600612,老凤祥,48.34,48.99,47.55,48.36,11662,56011112.0,-0.04,-0.0826446280991735
2019-04-12,15:00,sh600612,老凤祥,47.77,48.01,45.8,46.47,16430,76361936.0,-1.89,-3.908188585607941
2019-04-15,15:00,sh600612,老凤祥,46.47,47.98,46.0,46.89,14282,67366040.0,0.42,0.9038089089735314
2019-04-16,15:00,sh600612,老凤祥,46.85,47.25,45.55,46.91,11869,54828328.0,0.02,0.0426530177010023
2019-04-17,15:00,sh600612,老凤祥,46.4,46.9,45.8,46.25,11539,53564528.0,-0.66,-1.4069494777232998
2019-04-18,15:00,sh600612,老凤祥,46.47,46.5,45.95,46.18,7068,32673274.0,-0.07,-0.1513513513513513
2019-04-19,15:00,sh600612,老凤祥,46.34,46.45,45.49,46.0,6976,31967700.0,-0.18,-0.3897791251624079
2019-04-22,15:00,sh600612,老凤祥,46.0,46.03,44.88,45.41,8592,39007024.0,-0.59,-1.2826086956521738
2019-04-23,15:00,sh600612,老凤祥,45.19,45.19,44.5,44.8,8045,36059804.0,-0.61,-1.3433164501211186
2019-04-24,15:00,sh600612,老凤祥,44.59,44.8,43.74,44.37,14031,61802660.0,-0.43,-0.9598214285714286
2019-04-25,15:00,sh600612,老凤祥,44.2,44.98,43.68,43.75,9689,42881592.0,-0.62,-1.3973405454135677
2019-04-26,15:00,sh600612,老凤祥,43.68,44.41,43.5,43.65,9608,42075432.0,-0.1,-0.2285714285714286
2019-04-29,15:00,sh600612,老凤祥,43.66,44.85,43.54,43.91,8995,39757612.0,0.26,0.5956471935853379
2019-04-30,15:00,sh600612,老凤祥,44.0,44.98,44.0,44.94,13275,59236636.0,1.03,2.345707128216807
2019-05-06,15:00,sh600612,老凤祥,44.7,44.7,41.8,42.48,19100,81657992.0,-2.46,-5.473965287049399
2019-05-07,15:00,sh600612,老凤祥,42.18,43.18,42.0,42.75,10831,46188696.0,0.27,0.6355932203389831
2019-05-08,15:00,sh600612,老凤祥,42.54,43.6,41.21,43.3,19717,83564920.0,0.55,1.286549707602339
2019-05-09,15:00,sh600612,老凤祥,43.16,43.18,41.38,41.41,10533,44249328.0,-1.89,-4.364896073903003
2019-05-10,15:00,sh600612,老凤祥,41.71,42.55,41.35,42.45,8375,35259176.0,1.04,2.511470659261048
2019-05-13,15:00,sh600612,老凤祥,41.99,42.87,41.69,42.32,15542,65934152.0,-0.13,-0.3062426383981154
2019-05-14,15:00,sh600612,老凤祥,42.35,42.62,41.38,41.58,15988,67282640.0,-0.74,-1.7485822306238186
2019-05-15,15:00,sh600612,老凤祥,41.88,42.28,41.38,42.04,12770,53453324.0,0.46,1.1063011063011063
2019-05-16,15:00,sh600612,老凤祥,42.1,42.87,41.79,42.87,13645,58038152.0,0.83,1.9743101807802093
2019-05-17,15:00,sh600612,老凤祥,42.59,42.59,41.31,41.32,12325,51428160.0,-1.55,-3.615581992069046
2019-05-20,15:00,sh600612,老凤祥,41.32,41.57,39.98,40.39,10538,42578416.0,-0.93,-2.250726040658277
2019-05-21,15:00,sh600612,老凤祥,40.5,41.09,40.19,40.84,5423,22081106.0,0.45,1.1141371626640255
2019-05-22,15:00,sh600612,老凤祥,40.53,41.18,40.45,40.5,6994,28419900.0,-0.34,-0.832517140058766
2019-05-23,15:00,sh600612,老凤祥,40.44,40.44,39.68,39.87,8423,33653104.0,-0.63,-1.5555555555555556
2019-05-24,15:00,sh600612,老凤祥,39.87,40.0,39.5,39.9,7371,29244088.0,0.03,0.0752445447705041
2019-05-27,15:00,sh600612,老凤祥,39.8,41.07,39.21,40.87,12970,51981112.0,0.97,2.431077694235589
2019-05-28,15:00,sh600612,老凤祥,40.66,40.95,40.14,40.6,11537,46787352.0,-0.27,-0.6606312698801077
2019-05-29,15:00,sh600612,老凤祥,40.51,41.14,40.18,40.99,13164,53547668.0,0.39,0.960591133004926
2019-05-30,15:00,sh600612,老凤祥,40.98,41.35,40.56,41.08,15824,64860224.0,0.09,0.219565747743352
2019-05-31,15:00,sh600612,老凤祥,41.08,42.3,40.8,41.34,19542,81162384.0,0.26,0.6329113924050633
2019-06-03,15:00,sh600612,老凤祥,41.92,42.48,41.02,41.64,31072,129947392.0,0.3,0.7256894049346879
2019-06-04,15:00,sh600612,老凤祥,41.86,42.4,41.3,41.63,27289,114381560.0,-0.01,-0.0240153698366954
2019-06-05,15:00,sh600612,老凤祥,41.93,41.93,40.8,41.4,13032,53805012.0,-0.23,-0.5524861878453038
2019-06-06,15:00,sh600612,老凤祥,41.14,42.55,41.14,41.86,24273,102087248.0,0.46,1.1111111111111112
2019-06-10,15:00,sh600612,老凤祥,41.88,43.0,41.6,42.52,17700,74898640.0,0.66,1.5766841853798377
2019-06-11,15:00,sh600612,老凤祥,42.3,43.3,42.2,42.96,18344,78498712.0,0.44,1.03480714957667
2019-06-12,15:00,sh600612,老凤祥,43.18,44.01,42.81,43.88,19998,86945336.0,0.92,2.141527001862197
2019-06-13,15:00,sh600612,老凤祥,43.8,43.8,42.7,43.09,19207,82570496.0,-0.79,-1.8003646308113035
2019-06-14,15:00,sh600612,老凤祥,43.35,43.88,42.8,43.15,24516,106169896.0,0.06,0.1392434439545138
2019-06-17,15:00,sh600612,老凤祥,42.83,43.19,42.43,42.71,15692,67195360.0,-0.44,-1.0196987253765932
2019-06-18,15:00,sh600612,老凤祥,42.83,43.42,42.66,43.19,15850,68279704.0,0.48,1.123858581128541
2019-06-19,15:00,sh600612,老凤祥,43.0,43.43,42.81,43.2,15782,68033256.0,0.01,0.023153507756425
2019-06-20,15:00,sh600612,老凤祥,43.91,44.83,43.39,44.49,29373,129464984.0,1.29,2.986111111111111
2019-06-21,15:00,sh600612,老凤祥,44.58,47.0,44.37,44.97,44523,202545152.0,0.48,1.078894133513149
2019-06-24,15:00,sh600612,老凤祥,45.5,45.99,44.7,45.01,19500,88338816.0,0.04,0.088948187680676
2019-06-25,15:00,sh600612,老凤祥,45.72,46.96,45.1,46.24,48831,225022080.0,1.23,2.7327260608753607
2019-06-26,15:00,sh600612,老凤祥,44.98,45.21,43.6,43.9,36746,162620368.0,-2.34,-5.060553633217993
2019-06-27,15:00,sh600612,老凤祥,43.91,44.39,43.69,44.0,17739,78238048.0,0.1,0.2277904328018223
2019-06-28,15:00,sh600612,老凤祥,44.32,45.5,44.2,44.7,24655,110420184.0,0.7,1.5909090909090908
2019-07-01,15:00,sh600612,老凤祥,44.3,44.38,43.47,44.28,35062,153680112.0,-0.42,-0.9395973154362416
2019-07-02,15:00,sh600612,老凤祥,43.98,44.64,43.8,44.29,21140,93599504.0,0.01,0.022583559168925
2019-07-03,15:00,sh600612,老凤祥,45.51,45.85,43.92,44.38,28455,127987472.0,0.09,0.2032061413411605
2019-07-04,15:00,sh600612,老凤祥,44.35,45.43,44.14,44.58,22548,101261400.0,0.2,0.4506534474988733
2019-07-05,15:00,sh600612,老凤祥,44.52,45.14,44.3,45.0,17091,76704000.0,0.42,0.9421265141318976
2019-07-08,15:00,sh600612,老凤祥,44.8,44.81,43.01,43.5,18189,79575552.0,-1.5,-3.333333333333333
2019-07-09,15:00,sh600612,老凤祥,43.48,43.79,42.88,43.68,8643,37538044.0,0.18,0.4137931034482758
2019-07-10,15:00,sh600612,老凤祥,43.74,43.89,42.5,42.61,10326,44344200.0,-1.07,-2.4496336996337
2019-07-11,15:00,sh600612,老凤祥,43.45,43.88,42.9,43.6,20273,87919672.0,0.99,2.3233982633184698
2019-07-12,15:00,sh600612,老凤祥,43.25,43.29,42.42,42.57,15859,67704608.0,-1.03,-2.3623853211009176
2019-07-15,15:00,sh600612,老凤祥,42.57,42.8,41.9,42.8,11031,46797072.0,0.23,0.5402865867982147
2019-07-16,15:00,sh600612,老凤祥,42.73,42.92,42.01,42.8,12763,54122956.0,0.0,0.0
2019-07-17,15:00,sh600612,老凤祥,42.55,42.79,42.25,42.5,10200,43355936.0,-0.3,-0.7009345794392523
2019-07-18,15:00,sh600612,老凤祥,43.0,43.65,42.73,42.9,19514,84273328.0,0.4,0.9411764705882352
2019-07-19,15:00,sh600612,老凤祥,43.63,44.77,43.43,44.5,24949,110467656.0,1.6,3.7296037296037294
2019-07-22,15:00,sh600612,老凤祥,44.15,45.98,43.8,45.38,32767,148104464.0,0.88,1.9775280898876404
2019-07-23,15:00,sh600612,老凤祥,45.33,45.4,44.43,45.15,17066,76403952.0,-0.23,-0.5068312031732041
2019-07-24,15:00,sh600612,老凤祥,44.9,45.38,44.61,45.37,14354,64532108.0,0.22,0.4872646733111849
2019-07-25,15:00,sh600612,老凤祥,45.25,45.43,44.88,45.34,10021,45283400.0,-0.03,-0.0661229887590919
2019-07-26,15:00,sh600612,老凤祥,45.08,45.67,44.56,45.36,8900,40333384.0,0.02,0.0441111601235112
2019-07-29,15:00,sh600612,老凤祥,45.46,46.48,45.46,45.86,18501,85267184.0,0.5,1.1022927689594355
2019-07-30,15:00,sh600612,老凤祥,45.83,46.8,45.48,45.6,16071,73722584.0,-0.26,-0.56694286960314
2019-07-31,15:00,sh600612,老凤祥,45.64,45.94,45.1,45.3,15015,68330000.0,-0.3,-0.6578947368421052
2019-08-01,15:00,sh600612,老凤祥,44.77,44.77,43.36,44.47,25333,111610384.0,-0.83,-1.8322295805739517
2019-08-02,15:00,sh600612,老凤祥,44.48,45.11,43.21,43.7,23098,101702792.0,-0.77,-1.7315043849786371
2019-08-05,15:00,sh600612,老凤祥,43.69,46.8,43.69,46.33,46775,214831776.0,2.63,6.018306636155606
2019-08-06,15:00,sh600612,老凤祥,46.3,47.88,44.91,45.25,39615,182897600.0,-1.08,-2.33110295704727
2019-08-07,15:00,sh600612,老凤祥,46.14,48.8,46.13,47.7,48676,232395584.0,2.45,5.414364640883978
2019-08-08,15:00,sh600612,老凤祥,48.26,51.64,47.86,50.97,74762,373690752.0,3.27,6.855345911949685
2019-08-09,15:00,sh600612,老凤祥,50.4,53.94,50.32,51.41,59273,307005728.0,0.44,0.8632528938591328
2019-08-12,15:00,sh600612,老凤祥,51.42,52.54,50.05,51.45,34344,177315520.0,0.04,0.0778058743435129
2019-08-13,15:00,sh600612,老凤祥,52.8,55.78,51.88,55.68,75542,405459936.0,4.23,8.221574344023324
2019-08-14,15:00,sh600612,老凤祥,52.0,52.96,51.01,52.4,50595,263260704.0,-3.28,-5.890804597701149
2019-08-15,15:00,sh600612,老凤祥,53.2,54.0,52.02,52.82,45329,240424768.0,0.42,0.8015267175572519
2019-08-16,15:00,sh600612,老凤祥,52.93,53.4,51.39,51.65,44872,232863728.0,-1.17,-2.2150700492237787
2019-08-19,15:00,sh600612,老凤祥,50.8,50.88,50.04,50.58,44323,223237088.0,-1.07,-2.0716360116166506
2019-08-20,15:00,sh600612,老凤祥,50.1,50.1,49.09,49.99,56800,281517856.0,-0.59,-1.166468960063266
2019-08-21,15:00,sh600612,老凤祥,49.6,49.7,48.81,49.13,36135,177647008.0,-0.86,-1.7203440688137628
2019-08-22,15:00,sh600612,老凤祥,49.0,49.48,48.2,49.08,39652,193699552.0,-0.05,-0.1017708121310808
2019-08-23,15:00,sh600612,老凤祥,48.85,49.54,48.53,49.14,44847,220388048.0,0.06,0.1222493887530562
2019-08-26,15:00,sh600612,老凤祥,51.0,51.5,49.81,50.9,76200,387015232.0,1.76,3.5816035816035816
2019-08-27,15:00,sh600612,老凤祥,49.74,52.5,49.47,51.9,45921,232465120.0,1.0,1.9646365422396856
2019-08-28,15:00,sh600612,老凤祥,51.77,53.6,51.77,52.74,44004,232544000.0,0.84,1.6184971098265897
2019-08-29,15:00,sh600612,老凤祥,52.33,56.19,52.32,55.26,34901,188103696.0,2.52,4.778156996587031
2019-08-30,15:00,sh600612,老凤祥,53.64,55.16,53.64,53.71,26302,142784144.0,-1.55,-2.804922186029678
2019-09-02,15:00,sh600612,老凤祥,54.1,54.1,52.34,53.5,25372,134616832.0,-0.21,-0.3909886427108546
2019-09-03,15:00,sh600612,老凤祥,53.5,54.08,52.7,53.7,19244,102511536.0,0.2,0.3738317757009346
2019-09-04,15:00,sh600612,老凤祥,54.5,55.88,54.5,54.82,30185,166565952.0,1.12,2.085661080074488
2019-09-05,15:00,sh600612,老凤祥,55.18,55.84,54.09,55.37,23745,130366088.0,0.55,1.003283473184969
2019-09-06,15:00,sh600612,老凤祥,54.0,54.0,52.0,52.29,48506,254789488.0,-3.08,-5.562579013906448
2019-09-09,15:00,sh600612,老凤祥,52.29,52.45,51.18,52.06,28940,150017376.0,-0.23,-0.4398546567221266
2019-09-10,15:00,sh600612,老凤祥,51.0,52.0,50.63,51.68,29922,153585952.0,-0.38,-0.7299270072992701
2019-09-11,15:00,sh600612,老凤祥,51.4,52.54,51.12,52.3,23955,124532136.0,0.62,1.1996904024767805
2019-09-12,15:00,sh600612,老凤祥,52.0,52.09,51.18,51.42,20086,103264160.0,-0.88,-1.6826003824091778
2019-09-16,15:00,sh600612,老凤祥,51.42,52.0,51.15,52.0,24389,125897344.0,0.58,1.127965772073123
2019-09-17,15:00,sh600612,老凤祥,51.64,51.86,50.35,50.7,17316,88704528.0,-1.3,-2.5
2019-09-18,15:00,sh600612,老凤祥,50.89,51.74,50.36,51.4,21869,112121144.0,0.7,1.3806706114398422
2019-09-19,15:00,sh600612,老凤祥,51.01,52.25,50.88,51.41,17870,92248592.0,0.01,0.0194552529182879
2019-09-20,15:00,sh600612,老凤祥,51.41,52.15,51.12,52.06,19319,100116456.0,0.65,1.2643454580820852
2019-09-23,15:00,sh600612,老凤祥,52.08,53.94,52.06,53.23,32259,171146800.0,1.17,2.247406838263542
2019-09-24,15:00,sh600612,老凤祥,53.7,53.7,52.2,52.49,24989,131443728.0,-0.74,-1.390193499906068
2019-09-25,15:00,sh600612,老凤祥,52.8,53.18,50.87,51.25,26879,139624432.0,-1.24,-2.362354734235093
2019-09-26,15:00,sh600612,老凤祥,50.37,51.2,49.81,49.85,27741,140275552.0,-1.4,-2.731707317073171
2019-09-27,15:00,sh600612,老凤祥,50.23,50.3,49.01,49.58,16228,80753760.0,-0.27,-0.5416248746238717
2019-09-30,15:00,sh600612,老凤祥,49.76,50.2,48.81,49.01,19133,94467912.0,-0.57,-1.1496571198063736
2019-10-08,15:00,sh600612,老凤祥,49.4,49.73,48.5,49.32,15018,74028416.0,0.31,0.632523974699041
2019-10-09,15:00,sh600612,老凤祥,50.28,51.18,49.74,50.56,25366,128423344.0,1.24,2.51419302514193
2019-10-10,15:00,sh600612,老凤祥,50.67,50.98,50.22,50.3,14674,74057952.0,-0.26,-0.5142405063291139
2019-10-11,15:00,sh600612,老凤祥,49.88,50.23,49.5,49.95,12268,61004932.0,-0.35,-0.6958250497017893
2019-10-14,15:00,sh600612,老凤祥,49.5,49.6,48.68,49.08,24251,118841944.0,-0.87,-1.7417417417417418
2019-10-15,15:00,sh600612,老凤祥,49.08,50.18,48.89,49.46,23032,114462472.0,0.38,0.7742461287693562
2019-10-16,15:00,sh600612,老凤祥,48.7,49.74,48.6,49.56,13621,67212408.0,0.1,0.2021835826930853
2019-10-17,15:00,sh600612,老凤祥,49.79,49.8,48.8,48.99,12298,60397552.0,-0.57,-1.150121065375303
2019-10-18,15:00,sh600612,老凤祥,48.89,50.02,48.88,49.66,22103,109521472.0,0.67,1.3676260461318637
2019-10-21,15:00,sh600612,老凤祥,49.28,50.75,49.28,50.55,19401,97274672.0,0.89,1.792186870720902
2019-10-22,15:00,sh600612,老凤祥,50.31,50.91,49.7,49.91,14753,73813232.0,-0.64,-1.2660731948565775
2019-10-23,15:00,sh600612,老凤祥,49.76,50.91,49.4,50.77,15003,75562896.0,0.86,1.7231015828491285
2019-10-24,15:00,sh600612,老凤祥,50.58,50.83,49.62,50.0,17567,88050600.0,-0.77,-1.5166436872168605
2019-10-25,15:00,sh600612,老凤祥,50.5,51.46,49.84,51.35,17592,89526728.0,1.35,2.7
2019-10-28,15:00,sh600612,老凤祥,51.41,53.18,51.05,52.53,28179,147968384.0,1.18,2.2979552093476143
2019-10-29,15:00,sh600612,老凤祥,52.0,53.28,51.71,52.55,28686,151445984.0,0.02,0.0380734818199124
2019-10-30,15:00,sh600612,老凤祥,52.28,53.15,51.0,51.56,32561,168943056.0,-0.99,-1.8839200761179828
2019-10-31,15:00,sh600612,老凤祥,52.35,52.35,50.45,50.64,23813,121431984.0,-0.92,-1.7843289371605895
2019-11-01,15:00,sh600612,老凤祥,51.15,52.21,50.6,51.38,24339,125120280.0,0.74,1.4612954186413902
2019-11-04,15:00,sh600612,老凤祥,51.62,52.71,51.48,51.83,20823,108208520.0,0.45,0.8758271701050993
2019-11-05,15:00,sh600612,老凤祥,51.9,52.19,51.1,51.32,18827,96865728.0,-0.51,-0.9839861084314104
2019-11-06,15:00,sh600612,老凤祥,51.35,52.8,50.33,50.89,31689,162585328.0,-0.43,-0.8378799688230709
2019-11-07,15:00,sh600612,老凤祥,50.95,51.2,50.38,50.88,21194,107325288.0,-0.01,-0.0196502259775987
2019-11-08,15:00,sh600612,老凤祥,50.18,50.18,48.82,49.4,28029,138100096.0,-1.48,-2.908805031446541
2019-11-11,15:00,sh600612,老凤祥,48.81,49.2,48.52,48.79,14923,72867048.0,-0.61,-1.2348178137651822
2019-11-12,15:00,sh600612,老凤祥,48.51,48.99,47.44,47.5,25178,120837024.0,-1.29,-2.643984423037508
2019-11-13,15:00,sh600612,老凤祥,47.33,49.4,47.33,49.25,27491,133871800.0,1.75,3.684210526315789
2019-11-14,15:00,sh600612,老凤祥,48.93,49.0,48.1,48.3,22529,108961200.0,-0.95,-1.9289340101522845
2019-11-15,15:00,sh600612,老凤祥,48.3,48.73,47.75,47.97,10124,48683424.0,-0.33,-0.6832298136645962
2019-11-18,15:00,sh600612,老凤祥,47.99,48.72,47.09,48.47,14182,68133688.0,0.5,1.0423181154888472
2019-11-19,15:00,sh600612,老凤祥,48.88,49.1,48.3,48.43,11018,53695096.0,-0.04,-0.082525273364968
2019-11-20,15:00,sh600612,老凤祥,48.53,49.27,48.4,48.75,13104,63983808.0,0.32,0.6607474705760892
2019-11-21,15:00,sh600612,老凤祥,48.89,48.89,47.84,48.03,12952,62262152.0,-0.72,-1.4769230769230768
2019-11-22,15:00,sh600612,老凤祥,47.86,48.89,47.86,48.3,18213,88382712.0,0.27,0.5621486570893192
2019-11-25,15:00,sh600612,老凤祥,48.29,48.58,47.35,47.58,14684,69924368.0,-0.72,-1.4906832298136643
2019-11-26,15:00,sh600612,老凤祥,47.28,49.36,47.28,48.9,20091,98147664.0,1.32,2.7742749054224465
2019-11-27,15:00,sh600612,老凤祥,49.39,49.39,48.3,48.37,13059,63528936.0,-0.53,-1.0838445807770962
2019-11-28,15:00,sh600612,老凤祥,48.49,48.68,47.82,47.88,8928,42944816.0,-0.49,-1.0130246020260492
2019-11-29,15:00,sh600612,老凤祥,47.92,48.33,47.53,47.9,7531,36040688.0,0.02,0.0417710944026733
2019-12-02,15:00,sh600612,老凤祥,47.9,48.6,47.52,48.38,14582,70129896.0,0.48,1.0020876826722338
2019-12-03,15:00,sh600612,老凤祥,48.18,49.35,48.07,49.09,15539,76047056.0,0.71,1.4675485737908227
2019-12-04,15:00,sh600612,老凤祥,49.62,50.75,49.62,50.4,22112,111196408.0,1.31,2.668567936443268
2019-12-05,15:00,sh600612,老凤祥,50.03,50.39,49.06,49.23,19926,98659720.0,-1.17,-2.321428571428572
2019-12-06,15:00,sh600612,老凤祥,49.03,49.2,48.18,48.36,21501,104095096.0,-0.87,-1.7672151127361364
2019-12-09,15:00,sh600612,老凤祥,47.99,47.99,47.54,47.88,14582,69592408.0,-0.48,-0.9925558312655088
2019-12-10,15:00,sh600612,老凤祥,47.8,48.07,47.21,47.31,25779,122481160.0,-0.57,-1.1904761904761905
2019-12-11,15:00,sh600612,老凤祥,47.28,47.48,46.88,47.23,19555,92107040.0,-0.08,-0.1690974424011836
2019-12-12,15:00,sh600612,老凤祥,47.48,47.56,47.09,47.41,13539,64006492.0,0.18,0.3811136989201778
2019-12-13,15:00,sh600612,老凤祥,47.01,47.37,46.88,47.33,19594,92398728.0,-0.08,-0.1687407719890318
2019-12-16,15:00,sh600612,老凤祥,47.35,47.49,46.95,47.16,23623,111188512.0,-0.17,-0.3591802239594338
2019-12-17,15:00,sh600612,老凤祥,47.19,47.25,46.79,46.9,39151,183761584.0,-0.26,-0.551314673452078
2019-12-18,15:00,sh600612,老凤祥,46.92,47.25,46.77,47.25,35425,166338224.0,0.35,0.7462686567164178
2019-12-19,15:00,sh600612,老凤祥,47.25,47.27,47.02,47.18,19202,90526160.0,-0.07,-0.1481481481481481
2019-12-20,15:00,sh600612,老凤祥,47.15,47.42,46.95,47.32,21089,99746224.0,0.14,0.2967359050445104
2019-12-23,15:00,sh600612,老凤祥,47.31,47.31,46.94,46.95,16604,78192016.0,-0.37,-0.7819103972950128
2019-12-24,15:00,sh600612,老凤祥,47.15,47.24,45.24,47.16,34510,160793776.0,0.21,0.4472843450479233
2019-12-25,15:00,sh600612,老凤祥,47.27,47.65,46.93,47.05,24046,113686000.0,-0.11,-0.2332485156912637
2019-12-26,15:00,sh600612,老凤祥,46.92,47.42,46.81,47.09,19964,94084264.0,0.04,0.0850159404888416
2019-12-27,15:00,sh600612,老凤祥,47.22,47.78,47.22,47.37,25823,122849016.0,0.28,0.594606073476322
2019-12-30,15:00,sh600612,老凤祥,47.35,47.6,46.6,46.92,26411,124028048.0,-0.45,-0.9499683343888538
2019-12-31,15:00,sh600612,老凤祥,47.3,47.99,47.02,47.61,25782,122728672.0,0.69,1.4705882352941175
2020-01-02,15:00,sh600612,老凤祥,47.65,48.37,47.42,48.25,28673,137801504.0,0.64,1.3442554085276202
2020-01-03,15:00,sh600612,老凤祥,48.28,49.37,48.25,49.36,42799,209290080.0,1.11,2.300518134715026
2020-01-06,15:00,sh600612,老凤祥,50.35,51.2,49.6,50.55,62655,315427936.0,1.19,2.4108589951377635
2020-01-07,15:00,sh600612,老凤祥,49.85,50.24,48.8,49.7,27707,137206304.0,-0.85,-1.6815034619188922
2020-01-08,15:00,sh600612,老凤祥,51.13,51.7,50.1,50.8,53341,271063296.0,1.1,2.2132796780684103
2020-01-09,15:00,sh600612,老凤祥,49.03,49.56,48.85,49.38,35316,173925680.0,-1.42,-2.795275590551181
2020-01-10,15:00,sh600612,老凤祥,49.35,49.86,48.69,48.78,27973,137525616.0,-0.6,-1.2150668286755772
2020-01-13,15:00,sh600612,老凤祥,48.6,49.17,48.48,48.88,12492,60990416.0,0.1,0.2050020500205002
2020-01-14,15:00,sh600612,老凤祥,48.45,49.08,48.44,48.66,14927,72657504.0,-0.22,-0.4500818330605565
2020-01-15,15:00,sh600612,老凤祥,48.91,49.54,48.61,49.15,19159,94192528.0,0.49,1.0069872585285655
2020-01-16,15:00,sh600612,老凤祥,49.43,49.54,48.6,48.65,11962,58444608.0,-0.5,-1.017293997965412
2020-01-17,15:00,sh600612,老凤祥,48.68,50.26,48.64,50.26,37360,186268240.0,1.61,3.309352517985612
2020-01-20,15:00,sh600612,老凤祥,50.14,54.28,49.74,53.54,55072,288824672.0,3.28,6.526064464783128
2020-01-21,15:00,sh600612,老凤祥,53.54,53.78,52.22,52.5,23746,125472872.0,-1.04,-1.942472917444901
2020-01-22,15:00,sh600612,老凤祥,52.48,52.71,50.6,51.15,23419,120325528.0,-1.35,-2.571428571428571
2020-01-23,15:00,sh600612,老凤祥,51.24,51.76,49.79,50.12,14337,72540352.0,-1.03,-2.013685239491691
2020-02-03,15:00,sh600612,老凤祥,45.11,47.19,45.11,45.11,21132,96010096.0,-5.01,-9.996009577015164
2020-02-04,15:00,sh600612,老凤祥,44.77,45.34,43.6,44.34,34404,151666080.0,-0.77,-1.7069385945466635
2020-02-05,15:00,sh600612,老凤祥,44.38,45.84,44.1,45.76,24966,112156472.0,1.42,3.202525935949481
2020-02-06,15:00,sh600612,老凤祥,45.18,45.55,44.53,45.3,25894,116574048.0,-0.46,-1.0052447552447552
2020-02-07,15:00,sh600612,老凤祥,45.35,45.98,45.21,45.82,20724,94670032.0,0.52,1.1479028697571745
2020-02-10,15:00,sh600612,老凤祥,45.3,45.89,45.17,45.76,14808,67457304.0,-0.06,-0.1309471846355303
2020-02-11,15:00,sh600612,老凤祥,45.35,46.28,45.35,45.54,17571,80426616.0,-0.22,-0.4807692307692308
2020-02-12,15:00,sh600612,老凤祥,45.68,46.0,45.1,45.96,20127,91829232.0,0.42,0.922266139657444
2020-02-13,15:00,sh600612,老凤祥,45.8,46.35,45.61,46.19,20628,94970024.0,0.23,0.5004351610095736
2020-02-14,15:00,sh600612,老凤祥,46.1,46.1,45.38,45.61,16610,76029224.0,-0.58,-1.2556830482788484
2020-02-17,15:00,sh600612,老凤祥,45.89,46.38,45.5,46.2,25628,117792392.0,0.59,1.2935759701819776
2020-02-18,15:00,sh600612,老凤祥,46.56,47.47,46.21,46.97,21895,102893744.0,0.77,1.6666666666666667
2020-02-19,15:00,sh600612,老凤祥,47.77,48.7,47.12,47.83,25869,123982152.0,0.86,1.830955929316585
2020-02-20,15:00,sh600612,老凤祥,47.88,48.29,46.88,47.42,23674,112113152.0,-0.41,-0.857202592515158
2020-02-21,15:00,sh600612,老凤祥,47.63,49.31,47.62,48.9,28019,135992976.0,1.48,3.1210459721636443
2020-02-24,15:00,sh600612,老凤祥,50.1,50.55,48.68,49.02,30419,150117168.0,0.12,0.245398773006135
2020-02-25,15:00,sh600612,老凤祥,47.99,48.4,47.08,47.4,35974,171098768.0,-1.62,-3.3047735618115053
2020-02-26,15:00,sh600612,老凤祥,46.81,46.82,45.93,46.4,23145,107095824.0,-1.0,-2.109704641350211
2020-02-27,15:00,sh600612,老凤祥,46.21,46.55,45.9,46.35,16761,77567296.0,-0.05,-0.1077586206896551
2020-02-28,15:00,sh600612,老凤祥,45.68,45.68,44.09,44.2,24542,109942176.0,-2.15,-4.638619201725998
2020-03-02,15:00,sh600612,老凤祥,44.02,44.84,43.78,44.75,18186,80738640.0,0.55,1.244343891402715
2020-03-03,15:00,sh600612,老凤祥,44.99,45.42,44.76,44.9,17353,78177152.0,0.15,0.3351955307262569
2020-03-04,15:00,sh600612,老凤祥,45.53,45.92,45.0,45.36,11754,53473728.0,0.46,1.024498886414254
2020-03-05,15:00,sh600612,老凤祥,45.36,45.75,44.97,45.68,21872,99244232.0,0.32,0.7054673721340388
2020-03-06,15:00,sh600612,老凤祥,45.73,45.92,45.48,45.7,20503,93624712.0,0.02,0.0437828371278458
2020-03-09,15:00,sh600612,老凤祥,45.8,45.88,43.7,43.8,25554,113296632.0,-1.9,-4.157549234135667
2020-03-10,15:00,sh600612,老凤祥,43.45,43.99,42.65,43.95,18434,79999760.0,0.15,0.3424657534246575
2020-03-11,15:00,sh600612,老凤祥,43.7,44.24,43.3,43.44,12812,55974360.0,-0.51,-1.1604095563139931
2020-03-12,15:00,sh600612,老凤祥,43.32,43.32,42.05,42.23,12967,55118316.0,-1.21,-2.785451197053407
2020-03-13,15:00,sh600612,老凤祥,40.0,41.04,39.1,40.48,22869,91539800.0,-1.75,-4.1439734785697375
2020-03-16,15:00,sh600612,老凤祥,40.4,41.21,38.61,38.75,17456,69687064.0,-1.73,-4.273715415019764
2020-03-17,15:00,sh600612,老凤祥,38.95,39.3,36.5,37.7,19085,71962568.0,-1.05,-2.7096774193548385
2020-03-18,15:00,sh600612,老凤祥,38.24,38.79,37.12,37.18,20129,76686792.0,-0.52,-1.3793103448275863
2020-03-19,15:00,sh600612,老凤祥,36.7,37.5,35.65,36.05,30082,108707136.0,-1.13,-3.0392684238838084
2020-03-20,15:00,sh600612,老凤祥,36.32,37.5,35.8,36.76,27012,98655032.0,0.71,1.969486823855756
2020-03-23,15:00,sh600612,老凤祥,36.0,37.48,35.81,36.51,22583,82610056.0,-0.25,-0.6800870511425462
2020-03-24,15:00,sh600612,老凤祥,38.0,39.44,38.0,38.91,37193,144198304.0,2.4,6.573541495480691
2020-03-25,15:00,sh600612,老凤祥,41.1,41.35,38.61,40.6,41931,166358944.0,1.69,4.343356463634027
2020-03-26,15:00,sh600612,老凤祥,39.3,39.75,39.1,39.68,19911,78510024.0,-0.92,-2.2660098522167487
2020-03-27,15:00,sh600612,老凤祥,39.68,40.18,39.43,39.67,16960,67480816.0,-0.01,-0.0252016129032258
2020-03-30,15:00,sh600612,老凤祥,39.18,40.32,38.69,40.1,16118,64225912.0,0.43,1.083942525838165
2020-03-31,15:00,sh600612,老凤祥,40.1,40.35,39.55,40.06,12647,50561176.0,-0.04,-0.0997506234413965
2020-04-01,15:00,sh600612,老凤祥,39.63,39.98,39.24,39.79,10388,41114000.0,-0.27,-0.6739890164752871
2020-04-02,15:00,sh600612,老凤祥,39.59,39.59,38.73,39.13,13225,51499444.0,-0.66,-1.6587082181452626
2020-04-03,15:00,sh600612,老凤祥,39.24,39.77,38.66,38.78,15631,61249424.0,-0.35,-0.8944543828264758
2020-04-07,15:00,sh600612,老凤祥,39.6,41.08,39.55,40.55,29141,117894896.0,1.77,4.564208354822073
2020-04-08,15:00,sh600612,老凤祥,40.54,40.54,39.82,40.09,12926,51907756.0,-0.46,-1.1344019728729964
2020-04-09,15:00,sh600612,老凤祥,40.08,40.95,39.7,40.57,15397,62075272.0,0.48,1.1973060613619355
2020-04-10,15:00,sh600612,老凤祥,41.22,42.0,41.11,41.78,25572,106213584.0,1.21,2.982499383781119
2020-04-13,15:00,sh600612,老凤祥,41.08,41.85,40.35,40.43,14958,61119180.0,-1.35,-3.231211105792245
2020-04-14,15:00,sh600612,老凤祥,40.98,42.17,40.6,41.15,18522,76712768.0,0.72,1.7808558001484047
2020-04-15,15:00,sh600612,老凤祥,41.2,41.55,40.0,40.5,19028,77023712.0,-0.65,-1.5795868772782502
2020-04-16,15:00,sh600612,老凤祥,40.01,40.01,39.6,39.89,13462,53491672.0,-0.61,-1.5061728395061729
2020-04-17,15:00,sh600612,老凤祥,39.98,39.99,39.4,39.54,19859,78514232.0,-0.35,-0.8774128854349462
2020-04-20,15:00,sh600612,老凤祥,39.68,39.68,39.1,39.45,9242,36430188.0,-0.09,-0.2276176024279211
2020-04-21,15:00,sh600612,老凤祥,39.29,39.45,38.58,38.98,12043,46832596.0,-0.47,-1.1913814955640052
2020-04-22,15:00,sh600612,老凤祥,38.69,39.09,38.6,39.02,9350,36370844.0,0.04,0.1026167265264238
2020-04-23,15:00,sh600612,老凤祥,39.02,39.74,39.02,39.35,20097,79426328.0,0.33,0.8457201435161457
2020-04-24,15:00,sh600612,老凤祥,39.5,39.7,38.4,39.68,22460,87592168.0,0.33,0.8386277001270648
2020-04-27,15:00,sh600612,老凤祥,39.6,39.67,38.81,39.0,15511,60549020.0,-0.68,-1.7137096774193548
2020-04-28,15:00,sh600612,老凤祥,39.7,41.87,39.7,41.41,49723,202566640.0,2.41,6.17948717948718
2020-04-29,15:00,sh600612,老凤祥,41.48,41.91,40.88,41.0,22689,93961720.0,-0.41,-0.99009900990099
2020-04-30,15:00,sh600612,老凤祥,41.06,42.2,41.02,41.09,26277,109167464.0,0.09,0.2195121951219512
2020-05-06,15:00,sh600612,老凤祥,41.09,42.8,41.05,42.1,32508,135996976.0,1.01,2.4580189827208567
2020-05-07,15:00,sh600612,老凤祥,41.84,43.01,41.55,42.33,35657,151132640.0,0.23,0.5463182897862233
2020-05-08,15:00,sh600612,老凤祥,43.0,43.39,42.5,43.2,24780,106840184.0,0.87,2.0552799433026223
2020-05-11,15:00,sh600612,老凤祥,42.8,44.03,42.58,42.99,23431,101376176.0,-0.21,-0.4861111111111111
2020-05-12,15:00,sh600612,老凤祥,43.01,44.56,42.39,44.28,37653,165435504.0,1.29,3.0006978367062107
2020-05-13,15:00,sh600612,老凤祥,43.98,45.5,43.6,45.12,27299,122236640.0,0.84,1.8970189701897016
2020-05-14,15:00,sh600612,老凤祥,45.01,45.45,44.05,44.33,19841,88369664.0,-0.79,-1.750886524822695
2020-05-15,15:00,sh600612,老凤祥,44.54,44.98,43.88,44.11,16708,74378976.0,-0.22,-0.4962779156327543
2020-05-18,15:00,sh600612,老凤祥,44.7,46.42,44.41,45.86,33488,152792176.0,1.75,3.967354341419179
2020-05-19,15:00,sh600612,老凤祥,45.53,45.88,44.93,45.23,24236,109669568.0,-0.63,-1.3737461840383776
2020-05-20,15:00,sh600612,老凤祥,45.35,45.97,44.9,45.37,15011,68238480.0,0.14,0.3095290736237011
2020-05-21,15:00,sh600612,老凤祥,45.36,45.58,44.44,44.73,20678,92686256.0,-0.64,-1.4106237601939609
2020-05-22,15:00,sh600612,老凤祥,44.28,44.58,43.16,43.6,16259,71005736.0,-1.13,-2.526268723451822
2020-05-25,15:00,sh600612,老凤祥,43.57,45.06,43.11,44.43,18117,79924784.0,0.83,1.9036697247706424
2020-05-26,15:00,sh600612,老凤祥,44.7,46.35,44.16,45.56,16585,75468648.0,1.13,2.5433265811388703
2020-05-27,15:00,sh600612,老凤祥,45.51,47.05,45.29,46.27,27351,126599056.0,0.71,1.5583845478489904
2020-05-28,15:00,sh600612,老凤祥,46.45,46.95,45.19,46.69,20674,95483024.0,0.42,0.907715582450832
2020-05-29,15:00,sh600612,老凤祥,46.44,47.08,45.94,46.62,18146,84523488.0,-0.07,-0.1499250374812593
2020-06-01,15:00,sh600612,老凤祥,46.92,48.18,46.63,47.76,16304,77621432.0,1.14,2.445302445302445
2020-06-02,15:00,sh600612,老凤祥,47.77,48.33,47.12,47.34,14948,71175088.0,-0.42,-0.8793969849246231
2020-06-03,15:00,sh600612,老凤祥,47.3,47.47,46.2,46.38,18098,84071664.0,-0.96,-2.027883396704689
2020-06-04,15:00,sh600612,老凤祥,46.2,46.46,45.75,46.42,10828,49940208.0,0.04,0.086244070720138
2020-06-05,15:00,sh600612,老凤祥,46.49,46.99,45.6,45.7,17716,81549464.0,-0.72,-1.5510555794915983
2020-06-08,15:00,sh600612,老凤祥,45.67,46.65,45.11,46.18,11827,54458992.0,0.48,1.050328227571116
2020-06-09,15:00,sh600612,老凤祥,46.1,46.78,45.95,46.2,11217,51754504.0,0.02,0.0433087916847119
2020-06-10,15:00,sh600612,老凤祥,46.22,47.58,46.22,46.98,22058,103982512.0,0.78,1.6883116883116882
2020-06-11,15:00,sh600612,老凤祥,47.1,47.3,46.0,46.2,14062,65462728.0,-0.78,-1.6602809706257982
2020-06-12,15:00,sh600612,老凤祥,45.56,46.76,45.38,46.6,13979,64437572.0,0.4,0.8658008658008658
2020-06-15,15:00,sh600612,老凤祥,46.24,47.93,46.17,46.89,21046,99268528.0,0.29,0.6223175965665236
2020-06-16,15:00,sh600612,老凤祥,47.4,47.7,47.02,47.54,13219,62591196.0,0.65,1.3862230752825764
2020-06-17,15:00,sh600612,老凤祥,47.63,48.78,47.2,48.06,17980,86051824.0,0.52,1.093815734118637
2020-06-18,15:00,sh600612,老凤祥,48.28,48.35,47.52,48.16,14561,69737264.0,0.1,0.2080732417811069
2020-06-19,15:00,sh600612,老凤祥,48.07,48.51,47.9,48.45,18336,88464096.0,0.29,0.6021594684385383
2020-06-22,15:00,sh600612,老凤祥,48.47,48.98,47.4,48.09,25273,121666696.0,-0.36,-0.7430340557275541
2020-06-23,15:00,sh600612,老凤祥,48.35,49.32,47.72,49.09,22729,110964192.0,1.0,2.079434393844874
2020-06-24,15:00,sh600612,老凤祥,49.59,50.28,47.91,48.21,23956,116905968.0,-0.88,-1.79262578936647
2020-06-29,15:00,sh600612,老凤祥,48.1,48.78,47.08,47.82,22368,107057744.0,-0.39,-0.8089607965152459
2020-06-30,15:00,sh600612,老凤祥,47.79,48.6,47.79,48.19,13371,64466872.0,0.37,0.7737348389795065
2020-07-01,15:00,sh600612,老凤祥,48.6,49.15,48.18,49.1,20561,100206792.0,0.91,1.8883585806183856
2020-07-02,15:00,sh600612,老凤祥,48.78,48.86,47.78,48.31,31897,154107136.0,-0.79,-1.6089613034623216
2020-07-03,15:00,sh600612,老凤祥,48.3,48.65,47.65,48.15,19937,95940680.0,-0.16,-0.3311943696957151
2020-07-06,15:00,sh600612,老凤祥,48.14,50.16,48.12,49.96,39173,193078656.0,1.81,3.7590861889927303
2020-07-07,15:00,sh600612,老凤祥,50.3,54.96,50.0,54.96,55212,292114240.0,5.0,10.0080064051241
2020-07-08,15:00,sh600612,老凤祥,55.28,56.2,54.18,55.78,48459,267702128.0,0.82,1.4919941775836971
2020-07-09,15:00,sh600612,老凤祥,56.2,61.36,54.28,61.36,46471,271497088.0,5.58,10.003585514521331
2020-07-10,15:00,sh600612,老凤祥,61.0,61.0,57.86,58.19,39763,235319984.0,-3.17,-5.166232073011734
2020-07-13,15:00,sh600612,老凤祥,57.97,59.28,56.2,59.0,36641,213018656.0,0.81,1.391991751159993
2020-07-14,15:00,sh600612,老凤祥,59.16,59.75,57.6,58.97,28060,164731056.0,-0.03,-0.0508474576271186
2020-07-15,15:00,sh600612,老凤祥,58.98,61.21,58.98,60.05,33122,200127472.0,1.08,1.8314397151093773
2020-07-16,15:00,sh600612,老凤祥,59.72,60.66,56.99,57.13,32649,192624560.0,-2.92,-4.862614487926728
2020-07-17,15:00,sh600612,老凤祥,57.26,58.78,55.78,57.8,23437,135287888.0,0.67,1.172763871871171
2020-07-20,15:00,sh600612,老凤祥,58.49,59.4,56.22,58.78,28537,165661872.0,0.98,1.6955017301038062
2020-07-21,15:00,sh600612,老凤祥,59.28,60.38,58.28,59.38,22700,134286032.0,0.6,1.0207553589656346
2020-07-22,15:00,sh600612,老凤祥,62.49,62.86,59.7,60.35,23692,144104144.0,0.97,1.633546648703267
2020-07-23,15:00,sh600612,老凤祥,60.97,60.97,58.01,59.16,23895,141586896.0,-1.19,-1.971830985915493
2020-07-24,15:00,sh600612,老凤祥,59.4,60.8,56.96,57.52,25995,153078672.0,-1.64,-2.7721433400946585
2020-07-27,15:00,sh600612,老凤祥,58.7,63.27,58.68,63.27,43604,269332992.0,5.75,9.99652294853964
2020-07-28,15:00,sh600612,老凤祥,65.6,68.01,61.0,61.61,60087,387230848.0,-1.66,-2.6236763078868344
2020-07-29,15:00,sh600612,老凤祥,61.56,62.48,60.47,61.48,29251,178753760.0,-0.13,-0.2110047070280798
2020-07-30,15:00,sh600612,老凤祥,61.61,61.8,60.08,60.35,23390,142023152.0,-1.13,-1.837996096291477
2020-07-31,15:00,sh600612,老凤祥,60.35,61.58,59.61,61.3,31937,193594272.0,0.95,1.5741507870753937
2020-08-03,15:00,sh600612,老凤祥,59.85,60.65,58.45,60.02,26550,157996208.0,-1.28,-2.088091353996737
2020-08-04,15:00,sh600612,老凤祥,59.88,61.3,59.3,60.97,28163,169973600.0,0.95,1.582805731422859
2020-08-05,15:00,sh600612,老凤祥,62.56,63.48,60.48,61.78,30106,185819376.0,0.81,1.3285222240446122
2020-08-06,15:00,sh600612,老凤祥,61.16,62.5,59.56,62.0,34715,212983120.0,0.22,0.356102298478472
2020-08-07,15:00,sh600612,老凤祥,62.98,63.6,60.26,61.01,28831,179253472.0,-0.99,-1.5967741935483872
2020-08-10,15:00,sh600612,老凤祥,59.8,60.0,57.48,58.8,24999,147250688.0,-2.21,-3.6223569906572695
2020-08-11,15:00,sh600612,老凤祥,58.33,59.47,57.5,57.55,22554,132068232.0,-1.25,-2.1258503401360542
2020-08-12,15:00,sh600612,老凤祥,55.3,56.28,53.28,54.43,40520,220521392.0,-3.12,-5.421372719374458
2020-08-13,15:00,sh600612,老凤祥,54.59,56.48,54.56,55.83,17873,99401576.0,1.4,2.572110968216057
2020-08-14,15:00,sh600612,老凤祥,56.15,56.76,55.0,55.91,11465,64068460.0,0.08,0.1432921368439906
2020-08-17,15:00,sh600612,老凤祥,56.11,57.34,55.5,57.03,16057,90817200.0,1.12,2.0032194598461817
2020-08-18,15:00,sh600612,老凤祥,57.5,58.2,56.97,57.93,16182,93373504.0,0.9,1.5781167806417675
2020-08-19,15:00,sh600612,老凤祥,57.93,57.93,56.25,56.49,15741,89265464.0,-1.44,-2.485758674262041
2020-08-20,15:00,sh600612,老凤祥,55.78,55.8,54.5,54.72,19383,106616680.0,-1.77,-3.1332979288369622
2020-08-21,15:00,sh600612,老凤祥,55.13,56.91,55.13,56.18,14450,81072704.0,1.46,2.66812865497076
2020-08-24,15:00,sh600612,老凤祥,55.78,57.5,55.5,56.86,11305,64138232.0,0.68,1.2103951584193664
2020-08-25,15:00,sh600612,老凤祥,56.53,57.06,54.89,55.22,14674,81717648.0,-1.64,-2.884277172001407
2020-08-26,15:00,sh600612,老凤祥,55.21,55.47,53.85,54.06,16862,91770208.0,-1.16,-2.100688156465049
2020-08-27,15:00,sh600612,老凤祥,54.35,55.0,54.01,54.3,16873,91895072.0,0.24,0.4439511653718091
2020-08-28,15:00,sh600612,老凤祥,54.01,54.6,52.57,54.4,28966,155193120.0,0.1,0.1841620626151013
2020-08-31,15:00,sh600612,老凤祥,54.69,55.26,53.8,53.8,21197,115569776.0,-0.6,-1.1029411764705883
2020-09-01,15:00,sh600612,老凤祥,53.82,54.96,53.26,54.15,17753,96083488.0,0.35,0.6505576208178439
2020-09-02,15:00,sh600612,老凤祥,54.01,54.03,52.61,53.13,14410,76611912.0,-1.02,-1.8836565096952904
2020-09-03,15:00,sh600612,老凤祥,52.8,53.23,51.99,52.28,13943,73162192.0,-0.85,-1.5998494259363825
2020-09-04,15:00,sh600612,老凤祥,51.78,52.47,50.93,52.26,13170,68157000.0,-0.02,-0.0382555470543228
2020-09-07,15:00,sh600612,老凤祥,52.26,52.71,51.16,51.3,12473,64933760.0,-0.96,-1.8369690011481057
2020-09-08,15:00,sh600612,老凤祥,51.52,51.98,50.2,51.35,12035,61181632.0,0.05,0.0974658869395711
2020-09-09,15:00,sh600612,老凤祥,51.7,51.78,49.7,49.88,16320,81970152.0,-1.47,-2.862706913339825
2020-09-10,15:00,sh600612,老凤祥,49.98,50.43,49.2,49.38,12052,60048512.0,-0.5,-1.0024057738572574
2020-09-11,15:00,sh600612,老凤祥,49.6,50.1,49.01,50.02,7433,36850792.0,0.64,1.2960712839206157
2020-09-14,15:00,sh600612,老凤祥,50.0,50.77,48.8,49.13,13113,64707948.0,-0.89,-1.779288284686125
2020-09-15,15:00,sh600612,老凤祥,49.29,50.12,48.78,49.99,15840,78418560.0,0.86,1.75045796865459
2020-09-16,15:00,sh600612,老凤祥,49.78,50.65,49.53,50.2,16307,81808720.0,0.21,0.4200840168033607
2020-09-17,15:00,sh600612,老凤祥,50.7,51.15,48.59,48.96,22280,110372280.0,-1.24,-2.47011952191235
2020-09-18,15:00,sh600612,老凤祥,49.38,51.33,49.23,50.58,23663,119462760.0,1.62,3.308823529411765
2020-09-21,15:00,sh600612,老凤祥,50.74,51.19,49.72,49.86,12152,61227636.0,-0.72,-1.4234875444839856
2020-09-22,15:00,sh600612,老凤祥,49.28,49.44,48.63,48.85,12083,59195852.0,-1.01,-2.025671881267549
2020-09-23,15:00,sh600612,老凤祥,49.01,49.25,48.66,48.94,7340,35881592.0,0.09,0.1842374616171955
2020-09-24,15:00,sh600612,老凤祥,48.6,48.95,48.08,48.18,8081,39141044.0,-0.76,-1.5529219452390683
2020-09-25,15:00,sh600612,老凤祥,48.31,48.4,47.0,47.1,15493,73327128.0,-1.08,-2.2415940224159403
2020-09-28,15:00,sh600612,老凤祥,47.24,48.2,46.81,47.41,16737,79494240.0,0.31,0.6581740976645436
2020-09-29,15:00,sh600612,老凤祥,47.98,48.14,46.88,47.12,13612,64398756.0,-0.29,-0.6116852984602404
2020-09-30,15:00,sh600612,老凤祥,47.25,47.44,46.8,47.09,13825,65028836.0,-0.03,-0.0636672325976231
2020-10-09,15:00,sh600612,老凤祥,47.47,48.43,47.4,48.24,16475,78893088.0,1.15,2.4421320874920367
2020-10-12,15:00,sh600612,老凤祥,48.41,49.05,48.16,48.67,29921,145063712.0,0.43,0.8913764510779435
2020-10-13,15:00,sh600612,老凤祥,48.24,48.76,47.8,48.43,14620,70598816.0,-0.24,-0.4931169098006986
2020-10-14,15:00,sh600612,老凤祥,48.29,48.32,47.5,47.6,16828,80272448.0,-0.83,-1.7138137518067311
2020-10-15,15:00,sh600612,老凤祥,47.89,47.89,46.88,47.02,14290,67278808.0,-0.58,-1.2184873949579833
2020-10-16,15:00,sh600612,老凤祥,47.12,47.35,46.33,46.5,17110,79867216.0,-0.52,-1.105912377711612
2020-10-19,15:00,sh600612,老凤祥,46.52,46.71,45.88,46.51,17002,78792640.0,0.01,0.021505376344086
2020-10-20,15:00,sh600612,老凤祥,46.63,46.89,45.37,46.8,22426,103318160.0,0.29,0.6235218232638142
2020-10-21,15:00,sh600612,老凤祥,46.8,47.2,46.28,46.52,16298,76093472.0,-0.28,-0.5982905982905984
2020-10-22,15:00,sh600612,老凤祥,46.51,46.64,45.58,45.79,15187,69607432.0,-0.73,-1.5692175408426483
2020-10-23,15:00,sh600612,老凤祥,45.5,45.95,44.71,45.5,14800,66985096.0,-0.29,-0.6333260537235205
2020-10-26,15:00,sh600612,老凤祥,45.5,45.5,44.35,44.6,11018,49294768.0,-0.9,-1.9780219780219777
2020-10-27,15:00,sh600612,老凤祥,44.5,45.35,44.3,45.12,14105,63162856.0,0.52,1.1659192825112108
2020-10-28,15:00,sh600612,老凤祥,45.78,47.77,45.71,47.35,35595,167491808.0,2.23,4.942375886524823
2020-10-29,15:00,sh600612,老凤祥,46.91,47.02,45.87,46.63,24321,112896864.0,-0.72,-1.5205913410770855
2020-10-30,15:00,sh600612,老凤祥,46.66,47.2,45.93,45.98,19367,90158648.0,-0.65,-1.3939523911644864
2020-11-02,15:00,sh600612,老凤祥,45.98,46.98,45.68,46.88,16482,76515352.0,0.9,1.9573727707699
2020-11-03,15:00,sh600612,老凤祥,47.0,49.06,46.86,48.63,36962,178361072.0,1.75,3.7329351535836177
2020-11-04,15:00,sh600612,老凤祥,48.59,48.9,47.9,48.68,19270,93154304.0,0.05,0.1028171910343409
2020-11-05,15:00,sh600612,老凤祥,48.72,49.5,48.61,48.78,20003,97883760.0,0.1,0.2054231717337716
2020-11-06,15:00,sh600612,老凤祥,49.55,49.86,48.42,48.93,22156,108609832.0,0.15,0.3075030750307503
2020-11-09,15:00,sh600612,老凤祥,49.0,49.1,47.78,48.11,34483,166244032.0,-0.82,-1.6758634784385855
2020-11-10,15:00,sh600612,老凤祥,47.25,47.25,46.23,46.72,28875,134887264.0,-1.39,-2.88921222199127
2020-11-11,15:00,sh600612,老凤祥,46.7,46.9,46.02,46.05,14639,67889344.0,-0.67,-1.4340753424657535
2020-11-12,15:00,sh600612,老凤祥,46.05,46.56,46.05,46.29,10872,50333872.0,0.24,0.5211726384364821
2020-11-13,15:00,sh600612,老凤祥,46.39,46.89,45.76,46.73,15447,71625752.0,0.44,0.9505292719809896
2020-11-16,15:00,sh600612,老凤祥,46.99,48.24,46.88,47.95,21247,101554752.0,1.22,2.6107425636635995
2020-11-17,15:00,sh600612,老凤祥,47.8,48.28,46.95,47.19,16402,77787360.0,-0.76,-1.5849843587069865
2020-11-18,15:00,sh600612,老凤祥,47.2,48.08,47.1,48.0,16474,78494272.0,0.81,1.7164653528289893
2020-11-19,15:00,sh600612,老凤祥,48.0,49.18,47.8,48.83,23882,116361760.0,0.83,1.7291666666666667
2020-11-20,15:00,sh600612,老凤祥,48.76,49.4,48.2,49.06,17080,83463648.0,0.23,0.4710219127585501
2020-11-23,15:00,sh600612,老凤祥,49.09,50.11,48.88,49.8,18302,90885160.0,0.74,1.5083571137382796
2020-11-24,15:00,sh600612,老凤祥,49.59,49.72,48.84,48.92,17557,86440416.0,-0.88,-1.7670682730923692
2020-11-25,15:00,sh600612,老凤祥,48.9,49.29,48.12,48.22,13507,65483752.0,-0.7,-1.4309076042518398
2020-11-26,15:00,sh600612,老凤祥,48.04,48.47,47.3,47.92,17516,83601504.0,-0.3,-0.6221484861053505
2020-11-27,15:00,sh600612,老凤祥,48.15,48.86,47.67,47.92,12476,59957948.0,0.0,0.0
2020-11-30,15:00,sh600612,老凤祥,47.8,47.8,46.5,47.16,23728,111310488.0,-0.76,-1.5859766277128546
2020-12-01,15:00,sh600612,老凤祥,47.15,48.43,46.5,48.39,30274,143744688.0,1.23,2.608142493638677
2020-12-02,15:00,sh600612,老凤祥,48.5,48.87,47.9,48.52,20703,100277024.0,0.13,0.2686505476338086
2020-12-03,15:00,sh600612,老凤祥,48.95,50.44,48.56,49.15,39501,195373024.0,0.63,1.2984336356141797
2020-12-04,15:00,sh600612,老凤祥,49.17,49.17,47.86,48.4,29283,141365584.0,-0.75,-1.525940996948118
2020-12-07,15:00,sh600612,老凤祥,48.36,48.89,47.97,47.97,15940,76991088.0,-0.43,-0.8884297520661157
2020-12-08,15:00,sh600612,老凤祥,48.21,49.3,47.93,49.09,21219,103278416.0,1.12,2.334792578695018
2020-12-09,15:00,sh600612,老凤祥,48.92,49.09,48.01,48.06,15506,75047648.0,-1.03,-2.098187003463027
2020-12-10,15:00,sh600612,老凤祥,48.08,48.26,47.35,47.39,11411,54271400.0,-0.67,-1.3940907199334167
2020-12-11,15:00,sh600612,老凤祥,47.39,47.88,46.96,47.13,11042,52309444.0,-0.26,-0.548638953365689
2020-12-14,15:00,sh600612,老凤祥,46.78,48.06,46.62,47.93,11354,53699344.0,0.8,1.6974326331423724
2020-12-15,15:00,sh600612,老凤祥,47.6,47.94,47.03,47.8,8634,40995680.0,-0.13,-0.2712288754433549
2020-12-16,15:00,sh600612,老凤祥,47.5,48.23,47.25,47.32,10255,48788684.0,-0.48,-1.00418410041841
2020-12-17,15:00,sh600612,老凤祥,47.34,47.65,46.88,47.58,9524,45009792.0,0.26,0.5494505494505495
2020-12-18,15:00,sh600612,老凤祥,47.9,48.05,47.04,47.04,11838,56304664.0,-0.54,-1.1349306431273645
2020-12-21,15:00,sh600612,老凤祥,47.05,47.64,46.77,47.57,12959,61112728.0,0.53,1.126700680272109
2020-12-22,15:00,sh600612,老凤祥,47.47,47.47,46.0,46.0,22433,104208944.0,-1.57,-3.300399411393736
2020-12-23,15:00,sh600612,老凤祥,45.8,45.85,44.8,45.14,19970,90359584.0,-0.86,-1.8695652173913044
2020-12-24,15:00,sh600612,老凤祥,44.15,45.5,44.15,44.53,17539,78487872.0,-0.61,-1.351351351351351
2020-12-25,15:00,sh600612,老凤祥,44.21,44.88,44.15,44.72,11294,50370220.0,0.19,0.4266786436110487
2020-12-28,15:00,sh600612,老凤祥,44.74,44.78,44.18,44.31,9630,42759352.0,-0.41,-0.9168157423971376
2020-12-29,15:00,sh600612,老凤祥,44.19,44.88,44.07,44.6,11240,49915452.0,0.29,0.6544798013992327
2020-12-30,15:00,sh600612,老凤祥,44.5,45.1,44.17,44.5,7274,32458032.0,-0.1,-0.2242152466367713
2020-12-31,15:00,sh600612,老凤祥,44.62,45.59,44.52,45.33,12389,55838488.0,0.83,1.8651685393258428
2021-01-04,15:00,sh600612,老凤祥,45.33,46.0,44.9,45.75,13192,59993700.0,0.42,0.9265387160820648
2021-01-05,15:00,sh600612,老凤祥,46.13,47.3,45.05,47.18,28836,132986560.0,1.43,3.125683060109289
2021-01-06,15:00,sh600612,老凤祥,47.18,47.18,45.75,46.16,18813,87017856.0,-1.02,-2.161933022467147
2021-01-07,15:00,sh600612,老凤祥,45.8,46.27,45.16,45.51,14760,67332064.0,-0.65,-1.4081455805892549
2021-01-08,15:00,sh600612,老凤祥,45.65,46.77,45.45,46.36,20756,95948024.0,0.85,1.8677213799165016
2021-01-11,15:00,sh600612,老凤祥,45.86,45.86,44.81,44.88,19263,86839472.0,-1.48,-3.192407247627265
2021-01-12,15:00,sh600612,老凤祥,45.09,46.01,44.71,45.54,14812,67140120.0,0.66,1.4705882352941175
2021-01-13,15:00,sh600612,老凤祥,45.28,47.02,45.28,46.9,21109,97528112.0,1.36,2.9863855950812472
2021-01-14,15:00,sh600612,老凤祥,46.7,48.26,46.5,47.88,26496,126575424.0,0.98,2.0895522388059704
2021-01-15,15:00,sh600612,老凤祥,47.85,48.38,47.69,47.92,16766,80334944.0,0.04,0.0835421888053467
2021-01-18,15:00,sh600612,老凤祥,47.68,49.89,47.1,49.58,33779,165329392.0,1.66,3.4641068447412358
2021-01-19,15:00,sh600612,老凤祥,49.46,49.78,48.66,49.28,21554,105888072.0,-0.3,-0.6050826946349335
2021-01-20,15:00,sh600612,老凤祥,49.28,49.97,48.6,49.5,16435,81315352.0,0.22,0.4464285714285714
2021-01-21,15:00,sh600612,老凤祥,49.51,49.85,48.5,48.5,22488,110410064.0,-1.0,-2.0202020202020203
2021-01-22,15:00,sh600612,老凤祥,48.48,48.5,47.21,47.88,19077,91028432.0,-0.62,-1.2783505154639174
2021-01-25,15:00,sh600612,老凤祥,47.6,48.36,46.88,47.3,22180,105311408.0,-0.58,-1.2113617376775272
2021-01-26,15:00,sh600612,老凤祥,47.25,47.98,46.71,47.77,17954,85208680.0,0.47,0.9936575052854124
2021-01-27,15:00,sh600612,老凤祥,47.53,47.67,46.5,46.51,14547,68122864.0,-1.26,-2.637638685367385
2021-01-28,15:00,sh600612,老凤祥,46.28,46.28,45.0,45.3,23601,107253248.0,-1.21,-2.6015910556869493
2021-01-29,15:00,sh600612,老凤祥,45.39,45.71,44.8,45.61,11569,52339280.0,0.31,0.6843267108167771
2021-02-01,15:00,sh600612,老凤祥,45.61,47.11,45.01,46.8,13307,61774196.0,1.19,2.609076956807717
2021-02-02,15:00,sh600612,老凤祥,46.92,47.49,46.38,46.82,11893,55776140.0,0.02,0.0427350427350427
2021-02-03,15:00,sh600612,老凤祥,46.52,46.99,45.55,46.2,13724,63144240.0,-0.62,-1.3242204186245194
2021-02-04,15:00,sh600612,老凤祥,46.02,46.93,45.3,46.88,15065,69135736.0,0.68,1.471861471861472
2021-02-05,15:00,sh600612,老凤祥,46.85,48.5,46.85,47.67,22521,107772784.0,0.79,1.6851535836177476
2021-02-08,15:00,sh600612,老凤祥,48.34,48.49,47.3,48.3,16494,79475832.0,0.63,1.3215859030837005
2021-02-09,15:00,sh600612,老凤祥,48.3,49.56,48.12,49.5,23590,115682040.0,1.2,2.484472049689441
2021-02-10,15:00,sh600612,老凤祥,49.49,49.49,48.58,49.19,15281,74784304.0,-0.31,-0.6262626262626263
2021-02-18,15:00,sh600612,老凤祥,49.63,50.73,48.8,49.08,33934,169436784.0,-0.11,-0.2236226875381175
2021-02-19,15:00,sh600612,老凤祥,49.08,51.98,48.52,51.84,36885,185758800.0,2.76,5.623471882640587
2021-02-22,15:00,sh600612,老凤祥,51.8,54.98,51.58,52.47,54973,294652320.0,0.63,1.215277777777778
2021-02-23,15:00,sh600612,老凤祥,51.9,54.3,51.5,51.97,41968,222700496.0,-0.5,-0.952925481227368
2021-02-24,15:00,sh600612,老凤祥,51.94,52.74,50.8,51.2,32369,167515488.0,-0.77,-1.4816240138541463
2021-02-25,15:00,sh600612,老凤祥,51.3,52.78,50.7,52.2,23526,122047624.0,1.0,1.953125
2021-02-26,15:00,sh600612,老凤祥,51.29,51.48,50.05,50.55,23211,117872216.0,-1.65,-3.160919540229885
2021-03-01,15:00,sh600612,老凤祥,50.2,51.38,50.11,51.31,16801,85341552.0,0.76,1.503461918892186
2021-03-02,15:00,sh600612,老凤祥,51.3,53.3,50.91,53.15,35622,184558880.0,1.84,3.586045605145196
2021-03-03,15:00,sh600612,老凤祥,53.0,53.33,52.2,52.98,17815,94163720.0,-0.17,-0.3198494825964252
2021-03-04,15:00,sh600612,老凤祥,54.99,55.2,53.02,54.62,55580,302667520.0,1.64,3.095507738769347
2021-03-05,15:00,sh600612,老凤祥,54.1,54.78,53.41,53.9,26537,143678496.0,-0.72,-1.3181984621017944
2021-03-08,15:00,sh600612,老凤祥,53.94,55.93,53.85,54.7,34113,188298288.0,0.8,1.4842300556586272
2021-03-09,15:00,sh600612,老凤祥,55.0,55.4,51.0,51.59,32450,172478160.0,-3.11,-5.685557586837295
2021-03-10,15:00,sh600612,老凤祥,51.64,53.72,51.64,52.76,26019,137528640.0,1.17,2.267881372358984
2021-03-11,15:00,sh600612,老凤祥,52.48,54.51,52.03,54.31,19110,102635784.0,1.55,2.937831690674753
2021-03-12,15:00,sh600612,老凤祥,54.4,55.31,53.64,54.9,19586,106704976.0,0.59,1.0863561038482783
2021-03-15,15:00,sh600612,老凤祥,54.36,55.11,52.89,53.4,19814,106414336.0,-1.5,-2.73224043715847
2021-03-16,15:00,sh600612,老凤祥,53.01,53.88,52.52,53.55,13460,71794920.0,0.15,0.2808988764044944
2021-03-17,15:00,sh600612,老凤祥,53.0,54.68,52.6,54.6,19260,104115896.0,1.05,1.96078431372549
2021-03-18,15:00,sh600612,老凤祥,54.44,54.6,53.2,53.89,12686,68318080.0,-0.71,-1.3003663003663004
2021-03-19,15:00,sh600612,老凤祥,53.8,54.19,52.4,52.67,16096,85294424.0,-1.22,-2.263870848023752
2021-03-22,15:00,sh600612,老凤祥,52.62,53.39,52.5,52.87,13837,73186968.0,0.2,0.3797228023542813
2021-03-23,15:00,sh600612,老凤祥,53.0,53.99,52.37,52.8,14106,74894384.0,-0.07,-0.1324002269718176
2021-03-24,15:00,sh600612,老凤祥,52.28,52.78,50.69,51.03,22683,116303048.0,-1.77,-3.3522727272727275
2021-03-25,15:00,sh600612,老凤祥,51.06,52.48,50.86,51.91,16055,82959264.0,0.88,1.7244757985498729
2021-03-26,15:00,sh600612,老凤祥,51.85,53.07,51.76,53.0,11370,59756528.0,1.09,2.099788094779426
2021-03-29,15:00,sh600612,老凤祥,53.0,54.06,52.51,53.71,13894,74392720.0,0.71,1.339622641509434
2021-03-30,15:00,sh600612,老凤祥,53.48,54.95,53.35,54.69,17264,94024224.0,0.98,1.824613665983988
2021-03-31,15:00,sh600612,老凤祥,54.65,56.11,54.11,55.49,20218,111542624.0,0.8,1.4627902724446882
2021-04-01,15:00,sh600612,老凤祥,56.16,56.23,54.5,55.68,17091,94941440.0,0.19,0.3424040367633808
2021-04-02,15:00,sh600612,老凤祥,56.0,58.25,55.55,57.68,24939,143546464.0,2.0,3.5919540229885056
2021-04-06,15:00,sh600612,老凤祥,57.51,58.0,56.53,56.64,13549,77165200.0,-1.04,-1.8030513176144245
2021-04-07,15:00,sh600612,老凤祥,56.3,57.99,56.08,57.31,12881,73740352.0,0.67,1.182909604519774
2021-04-08,15:00,sh600612,老凤祥,57.0,57.89,56.56,57.47,11096,63688168.0,0.16,0.279183388588379
2021-04-09,15:00,sh600612,老凤祥,57.47,58.59,56.98,58.52,14873,86284640.0,1.05,1.8270401948842876
2021-04-12,15:00,sh600612,老凤祥,58.06,59.5,57.22,57.79,16499,95820608.0,-0.73,-1.2474367737525631
2021-04-13,15:00,sh600612,老凤祥,57.76,58.67,57.0,57.66,14628,84503136.0,-0.13,-0.2249524139124416
2021-04-14,15:00,sh600612,老凤祥,58.0,58.09,56.58,57.13,12561,71888608.0,-0.53,-0.9191814082552896
2021-04-15,15:00,sh600612,老凤祥,57.16,57.48,55.81,56.72,13175,74517704.0,-0.41,-0.7176614738316122
2021-04-16,15:00,sh600612,老凤祥,56.66,57.72,55.78,56.5,16914,95710480.0,-0.22,-0.38787023977433
2021-04-19,15:00,sh600612,老凤祥,56.51,57.01,55.4,56.72,24359,137162224.0,0.22,0.3893805309734513
2021-04-20,15:00,sh600612,老凤祥,56.45,57.72,56.3,57.54,15754,89862296.0,0.82,1.4456981664315938
2021-04-21,15:00,sh600612,老凤祥,57.54,57.59,56.08,56.78,10697,60731136.0,-0.76,-1.3208202989224886
2021-04-22,15:00,sh600612,老凤祥,56.94,57.23,56.56,57.1,8556,48713680.0,0.32,0.5635787249031349
2021-04-23,15:00,sh600612,老凤祥,57.23,57.7,56.69,57.36,8678,49667156.0,0.26,0.4553415061295972
2021-04-26,15:00,sh600612,老凤祥,57.45,58.44,56.6,57.29,11320,65221412.0,-0.07,-0.1220362622036262
2021-04-27,15:00,sh600612,老凤祥,57.4,57.87,56.63,57.72,12967,74390024.0,0.43,0.7505672892302321
2021-04-28,15:00,sh600612,老凤祥,57.69,58.65,54.68,58.1,23739,136095504.0,0.38,0.6583506583506583
2021-04-29,15:00,sh600612,老凤祥,58.1,60.28,58.0,58.85,19212,113881664.0,0.75,1.2908777969018932
2021-04-30,15:00,sh600612,老凤祥,59.59,59.69,54.85,55.23,35097,196910336.0,-3.62,-6.151231945624469
2021-05-06,15:00,sh600612,老凤祥,55.3,56.67,55.1,55.72,15941,89194744.0,0.49,0.8871989860583016
2021-05-07,15:00,sh600612,老凤祥,55.77,57.88,55.72,56.46,20538,116406744.0,0.74,1.3280689160086143
2021-05-10,15:00,sh600612,老凤祥,55.96,56.74,55.37,56.26,15862,89004848.0,-0.2,-0.3542330853701735
2021-05-11,15:00,sh600612,老凤祥,55.42,56.23,54.54,55.2,12787,70427208.0,-1.06,-1.8841094916459296
2021-05-12,15:00,sh600612,老凤祥,55.86,55.86,54.49,55.2,8913,49057064.0,0.0,0.0
2021-05-13,15:00,sh600612,老凤祥,55.0,55.0,54.08,54.42,12395,67380480.0,-0.78,-1.4130434782608696
2021-05-14,15:00,sh600612,老凤祥,54.16,54.92,53.03,54.62,14008,75580320.0,0.2,0.3675119441381845
2021-05-17,15:00,sh600612,老凤祥,54.7,55.8,54.62,55.33,13946,77044752.0,0.71,1.2998901501281583
2021-05-18,15:00,sh600612,老凤祥,55.46,57.94,55.33,57.35,16354,93212464.0,2.02,3.650822338695102
2021-05-19,15:00,sh600612,老凤祥,57.0,57.36,54.95,55.05,16394,91411424.0,-2.3,-4.0104620749782045
2021-05-20,15:00,sh600612,老凤祥,55.06,55.74,54.6,55.22,10608,58514768.0,0.17,0.3088101725703905
2021-05-21,15:00,sh600612,老凤祥,55.7,57.0,55.11,56.69,11711,65976776.0,1.47,2.662078956899674
2021-05-24,15:00,sh600612,老凤祥,56.4,58.0,56.4,57.63,10533,60460984.0,0.94,1.6581407655671194
2021-05-25,15:00,sh600612,老凤祥,57.66,58.01,56.72,57.66,9137,52488432.0,0.03,0.0520562207183758
2021-05-26,15:00,sh600612,老凤祥,57.66,59.49,57.54,59.14,14004,82573072.0,1.48,2.5667707249392997
2021-05-27,15:00,sh600612,老凤祥,58.99,59.44,57.5,58.1,12613,73475984.0,-1.04,-1.758539059857964
2021-05-28,15:00,sh600612,老凤祥,58.16,59.0,57.7,58.58,12322,72076368.0,0.48,0.8261617900172116
2021-05-31,15:00,sh600612,老凤祥,58.93,60.45,58.03,60.15,14559,86970592.0,1.57,2.680095595766473
2021-06-01,15:00,sh600612,老凤祥,60.45,60.51,59.2,59.28,11795,70206152.0,-0.87,-1.4463840399002494
2021-06-02,15:00,sh600612,老凤祥,59.02,60.28,59.02,59.9,10052,59946560.0,0.62,1.0458839406207827
2021-06-03,15:00,sh600612,老凤祥,59.6,59.88,58.73,59.58,8611,51064152.0,-0.32,-0.5342237061769616
2021-06-04,15:00,sh600612,老凤祥,58.98,59.01,57.64,58.28,9773,56793476.0,-1.3,-2.181940248405505
2021-06-07,15:00,sh600612,老凤祥,58.78,59.3,57.33,58.84,18007,105675784.0,0.56,0.9608785175017158
2021-06-08,15:00,sh600612,老凤祥,58.84,59.29,57.88,58.32,8117,47408268.0,-0.52,-0.8837525492861998
2021-06-09,15:00,sh600612,老凤祥,58.19,59.56,57.7,59.44,14455,85251712.0,1.12,1.9204389574759944
2021-06-10,15:00,sh600612,老凤祥,58.97,59.23,57.39,57.68,19880,115394024.0,-1.76,-2.960969044414536
2021-06-11,15:00,sh600612,老凤祥,57.7,58.17,56.28,57.12,12591,71985416.0,-0.56,-0.9708737864077668
2021-06-15,15:00,sh600612,老凤祥,56.48,57.28,55.41,56.19,22026,123819848.0,-0.93,-1.628151260504202
2021-06-16,15:00,sh600612,老凤祥,56.7,57.72,54.2,54.3,26692,148258496.0,-1.89,-3.363587827015483
2021-06-17,15:00,sh600612,老凤祥,54.9,55.85,53.78,54.0,26304,143795552.0,-0.3,-0.5524861878453038
2021-06-18,15:00,sh600612,老凤祥,54.2,54.76,53.9,54.25,18868,102457368.0,0.25,0.4629629629629629
2021-06-21,15:00,sh600612,老凤祥,54.22,54.25,51.72,51.83,26831,140878288.0,-2.42,-4.460829493087558
2021-06-22,15:00,sh600612,老凤祥,52.01,52.78,51.5,51.89,20362,106403640.0,0.06,0.1157630715801659
2021-06-23,15:00,sh600612,老凤祥,51.78,52.23,51.02,52.2,17121,88548960.0,0.31,0.5974176141838505
2021-06-24,15:00,sh600612,老凤祥,52.23,52.33,51.12,51.96,14167,73381816.0,-0.24,-0.4597701149425287
2021-06-25,15:00,sh600612,老凤祥,51.96,53.98,51.22,53.31,24880,132028376.0,1.35,2.5981524249422634
2021-06-28,15:00,sh600612,老凤祥,53.33,53.93,52.85,53.29,10026,53470136.0,-0.02,-0.037516413430876
2021-06-29,15:00,sh600612,老凤祥,53.0,53.76,52.64,53.15,11356,60418988.0,-0.14,-0.262713454681929
2021-06-30,15:00,sh600612,老凤祥,52.86,53.43,52.63,52.97,8314,44086308.0,-0.18,-0.3386641580432737
2021-07-01,15:00,sh600612,老凤祥,53.15,54.11,52.66,53.35,9331,49996908.0,0.38,0.7173872003020577
2021-07-02,15:00,sh600612,老凤祥,53.32,53.76,52.1,52.36,14715,77578112.0,-0.99,-1.855670103092784
2021-07-05,15:00,sh600612,老凤祥,53.36,54.38,52.92,54.08,21771,117196048.0,1.72,3.2849503437738727
2021-07-06,15:00,sh600612,老凤祥,53.59,53.98,51.98,52.51,12666,66897140.0,-1.57,-2.9031065088757395
2021-07-07,15:00,sh600612,老凤祥,52.1,52.88,51.81,52.32,9506,49721148.0,-0.19,-0.36183584079223
2021-07-08,15:00,sh600612,老凤祥,52.5,52.53,51.02,51.13,14795,76251104.0,-1.19,-2.274464831804281
2021-07-09,15:00,sh600612,老凤祥,51.15,51.75,50.7,51.32,12180,62430720.0,0.19,0.3716017993350283
2021-07-12,15:00,sh600612,老凤祥,51.36,51.75,50.75,50.99,9468,48452176.0,-0.33,-0.6430241621200311
2021-07-13,15:00,sh600612,老凤祥,50.72,51.5,50.65,51.45,8254,42176824.0,0.46,0.902137674053736
2021-07-14,15:00,sh600612,老凤祥,51.45,51.96,50.56,51.62,9885,50645696.0,0.17,0.3304178814382896
2021-07-15,15:00,sh600612,老凤祥,51.8,52.8,51.19,52.22,19802,102855056.0,0.6,1.162340178225494
2021-07-16,15:00,sh600612,老凤祥,52.21,52.21,50.87,51.0,15696,80613776.0,-1.22,-2.3362696284948297
2021-07-19,15:00,sh600612,老凤祥,50.98,50.99,50.0,50.24,10202,51218600.0,-0.76,-1.4901960784313726
2021-07-20,15:00,sh600612,老凤祥,49.78,50.46,49.78,50.39,7299,36650708.0,0.15,0.2985668789808917
2021-07-21,15:00,sh600612,老凤祥,50.37,50.67,49.3,49.45,18752,93405264.0,-0.94,-1.865449493947212
2021-07-22,15:00,sh600612,老凤祥,49.48,50.15,49.2,49.54,10109,50253584.0,0.09,0.1820020222446916
2021-07-23,15:00,sh600612,老凤祥,49.5,49.65,48.0,48.53,14609,71012592.0,-1.01,-2.038756560355268
2021-07-26,15:00,sh600612,老凤祥,49.0,49.0,47.44,47.76,10694,51219464.0,-0.77,-1.5866474345765504
2021-07-27,15:00,sh600612,老凤祥,47.48,47.89,46.53,46.53,11276,53138456.0,-1.23,-2.5753768844221105
2021-07-28,15:00,sh600612,老凤祥,46.45,46.94,45.46,46.57,13437,62176528.0,0.04,0.0859660434128519
2021-07-29,15:00,sh600612,老凤祥,46.65,48.14,46.65,48.0,15104,71817464.0,1.43,3.07064633884475
2021-07-30,15:00,sh600612,老凤祥,47.0,47.65,45.72,47.65,15255,71025520.0,-0.35,-0.7291666666666666
2021-08-02,15:00,sh600612,老凤祥,47.41,47.69,45.95,47.4,15452,72598696.0,-0.25,-0.5246589716684155
2021-08-03,15:00,sh600612,老凤祥,47.27,47.61,46.88,47.59,6357,30122444.0,0.19,0.4008438818565401
2021-08-04,15:00,sh600612,老凤祥,47.52,48.5,46.0,46.53,27139,126747632.0,-1.06,-2.227358688800168
2021-08-05,15:00,sh600612,老凤祥,46.54,46.97,46.16,46.53,16285,75801784.0,0.0,0.0
2021-08-06,15:00,sh600612,老凤祥,46.53,46.53,45.78,45.98,9877,45425656.0,-0.55,-1.182033096926714
2021-08-09,15:00,sh600612,老凤祥,45.39,46.65,45.18,46.59,12024,55677664.0,0.61,1.3266637668551544
2021-08-10,15:00,sh600612,老凤祥,46.25,46.99,46.12,46.8,11372,52877132.0,0.21,0.4507405022537025
2021-08-11,15:00,sh600612,老凤祥,46.13,47.35,46.12,47.1,13275,62151968.0,0.3,0.641025641025641
2021-08-12,15:00,sh600612,老凤祥,46.59,46.97,46.19,46.36,11554,53626680.0,-0.74,-1.5711252653927814
2021-08-13,15:00,sh600612,老凤祥,46.35,46.37,46.01,46.23,8249,38099428.0,-0.13,-0.2804141501294219
2021-08-16,15:00,sh600612,老凤祥,46.23,46.8,46.14,46.19,10181,47189028.0,-0.04,-0.0865239022279904
2021-08-17,15:00,sh600612,老凤祥,46.18,46.45,45.63,45.67,13645,62817852.0,-0.52,-1.1257848019051742
2021-08-18,15:00,sh600612,老凤祥,45.67,45.82,45.11,45.35,10235,46347372.0,-0.32,-0.7006787825706153
2021-08-19,15:00,sh600612,老凤祥,45.15,45.66,45.15,45.4,6576,29859388.0,0.05,0.1102535832414553
2021-08-20,15:00,sh600612,老凤祥,45.51,45.51,44.18,44.44,12501,55575656.0,-0.96,-2.1145374449339207
2021-08-23,15:00,sh600612,老凤祥,44.75,46.12,44.5,45.95,13100,59554112.0,1.51,3.397839783978398
2021-08-24,15:00,sh600612,老凤祥,45.9,47.41,45.72,47.31,18616,87094184.0,1.36,2.9597388465723613
2021-08-25,15:00,sh600612,老凤祥,47.05,47.2,46.55,46.95,7915,37036040.0,-0.36,-0.7609384908053266
2021-08-26,15:00,sh600612,老凤祥,46.95,46.95,46.0,46.16,7064,32778158.0,-0.79,-1.6826411075612353
2021-08-27,15:00,sh600612,老凤祥,46.18,47.02,45.59,46.8,6327,29429208.0,0.64,1.386481802426343
2021-08-30,15:00,sh600612,老凤祥,46.75,47.26,45.61,46.49,16214,74690336.0,-0.31,-0.6623931623931624
2021-08-31,15:00,sh600612,老凤祥,46.15,46.64,45.78,46.48,12792,58814440.0,-0.01,-0.0215100021510002
2021-09-01,15:00,sh600612,老凤祥,46.27,47.8,45.95,47.43,15690,73808568.0,0.95,2.0438898450946645
2021-09-02,15:00,sh600612,老凤祥,47.44,47.68,46.81,47.17,10149,47848920.0,-0.26,-0.5481762597512123
2021-09-03,15:00,sh600612,老凤祥,47.17,47.7,46.85,47.44,9764,46172056.0,0.27,0.5723977104091583
2021-09-06,15:00,sh600612,老凤祥,47.68,47.98,47.16,47.92,13376,63836684.0,0.48,1.011804384485666
2021-09-07,15:00,sh600612,老凤祥,47.92,48.0,47.31,47.69,11882,56547900.0,-0.23,-0.4799666110183639
2021-09-08,15:00,sh600612,老凤祥,47.69,47.88,47.47,47.66,10776,51391916.0,-0.03,-0.0629062696582092
2021-09-09,15:00,sh600612,老凤祥,47.65,48.46,47.31,48.07,10493,50325180.0,0.41,0.8602601762484263
2021-09-10,15:00,sh600612,老凤祥,48.07,49.36,47.8,47.92,19985,97035328.0,-0.15,-0.3120449344705637
2021-09-13,15:00,sh600612,老凤祥,47.9,47.97,47.0,47.95,12121,57610352.0,0.03,0.0626043405676126
2021-09-14,15:00,sh600612,老凤祥,47.9,47.9,46.4,46.4,17516,82325696.0,-1.55,-3.232533889468196
2021-09-15,15:00,sh600612,老凤祥,46.51,46.9,45.93,45.93,13024,60225520.0,-0.47,-1.0129310344827585
2021-09-16,15:00,sh600612,老凤祥,46.3,46.59,45.95,46.0,8935,41302900.0,0.07,0.1524058349662529
2021-09-17,15:00,sh600612,老凤祥,45.98,45.98,45.36,45.87,9526,43429740.0,-0.13,-0.2826086956521739
2021-09-22,15:00,sh600612,老凤祥,45.65,46.85,45.38,46.8,9621,44592156.0,0.93,2.027468933943754
2021-09-23,15:00,sh600612,老凤祥,46.8,47.58,46.6,46.78,9882,46552844.0,-0.02,-0.0427350427350427
2021-09-24,15:00,sh600612,老凤祥,46.78,46.97,46.18,46.45,6575,30583944.0,-0.33,-0.705429670799487
2021-09-27,15:00,sh600612,老凤祥,46.49,46.69,46.07,46.25,6414,29714024.0,-0.2,-0.4305705059203444
2021-09-28,15:00,sh600612,老凤祥,46.33,46.38,46.0,46.27,3596,16588168.0,0.02,0.0432432432432432
2021-09-29,15:00,sh600612,老凤祥,46.18,46.47,45.6,46.07,8481,39017180.0,-0.2,-0.4322455154527772
2021-09-30,15:00,sh600612,老凤祥,46.29,46.67,45.8,46.44,8459,39286604.0,0.37,0.8031256783156067
2021-10-08,15:00,sh600612,老凤祥,46.97,47.42,46.61,47.32,10848,51099888.0,0.88,1.8949181739879413
2021-10-11,15:00,sh600612,老凤祥,47.75,49.34,47.39,48.9,24924,120900768.0,1.58,3.338968723584109
2021-10-12,15:00,sh600612,老凤祥,48.89,50.62,48.7,49.6,32105,159326112.0,0.7,1.4314928425357871
2021-10-13,15:00,sh600612,老凤祥,50.1,50.45,49.21,49.61,17240,85907120.0,0.01,0.0201612903225806
2021-10-14,15:00,sh600612,老凤祥,49.63,50.68,49.63,49.75,19882,99635872.0,0.14,0.2822011691191292
2021-10-15,15:00,sh600612,老凤祥,49.57,49.7,48.45,49.2,13750,67460656.0,-0.55,-1.105527638190955
2021-10-18,15:00,sh600612,老凤祥,49.11,49.6,48.1,48.58,10610,51765836.0,-0.62,-1.2601626016260163
2021-10-19,15:00,sh600612,老凤祥,48.58,49.13,48.17,48.8,8653,42140036.0,0.22,0.4528612597776863
2021-10-20,15:00,sh600612,老凤祥,48.52,48.76,48.2,48.28,11227,54325880.0,-0.52,-1.0655737704918031
2021-10-21,15:00,sh600612,老凤祥,48.4,49.38,48.23,49.19,10962,53665264.0,0.91,1.8848384424192213
2021-10-22,15:00,sh600612,老凤祥,48.8,49.39,48.25,49.06,9460,46136900.0,-0.13,-0.2642813579995934
2021-10-25,15:00,sh600612,老凤祥,48.6,48.85,48.1,48.43,7993,38594380.0,-0.63,-1.2841418671015083
2021-10-26,15:00,sh600612,老凤祥,48.43,49.88,48.43,49.03,10075,49548248.0,0.6,1.2389015073301672
2021-10-27,15:00,sh600612,老凤祥,49.0,49.03,47.59,48.19,9718,46771260.0,-0.84,-1.7132367937997144
2021-10-28,15:00,sh600612,老凤祥,47.81,48.59,47.66,48.2,6365,30644864.0,0.01,0.0207511931936086
2021-10-29,15:00,sh600612,老凤祥,48.25,48.46,47.85,48.01,6875,33084648.0,-0.19,-0.3941908713692946
2021-11-01,15:00,sh600612,老凤祥,47.78,48.0,46.06,46.1,24080,111659632.0,-1.91,-3.9783378462820247
2021-11-02,15:00,sh600612,老凤祥,46.22,46.27,45.5,45.94,17976,82448816.0,-0.16,-0.3470715835140998
2021-11-03,15:00,sh600612,老凤祥,46.1,46.1,45.65,45.9,7320,33571424.0,-0.04,-0.087070091423596
2021-11-04,15:00,sh600612,老凤祥,45.88,46.28,45.71,46.0,9171,42170672.0,0.1,0.2178649237472767
2021-11-05,15:00,sh600612,老凤祥,45.85,46.09,45.6,45.66,9523,43646944.0,-0.34,-0.7391304347826086
2021-11-08,15:00,sh600612,老凤祥,45.6,45.96,45.59,45.7,5964,27262328.0,0.04,0.0876040297853701
2021-11-09,15:00,sh600612,老凤祥,45.7,46.05,45.7,45.94,7543,34639848.0,0.24,0.5251641137855579
2021-11-10,15:00,sh600612,老凤祥,46.0,46.5,45.75,46.46,13801,63761336.0,0.52,1.131911188506748
2021-11-11,15:00,sh600612,老凤祥,46.48,47.66,46.42,46.96,16918,79693696.0,0.5,1.076194575979337
2021-11-12,15:00,sh600612,老凤祥,47.0,47.16,46.45,46.75,7064,33023638.0,-0.21,-0.4471890971039182
2021-11-15,15:00,sh600612,老凤祥,46.76,47.02,46.69,46.98,4635,21715728.0,0.23,0.4919786096256685
2021-11-16,15:00,sh600612,老凤祥,47.18,47.18,46.6,46.72,6483,30353264.0,-0.26,-0.5534269902085994
2021-11-17,15:00,sh600612,老凤祥,46.83,46.83,46.32,46.37,6061,28158468.0,-0.35,-0.7491438356164383
2021-11-18,15:00,sh600612,老凤祥,46.38,46.67,46.06,46.07,5803,26842976.0,-0.3,-0.6469700237222342
2021-11-19,15:00,sh600612,老凤祥,46.12,46.36,45.84,46.17,4867,22435134.0,0.1,0.2170609941393531
2021-11-22,15:00,sh600612,老凤祥,46.17,46.48,45.9,46.0,8552,39475720.0,-0.17,-0.3682044617717132
2021-11-23,15:00,sh600612,老凤祥,45.77,46.29,45.71,46.13,6339,29175390.0,0.13,0.2826086956521739
2021-11-24,15:00,sh600612,老凤祥,46.05,46.3,45.8,46.03,6461,29737034.0,-0.1,-0.2167786689789724
2021-11-25,15:00,sh600612,老凤祥,46.0,46.68,45.86,46.37,8440,39035968.0,0.34,0.7386487073647621
2021-11-26,15:00,sh600612,老凤祥,46.37,46.38,46.04,46.1,6569,30330496.0,-0.27,-0.5822730213500108
2021-11-29,15:00,sh600612,老凤祥,46.05,46.05,45.3,45.4,13050,59345636.0,-0.7,-1.5184381778741864
2021-11-30,15:00,sh600612,老凤祥,45.4,45.77,45.05,45.34,8507,38717308.0,-0.06,-0.13215859030837
2021-12-01,15:00,sh600612,老凤祥,45.33,45.6,45.21,45.45,7095,32214088.0,0.11,0.2426113806793118
2021-12-02,15:00,sh600612,老凤祥,45.38,45.76,45.12,45.29,8128,36903440.0,-0.16,-0.352035203520352
2021-12-03,15:00,sh600612,老凤祥,45.3,45.6,45.08,45.6,6197,28104164.0,0.31,0.684477809671009
2021-12-06,15:00,sh600612,老凤祥,45.66,45.86,45.1,45.18,8167,37037452.0,-0.42,-0.9210526315789472
2021-12-07,15:00,sh600612,老凤祥,45.25,45.57,45.25,45.29,8243,37431560.0,0.11,0.2434705621956618
2021-12-08,15:00,sh600612,老凤祥,45.53,46.01,45.33,46.01,11073,50697056.0,0.72,1.5897549127842792
2021-12-09,15:00,sh600612,老凤祥,45.9,46.6,45.9,46.48,9609,44505048.0,0.47,1.0215170615083675
2021-12-10,15:00,sh600612,老凤祥,46.39,46.59,45.92,46.49,9038,41825612.0,0.01,0.0215146299483648
2021-12-13,15:00,sh600612,老凤祥,46.49,46.94,46.07,46.2,15207,70794424.0,-0.29,-0.6237900623790062
2021-12-14,15:00,sh600612,老凤祥,46.01,46.4,45.81,46.04,8371,38577384.0,-0.16,-0.3463203463203463
2021-12-15,15:00,sh600612,老凤祥,45.94,46.09,45.51,45.51,8346,38113536.0,-0.53,-1.1511728931364031
2021-12-16,15:00,sh600612,老凤祥,45.51,45.8,45.5,45.62,4416,20140798.0,0.11,0.2417051197539002
2021-12-17,15:00,sh600612,老凤祥,45.63,45.79,45.34,45.76,6741,30686632.0,0.14,0.3068829460762823
2021-12-20,15:00,sh600612,老凤祥,45.76,46.2,45.3,45.41,12005,54857260.0,-0.35,-0.7648601398601399
2021-12-21,15:00,sh600612,老凤祥,45.26,45.75,45.26,45.45,7003,31824460.0,0.04,0.0880863245981061
2021-12-22,15:00,sh600612,老凤祥,45.55,45.57,45.3,45.38,8892,40349016.0,-0.07,-0.154015401540154
2021-12-23,15:00,sh600612,老凤祥,45.52,45.52,45.03,45.07,10010,45202848.0,-0.31,-0.6831203173204055
2021-12-24,15:00,sh600612,老凤祥,45.07,45.18,44.72,44.77,9167,41133480.0,-0.3,-0.6656312402928777
2021-12-27,15:00,sh600612,老凤祥,44.81,45.09,44.78,45.0,6288,28263986.0,0.23,0.513736877373241
2021-12-28,15:00,sh600612,老凤祥,45.09,45.36,45.05,45.3,7374,33397302.0,0.3,0.6666666666666667
2021-12-29,15:00,sh600612,老凤祥,45.49,45.65,45.27,45.35,7352,33405036.0,0.05,0.1103752759381898
2021-12-30,15:00,sh600612,老凤祥,45.35,45.55,45.15,45.47,5760,26133046.0,0.12,0.2646085997794928
2021-12-31,15:00,sh600612,老凤祥,45.55,45.96,45.42,45.85,13399,61316564.0,0.38,0.8357158566087531
