日期,时间,代码,名称,开盘,最高,最低,收盘,总手,金额,涨幅,涨幅比
2015-01-05,15:00,sh600690,海尔智家,18.86,20.25,18.71,19.99,910665,1799932160,1.43,7.704741379310345
2015-01-06,15:00,sh600690,海尔智家,19.78,21.3,19.6,20.35,704043,1441701120,0.36,1.8009004502251125
2015-01-07,15:00,sh600690,海尔智家,20.34,20.34,19.78,20.0,375932,750748416,-0.35,-1.71990171990172
2015-01-08,15:00,sh600690,海尔智家,20.0,20.25,19.51,19.84,316442,629245824,-0.16,-0.8
2015-01-09,15:00,sh600690,海尔智家,19.87,20.38,19.5,19.6,392841,788852928,-0.24,-1.2096774193548387
2015-01-12,15:00,sh600690,海尔智家,19.78,20.69,19.65,20.4,509777,1033325952,0.8,4.081632653061225
2015-01-13,15:00,sh600690,海尔智家,20.5,21.28,20.38,20.97,458457,958256576,0.57,2.794117647058824
2015-01-14,15:00,sh600690,海尔智家,21.18,21.22,20.5,20.95,375877,785052096,-0.02,-0.0953743443013829
2015-01-15,15:00,sh600690,海尔智家,20.8,21.08,20.3,20.98,232692,483530560,0.03,0.1431980906921241
2015-01-16,15:00,sh600690,海尔智家,20.76,21.43,20.59,21.24,297048,625278144,0.26,1.2392755004766445
2015-01-19,15:00,sh600690,海尔智家,20.35,20.85,19.12,19.38,550129,1103529984,-1.86,-8.757062146892656
2015-01-20,15:00,sh600690,海尔智家,19.55,20.35,19.52,20.3,343491,688662912,0.92,4.747162022703819
2015-01-21,15:00,sh600690,海尔智家,20.45,20.69,20.12,20.62,310839,636136128,0.32,1.5763546798029555
2015-01-22,15:00,sh600690,海尔智家,20.52,20.85,20.11,20.4,253437,517062912,-0.22,-1.066925315227934
2015-01-23,15:00,sh600690,海尔智家,20.39,20.6,20.02,20.18,241323,488110464,-0.22,-1.0784313725490196
2015-01-26,15:00,sh600690,海尔智家,20.22,20.51,20.04,20.5,214316,434563200,0.32,1.5857284440039645
2015-01-27,15:00,sh600690,海尔智家,20.5,20.69,19.96,20.55,247141,503705664,0.05,0.2439024390243902
2015-01-28,15:00,sh600690,海尔智家,20.41,20.45,20.06,20.13,174789,353129408,-0.42,-2.0437956204379564
2015-01-29,15:00,sh600690,海尔智家,19.92,20.05,19.7,19.79,165991,330005952,-0.34,-1.689021361152509
2015-01-30,15:00,sh600690,海尔智家,19.9,20.35,19.85,19.95,261200,525048288,0.16,0.808489135927236
2015-02-02,15:00,sh600690,海尔智家,19.58,20.11,19.46,19.68,172846,341923552,-0.27,-1.3533834586466165
2015-02-03,15:00,sh600690,海尔智家,19.99,20.15,19.7,20.03,162119,323771968,0.35,1.7784552845528454
2015-02-04,15:00,sh600690,海尔智家,20.15,20.6,20.01,20.34,259011,525582912,0.31,1.547678482276585
2015-02-05,15:00,sh600690,海尔智家,20.66,20.68,19.76,19.79,233379,474067712,-0.55,-2.704031465093412
2015-02-06,15:00,sh600690,海尔智家,19.73,19.98,19.11,19.15,180357,352523840,-0.64,-3.233956543708944
2015-02-09,15:00,sh600690,海尔智家,19.33,19.39,18.63,19.05,236404,449167168,-0.1,-0.5221932114882507
2015-02-10,15:00,sh600690,海尔智家,19.23,19.89,19.05,19.82,160880,315092448,0.77,4.041994750656168
2015-02-11,15:00,sh600690,海尔智家,19.82,20.58,19.75,20.12,202804,411077184,0.3,1.513622603430878
2015-02-12,15:00,sh600690,海尔智家,20.3,20.42,19.96,20.14,199183,401854144,0.02,0.099403578528827
2015-02-13,15:00,sh600690,海尔智家,20.33,20.43,20.05,20.15,183909,371996448,0.01,0.0496524329692154
2015-02-16,15:00,sh600690,海尔智家,20.18,20.38,20.01,20.36,292926,592299136,0.21,1.0421836228287842
2015-02-17,15:00,sh600690,海尔智家,20.44,21.0,20.36,20.56,268061,553568768,0.2,0.9823182711198428
2015-02-25,15:00,sh600690,海尔智家,20.56,20.68,20.23,20.48,245641,503145792,-0.08,-0.3891050583657587
2015-02-26,15:00,sh600690,海尔智家,20.48,20.48,20.07,20.44,215400,436075872,-0.04,-0.1953125
2015-02-27,15:00,sh600690,海尔智家,20.4,20.51,20.18,20.44,170800,347795584,0.0,0.0
2015-03-02,15:00,sh600690,海尔智家,20.45,20.76,20.32,20.54,287729,591884544,0.1,0.4892367906066536
2015-03-03,15:00,sh600690,海尔智家,20.46,20.68,20.05,20.1,287091,582590080,-0.44,-2.142161635832522
2015-03-04,15:00,sh600690,海尔智家,20.22,20.51,20.08,20.3,260958,528904288,0.2,0.9950248756218906
2015-03-05,15:00,sh600690,海尔智家,20.17,20.17,19.64,19.83,257996,511728640,-0.47,-2.315270935960591
2015-03-06,15:00,sh600690,海尔智家,19.95,20.0,19.22,19.36,307989,604051520,-0.47,-2.3701462430660616
2015-03-09,15:00,sh600690,海尔智家,19.2,19.85,19.08,19.68,351282,687773888,0.32,1.6528925619834711
2015-03-10,15:00,sh600690,海尔智家,19.66,20.43,19.5,20.03,308234,618355584,0.35,1.7784552845528454
2015-03-11,15:00,sh600690,海尔智家,20.3,22.03,20.3,22.03,587526,1275606400,2.0,9.98502246630055
2015-03-12,15:00,sh600690,海尔智家,22.69,22.89,21.83,22.34,891092,1987586944,0.31,1.407172038129823
2015-03-13,15:00,sh600690,海尔智家,22.3,23.88,22.3,22.8,540384,1244392704,0.46,2.0590868397493285
2015-03-16,15:00,sh600690,海尔智家,23.05,23.5,22.7,23.22,391680,907503040,0.42,1.8421052631578945
2015-03-17,15:00,sh600690,海尔智家,23.1,23.71,22.9,23.31,476484,1109991680,0.09,0.3875968992248062
2015-03-18,15:00,sh600690,海尔智家,23.35,24.09,22.99,23.9,513327,1205640576,0.59,2.531102531102531
2015-03-19,15:00,sh600690,海尔智家,23.9,23.9,22.88,23.18,534529,1242005632,-0.72,-3.01255230125523
2015-03-20,15:00,sh600690,海尔智家,23.17,23.21,22.74,22.99,400152,917337280,-0.19,-0.819672131147541
2015-03-23,15:00,sh600690,海尔智家,22.99,23.61,22.99,23.29,406072,946883392,0.3,1.3049151805132666
2015-03-24,15:00,sh600690,海尔智家,23.5,24.0,22.7,23.99,589336,1376623744,0.7,3.0055817947617003
2015-03-25,15:00,sh600690,海尔智家,23.79,24.86,23.46,24.53,680386,1655682048,0.54,2.2509378907878284
2015-03-26,15:00,sh600690,海尔智家,24.4,24.41,23.46,23.59,433526,1034455360,-0.94,-3.8320423970648183
2015-03-27,15:00,sh600690,海尔智家,23.6,23.83,23.32,23.76,246034,580036672,0.17,0.7206443408223824
2015-03-30,15:00,sh600690,海尔智家,24.1,24.75,23.88,24.48,377667,917209408,0.72,3.0303030303030303
2015-03-31,15:00,sh600690,海尔智家,26.79,26.8,25.51,25.84,821542,2142298112,1.36,5.555555555555555
2015-04-01,15:00,sh600690,海尔智家,25.68,26.29,25.68,26.02,464193,1206436224,0.18,0.696594427244582
2015-04-02,15:00,sh600690,海尔智家,26.15,27.99,25.86,27.79,655366,1761758208,1.77,6.8024596464258265
2015-04-03,15:00,sh600690,海尔智家,27.5,28.25,27.02,27.68,737448,2024289280,-0.11,-0.395825836631882
2015-04-07,15:00,sh600690,海尔智家,27.55,27.85,27.11,27.37,841824,2307097856,-0.31,-1.119942196531792
2015-04-08,15:00,sh600690,海尔智家,27.5,27.55,26.47,26.72,824055,2217467136,-0.65,-2.3748629886737302
2015-04-09,15:00,sh600690,海尔智家,26.79,26.84,25.6,26.05,619986,1614979072,-0.67,-2.50748502994012
2015-04-10,15:00,sh600690,海尔智家,26.5,27.35,26.3,27.29,686086,1856952448,1.24,4.760076775431862
2015-04-13,15:00,sh600690,海尔智家,27.38,27.46,26.77,26.97,708402,1917668608,-0.32,-1.1725906925613778
2015-04-14,15:00,sh600690,海尔智家,26.97,26.97,26.31,26.45,506136,1341977600,-0.52,-1.92806822395254
2015-04-15,15:00,sh600690,海尔智家,26.49,26.9,25.9,25.93,469484,1236129408,-0.52,-1.9659735349716445
2015-04-16,15:00,sh600690,海尔智家,25.9,27.08,25.69,26.81,544890,1442129792,0.88,3.393752410335519
2015-04-17,15:00,sh600690,海尔智家,27.1,27.7,26.85,27.44,848778,2319383296,0.63,2.349869451697128
2015-04-20,15:00,sh600690,海尔智家,27.35,27.57,26.43,26.5,633893,1705972864,-0.94,-3.425655976676385
2015-04-21,15:00,sh600690,海尔智家,26.8,28.81,26.4,28.75,964584,2668701952,2.25,8.49056603773585
2015-04-22,15:00,sh600690,海尔智家,28.8,29.14,28.3,28.97,809400,2321668352,0.22,0.7652173913043478
2015-04-23,15:00,sh600690,海尔智家,29.0,29.1,28.01,28.32,610940,1736340096,-0.65,-2.243700379703141
2015-04-24,15:00,sh600690,海尔智家,27.7,28.55,27.46,27.69,567118,1577727488,-0.63,-2.2245762711864407
2015-04-27,15:00,sh600690,海尔智家,27.92,28.45,27.55,27.97,482054,1346146560,0.28,1.0111953773925604
2015-04-28,15:00,sh600690,海尔智家,28.05,28.98,27.27,27.57,783308,2211003392,-0.4,-1.4301036825169824
2015-04-29,15:00,sh600690,海尔智家,27.61,28.19,27.3,27.78,449476,1249056256,0.21,0.7616974972796519
2015-04-30,15:00,sh600690,海尔智家,27.9,27.98,27.07,27.11,639288,1750133120,-0.67,-2.411807055435565
2015-05-04,15:00,sh600690,海尔智家,27.25,27.25,26.51,26.88,485996,1298904192,-0.23,-0.8483954260420509
2015-05-05,15:00,sh600690,海尔智家,26.6,26.83,25.67,25.69,475075,1244667776,-1.19,-4.427083333333334
2015-05-06,15:00,sh600690,海尔智家,25.91,26.32,25.33,25.59,386067,1001103168,-0.1,-0.3892565200467108
2015-05-07,15:00,sh600690,海尔智家,25.75,26.05,25.58,25.74,295956,763711552,0.15,0.5861664712778429
2015-05-08,15:00,sh600690,海尔智家,26.1,26.58,25.9,26.55,389187,1023517376,0.81,3.146853146853147
2015-05-11,15:00,sh600690,海尔智家,26.8,26.99,26.2,26.98,580635,1541901696,0.43,1.6195856873822974
2015-05-12,15:00,sh600690,海尔智家,26.98,27.0,26.53,26.72,479864,1282391296,-0.26,-0.9636767976278724
2015-05-13,15:00,sh600690,海尔智家,26.72,27.48,26.51,27.06,589146,1594622208,0.34,1.2724550898203593
2015-05-14,15:00,sh600690,海尔智家,27.05,27.09,26.67,26.81,323022,867179648,-0.25,-0.9238728750923874
2015-05-15,15:00,sh600690,海尔智家,26.72,26.73,25.8,25.9,370280,965897344,-0.91,-3.3942558746736298
2015-05-18,15:00,sh600690,海尔智家,25.8,26.25,25.52,25.83,302363,781708672,-0.07,-0.2702702702702703
2015-05-19,15:00,sh600690,海尔智家,26.11,26.97,25.85,26.81,455717,1212645248,0.98,3.794037940379404
2015-05-20,15:00,sh600690,海尔智家,26.98,28.26,26.97,27.58,816075,2265066496,0.77,2.8720626631853787
2015-05-21,15:00,sh600690,海尔智家,27.61,29.68,27.61,29.16,812946,2345284096,1.58,5.728788977519942
2015-05-22,15:00,sh600690,海尔智家,29.32,30.6,29.32,29.98,769566,2311320064,0.82,2.8120713305898493
2015-05-26,15:00,sh600690,海尔智家,32.0,32.98,31.18,31.43,991843,3171871232,1.45,4.836557705136758
2015-05-27,15:00,sh600690,海尔智家,31.81,31.88,30.63,30.97,692060,2149208064,-0.46,-1.4635698377346484
2015-05-28,15:00,sh600690,海尔智家,30.95,31.35,29.0,29.1,813506,2482258944,-1.87,-6.038101388440427
2015-05-29,15:00,sh600690,海尔智家,29.08,29.55,27.51,29.35,710562,2044521472,0.25,0.859106529209622
2015-06-01,15:00,sh600690,海尔智家,29.44,30.91,28.78,30.79,679747,2044972544,1.44,4.9063032367972745
2015-06-02,15:00,sh600690,海尔智家,30.8,31.03,30.17,30.92,585020,1792199040,0.13,0.4222150048717116
2015-06-03,15:00,sh600690,海尔智家,30.92,32.2,30.51,31.92,656783,2076241536,1.0,3.2341526520051747
2015-06-04,15:00,sh600690,海尔智家,32.25,32.29,28.98,31.53,623498,1931404544,-0.39,-1.2218045112781954
2015-06-05,15:00,sh600690,海尔智家,32.15,32.46,31.0,31.81,726262,2312679680,0.28,0.8880431335236283
2015-06-08,15:00,sh600690,海尔智家,32.0,32.32,31.3,32.15,682595,2176076800,0.34,1.0688462747563658
2015-06-09,15:00,sh600690,海尔智家,32.44,32.97,31.61,32.2,703854,2279483648,0.05,0.1555209953343701
2015-06-10,15:00,sh600690,海尔智家,31.5,32.7,31.23,32.19,555307,1782063872,-0.01,-0.031055900621118
2015-06-11,15:00,sh600690,海尔智家,32.2,32.2,31.47,31.69,483957,1533676416,-0.5,-1.5532774153463809
2015-06-12,15:00,sh600690,海尔智家,31.65,31.98,31.01,31.22,647049,2027701632,-0.47,-1.4831177027453455
2015-06-15,15:00,sh600690,海尔智家,31.32,31.58,30.33,30.59,539457,1661889280,-0.63,-2.0179372197309418
2015-06-16,15:00,sh600690,海尔智家,30.3,30.94,29.61,29.82,488146,1480779904,-0.77,-2.517162471395881
2015-06-17,15:00,sh600690,海尔智家,29.82,30.21,29.3,30.19,425927,1270336512,0.37,1.2407780013413816
2015-06-18,15:00,sh600690,海尔智家,30.0,30.15,28.58,28.6,415301,1226347904,-1.59,-5.266644584299437
2015-06-19,15:00,sh600690,海尔智家,28.56,28.88,27.0,27.02,451894,1270779776,-1.58,-5.524475524475524
2015-06-23,15:00,sh600690,海尔智家,27.32,29.65,27.03,29.61,748967,2123279488,2.59,9.585492227979271
2015-06-24,15:00,sh600690,海尔智家,29.7,30.92,29.07,30.53,695783,2083733120,0.92,3.1070584262073626
2015-06-25,15:00,sh600690,海尔智家,30.49,30.94,28.53,29.22,606161,1828936192,-1.31,-4.2908614477563045
2015-06-26,15:00,sh600690,海尔智家,28.82,29.15,26.3,27.19,723668,2003700864,-2.03,-6.947296372347707
2015-06-29,15:00,sh600690,海尔智家,28.03,28.8,24.8,27.84,989855,2722896896,0.65,2.3905847738139023
2015-06-30,15:00,sh600690,海尔智家,27.47,30.45,27.05,30.33,893304,2587583232,2.49,8.943965517241379
2015-07-01,15:00,sh600690,海尔智家,30.0,30.48,28.24,28.31,639135,1893109248,-2.02,-6.660072535443455
2015-07-02,15:00,sh600690,海尔智家,28.81,28.99,25.63,26.31,723330,1970139776,-2.0,-7.0646414694454265
2015-07-03,15:00,sh600690,海尔智家,25.79,27.11,24.0,25.22,627492,1585855872,-1.09,-4.142911440516913
2015-07-06,15:00,sh600690,海尔智家,27.74,27.74,25.45,26.73,1036651,2775080448,1.51,5.98731165741475
2015-07-07,15:00,sh600690,海尔智家,26.4,26.65,24.53,25.39,898892,2295974144,-1.34,-5.013093901982791
2015-07-08,15:00,sh600690,海尔智家,23.0,25.39,22.85,24.53,1390159,3333961472,-0.86,-3.387160299330445
2015-07-09,15:00,sh600690,海尔智家,24.53,26.98,23.57,26.98,652727,1691084416,2.45,9.987770077456176
2015-07-10,15:00,sh600690,海尔智家,27.63,29.68,27.01,29.68,801102,2339662336,2.7,10.007412898443292
2015-07-13,15:00,sh600690,海尔智家,30.0,31.59,29.2,31.26,1060796,3227237376,1.58,5.323450134770889
2015-07-14,15:00,sh600690,海尔智家,30.55,31.01,28.91,29.26,815083,2439246592,-2.0,-6.397952655150352
2015-07-15,15:00,sh600690,海尔智家,28.96,29.0,26.9,28.95,595681,1681479296,-0.31,-1.0594668489405332
2015-07-16,15:00,sh600690,海尔智家,13.71,14.57,13.36,13.93,388356,547128896,-15.02,-51.88255613126079
2015-07-17,15:00,sh600690,海尔智家,13.93,14.47,13.55,14.21,1243982,1745340672,0.28,2.010050251256281
2015-07-20,15:00,sh600690,海尔智家,14.0,14.05,13.5,13.66,986845,1361119104,-0.55,-3.870513722730472
2015-07-21,15:00,sh600690,海尔智家,13.52,13.53,13.12,13.18,1059732,1407992320,-0.48,-3.513909224011713
2015-07-22,15:00,sh600690,海尔智家,13.1,13.5,12.94,13.15,830852,1096087424,-0.03,-0.2276176024279211
2015-07-23,15:00,sh600690,海尔智家,13.15,13.38,13.12,13.29,860580,1141033088,0.14,1.064638783269962
2015-07-24,15:00,sh600690,海尔智家,13.31,13.35,12.81,12.91,967158,1265770112,-0.38,-2.8592927012791574
2015-07-27,15:00,sh600690,海尔智家,12.68,12.8,11.62,11.62,944490,1155499008,-1.29,-9.992254066615027
2015-07-28,15:00,sh600690,海尔智家,11.34,11.65,10.48,11.27,1083365,1207079424,-0.35,-3.0120481927710845
2015-07-29,15:00,sh600690,海尔智家,11.49,11.76,11.15,11.71,596816,678686336,0.44,3.904170363797693
2015-07-30,15:00,sh600690,海尔智家,11.68,11.68,10.91,11.0,652564,742556160,-0.71,-6.063193851409053
2015-07-31,15:00,sh600690,海尔智家,10.9,11.2,10.78,11.18,490171,538413952,0.18,1.6363636363636365
2015-08-03,15:00,sh600690,海尔智家,11.03,11.38,10.96,11.34,508810,565718720,0.16,1.4311270125223614
2015-08-04,15:00,sh600690,海尔智家,11.34,11.76,11.27,11.74,595946,685446784,0.4,3.527336860670194
2015-08-05,15:00,sh600690,海尔智家,11.65,11.69,11.3,11.34,432473,497457568,-0.4,-3.4071550255536627
2015-08-06,15:00,sh600690,海尔智家,11.04,11.3,10.98,11.13,290130,323675424,-0.21,-1.851851851851852
2015-08-07,15:00,sh600690,海尔智家,11.3,11.53,11.2,11.35,462973,526083776,0.22,1.976639712488769
2015-08-10,15:00,sh600690,海尔智家,11.87,12.22,11.66,12.08,895590,1063761856,0.73,6.431718061674009
2015-08-11,15:00,sh600690,海尔智家,12.07,12.62,11.91,12.3,752198,929881920,0.22,1.8211920529801324
2015-08-12,15:00,sh600690,海尔智家,12.19,12.45,12.04,12.05,427280,521961856,-0.25,-2.032520325203252
2015-08-13,15:00,sh600690,海尔智家,12.49,12.49,12.08,12.31,742273,913363712,0.26,2.1576763485477177
2015-08-14,15:00,sh600690,海尔智家,12.3,12.39,12.17,12.21,584237,715697856,-0.1,-0.8123476848090982
2015-08-17,15:00,sh600690,海尔智家,12.22,12.22,11.87,12.01,776110,928037632,-0.2,-1.638001638001638
2015-08-18,15:00,sh600690,海尔智家,12.01,12.25,11.1,11.37,861947,1024315200,-0.64,-5.328892589508743
2015-08-19,15:00,sh600690,海尔智家,11.12,11.66,10.7,11.51,753163,845140672,0.14,1.2313104661389622
2015-08-20,15:00,sh600690,海尔智家,11.84,12.18,11.41,11.53,926115,1095977216,0.02,0.1737619461337967
2015-08-21,15:00,sh600690,海尔智家,11.2,11.38,10.52,10.63,868882,945357440,-0.9,-7.805724197745014
2015-08-24,15:00,sh600690,海尔智家,10.05,10.24,9.57,9.57,962438,929653632,-1.06,-9.971777986829728
2015-08-25,15:00,sh600690,海尔智家,8.83,9.46,8.61,8.61,1198293,1061864704,-0.96,-10.031347962382444
2015-08-26,15:00,sh600690,海尔智家,8.76,9.22,8.37,8.81,1042517,921619392,0.2,2.3228803716608595
2015-08-27,15:00,sh600690,海尔智家,9.02,9.5,8.8,9.47,897360,814442752,0.66,7.491486946651532
2015-08-28,15:00,sh600690,海尔智家,9.56,9.97,9.36,9.82,871366,837248640,0.35,3.695881731784583
2015-08-31,15:00,sh600690,海尔智家,9.67,10.1,9.11,10.04,978993,929871552,0.22,2.240325865580448
2015-09-01,15:00,sh600690,海尔智家,9.72,10.13,9.31,10.11,1067751,1052284800,0.07,0.697211155378486
2015-09-02,15:00,sh600690,海尔智家,9.65,10.47,9.58,10.35,1273170,1299173120,0.24,2.373887240356084
2015-09-07,15:00,sh600690,海尔智家,10.29,10.48,9.66,9.77,879904,886534208,-0.58,-5.603864734299517
2015-09-08,15:00,sh600690,海尔智家,9.7,9.96,9.39,9.89,391044,379015616,0.12,1.2282497441146365
2015-09-09,15:00,sh600690,海尔智家,9.98,10.14,9.81,10.02,528445,528208960,0.13,1.314459049544995
2015-09-10,15:00,sh600690,海尔智家,9.84,10.1,9.77,9.93,344696,341400928,-0.09,-0.8982035928143712
2015-09-11,15:00,sh600690,海尔智家,9.85,9.97,9.7,9.78,239994,235944064,-0.15,-1.5105740181268883
2015-09-14,15:00,sh600690,海尔智家,9.88,9.95,9.28,9.92,648755,626314688,0.14,1.4314928425357871
2015-09-15,15:00,sh600690,海尔智家,9.65,9.79,9.41,9.66,394312,379837600,-0.26,-2.620967741935484
2015-09-16,15:00,sh600690,海尔智家,9.65,10.49,9.53,10.18,442269,440792480,0.52,5.383022774327122
2015-09-17,15:00,sh600690,海尔智家,10.18,10.18,9.75,9.76,439638,439617536,-0.42,-4.12573673870334
2015-09-18,15:00,sh600690,海尔智家,9.91,10.02,9.7,9.88,285503,281781504,0.12,1.2295081967213115
2015-09-21,15:00,sh600690,海尔智家,9.85,9.98,9.77,9.95,306700,303821632,0.07,0.708502024291498
2015-09-22,15:00,sh600690,海尔智家,9.99,10.04,9.91,9.97,368693,367697056,0.02,0.2010050251256281
2015-09-23,15:00,sh600690,海尔智家,9.82,9.85,9.61,9.64,341443,332119136,-0.33,-3.309929789368105
2015-09-24,15:00,sh600690,海尔智家,9.74,9.77,9.6,9.69,292244,282374368,0.05,0.5186721991701244
2015-09-25,15:00,sh600690,海尔智家,9.62,9.68,9.26,9.43,352102,331810848,-0.26,-2.683178534571723
2015-09-28,15:00,sh600690,海尔智家,9.43,9.44,9.22,9.37,199391,185740832,-0.06,-0.6362672322375398
2015-09-29,15:00,sh600690,海尔智家,9.21,9.23,9.01,9.03,241104,219485120,-0.34,-3.628601921024546
2015-09-30,15:00,sh600690,海尔智家,9.05,9.14,9.03,9.06,195162,177306976,0.03,0.3322259136212624
2015-10-08,15:00,sh600690,海尔智家,9.45,9.53,9.31,9.34,376788,353163392,0.28,3.090507726269316
2015-10-09,15:00,sh600690,海尔智家,9.31,9.45,9.2,9.37,365250,341402912,0.03,0.3211991434689507
2015-10-12,15:00,sh600690,海尔智家,9.42,9.79,9.38,9.72,527740,508466464,0.35,3.735325506937033
2015-10-13,15:00,sh600690,海尔智家,9.7,9.75,9.62,9.72,440334,426483104,0.0,0.0
2015-10-14,15:00,sh600690,海尔智家,9.69,9.7,9.53,9.56,330458,317845216,-0.16,-1.646090534979424
2015-10-15,15:00,sh600690,海尔智家,9.51,9.8,9.5,9.78,424120,410535744,0.22,2.301255230125523
2015-10-16,15:00,sh600690,海尔智家,9.85,10.1,9.75,9.92,592893,587501696,0.14,1.4314928425357871
2016-02-01,15:00,sh600690,海尔智家,8.93,9.38,8.93,8.93,405674,362911776,-0.99,-9.979838709677418
2016-02-02,15:00,sh600690,海尔智家,8.18,8.8,8.18,8.51,1046399,888538496,-0.42,-4.703247480403135
2016-02-03,15:00,sh600690,海尔智家,8.28,8.45,8.15,8.27,580667,480591776,-0.24,-2.82021151586369
2016-02-04,15:00,sh600690,海尔智家,8.31,8.6,8.3,8.4,435835,367487040,0.13,1.5719467956469164
2016-02-05,15:00,sh600690,海尔智家,8.48,8.49,8.25,8.28,269143,224471600,-0.12,-1.4285714285714286
2016-02-15,15:00,sh600690,海尔智家,8.0,8.19,7.92,8.11,246249,198665040,-0.17,-2.0531400966183577
2016-02-16,15:00,sh600690,海尔智家,8.16,8.44,8.13,8.41,335974,279971808,0.3,3.699136868064119
2016-02-17,15:00,sh600690,海尔智家,8.4,8.57,8.33,8.47,318817,268879744,0.06,0.713436385255648
2016-02-18,15:00,sh600690,海尔智家,8.55,8.58,8.39,8.4,340014,288312832,-0.07,-0.8264462809917356
2016-02-19,15:00,sh600690,海尔智家,8.38,8.42,8.27,8.33,318834,265606224,-0.07,-0.8333333333333334
2016-02-22,15:00,sh600690,海尔智家,8.43,8.53,8.38,8.52,414988,351395296,0.19,2.2809123649459786
2016-02-23,15:00,sh600690,海尔智家,8.5,8.53,8.31,8.4,245909,206927696,-0.12,-1.4084507042253522
2016-02-24,15:00,sh600690,海尔智家,8.38,8.44,8.18,8.35,351063,291362528,-0.05,-0.5952380952380952
2016-02-25,15:00,sh600690,海尔智家,8.34,8.34,7.62,7.78,551813,442140800,-0.57,-6.826347305389222
2016-02-26,15:00,sh600690,海尔智家,7.9,7.95,7.55,7.79,282295,219290656,0.01,0.1285347043701799
2016-02-29,15:00,sh600690,海尔智家,7.8,7.8,7.24,7.48,406899,301908512,-0.31,-3.979460847240052
2016-03-01,15:00,sh600690,海尔智家,7.48,8.23,7.4,8.23,590286,465252704,0.75,10.02673796791444
2016-03-02,15:00,sh600690,海尔智家,8.23,8.63,8.17,8.59,795748,670732608,0.36,4.374240583232078
2016-03-03,15:00,sh600690,海尔智家,8.5,8.63,8.43,8.56,501532,426918720,-0.03,-0.3492433061699651
2016-03-04,15:00,sh600690,海尔智家,8.55,8.8,8.39,8.7,620430,534945088,0.14,1.6355140186915886
2016-03-07,15:00,sh600690,海尔智家,8.7,8.84,8.49,8.59,409773,352967008,-0.11,-1.264367816091954
2016-03-08,15:00,sh600690,海尔智家,8.58,8.59,8.18,8.57,315962,263866224,-0.02,-0.2328288707799767
2016-03-09,15:00,sh600690,海尔智家,8.4,8.59,8.26,8.58,228119,192086384,0.01,0.116686114352392
2016-03-10,15:00,sh600690,海尔智家,8.42,8.57,8.29,8.32,172220,145330112,-0.26,-3.0303030303030303
2016-03-11,15:00,sh600690,海尔智家,8.25,8.34,8.2,8.27,122006,100775664,-0.05,-0.6009615384615385
2016-03-14,15:00,sh600690,海尔智家,8.36,8.62,8.32,8.47,224178,190650144,0.2,2.418379685610641
2016-03-15,15:00,sh600690,海尔智家,8.5,8.53,8.38,8.5,157668,133503496,0.03,0.3541912632821724
2016-03-16,15:00,sh600690,海尔智家,8.5,8.75,8.5,8.64,389923,337517216,0.14,1.647058823529412
2016-03-17,15:00,sh600690,海尔智家,8.64,8.72,8.56,8.67,255311,221115072,0.03,0.3472222222222222
2016-03-18,15:00,sh600690,海尔智家,8.69,8.88,8.69,8.77,406771,357718304,0.1,1.1534025374855823
2016-03-21,15:00,sh600690,海尔智家,8.84,8.97,8.78,8.92,390274,345882464,0.15,1.7103762827822122
2016-03-22,15:00,sh600690,海尔智家,8.87,8.88,8.8,8.81,208350,183987568,-0.11,-1.2331838565022422
2016-03-23,15:00,sh600690,海尔智家,8.79,8.89,8.73,8.79,159597,140551312,-0.02,-0.2270147559591373
2016-03-24,15:00,sh600690,海尔智家,8.73,8.73,8.53,8.54,247754,213525424,-0.25,-2.844141069397042
2016-03-25,15:00,sh600690,海尔智家,8.54,8.58,8.4,8.5,239025,202612992,-0.04,-0.468384074941452
2016-03-28,15:00,sh600690,海尔智家,8.5,8.62,8.42,8.47,180637,154216208,-0.03,-0.3529411764705882
2016-03-29,15:00,sh600690,海尔智家,8.47,8.49,8.32,8.37,182073,152896736,-0.1,-1.180637544273908
2016-03-30,15:00,sh600690,海尔智家,8.41,8.54,8.4,8.53,261114,221410848,0.16,1.911589008363202
2016-03-31,15:00,sh600690,海尔智家,8.56,8.57,8.45,8.47,234645,199317600,-0.06,-0.7033997655334115
2016-04-01,15:00,sh600690,海尔智家,8.47,8.56,8.37,8.55,198181,168132816,0.08,0.9445100354191264
2016-04-05,15:00,sh600690,海尔智家,8.55,8.68,8.38,8.59,503862,430137408,0.04,0.4678362573099415
2016-04-06,15:00,sh600690,海尔智家,8.52,8.6,8.5,8.55,270539,231003040,-0.04,-0.4656577415599534
2016-04-07,15:00,sh600690,海尔智家,8.58,8.59,8.45,8.47,215749,183756656,-0.08,-0.9356725146198832
2016-04-08,15:00,sh600690,海尔智家,8.41,8.42,8.24,8.31,239454,199644400,-0.16,-1.8890200708382523
2016-04-11,15:00,sh600690,海尔智家,8.33,8.51,8.33,8.44,188560,159201456,0.13,1.5643802647412757
2016-04-12,15:00,sh600690,海尔智家,8.4,8.49,8.33,8.38,148142,124211856,-0.06,-0.7109004739336493
2016-04-13,15:00,sh600690,海尔智家,8.41,8.52,8.39,8.41,475637,402533248,0.03,0.3579952267303102
2016-04-14,15:00,sh600690,海尔智家,8.45,8.46,8.38,8.44,204792,172359872,0.03,0.356718192627824
2016-04-15,15:00,sh600690,海尔智家,8.46,8.46,8.38,8.41,207749,174422256,-0.03,-0.3554502369668246
2016-04-18,15:00,sh600690,海尔智家,8.35,8.38,8.28,8.29,201013,167358224,-0.12,-1.426872770511296
2016-04-19,15:00,sh600690,海尔智家,8.3,8.35,8.27,8.33,113558,94372136,0.04,0.482509047044632
2016-04-20,15:00,sh600690,海尔智家,8.34,8.35,7.83,8.11,353439,285922784,-0.22,-2.641056422569028
2016-04-21,15:00,sh600690,海尔智家,8.08,8.1,7.98,7.99,196085,157549280,-0.12,-1.4796547472256474
2016-04-22,15:00,sh600690,海尔智家,7.97,8.06,7.94,8.0,170390,136383568,0.01,0.1251564455569462
2016-04-25,15:00,sh600690,海尔智家,8.0,8.02,7.9,7.96,158239,125965840,-0.04,-0.5
2016-04-26,15:00,sh600690,海尔智家,7.99,7.99,7.85,7.91,214280,169531728,-0.05,-0.628140703517588
2016-04-27,15:00,sh600690,海尔智家,7.92,7.94,7.87,7.89,196049,154915456,-0.02,-0.2528445006321113
2016-04-28,15:00,sh600690,海尔智家,7.89,8.0,7.85,8.0,225264,177972704,0.11,1.394169835234474
2016-04-29,15:00,sh600690,海尔智家,8.0,8.53,7.91,8.33,551855,459347328,0.33,4.125
2016-05-03,15:00,sh600690,海尔智家,8.34,8.85,8.28,8.71,991801,862189888,0.38,4.561824729891957
2016-05-04,15:00,sh600690,海尔智家,8.66,8.83,8.61,8.64,403013,350378112,-0.07,-0.8036739380022963
2016-05-05,15:00,sh600690,海尔智家,8.64,8.69,8.55,8.66,265260,228558624,0.02,0.2314814814814814
2016-05-06,15:00,sh600690,海尔智家,8.7,8.72,8.32,8.33,346230,293434176,-0.33,-3.810623556581986
2016-05-09,15:00,sh600690,海尔智家,8.3,8.38,8.08,8.25,329514,271678080,-0.08,-0.9603841536614646
2016-05-10,15:00,sh600690,海尔智家,8.25,8.83,8.17,8.66,865090,741211712,0.41,4.96969696969697
2016-05-11,15:00,sh600690,海尔智家,8.68,9.38,8.63,9.11,1347616,1220023808,0.45,5.196304849884527
2016-05-12,15:00,sh600690,海尔智家,9.04,9.39,8.82,9.07,903704,820744640,-0.04,-0.4390779363336992
2016-05-13,15:00,sh600690,海尔智家,9.0,9.08,8.86,8.98,679990,608722176,-0.09,-0.9922822491730982
2016-05-16,15:00,sh600690,海尔智家,8.9,9.08,8.8,9.07,597495,534661280,0.09,1.0022271714922049
2016-05-17,15:00,sh600690,海尔智家,9.08,9.08,8.82,8.83,423922,377140640,-0.24,-2.6460859977949283
2016-05-18,15:00,sh600690,海尔智家,8.82,8.93,8.65,8.88,442543,386796512,0.05,0.5662514156285391
2016-05-19,15:00,sh600690,海尔智家,8.84,9.05,8.81,8.84,347859,310579104,-0.04,-0.4504504504504504
2016-05-20,15:00,sh600690,海尔智家,8.74,9.15,8.74,9.14,553904,500503040,0.3,3.3936651583710407
2016-05-23,15:00,sh600690,海尔智家,9.14,9.16,9.01,9.1,319376,289932800,-0.04,-0.437636761487965
2016-05-24,15:00,sh600690,海尔智家,9.12,9.14,8.92,8.98,268877,242646512,-0.12,-1.3186813186813189
2016-05-25,15:00,sh600690,海尔智家,9.07,9.1,8.82,8.86,272021,243421792,-0.12,-1.33630289532294
2016-05-26,15:00,sh600690,海尔智家,8.85,8.92,8.66,8.89,272965,239817280,0.03,0.3386004514672686
2016-05-27,15:00,sh600690,海尔智家,8.85,9.02,8.79,8.96,257474,229795792,0.07,0.7874015748031495
2016-05-30,15:00,sh600690,海尔智家,8.92,8.94,8.76,8.77,258529,228659936,-0.19,-2.1205357142857144
2016-05-31,15:00,sh600690,海尔智家,8.77,9.3,8.76,9.15,617597,560848320,0.38,4.3329532497149374
2016-06-01,15:00,sh600690,海尔智家,9.16,9.3,9.1,9.12,415569,382074048,-0.03,-0.3278688524590163
2016-06-02,15:00,sh600690,海尔智家,9.08,9.3,9.06,9.3,423321,389270816,0.18,1.973684210526316
2016-06-03,15:00,sh600690,海尔智家,9.29,9.5,9.28,9.37,471566,443026112,0.07,0.7526881720430108
2016-06-06,15:00,sh600690,海尔智家,9.35,9.37,9.21,9.27,281972,261546864,-0.1,-1.0672358591248663
2016-06-07,15:00,sh600690,海尔智家,9.27,9.3,9.16,9.25,187843,173095472,-0.02,-0.2157497303128371
2016-06-08,15:00,sh600690,海尔智家,9.26,9.29,9.13,9.18,184864,169649536,-0.07,-0.7567567567567568
2016-06-13,15:00,sh600690,海尔智家,9.07,9.17,8.88,8.9,289228,262296768,-0.28,-3.0501089324618738
2016-06-14,15:00,sh600690,海尔智家,8.88,8.95,8.78,8.92,271131,240158192,0.02,0.2247191011235955
2016-06-15,15:00,sh600690,海尔智家,8.8,9.11,8.78,9.04,402734,361985888,0.12,1.345291479820628
2016-06-16,15:00,sh600690,海尔智家,9.01,9.02,8.82,8.88,244397,217808656,-0.16,-1.7699115044247788
2016-06-17,15:00,sh600690,海尔智家,8.9,9.17,8.87,8.91,331257,298417920,0.03,0.3378378378378378
2016-06-20,15:00,sh600690,海尔智家,8.91,9.0,8.79,8.9,198050,175855440,-0.01,-0.1122334455667789
2016-06-21,15:00,sh600690,海尔智家,8.93,8.97,8.8,8.82,278990,247589904,-0.08,-0.8988764044943821
2016-06-22,15:00,sh600690,海尔智家,8.8,8.88,8.75,8.88,168068,148365744,0.06,0.6802721088435374
2016-06-23,15:00,sh600690,海尔智家,8.87,8.87,8.75,8.8,186266,164006000,-0.08,-0.9009009009009008
2016-06-24,15:00,sh600690,海尔智家,8.78,8.83,8.51,8.63,370701,321674176,-0.17,-1.9318181818181817
2016-06-27,15:00,sh600690,海尔智家,8.56,8.83,8.52,8.8,208193,181782368,0.17,1.969872537659328
2016-06-28,15:00,sh600690,海尔智家,8.75,8.79,8.67,8.79,172935,150986848,-0.01,-0.1136363636363636
2016-06-29,15:00,sh600690,海尔智家,8.8,8.87,8.79,8.83,154817,136695936,0.04,0.4550625711035267
2016-06-30,15:00,sh600690,海尔智家,8.85,8.98,8.84,8.88,221121,197040176,0.05,0.5662514156285391
2016-07-01,15:00,sh600690,海尔智家,8.88,8.95,8.85,8.91,170894,152152176,0.03,0.3378378378378378
2016-07-04,15:00,sh600690,海尔智家,8.89,9.18,8.89,9.15,484152,440315808,0.24,2.6936026936026933
2016-07-05,15:00,sh600690,海尔智家,9.13,9.3,9.13,9.24,361427,333554272,0.09,0.9836065573770492
2016-07-06,15:00,sh600690,海尔智家,9.23,9.28,9.12,9.22,224430,206759440,-0.02,-0.2164502164502164
2016-07-07,15:00,sh600690,海尔智家,9.25,9.6,9.25,9.57,575241,543793856,0.35,3.7960954446854656
2016-07-08,15:00,sh600690,海尔智家,9.51,9.64,9.46,9.55,306096,292528576,-0.02,-0.2089864158829676
2016-07-11,15:00,sh600690,海尔智家,9.55,9.6,9.44,9.47,451665,429845536,-0.08,-0.8376963350785341
2016-07-12,15:00,sh600690,海尔智家,9.49,10.37,9.49,10.35,1028470,1029790272,0.88,9.292502639915522
2016-07-13,15:00,sh600690,海尔智家,10.3,10.37,10.11,10.22,480855,491741408,-0.13,-1.2560386473429952
2016-07-14,15:00,sh600690,海尔智家,10.18,10.22,9.94,10.11,346660,349040160,-0.11,-1.076320939334638
2016-07-15,15:00,sh600690,海尔智家,10.09,10.56,10.09,10.36,659602,684634560,0.25,2.472799208704253
2016-07-18,15:00,sh600690,海尔智家,10.25,10.68,10.13,10.37,466367,484436512,0.01,0.0965250965250965
2016-07-19,15:00,sh600690,海尔智家,10.3,10.41,10.01,10.1,355240,360809856,-0.27,-2.6036644165863065
2016-07-20,15:00,sh600690,海尔智家,10.15,10.35,10.11,10.2,220139,225420880,0.1,0.99009900990099
2016-07-21,15:00,sh600690,海尔智家,10.23,10.64,10.23,10.42,461738,482772096,0.22,2.156862745098039
2016-07-22,15:00,sh600690,海尔智家,10.38,10.58,10.25,10.33,301906,313436928,-0.09,-0.8637236084452975
2016-07-25,15:00,sh600690,海尔智家,10.33,10.39,10.16,10.26,283453,290535392,-0.07,-0.6776379477250726
2016-07-26,15:00,sh600690,海尔智家,10.13,10.4,10.0,10.35,355965,363444192,0.09,0.8771929824561403
2016-07-27,15:00,sh600690,海尔智家,10.33,10.42,9.92,10.3,549108,558364416,-0.05,-0.4830917874396135
2016-07-28,15:00,sh600690,海尔智家,10.27,10.84,10.13,10.72,652047,691515264,0.42,4.077669902912621
2016-07-29,15:00,sh600690,海尔智家,10.65,11.33,10.64,10.94,843802,927270848,0.22,2.0522388059701493
2016-08-01,15:00,sh600690,海尔智家,10.94,10.98,10.42,10.58,517225,552675904,-0.36,-3.290676416819013
2016-08-02,15:00,sh600690,海尔智家,10.6,10.67,10.34,10.55,335464,351010720,-0.03,-0.2835538752362949
2016-08-03,15:00,sh600690,海尔智家,10.52,10.67,10.46,10.61,257400,271952992,0.06,0.5687203791469194
2016-08-04,15:00,sh600690,海尔智家,10.57,10.6,10.33,10.41,272036,283532256,-0.2,-1.885014137606032
2016-08-05,15:00,sh600690,海尔智家,10.41,10.59,10.34,10.46,250327,262214272,0.05,0.4803073967339097
2016-08-08,15:00,sh600690,海尔智家,10.46,10.51,10.26,10.5,244347,254026736,0.04,0.3824091778202677
2016-08-09,15:00,sh600690,海尔智家,10.51,10.64,10.44,10.63,309211,326913792,0.13,1.238095238095238
2016-08-10,15:00,sh600690,海尔智家,10.59,10.7,10.37,10.46,275019,288658560,-0.17,-1.599247412982126
2016-08-11,15:00,sh600690,海尔智家,10.39,10.47,10.25,10.27,266038,274978304,-0.19,-1.816443594646272
2016-08-12,15:00,sh600690,海尔智家,10.3,10.45,10.14,10.39,302609,310877056,0.12,1.1684518013631937
2016-08-15,15:00,sh600690,海尔智家,10.36,10.79,10.33,10.64,486951,516576640,0.25,2.4061597690086622
2016-08-16,15:00,sh600690,海尔智家,10.62,10.74,10.51,10.53,434978,462143648,-0.11,-1.033834586466165
2016-08-17,15:00,sh600690,海尔智家,10.58,10.62,10.4,10.56,318708,334747104,0.03,0.2849002849002849
2016-08-18,15:00,sh600690,海尔智家,10.55,10.58,10.41,10.45,208521,218397776,-0.11,-1.0416666666666663
2016-08-19,15:00,sh600690,海尔智家,10.47,10.48,10.19,10.3,246462,254215648,-0.15,-1.4354066985645932
2016-08-22,15:00,sh600690,海尔智家,10.34,10.38,10.16,10.26,195133,200268144,-0.04,-0.3883495145631068
2016-08-23,15:00,sh600690,海尔智家,10.26,10.38,10.17,10.26,151903,156048160,0.0,0.0
2016-08-24,15:00,sh600690,海尔智家,10.29,10.31,10.2,10.25,89457,91752568,-0.01,-0.0974658869395711
2016-08-25,15:00,sh600690,海尔智家,10.2,10.23,10.1,10.21,143034,145519488,-0.04,-0.3902439024390244
2016-08-26,15:00,sh600690,海尔智家,10.2,10.33,10.19,10.23,138653,142462704,0.02,0.1958863858961802
2016-08-29,15:00,sh600690,海尔智家,10.22,10.36,10.16,10.19,127918,130794080,-0.04,-0.3910068426197458
2016-08-30,15:00,sh600690,海尔智家,10.18,10.32,10.18,10.31,152804,156988528,0.12,1.1776251226692835
2016-08-31,15:00,sh600690,海尔智家,10.4,10.53,10.35,10.48,334066,349173984,0.17,1.6488845780795345
2016-09-01,15:00,sh600690,海尔智家,10.49,10.55,10.29,10.35,200003,208713008,-0.13,-1.2404580152671756
2016-09-02,15:00,sh600690,海尔智家,10.46,10.74,10.4,10.72,522268,551883520,0.37,3.5748792270531404
2016-09-05,15:00,sh600690,海尔智家,10.72,10.8,10.56,10.6,333450,355963456,-0.12,-1.1194029850746268
2016-09-06,15:00,sh600690,海尔智家,10.65,10.75,10.55,10.68,284869,303653504,0.08,0.7547169811320755
2016-09-07,15:00,sh600690,海尔智家,10.71,10.74,10.48,10.52,295824,313241600,-0.16,-1.49812734082397
2016-09-08,15:00,sh600690,海尔智家,10.53,10.55,10.43,10.46,126292,132081936,-0.06,-0.5703422053231939
2016-09-09,15:00,sh600690,海尔智家,10.45,10.48,10.26,10.27,187953,194591680,-0.19,-1.816443594646272
2016-09-12,15:00,sh600690,海尔智家,10.13,10.24,9.92,10.22,403278,405081728,-0.05,-0.4868549172346641
2016-09-13,15:00,sh600690,海尔智家,10.15,10.21,10.11,10.19,126307,128282320,-0.03,-0.2935420743639921
2016-09-14,15:00,sh600690,海尔智家,10.16,10.17,9.98,10.05,146595,147436624,-0.14,-1.3738959764474974
2016-09-19,15:00,sh600690,海尔智家,10.05,10.88,10.03,10.64,444760,465167008,0.59,5.870646766169154
2016-09-20,15:00,sh600690,海尔智家,10.46,10.84,10.43,10.51,460732,488548576,-0.13,-1.2218045112781954
2016-09-21,15:00,sh600690,海尔智家,10.6,10.63,10.33,10.36,233553,243981424,-0.15,-1.4272121788772598
2016-09-22,15:00,sh600690,海尔智家,10.36,10.57,10.36,10.49,239904,251400288,0.13,1.2548262548262548
2016-09-23,15:00,sh600690,海尔智家,10.46,10.52,10.35,10.43,160804,167815856,-0.06,-0.5719733079122974
2016-09-26,15:00,sh600690,海尔智家,10.43,10.44,10.06,10.1,235307,239739616,-0.33,-3.1639501438159154
2016-09-27,15:00,sh600690,海尔智家,10.09,10.22,10.06,10.19,116406,117885368,0.09,0.891089108910891
2016-09-28,15:00,sh600690,海尔智家,10.2,10.2,10.09,10.1,100493,101716520,-0.09,-0.8832188420019628
2016-09-29,15:00,sh600690,海尔智家,10.09,10.17,10.08,10.1,100781,101947144,0.0,0.0
2016-09-30,15:00,sh600690,海尔智家,10.1,10.2,10.09,10.14,101825,103313984,0.04,0.396039603960396
2016-10-10,15:00,sh600690,海尔智家,10.18,10.38,10.14,10.35,205092,210789056,0.21,2.071005917159764
2016-10-11,15:00,sh600690,海尔智家,10.34,10.38,10.28,10.32,153272,158332880,-0.03,-0.2898550724637681
2016-10-12,15:00,sh600690,海尔智家,10.3,10.3,10.17,10.2,136781,139707344,-0.12,-1.162790697674419
2016-10-13,15:00,sh600690,海尔智家,10.22,10.23,10.15,10.16,103950,105757728,-0.04,-0.392156862745098
2016-10-14,15:00,sh600690,海尔智家,10.15,10.2,10.1,10.15,150256,152168528,-0.01,-0.0984251968503936
2016-10-17,15:00,sh600690,海尔智家,10.17,10.27,10.09,10.12,145395,147879312,-0.03,-0.2955665024630542
2016-10-18,15:00,sh600690,海尔智家,10.11,10.21,10.1,10.21,125433,127530736,0.09,0.8893280632411068
2016-10-19,15:00,sh600690,海尔智家,10.21,10.24,10.11,10.15,121366,123358168,-0.06,-0.5876591576885406
2016-10-20,15:00,sh600690,海尔智家,10.15,10.17,10.12,10.13,77416,78487624,-0.02,-0.1970443349753694
2016-10-21,15:00,sh600690,海尔智家,10.12,10.23,10.11,10.21,156611,159410704,0.08,0.7897334649555774
2016-10-24,15:00,sh600690,海尔智家,10.22,10.38,10.17,10.29,226559,232796880,0.08,0.7835455435847208
2016-10-25,15:00,sh600690,海尔智家,10.3,10.34,10.25,10.28,154745,159023504,-0.01,-0.097181729834791
2016-10-26,15:00,sh600690,海尔智家,10.28,10.3,10.15,10.15,129784,132500600,-0.13,-1.264591439688716
2016-10-27,15:00,sh600690,海尔智家,10.2,10.2,10.13,10.18,93149,94606824,0.03,0.2955665024630542
2016-10-28,15:00,sh600690,海尔智家,10.17,10.23,10.16,10.2,90657,92385616,0.02,0.1964636542239685
2016-10-31,15:00,sh600690,海尔智家,10.1,10.1,9.96,9.98,326465,326543424,-0.22,-2.156862745098039
2016-11-01,15:00,sh600690,海尔智家,9.98,10.04,9.97,10.03,131011,131140256,0.05,0.501002004008016
2016-11-02,15:00,sh600690,海尔智家,10.01,10.03,9.95,9.95,147251,146990384,-0.08,-0.7976071784646062
2016-11-03,15:00,sh600690,海尔智家,9.96,10.04,9.95,10.01,154256,154308320,0.06,0.6030150753768844
2016-11-04,15:00,sh600690,海尔智家,10.02,10.03,9.95,9.96,144358,144028352,-0.05,-0.4995004995004995
2016-11-07,15:00,sh600690,海尔智家,9.96,10.01,9.95,9.98,124490,124185424,0.02,0.2008032128514056
2016-11-08,15:00,sh600690,海尔智家,10.01,10.05,9.98,10.03,142314,142534576,0.05,0.501002004008016
2016-11-09,15:00,sh600690,海尔智家,10.02,10.04,9.79,9.91,190212,188907248,-0.12,-1.1964107676969091
2016-11-10,15:00,sh600690,海尔智家,9.96,10.01,9.92,9.96,207031,206500224,0.05,0.5045408678102926
2016-11-11,15:00,sh600690,海尔智家,9.99,10.0,9.94,9.98,165340,164832688,0.02,0.2008032128514056
2016-11-14,15:00,sh600690,海尔智家,9.99,10.02,9.88,9.95,317678,316461920,-0.03,-0.3006012024048096
2016-11-15,15:00,sh600690,海尔智家,9.95,10.02,9.91,9.99,190572,190056560,0.04,0.4020100502512563
2016-11-16,15:00,sh600690,海尔智家,10.0,10.02,9.96,9.98,134532,134311600,-0.01,-0.1001001001001
2016-11-17,15:00,sh600690,海尔智家,9.99,10.01,9.93,9.98,150623,149959520,0.0,0.0
2016-11-18,15:00,sh600690,海尔智家,9.95,9.98,9.9,9.91,139887,138952032,-0.07,-0.7014028056112225
2016-11-21,15:00,sh600690,海尔智家,9.91,9.99,9.89,9.93,162101,161168736,0.02,0.201816347124117
2016-11-22,15:00,sh600690,海尔智家,9.93,10.05,9.92,10.0,238545,238502160,0.07,0.7049345417925479
2016-11-23,15:00,sh600690,海尔智家,10.0,10.27,10.0,10.21,450450,458127552,0.21,2.1
2016-11-24,15:00,sh600690,海尔智家,10.2,10.54,10.1,10.39,658136,679856448,0.18,1.762977473065622
2016-11-25,15:00,sh600690,海尔智家,10.37,10.39,10.17,10.29,360117,369999392,-0.1,-0.9624639076034648
2016-11-28,15:00,sh600690,海尔智家,10.4,10.83,10.3,10.67,917659,968806656,0.38,3.69290573372206
2016-11-29,15:00,sh600690,海尔智家,10.63,11.3,10.52,10.79,1302297,1423967360,0.12,1.1246485473289598
2016-11-30,15:00,sh600690,海尔智家,10.79,10.92,10.62,10.7,547550,586507328,-0.09,-0.8341056533827619
2016-12-01,15:00,sh600690,海尔智家,11.08,11.2,10.78,10.89,863439,948025984,0.19,1.7757009345794394
2016-12-02,15:00,sh600690,海尔智家,10.81,11.06,10.55,10.68,537276,577648960,-0.21,-1.9283746556473829
2016-12-05,15:00,sh600690,海尔智家,10.48,10.48,10.21,10.33,495264,511435168,-0.35,-3.2771535580524342
2016-12-06,15:00,sh600690,海尔智家,10.32,10.45,10.28,10.34,196274,203399952,0.01,0.0968054211035818
2016-12-07,15:00,sh600690,海尔智家,10.29,10.36,10.23,10.34,213240,219384560,0.0,0.0
2016-12-08,15:00,sh600690,海尔智家,10.36,10.38,10.23,10.25,215192,221472928,-0.09,-0.8704061895551257
2016-12-09,15:00,sh600690,海尔智家,10.24,10.41,10.21,10.28,315757,325175840,0.03,0.2926829268292683
2016-12-12,15:00,sh600690,海尔智家,10.24,10.26,9.98,10.12,450886,455146880,-0.16,-1.556420233463035
2016-12-13,15:00,sh600690,海尔智家,10.08,10.14,10.0,10.07,157499,158582064,-0.05,-0.4940711462450593
2016-12-14,15:00,sh600690,海尔智家,10.07,10.14,9.98,9.98,182238,182865120,-0.09,-0.893743793445879
2016-12-15,15:00,sh600690,海尔智家,9.98,10.03,9.85,9.92,187088,186012768,-0.06,-0.6012024048096193
2016-12-16,15:00,sh600690,海尔智家,9.91,10.04,9.88,10.0,140298,139744480,0.08,0.8064516129032258
2016-12-19,15:00,sh600690,海尔智家,10.01,10.01,9.9,9.92,112435,111868648,-0.08,-0.8
2016-12-20,15:00,sh600690,海尔智家,9.88,9.94,9.88,9.93,107536,106531320,0.01,0.1008064516129032
2016-12-21,15:00,sh600690,海尔智家,9.91,10.0,9.9,9.97,151716,151059728,0.04,0.4028197381671702
2016-12-22,15:00,sh600690,海尔智家,9.91,9.97,9.91,9.95,90773,90197016,-0.02,-0.2006018054162487
2016-12-23,15:00,sh600690,海尔智家,9.96,9.96,9.85,9.9,135671,134225072,-0.05,-0.5025125628140703
2016-12-26,15:00,sh600690,海尔智家,9.87,9.88,9.74,9.86,138913,136043296,-0.04,-0.404040404040404
2016-12-27,15:00,sh600690,海尔智家,9.87,9.93,9.82,9.87,98518,97467456,0.01,0.101419878296146
2016-12-28,15:00,sh600690,海尔智家,9.9,9.93,9.83,9.88,72792,71763192,0.01,0.1013171225937183
2016-12-29,15:00,sh600690,海尔智家,9.85,9.88,9.78,9.79,103836,101932904,-0.09,-0.9109311740890688
2016-12-30,15:00,sh600690,海尔智家,9.79,9.89,9.79,9.88,122278,120208904,0.09,0.919305413687436
2017-01-03,15:00,sh600690,海尔智家,9.88,9.96,9.87,9.94,128428,127512992,0.06,0.6072874493927125
2017-01-04,15:00,sh600690,海尔智家,9.95,10.05,9.92,10.04,176103,175952928,0.1,1.0060362173038229
2017-01-05,15:00,sh600690,海尔智家,10.07,10.07,10.0,10.04,128010,128404544,0.0,0.0
2017-01-06,15:00,sh600690,海尔智家,10.03,10.05,9.99,10.02,115291,115478432,-0.02,-0.199203187250996
2017-01-09,15:00,sh600690,海尔智家,10.03,10.03,9.96,10.01,79632,79648672,-0.01,-0.0998003992015967
2017-01-10,15:00,sh600690,海尔智家,10.01,10.06,9.98,10.02,73431,73623584,0.01,0.0999000999000999
2017-01-11,15:00,sh600690,海尔智家,10.01,10.05,9.97,10.01,118222,118294544,-0.01,-0.0998003992015967
2017-01-12,15:00,sh600690,海尔智家,9.99,10.02,9.94,9.95,89342,89206888,-0.06,-0.5994005994005994
2017-01-13,15:00,sh600690,海尔智家,9.96,9.98,9.82,9.92,268154,265682320,-0.03,-0.3015075376884422
2017-01-16,15:00,sh600690,海尔智家,9.86,10.13,9.7,10.08,487939,484450048,0.16,1.6129032258064515
2017-01-17,15:00,sh600690,海尔智家,10.04,10.08,9.92,10.03,133111,133015888,-0.05,-0.496031746031746
2017-01-18,15:00,sh600690,海尔智家,10.02,10.08,9.94,10.03,167570,167861040,0.0,0.0
2017-01-19,15:00,sh600690,海尔智家,10.03,10.03,9.9,9.92,173429,172554752,-0.11,-1.0967098703888334
2017-01-20,15:00,sh600690,海尔智家,9.91,10.03,9.88,9.95,136880,136740128,0.03,0.3024193548387097
2017-01-23,15:00,sh600690,海尔智家,9.95,10.05,9.95,10.0,152818,152915152,0.05,0.5025125628140703
2017-01-24,15:00,sh600690,海尔智家,10.01,10.07,9.99,10.04,126526,126845248,0.04,0.4
2017-01-25,15:00,sh600690,海尔智家,10.03,10.08,10.01,10.06,80991,81387392,0.02,0.199203187250996
2017-01-26,15:00,sh600690,海尔智家,10.07,10.23,10.07,10.11,153823,156154640,0.05,0.4970178926441352
2017-02-03,15:00,sh600690,海尔智家,10.11,10.18,10.07,10.15,120301,121803928,0.04,0.3956478733926805
2017-02-06,15:00,sh600690,海尔智家,10.18,10.21,10.03,10.08,164354,166271968,-0.07,-0.6896551724137931
2017-02-07,15:00,sh600690,海尔智家,10.08,10.12,10.0,10.03,120416,120822648,-0.05,-0.496031746031746
2017-02-08,15:00,sh600690,海尔智家,10.02,10.06,9.99,10.03,162643,163121936,0.0,0.0
2017-02-09,15:00,sh600690,海尔智家,10.04,10.09,9.97,10.04,312910,313372992,0.01,0.0997008973080757
2017-02-10,15:00,sh600690,海尔智家,10.03,10.07,10.01,10.05,278000,279184416,0.01,0.099601593625498
2017-02-13,15:00,sh600690,海尔智家,10.06,10.2,10.05,10.16,560639,567351552,0.11,1.0945273631840795
2017-02-14,15:00,sh600690,海尔智家,10.16,10.2,10.11,10.18,339588,345164608,0.02,0.1968503937007873
2017-02-15,15:00,sh600690,海尔智家,10.19,10.23,10.06,10.07,345353,350439840,-0.11,-1.080550098231827
2017-02-16,15:00,sh600690,海尔智家,10.06,10.14,10.03,10.13,182916,184476032,0.06,0.5958291956305859
2017-02-17,15:00,sh600690,海尔智家,10.17,10.33,10.12,10.23,411413,420818048,0.1,0.9871668311944718
2017-02-20,15:00,sh600690,海尔智家,10.27,10.65,10.27,10.63,814628,855822464,0.4,3.9100684261974585
2017-02-21,15:00,sh600690,海尔智家,10.65,10.75,10.5,10.65,468807,497896416,0.02,0.1881467544684854
2017-02-22,15:00,sh600690,海尔智家,10.61,10.75,10.5,10.66,322483,342332384,0.01,0.0938967136150234
2017-02-23,15:00,sh600690,海尔智家,10.65,10.7,10.38,10.47,418736,439844896,-0.19,-1.7823639774859286
2017-02-24,15:00,sh600690,海尔智家,10.44,10.55,10.39,10.52,222672,233251184,0.05,0.4775549188156638
2017-02-27,15:00,sh600690,海尔智家,10.55,10.88,10.52,10.63,526854,564988224,0.11,1.0456273764258557
2017-02-28,15:00,sh600690,海尔智家,10.98,11.33,10.8,10.91,984634,1086931968,0.28,2.634054562558796
2017-03-01,15:00,sh600690,海尔智家,10.75,10.95,10.67,10.81,444360,480218720,-0.1,-0.916590284142988
2017-03-02,15:00,sh600690,海尔智家,10.82,10.99,10.76,10.85,467152,508477792,0.04,0.3700277520814061
2017-03-03,15:00,sh600690,海尔智家,10.81,10.92,10.63,10.86,329321,355652896,0.01,0.0921658986175115
2017-03-06,15:00,sh600690,海尔智家,10.89,11.17,10.78,11.06,451842,497587072,0.2,1.841620626151013
2017-03-07,15:00,sh600690,海尔智家,11.07,11.22,11.0,11.12,404813,449101312,0.06,0.5424954792043399
2017-03-08,15:00,sh600690,海尔智家,11.13,11.18,10.91,11.01,341856,376933760,-0.11,-0.9892086330935252
2017-03-09,15:00,sh600690,海尔智家,11.0,11.04,10.75,10.77,318109,344908800,-0.24,-2.17983651226158
2017-03-10,15:00,sh600690,海尔智家,10.75,11.07,10.7,11.03,422837,463589632,0.26,2.414113277623027
2017-03-13,15:00,sh600690,海尔智家,11.05,11.4,10.95,11.29,712078,800984448,0.26,2.357207615593835
2017-03-14,15:00,sh600690,海尔智家,11.28,11.29,11.13,11.27,291548,327035040,-0.02,-0.1771479185119575
2017-03-15,15:00,sh600690,海尔智家,11.21,11.5,11.2,11.44,492142,561608832,0.17,1.5084294587400178
2017-03-16,15:00,sh600690,海尔智家,11.5,11.62,11.25,11.36,520961,593668864,-0.08,-0.6993006993006993
2017-03-17,15:00,sh600690,海尔智家,11.36,11.44,11.2,11.23,290165,327755744,-0.13,-1.1443661971830987
2017-03-20,15:00,sh600690,海尔智家,11.2,11.28,11.03,11.24,331355,370142400,0.01,0.089047195013357
2017-03-21,15:00,sh600690,海尔智家,11.23,11.4,11.15,11.38,390938,441405472,0.14,1.2455516014234875
2017-03-22,15:00,sh600690,海尔智家,11.28,11.39,11.16,11.25,294804,332112224,-0.13,-1.1423550087873462
2017-03-23,15:00,sh600690,海尔智家,11.23,11.48,11.16,11.46,452905,513270432,0.21,1.866666666666667
2017-03-24,15:00,sh600690,海尔智家,11.49,11.92,11.42,11.89,778714,914560448,0.43,3.752181500872601
2017-03-27,15:00,sh600690,海尔智家,11.88,11.99,11.6,11.64,590027,695028992,-0.25,-2.1026072329688814
2017-03-28,15:00,sh600690,海尔智家,11.59,11.72,11.52,11.66,279189,324700672,0.02,0.1718213058419244
2017-03-29,15:00,sh600690,海尔智家,11.71,12.19,11.71,12.0,618854,741077568,0.34,2.9159519725557463
2017-03-30,15:00,sh600690,海尔智家,11.95,12.1,11.68,11.95,457625,542517632,-0.05,-0.4166666666666667
2017-03-31,15:00,sh600690,海尔智家,11.94,12.24,11.78,12.18,452704,547607360,0.23,1.9246861924686192
2017-04-05,15:00,sh600690,海尔智家,12.03,12.21,12.03,12.09,460700,557997504,-0.09,-0.7389162561576355
2017-04-06,15:00,sh600690,海尔智家,12.09,12.16,11.94,12.15,306863,369307296,0.06,0.4962779156327543
2017-04-07,15:00,sh600690,海尔智家,12.1,12.14,11.96,12.0,255057,307410144,-0.15,-1.2345679012345678
2017-04-10,15:00,sh600690,海尔智家,11.97,12.05,11.79,11.87,307879,366772992,-0.13,-1.0833333333333337
2017-04-11,15:00,sh600690,海尔智家,11.82,11.91,11.5,11.75,442640,516582400,-0.12,-1.0109519797809603
2017-04-12,15:00,sh600690,海尔智家,11.6,11.93,11.6,11.81,286059,336477280,0.06,0.5106382978723404
2017-04-13,15:00,sh600690,海尔智家,11.76,11.97,11.7,11.78,234734,277626944,-0.03,-0.2540220152413209
2017-04-14,15:00,sh600690,海尔智家,11.76,11.78,11.5,11.56,277354,321682496,-0.22,-1.867572156196944
2017-04-17,15:00,sh600690,海尔智家,11.5,11.68,11.47,11.67,212074,245572416,0.11,0.9515570934256056
2017-04-18,15:00,sh600690,海尔智家,11.59,12.09,11.59,11.92,452573,539696192,0.25,2.1422450728363325
2017-04-19,15:00,sh600690,海尔智家,11.87,11.97,11.63,11.93,305719,361666880,0.01,0.0838926174496644
2017-04-20,15:00,sh600690,海尔智家,11.93,12.47,11.88,12.23,591642,725331200,0.3,2.5146689019279127
2017-04-21,15:00,sh600690,海尔智家,12.16,12.49,12.15,12.36,383057,471023552,0.13,1.062959934587081
2017-04-24,15:00,sh600690,海尔智家,12.21,12.47,11.8,12.45,443819,540009280,0.09,0.7281553398058253
2017-04-25,15:00,sh600690,海尔智家,12.32,12.5,12.22,12.42,354349,438976320,-0.03,-0.2409638554216867
2017-04-26,15:00,sh600690,海尔智家,12.49,13.11,12.47,12.56,798064,1022428352,0.14,1.1272141706924317
2017-04-27,15:00,sh600690,海尔智家,12.51,12.65,12.33,12.55,330601,412285824,-0.01,-0.0796178343949044
2017-04-28,15:00,sh600690,海尔智家,12.58,12.64,12.08,12.19,465398,569659840,-0.36,-2.8685258964143427
2017-05-02,15:00,sh600690,海尔智家,12.3,12.99,12.24,12.95,776587,982403328,0.76,6.234618539786711
2017-05-03,15:00,sh600690,海尔智家,12.85,13.32,12.8,13.11,715935,941241536,0.16,1.2355212355212355
2017-05-04,15:00,sh600690,海尔智家,13.12,13.26,12.92,13.1,453773,592765056,-0.01,-0.07627765064836
2017-05-05,15:00,sh600690,海尔智家,13.2,13.22,12.99,13.14,371912,488206080,0.04,0.3053435114503817
2017-05-08,15:00,sh600690,海尔智家,13.1,13.28,12.8,13.23,570971,746567488,0.09,0.684931506849315
2017-05-09,15:00,sh600690,海尔智家,13.0,13.19,12.73,12.86,415484,535122336,-0.37,-2.7966742252456536
2017-05-10,15:00,sh600690,海尔智家,12.93,13.06,12.78,12.85,250939,323825760,-0.01,-0.077760497667185
2017-05-11,15:00,sh600690,海尔智家,12.76,13.25,12.65,13.24,471375,612273536,0.39,3.035019455252918
2017-05-12,15:00,sh600690,海尔智家,13.2,13.27,13.03,13.15,346068,454089344,-0.09,-0.6797583081570997
2017-05-15,15:00,sh600690,海尔智家,13.15,13.27,13.0,13.17,338895,445074944,0.02,0.1520912547528517
2017-05-16,15:00,sh600690,海尔智家,13.0,13.32,12.99,13.3,436165,576279552,0.13,0.9870918754745632
2017-05-17,15:00,sh600690,海尔智家,13.27,13.62,13.09,13.13,499807,665367360,-0.17,-1.2781954887218046
2017-05-18,15:00,sh600690,海尔智家,13.0,13.27,12.9,13.15,209853,275252800,0.02,0.1523229246001523
2017-05-19,15:00,sh600690,海尔智家,13.1,13.35,13.1,13.32,252152,334518560,0.17,1.2927756653992395
2017-05-22,15:00,sh600690,海尔智家,13.4,13.58,13.3,13.49,392890,527730208,0.17,1.2762762762762765
2017-05-23,15:00,sh600690,海尔智家,13.5,13.7,13.39,13.69,430359,583915520,0.2,1.4825796886582654
2017-05-24,15:00,sh600690,海尔智家,13.66,13.74,13.45,13.71,377342,512909760,0.02,0.1460920379839299
2017-05-25,15:00,sh600690,海尔智家,13.61,13.76,13.53,13.61,222563,303664064,-0.1,-0.7293946024799417
2017-05-26,15:00,sh600690,海尔智家,13.61,13.99,13.58,13.96,381925,528334848,0.35,2.5716385011021305
2017-05-31,15:00,sh600690,海尔智家,13.92,14.2,13.74,14.17,589673,823429312,0.21,1.5042979942693409
2017-06-01,15:00,sh600690,海尔智家,14.08,14.6,14.08,14.38,507418,729955456,0.21,1.4820042342978124
2017-06-02,15:00,sh600690,海尔智家,14.36,14.44,14.18,14.3,324092,463261312,-0.08,-0.5563282336578581
2017-06-05,15:00,sh600690,海尔智家,14.3,14.35,14.06,14.23,251537,357111840,-0.07,-0.4895104895104895
2017-06-06,15:00,sh600690,海尔智家,14.17,14.66,14.11,14.65,393758,569790528,0.42,2.9515108924806746
2017-06-07,15:00,sh600690,海尔智家,14.62,14.78,14.52,14.66,435889,639241216,0.01,0.068259385665529
2017-06-08,15:00,sh600690,海尔智家,14.69,15.06,14.58,15.05,488156,726275264,0.39,2.660300136425648
2017-06-09,15:00,sh600690,海尔智家,15.04,15.13,14.85,15.01,374735,561805440,-0.04,-0.26578073089701
2017-06-12,15:00,sh600690,海尔智家,14.96,15.24,14.9,15.07,347129,522674688,0.06,0.3997335109926715
2017-06-13,15:00,sh600690,海尔智家,15.01,15.1,14.92,15.02,237669,356641344,-0.05,-0.33178500331785
2017-06-14,15:00,sh600690,海尔智家,14.99,15.02,14.16,14.35,849486,1237963264,-0.67,-4.460719041278296
2017-06-15,15:00,sh600690,海尔智家,14.32,14.4,13.82,14.09,776855,1091628032,-0.26,-1.8118466898954704
2017-06-16,15:00,sh600690,海尔智家,14.08,14.25,13.83,14.0,405914,568643520,-0.09,-0.63875088715401
2017-06-19,15:00,sh600690,海尔智家,13.91,14.23,13.91,14.21,571371,802876672,0.21,1.5
2017-06-20,15:00,sh600690,海尔智家,14.21,14.3,13.95,13.96,413888,582443648,-0.25,-1.7593244194229414
2017-06-21,15:00,sh600690,海尔智家,14.01,14.72,13.7,14.65,848171,1200241024,0.69,4.9426934097421205
2017-06-22,15:00,sh600690,海尔智家,14.56,14.8,14.28,14.3,736168,1074478208,-0.35,-2.389078498293516
2017-06-23,15:00,sh600690,海尔智家,14.28,14.84,14.22,14.8,648662,948044288,0.5,3.4965034965034967
2017-06-26,15:00,sh600690,海尔智家,14.8,15.36,14.75,15.2,885968,1339590912,0.4,2.702702702702702
2017-06-27,15:00,sh600690,海尔智家,15.19,15.37,15.02,15.24,422721,642410496,0.04,0.2631578947368421
2017-06-28,15:00,sh600690,海尔智家,15.24,15.3,14.98,15.0,335332,507533280,-0.24,-1.574803149606299
2017-06-29,15:00,sh600690,海尔智家,14.98,15.1,14.74,15.04,372146,554758336,0.04,0.2666666666666666
2017-06-30,15:00,sh600690,海尔智家,15.0,15.17,14.86,15.05,333595,501233472,0.01,0.0664893617021276
2017-07-03,15:00,sh600690,海尔智家,14.95,14.99,14.44,14.56,645416,945893376,-0.49,-3.255813953488372
2017-07-04,15:00,sh600690,海尔智家,14.51,14.52,14.07,14.24,791363,1122204928,-0.32,-2.197802197802198
2017-07-05,15:00,sh600690,海尔智家,14.12,14.46,14.12,14.36,407973,584867584,0.12,0.8426966292134831
2017-07-06,15:00,sh600690,海尔智家,14.32,14.38,14.1,14.22,419182,595099968,-0.14,-0.9749303621169916
2017-07-07,15:00,sh600690,海尔智家,14.18,14.33,13.92,14.18,439591,619503872,-0.04,-0.2812939521800281
2017-07-10,15:00,sh600690,海尔智家,14.15,14.23,14.04,14.14,224951,318086464,-0.04,-0.2820874471086037
2017-07-11,15:00,sh600690,海尔智家,14.1,14.65,14.1,14.51,611045,881351168,0.37,2.6166902404526167
2017-07-12,15:00,sh600690,海尔智家,14.45,14.48,14.02,14.17,385694,547850496,-0.34,-2.3432115782219163
2017-07-13,15:00,sh600690,海尔智家,14.07,14.24,14.0,14.08,280080,394700800,-0.09,-0.6351446718419196
2017-07-14,15:00,sh600690,海尔智家,14.08,14.26,14.02,14.19,239284,338784096,0.11,0.78125
2017-07-17,15:00,sh600690,海尔智家,14.11,14.31,13.63,14.29,361914,508373408,0.1,0.7047216349541932
2017-07-18,15:00,sh600690,海尔智家,14.19,14.29,13.94,14.14,220043,310574720,-0.15,-1.0496850944716585
2017-07-19,15:00,sh600690,海尔智家,14.14,14.35,14.03,14.17,302375,429686272,0.03,0.2121640735502121
2017-07-20,15:00,sh600690,海尔智家,14.18,14.73,14.16,14.63,528328,764988160,0.46,3.246294989414256
2017-07-21,15:00,sh600690,海尔智家,14.65,14.73,14.45,14.54,426987,622306944,-0.09,-0.6151742993848257
2017-07-24,15:00,sh600690,海尔智家,14.51,14.87,14.5,14.74,560760,827380032,0.2,1.3755158184319118
2017-07-25,15:00,sh600690,海尔智家,14.7,14.77,14.46,14.48,297656,433931872,-0.26,-1.7639077340569878
2017-07-26,15:00,sh600690,海尔智家,14.41,14.5,14.07,14.28,409226,583006080,-0.2,-1.3812154696132597
2017-07-27,15:00,sh600690,海尔智家,14.22,14.23,13.97,14.07,397645,558533632,-0.21,-1.4705882352941175
2017-07-28,15:00,sh600690,海尔智家,14.11,14.19,13.96,14.03,221570,311893600,-0.04,-0.2842928216062544
2017-07-31,15:00,sh600690,海尔智家,14.07,14.16,13.98,14.04,245546,345116640,0.01,0.0712758374910905
2017-08-01,15:00,sh600690,海尔智家,13.84,13.97,13.73,13.84,209204,289516928,-0.2,-1.4245014245014245
2017-08-02,15:00,sh600690,海尔智家,13.81,13.92,13.7,13.71,205960,283939040,-0.13,-0.9393063583815028
2017-08-03,15:00,sh600690,海尔智家,13.68,13.75,13.1,13.16,578980,769912704,-0.55,-4.011670313639679
2017-08-04,15:00,sh600690,海尔智家,13.16,13.28,13.11,13.15,300721,396705120,-0.01,-0.0759878419452887
2017-08-07,15:00,sh600690,海尔智家,13.15,13.37,12.9,13.3,242720,320009856,0.15,1.1406844106463878
2017-08-08,15:00,sh600690,海尔智家,13.3,13.37,13.15,13.18,177934,235858912,-0.12,-0.9022556390977444
2017-08-09,15:00,sh600690,海尔智家,13.2,13.47,13.13,13.35,304683,406331584,0.17,1.289833080424886
2017-08-10,15:00,sh600690,海尔智家,13.28,13.41,13.02,13.24,401773,530096928,-0.11,-0.8239700374531835
2017-08-11,15:00,sh600690,海尔智家,13.1,13.29,13.0,13.23,356471,469219552,-0.01,-0.0755287009063444
2017-08-14,15:00,sh600690,海尔智家,13.24,13.33,13.15,13.22,247704,327665312,-0.01,-0.0755857898715041
2017-08-15,15:00,sh600690,海尔智家,13.2,13.34,13.12,13.19,166103,219629920,-0.03,-0.226928895612708
2017-08-16,15:00,sh600690,海尔智家,13.19,13.23,12.9,12.95,294933,383524896,-0.24,-1.819560272934041
2017-08-17,15:00,sh600690,海尔智家,13.0,13.09,12.94,13.03,150005,195205408,0.08,0.6177606177606177
2017-08-18,15:00,sh600690,海尔智家,12.97,13.08,12.93,13.04,142482,185395872,0.01,0.076745970836531
2017-08-21,15:00,sh600690,海尔智家,13.01,13.25,13.01,13.22,250557,329872832,0.18,1.3803680981595092
2017-08-22,15:00,sh600690,海尔智家,13.22,13.32,13.18,13.28,185589,246121232,0.06,0.453857791225416
2017-08-23,15:00,sh600690,海尔智家,13.32,13.32,13.18,13.21,108876,144098992,-0.07,-0.5271084337349398
2017-08-24,15:00,sh600690,海尔智家,13.21,13.31,13.2,13.22,136178,180592080,0.01,0.0757002271006813
2017-08-25,15:00,sh600690,海尔智家,13.3,13.56,13.28,13.47,342827,461114464,0.25,1.8910741301059
2017-08-28,15:00,sh600690,海尔智家,14.2,14.36,13.81,13.98,847928,1191490688,0.51,3.78619153674833
2017-08-29,15:00,sh600690,海尔智家,13.99,14.34,13.99,14.18,457743,650364480,0.2,1.430615164520744
2017-08-30,15:00,sh600690,海尔智家,14.25,14.33,14.09,14.12,497922,708128640,-0.06,-0.4231311706629055
2017-08-31,15:00,sh600690,海尔智家,14.2,14.3,13.8,14.03,466711,653068736,-0.09,-0.6373937677053824
2017-09-01,15:00,sh600690,海尔智家,14.07,14.15,13.87,13.95,347104,486551264,-0.08,-0.5702066999287242
2017-09-04,15:00,sh600690,海尔智家,13.91,14.04,13.77,13.98,189019,263156800,0.03,0.2150537634408602
2017-09-05,15:00,sh600690,海尔智家,13.89,14.27,13.89,14.21,290839,411657408,0.23,1.6452074391988556
2017-09-06,15:00,sh600690,海尔智家,14.2,14.2,13.96,14.03,241384,338689952,-0.18,-1.266713581984518
2017-09-07,15:00,sh600690,海尔智家,14.06,14.15,13.98,13.98,165585,232701568,-0.05,-0.3563791874554526
2017-09-08,15:00,sh600690,海尔智家,13.95,14.0,13.74,13.79,226696,314192544,-0.19,-1.3590844062947067
2017-09-11,15:00,sh600690,海尔智家,13.86,14.12,13.82,13.99,342612,480196768,0.2,1.45032632342277
2017-09-12,15:00,sh600690,海尔智家,13.95,14.11,13.95,14.1,225972,317295168,0.11,0.7862759113652609
2017-09-13,15:00,sh600690,海尔智家,14.11,14.55,14.05,14.35,469202,673590336,0.25,1.773049645390071
2017-09-14,15:00,sh600690,海尔智家,14.37,14.44,14.11,14.25,287771,409641504,-0.1,-0.6968641114982579
2017-09-15,15:00,sh600690,海尔智家,14.16,14.53,14.14,14.52,330019,475105728,0.27,1.8947368421052635
2017-09-18,15:00,sh600690,海尔智家,14.52,14.63,14.12,14.14,465394,666559424,-0.38,-2.6170798898071626
2017-09-19,15:00,sh600690,海尔智家,14.17,14.27,13.95,14.11,350592,492899968,-0.03,-0.2121640735502121
2017-09-20,15:00,sh600690,海尔智家,14.05,14.31,14.04,14.08,377312,535760768,-0.03,-0.2126151665485471
2017-09-21,15:00,sh600690,海尔智家,14.1,14.43,14.09,14.3,292668,418617248,0.22,1.5625
2017-09-22,15:00,sh600690,海尔智家,14.3,14.66,14.26,14.59,474062,688717888,0.29,2.027972027972028
2017-09-25,15:00,sh600690,海尔智家,14.6,14.77,14.46,14.69,382143,559868224,0.1,0.6854009595613434
2017-09-26,15:00,sh600690,海尔智家,14.6,14.7,14.4,14.52,208129,301883520,-0.17,-1.1572498298162015
2017-09-27,15:00,sh600690,海尔智家,14.51,14.83,14.49,14.8,288972,425120736,0.28,1.9283746556473829
2017-09-28,15:00,sh600690,海尔智家,14.82,15.0,14.62,14.91,351809,521964096,0.11,0.7432432432432433
2017-09-29,15:00,sh600690,海尔智家,14.91,15.39,14.91,15.09,527169,799617920,0.18,1.2072434607645874
2017-10-09,15:00,sh600690,海尔智家,15.37,15.75,15.23,15.35,803047,1246151552,0.26,1.7229953611663356
2017-10-10,15:00,sh600690,海尔智家,15.36,15.49,14.13,14.76,2564017,3743389696,-0.59,-3.8436482084690553
2017-10-11,15:00,sh600690,海尔智家,14.6,15.08,14.52,14.8,1048978,1553335168,0.04,0.2710027100271002
2017-10-12,15:00,sh600690,海尔智家,14.86,15.63,14.85,15.62,1046281,1605241856,0.82,5.540540540540541
2017-10-13,15:00,sh600690,海尔智家,15.7,16.26,15.56,15.93,1278592,2038428544,0.31,1.9846350832266324
2017-10-16,15:00,sh600690,海尔智家,15.97,16.4,15.91,15.92,648415,1045504704,-0.01,-0.0627746390458254
2017-10-17,15:00,sh600690,海尔智家,16.05,16.27,15.79,16.11,606106,973241536,0.19,1.193467336683417
2017-10-18,15:00,sh600690,海尔智家,16.11,16.47,15.97,16.45,694284,1126247296,0.34,2.1104903786468032
2017-10-19,15:00,sh600690,海尔智家,16.37,16.59,16.16,16.56,637030,1042869184,0.11,0.668693009118541
2017-10-20,15:00,sh600690,海尔智家,16.46,16.46,16.03,16.08,458600,742050304,-0.48,-2.898550724637681
2017-10-23,15:00,sh600690,海尔智家,16.11,16.23,15.93,16.13,343186,552611456,0.05,0.3109452736318408
2017-10-24,15:00,sh600690,海尔智家,16.0,16.45,15.97,16.38,424283,692157632,0.25,1.549907005579665
2017-10-25,15:00,sh600690,海尔智家,16.29,17.06,16.27,16.99,710117,1191876096,0.61,3.724053724053724
2017-10-26,15:00,sh600690,海尔智家,16.99,17.47,16.45,16.58,1177209,1992814208,-0.41,-2.413184226015303
2017-10-27,15:00,sh600690,海尔智家,16.66,16.87,16.49,16.72,635020,1058437440,0.14,0.8443908323281062
2017-10-30,15:00,sh600690,海尔智家,16.7,17.09,16.4,16.97,711666,1196652928,0.25,1.4952153110047848
2017-10-31,15:00,sh600690,海尔智家,17.03,17.44,16.84,17.3,1026126,1768025600,0.33,1.9446081319976427
2017-11-01,15:00,sh600690,海尔智家,17.25,17.4,16.73,16.83,968811,1646706304,-0.47,-2.7167630057803467
2017-11-02,15:00,sh600690,海尔智家,16.76,16.95,16.52,16.87,496928,831457280,0.04,0.23767082590612
2017-11-03,15:00,sh600690,海尔智家,16.82,17.33,16.79,16.98,594306,1012933824,0.11,0.6520450503852994
2017-11-06,15:00,sh600690,海尔智家,17.0,18.15,16.9,18.12,1238016,2181982208,1.14,6.713780918727916
2017-11-07,15:00,sh600690,海尔智家,18.08,18.36,17.72,17.97,992948,1790566144,-0.15,-0.8278145695364238
2017-11-08,15:00,sh600690,海尔智家,18.04,18.8,17.78,18.07,1227606,2245954560,0.1,0.5564830272676683
2017-11-09,15:00,sh600690,海尔智家,18.14,19.04,17.98,18.96,1067747,1981825920,0.89,4.925290536801328
2017-11-10,15:00,sh600690,海尔智家,18.71,19.29,18.66,19.2,1009023,1919780480,0.24,1.2658227848101269
2017-11-13,15:00,sh600690,海尔智家,19.28,19.37,18.87,19.07,919566,1755629952,-0.13,-0.6770833333333334
2017-11-14,15:00,sh600690,海尔智家,19.05,19.23,18.45,18.68,708178,1330065152,-0.39,-2.0450970110120608
2017-11-15,15:00,sh600690,海尔智家,18.65,19.15,18.34,19.11,792253,1488711424,0.43,2.3019271948608138
2017-11-16,15:00,sh600690,海尔智家,18.99,19.22,18.64,19.18,619611,1173993728,0.07,0.3663003663003663
2017-11-17,15:00,sh600690,海尔智家,19.1,19.36,18.77,19.26,1038424,1995032192,0.08,0.4171011470281543
2017-11-20,15:00,sh600690,海尔智家,19.0,19.07,18.3,19.05,761409,1430017664,-0.21,-1.0903426791277258
2017-11-21,15:00,sh600690,海尔智家,18.94,20.31,18.86,20.24,1208793,2394697472,1.19,6.246719160104987
2017-11-22,15:00,sh600690,海尔智家,20.25,20.3,19.65,20.0,904181,1807459584,-0.24,-1.185770750988142
2017-11-23,15:00,sh600690,海尔智家,19.84,19.88,18.54,18.65,1116362,2141351936,-1.35,-6.75
2017-11-24,15:00,sh600690,海尔智家,18.69,18.72,17.8,18.66,1085244,1985223936,0.01,0.0536193029490616
2017-11-27,15:00,sh600690,海尔智家,18.4,18.43,17.86,18.31,756257,1372738816,-0.35,-1.8756698821007505
2017-11-28,15:00,sh600690,海尔智家,18.23,18.5,18.02,18.35,432557,788881920,0.04,0.2184598580010922
2017-11-29,15:00,sh600690,海尔智家,18.42,18.5,17.3,17.57,865956,1537874048,-0.78,-4.250681198910082
2017-11-30,15:00,sh600690,海尔智家,17.3,17.76,17.09,17.29,635421,1102878592,-0.28,-1.593625498007968
2017-12-01,15:00,sh600690,海尔智家,17.41,17.59,17.22,17.33,423546,735625216,0.04,0.2313475997686523
2017-12-04,15:00,sh600690,海尔智家,17.34,17.85,17.2,17.65,612529,1077867264,0.32,1.8465089440276976
2017-12-05,15:00,sh600690,海尔智家,17.57,18.13,17.5,17.99,1061352,1897184128,0.34,1.926345609065156
2017-12-06,15:00,sh600690,海尔智家,17.9,17.92,17.37,17.74,475380,840234432,-0.25,-1.3896609227348526
2017-12-07,15:00,sh600690,海尔智家,17.55,17.79,17.0,17.36,401370,697838848,-0.38,-2.142051860202931
2017-12-08,15:00,sh600690,海尔智家,17.36,17.99,17.33,17.83,499869,885877440,0.47,2.707373271889401
2017-12-11,15:00,sh600690,海尔智家,17.81,18.43,17.78,18.41,685959,1249643008,0.58,3.252944475602917
2017-12-12,15:00,sh600690,海尔智家,18.32,18.63,17.94,17.96,506722,927689856,-0.45,-2.444323737099402
2017-12-13,15:00,sh600690,海尔智家,17.94,18.84,17.92,18.82,719076,1331072000,0.86,4.788418708240535
2017-12-14,15:00,sh600690,海尔智家,18.75,18.85,18.46,18.83,473450,884429568,0.01,0.053134962805526
2017-12-15,15:00,sh600690,海尔智家,18.68,18.75,18.35,18.52,414177,768147904,-0.31,-1.6463090812533192
2017-12-18,15:00,sh600690,海尔智家,18.4,18.96,18.36,18.89,624299,1171922944,0.37,1.997840172786177
2017-12-19,15:00,sh600690,海尔智家,18.79,19.18,18.74,19.04,445012,847919424,0.15,0.7940709370037057
2017-12-20,15:00,sh600690,海尔智家,19.02,19.67,18.94,19.25,582282,1127235968,0.21,1.1029411764705883
2017-12-21,15:00,sh600690,海尔智家,19.22,19.57,19.1,19.42,456876,885267328,0.17,0.8831168831168832
2017-12-22,15:00,sh600690,海尔智家,19.29,19.6,19.06,19.29,332636,641961664,-0.13,-0.6694129763130793
2017-12-25,15:00,sh600690,海尔智家,19.19,19.67,19.19,19.4,345686,672377920,0.11,0.5702436495593572
2017-12-26,15:00,sh600690,海尔智家,19.33,19.53,18.67,19.09,523618,996860160,-0.31,-1.5979381443298968
2017-12-27,15:00,sh600690,海尔智家,19.05,19.2,18.44,18.49,445365,836989824,-0.6,-3.1430068098480883
2017-12-28,15:00,sh600690,海尔智家,18.6,18.9,18.5,18.65,367612,687397184,0.16,0.8653326122228232
2017-12-29,15:00,sh600690,海尔智家,18.74,19.06,18.59,18.84,368270,693480384,0.19,1.0187667560321716
2018-01-02,15:00,sh600690,海尔智家,18.95,19.18,18.79,18.99,415687,789394688,0.15,0.7961783439490446
2018-01-03,15:00,sh600690,海尔智家,18.99,19.29,18.61,18.73,612043,1159962368,-0.26,-1.369141653501843
2018-01-04,15:00,sh600690,海尔智家,18.76,19.14,18.69,19.04,566863,1073697280,0.31,1.6550987720234915
2018-01-05,15:00,sh600690,海尔智家,19.02,19.1,18.78,18.98,575876,1089420928,-0.06,-0.315126050420168
2018-01-08,15:00,sh600690,海尔智家,19.22,19.85,18.9,19.83,979652,1909532800,0.85,4.478398314014752
2018-01-09,15:00,sh600690,海尔智家,19.85,20.45,19.7,20.22,824381,1660680320,0.39,1.9667170953101365
2018-01-10,15:00,sh600690,海尔智家,20.26,21.0,20.01,20.75,859729,1771367552,0.53,2.6211671612265084
2018-01-11,15:00,sh600690,海尔智家,20.65,21.3,20.52,20.96,680238,1424729728,0.21,1.0120481927710845
2018-01-12,15:00,sh600690,海尔智家,21.0,21.58,20.83,21.5,592390,1255380352,0.54,2.5763358778625958
2018-01-15,15:00,sh600690,海尔智家,21.81,23.2,21.81,22.05,1038854,2328900608,0.55,2.558139534883721
2018-01-16,15:00,sh600690,海尔智家,22.03,23.02,21.6,21.87,1245933,2781418496,-0.18,-0.8163265306122449
2018-01-17,15:00,sh600690,海尔智家,21.99,22.27,20.78,21.59,1058288,2283253504,-0.28,-1.2802926383173296
2018-01-18,15:00,sh600690,海尔智家,21.83,22.12,21.15,21.54,845691,1828067584,-0.05,-0.2315886984715146
2018-01-19,15:00,sh600690,海尔智家,21.6,21.75,20.9,21.15,638974,1360497792,-0.39,-1.8105849582172704
2018-01-22,15:00,sh600690,海尔智家,21.2,22.95,21.2,22.87,1034809,2290617088,1.72,8.132387706855793
2018-01-23,15:00,sh600690,海尔智家,22.6,22.82,22.18,22.5,781824,1753942272,-0.37,-1.6178399650196764
2018-01-24,15:00,sh600690,海尔智家,22.51,22.59,21.65,22.04,604843,1330041728,-0.46,-2.0444444444444447
2018-01-25,15:00,sh600690,海尔智家,22.04,22.04,21.21,21.47,792643,1705290368,-0.57,-2.586206896551724
2018-01-26,15:00,sh600690,海尔智家,21.4,22.1,21.2,21.76,653216,1420747776,0.29,1.3507219375873312
2018-01-29,15:00,sh600690,海尔智家,21.55,21.86,20.72,20.79,767142,1623448448,-0.97,-4.457720588235294
2018-01-30,15:00,sh600690,海尔智家,20.65,21.12,20.3,20.62,517316,1072398080,-0.17,-0.8177008177008177
2018-01-31,15:00,sh600690,海尔智家,20.5,21.36,20.5,21.2,621083,1310252928,0.58,2.8128031037827355
2018-02-01,15:00,sh600690,海尔智家,21.2,21.45,20.68,21.43,729021,1533956608,0.23,1.0849056603773584
2018-02-02,15:00,sh600690,海尔智家,21.1,21.46,20.93,21.17,532053,1127860864,-0.26,-1.2132524498366777
2018-02-05,15:00,sh600690,海尔智家,20.75,20.92,19.81,20.48,831509,1695156992,-0.69,-3.259329239489844
2018-02-06,15:00,sh600690,海尔智家,19.61,20.23,19.41,20.19,906263,1805078656,-0.29,-1.416015625
2018-02-07,15:00,sh600690,海尔智家,20.51,20.55,19.19,19.22,780689,1537480448,-0.97,-4.804358593363052
2018-02-08,15:00,sh600690,海尔智家,19.0,19.68,18.75,19.25,539918,1036222336,0.03,0.1560874089490114
2018-02-09,15:00,sh600690,海尔智家,18.7,18.88,17.6,18.84,741911,1363033344,-0.41,-2.12987012987013
2018-02-12,15:00,sh600690,海尔智家,18.76,19.6,18.66,19.38,539422,1035346624,0.54,2.8662420382165608
2018-02-13,15:00,sh600690,海尔智家,19.68,19.8,19.2,19.25,442884,863066176,-0.13,-0.6707946336429308
2018-02-14,15:00,sh600690,海尔智家,19.26,19.87,19.17,19.81,361311,708441984,0.56,2.909090909090909
2018-02-22,15:00,sh600690,海尔智家,20.11,20.6,20.11,20.41,508443,1034085376,0.6,3.0287733467945483
2018-02-23,15:00,sh600690,海尔智家,20.42,20.78,20.29,20.54,364918,750497088,0.13,0.6369426751592357
2018-02-26,15:00,sh600690,海尔智家,20.8,20.96,20.17,20.65,389874,801275008,0.11,0.5355404089581305
2018-02-27,15:00,sh600690,海尔智家,20.5,20.53,19.47,19.79,923219,1836026624,-0.86,-4.164648910411622
2018-02-28,15:00,sh600690,海尔智家,19.47,19.86,19.27,19.56,444657,870963520,-0.23,-1.1622031328954017
2018-03-01,15:00,sh600690,海尔智家,19.35,19.84,19.32,19.59,338422,663934912,0.03,0.1533742331288343
2018-03-02,15:00,sh600690,海尔智家,19.41,20.1,19.33,20.01,480465,955964096,0.42,2.14395099540582
2018-03-05,15:00,sh600690,海尔智家,20.03,20.11,19.6,20.03,375040,744831488,0.02,0.0999500249875062
2018-03-06,15:00,sh600690,海尔智家,20.01,20.02,19.48,19.7,488629,962498944,-0.33,-1.6475287069395907
2018-03-07,15:00,sh600690,海尔智家,19.8,19.98,19.64,19.7,290338,574881280,0.0,0.0
2018-03-08,15:00,sh600690,海尔智家,19.68,20.45,19.62,20.42,592260,1191742592,0.72,3.654822335025381
2018-03-09,15:00,sh600690,海尔智家,20.53,20.88,20.29,20.55,474121,975036416,0.13,0.6366307541625857
2018-03-12,15:00,sh600690,海尔智家,20.7,20.87,20.11,20.46,827595,1699139968,-0.09,-0.437956204379562
2018-03-13,15:00,sh600690,海尔智家,20.5,20.75,20.3,20.5,512264,1052411904,0.04,0.1955034213098729
2018-03-14,15:00,sh600690,海尔智家,20.38,20.49,20.19,20.31,286500,582104128,-0.19,-0.9268292682926828
2018-03-15,15:00,sh600690,海尔智家,20.18,20.82,20.16,20.79,598073,1235036288,0.48,2.363367799113737
2018-03-16,15:00,sh600690,海尔智家,20.71,20.84,20.31,20.33,394853,812277696,-0.46,-2.2126022126022127
2018-03-19,15:00,sh600690,海尔智家,20.23,20.4,19.8,20.38,335511,675456064,0.05,0.2459419576979832
2018-03-20,15:00,sh600690,海尔智家,20.15,20.19,19.8,19.99,292085,583754112,-0.39,-1.9136408243375855
2018-03-21,15:00,sh600690,海尔智家,20.1,20.11,19.32,19.6,555133,1093111936,-0.39,-1.950975487743872
2018-03-22,15:00,sh600690,海尔智家,19.57,19.57,18.85,19.03,581312,1108411264,-0.57,-2.9081632653061225
2018-03-23,15:00,sh600690,海尔智家,18.1,18.69,17.8,18.65,924443,1678649728,-0.38,-1.9968470835522856
2018-03-26,15:00,sh600690,海尔智家,18.23,18.33,17.92,18.18,414880,753215424,-0.47,-2.520107238605898
2018-03-27,15:00,sh600690,海尔智家,18.51,18.64,17.82,18.12,565224,1026322304,-0.06,-0.33003300330033
2018-03-28,15:00,sh600690,海尔智家,17.94,17.94,17.01,17.18,706491,1232716672,-0.94,-5.187637969094923
2018-03-29,15:00,sh600690,海尔智家,17.3,18.12,16.62,17.88,802618,1392467840,0.7,4.074505238649592
2018-03-30,15:00,sh600690,海尔智家,17.72,17.9,17.5,17.62,401584,709733888,-0.26,-1.45413870246085
2018-04-02,15:00,sh600690,海尔智家,17.47,17.94,17.15,17.28,468669,817154496,-0.34,-1.9296254256526677
2018-04-03,15:00,sh600690,海尔智家,17.09,17.45,17.0,17.31,314741,544277760,0.03,0.1736111111111111
2018-04-04,15:00,sh600690,海尔智家,17.48,17.87,17.25,17.66,516555,911810176,0.35,2.021952628538417
2018-04-09,15:00,sh600690,海尔智家,17.6,17.76,17.26,17.36,315356,549048576,-0.3,-1.698754246885617
2018-04-10,15:00,sh600690,海尔智家,17.47,18.0,17.41,17.99,409635,729667456,0.63,3.629032258064517
2018-04-11,15:00,sh600690,海尔智家,18.23,18.49,17.72,17.84,514370,929628864,-0.15,-0.8337965536409117
2018-04-12,15:00,sh600690,海尔智家,17.8,18.06,17.76,17.78,237423,424350720,-0.06,-0.336322869955157
2018-04-13,15:00,sh600690,海尔智家,17.88,18.05,17.51,17.6,259994,462260928,-0.18,-1.0123734533183353
2018-04-16,15:00,sh600690,海尔智家,17.52,17.69,17.08,17.33,331018,573209216,-0.27,-1.5340909090909092
2018-04-17,15:00,sh600690,海尔智家,17.33,17.43,16.93,17.06,301357,515959104,-0.27,-1.5579919215233695
2018-04-18,15:00,sh600690,海尔智家,17.22,17.27,16.58,16.74,387003,649959872,-0.32,-1.875732708089097
2018-04-19,15:00,sh600690,海尔智家,16.73,17.13,16.65,17.09,438247,745006592,0.35,2.090800477897252
2018-04-20,15:00,sh600690,海尔智家,17.07,17.43,16.86,17.08,471062,807351104,-0.01,-0.0585137507314218
2018-04-23,15:00,sh600690,海尔智家,17.07,17.53,16.99,17.38,319201,553254976,0.3,1.756440281030445
2018-04-24,15:00,sh600690,海尔智家,17.45,18.15,17.45,17.85,576447,1032329216,0.47,2.704257767548907
2018-04-25,15:00,sh600690,海尔智家,17.65,17.95,17.6,17.7,262578,465692224,-0.15,-0.8403361344537815
2018-04-26,15:00,sh600690,海尔智家,17.18,17.44,17.04,17.38,463133,797385280,-0.32,-1.807909604519774
2018-04-27,15:00,sh600690,海尔智家,17.5,17.54,16.87,17.14,422214,722777472,-0.24,-1.380897583429229
2018-05-02,15:00,sh600690,海尔智家,17.22,17.49,16.96,17.48,239128,413338688,0.34,1.9836639439906647
2018-05-03,15:00,sh600690,海尔智家,17.4,17.99,17.32,17.98,376567,669107200,0.5,2.860411899313501
2018-05-04,15:00,sh600690,海尔智家,17.89,18.07,17.68,17.7,237928,424685728,-0.28,-1.557285873192436
2018-05-07,15:00,sh600690,海尔智家,17.79,18.26,17.72,18.23,347370,627745280,0.53,2.994350282485876
2018-05-08,15:00,sh600690,海尔智家,18.23,18.59,18.15,18.38,457604,841512768,0.15,0.8228195282501372
2018-05-09,15:00,sh600690,海尔智家,18.38,18.4,18.08,18.16,270332,491720320,-0.22,-1.1969532100108813
2018-05-10,15:00,sh600690,海尔智家,18.2,18.46,18.03,18.2,319743,581698432,0.04,0.2202643171806167
2018-05-11,15:00,sh600690,海尔智家,18.22,18.26,17.89,17.95,241203,435334816,-0.25,-1.3736263736263736
2018-05-14,15:00,sh600690,海尔智家,18.02,18.55,18.01,18.5,486180,892908480,0.55,3.064066852367688
2018-05-15,15:00,sh600690,海尔智家,18.56,18.8,18.4,18.79,425597,791240064,0.29,1.5675675675675675
2018-05-16,15:00,sh600690,海尔智家,18.69,19.1,18.62,18.79,386973,731402944,0.0,0.0
2018-05-17,15:00,sh600690,海尔智家,18.55,18.6,18.11,18.19,480076,876166656,-0.6,-3.193187865886109
2018-05-18,15:00,sh600690,海尔智家,18.06,18.4,17.92,18.38,323379,587005184,0.19,1.0445299615173174
2018-05-21,15:00,sh600690,海尔智家,18.45,18.72,18.29,18.57,362055,670759232,0.19,1.0337323177366704
2018-05-22,15:00,sh600690,海尔智家,18.56,18.56,18.14,18.39,267758,490345248,-0.18,-0.9693053311793216
2018-05-23,15:00,sh600690,海尔智家,18.31,18.32,17.95,18.02,282813,512998336,-0.37,-2.011963023382273
2018-05-24,15:00,sh600690,海尔智家,18.02,18.16,17.91,17.99,198714,358226560,-0.03,-0.1664816870144284
2018-05-25,15:00,sh600690,海尔智家,17.95,18.38,17.88,18.33,294088,535957216,0.34,1.8899388549194
2018-05-28,15:00,sh600690,海尔智家,18.23,18.81,18.05,18.73,427485,794584512,0.4,2.182214948172395
2018-05-29,15:00,sh600690,海尔智家,18.76,18.85,18.6,18.83,317314,594985344,0.1,0.5339028296849974
2018-05-30,15:00,sh600690,海尔智家,18.21,19.2,18.21,18.83,467383,880744640,0.0,0.0
2018-05-31,15:00,sh600690,海尔智家,18.95,20.2,18.9,20.1,1028672,2030617600,1.27,6.744556558682953
2018-06-01,15:00,sh600690,海尔智家,19.81,19.99,19.42,19.65,514667,1012672768,-0.45,-2.238805970149253
2018-06-04,15:00,sh600690,海尔智家,19.88,20.75,19.88,20.28,750447,1527474560,0.63,3.206106870229008
2018-06-05,15:00,sh600690,海尔智家,20.49,20.55,20.02,20.47,490641,998596160,0.19,0.9368836291913214
2018-06-06,15:00,sh600690,海尔智家,20.42,20.95,20.3,20.69,545173,1128508928,0.22,1.074743527112848
2018-06-07,15:00,sh600690,海尔智家,20.4,20.63,20.01,20.31,480489,978910144,-0.38,-1.836636056065732
2018-06-08,15:00,sh600690,海尔智家,20.25,20.74,20.15,20.36,605888,1243670016,0.05,0.2461841457410143
2018-06-11,15:00,sh600690,海尔智家,20.43,20.75,20.12,20.36,466681,956119552,0.0,0.0
2018-06-12,15:00,sh600690,海尔智家,20.36,20.92,20.19,20.68,563762,1162983424,0.32,1.5717092337917484
2018-06-13,15:00,sh600690,海尔智家,20.88,21.11,20.33,20.67,509845,1058707072,-0.01,-0.0483558994197292
2018-06-14,15:00,sh600690,海尔智家,20.46,20.62,19.94,20.37,473882,963179776,-0.3,-1.4513788098693758
2018-06-15,15:00,sh600690,海尔智家,20.25,20.77,20.16,20.63,451416,922775168,0.26,1.2763868433971526
2018-06-19,15:00,sh600690,海尔智家,20.25,20.8,19.98,20.02,833373,1691221504,-0.61,-2.956858943286476
2018-06-20,15:00,sh600690,海尔智家,20.01,20.45,19.85,20.2,320990,646929920,0.18,0.8991008991008992
2018-06-21,15:00,sh600690,海尔智家,20.28,20.75,20.21,20.38,436826,897494080,0.18,0.891089108910891
2018-06-22,15:00,sh600690,海尔智家,20.15,20.41,19.85,20.35,334086,672336960,-0.03,-0.1472031403336604
2018-06-25,15:00,sh600690,海尔智家,20.5,21.42,20.26,20.96,751183,1576688512,0.61,2.997542997542997
2018-06-26,15:00,sh600690,海尔智家,20.65,21.15,19.97,20.32,662309,1348854912,-0.64,-3.0534351145038165
2018-06-27,15:00,sh600690,海尔智家,20.2,20.37,18.66,18.92,716760,1389020928,-1.4,-6.889763779527559
2018-06-28,15:00,sh600690,海尔智家,18.4,18.94,18.23,18.27,511130,947840640,-0.65,-3.4355179704016914
2018-06-29,15:00,sh600690,海尔智家,18.4,19.42,18.4,19.26,390002,740879104,0.99,5.41871921182266
2018-07-02,15:00,sh600690,海尔智家,19.22,19.49,18.51,18.77,329286,623365376,-0.49,-2.544132917964694
2018-07-03,15:00,sh600690,海尔智家,18.72,18.96,17.82,18.43,452740,824268416,-0.34,-1.8114011720831116
2018-07-04,15:00,sh600690,海尔智家,18.43,18.86,17.98,18.18,354369,653393984,-0.25,-1.3564839934888768
2018-07-05,15:00,sh600690,海尔智家,18.42,18.85,18.05,18.21,371508,685499200,0.03,0.165016501650165
2018-07-06,15:00,sh600690,海尔智家,18.24,18.64,17.51,18.22,432156,780514368,0.01,0.0549148819330038
2018-07-09,15:00,sh600690,海尔智家,18.32,19.05,18.32,19.03,466110,878670720,0.81,4.445664105378705
2018-07-10,15:00,sh600690,海尔智家,19.1,19.22,18.72,18.97,313487,593066816,-0.06,-0.3152916447714136
2018-07-11,15:00,sh600690,海尔智家,18.4,18.77,18.19,18.56,393839,724109312,-0.41,-2.161307327358988
2018-07-12,15:00,sh600690,海尔智家,18.51,19.24,18.43,18.94,460892,874145536,0.38,2.0474137931034484
2018-07-13,15:00,sh600690,海尔智家,18.94,19.1,18.79,18.82,283411,535635264,-0.12,-0.6335797254487857
2018-07-16,15:00,sh600690,海尔智家,18.96,19.1,18.58,18.73,260872,489483040,-0.09,-0.4782146652497344
2018-07-17,15:00,sh600690,海尔智家,18.72,18.8,18.31,18.59,226761,419965888,-0.14,-0.7474639615589963
2018-07-18,15:00,sh600690,海尔智家,18.69,18.9,18.35,18.4,251833,469131296,-0.19,-1.0220548682087145
2018-07-19,15:00,sh600690,海尔智家,18.45,18.6,18.29,18.45,221212,407874464,0.05,0.2717391304347826
2018-07-20,15:00,sh600690,海尔智家,18.47,18.52,17.9,18.21,499133,906098240,-0.24,-1.3008130081300813
2018-07-23,15:00,sh600690,海尔智家,18.17,18.17,17.74,17.98,397642,715844736,-0.23,-1.2630422844590885
2018-07-24,15:00,sh600690,海尔智家,18.08,18.48,18.02,18.09,839784,1526820864,0.11,0.6117908787541714
2018-07-25,15:00,sh600690,海尔智家,18.09,18.21,17.9,18.09,491093,886507904,0.0,0.0
2018-07-26,15:00,sh600690,海尔智家,18.14,18.14,17.69,17.71,387956,692419840,-0.38,-2.1006080707573247
2018-07-27,15:00,sh600690,海尔智家,17.66,17.66,17.02,17.14,480291,826760320,-0.57,-3.218520609824957
2018-07-30,15:00,sh600690,海尔智家,17.14,17.34,16.99,17.18,306261,525473536,0.04,0.2333722287047841
2018-07-31,15:00,sh600690,海尔智家,17.15,17.28,17.07,17.23,207245,356060672,0.05,0.2910360884749709
2018-08-01,15:00,sh600690,海尔智家,17.27,17.32,16.47,16.59,512509,864571968,-0.64,-3.7144515380150898
2018-08-02,15:00,sh600690,海尔智家,16.7,16.72,16.0,16.16,410625,667144448,-0.43,-2.591922845087402
2018-08-03,15:00,sh600690,海尔智家,16.1,16.11,15.32,15.65,576433,902025408,-0.51,-3.155940594059406
2018-08-06,15:00,sh600690,海尔智家,15.65,15.96,15.38,15.65,372125,582620352,0.0,0.0
2018-08-07,15:00,sh600690,海尔智家,15.73,16.28,15.7,16.25,394050,631127552,0.6,3.8338658146964857
2018-08-08,15:00,sh600690,海尔智家,16.14,16.37,15.8,15.82,317485,509273408,-0.43,-2.646153846153846
2018-08-09,15:00,sh600690,海尔智家,15.77,16.35,15.7,16.1,409477,662563520,0.28,1.7699115044247788
2018-08-10,15:00,sh600690,海尔智家,16.17,16.5,16.11,16.49,299074,487912768,0.39,2.422360248447205
2018-08-13,15:00,sh600690,海尔智家,16.25,16.35,16.17,16.32,248011,403257728,-0.17,-1.0309278350515465
2018-08-14,15:00,sh600690,海尔智家,16.32,16.38,15.75,15.92,355343,568387008,-0.4,-2.450980392156863
2018-08-15,15:00,sh600690,海尔智家,15.93,15.97,15.3,15.32,350226,543529728,-0.6,-3.7688442211055273
2018-08-16,15:00,sh600690,海尔智家,15.24,15.53,14.96,15.16,303164,462867872,-0.16,-1.0443864229765014
2018-08-17,15:00,sh600690,海尔智家,15.32,15.44,14.8,14.85,273366,411881440,-0.31,-2.044854881266491
2018-08-20,15:00,sh600690,海尔智家,14.9,15.13,14.69,15.13,244120,364818240,0.28,1.8855218855218852
2018-08-21,15:00,sh600690,海尔智家,15.13,15.6,15.1,15.56,303600,468318944,0.43,2.842035690680767
2018-08-22,15:00,sh600690,海尔智家,15.48,15.48,15.09,15.18,188479,287357504,-0.38,-2.442159383033419
2018-08-23,15:00,sh600690,海尔智家,15.12,15.31,14.89,15.18,212661,321310624,0.0,0.0
2018-08-24,15:00,sh600690,海尔智家,15.09,15.2,14.91,15.04,169998,255137424,-0.14,-0.922266139657444
2018-08-27,15:00,sh600690,海尔智家,15.1,15.53,15.1,15.48,361405,554907328,0.44,2.925531914893617
2018-08-28,15:00,sh600690,海尔智家,15.5,15.58,15.22,15.31,287737,442604640,-0.17,-1.098191214470284
2018-08-29,15:00,sh600690,海尔智家,15.25,15.3,15.0,15.05,220981,333574272,-0.26,-1.6982364467668192
2018-08-30,15:00,sh600690,海尔智家,15.05,15.27,15.01,15.15,230191,348069248,0.1,0.6644518272425249
2018-08-31,15:00,sh600690,海尔智家,14.87,14.94,14.56,14.89,345620,510226784,-0.26,-1.7161716171617163
2018-09-03,15:00,sh600690,海尔智家,14.76,14.94,14.66,14.89,175623,259847552,0.0,0.0
2018-09-04,15:00,sh600690,海尔智家,14.98,15.22,14.84,15.16,225113,338702912,0.27,1.8132975151108128
2018-09-05,15:00,sh600690,海尔智家,15.1,15.27,15.03,15.03,225431,341741792,-0.13,-0.8575197889182058
2018-09-06,15:00,sh600690,海尔智家,14.97,15.15,14.87,14.93,163145,244701232,-0.1,-0.665335994677312
2018-09-07,15:00,sh600690,海尔智家,15.0,15.15,14.75,14.89,155222,232260176,-0.04,-0.2679169457468184
2018-09-10,15:00,sh600690,海尔智家,14.81,15.06,14.62,14.97,196666,292776736,0.08,0.5372733378106112
2018-09-11,15:00,sh600690,海尔智家,14.9,15.12,14.82,14.98,157091,235751232,0.01,0.0668002672010688
2018-09-12,15:00,sh600690,海尔智家,14.98,15.04,14.76,14.79,163663,243050544,-0.19,-1.268357810413885
2018-09-13,15:00,sh600690,海尔智家,14.99,15.1,14.86,15.08,260153,389599392,0.29,1.96078431372549
2018-09-14,15:00,sh600690,海尔智家,15.13,15.41,15.1,15.32,335519,513375680,0.24,1.5915119363395225
2018-09-17,15:00,sh600690,海尔智家,15.22,15.35,14.95,15.01,232400,350848512,-0.31,-2.0234986945169715
2018-09-18,15:00,sh600690,海尔智家,14.9,15.22,14.73,15.17,270155,404236896,0.16,1.0659560293137909
2018-09-19,15:00,sh600690,海尔智家,15.03,15.99,15.0,15.89,570873,892308736,0.72,4.746209624258404
2018-09-20,15:00,sh600690,海尔智家,15.8,16.57,15.78,16.27,671821,1095679616,0.38,2.391441157960982
2018-09-21,15:00,sh600690,海尔智家,16.41,16.76,16.16,16.6,470722,776882176,0.33,2.028272894898586
2018-09-25,15:00,sh600690,海尔智家,16.4,16.4,16.08,16.2,321974,522411072,-0.4,-2.409638554216868
2018-09-26,15:00,sh600690,海尔智家,16.3,16.75,16.23,16.39,373320,616322496,0.19,1.1728395061728396
2018-09-27,15:00,sh600690,海尔智家,16.4,16.51,16.17,16.42,240516,393922528,0.03,0.1830384380719951
2018-09-28,15:00,sh600690,海尔智家,16.4,16.7,16.36,16.52,287074,473720544,0.1,0.6090133982947624
2018-10-08,15:00,sh600690,海尔智家,16.2,16.22,15.65,15.7,339253,537836224,-0.82,-4.963680387409201
2018-10-09,15:00,sh600690,海尔智家,15.8,16.0,15.7,15.81,243307,385361824,0.11,0.7006369426751593
2018-10-10,15:00,sh600690,海尔智家,15.89,15.95,15.41,15.66,256409,400587264,-0.15,-0.9487666034155596
2018-10-11,15:00,sh600690,海尔智家,15.38,15.38,14.84,14.95,428676,646608960,-0.71,-4.533844189016604
2018-10-12,15:00,sh600690,海尔智家,14.75,14.9,13.92,14.73,561989,811441024,-0.22,-1.471571906354515
2018-10-15,15:00,sh600690,海尔智家,14.5,14.5,13.26,13.38,936096,1277272064,-1.35,-9.164969450101832
2018-10-16,15:00,sh600690,海尔智家,13.3,13.59,13.26,13.39,332262,445096320,0.01,0.0747384155455904
2018-10-17,15:00,sh600690,海尔智家,13.57,13.73,13.47,13.62,346866,472143168,0.23,1.7176997759522032
2018-10-18,15:00,sh600690,海尔智家,13.57,13.57,13.06,13.4,376096,501230656,-0.22,-1.6152716593245229
2018-10-19,15:00,sh600690,海尔智家,12.95,13.69,12.71,13.6,463225,611725632,0.2,1.4925373134328357
2018-10-22,15:00,sh600690,海尔智家,13.59,14.3,13.5,13.95,542172,757882304,0.35,2.5735294117647056
2018-10-23,15:00,sh600690,海尔智家,13.98,13.99,13.01,13.29,593673,794685248,-0.66,-4.731182795698925
2018-10-24,15:00,sh600690,海尔智家,13.12,13.5,13.01,13.26,259984,344907776,-0.03,-0.2257336343115124
2018-10-25,15:00,sh600690,海尔智家,12.79,12.95,12.59,12.71,398116,507815040,-0.55,-4.147812971342383
2018-10-26,15:00,sh600690,海尔智家,12.82,13.06,12.73,12.93,289627,373190464,0.22,1.730920535011802
2018-10-29,15:00,sh600690,海尔智家,12.91,12.91,12.05,12.16,425873,527076128,-0.77,-5.955143078112916
2018-10-30,15:00,sh600690,海尔智家,12.01,12.4,11.96,12.19,287947,352316032,0.03,0.2467105263157894
2018-10-31,15:00,sh600690,海尔智家,12.3,12.67,12.26,12.66,306262,382672960,0.47,3.855619360131255
2018-11-01,15:00,sh600690,海尔智家,12.75,13.12,12.75,12.88,427234,554237632,0.22,1.7377567140600316
2018-11-02,15:00,sh600690,海尔智家,13.29,13.66,13.13,13.66,571506,766195200,0.78,6.055900621118012
2018-11-05,15:00,sh600690,海尔智家,13.5,13.6,13.37,13.55,307893,415064160,-0.11,-0.8052708638360175
2018-11-06,15:00,sh600690,海尔智家,13.5,13.52,13.21,13.38,171846,228738464,-0.17,-1.2546125461254614
2018-11-07,15:00,sh600690,海尔智家,13.38,13.53,13.21,13.38,134383,179894192,0.0,0.0
2018-11-08,15:00,sh600690,海尔智家,13.5,13.56,13.18,13.22,163515,217897696,-0.16,-1.195814648729447
2018-11-09,15:00,sh600690,海尔智家,13.18,13.32,13.13,13.15,123554,163430304,-0.07,-0.529500756429652
2018-11-12,15:00,sh600690,海尔智家,13.14,13.57,13.09,13.53,198570,265188736,0.38,2.8897338403041823
2018-11-13,15:00,sh600690,海尔智家,13.4,13.75,13.25,13.61,257502,347330144,0.08,0.5912786400591279
2018-11-14,15:00,sh600690,海尔智家,13.61,13.61,13.4,13.41,202883,272934304,-0.2,-1.4695077149155034
2018-11-15,15:00,sh600690,海尔智家,13.38,13.54,13.34,13.53,154917,208269616,0.12,0.8948545861297539
2018-11-16,15:00,sh600690,海尔智家,13.52,13.9,13.48,13.82,262524,360644608,0.29,2.1433850702143387
2018-11-19,15:00,sh600690,海尔智家,13.83,14.31,13.79,14.2,280179,395503392,0.38,2.7496382054992763
2018-11-20,15:00,sh600690,海尔智家,14.02,14.2,13.85,13.9,210240,294536896,-0.3,-2.112676056338028
2018-11-21,15:00,sh600690,海尔智家,13.76,14.08,13.69,14.04,166094,231019952,0.14,1.0071942446043165
2018-11-22,15:00,sh600690,海尔智家,14.05,14.25,14.02,14.13,164596,232836064,0.09,0.641025641025641
2018-11-23,15:00,sh600690,海尔智家,14.14,14.18,13.6,13.6,183535,254118752,-0.53,-3.750884642604388
2018-11-26,15:00,sh600690,海尔智家,13.6,14.11,13.59,13.92,212656,296274144,0.32,2.3529411764705883
2018-11-27,15:00,sh600690,海尔智家,14.06,14.18,13.76,13.8,155635,217522064,-0.12,-0.8620689655172413
2018-11-28,15:00,sh600690,海尔智家,13.79,14.1,13.76,13.91,140789,196209264,0.11,0.7971014492753623
2018-11-29,15:00,sh600690,海尔智家,14.0,14.04,13.7,13.79,119914,166602256,-0.12,-0.8626887131560028
2018-11-30,15:00,sh600690,海尔智家,13.76,13.88,13.65,13.75,141139,194119120,-0.04,-0.290065264684554
2018-12-03,15:00,sh600690,海尔智家,14.17,14.91,14.16,14.82,558596,816090688,1.07,7.781818181818181
2018-12-04,15:00,sh600690,海尔智家,14.75,14.75,14.42,14.65,295380,430974560,-0.17,-1.1470985155195683
2018-12-05,15:00,sh600690,海尔智家,14.39,14.65,14.34,14.41,266043,384469280,-0.24,-1.6382252559726962
2018-12-06,15:00,sh600690,海尔智家,14.25,14.31,13.89,13.92,294436,413009440,-0.49,-3.4004163775156147
2018-12-07,15:00,sh600690,海尔智家,13.91,14.0,13.71,13.75,187742,259012096,-0.17,-1.221264367816092
2018-12-10,15:00,sh600690,海尔智家,13.61,13.7,13.23,13.46,271745,364299136,-0.29,-2.109090909090909
2018-12-11,15:00,sh600690,海尔智家,13.46,13.6,13.44,13.6,114183,154512944,0.14,1.040118870728083
2018-12-12,15:00,sh600690,海尔智家,13.75,13.78,13.5,13.66,157568,214779888,0.06,0.4411764705882353
2018-12-13,15:00,sh600690,海尔智家,13.66,14.58,13.62,14.51,555752,791957952,0.85,6.222547584187408
2018-12-14,15:00,sh600690,海尔智家,14.36,14.51,14.21,14.39,307163,441005888,-0.12,-0.8270158511371467
2018-12-17,15:00,sh600690,海尔智家,14.4,14.57,14.03,14.43,228143,326920576,0.04,0.2779708130646282
2018-12-18,15:00,sh600690,海尔智家,14.27,14.56,14.05,14.07,259650,369124160,-0.36,-2.494802494802495
2018-12-19,15:00,sh600690,海尔智家,14.06,14.25,13.9,14.13,218080,307107232,0.06,0.4264392324093816
2018-12-20,15:00,sh600690,海尔智家,14.0,14.15,13.83,13.94,184723,257487104,-0.19,-1.3446567586694975
2018-12-21,15:00,sh600690,海尔智家,13.88,13.95,13.67,13.85,161003,221798784,-0.09,-0.6456241032998565
2018-12-24,15:00,sh600690,海尔智家,13.8,13.98,13.66,13.89,95813,132535920,0.04,0.2888086642599278
2018-12-25,15:00,sh600690,海尔智家,13.72,13.88,13.5,13.81,159452,217401152,-0.08,-0.5759539236861051
2018-12-26,15:00,sh600690,海尔智家,13.8,14.07,13.75,13.85,154596,215235136,0.04,0.2896451846488052
2018-12-27,15:00,sh600690,海尔智家,14.18,14.3,13.96,14.09,239443,337191232,0.24,1.7328519855595668
2018-12-28,15:00,sh600690,海尔智家,14.1,14.12,13.73,13.85,292295,405986112,-0.24,-1.7033356990773598
2019-01-02,15:00,sh600690,海尔智家,13.94,13.94,13.5,13.53,184180,250526896,-0.32,-2.3104693140794224
2019-01-03,15:00,sh600690,海尔智家,13.52,13.77,13.3,13.45,159070,214153648,-0.08,-0.5912786400591279
2019-01-04,15:00,sh600690,海尔智家,13.28,13.68,13.15,13.59,186196,250519632,0.14,1.0408921933085502
2019-01-07,15:00,sh600690,海尔智家,13.68,13.73,13.37,13.42,273226,368326880,-0.17,-1.2509197939661516
2019-01-08,15:00,sh600690,海尔智家,13.41,13.5,13.22,13.26,199765,266054672,-0.16,-1.1922503725782414
2019-01-09,15:00,sh600690,海尔智家,13.96,14.2,13.66,14.0,772361,1080363136,0.74,5.580693815987934
2019-01-10,15:00,sh600690,海尔智家,14.03,14.08,13.81,13.96,293242,409263296,-0.04,-0.2857142857142857
2019-01-11,15:00,sh600690,海尔智家,14.01,14.17,13.88,14.07,197118,276527904,0.11,0.7879656160458453
2019-01-14,15:00,sh600690,海尔智家,14.14,14.14,13.89,13.95,161568,226038800,-0.12,-0.8528784648187633
2019-01-15,15:00,sh600690,海尔智家,13.91,14.76,13.91,14.66,509152,732160000,0.71,5.089605734767025
2019-01-16,15:00,sh600690,海尔智家,14.66,14.74,14.5,14.63,297486,434738880,-0.03,-0.2046384720327421
2019-01-17,15:00,sh600690,海尔智家,14.61,14.83,14.42,14.62,237519,347605632,-0.01,-0.0683526999316473
2019-01-18,15:00,sh600690,海尔智家,14.62,15.15,14.59,15.14,343865,513477536,0.52,3.556771545827633
2019-01-21,15:00,sh600690,海尔智家,15.08,15.71,15.06,15.18,420837,645293504,0.04,0.2642007926023778
2019-01-22,15:00,sh600690,海尔智家,15.16,15.18,14.83,14.97,228313,341850400,-0.21,-1.383399209486166
2019-01-23,15:00,sh600690,海尔智家,14.91,15.08,14.83,14.88,178296,266292544,-0.09,-0.6012024048096193
2019-01-24,15:00,sh600690,海尔智家,14.97,15.4,14.92,15.31,302944,460914144,0.43,2.889784946236559
2019-01-25,15:00,sh600690,海尔智家,15.3,15.6,15.14,15.46,260997,403468608,0.15,0.9797517962116264
2019-01-28,15:00,sh600690,海尔智家,15.5,16.0,15.5,15.57,299693,472270528,0.11,0.7115135834411385
2019-01-29,15:00,sh600690,海尔智家,15.51,15.79,15.4,15.57,290691,452961440,0.0,0.0
2019-01-30,15:00,sh600690,海尔智家,15.53,15.7,15.38,15.55,214746,334070912,-0.02,-0.1284521515735388
2019-01-31,15:00,sh600690,海尔智家,15.7,16.08,15.7,16.0,341196,544309440,0.45,2.893890675241157
2019-02-01,15:00,sh600690,海尔智家,16.25,16.3,15.96,16.19,251668,405885760,0.19,1.1875
2019-02-11,15:00,sh600690,海尔智家,16.19,16.48,16.1,16.36,375078,612851968,0.17,1.0500308832612724
2019-02-12,15:00,sh600690,海尔智家,16.33,16.46,16.13,16.17,310840,504013056,-0.19,-1.1613691931540342
2019-02-13,15:00,sh600690,海尔智家,16.17,16.35,16.05,16.15,381100,616167744,-0.02,-0.1236858379715522
2019-02-14,15:00,sh600690,海尔智家,16.16,16.59,16.1,16.51,367240,603381056,0.36,2.2291021671826625
2019-02-15,15:00,sh600690,海尔智家,16.43,16.49,15.73,15.78,588672,939385728,-0.73,-4.421562689279225
2019-02-18,15:00,sh600690,海尔智家,15.9,16.17,15.9,16.14,431017,692702016,0.36,2.281368821292776
2019-02-19,15:00,sh600690,海尔智家,16.28,16.63,16.01,16.06,357441,581671488,-0.08,-0.4956629491945477
2019-02-20,15:00,sh600690,海尔智家,16.15,16.16,15.85,16.0,259949,416200288,-0.06,-0.37359900373599
2019-02-21,15:00,sh600690,海尔智家,16.1,16.29,15.9,15.98,345746,556843520,-0.02,-0.125
2019-02-22,15:00,sh600690,海尔智家,15.98,16.03,15.78,15.96,285718,453904288,-0.02,-0.1251564455569462
2019-02-25,15:00,sh600690,海尔智家,16.5,16.7,16.15,16.7,732777,1197777920,0.74,4.636591478696742
2019-02-26,15:00,sh600690,海尔智家,16.68,17.06,16.42,16.45,595414,998579776,-0.25,-1.497005988023952
2019-02-27,15:00,sh600690,海尔智家,16.51,16.92,16.49,16.66,367866,614755328,0.21,1.276595744680851
2019-02-28,15:00,sh600690,海尔智家,16.66,16.95,16.48,16.48,387335,646710208,-0.18,-1.0804321728691475
2019-03-01,15:00,sh600690,海尔智家,16.7,17.18,16.56,17.17,580712,982053376,0.69,4.186893203883495
2019-03-04,15:00,sh600690,海尔智家,17.25,17.85,17.25,17.43,591211,1041280000,0.26,1.51426907396622
2019-03-05,15:00,sh600690,海尔智家,17.43,17.84,17.42,17.53,383990,676418304,0.1,0.5737234652897304
2019-03-06,15:00,sh600690,海尔智家,17.46,17.5,17.03,17.26,518500,892006848,-0.27,-1.540216771249287
2019-03-07,15:00,sh600690,海尔智家,17.33,17.35,16.56,16.7,668398,1119389824,-0.56,-3.2444959443800694
2019-03-08,15:00,sh600690,海尔智家,16.44,16.44,15.71,15.72,795338,1273001728,-0.98,-5.868263473053893
2019-03-11,15:00,sh600690,海尔智家,15.73,16.16,15.72,16.14,477791,761364032,0.42,2.6717557251908395
2019-03-12,15:00,sh600690,海尔智家,16.28,16.34,15.8,15.87,636077,1024949184,-0.27,-1.6728624535315983
2019-03-13,15:00,sh600690,海尔智家,15.92,16.1,15.57,16.06,649820,1030757248,0.19,1.1972274732199115
2019-03-14,15:00,sh600690,海尔智家,15.99,16.36,15.9,16.1,413601,668371520,0.04,0.24906600249066
2019-03-15,15:00,sh600690,海尔智家,16.27,16.94,16.07,16.86,826136,1374303232,0.76,4.720496894409938
2019-03-18,15:00,sh600690,海尔智家,16.9,17.34,16.72,17.26,763739,1307849216,0.4,2.372479240806643
2019-03-19,15:00,sh600690,海尔智家,17.26,17.35,16.86,17.09,487384,828609216,-0.17,-0.984936268829664
2019-03-20,15:00,sh600690,海尔智家,16.95,17.0,16.55,16.72,411958,689708992,-0.37,-2.1650087770626096
2019-03-21,15:00,sh600690,海尔智家,16.74,16.78,16.58,16.68,347642,579880192,-0.04,-0.2392344497607655
2019-03-22,15:00,sh600690,海尔智家,16.68,16.87,16.51,16.67,364110,606619136,-0.01,-0.0599520383693045
2019-03-25,15:00,sh600690,海尔智家,16.4,16.63,16.17,16.35,375875,617072704,-0.32,-1.9196160767846429
2019-03-26,15:00,sh600690,海尔智家,16.4,16.53,16.19,16.43,399643,653115840,0.08,0.4892966360856269
2019-03-27,15:00,sh600690,海尔智家,16.53,16.92,16.31,16.92,452063,755053376,0.49,2.982349360925137
2019-03-28,15:00,sh600690,海尔智家,16.75,16.79,16.36,16.48,533688,882330624,-0.44,-2.6004728132387704
2019-03-29,15:00,sh600690,海尔智家,16.5,17.18,16.42,17.11,726449,1230899200,0.63,3.8228155339805823
2019-04-01,15:00,sh600690,海尔智家,17.2,18.3,17.2,18.08,1053509,1883084800,0.97,5.669199298655757
2019-04-02,15:00,sh600690,海尔智家,18.13,18.22,17.71,17.87,549382,983006720,-0.21,-1.1615044247787611
2019-04-03,15:00,sh600690,海尔智家,17.91,18.24,17.73,18.17,454096,816714176,0.3,1.6787912702853944
2019-04-04,15:00,sh600690,海尔智家,18.17,18.42,18.11,18.24,373363,681271168,0.07,0.3852504127682994
2019-04-08,15:00,sh600690,海尔智家,18.31,18.79,17.92,18.1,561899,1033605184,-0.14,-0.7675438596491228
2019-04-09,15:00,sh600690,海尔智家,18.65,19.18,18.2,18.47,578375,1075225728,0.37,2.0441988950276246
2019-04-10,15:00,sh600690,海尔智家,18.28,18.43,17.99,18.14,496793,902666304,-0.33,-1.7866811044937738
2019-04-11,15:00,sh600690,海尔智家,18.08,18.08,17.37,17.44,570692,1004344960,-0.7,-3.858875413450937
2019-04-12,15:00,sh600690,海尔智家,17.5,17.51,17.0,17.22,536548,921889856,-0.22,-1.261467889908257
2019-04-15,15:00,sh600690,海尔智家,17.45,17.91,17.12,17.15,499880,876263296,-0.07,-0.4065040650406504
2019-04-16,15:00,sh600690,海尔智家,17.15,17.63,16.87,17.63,442273,765081984,0.48,2.7988338192419824
2019-04-17,15:00,sh600690,海尔智家,17.65,18.05,17.4,17.78,457935,810940096,0.15,0.8508224617129893
2019-04-18,15:00,sh600690,海尔智家,18.03,18.38,17.78,17.87,468858,845843584,0.09,0.5061867266591676
2019-04-19,15:00,sh600690,海尔智家,17.72,18.5,17.62,18.36,490216,885755392,0.49,2.7420257414661444
2019-04-22,15:00,sh600690,海尔智家,18.3,18.32,17.53,17.68,447384,801011520,-0.68,-3.7037037037037033
2019-04-23,15:00,sh600690,海尔智家,17.68,17.85,17.43,17.7,371213,656544256,0.02,0.1131221719457013
2019-04-24,15:00,sh600690,海尔智家,17.74,17.81,17.25,17.47,307420,538373824,-0.23,-1.2994350282485876
2019-04-25,15:00,sh600690,海尔智家,17.25,17.4,16.95,17.02,354948,609119872,-0.45,-2.575844304522038
2019-04-26,15:00,sh600690,海尔智家,16.9,17.01,16.54,16.75,387445,651470208,-0.27,-1.5863689776733254
2019-04-29,15:00,sh600690,海尔智家,16.7,16.99,16.35,16.67,468936,785883072,-0.08,-0.4776119402985074
2019-04-30,15:00,sh600690,海尔智家,16.65,17.23,16.57,17.18,378838,644370880,0.51,3.059388122375525
2019-05-06,15:00,sh600690,海尔智家,16.6,16.85,15.86,16.32,585141,960570176,-0.86,-5.005820721769499
2019-05-07,15:00,sh600690,海尔智家,16.37,16.9,16.37,16.76,341051,570131904,0.44,2.696078431372549
2019-05-08,15:00,sh600690,海尔智家,16.65,16.88,16.39,16.49,283212,470862720,-0.27,-1.6109785202863964
2019-05-09,15:00,sh600690,海尔智家,16.24,16.4,15.8,15.9,296940,475599552,-0.59,-3.5779260157671318
2019-05-10,15:00,sh600690,海尔智家,16.07,16.58,15.52,16.43,364774,592991232,0.53,3.333333333333333
2019-05-13,15:00,sh600690,海尔智家,16.28,16.36,15.68,15.74,370801,591339200,-0.69,-4.199634814363969
2019-05-14,15:00,sh600690,海尔智家,15.54,15.89,15.48,15.79,377781,593471488,0.05,0.3176620076238882
2019-05-15,15:00,sh600690,海尔智家,15.97,16.34,15.91,16.27,331900,536878848,0.48,3.039898670044332
2019-05-16,15:00,sh600690,海尔智家,16.22,16.44,16.13,16.38,249733,407635136,0.11,0.6760909649661955
2019-05-17,15:00,sh600690,海尔智家,16.36,16.36,15.67,15.78,504205,800306048,-0.6,-3.6630036630036633
2019-05-20,15:00,sh600690,海尔智家,15.68,15.95,15.52,15.82,259923,408066560,0.04,0.2534854245880861
2019-05-21,15:00,sh600690,海尔智家,15.75,16.4,15.68,16.22,381140,615990400,0.4,2.528445006321113
2019-05-22,15:00,sh600690,海尔智家,16.22,16.27,15.98,16.06,255553,411813248,-0.16,-0.9864364981504316
2019-05-23,15:00,sh600690,海尔智家,16.07,16.22,15.78,16.11,294935,472985376,0.05,0.311332503113325
2019-05-24,15:00,sh600690,海尔智家,16.09,16.22,15.95,16.12,187545,302072928,0.01,0.0620732464307883
2019-05-27,15:00,sh600690,海尔智家,16.14,16.21,15.82,16.15,270003,432692160,0.03,0.1861042183622828
2019-05-28,15:00,sh600690,海尔智家,16.14,16.37,16.01,16.3,325840,527839584,0.15,0.9287925696594428
2019-05-29,15:00,sh600690,海尔智家,16.1,16.2,16.0,16.05,202972,326552384,-0.25,-1.5337423312883436
2019-05-30,15:00,sh600690,海尔智家,16.03,16.04,15.65,15.86,358620,565546624,-0.19,-1.1838006230529596
2019-05-31,15:00,sh600690,海尔智家,15.86,16.07,15.68,15.9,299133,476780736,0.04,0.2522068095838587
2019-06-03,15:00,sh600690,海尔智家,15.91,16.15,15.87,16.05,231774,370998336,0.15,0.9433962264150944
2019-06-04,15:00,sh600690,海尔智家,16.0,16.03,15.7,15.78,185653,293199424,-0.27,-1.6822429906542056
2019-06-05,15:00,sh600690,海尔智家,15.9,15.96,15.68,15.73,225748,356820096,-0.05,-0.3168567807351077
2019-06-06,15:00,sh600690,海尔智家,15.81,15.82,15.55,15.56,174575,273125728,-0.17,-1.080737444373808
2019-06-10,15:00,sh600690,海尔智家,15.59,16.05,15.58,15.97,259650,412774240,0.41,2.634961439588689
2019-06-11,15:00,sh600690,海尔智家,15.96,16.45,15.92,16.42,326473,531957120,0.45,2.817783343769568
2019-06-12,15:00,sh600690,海尔智家,16.42,16.55,16.28,16.31,189952,310939424,-0.11,-0.6699147381242387
2019-06-13,15:00,sh600690,海尔智家,16.33,16.38,16.12,16.24,184089,298981568,-0.07,-0.4291845493562232
2019-06-14,15:00,sh600690,海尔智家,16.25,16.59,16.24,16.33,231017,378942048,0.09,0.5541871921182266
2019-06-17,15:00,sh600690,海尔智家,16.38,16.44,16.08,16.14,183923,297956160,-0.19,-1.1635027556644213
2019-06-18,15:00,sh600690,海尔智家,16.17,16.34,16.1,16.33,122643,199221296,0.19,1.177199504337051
2019-06-19,15:00,sh600690,海尔智家,16.61,16.84,16.53,16.53,260062,433724960,0.2,1.224739742804654
2019-06-20,15:00,sh600690,海尔智家,16.52,17.2,16.5,16.99,409178,691879616,0.46,2.782819116757411
2019-06-21,15:00,sh600690,海尔智家,16.94,17.11,16.86,16.98,256307,434312448,-0.01,-0.0588581518540317
2019-06-24,15:00,sh600690,海尔智家,17.03,17.45,16.9,17.17,327889,564105280,0.19,1.1189634864546525
2019-06-25,15:00,sh600690,海尔智家,17.19,17.2,16.78,16.98,240908,409377568,-0.19,-1.10658124635993
2019-06-26,15:00,sh600690,海尔智家,16.96,17.35,16.9,17.27,218599,375718304,0.29,1.707891637220259
2019-06-27,15:00,sh600690,海尔智家,17.29,17.47,17.24,17.32,195115,338584192,0.05,0.2895193977996526
2019-06-28,15:00,sh600690,海尔智家,17.34,17.34,17.07,17.29,189306,325224256,-0.03,-0.1732101616628175
2019-07-01,15:00,sh600690,海尔智家,17.57,17.99,17.57,17.8,343705,612013504,0.51,2.949681897050318
2019-07-02,15:00,sh600690,海尔智家,17.8,18.05,17.72,17.98,309899,556111616,0.18,1.0112359550561798
2019-07-03,15:00,sh600690,海尔智家,17.91,18.35,17.84,17.94,338374,612344064,-0.04,-0.2224694104560622
2019-07-04,15:00,sh600690,海尔智家,18.02,18.18,17.67,17.78,305579,546076864,-0.16,-0.8918617614269788
2019-07-05,15:00,sh600690,海尔智家,17.86,17.95,17.66,17.78,191872,341687328,0.0,0.0
2019-07-08,15:00,sh600690,海尔智家,17.76,17.84,17.23,17.46,263479,461203776,-0.32,-1.799775028121485
2019-07-09,15:00,sh600690,海尔智家,17.54,17.68,17.3,17.43,174241,304131968,-0.03,-0.1718213058419244
2019-07-10,15:00,sh600690,海尔智家,17.55,17.59,17.18,17.31,173777,301637376,-0.12,-0.6884681583476765
2019-07-11,15:00,sh600690,海尔智家,17.4,17.67,17.21,17.31,185615,323314144,0.0,0.0
2019-07-12,15:00,sh600690,海尔智家,17.27,17.49,17.23,17.31,173139,300968416,0.0,0.0
2019-07-15,15:00,sh600690,海尔智家,17.29,17.57,16.87,17.44,233740,404016256,0.13,0.7510109763142693
2019-07-16,15:00,sh600690,海尔智家,17.49,17.53,17.15,17.19,188752,325958464,-0.25,-1.43348623853211
2019-07-17,15:00,sh600690,海尔智家,17.2,17.21,16.91,16.94,210321,357987840,-0.25,-1.4543339150668992
2019-07-18,15:00,sh600690,海尔智家,16.88,16.9,16.58,16.71,204332,341108480,-0.23,-1.357733175914994
2019-07-19,15:00,sh600690,海尔智家,16.79,17.03,16.67,16.81,207876,349775776,0.1,0.5984440454817475
2019-07-22,15:00,sh600690,海尔智家,16.81,16.86,16.52,16.55,167155,278403136,-0.26,-1.5466983938132064
2019-07-23,15:00,sh600690,海尔智家,16.6,16.73,16.4,16.7,217140,359787648,0.15,0.906344410876133
2019-07-24,15:00,sh600690,海尔智家,16.7,16.93,16.68,16.88,228689,385271552,0.18,1.0778443113772456
2019-07-25,15:00,sh600690,海尔智家,16.91,17.0,16.78,16.99,167882,284099552,0.11,0.6516587677725119
2019-07-26,15:00,sh600690,海尔智家,16.96,16.96,16.73,16.83,189554,318825120,-0.16,-0.9417304296645084
2019-07-29,15:00,sh600690,海尔智家,16.88,16.92,16.62,16.68,223008,372611104,-0.15,-0.8912655971479502
2019-07-30,15:00,sh600690,海尔智家,16.65,17.0,16.65,16.88,210828,355720992,0.2,1.1990407673860912
2019-07-31,15:00,sh600690,海尔智家,16.94,16.95,16.81,16.83,136880,231116784,-0.05,-0.2962085308056872
2019-08-01,15:00,sh600690,海尔智家,16.78,16.88,16.58,16.88,220634,369105184,0.05,0.29708853238265
2019-08-02,15:00,sh600690,海尔智家,16.56,16.64,16.08,16.18,486168,792670656,-0.7,-4.1469194312796205
2019-08-05,15:00,sh600690,海尔智家,16.08,16.09,15.73,15.8,263879,420010240,-0.38,-2.3485784919653896
2019-08-06,15:00,sh600690,海尔智家,15.53,15.57,15.11,15.43,417366,639661440,-0.37,-2.3417721518987342
2019-08-07,15:00,sh600690,海尔智家,15.55,15.6,15.35,15.41,174348,269158208,-0.02,-0.1296176279974076
2019-08-08,15:00,sh600690,海尔智家,15.18,15.18,15.01,15.15,207930,313896416,-0.26,-1.6872160934458142
2019-08-09,15:00,sh600690,海尔智家,15.2,15.37,15.17,15.19,215564,329189536,0.04,0.264026402640264
2019-08-12,15:00,sh600690,海尔智家,15.22,15.38,15.15,15.38,190851,291119936,0.19,1.2508229098090848
2019-08-13,15:00,sh600690,海尔智家,15.25,15.36,15.03,15.06,235307,356238432,-0.32,-2.080624187256177
2019-08-14,15:00,sh600690,海尔智家,15.3,15.44,15.1,15.15,292414,445459744,0.09,0.5976095617529881
2019-08-15,15:00,sh600690,海尔智家,14.66,14.88,14.53,14.88,382630,562942784,-0.27,-1.782178217821782
2019-08-16,15:00,sh600690,海尔智家,14.8,15.07,14.74,14.92,327078,488609408,0.04,0.2688172043010753
2019-08-19,15:00,sh600690,海尔智家,14.95,15.47,14.95,15.4,382286,583909760,0.48,3.2171581769437
2019-08-20,15:00,sh600690,海尔智家,15.42,15.6,15.35,15.51,254043,393975200,0.11,0.7142857142857143
2019-08-21,15:00,sh600690,海尔智家,15.4,15.53,15.25,15.31,213374,327553888,-0.2,-1.2894906511927788
2019-08-22,15:00,sh600690,海尔智家,15.41,15.44,15.17,15.25,209236,318741568,-0.06,-0.3919007184846506
2019-08-23,15:00,sh600690,海尔智家,15.26,15.31,15.06,15.24,243143,369618656,-0.01,-0.0655737704918032
2019-08-26,15:00,sh600690,海尔智家,14.89,15.21,14.8,15.13,236858,355878624,-0.11,-0.7217847769028871
2019-08-27,15:00,sh600690,海尔智家,15.29,15.81,15.26,15.67,425891,665329408,0.54,3.56906807666887
2019-08-28,15:00,sh600690,海尔智家,15.92,15.96,15.51,15.69,246981,387169984,0.02,0.1276324186343331
2019-08-29,15:00,sh600690,海尔智家,15.69,15.79,15.46,15.55,232501,361585408,-0.14,-0.8922880815806247
2019-08-30,15:00,sh600690,海尔智家,15.76,16.12,15.67,15.91,433172,690162176,0.36,2.315112540192926
2019-09-02,15:00,sh600690,海尔智家,15.91,16.15,15.91,15.99,350510,561649280,0.08,0.502828409805154
2019-09-03,15:00,sh600690,海尔智家,16.03,16.05,15.56,15.75,347606,546126656,-0.24,-1.50093808630394
2019-09-04,15:00,sh600690,海尔智家,15.71,15.89,15.59,15.86,301939,474449536,0.11,0.6984126984126984
2019-09-05,15:00,sh600690,海尔智家,15.97,16.18,15.91,15.97,376889,605224640,0.11,0.6935687263556116
2019-09-06,15:00,sh600690,海尔智家,16.03,16.06,15.87,16.02,217996,348205024,0.05,0.3130870381966186
2019-09-09,15:00,sh600690,海尔智家,16.17,16.21,15.81,15.91,429597,683946048,-0.11,-0.686641697877653
2019-09-10,15:00,sh600690,海尔智家,15.91,16.02,15.74,15.81,303279,481091968,-0.1,-0.6285355122564426
2019-09-11,15:00,sh600690,海尔智家,15.86,15.93,15.68,15.85,284704,450199296,0.04,0.2530044275774826
2019-09-12,15:00,sh600690,海尔智家,15.92,15.98,15.82,15.94,286749,456138048,0.09,0.5678233438485805
2019-09-16,15:00,sh600690,海尔智家,15.95,15.98,15.73,15.83,288835,456715264,-0.11,-0.6900878293601004
2019-09-17,15:00,sh600690,海尔智家,15.83,15.83,15.51,15.52,207018,324019872,-0.31,-1.9583070120025268
2019-09-18,15:00,sh600690,海尔智家,15.54,15.73,15.52,15.6,187786,293737504,0.08,0.5154639175257731
2019-09-19,15:00,sh600690,海尔智家,15.68,15.84,15.63,15.82,218994,345120384,0.22,1.4102564102564104
2019-09-20,15:00,sh600690,海尔智家,15.79,16.04,15.77,15.83,330078,525881984,0.01,0.0632111251580278
2019-09-23,15:00,sh600690,海尔智家,15.95,15.97,15.56,15.67,182345,286598880,-0.16,-1.010739102969046
2019-09-24,15:00,sh600690,海尔智家,15.66,15.75,15.42,15.46,244467,380557696,-0.21,-1.3401403956604978
2019-09-25,15:00,sh600690,海尔智家,15.4,15.42,15.11,15.15,225493,343049856,-0.31,-2.0051746442432083
2019-09-26,15:00,sh600690,海尔智家,15.26,15.45,15.19,15.25,252890,387719648,0.1,0.6600660066006601
2019-09-27,15:00,sh600690,海尔智家,15.35,15.4,15.14,15.37,188313,287936896,0.12,0.7868852459016393
2019-09-30,15:00,sh600690,海尔智家,15.3,15.48,15.25,15.3,168243,258314368,-0.07,-0.4554326610279766
2019-10-08,15:00,sh600690,海尔智家,15.3,15.62,15.28,15.55,225420,349680672,0.25,1.6339869281045754
2019-10-09,15:00,sh600690,海尔智家,15.49,15.61,15.34,15.59,200140,310064288,0.04,0.2572347266881029
2019-10-10,15:00,sh600690,海尔智家,15.59,15.79,15.49,15.73,153041,239277328,0.14,0.8980115458627326
2019-10-11,15:00,sh600690,海尔智家,15.74,15.87,15.67,15.77,131709,207634336,0.04,0.2542911633820724
2019-10-14,15:00,sh600690,海尔智家,15.99,16.02,15.75,15.81,179111,284647680,0.04,0.2536461636017755
2019-10-15,15:00,sh600690,海尔智家,15.84,15.89,15.59,15.63,199768,314295040,-0.18,-1.1385199240986716
2019-10-16,15:00,sh600690,海尔智家,15.74,15.9,15.58,15.64,205455,322984672,0.01,0.0639795265515035
2019-10-17,15:00,sh600690,海尔智家,15.6,15.7,15.53,15.6,116187,181480480,-0.04,-0.2557544757033248
2019-10-18,15:00,sh600690,海尔智家,15.67,15.72,15.42,15.49,195000,303821408,-0.11,-0.7051282051282052
2019-10-21,15:00,sh600690,海尔智家,15.54,15.54,15.35,15.52,184414,284724256,0.03,0.1936733376371852
2019-10-22,15:00,sh600690,海尔智家,15.52,15.57,15.41,15.5,165144,256053616,-0.02,-0.1288659793814432
2019-10-23,15:00,sh600690,海尔智家,15.51,15.57,15.39,15.47,129971,201000032,-0.03,-0.1935483870967742
2019-10-24,15:00,sh600690,海尔智家,15.49,15.49,15.14,15.21,197073,300455584,-0.26,-1.680672268907563
2019-10-25,15:00,sh600690,海尔智家,15.24,15.52,15.13,15.5,180831,277233664,0.29,1.9066403681788295
2019-10-28,15:00,sh600690,海尔智家,15.71,15.83,15.57,15.69,256342,402244128,0.19,1.2258064516129032
2019-10-29,15:00,sh600690,海尔智家,15.7,15.83,15.62,15.69,192998,303473248,0.0,0.0
2019-10-30,15:00,sh600690,海尔智家,15.7,15.76,15.16,15.22,235315,360782656,-0.47,-2.995538559592097
2019-10-31,15:00,sh600690,海尔智家,15.61,16.09,15.61,16.0,687864,1094488832,0.78,5.124835742444152
2019-11-01,15:00,sh600690,海尔智家,16.14,17.47,16.07,17.36,1165507,1976862464,1.36,8.5
2019-11-04,15:00,sh600690,海尔智家,17.29,18.03,17.25,17.61,920286,1625586816,0.25,1.4400921658986174
2019-11-05,15:00,sh600690,海尔智家,17.75,18.12,17.63,18.01,855279,1535428096,0.4,2.271436683702442
2019-11-06,15:00,sh600690,海尔智家,18.2,18.5,17.99,18.13,896932,1633695488,0.12,0.6662965019433648
2019-11-07,15:00,sh600690,海尔智家,18.23,18.35,17.96,18.3,580457,1055748864,0.17,0.9376723662437948
2019-11-08,15:00,sh600690,海尔智家,18.51,18.88,18.35,18.56,670419,1249515904,0.26,1.4207650273224044
2019-11-11,15:00,sh600690,海尔智家,18.43,18.49,17.72,17.85,824863,1477816704,-0.71,-3.8254310344827593
2019-11-12,15:00,sh600690,海尔智家,17.92,18.0,17.72,17.88,376817,671803264,0.03,0.1680672268907563
2019-11-13,15:00,sh600690,海尔智家,17.87,18.05,17.64,17.94,404409,722863488,0.06,0.3355704697986577
2019-11-14,15:00,sh600690,海尔智家,17.89,18.0,17.54,17.74,369636,656273344,-0.2,-1.1148272017837235
2019-11-15,15:00,sh600690,海尔智家,17.84,17.86,17.55,17.57,262602,464268864,-0.17,-0.9582863585118376
2019-11-18,15:00,sh600690,海尔智家,17.55,18.0,17.46,17.74,334950,595696576,0.17,0.9675583380762665
2019-11-19,15:00,sh600690,海尔智家,17.69,18.5,17.68,18.33,469321,855766528,0.59,3.3258173618940248
2019-11-20,15:00,sh600690,海尔智家,18.28,18.42,18.02,18.11,251778,458458784,-0.22,-1.2002182214948172
2019-11-21,15:00,sh600690,海尔智家,18.0,18.02,17.69,17.85,302279,538136512,-0.26,-1.435670900055218
2019-11-22,15:00,sh600690,海尔智家,17.88,18.01,17.5,17.61,387783,686654144,-0.24,-1.3445378151260503
2019-11-25,15:00,sh600690,海尔智家,17.67,17.95,17.62,17.87,341984,609299712,0.26,1.4764338444065872
2019-11-26,15:00,sh600690,海尔智家,17.8,17.86,17.35,17.61,480681,845094208,-0.26,-1.454952434247342
2019-11-27,15:00,sh600690,海尔智家,17.5,17.52,17.18,17.32,503047,870536064,-0.29,-1.6467915956842702
2019-11-28,15:00,sh600690,海尔智家,17.36,17.59,17.18,17.41,290104,503283936,0.09,0.5196304849884527
2019-11-29,15:00,sh600690,海尔智家,17.32,17.39,16.98,17.06,287576,491871232,-0.35,-2.010338885697875
2019-12-02,15:00,sh600690,海尔智家,17.15,17.23,16.83,16.9,288665,490880448,-0.16,-0.9378663540445484
2019-12-03,15:00,sh600690,海尔智家,17.0,17.01,16.76,16.93,338991,571129728,0.03,0.1775147928994082
2019-12-04,15:00,sh600690,海尔智家,16.88,17.16,16.77,16.95,369142,625697344,0.02,0.1181334908446544
2019-12-05,15:00,sh600690,海尔智家,17.03,17.08,16.78,16.93,348319,589192704,-0.02,-0.1179941002949852
2019-12-06,15:00,sh600690,海尔智家,16.97,17.15,16.87,17.05,418406,711154176,0.12,0.7088009450679268
2019-12-09,15:00,sh600690,海尔智家,17.08,17.11,16.84,16.88,423977,717708032,-0.17,-0.997067448680352
2019-12-10,15:00,sh600690,海尔智家,16.87,16.87,16.72,16.84,401055,673368320,-0.04,-0.2369668246445497
2019-12-11,15:00,sh600690,海尔智家,16.91,17.39,16.88,17.29,626207,1077837952,0.45,2.672209026128266
2019-12-12,15:00,sh600690,海尔智家,17.32,17.35,17.11,17.17,331987,570899776,-0.12,-0.6940427993059572
2019-12-13,15:00,sh600690,海尔智家,17.84,18.83,17.65,18.51,1330765,2422773504,1.34,7.804309842748982
2019-12-16,15:00,sh600690,海尔智家,18.42,18.97,18.32,18.76,876802,1633024896,0.25,1.350621285791464
2019-12-17,15:00,sh600690,海尔智家,18.95,18.98,18.5,18.66,680222,1273145216,-0.1,-0.5330490405117271
2019-12-18,15:00,sh600690,海尔智家,18.64,18.76,18.47,18.48,449375,834481152,-0.18,-0.964630225080386
2019-12-19,15:00,sh600690,海尔智家,18.68,18.82,18.35,18.6,455754,847478144,0.12,0.6493506493506493
2019-12-20,15:00,sh600690,海尔智家,18.65,19.0,18.54,18.81,499573,943056256,0.21,1.129032258064516
2019-12-23,15:00,sh600690,海尔智家,18.8,19.34,18.66,18.96,685751,1309111040,0.15,0.7974481658692184
2019-12-24,15:00,sh600690,海尔智家,18.95,19.48,18.88,19.41,470782,904566336,0.45,2.373417721518988
2019-12-25,15:00,sh600690,海尔智家,19.43,19.54,19.04,19.12,361576,697294848,-0.29,-1.4940752189592994
2019-12-26,15:00,sh600690,海尔智家,19.16,19.98,19.09,19.9,489648,963571328,0.78,4.079497907949791
2019-12-27,15:00,sh600690,海尔智家,19.83,19.96,19.44,19.45,517746,1017163904,-0.45,-2.261306532663317
2019-12-30,15:00,sh600690,海尔智家,19.37,19.53,19.21,19.31,451335,874348992,-0.14,-0.7197943444730077
2019-12-31,15:00,sh600690,海尔智家,19.3,19.63,19.29,19.5,332775,647766016,0.19,0.9839461418953912
2020-01-02,15:00,sh600690,海尔智家,19.56,20.02,19.46,19.88,632600,1251188224,0.38,1.948717948717949
2020-01-03,15:00,sh600690,海尔智家,19.9,20.01,19.0,19.1,708476,1367189376,-0.78,-3.9235412474849096
2020-01-06,15:00,sh600690,海尔智家,18.9,19.31,18.65,18.99,624159,1184198784,-0.11,-0.5759162303664921
2020-01-07,15:00,sh600690,海尔智家,19.01,19.36,18.91,19.25,437007,839621184,0.26,1.369141653501843
2020-01-08,15:00,sh600690,海尔智家,19.14,19.47,19.0,19.23,344155,663375360,-0.02,-0.1038961038961039
2020-01-09,15:00,sh600690,海尔智家,19.44,19.65,19.32,19.46,308978,602999232,0.23,1.1960478419136766
2020-01-10,15:00,sh600690,海尔智家,19.54,19.95,19.52,19.89,335913,664340736,0.43,2.209660842754368
2020-01-13,15:00,sh600690,海尔智家,20.0,20.01,19.64,19.89,348019,690320000,0.0,0.0
2020-01-14,15:00,sh600690,海尔智家,20.05,20.23,19.81,20.0,369804,741874432,0.11,0.5530417295123178
2020-01-15,15:00,sh600690,海尔智家,19.99,19.99,19.58,19.65,296363,583589376,-0.35,-1.7500000000000002
2020-01-16,15:00,sh600690,海尔智家,19.77,19.79,19.45,19.54,242604,474933856,-0.11,-0.5597964376590331
2020-01-17,15:00,sh600690,海尔智家,19.59,19.74,19.26,19.45,244216,475330272,-0.09,-0.4605936540429887
2020-01-20,15:00,sh600690,海尔智家,19.21,19.55,19.2,19.43,389911,754014336,-0.02,-0.1028277634961439
2020-01-21,15:00,sh600690,海尔智家,19.38,19.54,19.08,19.39,383574,741647744,-0.04,-0.2058672156459084
2020-01-22,15:00,sh600690,海尔智家,19.24,19.44,19.05,19.36,309765,596676032,-0.03,-0.1547189272821041
2020-01-23,15:00,sh600690,海尔智家,19.29,19.29,18.2,18.57,457410,857315072,-0.79,-4.080578512396695
2020-02-03,15:00,sh600690,海尔智家,16.71,17.74,16.71,17.0,810417,1381713024,-1.57,-8.454496499730748
2020-02-04,15:00,sh600690,海尔智家,17.09,17.54,17.05,17.35,557009,964146176,0.35,2.0588235294117645
2020-02-05,15:00,sh600690,海尔智家,17.46,17.64,17.25,17.5,694778,1215543936,0.15,0.8645533141210375
2020-02-06,15:00,sh600690,海尔智家,17.51,17.83,17.2,17.73,517581,908372352,0.23,1.3142857142857145
2020-02-07,15:00,sh600690,海尔智家,17.57,17.78,17.5,17.76,331200,583202880,0.03,0.1692047377326565
2020-02-10,15:00,sh600690,海尔智家,17.65,18.07,17.3,18.0,394040,700235520,0.24,1.351351351351351
2020-02-11,15:00,sh600690,海尔智家,18.1,18.74,17.99,18.55,493351,907191680,0.55,3.055555555555556
2020-02-12,15:00,sh600690,海尔智家,18.43,18.95,18.31,18.61,312560,583556608,0.06,0.3234501347708895
2020-02-13,15:00,sh600690,海尔智家,18.69,18.9,18.22,18.3,353805,653894784,-0.31,-1.6657710908113916
2020-02-14,15:00,sh600690,海尔智家,18.29,18.42,18.04,18.2,263196,479599552,-0.1,-0.546448087431694
2020-02-17,15:00,sh600690,海尔智家,18.28,18.6,18.02,18.58,289110,532153856,0.38,2.087912087912088
2020-02-18,15:00,sh600690,海尔智家,18.58,18.63,18.24,18.51,299496,552147904,-0.07,-0.3767491926803014
2020-02-19,15:00,sh600690,海尔智家,18.46,18.46,18.18,18.21,357715,654372608,-0.3,-1.6207455429497568
2020-02-20,15:00,sh600690,海尔智家,18.21,18.91,18.1,18.89,511591,952555840,0.68,3.7342119714442616
2020-02-21,15:00,sh600690,海尔智家,18.87,19.14,18.65,18.82,397168,748856320,-0.07,-0.3705664372683959
2020-02-24,15:00,sh600690,海尔智家,18.75,18.75,18.29,18.31,516467,950177664,-0.51,-2.709883103081828
2020-02-25,15:00,sh600690,海尔智家,18.0,18.08,17.54,17.8,528333,939882688,-0.51,-2.785363189513927
2020-02-26,15:00,sh600690,海尔智家,17.36,17.95,17.36,17.61,409057,723501504,-0.19,-1.0674157303370786
2020-02-27,15:00,sh600690,海尔智家,17.7,17.95,17.61,17.8,305665,544247296,0.19,1.0789324247586598
2020-02-28,15:00,sh600690,海尔智家,17.4,17.55,16.92,17.02,527661,906780992,-0.78,-4.382022471910112
2020-03-02,15:00,sh600690,海尔智家,17.1,17.76,17.09,17.64,430421,752116480,0.62,3.6427732079906
2020-03-03,15:00,sh600690,海尔智家,17.8,17.94,17.5,17.64,345547,612956096,0.0,0.0
2020-03-04,15:00,sh600690,海尔智家,17.5,17.92,17.37,17.89,381143,671142080,0.25,1.4172335600907031
2020-03-05,15:00,sh600690,海尔智家,18.04,18.61,17.9,18.49,506226,928505600,0.6,3.3538289547233093
2020-03-06,15:00,sh600690,海尔智家,18.25,18.38,18.0,18.03,343025,621138496,-0.46,-2.4878312601406165
2020-03-09,15:00,sh600690,海尔智家,17.6,17.9,17.25,17.59,523483,918972800,-0.44,-2.440377149195785
2020-03-10,15:00,sh600690,海尔智家,17.39,17.9,17.33,17.7,485647,856435264,0.11,0.625355315520182
2020-03-11,15:00,sh600690,海尔智家,17.7,17.75,17.33,17.35,324566,567980608,-0.35,-1.977401129943503
2020-03-12,15:00,sh600690,海尔智家,17.1,17.1,16.7,16.75,528774,890155200,-0.6,-3.45821325648415
2020-03-13,15:00,sh600690,海尔智家,15.8,16.66,15.6,16.24,620780,1003040000,-0.51,-3.044776119402985
2020-03-16,15:00,sh600690,海尔智家,16.1,16.2,15.37,15.54,590001,932912640,-0.7,-4.310344827586207
2020-03-17,15:00,sh600690,海尔智家,15.4,15.8,15.0,15.1,536544,820681472,-0.44,-2.831402831402832
2020-03-18,15:00,sh600690,海尔智家,15.24,15.58,15.01,15.02,454180,696116800,-0.08,-0.5298013245033113
2020-03-19,15:00,sh600690,海尔智家,15.02,15.2,14.17,14.55,729015,1059365248,-0.47,-3.129161118508655
2020-03-20,15:00,sh600690,海尔智家,14.7,14.77,14.34,14.61,471788,686350464,0.06,0.4123711340206186
2020-03-23,15:00,sh600690,海尔智家,14.05,14.24,13.8,13.85,487472,681635200,-0.76,-5.201916495550993
2020-03-24,15:00,sh600690,海尔智家,14.1,14.65,14.09,14.62,526457,761554304,0.77,5.55956678700361
2020-03-25,15:00,sh600690,海尔智家,15.1,15.15,14.79,15.04,485590,726910272,0.42,2.8727770177838576
2020-03-26,15:00,sh600690,海尔智家,14.91,14.99,14.57,14.63,331498,489447008,-0.41,-2.7260638297872344
2020-03-27,15:00,sh600690,海尔智家,14.9,15.02,14.7,14.77,363289,539559296,0.14,0.9569377990430622
2020-03-30,15:00,sh600690,海尔智家,14.58,14.58,14.09,14.3,433106,618695680,-0.47,-3.1821259309410967
2020-03-31,15:00,sh600690,海尔智家,14.48,14.7,14.37,14.4,320383,464028256,0.1,0.6993006993006993
2020-04-01,15:00,sh600690,海尔智家,14.45,14.96,14.41,14.68,339600,499528192,0.28,1.9444444444444444
2020-04-02,15:00,sh600690,海尔智家,14.57,14.87,14.48,14.85,313542,461223456,0.17,1.1580381471389645
2020-04-03,15:00,sh600690,海尔智家,14.8,15.02,14.7,14.78,247031,366911552,-0.07,-0.4713804713804713
2020-04-07,15:00,sh600690,海尔智家,15.1,15.2,14.93,14.97,359859,541588608,0.19,1.2855209742895806
2020-04-08,15:00,sh600690,海尔智家,14.83,14.94,14.72,14.83,265251,393552416,-0.14,-0.9352037408149632
2020-04-09,15:00,sh600690,海尔智家,14.93,15.0,14.86,14.87,186095,277791328,0.04,0.2697235333782872
2020-04-10,15:00,sh600690,海尔智家,14.91,15.57,14.72,15.29,534040,813552384,0.42,2.824478816408877
2020-04-13,15:00,sh600690,海尔智家,15.1,15.57,15.07,15.47,444305,681613888,0.18,1.1772400261608895
2020-04-14,15:00,sh600690,海尔智家,15.4,15.51,15.16,15.41,394482,606122688,-0.06,-0.3878474466709761
2020-04-15,15:00,sh600690,海尔智家,15.16,15.25,14.83,14.92,497698,749347776,-0.49,-3.17975340687865
2020-04-16,15:00,sh600690,海尔智家,14.79,14.8,14.6,14.74,292282,429123808,-0.18,-1.206434316353887
2020-04-17,15:00,sh600690,海尔智家,14.81,14.98,14.79,14.82,299805,446066304,0.08,0.5427408412483039
2020-04-20,15:00,sh600690,海尔智家,14.84,14.96,14.6,14.9,384951,569504704,0.08,0.5398110661268556
2020-04-21,15:00,sh600690,海尔智家,14.87,14.9,14.6,14.71,291200,427839584,-0.19,-1.2751677852348993
2020-04-22,15:00,sh600690,海尔智家,14.62,14.9,14.54,14.86,247183,364987008,0.15,1.0197144799456153
2020-04-23,15:00,sh600690,海尔智家,14.93,15.34,14.93,15.1,466188,707562432,0.24,1.6150740242261103
2020-04-24,15:00,sh600690,海尔智家,15.2,15.2,14.85,14.89,243272,364401824,-0.21,-1.390728476821192
2020-04-27,15:00,sh600690,海尔智家,14.97,15.15,14.9,14.9,233544,350801824,0.01,0.0671591672263264
2020-04-28,15:00,sh600690,海尔智家,14.92,15.17,14.55,15.06,288418,430599456,0.16,1.0738255033557047
2020-04-29,15:00,sh600690,海尔智家,15.0,15.84,14.9,15.73,467228,725768320,0.67,4.448871181938912
2020-04-30,15:00,sh600690,海尔智家,15.48,15.62,15.31,15.46,651580,1006964672,-0.27,-1.7164653528289893
2020-05-06,15:00,sh600690,海尔智家,15.16,15.28,14.92,15.22,845210,1271075456,-0.24,-1.552393272962484
2020-05-07,15:00,sh600690,海尔智家,15.15,15.15,14.92,14.97,468767,702896576,-0.25,-1.64257555847569
2020-05-08,15:00,sh600690,海尔智家,15.05,15.62,15.0,15.35,947395,1453168000,0.38,2.5384101536406143
2020-05-11,15:00,sh600690,海尔智家,15.53,15.97,15.38,15.57,849054,1326610432,0.22,1.4332247557003257
2020-05-12,15:00,sh600690,海尔智家,15.56,15.75,15.36,15.5,548771,851552320,-0.07,-0.4495825305073859
2020-05-13,15:00,sh600690,海尔智家,15.45,15.45,15.16,15.3,556475,847157696,-0.2,-1.2903225806451613
2020-05-14,15:00,sh600690,海尔智家,15.21,15.33,15.08,15.12,412874,627836224,-0.18,-1.1764705882352942
2020-05-15,15:00,sh600690,海尔智家,15.1,15.37,15.08,15.12,421413,639578240,0.0,0.0
2020-05-18,15:00,sh600690,海尔智家,15.13,15.2,14.94,15.06,352839,532081696,-0.06,-0.3968253968253968
2020-05-19,15:00,sh600690,海尔智家,15.23,15.54,15.23,15.42,554010,853007040,0.36,2.3904382470119523
2020-05-20,15:00,sh600690,海尔智家,15.41,15.41,15.18,15.33,303125,463152064,-0.09,-0.5836575875486382
2020-05-21,15:00,sh600690,海尔智家,15.35,15.67,15.33,15.43,508725,787766720,0.1,0.6523157208088715
2020-05-22,15:00,sh600690,海尔智家,15.55,15.59,15.0,15.05,433547,659303552,-0.38,-2.462734931950745
2020-05-25,15:00,sh600690,海尔智家,15.0,15.26,14.95,15.1,248776,375896896,0.05,0.3322259136212624
2020-05-26,15:00,sh600690,海尔智家,15.2,15.63,15.17,15.6,570347,882080000,0.5,3.3112582781456954
2020-05-27,15:00,sh600690,海尔智家,15.65,16.19,15.56,16.05,765598,1219570688,0.45,2.8846153846153846
2020-05-28,15:00,sh600690,海尔智家,16.03,16.4,15.7,15.91,536921,862505792,-0.14,-0.8722741433021807
2020-05-29,15:00,sh600690,海尔智家,15.88,16.55,15.82,16.55,649262,1054927424,0.64,4.022627278441232
2020-06-01,15:00,sh600690,海尔智家,16.65,16.89,16.45,16.61,729709,1214095360,0.06,0.3625377643504531
2020-06-02,15:00,sh600690,海尔智家,16.61,17.96,16.28,17.03,807241,1349862016,0.42,2.5285972305839857
2020-06-03,15:00,sh600690,海尔智家,16.71,16.8,16.34,16.44,719232,1190184832,-0.59,-3.464474456840869
2020-06-04,15:00,sh600690,海尔智家,16.57,16.66,16.22,16.31,459492,753338240,-0.13,-0.7907542579075426
2020-06-05,15:00,sh600690,海尔智家,16.4,16.85,16.25,16.75,517851,860325632,0.44,2.69773145309626
2020-06-08,15:00,sh600690,海尔智家,16.9,17.46,16.9,17.0,790623,1357168000,0.25,1.4925373134328357
2020-06-09,15:00,sh600690,海尔智家,17.0,17.68,16.85,17.38,513847,892203584,0.38,2.235294117647059
2020-06-10,15:00,sh600690,海尔智家,17.26,17.37,17.01,17.14,367988,631677568,-0.24,-1.380897583429229
2020-06-11,15:00,sh600690,海尔智家,17.15,17.28,16.63,16.73,425887,721687104,-0.41,-2.3920653442240374
2020-06-12,15:00,sh600690,海尔智家,16.35,16.62,16.23,16.59,488513,803264320,-0.14,-0.8368200836820083
2020-06-15,15:00,sh600690,海尔智家,16.41,16.54,15.92,16.02,526287,853157504,-0.57,-3.4358047016274864
2020-06-16,15:00,sh600690,海尔智家,16.2,16.49,16.15,16.45,352602,575577408,0.43,2.6841448189762795
2020-06-17,15:00,sh600690,海尔智家,16.7,16.93,16.57,16.79,443318,743645568,0.34,2.066869300911854
2020-06-18,15:00,sh600690,海尔智家,16.65,17.36,16.61,17.18,482202,825986496,0.39,2.322811197141156
2020-06-19,15:00,sh600690,海尔智家,17.15,17.63,17.15,17.51,526232,918099840,0.33,1.920838183934808
2020-06-22,15:00,sh600690,海尔智家,17.5,17.61,17.24,17.51,420648,733180864,0.0,0.0
2020-06-23,15:00,sh600690,海尔智家,17.5,17.76,17.16,17.29,266709,463790400,-0.22,-1.2564249000571102
2020-06-24,15:00,sh600690,海尔智家,17.33,17.99,17.31,17.92,508458,905083008,0.63,3.643724696356275
2020-06-29,15:00,sh600690,海尔智家,17.82,18.38,17.73,17.94,519800,938210880,0.02,0.1116071428571428
2020-06-30,15:00,sh600690,海尔智家,18.11,18.35,17.6,17.7,401498,718950464,-0.24,-1.3377926421404682
2020-07-01,15:00,sh600690,海尔智家,17.83,18.0,17.64,17.95,316557,565528768,0.25,1.4124293785310735
2020-07-02,15:00,sh600690,海尔智家,17.88,18.25,17.75,18.12,440634,791657920,0.17,0.947075208913649
2020-07-03,15:00,sh600690,海尔智家,18.14,18.41,17.72,17.98,508161,915907328,-0.14,-0.772626931567329
2020-07-06,15:00,sh600690,海尔智家,18.11,18.97,18.1,18.82,558916,1039736128,0.84,4.671857619577309
2020-07-07,15:00,sh600690,海尔智家,18.82,19.33,18.58,18.59,599409,1132876416,-0.23,-1.2221041445270988
2020-07-08,15:00,sh600690,海尔智家,18.55,18.79,18.34,18.6,534550,988858816,0.01,0.0537923614846691
2020-07-09,15:00,sh600690,海尔智家,18.6,18.68,18.21,18.63,674095,1243579392,0.03,0.1612903225806451
2020-07-10,15:00,sh600690,海尔智家,18.51,18.53,17.92,17.97,732592,1332186624,-0.66,-3.542673107890499
2020-07-13,15:00,sh600690,海尔智家,17.9,18.36,17.89,18.3,509131,925440832,0.33,1.8363939899833053
2020-07-14,15:00,sh600690,海尔智家,18.38,18.44,17.91,18.05,431666,782286720,-0.25,-1.366120218579235
2020-07-15,15:00,sh600690,海尔智家,18.1,18.77,18.09,18.55,809210,1493298432,0.5,2.7700831024930745
2020-07-16,15:00,sh600690,海尔智家,18.21,18.26,16.86,16.98,654789,1148671744,-1.57,-8.463611859838274
2020-07-17,15:00,sh600690,海尔智家,17.05,17.75,17.05,17.47,455485,795504896,0.49,2.8857479387514724
2020-07-20,15:00,sh600690,海尔智家,17.53,17.86,17.0,17.78,580704,1016848640,0.31,1.7744705208929592
2020-07-21,15:00,sh600690,海尔智家,17.74,17.91,17.44,17.55,393018,691962688,-0.23,-1.2935883014623173
2020-07-22,15:00,sh600690,海尔智家,17.56,18.27,17.4,17.94,553940,992089536,0.39,2.2222222222222223
2020-07-23,15:00,sh600690,海尔智家,17.75,17.99,17.26,17.61,583775,1025243200,-0.33,-1.839464882943144
2020-07-24,15:00,sh600690,海尔智家,17.46,17.48,16.45,16.57,708423,1196010624,-1.04,-5.905735377626349
2020-07-27,15:00,sh600690,海尔智家,16.55,16.6,16.19,16.26,380104,620994688,-0.31,-1.870850935425468
2020-07-28,15:00,sh600690,海尔智家,16.38,16.62,16.26,16.36,337953,553414528,0.1,0.6150061500615006
2020-07-29,15:00,sh600690,海尔智家,16.55,18.0,16.38,18.0,1123981,1982237440,1.64,10.024449877750612
2020-08-03,15:00,sh600690,海尔智家,18.9,19.8,18.72,19.8,960343,1873040128,1.8,10.0
2020-08-04,15:00,sh600690,海尔智家,20.7,21.61,20.21,20.72,2042607,4252374016,0.92,4.646464646464646
2020-08-05,15:00,sh600690,海尔智家,20.54,22.54,20.09,21.88,1795616,3860829184,1.16,5.598455598455598
2020-08-06,15:00,sh600690,海尔智家,21.5,22.14,20.9,21.28,1132857,2426679296,-0.6,-2.742230347349177
2020-08-07,15:00,sh600690,海尔智家,21.01,22.88,21.01,22.59,1318355,2920307712,1.31,6.156015037593985
2020-08-10,15:00,sh600690,海尔智家,22.0,23.15,21.5,22.33,835118,1866657280,-0.26,-1.1509517485613103
2020-08-11,15:00,sh600690,海尔智家,22.31,22.66,21.61,21.7,749755,1655067776,-0.63,-2.8213166144200628
2020-08-12,15:00,sh600690,海尔智家,21.7,21.88,21.0,21.61,711516,1522258048,-0.09,-0.4147465437788019
2020-08-13,15:00,sh600690,海尔智家,21.68,21.85,21.21,21.49,508289,1094469504,-0.12,-0.5552984729291994
2020-08-14,15:00,sh600690,海尔智家,21.31,22.34,21.14,22.3,541183,1184194560,0.81,3.769194974406701
2020-08-17,15:00,sh600690,海尔智家,22.12,24.4,22.12,24.09,928311,2207053312,1.79,8.026905829596414
2020-08-18,15:00,sh600690,海尔智家,23.93,24.05,23.22,23.78,615833,1452626816,-0.31,-1.2868410128684102
2020-08-19,15:00,sh600690,海尔智家,23.79,24.29,23.25,23.28,559855,1322950272,-0.5,-2.1026072329688814
2020-08-20,15:00,sh600690,海尔智家,23.05,23.68,22.92,23.06,373936,869331712,-0.22,-0.9450171821305842
2020-08-21,15:00,sh600690,海尔智家,23.3,23.74,22.47,23.0,523439,1201769344,-0.06,-0.2601908065915004
2020-08-24,15:00,sh600690,海尔智家,22.94,23.31,22.51,22.97,378786,870280576,-0.03,-0.1304347826086956
2020-08-25,15:00,sh600690,海尔智家,23.18,23.89,22.97,23.24,576060,1348218240,0.27,1.175446234218546
2020-08-26,15:00,sh600690,海尔智家,23.03,23.45,22.5,22.6,401193,919570176,-0.64,-2.753872633390706
2020-08-27,15:00,sh600690,海尔智家,22.5,22.79,22.31,22.57,285764,644422976,-0.03,-0.1327433628318584
2020-08-28,15:00,sh600690,海尔智家,22.68,23.55,22.64,23.24,480087,1108905216,0.67,2.968542312804608
2020-08-31,15:00,sh600690,海尔智家,23.99,24.18,22.3,22.3,853027,1951023488,-0.94,-4.044750430292599
2020-09-01,15:00,sh600690,海尔智家,22.1,22.22,21.63,22.0,631005,1382728832,-0.3,-1.345291479820628
2020-09-02,15:00,sh600690,海尔智家,22.14,22.48,21.71,21.9,446323,982168832,-0.1,-0.4545454545454545
2020-09-03,15:00,sh600690,海尔智家,21.89,21.89,21.15,21.3,788740,1684024704,-0.6,-2.73972602739726
2020-09-04,15:00,sh600690,海尔智家,20.9,21.38,20.59,21.3,430622,911110464,0.0,0.0
2020-09-07,15:00,sh600690,海尔智家,21.17,21.54,21.02,21.09,453839,963445760,-0.21,-0.9859154929577464
2020-09-08,15:00,sh600690,海尔智家,21.06,21.5,21.0,21.3,421577,897694336,0.21,0.995732574679943
2020-09-09,15:00,sh600690,海尔智家,21.1,21.25,20.52,20.91,404182,848125504,-0.39,-1.8309859154929575
2020-09-10,15:00,sh600690,海尔智家,21.11,22.05,21.01,21.32,434692,937026048,0.41,1.96078431372549
2020-09-11,15:00,sh600690,海尔智家,21.35,21.64,21.05,21.28,289850,616387520,-0.04,-0.1876172607879924
2020-09-14,15:00,sh600690,海尔智家,21.6,22.4,21.47,22.0,608455,1335721216,0.72,3.3834586466165413
2020-09-15,15:00,sh600690,海尔智家,21.96,22.4,21.63,22.13,344817,764356544,0.13,0.5909090909090909
2020-09-16,15:00,sh600690,海尔智家,22.14,22.29,21.9,22.13,218940,483162752,0.0,0.0
2020-09-17,15:00,sh600690,海尔智家,22.15,22.41,21.74,22.19,297392,657532992,0.06,0.2711251694532309
2020-09-18,15:00,sh600690,海尔智家,22.2,22.75,22.1,22.73,389083,875226112,0.54,2.4335286164939163
2020-09-21,15:00,sh600690,海尔智家,22.85,23.01,22.1,22.6,405807,912283584,-0.13,-0.5719313682358117
2020-09-22,15:00,sh600690,海尔智家,22.38,22.52,22.12,22.31,269329,601667328,-0.29,-1.2831858407079646
2020-09-23,15:00,sh600690,海尔智家,22.31,23.08,22.31,22.64,394486,895517312,0.33,1.4791573285522188
2020-09-24,15:00,sh600690,海尔智家,22.4,22.5,21.98,22.03,321150,713788096,-0.61,-2.6943462897526502
2020-09-25,15:00,sh600690,海尔智家,22.24,22.28,21.28,21.49,378493,814243584,-0.54,-2.451202905129369
2020-09-28,15:00,sh600690,海尔智家,21.5,21.77,21.41,21.6,228794,494788704,0.11,0.5118659841786878
2020-09-29,15:00,sh600690,海尔智家,21.8,22.39,21.63,22.19,266712,589677952,0.59,2.7314814814814814
2020-09-30,15:00,sh600690,海尔智家,22.29,22.53,21.65,21.82,334326,733892544,-0.37,-1.6674177557458314
2020-10-09,15:00,sh600690,海尔智家,22.2,22.55,22.05,22.1,274366,610988480,0.28,1.2832263978001834
2020-10-12,15:00,sh600690,海尔智家,22.18,22.8,22.1,22.8,372744,837200064,0.7,3.167420814479638
2020-10-13,15:00,sh600690,海尔智家,22.81,23.42,22.59,23.41,342028,787140288,0.61,2.675438596491228
2020-10-14,15:00,sh600690,海尔智家,23.4,23.66,22.88,23.4,351503,821575104,-0.01,-0.0427167876975651
2020-10-15,15:00,sh600690,海尔智家,23.5,23.51,22.88,23.03,307103,711236800,-0.37,-1.5811965811965811
2020-10-16,15:00,sh600690,海尔智家,23.1,23.15,22.25,22.28,365988,822598592,-0.75,-3.256621797655232
2020-10-19,15:00,sh600690,海尔智家,22.4,23.06,22.07,22.24,330885,743475200,-0.04,-0.1795332136445242
2020-10-20,15:00,sh600690,海尔智家,22.26,22.45,22.07,22.2,276889,615459072,-0.04,-0.1798561151079137
2020-10-21,15:00,sh600690,海尔智家,22.21,22.93,22.21,22.87,383881,870146048,0.67,3.0180180180180183
2020-10-22,15:00,sh600690,海尔智家,22.8,23.07,22.31,22.92,271884,616852160,0.05,0.2186270222999562
2020-10-23,15:00,sh600690,海尔智家,22.75,23.05,22.5,22.72,163326,372435648,-0.2,-0.8726003490401396
2020-10-26,15:00,sh600690,海尔智家,22.62,23.1,22.11,22.98,237696,542316416,0.26,1.1443661971830987
2020-10-27,15:00,sh600690,海尔智家,22.7,23.03,22.43,23.02,315206,717966528,0.04,0.1740644038294168
2020-10-28,15:00,sh600690,海尔智家,23.2,24.1,23.08,24.06,582393,1386779648,1.04,4.5178105994787146
2020-10-29,15:00,sh600690,海尔智家,23.73,25.74,23.72,25.31,780607,1928284928,1.25,5.195344970906069
2020-10-30,15:00,sh600690,海尔智家,26.6,27.28,24.61,24.86,993547,2562186752,-0.45,-1.7779533781114183
2020-11-02,15:00,sh600690,海尔智家,25.19,27.0,25.19,26.39,899440,2355096832,1.53,6.154465004022526
2020-11-03,15:00,sh600690,海尔智家,26.66,27.2,26.04,26.9,619592,1654854400,0.51,1.9325502084122768
2020-11-04,15:00,sh600690,海尔智家,26.9,28.35,26.5,28.18,678474,1880015360,1.28,4.758364312267658
2020-11-05,15:00,sh600690,海尔智家,28.25,28.78,27.66,28.25,631995,1773958400,0.07,0.248403122782115
2020-11-06,15:00,sh600690,海尔智家,28.43,29.42,27.81,28.9,750281,2160445440,0.65,2.3008849557522124
2020-11-09,15:00,sh600690,海尔智家,29.18,30.05,27.92,28.41,1095943,3151148544,-0.49,-1.6955017301038062
2020-11-10,15:00,sh600690,海尔智家,27.97,28.77,27.01,28.5,599461,1682830976,0.09,0.3167898627243928
2020-11-11,15:00,sh600690,海尔智家,28.41,28.69,27.93,28.0,446624,1263577984,-0.5,-1.7543859649122806
2020-11-12,15:00,sh600690,海尔智家,28.18,29.1,28.18,28.65,396867,1138932864,0.65,2.321428571428572
2020-11-13,15:00,sh600690,海尔智家,28.56,29.1,28.15,28.4,437322,1245719552,-0.25,-0.8726003490401396
2020-11-16,15:00,sh600690,海尔智家,28.98,29.06,27.9,28.73,533957,1521880192,0.33,1.1619718309859155
2020-11-17,15:00,sh600690,海尔智家,28.73,30.08,28.62,29.1,738802,2174374400,0.37,1.2878524190741385
2020-11-18,15:00,sh600690,海尔智家,28.9,29.1,27.52,28.11,760826,2147436160,-0.99,-3.402061855670103
2020-11-19,15:00,sh600690,海尔智家,28.22,29.1,28.06,29.1,586622,1682989184,0.99,3.5218783351120595
2020-11-20,15:00,sh600690,海尔智家,29.13,30.21,28.81,29.54,613349,1821036288,0.44,1.5120274914089349
2020-11-23,15:00,sh600690,海尔智家,29.26,30.62,29.02,30.4,580538,1743024640,0.86,2.911306702775897
2020-11-24,15:00,sh600690,海尔智家,30.3,30.3,28.5,28.95,869822,2536798208,-1.45,-4.769736842105264
2020-11-25,15:00,sh600690,海尔智家,28.95,29.03,28.16,28.3,466522,1326447232,-0.65,-2.245250431778929
2020-11-26,15:00,sh600690,海尔智家,28.11,28.5,27.0,27.34,601020,1648599552,-0.96,-3.3922261484098937
2020-11-27,15:00,sh600690,海尔智家,27.51,28.7,27.51,28.3,473369,1335136768,0.96,3.511338697878566
2020-11-30,15:00,sh600690,海尔智家,28.08,28.49,26.97,26.97,441232,1221135232,-1.33,-4.69964664310954
2020-12-01,15:00,sh600690,海尔智家,27.59,27.81,27.26,27.7,308235,851665344,0.73,2.7067111605487577
2020-12-02,15:00,sh600690,海尔智家,27.7,28.45,27.44,27.71,395486,1101223680,0.01,0.0361010830324909
2020-12-03,15:00,sh600690,海尔智家,27.68,27.68,27.01,27.35,391693,1066960640,-0.36,-1.2991699747383616
2020-12-04,15:00,sh600690,海尔智家,27.24,27.29,26.54,27.22,436189,1172023936,-0.13,-0.4753199268738574
2020-12-07,15:00,sh600690,海尔智家,27.35,27.49,26.9,27.02,345051,936583744,-0.2,-0.7347538574577517
2020-12-08,15:00,sh600690,海尔智家,27.41,27.44,26.61,26.97,431523,1157687552,-0.05,-0.1850481125092524
2020-12-09,15:00,sh600690,海尔智家,26.99,27.12,26.24,26.31,354064,938115136,-0.66,-2.447163515016685
2020-12-10,15:00,sh600690,海尔智家,26.45,26.6,26.08,26.2,330251,868774336,-0.11,-0.4180919802356518
2020-12-11,15:00,sh600690,海尔智家,26.38,26.63,25.76,26.3,399636,1044802624,0.1,0.381679389312977
2020-12-14,15:00,sh600690,海尔智家,26.3,26.38,25.49,25.9,558834,1437886080,-0.4,-1.520912547528517
2020-12-15,15:00,sh600690,海尔智家,25.8,26.38,25.57,26.01,410217,1066703744,0.11,0.4247104247104247
2020-12-16,15:00,sh600690,海尔智家,26.2,27.04,26.1,26.78,618599,1657149696,0.77,2.960399846212995
2020-12-17,15:00,sh600690,海尔智家,26.87,27.89,26.68,27.33,597909,1646014208,0.55,2.0537714712471997
2020-12-18,15:00,sh600690,海尔智家,27.3,27.86,27.2,27.66,404000,1113955328,0.33,1.2074643249176729
2020-12-21,15:00,sh600690,海尔智家,27.67,27.67,26.08,26.6,911619,2421178368,-1.06,-3.832248734634852
2020-12-22,15:00,sh600690,海尔智家,26.5,26.99,26.16,26.42,588621,1560044032,-0.18,-0.6766917293233082
2020-12-23,15:00,sh600690,海尔智家,26.42,27.72,26.13,27.44,806952,2200245248,1.02,3.860711582134747
2020-12-24,15:00,sh600690,海尔智家,27.4,28.48,27.1,28.4,559028,1570013568,0.96,3.498542274052478
2020-12-25,15:00,sh600690,海尔智家,28.35,28.82,27.83,28.43,434603,1231521408,0.03,0.1056338028169013
2020-12-28,15:00,sh600690,海尔智家,28.17,29.57,28.13,28.98,660253,1910571264,0.55,1.9345761519521636
2020-12-29,15:00,sh600690,海尔智家,28.9,28.9,27.74,27.97,658866,1849111424,-1.01,-3.4851621808143545
2020-12-30,15:00,sh600690,海尔智家,28.0,28.4,27.71,28.1,428199,1200956544,0.13,0.4647836968180193
2020-12-31,15:00,sh600690,海尔智家,28.0,29.36,27.71,29.21,613870,1763797632,1.11,3.950177935943061
2021-01-04,15:00,sh600690,海尔智家,29.06,30.49,28.36,30.01,979855,2899800064,0.8,2.738788086271825
2021-01-05,15:00,sh600690,海尔智家,29.7,32.13,29.51,31.78,882756,2729662464,1.77,5.898033988670443
2021-01-06,15:00,sh600690,海尔智家,31.91,33.05,31.47,31.65,780975,2501303808,-0.13,-0.409062303335431
2021-01-07,15:00,sh600690,海尔智家,31.7,32.98,31.63,32.68,777090,2510547968,1.03,3.2543443917851502
2021-01-08,15:00,sh600690,海尔智家,32.45,33.59,31.91,33.0,593080,1939552128,0.32,0.9791921664626682
2021-01-11,15:00,sh600690,海尔智家,33.0,34.02,32.12,32.67,666682,2215444224,-0.33,-1.0
2021-01-12,15:00,sh600690,海尔智家,32.72,35.22,32.16,35.2,833260,2856176384,2.53,7.744107744107744
2021-01-13,15:00,sh600690,海尔智家,35.35,35.79,33.99,35.13,633718,2215400704,-0.07,-0.1988636363636363
2021-01-14,15:00,sh600690,海尔智家,34.77,35.28,33.58,33.85,436426,1501066496,-1.28,-3.6436094506120127
2021-01-15,15:00,sh600690,海尔智家,33.4,33.7,32.5,33.31,603561,1999719936,-0.54,-1.5952732644017726
2021-01-18,15:00,sh600690,海尔智家,33.3,35.19,33.3,34.96,510256,1767597184,1.65,4.95346742719904
2021-01-19,15:00,sh600690,海尔智家,34.97,35.06,32.8,33.76,635700,2140277760,-1.2,-3.432494279176201
2021-01-20,15:00,sh600690,海尔智家,33.35,33.64,32.74,33.25,477264,1580921728,-0.51,-1.5106635071090049
2021-01-21,15:00,sh600690,海尔智家,33.43,34.68,33.26,34.0,554309,1888379008,0.75,2.255639097744361
2021-01-22,15:00,sh600690,海尔智家,34.36,34.64,33.08,34.15,449688,1521537024,0.15,0.4411764705882353
2021-01-25,15:00,sh600690,海尔智家,34.22,35.55,33.99,35.31,551042,1925280000,1.16,3.396778916544656
2021-01-26,15:00,sh600690,海尔智家,34.98,34.98,33.0,33.2,601193,2021981312,-2.11,-5.975644293401302
2021-01-27,15:00,sh600690,海尔智家,33.1,34.3,32.8,33.7,505013,1698112256,0.5,1.5060240963855422
2021-01-28,15:00,sh600690,海尔智家,33.0,33.64,31.82,32.0,483724,1562322816,-1.7,-5.044510385756676
2021-01-29,15:00,sh600690,海尔智家,32.66,32.89,31.1,31.85,422925,1356232960,-0.15,-0.46875
2021-02-01,15:00,sh600690,海尔智家,32.0,32.2,31.37,31.8,393495,1252430720,-0.05,-0.1569858712715855
2021-02-02,15:00,sh600690,海尔智家,32.2,33.3,31.97,33.26,497016,1629722880,1.46,4.5911949685534585
2021-02-03,15:00,sh600690,海尔智家,33.5,33.77,32.1,32.8,405343,1329060992,-0.46,-1.3830426939266387
2021-02-04,15:00,sh600690,海尔智家,32.5,32.89,31.91,32.77,369728,1201953408,-0.03,-0.0914634146341463
2021-02-05,15:00,sh600690,海尔智家,32.6,34.44,32.3,33.68,559178,1877113600,0.91,2.7769301190112907
2021-02-08,15:00,sh600690,海尔智家,33.75,34.94,33.4,34.66,497859,1709076480,0.98,2.909738717339668
2021-02-09,15:00,sh600690,海尔智家,34.69,35.04,33.53,34.38,522512,1786086912,-0.28,-0.8078476630121176
2021-02-10,15:00,sh600690,海尔智家,34.2,35.26,34.03,34.9,408764,1422671232,0.52,1.512507271669575
2021-02-18,15:00,sh600690,海尔智家,35.6,35.95,33.21,33.52,720018,2468862976,-1.38,-3.954154727793696
2021-02-19,15:00,sh600690,海尔智家,33.0,33.15,31.86,32.6,598704,1944775936,-0.92,-2.7446300715990453
2021-02-22,15:00,sh600690,海尔智家,32.62,32.65,29.4,29.52,1215898,3680623872,-3.08,-9.447852760736197
2021-02-23,15:00,sh600690,海尔智家,29.29,31.23,29.05,30.48,796227,2432274176,0.96,3.252032520325204
2021-02-24,15:00,sh600690,海尔智家,31.0,31.86,29.78,30.0,511900,1567548672,-0.48,-1.574803149606299
2021-02-25,15:00,sh600690,海尔智家,29.94,30.27,29.56,30.1,306402,918802752,0.1,0.3333333333333333
2021-02-26,15:00,sh600690,海尔智家,29.2,29.45,28.4,28.92,395638,1145632000,-1.18,-3.920265780730898
2021-03-01,15:00,sh600690,海尔智家,29.31,30.16,29.0,29.63,368274,1089444992,0.71,2.455048409405256
2021-03-02,15:00,sh600690,海尔智家,30.0,30.74,29.38,29.55,419653,1259345280,-0.08,-0.2699966250421869
2021-03-03,15:00,sh600690,海尔智家,29.56,29.8,28.83,29.44,302490,886057344,-0.11,-0.3722504230118443
2021-03-04,15:00,sh600690,海尔智家,29.0,29.0,28.1,28.29,428445,1219667712,-1.15,-3.90625
2021-03-05,15:00,sh600690,海尔智家,27.89,28.64,27.42,28.14,346236,977480960,-0.15,-0.5302226935312832
2021-03-08,15:00,sh600690,海尔智家,29.1,29.54,27.97,28.0,515509,1480471296,-0.14,-0.4975124378109453
2021-03-09,15:00,sh600690,海尔智家,27.72,28.97,27.1,28.14,490711,1385014656,0.14,0.5
2021-03-10,15:00,sh600690,海尔智家,28.63,29.25,28.48,28.97,361811,1046099008,0.83,2.9495380241648896
2021-03-11,15:00,sh600690,海尔智家,28.89,29.68,28.6,29.37,360473,1055323264,0.4,1.3807386952019332
2021-03-12,15:00,sh600690,海尔智家,29.41,30.48,29.41,29.99,410894,1231810560,0.62,2.1109976166155944
2021-03-15,15:00,sh600690,海尔智家,30.1,30.34,28.7,28.97,386118,1131998336,-1.02,-3.4011337112370787
2021-03-16,15:00,sh600690,海尔智家,29.09,29.96,29.01,29.49,318000,939372672,0.52,1.794960303762513
2021-03-17,15:00,sh600690,海尔智家,29.59,30.57,29.02,30.4,326611,983948416,0.91,3.0857917938284163
2021-03-18,15:00,sh600690,海尔智家,30.28,31.0,30.2,30.57,232448,712476352,0.17,0.5592105263157895
2021-03-19,15:00,sh600690,海尔智家,30.26,30.26,29.49,29.67,228753,681369856,-0.9,-2.9440628066732093
2021-03-22,15:00,sh600690,海尔智家,29.73,30.53,29.5,29.97,196892,592394432,0.3,1.0111223458038423
2021-03-23,15:00,sh600690,海尔智家,29.97,30.48,29.26,29.6,278687,827956032,-0.37,-1.2345679012345678
2021-03-24,15:00,sh600690,海尔智家,29.7,29.98,29.07,29.2,224594,660402048,-0.4,-1.351351351351351
2021-03-25,15:00,sh600690,海尔智家,28.8,29.2,28.4,28.9,306548,881452800,-0.3,-1.0273972602739725
2021-03-26,15:00,sh600690,海尔智家,29.15,29.88,28.5,29.68,306533,899630272,0.78,2.698961937716263
2021-03-29,15:00,sh600690,海尔智家,29.78,30.49,29.6,30.29,311074,939178816,0.61,2.055256064690027
2021-03-30,15:00,sh600690,海尔智家,30.5,30.61,29.52,29.99,371608,1115841536,-0.3,-0.9904258831297456
2021-03-31,15:00,sh600690,海尔智家,30.5,32.0,30.4,31.18,774240,2422279680,1.19,3.967989329776593
2021-04-01,15:00,sh600690,海尔智家,31.5,32.9,31.5,32.36,493459,1599147392,1.18,3.784477228992944
2021-04-02,15:00,sh600690,海尔智家,32.5,32.65,31.75,32.13,303622,977666816,-0.23,-0.7107540173053153
2021-04-06,15:00,sh600690,海尔智家,32.25,32.42,31.6,31.85,209080,666497088,-0.28,-0.8714596949891068
2021-04-07,15:00,sh600690,海尔智家,31.7,32.25,31.35,32.2,311997,994036544,0.35,1.098901098901099
2021-04-08,15:00,sh600690,海尔智家,32.03,32.72,31.58,32.37,204637,661872768,0.17,0.5279503105590062
2021-04-09,15:00,sh600690,海尔智家,32.53,32.56,31.77,32.02,211355,677192512,-0.35,-1.0812480691998765
2021-04-12,15:00,sh600690,海尔智家,31.86,32.43,31.45,31.71,309611,986845568,-0.31,-0.9681449094316054
2021-04-13,15:00,sh600690,海尔智家,31.51,31.97,31.0,31.28,302274,949808128,-0.43,-1.3560391043834754
2021-04-14,15:00,sh600690,海尔智家,31.53,32.09,31.46,31.8,188946,601436416,0.52,1.6624040920716114
2021-04-15,15:00,sh600690,海尔智家,31.7,31.85,31.18,31.49,151797,477953600,-0.31,-0.9748427672955976
2021-04-16,15:00,sh600690,海尔智家,31.66,31.78,31.11,31.47,161282,506224256,-0.02,-0.0635122261035249
2021-04-19,15:00,sh600690,海尔智家,31.69,32.24,31.35,31.99,246395,787353024,0.52,1.6523673339688592
2021-04-20,15:00,sh600690,海尔智家,31.97,32.91,31.78,32.63,279176,906210432,0.64,2.000625195373554
2021-04-21,15:00,sh600690,海尔智家,32.44,33.01,32.3,32.9,266866,875421248,0.27,0.827459393196445
2021-04-22,15:00,sh600690,海尔智家,33.02,33.28,31.98,32.39,251931,818034944,-0.51,-1.5501519756838906
2021-04-23,15:00,sh600690,海尔智家,32.38,32.79,32.13,32.47,174503,566739776,0.08,0.2469898116702686
2021-04-26,15:00,sh600690,海尔智家,32.57,33.47,32.36,32.47,313542,1033123776,0.0,0.0
2021-04-27,15:00,sh600690,海尔智家,32.5,32.85,32.05,32.5,224221,727288576,0.03,0.0923929781336618
2021-04-28,15:00,sh600690,海尔智家,32.54,33.19,32.36,33.1,212999,702056192,0.6,1.8461538461538465
2021-04-29,15:00,sh600690,海尔智家,33.3,33.34,32.22,32.98,273572,895220928,-0.12,-0.3625377643504531
2021-04-30,15:00,sh600690,海尔智家,33.58,33.7,32.5,33.13,379558,1259129472,0.15,0.4548211036992117
2021-05-06,15:00,sh600690,海尔智家,32.28,33.9,32.26,32.95,470850,1552980608,-0.18,-0.5433142167220043
2021-05-07,15:00,sh600690,海尔智家,33.1,33.2,30.7,31.0,580933,1832226816,-1.95,-5.918057663125948
2021-05-10,15:00,sh600690,海尔智家,31.1,31.1,30.05,30.79,494513,1512940928,-0.21,-0.6774193548387096
2021-05-11,15:00,sh600690,海尔智家,30.69,30.77,29.88,30.3,333649,1007983744,-0.49,-1.5914257875933744
2021-05-12,15:00,sh600690,海尔智家,30.3,30.56,29.1,29.76,493110,1457862656,-0.54,-1.782178217821782
2021-05-13,15:00,sh600690,海尔智家,29.23,29.38,28.17,28.5,735319,2102113024,-1.26,-4.233870967741935
2021-05-14,15:00,sh600690,海尔智家,28.74,29.08,28.08,28.8,443958,1269307264,0.3,1.0526315789473684
2021-05-17,15:00,sh600690,海尔智家,29.2,29.67,28.71,29.43,471910,1383724544,0.63,2.1875
2021-05-18,15:00,sh600690,海尔智家,29.43,29.97,29.3,29.85,268434,798482112,0.42,1.4271151885830784
2021-05-19,15:00,sh600690,海尔智家,29.85,29.85,28.51,29.0,373741,1081038336,-0.85,-2.847571189279732
2021-05-20,15:00,sh600690,海尔智家,29.27,30.08,29.2,29.71,422020,1256515584,0.71,2.4482758620689657
2021-05-21,15:00,sh600690,海尔智家,30.07,30.86,29.86,30.11,318157,961628928,0.4,1.3463480309660047
2021-05-24,15:00,sh600690,海尔智家,30.18,30.34,29.54,30.08,224077,671542912,-0.03,-0.0996346728661574
2021-05-25,15:00,sh600690,海尔智家,30.05,30.28,29.83,30.07,357724,1075216384,-0.01,-0.0332446808510638
2021-05-26,15:00,sh600690,海尔智家,30.15,31.28,30.09,31.17,382647,1182860672,1.1,3.658131027602261
2021-05-27,15:00,sh600690,海尔智家,31.62,31.79,30.92,31.18,272116,851731648,0.01,0.0320821302534488
2021-05-28,15:00,sh600690,海尔智家,31.15,31.15,30.39,30.68,326056,999709056,-0.5,-1.603592046183451
2021-05-31,15:00,sh600690,海尔智家,30.68,30.68,29.55,30.17,431401,1287451392,-0.51,-1.6623207301173404
2021-06-01,15:00,sh600690,海尔智家,29.52,30.04,29.2,29.95,496674,1473648256,-0.22,-0.7292011932383162
2021-06-02,15:00,sh600690,海尔智家,30.11,30.38,29.4,30.3,320004,960674432,0.35,1.1686143572621035
2021-06-03,15:00,sh600690,海尔智家,30.3,30.36,29.58,29.61,231139,690778368,-0.69,-2.277227722772277
2021-06-04,15:00,sh600690,海尔智家,29.45,29.8,29.2,29.54,292619,859677952,-0.07,-0.2364066193853428
2021-06-07,15:00,sh600690,海尔智家,29.55,29.58,29.06,29.12,233701,682304320,-0.42,-1.4218009478672986
2021-06-08,15:00,sh600690,海尔智家,29.03,29.26,28.21,28.74,387500,1110845696,-0.38,-1.304945054945055
2021-06-09,15:00,sh600690,海尔智家,28.75,29.0,28.35,28.53,245954,704651840,-0.21,-0.7306889352818371
2021-06-10,15:00,sh600690,海尔智家,28.55,28.94,28.1,28.25,341077,967213120,-0.28,-0.9814230634419908
2021-06-11,15:00,sh600690,海尔智家,28.35,28.37,27.5,27.84,466869,1296486784,-0.41,-1.4513274336283186
2021-06-15,15:00,sh600690,海尔智家,27.72,27.74,26.33,26.87,695590,1874887040,-0.97,-3.484195402298851
2021-06-16,15:00,sh600690,海尔智家,26.87,27.5,26.39,27.1,470979,1275628032,0.23,0.8559732043170823
2021-06-17,15:00,sh600690,海尔智家,27.0,27.03,26.4,26.55,549419,1460265600,-0.55,-2.029520295202952
2021-06-18,15:00,sh600690,海尔智家,26.73,26.8,25.6,26.31,758472,1975469440,-0.24,-0.903954802259887
2021-06-21,15:00,sh600690,海尔智家,26.13,26.13,25.36,25.51,564446,1443366272,-0.8,-3.0406689471683768
2021-06-22,15:00,sh600690,海尔智家,25.98,26.77,25.74,25.87,636641,1666074624,0.36,1.4112112896903175
2021-06-23,15:00,sh600690,海尔智家,26.02,26.78,26.02,26.52,445970,1183419264,0.65,2.512562814070352
2021-06-24,15:00,sh600690,海尔智家,26.72,26.75,26.08,26.19,306173,804065024,-0.33,-1.244343891402715
2021-06-25,15:00,sh600690,海尔智家,26.1,26.63,25.63,26.56,329706,868706432,0.37,1.4127529591447117
2021-06-28,15:00,sh600690,海尔智家,26.65,26.77,26.26,26.48,310930,824875008,-0.08,-0.3012048192771084
2021-06-29,15:00,sh600690,海尔智家,26.55,26.57,25.61,25.86,465014,1202949248,-0.62,-2.3413897280966767
2021-06-30,15:00,sh600690,海尔智家,25.89,26.06,25.4,25.91,297169,764960960,0.05,0.1933488012374323
2021-07-01,15:00,sh600690,海尔智家,26.01,27.2,25.6,26.93,448618,1190639104,1.02,3.936703975299112
2021-07-02,15:00,sh600690,海尔智家,26.45,26.6,25.61,25.7,520875,1348233344,-1.23,-4.567396955068697
2021-07-05,15:00,sh600690,海尔智家,25.5,25.54,24.75,25.07,436854,1093541760,-0.63,-2.4513618677042803
2021-07-06,15:00,sh600690,海尔智家,24.8,25.5,24.75,25.24,286192,719770432,0.17,0.6781013163143199
2021-07-07,15:00,sh600690,海尔智家,25.34,26.06,25.16,25.45,336081,862806400,0.21,0.832012678288431
2021-07-08,15:00,sh600690,海尔智家,25.7,25.7,25.03,25.12,393324,994733696,-0.33,-1.2966601178781925
2021-07-09,15:00,sh600690,海尔智家,25.18,25.7,25.0,25.66,336558,856214848,0.54,2.14968152866242
2021-07-12,15:00,sh600690,海尔智家,25.66,26.17,25.25,25.8,369193,952875392,0.14,0.5455962587685114
2021-07-13,15:00,sh600690,海尔智家,25.8,28.0,25.78,27.58,661115,1794515712,1.78,6.899224806201551
2021-07-14,15:00,sh600690,海尔智家,27.63,28.82,27.15,27.27,620575,1725292800,-0.31,-1.1240029006526469
2021-07-15,15:00,sh600690,海尔智家,27.2,27.79,26.79,27.25,290938,791487296,-0.02,-0.0733406674000733
2021-07-16,15:00,sh600690,海尔智家,27.07,27.31,26.5,26.76,257385,689771392,-0.49,-1.7981651376146788
2021-07-19,15:00,sh600690,海尔智家,26.89,27.35,26.4,27.25,302557,817069312,0.49,1.8310911808669652
2021-07-20,15:00,sh600690,海尔智家,27.08,27.47,26.4,26.93,342020,917054336,-0.32,-1.1743119266055049
2021-07-21,15:00,sh600690,海尔智家,27.0,27.88,26.93,27.58,418619,1155270400,0.65,2.4136650575566283
2021-07-22,15:00,sh600690,海尔智家,27.34,27.76,26.9,26.93,316102,862345664,-0.65,-2.3567802755620013
2021-07-23,15:00,sh600690,海尔智家,26.8,27.1,26.03,26.24,387322,1023890368,-0.69,-2.562198291867805
2021-07-26,15:00,sh600690,海尔智家,26.25,26.34,25.7,25.97,339436,882240192,-0.27,-1.0289634146341464
2021-07-27,15:00,sh600690,海尔智家,26.06,26.12,24.21,24.45,797640,1978974976,-1.52,-5.852907200616095
2021-07-28,15:00,sh600690,海尔智家,24.23,24.58,23.82,24.45,399956,971072192,0.0,0.0
2021-07-29,15:00,sh600690,海尔智家,24.69,24.82,23.46,23.7,603830,1436659712,-0.75,-3.067484662576687
2021-07-30,15:00,sh600690,海尔智家,24.38,25.33,24.22,24.98,690574,1716629760,1.28,5.40084388185654
2021-08-02,15:00,sh600690,海尔智家,24.6,26.1,24.33,25.9,594734,1514439680,0.92,3.682946357085669
2021-08-03,15:00,sh600690,海尔智家,25.8,27.41,25.66,27.05,612019,1628977408,1.15,4.440154440154441
2021-08-04,15:00,sh600690,海尔智家,26.9,27.48,26.62,26.8,433403,1170448640,-0.25,-0.9242144177449167
2021-08-05,15:00,sh600690,海尔智家,26.6,27.34,26.38,27.03,316167,853112320,0.23,0.8582089552238806
2021-08-06,15:00,sh600690,海尔智家,27.03,27.07,26.4,26.76,203187,542098368,-0.27,-0.9988901220865706
2021-08-09,15:00,sh600690,海尔智家,26.76,27.63,26.56,27.28,495812,1354566016,0.52,1.9431988041853512
2021-08-10,15:00,sh600690,海尔智家,27.15,27.9,26.56,27.8,496343,1351574912,0.52,1.906158357771261
2021-08-11,15:00,sh600690,海尔智家,27.6,28.59,27.48,27.86,461379,1299748480,0.06,0.2158273381294964
2021-08-12,15:00,sh600690,海尔智家,27.87,28.0,27.5,27.58,210927,585092032,-0.28,-1.0050251256281406
2021-08-13,15:00,sh600690,海尔智家,27.5,27.68,27.15,27.63,241381,661466240,0.05,0.1812907904278462
2021-08-16,15:00,sh600690,海尔智家,27.69,28.38,27.51,28.3,394302,1108995456,0.67,2.424900470503077
2021-08-17,15:00,sh600690,海尔智家,28.2,28.4,27.31,27.33,240142,667166400,-0.97,-3.4275618374558303
2021-08-18,15:00,sh600690,海尔智家,27.33,27.65,27.05,27.12,228896,623546880,-0.21,-0.7683863885839737
2021-08-19,15:00,sh600690,海尔智家,27.07,27.28,26.58,26.84,206963,557382976,-0.28,-1.0324483775811208
2021-08-20,15:00,sh600690,海尔智家,26.83,26.96,25.41,26.11,414251,1080624512,-0.73,-2.7198211624441133
2021-08-23,15:00,sh600690,海尔智家,25.73,26.58,25.66,26.18,260227,684008576,0.07,0.2680965147453083
2021-08-24,15:00,sh600690,海尔智家,26.08,26.69,26.05,26.52,238327,630625216,0.34,1.2987012987012987
2021-08-25,15:00,sh600690,海尔智家,26.6,26.69,26.2,26.65,166224,439977696,0.13,0.4901960784313725
2021-08-26,15:00,sh600690,海尔智家,26.57,26.6,25.68,25.75,263955,685044608,-0.9,-3.377110694183865
2021-08-27,15:00,sh600690,海尔智家,25.84,26.48,25.84,26.2,190771,499752832,0.45,1.7475728155339807
2021-08-30,15:00,sh600690,海尔智家,26.28,26.42,25.4,25.65,416826,1073550016,-0.55,-2.099236641221374
2021-08-31,15:00,sh600690,海尔智家,27.0,28.15,26.16,27.06,1097010,2974742016,1.41,5.497076023391813
2021-09-01,15:00,sh600690,海尔智家,26.94,29.09,26.58,28.96,1008832,2840582912,1.9,7.021433850702144
2021-09-02,15:00,sh600690,海尔智家,29.38,29.38,28.0,28.41,603171,1715149568,-0.55,-1.899171270718232
2021-09-03,15:00,sh600690,海尔智家,28.45,29.0,27.82,28.44,447090,1270542976,0.03,0.1055966209081309
2021-09-06,15:00,sh600690,海尔智家,28.55,29.6,28.4,28.8,533619,1550924288,0.36,1.2658227848101269
2021-09-07,15:00,sh600690,海尔智家,28.63,28.88,28.04,28.58,313970,897476992,-0.22,-0.7638888888888888
2021-09-08,15:00,sh600690,海尔智家,28.65,28.85,28.1,28.16,281546,796835968,-0.42,-1.469559132260322
2021-09-09,15:00,sh600690,海尔智家,28.2,28.33,27.52,27.79,301423,836914304,-0.37,-1.3139204545454546
2021-09-10,15:00,sh600690,海尔智家,27.79,28.45,27.54,28.19,447215,1251808512,0.4,1.439366678661389
2021-09-13,15:00,sh600690,海尔智家,28.2,28.2,27.05,27.31,454542,1250007680,-0.88,-3.1216743526073074
2021-09-14,15:00,sh600690,海尔智家,27.31,27.6,26.58,26.64,384722,1035605184,-0.67,-2.4533138044672285
2021-09-15,15:00,sh600690,海尔智家,26.6,26.6,25.8,26.02,368180,959934976,-0.62,-2.3273273273273274
2021-09-16,15:00,sh600690,海尔智家,26.06,26.15,25.59,25.71,352994,910227520,-0.31,-1.191391237509608
2021-09-17,15:00,sh600690,海尔智家,25.75,26.84,25.5,26.8,406095,1063316928,1.09,4.239595488136912
2021-09-22,15:00,sh600690,海尔智家,26.2,26.43,25.55,26.0,410724,1064099456,-0.8,-2.985074626865672
2021-09-23,15:00,sh600690,海尔智家,26.11,26.16,25.01,25.25,493623,1254087296,-0.75,-2.8846153846153846
2021-09-24,15:00,sh600690,海尔智家,24.99,25.07,24.6,24.66,525861,1301026048,-0.59,-2.3366336633663365
2021-09-27,15:00,sh600690,海尔智家,24.62,25.73,24.4,24.89,647995,1624667904,0.23,0.9326845093268452
2021-09-28,15:00,sh600690,海尔智家,24.77,25.9,24.73,25.63,489347,1249031680,0.74,2.97308155885898
2021-09-29,15:00,sh600690,海尔智家,25.3,26.16,25.0,26.03,383899,986177600,0.4,1.560671088568084
2021-09-30,15:00,sh600690,海尔智家,25.76,26.63,25.7,26.15,337700,884125056,0.12,0.4610065309258547
2021-10-08,15:00,sh600690,海尔智家,26.5,26.99,26.12,26.7,318555,850801664,0.55,2.103250478011472
2021-10-11,15:00,sh600690,海尔智家,26.9,27.17,26.36,26.73,235309,629136320,0.03,0.1123595505617977
2021-10-12,15:00,sh600690,海尔智家,26.4,27.15,26.13,26.64,315976,844137088,-0.09,-0.3367003367003366
2021-10-13,15:00,sh600690,海尔智家,26.6,26.79,26.21,26.42,264610,699841280,-0.22,-0.8258258258258258
2021-10-14,15:00,sh600690,海尔智家,26.06,26.66,25.35,25.77,342061,883645888,-0.65,-2.460257380772142
2021-10-15,15:00,sh600690,海尔智家,25.69,26.45,25.61,26.21,398716,1045254272,0.44,1.7074117190531626
2021-10-18,15:00,sh600690,海尔智家,26.5,26.65,25.45,25.9,351929,908101120,-0.31,-1.1827546737886303
2021-10-19,15:00,sh600690,海尔智家,25.68,26.38,25.61,26.16,218820,571105088,0.26,1.003861003861004
2021-10-20,15:00,sh600690,海尔智家,26.29,26.46,25.36,25.6,372525,954675264,-0.56,-2.140672782874617
2021-10-21,15:00,sh600690,海尔智家,25.54,25.79,25.22,25.79,304492,776298112,0.19,0.7421875
2021-10-22,15:00,sh600690,海尔智家,25.9,28.12,25.81,27.71,951756,2608023808,1.92,7.444746025591314
2021-10-25,15:00,sh600690,海尔智家,27.46,27.48,26.55,26.93,491803,1323992832,-0.78,-2.8148682785997834
2021-10-26,15:00,sh600690,海尔智家,26.84,27.13,26.4,26.55,397489,1059843264,-0.38,-1.4110657259561827
2021-10-27,15:00,sh600690,海尔智家,26.49,26.49,25.73,25.93,330860,858523648,-0.62,-2.335216572504708
2021-10-28,15:00,sh600690,海尔智家,25.9,27.1,25.8,26.72,409974,1090980864,0.79,3.046664095642113
2021-10-29,15:00,sh600690,海尔智家,26.67,27.33,26.12,27.2,452252,1217253888,0.48,1.7964071856287425
2021-11-01,15:00,sh600690,海尔智家,27.25,28.8,27.25,27.58,705876,1973154816,0.38,1.397058823529412
2021-11-02,15:00,sh600690,海尔智家,27.5,27.98,26.28,26.42,518980,1396454656,-1.16,-4.205946337926034
2021-11-03,15:00,sh600690,海尔智家,26.39,26.71,26.05,26.43,299000,787311680,0.01,0.0378501135503406
2021-11-04,15:00,sh600690,海尔智家,26.6,26.67,25.99,26.56,318000,838363072,0.13,0.4918653045781309
2021-11-05,15:00,sh600690,海尔智家,26.2,26.67,25.65,26.3,373576,978897856,-0.26,-0.9789156626506024
2021-11-08,15:00,sh600690,海尔智家,26.08,26.44,25.61,25.73,374000,966685888,-0.57,-2.167300380228137
2021-11-09,15:00,sh600690,海尔智家,25.65,25.66,25.25,25.61,305936,777862528,-0.12,-0.4663816556548776
2021-11-10,15:00,sh600690,海尔智家,25.53,25.68,24.89,25.23,390224,982589824,-0.38,-1.483795392424834
2021-11-11,15:00,sh600690,海尔智家,25.26,26.9,25.2,26.79,679597,1796279296,1.56,6.183115338882283
2021-11-12,15:00,sh600690,海尔智家,26.96,27.75,26.65,27.5,571016,1561254272,0.71,2.6502426278462115
2021-11-15,15:00,sh600690,海尔智家,27.81,27.85,27.25,27.62,334794,923090112,0.12,0.4363636363636364
2021-11-16,15:00,sh600690,海尔智家,27.9,28.45,27.63,27.96,364857,1025527232,0.34,1.230992034757422
2021-11-17,15:00,sh600690,海尔智家,27.9,28.09,27.34,27.52,227188,626921728,-0.44,-1.5736766809728182
2021-11-18,15:00,sh600690,海尔智家,27.74,27.75,27.11,27.23,214017,584245952,-0.29,-1.0537790697674418
2021-11-19,15:00,sh600690,海尔智家,27.44,28.3,27.17,28.19,367111,1027663232,0.96,3.5255233198677933
2021-11-22,15:00,sh600690,海尔智家,28.5,28.68,27.49,28.02,435341,1222702848,-0.17,-0.6030507272082298
2021-11-23,15:00,sh600690,海尔智家,27.92,28.07,27.56,27.89,218824,609411904,-0.13,-0.4639543183440399
2021-11-24,15:00,sh600690,海尔智家,28.3,28.33,27.44,27.79,203549,566527680,-0.1,-0.3585514521333811
2021-11-25,15:00,sh600690,海尔智家,27.79,27.85,27.31,27.35,154733,424486304,-0.44,-1.583303346527528
2021-11-26,15:00,sh600690,海尔智家,27.3,27.77,27.05,27.59,210747,580533888,0.24,0.8775137111517367
2021-11-29,15:00,sh600690,海尔智家,27.0,27.48,26.54,26.84,399642,1074236160,-0.75,-2.7183762232693005
2021-11-30,15:00,sh600690,海尔智家,26.86,28.02,26.85,27.22,430984,1180967680,0.38,1.4157973174366618
2021-12-01,15:00,sh600690,海尔智家,27.15,27.76,27.0,27.71,317118,871532544,0.49,1.8001469507714911
2021-12-02,15:00,sh600690,海尔智家,27.78,28.27,27.58,27.88,467169,1304994560,0.17,0.6134969325153374
2021-12-03,15:00,sh600690,海尔智家,28.0,28.93,27.89,28.75,569699,1630621952,0.87,3.12051649928264
2021-12-06,15:00,sh600690,海尔智家,28.82,30.36,28.78,29.7,860564,2576081152,0.95,3.304347826086956
2021-12-07,15:00,sh600690,海尔智家,30.17,30.88,29.82,30.2,655051,1976299520,0.5,1.6835016835016834
2021-12-08,15:00,sh600690,海尔智家,30.31,30.35,29.3,30.09,406789,1217362304,-0.11,-0.3642384105960265
2021-12-09,15:00,sh600690,海尔智家,30.36,30.76,29.88,30.47,581576,1767432960,0.38,1.2628780325689597
2021-12-10,15:00,sh600690,海尔智家,30.3,30.56,29.8,30.5,371847,1126445312,0.03,0.0984574991795208
2021-12-13,15:00,sh600690,海尔智家,30.3,31.5,30.3,30.71,480405,1487133568,0.21,0.6885245901639345
2021-12-14,15:00,sh600690,海尔智家,30.58,30.82,29.9,29.98,391622,1180869248,-0.73,-2.3770758710517748
2021-12-15,15:00,sh600690,海尔智家,29.78,30.08,29.28,29.4,456431,1347036800,-0.58,-1.9346230820547032
2021-12-16,15:00,sh600690,海尔智家,29.54,29.77,29.08,29.7,323256,953363712,0.3,1.020408163265306
2021-12-17,15:00,sh600690,海尔智家,29.75,29.75,29.16,29.45,395711,1164228736,-0.25,-0.8417508417508417
2021-12-20,15:00,sh600690,海尔智家,29.33,29.62,28.78,28.93,382087,1111517312,-0.52,-1.7657045840407468
2021-12-21,15:00,sh600690,海尔智家,29.08,29.83,28.73,29.57,352614,1039833344,0.64,2.2122364327687523
2021-12-22,15:00,sh600690,海尔智家,29.94,29.94,29.1,29.77,344046,1016504064,0.2,0.6763611768684478
2021-12-23,15:00,sh600690,海尔智家,29.68,29.68,29.1,29.51,253180,743005568,-0.26,-0.8733624454148471
2021-12-24,15:00,sh600690,海尔智家,29.37,29.39,28.73,28.99,271988,788299456,-0.52,-1.762114537444934
2021-12-27,15:00,sh600690,海尔智家,28.98,29.24,28.75,28.91,291291,844089920,-0.08,-0.2759572266298724
2021-12-28,15:00,sh600690,海尔智家,29.0,30.35,29.0,30.35,575490,1726995840,1.44,4.980975441023867
2021-12-29,15:00,sh600690,海尔智家,30.1,30.2,28.87,29.25,471354,1380882048,-1.1,-3.6243822075782535
2021-12-30,15:00,sh600690,海尔智家,29.17,29.89,29.08,29.68,280501,831325568,0.43,1.4700854700854702
2021-12-31,15:00,sh600690,海尔智家,29.62,30.03,29.42,29.89,226517,675598272,0.21,0.7075471698113208
