日期,时间,代码,名称,开盘,最高,最低,收盘,总手,金额,涨幅,涨幅比
2015-01-05,15:00,sh601616,广电电气,5.13,5.22,5.03,5.2,218910,112057744.0,0.05,0.9708737864077668
2015-01-06,15:00,sh601616,广电电气,5.18,5.45,5.12,5.35,241399,128925104.0,0.15,2.8846153846153846
2015-01-07,15:00,sh601616,广电电气,5.36,5.65,5.26,5.53,302159,163966304.0,0.18,3.364485981308411
2015-01-08,15:00,sh601616,广电电气,5.5,5.76,5.37,5.52,485813,271486656.0,-0.01,-0.1808318264014466
2015-01-09,15:00,sh601616,广电电气,5.45,5.51,5.32,5.34,189853,102856832.0,-0.18,-3.260869565217391
2015-01-12,15:00,sh601616,广电电气,5.3,5.31,5.09,5.15,142828,74103656.0,-0.19,-3.5580524344569286
2015-01-13,15:00,sh601616,广电电气,5.12,5.21,5.11,5.18,74830,38663908.0,0.03,0.5825242718446602
2015-01-14,15:00,sh601616,广电电气,5.17,5.21,5.03,5.08,99143,50663500.0,-0.1,-1.9305019305019304
2015-01-15,15:00,sh601616,广电电气,5.1,5.22,5.1,5.21,82413,42563528.0,0.13,2.559055118110236
2015-01-16,15:00,sh601616,广电电气,5.21,5.26,5.14,5.22,122240,63542552.0,0.01,0.1919385796545105
2015-01-19,15:00,sh601616,广电电气,5.07,5.16,4.9,4.97,194791,98409216.0,-0.25,-4.789272030651341
2015-01-20,15:00,sh601616,广电电气,5.0,5.11,5.0,5.1,106463,53913972.0,0.13,2.61569416498994
2015-01-21,15:00,sh601616,广电电气,5.11,5.38,5.1,5.29,329486,173864720.0,0.19,3.725490196078432
2015-01-22,15:00,sh601616,广电电气,5.26,5.33,5.22,5.31,140729,74253600.0,0.02,0.3780718336483932
2015-01-23,15:00,sh601616,广电电气,5.31,5.5,5.25,5.32,354620,190072144.0,0.01,0.1883239171374764
2015-01-26,15:00,sh601616,广电电气,5.31,5.44,5.27,5.41,183709,98610296.0,0.09,1.6917293233082706
2015-01-27,15:00,sh601616,广电电气,5.43,5.48,5.27,5.38,176923,95105984.0,-0.03,-0.5545286506469501
2015-01-28,15:00,sh601616,广电电气,5.42,5.47,5.34,5.37,156297,84533080.0,-0.01,-0.1858736059479553
2015-01-29,15:00,sh601616,广电电气,5.37,5.41,5.28,5.38,139643,74639672.0,0.01,0.186219739292365
2015-01-30,15:00,sh601616,广电电气,5.35,5.45,5.25,5.26,103998,55506852.0,-0.12,-2.2304832713754648
2015-02-02,15:00,sh601616,广电电气,5.29,5.3,5.16,5.17,92767,48557136.0,-0.09,-1.7110266159695815
2015-02-03,15:00,sh601616,广电电气,5.17,5.23,5.16,5.22,78775,40933708.0,0.05,0.9671179883945842
2015-02-04,15:00,sh601616,广电电气,5.22,5.24,5.16,5.16,70054,36456124.0,-0.06,-1.1494252873563218
2015-02-05,15:00,sh601616,广电电气,5.2,5.34,5.13,5.22,231131,121211880.0,0.06,1.162790697674419
2015-02-06,15:00,sh601616,广电电气,5.17,5.24,5.03,5.07,117729,60254272.0,-0.15,-2.8735632183908044
2015-02-09,15:00,sh601616,广电电气,5.06,5.06,4.97,5.02,63995,32129254.0,-0.05,-0.9861932938856016
2015-02-10,15:00,sh601616,广电电气,5.03,5.06,5.0,5.06,46668,23478622.0,0.04,0.796812749003984
2015-02-11,15:00,sh601616,广电电气,5.06,5.12,5.06,5.1,49190,25037448.0,0.04,0.7905138339920948
2015-02-12,15:00,sh601616,广电电气,5.11,5.18,5.1,5.16,63462,32605770.0,0.06,1.1764705882352942
2015-02-13,15:00,sh601616,广电电气,5.17,5.26,5.17,5.2,91043,47415396.0,0.04,0.7751937984496124
2015-02-16,15:00,sh601616,广电电气,5.2,5.3,5.2,5.3,108373,57174428.0,0.1,1.9230769230769231
2015-02-17,15:00,sh601616,广电电气,5.31,5.42,5.31,5.35,150860,80903680.0,0.05,0.9433962264150944
2015-02-25,15:00,sh601616,广电电气,5.34,5.35,5.24,5.27,111139,58770284.0,-0.08,-1.4953271028037385
2015-02-26,15:00,sh601616,广电电气,5.27,5.38,5.25,5.37,146290,78063408.0,0.1,1.8975332068311197
2015-02-27,15:00,sh601616,广电电气,5.37,5.42,5.32,5.38,146778,78815704.0,0.01,0.186219739292365
2015-03-02,15:00,sh601616,广电电气,5.4,5.6,5.36,5.54,285545,156276816.0,0.16,2.973977695167286
2015-03-03,15:00,sh601616,广电电气,5.5,5.68,5.4,5.57,331647,183965792.0,0.03,0.5415162454873645
2015-03-04,15:00,sh601616,广电电气,5.57,5.91,5.54,5.82,380968,219120800.0,0.25,4.488330341113106
2015-03-05,15:00,sh601616,广电电气,5.78,5.97,5.75,5.79,290732,169798000.0,-0.03,-0.5154639175257731
2015-03-06,15:00,sh601616,广电电气,5.78,5.89,5.66,5.68,190980,109503952.0,-0.11,-1.8998272884283247
2015-03-09,15:00,sh601616,广电电气,5.62,6.0,5.54,5.99,361833,210157696.0,0.31,5.457746478873239
2015-03-10,15:00,sh601616,广电电气,6.0,6.44,5.99,6.22,656712,409320992.0,0.23,3.8397328881469113
2015-03-11,15:00,sh601616,广电电气,6.19,6.25,6.06,6.13,236086,144841744.0,-0.09,-1.4469453376205788
2015-03-12,15:00,sh601616,广电电气,6.13,6.37,6.04,6.07,353302,217630320.0,-0.06,-0.9787928221859704
2015-03-13,15:00,sh601616,广电电气,6.07,6.18,6.03,6.09,190582,116050784.0,0.02,0.3294892915980231
2015-03-16,15:00,sh601616,广电电气,6.11,6.34,6.11,6.28,252540,157876544.0,0.19,3.1198686371100166
2015-03-17,15:00,sh601616,广电电气,6.32,6.58,6.25,6.4,372838,238365792.0,0.12,1.910828025477707
2015-03-18,15:00,sh601616,广电电气,6.42,6.47,6.31,6.44,261700,167455360.0,0.04,0.625
2015-03-19,15:00,sh601616,广电电气,6.45,7.08,6.36,7.08,689820,468860448.0,0.64,9.937888198757763
2015-03-20,15:00,sh601616,广电电气,7.11,7.34,6.9,7.11,487447,346828928.0,0.03,0.423728813559322
2015-03-23,15:00,sh601616,广电电气,7.18,7.82,7.0,7.77,482652,352456384.0,0.66,9.282700421940929
2015-03-24,15:00,sh601616,广电电气,7.65,7.95,7.3,7.67,539473,411419616.0,-0.1,-1.287001287001287
2015-03-25,15:00,sh601616,广电电气,7.66,7.66,7.42,7.47,369019,277483872.0,-0.2,-2.607561929595828
2015-03-26,15:00,sh601616,广电电气,7.42,7.45,7.12,7.16,376821,273741728.0,-0.31,-4.149933065595716
2015-03-27,15:00,sh601616,广电电气,7.15,7.43,7.13,7.33,237041,172696688.0,0.17,2.3743016759776534
2015-03-30,15:00,sh601616,广电电气,7.31,7.47,7.26,7.39,296848,218766640.0,0.06,0.8185538881309686
2015-03-31,15:00,sh601616,广电电气,7.41,7.47,7.24,7.29,270772,199232000.0,-0.1,-1.3531799729364005
2015-04-01,15:00,sh601616,广电电气,7.22,7.54,7.21,7.46,345862,256457968.0,0.17,2.3319615912208507
2015-04-02,15:00,sh601616,广电电气,7.48,7.75,7.4,7.72,403959,305947328.0,0.26,3.485254691689008
2015-04-03,15:00,sh601616,广电电气,7.72,8.45,7.65,8.11,501633,406850208.0,0.39,5.051813471502591
2015-04-07,15:00,sh601616,广电电气,8.09,8.22,7.98,8.14,337195,273412288.0,0.03,0.3699136868064118
2015-04-08,15:00,sh601616,广电电气,8.15,8.17,7.7,7.86,373399,295816352.0,-0.28,-3.43980343980344
2015-04-09,15:00,sh601616,广电电气,7.85,8.02,7.47,7.62,374776,286294080.0,-0.24,-3.0534351145038165
2015-04-10,15:00,sh601616,广电电气,7.61,7.78,7.51,7.75,235019,180802576.0,0.13,1.7060367454068242
2015-04-13,15:00,sh601616,广电电气,7.76,7.89,7.6,7.85,400572,310322496.0,0.1,1.2903225806451613
2015-04-14,15:00,sh601616,广电电气,7.85,8.06,7.67,7.96,455164,357899520.0,0.11,1.4012738853503186
2015-04-15,15:00,sh601616,广电电气,7.9,8.03,7.5,7.52,328186,253693520.0,-0.44,-5.527638190954774
2015-04-16,15:00,sh601616,广电电气,7.4,7.69,7.2,7.58,258908,194091936.0,0.06,0.7978723404255319
2015-04-17,15:00,sh601616,广电电气,7.63,8.04,7.63,7.9,521729,411447776.0,0.32,4.221635883905013
2015-04-20,15:00,sh601616,广电电气,7.87,8.3,7.63,7.98,686716,551050688.0,0.08,1.0126582278481011
2015-04-21,15:00,sh601616,广电电气,7.98,8.3,7.83,8.29,546637,442887136.0,0.31,3.884711779448621
2015-04-22,15:00,sh601616,广电电气,8.49,9.12,8.41,9.12,890439,789816704.0,0.83,10.012062726176117
2015-04-23,15:00,sh601616,广电电气,9.51,9.52,8.9,9.01,1001627,919531840.0,-0.11,-1.2061403508771928
2015-04-24,15:00,sh601616,广电电气,8.82,8.99,8.63,8.85,484564,425531360.0,-0.16,-1.7758046614872365
2015-04-27,15:00,sh601616,广电电气,8.85,9.15,8.75,8.93,460991,410607680.0,0.08,0.903954802259887
2015-04-28,15:00,sh601616,广电电气,8.89,8.9,8.37,8.5,398816,341619104.0,-0.43,-4.8152295632698765
2015-04-29,15:00,sh601616,广电电气,8.48,8.73,8.3,8.55,280586,239575600.0,0.05,0.5882352941176471
2015-04-30,15:00,sh601616,广电电气,8.57,8.87,8.45,8.68,447969,389493792.0,0.13,1.52046783625731
2015-05-04,15:00,sh601616,广电电气,8.68,8.84,8.56,8.72,298287,259185184.0,0.04,0.4608294930875576
2015-05-05,15:00,sh601616,广电电气,8.72,8.74,8.02,8.09,344110,287675232.0,-0.63,-7.224770642201834
2015-05-06,15:00,sh601616,广电电气,8.08,8.2,7.55,7.67,272135,216662000.0,-0.42,-5.19159456118665
2015-05-07,15:00,sh601616,广电电气,7.67,7.67,7.22,7.26,239940,178200496.0,-0.41,-5.345501955671447
2015-05-08,15:00,sh601616,广电电气,7.35,7.73,7.35,7.7,274411,205517312.0,0.44,6.0606060606060606
2015-05-11,15:00,sh601616,广电电气,7.82,8.09,7.78,8.08,292029,232835744.0,0.38,4.935064935064935
2015-05-12,15:00,sh601616,广电电气,8.16,8.69,8.07,8.67,445950,372158432.0,0.59,7.301980198019802
2015-05-13,15:00,sh601616,广电电气,8.6,8.71,8.4,8.47,355604,304575264.0,-0.2,-2.306805074971165
2015-05-14,15:00,sh601616,广电电气,8.46,8.88,8.31,8.71,494698,427183136.0,0.24,2.833530106257379
2015-05-15,15:00,sh601616,广电电气,8.76,8.8,8.3,8.4,288337,244314320.0,-0.31,-3.5591274397244548
2015-05-18,15:00,sh601616,广电电气,8.3,8.57,8.15,8.36,234479,197468512.0,-0.04,-0.4761904761904762
2015-05-19,15:00,sh601616,广电电气,8.42,8.98,8.38,8.91,588406,517248416.0,0.55,6.578947368421052
2015-05-20,15:00,sh601616,广电电气,8.89,9.13,8.78,8.84,587899,528190432.0,-0.07,-0.7856341189674524
2015-05-21,15:00,sh601616,广电电气,8.85,9.02,8.6,9.01,526432,465429504.0,0.17,1.9230769230769231
2015-05-22,15:00,sh601616,广电电气,9.08,9.91,9.08,9.91,807520,769500608.0,0.9,9.988901220865705
2015-05-25,15:00,sh601616,广电电气,10.2,10.82,9.8,10.49,1196479,1207404032.0,0.58,5.852674066599395
2015-05-26,15:00,sh601616,广电电气,10.39,10.79,10.05,10.5,756635,789614720.0,0.01,0.0953288846520495
2015-05-27,15:00,sh601616,广电电气,10.49,10.69,10.1,10.5,672883,697468800.0,0.0,0.0
2015-05-28,15:00,sh601616,广电电气,10.51,11.18,9.8,9.81,846800,899009920.0,-0.69,-6.571428571428571
2015-05-29,15:00,sh601616,广电电气,9.69,10.26,9.0,10.04,581203,572893440.0,0.23,2.344546381243629
2015-06-01,15:00,sh601616,广电电气,10.12,10.74,10.12,10.7,575219,604225664.0,0.66,6.573705179282868
2015-06-02,15:00,sh601616,广电电气,10.77,11.14,10.56,11.09,656638,715352576.0,0.39,3.644859813084112
2015-06-03,15:00,sh601616,广电电气,11.1,11.22,10.57,10.82,528355,572243648.0,-0.27,-2.4346257889990985
2015-06-04,15:00,sh601616,广电电气,10.82,10.82,9.9,10.6,420452,438289760.0,-0.22,-2.033271719038817
2015-06-05,15:00,sh601616,广电电气,10.73,11.66,10.69,11.66,912872,1019205952.0,1.06,10.0
2015-06-08,15:00,sh601616,广电电气,11.51,12.49,11.51,11.86,1028818,1238842624.0,0.2,1.7152658662092626
2015-06-09,15:00,sh601616,广电电气,11.8,12.18,11.45,12.06,507374,601269888.0,0.2,1.6863406408094437
2015-06-10,15:00,sh601616,广电电气,12.05,12.44,11.7,12.11,511347,621072448.0,0.05,0.4145936981757877
2015-06-11,15:00,sh601616,广电电气,12.13,12.25,11.85,12.06,393555,472398720.0,-0.05,-0.4128819157720891
2015-06-12,15:00,sh601616,广电电气,12.06,12.39,11.78,12.18,462519,558616128.0,0.12,0.9950248756218906
2015-06-15,15:00,sh601616,广电电气,12.21,13.35,12.21,12.96,681878,877052864.0,0.78,6.403940886699508
2015-06-16,15:00,sh601616,广电电气,13.18,13.24,12.52,12.76,553599,717070016.0,-0.2,-1.5432098765432098
2015-06-17,15:00,sh601616,广电电气,12.44,12.66,11.56,12.47,672974,816969728.0,-0.29,-2.272727272727273
2015-06-18,15:00,sh601616,广电电气,12.39,13.09,12.05,12.39,512976,646649280.0,-0.08,-0.6415396952686447
2015-06-19,15:00,sh601616,广电电气,11.8,12.18,11.15,11.15,335002,389015904.0,-1.24,-10.008071025020175
2015-06-23,15:00,sh601616,广电电气,11.11,11.11,10.04,10.56,496073,514394560.0,-0.59,-5.291479820627803
2015-06-24,15:00,sh601616,广电电气,10.77,11.05,10.51,10.93,399610,432843616.0,0.37,3.5037878787878785
2015-06-25,15:00,sh601616,广电电气,10.97,11.18,10.06,10.3,428233,462081024.0,-0.63,-5.763952424519671
2015-06-26,15:00,sh601616,广电电气,10.0,10.0,9.27,9.27,380175,365521760.0,-1.03,-10.0
2015-06-29,15:00,sh601616,广电电气,9.5,9.54,8.34,8.34,449494,389336096.0,-0.93,-10.032362459546926
2015-06-30,15:00,sh601616,广电电气,8.01,8.8,7.51,8.79,519101,420938976.0,0.45,5.39568345323741
2015-07-01,15:00,sh601616,广电电气,8.79,9.01,7.91,7.92,446670,382433856.0,-0.87,-9.897610921501707
2015-07-02,15:00,sh601616,广电电气,7.92,8.07,7.13,7.13,403288,299359392.0,-0.79,-9.974747474747476
2015-07-03,15:00,sh601616,广电电气,6.95,7.13,6.42,6.42,416824,273824576.0,-0.71,-9.957924263674617
2015-07-06,15:00,sh601616,广电电气,7.06,7.06,5.78,5.82,602005,376113696.0,-0.6,-9.345794392523365
2015-07-07,15:00,sh601616,广电电气,5.51,5.56,5.24,5.24,227637,121344376.0,-0.58,-9.965635738831615
2015-07-08,15:00,sh601616,广电电气,4.72,4.98,4.72,4.72,608606,288437984.0,-0.52,-9.923664122137405
2015-07-09,15:00,sh601616,广电电气,4.41,5.19,4.41,5.19,491731,248034432.0,0.47,9.957627118644067
2015-07-10,15:00,sh601616,广电电气,5.56,5.71,5.38,5.71,144733,81388480.0,0.52,10.01926782273603
2015-07-13,15:00,sh601616,广电电气,6.28,6.28,6.0,6.28,449134,280208608.0,0.57,9.98248686514886
2015-07-14,15:00,sh601616,广电电气,6.6,6.91,6.3,6.91,861887,583318720.0,0.63,10.031847133757962
2015-07-15,15:00,sh601616,广电电气,6.7,6.79,6.22,6.22,483270,309120416.0,-0.69,-9.985528219971057
2015-07-16,15:00,sh601616,广电电气,5.71,6.55,5.71,6.33,392377,244689744.0,0.11,1.7684887459807077
2015-07-17,15:00,sh601616,广电电气,6.35,6.9,6.31,6.79,412114,272998496.0,0.46,7.266982622432859
2015-07-20,15:00,sh601616,广电电气,6.79,6.99,6.57,6.82,484903,330781344.0,0.03,0.4418262150220913
2015-07-21,15:00,sh601616,广电电气,6.7,7.11,6.52,6.91,395819,271420832.0,0.09,1.3196480938416422
2015-07-22,15:00,sh601616,广电电气,6.8,7.1,6.76,7.08,462729,321416288.0,0.17,2.460202604920405
2015-07-23,15:00,sh601616,广电电气,7.07,7.39,7.0,7.31,483021,348178144.0,0.23,3.248587570621469
2015-07-24,15:00,sh601616,广电电气,7.35,8.04,7.17,8.04,795406,600608320.0,0.73,9.986320109439124
2015-07-27,15:00,sh601616,广电电气,7.77,8.5,7.3,7.31,824606,659328832.0,-0.73,-9.07960199004975
2015-07-28,15:00,sh601616,广电电气,7.04,7.99,6.58,7.63,611254,433923616.0,0.32,4.377564979480164
2015-07-29,15:00,sh601616,广电电气,7.65,8.38,7.54,8.32,610260,483107296.0,0.69,9.043250327653997
2015-07-30,15:00,sh601616,广电电气,8.27,8.52,7.8,7.92,582562,481674784.0,-0.4,-4.807692307692308
2015-07-31,15:00,sh601616,广电电气,7.59,7.89,7.2,7.66,350988,267408560.0,-0.26,-3.2828282828282838
2015-08-03,15:00,sh601616,广电电气,7.55,7.55,6.9,7.05,286334,205192208.0,-0.61,-7.963446475195822
2015-08-04,15:00,sh601616,广电电气,7.03,7.54,7.02,7.48,352503,259337264.0,0.43,6.0992907801418434
2015-08-05,15:00,sh601616,广电电气,7.5,7.54,7.13,7.24,269624,198523472.0,-0.24,-3.2085561497326207
2015-08-06,15:00,sh601616,广电电气,7.04,7.26,6.98,7.1,188663,134340240.0,-0.14,-1.9337016574585637
2015-08-07,15:00,sh601616,广电电气,7.19,7.55,7.19,7.48,342332,254051280.0,0.38,5.352112676056338
2015-08-10,15:00,sh601616,广电电气,7.58,8.12,7.58,7.96,375264,295301248.0,0.48,6.417112299465241
2015-08-11,15:00,sh601616,广电电气,8.0,8.3,7.85,8.02,419082,339708640.0,0.06,0.7537688442211055
2015-08-12,15:00,sh601616,广电电气,7.88,8.22,7.81,7.99,290967,233978832.0,-0.03,-0.3740648379052369
2015-08-13,15:00,sh601616,广电电气,8.05,8.45,7.9,8.37,483812,394785984.0,0.38,4.755944931163955
2015-08-14,15:00,sh601616,广电电气,8.38,8.58,7.96,8.11,571425,468900000.0,-0.26,-3.106332138590203
2015-08-17,15:00,sh601616,广电电气,7.92,8.22,7.79,8.15,447552,358147424.0,0.04,0.4932182490752158
2015-08-18,15:00,sh601616,广电电气,8.14,8.18,7.34,7.34,487365,374876736.0,-0.81,-9.938650306748466
2015-08-19,15:00,sh601616,广电电气,6.91,7.46,6.63,7.36,408555,289435680.0,0.02,0.2724795640326975
2015-08-20,15:00,sh601616,广电电气,7.3,7.35,6.9,7.24,244783,174958816.0,-0.12,-1.6304347826086956
2015-08-21,15:00,sh601616,广电电气,7.01,7.18,6.62,6.73,244592,168358304.0,-0.51,-7.044198895027624
2015-09-08,15:00,sh601616,广电电气,6.06,6.06,6.06,6.06,53845,32630070.0,-0.67,-9.955423476968797
2015-09-09,15:00,sh601616,广电电气,5.88,6.29,5.88,6.19,340385,208139072.0,0.13,2.145214521452145
2015-09-10,15:00,sh601616,广电电气,6.05,6.15,5.86,5.9,243702,146292576.0,-0.29,-4.68497576736672
2015-09-11,15:00,sh601616,广电电气,5.89,5.98,5.8,5.92,130929,77204216.0,0.02,0.3389830508474576
2015-09-14,15:00,sh601616,广电电气,5.95,6.02,5.33,5.33,195144,109049208.0,-0.59,-9.966216216216216
2015-09-15,15:00,sh601616,广电电气,5.16,5.16,4.8,4.8,219683,108704320.0,-0.53,-9.943714821763605
2015-09-16,15:00,sh601616,广电电气,4.9,5.28,4.8,5.22,227775,113942480.0,0.42,8.75
2015-09-17,15:00,sh601616,广电电气,5.18,5.36,5.01,5.02,271022,140179808.0,-0.2,-3.8314176245210727
2015-09-18,15:00,sh601616,广电电气,5.09,5.14,4.95,5.03,144444,72789624.0,0.01,0.199203187250996
2015-09-21,15:00,sh601616,广电电气,4.97,5.2,4.88,5.2,173267,88502840.0,0.17,3.37972166998012
2015-09-22,15:00,sh601616,广电电气,5.23,5.35,5.15,5.31,233771,122865200.0,0.11,2.1153846153846154
2015-09-23,15:00,sh601616,广电电气,5.23,5.39,5.19,5.23,213800,112560896.0,-0.08,-1.5065913370998116
2015-09-24,15:00,sh601616,广电电气,5.26,5.36,5.23,5.35,172723,91557688.0,0.12,2.294455066921606
2015-09-25,15:00,sh601616,广电电气,5.32,5.44,5.08,5.14,192241,101563424.0,-0.21,-3.925233644859813
2015-09-28,15:00,sh601616,广电电气,5.17,5.19,5.0,5.18,102275,52254276.0,0.04,0.7782101167315175
2015-09-29,15:00,sh601616,广电电气,5.11,5.12,4.98,5.03,95890,48414012.0,-0.15,-2.895752895752896
2015-09-30,15:00,sh601616,广电电气,5.05,5.15,5.03,5.05,83673,42456376.0,0.02,0.3976143141153081
2015-10-08,15:00,sh601616,广电电气,5.2,5.3,5.18,5.23,125119,65595584.0,0.18,3.564356435643564
2015-10-09,15:00,sh601616,广电电气,5.24,5.38,5.2,5.34,173036,91878728.0,0.11,2.103250478011472
2015-10-12,15:00,sh601616,广电电气,5.38,5.65,5.34,5.61,268346,148672128.0,0.27,5.056179775280898
2015-10-13,15:00,sh601616,广电电气,5.54,5.82,5.52,5.8,251516,143478832.0,0.19,3.3868092691622103
2015-10-14,15:00,sh601616,广电电气,5.77,5.95,5.65,5.75,294927,170740112.0,-0.05,-0.8620689655172413
2015-10-15,15:00,sh601616,广电电气,5.67,5.91,5.65,5.9,230518,133936624.0,0.15,2.608695652173913
2015-10-16,15:00,sh601616,广电电气,5.92,6.08,5.84,6.03,311106,185700832.0,0.13,2.2033898305084745
2015-10-19,15:00,sh601616,广电电气,6.03,6.08,5.81,5.91,256941,153094000.0,-0.12,-1.9900497512437807
2015-10-20,15:00,sh601616,广电电气,5.86,6.03,5.86,6.01,183228,109248888.0,0.1,1.6920473773265652
2015-10-21,15:00,sh601616,广电电气,6.18,6.61,6.14,6.44,1031817,673971456.0,0.43,7.154742096505824
2015-10-22,15:00,sh601616,广电电气,6.27,7.06,6.15,7.02,1022128,667842496.0,0.58,9.006211180124224
2015-10-23,15:00,sh601616,广电电气,6.94,7.1,6.8,6.97,595103,412488672.0,-0.05,-0.7122507122507122
2015-10-26,15:00,sh601616,广电电气,7.08,7.08,6.65,6.98,456587,313131136.0,0.01,0.1434720229555237
2015-10-27,15:00,sh601616,广电电气,6.87,6.91,6.36,6.72,459232,304700640.0,-0.26,-3.7249283667621778
2015-10-28,15:00,sh601616,广电电气,6.68,6.78,6.47,6.6,285137,187855488.0,-0.12,-1.7857142857142856
2015-10-29,15:00,sh601616,广电电气,6.6,6.75,6.53,6.67,272766,181461616.0,0.07,1.0606060606060608
2015-10-30,15:00,sh601616,广电电气,6.6,6.87,6.56,6.66,276979,186664608.0,-0.01,-0.1499250374812593
2015-11-02,15:00,sh601616,广电电气,6.54,6.54,6.17,6.23,308314,196360176.0,-0.43,-6.456456456456457
2015-11-03,15:00,sh601616,广电电气,6.28,6.35,6.16,6.3,150170,93922200.0,0.07,1.1235955056179776
2015-11-04,15:00,sh601616,广电电气,6.31,6.64,6.28,6.63,305371,198253456.0,0.33,5.238095238095238
2015-11-05,15:00,sh601616,广电电气,6.65,6.72,6.53,6.58,312514,207106544.0,-0.05,-0.7541478129713424
2015-11-06,15:00,sh601616,广电电气,6.56,6.74,6.55,6.69,274311,183000592.0,0.11,1.6717325227963524
2015-11-09,15:00,sh601616,广电电气,6.7,6.79,6.59,6.76,372611,249699936.0,0.07,1.046337817638266
2015-11-10,15:00,sh601616,广电电气,6.75,6.76,6.61,6.7,266816,178615088.0,-0.06,-0.8875739644970414
2015-11-11,15:00,sh601616,广电电气,6.71,6.89,6.67,6.8,281369,190835552.0,0.1,1.4925373134328357
2015-11-12,15:00,sh601616,广电电气,6.8,6.85,6.6,6.74,273082,183384160.0,-0.06,-0.8823529411764706
2015-11-13,15:00,sh601616,广电电气,6.62,6.72,6.58,6.63,207610,138182256.0,-0.11,-1.6320474777448073
2015-11-16,15:00,sh601616,广电电气,6.53,6.69,6.48,6.68,177591,116959560.0,0.05,0.7541478129713424
2015-11-17,15:00,sh601616,广电电气,6.72,7.08,6.72,6.9,548020,377989632.0,0.22,3.293413173652695
2015-11-18,15:00,sh601616,广电电气,6.89,6.93,6.59,6.6,266333,180890384.0,-0.3,-4.3478260869565215
2015-11-19,15:00,sh601616,广电电气,6.63,6.84,6.62,6.8,183544,123814664.0,0.2,3.0303030303030303
2015-11-20,15:00,sh601616,广电电气,6.81,7.29,6.81,7.28,674634,482149856.0,0.48,7.0588235294117645
2015-11-23,15:00,sh601616,广电电气,7.3,7.35,7.05,7.16,385688,277752192.0,-0.12,-1.6483516483516485
2015-11-24,15:00,sh601616,广电电气,7.16,7.34,7.08,7.3,278503,201190400.0,0.14,1.9553072625698324
2015-11-25,15:00,sh601616,广电电气,7.28,7.37,7.19,7.28,241596,175138864.0,-0.02,-0.273972602739726
2015-11-26,15:00,sh601616,广电电气,7.39,7.45,7.06,7.11,280448,201729376.0,-0.17,-2.3351648351648358
2015-11-27,15:00,sh601616,广电电气,7.04,7.24,6.5,6.68,380406,263432704.0,-0.43,-6.047819971870605
2015-11-30,15:00,sh601616,广电电气,6.67,6.75,6.16,6.55,262628,170594096.0,-0.13,-1.9461077844311376
2015-12-01,15:00,sh601616,广电电气,6.58,6.79,6.49,6.63,166952,110943808.0,0.08,1.2213740458015268
2015-12-02,15:00,sh601616,广电电气,6.69,6.8,6.35,6.7,141086,93519536.0,0.07,1.0558069381598794
2015-12-03,15:00,sh601616,广电电气,6.72,7.02,6.71,6.88,210196,144270288.0,0.18,2.686567164179104
2015-12-04,15:00,sh601616,广电电气,6.8,6.97,6.75,6.82,168096,115114088.0,-0.06,-0.872093023255814
2015-12-07,15:00,sh601616,广电电气,6.88,7.25,6.88,7.18,332231,236760576.0,0.36,5.278592375366569
2015-12-08,15:00,sh601616,广电电气,7.1,7.16,6.94,6.98,202281,141746512.0,-0.2,-2.785515320334262
2015-12-09,15:00,sh601616,广电电气,7.0,7.09,6.88,6.97,139798,97598904.0,-0.01,-0.1432664756446991
2015-12-10,15:00,sh601616,广电电气,6.96,7.0,6.89,6.91,141031,97828216.0,-0.06,-0.860832137733142
2015-12-11,15:00,sh601616,广电电气,6.85,6.89,6.73,6.82,148333,100831632.0,-0.09,-1.3024602026049203
2015-12-14,15:00,sh601616,广电电气,6.82,7.07,6.72,7.05,210669,147177984.0,0.23,3.372434017595308
2015-12-15,15:00,sh601616,广电电气,7.05,7.32,7.0,7.18,251646,181046416.0,0.13,1.8439716312056735
2015-12-16,15:00,sh601616,广电电气,7.3,7.9,7.23,7.9,321147,248767344.0,0.72,10.027855153203342
2015-12-17,15:00,sh601616,广电电气,8.3,8.5,8.06,8.39,1001583,828819264.0,0.49,6.20253164556962
2015-12-18,15:00,sh601616,广电电气,8.23,9.09,8.15,8.66,808365,694015552.0,0.27,3.2181168057210967
2015-12-21,15:00,sh601616,广电电气,8.45,8.8,8.24,8.46,621837,522811040.0,-0.2,-2.3094688221709005
2015-12-22,15:00,sh601616,广电电气,8.45,9.13,8.42,9.0,623479,552239872.0,0.54,6.382978723404255
2015-12-23,15:00,sh601616,广电电气,8.89,8.95,8.66,8.69,393730,345726528.0,-0.31,-3.4444444444444446
2015-12-24,15:00,sh601616,广电电气,8.62,8.72,8.2,8.42,317743,267843632.0,-0.27,-3.1070195627157653
2015-12-25,15:00,sh601616,广电电气,8.4,8.75,8.2,8.55,281257,239485584.0,0.13,1.5439429928741093
2015-12-28,15:00,sh601616,广电电气,8.53,8.86,8.41,8.42,313612,270464608.0,-0.13,-1.52046783625731
2015-12-29,15:00,sh601616,广电电气,8.51,8.65,8.15,8.48,234640,195920768.0,0.06,0.7125890736342043
2015-12-30,15:00,sh601616,广电电气,8.49,8.65,8.33,8.52,192829,163613056.0,0.04,0.4716981132075472
2015-12-31,15:00,sh601616,广电电气,8.54,8.84,8.52,8.61,257346,223069920.0,0.09,1.056338028169014
2016-01-04,15:00,sh601616,广电电气,8.55,8.69,7.75,7.76,233190,188496080.0,-0.85,-9.872241579558652
2016-01-05,15:00,sh601616,广电电气,7.39,8.07,7.08,8.02,429063,334751520.0,0.26,3.350515463917526
2016-01-06,15:00,sh601616,广电电气,7.99,8.15,7.71,8.02,260093,207537920.0,0.0,0.0
2016-01-07,15:00,sh601616,广电电气,7.73,7.85,7.22,7.22,74008,54788160.0,-0.8,-9.975062344139651
2016-01-08,15:00,sh601616,广电电气,7.33,7.7,6.5,7.02,400059,281618368.0,-0.2,-2.7700831024930745
2016-01-11,15:00,sh601616,广电电气,6.67,6.9,6.32,6.32,274749,180313472.0,-0.7,-9.971509971509972
2016-01-12,15:00,sh601616,广电电气,6.33,6.5,6.12,6.41,179631,114717016.0,0.09,1.4240506329113924
2016-01-13,15:00,sh601616,广电电气,6.49,6.55,6.2,6.22,134562,86288752.0,-0.19,-2.9641185647425896
2016-01-14,15:00,sh601616,广电电气,6.24,6.44,6.0,6.42,140072,87773912.0,0.2,3.215434083601286
2016-01-15,15:00,sh601616,广电电气,6.47,6.51,6.1,6.2,133600,84521624.0,-0.22,-3.4267912772585665
2016-01-18,15:00,sh601616,广电电气,6.12,6.41,6.02,6.31,135125,84338968.0,0.11,1.7741935483870968
2016-01-19,15:00,sh601616,广电电气,6.3,6.55,6.24,6.51,149193,95949776.0,0.2,3.169572107765452
2016-01-20,15:00,sh601616,广电电气,6.47,6.78,6.42,6.51,201154,131838672.0,0.0,0.0
2016-01-21,15:00,sh601616,广电电气,6.4,6.6,6.16,6.17,174121,111572376.0,-0.34,-5.22273425499232
2016-01-22,15:00,sh601616,广电电气,6.21,6.31,6.01,6.19,100921,62444480.0,0.02,0.3241491085899514
2016-01-25,15:00,sh601616,广电电气,6.25,6.57,6.25,6.54,195430,126177096.0,0.35,5.654281098546042
2016-01-26,15:00,sh601616,广电电气,6.48,6.72,6.05,6.23,207906,133564088.0,-0.31,-4.740061162079511
2016-01-27,15:00,sh601616,广电电气,6.11,6.31,5.61,6.3,193043,116006760.0,0.07,1.1235955056179776
2016-01-28,15:00,sh601616,广电电气,6.08,6.52,6.06,6.26,252123,161194784.0,-0.04,-0.6349206349206349
2016-01-29,15:00,sh601616,广电电气,6.1,6.4,5.9,6.35,198078,122515720.0,0.09,1.437699680511182
2016-02-01,15:00,sh601616,广电电气,6.28,6.3,5.98,6.07,118098,72352808.0,-0.28,-4.409448818897638
2016-02-02,15:00,sh601616,广电电气,6.08,6.52,6.03,6.43,179743,113577360.0,0.36,5.930807248764415
2016-02-03,15:00,sh601616,广电电气,6.28,6.55,6.21,6.44,161692,104027400.0,0.01,0.1555209953343701
2016-02-04,15:00,sh601616,广电电气,6.5,6.76,6.45,6.63,155778,103108072.0,0.19,2.950310559006211
2016-02-05,15:00,sh601616,广电电气,6.66,6.75,6.53,6.6,194732,129595184.0,-0.03,-0.4524886877828055
2016-02-15,15:00,sh601616,广电电气,6.2,6.47,6.11,6.38,82313,52168620.0,-0.22,-3.333333333333333
2016-02-16,15:00,sh601616,广电电气,6.4,6.67,6.39,6.63,105422,69318296.0,0.25,3.918495297805643
2016-02-17,15:00,sh601616,广电电气,6.65,6.69,6.53,6.66,104539,69139864.0,0.03,0.4524886877828055
2016-02-18,15:00,sh601616,广电电气,6.73,6.85,6.66,6.73,167592,112848440.0,0.07,1.0510510510510511
2016-02-19,15:00,sh601616,广电电气,6.7,6.78,6.45,6.59,150336,99191712.0,-0.14,-2.080237741456166
2016-02-22,15:00,sh601616,广电电气,6.7,6.95,6.6,6.9,251210,170706208.0,0.31,4.704097116843703
2016-02-23,15:00,sh601616,广电电气,6.88,6.92,6.71,6.9,173906,118484080.0,0.0,0.0
2016-02-24,15:00,sh601616,广电电气,6.9,7.07,6.78,7.01,192073,133255008.0,0.11,1.5942028985507246
2016-02-25,15:00,sh601616,广电电气,6.93,6.95,6.31,6.35,242904,159427200.0,-0.66,-9.4151212553495
2016-02-26,15:00,sh601616,广电电气,6.35,6.49,6.03,6.21,166275,103768912.0,-0.14,-2.204724409448819
2016-02-29,15:00,sh601616,广电电气,6.25,6.25,5.59,5.59,219582,125948688.0,-0.62,-9.98389694041868
2016-03-01,15:00,sh601616,广电电气,5.65,5.79,5.46,5.67,134394,75633520.0,0.08,1.4311270125223614
2016-03-02,15:00,sh601616,广电电气,5.67,6.0,5.61,5.95,139285,81649016.0,0.28,4.938271604938271
2016-03-03,15:00,sh601616,广电电气,5.96,6.09,5.91,5.95,118818,71156400.0,0.0,0.0
2016-03-04,15:00,sh601616,广电电气,5.92,5.96,5.6,5.66,115327,66574200.0,-0.29,-4.873949579831933
2016-03-07,15:00,sh601616,广电电气,5.67,5.9,5.66,5.82,65086,37779172.0,0.16,2.826855123674912
2016-03-08,15:00,sh601616,广电电气,5.88,5.89,5.65,5.86,85366,49250512.0,0.04,0.6872852233676976
2016-03-09,15:00,sh601616,广电电气,5.73,5.78,5.6,5.66,80292,45650852.0,-0.2,-3.4129692832764507
2016-03-10,15:00,sh601616,广电电气,5.66,5.73,5.56,5.59,55322,31264192.0,-0.07,-1.2367491166077738
2016-03-11,15:00,sh601616,广电电气,5.58,5.67,5.48,5.64,45786,25655138.0,0.05,0.8944543828264758
2016-03-14,15:00,sh601616,广电电气,5.7,5.89,5.63,5.81,109708,63634260.0,0.17,3.0141843971631204
2016-03-15,15:00,sh601616,广电电气,5.8,5.83,5.71,5.74,70129,40394084.0,-0.07,-1.2048192771084338
2016-03-16,15:00,sh601616,广电电气,5.77,5.95,5.76,5.77,99015,57906912.0,0.03,0.5226480836236934
2016-03-17,15:00,sh601616,广电电气,5.73,5.93,5.73,5.88,106212,62251008.0,0.11,1.9064124783362215
2016-03-18,15:00,sh601616,广电电气,5.91,6.32,5.9,6.23,227810,140097264.0,0.35,5.952380952380952
2016-03-21,15:00,sh601616,广电电气,6.3,6.56,6.22,6.44,203570,129571624.0,0.21,3.3707865168539324
2016-03-22,15:00,sh601616,广电电气,6.4,6.42,6.25,6.29,105302,66501176.0,-0.15,-2.329192546583851
2016-03-23,15:00,sh601616,广电电气,6.28,6.38,6.23,6.36,92722,58505104.0,0.07,1.1128775834658189
2016-03-24,15:00,sh601616,广电电气,6.33,6.46,6.22,6.24,122707,77624336.0,-0.12,-1.8867924528301887
2016-03-25,15:00,sh601616,广电电气,6.21,6.3,6.15,6.24,83452,51969772.0,0.0,0.0
2016-03-28,15:00,sh601616,广电电气,6.26,6.54,6.25,6.31,130373,83206096.0,0.07,1.1217948717948718
2016-03-29,15:00,sh601616,广电电气,6.33,6.35,6.2,6.22,62415,39063568.0,-0.09,-1.4263074484944531
2016-03-30,15:00,sh601616,广电电气,6.27,6.48,6.27,6.45,139822,89520400.0,0.23,3.697749196141479
2016-03-31,15:00,sh601616,广电电气,6.44,6.88,6.4,6.75,275929,183632528.0,0.3,4.651162790697675
2016-04-01,15:00,sh601616,广电电气,6.72,6.78,6.5,6.62,140816,93370464.0,-0.13,-1.925925925925926
2016-04-05,15:00,sh601616,广电电气,6.63,6.9,6.53,6.8,151244,101975960.0,0.18,2.719033232628399
2016-04-06,15:00,sh601616,广电电气,6.77,6.86,6.71,6.8,109231,74113288.0,0.0,0.0
2016-04-07,15:00,sh601616,广电电气,6.79,6.83,6.6,6.61,89879,59960348.0,-0.19,-2.794117647058824
2016-04-08,15:00,sh601616,广电电气,6.6,6.63,6.4,6.46,97052,62770152.0,-0.15,-2.26928895612708
2016-04-11,15:00,sh601616,广电电气,6.5,6.8,6.5,6.72,127685,85442656.0,0.26,4.024767801857585
2016-04-12,15:00,sh601616,广电电气,6.69,6.74,6.56,6.69,63475,42086632.0,-0.03,-0.4464285714285714
2016-04-13,15:00,sh601616,广电电气,6.7,6.91,6.68,6.81,174830,119679024.0,0.12,1.7937219730941705
2016-04-14,15:00,sh601616,广电电气,6.85,6.85,6.64,6.72,190968,128348512.0,-0.09,-1.3215859030837005
2016-04-15,15:00,sh601616,广电电气,6.71,6.79,6.65,6.68,89909,60255888.0,-0.04,-0.5952380952380952
2016-04-18,15:00,sh601616,广电电气,6.68,6.73,6.6,6.7,85357,56983220.0,0.02,0.2994011976047904
2016-04-19,15:00,sh601616,广电电气,6.72,6.75,6.62,6.69,65566,43786248.0,-0.01,-0.1492537313432836
2016-04-20,15:00,sh601616,广电电气,6.69,6.69,6.17,6.27,170210,109261368.0,-0.42,-6.278026905829597
2016-04-21,15:00,sh601616,广电电气,6.27,6.4,6.22,6.23,66789,42177268.0,-0.04,-0.6379585326953748
2016-04-22,15:00,sh601616,广电电气,6.21,6.3,6.14,6.23,52956,32897906.0,0.0,0.0
2016-04-25,15:00,sh601616,广电电气,6.22,6.23,6.09,6.2,54015,33255832.0,-0.03,-0.4815409309791332
2016-04-26,15:00,sh601616,广电电气,6.18,6.45,6.17,6.39,126269,80151664.0,0.19,3.064516129032258
2016-04-27,15:00,sh601616,广电电气,6.45,6.45,6.31,6.36,57968,36988056.0,-0.03,-0.4694835680751174
2016-04-28,15:00,sh601616,广电电气,6.4,6.43,6.25,6.32,68784,43532600.0,-0.04,-0.628930817610063
2016-04-29,15:00,sh601616,广电电气,6.32,6.34,6.26,6.3,49775,31361678.0,-0.02,-0.3164556962025316
2016-05-03,15:00,sh601616,广电电气,6.3,6.42,6.29,6.41,66975,42731720.0,0.11,1.746031746031746
2016-05-04,15:00,sh601616,广电电气,6.42,6.43,6.37,6.39,51832,33143052.0,-0.02,-0.31201248049922
2016-05-05,15:00,sh601616,广电电气,6.37,6.39,6.32,6.39,73004,46380192.0,0.0,0.0
2016-05-06,15:00,sh601616,广电电气,6.39,6.4,5.98,6.04,166727,102650016.0,-0.35,-5.477308294209703
2016-05-09,15:00,sh601616,广电电气,5.96,5.98,5.6,5.62,156387,89826392.0,-0.42,-6.95364238410596
2016-05-10,15:00,sh601616,广电电气,5.55,5.75,5.53,5.65,73290,41272028.0,0.03,0.5338078291814947
2016-05-11,15:00,sh601616,广电电气,5.67,5.7,5.56,5.57,71013,39858656.0,-0.08,-1.415929203539823
2016-05-12,15:00,sh601616,广电电气,5.57,5.57,5.28,5.54,61164,33385046.0,-0.03,-0.5385996409335727
2016-05-13,15:00,sh601616,广电电气,5.55,5.62,5.49,5.51,43820,24286766.0,-0.03,-0.5415162454873645
2016-05-16,15:00,sh601616,广电电气,5.5,5.58,5.44,5.58,43358,23957998.0,0.07,1.2704174228675136
2016-05-17,15:00,sh601616,广电电气,5.59,5.67,5.55,5.59,72011,40376512.0,0.01,0.1792114695340501
2016-05-18,15:00,sh601616,广电电气,5.51,5.55,5.32,5.38,58917,31970410.0,-0.21,-3.756708407871199
2016-05-19,15:00,sh601616,广电电气,5.4,5.5,5.36,5.38,45079,24486518.0,0.0,0.0
2016-05-20,15:00,sh601616,广电电气,5.35,5.65,5.34,5.56,89231,49399296.0,0.18,3.3457249070631967
2016-05-23,15:00,sh601616,广电电气,5.51,5.68,5.51,5.57,60760,33835656.0,0.01,0.1798561151079137
2016-05-24,15:00,sh601616,广电电气,5.56,5.58,5.45,5.48,33819,18574878.0,-0.09,-1.615798922800718
2016-05-25,15:00,sh601616,广电电气,5.54,5.58,5.49,5.5,45657,25252848.0,0.02,0.364963503649635
2016-05-26,15:00,sh601616,广电电气,5.5,5.56,5.41,5.54,47236,25926850.0,0.04,0.7272727272727273
2016-05-27,15:00,sh601616,广电电气,5.51,5.55,5.45,5.47,43075,23643370.0,-0.07,-1.263537906137184
2016-05-30,15:00,sh601616,广电电气,5.48,5.55,5.42,5.47,37508,20608142.0,0.0,0.0
2016-05-31,15:00,sh601616,广电电气,5.53,5.68,5.49,5.67,103395,58080828.0,0.2,3.656307129798903
2016-06-01,15:00,sh601616,广电电气,5.65,5.85,5.63,5.72,103743,59757120.0,0.05,0.8818342151675485
2016-06-02,15:00,sh601616,广电电气,5.74,5.77,5.68,5.74,57339,32839298.0,0.02,0.3496503496503496
2016-06-03,15:00,sh601616,广电电气,5.77,5.77,5.67,5.72,65714,37561192.0,-0.02,-0.3484320557491289
2016-06-06,15:00,sh601616,广电电气,5.75,5.77,5.66,5.69,67909,38726844.0,-0.03,-0.5244755244755245
2016-06-07,15:00,sh601616,广电电气,5.72,5.73,5.61,5.66,63486,35942156.0,-0.03,-0.5272407732864675
2016-06-08,15:00,sh601616,广电电气,5.65,5.69,5.6,5.65,57643,32568572.0,-0.01,-0.1766784452296819
2016-06-13,15:00,sh601616,广电电气,5.6,5.6,5.35,5.38,125492,68765920.0,-0.27,-4.778761061946903
2016-06-14,15:00,sh601616,广电电气,5.38,5.6,5.35,5.51,91165,49926596.0,0.13,2.41635687732342
2016-06-15,15:00,sh601616,广电电气,5.43,5.63,5.38,5.59,93936,52199840.0,0.08,1.4519056261343013
2016-06-16,15:00,sh601616,广电电气,5.58,5.6,5.43,5.47,99074,54455528.0,-0.12,-2.146690518783542
2016-06-17,15:00,sh601616,广电电气,5.49,5.59,5.46,5.5,69149,38207344.0,0.03,0.5484460694698354
2016-06-20,15:00,sh601616,广电电气,5.5,5.5,5.4,5.46,52085,28290904.0,-0.04,-0.7272727272727273
2016-06-21,15:00,sh601616,广电电气,5.49,5.55,5.4,5.42,74144,40600608.0,-0.04,-0.7326007326007326
2016-06-22,15:00,sh601616,广电电气,5.42,5.54,5.42,5.51,61983,34036852.0,0.09,1.6605166051660518
2016-06-23,15:00,sh601616,广电电气,5.54,5.54,5.48,5.52,44431,24493584.0,0.01,0.1814882032667876
2016-06-24,15:00,sh601616,广电电气,5.53,5.55,5.38,5.45,75834,41405856.0,-0.07,-1.2681159420289856
2016-06-27,15:00,sh601616,广电电气,5.42,5.5,5.4,5.5,78622,42944336.0,0.05,0.9174311926605504
2016-06-28,15:00,sh601616,广电电气,5.47,5.52,5.43,5.52,85865,46964380.0,0.02,0.3636363636363636
2016-06-29,15:00,sh601616,广电电气,5.52,5.74,5.45,5.72,203963,114699512.0,0.2,3.6231884057971016
2016-06-30,15:00,sh601616,广电电气,5.67,5.73,5.64,5.66,100391,57086168.0,-0.06,-1.048951048951049
2016-07-01,15:00,sh601616,广电电气,5.66,5.72,5.63,5.67,52619,29844164.0,0.01,0.1766784452296819
2016-07-04,15:00,sh601616,广电电气,5.62,5.75,5.6,5.72,110326,63134924.0,0.05,0.8818342151675485
2016-07-05,15:00,sh601616,广电电气,5.74,5.77,5.71,5.74,69108,39681956.0,0.02,0.3496503496503496
2016-07-06,15:00,sh601616,广电电气,5.72,5.88,5.71,5.82,103358,59882112.0,0.08,1.3937282229965158
2016-07-07,15:00,sh601616,广电电气,5.81,5.85,5.75,5.79,88693,51399076.0,-0.03,-0.5154639175257731
2016-07-08,15:00,sh601616,广电电气,5.8,5.82,5.75,5.8,50650,29322706.0,0.01,0.1727115716753022
2016-07-11,15:00,sh601616,广电电气,5.75,5.86,5.75,5.78,78313,45565688.0,-0.02,-0.3448275862068966
2016-07-12,15:00,sh601616,广电电气,5.75,5.81,5.7,5.79,92330,53065740.0,0.01,0.1730103806228373
2016-07-13,15:00,sh601616,广电电气,5.79,5.92,5.79,5.85,114124,67021740.0,0.06,1.0362694300518136
2016-07-14,15:00,sh601616,广电电气,5.85,5.88,5.82,5.85,54587,31940018.0,0.0,0.0
2016-07-15,15:00,sh601616,广电电气,5.86,6.02,5.85,6.0,145170,86272128.0,0.15,2.564102564102564
2016-07-18,15:00,sh601616,广电电气,6.03,6.48,6.03,6.26,450399,282624288.0,0.26,4.333333333333334
2016-07-19,15:00,sh601616,广电电气,6.2,6.27,6.13,6.26,146687,90809416.0,0.0,0.0
2016-07-20,15:00,sh601616,广电电气,6.24,6.6,6.24,6.43,278124,179884304.0,0.17,2.7156549520766773
2016-07-21,15:00,sh601616,广电电气,6.45,6.49,6.34,6.45,153238,98387496.0,0.02,0.3110419906687403
2016-07-22,15:00,sh601616,广电电气,6.45,6.57,6.26,6.31,166586,106032008.0,-0.14,-2.1705426356589146
2016-07-25,15:00,sh601616,广电电气,6.3,6.37,6.21,6.32,97833,61440668.0,0.01,0.1584786053882725
2016-07-26,15:00,sh601616,广电电气,6.31,6.48,6.31,6.39,102721,65535048.0,0.07,1.1075949367088609
2016-07-27,15:00,sh601616,广电电气,6.38,6.6,6.1,6.14,255964,161047328.0,-0.25,-3.912363067292645
2016-07-28,15:00,sh601616,广电电气,6.16,6.25,6.12,6.19,101602,62829536.0,0.05,0.8143322475570033
2016-07-29,15:00,sh601616,广电电气,6.16,6.24,6.08,6.12,86597,53409156.0,-0.07,-1.1308562197092082
2016-08-01,15:00,sh601616,广电电气,6.14,6.15,5.86,5.91,137325,81652872.0,-0.21,-3.431372549019608
2016-08-02,15:00,sh601616,广电电气,5.91,5.98,5.91,5.97,51688,30734728.0,0.06,1.015228426395939
2016-08-03,15:00,sh601616,广电电气,5.97,6.14,5.92,6.09,102264,61989692.0,0.12,2.010050251256281
2016-08-04,15:00,sh601616,广电电气,6.1,6.17,6.02,6.15,60031,36548684.0,0.06,0.9852216748768472
2016-08-05,15:00,sh601616,广电电气,6.1,6.13,6.05,6.07,61590,37528148.0,-0.08,-1.3008130081300813
2016-08-08,15:00,sh601616,广电电气,6.06,6.15,6.03,6.14,53264,32587282.0,0.07,1.1532125205930808
2016-08-09,15:00,sh601616,广电电气,6.14,6.2,6.13,6.19,68776,42476460.0,0.05,0.8143322475570033
2016-08-10,15:00,sh601616,广电电气,6.15,6.2,6.12,6.14,62042,38224064.0,-0.05,-0.8077544426494345
2016-08-11,15:00,sh601616,广电电气,6.11,6.15,6.06,6.11,55372,33807828.0,-0.03,-0.4885993485342019
2016-08-12,15:00,sh601616,广电电气,6.09,6.17,6.03,6.15,60412,36776592.0,0.04,0.6546644844517185
2016-08-15,15:00,sh601616,广电电气,6.16,6.23,6.12,6.22,112329,69501792.0,0.07,1.1382113821138211
2016-08-16,15:00,sh601616,广电电气,6.21,6.25,6.18,6.21,77607,48178708.0,-0.01,-0.1607717041800643
2016-08-17,15:00,sh601616,广电电气,6.21,6.35,6.18,6.31,97479,61349664.0,0.1,1.610305958132045
2016-08-18,15:00,sh601616,广电电气,6.27,6.5,6.27,6.41,174491,111680736.0,0.1,1.584786053882726
2016-08-19,15:00,sh601616,广电电气,6.42,6.48,6.4,6.41,126908,81680416.0,0.0,0.0
2016-08-22,15:00,sh601616,广电电气,6.45,6.45,6.31,6.32,61772,39330860.0,-0.09,-1.40405616224649
2016-08-23,15:00,sh601616,广电电气,6.31,6.36,6.26,6.3,71992,45411656.0,-0.02,-0.3164556962025316
2016-08-24,15:00,sh601616,广电电气,6.3,6.39,6.27,6.34,97969,62117488.0,0.04,0.6349206349206349
2016-08-25,15:00,sh601616,广电电气,6.33,6.38,6.27,6.3,67966,42972968.0,-0.04,-0.6309148264984227
2016-08-26,15:00,sh601616,广电电气,6.33,6.4,6.29,6.3,82572,52418412.0,0.0,0.0
2016-08-29,15:00,sh601616,广电电气,6.3,6.34,6.27,6.33,60399,38073684.0,0.03,0.4761904761904762
2016-08-30,15:00,sh601616,广电电气,6.35,6.4,6.29,6.38,59747,37984544.0,0.05,0.7898894154818324
2016-08-31,15:00,sh601616,广电电气,6.39,6.39,6.3,6.34,62881,39871936.0,-0.04,-0.6269592476489028
2016-09-01,15:00,sh601616,广电电气,6.34,6.36,6.26,6.27,57439,36313024.0,-0.07,-1.1041009463722398
2016-09-02,15:00,sh601616,广电电气,6.28,6.3,6.2,6.23,56803,35474920.0,-0.04,-0.6379585326953748
2016-09-05,15:00,sh601616,广电电气,6.22,6.28,6.1,6.17,62364,38621920.0,-0.06,-0.9630818619582664
2016-09-06,15:00,sh601616,广电电气,6.18,6.26,6.07,6.24,71877,44321336.0,0.07,1.1345218800648298
2016-09-07,15:00,sh601616,广电电气,6.23,6.26,6.18,6.25,62980,39298252.0,0.01,0.1602564102564102
2016-09-08,15:00,sh601616,广电电气,6.25,6.27,6.19,6.24,43295,26970564.0,-0.01,-0.16
2016-09-09,15:00,sh601616,广电电气,6.22,6.27,6.2,6.21,37816,23563666.0,-0.03,-0.4807692307692308
2016-09-12,15:00,sh601616,广电电气,6.1,6.15,6.05,6.05,59068,35957072.0,-0.16,-2.576489533011272
2016-09-13,15:00,sh601616,广电电气,6.08,6.1,6.01,6.06,40723,24605822.0,0.01,0.1652892561983471
2016-09-14,15:00,sh601616,广电电气,6.05,6.05,5.97,5.99,40736,24442700.0,-0.07,-1.155115511551155
2016-09-19,15:00,sh601616,广电电气,5.99,6.1,5.99,6.07,34438,20873046.0,0.08,1.335559265442404
2016-09-20,15:00,sh601616,广电电气,6.07,6.09,6.02,6.03,18367,11104241.0,-0.04,-0.6589785831960462
2016-09-21,15:00,sh601616,广电电气,6.03,6.09,6.01,6.08,22098,13394085.0,0.05,0.8291873963515755
2016-09-22,15:00,sh601616,广电电气,6.08,6.11,6.05,6.06,34305,20866420.0,-0.02,-0.3289473684210526
2016-09-23,15:00,sh601616,广电电气,6.09,6.09,6.01,6.03,33815,20394024.0,-0.03,-0.495049504950495
2016-09-26,15:00,sh601616,广电电气,6.01,6.03,5.84,5.85,59431,35311408.0,-0.18,-2.985074626865672
2016-09-27,15:00,sh601616,广电电气,5.86,5.91,5.83,5.89,31102,18259684.0,0.04,0.6837606837606838
2016-09-28,15:00,sh601616,广电电气,5.88,5.91,5.85,5.86,22353,13118528.0,-0.03,-0.5093378607809848
2016-09-29,15:00,sh601616,广电电气,5.9,5.93,5.86,5.88,21691,12796822.0,0.02,0.3412969283276451
2016-09-30,15:00,sh601616,广电电气,5.85,5.95,5.85,5.93,22398,13263896.0,0.05,0.8503401360544218
2016-10-10,15:00,sh601616,广电电气,5.96,6.52,5.95,6.52,232729,148728736.0,0.59,9.949409780775715
2016-10-11,15:00,sh601616,广电电气,6.65,6.83,6.43,6.75,483665,320062784.0,0.23,3.52760736196319
2016-10-12,15:00,sh601616,广电电气,6.68,6.68,6.57,6.62,211576,139848160.0,-0.13,-1.925925925925926
2016-10-13,15:00,sh601616,广电电气,6.59,6.73,6.53,6.61,157524,104193456.0,-0.01,-0.1510574018126888
2016-10-14,15:00,sh601616,广电电气,6.56,6.63,6.42,6.51,123592,80303920.0,-0.1,-1.5128593040847202
2016-10-17,15:00,sh601616,广电电气,6.49,6.55,6.43,6.45,114437,74386560.0,-0.06,-0.9216589861751152
2016-10-18,15:00,sh601616,广电电气,6.42,6.64,6.4,6.55,129562,84458992.0,0.1,1.550387596899225
2016-10-19,15:00,sh601616,广电电气,6.53,6.7,6.5,6.68,224728,148464352.0,0.13,1.984732824427481
2016-10-20,15:00,sh601616,广电电气,6.65,6.82,6.57,6.59,163337,108710768.0,-0.09,-1.347305389221557
2016-10-21,15:00,sh601616,广电电气,6.57,6.6,6.38,6.52,117786,76528344.0,-0.07,-1.062215477996965
2016-10-24,15:00,sh601616,广电电气,6.54,6.62,6.48,6.6,78831,51648736.0,0.08,1.2269938650306749
2016-10-25,15:00,sh601616,广电电气,6.63,6.65,6.52,6.62,93532,61590272.0,0.02,0.303030303030303
2016-10-26,15:00,sh601616,广电电气,6.57,6.73,6.52,6.67,142453,95008752.0,0.05,0.7552870090634441
2016-10-27,15:00,sh601616,广电电气,6.67,6.85,6.62,6.74,174573,117688656.0,0.07,1.0494752623688155
2016-10-28,15:00,sh601616,广电电气,6.67,6.72,6.55,6.6,101050,66991984.0,-0.14,-2.0771513353115725
2016-10-31,15:00,sh601616,广电电气,6.55,6.66,6.48,6.53,71335,46496364.0,-0.07,-1.0606060606060608
2016-11-01,15:00,sh601616,广电电气,6.51,6.93,6.51,6.86,196509,131378944.0,0.33,5.053598774885145
2016-11-02,15:00,sh601616,广电电气,6.92,7.35,6.81,7.03,520041,367411488.0,0.17,2.478134110787172
2016-11-03,15:00,sh601616,广电电气,6.9,7.35,6.86,7.16,340646,244870576.0,0.13,1.849217638691323
2016-11-04,15:00,sh601616,广电电气,7.11,7.22,7.05,7.13,160826,114633792.0,-0.03,-0.4189944134078212
2016-11-07,15:00,sh601616,广电电气,7.08,7.1,6.93,7.0,154744,108198464.0,-0.13,-1.82328190743338
2016-11-08,15:00,sh601616,广电电气,6.97,7.27,6.97,7.15,210290,150521680.0,0.15,2.142857142857143
2016-11-09,15:00,sh601616,广电电气,7.13,7.25,6.97,7.14,169377,120694128.0,-0.01,-0.1398601398601398
2016-11-10,15:00,sh601616,广电电气,7.19,7.24,7.1,7.14,144667,103423008.0,0.0,0.0
2016-11-11,15:00,sh601616,广电电气,7.14,7.48,7.1,7.21,192344,140309696.0,0.07,0.9803921568627452
2016-11-14,15:00,sh601616,广电电气,7.15,7.21,7.08,7.17,111837,79972368.0,-0.04,-0.5547850208044383
2016-11-15,15:00,sh601616,广电电气,7.17,7.17,7.05,7.09,95230,67551312.0,-0.08,-1.1157601115760112
2016-11-16,15:00,sh601616,广电电气,7.1,7.35,7.1,7.13,107908,77797248.0,0.04,0.5641748942172073
2016-11-17,15:00,sh601616,广电电气,7.11,7.12,7.0,7.07,108319,76359488.0,-0.06,-0.8415147265077139
2016-11-18,15:00,sh601616,广电电气,7.07,7.2,6.95,7.03,133205,93798952.0,-0.04,-0.5657708628005658
2016-11-21,15:00,sh601616,广电电气,7.06,7.1,7.0,7.04,75504,53131004.0,0.01,0.1422475106685633
2016-11-22,15:00,sh601616,广电电气,7.07,7.08,6.94,7.01,102097,71342064.0,-0.03,-0.4261363636363636
2016-11-23,15:00,sh601616,广电电气,6.97,7.06,6.94,6.95,79894,55895184.0,-0.06,-0.8559201141226819
2016-11-24,15:00,sh601616,广电电气,6.96,7.06,6.93,6.94,80017,55913904.0,-0.01,-0.1438848920863309
2016-11-25,15:00,sh601616,广电电气,6.93,6.98,6.72,6.85,99874,68259832.0,-0.09,-1.2968299711815563
2016-11-28,15:00,sh601616,广电电气,6.85,6.99,6.83,6.89,63059,43581892.0,0.04,0.583941605839416
2016-11-29,15:00,sh601616,广电电气,6.85,6.92,6.81,6.84,56191,38685852.0,-0.05,-0.7256894049346879
2016-11-30,15:00,sh601616,广电电气,6.86,6.89,6.73,6.75,63531,43130464.0,-0.09,-1.3157894736842104
2016-12-01,15:00,sh601616,广电电气,6.78,6.81,6.66,6.72,84643,56807464.0,-0.03,-0.4444444444444444
2016-12-02,15:00,sh601616,广电电气,6.72,6.85,6.66,6.7,76811,51835944.0,-0.02,-0.2976190476190476
2016-12-05,15:00,sh601616,广电电气,6.7,6.7,6.55,6.56,59351,39325208.0,-0.14,-2.0895522388059704
2016-12-06,15:00,sh601616,广电电气,6.58,6.7,6.56,6.65,44865,29789634.0,0.09,1.3719512195121952
2016-12-07,15:00,sh601616,广电电气,6.66,6.7,6.63,6.7,55687,37099568.0,0.05,0.7518796992481203
2016-12-08,15:00,sh601616,广电电气,6.71,6.73,6.59,6.62,62239,41464428.0,-0.08,-1.1940298507462688
2016-12-09,15:00,sh601616,广电电气,6.63,6.67,6.53,6.6,62043,40945940.0,-0.02,-0.3021148036253776
2016-12-12,15:00,sh601616,广电电气,6.62,6.62,6.21,6.22,99987,64109548.0,-0.38,-5.757575757575758
2016-12-13,15:00,sh601616,广电电气,6.22,6.3,6.15,6.24,62769,39016648.0,0.02,0.3215434083601286
2016-12-14,15:00,sh601616,广电电气,6.24,6.51,6.22,6.37,91601,58468236.0,0.13,2.083333333333333
2016-12-15,15:00,sh601616,广电电气,6.48,6.51,6.34,6.36,61244,39295360.0,-0.01,-0.1569858712715855
2016-12-16,15:00,sh601616,广电电气,6.33,6.68,6.3,6.39,175658,114311312.0,0.03,0.4716981132075472
2016-12-19,15:00,sh601616,广电电气,6.36,6.55,6.35,6.49,86069,55599592.0,0.1,1.5649452269170578
2016-12-20,15:00,sh601616,广电电气,6.47,6.59,6.42,6.49,51642,33594432.0,0.0,0.0
2016-12-21,15:00,sh601616,广电电气,6.51,6.53,6.45,6.52,50060,32492856.0,0.03,0.4622496147919877
2016-12-22,15:00,sh601616,广电电气,6.52,6.53,6.41,6.44,51744,33350786.0,-0.08,-1.2269938650306749
2016-12-23,15:00,sh601616,广电电气,6.46,6.46,6.29,6.29,58511,37210532.0,-0.15,-2.329192546583851
2016-12-26,15:00,sh601616,广电电气,6.29,6.44,6.23,6.4,50717,32257368.0,0.11,1.7488076311605725
2016-12-27,15:00,sh601616,广电电气,6.39,6.65,6.39,6.61,87020,56890076.0,0.21,3.28125
2016-12-28,15:00,sh601616,广电电气,6.58,6.64,6.45,6.49,61339,39986544.0,-0.12,-1.815431164901664
2016-12-29,15:00,sh601616,广电电气,6.49,6.53,6.42,6.49,53349,34572860.0,0.0,0.0
2016-12-30,15:00,sh601616,广电电气,6.52,6.57,6.48,6.51,57313,37368608.0,0.02,0.3081664098613251
2017-01-03,15:00,sh601616,广电电气,6.53,6.58,6.5,6.56,46017,30065372.0,0.05,0.7680491551459293
2017-01-04,15:00,sh601616,广电电气,6.56,6.6,6.51,6.58,49811,32674016.0,0.02,0.3048780487804878
2017-01-05,15:00,sh601616,广电电气,6.55,6.62,6.5,6.55,93390,61178060.0,-0.03,-0.4559270516717325
2017-01-06,15:00,sh601616,广电电气,6.55,6.56,6.49,6.52,60725,39590536.0,-0.03,-0.4580152671755725
2017-01-09,15:00,sh601616,广电电气,6.52,6.52,6.41,6.49,52243,33746844.0,-0.03,-0.4601226993865031
2017-01-10,15:00,sh601616,广电电气,6.5,6.53,6.44,6.52,36530,23709594.0,0.03,0.4622496147919877
2017-01-11,15:00,sh601616,广电电气,6.51,6.51,6.36,6.39,46767,30053472.0,-0.13,-1.9938650306748469
2017-01-12,15:00,sh601616,广电电气,6.39,6.42,6.3,6.33,38677,24518918.0,-0.06,-0.9389671361502347
2017-01-13,15:00,sh601616,广电电气,6.31,6.37,6.22,6.23,40651,25606974.0,-0.1,-1.579778830963665
2017-01-16,15:00,sh601616,广电电气,6.19,6.25,5.81,6.03,69971,42396840.0,-0.2,-3.210272873194221
2017-01-17,15:00,sh601616,广电电气,6.06,6.11,5.93,6.06,39968,24167804.0,0.03,0.4975124378109453
2017-01-18,15:00,sh601616,广电电气,6.08,6.15,6.01,6.06,33403,20342700.0,0.0,0.0
2017-01-19,15:00,sh601616,广电电气,6.1,6.1,5.99,6.03,32051,19344328.0,-0.03,-0.495049504950495
2017-01-20,15:00,sh601616,广电电气,6.01,6.1,6.01,6.09,28686,17402988.0,0.06,0.9950248756218906
2017-01-23,15:00,sh601616,广电电气,6.1,6.15,6.07,6.11,24520,15020251.0,0.02,0.3284072249589491
2017-01-24,15:00,sh601616,广电电气,6.18,6.18,6.09,6.1,33655,20624806.0,-0.01,-0.1636661211129296
2017-01-25,15:00,sh601616,广电电气,6.1,6.14,6.08,6.12,19961,12209773.0,0.02,0.3278688524590163
2017-01-26,15:00,sh601616,广电电气,6.15,6.21,6.12,6.21,32067,19800926.0,0.09,1.4705882352941175
2017-02-03,15:00,sh601616,广电电气,6.22,6.25,6.09,6.13,35889,22016898.0,-0.08,-1.288244766505636
2017-02-06,15:00,sh601616,广电电气,6.11,6.19,6.11,6.18,32451,19971922.0,0.05,0.8156606851549755
2017-02-07,15:00,sh601616,广电电气,6.18,6.31,6.17,6.29,61593,38570792.0,0.11,1.779935275080906
2017-02-08,15:00,sh601616,广电电气,6.29,6.31,6.23,6.3,29825,18706436.0,0.01,0.1589825119236884
2017-02-09,15:00,sh601616,广电电气,6.28,6.35,6.26,6.33,28440,17976918.0,0.03,0.4761904761904762
2017-02-10,15:00,sh601616,广电电气,6.33,6.36,6.26,6.32,40537,25557746.0,-0.01,-0.1579778830963665
2017-02-13,15:00,sh601616,广电电气,6.31,6.33,6.25,6.28,46458,29183196.0,-0.04,-0.6329113924050633
2017-02-14,15:00,sh601616,广电电气,6.28,6.32,6.27,6.29,31998,20139716.0,0.01,0.1592356687898089
2017-02-15,15:00,sh601616,广电电气,6.29,6.42,6.28,6.33,65998,41894072.0,0.04,0.6359300476947536
2017-02-16,15:00,sh601616,广电电气,6.31,6.36,6.26,6.3,52387,32955836.0,-0.03,-0.4739336492890995
2017-02-17,15:00,sh601616,广电电气,6.28,6.32,6.16,6.18,60019,37369804.0,-0.12,-1.9047619047619049
2017-02-20,15:00,sh601616,广电电气,6.2,6.28,6.19,6.28,36798,22978534.0,0.1,1.6181229773462782
2017-02-21,15:00,sh601616,广电电气,6.29,6.3,6.24,6.29,57601,36140456.0,0.01,0.1592356687898089
2017-02-22,15:00,sh601616,广电电气,6.29,6.31,6.22,6.3,58153,36460160.0,0.01,0.1589825119236884
2017-02-23,15:00,sh601616,广电电气,6.29,6.33,6.26,6.3,61652,38822568.0,0.0,0.0
2017-02-24,15:00,sh601616,广电电气,6.34,6.39,6.29,6.36,68465,43431520.0,0.06,0.9523809523809524
2017-02-27,15:00,sh601616,广电电气,6.35,6.36,6.26,6.29,41459,26149642.0,-0.07,-1.10062893081761
2017-02-28,15:00,sh601616,广电电气,6.26,6.33,6.26,6.3,34344,21574440.0,0.01,0.1589825119236884
2017-03-01,15:00,sh601616,广电电气,6.3,6.3,6.19,6.22,105151,65548660.0,-0.08,-1.2698412698412698
2017-03-02,15:00,sh601616,广电电气,6.22,6.24,6.15,6.18,63125,39063108.0,-0.04,-0.6430868167202572
2017-03-03,15:00,sh601616,广电电气,6.12,6.18,6.12,6.15,38140,23442320.0,-0.03,-0.4854368932038834
2017-03-06,15:00,sh601616,广电电气,6.15,6.23,6.15,6.22,36787,22820022.0,0.07,1.1382113821138211
2017-03-07,15:00,sh601616,广电电气,6.22,6.25,6.15,6.21,34527,21373588.0,-0.01,-0.1607717041800643
2017-03-08,15:00,sh601616,广电电气,6.19,6.24,6.17,6.22,39950,24828628.0,0.01,0.1610305958132045
2017-03-09,15:00,sh601616,广电电气,6.23,6.24,6.14,6.16,38792,23949368.0,-0.06,-0.964630225080386
2017-03-10,15:00,sh601616,广电电气,6.13,6.18,6.12,6.14,28363,17417496.0,-0.02,-0.3246753246753247
2017-03-13,15:00,sh601616,广电电气,6.13,6.17,6.07,6.13,39923,24489898.0,-0.01,-0.1628664495114006
2017-03-14,15:00,sh601616,广电电气,6.16,6.19,6.12,6.15,34453,21203612.0,0.02,0.3262642740619902
2017-03-15,15:00,sh601616,广电电气,6.15,6.18,6.08,6.1,41238,25222068.0,-0.05,-0.8130081300813009
2017-03-16,15:00,sh601616,广电电气,6.12,6.14,6.09,6.12,40267,24621588.0,0.02,0.3278688524590163
2017-03-17,15:00,sh601616,广电电气,6.12,6.18,6.09,6.11,48532,29794770.0,-0.01,-0.1633986928104575
2017-03-20,15:00,sh601616,广电电气,6.09,6.14,6.02,6.1,39572,24149140.0,-0.01,-0.1636661211129296
2017-03-21,15:00,sh601616,广电电气,6.11,6.42,6.09,6.39,63709,39686616.0,0.29,4.754098360655737
2017-03-22,15:00,sh601616,广电电气,6.28,6.33,6.17,6.25,114081,71183648.0,-0.14,-2.190923317683881
2017-03-23,15:00,sh601616,广电电气,6.21,6.25,6.09,6.12,66186,40720716.0,-0.13,-2.08
2017-03-24,15:00,sh601616,广电电气,6.13,6.18,6.1,6.13,64727,39657108.0,0.01,0.1633986928104575
2017-03-27,15:00,sh601616,广电电气,6.11,6.13,6.08,6.13,55907,34092260.0,0.0,0.0
2017-03-28,15:00,sh601616,广电电气,6.11,6.13,6.08,6.09,32909,20078568.0,-0.04,-0.6525285481239804
2017-03-29,15:00,sh601616,广电电气,6.11,6.12,6.06,6.06,43512,26444314.0,-0.03,-0.4926108374384236
2017-03-30,15:00,sh601616,广电电气,6.07,6.1,5.81,5.88,105811,62898448.0,-0.18,-2.9702970297029703
2017-03-31,15:00,sh601616,广电电气,5.85,5.95,5.84,5.87,56245,33120320.0,-0.01,-0.1700680272108843
2017-04-05,15:00,sh601616,广电电气,5.88,5.94,5.86,5.93,53269,31466092.0,0.06,1.0221465076660987
2017-04-06,15:00,sh601616,广电电气,5.95,5.97,5.91,5.96,42289,25169760.0,0.03,0.5059021922428331
2017-04-07,15:00,sh601616,广电电气,5.93,5.99,5.92,5.96,34125,20340548.0,0.0,0.0
2017-04-10,15:00,sh601616,广电电气,5.94,5.95,5.87,5.89,45050,26632808.0,-0.07,-1.174496644295302
2017-04-11,15:00,sh601616,广电电气,5.88,5.95,5.87,5.95,49853,29412020.0,0.06,1.0186757215619695
2017-04-12,15:00,sh601616,广电电气,5.95,5.95,5.9,5.95,39158,23205092.0,0.0,0.0
2017-04-13,15:00,sh601616,广电电气,5.94,6.0,5.91,5.98,36611,21808222.0,0.03,0.5042016806722689
2017-04-14,15:00,sh601616,广电电气,5.98,5.98,5.89,5.92,49058,29051140.0,-0.06,-1.0033444816053512
2017-04-17,15:00,sh601616,广电电气,5.9,5.9,5.74,5.77,54359,31640642.0,-0.15,-2.533783783783784
2017-04-18,15:00,sh601616,广电电气,5.77,5.79,5.68,5.7,45614,26162906.0,-0.07,-1.2131715771230502
2017-04-19,15:00,sh601616,广电电气,5.75,5.75,5.37,5.48,66268,36456764.0,-0.22,-3.8596491228070176
2017-04-20,15:00,sh601616,广电电气,5.47,5.56,5.37,5.45,62284,33959584.0,-0.03,-0.5474452554744526
2017-04-21,15:00,sh601616,广电电气,5.43,5.51,5.41,5.44,40331,21984310.0,-0.01,-0.1834862385321101
2017-04-24,15:00,sh601616,广电电气,5.45,5.46,5.3,5.33,47118,25223028.0,-0.11,-2.022058823529412
2017-04-25,15:00,sh601616,广电电气,5.37,5.37,5.28,5.29,33079,17573840.0,-0.04,-0.7504690431519699
2017-04-26,15:00,sh601616,广电电气,5.29,5.34,5.22,5.25,42401,22323592.0,-0.04,-0.7561436672967864
2017-04-27,15:00,sh601616,广电电气,5.25,5.25,4.96,5.15,75234,38194120.0,-0.1,-1.9047619047619049
2017-04-28,15:00,sh601616,广电电气,5.15,5.35,5.11,5.27,56334,29522164.0,0.12,2.3300970873786406
2017-05-02,15:00,sh601616,广电电气,5.22,5.52,5.22,5.41,66243,35825736.0,0.14,2.6565464895635675
2017-05-03,15:00,sh601616,广电电气,5.47,5.47,5.37,5.42,29220,15802382.0,0.01,0.1848428835489833
2017-05-04,15:00,sh601616,广电电气,5.39,5.44,5.25,5.26,59520,31609064.0,-0.16,-2.952029520295203
2017-05-05,15:00,sh601616,广电电气,5.23,5.23,5.09,5.15,40337,20828668.0,-0.11,-2.091254752851711
2017-05-08,15:00,sh601616,广电电气,5.15,5.15,5.06,5.06,31056,15802414.0,-0.09,-1.7475728155339807
2017-05-09,15:00,sh601616,广电电气,5.07,5.13,5.02,5.13,21099,10751494.0,0.07,1.383399209486166
2017-05-10,15:00,sh601616,广电电气,5.13,5.16,5.01,5.02,26297,13397644.0,-0.11,-2.144249512670565
2017-05-11,15:00,sh601616,广电电气,5.01,5.01,4.76,4.9,105291,51156136.0,-0.12,-2.3904382470119523
2017-05-12,15:00,sh601616,广电电气,4.88,4.91,4.82,4.88,26693,12991504.0,-0.02,-0.4081632653061224
2017-05-15,15:00,sh601616,广电电气,4.89,4.95,4.86,4.89,26377,12915916.0,0.01,0.2049180327868852
2017-05-16,15:00,sh601616,广电电气,4.89,5.01,4.82,4.99,48336,23824352.0,0.1,2.044989775051125
2017-05-17,15:00,sh601616,广电电气,4.99,5.08,4.99,5.01,40148,20182276.0,0.02,0.4008016032064128
2017-05-18,15:00,sh601616,广电电气,4.97,5.0,4.92,4.96,26118,12956431.0,-0.05,-0.998003992015968
2017-05-19,15:00,sh601616,广电电气,4.98,4.99,4.85,4.89,33974,16655003.0,-0.07,-1.411290322580645
2017-05-22,15:00,sh601616,广电电气,4.89,4.91,4.72,4.72,56234,26955192.0,-0.17,-3.476482617586912
2017-05-23,15:00,sh601616,广电电气,4.72,4.75,4.5,4.51,60737,27954120.0,-0.21,-4.4491525423728815
2017-05-24,15:00,sh601616,广电电气,4.52,4.62,4.36,4.53,55062,24664996.0,0.02,0.4434589800443459
2017-05-25,15:00,sh601616,广电电气,4.52,4.59,4.4,4.54,53365,24056582.0,0.01,0.2207505518763796
2017-05-26,15:00,sh601616,广电电气,4.54,4.68,4.51,4.62,51968,23892064.0,0.08,1.762114537444934
2017-05-31,15:00,sh601616,广电电气,4.7,4.73,4.52,4.52,55784,25722806.0,-0.1,-2.1645021645021645
2017-06-01,15:00,sh601616,广电电气,4.51,4.51,4.32,4.35,51728,22827660.0,-0.17,-3.761061946902655
2017-06-02,15:00,sh601616,广电电气,4.27,4.42,4.26,4.41,46080,20018070.0,0.06,1.3793103448275863
2017-06-05,15:00,sh601616,广电电气,4.4,4.5,4.4,4.47,30184,13480573.0,0.06,1.3605442176870748
2017-06-06,15:00,sh601616,广电电气,4.48,4.51,4.44,4.48,24550,10985536.0,0.01,0.2237136465324384
2017-06-07,15:00,sh601616,广电电气,4.51,4.76,4.48,4.65,80520,36969176.0,0.17,3.7946428571428568
2017-06-08,15:00,sh601616,广电电气,4.62,4.66,4.55,4.58,43115,19837026.0,-0.07,-1.5053763440860215
2017-06-09,15:00,sh601616,广电电气,4.58,4.62,4.52,4.58,29720,13555715.0,0.0,0.0
2017-06-12,15:00,sh601616,广电电气,4.52,4.57,4.49,4.5,32019,14509192.0,-0.08,-1.7467248908296942
2017-06-13,15:00,sh601616,广电电气,4.51,4.57,4.5,4.56,25855,11749971.0,0.06,1.3333333333333337
2017-06-14,15:00,sh601616,广电电气,4.55,4.58,4.54,4.56,22542,10272052.0,0.0,0.0
2017-06-15,15:00,sh601616,广电电气,4.55,4.65,4.51,4.62,40792,18785076.0,0.06,1.3157894736842104
2017-06-16,15:00,sh601616,广电电气,4.61,4.65,4.6,4.63,20170,9333257.0,0.01,0.2164502164502164
2017-06-19,15:00,sh601616,广电电气,4.61,4.67,4.61,4.65,35607,16518848.0,0.02,0.4319654427645789
2017-06-20,15:00,sh601616,广电电气,4.65,4.69,4.65,4.67,30521,14241671.0,0.02,0.4301075268817204
2017-06-21,15:00,sh601616,广电电气,4.67,4.69,4.62,4.66,24372,11346970.0,-0.01,-0.2141327623126338
2017-06-22,15:00,sh601616,广电电气,4.67,4.68,4.53,4.54,37035,17089878.0,-0.12,-2.575107296137339
2017-06-23,15:00,sh601616,广电电气,4.55,4.56,4.37,4.47,33545,15022445.0,-0.07,-1.5418502202643172
2017-06-26,15:00,sh601616,广电电气,4.47,4.58,4.47,4.57,31758,14396772.0,0.1,2.237136465324385
2017-06-27,15:00,sh601616,广电电气,4.55,4.61,4.55,4.56,33963,15553343.0,-0.01,-0.2188183807439825
2017-06-28,15:00,sh601616,广电电气,4.56,4.57,4.49,4.5,28612,12928265.0,-0.06,-1.3157894736842104
2017-06-29,15:00,sh601616,广电电气,4.52,4.56,4.48,4.53,32721,14798993.0,0.03,0.6666666666666667
2017-06-30,15:00,sh601616,广电电气,4.52,4.7,4.5,4.67,95265,44016596.0,0.14,3.090507726269316
2017-07-03,15:00,sh601616,广电电气,4.67,4.69,4.62,4.65,44198,20543160.0,-0.02,-0.4282655246252677
2017-07-04,15:00,sh601616,广电电气,4.65,4.73,4.63,4.66,37209,17383464.0,0.01,0.2150537634408602
2017-07-05,15:00,sh601616,广电电气,4.64,4.68,4.64,4.67,34235,15968281.0,0.01,0.2145922746781116
2017-07-06,15:00,sh601616,广电电气,4.68,4.7,4.63,4.66,39348,18326026.0,-0.01,-0.2141327623126338
2017-07-07,15:00,sh601616,广电电气,4.66,4.66,4.61,4.65,44119,20452496.0,-0.01,-0.2145922746781116
2017-07-10,15:00,sh601616,广电电气,4.65,4.67,4.62,4.65,54377,25254338.0,0.0,0.0
2017-07-11,15:00,sh601616,广电电气,4.65,4.65,4.55,4.56,42366,19530352.0,-0.09,-1.935483870967742
2017-07-12,15:00,sh601616,广电电气,4.56,4.59,4.47,4.52,50136,22623210.0,-0.04,-0.8771929824561403
2017-07-13,15:00,sh601616,广电电气,4.52,4.55,4.49,4.53,35004,15804918.0,0.01,0.2212389380530973
2017-07-14,15:00,sh601616,广电电气,4.53,4.54,4.5,4.53,20236,9140235.0,0.0,0.0
2017-07-17,15:00,sh601616,广电电气,4.53,4.54,4.23,4.26,67445,29363470.0,-0.27,-5.960264900662252
2017-07-18,15:00,sh601616,广电电气,4.25,4.35,4.2,4.27,49416,21000800.0,0.01,0.2347417840375587
2017-07-19,15:00,sh601616,广电电气,4.27,4.32,4.21,4.32,49049,21003102.0,0.05,1.1709601873536302
2017-07-20,15:00,sh601616,广电电气,4.31,4.44,4.3,4.43,82494,36167328.0,0.11,2.5462962962962963
2017-07-21,15:00,sh601616,广电电气,4.4,4.42,4.38,4.38,34363,15106952.0,-0.05,-1.1286681715575622
2017-07-24,15:00,sh601616,广电电气,4.38,4.43,4.36,4.41,34320,15125351.0,0.03,0.684931506849315
2017-07-25,15:00,sh601616,广电电气,4.41,4.42,4.37,4.4,22168,9740690.0,-0.01,-0.2267573696145124
2017-07-26,15:00,sh601616,广电电气,4.39,4.46,4.35,4.43,38445,16917916.0,0.03,0.6818181818181818
2017-07-27,15:00,sh601616,广电电气,4.44,4.49,4.39,4.47,60315,26856964.0,0.04,0.9029345372460496
2017-07-28,15:00,sh601616,广电电气,4.45,4.52,4.45,4.49,34123,15307957.0,0.02,0.4474272930648769
2017-07-31,15:00,sh601616,广电电气,4.49,4.53,4.44,4.51,38893,17471424.0,0.02,0.4454342984409799
2017-08-01,15:00,sh601616,广电电气,4.51,4.54,4.47,4.5,28096,12654002.0,-0.01,-0.2217294900221729
2017-08-02,15:00,sh601616,广电电气,4.51,4.51,4.45,4.46,42501,19009378.0,-0.04,-0.8888888888888888
2017-08-03,15:00,sh601616,广电电气,4.45,4.63,4.43,4.53,80372,36382936.0,0.07,1.5695067264573992
2017-08-04,15:00,sh601616,广电电气,4.55,4.55,4.45,4.45,66560,29957276.0,-0.08,-1.7660044150110374
2017-08-07,15:00,sh601616,广电电气,4.45,4.5,4.42,4.49,38315,17113870.0,0.04,0.8988764044943821
2017-08-08,15:00,sh601616,广电电气,4.49,4.53,4.45,4.52,62243,27914044.0,0.03,0.6681514476614699
2017-08-09,15:00,sh601616,广电电气,4.51,4.61,4.5,4.55,71166,32432512.0,0.03,0.6637168141592921
2017-08-10,15:00,sh601616,广电电气,4.55,4.56,4.44,4.48,54515,24499182.0,-0.07,-1.5384615384615383
2017-08-11,15:00,sh601616,广电电气,4.45,4.47,4.37,4.39,38631,17069424.0,-0.09,-2.008928571428572
2017-08-14,15:00,sh601616,广电电气,4.39,4.52,4.39,4.49,51598,23076416.0,0.1,2.277904328018223
2017-08-15,15:00,sh601616,广电电气,4.47,4.53,4.47,4.51,41284,18593452.0,0.02,0.4454342984409799
2017-08-16,15:00,sh601616,广电电气,4.5,4.6,4.5,4.56,63979,29133918.0,0.05,1.1086474501108647
2017-08-17,15:00,sh601616,广电电气,4.57,4.61,4.53,4.6,53243,24405180.0,0.04,0.8771929824561403
2017-08-18,15:00,sh601616,广电电气,4.57,4.6,4.54,4.6,39047,17854060.0,0.0,0.0
2017-08-21,15:00,sh601616,广电电气,4.61,4.63,4.56,4.6,52132,23885368.0,0.0,0.0
2017-08-22,15:00,sh601616,广电电气,4.58,4.63,4.55,4.62,54664,25119956.0,0.02,0.4347826086956521
2017-08-23,15:00,sh601616,广电电气,4.62,4.65,4.55,4.57,46237,21175762.0,-0.05,-1.0822510822510822
2017-08-24,15:00,sh601616,广电电气,4.56,4.57,4.49,4.51,37691,17060896.0,-0.06,-1.312910284463895
2017-08-25,15:00,sh601616,广电电气,4.5,4.56,4.5,4.55,35263,16007380.0,0.04,0.8869179600886918
2017-08-28,15:00,sh601616,广电电气,4.54,4.61,4.54,4.56,63013,28848516.0,0.01,0.2197802197802197
2017-08-29,15:00,sh601616,广电电气,4.58,4.67,4.56,4.61,69342,32008144.0,0.05,1.0964912280701753
2017-08-30,15:00,sh601616,广电电气,4.57,4.63,4.56,4.58,46902,21534620.0,-0.03,-0.6507592190889371
2017-08-31,15:00,sh601616,广电电气,4.6,4.69,4.57,4.69,108886,50668160.0,0.11,2.4017467248908297
2017-09-01,15:00,sh601616,广电电气,4.7,4.7,4.62,4.66,82016,38117648.0,-0.03,-0.6396588486140725
2017-09-04,15:00,sh601616,广电电气,4.65,4.71,4.62,4.7,66566,31054120.0,0.04,0.8583690987124464
2017-09-05,15:00,sh601616,广电电气,4.7,4.71,4.65,4.69,48551,22714540.0,-0.01,-0.2127659574468085
2017-09-06,15:00,sh601616,广电电气,4.68,4.69,4.64,4.68,43750,20415820.0,-0.01,-0.2132196162046908
2017-09-07,15:00,sh601616,广电电气,4.67,4.71,4.65,4.66,64847,30369420.0,-0.02,-0.4273504273504274
2017-09-08,15:00,sh601616,广电电气,4.66,4.7,4.65,4.69,59488,27807068.0,0.03,0.6437768240343348
2017-09-11,15:00,sh601616,广电电气,4.69,4.72,4.65,4.71,71532,33504684.0,0.02,0.4264392324093816
2017-09-12,15:00,sh601616,广电电气,4.7,4.8,4.69,4.75,107230,50759928.0,0.04,0.8492569002123143
2017-09-13,15:00,sh601616,广电电气,4.73,4.73,4.69,4.72,39375,18529030.0,-0.03,-0.631578947368421
2017-09-14,15:00,sh601616,广电电气,4.71,4.72,4.66,4.68,55508,25998044.0,-0.04,-0.847457627118644
2017-09-15,15:00,sh601616,广电电气,4.7,4.7,4.58,4.66,52734,24532584.0,-0.02,-0.4273504273504274
2017-09-18,15:00,sh601616,广电电气,4.64,4.66,4.6,4.66,43850,20336850.0,0.0,0.0
2017-09-19,15:00,sh601616,广电电气,4.65,4.66,4.62,4.65,37716,17519508.0,-0.01,-0.2145922746781116
2017-09-20,15:00,sh601616,广电电气,4.65,4.68,4.63,4.66,51447,23929402.0,0.01,0.2150537634408602
2017-09-21,15:00,sh601616,广电电气,4.66,4.67,4.6,4.6,64559,29895916.0,-0.06,-1.2875536480686696
2017-09-22,15:00,sh601616,广电电气,4.6,4.6,4.52,4.55,43443,19796408.0,-0.05,-1.0869565217391304
2017-09-25,15:00,sh601616,广电电气,4.55,4.57,4.44,4.46,56279,25245136.0,-0.09,-1.9780219780219777
2017-09-26,15:00,sh601616,广电电气,4.45,4.48,4.39,4.44,46249,20495498.0,-0.02,-0.4484304932735426
2017-09-27,15:00,sh601616,广电电气,4.45,4.49,4.43,4.48,39692,17711848.0,0.04,0.9009009009009008
2017-09-28,15:00,sh601616,广电电气,4.48,4.51,4.46,4.47,36192,16243899.0,-0.01,-0.2232142857142857
2017-09-29,15:00,sh601616,广电电气,4.47,4.51,4.47,4.49,30756,13824015.0,0.02,0.4474272930648769
2017-10-09,15:00,sh601616,广电电气,4.53,4.56,4.5,4.52,38572,17429788.0,0.03,0.6681514476614699
2017-10-10,15:00,sh601616,广电电气,4.52,4.57,4.51,4.57,37601,17075752.0,0.05,1.106194690265487
2017-10-11,15:00,sh601616,广电电气,4.57,4.77,4.5,4.75,315335,146346608.0,0.18,3.938730853391685
2017-10-12,15:00,sh601616,广电电气,4.7,4.72,4.62,4.65,124006,57752176.0,-0.1,-2.1052631578947367
2017-10-13,15:00,sh601616,广电电气,4.63,4.66,4.61,4.64,70016,32436376.0,-0.01,-0.2150537634408602
2017-10-16,15:00,sh601616,广电电气,4.64,4.64,4.51,4.52,66699,30501454.0,-0.12,-2.586206896551724
2017-10-17,15:00,sh601616,广电电气,4.5,4.55,4.48,4.55,40222,18179200.0,0.03,0.6637168141592921
2017-10-18,15:00,sh601616,广电电气,4.53,4.56,4.45,4.49,44704,20210672.0,-0.06,-1.3186813186813189
2017-10-19,15:00,sh601616,广电电气,4.5,4.5,4.42,4.43,41051,18231412.0,-0.06,-1.33630289532294
2017-10-20,15:00,sh601616,广电电气,4.44,4.48,4.4,4.48,47579,21144684.0,0.05,1.1286681715575622
2017-10-23,15:00,sh601616,广电电气,4.49,4.52,4.46,4.51,35259,15830290.0,0.03,0.6696428571428571
2017-10-24,15:00,sh601616,广电电气,4.51,4.52,4.44,4.46,27367,12226255.0,-0.05,-1.1086474501108647
2017-10-25,15:00,sh601616,广电电气,4.46,4.49,4.45,4.47,17351,7760551.0,0.01,0.2242152466367713
2017-10-26,15:00,sh601616,广电电气,4.47,4.49,4.46,4.48,35028,15672509.0,0.01,0.2237136465324384
2017-10-27,15:00,sh601616,广电电气,4.48,4.49,4.45,4.47,26627,11898949.0,-0.01,-0.2232142857142857
2017-10-30,15:00,sh601616,广电电气,4.47,4.47,4.31,4.33,52565,22923154.0,-0.14,-3.131991051454139
2017-10-31,15:00,sh601616,广电电气,4.35,4.38,4.3,4.38,39724,17214604.0,0.05,1.1547344110854505
2017-11-01,15:00,sh601616,广电电气,4.36,4.37,4.31,4.34,34003,14750017.0,-0.04,-0.91324200913242
2017-11-02,15:00,sh601616,广电电气,4.34,4.34,4.26,4.29,37892,16253106.0,-0.05,-1.152073732718894
2017-11-03,15:00,sh601616,广电电气,4.28,4.28,4.16,4.21,67510,28515376.0,-0.08,-1.8648018648018647
2017-11-06,15:00,sh601616,广电电气,4.22,4.25,4.18,4.25,18918,7971902.0,0.04,0.9501187648456058
2017-11-07,15:00,sh601616,广电电气,4.25,4.25,4.2,4.25,23258,9839769.0,0.0,0.0
2017-11-08,15:00,sh601616,广电电气,4.25,4.29,4.23,4.27,32086,13690624.0,0.02,0.4705882352941176
2017-11-09,15:00,sh601616,广电电气,4.27,4.33,4.25,4.3,34306,14713793.0,0.03,0.702576112412178
2017-11-10,15:00,sh601616,广电电气,4.3,4.3,4.25,4.28,29490,12572912.0,-0.02,-0.4651162790697674
2017-11-13,15:00,sh601616,广电电气,4.28,4.29,4.2,4.25,40177,17039616.0,-0.03,-0.7009345794392523
2017-11-14,15:00,sh601616,广电电气,4.25,4.25,4.16,4.2,40649,17086808.0,-0.05,-1.1764705882352942
2017-11-15,15:00,sh601616,广电电气,4.2,4.2,4.09,4.13,75637,31174740.0,-0.07,-1.6666666666666667
2017-11-16,15:00,sh601616,广电电气,4.12,4.13,4.04,4.05,74838,30585626.0,-0.08,-1.937046004842615
2017-11-17,15:00,sh601616,广电电气,4.05,4.09,3.87,3.91,87664,34935864.0,-0.14,-3.45679012345679
2017-11-20,15:00,sh601616,广电电气,3.91,3.92,3.82,3.92,38743,15013454.0,0.01,0.2557544757033248
2017-11-21,15:00,sh601616,广电电气,3.91,3.93,3.86,3.89,36299,14143174.0,-0.03,-0.7653061224489796
2017-11-22,15:00,sh601616,广电电气,3.89,3.89,3.85,3.87,35330,13680563.0,-0.02,-0.5141388174807198
2017-11-23,15:00,sh601616,广电电气,3.88,3.89,3.77,3.8,31962,12311674.0,-0.07,-1.8087855297157625
2017-11-24,15:00,sh601616,广电电气,3.76,3.86,3.75,3.85,23655,9038539.0,0.05,1.3157894736842104
2017-11-27,15:00,sh601616,广电电气,3.83,3.86,3.8,3.83,19931,7645803.0,-0.02,-0.5194805194805194
2017-11-28,15:00,sh601616,广电电气,3.86,3.89,3.84,3.89,21693,8382827.0,0.06,1.5665796344647518
2017-11-29,15:00,sh601616,广电电气,3.88,3.91,3.85,3.91,27969,10852718.0,0.02,0.5141388174807198
2017-11-30,15:00,sh601616,广电电气,3.91,3.91,3.85,3.87,20927,8135088.0,-0.04,-1.0230179028132993
2017-12-01,15:00,sh601616,广电电气,3.87,3.92,3.85,3.92,24586,9577025.0,0.05,1.2919896640826871
2017-12-04,15:00,sh601616,广电电气,3.91,3.94,3.79,3.84,56301,21687192.0,-0.08,-2.0408163265306123
2017-12-05,15:00,sh601616,广电电气,3.81,3.84,3.71,3.72,43520,16500501.0,-0.12,-3.125
2017-12-06,15:00,sh601616,广电电气,3.72,3.75,3.68,3.75,41759,15481450.0,0.03,0.8064516129032258
2017-12-07,15:00,sh601616,广电电气,3.74,3.76,3.7,3.74,21426,7997633.0,-0.01,-0.2666666666666666
2017-12-08,15:00,sh601616,广电电气,3.75,3.79,3.72,3.78,32671,12323661.0,0.04,1.06951871657754
2017-12-11,15:00,sh601616,广电电气,3.79,3.83,3.77,3.81,29493,11218709.0,0.03,0.7936507936507936
2017-12-12,15:00,sh601616,广电电气,3.82,3.82,3.74,3.76,22181,8377317.0,-0.05,-1.3123359580052494
2017-12-13,15:00,sh601616,广电电气,3.76,3.82,3.75,3.8,22213,8424899.0,0.04,1.0638297872340423
2017-12-14,15:00,sh601616,广电电气,3.8,3.84,3.77,3.84,31785,12132720.0,0.04,1.0526315789473684
2017-12-15,15:00,sh601616,广电电气,3.84,3.86,3.81,3.85,22530,8646889.0,0.01,0.2604166666666666
2017-12-18,15:00,sh601616,广电电气,3.86,3.88,3.83,3.85,37908,14610494.0,0.0,0.0
2017-12-19,15:00,sh601616,广电电气,3.84,3.88,3.82,3.87,25060,9668965.0,0.02,0.5194805194805194
2017-12-20,15:00,sh601616,广电电气,3.86,3.88,3.81,3.82,17438,6696051.0,-0.05,-1.2919896640826871
2017-12-21,15:00,sh601616,广电电气,3.82,3.89,3.75,3.85,38017,14568735.0,0.03,0.7853403141361256
2017-12-22,15:00,sh601616,广电电气,3.86,3.88,3.82,3.84,17618,6762824.0,-0.01,-0.2597402597402597
2017-12-25,15:00,sh601616,广电电气,3.84,3.84,3.76,3.78,29523,11223720.0,-0.06,-1.5625
2017-12-26,15:00,sh601616,广电电气,3.78,3.84,3.77,3.84,41257,15698096.0,0.06,1.5873015873015872
2017-12-27,15:00,sh601616,广电电气,3.84,3.86,3.82,3.84,18826,7229425.0,0.0,0.0
2017-12-28,15:00,sh601616,广电电气,3.86,3.9,3.82,3.87,30285,11715009.0,0.03,0.78125
2017-12-29,15:00,sh601616,广电电气,3.87,3.93,3.87,3.91,27687,10803322.0,0.04,1.03359173126615
2018-01-02,15:00,sh601616,广电电气,3.92,3.95,3.9,3.92,25487,9986182.0,0.01,0.2557544757033248
2018-01-03,15:00,sh601616,广电电气,3.92,3.95,3.88,3.95,47679,18655352.0,0.03,0.7653061224489796
2018-01-04,15:00,sh601616,广电电气,3.93,3.94,3.91,3.93,20550,8059746.0,-0.02,-0.5063291139240507
2018-01-05,15:00,sh601616,广电电气,3.93,3.96,3.9,3.96,38498,15173473.0,0.03,0.7633587786259541
2018-01-08,15:00,sh601616,广电电气,3.94,3.95,3.89,3.93,33386,13107745.0,-0.03,-0.7575757575757576
2018-01-09,15:00,sh601616,广电电气,3.95,3.95,3.9,3.91,19231,7527222.0,-0.02,-0.5089058524173028
2018-01-10,15:00,sh601616,广电电气,3.92,3.92,3.85,3.88,25618,9935923.0,-0.03,-0.7672634271099744
2018-01-11,15:00,sh601616,广电电气,3.87,3.96,3.85,3.94,34298,13399401.0,0.06,1.5463917525773196
2018-01-12,15:00,sh601616,广电电气,3.94,3.96,3.91,3.93,20928,8245885.0,-0.01,-0.2538071065989847
2018-01-15,15:00,sh601616,广电电气,3.94,3.94,3.79,3.81,33666,12954182.0,-0.12,-3.0534351145038165
2018-01-16,15:00,sh601616,广电电气,3.81,4.05,3.81,3.97,100390,39757768.0,0.16,4.199475065616798
2018-01-17,15:00,sh601616,广电电气,3.93,4.0,3.91,3.99,60196,23822896.0,0.02,0.5037783375314862
2018-01-18,15:00,sh601616,广电电气,3.96,4.05,3.94,4.01,54338,21730400.0,0.02,0.5012531328320802
2018-01-19,15:00,sh601616,广电电气,4.02,4.07,3.98,3.99,56048,22531148.0,-0.02,-0.4987531172069825
2018-01-22,15:00,sh601616,广电电气,3.98,4.01,3.93,4.0,23404,9302694.0,0.01,0.2506265664160401
2018-01-23,15:00,sh601616,广电电气,4.01,4.02,3.95,3.96,25057,9955303.0,-0.04,-1.0
2018-01-24,15:00,sh601616,广电电气,3.96,3.98,3.94,3.96,27599,10905300.0,0.0,0.0
2018-01-25,15:00,sh601616,广电电气,3.96,4.01,3.93,3.99,37461,14908504.0,0.03,0.7575757575757576
2018-01-26,15:00,sh601616,广电电气,3.99,4.03,3.96,4.0,26018,10423396.0,0.01,0.2506265664160401
2018-01-29,15:00,sh601616,广电电气,4.0,4.0,3.88,3.91,51683,20300332.0,-0.09,-2.25
2018-01-30,15:00,sh601616,广电电气,3.91,3.94,3.9,3.92,12330,4831217.0,0.01,0.2557544757033248
2018-01-31,15:00,sh601616,广电电气,3.92,3.92,3.78,3.84,31693,12208116.0,-0.08,-2.0408163265306123
2018-02-01,15:00,sh601616,广电电气,3.81,3.85,3.61,3.66,45945,17126932.0,-0.18,-4.6875
2018-02-02,15:00,sh601616,广电电气,3.61,3.67,3.58,3.66,29203,10619776.0,0.0,0.0
2018-02-05,15:00,sh601616,广电电气,3.64,3.66,3.6,3.65,20166,7310673.0,-0.01,-0.273224043715847
2018-02-06,15:00,sh601616,广电电气,3.63,3.63,3.44,3.45,45233,15874002.0,-0.2,-5.47945205479452
2018-02-07,15:00,sh601616,广电电气,3.49,3.51,3.38,3.47,27794,9641177.0,0.02,0.5797101449275363
2018-02-08,15:00,sh601616,广电电气,3.47,3.61,3.45,3.52,28958,10264625.0,0.05,1.440922190201729
2018-02-09,15:00,sh601616,广电电气,3.49,3.49,3.36,3.39,41052,13957149.0,-0.13,-3.6931818181818175
2018-02-12,15:00,sh601616,广电电气,3.39,3.5,3.39,3.48,41536,14360680.0,0.09,2.6548672566371683
2018-02-13,15:00,sh601616,广电电气,3.49,3.5,3.44,3.48,44150,15316326.0,0.0,0.0
2018-02-14,15:00,sh601616,广电电气,3.48,3.5,3.45,3.48,16112,5597745.0,0.0,0.0
2018-02-22,15:00,sh601616,广电电气,3.52,3.52,3.48,3.5,22503,7888142.0,0.02,0.5747126436781609
2018-02-23,15:00,sh601616,广电电气,3.5,3.52,3.47,3.51,18168,6348259.0,0.01,0.2857142857142857
2018-02-26,15:00,sh601616,广电电气,3.52,3.58,3.49,3.56,35016,12393066.0,0.05,1.4245014245014245
2018-02-27,15:00,sh601616,广电电气,3.57,3.57,3.54,3.56,20500,7284960.0,0.0,0.0
2018-02-28,15:00,sh601616,广电电气,3.56,3.57,3.52,3.56,17211,6117394.0,0.0,0.0
2018-03-01,15:00,sh601616,广电电气,3.53,3.63,3.53,3.61,38782,13953761.0,0.05,1.4044943820224718
2018-03-02,15:00,sh601616,广电电气,3.59,3.62,3.58,3.59,17397,6251111.0,-0.02,-0.554016620498615
2018-03-05,15:00,sh601616,广电电气,3.58,3.6,3.57,3.6,17768,6366129.0,0.01,0.2785515320334262
2018-03-06,15:00,sh601616,广电电气,3.6,3.66,3.6,3.64,28656,10407920.0,0.04,1.1111111111111112
2018-03-07,15:00,sh601616,广电电气,3.64,3.66,3.62,3.63,16901,6150011.0,-0.01,-0.2747252747252747
2018-03-08,15:00,sh601616,广电电气,3.62,3.65,3.62,3.65,24402,8868155.0,0.02,0.5509641873278237
2018-03-09,15:00,sh601616,广电电气,3.65,3.68,3.62,3.68,37045,13526320.0,0.03,0.821917808219178
2018-03-12,15:00,sh601616,广电电气,3.67,3.73,3.66,3.71,36133,13355083.0,0.03,0.8152173913043478
2018-03-13,15:00,sh601616,广电电气,3.71,3.71,3.67,3.68,30630,11296023.0,-0.03,-0.8086253369272237
2018-03-14,15:00,sh601616,广电电气,3.69,3.7,3.61,3.63,36489,13302182.0,-0.05,-1.358695652173913
2018-03-15,15:00,sh601616,广电电气,3.62,3.63,3.57,3.6,24285,8746285.0,-0.03,-0.8264462809917356
2018-03-16,15:00,sh601616,广电电气,3.61,3.64,3.58,3.59,24724,8936719.0,-0.01,-0.2777777777777778
2018-03-19,15:00,sh601616,广电电气,3.63,3.63,3.57,3.62,21911,7901641.0,0.03,0.8356545961002786
2018-03-20,15:00,sh601616,广电电气,3.6,3.61,3.54,3.6,28821,10295613.0,-0.02,-0.5524861878453038
2018-03-21,15:00,sh601616,广电电气,3.61,3.65,3.58,3.59,36719,13296743.0,-0.01,-0.2777777777777778
2018-03-22,15:00,sh601616,广电电气,3.58,3.68,3.56,3.64,59105,21412068.0,0.05,1.392757660167131
2018-03-23,15:00,sh601616,广电电气,3.56,3.57,3.4,3.4,65957,22913508.0,-0.24,-6.593406593406594
2018-03-26,15:00,sh601616,广电电气,3.36,3.41,3.31,3.41,36288,12182893.0,0.01,0.2941176470588235
2018-03-27,15:00,sh601616,广电电气,3.44,3.52,3.43,3.49,45661,15884460.0,0.08,2.346041055718475
2018-03-28,15:00,sh601616,广电电气,3.45,3.52,3.37,3.46,34104,11835422.0,-0.03,-0.8595988538681949
2018-03-29,15:00,sh601616,广电电气,3.46,3.51,3.46,3.5,19527,6799294.0,0.04,1.1560693641618496
2018-03-30,15:00,sh601616,广电电气,3.51,3.55,3.5,3.53,46522,16387531.0,0.03,0.8571428571428572
2018-04-02,15:00,sh601616,广电电气,3.55,3.57,3.52,3.55,29674,10530112.0,0.02,0.56657223796034
2018-04-03,15:00,sh601616,广电电气,3.53,3.53,3.43,3.49,24782,8643366.0,-0.06,-1.6901408450704225
2018-04-04,15:00,sh601616,广电电气,3.49,3.52,3.46,3.46,31355,10941201.0,-0.03,-0.8595988538681949
2018-04-09,15:00,sh601616,广电电气,3.45,3.55,3.41,3.53,64402,22569432.0,0.07,2.023121387283237
2018-04-10,15:00,sh601616,广电电气,3.54,3.56,3.47,3.54,46559,16387201.0,0.01,0.28328611898017
2018-04-11,15:00,sh601616,广电电气,3.57,3.6,3.54,3.56,33472,11934194.0,0.02,0.5649717514124294
2018-04-12,15:00,sh601616,广电电气,3.55,3.61,3.53,3.55,29087,10372140.0,-0.01,-0.2808988764044944
2018-04-13,15:00,sh601616,广电电气,3.56,3.57,3.51,3.51,20382,7224535.0,-0.04,-1.1267605633802815
2018-04-16,15:00,sh601616,广电电气,3.5,3.53,3.44,3.48,41548,14449212.0,-0.03,-0.8547008547008548
2018-04-17,15:00,sh601616,广电电气,3.5,3.51,3.43,3.45,23134,8006918.0,-0.03,-0.8620689655172413
2018-04-18,15:00,sh601616,广电电气,3.45,3.48,3.37,3.42,39741,13553577.0,-0.03,-0.8695652173913043
2018-04-19,15:00,sh601616,广电电气,3.44,3.45,3.39,3.43,31578,10816441.0,0.01,0.2923976608187134
2018-04-20,15:00,sh601616,广电电气,3.43,3.43,3.33,3.39,23104,7817444.0,-0.04,-1.1661807580174928
2018-04-23,15:00,sh601616,广电电气,3.38,3.39,3.31,3.36,25671,8577181.0,-0.03,-0.8849557522123894
2018-04-24,15:00,sh601616,广电电气,3.35,3.42,3.34,3.42,34718,11751776.0,0.06,1.7857142857142856
2018-04-25,15:00,sh601616,广电电气,3.39,3.41,3.37,3.4,17177,5817704.0,-0.02,-0.5847953216374269
2018-04-26,15:00,sh601616,广电电气,3.38,3.4,3.32,3.33,26037,8714362.0,-0.07,-2.0588235294117645
2018-04-27,15:00,sh601616,广电电气,3.34,3.37,3.33,3.36,16399,5489549.0,0.03,0.9009009009009008
2018-05-02,15:00,sh601616,广电电气,3.38,3.38,3.34,3.37,16356,5489855.0,0.01,0.2976190476190476
2018-05-03,15:00,sh601616,广电电气,3.36,3.42,3.32,3.41,23471,7916580.0,0.04,1.1869436201780417
2018-05-04,15:00,sh601616,广电电气,3.41,3.42,3.39,3.4,17760,6037574.0,-0.01,-0.2932551319648094
2018-05-07,15:00,sh601616,广电电气,3.39,3.44,3.39,3.42,22596,7724813.0,0.02,0.5882352941176471
2018-05-08,15:00,sh601616,广电电气,3.43,3.46,3.4,3.46,35859,12297518.0,0.04,1.1695906432748535
2018-05-09,15:00,sh601616,广电电气,3.45,3.45,3.4,3.42,25330,8671348.0,-0.04,-1.1560693641618496
2018-05-10,15:00,sh601616,广电电气,3.43,3.44,3.4,3.43,25450,8699039.0,0.01,0.2923976608187134
2018-05-11,15:00,sh601616,广电电气,3.44,3.44,3.4,3.4,11675,3993331.0,-0.03,-0.8746355685131195
2018-05-14,15:00,sh601616,广电电气,3.4,3.42,3.36,3.37,18871,6396292.0,-0.03,-0.8823529411764706
2018-05-15,15:00,sh601616,广电电气,3.38,3.41,3.35,3.4,18723,6334923.0,0.03,0.8902077151335311
2018-05-16,15:00,sh601616,广电电气,3.38,3.4,3.36,3.38,17493,5908520.0,-0.02,-0.5882352941176471
2018-05-17,15:00,sh601616,广电电气,3.36,3.38,3.36,3.38,14502,4885759.0,0.0,0.0
2018-05-18,15:00,sh601616,广电电气,3.36,3.41,3.36,3.41,28008,9506808.0,0.03,0.8875739644970414
2018-05-21,15:00,sh601616,广电电气,3.43,3.45,3.41,3.45,35586,12214460.0,0.04,1.1730205278592376
2018-05-22,15:00,sh601616,广电电气,3.44,3.46,3.42,3.46,28512,9821529.0,0.01,0.2898550724637681
2018-05-23,15:00,sh601616,广电电气,3.45,3.46,3.41,3.42,23217,7974610.0,-0.04,-1.1560693641618496
2018-05-24,15:00,sh601616,广电电气,3.42,3.46,3.4,3.44,40755,14002519.0,0.02,0.5847953216374269
2018-05-25,15:00,sh601616,广电电气,3.44,3.45,3.38,3.39,32931,11259916.0,-0.05,-1.4534883720930232
2018-05-28,15:00,sh601616,广电电气,3.38,3.39,3.33,3.35,26603,8938285.0,-0.04,-1.1799410029498525
2018-05-29,15:00,sh601616,广电电气,3.33,3.36,3.3,3.32,35214,11694525.0,-0.03,-0.8955223880597015
2018-05-30,15:00,sh601616,广电电气,3.27,3.35,3.21,3.22,41134,13380488.0,-0.1,-3.0120481927710845
2018-05-31,15:00,sh601616,广电电气,3.23,3.25,3.18,3.23,43268,13870101.0,0.01,0.3105590062111801
2018-06-01,15:00,sh601616,广电电气,3.21,3.22,3.17,3.19,27376,8742781.0,-0.04,-1.238390092879257
2018-06-04,15:00,sh601616,广电电气,3.2,3.21,3.16,3.18,22452,7153921.0,-0.01,-0.3134796238244514
2018-06-05,15:00,sh601616,广电电气,3.18,3.27,3.17,3.23,40763,13164110.0,0.05,1.572327044025157
2018-06-06,15:00,sh601616,广电电气,3.21,3.23,3.17,3.19,33981,10855102.0,-0.04,-1.238390092879257
2018-06-07,15:00,sh601616,广电电气,3.19,3.22,3.17,3.18,31088,9924191.0,-0.01,-0.3134796238244514
2018-06-08,15:00,sh601616,广电电气,3.18,3.18,3.1,3.13,35864,11244470.0,-0.05,-1.572327044025157
2018-06-11,15:00,sh601616,广电电气,3.17,3.18,3.14,3.17,28555,9023606.0,0.04,1.2779552715654952
2018-06-12,15:00,sh601616,广电电气,3.17,3.18,3.14,3.18,11623,3676383.0,0.01,0.3154574132492113
2018-06-13,15:00,sh601616,广电电气,3.18,3.18,3.08,3.1,24775,7745672.0,-0.08,-2.515723270440252
2018-06-14,15:00,sh601616,广电电气,3.1,3.12,3.07,3.1,17079,5285442.0,0.0,0.0
2018-06-15,15:00,sh601616,广电电气,3.1,3.11,3.01,3.05,22790,6961819.0,-0.05,-1.6129032258064515
2018-06-19,15:00,sh601616,广电电气,3.01,3.03,2.75,2.86,53812,15550785.0,-0.19,-6.229508196721312
2018-06-20,15:00,sh601616,广电电气,2.84,2.92,2.82,2.88,29977,8594585.0,0.02,0.6993006993006993
2018-06-21,15:00,sh601616,广电电气,2.88,2.92,2.79,2.81,25617,7327429.0,-0.07,-2.430555555555556
2018-06-22,15:00,sh601616,广电电气,2.82,2.88,2.77,2.87,25260,7161725.0,0.06,2.135231316725979
2018-06-25,15:00,sh601616,广电电气,2.89,2.92,2.83,2.85,19585,5647260.0,-0.02,-0.6968641114982579
2018-06-26,15:00,sh601616,广电电气,2.82,2.96,2.8,2.92,36727,10698644.0,0.07,2.456140350877193
2018-06-27,15:00,sh601616,广电电气,2.93,2.97,2.9,2.96,26292,7703237.0,0.04,1.36986301369863
2018-06-28,15:00,sh601616,广电电气,2.95,2.98,2.92,2.95,18548,5472914.0,-0.01,-0.3378378378378378
2018-06-29,15:00,sh601616,广电电气,2.97,3.02,2.95,3.01,24970,7475692.0,0.06,2.0338983050847457
2018-07-02,15:00,sh601616,广电电气,2.99,3.01,2.95,2.99,18811,5616250.0,-0.02,-0.6644518272425249
2018-07-03,15:00,sh601616,广电电气,2.98,3.05,2.95,3.01,17765,5327045.0,0.02,0.6688963210702341
2018-07-04,15:00,sh601616,广电电气,3.0,3.0,2.95,2.96,18333,5457325.0,-0.05,-1.6611295681063123
2018-07-05,15:00,sh601616,广电电气,2.94,2.96,2.8,2.83,25369,7311435.0,-0.13,-4.391891891891892
2018-07-06,15:00,sh601616,广电电气,2.84,2.9,2.83,2.88,24235,6935936.0,0.05,1.76678445229682
2018-07-09,15:00,sh601616,广电电气,2.89,2.95,2.89,2.94,16410,4804634.0,0.06,2.083333333333333
2018-07-10,15:00,sh601616,广电电气,2.95,2.95,2.89,2.94,18927,5523865.0,0.0,0.0
2018-07-11,15:00,sh601616,广电电气,2.91,2.93,2.85,2.87,17146,4941845.0,-0.07,-2.380952380952381
2018-07-12,15:00,sh601616,广电电气,2.85,2.94,2.85,2.92,27181,7927586.0,0.05,1.7421602787456445
2018-07-13,15:00,sh601616,广电电气,2.93,2.98,2.9,2.95,19640,5790437.0,0.03,1.0273972602739725
2018-07-16,15:00,sh601616,广电电气,2.95,2.97,2.94,2.97,9746,2876513.0,0.02,0.6779661016949152
2018-07-17,15:00,sh601616,广电电气,2.98,3.15,2.9,3.08,83264,25512928.0,0.11,3.7037037037037033
2018-07-18,15:00,sh601616,广电电气,3.05,3.09,3.0,3.02,38557,11746272.0,-0.06,-1.948051948051948
2018-07-19,15:00,sh601616,广电电气,3.03,3.04,2.97,2.97,18189,5454616.0,-0.05,-1.6556291390728477
2018-07-20,15:00,sh601616,广电电气,2.95,3.02,2.95,3.01,15156,4533985.0,0.04,1.3468013468013469
2018-07-23,15:00,sh601616,广电电气,3.0,3.03,2.96,3.02,24987,7472916.0,0.01,0.3322259136212624
2018-07-24,15:00,sh601616,广电电气,3.02,3.11,3.0,3.08,41992,12896041.0,0.06,1.9867549668874172
2018-07-25,15:00,sh601616,广电电气,3.08,3.11,3.06,3.08,22826,7037778.0,0.0,0.0
2018-07-26,15:00,sh601616,广电电气,3.1,3.16,3.07,3.14,62258,19425596.0,0.06,1.948051948051948
2018-07-27,15:00,sh601616,广电电气,3.13,3.21,3.12,3.16,46220,14610771.0,0.02,0.6369426751592357
2018-07-30,15:00,sh601616,广电电气,3.13,3.17,3.01,3.1,41230,12794451.0,-0.06,-1.89873417721519
2018-07-31,15:00,sh601616,广电电气,3.09,3.14,3.08,3.14,19178,5989967.0,0.04,1.2903225806451613
2018-08-01,15:00,sh601616,广电电气,3.16,3.16,3.11,3.15,38106,11945568.0,0.01,0.3184713375796179
2018-08-02,15:00,sh601616,广电电气,3.15,3.15,2.98,3.04,60727,18531728.0,-0.11,-3.492063492063492
2018-08-03,15:00,sh601616,广电电气,3.05,3.06,3.02,3.02,17805,5414894.0,-0.02,-0.6578947368421052
2018-08-06,15:00,sh601616,广电电气,3.0,3.05,2.93,2.94,26890,8018181.0,-0.08,-2.6490066225165565
2018-08-07,15:00,sh601616,广电电气,2.97,3.04,2.92,3.02,31322,9349832.0,0.08,2.7210884353741496
2018-08-08,15:00,sh601616,广电电气,3.0,3.04,2.98,3.03,24447,7370133.0,0.01,0.3311258278145695
2018-08-09,15:00,sh601616,广电电气,3.02,3.08,3.01,3.07,38169,11670726.0,0.04,1.32013201320132
2018-08-10,15:00,sh601616,广电电气,3.05,3.11,3.05,3.09,26197,8053466.0,0.02,0.6514657980456027
2018-08-13,15:00,sh601616,广电电气,3.07,3.12,3.06,3.11,25646,7904393.0,0.02,0.6472491909385114
2018-08-14,15:00,sh601616,广电电气,3.11,3.12,3.05,3.07,26808,8250370.0,-0.04,-1.2861736334405145
2018-08-15,15:00,sh601616,广电电气,3.08,3.09,2.98,3.01,25027,7580847.0,-0.06,-1.954397394136808
2018-08-16,15:00,sh601616,广电电气,3.01,3.03,2.96,3.0,15727,4717126.0,-0.01,-0.3322259136212624
2018-08-17,15:00,sh601616,广电电气,3.0,3.03,2.95,2.96,20053,5991298.0,-0.04,-1.3333333333333337
2018-08-20,15:00,sh601616,广电电气,2.94,3.01,2.94,3.0,15107,4509722.0,0.04,1.351351351351351
2018-08-21,15:00,sh601616,广电电气,2.99,3.03,2.97,3.03,14570,4385466.0,0.03,1.0
2018-08-22,15:00,sh601616,广电电气,3.02,3.02,2.98,3.0,14502,4357565.0,-0.03,-0.99009900990099
2018-08-23,15:00,sh601616,广电电气,3.0,3.0,2.96,2.99,12741,3805934.0,-0.01,-0.3333333333333333
2018-08-24,15:00,sh601616,广电电气,3.0,3.01,2.97,3.0,8530,2554476.0,0.01,0.334448160535117
2018-08-27,15:00,sh601616,广电电气,3.01,3.03,2.99,3.03,15345,4629658.0,0.03,1.0
2018-08-28,15:00,sh601616,广电电气,3.03,3.06,3.01,3.04,14818,4508562.0,0.01,0.33003300330033
2018-08-29,15:00,sh601616,广电电气,3.04,3.06,3.02,3.04,16154,4900992.0,0.0,0.0
2018-08-30,15:00,sh601616,广电电气,3.05,3.11,3.02,3.06,53547,16454240.0,0.02,0.6578947368421052
2018-08-31,15:00,sh601616,广电电气,3.06,3.09,3.05,3.07,31736,9736085.0,0.01,0.326797385620915
2018-09-03,15:00,sh601616,广电电气,3.07,3.1,3.05,3.08,31769,9732398.0,0.01,0.3257328990228013
2018-09-04,15:00,sh601616,广电电气,3.09,3.15,3.07,3.11,44411,13830745.0,0.03,0.974025974025974
2018-09-05,15:00,sh601616,广电电气,3.12,3.19,3.1,3.14,49917,15725067.0,0.03,0.964630225080386
2018-09-06,15:00,sh601616,广电电气,3.13,3.19,3.12,3.16,40808,12908709.0,0.02,0.6369426751592357
2018-09-07,15:00,sh601616,广电电气,3.18,3.2,3.16,3.19,37999,12089614.0,0.03,0.949367088607595
2018-09-10,15:00,sh601616,广电电气,3.19,3.27,3.16,3.19,71573,22855748.0,0.0,0.0
2018-09-11,15:00,sh601616,广电电气,3.19,3.38,3.19,3.3,154039,50888552.0,0.11,3.4482758620689653
2018-09-12,15:00,sh601616,广电电气,3.28,3.31,3.23,3.27,68323,22232294.0,-0.03,-0.9090909090909092
2018-09-13,15:00,sh601616,广电电气,3.27,3.3,3.2,3.26,65093,21117388.0,-0.01,-0.3058103975535168
2018-09-14,15:00,sh601616,广电电气,3.27,3.29,3.2,3.22,42218,13717066.0,-0.04,-1.2269938650306749
2018-09-17,15:00,sh601616,广电电气,3.17,3.23,3.12,3.15,41163,13083066.0,-0.07,-2.1739130434782608
2018-09-18,15:00,sh601616,广电电气,3.18,3.19,3.11,3.18,46648,14711213.0,0.03,0.9523809523809524
2018-09-19,15:00,sh601616,广电电气,3.16,3.22,3.16,3.19,36634,11695211.0,0.01,0.3144654088050315
2018-09-20,15:00,sh601616,广电电气,3.19,3.2,3.13,3.14,31767,10030561.0,-0.05,-1.5673981191222568
2018-09-21,15:00,sh601616,广电电气,3.14,3.16,3.12,3.16,29233,9199313.0,0.02,0.6369426751592357
2018-09-25,15:00,sh601616,广电电气,3.16,3.17,3.13,3.14,22791,7177608.0,-0.02,-0.6329113924050633
2018-09-26,15:00,sh601616,广电电气,3.13,3.16,3.1,3.13,33501,10463256.0,-0.01,-0.3184713375796179
2018-09-27,15:00,sh601616,广电电气,3.12,3.14,3.09,3.1,21417,6669373.0,-0.03,-0.9584664536741214
2018-09-28,15:00,sh601616,广电电气,3.11,3.24,3.1,3.24,68562,21847856.0,0.14,4.516129032258064
2018-10-08,15:00,sh601616,广电电气,3.2,3.23,3.15,3.17,49203,15732812.0,-0.07,-2.1604938271604937
2018-10-09,15:00,sh601616,广电电气,3.19,3.23,3.15,3.18,32529,10355383.0,0.01,0.3154574132492113
2018-10-10,15:00,sh601616,广电电气,3.17,3.19,3.15,3.18,18457,5850742.0,0.0,0.0
2018-10-11,15:00,sh601616,广电电气,3.1,3.12,2.87,2.92,67209,20132120.0,-0.26,-8.176100628930817
2018-10-12,15:00,sh601616,广电电气,2.87,2.97,2.76,2.9,33705,9747124.0,-0.02,-0.684931506849315
2018-10-15,15:00,sh601616,广电电气,2.91,2.99,2.91,2.92,33397,9888244.0,0.02,0.6896551724137931
2018-10-16,15:00,sh601616,广电电气,2.93,2.95,2.77,2.86,37840,10709941.0,-0.06,-2.054794520547945
2018-10-17,15:00,sh601616,广电电气,2.87,2.92,2.81,2.87,26637,7602400.0,0.01,0.3496503496503496
2018-10-18,15:00,sh601616,广电电气,2.88,2.92,2.84,2.86,44699,12846961.0,-0.01,-0.3484320557491289
2018-10-19,15:00,sh601616,广电电气,2.86,2.91,2.8,2.9,44583,12736025.0,0.04,1.3986013986013983
2018-10-22,15:00,sh601616,广电电气,2.94,3.13,2.93,3.09,74739,22864226.0,0.19,6.551724137931035
2018-10-23,15:00,sh601616,广电电气,3.1,3.12,3.04,3.04,73968,22723368.0,-0.05,-1.6181229773462782
2018-10-24,15:00,sh601616,广电电气,3.05,3.06,2.97,2.98,68815,20725248.0,-0.06,-1.973684210526316
2018-10-25,15:00,sh601616,广电电气,2.88,2.98,2.88,2.97,73780,21709016.0,-0.01,-0.3355704697986577
2018-10-26,15:00,sh601616,广电电气,3.0,3.04,2.98,3.03,37691,11372640.0,0.06,2.0202020202020203
2018-10-29,15:00,sh601616,广电电气,3.03,3.05,2.97,3.0,25274,7596955.0,-0.03,-0.99009900990099
2018-10-30,15:00,sh601616,广电电气,3.0,3.05,2.96,3.03,33158,9985530.0,0.03,1.0
2018-10-31,15:00,sh601616,广电电气,3.01,3.16,3.01,3.1,53347,16555973.0,0.07,2.31023102310231
2018-11-01,15:00,sh601616,广电电气,3.1,3.15,3.09,3.1,53853,16790660.0,0.0,0.0
2018-11-02,15:00,sh601616,广电电气,3.12,3.16,3.11,3.15,63972,20040396.0,0.05,1.6129032258064515
2018-11-05,15:00,sh601616,广电电气,3.15,3.21,3.12,3.17,64578,20447672.0,0.02,0.6349206349206349
2018-11-06,15:00,sh601616,广电电气,3.18,3.18,3.1,3.17,35070,10997282.0,0.0,0.0
2018-11-07,15:00,sh601616,广电电气,3.17,3.18,3.13,3.13,42877,13542647.0,-0.04,-1.2618296529968454
2018-11-08,15:00,sh601616,广电电气,3.14,3.17,3.12,3.14,31250,9838414.0,0.01,0.3194888178913738
2018-11-09,15:00,sh601616,广电电气,3.14,3.17,3.13,3.17,42147,13308126.0,0.03,0.9554140127388536
2018-11-12,15:00,sh601616,广电电气,3.15,3.24,3.14,3.23,63492,20289928.0,0.06,1.892744479495268
2018-11-13,15:00,sh601616,广电电气,3.19,3.37,3.17,3.32,105105,34677640.0,0.09,2.786377708978328
2018-11-14,15:00,sh601616,广电电气,3.3,3.37,3.26,3.28,87359,29025040.0,-0.04,-1.2048192771084338
2018-11-15,15:00,sh601616,广电电气,3.28,3.36,3.28,3.36,65774,21901808.0,0.08,2.4390243902439024
2018-11-16,15:00,sh601616,广电电气,3.34,3.44,3.33,3.41,73411,24946822.0,0.05,1.488095238095238
2018-11-19,15:00,sh601616,广电电气,3.42,3.54,3.38,3.4,104837,36109480.0,-0.01,-0.2932551319648094
2018-11-20,15:00,sh601616,广电电气,3.38,3.45,3.33,3.33,74192,25143308.0,-0.07,-2.0588235294117645
2018-11-21,15:00,sh601616,广电电气,3.29,3.44,3.27,3.44,73473,24868624.0,0.11,3.303303303303303
2018-11-22,15:00,sh601616,广电电气,3.43,3.49,3.39,3.41,63438,21790176.0,-0.03,-0.872093023255814
2018-11-23,15:00,sh601616,广电电气,3.43,3.43,3.26,3.29,63748,21189098.0,-0.12,-3.519061583577713
2018-11-26,15:00,sh601616,广电电气,3.28,3.33,3.21,3.22,45357,14764829.0,-0.07,-2.127659574468085
2018-11-27,15:00,sh601616,广电电气,3.25,3.27,3.21,3.25,33300,10808204.0,0.03,0.9316770186335404
2018-11-28,15:00,sh601616,广电电气,3.24,3.29,3.18,3.29,44761,14542091.0,0.04,1.2307692307692308
2018-11-29,15:00,sh601616,广电电气,3.29,3.32,3.22,3.23,36059,11841989.0,-0.06,-1.82370820668693
2018-11-30,15:00,sh601616,广电电气,3.24,3.28,3.21,3.28,27073,8774536.0,0.05,1.547987616099071
2018-12-03,15:00,sh601616,广电电气,3.32,3.47,3.32,3.42,87997,30014954.0,0.14,4.2682926829268295
2018-12-04,15:00,sh601616,广电电气,3.39,3.52,3.38,3.49,77862,26946084.0,0.07,2.046783625730994
2018-12-05,15:00,sh601616,广电电气,3.39,3.49,3.37,3.43,54313,18692710.0,-0.06,-1.7191977077363898
2018-12-06,15:00,sh601616,广电电气,3.42,3.47,3.38,3.42,42074,14412224.0,-0.01,-0.2915451895043732
2018-12-07,15:00,sh601616,广电电气,3.44,3.45,3.38,3.39,32082,10902518.0,-0.03,-0.8771929824561403
2018-12-10,15:00,sh601616,广电电气,3.35,3.38,3.28,3.32,59065,19647632.0,-0.07,-2.0648967551622417
2018-12-11,15:00,sh601616,广电电气,3.34,3.53,3.33,3.47,96849,33324570.0,0.15,4.518072289156627
2018-12-12,15:00,sh601616,广电电气,3.49,3.49,3.37,3.4,55146,18819890.0,-0.07,-2.0172910662824206
2018-12-13,15:00,sh601616,广电电气,3.41,3.45,3.35,3.4,50028,17040374.0,0.0,0.0
2018-12-14,15:00,sh601616,广电电气,3.38,3.41,3.34,3.35,43887,14752214.0,-0.05,-1.4705882352941175
2018-12-17,15:00,sh601616,广电电气,3.33,3.33,3.27,3.31,32146,10604271.0,-0.04,-1.1940298507462688
2018-12-18,15:00,sh601616,广电电气,3.27,3.29,3.23,3.27,34812,11353437.0,-0.04,-1.2084592145015105
2018-12-19,15:00,sh601616,广电电气,3.29,3.29,3.21,3.22,31421,10173709.0,-0.05,-1.529051987767584
2018-12-20,15:00,sh601616,广电电气,3.22,3.24,3.2,3.22,20922,6747046.0,0.0,0.0
2018-12-21,15:00,sh601616,广电电气,3.22,3.23,3.2,3.23,22464,7221759.0,0.01,0.3105590062111801
2018-12-24,15:00,sh601616,广电电气,3.22,3.25,3.19,3.25,23726,7663279.0,0.02,0.6191950464396285
2018-12-25,15:00,sh601616,广电电气,3.21,3.21,3.11,3.15,34854,10983007.0,-0.1,-3.076923076923077
2018-12-26,15:00,sh601616,广电电气,3.14,3.26,3.14,3.21,41477,13329069.0,0.06,1.9047619047619049
2018-12-27,15:00,sh601616,广电电气,3.21,3.26,3.15,3.17,32247,10354067.0,-0.04,-1.2461059190031152
2018-12-28,15:00,sh601616,广电电气,3.17,3.19,3.14,3.17,19151,6055496.0,0.0,0.0
2019-01-02,15:00,sh601616,广电电气,3.18,3.19,3.14,3.16,25374,8030316.0,-0.01,-0.3154574132492113
2019-01-03,15:00,sh601616,广电电气,3.16,3.23,3.16,3.17,22755,7266896.0,0.01,0.3164556962025316
2019-01-04,15:00,sh601616,广电电气,3.16,3.49,3.14,3.38,157611,52838048.0,0.21,6.624605678233439
2019-01-07,15:00,sh601616,广电电气,3.4,3.72,3.35,3.72,302622,110160160.0,0.34,10.059171597633137
2019-01-08,15:00,sh601616,广电电气,3.89,4.09,3.89,4.09,594000,239392432.0,0.37,9.946236559139784
2019-01-09,15:00,sh601616,广电电气,4.28,4.5,4.2,4.5,538849,236094528.0,0.41,10.024449877750612
2019-01-10,15:00,sh601616,广电电气,4.73,4.95,4.36,4.66,1252931,594830144.0,0.16,3.555555555555556
2019-01-11,15:00,sh601616,广电电气,4.35,4.45,4.19,4.19,808303,342805760.0,-0.47,-10.085836909871244
2019-01-14,15:00,sh601616,广电电气,4.14,4.17,3.96,4.04,565189,228401648.0,-0.15,-3.579952267303103
2019-01-15,15:00,sh601616,广电电气,4.01,4.11,3.96,4.06,429877,173279760.0,0.02,0.495049504950495
2019-01-16,15:00,sh601616,广电电气,4.16,4.27,4.01,4.03,487018,200897088.0,-0.03,-0.7389162561576355
2019-01-17,15:00,sh601616,广电电气,3.92,3.94,3.8,3.84,402609,155505328.0,-0.19,-4.714640198511166
2019-01-18,15:00,sh601616,广电电气,3.88,3.91,3.77,3.81,283618,108684952.0,-0.03,-0.78125
2019-01-21,15:00,sh601616,广电电气,3.82,3.87,3.75,3.82,199367,76305336.0,0.01,0.2624671916010498
2019-01-22,15:00,sh601616,广电电气,3.84,3.88,3.78,3.84,183731,70176488.0,0.02,0.5235602094240838
2019-01-23,15:00,sh601616,广电电气,3.82,3.92,3.8,3.91,229591,88576936.0,0.07,1.8229166666666667
2019-01-24,15:00,sh601616,广电电气,3.92,3.92,3.78,3.8,214037,81912976.0,-0.11,-2.813299232736573
2019-01-25,15:00,sh601616,广电电气,3.79,3.79,3.62,3.7,317956,117405264.0,-0.1,-2.631578947368421
2019-01-28,15:00,sh601616,广电电气,3.71,3.78,3.65,3.76,210694,78564016.0,0.06,1.6216216216216215
2019-01-29,15:00,sh601616,广电电气,3.76,3.76,3.53,3.65,183427,66787232.0,-0.11,-2.925531914893617
2019-01-30,15:00,sh601616,广电电气,3.66,3.68,3.52,3.52,155043,55756312.0,-0.13,-3.5616438356164384
2019-01-31,15:00,sh601616,广电电气,3.52,3.64,3.46,3.56,187097,66535500.0,0.04,1.1363636363636365
2019-02-01,15:00,sh601616,广电电气,3.57,3.67,3.53,3.66,154271,55944820.0,0.1,2.808988764044944
2019-02-11,15:00,sh601616,广电电气,3.68,3.74,3.61,3.74,173657,64298972.0,0.08,2.185792349726776
2019-02-12,15:00,sh601616,广电电气,3.73,3.76,3.68,3.76,195287,72623648.0,0.02,0.53475935828877
2019-02-13,15:00,sh601616,广电电气,3.75,3.8,3.71,3.78,199133,74856432.0,0.02,0.5319148936170213
2019-02-14,15:00,sh601616,广电电气,3.76,4.05,3.72,3.99,408196,159291904.0,0.21,5.555555555555555
2019-02-15,15:00,sh601616,广电电气,3.94,4.08,3.9,3.95,363993,144428992.0,-0.04,-1.0025062656641603
2019-02-18,15:00,sh601616,广电电气,3.95,4.04,3.93,4.04,319262,127497856.0,0.09,2.278481012658228
2019-02-19,15:00,sh601616,广电电气,4.02,4.03,3.9,3.99,278850,110916672.0,-0.05,-1.2376237623762376
2019-02-20,15:00,sh601616,广电电气,3.99,3.99,3.91,3.97,171457,67612432.0,-0.02,-0.5012531328320802
2019-02-21,15:00,sh601616,广电电气,3.95,4.26,3.92,4.04,431362,176782736.0,0.07,1.7632241813602016
2019-02-22,15:00,sh601616,广电电气,3.96,4.12,3.95,4.08,315350,127324272.0,0.04,0.99009900990099
2019-02-25,15:00,sh601616,广电电气,4.1,4.36,4.08,4.33,451989,189885360.0,0.25,6.127450980392156
2019-02-26,15:00,sh601616,广电电气,4.3,4.34,4.16,4.2,409365,173891104.0,-0.13,-3.0023094688221708
2019-02-27,15:00,sh601616,广电电气,4.18,4.25,4.09,4.15,283373,118627744.0,-0.05,-1.1904761904761905
2019-02-28,15:00,sh601616,广电电气,4.15,4.19,4.11,4.17,159891,66419024.0,0.02,0.4819277108433735
2019-03-01,15:00,sh601616,广电电气,4.17,4.19,4.07,4.12,165619,68226872.0,-0.05,-1.1990407673860912
2019-03-04,15:00,sh601616,广电电气,4.14,4.24,4.1,4.16,288824,120368240.0,0.04,0.9708737864077668
2019-03-05,15:00,sh601616,广电电气,4.13,4.25,4.11,4.25,259362,108672696.0,0.09,2.1634615384615383
2019-03-06,15:00,sh601616,广电电气,4.27,4.68,4.25,4.68,559461,257141312.0,0.43,10.117647058823527
2019-03-07,15:00,sh601616,广电电气,4.95,5.15,4.85,5.15,1509450,762650752.0,0.47,10.042735042735044
2019-03-08,15:00,sh601616,广电电气,4.9,4.97,4.64,4.64,849741,406310944.0,-0.51,-9.902912621359224
2019-03-11,15:00,sh601616,广电电气,4.55,5.1,4.54,5.1,738515,362463616.0,0.46,9.913793103448276
2019-03-12,15:00,sh601616,广电电气,5.18,5.38,4.96,5.05,1159717,593842304.0,-0.05,-0.9803921568627452
2019-03-13,15:00,sh601616,广电电气,4.91,4.94,4.71,4.8,626963,301904032.0,-0.25,-4.950495049504951
2019-03-14,15:00,sh601616,广电电气,4.73,4.78,4.38,4.47,404472,183995680.0,-0.33,-6.875000000000001
2019-03-15,15:00,sh601616,广电电气,4.54,4.6,4.45,4.53,284452,129141664.0,0.06,1.342281879194631
2019-03-18,15:00,sh601616,广电电气,4.53,4.61,4.44,4.61,242780,110482648.0,0.08,1.7660044150110374
2019-03-19,15:00,sh601616,广电电气,4.62,4.71,4.54,4.59,252725,116364856.0,-0.02,-0.4338394793926247
2019-03-20,15:00,sh601616,广电电气,4.59,4.61,4.4,4.53,214705,96691152.0,-0.06,-1.30718954248366
2019-03-21,15:00,sh601616,广电电气,4.54,4.6,4.5,4.57,259973,118790536.0,0.04,0.8830022075055187
2019-03-22,15:00,sh601616,广电电气,4.57,4.89,4.52,4.88,575035,271573728.0,0.31,6.783369803063458
2019-03-25,15:00,sh601616,广电电气,4.72,5.03,4.68,4.73,409023,197305744.0,-0.15,-3.0737704918032787
2019-03-26,15:00,sh601616,广电电气,4.73,4.77,4.45,4.49,289013,132225616.0,-0.24,-5.07399577167019
2019-03-27,15:00,sh601616,广电电气,4.49,4.55,4.37,4.48,163944,73196664.0,-0.01,-0.2227171492204899
2019-03-28,15:00,sh601616,广电电气,4.46,4.52,4.4,4.41,134494,59878432.0,-0.07,-1.5625
2019-03-29,15:00,sh601616,广电电气,4.42,4.56,4.35,4.55,202938,90560888.0,0.14,3.1746031746031744
2019-04-01,15:00,sh601616,广电电气,4.56,4.72,4.55,4.67,274091,127694184.0,0.12,2.6373626373626373
2019-04-02,15:00,sh601616,广电电气,4.68,4.78,4.64,4.71,279194,131381776.0,0.04,0.8565310492505354
2019-04-03,15:00,sh601616,广电电气,4.65,4.71,4.63,4.7,197934,92427288.0,-0.01,-0.2123142250530785
2019-04-04,15:00,sh601616,广电电气,4.71,4.85,4.63,4.85,398930,189596784.0,0.15,3.191489361702128
2019-04-08,15:00,sh601616,广电电气,4.85,4.99,4.67,4.75,342141,164913984.0,-0.1,-2.061855670103093
2019-04-09,15:00,sh601616,广电电气,4.73,4.75,4.67,4.73,154821,72842960.0,-0.02,-0.4210526315789473
2019-04-10,15:00,sh601616,广电电气,4.69,4.73,4.61,4.69,187113,87263344.0,-0.04,-0.8456659619450317
2019-04-11,15:00,sh601616,广电电气,4.69,4.71,4.6,4.63,143405,66681944.0,-0.06,-1.279317697228145
2019-04-12,15:00,sh601616,广电电气,4.63,4.67,4.55,4.58,113515,52195668.0,-0.05,-1.079913606911447
2019-04-15,15:00,sh601616,广电电气,4.62,4.67,4.55,4.55,117643,54375692.0,-0.03,-0.6550218340611353
2019-04-16,15:00,sh601616,广电电气,4.53,4.61,4.45,4.61,147540,66813200.0,0.06,1.3186813186813189
2019-04-17,15:00,sh601616,广电电气,4.62,4.65,4.59,4.64,136725,63207000.0,0.03,0.6507592190889371
2019-04-18,15:00,sh601616,广电电气,4.63,4.64,4.55,4.57,115483,52987904.0,-0.07,-1.5086206896551724
2019-04-19,15:00,sh601616,广电电气,4.57,4.68,4.53,4.68,184671,85467504.0,0.11,2.4070021881838075
2019-04-22,15:00,sh601616,广电电气,4.7,4.72,4.56,4.58,164653,76431632.0,-0.1,-2.1367521367521367
2019-04-23,15:00,sh601616,广电电气,4.55,4.6,4.44,4.5,150691,67890752.0,-0.08,-1.7467248908296942
2019-04-24,15:00,sh601616,广电电气,4.5,4.54,4.45,4.53,93408,42041488.0,0.03,0.6666666666666667
2019-04-25,15:00,sh601616,广电电气,4.51,4.52,4.36,4.37,164190,72699976.0,-0.16,-3.532008830022075
2019-04-26,15:00,sh601616,广电电气,4.32,4.35,3.95,4.04,323259,133040608.0,-0.33,-7.551487414187644
2019-04-29,15:00,sh601616,广电电气,4.05,4.1,3.93,4.04,152352,61498272.0,0.0,0.0
2019-04-30,15:00,sh601616,广电电气,4.04,4.11,4.0,4.02,92517,37485380.0,-0.02,-0.495049504950495
2019-05-06,15:00,sh601616,广电电气,3.93,3.93,3.62,3.64,167561,62643280.0,-0.38,-9.45273631840796
2019-05-07,15:00,sh601616,广电电气,3.65,3.74,3.64,3.7,94337,34802216.0,0.06,1.6483516483516485
2019-05-08,15:00,sh601616,广电电气,3.6,3.72,3.55,3.63,80843,29494836.0,-0.07,-1.891891891891892
2019-05-09,15:00,sh601616,广电电气,3.62,3.69,3.57,3.66,57558,21022916.0,0.03,0.8264462809917356
2019-05-10,15:00,sh601616,广电电气,3.7,3.82,3.64,3.8,132599,49793580.0,0.14,3.825136612021858
2019-05-13,15:00,sh601616,广电电气,3.77,3.77,3.68,3.73,88356,32877800.0,-0.07,-1.8421052631578945
2019-05-14,15:00,sh601616,广电电气,3.66,3.73,3.65,3.68,69818,25776320.0,-0.05,-1.3404825737265416
2019-05-15,15:00,sh601616,广电电气,3.7,3.77,3.69,3.76,85757,32062154.0,0.08,2.1739130434782608
2019-05-16,15:00,sh601616,广电电气,3.77,3.82,3.74,3.8,99473,37770992.0,0.04,1.0638297872340423
2019-05-17,15:00,sh601616,广电电气,3.81,3.82,3.62,3.65,84291,31508424.0,-0.15,-3.947368421052632
2019-05-20,15:00,sh601616,广电电气,3.73,3.73,3.63,3.71,59846,22047336.0,0.06,1.643835616438356
2019-05-21,15:00,sh601616,广电电气,3.68,3.79,3.67,3.79,68961,25955218.0,0.08,2.15633423180593
2019-05-22,15:00,sh601616,广电电气,3.78,3.78,3.68,3.72,57796,21594742.0,-0.07,-1.8469656992084436
2019-05-23,15:00,sh601616,广电电气,3.68,3.75,3.65,3.68,61477,22772628.0,-0.04,-1.0752688172043012
2019-05-24,15:00,sh601616,广电电气,3.66,3.71,3.51,3.61,112560,40487760.0,-0.07,-1.9021739130434785
2019-05-27,15:00,sh601616,广电电气,3.58,3.72,3.56,3.7,78230,28509310.0,0.09,2.4930747922437675
2019-05-28,15:00,sh601616,广电电气,3.71,3.74,3.67,3.68,84620,31433724.0,-0.02,-0.5405405405405406
2019-05-29,15:00,sh601616,广电电气,3.7,3.73,3.65,3.69,52342,19397704.0,0.01,0.2717391304347826
2019-05-30,15:00,sh601616,广电电气,3.66,3.7,3.58,3.67,61406,22340440.0,-0.02,-0.5420054200542005
2019-05-31,15:00,sh601616,广电电气,3.67,3.71,3.65,3.67,49938,18374976.0,0.0,0.0
2019-06-03,15:00,sh601616,广电电气,3.69,3.7,3.59,3.6,56992,20678104.0,-0.07,-1.9073569482288828
2019-06-04,15:00,sh601616,广电电气,3.6,3.6,3.43,3.43,79463,27881536.0,-0.17,-4.722222222222222
2019-06-05,15:00,sh601616,广电电气,3.48,3.59,3.46,3.56,96261,34093316.0,0.13,3.7900874635568513
2019-06-06,15:00,sh601616,广电电气,3.56,3.56,3.46,3.47,53292,18645086.0,-0.09,-2.528089887640449
2019-06-10,15:00,sh601616,广电电气,3.46,3.58,3.46,3.52,52941,18650884.0,0.05,1.440922190201729
2019-06-11,15:00,sh601616,广电电气,3.52,3.64,3.5,3.63,78585,28148788.0,0.11,3.125
2019-06-12,15:00,sh601616,广电电气,3.62,3.67,3.56,3.61,68989,25025462.0,-0.02,-0.5509641873278237
2019-06-13,15:00,sh601616,广电电气,3.6,3.69,3.58,3.68,73805,26999976.0,0.07,1.9390581717451525
2019-06-14,15:00,sh601616,广电电气,3.68,3.7,3.57,3.58,64623,23392050.0,-0.1,-2.717391304347826
2019-06-17,15:00,sh601616,广电电气,3.58,3.62,3.54,3.55,39274,14017359.0,-0.03,-0.8379888268156425
2019-06-18,15:00,sh601616,广电电气,3.55,3.63,3.55,3.6,46445,16702418.0,0.05,1.4084507042253522
2019-06-19,15:00,sh601616,广电电气,3.65,3.68,3.62,3.66,73149,26652872.0,0.06,1.6666666666666667
2019-06-20,15:00,sh601616,广电电气,3.62,3.68,3.57,3.66,98972,35939032.0,0.0,0.0
2019-06-21,15:00,sh601616,广电电气,3.69,3.82,3.67,3.72,144317,53886764.0,0.06,1.639344262295082
2019-06-24,15:00,sh601616,广电电气,3.72,3.75,3.68,3.7,65687,24313046.0,-0.02,-0.5376344086021506
2019-06-25,15:00,sh601616,广电电气,3.7,3.71,3.6,3.65,59956,21855844.0,-0.05,-1.351351351351351
2019-06-26,15:00,sh601616,广电电气,3.64,3.68,3.61,3.65,37886,13838354.0,0.0,0.0
2019-06-27,15:00,sh601616,广电电气,3.65,3.69,3.62,3.64,45369,16579599.0,-0.01,-0.273972602739726
2019-06-28,15:00,sh601616,广电电气,3.64,3.65,3.5,3.56,87399,31054784.0,-0.08,-2.197802197802198
2019-07-01,15:00,sh601616,广电电气,3.62,3.67,3.58,3.67,102463,37279736.0,0.11,3.089887640449438
2019-07-02,15:00,sh601616,广电电气,3.68,3.69,3.64,3.68,64291,23549776.0,0.01,0.2724795640326975
2019-07-03,15:00,sh601616,广电电气,3.66,3.67,3.59,3.6,57603,20802752.0,-0.08,-2.1739130434782608
2019-07-04,15:00,sh601616,广电电气,3.59,3.65,3.59,3.63,41850,15142713.0,0.03,0.8333333333333334
2019-07-05,15:00,sh601616,广电电气,3.62,3.64,3.58,3.63,35148,12698626.0,0.0,0.0
2019-07-08,15:00,sh601616,广电电气,3.64,3.64,3.49,3.53,65182,23065504.0,-0.1,-2.7548209366391188
2019-07-09,15:00,sh601616,广电电气,3.53,3.53,3.49,3.52,42231,14808034.0,-0.01,-0.28328611898017
2019-07-10,15:00,sh601616,广电电气,3.52,3.56,3.46,3.48,35738,12478352.0,-0.04,-1.1363636363636365
2019-07-11,15:00,sh601616,广电电气,3.48,3.52,3.44,3.47,39815,13841345.0,-0.01,-0.2873563218390804
2019-07-12,15:00,sh601616,广电电气,3.45,3.45,3.4,3.42,29424,10065071.0,-0.05,-1.440922190201729
2019-07-15,15:00,sh601616,广电电气,3.35,3.48,3.35,3.46,52872,18051440.0,0.04,1.1695906432748535
2019-07-16,15:00,sh601616,广电电气,3.46,3.49,3.44,3.47,44361,15361742.0,0.01,0.2890173410404624
2019-07-17,15:00,sh601616,广电电气,3.47,3.51,3.45,3.49,51723,17999612.0,0.02,0.5763688760806917
2019-07-18,15:00,sh601616,广电电气,3.49,3.49,3.41,3.41,49010,16822304.0,-0.08,-2.292263610315186
2019-07-19,15:00,sh601616,广电电气,3.41,3.46,3.41,3.43,34360,11807890.0,0.02,0.5865102639296188
2019-07-22,15:00,sh601616,广电电气,3.52,3.62,3.37,3.43,111252,38823368.0,0.0,0.0
2019-07-23,15:00,sh601616,广电电气,3.43,3.46,3.37,3.43,58722,20026880.0,0.0,0.0
2019-07-24,15:00,sh601616,广电电气,3.42,3.47,3.42,3.44,59560,20523192.0,0.01,0.2915451895043732
2019-07-25,15:00,sh601616,广电电气,3.45,3.46,3.41,3.41,35460,12139253.0,-0.03,-0.872093023255814
2019-07-26,15:00,sh601616,广电电气,3.39,3.41,3.36,3.39,50884,17218436.0,-0.02,-0.5865102639296188
2019-07-29,15:00,sh601616,广电电气,3.39,3.4,3.3,3.34,68499,22911090.0,-0.05,-1.4749262536873156
2019-07-30,15:00,sh601616,广电电气,3.34,3.36,3.32,3.35,73576,24586972.0,0.01,0.2994011976047904
2019-07-31,15:00,sh601616,广电电气,3.35,3.36,3.3,3.32,40489,13436573.0,-0.03,-0.8955223880597015
2019-08-01,15:00,sh601616,广电电气,3.32,3.32,3.26,3.28,52793,17322574.0,-0.04,-1.2048192771084338
2019-08-02,15:00,sh601616,广电电气,3.23,3.23,3.15,3.18,66803,21257844.0,-0.1,-3.048780487804878
2019-08-05,15:00,sh601616,广电电气,3.17,3.18,3.12,3.12,38465,12094562.0,-0.06,-1.8867924528301887
2019-08-06,15:00,sh601616,广电电气,3.08,3.08,2.97,3.05,73772,22358236.0,-0.07,-2.243589743589744
2019-08-07,15:00,sh601616,广电电气,3.08,3.09,3.02,3.05,35655,10861076.0,0.0,0.0
2019-08-08,15:00,sh601616,广电电气,3.05,3.07,3.04,3.06,38232,11688601.0,0.01,0.3278688524590163
2019-08-09,15:00,sh601616,广电电气,3.07,3.09,3.03,3.06,32095,9810602.0,0.0,0.0
2019-08-12,15:00,sh601616,广电电气,3.06,3.09,3.03,3.08,32200,9847409.0,0.02,0.6535947712418301
2019-08-13,15:00,sh601616,广电电气,3.05,3.06,3.03,3.05,20798,6319751.0,-0.03,-0.974025974025974
2019-08-14,15:00,sh601616,广电电气,3.07,3.08,3.04,3.06,34276,10490635.0,0.01,0.3278688524590163
2019-08-15,15:00,sh601616,广电电气,2.99,3.08,2.93,3.08,63929,19356084.0,0.02,0.6535947712418301
2019-08-16,15:00,sh601616,广电电气,3.08,3.12,3.06,3.1,64423,19943856.0,0.02,0.6493506493506493
2019-08-19,15:00,sh601616,广电电气,3.11,3.2,3.09,3.17,115377,36356520.0,0.07,2.258064516129032
2019-08-20,15:00,sh601616,广电电气,3.15,3.23,3.14,3.14,83841,26603484.0,-0.03,-0.946372239747634
2019-08-21,15:00,sh601616,广电电气,3.13,3.16,3.13,3.15,52146,16413480.0,0.01,0.3184713375796179
2019-08-22,15:00,sh601616,广电电气,3.18,3.21,3.13,3.2,61224,19406380.0,0.05,1.5873015873015872
2019-08-23,15:00,sh601616,广电电气,3.2,3.22,3.16,3.19,36472,11595995.0,-0.01,-0.3125
2019-08-26,15:00,sh601616,广电电气,3.11,3.15,3.08,3.15,38794,12125432.0,-0.04,-1.2539184952978055
2019-08-27,15:00,sh601616,广电电气,3.17,3.21,3.15,3.21,76001,24263234.0,0.06,1.9047619047619049
2019-08-28,15:00,sh601616,广电电气,3.22,3.25,3.18,3.24,69034,22252496.0,0.03,0.9345794392523364
2019-08-29,15:00,sh601616,广电电气,3.25,3.26,3.21,3.22,51283,16588094.0,-0.02,-0.6172839506172839
2019-08-30,15:00,sh601616,广电电气,3.24,3.25,3.1,3.14,53935,17164924.0,-0.08,-2.484472049689441
2019-09-02,15:00,sh601616,广电电气,3.14,3.23,3.14,3.22,52115,16669483.0,0.08,2.547770700636943
2019-09-03,15:00,sh601616,广电电气,3.22,3.27,3.21,3.23,76482,24754812.0,0.01,0.3105590062111801
2019-09-04,15:00,sh601616,广电电气,3.24,3.3,3.22,3.27,114555,37346980.0,0.04,1.238390092879257
2019-09-05,15:00,sh601616,广电电气,3.28,3.32,3.24,3.27,127224,41764836.0,0.0,0.0
2019-09-06,15:00,sh601616,广电电气,3.27,3.28,3.2,3.26,88962,28857690.0,-0.01,-0.3058103975535168
2019-09-09,15:00,sh601616,广电电气,3.28,3.4,3.27,3.38,167451,55766856.0,0.12,3.6809815950920246
2019-09-10,15:00,sh601616,广电电气,3.72,3.72,3.44,3.46,451331,162372432.0,0.08,2.366863905325444
2019-09-11,15:00,sh601616,广电电气,3.45,3.54,3.38,3.47,235973,81630008.0,0.01,0.2890173410404624
2019-09-12,15:00,sh601616,广电电气,3.46,3.5,3.42,3.45,128378,44342212.0,-0.02,-0.5763688760806917
2019-09-16,15:00,sh601616,广电电气,3.52,3.52,3.43,3.47,121120,41966256.0,0.02,0.5797101449275363
2019-09-17,15:00,sh601616,广电电气,3.46,3.46,3.3,3.32,126083,42372452.0,-0.15,-4.322766570605188
2019-09-18,15:00,sh601616,广电电气,3.31,3.35,3.3,3.33,58080,19335612.0,0.01,0.3012048192771084
2019-09-19,15:00,sh601616,广电电气,3.34,3.36,3.3,3.36,68384,22818424.0,0.03,0.9009009009009008
2019-09-20,15:00,sh601616,广电电气,3.36,3.37,3.31,3.34,50947,16999964.0,-0.02,-0.5952380952380952
2019-09-23,15:00,sh601616,广电电气,3.32,3.35,3.26,3.35,76771,25336942.0,0.01,0.2994011976047904
2019-09-24,15:00,sh601616,广电电气,3.36,3.42,3.34,3.39,114475,38682604.0,0.04,1.1940298507462688
2019-09-25,15:00,sh601616,广电电气,3.36,3.37,3.27,3.3,62653,20733548.0,-0.09,-2.6548672566371683
2019-09-26,15:00,sh601616,广电电气,3.31,3.32,3.18,3.19,59792,19291612.0,-0.11,-3.333333333333333
2019-09-27,15:00,sh601616,广电电气,3.19,3.25,3.18,3.23,28491,9169969.0,0.04,1.2539184952978055
2019-09-30,15:00,sh601616,广电电气,3.23,3.23,3.18,3.19,32051,10241333.0,-0.04,-1.238390092879257
2019-10-08,15:00,sh601616,广电电气,3.18,3.21,3.17,3.18,26711,8524546.0,-0.01,-0.3134796238244514
2019-10-09,15:00,sh601616,广电电气,3.18,3.22,3.17,3.22,25065,7998462.0,0.04,1.257861635220126
2019-10-10,15:00,sh601616,广电电气,3.23,3.25,3.21,3.25,33648,10861215.0,0.03,0.9316770186335404
2019-10-11,15:00,sh601616,广电电气,3.25,3.27,3.2,3.27,42087,13651278.0,0.02,0.6153846153846154
2019-10-14,15:00,sh601616,广电电气,3.28,3.32,3.26,3.29,51519,16974048.0,0.02,0.6116207951070336
2019-10-15,15:00,sh601616,广电电气,3.29,3.3,3.22,3.26,36353,11797316.0,-0.03,-0.911854103343465
2019-10-16,15:00,sh601616,广电电气,3.27,3.28,3.21,3.23,27155,8803732.0,-0.03,-0.9202453987730062
2019-10-17,15:00,sh601616,广电电气,3.23,3.23,3.18,3.19,26210,8394673.0,-0.04,-1.238390092879257
2019-10-18,15:00,sh601616,广电电气,3.18,3.2,3.12,3.14,38492,12145340.0,-0.05,-1.5673981191222568
2019-10-21,15:00,sh601616,广电电气,3.15,3.19,3.1,3.18,46146,14499979.0,0.04,1.2738853503184715
2019-10-22,15:00,sh601616,广电电气,3.18,3.19,3.16,3.18,34264,10861025.0,0.0,0.0
2019-10-23,15:00,sh601616,广电电气,3.18,3.2,3.16,3.18,29849,9504049.0,0.0,0.0
2019-10-24,15:00,sh601616,广电电气,3.18,3.19,3.15,3.17,29434,9314632.0,-0.01,-0.3144654088050315
2019-10-25,15:00,sh601616,广电电气,3.17,3.18,3.13,3.18,23178,7313426.0,0.01,0.3154574132492113
2019-10-28,15:00,sh601616,广电电气,3.18,3.22,3.16,3.22,35750,11447953.0,0.04,1.257861635220126
2019-10-29,15:00,sh601616,广电电气,3.23,3.24,3.16,3.16,52379,16775513.0,-0.06,-1.8633540372670807
2019-10-30,15:00,sh601616,广电电气,3.15,3.16,3.1,3.11,43682,13626442.0,-0.05,-1.5822784810126582
2019-10-31,15:00,sh601616,广电电气,3.12,3.14,3.06,3.07,34017,10528769.0,-0.04,-1.2861736334405145
2019-11-01,15:00,sh601616,广电电气,3.2,3.35,3.1,3.13,275411,88524096.0,0.06,1.954397394136808
2019-11-04,15:00,sh601616,广电电气,3.08,3.12,3.06,3.09,129620,40065580.0,-0.04,-1.2779552715654952
2019-11-05,15:00,sh601616,广电电气,3.08,3.08,3.02,3.05,69653,21238700.0,-0.04,-1.2944983818770228
2019-11-06,15:00,sh601616,广电电气,3.03,3.05,3.02,3.02,36916,11185026.0,-0.03,-0.9836065573770492
2019-11-07,15:00,sh601616,广电电气,3.03,3.05,3.02,3.04,31753,9629679.0,0.02,0.6622516556291391
2019-11-08,15:00,sh601616,广电电气,3.06,3.06,3.02,3.03,31376,9520980.0,-0.01,-0.3289473684210526
2019-11-11,15:00,sh601616,广电电气,3.02,3.02,2.95,2.96,39703,11806798.0,-0.07,-2.31023102310231
2019-11-12,15:00,sh601616,广电电气,2.96,2.97,2.91,2.96,37826,11114657.0,0.0,0.0
2019-11-13,15:00,sh601616,广电电气,2.96,2.97,2.93,2.94,25798,7603794.0,-0.02,-0.6756756756756757
2019-11-14,15:00,sh601616,广电电气,2.94,2.95,2.92,2.94,21192,6219967.0,0.0,0.0
2019-11-15,15:00,sh601616,广电电气,2.94,2.94,2.88,2.88,26308,7624311.0,-0.06,-2.0408163265306123
2019-11-18,15:00,sh601616,广电电气,2.87,2.9,2.84,2.87,30451,8751140.0,-0.01,-0.3472222222222222
2019-11-19,15:00,sh601616,广电电气,2.88,2.92,2.86,2.92,28766,8358830.0,0.05,1.7421602787456445
2019-11-20,15:00,sh601616,广电电气,2.93,2.94,2.91,2.92,34814,10188098.0,0.0,0.0
2019-11-21,15:00,sh601616,广电电气,2.92,3.04,2.89,2.97,59505,17673774.0,0.05,1.7123287671232876
2019-11-22,15:00,sh601616,广电电气,2.96,2.99,2.92,2.95,41983,12411012.0,-0.02,-0.6734006734006733
2019-11-25,15:00,sh601616,广电电气,2.95,2.97,2.93,2.96,43662,12894665.0,0.01,0.3389830508474576
2019-11-26,15:00,sh601616,广电电气,2.97,2.98,2.95,2.96,39130,11599110.0,0.0,0.0
2019-11-27,15:00,sh601616,广电电气,2.99,2.99,2.95,2.97,46643,13877032.0,0.01,0.3378378378378378
2019-11-28,15:00,sh601616,广电电气,2.97,2.98,2.95,2.95,37511,11121382.0,-0.02,-0.6734006734006733
2019-11-29,15:00,sh601616,广电电气,2.97,2.97,2.94,2.95,45724,13499119.0,0.0,0.0
2019-12-02,15:00,sh601616,广电电气,2.95,2.98,2.95,2.96,39891,11819325.0,0.01,0.3389830508474576
2019-12-03,15:00,sh601616,广电电气,2.95,2.99,2.91,2.99,39037,11535895.0,0.03,1.0135135135135136
2019-12-04,15:00,sh601616,广电电气,2.98,3.04,2.97,3.03,54113,16331090.0,0.04,1.3377926421404682
2019-12-05,15:00,sh601616,广电电气,3.03,3.05,3.02,3.04,50297,15276827.0,0.01,0.33003300330033
2019-12-06,15:00,sh601616,广电电气,3.03,3.06,3.03,3.05,27180,8275707.0,0.01,0.3289473684210526
2019-12-09,15:00,sh601616,广电电气,3.04,3.07,3.03,3.03,29678,9056841.0,-0.02,-0.6557377049180327
2019-12-10,15:00,sh601616,广电电气,3.03,3.05,3.0,3.04,39765,12016219.0,0.01,0.33003300330033
2019-12-11,15:00,sh601616,广电电气,3.05,3.09,3.02,3.06,54888,16776364.0,0.02,0.6578947368421052
2019-12-12,15:00,sh601616,广电电气,3.06,3.06,3.0,3.01,57194,17281542.0,-0.05,-1.6339869281045754
2019-12-13,15:00,sh601616,广电电气,3.01,3.04,3.01,3.04,44783,13566403.0,0.03,0.9966777408637874
2019-12-16,15:00,sh601616,广电电气,3.04,3.07,3.02,3.06,54441,16622989.0,0.02,0.6578947368421052
2019-12-17,15:00,sh601616,广电电气,3.06,3.12,3.06,3.11,78240,24187612.0,0.05,1.6339869281045754
2019-12-18,15:00,sh601616,广电电气,3.11,3.13,3.08,3.09,56691,17593412.0,-0.02,-0.6430868167202572
2019-12-19,15:00,sh601616,广电电气,3.09,3.17,3.08,3.13,73240,22902456.0,0.04,1.2944983818770228
2019-12-20,15:00,sh601616,广电电气,3.15,3.15,3.08,3.1,49342,15391689.0,-0.03,-0.9584664536741214
2019-12-23,15:00,sh601616,广电电气,3.08,3.09,3.0,3.01,63483,19311848.0,-0.09,-2.903225806451613
2019-12-24,15:00,sh601616,广电电气,3.02,3.08,3.0,3.07,71049,21616382.0,0.06,1.9933554817275747
2019-12-25,15:00,sh601616,广电电气,3.1,3.13,3.01,3.05,122156,37620600.0,-0.02,-0.6514657980456027
2019-12-26,15:00,sh601616,广电电气,3.02,3.06,3.02,3.05,62977,19104800.0,0.0,0.0
2019-12-27,15:00,sh601616,广电电气,3.05,3.08,3.03,3.03,72681,22206972.0,-0.02,-0.6557377049180327
2019-12-30,15:00,sh601616,广电电气,3.02,3.04,2.99,3.04,48126,14555205.0,0.01,0.33003300330033
2019-12-31,15:00,sh601616,广电电气,3.04,3.05,3.03,3.05,54241,16486731.0,0.01,0.3289473684210526
2020-01-02,15:00,sh601616,广电电气,3.06,3.13,3.06,3.11,103041,31909722.0,0.06,1.9672131147540983
2020-01-03,15:00,sh601616,广电电气,3.12,3.13,3.09,3.12,85283,26536784.0,0.01,0.3215434083601286
2020-01-06,15:00,sh601616,广电电气,3.1,3.15,3.08,3.14,104790,32785648.0,0.02,0.641025641025641
2020-01-07,15:00,sh601616,广电电气,3.14,3.18,3.12,3.17,99219,31269356.0,0.03,0.9554140127388536
2020-01-08,15:00,sh601616,广电电气,3.15,3.17,3.09,3.1,98147,30773446.0,-0.07,-2.2082018927444795
2020-01-09,15:00,sh601616,广电电气,3.13,3.22,3.12,3.15,140722,44500452.0,0.05,1.6129032258064515
2020-01-10,15:00,sh601616,广电电气,3.16,3.17,3.12,3.12,73101,22964982.0,-0.03,-0.9523809523809524
2020-01-13,15:00,sh601616,广电电气,3.12,3.16,3.1,3.16,69392,21695536.0,0.04,1.282051282051282
2020-01-14,15:00,sh601616,广电电气,3.16,3.17,3.14,3.15,85519,26943744.0,-0.01,-0.3164556962025316
2020-01-15,15:00,sh601616,广电电气,3.15,3.17,3.08,3.09,77573,24067866.0,-0.06,-1.9047619047619049
2020-01-16,15:00,sh601616,广电电气,3.13,3.16,3.09,3.1,81573,25502960.0,0.01,0.3236245954692557
2020-01-17,15:00,sh601616,广电电气,3.11,3.12,3.06,3.07,56901,17560288.0,-0.03,-0.967741935483871
2020-01-20,15:00,sh601616,广电电气,3.05,3.09,3.05,3.09,47423,14572673.0,0.02,0.6514657980456027
2020-01-21,15:00,sh601616,广电电气,3.09,3.09,3.02,3.05,67806,20716932.0,-0.04,-1.2944983818770228
2020-01-22,15:00,sh601616,广电电气,3.04,3.05,2.98,3.03,73336,22074436.0,-0.02,-0.6557377049180327
2020-01-23,15:00,sh601616,广电电气,3.03,3.03,2.9,2.94,133620,39494400.0,-0.09,-2.9702970297029703
2020-02-03,15:00,sh601616,广电电气,2.65,2.65,2.65,2.65,37507,9939355.0,-0.29,-9.863945578231291
2020-02-04,15:00,sh601616,广电电气,2.39,2.67,2.39,2.65,159490,41135732.0,0.0,0.0
2020-02-05,15:00,sh601616,广电电气,2.63,2.73,2.62,2.7,77098,20780468.0,0.05,1.8867924528301887
2020-02-06,15:00,sh601616,广电电气,2.7,2.75,2.64,2.72,76995,20839424.0,0.02,0.7407407407407408
2020-02-07,15:00,sh601616,广电电气,2.71,2.72,2.68,2.71,61532,16608902.0,-0.01,-0.3676470588235294
2020-02-10,15:00,sh601616,广电电气,2.7,2.77,2.67,2.75,55187,15046160.0,0.04,1.4760147601476017
2020-02-11,15:00,sh601616,广电电气,2.77,2.77,2.74,2.74,48840,13458502.0,-0.01,-0.3636363636363636
2020-02-12,15:00,sh601616,广电电气,2.74,2.81,2.73,2.79,64084,17779972.0,0.05,1.824817518248175
2020-02-13,15:00,sh601616,广电电气,2.77,2.82,2.74,2.75,58249,16168137.0,-0.04,-1.4336917562724014
2020-02-14,15:00,sh601616,广电电气,2.73,2.76,2.72,2.73,38725,10621201.0,-0.02,-0.7272727272727273
2020-02-17,15:00,sh601616,广电电气,2.75,2.82,2.74,2.82,69837,19517090.0,0.09,3.296703296703297
2020-02-18,15:00,sh601616,广电电气,2.84,2.86,2.8,2.84,58991,16722683.0,0.02,0.7092198581560284
2020-02-19,15:00,sh601616,广电电气,2.84,2.9,2.81,2.87,84860,24341602.0,0.03,1.056338028169014
2020-02-20,15:00,sh601616,广电电气,2.86,2.93,2.85,2.93,99433,28816260.0,0.06,2.0905923344947737
2020-02-21,15:00,sh601616,广电电气,2.93,2.98,2.91,2.95,106989,31609554.0,0.02,0.6825938566552902
2020-02-24,15:00,sh601616,广电电气,2.96,3.19,2.94,3.12,293573,90198136.0,0.17,5.762711864406779
2020-02-25,15:00,sh601616,广电电气,3.03,3.32,2.89,3.23,354591,108983960.0,0.11,3.525641025641025
2020-02-26,15:00,sh601616,广电电气,3.16,3.32,3.12,3.17,246717,79472072.0,-0.06,-1.8575851393188851
2020-02-27,15:00,sh601616,广电电气,3.16,3.24,3.08,3.09,133978,42220836.0,-0.08,-2.5236593059936907
2020-02-28,15:00,sh601616,广电电气,3.0,3.08,2.91,2.94,123337,36998400.0,-0.15,-4.854368932038835
2020-03-02,15:00,sh601616,广电电气,2.96,3.16,2.96,3.11,137266,42021888.0,0.17,5.782312925170068
2020-03-03,15:00,sh601616,广电电气,3.17,3.2,3.03,3.08,166927,52093880.0,-0.03,-0.964630225080386
2020-03-04,15:00,sh601616,广电电气,3.04,3.1,3.03,3.1,96011,29435166.0,0.02,0.6493506493506493
2020-03-05,15:00,sh601616,广电电气,3.14,3.29,3.11,3.21,347263,112011504.0,0.11,3.548387096774193
2020-03-06,15:00,sh601616,广电电气,3.21,3.46,3.17,3.33,592737,195613840.0,0.12,3.738317757009345
2020-03-09,15:00,sh601616,广电电气,3.22,3.4,3.19,3.21,396940,129773776.0,-0.12,-3.603603603603604
2020-03-10,15:00,sh601616,广电电气,3.12,3.42,3.03,3.4,526445,169833728.0,0.19,5.919003115264798
2020-03-11,15:00,sh601616,广电电气,3.37,3.56,3.34,3.34,596834,205194560.0,-0.06,-1.7647058823529411
2020-03-12,15:00,sh601616,广电电气,3.22,3.37,3.2,3.29,324734,106079752.0,-0.05,-1.497005988023952
2020-03-13,15:00,sh601616,广电电气,3.1,3.62,3.09,3.62,592573,203782256.0,0.33,10.030395136778116
2020-03-16,15:00,sh601616,广电电气,3.89,3.98,3.82,3.98,1450121,574764288.0,0.36,9.94475138121547
2020-03-17,15:00,sh601616,广电电气,3.84,4.0,3.58,3.67,1552081,587757312.0,-0.31,-7.788944723618091
2020-03-18,15:00,sh601616,广电电气,3.56,3.6,3.3,3.3,1118173,385318752.0,-0.37,-10.08174386920981
2020-03-19,15:00,sh601616,广电电气,3.21,3.44,3.11,3.31,791514,255205168.0,0.01,0.303030303030303
2020-03-20,15:00,sh601616,广电电气,3.32,3.38,3.23,3.26,463358,152422544.0,-0.05,-1.5105740181268883
2020-03-23,15:00,sh601616,广电电气,3.12,3.26,3.01,3.05,383780,120839864.0,-0.21,-6.441717791411043
2020-03-24,15:00,sh601616,广电电气,3.1,3.14,2.89,3.01,459507,138946384.0,-0.04,-1.3114754098360657
2020-03-25,15:00,sh601616,广电电气,3.07,3.17,3.03,3.14,407843,126997952.0,0.13,4.318936877076411
2020-03-26,15:00,sh601616,广电电气,3.12,3.16,3.04,3.05,287738,88981600.0,-0.09,-2.8662420382165608
2020-03-27,15:00,sh601616,广电电气,3.1,3.15,3.06,3.06,212460,65952236.0,0.01,0.3278688524590163
2020-03-30,15:00,sh601616,广电电气,3.01,3.04,2.9,2.97,230995,68501752.0,-0.09,-2.941176470588235
2020-03-31,15:00,sh601616,广电电气,2.99,3.04,2.9,2.91,170691,50365280.0,-0.06,-2.0202020202020203
2020-04-01,15:00,sh601616,广电电气,2.92,2.96,2.86,2.88,183206,53267448.0,-0.03,-1.0309278350515465
2020-04-02,15:00,sh601616,广电电气,2.87,2.96,2.84,2.96,154067,44944820.0,0.08,2.7777777777777777
2020-04-03,15:00,sh601616,广电电气,2.97,2.97,2.88,2.9,115511,33682688.0,-0.06,-2.027027027027027
2020-04-07,15:00,sh601616,广电电气,2.95,3.04,2.94,3.02,227280,67962920.0,0.12,4.137931034482759
2020-04-08,15:00,sh601616,广电电气,3.0,3.09,2.99,3.04,157067,47840224.0,0.02,0.6622516556291391
2020-04-09,15:00,sh601616,广电电气,3.06,3.15,3.03,3.07,197155,60958928.0,0.03,0.986842105263158
2020-04-10,15:00,sh601616,广电电气,3.06,3.07,2.95,2.96,170907,51305400.0,-0.11,-3.5830618892508146
2020-04-13,15:00,sh601616,广电电气,2.94,2.97,2.91,2.93,84570,24837916.0,-0.03,-1.0135135135135136
2020-04-14,15:00,sh601616,广电电气,2.95,3.06,2.93,3.02,155367,46829544.0,0.09,3.0716723549488054
2020-04-15,15:00,sh601616,广电电气,3.01,3.08,3.0,3.02,142759,43215228.0,0.0,0.0
2020-04-16,15:00,sh601616,广电电气,3.02,3.24,2.99,3.19,543527,171632320.0,0.17,5.629139072847682
2020-04-17,15:00,sh601616,广电电气,3.17,3.19,3.06,3.09,288049,89716000.0,-0.1,-3.1347962382445136
2020-04-20,15:00,sh601616,广电电气,3.08,3.23,3.08,3.21,337073,107447248.0,0.12,3.883495145631068
2020-04-21,15:00,sh601616,广电电气,3.21,3.23,3.14,3.22,198705,63131832.0,0.01,0.3115264797507788
2020-04-22,15:00,sh601616,广电电气,3.19,3.54,3.16,3.46,819554,283765184.0,0.24,7.453416149068323
2020-04-23,15:00,sh601616,广电电气,3.33,3.42,3.25,3.29,550950,183200496.0,-0.17,-4.913294797687861
2020-04-24,15:00,sh601616,广电电气,3.25,3.41,3.25,3.3,288522,95962672.0,0.01,0.303951367781155
2020-04-27,15:00,sh601616,广电电气,3.27,3.37,3.2,3.2,207843,67825800.0,-0.1,-3.0303030303030303
2020-04-28,15:00,sh601616,广电电气,3.28,3.41,3.19,3.32,311376,102628808.0,0.12,3.75
2020-04-29,15:00,sh601616,广电电气,3.3,3.59,3.22,3.45,501412,171027776.0,0.13,3.91566265060241
2020-04-30,15:00,sh601616,广电电气,3.42,3.54,3.37,3.46,354905,123021952.0,0.01,0.2898550724637681
2020-05-06,15:00,sh601616,广电电气,3.4,3.81,3.38,3.81,303454,112402752.0,0.35,10.115606936416183
2020-05-07,15:00,sh601616,广电电气,4.05,4.19,3.76,4.01,2106411,855767232.0,0.2,5.2493438320209975
2020-05-08,15:00,sh601616,广电电气,3.81,3.87,3.62,3.64,1512506,568758080.0,-0.37,-9.226932668329177
2020-05-11,15:00,sh601616,广电电气,3.6,3.75,3.54,3.74,801276,292312832.0,0.1,2.7472527472527477
2020-05-12,15:00,sh601616,广电电气,3.67,3.68,3.57,3.62,431288,155928864.0,-0.12,-3.2085561497326207
2020-05-13,15:00,sh601616,广电电气,3.58,3.76,3.55,3.63,435736,160419952.0,0.01,0.2762430939226519
2020-05-14,15:00,sh601616,广电电气,3.6,3.69,3.52,3.52,400294,143506496.0,-0.11,-3.0303030303030303
2020-05-15,15:00,sh601616,广电电气,3.51,3.56,3.46,3.46,335675,117659984.0,-0.06,-1.7045454545454544
2020-05-18,15:00,sh601616,广电电气,3.46,3.53,3.36,3.43,362817,124359120.0,-0.03,-0.8670520231213872
2020-05-19,15:00,sh601616,广电电气,3.45,3.48,3.39,3.45,206780,71213024.0,0.02,0.5830903790087464
2020-05-20,15:00,sh601616,广电电气,3.45,3.54,3.42,3.48,246322,86018136.0,0.03,0.8695652173913043
2020-05-21,15:00,sh601616,广电电气,3.48,3.58,3.43,3.55,327731,115784448.0,0.07,2.0114942528735638
2020-05-22,15:00,sh601616,广电电气,3.52,3.54,3.36,3.36,291910,99908048.0,-0.19,-5.352112676056338
2020-05-25,15:00,sh601616,广电电气,3.33,3.36,3.19,3.22,243776,79337968.0,-0.14,-4.166666666666666
2020-05-26,15:00,sh601616,广电电气,3.22,3.27,3.22,3.26,131056,42546960.0,0.04,1.2422360248447204
2020-05-27,15:00,sh601616,广电电气,3.25,3.27,3.2,3.23,140210,45303884.0,-0.03,-0.9202453987730062
2020-05-28,15:00,sh601616,广电电气,3.24,3.32,3.22,3.28,221038,72533544.0,0.05,1.547987616099071
2020-05-29,15:00,sh601616,广电电气,3.26,3.31,3.24,3.26,123812,40428672.0,-0.02,-0.6097560975609756
2020-06-01,15:00,sh601616,广电电气,3.26,3.37,3.26,3.36,189019,62893840.0,0.1,3.067484662576687
2020-06-02,15:00,sh601616,广电电气,3.36,3.38,3.32,3.35,166152,55619356.0,-0.01,-0.2976190476190476
2020-06-03,15:00,sh601616,广电电气,3.35,3.38,3.34,3.36,148622,49917252.0,0.01,0.2985074626865672
2020-06-04,15:00,sh601616,广电电气,3.36,3.37,3.29,3.31,155235,51503680.0,-0.05,-1.488095238095238
2020-06-05,15:00,sh601616,广电电气,3.32,3.58,3.26,3.43,323532,110770200.0,0.12,3.625377643504532
2020-06-08,15:00,sh601616,广电电气,3.42,3.44,3.37,3.4,176779,60047024.0,-0.03,-0.8746355685131195
2020-06-09,15:00,sh601616,广电电气,3.41,3.53,3.4,3.5,284986,99476384.0,0.1,2.941176470588235
2020-06-10,15:00,sh601616,广电电气,3.5,3.51,3.45,3.48,153967,53437612.0,-0.02,-0.5714285714285714
2020-06-11,15:00,sh601616,广电电气,3.46,3.49,3.4,3.42,146056,50230288.0,-0.06,-1.7241379310344829
2020-06-12,15:00,sh601616,广电电气,3.34,3.39,3.31,3.36,127766,42852692.0,-0.06,-1.7543859649122806
2020-06-15,15:00,sh601616,广电电气,3.31,3.32,3.23,3.23,122901,40274716.0,-0.13,-3.869047619047619
2020-06-16,15:00,sh601616,广电电气,3.25,3.33,3.25,3.27,122457,40197888.0,0.04,1.238390092879257
2020-06-17,15:00,sh601616,广电电气,3.26,3.29,3.24,3.26,136572,44479276.0,-0.01,-0.3058103975535168
2020-06-18,15:00,sh601616,广电电气,3.29,3.29,3.24,3.26,109877,35798088.0,0.0,0.0
2020-06-19,15:00,sh601616,广电电气,3.26,3.27,3.24,3.26,115517,37603600.0,0.0,0.0
2020-06-22,15:00,sh601616,广电电气,3.24,3.27,3.23,3.24,99162,32206852.0,-0.02,-0.6134969325153374
2020-06-23,15:00,sh601616,广电电气,3.25,3.26,3.18,3.18,143820,46280872.0,-0.06,-1.851851851851852
2020-06-24,15:00,sh601616,广电电气,3.18,3.19,3.08,3.11,189589,59105056.0,-0.07,-2.20125786163522
2020-06-29,15:00,sh601616,广电电气,3.12,3.15,3.09,3.12,79539,24854332.0,0.01,0.3215434083601286
2020-06-30,15:00,sh601616,广电电气,3.14,3.19,3.13,3.17,83795,26595572.0,0.05,1.6025641025641024
2020-07-01,15:00,sh601616,广电电气,3.18,3.24,3.16,3.23,118004,37832240.0,0.06,1.892744479495268
2020-07-02,15:00,sh601616,广电电气,3.23,3.28,3.2,3.27,161672,52556416.0,0.04,1.238390092879257
2020-07-03,15:00,sh601616,广电电气,3.27,3.32,3.26,3.31,154260,50798592.0,0.04,1.2232415902140672
2020-07-06,15:00,sh601616,广电电气,3.33,3.46,3.33,3.42,284760,96667736.0,0.11,3.3232628398791544
2020-07-07,15:00,sh601616,广电电气,3.46,3.51,3.38,3.41,317199,109320112.0,-0.01,-0.2923976608187134
2020-07-08,15:00,sh601616,广电电气,3.4,3.56,3.38,3.53,354183,123174688.0,0.12,3.519061583577713
2020-07-09,15:00,sh601616,广电电气,3.54,3.63,3.5,3.59,344835,122834064.0,0.06,1.69971671388102
2020-07-10,15:00,sh601616,广电电气,3.57,3.63,3.48,3.49,290854,103243672.0,-0.1,-2.785515320334262
2020-07-13,15:00,sh601616,广电电气,3.56,3.64,3.47,3.61,303220,108627168.0,0.12,3.43839541547278
2020-07-14,15:00,sh601616,广电电气,3.61,3.68,3.5,3.57,304496,109446680.0,-0.04,-1.10803324099723
2020-07-15,15:00,sh601616,广电电气,3.57,3.64,3.45,3.49,249590,88230088.0,-0.08,-2.2408963585434174
2020-07-16,15:00,sh601616,广电电气,3.5,3.55,3.36,3.38,249943,86406480.0,-0.11,-3.151862464183381
2020-07-17,15:00,sh601616,广电电气,3.38,3.43,3.29,3.34,197481,65952940.0,-0.04,-1.183431952662722
2020-07-20,15:00,sh601616,广电电气,3.35,3.5,3.35,3.48,228540,78544776.0,0.14,4.191616766467066
2020-07-21,15:00,sh601616,广电电气,3.54,3.63,3.5,3.59,324962,115962800.0,0.11,3.160919540229885
2020-07-22,15:00,sh601616,广电电气,3.59,3.6,3.52,3.54,246430,87769160.0,-0.05,-1.392757660167131
2020-07-23,15:00,sh601616,广电电气,3.51,3.52,3.37,3.46,215768,74381936.0,-0.08,-2.2598870056497176
2020-07-24,15:00,sh601616,广电电气,3.44,3.56,3.33,3.34,255745,87788944.0,-0.12,-3.4682080924855487
2020-07-27,15:00,sh601616,广电电气,3.34,3.37,3.25,3.32,133433,44068460.0,-0.02,-0.5988023952095809
2020-07-28,15:00,sh601616,广电电气,3.33,3.37,3.3,3.33,116303,38790288.0,0.01,0.3012048192771084
2020-07-29,15:00,sh601616,广电电气,3.32,3.4,3.28,3.39,132047,44221796.0,0.06,1.8018018018018016
2020-07-30,15:00,sh601616,广电电气,3.39,3.44,3.38,3.42,174754,59593896.0,0.03,0.8849557522123894
2020-07-31,15:00,sh601616,广电电气,3.41,3.47,3.38,3.46,184889,63389816.0,0.04,1.1695906432748535
2020-08-03,15:00,sh601616,广电电气,3.54,3.57,3.5,3.54,257331,90910200.0,0.08,2.312138728323699
2020-08-04,15:00,sh601616,广电电气,3.53,3.57,3.47,3.5,199136,69829080.0,-0.04,-1.1299435028248588
2020-08-05,15:00,sh601616,广电电气,3.5,3.62,3.45,3.59,285229,101354040.0,0.09,2.571428571428571
2020-08-06,15:00,sh601616,广电电气,3.58,3.6,3.48,3.56,185550,65666808.0,-0.03,-0.8356545961002786
2020-08-07,15:00,sh601616,广电电气,3.54,3.54,3.41,3.48,174575,60594624.0,-0.08,-2.247191011235955
2020-08-10,15:00,sh601616,广电电气,3.45,3.57,3.43,3.54,181513,64001928.0,0.06,1.7241379310344829
2020-08-11,15:00,sh601616,广电电气,3.56,3.57,3.43,3.44,183926,64400728.0,-0.1,-2.824858757062147
2020-08-12,15:00,sh601616,广电电气,3.41,3.44,3.36,3.43,162611,55154880.0,-0.01,-0.2906976744186046
2020-08-13,15:00,sh601616,广电电气,3.43,3.53,3.4,3.48,154589,53876176.0,0.05,1.4577259475218658
2020-08-14,15:00,sh601616,广电电气,3.48,3.52,3.44,3.52,117248,40905752.0,0.04,1.1494252873563218
2020-08-17,15:00,sh601616,广电电气,3.54,3.66,3.51,3.63,378293,135654752.0,0.11,3.125
2020-08-18,15:00,sh601616,广电电气,3.62,3.75,3.57,3.65,389562,142598512.0,0.02,0.5509641873278237
2020-08-19,15:00,sh601616,广电电气,3.65,3.72,3.6,3.63,276091,101027040.0,-0.02,-0.547945205479452
2020-08-20,15:00,sh601616,广电电气,3.76,3.83,3.59,3.61,464964,171982704.0,-0.02,-0.5509641873278237
2020-08-21,15:00,sh601616,广电电气,3.56,3.72,3.56,3.63,263143,95753160.0,0.02,0.554016620498615
2020-08-24,15:00,sh601616,广电电气,3.63,3.68,3.59,3.62,201874,73250536.0,-0.01,-0.2754820936639118
2020-08-25,15:00,sh601616,广电电气,3.66,3.69,3.6,3.63,205225,74699152.0,0.01,0.2762430939226519
2020-08-26,15:00,sh601616,广电电气,3.64,3.64,3.5,3.51,216582,77153376.0,-0.12,-3.3057851239669422
2020-08-27,15:00,sh601616,广电电气,3.52,3.59,3.5,3.58,140863,50006488.0,0.07,1.9943019943019944
2020-08-28,15:00,sh601616,广电电气,3.58,3.61,3.52,3.6,136398,48711124.0,0.02,0.5586592178770949
2020-08-31,15:00,sh601616,广电电气,3.6,3.66,3.58,3.62,165978,60156688.0,0.02,0.5555555555555556
2020-09-01,15:00,sh601616,广电电气,3.59,3.62,3.54,3.59,126149,45198480.0,-0.03,-0.8287292817679558
2020-09-02,15:00,sh601616,广电电气,3.58,3.65,3.52,3.62,195038,69756808.0,0.03,0.8356545961002786
2020-09-03,15:00,sh601616,广电电气,3.59,3.61,3.52,3.54,148944,53054292.0,-0.08,-2.209944751381215
2020-09-04,15:00,sh601616,广电电气,3.47,3.56,3.46,3.55,126546,44560444.0,0.01,0.2824858757062147
2020-09-07,15:00,sh601616,广电电气,3.54,3.59,3.48,3.5,146566,51834080.0,-0.05,-1.4084507042253522
2020-09-08,15:00,sh601616,广电电气,3.51,3.71,3.49,3.68,331442,119666688.0,0.18,5.142857142857142
2020-09-09,15:00,sh601616,广电电气,3.66,3.78,3.65,3.7,423343,157551488.0,0.02,0.5434782608695652
2020-09-10,15:00,sh601616,广电电气,3.71,3.72,3.49,3.52,277379,99851840.0,-0.18,-4.864864864864865
2020-09-11,15:00,sh601616,广电电气,3.53,3.53,3.39,3.46,266814,91697992.0,-0.06,-1.7045454545454544
2020-09-14,15:00,sh601616,广电电气,3.47,3.54,3.44,3.49,153948,53694432.0,0.03,0.8670520231213872
2020-09-15,15:00,sh601616,广电电气,3.46,3.48,3.4,3.47,162832,55802544.0,-0.02,-0.5730659025787965
2020-09-16,15:00,sh601616,广电电气,3.49,3.49,3.4,3.43,125068,43018084.0,-0.04,-1.1527377521613833
2020-09-17,15:00,sh601616,广电电气,3.41,3.45,3.39,3.41,82477,28148496.0,-0.02,-0.5830903790087464
2020-09-18,15:00,sh601616,广电电气,3.4,3.45,3.38,3.45,102178,34963952.0,0.04,1.1730205278592376
2020-09-21,15:00,sh601616,广电电气,3.44,3.47,3.42,3.43,77539,26647568.0,-0.02,-0.5797101449275363
2020-09-22,15:00,sh601616,广电电气,3.41,3.41,3.34,3.34,126050,42481632.0,-0.09,-2.623906705539359
2020-09-23,15:00,sh601616,广电电气,3.35,3.38,3.34,3.36,53259,17887268.0,0.02,0.5988023952095809
2020-09-24,15:00,sh601616,广电电气,3.34,3.35,3.26,3.28,97411,32165344.0,-0.08,-2.380952380952381
2020-09-25,15:00,sh601616,广电电气,3.29,3.3,3.24,3.27,47119,15396440.0,-0.01,-0.3048780487804878
2020-09-28,15:00,sh601616,广电电气,3.27,3.28,3.24,3.25,31788,10349409.0,-0.02,-0.6116207951070336
2020-09-29,15:00,sh601616,广电电气,3.27,3.32,3.24,3.29,51454,16895980.0,0.04,1.2307692307692308
2020-09-30,15:00,sh601616,广电电气,3.27,3.34,3.27,3.33,62861,20796788.0,0.04,1.21580547112462
2020-10-09,15:00,sh601616,广电电气,3.35,3.4,3.35,3.38,71817,24291888.0,0.05,1.5015015015015014
2020-10-12,15:00,sh601616,广电电气,3.37,3.47,3.37,3.47,138785,47772136.0,0.09,2.6627218934911245
2020-10-13,15:00,sh601616,广电电气,3.45,3.48,3.44,3.45,99685,34450720.0,-0.02,-0.5763688760806917
2020-10-14,15:00,sh601616,广电电气,3.44,3.45,3.38,3.4,82094,28034192.0,-0.05,-1.4492753623188406
2020-10-15,15:00,sh601616,广电电气,3.44,3.45,3.37,3.38,64086,21797260.0,-0.02,-0.5882352941176471
2020-10-16,15:00,sh601616,广电电气,3.38,3.39,3.35,3.37,71505,24077204.0,-0.01,-0.2958579881656805
2020-10-19,15:00,sh601616,广电电气,3.37,3.4,3.33,3.34,78261,26341904.0,-0.03,-0.8902077151335311
2020-10-20,15:00,sh601616,广电电气,3.33,3.37,3.31,3.36,48699,16268745.0,0.02,0.5988023952095809
2020-10-21,15:00,sh601616,广电电气,3.36,3.37,3.29,3.29,66698,22092764.0,-0.07,-2.083333333333333
2020-10-22,15:00,sh601616,广电电气,3.3,3.3,3.25,3.29,57551,18854422.0,0.0,0.0
2020-10-23,15:00,sh601616,广电电气,3.28,3.32,3.25,3.28,57393,18866164.0,-0.01,-0.303951367781155
2020-10-26,15:00,sh601616,广电电气,3.26,3.31,3.25,3.3,56837,18678610.0,0.02,0.6097560975609756
2020-10-27,15:00,sh601616,广电电气,3.28,3.38,3.23,3.35,140900,46640304.0,0.05,1.5151515151515151
2020-10-28,15:00,sh601616,广电电气,3.34,3.37,3.29,3.34,98432,32808628.0,-0.01,-0.2985074626865672
2020-10-29,15:00,sh601616,广电电气,3.26,3.3,3.25,3.27,81455,26724948.0,-0.07,-2.095808383233533
2020-10-30,15:00,sh601616,广电电气,3.28,3.28,3.11,3.14,133379,42721048.0,-0.13,-3.9755351681957194
2020-11-02,15:00,sh601616,广电电气,3.13,3.17,3.1,3.14,77272,24182114.0,0.0,0.0
2020-11-03,15:00,sh601616,广电电气,3.14,3.21,3.13,3.19,78823,25079100.0,0.05,1.5923566878980893
2020-11-04,15:00,sh601616,广电电气,3.21,3.24,3.17,3.19,57868,18540520.0,0.0,0.0
2020-11-05,15:00,sh601616,广电电气,3.2,3.24,3.2,3.23,74443,23962568.0,0.04,1.2539184952978055
2020-11-06,15:00,sh601616,广电电气,3.24,3.24,3.17,3.2,74914,24045654.0,-0.03,-0.9287925696594428
2020-11-09,15:00,sh601616,广电电气,3.21,3.28,3.2,3.26,85407,27783094.0,0.06,1.875
2020-11-10,15:00,sh601616,广电电气,3.27,3.27,3.19,3.22,61035,19715226.0,-0.04,-1.2269938650306749
2020-11-11,15:00,sh601616,广电电气,3.22,3.23,3.18,3.2,64733,20717980.0,-0.02,-0.6211180124223602
2020-11-12,15:00,sh601616,广电电气,3.2,3.23,3.19,3.2,58104,18637024.0,0.0,0.0
2020-11-13,15:00,sh601616,广电电气,3.19,3.21,3.17,3.19,54060,17225522.0,-0.01,-0.3125
2020-11-16,15:00,sh601616,广电电气,3.2,3.25,3.19,3.24,70400,22724662.0,0.05,1.5673981191222568
2020-11-17,15:00,sh601616,广电电气,3.24,3.24,3.19,3.21,103600,33225098.0,-0.03,-0.9259259259259258
2020-11-18,15:00,sh601616,广电电气,3.21,3.28,3.19,3.27,129776,42187668.0,0.06,1.8691588785046729
2020-11-19,15:00,sh601616,广电电气,3.28,3.33,3.26,3.32,181956,60132400.0,0.05,1.529051987767584
2020-11-20,15:00,sh601616,广电电气,3.3,3.31,3.26,3.3,86885,28534942.0,-0.02,-0.6024096385542169
2020-11-23,15:00,sh601616,广电电气,3.31,3.33,3.27,3.3,102036,33635304.0,0.0,0.0
2020-11-24,15:00,sh601616,广电电气,3.3,3.32,3.28,3.3,94975,31332610.0,0.0,0.0
2020-11-25,15:00,sh601616,广电电气,3.31,3.33,3.27,3.28,106293,35144144.0,-0.02,-0.6060606060606061
2020-11-26,15:00,sh601616,广电电气,3.26,3.33,3.26,3.31,84624,27946362.0,0.03,0.9146341463414632
2020-11-27,15:00,sh601616,广电电气,3.3,3.33,3.27,3.32,95834,31671568.0,0.01,0.3021148036253776
2020-11-30,15:00,sh601616,广电电气,3.33,3.36,3.3,3.32,77406,25802272.0,0.0,0.0
2020-12-01,15:00,sh601616,广电电气,3.3,3.33,3.28,3.32,72719,24056118.0,0.0,0.0
2020-12-02,15:00,sh601616,广电电气,3.32,3.32,3.28,3.3,83204,27414674.0,-0.02,-0.6024096385542169
2020-12-03,15:00,sh601616,广电电气,3.29,3.31,3.27,3.29,85378,28045644.0,-0.01,-0.303030303030303
2020-12-04,15:00,sh601616,广电电气,3.29,3.29,3.26,3.28,59633,19537774.0,-0.01,-0.303951367781155
2020-12-07,15:00,sh601616,广电电气,3.28,3.32,3.27,3.27,61510,20209674.0,-0.01,-0.3048780487804878
2020-12-08,15:00,sh601616,广电电气,3.27,3.28,3.22,3.23,64915,21068476.0,-0.04,-1.2232415902140672
2020-12-09,15:00,sh601616,广电电气,3.23,3.24,3.15,3.17,68046,21780484.0,-0.06,-1.8575851393188851
2020-12-10,15:00,sh601616,广电电气,3.17,3.21,3.15,3.18,54998,17485408.0,0.01,0.3154574132492113
2020-12-11,15:00,sh601616,广电电气,3.18,3.2,3.1,3.14,74217,23268968.0,-0.04,-1.257861635220126
2020-12-14,15:00,sh601616,广电电气,3.12,3.16,3.11,3.15,35082,11025830.0,0.01,0.3184713375796179
2020-12-15,15:00,sh601616,广电电气,3.16,3.17,3.12,3.15,42611,13406626.0,0.0,0.0
2020-12-16,15:00,sh601616,广电电气,3.15,3.15,3.12,3.14,33781,10591070.0,-0.01,-0.3174603174603174
2020-12-17,15:00,sh601616,广电电气,3.13,3.18,3.09,3.16,66398,20804144.0,0.02,0.6369426751592357
2020-12-18,15:00,sh601616,广电电气,3.15,3.19,3.15,3.17,51351,16302305.0,0.01,0.3164556962025316
2020-12-21,15:00,sh601616,广电电气,3.16,3.2,3.14,3.19,43086,13704644.0,0.02,0.6309148264984227
2020-12-22,15:00,sh601616,广电电气,3.17,3.26,3.16,3.19,106187,34161616.0,0.0,0.0
2020-12-23,15:00,sh601616,广电电气,3.17,3.23,3.15,3.2,88101,28161664.0,0.01,0.3134796238244514
2020-12-24,15:00,sh601616,广电电气,3.19,3.21,3.14,3.17,89977,28523544.0,-0.03,-0.9375
2020-12-25,15:00,sh601616,广电电气,3.15,3.3,3.14,3.28,166271,53870024.0,0.11,3.4700315457413247
2020-12-28,15:00,sh601616,广电电气,3.25,3.3,3.24,3.26,94485,30798790.0,-0.02,-0.6097560975609756
2020-12-29,15:00,sh601616,广电电气,3.25,3.27,3.22,3.23,70815,22938372.0,-0.03,-0.9202453987730062
2020-12-30,15:00,sh601616,广电电气,3.23,3.29,3.21,3.27,92483,30111934.0,0.04,1.238390092879257
2020-12-31,15:00,sh601616,广电电气,3.28,3.3,3.24,3.26,65054,21288268.0,-0.01,-0.3058103975535168
2021-01-04,15:00,sh601616,广电电气,3.26,3.28,3.22,3.27,114958,37331564.0,0.01,0.3067484662576687
2021-01-05,15:00,sh601616,广电电气,3.25,3.26,3.2,3.21,96242,31025428.0,-0.06,-1.834862385321101
2021-01-06,15:00,sh601616,广电电气,3.2,3.21,3.14,3.16,89387,28273388.0,-0.05,-1.557632398753894
2021-01-07,15:00,sh601616,广电电气,3.15,3.16,3.02,3.04,162365,50003768.0,-0.12,-3.79746835443038
2021-01-08,15:00,sh601616,广电电气,3.03,3.07,2.96,3.04,63546,19239480.0,0.0,0.0
2021-01-11,15:00,sh601616,广电电气,3.02,3.09,2.97,3.0,81076,24440394.0,-0.04,-1.3157894736842104
2021-01-12,15:00,sh601616,广电电气,3.0,3.06,3.0,3.04,46033,13952664.0,0.04,1.3333333333333337
2021-01-13,15:00,sh601616,广电电气,3.04,3.04,2.95,2.96,101837,30339560.0,-0.08,-2.631578947368421
2021-01-14,15:00,sh601616,广电电气,2.97,3.0,2.92,2.97,62356,18519924.0,0.01,0.3378378378378378
2021-01-15,15:00,sh601616,广电电气,2.96,3.02,2.95,3.01,43179,12921413.0,0.04,1.3468013468013469
2021-01-18,15:00,sh601616,广电电气,3.0,3.04,2.98,3.02,47564,14366182.0,0.01,0.3322259136212624
2021-01-19,15:00,sh601616,广电电气,3.01,3.04,2.99,3.03,48406,14619347.0,0.01,0.3311258278145695
2021-01-20,15:00,sh601616,广电电气,3.03,3.03,2.99,3.01,43479,13071513.0,-0.02,-0.6600660066006601
2021-01-21,15:00,sh601616,广电电气,3.01,3.07,2.99,3.02,66160,20068486.0,0.01,0.3322259136212624
2021-01-22,15:00,sh601616,广电电气,3.02,3.02,2.98,2.98,48410,14489939.0,-0.04,-1.3245033112582782
2021-01-25,15:00,sh601616,广电电气,2.95,2.97,2.76,2.83,184449,52461720.0,-0.15,-5.033557046979865
2021-01-26,15:00,sh601616,广电电气,2.81,2.85,2.77,2.82,49326,13875008.0,-0.01,-0.3533568904593639
2021-01-27,15:00,sh601616,广电电气,2.81,2.83,2.78,2.79,43841,12268864.0,-0.03,-1.0638297872340423
2021-01-28,15:00,sh601616,广电电气,2.78,2.8,2.74,2.77,41705,11561448.0,-0.02,-0.7168458781362007
2021-01-29,15:00,sh601616,广电电气,2.77,2.78,2.7,2.71,67705,18490880.0,-0.06,-2.166064981949458
2021-02-01,15:00,sh601616,广电电气,2.72,2.73,2.69,2.7,43828,11857211.0,-0.01,-0.3690036900369003
2021-02-02,15:00,sh601616,广电电气,2.7,2.78,2.68,2.75,59012,16175909.0,0.05,1.851851851851852
2021-02-03,15:00,sh601616,广电电气,2.75,2.76,2.71,2.73,32321,8815332.0,-0.02,-0.7272727272727273
2021-02-04,15:00,sh601616,广电电气,2.74,2.74,2.62,2.66,64238,17113264.0,-0.07,-2.564102564102564
2021-02-05,15:00,sh601616,广电电气,2.66,2.69,2.65,2.66,27655,7375845.0,0.0,0.0
2021-02-08,15:00,sh601616,广电电气,2.66,2.68,2.64,2.66,32063,8512146.0,0.0,0.0
2021-02-09,15:00,sh601616,广电电气,2.67,2.71,2.66,2.7,32756,8783236.0,0.04,1.5037593984962403
2021-02-10,15:00,sh601616,广电电气,2.71,2.74,2.69,2.73,27437,7442025.0,0.03,1.1111111111111112
2021-02-18,15:00,sh601616,广电电气,2.75,2.85,2.75,2.82,79458,22340216.0,0.09,3.296703296703297
2021-02-19,15:00,sh601616,广电电气,3.1,3.1,3.0,3.03,286716,87358352.0,0.21,7.446808510638298
2021-02-22,15:00,sh601616,广电电气,3.0,3.1,2.91,3.05,212908,64569520.0,0.02,0.6600660066006601
2021-02-23,15:00,sh601616,广电电气,3.03,3.06,3.01,3.02,102958,31190200.0,-0.03,-0.9836065573770492
2021-02-24,15:00,sh601616,广电电气,3.04,3.1,3.03,3.06,121678,37288088.0,0.04,1.3245033112582782
2021-02-25,15:00,sh601616,广电电气,3.08,3.22,3.06,3.19,233508,73787280.0,0.13,4.248366013071895
2021-02-26,15:00,sh601616,广电电气,3.18,3.21,3.13,3.18,109767,34931924.0,-0.01,-0.3134796238244514
2021-03-01,15:00,sh601616,广电电气,3.21,3.27,3.18,3.26,140800,45408376.0,0.08,2.515723270440252
2021-03-02,15:00,sh601616,广电电气,3.29,3.29,3.24,3.24,110281,36043012.0,-0.02,-0.6134969325153374
2021-03-03,15:00,sh601616,广电电气,3.24,3.34,3.24,3.3,153731,50853928.0,0.06,1.851851851851852
2021-03-04,15:00,sh601616,广电电气,3.29,3.34,3.27,3.29,107203,35414328.0,-0.01,-0.303030303030303
2021-03-05,15:00,sh601616,广电电气,3.28,3.31,3.22,3.23,169653,55193972.0,-0.06,-1.82370820668693
2021-03-08,15:00,sh601616,广电电气,3.25,3.26,3.19,3.2,172376,55640216.0,-0.03,-0.9287925696594428
2021-03-09,15:00,sh601616,广电电气,3.21,3.24,3.13,3.17,129291,41251816.0,-0.03,-0.9375
2021-03-10,15:00,sh601616,广电电气,3.21,3.22,3.16,3.17,87314,27885664.0,0.0,0.0
2021-03-11,15:00,sh601616,广电电气,3.16,3.25,3.16,3.24,90575,29179312.0,0.07,2.2082018927444795
2021-03-12,15:00,sh601616,广电电气,3.26,3.3,3.24,3.29,77803,25474032.0,0.05,1.5432098765432098
2021-03-15,15:00,sh601616,广电电气,3.32,3.32,3.25,3.28,53329,17538696.0,-0.01,-0.303951367781155
2021-03-16,15:00,sh601616,广电电气,3.26,3.34,3.26,3.33,96301,31916616.0,0.05,1.524390243902439
2021-03-17,15:00,sh601616,广电电气,3.34,3.35,3.32,3.33,77354,25847780.0,0.0,0.0
2021-03-18,15:00,sh601616,广电电气,3.33,3.36,3.3,3.33,95141,31730584.0,0.0,0.0
2021-03-19,15:00,sh601616,广电电气,3.34,3.39,3.31,3.36,107863,36260484.0,0.03,0.9009009009009008
2021-03-22,15:00,sh601616,广电电气,3.36,3.44,3.35,3.42,67441,22953130.0,0.06,1.7857142857142856
2021-03-23,15:00,sh601616,广电电气,3.4,3.45,3.38,3.41,96668,33010904.0,-0.01,-0.2923976608187134
2021-03-24,15:00,sh601616,广电电气,3.41,3.46,3.39,3.44,85371,29412964.0,0.03,0.8797653958944283
2021-03-25,15:00,sh601616,广电电气,3.44,3.46,3.36,3.37,123943,42113508.0,-0.07,-2.0348837209302326
2021-03-26,15:00,sh601616,广电电气,3.37,3.44,3.33,3.42,93798,31922956.0,0.05,1.483679525222552
2021-03-29,15:00,sh601616,广电电气,3.4,3.54,3.37,3.51,179733,62269560.0,0.09,2.631578947368421
2021-03-30,15:00,sh601616,广电电气,3.49,3.5,3.38,3.42,134931,46262072.0,-0.09,-2.564102564102564
2021-03-31,15:00,sh601616,广电电气,3.42,3.47,3.39,3.44,79120,27284948.0,0.02,0.5847953216374269
2021-04-01,15:00,sh601616,广电电气,3.44,3.44,3.38,3.39,58172,19816490.0,-0.05,-1.4534883720930232
2021-04-02,15:00,sh601616,广电电气,3.41,3.42,3.34,3.36,50708,17085360.0,-0.03,-0.8849557522123894
2021-04-06,15:00,sh601616,广电电气,3.37,3.4,3.35,3.38,36226,12265832.0,0.02,0.5952380952380952
2021-04-07,15:00,sh601616,广电电气,3.37,3.43,3.35,3.4,61892,21035380.0,0.02,0.591715976331361
2021-04-08,15:00,sh601616,广电电气,3.41,3.43,3.31,3.31,60819,20412220.0,-0.09,-2.647058823529412
2021-04-09,15:00,sh601616,广电电气,3.32,3.33,3.18,3.23,100960,32694260.0,-0.08,-2.416918429003021
2021-04-12,15:00,sh601616,广电电气,3.25,3.28,3.2,3.24,52987,17169206.0,0.01,0.3095975232198142
2021-04-13,15:00,sh601616,广电电气,3.23,3.26,3.15,3.18,51118,16290762.0,-0.06,-1.851851851851852
2021-04-14,15:00,sh601616,广电电气,3.17,3.22,3.16,3.22,37169,11882821.0,0.04,1.257861635220126
2021-04-15,15:00,sh601616,广电电气,3.22,3.24,3.2,3.22,36791,11841467.0,0.0,0.0
2021-04-16,15:00,sh601616,广电电气,3.23,3.26,3.22,3.24,55298,17927348.0,0.02,0.6211180124223602
2021-04-19,15:00,sh601616,广电电气,3.26,3.27,3.22,3.23,50666,16425549.0,-0.01,-0.3086419753086419
2021-04-20,15:00,sh601616,广电电气,3.24,3.24,3.2,3.2,32596,10481441.0,-0.03,-0.9287925696594428
2021-04-21,15:00,sh601616,广电电气,3.19,3.19,3.15,3.16,45201,14301885.0,-0.04,-1.25
2021-04-22,15:00,sh601616,广电电气,3.15,3.19,3.14,3.15,40802,12888817.0,-0.01,-0.3164556962025316
2021-04-23,15:00,sh601616,广电电气,3.15,3.15,3.04,3.06,75271,23183172.0,-0.09,-2.857142857142857
2021-04-26,15:00,sh601616,广电电气,3.09,3.09,3.05,3.05,35032,10748204.0,-0.01,-0.326797385620915
2021-04-27,15:00,sh601616,广电电气,3.05,3.07,3.02,3.05,33813,10280575.0,0.0,0.0
2021-04-28,15:00,sh601616,广电电气,3.05,3.07,3.02,3.05,46906,14268737.0,0.0,0.0
2021-04-29,15:00,sh601616,广电电气,3.02,3.08,3.02,3.06,36489,11147821.0,0.01,0.3278688524590163
2021-04-30,15:00,sh601616,广电电气,3.06,3.1,3.06,3.08,36555,11237316.0,0.02,0.6535947712418301
2021-05-06,15:00,sh601616,广电电气,3.06,3.15,3.06,3.11,43342,13501481.0,0.03,0.974025974025974
2021-05-07,15:00,sh601616,广电电气,3.1,3.13,3.09,3.13,29752,9278267.0,0.02,0.6430868167202572
2021-05-10,15:00,sh601616,广电电气,3.13,3.14,3.09,3.11,46154,14333711.0,-0.02,-0.6389776357827476
2021-05-11,15:00,sh601616,广电电气,3.1,3.11,3.08,3.11,42715,13208920.0,0.0,0.0
2021-05-12,15:00,sh601616,广电电气,3.1,3.17,3.09,3.16,70437,22121032.0,0.05,1.607717041800643
2021-05-13,15:00,sh601616,广电电气,3.16,3.21,3.15,3.16,54730,17407478.0,0.0,0.0
2021-05-14,15:00,sh601616,广电电气,3.16,3.19,3.15,3.18,32660,10356913.0,0.02,0.6329113924050633
2021-05-17,15:00,sh601616,广电电气,3.17,3.18,3.14,3.14,29265,9222025.0,-0.04,-1.257861635220126
2021-05-18,15:00,sh601616,广电电气,3.14,3.16,3.11,3.13,30689,9590567.0,-0.01,-0.3184713375796179
2021-05-19,15:00,sh601616,广电电气,3.11,3.15,3.1,3.11,31401,9772027.0,-0.02,-0.6389776357827476
2021-05-20,15:00,sh601616,广电电气,3.11,3.12,3.08,3.09,41461,12818346.0,-0.02,-0.6430868167202572
2021-05-21,15:00,sh601616,广电电气,3.1,3.15,3.08,3.14,48938,15243391.0,0.05,1.6181229773462782
2021-05-24,15:00,sh601616,广电电气,3.15,3.22,3.15,3.2,81062,25952752.0,0.06,1.910828025477707
2021-05-25,15:00,sh601616,广电电气,3.21,3.23,3.19,3.22,36594,11738273.0,0.02,0.625
2021-05-26,15:00,sh601616,广电电气,3.22,3.23,3.2,3.21,33925,10900335.0,-0.01,-0.3105590062111801
2021-05-27,15:00,sh601616,广电电气,3.22,3.23,3.21,3.22,31268,10068108.0,0.01,0.3115264797507788
2021-05-28,15:00,sh601616,广电电气,3.21,3.22,3.18,3.2,35101,11221182.0,-0.02,-0.6211180124223602
2021-05-31,15:00,sh601616,广电电气,3.19,3.2,3.16,3.18,37554,11926387.0,-0.02,-0.625
2021-06-01,15:00,sh601616,广电电气,3.18,3.24,3.16,3.23,48050,15407889.0,0.05,1.572327044025157
2021-06-02,15:00,sh601616,广电电气,3.21,3.23,3.2,3.21,31683,10187557.0,-0.02,-0.6191950464396285
2021-06-03,15:00,sh601616,广电电气,3.22,3.23,3.19,3.22,34823,11191772.0,0.01,0.3115264797507788
2021-06-04,15:00,sh601616,广电电气,3.21,3.23,3.18,3.19,21523,6870710.0,-0.03,-0.9316770186335404
2021-06-07,15:00,sh601616,广电电气,3.18,3.2,3.16,3.19,23837,7575377.0,0.0,0.0
2021-06-08,15:00,sh601616,广电电气,3.18,3.22,3.18,3.22,41122,13147488.0,0.03,0.9404388714733544
2021-06-09,15:00,sh601616,广电电气,3.21,3.23,3.2,3.2,21158,6787742.0,-0.02,-0.6211180124223602
2021-06-10,15:00,sh601616,广电电气,3.21,3.26,3.2,3.25,49385,15985367.0,0.05,1.5625
2021-06-11,15:00,sh601616,广电电气,3.25,3.28,3.23,3.25,57023,18563520.0,0.0,0.0
2021-06-15,15:00,sh601616,广电电气,3.26,3.27,3.21,3.22,40062,12941156.0,-0.03,-0.9230769230769232
2021-06-16,15:00,sh601616,广电电气,3.23,3.23,3.17,3.19,35027,11195432.0,-0.03,-0.9316770186335404
2021-06-17,15:00,sh601616,广电电气,3.18,3.19,3.13,3.15,37691,11912514.0,-0.04,-1.2539184952978055
2021-06-18,15:00,sh601616,广电电气,3.15,3.18,3.12,3.16,23341,7368525.0,0.01,0.3174603174603174
2021-06-21,15:00,sh601616,广电电气,3.16,3.19,3.14,3.18,22365,7089984.0,0.02,0.6329113924050633
2021-06-22,15:00,sh601616,广电电气,3.19,3.23,3.17,3.23,42009,13433309.0,0.05,1.572327044025157
2021-06-23,15:00,sh601616,广电电气,3.23,3.23,3.2,3.21,22852,7337731.0,-0.02,-0.6191950464396285
2021-06-24,15:00,sh601616,广电电气,3.2,3.32,3.2,3.29,102279,33468300.0,0.08,2.4922118380062304
2021-06-25,15:00,sh601616,广电电气,3.3,3.36,3.29,3.31,76353,25326824.0,0.02,0.60790273556231
2021-06-28,15:00,sh601616,广电电气,3.31,3.34,3.29,3.3,51631,17101536.0,-0.01,-0.3021148036253776
2021-06-29,15:00,sh601616,广电电气,3.31,3.34,3.27,3.29,58863,19472148.0,-0.01,-0.303030303030303
2021-06-30,15:00,sh601616,广电电气,3.27,3.3,3.26,3.27,40117,13150132.0,-0.02,-0.60790273556231
2021-07-01,15:00,sh601616,广电电气,3.27,3.28,3.23,3.24,35462,11521759.0,-0.03,-0.9174311926605504
2021-07-02,15:00,sh601616,广电电气,3.24,3.26,3.22,3.23,25349,8199688.0,-0.01,-0.3086419753086419
2021-07-05,15:00,sh601616,广电电气,3.22,3.28,3.21,3.28,33091,10765441.0,0.05,1.547987616099071
2021-07-06,15:00,sh601616,广电电气,3.28,3.33,3.26,3.32,50546,16700574.0,0.04,1.2195121951219512
2021-07-07,15:00,sh601616,广电电气,3.31,3.32,3.27,3.31,51906,17109890.0,-0.01,-0.3012048192771084
2021-07-08,15:00,sh601616,广电电气,3.31,3.33,3.26,3.27,41647,13670299.0,-0.04,-1.2084592145015105
2021-07-09,15:00,sh601616,广电电气,3.27,3.31,3.25,3.3,40775,13389444.0,0.03,0.9174311926605504
2021-07-12,15:00,sh601616,广电电气,3.31,3.36,3.3,3.33,71306,23814248.0,0.03,0.9090909090909092
2021-07-13,15:00,sh601616,广电电气,3.35,3.36,3.3,3.36,66917,22287288.0,0.03,0.9009009009009008
2021-07-14,15:00,sh601616,广电电气,3.35,3.37,3.32,3.33,43600,14577642.0,-0.03,-0.8928571428571428
2021-07-15,15:00,sh601616,广电电气,3.33,3.33,3.22,3.28,67340,21997888.0,-0.05,-1.5015015015015014
2021-07-16,15:00,sh601616,广电电气,3.31,3.34,3.26,3.3,84514,27871934.0,0.02,0.6097560975609756
2021-07-19,15:00,sh601616,广电电气,3.18,3.2,3.13,3.14,53771,16970988.0,-0.16,-4.848484848484849
2021-07-20,15:00,sh601616,广电电气,3.15,3.18,3.12,3.18,34617,10929093.0,0.04,1.2738853503184715
2021-07-21,15:00,sh601616,广电电气,3.18,3.21,3.16,3.17,40207,12800250.0,-0.01,-0.3144654088050315
2021-07-22,15:00,sh601616,广电电气,3.18,3.19,3.14,3.19,50864,16135767.0,0.02,0.6309148264984227
2021-07-23,15:00,sh601616,广电电气,3.17,3.17,3.08,3.1,91106,28373520.0,-0.09,-2.8213166144200628
2021-07-26,15:00,sh601616,广电电气,3.09,3.12,3.06,3.11,60103,18546992.0,0.01,0.3225806451612903
2021-07-27,15:00,sh601616,广电电气,3.09,3.2,3.08,3.13,78962,24935472.0,0.02,0.6430868167202572
2021-07-28,15:00,sh601616,广电电气,3.1,3.14,3.01,3.09,71686,22010752.0,-0.04,-1.2779552715654952
2021-07-29,15:00,sh601616,广电电气,3.08,3.14,3.08,3.13,53613,16730343.0,0.04,1.2944983818770228
2021-07-30,15:00,sh601616,广电电气,3.13,3.13,3.09,3.13,48606,15121990.0,0.0,0.0
2021-08-02,15:00,sh601616,广电电气,3.1,3.19,3.09,3.19,66665,20992796.0,0.06,1.9169329073482428
2021-08-03,15:00,sh601616,广电电气,3.18,3.28,3.16,3.24,102509,33120564.0,0.05,1.5673981191222568
2021-08-04,15:00,sh601616,广电电气,3.24,3.27,3.21,3.25,97903,31792344.0,0.01,0.3086419753086419
2021-08-05,15:00,sh601616,广电电气,3.24,3.27,3.2,3.23,82093,26486596.0,-0.02,-0.6153846153846154
2021-08-06,15:00,sh601616,广电电气,3.22,3.29,3.2,3.28,101354,33017872.0,0.05,1.547987616099071
2021-08-09,15:00,sh601616,广电电气,3.28,3.31,3.23,3.29,81104,26532928.0,0.01,0.3048780487804878
2021-08-10,15:00,sh601616,广电电气,3.3,3.34,3.26,3.3,142478,46922508.0,0.01,0.303951367781155
2021-08-11,15:00,sh601616,广电电气,3.31,3.4,3.3,3.38,195566,65595848.0,0.08,2.4242424242424243
2021-08-12,15:00,sh601616,广电电气,3.38,3.57,3.37,3.49,342033,119399048.0,0.11,3.2544378698224854
2021-08-13,15:00,sh601616,广电电气,3.5,3.56,3.43,3.47,156420,54550700.0,-0.02,-0.5730659025787965
2021-08-16,15:00,sh601616,广电电气,3.47,3.48,3.39,3.43,148291,50836636.0,-0.04,-1.1527377521613833
2021-08-17,15:00,sh601616,广电电气,3.39,3.4,3.25,3.28,181138,60143916.0,-0.15,-4.373177842565598
2021-08-18,15:00,sh601616,广电电气,3.28,3.3,3.23,3.27,103150,33661440.0,-0.01,-0.3048780487804878
2021-08-19,15:00,sh601616,广电电气,3.26,3.3,3.21,3.23,80614,26152388.0,-0.04,-1.2232415902140672
2021-08-20,15:00,sh601616,广电电气,3.22,3.23,3.16,3.21,97725,31183404.0,-0.02,-0.6191950464396285
2021-08-23,15:00,sh601616,广电电气,3.2,3.33,3.2,3.3,132145,43339672.0,0.09,2.803738317757009
2021-08-24,15:00,sh601616,广电电气,3.31,3.34,3.24,3.26,86523,28444964.0,-0.04,-1.2121212121212122
2021-08-25,15:00,sh601616,广电电气,3.26,3.31,3.22,3.3,86379,28310088.0,0.04,1.2269938650306749
2021-08-26,15:00,sh601616,广电电气,3.3,3.33,3.27,3.28,80388,26562372.0,-0.02,-0.6060606060606061
2021-08-27,15:00,sh601616,广电电气,3.28,3.29,3.21,3.24,92957,30099252.0,-0.04,-1.2195121951219512
2021-08-30,15:00,sh601616,广电电气,3.25,3.27,3.2,3.23,67041,21685548.0,-0.01,-0.3086419753086419
2021-08-31,15:00,sh601616,广电电气,3.21,3.23,3.18,3.22,76279,24426500.0,-0.01,-0.3095975232198142
2021-09-01,15:00,sh601616,广电电气,3.23,3.25,3.17,3.2,115189,36929376.0,-0.02,-0.6211180124223602
2021-09-02,15:00,sh601616,广电电气,3.19,3.34,3.18,3.33,174541,57076048.0,0.13,4.0625
2021-09-03,15:00,sh601616,广电电气,3.33,3.47,3.31,3.37,212051,72043000.0,0.04,1.2012012012012012
2021-09-06,15:00,sh601616,广电电气,3.37,3.43,3.34,3.37,106436,35975144.0,0.0,0.0
2021-09-07,15:00,sh601616,广电电气,3.39,3.41,3.36,3.4,104257,35289632.0,0.03,0.8902077151335311
2021-09-08,15:00,sh601616,广电电气,3.4,3.49,3.38,3.49,182722,63036320.0,0.09,2.647058823529412
2021-09-09,15:00,sh601616,广电电气,3.48,3.53,3.46,3.49,151839,52989532.0,0.0,0.0
2021-09-10,15:00,sh601616,广电电气,3.49,3.58,3.46,3.51,172090,60532808.0,0.02,0.5730659025787965
2021-09-13,15:00,sh601616,广电电气,3.49,3.61,3.48,3.56,128911,45815140.0,0.05,1.4245014245014245
2021-09-14,15:00,sh601616,广电电气,3.55,3.64,3.43,3.45,174870,61174052.0,-0.11,-3.089887640449438
2021-09-15,15:00,sh601616,广电电气,3.49,3.68,3.42,3.62,276664,99182144.0,0.17,4.9275362318840585
2021-09-16,15:00,sh601616,广电电气,3.63,3.65,3.48,3.5,181050,64493036.0,-0.12,-3.314917127071823
2021-09-17,15:00,sh601616,广电电气,3.54,3.56,3.37,3.48,152744,52873472.0,-0.02,-0.5714285714285714
2021-09-22,15:00,sh601616,广电电气,3.45,3.63,3.38,3.62,175980,62332608.0,0.14,4.022988505747127
2021-09-23,15:00,sh601616,广电电气,3.64,3.73,3.58,3.71,285333,104719112.0,0.09,2.4861878453038675
2021-09-24,15:00,sh601616,广电电气,3.71,3.75,3.58,3.6,179046,65180688.0,-0.11,-2.964959568733154
2021-09-27,15:00,sh601616,广电电气,3.61,3.68,3.46,3.54,178970,63648476.0,-0.06,-1.6666666666666667
2021-09-28,15:00,sh601616,广电电气,3.51,3.58,3.44,3.53,124929,43692968.0,-0.01,-0.2824858757062147
2021-09-29,15:00,sh601616,广电电气,3.47,3.88,3.42,3.88,692979,265785920.0,0.35,9.91501416430595
2021-09-30,15:00,sh601616,广电电气,4.27,4.27,3.88,3.91,1421451,582359872.0,0.03,0.7731958762886598
2021-10-08,15:00,sh601616,广电电气,3.96,4.04,3.63,3.72,940627,355467840.0,-0.19,-4.859335038363171
2021-10-11,15:00,sh601616,广电电气,3.67,3.72,3.45,3.59,712632,252619360.0,-0.13,-3.494623655913978
2021-10-12,15:00,sh601616,广电电气,3.54,3.66,3.46,3.66,473940,168579664.0,0.07,1.9498607242339836
2021-10-13,15:00,sh601616,广电电气,3.63,3.63,3.5,3.58,362489,129570928.0,-0.08,-2.185792349726776
2021-10-14,15:00,sh601616,广电电气,3.54,3.6,3.51,3.54,259357,92107872.0,-0.04,-1.11731843575419
2021-10-15,15:00,sh601616,广电电气,3.55,3.55,3.3,3.31,405880,137059776.0,-0.23,-6.497175141242938
2021-10-18,15:00,sh601616,广电电气,3.3,3.38,3.26,3.36,193175,64396964.0,0.05,1.5105740181268883
2021-10-19,15:00,sh601616,广电电气,3.34,3.4,3.32,3.36,172308,57953368.0,0.0,0.0
2021-10-20,15:00,sh601616,广电电气,3.34,3.41,3.31,3.38,189494,63788504.0,0.02,0.5952380952380952
2021-10-21,15:00,sh601616,广电电气,3.39,3.4,3.3,3.31,175374,58417036.0,-0.07,-2.071005917159764
2021-10-22,15:00,sh601616,广电电气,3.32,3.33,3.11,3.14,270655,87320080.0,-0.17,-5.13595166163142
2021-10-25,15:00,sh601616,广电电气,3.14,3.24,3.12,3.21,238513,76347528.0,0.07,2.229299363057325
2021-10-26,15:00,sh601616,广电电气,3.21,3.3,3.21,3.22,148812,48397720.0,0.01,0.3115264797507788
2021-10-27,15:00,sh601616,广电电气,3.19,3.31,3.17,3.24,162628,52549000.0,0.02,0.6211180124223602
2021-10-28,15:00,sh601616,广电电气,3.21,3.23,3.1,3.14,166366,52549692.0,-0.1,-3.08641975308642
2021-10-29,15:00,sh601616,广电电气,3.15,3.28,3.13,3.27,188227,60503216.0,0.13,4.140127388535031
2021-11-01,15:00,sh601616,广电电气,3.27,3.31,3.24,3.28,152223,49909320.0,0.01,0.3058103975535168
2021-11-02,15:00,sh601616,广电电气,3.27,3.33,3.17,3.2,165424,53734060.0,-0.08,-2.4390243902439024
2021-11-03,15:00,sh601616,广电电气,3.21,3.22,3.16,3.22,114906,36662064.0,0.02,0.625
2021-11-04,15:00,sh601616,广电电气,3.22,3.45,3.22,3.4,340112,114103504.0,0.18,5.590062111801243
2021-11-05,15:00,sh601616,广电电气,3.39,3.45,3.31,3.33,179652,60348184.0,-0.07,-2.0588235294117645
2021-11-08,15:00,sh601616,广电电气,3.33,3.34,3.27,3.32,137166,45241112.0,-0.01,-0.3003003003003003
2021-11-09,15:00,sh601616,广电电气,3.32,3.38,3.3,3.32,133995,44563660.0,0.0,0.0
2021-11-10,15:00,sh601616,广电电气,3.3,3.33,3.25,3.32,127354,41836420.0,0.0,0.0
2021-11-11,15:00,sh601616,广电电气,3.32,3.35,3.31,3.33,126025,41970776.0,0.01,0.3012048192771084
2021-11-12,15:00,sh601616,广电电气,3.32,3.4,3.32,3.39,140762,47489700.0,0.06,1.8018018018018016
2021-11-15,15:00,sh601616,广电电气,3.39,3.5,3.38,3.46,176473,61065688.0,0.07,2.0648967551622417
2021-11-16,15:00,sh601616,广电电气,3.46,3.48,3.4,3.42,141539,48652032.0,-0.04,-1.1560693641618496
2021-11-17,15:00,sh601616,广电电气,3.41,3.71,3.41,3.62,366794,130946912.0,0.2,5.847953216374268
2021-11-18,15:00,sh601616,广电电气,3.58,3.65,3.56,3.57,278462,100398144.0,-0.05,-1.3812154696132597
2021-11-19,15:00,sh601616,广电电气,3.54,3.65,3.54,3.65,195137,70424352.0,0.08,2.2408963585434174
2021-11-22,15:00,sh601616,广电电气,3.65,3.67,3.56,3.6,167053,60113776.0,-0.05,-1.36986301369863
2021-11-23,15:00,sh601616,广电电气,3.61,3.65,3.58,3.62,138487,50137604.0,0.02,0.5555555555555556
2021-11-24,15:00,sh601616,广电电气,3.62,3.62,3.55,3.61,128226,46011364.0,-0.01,-0.2762430939226519
2021-11-25,15:00,sh601616,广电电气,3.6,3.68,3.53,3.64,180758,65285928.0,0.03,0.8310249307479225
2021-11-26,15:00,sh601616,广电电气,3.64,3.65,3.55,3.59,128143,45926800.0,-0.05,-1.3736263736263736
2021-11-29,15:00,sh601616,广电电气,3.54,3.67,3.52,3.61,174990,63232100.0,0.02,0.5571030640668524
2021-11-30,15:00,sh601616,广电电气,3.67,3.74,3.61,3.64,183463,67486232.0,0.03,0.8310249307479225
2021-12-01,15:00,sh601616,广电电气,3.62,3.66,3.59,3.65,125440,45513376.0,0.01,0.2747252747252747
2021-12-02,15:00,sh601616,广电电气,3.63,3.69,3.58,3.59,112000,40513500.0,-0.06,-1.643835616438356
2021-12-03,15:00,sh601616,广电电气,3.59,3.64,3.56,3.6,97358,35020176.0,0.01,0.2785515320334262
2021-12-06,15:00,sh601616,广电电气,3.63,3.63,3.51,3.51,127320,45367216.0,-0.09,-2.5
2021-12-07,15:00,sh601616,广电电气,3.59,3.59,3.42,3.45,144925,50268468.0,-0.06,-1.7094017094017095
2021-12-08,15:00,sh601616,广电电气,3.47,3.54,3.44,3.51,126653,44305996.0,0.06,1.7391304347826086
2021-12-09,15:00,sh601616,广电电气,3.5,3.52,3.46,3.47,125295,43601064.0,-0.04,-1.1396011396011396
2021-12-10,15:00,sh601616,广电电气,3.47,3.48,3.42,3.43,115893,39878060.0,-0.04,-1.1527377521613833
2021-12-13,15:00,sh601616,广电电气,3.43,3.51,3.41,3.47,134665,46559392.0,0.04,1.1661807580174928
2021-12-14,15:00,sh601616,广电电气,3.46,3.64,3.44,3.57,251282,89481848.0,0.1,2.881844380403458
2021-12-15,15:00,sh601616,广电电气,3.56,3.84,3.56,3.73,442711,164426720.0,0.16,4.481792717086835
2021-12-16,15:00,sh601616,广电电气,3.76,3.83,3.71,3.75,310913,116466792.0,0.02,0.5361930294906166
2021-12-17,15:00,sh601616,广电电气,3.74,3.93,3.72,3.84,331183,127027064.0,0.09,2.4
2021-12-20,15:00,sh601616,广电电气,3.87,4.09,3.83,3.84,456432,179087648.0,0.0,0.0
2021-12-21,15:00,sh601616,广电电气,3.87,3.91,3.8,3.89,355947,137603584.0,0.05,1.3020833333333337
2021-12-22,15:00,sh601616,广电电气,3.88,3.94,3.84,3.88,237678,92097592.0,-0.01,-0.2570694087403599
2021-12-23,15:00,sh601616,广电电气,3.88,3.9,3.78,3.88,223660,85743576.0,0.0,0.0
2021-12-24,15:00,sh601616,广电电气,3.84,3.87,3.74,3.8,189772,71753416.0,-0.08,-2.061855670103093
2021-12-27,15:00,sh601616,广电电气,3.77,3.87,3.69,3.79,212620,79822120.0,-0.01,-0.2631578947368421
2021-12-28,15:00,sh601616,广电电气,3.76,3.78,3.69,3.73,143110,53204524.0,-0.06,-1.58311345646438
2021-12-29,15:00,sh601616,广电电气,3.74,3.77,3.67,3.72,134497,50006204.0,-0.01,-0.2680965147453083
2021-12-30,15:00,sh601616,广电电气,3.71,3.77,3.7,3.73,122232,45624320.0,0.01,0.2688172043010753
2021-12-31,15:00,sh601616,广电电气,3.74,3.87,3.73,3.78,171943,65404656.0,0.05,1.3404825737265416
